{
  "intents": [
    {
      "triggerQueries": [
        "Skype 스카이프 유지 계속 사용",
        "Skype 스카이프 Teams 팀즈 전환 원하지 원치 않아",
        "Teams 팀즈 전환 이유",
        "Skype 스카이프 Teams 팀즈 차이",
        "Skype 스카이프 Teams 팀즈 장점 좋은 것",
        "SFB Teams 팀즈 전환",
        "skype 스카이프 어떻게 되나",
        "Skype 스카이프 익숙",
        "Skype for Business 에서 Teams 로",
        "Skype for Business Teams 팀즈 전환 무엇 알아야",
        "s4b 익숙",
        "Skype for Business Teams 팀즈 전환"
      ],
      "dialogId": "new_topic_7d842b80d49145ecab7d6a2f3570f385",
      "isTriggeringEnabled": true,
      "id": "new_topic_7d842b80d49145ecab7d6a2f3570f385",
      "displayName": "Business용 Skype에서 Teams로 전환하고 있습니까?",
      "description": "https://adoptbotv2kb.blob.core.windows.net/%24web/adoptbot2021-Korean.docx",
      "createdTime": "2021-03-18T03:39:18.7446546Z",
      "updatedTime": "2021-04-09T06:39:04.4511273Z",
      "createdUserId": "e47109d8-0300-4e59-a90d-56bb29886c9e",
      "updatedUserId": "e47109d8-0300-4e59-a90d-56bb29886c9e"
    }
  ],
  "dialogs": [
    {
      "rootNodeId": "5793e080-19ad-498e-8395-fc7c5fbcbae5",
      "messageNodes": [
        {
          "botMessageId": "cc2d28df-1085-4db8-bcf0-0d1347ed36c0",
          "nodeType": "BotMessageNode",
          "id": "d6c09edf-32f5-4f21-af2b-76dbfb7d1d0c",
          "defaultTargetNodeId": "5ebc486f-2e61-4b78-bc00-9b0720eb4d7b"
        },
        {
          "botMessageId": "8400f040-af86-4309-b3bf-58d2ad0d0d0b",
          "nodeType": "BotMessageNode",
          "id": "5793e080-19ad-498e-8395-fc7c5fbcbae5",
          "defaultTargetNodeId": "d6c09edf-32f5-4f21-af2b-76dbfb7d1d0c"
        },
        {
          "botMessageId": "49629a21-4487-4579-870e-7b20179916c6",
          "nodeType": "BotMessageNode",
          "id": "5ebc486f-2e61-4b78-bc00-9b0720eb4d7b",
          "defaultTargetNodeId": "ec7361aa-1c01-4b13-a9fe-9ea9d4fa7770"
        }
      ],
      "dialogChangeNodes": [
        {
          "targetDialogId": "new_topic_2bf23930c1d146129dfe38bacb94ccd0_aeabea4d071f415c8c107e1cb7af5424_assumedsuccess",
          "nodeType": "DialogChangeNode",
          "id": "ec7361aa-1c01-4b13-a9fe-9ea9d4fa7770"
        }
      ],
      "id": "new_topic_7d842b80d49145ecab7d6a2f3570f385",
      "displayName": "Dialog for Business용 Skype에서 Teams로 전환하고 있습니까?",
      "createdTime": "2021-03-18T03:39:18.7446546Z",
      "updatedTime": "2021-04-09T06:38:57.5313541Z",
      "createdUserId": "e47109d8-0300-4e59-a90d-56bb29886c9e",
      "updatedUserId": "e47109d8-0300-4e59-a90d-56bb29886c9e"
    }
  ],
  "botMessages": [
    {
      "channelContent": {
        "web": {
          "contentFormat": "Markdown",
          "content": "또한 Teams는 다음을 제공합니다 ...\n\n*   프로젝트, 대화, 파일 및 회의를 한 곳에서 추적하기 위한 [팀과 채널.](https://support.microsoft.com/ko-kr/office/learn-about-teams-and-channels-5e4fd702-85f5-48d7-ae14-98821a1f90d3)\n*   [Office 앱 통합](https://support.microsoft.com/ko-kr/office/five-things-to-know-about-apps-in-microsoft-teams-747492ee-7cdd-4115-a993-8c7e7f98a3d0) .\n*   사용자 정의 가능한 [앱 및 봇.](https://support.microsoft.com/ko-kr/office/five-things-to-know-about-apps-in-microsoft-teams-747492ee-7cdd-4115-a993-8c7e7f98a3d0)(저처럼 🙂)\n*   [누군가의 주의를 끌기](https://support.microsoft.com/ko-kr/office/use-mentions-to-get-someone-s-attention-in-teams-eb4f059d-320e-454e-b111-03361d4d6855) 위한 @멘션"
        }
      },
      "id": "cc2d28df-1085-4db8-bcf0-0d1347ed36c0",
      "createdTime": "2021-03-18T03:39:18.7446546Z",
      "updatedTime": "2021-03-18T03:39:18.7446546Z",
      "createdUserId": "e47109d8-0300-4e59-a90d-56bb29886c9e",
      "updatedUserId": "e47109d8-0300-4e59-a90d-56bb29886c9e"
    },
    {
      "channelContent": {
        "web": {
          "contentFormat": "Markdown",
          "content": "**Skype for Business에서 Microsoft Teams로** 전환할 때 익숙한 기능이 많이 있을 뿐만 아니라, 여러분이 즐길 수 있는 몇 가지 새로운 기능도 찾을 수 있습니다!"
        }
      },
      "id": "8400f040-af86-4309-b3bf-58d2ad0d0d0b",
      "createdTime": "2021-04-09T06:37:15.116Z",
      "updatedTime": "2021-04-09T06:37:15.116Z",
      "createdUserId": "user-0",
      "updatedUserId": "user-0"
    },
    {
      "channelContent": {
        "web": {
          "contentFormat": "Markdown",
          "content": "이 내용이 도움이 되는 경우, [Skype for Business에서 Team로 전환하기 위한](https://support.microsoft.com/ko-kr/office/switch-to-teams-from-skype-for-business-6295a0ae-4e8e-4bba-a100-64cc951cc964) 전체 가이드가 있습니다."
        }
      },
      "id": "49629a21-4487-4579-870e-7b20179916c6",
      "createdTime": "2021-04-09T06:38:31.634Z",
      "updatedTime": "2021-04-09T06:38:31.634Z",
      "createdUserId": "user-0",
      "updatedUserId": "user-0"
    }
  ],
  "createdUtc": "0001-01-01T00:00:00Z"
}