{
  "intents": [
    {
      "triggerQueries": [
        "Partecipare come ospite senza utilizzare Teams?",
        "come fanno le persone esterne a entrare a far parte di un team?",
        "È difficile entrare a far parte di un Team come ospite?",
        "attivare un invito ospite a un Team",
        "Gli ospiti possono entrare a far parte di un Team dal proprio telefono?",
        "qual è l'esperienza dell'ospite quando entra a far parte di un team?",
        "In che modo una persona di un'altra organizzazione si unisce a un team?",
        "In che modo gli ospiti si uniscono a un team?",
        "In che modo un ospite si unisce a un Team?"
      ],
      "dialogId": "new_topic_3a4806a296e043aa9d8bf2c60fc9a130",
      "isTriggeringEnabled": true,
      "id": "new_topic_3a4806a296e043aa9d8bf2c60fc9a130",
      "displayName": "In che modo un ospite si unisce a un Team?",
      "createdTime": "2022-04-28T22:58:16.5287689Z",
      "updatedTime": "2022-04-28T22:58:16.5287689Z",
      "createdUserId": "9451fc51-e00d-4445-8ff9-efb70866dc3b",
      "updatedUserId": "9451fc51-e00d-4445-8ff9-efb70866dc3b"
    }
  ],
  "dialogs": [
    {
      "rootNodeId": "5ccf7de5-25d5-4db0-810e-4b0e3646184d",
      "messageNodes": [
        {
          "botMessageId": "3797af6b-9ac5-47ed-8c98-5ac9ccea8d87",
          "nodeType": "BotMessageNode",
          "id": "5ccf7de5-25d5-4db0-810e-4b0e3646184d",
          "defaultTargetNodeId": "dde5f81b-f372-4a81-9658-e02b92cc593c"
        },
        {
          "botMessageId": "9c7a7213-6540-4730-b7e0-3860b763eb0f",
          "nodeType": "BotMessageNode",
          "id": "dde5f81b-f372-4a81-9658-e02b92cc593c",
          "defaultTargetNodeId": "72161421-10d3-41c5-a56f-62cddb793473"
        }
      ],
      "dialogChangeNodes": [
        {
          "targetDialogId": "new_topic_f98a24608ee04cb998de3e3e32703d5b_aeabea4d071f415c8c107e1cb7af5424_assumedsuccess",
          "nodeType": "DialogChangeNode",
          "id": "72161421-10d3-41c5-a56f-62cddb793473"
        }
      ],
      "id": "new_topic_3a4806a296e043aa9d8bf2c60fc9a130",
      "displayName": "Senza titolo",
      "createdTime": "2022-04-28T22:58:16.5287689Z",
      "updatedTime": "2022-04-28T22:58:16.5287689Z",
      "createdUserId": "9451fc51-e00d-4445-8ff9-efb70866dc3b",
      "updatedUserId": "9451fc51-e00d-4445-8ff9-efb70866dc3b"
    }
  ],
  "botMessages": [
    {
      "channelContent": {
        "web": {
          "contentFormat": "Markdown",
          "content": "Gli ospiti ricevono un invito e-mail di benvenuto che include alcune informazioni sull'adesione a Teams e [sull'esperienza dell'ospite..](https://docs.microsoft.com/it-it/MicrosoftTeams/guest-experience)"
        }
      },
      "id": "3797af6b-9ac5-47ed-8c98-5ac9ccea8d87",
      "createdTime": "2022-04-28T22:47:18.19Z",
      "updatedTime": "2022-04-28T22:47:18.19Z",
      "createdUserId": "user-0",
      "updatedUserId": "user-0"
    },
    {
      "channelContent": {
        "web": {
          "contentFormat": "Markdown",
          "content": "Puoi condividere o guardare questa [guida video su come partecipare come ospite](https://support.microsoft.com/it-it/office/partecipare-a-una-riunione-di-teams-078e9868-f1aa-4414-8bb9-ee88e9236ee4) ."
        }
      },
      "id": "9c7a7213-6540-4730-b7e0-3860b763eb0f",
      "createdTime": "2022-04-28T22:47:22.893Z",
      "updatedTime": "2022-04-28T22:47:22.893Z",
      "createdUserId": "user-0",
      "updatedUserId": "user-0"
    }
  ]
}