{
  "intents": [
    {
      "endUserOverrideName": "遠距及協同合作",
      "triggerQueries": [
        "Teams 除了開會還可以做什麼",
        "提昇生產力",
        "協同合作功能",
        "Teams協同合作是什麼?",
        "如何從任何地方都能遠距工作? (M365)",
        "使用Office 365遠距工作",
        "無論身在何處，您如何遠距工作?",
        "使用Microsoft 365在家工作",
        "當我在家工作時，我能使用什麼工具?",
        "Teams如何連接到Microsoft 365?",
        "使用Microsoft 365遠距工作?",
        "如何從任何地方都能遠距工作?",
        "How to work remotely from anywhere (M365)?",
        "remote work with office 365",
        "How do you work remotely regardless of location?",
        "work from home with Microsoft 365",
        "What tools can I use when I work from home?",
        "how teams is connected to Microsoft 365",
        "Work remotely with Microsoft 365?",
        "How to Remote work from anywhere?"
      ],
      "dialogId": "new_topic_e036f0eac40640109a1d28787e7e3138",
      "isTriggeringEnabled": true,
      "id": "new_topic_e036f0eac40640109a1d28787e7e3138",
      "displayName": "遠距工作/協同作作",
      "description": "https://adoptbotv2kb.blob.core.windows.net/%24web/AdoptBot2021-English.docx",
      "createdTime": "2021-11-17T13:46:41.5305507Z",
      "updatedTime": "2021-11-19T05:05:15.5084173Z",
      "createdUserId": "9c968d43-f7c2-4e28-895c-1f6bcefcd8be",
      "updatedUserId": "9c968d43-f7c2-4e28-895c-1f6bcefcd8be"
    }
  ],
  "dialogs": [
    {
      "rootNodeId": "2b559ae9-c4f2-4875-b411-8f3acac1ae67",
      "messageNodes": [
        {
          "botMessageId": "9b169a42-29fc-4897-8316-4afcade57401",
          "nodeType": "BotMessageNode",
          "id": "2b559ae9-c4f2-4875-b411-8f3acac1ae67",
          "defaultTargetNodeId": "e945898c-3f44-4188-a156-6090096e86c5"
        }
      ],
      "dialogChangeNodes": [
        {
          "targetDialogId": "new_topic_e2d1671328b941dbb60fa7150059b1ee_aeabea4d071f415c8c107e1cb7af5424_assumedsuccess",
          "nodeType": "DialogChangeNode",
          "id": "e945898c-3f44-4188-a156-6090096e86c5"
        }
      ],
      "id": "new_topic_e036f0eac40640109a1d28787e7e3138",
      "displayName": "Dialog for 如何從任何地方都能遠距工作?",
      "createdTime": "2021-11-17T13:46:41.5305507Z",
      "updatedTime": "2021-11-18T17:25:57.5368004Z",
      "createdUserId": "9c968d43-f7c2-4e28-895c-1f6bcefcd8be",
      "updatedUserId": "9c968d43-f7c2-4e28-895c-1f6bcefcd8be"
    }
  ],
  "botMessages": [
    {
      "channelContent": {
        "web": {
          "contentFormat": "Markdown",
          "content": "如何使用所有 Microsoft 365功能（包括 Teams）中能更好地協同合作，請參考 :\n\n[使用 Microsoft 365 隨時隨地共同合作](https://support.microsoft.com/zh-tw/office/%E4%BD%BF%E7%94%A8-microsoft-365-%E9%9A%A8%E6%99%82%E9%9A%A8%E5%9C%B0%E5%85%B1%E5%90%8C%E5%90%88%E4%BD%9C-ac05a41e-0b49-4420-9ebc-190ee4e744f4?ui=en-us&rs=en-us&ad=us)"
        }
      },
      "id": "9b169a42-29fc-4897-8316-4afcade57401",
      "createdTime": "2021-11-17T13:46:41.5305507Z",
      "updatedTime": "2021-11-17T13:46:41.5305507Z",
      "createdUserId": "9c968d43-f7c2-4e28-895c-1f6bcefcd8be",
      "updatedUserId": "9c968d43-f7c2-4e28-895c-1f6bcefcd8be"
    }
  ]
}