{
  "intents": [
    {
      "endUserOverrideName": "Limiter la création d'équipes",
      "triggerQueries": [
        "Peut-on limiter qui peut créer des équipes?",
        "Limiter la création de nouvelles équipes ?",
        "Limiter qui peut créer des équipes ?",
        "Gérer qui peut créer des équipes",
        "Limiter la création d’équipe au sein de votre organisation",
        "processus d’approbation pour créer des équipes",
        "Restrictions pour la création d’une équipe",
        "Empêcher de créer de nouvelles équipes",
        "Empêcher les utilisateurs de créer des équipes",
        "désactiver la création de nouvelles équipes"
      ],
      "dialogId": "new_topic_dac0a9c82fd94366896d2eb7ece10f52",
      "isTriggeringEnabled": true,
      "id": "new_topic_dac0a9c82fd94366896d2eb7ece10f52",
      "displayName": "Peut-on limiter qui peut créer des équipes?",
      "description": "",
      "createdTime": "2021-01-13T22:20:51.2381463Z",
      "updatedTime": "2021-05-24T21:56:57.2263935Z",
      "createdUserId": "f04d3cd9-b73d-4ba9-a1ed-9319eba29b21",
      "updatedUserId": "a2c4aa2c-d830-41eb-bcf4-467a2c7e1279"
    }
  ],
  "dialogs": [
    {
      "rootNodeId": "d2518403-f549-48e6-b7bf-9b00304b9f77",
      "messageNodes": [
        {
          "botMessageId": "c7d081da-23f2-41f0-89cc-29d98c3f7d79",
          "nodeType": "BotMessageNode",
          "id": "d2518403-f549-48e6-b7bf-9b00304b9f77",
          "defaultTargetNodeId": "115da547-fac0-4188-a25a-7a9c10207a83"
        },
        {
          "botMessageId": "2c32c911-d6ec-4fb7-b0b8-55931ea5e4c6",
          "nodeType": "BotMessageNode",
          "id": "4d860839-4416-4569-b6e5-6eadb0533a66",
          "defaultTargetNodeId": "9b17cedf-16c0-4adb-a236-2b11bfa04c94"
        },
        {
          "botMessageId": "e6a7d249-dcf1-4eb0-87f5-78a784bcdb61",
          "nodeType": "BotMessageNode",
          "id": "9b17cedf-16c0-4adb-a236-2b11bfa04c94",
          "defaultTargetNodeId": "83283457-a955-49a9-ad24-829106ed0128"
        },
        {
          "botMessageId": "0d94a6be-89b9-448c-8222-b978c3bc8846",
          "nodeType": "BotMessageNode",
          "id": "83283457-a955-49a9-ad24-829106ed0128",
          "defaultTargetNodeId": "e7c91a1e-2206-44ab-9e18-34146be98ada"
        },
        {
          "botMessageId": "05ec6e65-ac3b-4640-a9a1-909554f7a086",
          "nodeType": "BotMessageNode",
          "id": "115da547-fac0-4188-a25a-7a9c10207a83",
          "defaultTargetNodeId": "4d860839-4416-4569-b6e5-6eadb0533a66"
        }
      ],
      "dialogChangeNodes": [
        {
          "targetDialogId": "new_topic_eac3f49c99664313a9d9dc19d80a79a2_aeabea4d071f415c8c107e1cb7af5424_assumedsuccess",
          "nodeType": "DialogChangeNode",
          "id": "e7c91a1e-2206-44ab-9e18-34146be98ada"
        }
      ],
      "id": "new_topic_dac0a9c82fd94366896d2eb7ece10f52",
      "displayName": "Dialog for Can we limit who can create Teams?",
      "createdTime": "2021-01-13T22:20:51.2381463Z",
      "updatedTime": "2021-05-24T21:57:57.9443654Z",
      "createdUserId": "f04d3cd9-b73d-4ba9-a1ed-9319eba29b21",
      "updatedUserId": "a2c4aa2c-d830-41eb-bcf4-467a2c7e1279"
    }
  ],
  "botMessages": [
    {
      "channelContent": {
        "web": {
          "contentFormat": "Markdown",
          "content": "_Ce sujet est conçu pour les administrateurs._"
        }
      },
      "id": "c7d081da-23f2-41f0-89cc-29d98c3f7d79",
      "createdTime": "2021-01-13T22:20:51.2381463Z",
      "updatedTime": "2021-01-13T22:20:51.2381463Z",
      "createdUserId": "f04d3cd9-b73d-4ba9-a1ed-9319eba29b21",
      "updatedUserId": "f04d3cd9-b73d-4ba9-a1ed-9319eba29b21"
    },
    {
      "channelContent": {
        "web": {
          "contentFormat": "Markdown",
          "content": "Les organisations peuvent définir des restrictions, limiter la création de nouvelles équipes et donc la création de nouveaux groupes Microsoft 365, en déléguant les droits de création et de gestion de groupes à un ensemble d’utilisateurs."
        }
      },
      "id": "2c32c911-d6ec-4fb7-b0b8-55931ea5e4c6",
      "createdTime": "2021-01-27T20:16:03.715Z",
      "updatedTime": "2021-01-27T20:16:03.715Z",
      "createdUserId": "user-0",
      "updatedUserId": "user-0"
    },
    {
      "channelContent": {
        "web": {
          "contentFormat": "Markdown",
          "content": "Pour la procédure, consultez l'article [Gérer les personnes autorisées à créer des groupes Microsoft 365.](https://docs.microsoft.com/fr-fr/microsoft-365/solutions/manage-creation-of-groups?view=o365-worldwide)"
        }
      },
      "id": "e6a7d249-dcf1-4eb0-87f5-78a784bcdb61",
      "createdTime": "2021-01-27T20:16:58.755Z",
      "updatedTime": "2021-01-27T20:16:58.755Z",
      "createdUserId": "user-0",
      "updatedUserId": "user-0"
    },
    {
      "channelContent": {
        "web": {
          "contentFormat": "Markdown",
          "content": "💡_Astuce: Consultez_ [_l’application Teams « Demander une équipe »,_](https://docs.microsoft.com/fr-fr/microsoftteams/platform/samples/app-templates#request-a-team) _un des nombreux modèles d’application Teams gratuits._"
        }
      },
      "id": "0d94a6be-89b9-448c-8222-b978c3bc8846",
      "createdTime": "2021-01-27T20:17:05.372Z",
      "updatedTime": "2021-01-27T20:17:05.372Z",
      "createdUserId": "user-0",
      "updatedUserId": "user-0"
    },
    {
      "channelContent": {
        "web": {
          "contentFormat": "Markdown",
          "content": "Par défaut, tous les utilisateurs avec une boîte aux lettres Exchange Online ont la permission de créer des groupes Microsoft 365 et donc une équipe dans Microsoft Teams."
        }
      },
      "id": "05ec6e65-ac3b-4640-a9a1-909554f7a086",
      "createdTime": "2021-01-27T20:20:53.31Z",
      "updatedTime": "2021-01-27T20:20:53.31Z",
      "createdUserId": "user-0",
      "updatedUserId": "user-0"
    }
  ]
}