{
  "intents": [
    {
      "triggerQueries": [
        "Auf welchen Betriebssystemen kann ich Live-Events ausführen?",
        "Systemanforderungen für Teams Live Events?",
        "Systemspezifikationen für Live-Events",
        "Was sind die Systemanforderungen für Teams Live Events?",
        "Live Event Systemanforderungen?"
      ],
      "dialogId": "new_topic_54e76f2cf0f8464fafe12522c7886ef2",
      "isTriggeringEnabled": true,
      "id": "new_topic_54e76f2cf0f8464fafe12522c7886ef2",
      "displayName": "Live Event Systemanforderungen?",
      "description": "",
      "createdTime": "2021-04-19T08:17:31.5263461Z",
      "updatedTime": "2021-04-19T08:17:31.5263461Z",
      "createdUserId": "d4c65e50-fb5c-4311-830a-05b59a11dd48"
    }
  ],
  "dialogs": [
    {
      "rootNodeId": "083c0e97-ab94-488c-9665-3e6cf766f398",
      "messageNodes": [
        {
          "botMessageId": "69fc3275-8173-4488-b0c1-34880861e3a8",
          "nodeType": "BotMessageNode",
          "id": "083c0e97-ab94-488c-9665-3e6cf766f398",
          "defaultTargetNodeId": "79596ff8-a3fc-41fe-b323-a3aaef421f48"
        }
      ],
      "dialogChangeNodes": [
        {
          "targetDialogId": "new_topic_30867099f4b543d3b8543a85c22c3418_aeabea4d071f415c8c107e1cb7af5424_assumedsuccess",
          "nodeType": "DialogChangeNode",
          "id": "79596ff8-a3fc-41fe-b323-a3aaef421f48"
        }
      ],
      "id": "new_topic_54e76f2cf0f8464fafe12522c7886ef2",
      "displayName": "Dialog for Live Event Systemanforderungen?",
      "createdTime": "2021-04-19T08:17:31.5263461Z",
      "updatedTime": "2021-04-19T08:19:36.8805961Z",
      "createdUserId": "d4c65e50-fb5c-4311-830a-05b59a11dd48",
      "updatedUserId": "d4c65e50-fb5c-4311-830a-05b59a11dd48"
    }
  ],
  "botMessages": [
    {
      "channelContent": {
        "web": {
          "contentFormat": "Markdown",
          "content": "*   **Unterstützte Betriebssysteme:**  \n    Windows 7 und höher (32-Bit und 64-Bit), macOS 10.10 und höher.\n*   **Unterstützte mobile Betriebssysteme:**  \n    Android 4.4 und höher, iOS 10 und höher\n*   **Unterstützte Browser:**  \n    Microsoft Edge RS2 und höher, Chrome (neueste 3 Versionen), Firefox (neueste 3 Versionen), Internet Explorer 11, Safari."
        }
      },
      "id": "69fc3275-8173-4488-b0c1-34880861e3a8",
      "createdTime": "2021-04-19T08:17:31.5263461Z",
      "updatedTime": "2021-04-19T08:17:31.5263461Z",
      "createdUserId": "d4c65e50-fb5c-4311-830a-05b59a11dd48",
      "updatedUserId": "d4c65e50-fb5c-4311-830a-05b59a11dd48"
    }
  ],
  "createdUtc": "0001-01-01T00:00:00Z"
}