{
  "intents": [
    {
      "intentType": "Regular",
      "triggerQueries": [
        "Can I have a recorded meeting transcribed?",
        "Can I have the recorded meeting transcribed?",
        "Can I record the meeting in Teams?",
        "Can I record a meeting in Teams?",
        "how do I record a meeting in Teams?",
        "How do I record the meeting in Teams?",
        "Recording meetings in Teams?",
        "Meeting recording in Teams?"
      ],
      "dialogId": "new_topic_9cc5b529a85247dc9482a36d45e95f2b",
      "isTriggeringEnabled": true,
      "id": "new_topic_9cc5b529a85247dc9482a36d45e95f2b",
      "displayName": "Meeting recording in Teams?",
      "description": "https://adoptbotv2kb.blob.core.windows.net/%24web/AdoptBot2021-English.docx",
      "createdTime": "2021-01-13T22:20:51.2381463Z",
      "updatedTime": "2021-01-26T23:15:29.0816486Z",
      "createdUserId": "f04d3cd9-b73d-4ba9-a1ed-9319eba29b21",
      "updatedUserId": "f04d3cd9-b73d-4ba9-a1ed-9319eba29b21"
    }
  ],
  "dialogs": [
    {
      "rootNodeId": "8ad4744f-2042-42bf-b85e-f8066436fdea",
      "messageNodes": [
        {
          "botMessageId": "6c774730-443f-40ec-977b-9fc0125be7d8",
          "nodeType": "BotMessageNode",
          "id": "8ad4744f-2042-42bf-b85e-f8066436fdea",
          "defaultTargetNodeId": "3a025519-5a13-4b30-a426-ef6980a26e0a"
        },
        {
          "botMessageId": "137acc29-97c8-4cc1-8aae-514c9b247aad",
          "nodeType": "BotMessageNode",
          "id": "3a025519-5a13-4b30-a426-ef6980a26e0a",
          "defaultTargetNodeId": "7c18a9cb-91c5-4e2b-8b79-e7d4bb88676a"
        },
        {
          "botMessageId": "a5bd2dfc-ff8f-4547-a16d-6b5a72eb66c1",
          "nodeType": "BotMessageNode",
          "id": "7c18a9cb-91c5-4e2b-8b79-e7d4bb88676a",
          "defaultTargetNodeId": "722e137e-5894-462b-a8a4-e01a53e82ed1"
        },
        {
          "botMessageId": "e1a216d8-4fee-41d3-bbfc-f9b92061c529",
          "nodeType": "BotMessageNode",
          "id": "722e137e-5894-462b-a8a4-e01a53e82ed1",
          "defaultTargetNodeId": "1025e932-4ce0-4de8-8c96-e0bb6471212e"
        }
      ],
      "dialogChangeNodes": [
        {
          "targetDialogId": "new_topic_eac3f49c99664313a9d9dc19d80a79a2_aeabea4d071f415c8c107e1cb7af5424_assumedsuccess",
          "nodeType": "DialogChangeNode",
          "id": "1025e932-4ce0-4de8-8c96-e0bb6471212e"
        }
      ],
      "id": "new_topic_9cc5b529a85247dc9482a36d45e95f2b",
      "displayName": "Dialog for Meeting recording in Teams?",
      "createdTime": "2021-01-13T22:20:51.2381463Z",
      "updatedTime": "2021-01-26T23:19:28.4857699Z",
      "createdUserId": "f04d3cd9-b73d-4ba9-a1ed-9319eba29b21",
      "updatedUserId": "f04d3cd9-b73d-4ba9-a1ed-9319eba29b21"
    }
  ],
  "botMessages": [
    {
      "channelContent": {
        "web": {
          "contentFormat": "Markdown",
          "content": "In Microsoft Teams, you can record Teams meetings and group calls to capture audio, video, and screen sharing activity.\n\n[View this guide for how to 🎥.](https://support.microsoft.com/en-us/office/record-a-meeting-in-teams-34dfbe7f-b07d-4a27-b4c6-de62f1348c24)"
        }
      },
      "id": "6c774730-443f-40ec-977b-9fc0125be7d8",
      "createdTime": "2021-01-13T22:20:51.2381463Z",
      "updatedTime": "2021-01-13T22:20:51.2381463Z",
      "createdUserId": "f04d3cd9-b73d-4ba9-a1ed-9319eba29b21",
      "updatedUserId": "f04d3cd9-b73d-4ba9-a1ed-9319eba29b21"
    },
    {
      "channelContent": {
        "web": {
          "contentFormat": "Markdown",
          "content": " There is also an option for recordings to have automatic transcription, so that users can play meeting recordings with subtitles and search for important discussion items in the transcript."
        }
      },
      "id": "137acc29-97c8-4cc1-8aae-514c9b247aad",
      "createdTime": "2021-01-26T23:13:58.575Z",
      "updatedTime": "2021-01-26T23:13:58.575Z",
      "createdUserId": "user-0",
      "updatedUserId": "user-0"
    },
    {
      "channelContent": {
        "web": {
          "contentFormat": "Markdown",
          "content": "**Please note!**\n\nRecordings must be started manually, otherwise nothing is saved in a Teams meeting other than information shared in the chat (if chat is enabled)."
        }
      },
      "id": "a5bd2dfc-ff8f-4547-a16d-6b5a72eb66c1",
      "createdTime": "2021-01-26T23:14:06.87Z",
      "updatedTime": "2021-01-26T23:14:06.87Z",
      "createdUserId": "user-0",
      "updatedUserId": "user-0"
    },
    {
      "channelContent": {
        "web": {
          "contentFormat": "Markdown",
          "content": "See this article for up-to-date guidance: [Meeting recording in Teams](https://docs.microsoft.com/en-us/microsoftteams/cloud-recording)"
        }
      },
      "id": "e1a216d8-4fee-41d3-bbfc-f9b92061c529",
      "createdTime": "2021-01-26T23:16:15.946Z",
      "updatedTime": "2021-01-26T23:16:15.946Z",
      "createdUserId": "user-0",
      "updatedUserId": "user-0"
    }
  ]
}