{
  "intents": [
    {
      "endUserOverrideName": "Nouveautés Teams",
      "triggerQueries": [
        "Parlez-moi de quelques améliorations dans Teams",
        "Rechercher les dernières actualités sur les fonctionnalités Teams?",
        "Quand les nouvelles fonctionnalités seront-elles publiées?",
        "Retrouvez les dernières actualités sur Teams ?",
        "Où puis-je voir toutes les nouvelles fonctionnalités?",
        "Où puis-je lire les actualités pour Teams?",
        "Comment savoir quand une nouvelle fonctionnalité arrivera?",
        "Quoi de neuf dans Teams",
        "Quoi de neuf pour Teams sur mobile",
        "Quoi de neuf pour Teams sur Android?",
        "Quoi de neuf pour Teams sur IPhone?",
        "Quoi de neuf pour Teams sur iOS?",
        "Montre-moi toutes les nouveautés",
        "Où sont toutes les actualités dans Teams?",
        "Où sont toutes les actualités dans Teams?",
        "Voir les nouveautés publiées",
        "Trouvez toutes les nouvelles fonctionnalités",
        "Comment savoir s'il existe de nouvelles fonctionnalités?",
        "Nouveautés des salles Microsoft Teams",
        "Quoi de neuf pour les MTR (Microsoft Teams Rooms)",
        "Quoi de neuf dans Teams pour Surface Hub?",
        "En savoir plus sur les dernières mises à jour dans Teams?",
        "Dernières nouveautés dans l'application Teams?",
        "Parlez-moi de quelques nouveautés dans Teams",
        "Où toutes les nouvelles sont-elles publiées?",
        "Dites-moi ce qu'il y a de neuf dans Teams?",
        "Y a-t-il de nouvelles mises à jour à venir?",
        "Quand obtenons-nous de nouvelles fonctionnalités?",
        "Dernières nouveautés dans Teams?",
        "Où puis-je trouver les dernières actualités sur Teams?"
      ],
      "dialogId": "new_topic_781315f10a6148cfa1ae4d5f64765f3d",
      "isTriggeringEnabled": true,
      "id": "new_topic_781315f10a6148cfa1ae4d5f64765f3d",
      "displayName": "Où puis-je trouver les dernières actualités sur Teams?",
      "description": "",
      "createdTime": "2021-01-13T22:20:51.2381463Z",
      "updatedTime": "2021-05-24T22:13:58.5531612Z",
      "createdUserId": "f04d3cd9-b73d-4ba9-a1ed-9319eba29b21",
      "updatedUserId": "a2c4aa2c-d830-41eb-bcf4-467a2c7e1279"
    }
  ],
  "dialogs": [
    {
      "rootNodeId": "510d4b71-e996-4a20-b0b3-14f982ae9ab7",
      "messageNodes": [
        {
          "botMessageId": "1c726210-8a15-4074-88ff-972facd8d9a4",
          "nodeType": "BotMessageNode",
          "id": "510d4b71-e996-4a20-b0b3-14f982ae9ab7",
          "defaultTargetNodeId": "196103c0-a203-48e8-921b-942550f22d1f"
        },
        {
          "botMessageId": "65c56269-80e0-4cfd-ad2c-c2cbd12847bf",
          "nodeType": "BotMessageNode",
          "id": "196103c0-a203-48e8-921b-942550f22d1f",
          "defaultTargetNodeId": "1bd56451-fc58-49d9-8af9-76c6f04052fd"
        },
        {
          "botMessageId": "d9d30541-d1f6-4522-8710-1725191e055a",
          "nodeType": "BotMessageNode",
          "id": "1bd56451-fc58-49d9-8af9-76c6f04052fd",
          "defaultTargetNodeId": "670fb7a8-a70e-4dc8-8ef3-788e5f01a449"
        }
      ],
      "dialogChangeNodes": [
        {
          "targetDialogId": "new_topic_eac3f49c99664313a9d9dc19d80a79a2_aeabea4d071f415c8c107e1cb7af5424_assumedsuccess",
          "nodeType": "DialogChangeNode",
          "id": "670fb7a8-a70e-4dc8-8ef3-788e5f01a449"
        }
      ],
      "id": "new_topic_781315f10a6148cfa1ae4d5f64765f3d",
      "displayName": "Dialog for Where can I find the latest news about Teams?",
      "createdTime": "2021-01-13T22:20:51.2381463Z",
      "updatedTime": "2021-05-24T22:15:34.3368597Z",
      "createdUserId": "f04d3cd9-b73d-4ba9-a1ed-9319eba29b21",
      "updatedUserId": "a2c4aa2c-d830-41eb-bcf4-467a2c7e1279"
    }
  ],
  "botMessages": [
    {
      "channelContent": {
        "web": {
          "contentFormat": "Markdown",
          "content": "Content que vous soyez curieux {7bd4f62b-7262-40bc-8c63-8c540568cf6c} 🙂!\n\nIl suffit de saisir \"**/nouveautés**\" dans la barre de recherche.\n\nVous pouvez aussi utiliser le bouton Aide dans Teams puis sélectionner \"**Nouveautés**” 📲."
        }
      },
      "id": "1c726210-8a15-4074-88ff-972facd8d9a4",
      "createdTime": "2021-01-13T22:20:51.2381463Z",
      "updatedTime": "2021-01-13T22:20:51.2381463Z",
      "createdUserId": "f04d3cd9-b73d-4ba9-a1ed-9319eba29b21",
      "updatedUserId": "f04d3cd9-b73d-4ba9-a1ed-9319eba29b21"
    },
    {
      "channelContent": {
        "web": {
          "contentFormat": "Markdown",
          "content": "_Veuillez noter que votre organisation a peut-être choisi de désactiver certaines fonctionnalités._"
        }
      },
      "id": "65c56269-80e0-4cfd-ad2c-c2cbd12847bf",
      "createdTime": "2021-01-27T20:52:19.375Z",
      "updatedTime": "2021-01-27T20:52:19.375Z",
      "createdUserId": "user-0",
      "updatedUserId": "user-0"
    },
    {
      "channelContent": {
        "web": {
          "contentFormat": "Markdown",
          "content": "Vous pouvez aussi retrouver l'ensemble des annonces sur ce site :\n\n[Nouveautés dans Microsoft Teams](https://support.microsoft.com/fr-fr/office/nouveaut%c3%a9s-dans-microsoft-teams-d7092a6d-c896-424c-b362-a472d5f105de?ui=fr-FR&rs=fr-FR&ad=FR)"
        }
      },
      "id": "d9d30541-d1f6-4522-8710-1725191e055a",
      "createdTime": "2021-01-27T20:52:21.391Z",
      "updatedTime": "2021-01-27T20:52:21.391Z",
      "createdUserId": "user-0",
      "updatedUserId": "user-0"
    }
  ],
  "createdUtc": "0001-01-01T00:00:00Z"
}