{
  "intents": [
    {
      "endUserOverrideName": "什麼是 Exchange Online？",
      "triggerQueries": [
        "Describe Exchange Online",
        "What does Exchange online mean?",
        "What does online exchange mean?",
        "What is Exchange Online?",
        "描述 Exchange Online",
        "Exchange online 是什麼意思",
        "online exchange 是什麼意思",
        "什麼是 Exchange Online？"
      ],
      "dialogId": "new_topic_2aa5fb82544048b7970ad2f29b188ac5",
      "isTriggeringEnabled": true,
      "id": "new_topic_2aa5fb82544048b7970ad2f29b188ac5",
      "displayName": "什麼是 Exchange Online？",
      "description": "https://adoptbotv2kb.blob.core.windows.net/%24web/AdoptBot2021-English.docx",
      "createdTime": "2021-11-17T13:42:23.826015Z",
      "updatedTime": "2021-11-17T13:42:52.4511501Z",
      "createdUserId": "9c968d43-f7c2-4e28-895c-1f6bcefcd8be",
      "updatedUserId": "9c968d43-f7c2-4e28-895c-1f6bcefcd8be"
    }
  ],
  "dialogs": [
    {
      "rootNodeId": "a62e0086-f96e-48c5-b624-ea6ce5ddddea",
      "messageNodes": [
        {
          "botMessageId": "876e0e49-32a2-4a9e-b7a1-8de510e8cf38",
          "nodeType": "BotMessageNode",
          "id": "a62e0086-f96e-48c5-b624-ea6ce5ddddea",
          "defaultTargetNodeId": "a17f09ce-612c-4501-9aa7-85b8dae14056"
        }
      ],
      "dialogChangeNodes": [
        {
          "targetDialogId": "new_topic_e2d1671328b941dbb60fa7150059b1ee_aeabea4d071f415c8c107e1cb7af5424_assumedsuccess",
          "nodeType": "DialogChangeNode",
          "id": "a17f09ce-612c-4501-9aa7-85b8dae14056"
        }
      ],
      "id": "new_topic_2aa5fb82544048b7970ad2f29b188ac5",
      "displayName": "Dialog for 什麼是 Exchange Online？",
      "createdTime": "2021-11-17T13:42:23.826015Z",
      "updatedTime": "2021-11-17T13:42:52.4511501Z",
      "createdUserId": "9c968d43-f7c2-4e28-895c-1f6bcefcd8be",
      "updatedUserId": "9c968d43-f7c2-4e28-895c-1f6bcefcd8be"
    }
  ],
  "botMessages": [
    {
      "channelContent": {
        "web": {
          "contentFormat": "Markdown",
          "content": "Exchange Online 是 Microsoft 365 的一部分。它提供電子郵件和行事曆。點選 Office 365 中的 Outlook 圖示以啟動。"
        }
      },
      "id": "876e0e49-32a2-4a9e-b7a1-8de510e8cf38",
      "createdTime": "2021-11-17T13:42:23.826015Z",
      "updatedTime": "2021-11-17T13:42:23.826015Z",
      "createdUserId": "9c968d43-f7c2-4e28-895c-1f6bcefcd8be",
      "updatedUserId": "9c968d43-f7c2-4e28-895c-1f6bcefcd8be"
    }
  ]
}