{
  "intents": [
    {
      "endUserOverrideName": "Feilsøk problemer med mikrofonen på Mac",
      "triggerQueries": [
        "Ingen kan høre meg",
        "Ingen hører meg i møtet",
        "Hvor finner jeg innstillinger for mikrofonen på mac?",
        "Innstillinger for mikrofon på Mac",
        "mikrofonen fungerer ikke på Mac",
        "Feilsøk problemer med mikrofonen på en Mac pc"
      ],
      "dialogId": "new_topic_a140e9ff67c24f2c86c07139daae0334",
      "isTriggeringEnabled": true,
      "id": "new_topic_a140e9ff67c24f2c86c07139daae0334",
      "displayName": "Feilsøk problemer med mikrofonen på en Mac pc",
      "description": "",
      "createdTime": "2021-04-09T14:05:31.7888736Z",
      "updatedTime": "2021-04-22T16:14:35.6023753Z",
      "createdUserId": "ef0c8b9a-eff1-49f8-92fa-fd1d3e15e1ba",
      "updatedUserId": "ef0c8b9a-eff1-49f8-92fa-fd1d3e15e1ba"
    }
  ],
  "dialogs": [
    {
      "rootNodeId": "5cc0c203-3262-4ab5-ac36-15fb83c16599",
      "messageNodes": [
        {
          "botMessageId": "a5319d07-f94f-4787-9935-7acb737155c1",
          "nodeType": "BotMessageNode",
          "id": "5cc0c203-3262-4ab5-ac36-15fb83c16599",
          "defaultTargetNodeId": "f63e635a-a866-4707-a02d-8705aba9e5df"
        },
        {
          "botMessageId": "d5129d89-f8da-4ace-9711-ba83d8e44134",
          "nodeType": "BotMessageNode",
          "id": "f63e635a-a866-4707-a02d-8705aba9e5df",
          "defaultTargetNodeId": "9d144724-d7b8-4083-9bdf-ab6af28a31cb"
        }
      ],
      "dialogChangeNodes": [
        {
          "targetDialogId": "new_topic_89c49d37fd4c4c1c9144396960733ce1_aeabea4d071f415c8c107e1cb7af5424_assumedsuccess",
          "nodeType": "DialogChangeNode",
          "id": "9d144724-d7b8-4083-9bdf-ab6af28a31cb"
        }
      ],
      "id": "new_topic_a140e9ff67c24f2c86c07139daae0334",
      "displayName": "Dialog for Feilsøk problemer med mikrofonen på en Mac pc",
      "createdTime": "2021-04-09T14:05:31.7888736Z",
      "updatedTime": "2021-04-22T16:04:20.5916029Z",
      "createdUserId": "ef0c8b9a-eff1-49f8-92fa-fd1d3e15e1ba",
      "updatedUserId": "ef0c8b9a-eff1-49f8-92fa-fd1d3e15e1ba"
    }
  ],
  "botMessages": [
    {
      "channelContent": {
        "web": {
          "contentFormat": "Markdown",
          "content": "Hvis du bruker en Mac og har problemer med å få mikrofonen til å fungere, må du kanskje [endre en av innstillingene for personvern.](https://support.microsoft.com/nb-no/office/mikrofonen-fungerer-ikke-i-microsoft-teams-666d1123-9dd0-4a31-ad2e-a758b204f33a)"
        }
      },
      "id": "a5319d07-f94f-4787-9935-7acb737155c1",
      "createdTime": "2021-04-09T14:05:31.7888736Z",
      "updatedTime": "2021-04-09T14:05:31.7888736Z",
      "createdUserId": "ef0c8b9a-eff1-49f8-92fa-fd1d3e15e1ba",
      "updatedUserId": "ef0c8b9a-eff1-49f8-92fa-fd1d3e15e1ba"
    },
    {
      "channelContent": {
        "web": {
          "contentFormat": "Markdown",
          "content": "Slik sjekker du det:\n\n1.  Åpne **Systemvalg**\n2.  Velg **Sikkerhet og personvern**\n3.  Velg **Mikrofon** til venstre under **Personvern**\n4.  Kontroller at Microsoft Teams er valgt"
        }
      },
      "id": "d5129d89-f8da-4ace-9711-ba83d8e44134",
      "createdTime": "2021-04-09T14:05:42.191Z",
      "updatedTime": "2021-04-09T14:05:42.191Z",
      "createdUserId": "user-0",
      "updatedUserId": "user-0"
    }
  ],
  "createdUtc": "0001-01-01T00:00:00Z"
}