{
  "intents": [
    {
      "endUserOverrideName": "Bessere Meetings?",
      "triggerQueries": [
        "Einfache Tipps für bessere Teams-Meetings?",
        "einfache Meeting-Tipps für Anfänger",
        "Wie halten Sie eine Remotebesprechung ab?",
        "Was ist bei digitalen Meetings zu beachten?",
        "Leitlinien für bessere Meetings",
        "Gibt es gute Meeting-Tipps?",
        "zeigen Sie mir Tipps zu Meetings",
        "Tipps für Meetings in Teams",
        "Wie führe ich gute Meetings durch?",
        "Gibt es Tipps für bessere Meetings?",
        "Wie haben Sie ein gutes Meeting in Teams?",
        "Tipps zum Abhalten von Meetings in Teams",
        "Meeting Tipps in Teams",
        "Teamstipps für bessere Meetings",
        "Zeigen Sie mir Tipps für Teams-Meetings?"
      ],
      "dialogId": "new_topic_01669e9c3def4d9b8a3189540a919ea6",
      "isTriggeringEnabled": true,
      "id": "new_topic_01669e9c3def4d9b8a3189540a919ea6",
      "displayName": "Einfache Tipps für bessere Teams-Meetings?",
      "description": "",
      "createdTime": "2021-04-19T11:40:28.5648087Z",
      "updatedTime": "2021-04-22T06:30:09.5212064Z",
      "createdUserId": "16930407-b7c9-43e8-bceb-33467ef65593",
      "updatedUserId": "86360cd1-faa6-4d16-8a0c-ba3116c8a977"
    }
  ],
  "dialogs": [
    {
      "rootNodeId": "3c93f774-e30a-41e8-91ed-5c1024b0597a",
      "messageNodes": [
        {
          "botMessageId": "38ac2a67-17d7-4d46-88b7-a51b8dad54de",
          "nodeType": "BotMessageNode",
          "id": "3c93f774-e30a-41e8-91ed-5c1024b0597a",
          "defaultTargetNodeId": "5c5534c6-b2d3-433e-9a8e-5fae7ca6f775"
        }
      ],
      "dialogChangeNodes": [
        {
          "targetDialogId": "new_topic_30867099f4b543d3b8543a85c22c3418_aeabea4d071f415c8c107e1cb7af5424_assumedsuccess",
          "nodeType": "DialogChangeNode",
          "id": "5c5534c6-b2d3-433e-9a8e-5fae7ca6f775"
        }
      ],
      "id": "new_topic_01669e9c3def4d9b8a3189540a919ea6",
      "displayName": "Dialog for Einfache Tipps für bessere Teams-Meetings?",
      "createdTime": "2021-04-19T11:40:28.5648087Z",
      "updatedTime": "2021-04-19T11:41:56.7208215Z",
      "createdUserId": "16930407-b7c9-43e8-bceb-33467ef65593",
      "updatedUserId": "16930407-b7c9-43e8-bceb-33467ef65593"
    }
  ],
  "botMessages": [
    {
      "channelContent": {
        "web": {
          "contentFormat": "Markdown",
          "content": "Hier sind einige [einfache Tipps für bessere Besprechungen](https://support.microsoft.com/de-de/office/tips-f%C3%B6r-b%C3%A4ttre-m%C3%B6ten-80640ac4-b009-42ea-abcb-660e729e63e5) mit Microsoft Teams (mit Untertiteln)."
        }
      },
      "id": "38ac2a67-17d7-4d46-88b7-a51b8dad54de",
      "createdTime": "2021-04-19T11:40:28.5648087Z",
      "updatedTime": "2021-04-19T11:40:28.5648087Z",
      "createdUserId": "16930407-b7c9-43e8-bceb-33467ef65593",
      "updatedUserId": "16930407-b7c9-43e8-bceb-33467ef65593"
    }
  ]
}