{
  "intents": [
    {
      "triggerQueries": [
        "Zmienić wizerunek zespołu?",
        "Jak zmienić obraz zespołu?",
        "Jak przesłać zdjęcie dla zespołu?",
        "Zmienianie wizerunku zespołu",
        "Jak zmienić obraz zespołu?",
        "Zmienianie obrazu zespołu",
        "zmień obraz zespołu",
        "Jak zmienić obraz mojego zespołu?",
        "Jak zmienić ikonkę mojego zespołu?"
      ],
      "dialogId": "new_topic_4e54aa6f6aae46a782a89f355335a7db",
      "isTriggeringEnabled": true,
      "id": "new_topic_4e54aa6f6aae46a782a89f355335a7db",
      "displayName": "Jak zmienić ikonkę mojego zespołu?",
      "description": "",
      "createdTime": "2021-09-26T17:44:49.9176281Z",
      "updatedTime": "2021-10-20T14:58:10.2963081Z",
      "createdUserId": "28fac8cb-bec7-48c9-a688-5024cf318b8a",
      "updatedUserId": "28fac8cb-bec7-48c9-a688-5024cf318b8a"
    }
  ],
  "dialogs": [
    {
      "rootNodeId": "c50cd21d-a259-43a5-8541-0daf673cde43",
      "messageNodes": [
        {
          "botMessageId": "10e14d6b-f50c-4942-9c72-2cb21368cb23",
          "nodeType": "BotMessageNode",
          "id": "c50cd21d-a259-43a5-8541-0daf673cde43",
          "defaultTargetNodeId": "3279cbb4-c79a-40fe-bbf6-2bd6261d7dbd"
        }
      ],
      "dialogChangeNodes": [
        {
          "targetDialogId": "new_topic_d4ee79ce05584b519ee7d416fda7e2a3_aeabea4d071f415c8c107e1cb7af5424_assumedsuccess",
          "nodeType": "DialogChangeNode",
          "id": "3279cbb4-c79a-40fe-bbf6-2bd6261d7dbd"
        }
      ],
      "id": "new_topic_4e54aa6f6aae46a782a89f355335a7db",
      "displayName": "Dialog for Jak zmienić ikonkę mojego zespołu?",
      "createdTime": "2021-09-26T17:44:49.9176281Z",
      "updatedTime": "2021-10-20T14:59:24.0750823Z",
      "createdUserId": "28fac8cb-bec7-48c9-a688-5024cf318b8a",
      "updatedUserId": "28fac8cb-bec7-48c9-a688-5024cf318b8a"
    }
  ],
  "botMessages": [
    {
      "channelContent": {
        "web": {
          "contentFormat": "Markdown",
          "content": "Przejdź do widoku „**Zespoły**” klienta Teams. Z listy zespołów wybierz nazwę zespołu, którego jesteś właścicielem i kliknij pozycję **...** > **Zarządzaj zespołem**. Na karcie **Ustawienia** kliknij pozycję **Obrazek zespołu > Zmień obrazek profilowy**."
        }
      },
      "id": "10e14d6b-f50c-4942-9c72-2cb21368cb23",
      "createdTime": "2021-09-26T17:44:49.9176281Z",
      "updatedTime": "2021-09-26T17:44:49.9176281Z",
      "createdUserId": "28fac8cb-bec7-48c9-a688-5024cf318b8a",
      "updatedUserId": "28fac8cb-bec7-48c9-a688-5024cf318b8a"
    }
  ]
}