{
  "intents": [
    {
      "intentType": "Regular",
      "endUserOverrideName": "Dölja en kanal",
      "triggerQueries": [
        "jag vill dölja vissa kanaler",
        "Hur slutar man se en kanal?",
        "hur avföljer jag en kanal?",
        "hur döljer jag kanaler",
        "hur tar man bort kanaler man inte vill se?",
        "kan jag dölja kanaler?",
        "jag vill inte se en viss kanal",
        "Sluta följa en kanal",
        "Var finns alternativet att dölja min kanal?",
        "Vilka är stegen för att dölja en kanal?",
        "Hur döljer jag en kanal?"
      ],
      "dialogId": "new_topic_a30a6f32be4b4278aa4305901464565f",
      "isTriggeringEnabled": true,
      "id": "new_topic_a30a6f32be4b4278aa4305901464565f",
      "displayName": "Hur döljer jag en kanal?",
      "description": "",
      "createdTime": "2020-11-24T14:37:53.8220925Z",
      "updatedTime": "2020-12-08T13:14:48.4818052Z",
      "createdUserId": "f04d3cd9-b73d-4ba9-a1ed-9319eba29b21",
      "updatedUserId": "f04d3cd9-b73d-4ba9-a1ed-9319eba29b21"
    }
  ],
  "dialogs": [
    {
      "rootNodeId": "febee6c8-64d2-44a8-a765-ae4311fdf987",
      "messageNodes": [
        {
          "botMessageId": "6acd28b6-7ab1-4d6a-85ce-f6019ada1f5e",
          "nodeType": "BotMessageNode",
          "id": "febee6c8-64d2-44a8-a765-ae4311fdf987",
          "defaultTargetNodeId": "d277fe0f-aa2a-4e19-b3d7-1a8e254a50cf"
        }
      ],
      "dialogChangeNodes": [
        {
          "targetDialogId": "new_topic_84ec227c19784e7ba25cb34f4638f91e_aeabea4d071f415c8c107e1cb7af5424_assumedsuccess",
          "nodeType": "DialogChangeNode",
          "id": "d277fe0f-aa2a-4e19-b3d7-1a8e254a50cf"
        }
      ],
      "id": "new_topic_a30a6f32be4b4278aa4305901464565f",
      "displayName": "Dialog for Hur döljer jag en kanal?",
      "createdTime": "2020-11-24T14:37:53.8220925Z",
      "updatedTime": "2020-11-24T14:37:53.8220925Z",
      "createdUserId": "f04d3cd9-b73d-4ba9-a1ed-9319eba29b21",
      "updatedUserId": "f04d3cd9-b73d-4ba9-a1ed-9319eba29b21"
    }
  ],
  "botMessages": [
    {
      "channelContent": {
        "web": {
          "contentFormat": "Markdown",
          "content": "Gå till teamets namn och klicka på Fler alternativ &gt; Dölj."
        }
      },
      "id": "6acd28b6-7ab1-4d6a-85ce-f6019ada1f5e",
      "createdTime": "2020-11-24T14:37:53.8220925Z",
      "updatedTime": "2020-11-24T14:37:53.8220925Z",
      "createdUserId": "f04d3cd9-b73d-4ba9-a1ed-9319eba29b21",
      "updatedUserId": "f04d3cd9-b73d-4ba9-a1ed-9319eba29b21"
    }
  ]
}