{
  "intents": [
    {
      "triggerQueries": [
        "Chi posso sentire in un'audioconferenza ?",
        "Chi può partecipare a una conferenza tramite chiamata telefonica? E chi posso sentire?",
        "Chi può partecipare a una riunione tramite telefono?",
        "Chi può partecipare a un'audioconferenza?",
        "Chi può essere presente in una riunione telefonica?",
        "Chi può partecipare a una conferenza telefonicamente? E chi posso sentire?"
      ],
      "dialogId": "new_topic_d16bc819f6284ff1bb01b1c9cf787620",
      "isTriggeringEnabled": true,
      "id": "new_topic_d16bc819f6284ff1bb01b1c9cf787620",
      "displayName": "Chi può partecipare a una riunione tramite chiamata telefonica?",
      "createdTime": "2022-04-29T19:59:16.4804634Z",
      "updatedTime": "2022-04-29T19:59:16.4804634Z",
      "createdUserId": "9451fc51-e00d-4445-8ff9-efb70866dc3b",
      "updatedUserId": "9451fc51-e00d-4445-8ff9-efb70866dc3b"
    }
  ],
  "dialogs": [
    {
      "rootNodeId": "d75dc5c1-8f7c-456d-b866-5f317d9e0d25",
      "messageNodes": [
        {
          "botMessageId": "fa35934c-4bdd-4f68-a7f0-d60d65bed4a6",
          "nodeType": "BotMessageNode",
          "id": "d75dc5c1-8f7c-456d-b866-5f317d9e0d25",
          "defaultTargetNodeId": "7bf38141-7da9-4c30-a4d0-190ac4c68798"
        }
      ],
      "dialogChangeNodes": [
        {
          "targetDialogId": "new_topic_f98a24608ee04cb998de3e3e32703d5b_aeabea4d071f415c8c107e1cb7af5424_assumedsuccess",
          "nodeType": "DialogChangeNode",
          "id": "7bf38141-7da9-4c30-a4d0-190ac4c68798"
        }
      ],
      "id": "new_topic_d16bc819f6284ff1bb01b1c9cf787620",
      "displayName": "Senza titolo",
      "createdTime": "2022-04-29T19:59:16.4804634Z",
      "updatedTime": "2022-04-29T19:59:16.4804634Z",
      "createdUserId": "9451fc51-e00d-4445-8ff9-efb70866dc3b",
      "updatedUserId": "9451fc51-e00d-4445-8ff9-efb70866dc3b"
    }
  ],
  "botMessages": [
    {
      "channelContent": {
        "web": {
          "contentFormat": "Markdown",
          "content": "Chiunque disponga del numero di accesso e dell'ID conferenza può partecipare a una riunione di Microsoft Teams, a meno che l'organizzatore della riunione non abbia bloccato la riunione. Sia che tu stia chiamando utilizzando un telefono o le app di Microsoft Teams, sarai in grado di ascoltare tutti gli altri partecipanti alla chiamata e loro potranno sentirti. L'organizzatore della riunione ha la possibilità di disattivare l'audio dei partecipanti alla riunione se non desidera ascoltarli."
        }
      },
      "id": "fa35934c-4bdd-4f68-a7f0-d60d65bed4a6",
      "createdTime": "2022-04-29T19:41:43.265Z",
      "updatedTime": "2022-04-29T19:41:43.265Z"
    }
  ]
}