{
  "intents": [
    {
      "endUserOverrideName": "通知頻道中的所有人(@提及整個頻道)",
      "triggerQueries": [
        "Notify everyone in a channel (@mention channel)",
        "How do I @ a channel?",
        "How can I notify everyone in a channel?",
        "How can I mention everyone in one channel?",
        "How do I @mention a channel?",
        "通知頻道中的所有人(@提及整個頻道)",
        "如何@提及整個頻道？",
        "如何@提及頻道中的所有人？",
        "如何在單一頻道裡提及所有人？"
      ],
      "dialogId": "new_topic_a4e95c4f47784b6aa7b780a7618ae21d",
      "isTriggeringEnabled": true,
      "id": "new_topic_a4e95c4f47784b6aa7b780a7618ae21d",
      "displayName": "如何@提及整個頻道？",
      "description": "https://adoptbotv2kb.blob.core.windows.net/%24web/AdoptBot2021-English.docx",
      "createdTime": "2021-11-17T05:23:46.1818951Z",
      "updatedTime": "2021-11-17T05:24:11.8070925Z",
      "createdUserId": "9c968d43-f7c2-4e28-895c-1f6bcefcd8be",
      "updatedUserId": "9c968d43-f7c2-4e28-895c-1f6bcefcd8be"
    }
  ],
  "dialogs": [
    {
      "rootNodeId": "b39e1fda-885d-4346-8431-8b0b8104ea3d",
      "messageNodes": [
        {
          "botMessageId": "e7f3fee9-e534-4410-83ff-61e8dafe7c2b",
          "nodeType": "BotMessageNode",
          "id": "b39e1fda-885d-4346-8431-8b0b8104ea3d",
          "defaultTargetNodeId": "d2355ec1-110b-44aa-a447-8916676d301a"
        },
        {
          "botMessageId": "29e23a13-c1e0-4668-b5a6-d177e418c891",
          "nodeType": "BotMessageNode",
          "id": "d2355ec1-110b-44aa-a447-8916676d301a",
          "defaultTargetNodeId": "98a62867-6400-408d-a52d-3e62c48888f0"
        },
        {
          "botMessageId": "23e9f343-5857-4539-874d-cb7a92b99fc6",
          "nodeType": "BotMessageNode",
          "id": "98a62867-6400-408d-a52d-3e62c48888f0",
          "defaultTargetNodeId": "18924ce2-edda-48f1-8d73-f7a2cdf96f5b"
        }
      ],
      "dialogChangeNodes": [
        {
          "targetDialogId": "new_topic_e2d1671328b941dbb60fa7150059b1ee_aeabea4d071f415c8c107e1cb7af5424_assumedsuccess",
          "nodeType": "DialogChangeNode",
          "id": "18924ce2-edda-48f1-8d73-f7a2cdf96f5b"
        }
      ],
      "id": "new_topic_a4e95c4f47784b6aa7b780a7618ae21d",
      "displayName": "Dialog for 如何@提及整個頻道？",
      "createdTime": "2021-11-17T05:23:46.1818951Z",
      "updatedTime": "2021-11-17T05:24:11.8070925Z",
      "createdUserId": "9c968d43-f7c2-4e28-895c-1f6bcefcd8be",
      "updatedUserId": "9c968d43-f7c2-4e28-895c-1f6bcefcd8be"
    }
  ],
  "botMessages": [
    {
      "channelContent": {
        "web": {
          "contentFormat": "Markdown",
          "content": "**要在頻道中引起大家的注意**，請@提及頻道名稱。\n\n*   輸入@channel並從顯示的功能表中選擇頻道名稱。"
        }
      },
      "id": "e7f3fee9-e534-4410-83ff-61e8dafe7c2b",
      "createdTime": "2021-11-17T05:23:46.1818951Z",
      "updatedTime": "2021-11-17T05:23:46.1818951Z",
      "createdUserId": "9c968d43-f7c2-4e28-895c-1f6bcefcd8be",
      "updatedUserId": "9c968d43-f7c2-4e28-895c-1f6bcefcd8be"
    },
    {
      "channelContent": {
        "web": {
          "contentFormat": "Markdown",
          "content": "@channel時，團隊的所有成員都會收到通知。\n\n[關於通知的第一個瞭解專案](https://support.microsoft.com/zh-tw/office/%E9%97%9C%E6%96%BC%E9%80%9A%E7%9F%A5%E7%9A%84%E7%AC%AC%E4%B8%80%E5%80%8B%E7%9E%AD%E8%A7%A3%E5%B0%88%E6%A1%88-abb62c60-3d15-4968-b86a-42fea9c22cf4)"
        }
      },
      "id": "29e23a13-c1e0-4668-b5a6-d177e418c891",
      "createdTime": "2021-11-17T05:23:56.428Z",
      "updatedTime": "2021-11-17T05:23:56.428Z",
      "createdUserId": "user-0",
      "updatedUserId": "user-0"
    },
    {
      "channelContent": {
        "web": {
          "contentFormat": "Markdown",
          "content": "💡 **提示**：在龐大的團隊中請小心使用此選項，因為它就像在電子郵件中使用「全部回覆」。"
        }
      },
      "id": "23e9f343-5857-4539-874d-cb7a92b99fc6",
      "createdTime": "2021-11-17T05:24:01.26Z",
      "updatedTime": "2021-11-17T05:24:01.26Z",
      "createdUserId": "user-0",
      "updatedUserId": "user-0"
    }
  ]
}