{
  "intents": [
    {
      "endUserOverrideName": "Se deltagarrapport?",
      "triggerQueries": [
        "Se vem som deltog i ett möte",
        "Se aktivitet mötesdeltagande",
        "Kan man se vilka som var med i mötet?",
        "Hantera närvaro i möte",
        "Se deltagarrapport?",
        "Se närvarolista i mötet",
        "Ladda ned närvarolista?",
        "Deltagarrapport?",
        "Kan jag få en närvarorapport?"
      ],
      "dialogId": "new_topic_e79110959cdc45f0b25827462c050dc6",
      "isTriggeringEnabled": true,
      "id": "new_topic_e79110959cdc45f0b25827462c050dc6",
      "displayName": "Kan jag få en närvarorapport?",
      "description": "",
      "createdTime": "2020-11-24T14:37:53.8230909Z",
      "updatedTime": "2020-12-14T13:07:28.780736Z",
      "createdUserId": "f04d3cd9-b73d-4ba9-a1ed-9319eba29b21",
      "updatedUserId": "f04d3cd9-b73d-4ba9-a1ed-9319eba29b21"
    }
  ],
  "dialogs": [
    {
      "rootNodeId": "ade901d1-1fbc-4c74-b52b-e983ae2053d6",
      "messageNodes": [
        {
          "botMessageId": "a16410d0-5293-46aa-ab60-02af56dace28",
          "nodeType": "BotMessageNode",
          "id": "ade901d1-1fbc-4c74-b52b-e983ae2053d6",
          "defaultTargetNodeId": "9998895d-180e-4230-8954-bb763f794ed8"
        }
      ],
      "dialogChangeNodes": [
        {
          "targetDialogId": "new_topic_84ec227c19784e7ba25cb34f4638f91e_aeabea4d071f415c8c107e1cb7af5424_assumedsuccess",
          "nodeType": "DialogChangeNode",
          "id": "9998895d-180e-4230-8954-bb763f794ed8"
        }
      ],
      "id": "new_topic_e79110959cdc45f0b25827462c050dc6",
      "displayName": "Dialog for Kan jag få en närvarorapport?",
      "createdTime": "2020-11-24T14:37:53.8230909Z",
      "updatedTime": "2020-11-24T14:37:53.8230909Z",
      "createdUserId": "f04d3cd9-b73d-4ba9-a1ed-9319eba29b21",
      "updatedUserId": "f04d3cd9-b73d-4ba9-a1ed-9319eba29b21"
    }
  ],
  "botMessages": [
    {
      "channelContent": {
        "web": {
          "contentFormat": "Markdown",
          "content": "Mötesorganisatörer kan se och ladda ned en mötesnärvarorapport. Du hittar rapporten i fönstret ”Deltagare” i mötet, genom att klicka på hämtningspilen\r\n\r\nDu kan ladda ner rapporten som en .CSV-fil (kan öppnas i Excel)Se den här artikeln för detaljer:\r\n\r\n[Microsoft Teams närvarorapport](https://docs.microsoft.com/sv-se/microsoftteams/teams-analytics-and-reports/meeting-attendance-report) i möte"
        }
      },
      "id": "a16410d0-5293-46aa-ab60-02af56dace28",
      "createdTime": "2020-11-24T14:37:53.8230909Z",
      "updatedTime": "2020-11-24T14:37:53.8230909Z",
      "createdUserId": "f04d3cd9-b73d-4ba9-a1ed-9319eba29b21",
      "updatedUserId": "f04d3cd9-b73d-4ba9-a1ed-9319eba29b21"
    }
  ]
}