{
  "intents": [
    {
      "intentType": "Regular",
      "endUserOverrideName": "Create a channel in a team",
      "triggerQueries": [
        "adding channels in my team",
        "creating team channels",
        "who can create channels in a team?",
        "Create channels in a team",
        "How do stop members from adding channels?",
        "Can everyone add channels in a Team?",
        "Add a channel in a team",
        "Setup a new channel in my team",
        "Make a new channel",
        "How do I create a channel in a team?",
        "Create a channel in a team"
      ],
      "dialogId": "new_topic_cf7befc2beae4eb6ace73987844ca1d1",
      "isTriggeringEnabled": true,
      "id": "new_topic_cf7befc2beae4eb6ace73987844ca1d1",
      "displayName": "How do I create a channel in a team?",
      "description": "",
      "createdTime": "2021-01-27T17:17:56.2994684Z",
      "updatedTime": "2021-01-27T17:23:16.1401368Z",
      "createdUserId": "f04d3cd9-b73d-4ba9-a1ed-9319eba29b21",
      "updatedUserId": "f04d3cd9-b73d-4ba9-a1ed-9319eba29b21"
    }
  ],
  "dialogs": [
    {
      "rootNodeId": "1964eead-fd8e-45d1-ab7c-113ab1fb18b7",
      "messageNodes": [
        {
          "botMessageId": "ce1e06af-3a8a-4fcd-904e-c50c76ed3fea",
          "nodeType": "BotMessageNode",
          "id": "1964eead-fd8e-45d1-ab7c-113ab1fb18b7",
          "defaultTargetNodeId": "9ecac3f8-b0ed-4d50-967a-4c8ddba4dfae"
        },
        {
          "botMessageId": "79e12745-3d08-4a22-b001-bc387b13506b",
          "nodeType": "BotMessageNode",
          "id": "9d8fb538-9549-4f1c-80ed-0924f7d80ed8"
        },
        {
          "botMessageId": "872f945c-d6f2-40bf-ad2a-cf25d9f8ce4d",
          "nodeType": "BotMessageNode",
          "id": "9ecac3f8-b0ed-4d50-967a-4c8ddba4dfae",
          "defaultTargetNodeId": "9d8fb538-9549-4f1c-80ed-0924f7d80ed8"
        }
      ],
      "id": "new_topic_cf7befc2beae4eb6ace73987844ca1d1",
      "displayName": "Dialog for How do I create a channel in a team?",
      "createdTime": "2021-01-27T17:17:56.2994684Z",
      "updatedTime": "2021-01-27T17:22:29.126764Z",
      "createdUserId": "f04d3cd9-b73d-4ba9-a1ed-9319eba29b21",
      "updatedUserId": "f04d3cd9-b73d-4ba9-a1ed-9319eba29b21"
    }
  ],
  "botMessages": [
    {
      "channelContent": {
        "web": {
          "contentFormat": "Markdown",
          "content": "By default, all members of a team can create channels.\n\nFind the team name and click **More options** (…) > **Add channel**."
        }
      },
      "id": "ce1e06af-3a8a-4fcd-904e-c50c76ed3fea",
      "createdTime": "2021-01-27T17:17:56.2994684Z",
      "updatedTime": "2021-01-27T17:17:56.2994684Z",
      "createdUserId": "f04d3cd9-b73d-4ba9-a1ed-9319eba29b21",
      "updatedUserId": "f04d3cd9-b73d-4ba9-a1ed-9319eba29b21"
    },
    {
      "channelContent": {
        "web": {
          "contentFormat": "Markdown",
          "content": "💡 **Tip:** _Only add channels when there’s a clear purpose, need and want. Too many pre-populated channels can feel confusing. The “General” channel goes a long way for many teams._"
        }
      },
      "id": "79e12745-3d08-4a22-b001-bc387b13506b",
      "createdTime": "2021-01-27T17:18:38.66Z",
      "updatedTime": "2021-01-27T17:18:38.66Z",
      "createdUserId": "user-0",
      "updatedUserId": "user-0"
    },
    {
      "channelContent": {
        "web": {
          "contentFormat": "Markdown",
          "content": "*   A standard channel is open for all members and anything posted is searchable by others.\n*   As **a team owner**, you can turn on or off the ability for members to create channels.   \n    To see this option, go to the Team’s **Settings** tab.\n\nLearn more interesting things about [creating channels in Teams](https://support.microsoft.com/en-us/office/create-a-channel-in-teams-fda0b75e-5b90-4fb8-8857-7e102b014525)."
        }
      },
      "id": "872f945c-d6f2-40bf-ad2a-cf25d9f8ce4d",
      "createdTime": "2021-01-27T17:20:13.898Z",
      "updatedTime": "2021-01-27T17:20:13.898Z",
      "createdUserId": "user-0",
      "updatedUserId": "user-0"
    }
  ]
}