{
  "intents": [
    {
      "endUserOverrideName": "Specialtecken i kanalnamn?",
      "triggerQueries": [
        "Kan kanalnamn innehålla tecken eller bara ord?",
        "Namn på kanal vilka tecken?",
        "ikoner eller figurer i kanalnamnet?",
        "emojis i kanalnamn?",
        "vilka tecken är tillåtna i kanalnamn",
        "specialtecken i ett kanalnamn?",
        "Kan jag använda specialtecken för mitt kanalnamn?"
      ],
      "dialogId": "new_topic_2539ca4eaa60473094f7423fbd2b2d16",
      "isTriggeringEnabled": true,
      "id": "new_topic_2539ca4eaa60473094f7423fbd2b2d16",
      "displayName": "Kan jag använda specialtecken för mitt kanalnamn?",
      "description": "",
      "createdTime": "2020-11-24T14:37:53.8230909Z",
      "updatedTime": "2020-12-11T11:26:22.6322171Z",
      "createdUserId": "f04d3cd9-b73d-4ba9-a1ed-9319eba29b21",
      "updatedUserId": "f04d3cd9-b73d-4ba9-a1ed-9319eba29b21"
    }
  ],
  "dialogs": [
    {
      "rootNodeId": "c7ae8937-b81c-45ef-a4c0-84069bc361f7",
      "messageNodes": [
        {
          "botMessageId": "eb7be955-51a0-435f-b925-148fff4cb56e",
          "nodeType": "BotMessageNode",
          "id": "75a784a2-cd65-476d-975b-8b679dc5cc7e",
          "defaultTargetNodeId": "d80907b7-b14e-4598-ba1c-c567358024d3"
        },
        {
          "botMessageId": "67c4f81a-7896-42bd-8eaf-aa9f6b225d2a",
          "nodeType": "BotMessageNode",
          "id": "d80907b7-b14e-4598-ba1c-c567358024d3",
          "defaultTargetNodeId": "7e338455-1bf3-49b9-9d47-5b0e269e6ae0"
        },
        {
          "botMessageId": "b068cbc6-a393-4497-bd09-d7c39f2eb139",
          "nodeType": "BotMessageNode",
          "id": "c7ae8937-b81c-45ef-a4c0-84069bc361f7",
          "defaultTargetNodeId": "75a784a2-cd65-476d-975b-8b679dc5cc7e"
        }
      ],
      "dialogChangeNodes": [
        {
          "targetDialogId": "new_topic_84ec227c19784e7ba25cb34f4638f91e_aeabea4d071f415c8c107e1cb7af5424_assumedsuccess",
          "nodeType": "DialogChangeNode",
          "id": "7e338455-1bf3-49b9-9d47-5b0e269e6ae0"
        }
      ],
      "id": "new_topic_2539ca4eaa60473094f7423fbd2b2d16",
      "displayName": "Dialog for Kan jag använda specialtecken för mitt kanalnamn?",
      "createdTime": "2020-11-24T14:37:53.8230909Z",
      "updatedTime": "2020-12-11T11:24:45.5353296Z",
      "createdUserId": "f04d3cd9-b73d-4ba9-a1ed-9319eba29b21",
      "updatedUserId": "f04d3cd9-b73d-4ba9-a1ed-9319eba29b21"
    }
  ],
  "botMessages": [
    {
      "channelContent": {
        "web": {
          "contentFormat": "Markdown",
          "content": "Döp alltid kanalen med vanliga bokstäver först. Du kan sedan redigera namnet och lägga till en ikon/figur för ökad förståelse 👍🌎📣✔."
        }
      },
      "id": "eb7be955-51a0-435f-b925-148fff4cb56e",
      "createdTime": "2020-11-24T14:37:53.8230909Z",
      "updatedTime": "2020-11-24T14:37:53.8230909Z",
      "createdUserId": "f04d3cd9-b73d-4ba9-a1ed-9319eba29b21",
      "updatedUserId": "f04d3cd9-b73d-4ba9-a1ed-9319eba29b21"
    },
    {
      "channelContent": {
        "web": {
          "contentFormat": "Markdown",
          "content": "Kanalnamn får dock **inte** innehålla följande tecken eller ord.  \n**Tecken:** ~ # % & \\* {{ }} + / \\\\ : < > ? |' ' .\n\n**Ord:** Forms, CON, CONIN$, CONOUT$, PRN, AUX, NUL, COM1 till COM9, LPT1 till\n\nLPT9, desktop.ini, \\_vti\\_notes: Kanalnamn kan inte heller börja med ett understreck (\\_) eller punkt (.), eller sluta med en punkt(.)."
        }
      },
      "id": "67c4f81a-7896-42bd-8eaf-aa9f6b225d2a",
      "createdTime": "2020-12-11T11:23:20.651Z",
      "updatedTime": "2020-12-11T11:23:20.651Z",
      "createdUserId": "user-0",
      "updatedUserId": "user-0"
    },
    {
      "channelContent": {
        "web": {
          "contentFormat": "Markdown",
          "content": "_OBS! Notera att din organisation kan ha angivit en egen namnstandard._"
        }
      },
      "id": "b068cbc6-a393-4497-bd09-d7c39f2eb139",
      "createdTime": "2020-12-11T11:24:03.851Z",
      "updatedTime": "2020-12-11T11:24:03.851Z",
      "createdUserId": "user-0",
      "updatedUserId": "user-0"
    }
  ]
}