{
  "intents": [
    {
      "endUserOverrideName": "Compatibilité des versions Office",
      "triggerQueries": [
        "Quelle est la compatibilité entre versions Office",
        "Compatibilité des documents Office",
        "les fichiers nouvellement créés dans Teams peuvent-ils s'ouvrir dans les anciennes versions d'Office?",
        "L'ancienne version d'Office peut-elle ouvrir de nouveaux fichiers?",
        "Ouvrir mes documents dans les anciennes versions d'Office",
        "Puis-je travailler avec quelqu'un qui a une ancienne version d'Office ?",
        "Ouvrir de nouveaux documents dans d'anciennes versions d'Office?",
        "Ouvrir de nouveaux fichiers dans les anciennes versions d'Office?",
        "Ouvrir de nouveaux fichiers dans les anciennes versions d'Office?",
        "Les personnes disposant de versions antérieures d'Office peuvent-elles ouvrir des documents que j'ai créés à l'aide d'Office 365?"
      ],
      "dialogId": "new_topic_67febed06ee648d5ae2f35d17312e0f7",
      "isTriggeringEnabled": true,
      "id": "new_topic_67febed06ee648d5ae2f35d17312e0f7",
      "displayName": "Les personnes disposant de versions antérieures d'Office peuvent-elles ouvrir des documents que j'ai créés à l'aide d'Office 365?",
      "description": "",
      "createdTime": "2021-01-13T22:20:51.2381463Z",
      "updatedTime": "2021-05-25T00:34:46.881263Z",
      "createdUserId": "f04d3cd9-b73d-4ba9-a1ed-9319eba29b21",
      "updatedUserId": "a2c4aa2c-d830-41eb-bcf4-467a2c7e1279"
    }
  ],
  "dialogs": [
    {
      "rootNodeId": "b7961d09-bd1b-4383-b0e6-97c659070891",
      "messageNodes": [
        {
          "botMessageId": "a07eca79-a4fc-4653-a35d-9d56537f764d",
          "nodeType": "BotMessageNode",
          "id": "b7961d09-bd1b-4383-b0e6-97c659070891",
          "defaultTargetNodeId": "8ca62208-5178-4c80-a985-b0ac1546271e"
        }
      ],
      "dialogChangeNodes": [
        {
          "targetDialogId": "new_topic_eac3f49c99664313a9d9dc19d80a79a2_aeabea4d071f415c8c107e1cb7af5424_assumedsuccess",
          "nodeType": "DialogChangeNode",
          "id": "8ca62208-5178-4c80-a985-b0ac1546271e"
        }
      ],
      "id": "new_topic_67febed06ee648d5ae2f35d17312e0f7",
      "displayName": "Dialog for Can people with earlier versions of Office open documents I've created using Office 365?",
      "createdTime": "2021-01-13T22:20:51.2381463Z",
      "updatedTime": "2021-04-15T15:56:30.1002958Z",
      "createdUserId": "f04d3cd9-b73d-4ba9-a1ed-9319eba29b21",
      "updatedUserId": "e0b2a139-a3df-4f92-b6af-6b0d3038fe4b"
    }
  ],
  "botMessages": [
    {
      "channelContent": {
        "web": {
          "contentFormat": "Markdown",
          "content": "Les personnes utilisant les applications Office 365, Office 2019, Office 2016, Office 2013 et Office 2010 peuvent ouvrir des documents créés à l'aide de Microsoft 365 sans aucune autre action."
        }
      },
      "id": "a07eca79-a4fc-4653-a35d-9d56537f764d",
      "createdTime": "2021-01-13T22:20:51.2381463Z",
      "updatedTime": "2021-01-13T22:20:51.2381463Z",
      "createdUserId": "f04d3cd9-b73d-4ba9-a1ed-9319eba29b21",
      "updatedUserId": "f04d3cd9-b73d-4ba9-a1ed-9319eba29b21"
    }
  ],
  "createdUtc": "0001-01-01T00:00:00Z"
}