{
  "intents": [
    {
      "endUserOverrideName": "How many members can a team have?",
      "triggerQueries": [
        "How many members can a team have?",
        "What's the member limit for a team?",
        "What's the maximum number of members I can have in a team?",
        "maximum number of members in a team",
        "how many can you be in a team?",
        "how big can a team be?",
        "size of team",
        "maximum limit of members",
        "How many members can I add to my Team?",
        "Maximum number in the same team?",
        "Can I add all my team members to the new Team?",
        "maximum number of team members?",
        "What is the maximum number of members I can have in a team?"
      ],
      "dialogId": "new_topic_7321abdb8bbe4c62bfe401624d24868e",
      "isTriggeringEnabled": true,
      "canTriggeringBeDisabled": true,
      "id": "new_topic_7321abdb8bbe4c62bfe401624d24868e",
      "displayName": "What is the maximum number of members I can have in a team?",
      "description": "https://adoptbotv2kb.blob.core.windows.net/%24web/AdoptBot2021-English.docx",
      "createdTime": "2021-01-13T22:20:51.2371466Z",
      "updatedTime": "2021-01-27T23:14:08.8044296Z",
      "createdUserId": "f04d3cd9-b73d-4ba9-a1ed-9319eba29b21",
      "updatedUserId": "f04d3cd9-b73d-4ba9-a1ed-9319eba29b21",
      "isManaged": false,
      "isCustomizable": true,
      "etag": "W/\"237912\"",
      "versionNumber": 237912,
      "componentId": "6ab211bd-9018-432c-afb7-f68ce50f680c"
    }
  ],
  "dialogs": [
    {
      "rootNodeId": "ddf12bbd-9e02-4866-addd-d8c5addf1c3b",
      "messageNodes": [
        {
          "botMessageId": "39778632-9268-4f57-878a-f67027c13794",
          "nodeType": "BotMessageNode",
          "id": "ddf12bbd-9e02-4866-addd-d8c5addf1c3b",
          "defaultTargetNodeId": "9dde013a-a7d3-4cd2-8da3-28c4f6f84e47"
        },
        {
          "botMessageId": "cd5be041-d172-43e6-9183-d9ad5f1c57d9",
          "nodeType": "BotMessageNode",
          "id": "9dde013a-a7d3-4cd2-8da3-28c4f6f84e47",
          "defaultTargetNodeId": "ddd671cd-6931-46c9-a987-466a9e841e5c"
        }
      ],
      "dialogChangeNodes": [
        {
          "targetDialogId": "new_topic_eac3f49c99664313a9d9dc19d80a79a2_aeabea4d071f415c8c107e1cb7af5424_assumedsuccess",
          "nodeType": "DialogChangeNode",
          "id": "ddd671cd-6931-46c9-a987-466a9e841e5c"
        }
      ],
      "id": "new_topic_7321abdb8bbe4c62bfe401624d24868e",
      "displayName": "Dialog for What is the maximum number of members I can have in a team?",
      "createdTime": "2021-01-13T22:20:51.2371466Z",
      "updatedTime": "2021-03-24T23:41:11.09221Z",
      "createdUserId": "f04d3cd9-b73d-4ba9-a1ed-9319eba29b21",
      "updatedUserId": "91c0615b-2f8b-4fe4-8d92-1a7b7e56e5f6",
      "versionNumber": 0,
      "componentId": "00000000-0000-0000-0000-000000000000"
    }
  ],
  "botMessages": [
    {
      "channelContent": {
        "web": {
          "contentFormat": "Markdown",
          "content": "[The maximum number of members of a team](https://docs.microsoft.com/en-us/microsoftteams/limits-specifications-teams) is 25,000 people (early 2021)."
        }
      },
      "id": "39778632-9268-4f57-878a-f67027c13794",
      "createdTime": "2021-01-13T22:20:51.2371466Z",
      "updatedTime": "2021-01-13T22:20:51.2371466Z",
      "createdUserId": "f04d3cd9-b73d-4ba9-a1ed-9319eba29b21",
      "updatedUserId": "f04d3cd9-b73d-4ba9-a1ed-9319eba29b21",
      "versionNumber": 0,
      "componentId": "00000000-0000-0000-0000-000000000000"
    },
    {
      "channelContent": {
        "web": {
          "contentFormat": "Markdown",
          "content": "💡 Always click on the link for the latest info, as the limit may have been raised."
        }
      },
      "id": "cd5be041-d172-43e6-9183-d9ad5f1c57d9",
      "createdTime": "2021-03-24T23:41:04.915Z",
      "updatedTime": "2021-03-24T23:41:04.915Z",
      "createdUserId": "user-0",
      "updatedUserId": "user-0",
      "versionNumber": 0,
      "componentId": "00000000-0000-0000-0000-000000000000"
    }
  ],
  "createdUtc": "0001-01-01T00:00:00Z"
}