{
  "intents": [
    {
      "endUserOverrideName": "",
      "triggerQueries": [
        "Das neue Meeting-Erlebnis in Teams aktivieren",
        "Neues Meeting-Erlebnis",
        "Wie aktiviere ich das neue Meeting-Design?",
        "Wie bekomme ich Meetings in einem separaten Fenster?",
        "Wie öffne ich Meetings in einem neuen Fenster?",
        "Ich sehe die große Galerie nicht",
        "Ich sehe den Together-Mode nicht",
        "Die moderne Meetingdarstellung einschalten?",
        "Modernes Meeting-Erlebnis ermöglichen"
      ],
      "dialogId": "new_topic_d39aa016e5604bc08409b51df336ebf1",
      "isTriggeringEnabled": true,
      "id": "new_topic_d39aa016e5604bc08409b51df336ebf1",
      "displayName": "Modernes Meeting-Erlebnis ermöglichen",
      "description": "",
      "createdTime": "2021-04-19T08:48:41.7339442Z",
      "updatedTime": "2021-04-19T08:48:41.7339442Z",
      "createdUserId": "86360cd1-faa6-4d16-8a0c-ba3116c8a977"
    }
  ],
  "dialogs": [
    {
      "rootNodeId": "67bc98d6-903b-4ac7-b2dc-5230470a6842",
      "messageNodes": [
        {
          "botMessageId": "5c98a8ce-0d05-41b6-9f31-3bdc48851a60",
          "nodeType": "BotMessageNode",
          "id": "67bc98d6-903b-4ac7-b2dc-5230470a6842",
          "defaultTargetNodeId": "25a99206-9eb5-4002-b979-d9fddf980abd"
        },
        {
          "botMessageId": "d1ac8749-a87a-4bd4-9896-5d39b6a0232b",
          "nodeType": "BotMessageNode",
          "id": "25a99206-9eb5-4002-b979-d9fddf980abd",
          "defaultTargetNodeId": "22fdbc95-4e52-4666-b64a-1c452734bacd"
        }
      ],
      "dialogChangeNodes": [
        {
          "targetDialogId": "new_topic_30867099f4b543d3b8543a85c22c3418_aeabea4d071f415c8c107e1cb7af5424_assumedsuccess",
          "nodeType": "DialogChangeNode",
          "id": "22fdbc95-4e52-4666-b64a-1c452734bacd"
        }
      ],
      "id": "new_topic_d39aa016e5604bc08409b51df336ebf1",
      "displayName": "Dialog for Modernes Meeting-Erlebnis ermöglichen",
      "createdTime": "2021-04-19T08:48:41.7339442Z",
      "updatedTime": "2021-04-19T08:49:25.8016432Z",
      "createdUserId": "86360cd1-faa6-4d16-8a0c-ba3116c8a977",
      "updatedUserId": "86360cd1-faa6-4d16-8a0c-ba3116c8a977"
    }
  ],
  "botMessages": [
    {
      "channelContent": {
        "web": {
          "contentFormat": "Markdown",
          "content": "So aktivieren Sie das neue Meeting-Erlebnis:\n\n1.  Öffnen Sie die Einstellungen in Teams.\n2.  Klicken Sie auf Allgemeine Einstellungen.\n3.  Wählen Sie Neue Besprechungserfahrung einschalten.\n4.  Starten Sie Teams neu, indem Sie mit der rechten Maustaste auf sein Symbol klicken und Beenden wählen."
        }
      },
      "id": "5c98a8ce-0d05-41b6-9f31-3bdc48851a60",
      "createdTime": "2021-04-19T08:48:41.7339442Z",
      "updatedTime": "2021-04-19T08:48:41.7339442Z",
      "createdUserId": "86360cd1-faa6-4d16-8a0c-ba3116c8a977",
      "updatedUserId": "86360cd1-faa6-4d16-8a0c-ba3116c8a977"
    },
    {
      "channelContent": {
        "web": {
          "contentFormat": "Markdown",
          "content": "_Diese Wahl wird/wurde in Zukunft zum Standard und muss nicht mehr getroffen werden._"
        }
      },
      "id": "d1ac8749-a87a-4bd4-9896-5d39b6a0232b",
      "createdTime": "2021-04-19T08:49:04.052Z",
      "updatedTime": "2021-04-19T08:49:04.052Z",
      "createdUserId": "user-0",
      "updatedUserId": "user-0"
    }
  ],
  "createdUtc": "0001-01-01T00:00:00Z"
}