{
  "intents": [
    {
      "triggerQueries": [
        "Cosa significa OneDrive",
        "salvare i file in OneDrive",
        "Cartella Smart",
        "Spiegami cos'è OneDrive",
        "Cartella per i miei file?",
        "Cos'è OneDrive?"
      ],
      "dialogId": "new_topic_634fba9c5c5e46e5b6a06ff56296fd18",
      "isTriggeringEnabled": true,
      "id": "new_topic_634fba9c5c5e46e5b6a06ff56296fd18",
      "displayName": "Cos'è OneDrive?",
      "createdTime": "2022-04-29T23:11:26.5118036Z",
      "updatedTime": "2022-04-29T23:11:41.8373828Z",
      "createdUserId": "9451fc51-e00d-4445-8ff9-efb70866dc3b",
      "updatedUserId": "9451fc51-e00d-4445-8ff9-efb70866dc3b"
    }
  ],
  "dialogs": [
    {
      "rootNodeId": "a9609527-772a-4adb-a292-2c84163abf8b",
      "messageNodes": [
        {
          "botMessageId": "72df519f-a2ba-40f6-b3c4-ec40f64b635e",
          "nodeType": "BotMessageNode",
          "id": "a9609527-772a-4adb-a292-2c84163abf8b",
          "defaultTargetNodeId": "815bf170-bf2f-4f90-b60e-7a2f11d3c90e"
        }
      ],
      "dialogChangeNodes": [
        {
          "targetDialogId": "new_topic_f98a24608ee04cb998de3e3e32703d5b_aeabea4d071f415c8c107e1cb7af5424_assumedsuccess",
          "nodeType": "DialogChangeNode",
          "id": "815bf170-bf2f-4f90-b60e-7a2f11d3c90e"
        }
      ],
      "id": "new_topic_634fba9c5c5e46e5b6a06ff56296fd18",
      "displayName": "Senza titolo",
      "createdTime": "2022-04-29T23:11:26.5118036Z",
      "updatedTime": "2022-04-29T23:11:41.8373828Z",
      "createdUserId": "9451fc51-e00d-4445-8ff9-efb70866dc3b",
      "updatedUserId": "9451fc51-e00d-4445-8ff9-efb70866dc3b"
    }
  ],
  "botMessages": [
    {
      "channelContent": {
        "web": {
          "contentFormat": "Markdown",
          "content": "OneDrive è un servizio di archiviazione online che puoi utilizzare per archiviare documenti, note, foto, musica, video o altri tipi di file. Con OneDrive puoi accedere ai tuoi file da quasi tutti i dispositivi e condividerli con altri."
        }
      },
      "id": "72df519f-a2ba-40f6-b3c4-ec40f64b635e",
      "createdTime": "2022-04-29T22:55:39.728Z",
      "updatedTime": "2022-04-29T22:55:39.728Z"
    }
  ]
}