{
  "intents": [
    {
      "endUserOverrideName": "分組討論室",
      "triggerQueries": [
        "指派分組討論室管理人",
        "指派breakout room管理人",
        "管理breakout room",
        "管理分組討論室",
        "breakout room",
        "分組討論室",
        "預先建立分組討論室"
      ],
      "dialogId": "new_topic_9e707e3668c14c8a81197ca5d7b20f7f",
      "isTriggeringEnabled": true,
      "id": "new_topic_9e707e3668c14c8a81197ca5d7b20f7f",
      "displayName": "分組討論室",
      "description": "",
      "createdTime": "2021-11-22T09:01:21.1440583Z",
      "updatedTime": "2021-11-22T09:22:36.5595698Z",
      "createdUserId": "9c968d43-f7c2-4e28-895c-1f6bcefcd8be",
      "updatedUserId": "9c968d43-f7c2-4e28-895c-1f6bcefcd8be"
    }
  ],
  "dialogs": [
    {
      "rootNodeId": "6ae4869e-6599-4b90-acb5-9269b6749a3a",
      "messageNodes": [
        {
          "botMessageId": "a196eee8-21d8-40af-83b8-df8552c4c876",
          "nodeType": "BotMessageNode",
          "id": "6ae4869e-6599-4b90-acb5-9269b6749a3a",
          "defaultTargetNodeId": "bdf4ce55-f88c-4d01-b88d-a418f0b40b72"
        },
        {
          "botMessageId": "d635bbe7-2568-4706-9d25-704559cf860f",
          "nodeType": "BotMessageNode",
          "id": "bdf4ce55-f88c-4d01-b88d-a418f0b40b72",
          "defaultTargetNodeId": "540c6619-0278-4d2c-a4ba-3190e7b11816"
        }
      ],
      "dialogChangeNodes": [
        {
          "targetDialogId": "new_topic_e2d1671328b941dbb60fa7150059b1ee_aeabea4d071f415c8c107e1cb7af5424_assumedsuccess",
          "nodeType": "DialogChangeNode",
          "id": "540c6619-0278-4d2c-a4ba-3190e7b11816"
        }
      ],
      "id": "new_topic_9e707e3668c14c8a81197ca5d7b20f7f",
      "displayName": "Dialog for 分組討論室",
      "createdTime": "2021-11-22T09:01:21.1440583Z",
      "updatedTime": "2021-11-22T09:22:36.5595698Z",
      "createdUserId": "9c968d43-f7c2-4e28-895c-1f6bcefcd8be",
      "updatedUserId": "9c968d43-f7c2-4e28-895c-1f6bcefcd8be"
    }
  ],
  "botMessages": [
    {
      "channelContent": {
        "web": {
          "contentFormat": "Markdown",
          "content": "[分組討論室  Breakout room](https://support.microsoft.com/zh-tw/office/%E5%9C%A8-teams-%E6%9C%83%E8%AD%B0%E5%8A%A0%E5%85%A5%E5%88%86%E7%B5%84%E8%A8%8E%E8%AB%96%E5%8D%80-428e95a6-bd4d-49ba-bbeb-ed62098ee0f9)\n\n當召集人開啟分組討論區後，系統就會將您移至指派的分組討論區。 否則，您會收到加入分組討論區的邀請。"
        }
      },
      "id": "a196eee8-21d8-40af-83b8-df8552c4c876",
      "createdTime": "2021-11-22T09:01:21.1440583Z",
      "updatedTime": "2021-11-22T09:01:21.1440583Z",
      "createdUserId": "9c968d43-f7c2-4e28-895c-1f6bcefcd8be",
      "updatedUserId": "9c968d43-f7c2-4e28-895c-1f6bcefcd8be"
    },
    {
      "channelContent": {
        "web": {
          "contentFormat": "Markdown",
          "content": "會議室管理者相關功能:\n\n1\\. 會議召集者管理分組討論室\n\n參考  - [管理分組討論區](https://support.microsoft.com/zh-tw/topic/%E5%9C%A8%E8%AA%B2%E7%A8%8B%E6%9C%83%E8%AD%B0%E4%B8%AD%E5%BB%BA%E7%AB%8B%E4%B8%A6%E7%AE%A1%E7%90%86%E5%88%86%E7%B5%84%E8%A8%8E%E8%AB%96%E5%8D%80-18b340cd-1106-4fa5-a852-5676614f7e7d)\n\n2.會議召集者可指派主講人管理分組討論室\n\n參考- [分組討論會議室的管理員支援](https://news.microsoft.com/zh-tw/features/teams-2021-10/)\n\n3\\. 會議開始之前,預先分派分組討論室\n\n參考 - [會前會議室並指派參與者](https://news.microsoft.com/zh-tw/features/teams-2021-10/)"
        }
      },
      "id": "d635bbe7-2568-4706-9d25-704559cf860f",
      "createdTime": "2021-11-22T09:15:20.929Z",
      "updatedTime": "2021-11-22T09:15:20.929Z",
      "createdUserId": "user-0",
      "updatedUserId": "user-0"
    }
  ]
}