{
  "intents": [
    {
      "intentType": "Regular",
      "triggerQueries": [
        "funkar office på mobilen?",
        "Kan jag använda office på min telefon?",
        "funkar office på min enhet?",
        "kan min enhet köra office",
        "Hur vet jag om enheten kan köra Office?"
      ],
      "dialogId": "new_topic_972215a2b7f844ba8fc51e2fadacd8bf",
      "isTriggeringEnabled": true,
      "id": "new_topic_972215a2b7f844ba8fc51e2fadacd8bf",
      "displayName": "Hur vet jag om enheten kan köra Office?",
      "description": "",
      "createdTime": "2020-11-24T14:37:53.8220925Z",
      "updatedTime": "2020-12-11T13:44:00.7840139Z",
      "createdUserId": "f04d3cd9-b73d-4ba9-a1ed-9319eba29b21",
      "updatedUserId": "f04d3cd9-b73d-4ba9-a1ed-9319eba29b21"
    }
  ],
  "dialogs": [
    {
      "rootNodeId": "942d075c-cf57-4307-9967-93ddce0a8fbb",
      "messageNodes": [
        {
          "botMessageId": "0ca4d8aa-1659-4cb4-abdd-68d354640141",
          "nodeType": "BotMessageNode",
          "id": "942d075c-cf57-4307-9967-93ddce0a8fbb",
          "defaultTargetNodeId": "d9889894-0af4-42e4-8413-27abe58ea523"
        }
      ],
      "dialogChangeNodes": [
        {
          "targetDialogId": "new_topic_84ec227c19784e7ba25cb34f4638f91e_aeabea4d071f415c8c107e1cb7af5424_assumedsuccess",
          "nodeType": "DialogChangeNode",
          "id": "d9889894-0af4-42e4-8413-27abe58ea523"
        }
      ],
      "id": "new_topic_972215a2b7f844ba8fc51e2fadacd8bf",
      "displayName": "Dialog for Hur vet jag om enheten kan köra Office?",
      "createdTime": "2020-11-24T14:37:53.8220925Z",
      "updatedTime": "2020-11-24T14:37:53.8220925Z",
      "createdUserId": "f04d3cd9-b73d-4ba9-a1ed-9319eba29b21",
      "updatedUserId": "f04d3cd9-b73d-4ba9-a1ed-9319eba29b21"
    }
  ],
  "botMessages": [
    {
      "channelContent": {
        "web": {
          "contentFormat": "Markdown",
          "content": "Office 365 är kompatibelt med Windows, Mac, iPhone, Android. För kompatibla versioner av Windows och macOS, och för andra funktionskrav se [Systemkrav](https://products.office.com/sv-se/office-system-requirements)"
        }
      },
      "id": "0ca4d8aa-1659-4cb4-abdd-68d354640141",
      "createdTime": "2020-11-24T14:37:53.8220925Z",
      "updatedTime": "2020-11-24T14:37:53.8220925Z",
      "createdUserId": "f04d3cd9-b73d-4ba9-a1ed-9319eba29b21",
      "updatedUserId": "f04d3cd9-b73d-4ba9-a1ed-9319eba29b21"
    }
  ]
}