{
  "intents": [
    {
      "endUserOverrideName": "加入 Teams 會議",
      "triggerQueries": [
        "Join ad hoc meetings",
        "Start an instant meeting",
        "Meet Now",
        "Start a quick meeting",
        "How can I join my meetings?",
        "join a closed meeting?",
        "join meeting",
        "how do I join a meeting",
        "join a teams meeting",
        "join a meeting",
        "What are the steps to join a Teams meeting?",
        "Can I join a Teams meeting before or after it starts?",
        "When can I join the meeting?",
        "join the meeting before it starts?",
        "How do I join a Team meeting?",
        "參加臨時會議",
        "開啟臨時會議",
        "現在開會",
        "快速開啟會議",
        "如何參加我的會議",
        "參加非公開會議 ?",
        "參加會議",
        "我如何參加會議",
        "參加一場 Teams 會議",
        "參加一場會議",
        "參加 Teams 會議的步驟是什麼？",
        "我可以在 Teams 會議開始前或後加入會議嗎",
        "我何時可以加入會議 ?",
        "在會議開始前加入會議",
        "我如何加入一場 Teams 會議 ?"
      ],
      "dialogId": "new_topic_d2a9c42ec13b45dab03ac3ddc0ae38dc",
      "isTriggeringEnabled": true,
      "id": "new_topic_d2a9c42ec13b45dab03ac3ddc0ae38dc",
      "displayName": "如何加入 Teams 會議 ?",
      "description": "https://adoptbotv2kb.blob.core.windows.net/%24web/AdoptBot2021-English.docx",
      "createdTime": "2021-11-17T06:30:09.0586623Z",
      "updatedTime": "2021-11-17T06:30:48.4507971Z",
      "createdUserId": "9c968d43-f7c2-4e28-895c-1f6bcefcd8be",
      "updatedUserId": "9c968d43-f7c2-4e28-895c-1f6bcefcd8be"
    }
  ],
  "dialogs": [
    {
      "rootNodeId": "c07b9d4c-2f33-4fa1-a891-8351f3a0ffa6",
      "messageNodes": [
        {
          "botMessageId": "e96ac66b-4757-4711-be5e-61084ba6ade1",
          "nodeType": "BotMessageNode",
          "id": "c07b9d4c-2f33-4fa1-a891-8351f3a0ffa6",
          "defaultTargetNodeId": "e8846631-3097-43bb-9267-2c0684ecf0d8"
        },
        {
          "botMessageId": "bc550ec1-8401-40bb-a20c-43d6150d9c8a",
          "nodeType": "BotMessageNode",
          "id": "e8846631-3097-43bb-9267-2c0684ecf0d8",
          "defaultTargetNodeId": "5e78091a-a62e-4f7a-8085-0d1ee7c25789"
        },
        {
          "botMessageId": "31e4b338-73d1-43f3-999a-78707bf71c9f",
          "nodeType": "BotMessageNode",
          "id": "5e78091a-a62e-4f7a-8085-0d1ee7c25789",
          "defaultTargetNodeId": "17abacb2-a9fb-45e8-aaf9-8b16357d5aa3"
        }
      ],
      "dialogChangeNodes": [
        {
          "targetDialogId": "new_topic_e2d1671328b941dbb60fa7150059b1ee_aeabea4d071f415c8c107e1cb7af5424_assumedsuccess",
          "nodeType": "DialogChangeNode",
          "id": "17abacb2-a9fb-45e8-aaf9-8b16357d5aa3"
        }
      ],
      "id": "new_topic_d2a9c42ec13b45dab03ac3ddc0ae38dc",
      "displayName": "Dialog for 如何加入 Teams 會議 ?",
      "createdTime": "2021-11-17T06:30:09.0586623Z",
      "updatedTime": "2021-11-17T06:30:48.4507971Z",
      "createdUserId": "9c968d43-f7c2-4e28-895c-1f6bcefcd8be",
      "updatedUserId": "9c968d43-f7c2-4e28-895c-1f6bcefcd8be"
    }
  ],
  "botMessages": [
    {
      "channelContent": {
        "web": {
          "contentFormat": "Markdown",
          "content": "[在 Teams 中加入會議 (microsoft.com)](https://support.microsoft.com/zh-tw/office/%E5%9C%A8-teams-%E4%B8%AD%E5%8A%A0%E5%85%A5%E6%9C%83%E8%AD%B0-1613bb53-f3fa-431e-85a9-d6a91e3468c9)\n\n點選會議中的連結邀請或直接選擇加入 Teams 。"
        }
      },
      "id": "e96ac66b-4757-4711-be5e-61084ba6ade1",
      "createdTime": "2021-11-17T06:30:09.0586623Z",
      "updatedTime": "2021-11-17T06:30:09.0586623Z",
      "createdUserId": "9c968d43-f7c2-4e28-895c-1f6bcefcd8be",
      "updatedUserId": "9c968d43-f7c2-4e28-895c-1f6bcefcd8be"
    },
    {
      "channelContent": {
        "web": {
          "contentFormat": "Markdown",
          "content": "透過 Teams 行事曆，您可以查看行事曆並加入和/或安排團隊會議。\n\n[在小組中開始立即會議 (microsoft.com)](https://support.microsoft.com/zh-tw/office/%E5%9C%A8%E5%B0%8F%E7%B5%84%E4%B8%AD%E9%96%8B%E5%A7%8B%E7%AB%8B%E5%8D%B3%E6%9C%83%E8%AD%B0-ff95e53f-8231-4739-87fa-00b9723f4ef5)也可以從這裡開始。"
        }
      },
      "id": "bc550ec1-8401-40bb-a20c-43d6150d9c8a",
      "createdTime": "2021-11-17T06:30:30.579Z",
      "updatedTime": "2021-11-17T06:30:30.579Z",
      "createdUserId": "user-0",
      "updatedUserId": "user-0"
    },
    {
      "channelContent": {
        "web": {
          "contentFormat": "Markdown",
          "content": "_如果您的組織提供音訊會議作為選項，則會議邀請函中將顯示撥入號碼。_"
        }
      },
      "id": "31e4b338-73d1-43f3-999a-78707bf71c9f",
      "createdTime": "2021-11-17T06:30:38.216Z",
      "updatedTime": "2021-11-17T06:30:38.216Z",
      "createdUserId": "user-0",
      "updatedUserId": "user-0"
    }
  ]
}