{
  "intents": [
    {
      "endUserOverrideName": "Accéder à OneNote",
      "triggerQueries": [
        "J'ai Office, mais je ne vois pas OneNote?",
        "Quel OneNote dois-je utiliser?",
        "différences entre les versions de OneNote",
        "Je ne trouve pas OneNote",
        "OneNote pour Windows 10",
        "Comment obtenir OneNote?",
        "Comment puis-je obtenir OneNote?"
      ],
      "dialogId": "new_topic_72abe3aa1aa24fee8008809254d3301b",
      "isTriggeringEnabled": true,
      "id": "new_topic_72abe3aa1aa24fee8008809254d3301b",
      "displayName": "Comment puis-je obtenir OneNote?",
      "description": "",
      "createdTime": "2021-01-13T22:20:51.2381463Z",
      "updatedTime": "2021-05-25T00:21:05.7650174Z",
      "createdUserId": "f04d3cd9-b73d-4ba9-a1ed-9319eba29b21",
      "updatedUserId": "a2c4aa2c-d830-41eb-bcf4-467a2c7e1279"
    }
  ],
  "dialogs": [
    {
      "rootNodeId": "feb5479f-f905-4b75-b49b-140fdc5401f3",
      "messageNodes": [
        {
          "botMessageId": "09daf90a-2404-4c3b-bfae-00793132af62",
          "nodeType": "BotMessageNode",
          "id": "feb5479f-f905-4b75-b49b-140fdc5401f3",
          "defaultTargetNodeId": "9e59a5b0-e9b8-40ac-8f63-88e4c59b880e"
        }
      ],
      "dialogChangeNodes": [
        {
          "targetDialogId": "new_topic_eac3f49c99664313a9d9dc19d80a79a2_aeabea4d071f415c8c107e1cb7af5424_assumedsuccess",
          "nodeType": "DialogChangeNode",
          "id": "9e59a5b0-e9b8-40ac-8f63-88e4c59b880e"
        }
      ],
      "id": "new_topic_72abe3aa1aa24fee8008809254d3301b",
      "displayName": "Dialog for How can I get OneNote?",
      "createdTime": "2021-01-13T22:20:51.2381463Z",
      "updatedTime": "2021-04-28T07:50:15.4833372Z",
      "createdUserId": "f04d3cd9-b73d-4ba9-a1ed-9319eba29b21",
      "updatedUserId": "e0b2a139-a3df-4f92-b6af-6b0d3038fe4b"
    }
  ],
  "botMessages": [
    {
      "channelContent": {
        "web": {
          "contentFormat": "Markdown",
          "content": "Selon l'appareil que vous utilisez, il peut y [avoir différentes versions de OneNote](https://support.microsoft.com/fr-fr/office/quelle-est-la-diff%c3%a9rence-entre-les-versions-de-onenote-a624e692-b78b-4c09-b07f-46181958118f?ui=fr-FR&rs=fr-FR&ad=FR)\n\n*   OneNote (anciennement appelé «OneNote 2016») est une application de bureau gratuite et fait partie d'Office 2019 et de Microsoft 365.\n*   OneNote pour Windows 10 est préinstallé sur toutes les éditions de Windows 10 et peut être téléchargé gratuitement dans le [Microsoft Store](https://www.microsoft.com/store/productId/9WZDNCRFHVJL)"
        }
      },
      "id": "09daf90a-2404-4c3b-bfae-00793132af62",
      "createdTime": "2021-01-13T22:20:51.2381463Z",
      "updatedTime": "2021-01-13T22:20:51.2381463Z",
      "createdUserId": "f04d3cd9-b73d-4ba9-a1ed-9319eba29b21",
      "updatedUserId": "f04d3cd9-b73d-4ba9-a1ed-9319eba29b21"
    }
  ]
}