{
  "intents": [
    {
      "endUserOverrideName": "Outlook add-in for Teams meetings",
      "triggerQueries": [
        "button in outlook to add teams meeting",
        "Outlook add-in for Teams meetings",
        "book teams meeting in outlook",
        "Where is the Outlook add-in for Teams Meetings?",
        "Outlook Appointment Add-in",
        "Where can I find the Outlook add-in for Teams meetings?"
      ],
      "dialogId": "new_topic_c89783fb36af4609a4aed8aefd209d54",
      "isTriggeringEnabled": true,
      "id": "new_topic_c89783fb36af4609a4aed8aefd209d54",
      "displayName": "Where can I find the Outlook add-in for Teams meetings?",
      "description": "",
      "createdTime": "2021-01-13T22:20:51.2381463Z",
      "updatedTime": "2023-11-16T13:39:08.8702899Z",
      "createdUserId": "f04d3cd9-b73d-4ba9-a1ed-9319eba29b21",
      "updatedUserId": "c8d29cfd-efef-47c1-8e02-210c8be30c37"
    }
  ],
  "dialogs": [
    {
      "rootNodeId": "d970bd17-db14-46f6-8505-521147d6d0f9",
      "messageNodes": [
        {
          "botMessageId": "706c2d96-0969-489a-86a2-c9a2c57b1008",
          "nodeType": "BotMessageNode",
          "id": "d970bd17-db14-46f6-8505-521147d6d0f9",
          "defaultTargetNodeId": "336c2851-5589-43f7-bdc8-68444c48d402"
        },
        {
          "botMessageId": "bede79f3-b5b0-44ed-9e1b-e47cc5d29f1c",
          "nodeType": "BotMessageNode",
          "id": "c21f53dd-9ec2-4d94-bd3f-dda4df729983",
          "defaultTargetNodeId": "45284600-e285-4450-a753-f3685e31ada7"
        },
        {
          "botMessageId": "c6fc51b5-2fb2-472b-b43b-f0e539a14607",
          "nodeType": "BotMessageNode",
          "id": "336c2851-5589-43f7-bdc8-68444c48d402",
          "defaultTargetNodeId": "c21f53dd-9ec2-4d94-bd3f-dda4df729983"
        }
      ],
      "dialogChangeNodes": [
        {
          "targetDialogId": "new_topic_eac3f49c99664313a9d9dc19d80a79a2_aeabea4d071f415c8c107e1cb7af5424_assumedsuccess",
          "nodeType": "DialogChangeNode",
          "id": "45284600-e285-4450-a753-f3685e31ada7"
        }
      ],
      "id": "new_topic_c89783fb36af4609a4aed8aefd209d54",
      "displayName": "Dialog for Where can I find the Outlook add-in for Teams meetings?",
      "createdTime": "2021-01-13T22:20:51.2381463Z",
      "updatedTime": "2023-11-16T13:39:08.8702895Z",
      "createdUserId": "f04d3cd9-b73d-4ba9-a1ed-9319eba29b21",
      "updatedUserId": "c8d29cfd-efef-47c1-8e02-210c8be30c37"
    }
  ],
  "botMessages": [
    {
      "channelContent": {
        "web": {
          "contentFormat": "Markdown",
          "content": "**The Teams Meeting add-in** is automatically installed for users who have Microsoft Teams and either Office 2013, Office 2016, or Office 2019 installed on their Windows PC."
        }
      },
      "id": "706c2d96-0969-489a-86a2-c9a2c57b1008",
      "createdTime": "2021-01-13T22:20:51.2381463Z",
      "updatedTime": "2021-01-13T22:20:51.2381463Z",
      "createdUserId": "f04d3cd9-b73d-4ba9-a1ed-9319eba29b21",
      "updatedUserId": "f04d3cd9-b73d-4ba9-a1ed-9319eba29b21"
    },
    {
      "channelContent": {
        "web": {
          "contentFormat": "Markdown",
          "content": "**For Outlook on the web**, Teams meetings are created automatically when attendees are invited (can be disabled)."
        }
      },
      "id": "bede79f3-b5b0-44ed-9e1b-e47cc5d29f1c",
      "createdTime": "2021-01-27T23:01:49.776Z",
      "updatedTime": "2021-01-27T23:01:49.776Z",
      "createdUserId": "user-0",
      "updatedUserId": "user-0"
    },
    {
      "channelContent": {
        "web": {
          "contentFormat": "Markdown",
          "content": " Users see the Teams meeting \" add- in\" on the ribbon in the Outlook calendar.\n\n[Use the Teams meeting add-in in Outlook](https://docs.microsoft.com/en-us/microsoftteams/teams-add-in-for-outlook)"
        }
      },
      "id": "c6fc51b5-2fb2-472b-b43b-f0e539a14607",
      "createdTime": "2021-01-27T23:01:52.752Z",
      "updatedTime": "2021-01-27T23:01:52.752Z",
      "createdUserId": "user-0",
      "updatedUserId": "user-0"
    }
  ]
}