{
  "intents": [
    {
      "triggerQueries": [
        "Kann jeder Live Events starten?",
        "Kann jeder Live Events erstellen?",
        "Wer kann Live Events erstellen?",
        "Wer kann Live Events starten?"
      ],
      "dialogId": "new_topic_713afe8ff9894890a4cd22c1312353a0",
      "isTriggeringEnabled": true,
      "id": "new_topic_713afe8ff9894890a4cd22c1312353a0",
      "displayName": "Wer kann Live Events starten?",
      "description": "https://adoptbotv2kb.blob.core.windows.net/%24web/AdoptBot2021-English.docx",
      "createdTime": "2021-04-18T19:50:28.7537626Z",
      "updatedTime": "2021-04-18T19:50:28.7537626Z",
      "createdUserId": "86360cd1-faa6-4d16-8a0c-ba3116c8a977"
    }
  ],
  "dialogs": [
    {
      "rootNodeId": "6dbd5fb1-2981-4994-bbc9-09a8f9ce96e2",
      "messageNodes": [
        {
          "botMessageId": "b3032eb8-4013-4322-9493-17e8e17c2625",
          "nodeType": "BotMessageNode",
          "id": "6dbd5fb1-2981-4994-bbc9-09a8f9ce96e2",
          "defaultTargetNodeId": "3c540d33-af97-4dcc-b335-22728d557246"
        }
      ],
      "dialogChangeNodes": [
        {
          "targetDialogId": "new_topic_30867099f4b543d3b8543a85c22c3418_aeabea4d071f415c8c107e1cb7af5424_assumedsuccess",
          "nodeType": "DialogChangeNode",
          "id": "3c540d33-af97-4dcc-b335-22728d557246"
        }
      ],
      "id": "new_topic_713afe8ff9894890a4cd22c1312353a0",
      "displayName": "Dialog for Wer kann Live Events starten?",
      "createdTime": "2021-04-18T19:50:28.7537626Z",
      "updatedTime": "2021-04-18T19:53:33.0950394Z",
      "createdUserId": "86360cd1-faa6-4d16-8a0c-ba3116c8a977",
      "updatedUserId": "86360cd1-faa6-4d16-8a0c-ba3116c8a977"
    }
  ],
  "botMessages": [
    {
      "channelContent": {
        "web": {
          "contentFormat": "Markdown",
          "content": "Für vollständige Details siehe: [Planen von Liveereignissen in Microsoft Teams](https://docs.microsoft.com/de-de/microsoftteams/teams-live-events/plan-for-teams-live-events#who-can-attend-create-and-schedule-live-events)\n\nUm ein Live-Event zu erstellen, wird folgendes benötigt:\n\n*   Eine Microsoft/Office 365 Enterprise E3/A3- oder E5/A5-Lizenz\n*   _Ihr IT-Administrator kann Ihnen weitere Informationen geben._"
        }
      },
      "id": "b3032eb8-4013-4322-9493-17e8e17c2625",
      "createdTime": "2021-04-18T19:50:28.7537626Z",
      "updatedTime": "2021-04-18T19:50:28.7537626Z",
      "createdUserId": "86360cd1-faa6-4d16-8a0c-ba3116c8a977",
      "updatedUserId": "86360cd1-faa6-4d16-8a0c-ba3116c8a977"
    }
  ],
  "createdUtc": "0001-01-01T00:00:00Z"
}