{
  "intents": [
    {
      "triggerQueries": [
        "누가 Live Event 참여",
        "누가 라이브 이벤트 참여",
        "Live Event 참여",
        "라이브 이벤트 참여",
        "팀 Live Event 참여",
        "팀 라이브 이벤트 참여",
        "누가 Live Event 볼 수",
        "누가 라이브 이벤트 볼 수",
        "팀즈 Live Event 볼 사람",
        "팀즈 라이브 이벤트 볼 사람",
        "팀 Live Event 볼 사람",
        "팀 라이브 이벤트 볼 사람",
        "누가 Live Event 시청",
        "누가 Live Event 참여",
        "누가 라이브 이벤트 참여",
        "라이브 이벤트 참석자",
        "Live Event 참석자",
        "누가 라이브 이벤트에 참석할 수 있습니까?"
      ],
      "dialogId": "new_topic_f0f02c65db2840548e29ce3665b479e0",
      "isTriggeringEnabled": true,
      "id": "new_topic_f0f02c65db2840548e29ce3665b479e0",
      "displayName": "누가 라이브 이벤트에 참석할 수 있습니까?",
      "description": "https://adoptbotv2kb.blob.core.windows.net/%24web/adoptbot2021-Korean.docx",
      "createdTime": "2021-03-18T03:39:18.7476571Z",
      "updatedTime": "2021-03-25T10:24:02.503787Z",
      "createdUserId": "e47109d8-0300-4e59-a90d-56bb29886c9e",
      "updatedUserId": "e47109d8-0300-4e59-a90d-56bb29886c9e"
    }
  ],
  "dialogs": [
    {
      "rootNodeId": "8d2f21c7-364e-4a25-a048-c71d9ad682e7",
      "messageNodes": [
        {
          "botMessageId": "e2d34101-fa47-4622-ad55-4f66ec5ed2e3",
          "nodeType": "BotMessageNode",
          "id": "469b5369-aa31-4d5a-9b07-b81ce15e08b9",
          "defaultTargetNodeId": "98c1b432-ea09-4605-a117-72c651f51f56"
        },
        {
          "botMessageId": "7247729f-4cc1-451d-8a39-018b908bdf4f",
          "nodeType": "BotMessageNode",
          "id": "8d2f21c7-364e-4a25-a048-c71d9ad682e7",
          "defaultTargetNodeId": "469b5369-aa31-4d5a-9b07-b81ce15e08b9"
        },
        {
          "botMessageId": "7eb686e7-1b04-4580-8768-9f88b192d7f0",
          "nodeType": "BotMessageNode",
          "id": "98c1b432-ea09-4605-a117-72c651f51f56",
          "defaultTargetNodeId": "81edfeaf-616a-4319-bce5-0ca6ce7fe764"
        }
      ],
      "dialogChangeNodes": [
        {
          "targetDialogId": "new_topic_2bf23930c1d146129dfe38bacb94ccd0_aeabea4d071f415c8c107e1cb7af5424_assumedsuccess",
          "nodeType": "DialogChangeNode",
          "id": "81edfeaf-616a-4319-bce5-0ca6ce7fe764"
        }
      ],
      "id": "new_topic_f0f02c65db2840548e29ce3665b479e0",
      "displayName": "Dialog for 누가 라이브 이벤트에 참석할 수 있습니까?",
      "createdTime": "2021-03-18T03:39:18.7476571Z",
      "updatedTime": "2021-03-25T10:23:55.3041981Z",
      "createdUserId": "e47109d8-0300-4e59-a90d-56bb29886c9e",
      "updatedUserId": "e47109d8-0300-4e59-a90d-56bb29886c9e"
    }
  ],
  "botMessages": [
    {
      "channelContent": {
        "web": {
          "contentFormat": "Markdown",
          "content": "**비공개 이벤트**:\n\n참석자가 조직 또는 특정 사람 및 그룹으로 제한되는 경우 참석자는 참가를 위해 로그인해야 합니다.\n\n외부에서 제작되는 경우 Microsoft Stream을 포함하는 것이 필요합니다."
        }
      },
      "id": "e2d34101-fa47-4622-ad55-4f66ec5ed2e3",
      "createdTime": "2021-03-18T03:39:18.7476571Z",
      "updatedTime": "2021-03-18T03:39:18.7476571Z",
      "createdUserId": "e47109d8-0300-4e59-a90d-56bb29886c9e",
      "updatedUserId": "e47109d8-0300-4e59-a90d-56bb29886c9e"
    },
    {
      "channelContent": {
        "web": {
          "contentFormat": "Markdown",
          "content": "**공개 이벤트**:\n\n이벤트가 공개된 경우 링크가 있는 사람은 누구나 로그인하지 않고 참석할 수 있습니다"
        }
      },
      "id": "7247729f-4cc1-451d-8a39-018b908bdf4f",
      "createdTime": "2021-03-25T10:23:19.391Z",
      "updatedTime": "2021-03-25T10:23:19.391Z",
      "createdUserId": "user-0",
      "updatedUserId": "user-0"
    },
    {
      "channelContent": {
        "web": {
          "contentFormat": "Markdown",
          "content": "자세한 내용은 이 문서를 참조하십시오: [Microsoft Teams 라이브 이벤트로 시작하세요](https://support.microsoft.com/ko-kr/office/get-started-with-microsoft-teams-live-events-d077fec2-a058-483e-9ab5-1494afda578a)"
        }
      },
      "id": "7eb686e7-1b04-4580-8768-9f88b192d7f0",
      "createdTime": "2021-03-25T10:23:45.638Z",
      "updatedTime": "2021-03-25T10:23:45.638Z",
      "createdUserId": "user-0",
      "updatedUserId": "user-0"
    }
  ],
  "createdUtc": "0001-01-01T00:00:00Z"
}