{
  "intents": [
    {
      "systemIntentTypes": [
        "Goodbye"
      ],
      "intentType": "System",
      "triggerQueries": [
        "안녕.",
        "안녕히 계세요, 고맙습니다.",
        "그럼 안녕히 계세요.",
        "지금은 안녕",
        "다시 만날 때까지 안녕!",
        "저도 즐거웠습니다. 좋은 하루 되세요.",
        "안녕히 계세요.",
        "좋은 하루 보내세요.",
        "좋은 밤 되세요.",
        "멋진 하루 되세요.",
        "멋진 하루 되세요. 잘 하고 계십니다.",
        "좋은 하루 보내세요.",
        "멋진 하루 보내세요.",
        "문제가 없습니다. 안녕히 계세요.",
        "나중에 하겠습니다. 감사합니다, 안녕히 계세요.",
        "다음에 대화해야 할 것 같습니다.",
        "저도 즐거웠습니다. 안녕히 계세요.",
        "괜찮습니다, 좋은 밤 되세요.",
        "괜찮습니다, 안녕히 계세요.",
        "괜찮습니다. 안녕히…",
        "아니, 괜찮아. 그럼 안녕.",
        "괜찮습니다. 좋은 하루 되세요!",
        "아니요, 괜찮습니다. 좋은 하루 되세요!",
        "아니요, 도움 주셔서 감사합니다. 안녕히 계세요.",
        "아니요, 도와주셔서 감사합니다. 좋은 하루 되세요.",
        "그 중 아무 것도 해당하지 않습니다. 안녕히 계세요.",
        "아니요, 모두 좋습니다. 감사합니다. 안녕히 계세요.",
        "아니요, 감사합니다. 좋은 하루 보내세요.",
        "아니요. 안녕히 계세요.",
        "현재는 아닙니다. 감사합니다. 좋은 하루 보내세요.",
        "지금은 아닙니다. 감사합니다. 좋은 하루 보내세요.",
        "도움이 되지 않습니다. 안녕히 계세요.",
        "알겠습니다. 감사합니다. 멋진 하루 보내세요.",
        "알겠습니다. 감사합니다. 다음에 만나요.",
        "좋습니다! 멋진 하루 보내세요!",
        "저도 그렇습니다. 멋진 하루 보내세요.",
        "저도 그렇습니다. 그럼 오늘은 안녕히 계세요.",
        "다시 만나요.",
        "다음에 만나요.",
        "죄송합니다, 안녕히 계세요. 도움 주셔서 감사합니다.",
        "업무하러 가야 할 것 같습니다. 멋진 하루 보내세요.",
        "죄송하지만 가 봐야 할 것 같습니다. 안녕히 계세요.",
        "잘 지내고 멋진 하루 보내.",
        "대화해 주셔서 감사합니다. 좋은 하루 보내세요.",
        "고마워 안녕",
        "감사합니다. 안녕히 계세요!",
        "감사합니다. 멋진 하루 보내세요.",
        "지금으로선 감사합니다.",
        "도와주셔서 감사합니다! 안녕히 계세요!",
        "감사합니다. 좋은 하루 되세요.",
        "감사합니다. 확인해 봐야 할 것 같습니다.",
        "정말 감사합니다. 안녕히 계세요.",
        "정말 감사합니다. 좋은 하루 보내세요!",
        "감사합니다. 좋은 하루 보내세요.",
        "감사합니다. 다음에 만나요.",
        "감사합니다. 그럼 안녕.",
        "감사합니다. 안녕히.",
        "도와주셔서 감사합니다. 안녕히 계세요.",
        "도움 주셔서 감사해요. 안녕히 계세요.",
        "도움을 주셔서 감사합니다. 안녕히 계세요.",
        "도움을 주셔서 감사합니다. 멋진 하루 되세요!",
        "고맙습니다. 안녕히.",
        "감사합니다. 안녕히 계세요.",
        "감사합니다. 좋은 밤 되세요.",
        "감사합니다. 안녕히",
        "감사합니다. 채팅을 종료하겠습니다.",
        "감사합니다. 이제 괜찮습니다. 좋은 하루 되세요.",
        "고마워. 안녕"
      ],
      "dialogId": "new_topic_2bf23930c1d146129dfe38bacb94ccd0_f56d1a3e522740c78f9fac0939332dbd_goodbye",
      "isTriggeringEnabled": true,
      "canTriggeringBeDisabled": true,
      "id": "new_topic_2bf23930c1d146129dfe38bacb94ccd0_f56d1a3e522740c78f9fac0939332dbd_goodbye",
      "displayName": "작별 인사",
      "description": "시스템 의도 작별 인사",
      "createdTime": "2019-01-15T00:00:00Z",
      "updatedTime": "2019-01-15T00:00:00Z",
      "createdUserId": "user0",
      "updatedUserId": "user0",
      "versionNumber": 0,
      "componentId": "00000000-0000-0000-0000-000000000000"
    }
  ],
  "dialogs": [
    {
      "rootNodeId": "3ce2158c-ebd3-4e2f-9e15-74432e415182",
      "dialogType": "System",
      "messageNodes": [
        {
          "botMessageId": "026a85be-8cca-4b87-b39f-3639fcfe3383",
          "nodeType": "BotMessageNode",
          "id": "3ce2158c-ebd3-4e2f-9e15-74432e415182"
        }
      ],
      "id": "new_topic_2bf23930c1d146129dfe38bacb94ccd0_f56d1a3e522740c78f9fac0939332dbd_goodbye",
      "displayName": "작별 인사 대화",
      "createdTime": "2019-01-15T00:00:00Z",
      "updatedTime": "2019-01-15T00:00:00Z",
      "createdUserId": "user0",
      "updatedUserId": "user0",
      "versionNumber": 0,
      "componentId": "00000000-0000-0000-0000-000000000000"
    }
  ],
  "botMessages": [
    {
      "channelContent": {
        "web": {
          "contentFormat": "Markdown",
          "content": "채팅에 시간을 내어 주셔서 감사합니다. 안녕히 계세요!"
        }
      },
      "id": "026a85be-8cca-4b87-b39f-3639fcfe3383",
      "createdTime": "2019-01-15T00:00:00Z",
      "updatedTime": "2019-01-15T00:00:00Z",
      "createdUserId": "user0",
      "updatedUserId": "user0",
      "versionNumber": 0,
      "componentId": "00000000-0000-0000-0000-000000000000"
    }
  ],
  "createdUtc": "0001-01-01T00:00:00Z"
}