{
  "intents": [
    {
      "intentType": "Regular",
      "endUserOverrideName": "Aviseringar",
      "triggerQueries": [
        "Hur ändrar jag mina notifieringar?",
        "Hur ändrar jag generella aviseringar",
        "Hur ändrar jag aviseringar",
        "Ändra Teams-aviseringar?"
      ],
      "dialogId": "new_topic_afbdefb5c547447eab3610f6811852b2",
      "isTriggeringEnabled": true,
      "id": "new_topic_afbdefb5c547447eab3610f6811852b2",
      "displayName": "Ändra Teams-aviseringar?",
      "description": "https://intranat.helsingborg.se/wp-content/uploads/2020/11/svenska-fracc8agor-till-adoptbot-pva.docx",
      "createdTime": "2020-11-24T14:37:53.8230909Z",
      "updatedTime": "2020-12-10T07:20:57.2318463Z",
      "createdUserId": "f04d3cd9-b73d-4ba9-a1ed-9319eba29b21",
      "updatedUserId": "844fcc91-8b17-49d9-9824-79f412da094a"
    }
  ],
  "dialogs": [
    {
      "rootNodeId": "3d376157-5779-4ff6-9683-8565dccda135",
      "messageNodes": [
        {
          "botMessageId": "b7d15fbc-65b6-40dd-8be3-31f483cb4f4e",
          "nodeType": "BotMessageNode",
          "id": "3d376157-5779-4ff6-9683-8565dccda135",
          "defaultTargetNodeId": "d3fe533d-3c06-4178-8300-e5873ff7b334"
        }
      ],
      "dialogChangeNodes": [
        {
          "targetDialogId": "new_topic_84ec227c19784e7ba25cb34f4638f91e_aeabea4d071f415c8c107e1cb7af5424_assumedsuccess",
          "nodeType": "DialogChangeNode",
          "id": "d3fe533d-3c06-4178-8300-e5873ff7b334"
        }
      ],
      "id": "new_topic_afbdefb5c547447eab3610f6811852b2",
      "displayName": "Dialog for Ändra Teams-aviseringar?",
      "createdTime": "2020-11-24T14:37:53.8230909Z",
      "updatedTime": "2020-11-24T14:37:53.8230909Z",
      "createdUserId": "f04d3cd9-b73d-4ba9-a1ed-9319eba29b21",
      "updatedUserId": "f04d3cd9-b73d-4ba9-a1ed-9319eba29b21"
    }
  ],
  "botMessages": [
    {
      "channelContent": {
        "web": {
          "contentFormat": "Markdown",
          "content": "Microsoft Teams erbjuder olika sätt att komma åt, ta emot och hantera aviseringar.\r\n\r\nDessa inställningar inkluderar hur, när och var dina aviseringar visas, anpassade inställningar för kanaler och chatt, utseende och ljud, stänga av specifika meddelanden och så vidare.\r\n\r\nOm du vill hantera dina aviseringar väljer du din profilbild uppe till höger om Teams och väljer sedan Inställningar &gt;\r\n\r\nAviseringar.\r\n\r\nSe\r\n\r\n[Hantera meddelande i Microsoft Teams](https://support.microsoft.com/sv-se/office/manage-notifications-in-teams-1cc31834-5fe5-412b-8edb-43fecc78413d)"
        }
      },
      "id": "b7d15fbc-65b6-40dd-8be3-31f483cb4f4e",
      "createdTime": "2020-11-24T14:37:53.8230909Z",
      "updatedTime": "2020-11-24T14:37:53.8230909Z",
      "createdUserId": "f04d3cd9-b73d-4ba9-a1ed-9319eba29b21",
      "updatedUserId": "f04d3cd9-b73d-4ba9-a1ed-9319eba29b21"
    }
  ]
}