{
  "intents": [
    {
      "endUserOverrideName": "在SharePoint或文件資源管理器中打開Teams檔案",
      "triggerQueries": [
        "如何將Teams資料夾同步到本地電腦",
        "與電腦同步SharePoint和Teams檔案",
        "從Teams資料夾中打開文件？",
        "我可以在一般的資料夾中打開 Teams 中的文件嗎？",
        "將文件從Teams同步到電腦",
        "將Teams文件同步到我的筆記型電腦",
        "同步文件到檔案管理員",
        "查看SharePoint中的檔案",
        "在SharePoint中打開一個Teams檔案",
        "打開SharePoint中Teams的文件",
        "處理Teams中SharePoint的檔案",
        "在文件資源管理員中查看我們團隊中的檔案",
        "在 Windows 資源管理器中查看您的團隊檔案",
        "將團隊的檔案同步到我的電腦",
        "通過檔案資源管理員訪問我團隊的檔案",
        "我在哪裡可以存取Teams以外的文檔？",
        "管理SharePoint中的文件",
        "如何從Teams中打開SharePoint中的檔案？",
        "管理SharePoint檔案",
        "同步SharePoint和Teams檔案",
        "同步Teams檔案到地端",
        "How to synchronize a Teams folder to your local Computer",
        "Sync SharePoint and Teams files with your computer",
        "open documents from Teams in normal folder?",
        "Can I open documents in teams in a regular folder?",
        "synchronize docs from teams to my computer",
        "sync teams documents to my laptop",
        "sync documents to file explorer",
        "view files in SharePoint",
        "Open a Teams file in SharePoint",
        "opening a document from teams in SharePoint",
        "Work with documents from SharePoint in the Team",
        "See the documents in our team in File Explorer",
        "View your teams files in Windows Explorer",
        "sync team files to explorer",
        "Sync a team's files to my computer",
        "Access my team's files through File Explorer",
        "Where can I access my documents outside of Teams?",
        "managing documents in SharePoint",
        "How do I open a file in SharePoint from Teams?"
      ],
      "dialogId": "new_topic_f8c4b1bbde4646c892902e1c094fe715",
      "isTriggeringEnabled": true,
      "id": "new_topic_f8c4b1bbde4646c892902e1c094fe715",
      "displayName": "在 Teams 中開啟 SharePoint 檔案",
      "description": "https://adoptbotv2kb.blob.core.windows.net/%24web/AdoptBot2021-English.docx",
      "createdTime": "2021-11-17T04:00:10.3655766Z",
      "updatedTime": "2021-11-17T04:00:57.4451612Z",
      "createdUserId": "9c968d43-f7c2-4e28-895c-1f6bcefcd8be",
      "updatedUserId": "9c968d43-f7c2-4e28-895c-1f6bcefcd8be"
    }
  ],
  "dialogs": [
    {
      "rootNodeId": "0eb49d74-956e-4bb9-98ea-7fa376c4f3f1",
      "messageNodes": [
        {
          "botMessageId": "97e3b459-6e43-400c-9620-a0a7c7762561",
          "nodeType": "BotMessageNode",
          "id": "0eb49d74-956e-4bb9-98ea-7fa376c4f3f1",
          "defaultTargetNodeId": "d550d364-c286-481c-8780-84e670784084"
        },
        {
          "botMessageId": "443d4993-c187-4108-881b-fa87a4be5832",
          "nodeType": "BotMessageNode",
          "id": "d550d364-c286-481c-8780-84e670784084",
          "defaultTargetNodeId": "d23914dc-8b64-4ce8-8234-15f7e158deac"
        },
        {
          "botMessageId": "242fa7cb-8690-4a07-8122-08f8ec5c1047",
          "nodeType": "BotMessageNode",
          "id": "d23914dc-8b64-4ce8-8234-15f7e158deac",
          "defaultTargetNodeId": "a9339494-57f6-485d-8231-bc30f06d3cea"
        },
        {
          "botMessageId": "25a23d1b-fb4e-4743-a3a6-e5eada2b14ef",
          "nodeType": "BotMessageNode",
          "id": "a9339494-57f6-485d-8231-bc30f06d3cea",
          "defaultTargetNodeId": "22122414-22c9-4fcf-a4fa-038c3b31ec38"
        }
      ],
      "dialogChangeNodes": [
        {
          "targetDialogId": "new_topic_e2d1671328b941dbb60fa7150059b1ee_aeabea4d071f415c8c107e1cb7af5424_assumedsuccess",
          "nodeType": "DialogChangeNode",
          "id": "22122414-22c9-4fcf-a4fa-038c3b31ec38"
        }
      ],
      "id": "new_topic_f8c4b1bbde4646c892902e1c094fe715",
      "displayName": "Dialog for 在 Teams 中開啟 SharePoint 檔案",
      "createdTime": "2021-11-17T04:00:10.3655766Z",
      "updatedTime": "2021-11-17T04:00:57.4451612Z",
      "createdUserId": "9c968d43-f7c2-4e28-895c-1f6bcefcd8be",
      "updatedUserId": "9c968d43-f7c2-4e28-895c-1f6bcefcd8be"
    }
  ],
  "botMessages": [
    {
      "channelContent": {
        "web": {
          "contentFormat": "Markdown",
          "content": "[請參考官方教學。](https://support.microsoft.com/zh-tw/office/sync-sharepoint-and-teams-files-with-your-computer-6de9ede8-5b6e-4503-80b2-6190f3354a88)"
        }
      },
      "id": "97e3b459-6e43-400c-9620-a0a7c7762561",
      "createdTime": "2021-11-17T04:00:10.3655766Z",
      "updatedTime": "2021-11-17T04:00:10.3655766Z",
      "createdUserId": "9c968d43-f7c2-4e28-895c-1f6bcefcd8be",
      "updatedUserId": "9c968d43-f7c2-4e28-895c-1f6bcefcd8be"
    },
    {
      "channelContent": {
        "web": {
          "contentFormat": "Markdown",
          "content": "若您在Teams中選擇「在SharePoint中開啟」，能看到更多選項。"
        }
      },
      "id": "443d4993-c187-4108-881b-fa87a4be5832",
      "createdTime": "2021-11-17T04:00:20.274Z",
      "updatedTime": "2021-11-17T04:00:20.274Z",
      "createdUserId": "user-0",
      "updatedUserId": "user-0"
    },
    {
      "channelContent": {
        "web": {
          "contentFormat": "Markdown",
          "content": "*   找到並開啟過去的版本。\n*   同步到 OneDrive for Business\n*   檢視及管理擁有檔案權限的使用者"
        }
      },
      "id": "242fa7cb-8690-4a07-8122-08f8ec5c1047",
      "createdTime": "2021-11-17T04:00:24.944Z",
      "updatedTime": "2021-11-17T04:00:24.944Z",
      "createdUserId": "user-0",
      "updatedUserId": "user-0"
    },
    {
      "channelContent": {
        "web": {
          "contentFormat": "Markdown",
          "content": "💡 \\*\\*提醒：\\*\\*避免在SharePoint中改變檔案或資料夾，盡量在Teams中完成以上動作。"
        }
      },
      "id": "25a23d1b-fb4e-4743-a3a6-e5eada2b14ef",
      "createdTime": "2021-11-17T04:00:35.12Z",
      "updatedTime": "2021-11-17T04:00:35.12Z",
      "createdUserId": "user-0",
      "updatedUserId": "user-0"
    }
  ]
}