{
  "intents": [
    {
      "endUserOverrideName": "Rejoindre une réunion",
      "triggerQueries": [
        "se connecter à une réunion teams",
        "rejoindre une réunion teams",
        "Comment rejoindre une réunion teams",
        "Rejoindre une réunion maintenant",
        "Rejoindre une réunion",
        "réunion immédiate",
        "Démarrer une réunion immédiatement",
        "Démarrer une réunion rapide",
        "Comment rejoindre ma réunion",
        "Rejoindre une réunion privée",
        "rejoindre réunion",
        "Comment se connecter à une réunion",
        "Démarrer une réunion",
        "Quelles sont les étapes pour rejoindre une réunion",
        "Comment rejoindre une réunion avant ou après son démarrage",
        "Quand puis-je rejoindre une réunion",
        "Rejoindre une réunion avant qu'elle ne démarre"
      ],
      "dialogId": "new_topic_deb9daa32e744727967e73573031d00c",
      "isTriggeringEnabled": true,
      "id": "new_topic_deb9daa32e744727967e73573031d00c",
      "displayName": "Rejoindre une réunion",
      "description": "",
      "createdTime": "2021-01-13T22:20:51.2381463Z",
      "updatedTime": "2021-05-25T00:27:28.0205191Z",
      "createdUserId": "f04d3cd9-b73d-4ba9-a1ed-9319eba29b21",
      "updatedUserId": "a2c4aa2c-d830-41eb-bcf4-467a2c7e1279"
    }
  ],
  "dialogs": [
    {
      "rootNodeId": "c3fa4ab9-3e47-4464-acbf-4d713b41c7fc",
      "messageNodes": [
        {
          "botMessageId": "ce9d522d-70ed-4b30-aad0-90cbe94625f8",
          "nodeType": "BotMessageNode",
          "id": "c3fa4ab9-3e47-4464-acbf-4d713b41c7fc",
          "defaultTargetNodeId": "d7a9ab03-b507-4d26-9ce3-31da073da7cd"
        },
        {
          "botMessageId": "a9fbc22d-9e0e-4e4c-875d-79956592f106",
          "nodeType": "BotMessageNode",
          "id": "d7a9ab03-b507-4d26-9ce3-31da073da7cd",
          "defaultTargetNodeId": "a2a800a9-44fb-4d16-902a-99261975df34"
        },
        {
          "botMessageId": "37bcf272-b1b5-4932-a6e4-ef10bc4bf422",
          "nodeType": "BotMessageNode",
          "id": "a2a800a9-44fb-4d16-902a-99261975df34",
          "defaultTargetNodeId": "f1fd7487-7170-47d6-9bc6-b3167d042498"
        }
      ],
      "dialogChangeNodes": [
        {
          "targetDialogId": "new_topic_eac3f49c99664313a9d9dc19d80a79a2_aeabea4d071f415c8c107e1cb7af5424_assumedsuccess",
          "nodeType": "DialogChangeNode",
          "id": "f1fd7487-7170-47d6-9bc6-b3167d042498"
        }
      ],
      "id": "new_topic_deb9daa32e744727967e73573031d00c",
      "displayName": "Dialog for How do I join a Team meeting?",
      "createdTime": "2021-01-13T22:20:51.2381463Z",
      "updatedTime": "2021-04-17T12:31:41.329167Z",
      "createdUserId": "f04d3cd9-b73d-4ba9-a1ed-9319eba29b21",
      "updatedUserId": "75392dcd-00bb-4588-89e9-c55bcbe40ccb"
    }
  ],
  "botMessages": [
    {
      "channelContent": {
        "web": {
          "contentFormat": "Markdown",
          "content": "[Vous pouvez rejoindre une réunion à n'importe quel moment](https://support.microsoft.com/fr-fr/office/ansluta-till-ett-m%C3%B6te-i-teams-1613bb53-f3fa-431e-85a9-d6a91e3468c9). Cliquer sur le lien dans l'invitation de réunion ou cliquer sur **joindre** directement dans Teams."
        }
      },
      "id": "ce9d522d-70ed-4b30-aad0-90cbe94625f8",
      "createdTime": "2021-01-13T22:20:51.2381463Z",
      "updatedTime": "2021-01-13T22:20:51.2381463Z",
      "createdUserId": "f04d3cd9-b73d-4ba9-a1ed-9319eba29b21",
      "updatedUserId": "f04d3cd9-b73d-4ba9-a1ed-9319eba29b21"
    },
    {
      "channelContent": {
        "web": {
          "contentFormat": "Markdown",
          "content": "Depuis le **calendrier** de Teams, vous pouvez rejoindre ou planifier une réunion.   \nLe bouton [\"Démarrer une réunion\"](https://support.microsoft.com/fr-fr/office/start-an-instant-meeting-in-teams-ff95e53f-8231-4739-87fa-00b9723f4ef5) vous permet de démarrer une réunion immédiatement."
        }
      },
      "id": "a9fbc22d-9e0e-4e4c-875d-79956592f106",
      "createdTime": "2021-01-27T22:16:45.793Z",
      "updatedTime": "2021-01-27T22:16:45.793Z",
      "createdUserId": "user-0",
      "updatedUserId": "user-0"
    },
    {
      "channelContent": {
        "web": {
          "contentFormat": "Markdown",
          "content": "_Si votre organisation bénéficie de l'option pont de conférence, un numéro de téléphone, présent dans l'invitation, vous permettra également de rejoindre la réunion._"
        }
      },
      "id": "37bcf272-b1b5-4932-a6e4-ef10bc4bf422",
      "createdTime": "2021-01-27T22:16:52.004Z",
      "updatedTime": "2021-01-27T22:16:52.004Z",
      "createdUserId": "user-0",
      "updatedUserId": "user-0"
    }
  ]
}