{
  "intents": [
    {
      "endUserOverrideName": "開啟彈出式聊天（多個聊天視窗）",
      "triggerQueries": [
        "multiple chats windows",
        "Enable pop-out chat?",
        "Multiple chat windows at once?",
        "Pop out a chat",
        "opening chat in new windows",
        "can you have multiple windows in Teams?",
        "can you have multiple windows in Teams?",
        "Chat with someone in separate window",
        "Open multiple chats at once",
        "How do I move a chat to my own box?",
        "How do I Enable pop-out chat?",
        "多個聊天室窗",
        "啟用彈出式聊天?",
        "一次多個聊天視窗?",
        "彈出一個聊天",
        "在新視窗中打開聊天",
        "在 Teams 中可以開啟幾個聊天 ?",
        "在單獨的視窗與某人聊天",
        "同時打開多個聊天",
        "如何將聊天移動到自己的 box",
        "如何啟用彈出式聊天 ?"
      ],
      "dialogId": "new_topic_0f2792c4d981445497b797032ee3402f",
      "isTriggeringEnabled": true,
      "id": "new_topic_0f2792c4d981445497b797032ee3402f",
      "displayName": "如何啟用彈出式聊天 ?",
      "description": "https://adoptbotv2kb.blob.core.windows.net/%24web/AdoptBot2021-English.docx",
      "createdTime": "2021-11-17T05:34:35.1167746Z",
      "updatedTime": "2021-11-17T05:35:22.6426128Z",
      "createdUserId": "9c968d43-f7c2-4e28-895c-1f6bcefcd8be",
      "updatedUserId": "9c968d43-f7c2-4e28-895c-1f6bcefcd8be"
    }
  ],
  "dialogs": [
    {
      "rootNodeId": "146b730a-50d6-4ad3-86ef-bd5f3810af88",
      "messageNodes": [
        {
          "botMessageId": "50fb079a-3641-4fdd-af0c-8d2c695a6d4f",
          "nodeType": "BotMessageNode",
          "id": "146b730a-50d6-4ad3-86ef-bd5f3810af88",
          "defaultTargetNodeId": "d81d700d-01d1-4ff1-8706-66ba1e0cd383"
        },
        {
          "botMessageId": "d948efe1-66c3-42e5-b181-90f4c3dad29e",
          "nodeType": "BotMessageNode",
          "id": "d81d700d-01d1-4ff1-8706-66ba1e0cd383",
          "defaultTargetNodeId": "a11dea9f-66bb-4e54-8362-a057b02fae2b"
        },
        {
          "botMessageId": "d0664964-cc78-4c6d-96ac-c68f5fd4418d",
          "nodeType": "BotMessageNode",
          "id": "a11dea9f-66bb-4e54-8362-a057b02fae2b",
          "defaultTargetNodeId": "acdec897-d959-41cd-a68c-1f4f7848e764"
        }
      ],
      "dialogChangeNodes": [
        {
          "targetDialogId": "new_topic_e2d1671328b941dbb60fa7150059b1ee_aeabea4d071f415c8c107e1cb7af5424_assumedsuccess",
          "nodeType": "DialogChangeNode",
          "id": "acdec897-d959-41cd-a68c-1f4f7848e764"
        }
      ],
      "id": "new_topic_0f2792c4d981445497b797032ee3402f",
      "displayName": "Dialog for 如何啟用彈出式聊天 ?",
      "createdTime": "2021-11-17T05:34:35.1167746Z",
      "updatedTime": "2021-11-17T05:35:22.6426128Z",
      "createdUserId": "9c968d43-f7c2-4e28-895c-1f6bcefcd8be",
      "updatedUserId": "9c968d43-f7c2-4e28-895c-1f6bcefcd8be"
    }
  ],
  "botMessages": [
    {
      "channelContent": {
        "web": {
          "contentFormat": "Markdown",
          "content": "您可以立即彈出您的一對一或團隊聊天到一個單獨的視窗。然後，調整大小、重新定位或按照您的意願關閉視窗。"
        }
      },
      "id": "50fb079a-3641-4fdd-af0c-8d2c695a6d4f",
      "createdTime": "2021-11-17T05:34:35.1167746Z",
      "updatedTime": "2021-11-17T05:34:35.1167746Z",
      "createdUserId": "9c968d43-f7c2-4e28-895c-1f6bcefcd8be",
      "updatedUserId": "9c968d43-f7c2-4e28-895c-1f6bcefcd8be"
    },
    {
      "channelContent": {
        "web": {
          "contentFormat": "Markdown",
          "content": "這是一個很好的方法讓您能在開會或打電話的同時完成很多事，。"
        }
      },
      "id": "d948efe1-66c3-42e5-b181-90f4c3dad29e",
      "createdTime": "2021-11-17T05:34:51.182Z",
      "updatedTime": "2021-11-17T05:34:51.182Z",
      "createdUserId": "user-0",
      "updatedUserId": "user-0"
    },
    {
      "channelContent": {
        "web": {
          "contentFormat": "Markdown",
          "content": "**請注意 :**   您可以彈出多個對話，但不能彈出相同的對話兩次。\n\n[在聊天中Teams (microsoft.com)](https://support.microsoft.com/zh-tw/office/%E5%9C%A8%E8%81%8A%E5%A4%A9%E4%B8%ADteams-cff95cb0-34af-423f-8f69-fe9106973790)"
        }
      },
      "id": "d0664964-cc78-4c6d-96ac-c68f5fd4418d",
      "createdTime": "2021-11-17T05:34:55.21Z",
      "updatedTime": "2021-11-17T05:34:55.21Z",
      "createdUserId": "user-0",
      "updatedUserId": "user-0"
    }
  ]
}