{
  "intents": [
    {
      "endUserOverrideName": "OneDrive",
      "triggerQueries": [
        "Stocker mes fichers dans le cloud",
        "Qu'est ce que OneDrive",
        "Sauvegarder les fichiers sur OneDrive",
        "Expliquer ce qu'est OneDrive",
        "Dossier pour mes fichiers",
        "One Drive"
      ],
      "dialogId": "new_topic_b67da68834dc4d4b9ce29285b16795f9",
      "isTriggeringEnabled": true,
      "id": "new_topic_b67da68834dc4d4b9ce29285b16795f9",
      "displayName": "OneDrive c'est quoi ?",
      "description": "",
      "createdTime": "2021-01-13T22:20:51.2381463Z",
      "updatedTime": "2021-05-24T22:24:34.8527239Z",
      "createdUserId": "f04d3cd9-b73d-4ba9-a1ed-9319eba29b21",
      "updatedUserId": "a2c4aa2c-d830-41eb-bcf4-467a2c7e1279"
    }
  ],
  "dialogs": [
    {
      "rootNodeId": "1b3b3287-d590-4c89-93a2-b3657b79594d",
      "messageNodes": [
        {
          "botMessageId": "cf640c0b-e358-4f7f-a396-319048b4c431",
          "nodeType": "BotMessageNode",
          "id": "1b3b3287-d590-4c89-93a2-b3657b79594d",
          "defaultTargetNodeId": "77bcedb8-8995-4b5e-851a-6d3da798076d"
        }
      ],
      "dialogChangeNodes": [
        {
          "targetDialogId": "new_topic_eac3f49c99664313a9d9dc19d80a79a2_aeabea4d071f415c8c107e1cb7af5424_assumedsuccess",
          "nodeType": "DialogChangeNode",
          "id": "77bcedb8-8995-4b5e-851a-6d3da798076d"
        }
      ],
      "id": "new_topic_b67da68834dc4d4b9ce29285b16795f9",
      "displayName": "Dialog for What is OneDrive?",
      "createdTime": "2021-01-13T22:20:51.2381463Z",
      "updatedTime": "2021-05-21T09:12:55.2729105Z",
      "createdUserId": "f04d3cd9-b73d-4ba9-a1ed-9319eba29b21",
      "updatedUserId": "e0b2a139-a3df-4f92-b6af-6b0d3038fe4b"
    }
  ],
  "botMessages": [
    {
      "channelContent": {
        "web": {
          "contentFormat": "Markdown",
          "content": "OneDrive est un stockage en ligne (dans le cloud) de vos fichiers et documents. Vous pouvez y sauvegarder vos documents, images, musiques, vidéos et d'autres types de fichiers.\n\nVos fichiers OneDrive peuvent-être consultés de n'importe où et sont sauvegardés si votre ordinateur tombe en panne.   \nVous pouvez également partager ces fichiers avec vos collègues et vos partenaires."
        }
      },
      "id": "cf640c0b-e358-4f7f-a396-319048b4c431",
      "createdTime": "2021-01-13T22:20:51.2381463Z",
      "updatedTime": "2021-01-13T22:20:51.2381463Z",
      "createdUserId": "f04d3cd9-b73d-4ba9-a1ed-9319eba29b21",
      "updatedUserId": "f04d3cd9-b73d-4ba9-a1ed-9319eba29b21"
    }
  ],
  "createdUtc": "0001-01-01T00:00:00Z"
}