{
  "intents": [
    {
      "triggerQueries": [
        "vedere le riunioni delle mie squadre",
        "mostra le riunioni qui anche in prospettiva",
        "puoi vedere le riunioni dei team nel tuo calendario?",
        "Posso vedere le riunioni del mio team nel mio calendario?",
        "Le riunioni del team vengono visualizzate nel calendario?",
        "Dove vedo le mie riunioni prenotate?",
        "Il calendario in Teams è lo stesso di Outlook?",
        "Dove vedo i miei appuntamenti?",
        "Come posso vedere le riunioni di Teams nel mio calendario di Outlook?",
        "Le mie riunioni di Teams  sono visibili anche in Outlook",
        "Le mie riunioni di Teams vengono visualizzate anche in Outlook?"
      ],
      "dialogId": "new_topic_ad43548a79ae4b408f9ddb7e37c393aa",
      "isTriggeringEnabled": true,
      "id": "new_topic_ad43548a79ae4b408f9ddb7e37c393aa",
      "displayName": "Le mie riunioni di Teams vengono visualizzate anche in Outlook?",
      "createdTime": "2022-04-29T20:29:07.2302584Z",
      "updatedTime": "2022-04-29T20:29:07.2302584Z",
      "createdUserId": "9451fc51-e00d-4445-8ff9-efb70866dc3b",
      "updatedUserId": "9451fc51-e00d-4445-8ff9-efb70866dc3b"
    }
  ],
  "dialogs": [
    {
      "rootNodeId": "13250cd2-561f-46c7-bf81-1c19d821e1ab",
      "messageNodes": [
        {
          "botMessageId": "b3334da2-504a-486e-b2a3-a53900cb41af",
          "nodeType": "BotMessageNode",
          "id": "13250cd2-561f-46c7-bf81-1c19d821e1ab",
          "defaultTargetNodeId": "c1407e08-df2e-44ea-9df0-5c28938fe6b4"
        }
      ],
      "dialogChangeNodes": [
        {
          "targetDialogId": "new_topic_f98a24608ee04cb998de3e3e32703d5b_aeabea4d071f415c8c107e1cb7af5424_assumedsuccess",
          "nodeType": "DialogChangeNode",
          "id": "c1407e08-df2e-44ea-9df0-5c28938fe6b4"
        }
      ],
      "id": "new_topic_ad43548a79ae4b408f9ddb7e37c393aa",
      "displayName": "Senza titolo",
      "createdTime": "2022-04-29T20:29:07.2302584Z",
      "updatedTime": "2022-04-29T20:29:07.2302584Z",
      "createdUserId": "9451fc51-e00d-4445-8ff9-efb70866dc3b",
      "updatedUserId": "9451fc51-e00d-4445-8ff9-efb70866dc3b"
    }
  ],
  "botMessages": [
    {
      "channelContent": {
        "web": {
          "contentFormat": "Markdown",
          "content": "Se pianifichi una riunione in Teams, questa viene visualizzata nel \"Calendario\" di Teams e nel calendario di Outlook. \n\nNota: il calendario di Outlook viene utilizzato sia per Teams che per Outlook"
        }
      },
      "id": "b3334da2-504a-486e-b2a3-a53900cb41af",
      "createdTime": "2022-04-29T20:21:33.832Z",
      "updatedTime": "2022-04-29T20:21:33.832Z"
    }
  ]
}