{
  "intents": [
    {
      "endUserOverrideName": "Open team files in SharePoint or File Explorer",
      "triggerQueries": [
        "How to synchronize a Teams folder to your local Computer",
        "Sync SharePoint and Teams files with your computer",
        "open documents from Teams in normal folder?",
        "Can I open documents in teams in a regular folder?",
        "synchronize docs from teams to my computer",
        "sync teams documents to my laptop",
        "sync documents to file explorer",
        "view files in SharePoint",
        "Open a Teams file in SharePoint",
        "opening a document from teams in SharePoint",
        "Work with documents from SharePoint in the Team",
        "See the documents in our team in File Explorer",
        "View your teams files in Windows Explorer",
        "sync team files to explorer",
        "Sync a team's files to my computer",
        "Access my team's files through File Explorer",
        "Where can I access my documents outside of Teams?",
        "managing documents in SharePoint",
        "How do I open a file in SharePoint from Teams?"
      ],
      "dialogId": "new_topic_ce502c269b47453d881c2b1be03de764",
      "isTriggeringEnabled": true,
      "id": "new_topic_ce502c269b47453d881c2b1be03de764",
      "displayName": "How do I open a file in SharePoint from Teams?",
      "description": "https://adoptbotv2kb.blob.core.windows.net/%24web/AdoptBot2021-English.docx",
      "createdTime": "2021-01-13T22:20:51.2381463Z",
      "updatedTime": "2021-01-27T08:35:16.404449Z",
      "createdUserId": "f04d3cd9-b73d-4ba9-a1ed-9319eba29b21",
      "updatedUserId": "f04d3cd9-b73d-4ba9-a1ed-9319eba29b21"
    }
  ],
  "dialogs": [
    {
      "rootNodeId": "316c2c4c-b5b4-46c7-a040-c264f704e7a6",
      "messageNodes": [
        {
          "botMessageId": "ae908d0e-ccd4-456c-a782-2df38296285c",
          "nodeType": "BotMessageNode",
          "id": "58ed419b-5aaf-4591-ad50-04e32128fc1b",
          "defaultTargetNodeId": "e7aaa8a4-65b0-43c1-9d28-aad89393ba68"
        },
        {
          "botMessageId": "53d5a924-22d0-4a68-bf83-e6e30fa5a105",
          "nodeType": "BotMessageNode",
          "id": "e7aaa8a4-65b0-43c1-9d28-aad89393ba68",
          "defaultTargetNodeId": "c3b92b0f-60b0-4a56-853c-89f629c4f3df"
        },
        {
          "botMessageId": "94f5c8df-6766-4003-8439-022b23f32d7c",
          "nodeType": "BotMessageNode",
          "id": "316c2c4c-b5b4-46c7-a040-c264f704e7a6",
          "defaultTargetNodeId": "d4d3af28-c2ea-4268-9073-651753793c93"
        },
        {
          "botMessageId": "2444d45d-fc83-4df4-8222-050a9a8bf5ca",
          "nodeType": "BotMessageNode",
          "id": "d4d3af28-c2ea-4268-9073-651753793c93",
          "defaultTargetNodeId": "58ed419b-5aaf-4591-ad50-04e32128fc1b"
        }
      ],
      "dialogChangeNodes": [
        {
          "targetDialogId": "new_topic_eac3f49c99664313a9d9dc19d80a79a2_aeabea4d071f415c8c107e1cb7af5424_assumedsuccess",
          "nodeType": "DialogChangeNode",
          "id": "c3b92b0f-60b0-4a56-853c-89f629c4f3df"
        }
      ],
      "id": "new_topic_ce502c269b47453d881c2b1be03de764",
      "displayName": "Dialog for How do I open a file in SharePoint from Teams?",
      "createdTime": "2021-01-13T22:20:51.2381463Z",
      "updatedTime": "2021-01-27T08:36:02.8053729Z",
      "createdUserId": "f04d3cd9-b73d-4ba9-a1ed-9319eba29b21",
      "updatedUserId": "f04d3cd9-b73d-4ba9-a1ed-9319eba29b21"
    }
  ],
  "botMessages": [
    {
      "channelContent": {
        "web": {
          "contentFormat": "Markdown",
          "content": "*   Find and open previous versions of a document using document history features.\n*   Sync to OneDrive for Business using the OneDrive sync client to view the Teams document libraries in File Explorer.\n*   (_Sync also possible from the \"Files\" tab in your teams_)\n*   View and manage who has access to your document.\n*   And more advanced settings."
        }
      },
      "id": "ae908d0e-ccd4-456c-a782-2df38296285c",
      "createdTime": "2021-01-13T22:20:51.2381463Z",
      "updatedTime": "2021-01-13T22:20:51.2381463Z",
      "createdUserId": "f04d3cd9-b73d-4ba9-a1ed-9319eba29b21",
      "updatedUserId": "f04d3cd9-b73d-4ba9-a1ed-9319eba29b21"
    },
    {
      "channelContent": {
        "web": {
          "contentFormat": "Markdown",
          "content": "💡 **Tip:**\n\nAvoid making changes to files or folders in the SharePoint view.\n\nIf possible, do this directly in Teams."
        }
      },
      "id": "53d5a924-22d0-4a68-bf83-e6e30fa5a105",
      "createdTime": "2021-01-27T08:19:15.666Z",
      "updatedTime": "2021-01-27T08:19:15.666Z",
      "createdUserId": "user-0",
      "updatedUserId": "user-0"
    },
    {
      "channelContent": {
        "web": {
          "contentFormat": "Markdown",
          "content": "[View official guide with pictures.](https://support.microsoft.com/en-us/office/sync-sharepoint-and-teams-files-with-your-computer-6de9ede8-5b6e-4503-80b2-6190f3354a88)"
        }
      },
      "id": "94f5c8df-6766-4003-8439-022b23f32d7c",
      "createdTime": "2021-01-27T08:23:26.045Z",
      "updatedTime": "2021-01-27T08:23:26.045Z",
      "createdUserId": "user-0",
      "updatedUserId": "user-0"
    },
    {
      "channelContent": {
        "web": {
          "contentFormat": "Markdown",
          "content": "If you select **\"Open in SharePoint\"** from the document options in Teams, you'll get additional ways to manage your document:"
        }
      },
      "id": "2444d45d-fc83-4df4-8222-050a9a8bf5ca",
      "createdTime": "2021-01-27T08:33:36.225Z",
      "updatedTime": "2021-01-27T08:33:36.225Z",
      "createdUserId": "user-0",
      "updatedUserId": "user-0"
    }
  ]
}