{
  "intents": [
    {
      "triggerQueries": [
        "What license do you need for Teams?",
        "Can I have different licenses for Teams?",
        "Which license does Teams include?",
        "What's required to access teams?",
        "Can students use teams?",
        "Is teams available for personal use?",
        "Are there free versions of Teams?",
        "Is a license needed to use Teams?",
        "Microsoft Teams Licenses",
        "Who can use Microsoft Teams?"
      ],
      "dialogId": "new_topic_808bbbfb12b740199560ab21b217818e",
      "isTriggeringEnabled": true,
      "id": "new_topic_808bbbfb12b740199560ab21b217818e",
      "displayName": "Who can use Microsoft Teams?",
      "description": "https://adoptbotv2kb.blob.core.windows.net/%24web/AdoptBot2021-English.docx",
      "createdTime": "2021-01-13T22:20:51.2371466Z",
      "updatedTime": "2021-01-24T16:17:15.1329589Z",
      "createdUserId": "f04d3cd9-b73d-4ba9-a1ed-9319eba29b21",
      "updatedUserId": "f04d3cd9-b73d-4ba9-a1ed-9319eba29b21"
    }
  ],
  "dialogs": [
    {
      "rootNodeId": "24a40c4c-12b8-491f-97d1-4882055084d1",
      "messageNodes": [
        {
          "botMessageId": "e38d1da8-406c-491e-a7bf-1ba06e8222a7",
          "nodeType": "BotMessageNode",
          "id": "24a40c4c-12b8-491f-97d1-4882055084d1",
          "defaultTargetNodeId": "cf3d313b-17d7-4a6a-9b3d-45fe349571e6"
        },
        {
          "botMessageId": "18a283d9-ba72-41e8-b425-b9f3427e08be",
          "nodeType": "BotMessageNode",
          "id": "3e95440d-42be-4502-aa8b-270e72322131",
          "defaultTargetNodeId": "e8d23f13-e4d4-4508-8c07-909734d07231"
        },
        {
          "botMessageId": "887f575d-9ead-4791-b643-f5f13b42e9de",
          "nodeType": "BotMessageNode",
          "id": "e8d23f13-e4d4-4508-8c07-909734d07231",
          "defaultTargetNodeId": "5c3e45d8-19d3-4d1c-bdbe-8403fe9c799f"
        },
        {
          "botMessageId": "90ea3f9b-829e-4c2b-bc53-ed9665012763",
          "nodeType": "BotMessageNode",
          "id": "cf3d313b-17d7-4a6a-9b3d-45fe349571e6",
          "defaultTargetNodeId": "3e95440d-42be-4502-aa8b-270e72322131"
        }
      ],
      "dialogChangeNodes": [
        {
          "targetDialogId": "new_topic_eac3f49c99664313a9d9dc19d80a79a2_aeabea4d071f415c8c107e1cb7af5424_assumedsuccess",
          "nodeType": "DialogChangeNode",
          "id": "5c3e45d8-19d3-4d1c-bdbe-8403fe9c799f"
        }
      ],
      "id": "new_topic_808bbbfb12b740199560ab21b217818e",
      "displayName": "Dialog for Who can use Microsoft Teams?",
      "createdTime": "2021-01-13T22:20:51.2371466Z",
      "updatedTime": "2021-01-27T18:21:42.127672Z",
      "createdUserId": "f04d3cd9-b73d-4ba9-a1ed-9319eba29b21",
      "updatedUserId": "f04d3cd9-b73d-4ba9-a1ed-9319eba29b21"
    }
  ],
  "botMessages": [
    {
      "channelContent": {
        "web": {
          "contentFormat": "Markdown",
          "content": "Teams is part of Microsoft 365. So, for Enterprise use, you need a Microsoft 365 license."
        }
      },
      "id": "e38d1da8-406c-491e-a7bf-1ba06e8222a7",
      "createdTime": "2021-01-13T22:20:51.2371466Z",
      "updatedTime": "2021-01-13T22:20:51.2371466Z",
      "createdUserId": "f04d3cd9-b73d-4ba9-a1ed-9319eba29b21",
      "updatedUserId": "f04d3cd9-b73d-4ba9-a1ed-9319eba29b21"
    },
    {
      "channelContent": {
        "web": {
          "contentFormat": "Markdown",
          "content": "To add someone from your organization to Teams, just open the app and add them to a team. They will automatically receive an email with the invitation."
        }
      },
      "id": "18a283d9-ba72-41e8-b425-b9f3427e08be",
      "createdTime": "2021-01-27T18:15:26.16Z",
      "updatedTime": "2021-01-27T18:15:26.16Z",
      "createdUserId": "user-0",
      "updatedUserId": "user-0"
    },
    {
      "channelContent": {
        "web": {
          "contentFormat": "Markdown",
          "content": "*   [For personal use, Teams is free](https://www.microsoft.com/en-us/microsoft-365/microsoft-teams/teams-for-home).\n*   [There is also a free version of Microsoft Teams](https://www.microsoft.com/en-us/microsoft-teams/free)\n*   [Additional offers available for nonprofits and Education](https://www.microsoft.com/en-us/microsoft-teams/free)"
        }
      },
      "id": "887f575d-9ead-4791-b643-f5f13b42e9de",
      "createdTime": "2021-01-27T18:15:33.701Z",
      "updatedTime": "2021-01-27T18:15:33.701Z",
      "createdUserId": "user-0",
      "updatedUserId": "user-0"
    },
    {
      "channelContent": {
        "web": {
          "contentFormat": "Markdown",
          "content": "Specifically, you need one of these licenses:\n\n*   Business Essentials or Business Premium\n*   Enterprise F1, F3, E1, E3, or E5\n*   Microsoft 365 A licenses for education/school also include Teams.\n\nRead [how to get access to Microsoft Teams](https://support.microsoft.com/en-us/office/how-do-i-get-access-to-microsoft-teams-fc7f1634-abd3-4f26-a597-9df16e4ca65b) for more info."
        }
      },
      "id": "90ea3f9b-829e-4c2b-bc53-ed9665012763",
      "createdTime": "2021-01-27T18:21:36.753Z",
      "updatedTime": "2021-01-27T18:21:36.753Z",
      "createdUserId": "user-0",
      "updatedUserId": "user-0"
    }
  ]
}