{
  "intents": [
    {
      "endUserOverrideName": "",
      "triggerQueries": [
        "Fästa en chatt eller kanal?",
        "Markera viktiga kanaler?",
        "Markera viktiga chattar?",
        "Favoritmarkera en kanal?",
        "Favoritmarkera en chatt?",
        "pinna kanaler högst upp",
        "pinna olika chattar",
        "kan man fästa en chatt?",
        "Kan man fästa kanaler?",
        "Hur fäster jag en kanal?",
        "Hur fäster jag en chatt?",
        "Fästa en chatt eller fästa en kanal?"
      ],
      "dialogId": "new_topic_211f4a476f3244b294352377b6a42fd9",
      "isTriggeringEnabled": true,
      "id": "new_topic_211f4a476f3244b294352377b6a42fd9",
      "displayName": "Fästa en chatt eller kanal?",
      "description": "",
      "createdTime": "2020-11-24T14:37:53.8230909Z",
      "updatedTime": "2020-12-14T14:09:03.9397175Z",
      "createdUserId": "f04d3cd9-b73d-4ba9-a1ed-9319eba29b21",
      "updatedUserId": "f04d3cd9-b73d-4ba9-a1ed-9319eba29b21"
    }
  ],
  "dialogs": [
    {
      "rootNodeId": "3e564726-1cfe-49d9-80ff-ba41c136dee2",
      "messageNodes": [
        {
          "botMessageId": "61d8be33-7894-439b-a99b-a53d87d64a52",
          "nodeType": "BotMessageNode",
          "id": "3e564726-1cfe-49d9-80ff-ba41c136dee2",
          "defaultTargetNodeId": "0ac5795e-9b0d-4482-a1d5-fa7011a36416"
        }
      ],
      "dialogChangeNodes": [
        {
          "targetDialogId": "new_topic_84ec227c19784e7ba25cb34f4638f91e_aeabea4d071f415c8c107e1cb7af5424_assumedsuccess",
          "nodeType": "DialogChangeNode",
          "id": "0ac5795e-9b0d-4482-a1d5-fa7011a36416"
        }
      ],
      "id": "new_topic_211f4a476f3244b294352377b6a42fd9",
      "displayName": "Dialog for Fästa en chatt eller fästa en kanal?",
      "createdTime": "2020-11-24T14:37:53.8230909Z",
      "updatedTime": "2020-11-24T14:37:53.8230909Z",
      "createdUserId": "f04d3cd9-b73d-4ba9-a1ed-9319eba29b21",
      "updatedUserId": "f04d3cd9-b73d-4ba9-a1ed-9319eba29b21"
    }
  ],
  "botMessages": [
    {
      "channelContent": {
        "web": {
          "contentFormat": "Markdown",
          "content": "Du kan fästa chattar eller kanaler högst upp på din chatt eller din teamlista.\r\n\r\nVälj Chatt\r\n\r\n. Hitta namnet på konversationen eller kanalen som du vill fästa. Välj sedan Fler alternativ ”…”&gt; Fäst. Detta säkerställer att chatten eller kanalen stannar överst på din lista. Om du ändrar dig, bara markera den igen och välj Plocka bort."
        }
      },
      "id": "61d8be33-7894-439b-a99b-a53d87d64a52",
      "createdTime": "2020-11-24T14:37:53.8230909Z",
      "updatedTime": "2020-11-24T14:37:53.8230909Z",
      "createdUserId": "f04d3cd9-b73d-4ba9-a1ed-9319eba29b21",
      "updatedUserId": "f04d3cd9-b73d-4ba9-a1ed-9319eba29b21"
    }
  ]
}