{
  "namedEntities": [
    {
      "synonyms": [
        "home"
      ],
      "id": "ff0ca6dd-de7a-4bee-b849-16210d63f3c5",
      "displayName": "Użytkownik domowy",
      "updatedTime": "2021-09-26T10:06:57.9802579Z",
      "updatedUserId": "28fac8cb-bec7-48c9-a688-5024cf318b8a"
    },
    {
      "synonyms": [
        "gaming"
      ],
      "id": "2ccf421b-89a6-43a8-8b4f-b8d8f63b58bf",
      "displayName": "Gracz",
      "updatedTime": "2021-09-26T10:06:57.9802579Z",
      "updatedUserId": "28fac8cb-bec7-48c9-a688-5024cf318b8a"
    },
    {
      "synonyms": [
        "business"
      ],
      "id": "2d32734c-9552-47c5-963b-563fe1d9ea7e",
      "displayName": "Użytkownik biznesowy",
      "updatedTime": "2021-09-26T10:06:57.9802579Z",
      "updatedUserId": "28fac8cb-bec7-48c9-a688-5024cf318b8a"
    }
  ],
  "createdUtc": "0001-01-01T00:00:00Z",
  "closedListTypes": [
    {
      "namedEntities": [
        "ff0ca6dd-de7a-4bee-b849-16210d63f3c5",
        "2ccf421b-89a6-43a8-8b4f-b8d8f63b58bf",
        "2d32734c-9552-47c5-963b-563fe1d9ea7e"
      ],
      "smartMatchingEnabled": true,
      "customTypeSchema": "ClosedList",
      "id": "new_customtype_d4ee79ce05584b519ee7d416fda7e2a3_f86fcadfd497444e91ed11c12b059d10",
      "displayName": "Typ użycia",
      "description": "Lekcja 4 Encja Typ użycia",
      "createdTime": "2019-10-25T14:03:43.9601778Z",
      "updatedTime": "2021-09-26T10:06:57.9802579Z",
      "createdUserId": "user0",
      "updatedUserId": "28fac8cb-bec7-48c9-a688-5024cf318b8a"
    }
  ]
}