{
  "intents": [
    {
      "triggerQueries": [
        "Teams 팀즈 팀 모바일 앱 파일 열수 열 수",
        "Android 안드로이드 TEams 팀 파일 열 수 열수",
        "Iphone 아이폰 Teams 팀 파일 열 수 열수",
        "Teams 팀즈 팀 파일 모바일 앱",
        "Teams 팀즈 앱 파일 열수 열 수",
        "휴대폰 모바일 Teams 팀즈 파일 오픈 열 수 열기",
        "Teams 모바일에서 파일을 관리할 수 있나요?"
      ],
      "dialogId": "new_topic_6412f5782e964f5290e84941830ef0ca",
      "isTriggeringEnabled": true,
      "id": "new_topic_6412f5782e964f5290e84941830ef0ca",
      "displayName": "Teams 모바일에서 파일을 관리할 수 있나요?",
      "description": "https://adoptbotv2kb.blob.core.windows.net/%24web/adoptbot2021-Korean.docx",
      "createdTime": "2021-03-18T03:39:18.7456548Z",
      "updatedTime": "2021-04-06T11:32:40.4137847Z",
      "createdUserId": "e47109d8-0300-4e59-a90d-56bb29886c9e",
      "updatedUserId": "e47109d8-0300-4e59-a90d-56bb29886c9e"
    }
  ],
  "dialogs": [
    {
      "rootNodeId": "27ce6f2d-583d-49ea-b1f9-17f1aa21ff7d",
      "messageNodes": [
        {
          "botMessageId": "1b15c049-0fec-4acf-be7b-02279c8927d7",
          "nodeType": "BotMessageNode",
          "id": "32d6081f-c43f-4521-b79a-f5ad9ddc1885",
          "defaultTargetNodeId": "ae84c3b8-96d0-430c-976d-f50daa715179"
        },
        {
          "botMessageId": "6a3e1fe4-011c-4cee-8fee-ef7312a0b7c4",
          "nodeType": "BotMessageNode",
          "id": "27ce6f2d-583d-49ea-b1f9-17f1aa21ff7d",
          "defaultTargetNodeId": "32d6081f-c43f-4521-b79a-f5ad9ddc1885"
        }
      ],
      "dialogChangeNodes": [
        {
          "targetDialogId": "new_topic_2bf23930c1d146129dfe38bacb94ccd0_aeabea4d071f415c8c107e1cb7af5424_assumedsuccess",
          "nodeType": "DialogChangeNode",
          "id": "ae84c3b8-96d0-430c-976d-f50daa715179"
        }
      ],
      "id": "new_topic_6412f5782e964f5290e84941830ef0ca",
      "displayName": "Dialog for Teams 모바일에서 파일을 관리할 수 있나요?",
      "createdTime": "2021-03-18T03:39:18.7456548Z",
      "updatedTime": "2021-04-06T11:30:18.2526975Z",
      "createdUserId": "e47109d8-0300-4e59-a90d-56bb29886c9e",
      "updatedUserId": "e47109d8-0300-4e59-a90d-56bb29886c9e"
    }
  ],
  "botMessages": [
    {
      "channelContent": {
        "web": {
          "contentFormat": "Markdown",
          "content": "Teams 모바일 앱에서 채널 파일로 이동하면 다른 사람에게 복사본을 열거나 보낼 수 있습니다."
        }
      },
      "id": "1b15c049-0fec-4acf-be7b-02279c8927d7",
      "createdTime": "2021-03-18T03:39:18.7456548Z",
      "updatedTime": "2021-03-18T03:39:18.7456548Z",
      "createdUserId": "e47109d8-0300-4e59-a90d-56bb29886c9e",
      "updatedUserId": "e47109d8-0300-4e59-a90d-56bb29886c9e"
    },
    {
      "channelContent": {
        "web": {
          "contentFormat": "Markdown",
          "content": "Teams는 모바일 장치에서 파일을 관리할 수 있는 좋은 장소입니다"
        }
      },
      "id": "6a3e1fe4-011c-4cee-8fee-ef7312a0b7c4",
      "createdTime": "2021-04-06T11:29:55.907Z",
      "updatedTime": "2021-04-06T11:29:55.907Z",
      "createdUserId": "user-0",
      "updatedUserId": "user-0"
    }
  ],
  "createdUtc": "0001-01-01T00:00:00Z"
}