{
  "intents": [
    {
      "endUserOverrideName": "Teilnehmen an der Teams-Besprechung von einem Telefon aus",
      "triggerQueries": [
        "Wie kann ich von meinem Telefon aus an einer Besprechung in Teams teilnehmen?",
        "Teilnehmen an der Teams-Besprechung von einem Telefon aus"
      ],
      "dialogId": "new_topic_21e8824cacc546ad99b0307f76c0aa53",
      "isTriggeringEnabled": true,
      "id": "new_topic_21e8824cacc546ad99b0307f76c0aa53",
      "displayName": "Wie kann ich von meinem Telefon aus an einer Besprechung in Teams teilnehmen?",
      "description": "",
      "createdTime": "2021-04-19T08:05:46.754982Z",
      "updatedTime": "2021-04-19T08:05:46.754982Z",
      "createdUserId": "d4c65e50-fb5c-4311-830a-05b59a11dd48"
    }
  ],
  "dialogs": [
    {
      "rootNodeId": "551a8de1-d6a0-44f1-83dc-4277566a3c6b",
      "messageNodes": [
        {
          "botMessageId": "9013f669-e0a7-4c5c-ac22-90be5abd7c71",
          "nodeType": "BotMessageNode",
          "id": "551a8de1-d6a0-44f1-83dc-4277566a3c6b",
          "defaultTargetNodeId": "5cd58834-1a53-4e92-8198-5579dd367d3d"
        }
      ],
      "dialogChangeNodes": [
        {
          "targetDialogId": "new_topic_30867099f4b543d3b8543a85c22c3418_aeabea4d071f415c8c107e1cb7af5424_assumedsuccess",
          "nodeType": "DialogChangeNode",
          "id": "5cd58834-1a53-4e92-8198-5579dd367d3d"
        }
      ],
      "id": "new_topic_21e8824cacc546ad99b0307f76c0aa53",
      "displayName": "Dialog for Wie kann ich von meinem Telefon aus an einer Besprechung in Teams teilnehmen?",
      "createdTime": "2021-04-19T08:05:46.754982Z",
      "updatedTime": "2021-04-19T08:06:54.9798345Z",
      "createdUserId": "d4c65e50-fb5c-4311-830a-05b59a11dd48",
      "updatedUserId": "d4c65e50-fb5c-4311-830a-05b59a11dd48"
    }
  ],
  "botMessages": [
    {
      "channelContent": {
        "web": {
          "contentFormat": "Markdown",
          "content": "Öffnen Sie von Ihrem Mobilgerät aus die Teams-App, und tippen Sie auf den **Kalender**.\n\nKlicken Sie dann auf die Schaltfläche Join für die gewünschte Besprechung.\n\n[Weitere Optionen finden Sie unter diesem Link](https://support.microsoft.com/de-de/office/ansluta-till-ett-m%C3%B6te-i-teams-1613bb53-f3fa-431e-85a9-d6a91e3468c9)"
        }
      },
      "id": "9013f669-e0a7-4c5c-ac22-90be5abd7c71",
      "createdTime": "2021-04-19T08:05:46.754982Z",
      "updatedTime": "2021-04-19T08:05:46.754982Z",
      "createdUserId": "d4c65e50-fb5c-4311-830a-05b59a11dd48",
      "updatedUserId": "d4c65e50-fb5c-4311-830a-05b59a11dd48"
    }
  ]
}