{
  "intents": [
    {
      "triggerQueries": [
        "Delta i livehändelse",
        "Delta i ett live event i Teams",
        "Vem kan titta på livehändelser?",
        "Vem kan joina ett live event?",
        "Vem kan se en livehändelse i Teams?",
        "Vilka kan se ett live event?",
        "Vem kan delta i live events (livehändelser)?",
        "Vem kan delta i liveevenemang?"
      ],
      "dialogId": "new_topic_c94a2ce8cdbb4f759d197db594b97e24",
      "isTriggeringEnabled": true,
      "id": "new_topic_c94a2ce8cdbb4f759d197db594b97e24",
      "displayName": "Vem kan delta i live events (livehändelser)?",
      "description": "https://faqtimafiles.blob.core.windows.net/filesfortima-adoptbot/svenska frågor till adoptbot PVA (Swedish QnA for AdoptBot).docx",
      "createdTime": "2020-11-24T14:37:53.8230909Z",
      "updatedTime": "2021-01-14T16:32:07.5911773Z",
      "createdUserId": "f04d3cd9-b73d-4ba9-a1ed-9319eba29b21",
      "updatedUserId": "f04d3cd9-b73d-4ba9-a1ed-9319eba29b21"
    }
  ],
  "dialogs": [
    {
      "rootNodeId": "8e7ad657-0b06-4ddb-b427-401fd73ceaa6",
      "messageNodes": [
        {
          "botMessageId": "ff5906a5-de01-4286-88d1-083593159ffa",
          "nodeType": "BotMessageNode",
          "id": "8e7ad657-0b06-4ddb-b427-401fd73ceaa6",
          "defaultTargetNodeId": "383118f6-05c1-4bd8-a7fd-cae8cb5addcc"
        },
        {
          "botMessageId": "807836d4-52df-489a-8e80-6976035c17e2",
          "nodeType": "BotMessageNode",
          "id": "383118f6-05c1-4bd8-a7fd-cae8cb5addcc",
          "defaultTargetNodeId": "8b4cc91c-4640-47eb-b2ab-471c325a04c6"
        }
      ],
      "dialogChangeNodes": [
        {
          "targetDialogId": "new_topic_84ec227c19784e7ba25cb34f4638f91e_aeabea4d071f415c8c107e1cb7af5424_assumedsuccess",
          "nodeType": "DialogChangeNode",
          "id": "8b4cc91c-4640-47eb-b2ab-471c325a04c6"
        }
      ],
      "id": "new_topic_c94a2ce8cdbb4f759d197db594b97e24",
      "displayName": "Dialog for Vem kan delta i liveevenemang?",
      "createdTime": "2020-11-24T14:37:53.8230909Z",
      "updatedTime": "2020-12-14T14:14:02.1287674Z",
      "createdUserId": "f04d3cd9-b73d-4ba9-a1ed-9319eba29b21",
      "updatedUserId": "f04d3cd9-b73d-4ba9-a1ed-9319eba29b21"
    }
  ],
  "botMessages": [
    {
      "channelContent": {
        "web": {
          "contentFormat": "Markdown",
          "content": "**Offentliga evenemang:**\n\nOm ett evenemang är offentligt kan alla som har länken delta utan att logga in.\n\n**Privata evenemang:**\n\nOm närvaro är begränsad till din organisation eller till specifika personer och grupper, måste deltagarna logga in för att gå med. Om evenemanget produceras i Teams behöver de en licens som inkluderar Teams. Om det produceras externt behöver de en licens som innehåller Microsoft Stream."
        }
      },
      "id": "ff5906a5-de01-4286-88d1-083593159ffa",
      "createdTime": "2020-11-24T14:37:53.8230909Z",
      "updatedTime": "2020-11-24T14:37:53.8230909Z",
      "createdUserId": "f04d3cd9-b73d-4ba9-a1ed-9319eba29b21",
      "updatedUserId": "f04d3cd9-b73d-4ba9-a1ed-9319eba29b21"
    },
    {
      "channelContent": {
        "web": {
          "contentFormat": "Markdown",
          "content": "Mer information finns här:  \n[Kom igång med Microsoft Teams live events (livehändelser)](https://support.microsoft.com/sv-se/office/get-started-with-microsoft-teams-live-events-d077fec2-a058-483e-9ab5-1494afda578a)"
        }
      },
      "id": "807836d4-52df-489a-8e80-6976035c17e2",
      "createdTime": "2020-12-14T14:13:35.679Z",
      "updatedTime": "2020-12-14T14:13:35.679Z",
      "createdUserId": "user-0",
      "updatedUserId": "user-0"
    }
  ]
}