{
  "intents": [
    {
      "intentType": "Regular",
      "endUserOverrideName": "Titel & rubrik i chatt",
      "triggerQueries": [
        "Hur gör jag en rubrik i min chatt?",
        "Kan jag ha en rubrik i min chatt?",
        "Hur gör jag en titel till en chatt?",
        "Varför ska jag ha titel i min chatt?",
        "Kan jag ha titel i min chatt?",
        "Hur kan jag skriva en titel på min chatt?"
      ],
      "dialogId": "new_topic_387fff03376d4f30886ae18d9088f58f",
      "isTriggeringEnabled": true,
      "id": "new_topic_387fff03376d4f30886ae18d9088f58f",
      "displayName": "Hur kan jag skriva en titel på min chatt?",
      "description": "https://intranat.helsingborg.se/wp-content/uploads/2020/11/svenska-fracc8agor-till-adoptbot-pva.docx",
      "createdTime": "2020-11-24T14:37:53.8230909Z",
      "updatedTime": "2020-12-10T07:44:06.3881618Z",
      "createdUserId": "f04d3cd9-b73d-4ba9-a1ed-9319eba29b21",
      "updatedUserId": "844fcc91-8b17-49d9-9824-79f412da094a"
    }
  ],
  "dialogs": [
    {
      "rootNodeId": "1b291dba-3c65-46d8-b276-b42d1da69b0a",
      "messageNodes": [
        {
          "botMessageId": "6a26b8d3-cd54-4952-b0c0-9be6eece285b",
          "nodeType": "BotMessageNode",
          "id": "1b291dba-3c65-46d8-b276-b42d1da69b0a",
          "defaultTargetNodeId": "ccf03c9f-d1db-49ed-a154-2b360c6d1778"
        }
      ],
      "dialogChangeNodes": [
        {
          "targetDialogId": "new_topic_84ec227c19784e7ba25cb34f4638f91e_aeabea4d071f415c8c107e1cb7af5424_assumedsuccess",
          "nodeType": "DialogChangeNode",
          "id": "ccf03c9f-d1db-49ed-a154-2b360c6d1778"
        }
      ],
      "id": "new_topic_387fff03376d4f30886ae18d9088f58f",
      "displayName": "Dialog for Hur kan jag skriva en titel på min chatt?",
      "createdTime": "2020-11-24T14:37:53.8230909Z",
      "updatedTime": "2020-11-24T14:37:53.8230909Z",
      "createdUserId": "f04d3cd9-b73d-4ba9-a1ed-9319eba29b21",
      "updatedUserId": "f04d3cd9-b73d-4ba9-a1ed-9319eba29b21"
    }
  ],
  "botMessages": [
    {
      "channelContent": {
        "web": {
          "contentFormat": "Markdown",
          "content": "Du kan använda en titel och underrubrik för att få ditt ämne att sticka ut. Det hjälper dig att söka efter det senare. Om du vill lägga till detta markerar du formateringsknappen (ser ut som ett A med en penna) och lägger till en underrubrik.\r\n\r\nIstället för ”Ny konversation” bör du välja ”Meddelande”. Välj då gärna en bakgrundsbild för mer effekt"
        }
      },
      "id": "6a26b8d3-cd54-4952-b0c0-9be6eece285b",
      "createdTime": "2020-11-24T14:37:53.8230909Z",
      "updatedTime": "2020-11-24T14:37:53.8230909Z",
      "createdUserId": "f04d3cd9-b73d-4ba9-a1ed-9319eba29b21",
      "updatedUserId": "f04d3cd9-b73d-4ba9-a1ed-9319eba29b21"
    }
  ]
}