{
  "intents": [
    {
      "triggerQueries": [
        "In che modo un utente può cambiare o impostare il proprio ID conferenza?",
        "Modifica un ID conferenza",
        "cambiare ID conferenza",
        "cambiare il mio ID conferenza",
        "In che modo un utente può visualizzare o modificare il proprio ID conferenza?"
      ],
      "dialogId": "new_topic_6c0652b776894b988fe094b4c43b35b3",
      "isTriggeringEnabled": true,
      "id": "new_topic_6c0652b776894b988fe094b4c43b35b3",
      "displayName": "In che modo un utente può cambiare o impostare il proprio ID conferenza? Modifica un ID conferenza cambiare ID conferenza cambiare il mio ID conferenza In che modo un utente può modificare il proprio ID conferenza?",
      "createdTime": "2022-04-29T21:17:21.4833228Z",
      "updatedTime": "2022-04-29T21:17:21.4833228Z",
      "createdUserId": "9451fc51-e00d-4445-8ff9-efb70866dc3b",
      "updatedUserId": "9451fc51-e00d-4445-8ff9-efb70866dc3b"
    }
  ],
  "dialogs": [
    {
      "rootNodeId": "6cb0eb32-2a0d-45f2-928d-9a2de7f18095",
      "messageNodes": [
        {
          "botMessageId": "3678b841-ebcb-4c50-af85-8d2679beaecf",
          "nodeType": "BotMessageNode",
          "id": "6cb0eb32-2a0d-45f2-928d-9a2de7f18095",
          "defaultTargetNodeId": "578cd82b-069a-47a9-b0e5-1cb344043ad5"
        }
      ],
      "dialogChangeNodes": [
        {
          "targetDialogId": "new_topic_f98a24608ee04cb998de3e3e32703d5b_aeabea4d071f415c8c107e1cb7af5424_assumedsuccess",
          "nodeType": "DialogChangeNode",
          "id": "578cd82b-069a-47a9-b0e5-1cb344043ad5"
        }
      ],
      "id": "new_topic_6c0652b776894b988fe094b4c43b35b3",
      "displayName": "Senza titolo",
      "createdTime": "2022-04-29T21:17:21.4833228Z",
      "updatedTime": "2022-04-29T21:17:21.4833228Z",
      "createdUserId": "9451fc51-e00d-4445-8ff9-efb70866dc3b",
      "updatedUserId": "9451fc51-e00d-4445-8ff9-efb70866dc3b"
    }
  ],
  "botMessages": [
    {
      "channelContent": {
        "web": {
          "contentFormat": "Markdown",
          "content": "Un utente di Microsoft Teams può trovare l'ID conferenza a lui assegnato pianificando una riunione in Teams, in Outlook e Outlook sul Web. Gli utenti possono anche trovare l'ID conferenza nell'e-mail che verrà loro inviata al momento della prenotazione della riunione.\n\nGli utenti non potranno ripristinare il proprio ID conferenza. L'ID conferenza può essere reimpostato solo da un amministratore della tua organizzazione."
        }
      },
      "id": "3678b841-ebcb-4c50-af85-8d2679beaecf",
      "createdTime": "2022-04-29T21:09:13.37Z",
      "updatedTime": "2022-04-29T21:09:13.37Z"
    }
  ]
}