{
  "intents": [
    {
      "triggerQueries": [
        "Czy pakiet Office będzie identyczny na komputerze PC, Mac i urządzeniu przenośnym?",
        "Czy istnieje różnica między pakietem Office dla komputerów Mac lub PC?",
        "Różnica w Office na urządzeniach mobilnych?",
        "Te same funkcje w pakiecie Office na urządzeniach mobilnych?",
        "Taki sam pakiet Office na komputerze Mac?",
        "Czy Office jest taki sam na wszystkich urządzeniach?",
        "Czy pakiet Office jest taki sam na Androidzie i iOS?",
        "Czy aplikacja Teams jest identyczna na PC i urządzeniach mobilnych?",
        "Czy Teams jest identyczny w przeglądarce i na moim laptopie?",
        "różnice między wersjami Teams na telefon, Mac, PC, w przeglądarce",
        "Czy pakiet Office będzie identyczny na PC, Mac i urządzeniach mobilnych?"
      ],
      "dialogId": "new_topic_7b5b858f431b43b79f64a78993a83432",
      "isTriggeringEnabled": true,
      "id": "new_topic_7b5b858f431b43b79f64a78993a83432",
      "displayName": "Czy pakiet Office będzie identyczny na PC, Mac i urządzeniach mobilnych?",
      "description": "",
      "createdTime": "2021-09-26T18:00:16.5318912Z",
      "updatedTime": "2021-10-23T21:30:46.0606831Z",
      "createdUserId": "28fac8cb-bec7-48c9-a688-5024cf318b8a",
      "updatedUserId": "28fac8cb-bec7-48c9-a688-5024cf318b8a"
    }
  ],
  "dialogs": [
    {
      "rootNodeId": "e2e4f0e0-2bb4-4436-9129-85942342264e",
      "messageNodes": [
        {
          "botMessageId": "ef072d2e-7f31-48e4-b5d3-ba659fe4a977",
          "nodeType": "BotMessageNode",
          "id": "e2e4f0e0-2bb4-4436-9129-85942342264e",
          "defaultTargetNodeId": "d84e5d19-0098-4770-ba8f-fc4430be6664"
        }
      ],
      "dialogChangeNodes": [
        {
          "targetDialogId": "new_topic_d4ee79ce05584b519ee7d416fda7e2a3_aeabea4d071f415c8c107e1cb7af5424_assumedsuccess",
          "nodeType": "DialogChangeNode",
          "id": "d84e5d19-0098-4770-ba8f-fc4430be6664"
        }
      ],
      "id": "new_topic_7b5b858f431b43b79f64a78993a83432",
      "displayName": "Dialog for Czy pakiet Office będzie identyczny na PC, Maci urządzeniach mobilnych?",
      "createdTime": "2021-09-26T18:00:16.5318912Z",
      "updatedTime": "2021-09-26T18:01:01.0336583Z",
      "createdUserId": "28fac8cb-bec7-48c9-a688-5024cf318b8a",
      "updatedUserId": "28fac8cb-bec7-48c9-a688-5024cf318b8a"
    }
  ],
  "botMessages": [
    {
      "channelContent": {
        "web": {
          "contentFormat": "Markdown",
          "content": "Aplikacje pakietu Office są najlepiej dostosowane do każdej platformy i urządzenia. Aplikacje pakietu Office dostępne dla użytkowników komputerów Mac lub na różnych wersjach telefonów mogą się różnić od aplikacji dostępnych dla użytkowników komputerów PC."
        }
      },
      "id": "ef072d2e-7f31-48e4-b5d3-ba659fe4a977",
      "createdTime": "2021-09-26T18:00:16.5318912Z",
      "updatedTime": "2021-09-26T18:00:16.5318912Z",
      "createdUserId": "28fac8cb-bec7-48c9-a688-5024cf318b8a",
      "updatedUserId": "28fac8cb-bec7-48c9-a688-5024cf318b8a"
    }
  ]
}