{
  "intents": [
    {
      "triggerQueries": [
        "미팅 보고서",
        "미팅 리포트",
        "미팅 참석자",
        "Meeting 보고서",
        "Meeting 리포트",
        "Meeting 참석자",
        "회의 참석자",
        "모임 참석 사람",
        "회의 누가 있었는지",
        "회의 출석 보고서",
        "출석 리포트 다운로드",
        "출석 보고서",
        "출석 리포트",
        "출석 목록",
        "Microsoft Teams 회의 출석 보고서를 받을 수 있나요?"
      ],
      "dialogId": "new_topic_afa9b7b5110b48469538a180eae476b7",
      "isTriggeringEnabled": true,
      "id": "new_topic_afa9b7b5110b48469538a180eae476b7",
      "displayName": "Microsoft Teams 회의 출석 보고서를 받을 수 있나요?",
      "description": "https://adoptbotv2kb.blob.core.windows.net/%24web/adoptbot2021-Korean.docx",
      "createdTime": "2021-03-18T03:39:18.7476571Z",
      "updatedTime": "2021-03-25T05:08:21.4811268Z",
      "createdUserId": "e47109d8-0300-4e59-a90d-56bb29886c9e",
      "updatedUserId": "e47109d8-0300-4e59-a90d-56bb29886c9e"
    }
  ],
  "dialogs": [
    {
      "rootNodeId": "d8940fc2-6c45-4c8e-bc23-b2a95305e43e",
      "messageNodes": [
        {
          "botMessageId": "a7646164-4ee1-48b6-b8a9-7c1402d5ed6e",
          "nodeType": "BotMessageNode",
          "id": "4c6ca419-c62a-4215-bbe3-c3be22cbd999",
          "defaultTargetNodeId": "19b22ff6-5cf6-49f6-9886-0cd86c7ba0e5"
        },
        {
          "botMessageId": "606c7d5f-686c-49ca-aedc-8db5e35615e8",
          "nodeType": "BotMessageNode",
          "id": "d8940fc2-6c45-4c8e-bc23-b2a95305e43e",
          "defaultTargetNodeId": "10b4d3a3-864c-4871-bb68-5c075707f99f"
        },
        {
          "botMessageId": "9dec028f-df80-4b79-b552-3f34058c0af0",
          "nodeType": "BotMessageNode",
          "id": "10b4d3a3-864c-4871-bb68-5c075707f99f",
          "defaultTargetNodeId": "4c6ca419-c62a-4215-bbe3-c3be22cbd999"
        }
      ],
      "dialogChangeNodes": [
        {
          "targetDialogId": "new_topic_2bf23930c1d146129dfe38bacb94ccd0_aeabea4d071f415c8c107e1cb7af5424_assumedsuccess",
          "nodeType": "DialogChangeNode",
          "id": "19b22ff6-5cf6-49f6-9886-0cd86c7ba0e5"
        }
      ],
      "id": "new_topic_afa9b7b5110b48469538a180eae476b7",
      "displayName": "Dialog for Microsoft Teams 회의 출석 보고서를 받을 수 있나요?",
      "createdTime": "2021-03-18T03:39:18.7476571Z",
      "updatedTime": "2021-03-25T05:08:11.7532425Z",
      "createdUserId": "e47109d8-0300-4e59-a90d-56bb29886c9e",
      "updatedUserId": "e47109d8-0300-4e59-a90d-56bb29886c9e"
    }
  ],
  "botMessages": [
    {
      "channelContent": {
        "web": {
          "contentFormat": "Markdown",
          "content": "**관리자:** See this article for details : [Microsoft 팀 회의 출석 보고서](https://docs.microsoft.com/ko-kr/microsoftteams/teams-analytics-and-reports/meeting-attendance-report)"
        }
      },
      "id": "a7646164-4ee1-48b6-b8a9-7c1402d5ed6e",
      "createdTime": "2021-03-18T03:39:18.7476571Z",
      "updatedTime": "2021-03-18T03:39:18.7476571Z",
      "createdUserId": "e47109d8-0300-4e59-a90d-56bb29886c9e",
      "updatedUserId": "e47109d8-0300-4e59-a90d-56bb29886c9e"
    },
    {
      "channelContent": {
        "web": {
          "contentFormat": "Markdown",
          "content": "모임 주최자는 [모임 출석 보고서를 보고 다운로드](https://support.microsoft.com/ko-kr/office/download-attendance-reports-in-teams-ae7cf170-530c-47d3-84c1-3aedac74d310?ui=en-US&rs=en-US&ad=US)할 수 있습니다. 모임 중에 참가자 표시를 클릭하여 참석자 목록 다운로드를 선택합니다."
        }
      },
      "id": "606c7d5f-686c-49ca-aedc-8db5e35615e8",
      "createdTime": "2021-03-25T05:06:00.682Z",
      "updatedTime": "2021-03-25T05:06:00.682Z",
      "createdUserId": "user-0",
      "updatedUserId": "user-0"
    },
    {
      "channelContent": {
        "web": {
          "contentFormat": "Markdown",
          "content": "보고서를 CSV로 다운로드할 수 있습니다.(Excel로 열 수 있음)."
        }
      },
      "id": "9dec028f-df80-4b79-b552-3f34058c0af0",
      "createdTime": "2021-03-25T05:06:39.8Z",
      "updatedTime": "2021-03-25T05:06:39.8Z",
      "createdUserId": "user-0",
      "updatedUserId": "user-0"
    }
  ],
  "createdUtc": "0001-01-01T00:00:00Z"
}