<bot_botcomponentset>
  <bot_botcomponent botcomponentid.schemaname="new_topic_7bc47a48b64d49758886930dfe8a321d" botid.schemaname="new_bot_2bf23930c1d146129dfe38bacb94ccd0">
    <iscustomizable>1</iscustomizable>
  </bot_botcomponent>
  <bot_botcomponent botid.schemaname="new_bot_2bf23930c1d146129dfe38bacb94ccd0" botcomponentid.schemaname="new_topic_3997720013b2464fa662e01354190422">
    <iscustomizable>1</iscustomizable>
  </bot_botcomponent>
  <bot_botcomponent botcomponentid.schemaname="new_topic_21e796cb61e342978d290252a6913caf" botid.schemaname="new_bot_2bf23930c1d146129dfe38bacb94ccd0">
    <iscustomizable>1</iscustomizable>
  </bot_botcomponent>
  <bot_botcomponent botid.schemaname="new_bot_2bf23930c1d146129dfe38bacb94ccd0" botcomponentid.schemaname="new_topic_077fc8bf648f4d8aad573181fc4efc05">
    <iscustomizable>1</iscustomizable>
  </bot_botcomponent>
  <bot_botcomponent botcomponentid.schemaname="new_topic_3a4863234c4341faa314cf750c2839e3" botid.schemaname="new_bot_2bf23930c1d146129dfe38bacb94ccd0">
    <iscustomizable>1</iscustomizable>
  </bot_botcomponent>
  <bot_botcomponent botcomponentid.schemaname="new_topic_50dd5a1865ef46819b0449a54e386455" botid.schemaname="new_bot_2bf23930c1d146129dfe38bacb94ccd0">
    <iscustomizable>1</iscustomizable>
  </bot_botcomponent>
  <bot_botcomponent botid.schemaname="new_bot_2bf23930c1d146129dfe38bacb94ccd0" botcomponentid.schemaname="new_topic_e8881400dc9b4b5aa0e54c43cbddede7">
    <iscustomizable>1</iscustomizable>
  </bot_botcomponent>
  <bot_botcomponent botcomponentid.schemaname="new_topic_6412f5782e964f5290e84941830ef0ca" botid.schemaname="new_bot_2bf23930c1d146129dfe38bacb94ccd0">
    <iscustomizable>1</iscustomizable>
  </bot_botcomponent>
  <bot_botcomponent botid.schemaname="new_bot_2bf23930c1d146129dfe38bacb94ccd0" botcomponentid.schemaname="new_topic_7a1881df8f164993b490784def8b6e7b">
    <iscustomizable>1</iscustomizable>
  </bot_botcomponent>
  <bot_botcomponent botid.schemaname="new_bot_2bf23930c1d146129dfe38bacb94ccd0" botcomponentid.schemaname="new_topic_542acfececaa436289e8c6632be05e8e">
    <iscustomizable>1</iscustomizable>
  </bot_botcomponent>
  <bot_botcomponent botcomponentid.schemaname="new_topic_19cdcee13460483b9717e40d9350c23b" botid.schemaname="new_bot_2bf23930c1d146129dfe38bacb94ccd0">
    <iscustomizable>1</iscustomizable>
  </bot_botcomponent>
  <bot_botcomponent botcomponentid.schemaname="new_topic_7d167d6b0e05486eb5a04bfe6341b49a" botid.schemaname="new_bot_2bf23930c1d146129dfe38bacb94ccd0">
    <iscustomizable>1</iscustomizable>
  </bot_botcomponent>
  <bot_botcomponent botid.schemaname="new_bot_2bf23930c1d146129dfe38bacb94ccd0" botcomponentid.schemaname="new_topic_cd3c4871037d4ab6ae2621d387214def">
    <iscustomizable>1</iscustomizable>
  </bot_botcomponent>
  <bot_botcomponent botid.schemaname="new_bot_2bf23930c1d146129dfe38bacb94ccd0" botcomponentid.schemaname="new_topic_cf1567469ba64d9a890b29af807cb4c8">
    <iscustomizable>1</iscustomizable>
  </bot_botcomponent>
  <bot_botcomponent botcomponentid.schemaname="new_topic_3ba512ba8ddf42e6aec8663a8af25d01" botid.schemaname="new_bot_2bf23930c1d146129dfe38bacb94ccd0">
    <iscustomizable>1</iscustomizable>
  </bot_botcomponent>
  <bot_botcomponent botcomponentid.schemaname="new_topic_7e2afe78b52a492ba798abeddcdc18e1" botid.schemaname="new_bot_2bf23930c1d146129dfe38bacb94ccd0">
    <iscustomizable>1</iscustomizable>
  </bot_botcomponent>
  <bot_botcomponent botid.schemaname="new_bot_2bf23930c1d146129dfe38bacb94ccd0" botcomponentid.schemaname="new_topic_303f43a415ab4461b6ec84df4576d6ce">
    <iscustomizable>1</iscustomizable>
  </bot_botcomponent>
  <bot_botcomponent botcomponentid.schemaname="new_topic_666ce324c335412ea8b1292abf1fc78f" botid.schemaname="new_bot_2bf23930c1d146129dfe38bacb94ccd0">
    <iscustomizable>1</iscustomizable>
  </bot_botcomponent>
  <bot_botcomponent botid.schemaname="new_bot_2bf23930c1d146129dfe38bacb94ccd0" botcomponentid.schemaname="new_topic_263bb986f3e84b29966b2096c71b1cfa">
    <iscustomizable>1</iscustomizable>
  </bot_botcomponent>
  <bot_botcomponent botid.schemaname="new_bot_2bf23930c1d146129dfe38bacb94ccd0" botcomponentid.schemaname="new_topic_f2a57c7e0caf4434a7fb0141c39d752c">
    <iscustomizable>1</iscustomizable>
  </bot_botcomponent>
  <bot_botcomponent botcomponentid.schemaname="new_topic_12217cbb2bb94c8b90c25b325bab906b" botid.schemaname="new_bot_2bf23930c1d146129dfe38bacb94ccd0">
    <iscustomizable>1</iscustomizable>
  </bot_botcomponent>
  <bot_botcomponent botid.schemaname="new_bot_2bf23930c1d146129dfe38bacb94ccd0" botcomponentid.schemaname="new_topic_ada14d613a5a4a45baa69cc5f82965d3">
    <iscustomizable>1</iscustomizable>
  </bot_botcomponent>
  <bot_botcomponent botcomponentid.schemaname="new_topic_1a881c30b29d47af82eb7641073eb378" botid.schemaname="new_bot_2bf23930c1d146129dfe38bacb94ccd0">
    <iscustomizable>1</iscustomizable>
  </bot_botcomponent>
  <bot_botcomponent botcomponentid.schemaname="new_topic_6bf2c861abec48f3ba5f75e80dec1b38" botid.schemaname="new_bot_2bf23930c1d146129dfe38bacb94ccd0">
    <iscustomizable>1</iscustomizable>
  </bot_botcomponent>
  <bot_botcomponent botcomponentid.schemaname="new_topic_720b7576b2974838b919735c716918eb" botid.schemaname="new_bot_2bf23930c1d146129dfe38bacb94ccd0">
    <iscustomizable>1</iscustomizable>
  </bot_botcomponent>
  <bot_botcomponent botcomponentid.schemaname="new_topic_2c7ae2df8b0349468ba735a0a9a6769a" botid.schemaname="new_bot_2bf23930c1d146129dfe38bacb94ccd0">
    <iscustomizable>1</iscustomizable>
  </bot_botcomponent>
  <bot_botcomponent botid.schemaname="new_bot_2bf23930c1d146129dfe38bacb94ccd0" botcomponentid.schemaname="new_topic_a16ab5a3c94b4d8f9611ff02aa67faf3">
    <iscustomizable>1</iscustomizable>
  </bot_botcomponent>
  <bot_botcomponent botcomponentid.schemaname="new_topic_cb62d2b98c0b4d2288cd64533866ca0a" botid.schemaname="new_bot_2bf23930c1d146129dfe38bacb94ccd0">
    <iscustomizable>1</iscustomizable>
  </bot_botcomponent>
  <bot_botcomponent botcomponentid.schemaname="new_topic_78e1f9dec1294e378e6f65a0fae07c8d" botid.schemaname="new_bot_2bf23930c1d146129dfe38bacb94ccd0">
    <iscustomizable>1</iscustomizable>
  </bot_botcomponent>
  <bot_botcomponent botcomponentid.schemaname="new_topic_3e0a4792d7af409bab087a42338f1df9" botid.schemaname="new_bot_2bf23930c1d146129dfe38bacb94ccd0">
    <iscustomizable>1</iscustomizable>
  </bot_botcomponent>
  <bot_botcomponent botid.schemaname="new_bot_2bf23930c1d146129dfe38bacb94ccd0" botcomponentid.schemaname="new_topic_5ff5c3ea746842b1a573d604e134091c">
    <iscustomizable>1</iscustomizable>
  </bot_botcomponent>
  <bot_botcomponent botid.schemaname="new_bot_2bf23930c1d146129dfe38bacb94ccd0" botcomponentid.schemaname="new_topic_b97da95dbf7548e9827a45e0336b06f8">
    <iscustomizable>1</iscustomizable>
  </bot_botcomponent>
  <bot_botcomponent botcomponentid.schemaname="new_topic_b98428c2d4a748b48c3e302755ddb570" botid.schemaname="new_bot_2bf23930c1d146129dfe38bacb94ccd0">
    <iscustomizable>1</iscustomizable>
  </bot_botcomponent>
  <bot_botcomponent botcomponentid.schemaname="new_topic_9dc5a362d8984fb8a90f98c9e73e42bf" botid.schemaname="new_bot_2bf23930c1d146129dfe38bacb94ccd0">
    <iscustomizable>1</iscustomizable>
  </bot_botcomponent>
  <bot_botcomponent botid.schemaname="new_bot_2bf23930c1d146129dfe38bacb94ccd0" botcomponentid.schemaname="new_topic_2650da9c0656421ea3521b0102042e78">
    <iscustomizable>1</iscustomizable>
  </bot_botcomponent>
  <bot_botcomponent botcomponentid.schemaname="new_topic_d14d070176184da0ad7207abf2800073" botid.schemaname="new_bot_2bf23930c1d146129dfe38bacb94ccd0">
    <iscustomizable>1</iscustomizable>
  </bot_botcomponent>
  <bot_botcomponent botid.schemaname="new_bot_2bf23930c1d146129dfe38bacb94ccd0" botcomponentid.schemaname="new_topic_afa9b7b5110b48469538a180eae476b7">
    <iscustomizable>1</iscustomizable>
  </bot_botcomponent>
  <bot_botcomponent botcomponentid.schemaname="new_topic_212a2007add54ad2a51354eb45f37147" botid.schemaname="new_bot_2bf23930c1d146129dfe38bacb94ccd0">
    <iscustomizable>1</iscustomizable>
  </bot_botcomponent>
  <bot_botcomponent botid.schemaname="new_bot_2bf23930c1d146129dfe38bacb94ccd0" botcomponentid.schemaname="new_topic_7d842b80d49145ecab7d6a2f3570f385">
    <iscustomizable>1</iscustomizable>
  </bot_botcomponent>
  <bot_botcomponent botid.schemaname="new_bot_2bf23930c1d146129dfe38bacb94ccd0" botcomponentid.schemaname="new_topic_9732e53e81aa427aa2210bf524ab84c8">
    <iscustomizable>1</iscustomizable>
  </bot_botcomponent>
  <bot_botcomponent botcomponentid.schemaname="new_topic_ac3d0b179fc54f6d8df0ed6571f2d09c" botid.schemaname="new_bot_2bf23930c1d146129dfe38bacb94ccd0">
    <iscustomizable>1</iscustomizable>
  </bot_botcomponent>
  <bot_botcomponent botid.schemaname="new_bot_2bf23930c1d146129dfe38bacb94ccd0" botcomponentid.schemaname="new_topic_3254bcd948af4c99be588d40c41be503">
    <iscustomizable>1</iscustomizable>
  </bot_botcomponent>
  <bot_botcomponent botcomponentid.schemaname="new_topic_ea3da3b540594053850ba8db137bbbb6" botid.schemaname="new_bot_2bf23930c1d146129dfe38bacb94ccd0">
    <iscustomizable>1</iscustomizable>
  </bot_botcomponent>
  <bot_botcomponent botid.schemaname="new_bot_2bf23930c1d146129dfe38bacb94ccd0" botcomponentid.schemaname="new_topic_5f41d24b6bcd416eae1165b7348f3945">
    <iscustomizable>1</iscustomizable>
  </bot_botcomponent>
  <bot_botcomponent botid.schemaname="new_bot_2bf23930c1d146129dfe38bacb94ccd0" botcomponentid.schemaname="new_topic_c7ae3cfff0784ae197e695270fc92411">
    <iscustomizable>1</iscustomizable>
  </bot_botcomponent>
  <bot_botcomponent botcomponentid.schemaname="new_topic_97850c81070349039f296baf839745b6" botid.schemaname="new_bot_2bf23930c1d146129dfe38bacb94ccd0">
    <iscustomizable>1</iscustomizable>
  </bot_botcomponent>
  <bot_botcomponent botcomponentid.schemaname="new_topic_2bf23930c1d146129dfe38bacb94ccd0_7620a288bb3e455984cace1ade5e259c_fallback" botid.schemaname="new_bot_2bf23930c1d146129dfe38bacb94ccd0">
    <iscustomizable>1</iscustomizable>
  </bot_botcomponent>
  <bot_botcomponent botcomponentid.schemaname="new_topic_bd5634c356db476b96b9bae88c61ddd7" botid.schemaname="new_bot_2bf23930c1d146129dfe38bacb94ccd0">
    <iscustomizable>1</iscustomizable>
  </bot_botcomponent>
  <bot_botcomponent botcomponentid.schemaname="new_topic_606fef5d651d48c0a8a1b18751b8c466" botid.schemaname="new_bot_2bf23930c1d146129dfe38bacb94ccd0">
    <iscustomizable>1</iscustomizable>
  </bot_botcomponent>
  <bot_botcomponent botcomponentid.schemaname="new_topic_f36b24326b1d417e830d04fa4154ec1d" botid.schemaname="new_bot_2bf23930c1d146129dfe38bacb94ccd0">
    <iscustomizable>1</iscustomizable>
  </bot_botcomponent>
  <bot_botcomponent botid.schemaname="new_bot_2bf23930c1d146129dfe38bacb94ccd0" botcomponentid.schemaname="new_topic_04e2c5fed07342abbee6b8173ad5eae4">
    <iscustomizable>1</iscustomizable>
  </bot_botcomponent>
  <bot_botcomponent botid.schemaname="new_bot_2bf23930c1d146129dfe38bacb94ccd0" botcomponentid.schemaname="new_topic_3142f6900bb1461194f20c6001065f73">
    <iscustomizable>1</iscustomizable>
  </bot_botcomponent>
  <bot_botcomponent botcomponentid.schemaname="new_variable_2bf23930c1d146129dfe38bacb94ccd0_340aefff448e492eac88d718fbdf56ac" botid.schemaname="new_bot_2bf23930c1d146129dfe38bacb94ccd0">
    <iscustomizable>1</iscustomizable>
  </bot_botcomponent>
  <bot_botcomponent botid.schemaname="new_bot_2bf23930c1d146129dfe38bacb94ccd0" botcomponentid.schemaname="new_topic_e0006d7da6d443fcb6cb8640b359613e">
    <iscustomizable>1</iscustomizable>
  </bot_botcomponent>
  <bot_botcomponent botcomponentid.schemaname="new_topic_8bc90873cbf841f5a4204fce14e85e5a" botid.schemaname="new_bot_2bf23930c1d146129dfe38bacb94ccd0">
    <iscustomizable>1</iscustomizable>
  </bot_botcomponent>
  <bot_botcomponent botcomponentid.schemaname="new_topic_077079d7fc344494a2f04f9f25342fa4" botid.schemaname="new_bot_2bf23930c1d146129dfe38bacb94ccd0">
    <iscustomizable>1</iscustomizable>
  </bot_botcomponent>
  <bot_botcomponent botcomponentid.schemaname="new_topic_c7e9d9672024494a9aab8da9d0215906" botid.schemaname="new_bot_2bf23930c1d146129dfe38bacb94ccd0">
    <iscustomizable>1</iscustomizable>
  </bot_botcomponent>
  <bot_botcomponent botid.schemaname="new_bot_2bf23930c1d146129dfe38bacb94ccd0" botcomponentid.schemaname="new_topic_e800aa5637d14dd0a567fa2df97b1955">
    <iscustomizable>1</iscustomizable>
  </bot_botcomponent>
  <bot_botcomponent botcomponentid.schemaname="new_topic_6647c581748345e095f47d40c3d7662a" botid.schemaname="new_bot_2bf23930c1d146129dfe38bacb94ccd0">
    <iscustomizable>1</iscustomizable>
  </bot_botcomponent>
  <bot_botcomponent botid.schemaname="new_bot_2bf23930c1d146129dfe38bacb94ccd0" botcomponentid.schemaname="new_topic_496b5722da7c459c9aa09ba776af0ad6">
    <iscustomizable>1</iscustomizable>
  </bot_botcomponent>
  <bot_botcomponent botcomponentid.schemaname="new_topic_c33faca5c3b1448a8471e933db794e0f" botid.schemaname="new_bot_2bf23930c1d146129dfe38bacb94ccd0">
    <iscustomizable>1</iscustomizable>
  </bot_botcomponent>
  <bot_botcomponent botid.schemaname="new_bot_2bf23930c1d146129dfe38bacb94ccd0" botcomponentid.schemaname="new_topic_c8befa0547ce42e9a6dd24c9801ec52f">
    <iscustomizable>1</iscustomizable>
  </bot_botcomponent>
  <bot_botcomponent botid.schemaname="new_bot_2bf23930c1d146129dfe38bacb94ccd0" botcomponentid.schemaname="new_topic_d3d5693ad2024af8aa9384fd95445c59">
    <iscustomizable>1</iscustomizable>
  </bot_botcomponent>
  <bot_botcomponent botcomponentid.schemaname="new_topic_06d8bcc7539c43a18dc2546d505a926c" botid.schemaname="new_bot_2bf23930c1d146129dfe38bacb94ccd0">
    <iscustomizable>1</iscustomizable>
  </bot_botcomponent>
  <bot_botcomponent botcomponentid.schemaname="new_topic_39e2f989a0ef4d648a5b8c56882fa3c0" botid.schemaname="new_bot_2bf23930c1d146129dfe38bacb94ccd0">
    <iscustomizable>1</iscustomizable>
  </bot_botcomponent>
  <bot_botcomponent botid.schemaname="new_bot_2bf23930c1d146129dfe38bacb94ccd0" botcomponentid.schemaname="new_topic_6142de036fa0465f9849b70ac37fec41">
    <iscustomizable>1</iscustomizable>
  </bot_botcomponent>
  <bot_botcomponent botcomponentid.schemaname="new_topic_b63f4454d04048fbb5873197bdabfded" botid.schemaname="new_bot_2bf23930c1d146129dfe38bacb94ccd0">
    <iscustomizable>1</iscustomizable>
  </bot_botcomponent>
  <bot_botcomponent botid.schemaname="new_bot_2bf23930c1d146129dfe38bacb94ccd0" botcomponentid.schemaname="new_topic_dbc994f2ab224aaeb0661fb6e2b28e2f">
    <iscustomizable>1</iscustomizable>
  </bot_botcomponent>
  <bot_botcomponent botid.schemaname="new_bot_2bf23930c1d146129dfe38bacb94ccd0" botcomponentid.schemaname="new_topic_2bf23930c1d146129dfe38bacb94ccd0_ba7b967c97ba4c39bca58a8bb6a72d59_conversationstart">
    <iscustomizable>1</iscustomizable>
  </bot_botcomponent>
  <bot_botcomponent botcomponentid.schemaname="new_topic_2bf23930c1d146129dfe38bacb94ccd0_954135cafcd647eaae5999ad91fc08cf_talktoagent" botid.schemaname="new_bot_2bf23930c1d146129dfe38bacb94ccd0">
    <iscustomizable>1</iscustomizable>
  </bot_botcomponent>
  <bot_botcomponent botcomponentid.schemaname="new_topic_9d02370d331740659d9fa1d72271bb27" botid.schemaname="new_bot_2bf23930c1d146129dfe38bacb94ccd0">
    <iscustomizable>1</iscustomizable>
  </bot_botcomponent>
  <bot_botcomponent botid.schemaname="new_bot_2bf23930c1d146129dfe38bacb94ccd0" botcomponentid.schemaname="new_topic_2bf23930c1d146129dfe38bacb94ccd0_aeabea4d071f415c8c107e1cb7af5424_assumedsuccess">
    <iscustomizable>1</iscustomizable>
  </bot_botcomponent>
  <bot_botcomponent botid.schemaname="new_bot_2bf23930c1d146129dfe38bacb94ccd0" botcomponentid.schemaname="new_topic_ed118a5dadcb4fd39fa54f77d30e8a1d">
    <iscustomizable>1</iscustomizable>
  </bot_botcomponent>
  <bot_botcomponent botcomponentid.schemaname="new_topic_2bf23930c1d146129dfe38bacb94ccd0_db1f76b081dc43389df9dd2df7518737_confirmedsuccess" botid.schemaname="new_bot_2bf23930c1d146129dfe38bacb94ccd0">
    <iscustomizable>1</iscustomizable>
  </bot_botcomponent>
  <bot_botcomponent botcomponentid.schemaname="new_topic_2bf23930c1d146129dfe38bacb94ccd0_d2198a5ee41a48a5bf70ab8970145a9f_confirmedfailure" botid.schemaname="new_bot_2bf23930c1d146129dfe38bacb94ccd0">
    <iscustomizable>1</iscustomizable>
  </bot_botcomponent>
  <bot_botcomponent botcomponentid.schemaname="new_topic_2bf23930c1d146129dfe38bacb94ccd0_f56d1a3e522740c78f9fac0939332dbd_goodbye" botid.schemaname="new_bot_2bf23930c1d146129dfe38bacb94ccd0">
    <iscustomizable>1</iscustomizable>
  </bot_botcomponent>
  <bot_botcomponent botcomponentid.schemaname="new_topic_2bf23930c1d146129dfe38bacb94ccd0_8a4964498f83424bb3a86295bf7d0952_startover" botid.schemaname="new_bot_2bf23930c1d146129dfe38bacb94ccd0">
    <iscustomizable>1</iscustomizable>
  </bot_botcomponent>
  <bot_botcomponent botid.schemaname="new_bot_2bf23930c1d146129dfe38bacb94ccd0" botcomponentid.schemaname="new_topic_2bf23930c1d146129dfe38bacb94ccd0_3d2584ec30914684839527e05e7be172_thankyou">
    <iscustomizable>1</iscustomizable>
  </bot_botcomponent>
  <bot_botcomponent botcomponentid.schemaname="new_topic_b987df922b7342bf9d157288e343daec" botid.schemaname="new_bot_2bf23930c1d146129dfe38bacb94ccd0">
    <iscustomizable>1</iscustomizable>
  </bot_botcomponent>
  <bot_botcomponent botid.schemaname="new_bot_2bf23930c1d146129dfe38bacb94ccd0" botcomponentid.schemaname="new_topic_f1859bc50b65472b8757b2ae379dfe62">
    <iscustomizable>1</iscustomizable>
  </bot_botcomponent>
  <bot_botcomponent botid.schemaname="new_bot_2bf23930c1d146129dfe38bacb94ccd0" botcomponentid.schemaname="new_customtype_2bf23930c1d146129dfe38bacb94ccd0_92610204747047ac8f788f7eecd91118">
    <iscustomizable>1</iscustomizable>
  </bot_botcomponent>
  <bot_botcomponent botcomponentid.schemaname="new_customtype_2bf23930c1d146129dfe38bacb94ccd0_f86fcadfd497444e91ed11c12b059d10" botid.schemaname="new_bot_2bf23930c1d146129dfe38bacb94ccd0">
    <iscustomizable>1</iscustomizable>
  </bot_botcomponent>
  <bot_botcomponent botcomponentid.schemaname="new_topic_0024709e34ac40558667076ca1863219" botid.schemaname="new_bot_2bf23930c1d146129dfe38bacb94ccd0">
    <iscustomizable>1</iscustomizable>
  </bot_botcomponent>
  <bot_botcomponent botcomponentid.schemaname="new_topic_e7a2fd7937634aecbd2da377f3934e8e" botid.schemaname="new_bot_2bf23930c1d146129dfe38bacb94ccd0">
    <iscustomizable>1</iscustomizable>
  </bot_botcomponent>
  <bot_botcomponent botid.schemaname="new_bot_2bf23930c1d146129dfe38bacb94ccd0" botcomponentid.schemaname="new_topic_5e5ac7de18f946e083d53fd8e11bc7ac">
    <iscustomizable>1</iscustomizable>
  </bot_botcomponent>
  <bot_botcomponent botcomponentid.schemaname="new_topic_6f18c0969e664e38aa5c650a21e1ef4e" botid.schemaname="new_bot_2bf23930c1d146129dfe38bacb94ccd0">
    <iscustomizable>1</iscustomizable>
  </bot_botcomponent>
  <bot_botcomponent botcomponentid.schemaname="new_topic_47d70688c3904c618fa8f5820c854cd0" botid.schemaname="new_bot_2bf23930c1d146129dfe38bacb94ccd0">
    <iscustomizable>1</iscustomizable>
  </bot_botcomponent>
  <bot_botcomponent botcomponentid.schemaname="new_topic_0d03d8acc8ea4b7893abf8bd3d5476f6" botid.schemaname="new_bot_2bf23930c1d146129dfe38bacb94ccd0">
    <iscustomizable>1</iscustomizable>
  </bot_botcomponent>
  <bot_botcomponent botid.schemaname="new_bot_2bf23930c1d146129dfe38bacb94ccd0" botcomponentid.schemaname="new_topic_242faab41b4d4c57aa837c6ce967ab1d">
    <iscustomizable>1</iscustomizable>
  </bot_botcomponent>
  <bot_botcomponent botid.schemaname="new_bot_2bf23930c1d146129dfe38bacb94ccd0" botcomponentid.schemaname="new_topic_08295564b5dc4902a95db0c7b7b7f534">
    <iscustomizable>1</iscustomizable>
  </bot_botcomponent>
  <bot_botcomponent botid.schemaname="new_bot_2bf23930c1d146129dfe38bacb94ccd0" botcomponentid.schemaname="new_topic_32632e71e28040faaec6b8883b13ff9d">
    <iscustomizable>1</iscustomizable>
  </bot_botcomponent>
  <bot_botcomponent botcomponentid.schemaname="new_topic_c310cfb49a4b410da4601f3f56a53dc0" botid.schemaname="new_bot_2bf23930c1d146129dfe38bacb94ccd0">
    <iscustomizable>1</iscustomizable>
  </bot_botcomponent>
  <bot_botcomponent botcomponentid.schemaname="new_topic_738a7dba4cca4738bd274ce977552d0d" botid.schemaname="new_bot_2bf23930c1d146129dfe38bacb94ccd0">
    <iscustomizable>1</iscustomizable>
  </bot_botcomponent>
  <bot_botcomponent botcomponentid.schemaname="new_topic_5b552e526f7a44aa99fea9d3ed64e426" botid.schemaname="new_bot_2bf23930c1d146129dfe38bacb94ccd0">
    <iscustomizable>1</iscustomizable>
  </bot_botcomponent>
  <bot_botcomponent botcomponentid.schemaname="new_topic_f541b1e42a594deeab71d627e39cef39" botid.schemaname="new_bot_2bf23930c1d146129dfe38bacb94ccd0">
    <iscustomizable>1</iscustomizable>
  </bot_botcomponent>
  <bot_botcomponent botid.schemaname="new_bot_2bf23930c1d146129dfe38bacb94ccd0" botcomponentid.schemaname="new_topic_88919224471747b6bff371ab8112241b">
    <iscustomizable>1</iscustomizable>
  </bot_botcomponent>
  <bot_botcomponent botcomponentid.schemaname="new_topic_27fabc83227f4dd6b4cb6642636b17cd" botid.schemaname="new_bot_2bf23930c1d146129dfe38bacb94ccd0">
    <iscustomizable>1</iscustomizable>
  </bot_botcomponent>
  <bot_botcomponent botcomponentid.schemaname="new_topic_f218e2f3d5f748a8a197a6d2f77e51cb" botid.schemaname="new_bot_2bf23930c1d146129dfe38bacb94ccd0">
    <iscustomizable>1</iscustomizable>
  </bot_botcomponent>
  <bot_botcomponent botid.schemaname="new_bot_2bf23930c1d146129dfe38bacb94ccd0" botcomponentid.schemaname="new_topic_c94bf09f48af476ba15fc430ff101283">
    <iscustomizable>1</iscustomizable>
  </bot_botcomponent>
  <bot_botcomponent botcomponentid.schemaname="new_topic_bf73cb4aea6a4b6191bc3104190a784f" botid.schemaname="new_bot_2bf23930c1d146129dfe38bacb94ccd0">
    <iscustomizable>1</iscustomizable>
  </bot_botcomponent>
  <bot_botcomponent botid.schemaname="new_bot_2bf23930c1d146129dfe38bacb94ccd0" botcomponentid.schemaname="new_topic_a6bd53ba7a8641be9d739b5564a81cdc">
    <iscustomizable>1</iscustomizable>
  </bot_botcomponent>
  <bot_botcomponent botid.schemaname="new_bot_2bf23930c1d146129dfe38bacb94ccd0" botcomponentid.schemaname="new_topic_2d63571c0e524e43a8102a048db7d109">
    <iscustomizable>1</iscustomizable>
  </bot_botcomponent>
  <bot_botcomponent botid.schemaname="new_bot_2bf23930c1d146129dfe38bacb94ccd0" botcomponentid.schemaname="new_topic_8664651e672e4bcc94c9d9006c135dd1">
    <iscustomizable>1</iscustomizable>
  </bot_botcomponent>
  <bot_botcomponent botcomponentid.schemaname="new_topic_f0f02c65db2840548e29ce3665b479e0" botid.schemaname="new_bot_2bf23930c1d146129dfe38bacb94ccd0">
    <iscustomizable>1</iscustomizable>
  </bot_botcomponent>
  <bot_botcomponent botcomponentid.schemaname="new_topic_c0c568c9589c4c43a7108773be54603e" botid.schemaname="new_bot_2bf23930c1d146129dfe38bacb94ccd0">
    <iscustomizable>1</iscustomizable>
  </bot_botcomponent>
  <bot_botcomponent botid.schemaname="new_bot_2bf23930c1d146129dfe38bacb94ccd0" botcomponentid.schemaname="new_topic_05e50970caf54f2f9c8bdc4c3fc5af48">
    <iscustomizable>1</iscustomizable>
  </bot_botcomponent>
  <bot_botcomponent botcomponentid.schemaname="new_topic_3e7f5656e87d4168938a0db9f7889439" botid.schemaname="new_bot_2bf23930c1d146129dfe38bacb94ccd0">
    <iscustomizable>1</iscustomizable>
  </bot_botcomponent>
  <bot_botcomponent botcomponentid.schemaname="new_topic_657e1ab3f59741b1930b7e3b6f90e9a6" botid.schemaname="new_bot_2bf23930c1d146129dfe38bacb94ccd0">
    <iscustomizable>1</iscustomizable>
  </bot_botcomponent>
  <bot_botcomponent botcomponentid.schemaname="new_topic_03a6b229c86c4f62a48019b1de0abfcb" botid.schemaname="new_bot_2bf23930c1d146129dfe38bacb94ccd0">
    <iscustomizable>1</iscustomizable>
  </bot_botcomponent>
  <bot_botcomponent botid.schemaname="new_bot_2bf23930c1d146129dfe38bacb94ccd0" botcomponentid.schemaname="new_topic_14e71a338d8d4e20a1aefa8b74c8b7a6">
    <iscustomizable>1</iscustomizable>
  </bot_botcomponent>
  <bot_botcomponent botcomponentid.schemaname="new_topic_e9a1d68c0456476fa1d7a25324fc14df" botid.schemaname="new_bot_2bf23930c1d146129dfe38bacb94ccd0">
    <iscustomizable>1</iscustomizable>
  </bot_botcomponent>
  <bot_botcomponent botcomponentid.schemaname="new_topic_854293ea99c14b6abe2118a126b8ac60" botid.schemaname="new_bot_2bf23930c1d146129dfe38bacb94ccd0">
    <iscustomizable>1</iscustomizable>
  </bot_botcomponent>
  <bot_botcomponent botcomponentid.schemaname="new_topic_a9e11e440d284be5992edad200d5f002" botid.schemaname="new_bot_2bf23930c1d146129dfe38bacb94ccd0">
    <iscustomizable>1</iscustomizable>
  </bot_botcomponent>
  <bot_botcomponent botcomponentid.schemaname="new_topic_35d0addacca2474cb013311485d787f3" botid.schemaname="new_bot_2bf23930c1d146129dfe38bacb94ccd0">
    <iscustomizable>1</iscustomizable>
  </bot_botcomponent>
  <bot_botcomponent botid.schemaname="new_bot_2bf23930c1d146129dfe38bacb94ccd0" botcomponentid.schemaname="new_topic_e0c047b4e6074660b3bfc13e4a88b721">
    <iscustomizable>1</iscustomizable>
  </bot_botcomponent>
  <bot_botcomponent botcomponentid.schemaname="new_topic_26c98c6252fe4de69bc36ceef17df44c" botid.schemaname="new_bot_2bf23930c1d146129dfe38bacb94ccd0">
    <iscustomizable>1</iscustomizable>
  </bot_botcomponent>
  <bot_botcomponent botcomponentid.schemaname="new_topic_d04adace6afe4eceb075d38ddc54a297" botid.schemaname="new_bot_2bf23930c1d146129dfe38bacb94ccd0">
    <iscustomizable>1</iscustomizable>
  </bot_botcomponent>
  <bot_botcomponent botcomponentid.schemaname="new_topic_baeb48dfde9747e1a572f52e282e2c32" botid.schemaname="new_bot_2bf23930c1d146129dfe38bacb94ccd0">
    <iscustomizable>1</iscustomizable>
  </bot_botcomponent>
  <bot_botcomponent botid.schemaname="new_bot_2bf23930c1d146129dfe38bacb94ccd0" botcomponentid.schemaname="new_topic_c35b5bfeb58c468babc19f5311138964">
    <iscustomizable>1</iscustomizable>
  </bot_botcomponent>
  <bot_botcomponent botcomponentid.schemaname="new_topic_a5839c2e3e7d42f0992d5b4483285c88" botid.schemaname="new_bot_2bf23930c1d146129dfe38bacb94ccd0">
    <iscustomizable>1</iscustomizable>
  </bot_botcomponent>
</bot_botcomponentset>