<botcomponent_workflowset>
  <botcomponent_workflow botcomponentid.schemaname="new_topic_2bf23930c1d146129dfe38bacb94ccd0_ba7b967c97ba4c39bca58a8bb6a72d59_conversationstart" workflowid.workflowid="c9579f47-cb2f-eb11-a813-000d3a98dbb4">
    <iscustomizable>1</iscustomizable>
  </botcomponent_workflow>
  <botcomponent_workflow workflowid.workflowid="22036560-5e5e-eb11-a812-000d3a9bb82a" botcomponentid.schemaname="new_topic_05e50970caf54f2f9c8bdc4c3fc5af48">
    <iscustomizable>1</iscustomizable>
  </botcomponent_workflow>
  <botcomponent_workflow workflowid.workflowid="8a84184f-8b5d-eb11-a812-000d3a9bb82a" botcomponentid.schemaname="new_topic_2bf23930c1d146129dfe38bacb94ccd0_954135cafcd647eaae5999ad91fc08cf_talktoagent">
    <iscustomizable>1</iscustomizable>
  </botcomponent_workflow>
</botcomponent_workflowset>