{
  "intents": [
    {
      "endUserOverrideName": "Mail naar kanaal",
      "triggerQueries": [
        "kan ik een mail naar teams versturen",
        "hoe plaats ik een mail in teams",
        "hoe mail ik naar een kanaal",
        "hoe mail ik een team",
        "mail versturen aan Teams",
        "mail delen in Teams",
        "mail met team delen",
        "E-mail aan team versturen",
        "Hoe stuur ik een e-mail naar een kanaal in Teams?"
      ],
      "dialogId": "new_topic_60c2e3f3f4d54b978e44e2f4291d8a67",
      "isTriggeringEnabled": true,
      "id": "new_topic_60c2e3f3f4d54b978e44e2f4291d8a67",
      "displayName": "Mail naar kanaal sturen",
      "description": "",
      "createdTime": "2021-03-22T18:46:06.0529825Z",
      "updatedTime": "2021-03-29T21:16:25.8506594Z",
      "createdUserId": "c1e90dc0-1df0-459d-8164-0dcb7915deaf",
      "updatedUserId": "c1e90dc0-1df0-459d-8164-0dcb7915deaf"
    }
  ],
  "dialogs": [
    {
      "rootNodeId": "87ae2480-5088-4981-8aaa-fe290f4698aa",
      "messageNodes": [
        {
          "botMessageId": "37e8363d-6ab0-42e7-b2cd-5ca9c3ff009c",
          "nodeType": "BotMessageNode",
          "id": "87ae2480-5088-4981-8aaa-fe290f4698aa",
          "defaultTargetNodeId": "c3fe9478-d97a-4d8a-bba6-9cb6124fda7e"
        },
        {
          "botMessageId": "288affd4-a006-49bb-9dd3-77422bf6e587",
          "nodeType": "BotMessageNode",
          "id": "c3fe9478-d97a-4d8a-bba6-9cb6124fda7e",
          "defaultTargetNodeId": "f601239e-9e4c-4a79-aa3e-b2904b7c2760"
        },
        {
          "botMessageId": "32f26629-ed80-4327-838b-96891757afba",
          "nodeType": "BotMessageNode",
          "id": "f601239e-9e4c-4a79-aa3e-b2904b7c2760",
          "defaultTargetNodeId": "c7d02687-221c-481c-88e2-5274869d005b"
        },
        {
          "botMessageId": "6879ef79-1037-4d18-9063-3b784b9b81ae",
          "nodeType": "BotMessageNode",
          "id": "c7d02687-221c-481c-88e2-5274869d005b",
          "defaultTargetNodeId": "521a1c14-19a3-4f08-9230-3ba5c572ced2"
        },
        {
          "botMessageId": "17e7ecde-1373-420d-b608-f8a215b1f796",
          "nodeType": "BotMessageNode",
          "id": "521a1c14-19a3-4f08-9230-3ba5c572ced2",
          "defaultTargetNodeId": "ad5e9a09-ab5c-4b59-848d-c5a72e5f56da"
        },
        {
          "botMessageId": "c95b3e5d-5041-43c2-b0a0-b63ee975de7f",
          "nodeType": "BotMessageNode",
          "id": "ad5e9a09-ab5c-4b59-848d-c5a72e5f56da",
          "defaultTargetNodeId": "c228b6c2-e407-48d9-97a7-a27d829beedf"
        }
      ],
      "dialogChangeNodes": [
        {
          "targetDialogId": "new_topic_9d295c394a47419da3b4d205b7ed4c20_aeabea4d071f415c8c107e1cb7af5424_assumedsuccess",
          "nodeType": "DialogChangeNode",
          "id": "c228b6c2-e407-48d9-97a7-a27d829beedf"
        }
      ],
      "id": "new_topic_60c2e3f3f4d54b978e44e2f4291d8a67",
      "displayName": "Dialog for Mail naar kanaal sturen",
      "createdTime": "2021-03-22T18:46:06.0529825Z",
      "updatedTime": "2021-03-29T21:17:22.6353191Z",
      "createdUserId": "c1e90dc0-1df0-459d-8164-0dcb7915deaf",
      "updatedUserId": "c1e90dc0-1df0-459d-8164-0dcb7915deaf"
    }
  ],
  "botMessages": [
    {
      "channelContent": {
        "web": {
          "contentFormat": "Markdown",
          "content": "_Er zijn meerdere manieren mogelijk. Het kan zijn dat uw organisatie niet alle mogelijkheden aanbiedt._"
        }
      },
      "id": "37e8363d-6ab0-42e7-b2cd-5ca9c3ff009c",
      "createdTime": "2021-03-22T18:46:06.0529825Z",
      "updatedTime": "2021-03-22T18:46:06.0529825Z",
      "createdUserId": "c1e90dc0-1df0-459d-8164-0dcb7915deaf",
      "updatedUserId": "c1e90dc0-1df0-459d-8164-0dcb7915deaf"
    },
    {
      "channelContent": {
        "web": {
          "contentFormat": "Markdown",
          "content": "Vanuit Outlook: open de mail en selecteer de knop **Delen met teams** rechtstreeks in een bericht in Outlook."
        }
      },
      "id": "288affd4-a006-49bb-9dd3-77422bf6e587",
      "createdTime": "2021-03-22T18:46:39.745Z",
      "updatedTime": "2021-03-22T18:46:39.745Z",
      "createdUserId": "user-0",
      "updatedUserId": "user-0"
    },
    {
      "channelContent": {
        "web": {
          "contentFormat": "Markdown",
          "content": "**Als u deze knop niet heeft:**\n\nElk kanaal heeft een e-mailadres en u kunt een [e-mails rechtstreeks naar een Teams kanaal sturen.](https://support.microsoft.com/nl-nl/office/skicka-e-post-till-en-kanal-i-teams-d91db004-d9d7-4a47-82e6-fb1b16dfd51e?ui=nl-nl&rs=nl-nl&ad=se) Zoek hiervoor het kanaal dat je wilt e-mailen en klik op de kanaalnaam. Selecteer **Meer opties** (3 puntjes) en selecteer **E-mailadres** ophalen en kopiëren."
        }
      },
      "id": "32f26629-ed80-4327-838b-96891757afba",
      "createdTime": "2021-03-22T18:47:03.979Z",
      "updatedTime": "2021-03-22T18:47:03.979Z",
      "createdUserId": "user-0",
      "updatedUserId": "user-0"
    },
    {
      "channelContent": {
        "web": {
          "contentFormat": "Markdown",
          "content": "Stuur uw e-mail in Outlook door naar het e-mailadres van het kanaal. Je ziet de e-mail in het kanaal waar je het naar stuurt. Eventuele bijlagen worden geëxtraheerd en opgeslagen onder **Bestanden** in het kanaal."
        }
      },
      "id": "6879ef79-1037-4d18-9063-3b784b9b81ae",
      "createdTime": "2021-03-22T18:47:27.983Z",
      "updatedTime": "2021-03-22T18:47:27.983Z",
      "createdUserId": "user-0",
      "updatedUserId": "user-0"
    },
    {
      "channelContent": {
        "web": {
          "contentFormat": "Markdown",
          "content": "**Tip:** sla het e-mailadres van je kanaal op in Outlook, om e-mails snel door te sturen naar het kanaal."
        }
      },
      "id": "17e7ecde-1373-420d-b608-f8a215b1f796",
      "createdTime": "2021-03-22T18:47:51.948Z",
      "updatedTime": "2021-03-22T18:47:51.948Z",
      "createdUserId": "user-0",
      "updatedUserId": "user-0"
    },
    {
      "channelContent": {
        "web": {
          "contentFormat": "Markdown",
          "content": "[Meer info.](https://support.microsoft.com/nl-nl/office/een-e-mailbericht-verzenden-naar-een-kanaal-in-teams-d91db004-d9d7-4a47-82e6-fb1b16dfd51e?ui=nl-NL&rs=nl-NL&ad=NL)"
        }
      },
      "id": "c95b3e5d-5041-43c2-b0a0-b63ee975de7f",
      "createdTime": "2021-03-22T18:48:26.267Z",
      "updatedTime": "2021-03-22T18:48:26.267Z",
      "createdUserId": "user-0",
      "updatedUserId": "user-0"
    }
  ],
  "createdUtc": "0001-01-01T00:00:00Z"
}