{
  "intents": [
    {
      "intentType": "Regular",
      "endUserOverrideName": "Storlek på filer i Teams?",
      "triggerQueries": [
        "VIlken filstorlek kan hanteras?",
        "hur stora filer kan vi ladda upp?",
        "klarar teams stora filer?",
        "begränsning för filstorlek",
        "Hur tunga filer kan man spara?",
        "Hur stora filer klarar Teams?",
        "Vad är max filstorlek?",
        "Hur stor får en fil vara?",
        "Hur stora filer kan jag ladda upp i Teams",
        "Storlek på filer i teams?",
        "Vad är gränsen för filuppladdning i ett team?",
        "Finns det några begränsningar för filer som lagras i Teams?"
      ],
      "dialogId": "new_topic_f31aa848d26040e4b80daf2cee6b9e3f",
      "isTriggeringEnabled": true,
      "id": "new_topic_f31aa848d26040e4b80daf2cee6b9e3f",
      "displayName": "Finns det någon begränsning för filer som lagras i Teams?",
      "description": "",
      "createdTime": "2020-11-24T14:37:53.8220925Z",
      "updatedTime": "2021-01-23T14:26:29.0154774Z",
      "createdUserId": "f04d3cd9-b73d-4ba9-a1ed-9319eba29b21",
      "updatedUserId": "f04d3cd9-b73d-4ba9-a1ed-9319eba29b21"
    }
  ],
  "dialogs": [
    {
      "rootNodeId": "763780ea-e2b1-45a4-825c-ea044020ff11",
      "messageNodes": [
        {
          "botMessageId": "4b28e6cb-c3c1-45c8-af63-54c129faa6db",
          "nodeType": "BotMessageNode",
          "id": "763780ea-e2b1-45a4-825c-ea044020ff11",
          "defaultTargetNodeId": "0415a639-c4a5-458e-bfeb-a79a6ec06556"
        }
      ],
      "dialogChangeNodes": [
        {
          "targetDialogId": "new_topic_84ec227c19784e7ba25cb34f4638f91e_aeabea4d071f415c8c107e1cb7af5424_assumedsuccess",
          "nodeType": "DialogChangeNode",
          "id": "0415a639-c4a5-458e-bfeb-a79a6ec06556"
        }
      ],
      "id": "new_topic_f31aa848d26040e4b80daf2cee6b9e3f",
      "displayName": "Dialog for Finns det några begränsningar för filer som lagras i Teams?",
      "createdTime": "2020-11-24T14:37:53.8220925Z",
      "updatedTime": "2020-11-24T14:37:53.8220925Z",
      "createdUserId": "f04d3cd9-b73d-4ba9-a1ed-9319eba29b21",
      "updatedUserId": "f04d3cd9-b73d-4ba9-a1ed-9319eba29b21"
    }
  ],
  "botMessages": [
    {
      "channelContent": {
        "web": {
          "contentFormat": "Markdown",
          "content": "Gräns för filuppladdning är 100 GB per fil. Eftersom Teams körs på en SharePoint-online-backend för fildelning, gäller SharePoint-begränsningar för avsnittet Filer inom ett Team."
        }
      },
      "id": "4b28e6cb-c3c1-45c8-af63-54c129faa6db",
      "createdTime": "2020-11-24T14:37:53.8220925Z",
      "updatedTime": "2020-11-24T14:37:53.8220925Z",
      "createdUserId": "f04d3cd9-b73d-4ba9-a1ed-9319eba29b21",
      "updatedUserId": "f04d3cd9-b73d-4ba9-a1ed-9319eba29b21"
    }
  ]
}