{
  "intents": [
    {
      "endUserOverrideName": "Teams 設備用於協作及溝通的用途",
      "triggerQueries": [
        "Where to find meeting room equipment for Teams?",
        "Microsoft Surface Hub",
        "Are there certified Teams accessories?",
        "create a huddle space with Teams devices",
        "What is a Teams meeting room?",
        "Surface Hub 2",
        "Using headsets in a meeting?",
        "webcams that support Teams?",
        "Hybrid meeting rooms",
        "Design a meeting room for Teams",
        "What types of Teams rooms exist for meetings",
        "phones with teams certification?",
        "Overview of devices certified for Teams",
        "Where can I find categories of teams devices?",
        "Teams devices for working from home?",
        "Teams equipment when working remote",
        "Devices I can use for teams to work from home",
        "Teams devices for my home office",
        "Which headsets work well with Teams?",
        "collaboration bars for teams",
        "speakerphones to use with teams",
        "Show me certified MTRs",
        "Microsoft Teams Rooms systems",
        "Teams devices for collaboration, meetings, calling",
        "Teams devices for collaboration",
        "What's a good webcam to use teams with?",
        "Web cameras certified for Teams",
        "Teams devices for open office",
        "Teams devices for large meeting rooms",
        "Teams devices for small meeting rooms",
        "What is a Teams display?",
        "Desk phones for teams",
        "Devices for calling in teams?",
        "Which kind of meeting device is best for Teams meetings?",
        "Which devices can I use Teams on?",
        "device categories for Teams",
        "Teams devices for shared spaces",
        "Teams devices for personal spaces",
        "Is there a list of certified teams devices?",
        "Meeting rooms devices for Teams",
        "Microsoft Teams Rooms",
        "Teams devices for meetings and calling",
        "Certified devices for Teams meetings and calling",
        "Where can I find certified Teams devices?",
        "哪裡可以找到 Teams適用的會議室設備",
        "哪裡可以找到 Teams適用的會議室設備",
        "Microsoft Surface Hub",
        "有認證過的 Teams 配件嗎",
        "在 Teams 創造空間",
        "Teams 會議室是什麼",
        "Surface Hub 2",
        "在會議中使用耳機",
        "支援 Teams的網路攝影機",
        "混合會議",
        "為 Teams 設計一個會議室",
        "哪種類型的會議室為了 Teams 會議而生",
        "有 Teams 認證的手機",
        "Teams 裝置認證的概述",
        "我在那裡可以看到 Teams 認證裝置的種類",
        "在家工作用的 Teams設備",
        "遠端工作的 Teams 設備",
        "當我在家工作時我可以用在 Teams 的設備",
        "家庭辦公用的 Teams 設備",
        "哪個耳機適合用在 Teams",
        "使用在 Teams的電話揚聲器",
        "MTR? Microsoft Teams Rooms",
        "MTR? Teams Meeting rooms",
        "我要看認證過的 MTR",
        "Microsoft Teams Rooms systems",
        "Teams用於協作及會議跟電話的設備",
        "用來協作的 Teams 設備",
        "什麼是適用於 Teams的網路攝影機",
        "被認證用於 Teams 的網路攝影機",
        "用於公共會議室的Teams 裝置",
        "用於大型會議室的 Teams 設備",
        "用於小型會議室的 Teams 設備",
        "什麼是 Teams display?",
        "用於 Teams 的桌上型電話",
        "撥打進 Teams 的設備",
        "怎樣的會議設備對 Teams 來說最適合",
        "我可以在那些設備上使用 Teams",
        "可用在 Teams 的設備種類",
        "用在共享空間的 Teams  設備",
        "用在個人空間的 Teams 設備",
        "有認證過的 Teams  設備清單嗎",
        "用在 Teams 的會議室設備",
        "Microsoft Teams Rooms",
        "Teams 設備用在會議跟通話",
        "認證過用於 Teams 會議跟通話的設備",
        "我在那裡可以找到認證過的 Teams  設備"
      ],
      "dialogId": "new_topic_92355a2d69f946eaa5e238a0bee7a7be",
      "isTriggeringEnabled": true,
      "id": "new_topic_92355a2d69f946eaa5e238a0bee7a7be",
      "displayName": "我在那裡可以找到認證過的Teams 設備",
      "description": "手動添加",
      "createdTime": "2021-11-17T04:11:33.0646376Z",
      "updatedTime": "2021-11-17T04:12:20.3462377Z",
      "createdUserId": "9c968d43-f7c2-4e28-895c-1f6bcefcd8be",
      "updatedUserId": "9c968d43-f7c2-4e28-895c-1f6bcefcd8be"
    }
  ],
  "dialogs": [
    {
      "rootNodeId": "c81ea9b0-4098-4ad2-bd56-bd8e04d7e040",
      "messageNodes": [
        {
          "botMessageId": "77f05222-356b-458e-8c14-e52cd8ba46a9",
          "nodeType": "BotMessageNode",
          "id": "c81ea9b0-4098-4ad2-bd56-bd8e04d7e040",
          "defaultTargetNodeId": "64e4a525-d25d-422d-94ca-74413f240e01"
        },
        {
          "botMessageId": "2114e601-0b05-46c9-b9c7-01fe917f21f7",
          "nodeType": "BotMessageNode",
          "id": "64e4a525-d25d-422d-94ca-74413f240e01",
          "defaultTargetNodeId": "334871f2-59da-473a-b32a-d8a79efc7d40"
        },
        {
          "botMessageId": "49d81b1e-4d78-45be-a88a-0702a94a0fae",
          "nodeType": "BotMessageNode",
          "id": "334871f2-59da-473a-b32a-d8a79efc7d40",
          "defaultTargetNodeId": "535dc1c6-70fe-4987-86a8-4e0733fe1c5d"
        },
        {
          "botMessageId": "3004a6ad-4bf1-4afe-acbd-dd12c797cbf0",
          "nodeType": "BotMessageNode",
          "id": "535dc1c6-70fe-4987-86a8-4e0733fe1c5d",
          "defaultTargetNodeId": "966edb21-450d-4b92-9f63-145f3923db45"
        },
        {
          "botMessageId": "a461fb4e-e15e-42e2-b387-0737f16590c7",
          "nodeType": "BotMessageNode",
          "id": "966edb21-450d-4b92-9f63-145f3923db45",
          "defaultTargetNodeId": "097e60c7-b3c8-4152-9d4b-652698d982b3"
        }
      ],
      "dialogChangeNodes": [
        {
          "targetDialogId": "new_topic_e2d1671328b941dbb60fa7150059b1ee_aeabea4d071f415c8c107e1cb7af5424_assumedsuccess",
          "nodeType": "DialogChangeNode",
          "id": "097e60c7-b3c8-4152-9d4b-652698d982b3"
        }
      ],
      "id": "new_topic_92355a2d69f946eaa5e238a0bee7a7be",
      "displayName": "Dialog for 我在那裡可以找到認證過的Teams 設備",
      "createdTime": "2021-11-17T04:11:33.0646376Z",
      "updatedTime": "2021-11-17T04:12:20.3462377Z",
      "createdUserId": "9c968d43-f7c2-4e28-895c-1f6bcefcd8be",
      "updatedUserId": "9c968d43-f7c2-4e28-895c-1f6bcefcd8be"
    }
  ],
  "botMessages": [
    {
      "channelContent": {
        "web": {
          "contentFormat": "Markdown",
          "content": "有許多類型的 Teams 認證設備，用於包容性會議、協作和通話。"
        }
      },
      "id": "77f05222-356b-458e-8c14-e52cd8ba46a9",
      "createdTime": "2021-11-17T04:11:33.0646376Z",
      "updatedTime": "2021-11-17T04:11:33.0646376Z",
      "createdUserId": "9c968d43-f7c2-4e28-895c-1f6bcefcd8be",
      "updatedUserId": "9c968d43-f7c2-4e28-895c-1f6bcefcd8be"
    },
    {
      "channelContent": {
        "web": {
          "contentFormat": "Markdown",
          "content": "從[此頁面](https://www.microsoft.com/zh-tw/microsoft-teams/microsoft-teams-rooms)查看專為 Teams 設計的會議室。"
        }
      },
      "id": "2114e601-0b05-46c9-b9c7-01fe917f21f7",
      "createdTime": "2021-11-17T04:11:50.947Z",
      "updatedTime": "2021-11-17T04:11:50.947Z",
      "createdUserId": "user-0",
      "updatedUserId": "user-0"
    },
    {
      "channelContent": {
        "web": {
          "contentFormat": "Markdown",
          "content": "[空間類型](https://www.microsoft.com/zh-tw/microsoft-teams/across-devices/spaces)\n\n（家庭辦公室、小型到特大型會議室、公共會議室、通勤中、開放式辦公室、擁擠空間、執行長辦公室、電話亭、焦點室和其他會議空間）"
        }
      },
      "id": "49d81b1e-4d78-45be-a88a-0702a94a0fae",
      "createdTime": "2021-11-17T04:11:54.802Z",
      "updatedTime": "2021-11-17T04:11:54.802Z",
      "createdUserId": "user-0",
      "updatedUserId": "user-0"
    },
    {
      "channelContent": {
        "web": {
          "contentFormat": "Markdown",
          "content": "[裝置類型](https://www.microsoft.com/zh-tw/microsoft-teams/across-devices/devices/category/teams-rooms/20)\n\n（Teams 空間、房間系統配件、耳機、網路攝影機、免提電話、桌用電話、Teams 顯示器、協作欄等）"
        }
      },
      "id": "3004a6ad-4bf1-4afe-acbd-dd12c797cbf0",
      "createdTime": "2021-11-17T04:11:58.869Z",
      "updatedTime": "2021-11-17T04:11:58.869Z",
      "createdUserId": "user-0",
      "updatedUserId": "user-0"
    },
    {
      "channelContent": {
        "web": {
          "contentFormat": "Markdown",
          "content": "**請注意：**\n\n*   _並非所有團隊設備在所有國家/地區都有。_"
        }
      },
      "id": "a461fb4e-e15e-42e2-b387-0737f16590c7",
      "createdTime": "2021-11-17T04:12:04.414Z",
      "updatedTime": "2021-11-17T04:12:04.414Z",
      "createdUserId": "user-0",
      "updatedUserId": "user-0"
    }
  ]
}