{
  "intents": [
    {
      "endUserOverrideName": "Passare da Skype for Business a Teams",
      "triggerQueries": [
        "Passaggio da Skype for Business a Teams",
        "Sono abituato a s4b",
        "Sto passando da Skype for Business a Teams. Cosa devo sapere?",
        "Da Skype a Teams",
        "Da Skype for business a Teams",
        "Sono abituato a skype",
        "Cosa succede a skype?",
        "Skype for Business a Teams",
        "Passa da sfb a Teams",
        "Cosa c'è di meglio in Teams rispetto a Skype",
        "differenze Skype vs Teams",
        "Differenze skype e Teams",
        "Perché passare a Teams?",
        "Non voglio fare il passaggio da skype",
        "Voglio mantenere Skype for Business",
        "Sto effettuando il passaggio da Skype for Business?"
      ],
      "dialogId": "new_topic_146add3253554847993bbc8b3cf96e50",
      "isTriggeringEnabled": true,
      "id": "new_topic_146add3253554847993bbc8b3cf96e50",
      "displayName": "Sto effettuando il passaggio da Skype for Business?",
      "createdTime": "2022-04-28T09:14:21.9415584Z",
      "updatedTime": "2022-04-28T09:14:21.9415584Z",
      "createdUserId": "9451fc51-e00d-4445-8ff9-efb70866dc3b",
      "updatedUserId": "9451fc51-e00d-4445-8ff9-efb70866dc3b"
    }
  ],
  "dialogs": [
    {
      "rootNodeId": "a927fbb7-01d7-4510-8952-660da4d6457b",
      "messageNodes": [
        {
          "botMessageId": "1e23f04e-671c-4cf2-b006-5e2b85925359",
          "nodeType": "BotMessageNode",
          "id": "a927fbb7-01d7-4510-8952-660da4d6457b",
          "defaultTargetNodeId": "9261f2ab-2a8f-4235-af2c-cd342044bc11"
        },
        {
          "botMessageId": "f55632da-8e55-42c4-8fb4-542fd480a048",
          "nodeType": "BotMessageNode",
          "id": "9261f2ab-2a8f-4235-af2c-cd342044bc11",
          "defaultTargetNodeId": "43cfee6f-594b-48d1-8044-3d1a270539f3"
        },
        {
          "botMessageId": "ac6c3505-c7ee-4394-8cc9-b3ea3c3d3d3b",
          "nodeType": "BotMessageNode",
          "id": "43cfee6f-594b-48d1-8044-3d1a270539f3",
          "defaultTargetNodeId": "d07dfa2a-2128-4f84-92d6-7de763be52d7"
        }
      ],
      "dialogChangeNodes": [
        {
          "targetDialogId": "new_topic_f98a24608ee04cb998de3e3e32703d5b_aeabea4d071f415c8c107e1cb7af5424_assumedsuccess",
          "nodeType": "DialogChangeNode",
          "id": "d07dfa2a-2128-4f84-92d6-7de763be52d7"
        }
      ],
      "id": "new_topic_146add3253554847993bbc8b3cf96e50",
      "displayName": "Senza titolo",
      "createdTime": "2022-04-28T09:14:21.9415584Z",
      "updatedTime": "2022-04-28T09:14:21.9415584Z",
      "createdUserId": "9451fc51-e00d-4445-8ff9-efb70866dc3b",
      "updatedUserId": "9451fc51-e00d-4445-8ff9-efb70866dc3b"
    }
  ],
  "botMessages": [
    {
      "channelContent": {
        "web": {
          "contentFormat": "Markdown",
          "content": "Durante il passaggio da Skype for Business a Microsoft Teams troverai molte funzionalità familiari , oltre ad alcune novità che speriamo ti piacciano!"
        }
      },
      "id": "1e23f04e-671c-4cf2-b006-5e2b85925359",
      "createdTime": "2022-04-28T09:01:03.662Z",
      "updatedTime": "2022-04-28T09:01:03.662Z"
    },
    {
      "channelContent": {
        "web": {
          "contentFormat": "Markdown",
          "content": "**Teams offre anche:**\n\n*   [Team e canali](https://support.microsoft.com/it-it/office/introduzione-ai-team-e-ai-canali-5e4fd702-85f5-48d7-ae14-98821a1f90d3) per progetti, conversazioni, file e riunioni in un unico luogo\n*   [Integrazione delle app di Office](https://support.microsoft.com/it-it/office/prime-informazioni-sulle-app-in-microsoft-teams-747492ee-7cdd-4115-a993-8c7e7f98a3d0)\n*   [App e bot](https://support.microsoft.com/it-it/office/prime-informazioni-sulle-app-in-microsoft-teams-747492ee-7cdd-4115-a993-8c7e7f98a3d0) personalizzabili (come me 🙂)\n*   @menzioni per [ottenere l'attenzione di qualcuno](https://support.microsoft.com/it-it/office/usare-le-menzioni-per-attirare-l-attenzione-in-teams-eb4f059d-320e-454e-b111-03361d4d6855)"
        }
      },
      "id": "f55632da-8e55-42c4-8fb4-542fd480a048",
      "createdTime": "2022-04-28T09:08:12.65Z",
      "updatedTime": "2022-04-28T09:08:12.65Z",
      "createdUserId": "user-0",
      "updatedUserId": "user-0"
    },
    {
      "channelContent": {
        "web": {
          "contentFormat": "Markdown",
          "content": "Se l'hai trovato utile, c'è un'intera guida per effettuare la transizione a Teams da [Skype for Business.](https://support.microsoft.com/it-it/office/passa-a-teams-da-skype-for-business-6295a0ae-4e8e-4bba-a100-64cc951cc964)"
        }
      },
      "id": "ac6c3505-c7ee-4394-8cc9-b3ea3c3d3d3b",
      "createdTime": "2022-04-28T09:13:23.154Z",
      "updatedTime": "2022-04-28T09:13:23.154Z",
      "createdUserId": "user-0",
      "updatedUserId": "user-0"
    }
  ]
}