{
  "intents": [
    {
      "endUserOverrideName": "Lägga till medlemmar i teamet",
      "triggerQueries": [
        "hur lägger jag in fler personer i teamet?",
        "Lägg till någon i teamet",
        "addera teammedlem till teamet",
        "Lägga till teammedlemmar?",
        "Lägg in ny person i teamet",
        "Bjuda in fler att samarbeta",
        "Bjuda in kollegor till teamet",
        "Lägga till medlemmar i team",
        "Hur lägger jag till en medlem i ett team",
        "Hur bjuder man in ny till teamet",
        "nya medlemmar i teamet",
        "Lägga till folk i mitt team",
        "Bjuda in teammedlem",
        "Hur lägger jag till en gruppmedlem?"
      ],
      "dialogId": "new_topic_24948944961146258a8c1e46b0ea0323",
      "isTriggeringEnabled": true,
      "id": "new_topic_24948944961146258a8c1e46b0ea0323",
      "displayName": "Hur lägger jag till en medlem i ett team?",
      "description": "Fråga från word-filen (uppdaterad av Erik)",
      "createdTime": "2020-11-24T14:37:53.8220925Z",
      "updatedTime": "2020-12-03T14:45:17.755162Z",
      "createdUserId": "f04d3cd9-b73d-4ba9-a1ed-9319eba29b21",
      "updatedUserId": "f04d3cd9-b73d-4ba9-a1ed-9319eba29b21"
    }
  ],
  "dialogs": [
    {
      "rootNodeId": "acade86a-2b1d-4c89-8734-235479a8f3e1",
      "messageNodes": [
        {
          "botMessageId": "b8ff668c-15cb-4838-b11e-ae743a2c2d64",
          "nodeType": "BotMessageNode",
          "id": "acade86a-2b1d-4c89-8734-235479a8f3e1",
          "defaultTargetNodeId": "6b44de76-c902-458b-a241-58b679b55990"
        },
        {
          "botMessageId": "2d554353-b851-4d48-9a3b-f8113ce0c205",
          "nodeType": "BotMessageNode",
          "id": "6b44de76-c902-458b-a241-58b679b55990",
          "defaultTargetNodeId": "f0aaff33-0c20-4272-9f1b-6ddd7d564f73"
        },
        {
          "botMessageId": "473a0287-685c-43d4-aeeb-9b22aaa9de62",
          "nodeType": "BotMessageNode",
          "id": "f0aaff33-0c20-4272-9f1b-6ddd7d564f73",
          "defaultTargetNodeId": "50bcb124-6284-4dc3-b22a-5e6ecaefe992"
        }
      ],
      "dialogChangeNodes": [
        {
          "targetDialogId": "new_topic_84ec227c19784e7ba25cb34f4638f91e_aeabea4d071f415c8c107e1cb7af5424_assumedsuccess",
          "nodeType": "DialogChangeNode",
          "id": "50bcb124-6284-4dc3-b22a-5e6ecaefe992"
        }
      ],
      "id": "new_topic_24948944961146258a8c1e46b0ea0323",
      "displayName": "Dialog for Hur lägger jag till en gruppmedlem?",
      "createdTime": "2020-11-24T14:37:53.8220925Z",
      "updatedTime": "2020-12-03T14:46:40.5402217Z",
      "createdUserId": "f04d3cd9-b73d-4ba9-a1ed-9319eba29b21",
      "updatedUserId": "f04d3cd9-b73d-4ba9-a1ed-9319eba29b21"
    }
  ],
  "botMessages": [
    {
      "channelContent": {
        "web": {
          "contentFormat": "Markdown",
          "content": "Om du är en Teamägare, går du till teamets namn och klickar på Fler alternativ och sedan Lägg till medlemmar."
        }
      },
      "id": "b8ff668c-15cb-4838-b11e-ae743a2c2d64",
      "createdTime": "2020-11-24T14:37:53.8220925Z",
      "updatedTime": "2020-11-24T14:37:53.8220925Z",
      "createdUserId": "f04d3cd9-b73d-4ba9-a1ed-9319eba29b21",
      "updatedUserId": "f04d3cd9-b73d-4ba9-a1ed-9319eba29b21"
    },
    {
      "channelContent": {
        "web": {
          "contentFormat": "Markdown",
          "content": "Lägg till flera personer genom att skriva namnet på en kontaktgrupp (även känt som \"distributionslista\"), säkerhetsgrupp eller Microsoft 365-grupp."
        }
      },
      "id": "2d554353-b851-4d48-9a3b-f8113ce0c205",
      "createdTime": "2020-12-03T14:37:12.993Z",
      "updatedTime": "2020-12-03T14:37:12.993Z",
      "createdUserId": "user-0",
      "updatedUserId": "user-0"
    },
    {
      "channelContent": {
        "web": {
          "contentFormat": "Markdown",
          "content": "Om din arbetsgivare gjort det möjligt, är det även där du kan [bjuda in gäster](https://support.microsoft.com/sv-se/office/add-guests-to-a-team-in-teams-fccb4fa6-f864-4508-bdde-256e7384a14f) utanför din organisation att gå med i teamet."
        }
      },
      "id": "473a0287-685c-43d4-aeeb-9b22aaa9de62",
      "createdTime": "2020-12-03T14:38:03.593Z",
      "updatedTime": "2020-12-03T14:38:03.593Z",
      "createdUserId": "user-0",
      "updatedUserId": "user-0"
    }
  ]
}