{
  "intents": [
    {
      "triggerQueries": [
        "Come posso cambiare il nome del mio team?",
        "Voglio cambiare il nome visualizzato del mio Team?",
        "Come rinominare il mio team?",
        "cambia il nome del Team",
        "rinomina il tuo team",
        "Dove posso trovare l'opzione per cambiare il nome del mio team?",
        "Voglio rinominare il nostro team",
        "Rinomina il tuo team",
        "Come rinominare il team?"
      ],
      "dialogId": "new_topic_40dd31eafb80416780480357fd1a7f06",
      "isTriggeringEnabled": true,
      "id": "new_topic_40dd31eafb80416780480357fd1a7f06",
      "displayName": "Come rinominare il team?",
      "createdTime": "2022-04-28T18:58:12.1577258Z",
      "updatedTime": "2022-04-28T18:58:12.1577258Z",
      "createdUserId": "9451fc51-e00d-4445-8ff9-efb70866dc3b",
      "updatedUserId": "9451fc51-e00d-4445-8ff9-efb70866dc3b"
    }
  ],
  "dialogs": [
    {
      "rootNodeId": "d98321f9-c989-471a-bc1b-4ea7ae54772d",
      "messageNodes": [
        {
          "botMessageId": "372bc20c-73fd-495f-9a3b-3ad34bc78874",
          "nodeType": "BotMessageNode",
          "id": "d98321f9-c989-471a-bc1b-4ea7ae54772d",
          "defaultTargetNodeId": "b023697b-048b-4e8b-95a9-b9ee74abb455"
        },
        {
          "botMessageId": "d5af8412-7864-47e7-b2cf-4731f8e173cb",
          "nodeType": "BotMessageNode",
          "id": "b023697b-048b-4e8b-95a9-b9ee74abb455",
          "defaultTargetNodeId": "9dd52c74-e7f9-4e57-afa7-1acf761932fd"
        }
      ],
      "dialogChangeNodes": [
        {
          "targetDialogId": "new_topic_f98a24608ee04cb998de3e3e32703d5b_aeabea4d071f415c8c107e1cb7af5424_assumedsuccess",
          "nodeType": "DialogChangeNode",
          "id": "9dd52c74-e7f9-4e57-afa7-1acf761932fd"
        }
      ],
      "id": "new_topic_40dd31eafb80416780480357fd1a7f06",
      "displayName": "Senza titolo",
      "createdTime": "2022-04-28T18:58:12.1577258Z",
      "updatedTime": "2022-04-28T18:58:12.1577258Z",
      "createdUserId": "9451fc51-e00d-4445-8ff9-efb70866dc3b",
      "updatedUserId": "9451fc51-e00d-4445-8ff9-efb70866dc3b"
    }
  ],
  "botMessages": [
    {
      "channelContent": {
        "web": {
          "contentFormat": "Markdown",
          "content": "Vai al nome del team e fai clic su Altre opzioni (...) > Modifica squadra."
        }
      },
      "id": "372bc20c-73fd-495f-9a3b-3ad34bc78874",
      "createdTime": "2022-04-28T18:53:01.482Z",
      "updatedTime": "2022-04-28T18:53:01.482Z"
    },
    {
      "channelContent": {
        "web": {
          "contentFormat": "Markdown",
          "content": "Da qui, è possibile impostare il nome del team, la descrizione e le impostazioni di privacy, se necessario."
        }
      },
      "id": "d5af8412-7864-47e7-b2cf-4731f8e173cb",
      "createdTime": "2022-04-28T18:57:45.502Z",
      "updatedTime": "2022-04-28T18:57:45.502Z",
      "createdUserId": "user-0",
      "updatedUserId": "user-0"
    }
  ]
}