{
  "intents": [
    {
      "intentType": "Regular",
      "endUserOverrideName": "",
      "triggerQueries": [
        "skapa en sharepointsida",
        "webbsidor i sharepoint",
        "Förklara SharePoint",
        "kan du beskriva SharePoint?",
        "Vad är SharePoint?"
      ],
      "dialogId": "new_topic_ab4305cac3f44c2b9f30cd5edc0b9da4",
      "isTriggeringEnabled": true,
      "id": "new_topic_ab4305cac3f44c2b9f30cd5edc0b9da4",
      "displayName": "Vad är SharePoint?",
      "description": "",
      "createdTime": "2020-11-24T14:37:53.8220925Z",
      "updatedTime": "2020-12-11T13:49:56.8150388Z",
      "createdUserId": "f04d3cd9-b73d-4ba9-a1ed-9319eba29b21",
      "updatedUserId": "f04d3cd9-b73d-4ba9-a1ed-9319eba29b21"
    }
  ],
  "dialogs": [
    {
      "rootNodeId": "d6ef19fe-74c3-45d0-881b-6302c92b6c8c",
      "messageNodes": [
        {
          "botMessageId": "21ed32c5-1c17-4531-b0b4-72357d16a448",
          "nodeType": "BotMessageNode",
          "id": "d6ef19fe-74c3-45d0-881b-6302c92b6c8c",
          "defaultTargetNodeId": "eb3a307a-a06c-4e34-ac5d-cc6e57cf106b"
        }
      ],
      "dialogChangeNodes": [
        {
          "targetDialogId": "new_topic_84ec227c19784e7ba25cb34f4638f91e_aeabea4d071f415c8c107e1cb7af5424_assumedsuccess",
          "nodeType": "DialogChangeNode",
          "id": "eb3a307a-a06c-4e34-ac5d-cc6e57cf106b"
        }
      ],
      "id": "new_topic_ab4305cac3f44c2b9f30cd5edc0b9da4",
      "displayName": "Dialog for Vad är SharePoint?",
      "createdTime": "2020-11-24T14:37:53.8220925Z",
      "updatedTime": "2020-11-24T14:37:53.8220925Z",
      "createdUserId": "f04d3cd9-b73d-4ba9-a1ed-9319eba29b21",
      "updatedUserId": "f04d3cd9-b73d-4ba9-a1ed-9319eba29b21"
    }
  ],
  "botMessages": [
    {
      "channelContent": {
        "web": {
          "contentFormat": "Markdown",
          "content": "SharePoint används av organisationer för att skapa webbplatser. Du kan använda SharePoint som en säker plats för att spara, ordna, dela och få tillgång till information från nästan alla enheter. Allt du behöver är en webbläsare.\r\n\r\n[Se hela listan över SharePoint-produkter och -nedladdningar.](https://support.office.com/sv-se/article/What-is-SharePoint--97b915e6-651b-43b2-827d-fb25777f446f)"
        }
      },
      "id": "21ed32c5-1c17-4531-b0b4-72357d16a448",
      "createdTime": "2020-11-24T14:37:53.8220925Z",
      "updatedTime": "2020-11-24T14:37:53.8220925Z",
      "createdUserId": "f04d3cd9-b73d-4ba9-a1ed-9319eba29b21",
      "updatedUserId": "f04d3cd9-b73d-4ba9-a1ed-9319eba29b21"
    }
  ]
}