{
  "intents": [
    {
      "endUserOverrideName": "Quanto spazio di archiviazione ho in (OneDrive)?",
      "triggerQueries": [
        "Quanto spazio di archiviazione ho?",
        "Quanto spazio di archiviazione OneDrive ottengo con Office 365?",
        "Quanto spazio di archiviazione è incluso in M365?",
        "Quanti file posso archiviare in OneDrive",
        "Quanto spazio ho in OneDrive?",
        "Archiviazione in Microsoft 365",
        "Quanti file posso salvare?",
        "Quanti documenti può contenere il mio 365?",
        "Memorizzazione in 365?",
        "Memorizzazione in OneDrive",
        "Quanto spazio su OneDrive ottengo con Microsoft 365?"
      ],
      "dialogId": "new_topic_b1e615c2ab584dbf9c15e333bd44e2f1",
      "isTriggeringEnabled": true,
      "id": "new_topic_b1e615c2ab584dbf9c15e333bd44e2f1",
      "displayName": "Quanto spazio su OneDrive ottengo con Microsoft 365?",
      "createdTime": "2022-04-29T22:52:51.9084676Z",
      "updatedTime": "2022-04-29T22:52:51.9084676Z",
      "createdUserId": "9451fc51-e00d-4445-8ff9-efb70866dc3b",
      "updatedUserId": "9451fc51-e00d-4445-8ff9-efb70866dc3b"
    }
  ],
  "dialogs": [
    {
      "rootNodeId": "75ea4a4b-d9dc-4fdc-8af5-96ac65c2a444",
      "messageNodes": [
        {
          "botMessageId": "829c71d1-8262-4f27-af39-599d9974feb5",
          "nodeType": "BotMessageNode",
          "id": "75ea4a4b-d9dc-4fdc-8af5-96ac65c2a444",
          "defaultTargetNodeId": "1b2b930c-7d06-4663-a9b7-4d0e622daa2a"
        }
      ],
      "dialogChangeNodes": [
        {
          "targetDialogId": "new_topic_f98a24608ee04cb998de3e3e32703d5b_aeabea4d071f415c8c107e1cb7af5424_assumedsuccess",
          "nodeType": "DialogChangeNode",
          "id": "1b2b930c-7d06-4663-a9b7-4d0e622daa2a"
        }
      ],
      "id": "new_topic_b1e615c2ab584dbf9c15e333bd44e2f1",
      "displayName": "Senza titolo",
      "createdTime": "2022-04-29T22:52:51.9084676Z",
      "updatedTime": "2022-04-29T22:52:51.9084676Z",
      "createdUserId": "9451fc51-e00d-4445-8ff9-efb70866dc3b",
      "updatedUserId": "9451fc51-e00d-4445-8ff9-efb70866dc3b"
    }
  ],
  "botMessages": [
    {
      "channelContent": {
        "web": {
          "contentFormat": "Markdown",
          "content": "Gli utenti ricevono 1 TB (1.000 GB) di spazio di archiviazione in OneDrive.\n\nIn base alla tua licenza , questo può essere aumentato a 5 TB (5.000 GB) per utente."
        }
      },
      "id": "829c71d1-8262-4f27-af39-599d9974feb5",
      "createdTime": "2022-04-29T22:48:08.734Z",
      "updatedTime": "2022-04-29T22:48:08.734Z"
    }
  ]
}