{
  "intents": [
    {
      "triggerQueries": [
        "overføre samtalen",
        "Sett over et anrop"
      ],
      "dialogId": "new_topic_9c4153a8be634045bed619a7a83938c8",
      "isTriggeringEnabled": true,
      "id": "new_topic_9c4153a8be634045bed619a7a83938c8",
      "displayName": "Sette over et anrop",
      "description": "https://norwegianteams.blob.core.windows.net/norwegian-container/Tima - p19 to p33.docx",
      "createdTime": "2021-04-08T07:04:26.6850186Z",
      "updatedTime": "2021-04-08T07:05:45.4179595Z",
      "createdUserId": "ef0c8b9a-eff1-49f8-92fa-fd1d3e15e1ba",
      "updatedUserId": "ef0c8b9a-eff1-49f8-92fa-fd1d3e15e1ba"
    }
  ],
  "dialogs": [
    {
      "rootNodeId": "139517e0-3cfe-4f96-b931-589db74d700d",
      "messageNodes": [
        {
          "botMessageId": "0d711d5d-af10-4426-981a-b827c0cbd9b7",
          "nodeType": "BotMessageNode",
          "id": "139517e0-3cfe-4f96-b931-589db74d700d",
          "defaultTargetNodeId": "fc55303b-ad2a-4d0a-95f9-fa92f84ace85"
        }
      ],
      "dialogChangeNodes": [
        {
          "targetDialogId": "new_topic_89c49d37fd4c4c1c9144396960733ce1_aeabea4d071f415c8c107e1cb7af5424_assumedsuccess",
          "nodeType": "DialogChangeNode",
          "id": "fc55303b-ad2a-4d0a-95f9-fa92f84ace85"
        }
      ],
      "id": "new_topic_9c4153a8be634045bed619a7a83938c8",
      "displayName": "Dialog for Sette over et anrop",
      "createdTime": "2021-04-08T07:04:26.6850186Z",
      "updatedTime": "2021-04-08T07:05:36.2284801Z",
      "createdUserId": "ef0c8b9a-eff1-49f8-92fa-fd1d3e15e1ba",
      "updatedUserId": "ef0c8b9a-eff1-49f8-92fa-fd1d3e15e1ba"
    }
  ],
  "botMessages": [
    {
      "channelContent": {
        "web": {
          "contentFormat": "Markdown",
          "content": "Velg **Flere handlinger**…, og skriv deretter inn navnet på personen du vil overføre samtalen til og velg vedkommende. Velg **Overfør** for å fullføre."
        }
      },
      "id": "0d711d5d-af10-4426-981a-b827c0cbd9b7",
      "createdTime": "2021-04-08T07:04:26.6850186Z",
      "updatedTime": "2021-04-08T07:04:26.6850186Z",
      "createdUserId": "ef0c8b9a-eff1-49f8-92fa-fd1d3e15e1ba",
      "updatedUserId": "ef0c8b9a-eff1-49f8-92fa-fd1d3e15e1ba"
    }
  ],
  "createdUtc": "0001-01-01T00:00:00Z"
}