{
  "intents": [
    {
      "triggerQueries": [
        "Chiunque può creare eventi live in Teams?",
        "Chiunque può creare un Team eventi live?",
        "Chi può fare eventi in Teams?",
        "Chi può fare un evento live?",
        "Chi può creare un evento live?",
        "Chi può creare eventi live?"
      ],
      "dialogId": "new_topic_f90870f4962f4f9a8256a24ecc80680c",
      "isTriggeringEnabled": true,
      "id": "new_topic_f90870f4962f4f9a8256a24ecc80680c",
      "displayName": "Chi può creare eventi live?",
      "createdTime": "2022-04-27T17:22:46.2201891Z",
      "updatedTime": "2022-04-27T17:22:46.2201891Z",
      "createdUserId": "9451fc51-e00d-4445-8ff9-efb70866dc3b",
      "updatedUserId": "9451fc51-e00d-4445-8ff9-efb70866dc3b"
    }
  ],
  "dialogs": [
    {
      "rootNodeId": "74f36c23-e2c2-4aad-b023-73db15ea447e",
      "messageNodes": [
        {
          "botMessageId": "40ce2002-c8fe-406d-90da-4dcefbf7915a",
          "nodeType": "BotMessageNode",
          "id": "74f36c23-e2c2-4aad-b023-73db15ea447e",
          "defaultTargetNodeId": "9e6580d3-96ce-43b4-b74e-63fac96174d9"
        }
      ],
      "dialogChangeNodes": [
        {
          "targetDialogId": "new_topic_f98a24608ee04cb998de3e3e32703d5b_aeabea4d071f415c8c107e1cb7af5424_assumedsuccess",
          "nodeType": "DialogChangeNode",
          "id": "9e6580d3-96ce-43b4-b74e-63fac96174d9"
        }
      ],
      "id": "new_topic_f90870f4962f4f9a8256a24ecc80680c",
      "displayName": "Senza titolo",
      "createdTime": "2022-04-27T17:22:46.2201891Z",
      "updatedTime": "2022-04-27T17:22:46.2201891Z",
      "createdUserId": "9451fc51-e00d-4445-8ff9-efb70866dc3b",
      "updatedUserId": "9451fc51-e00d-4445-8ff9-efb70866dc3b"
    }
  ],
  "botMessages": [
    {
      "channelContent": {
        "web": {
          "contentFormat": "Markdown",
          "content": "Per tutti i dettagli vedere:\n\n[Chi può partecipare, creare, e programmare eventi live in Teams?](https://docs.microsoft.com/it-it/microsoftteams/teams-live-events/plan-for-teams-live-events#who-can-attend-create-and-schedule-live-events)\n\nPer creare un evento live, una persona ha bisogno di avere:\n\n*   Una licenza Microsoft/Office 365 Enterprise E3/A3 o E5/A5.\n*   _L'amministratore IT può fornire ulteriori informazioni._"
        }
      },
      "id": "40ce2002-c8fe-406d-90da-4dcefbf7915a",
      "createdTime": "2022-04-27T17:16:28.024Z",
      "updatedTime": "2022-04-27T17:16:28.024Z"
    }
  ]
}