{
  "intents": [
    {
      "endUserOverrideName": "Avinstaller eller fjern varsling fra en bot",
      "triggerQueries": [
        "Fjern en bot",
        "Slett en bot",
        "Avinstaller en bot",
        "Demp varsling fra en bot",
        "Avinstaller eller fjern varsling fra en bot"
      ],
      "dialogId": "new_topic_ef1067638e2745f1b3d9cdc05faacb3d",
      "isTriggeringEnabled": true,
      "id": "new_topic_ef1067638e2745f1b3d9cdc05faacb3d",
      "displayName": "Hvordan blokkerer jeg en bot?",
      "description": "",
      "createdTime": "2021-04-12T15:15:16.3010264Z",
      "updatedTime": "2021-04-12T15:15:16.3010264Z",
      "createdUserId": "ef0c8b9a-eff1-49f8-92fa-fd1d3e15e1ba"
    }
  ],
  "dialogs": [
    {
      "rootNodeId": "985dcc54-dfe4-49e0-836f-a77ae1a11f38",
      "messageNodes": [
        {
          "botMessageId": "44c961e3-52e7-4598-b900-b3d0ce54ddda",
          "nodeType": "BotMessageNode",
          "id": "985dcc54-dfe4-49e0-836f-a77ae1a11f38",
          "defaultTargetNodeId": "55360062-21af-4506-8cb1-c02323ecc4a7"
        },
        {
          "botMessageId": "06131b77-de79-4db1-94c1-6eb947db19ae",
          "nodeType": "BotMessageNode",
          "id": "55360062-21af-4506-8cb1-c02323ecc4a7",
          "defaultTargetNodeId": "0a77c750-d301-433b-a322-223b11cd57c9"
        }
      ],
      "dialogChangeNodes": [
        {
          "targetDialogId": "new_topic_89c49d37fd4c4c1c9144396960733ce1_aeabea4d071f415c8c107e1cb7af5424_assumedsuccess",
          "nodeType": "DialogChangeNode",
          "id": "0a77c750-d301-433b-a322-223b11cd57c9"
        }
      ],
      "id": "new_topic_ef1067638e2745f1b3d9cdc05faacb3d",
      "displayName": "Dialog for Hvordan blokkerer jeg en bot?",
      "createdTime": "2021-04-12T15:15:16.3010264Z",
      "updatedTime": "2021-04-12T15:16:07.4130522Z",
      "createdUserId": "ef0c8b9a-eff1-49f8-92fa-fd1d3e15e1ba",
      "updatedUserId": "ef0c8b9a-eff1-49f8-92fa-fd1d3e15e1ba"
    }
  ],
  "botMessages": [
    {
      "channelContent": {
        "web": {
          "contentFormat": "Markdown",
          "content": "Hvis du vil slutte å få varler fra botten så trykker du på navnet til **botten i chattelisten** \\> klikk deretter **Flere alternativer** \\> klikk på **Demp.**"
        }
      },
      "id": "44c961e3-52e7-4598-b900-b3d0ce54ddda",
      "createdTime": "2021-04-12T15:15:16.3010264Z",
      "updatedTime": "2021-04-12T15:15:16.3010264Z",
      "createdUserId": "ef0c8b9a-eff1-49f8-92fa-fd1d3e15e1ba",
      "updatedUserId": "ef0c8b9a-eff1-49f8-92fa-fd1d3e15e1ba"
    },
    {
      "channelContent": {
        "web": {
          "contentFormat": "Markdown",
          "content": "Man kan også fjerne botter fra teams grupper. Finn gruppen i teamslisten > klikk deretter **Flere alternativer** > **Behandle** **team**. Gå til App-fanen og klikk **Avinstaller** ved siden av **navnet** på roboten du vil fjerne."
        }
      },
      "id": "06131b77-de79-4db1-94c1-6eb947db19ae",
      "createdTime": "2021-04-12T15:15:55.825Z",
      "updatedTime": "2021-04-12T15:15:55.825Z",
      "createdUserId": "user-0",
      "updatedUserId": "user-0"
    }
  ],
  "createdUtc": "0001-01-01T00:00:00Z"
}