<botcomponent schemaname="new_topic_662140ce25b14442ac7b6ddebeaa81f1">
  <componenttype>0</componenttype>
  <description>一個讓使用者可以向管理 Chatbot 的團隊提供回饋

FYI: 放鬆，這件事也有在之前的導覽提過

這個主題有流程

第一次設置:
這個流程需要連接到您選擇的團隊和頻道。打開 PVA 中的「創作畫布」的流程。

這將打開PowerAutomate，在那裡您將選擇現有的團隊和頻道。


建議在頻道裡取名為 "Timon (用戶回饋 💌)" 在團隊中取名 "Timon 的支援團隊) 查看導覽來獲得更多資訊。</description>
  <iscustomizable>1</iscustomizable>
  <name>回饋</name>
  <statecode>0</statecode>
  <statuscode>1</statuscode>
</botcomponent>