{
  "intents": [
    {
      "triggerQueries": [
        "얼마나 많은 사람 전화 Meeting 모임 미팅 참석",
        "전화 컨퍼런스 콜 최대 인원 수",
        "Meeting 모임 회의 미팅 총 전화 참가자수 몇 명 사용",
        "Meeting 미팅 모임 회의 몇 명 전화 참가자 참석",
        "모임에 총 몇 명의 전화 참가자가 참석할 수 있습니까?"
      ],
      "dialogId": "new_topic_39e2f989a0ef4d648a5b8c56882fa3c0",
      "isTriggeringEnabled": true,
      "id": "new_topic_39e2f989a0ef4d648a5b8c56882fa3c0",
      "displayName": "모임에 총 몇 명의 전화 참가자가 참석할 수 있습니까?",
      "description": "https://adoptbotv2kb.blob.core.windows.net/%24web/adoptbot2021-Korean.docx",
      "createdTime": "2021-03-18T03:39:18.7456548Z",
      "updatedTime": "2021-04-09T05:38:57.7091671Z",
      "createdUserId": "e47109d8-0300-4e59-a90d-56bb29886c9e",
      "updatedUserId": "e47109d8-0300-4e59-a90d-56bb29886c9e"
    }
  ],
  "dialogs": [
    {
      "rootNodeId": "6c2a20ea-575d-4a58-bde6-13c9b604f11a",
      "messageNodes": [
        {
          "botMessageId": "528c3fe5-3833-4417-881e-867c71557743",
          "nodeType": "BotMessageNode",
          "id": "6c2a20ea-575d-4a58-bde6-13c9b604f11a",
          "defaultTargetNodeId": "9982b981-b28c-4dcf-97db-bdd71074e96b"
        }
      ],
      "dialogChangeNodes": [
        {
          "targetDialogId": "new_topic_2bf23930c1d146129dfe38bacb94ccd0_aeabea4d071f415c8c107e1cb7af5424_assumedsuccess",
          "nodeType": "DialogChangeNode",
          "id": "9982b981-b28c-4dcf-97db-bdd71074e96b"
        }
      ],
      "id": "new_topic_39e2f989a0ef4d648a5b8c56882fa3c0",
      "displayName": "Dialog for 모임에 총 몇 명의 전화 참가자가 참석할 수 있습니까?",
      "createdTime": "2021-03-18T03:39:18.7456548Z",
      "updatedTime": "2021-03-18T03:39:18.7456548Z",
      "createdUserId": "e47109d8-0300-4e59-a90d-56bb29886c9e",
      "updatedUserId": "e47109d8-0300-4e59-a90d-56bb29886c9e"
    }
  ],
  "botMessages": [
    {
      "channelContent": {
        "web": {
          "contentFormat": "Markdown",
          "content": "[모임에 전화로 참여할 수 있는 인원 수](https://docs.microsoft.com/ko-kr/microsoftteams/limits-specifications-teams) 는 현재300명(2021년  초)입니다. 한도가 증가하는 최신 정보에 대해서는 링크를  클릭합니다."
        }
      },
      "id": "528c3fe5-3833-4417-881e-867c71557743",
      "createdTime": "2021-03-18T03:39:18.7456548Z",
      "updatedTime": "2021-03-18T03:39:18.7456548Z",
      "createdUserId": "e47109d8-0300-4e59-a90d-56bb29886c9e",
      "updatedUserId": "e47109d8-0300-4e59-a90d-56bb29886c9e"
    }
  ],
  "createdUtc": "0001-01-01T00:00:00Z"
}