{
  "intents": [
    {
      "endUserOverrideName": "Was ist ein Kanal in Teams?",
      "triggerQueries": [
        "Kanal",
        "Was ist ein Teams Kanal?",
        "Was zur Hölle ist ein Kanal?",
        "Erkläre mir was ein Kanal ist",
        "Warum gibt es verschiedene Kanäle?",
        "Was ist der Sinn von Kanälen?",
        "Was ist ein Kanal?",
        "wo sind die Dateien in einem Kanal gespeichert?",
        "Was ist ein Kanal in Teams?"
      ],
      "dialogId": "new_topic_8e141e34e8e343b5a350b3682b2afb13",
      "isTriggeringEnabled": true,
      "id": "new_topic_8e141e34e8e343b5a350b3682b2afb13",
      "displayName": "Was ist ein Teams Kanal?",
      "description": "https://adoptbotv2kb.blob.core.windows.net/%24web/AdoptBot2021-English.docx",
      "createdTime": "2021-04-18T09:40:31.4903934Z",
      "updatedTime": "2021-04-18T09:40:31.4903934Z",
      "createdUserId": "86360cd1-faa6-4d16-8a0c-ba3116c8a977"
    }
  ],
  "dialogs": [
    {
      "rootNodeId": "f34c9667-275e-48c0-8768-21ce93362856",
      "messageNodes": [
        {
          "botMessageId": "cfda1313-0b34-4b32-86dd-76701f898b77",
          "nodeType": "BotMessageNode",
          "id": "f34c9667-275e-48c0-8768-21ce93362856",
          "defaultTargetNodeId": "ea842dde-4050-4562-a9c7-08ea9d8db8f5"
        },
        {
          "botMessageId": "928e1b83-0917-49f1-9069-00b6a31a3941",
          "nodeType": "BotMessageNode",
          "id": "ea842dde-4050-4562-a9c7-08ea9d8db8f5",
          "defaultTargetNodeId": "e02867cd-e1bb-4eb0-be36-e2334f654850"
        },
        {
          "botMessageId": "316f4f30-5adf-4c86-aea0-c8d90b23baf4",
          "nodeType": "BotMessageNode",
          "id": "e02867cd-e1bb-4eb0-be36-e2334f654850",
          "defaultTargetNodeId": "1384d1fc-80ed-4269-b7c1-33a88d453cd5"
        },
        {
          "botMessageId": "46a044ed-fa7c-4c46-a699-ee58adb31e67",
          "nodeType": "BotMessageNode",
          "id": "1384d1fc-80ed-4269-b7c1-33a88d453cd5",
          "defaultTargetNodeId": "1427942f-792c-409d-a195-7bd72a140ef6"
        }
      ],
      "dialogChangeNodes": [
        {
          "targetDialogId": "new_topic_30867099f4b543d3b8543a85c22c3418_aeabea4d071f415c8c107e1cb7af5424_assumedsuccess",
          "nodeType": "DialogChangeNode",
          "id": "1427942f-792c-409d-a195-7bd72a140ef6"
        }
      ],
      "id": "new_topic_8e141e34e8e343b5a350b3682b2afb13",
      "displayName": "Dialog for Was ist ein Teams Kanal?",
      "createdTime": "2021-04-18T09:40:31.4903934Z",
      "updatedTime": "2021-04-18T09:44:29.9459783Z",
      "createdUserId": "86360cd1-faa6-4d16-8a0c-ba3116c8a977",
      "updatedUserId": "86360cd1-faa6-4d16-8a0c-ba3116c8a977"
    }
  ],
  "botMessages": [
    {
      "channelContent": {
        "web": {
          "contentFormat": "Markdown",
          "content": "**Kanäle sind Räume der Zusammenarbeit innerhalb eines Teams,** in denen die eigentliche Arbeit erledigt wird."
        }
      },
      "id": "cfda1313-0b34-4b32-86dd-76701f898b77",
      "createdTime": "2021-04-18T09:40:31.4903934Z",
      "updatedTime": "2021-04-18T09:40:31.4903934Z",
      "createdUserId": "86360cd1-faa6-4d16-8a0c-ba3116c8a977",
      "updatedUserId": "86360cd1-faa6-4d16-8a0c-ba3116c8a977"
    },
    {
      "channelContent": {
        "web": {
          "contentFormat": "Markdown",
          "content": "Es ist der Ort, an dem [Text-, Audio- und Videokonversatione](https://support.microsoft.com/de-de/office/besprechungen-in-microsoft-teams-e0b0ae21-53ee-4462-a50d-ca9b9e217b67?ui=de-DE&rs=de-DE&ad=DE)n stattfinden, die für das gesamte Team offen sind, an dem [Dateien freigegeben](https://support.microsoft.com/de-de/office/freigeben-von-dateien-in-teams-0c4d34ee-5dd8-46d5-ab35-0d227b5e6eb5?ui=de-DE&rs=de-DE&ad=DE) werden und an dem [Team-Apps hinzugefügt](https://support.microsoft.com/de-de/office/hinzuf%c3%bcgen-einer-app-zu-microsoft-teams-b2217706-f7ed-4e64-8e96-c413afd02f77?ui=de-DE&rs=de-DE&ad=DE) werden."
        }
      },
      "id": "928e1b83-0917-49f1-9069-00b6a31a3941",
      "createdTime": "2021-04-18T09:41:09.98Z",
      "updatedTime": "2021-04-18T09:41:09.98Z",
      "createdUserId": "user-0",
      "updatedUserId": "user-0"
    },
    {
      "channelContent": {
        "web": {
          "contentFormat": "Markdown",
          "content": "Ein Kanal ist der Ort, an dem jeder in Ihrem Team offen Gespräche führen kann.\n\n**Dateien**, die im Chat des Kanals freigegeben werden, werden automatisch unter der **Registerkarte \"Dateien\"** in jedem Kanal organisiert."
        }
      },
      "id": "316f4f30-5adf-4c86-aea0-c8d90b23baf4",
      "createdTime": "2021-04-18T09:43:11.48Z",
      "updatedTime": "2021-04-18T09:43:11.48Z",
      "createdUserId": "user-0",
      "updatedUserId": "user-0"
    },
    {
      "channelContent": {
        "web": {
          "contentFormat": "Markdown",
          "content": "💡 **Tipp**: _Fügen Sie nur Kanäle hinzu, wenn es einen klaren Zweck, Bedarf und Wunsch gibt. Zu viele vorausgefüllte Kanäle können verwirrend wirken. Der Kanal \"Allgemein\" ist für viele Teams von großem Nutzen._"
        }
      },
      "id": "46a044ed-fa7c-4c46-a699-ee58adb31e67",
      "createdTime": "2021-04-18T09:43:22.531Z",
      "updatedTime": "2021-04-18T09:43:22.531Z",
      "createdUserId": "user-0",
      "updatedUserId": "user-0"
    }
  ],
  "createdUtc": "0001-01-01T00:00:00Z"
}