{
  "intents": [
    {
      "intentType": "Regular",
      "endUserOverrideName": "Sökning i Teams",
      "triggerQueries": [
        "Hur fungerar sökning och filtrering?",
        "Hur fungerar sökning?",
        "Kan du ge mig tips kring sökning?",
        "Hur kan jag söka effektivt i Teams?",
        "Hur söker jag i Teams?"
      ],
      "dialogId": "new_topic_0c9c28a8d2344589a48d78fbd7eedfcd",
      "isTriggeringEnabled": true,
      "id": "new_topic_0c9c28a8d2344589a48d78fbd7eedfcd",
      "displayName": "Hur söker jag i Teams?",
      "description": "https://intranat.helsingborg.se/wp-content/uploads/2020/11/svenska-fracc8agor-till-adoptbot-pva.docx",
      "createdTime": "2020-11-24T14:37:53.8230909Z",
      "updatedTime": "2020-12-10T10:36:41.7196529Z",
      "createdUserId": "f04d3cd9-b73d-4ba9-a1ed-9319eba29b21",
      "updatedUserId": "844fcc91-8b17-49d9-9824-79f412da094a"
    }
  ],
  "dialogs": [
    {
      "rootNodeId": "b41d7f36-e754-499c-8054-0ec04994b2bb",
      "messageNodes": [
        {
          "botMessageId": "cb815abb-eef6-4f4c-9be1-5ff2fdd948a2",
          "nodeType": "BotMessageNode",
          "id": "b41d7f36-e754-499c-8054-0ec04994b2bb",
          "defaultTargetNodeId": "3c46bef4-c12e-4775-bb10-b4a675cdf8c9"
        },
        {
          "botMessageId": "ea435e8c-3528-476d-97d7-dae9ace20c39",
          "nodeType": "BotMessageNode",
          "id": "3c46bef4-c12e-4775-bb10-b4a675cdf8c9",
          "defaultTargetNodeId": "2968f8f8-a99f-4d6c-ba87-ba4ac264c23f"
        }
      ],
      "dialogChangeNodes": [
        {
          "targetDialogId": "new_topic_84ec227c19784e7ba25cb34f4638f91e_aeabea4d071f415c8c107e1cb7af5424_assumedsuccess",
          "nodeType": "DialogChangeNode",
          "id": "2968f8f8-a99f-4d6c-ba87-ba4ac264c23f"
        }
      ],
      "id": "new_topic_0c9c28a8d2344589a48d78fbd7eedfcd",
      "displayName": "Dialog for Hur söker jag i Teams?",
      "createdTime": "2020-11-24T14:37:53.8230909Z",
      "updatedTime": "2020-12-10T10:35:37.7826184Z",
      "createdUserId": "f04d3cd9-b73d-4ba9-a1ed-9319eba29b21",
      "updatedUserId": "844fcc91-8b17-49d9-9824-79f412da094a"
    }
  ],
  "botMessages": [
    {
      "channelContent": {
        "web": {
          "contentFormat": "Markdown",
          "content": "Du har fått några sök- och filtreringsalternativ som hjälper dig att hitta meddelanden, personer, filer och annan information som delas i Teams.\n\nStarta\n\nen sökning från sökrutan högst upp i appen. När du skriver ett ord eller namn kommer Teams att börja komma med förslag. Antingen klickar du på ett av de föreslagna objekten, eller trycker på Retur för att få en fullständig lista med resultat.\n\nDu kommer till en söksida med en lista till vänster i appen. Välj ett av objekten för att få en fullständig bild av objektet."
        }
      },
      "id": "cb815abb-eef6-4f4c-9be1-5ff2fdd948a2",
      "createdTime": "2020-11-24T14:37:53.8230909Z",
      "updatedTime": "2020-11-24T14:37:53.8230909Z",
      "createdUserId": "f04d3cd9-b73d-4ba9-a1ed-9319eba29b21",
      "updatedUserId": "f04d3cd9-b73d-4ba9-a1ed-9319eba29b21"
    },
    {
      "channelContent": {
        "web": {
          "contentFormat": "Markdown",
          "content": "Tips: Använd CTRL+F (CMD+F på macOS) för att söka i meddelanden inom en viss chatt eller kanal i Teams. [Sök efter meddelanden och annat i Teams](https://support.microsoft.com/sv-se/office/search-for-messages-and-more-in-teams-4a351520-33f4-42ab-a5ee-5fc0ab88b263)"
        }
      },
      "id": "ea435e8c-3528-476d-97d7-dae9ace20c39",
      "createdTime": "2020-12-10T10:35:31.23Z",
      "updatedTime": "2020-12-10T10:35:31.23Z",
      "createdUserId": "user-0",
      "updatedUserId": "user-0"
    }
  ]
}