{
  "intents": [
    {
      "triggerQueries": [
        "Teams 팀즈 팀 로그 검토",
        "Teams 팀즈 팀 규정 준수",
        "Microsoft 365 마이크로소프트 365 고급 위협 보호",
        "Teams 팀즈 팀 아카이빙",
        "조건부 액세스",
        "Teams 팀즈 팀 정보 보호 유형",
        "Teams 팀즈 팀 정보 보호",
        "Intune MDM 지원",
        "MAM 지원",
        "법적 보류",
        "Teams 팀즈 팀 eDiscovery e디스커버리 이디스커버리",
        "고급 위협 보호",
        "Teams 팀즈 팀 규정 준수 규칙 기능",
        "Teams 팀즈 팀 제공 정보 보호",
        "Teams 어떤 종류 정보 보호 제공",
        "Teams는 어떤 종류의 정보 보호를 제공합니까?"
      ],
      "dialogId": "new_topic_a9e11e440d284be5992edad200d5f002",
      "isTriggeringEnabled": true,
      "id": "new_topic_a9e11e440d284be5992edad200d5f002",
      "displayName": "Teams는 어떤 종류의 정보 보호를 제공합니까?",
      "description": "https://adoptbotv2kb.blob.core.windows.net/%24web/adoptbot2021-Korean.docx",
      "createdTime": "2021-03-18T03:39:18.7456548Z",
      "updatedTime": "2021-04-06T10:56:19.0182184Z",
      "createdUserId": "e47109d8-0300-4e59-a90d-56bb29886c9e",
      "updatedUserId": "e47109d8-0300-4e59-a90d-56bb29886c9e"
    }
  ],
  "dialogs": [
    {
      "rootNodeId": "edf45558-60f4-4db8-9eb3-cb63e09f9664",
      "messageNodes": [
        {
          "botMessageId": "11370607-165a-44b8-a93e-f444aa80f11b",
          "nodeType": "BotMessageNode",
          "id": "edf45558-60f4-4db8-9eb3-cb63e09f9664",
          "defaultTargetNodeId": "1974ea1e-c91c-40b9-8310-5e1942f1af2c"
        },
        {
          "botMessageId": "4f39ff87-5a80-4b30-a557-d0391852cf24",
          "nodeType": "BotMessageNode",
          "id": "1974ea1e-c91c-40b9-8310-5e1942f1af2c",
          "defaultTargetNodeId": "470b030b-308b-46e7-85ca-fa4695ff3821"
        },
        {
          "botMessageId": "070e5e07-51ce-449a-8e1c-51df71e0b16e",
          "nodeType": "BotMessageNode",
          "id": "470b030b-308b-46e7-85ca-fa4695ff3821",
          "defaultTargetNodeId": "62c94363-e4df-438a-b02a-c99c6406a448"
        },
        {
          "botMessageId": "c35602c2-6977-484f-abfd-fea7292f0260",
          "nodeType": "BotMessageNode",
          "id": "62c94363-e4df-438a-b02a-c99c6406a448",
          "defaultTargetNodeId": "8d85f1f2-e2d0-4a66-b890-ca4e49f8491a"
        },
        {
          "botMessageId": "0eb4d59b-5b67-44ae-9a9e-7fcd9f470271",
          "nodeType": "BotMessageNode",
          "id": "8d85f1f2-e2d0-4a66-b890-ca4e49f8491a",
          "defaultTargetNodeId": "0c5410eb-5c30-497a-8689-7907067772a5"
        },
        {
          "botMessageId": "807e27e5-c083-4568-b38e-95537ce98669",
          "nodeType": "BotMessageNode",
          "id": "0c5410eb-5c30-497a-8689-7907067772a5",
          "defaultTargetNodeId": "cc26956d-1442-4ffd-8208-3c1151c96a02"
        },
        {
          "botMessageId": "d7c79d05-3530-42c2-975a-7f70faf75ce1",
          "nodeType": "BotMessageNode",
          "id": "cc26956d-1442-4ffd-8208-3c1151c96a02",
          "defaultTargetNodeId": "376b6289-78c5-4864-bf4e-5c2973a9ed03"
        },
        {
          "botMessageId": "719a9326-1b59-40ae-9fa8-0baecab51e05",
          "nodeType": "BotMessageNode",
          "id": "376b6289-78c5-4864-bf4e-5c2973a9ed03",
          "defaultTargetNodeId": "7c83dde0-7ef1-49f5-8c67-a377fedca0b7"
        },
        {
          "botMessageId": "2aeb2c09-c554-4c6d-96ba-68cc8f746979",
          "nodeType": "BotMessageNode",
          "id": "7c83dde0-7ef1-49f5-8c67-a377fedca0b7",
          "defaultTargetNodeId": "0d74e506-361c-4f29-b004-471a71e01d36"
        },
        {
          "botMessageId": "2f095778-0c6a-424a-b90c-a8e9b0b73f34",
          "nodeType": "BotMessageNode",
          "id": "0d74e506-361c-4f29-b004-471a71e01d36",
          "defaultTargetNodeId": "89b0a3b8-fe9f-4b22-ae6b-52e8436f48e9"
        },
        {
          "botMessageId": "95681093-e6b6-4fbf-8ba6-b279a5bfa6d6",
          "nodeType": "BotMessageNode",
          "id": "89b0a3b8-fe9f-4b22-ae6b-52e8436f48e9",
          "defaultTargetNodeId": "7c1f42a3-e736-42cc-9325-35bf034af5a1"
        }
      ],
      "dialogChangeNodes": [
        {
          "targetDialogId": "new_topic_2bf23930c1d146129dfe38bacb94ccd0_aeabea4d071f415c8c107e1cb7af5424_assumedsuccess",
          "nodeType": "DialogChangeNode",
          "id": "7c1f42a3-e736-42cc-9325-35bf034af5a1"
        }
      ],
      "id": "new_topic_a9e11e440d284be5992edad200d5f002",
      "displayName": "Dialog for Teams는 어떤 종류의 정보 보호를 제공합니까?",
      "createdTime": "2021-03-18T03:39:18.7456548Z",
      "updatedTime": "2021-04-06T10:56:10.7557764Z",
      "createdUserId": "e47109d8-0300-4e59-a90d-56bb29886c9e",
      "updatedUserId": "e47109d8-0300-4e59-a90d-56bb29886c9e"
    }
  ],
  "botMessages": [
    {
      "channelContent": {
        "web": {
          "contentFormat": "Markdown",
          "content": "법률, 규제 및 콘텐츠 보안 요구 사항을 충족하기 위해 Teams는 [Microsoft 365 보안 및 규정 준수 센터](https://docs.microsoft.com/ko-kr/microsoft-365/compliance/microsoft-365-compliance-center?view=o365-worldwide) 를 통해 다음과 같은 정보 보호 기능을 제공합니다"
        }
      },
      "id": "11370607-165a-44b8-a93e-f444aa80f11b",
      "createdTime": "2021-03-18T03:39:18.7456548Z",
      "updatedTime": "2021-03-18T03:39:18.7456548Z",
      "createdUserId": "e47109d8-0300-4e59-a90d-56bb29886c9e",
      "updatedUserId": "e47109d8-0300-4e59-a90d-56bb29886c9e"
    },
    {
      "channelContent": {
        "web": {
          "contentFormat": "Markdown",
          "content": "**아카이브:** \n\nTeams 관련 워크로드에 저장된 모든 콘텐츠는 엔터프라이즈 회사 정책에 따라 변경 없이 보존."
        }
      },
      "id": "4f39ff87-5a80-4b30-a557-d0391852cf24",
      "createdTime": "2021-04-06T10:52:12.486Z",
      "updatedTime": "2021-04-06T10:52:12.486Z",
      "createdUserId": "user-0",
      "updatedUserId": "user-0"
    },
    {
      "channelContent": {
        "web": {
          "contentFormat": "Markdown",
          "content": "**규정 준수 콘텐츠 검색:**\n\n워크로드에 저장된 모든 콘텐츠는 풍부한 필터링 기능을 통해 검색할 수 있습니다. 모든 콘텐츠를 규정 준수 및 소송 지원을 위해 특정 컨테이너로 내보낼 수 있습니다."
        }
      },
      "id": "070e5e07-51ce-449a-8e1c-51df71e0b16e",
      "createdTime": "2021-04-06T10:52:33.485Z",
      "updatedTime": "2021-04-06T10:52:33.485Z",
      "createdUserId": "user-0",
      "updatedUserId": "user-0"
    },
    {
      "channelContent": {
        "web": {
          "contentFormat": "Markdown",
          "content": "**eDiscovery:**\n\n사례 관리, 보존, 검색, 분석 및 내보내기를 포함한 풍부한 eDiscovery 내 기능을 통해 고객이 eDiscovery 프로세스를 간소화하고 비용과 위험을 줄이면서 관련 데이터를 신속하게 식별할 수 있습니다."
        }
      },
      "id": "c35602c2-6977-484f-abfd-fea7292f0260",
      "createdTime": "2021-04-06T10:53:20.534Z",
      "updatedTime": "2021-04-06T10:53:20.534Z",
      "createdUserId": "user-0",
      "updatedUserId": "user-0"
    },
    {
      "channelContent": {
        "web": {
          "contentFormat": "Markdown",
          "content": "**법적 보류:** \n\n팀 또는 개인이 현재 위치에서 보류 또는 소송 보류를 할 때, 보류는 기본 및 보관된 메시지(편집 또는 삭제 제외)에 배치됩니다."
        }
      },
      "id": "0eb4d59b-5b67-44ae-9a9e-7fcd9f470271",
      "createdTime": "2021-04-06T10:53:40.325Z",
      "updatedTime": "2021-04-06T10:53:40.325Z",
      "createdUserId": "user-0",
      "updatedUserId": "user-0"
    },
    {
      "channelContent": {
        "web": {
          "contentFormat": "Markdown",
          "content": "**감사 로그 검색:**\n\n모든 팀 활동 및 비즈니스 이벤트를 캡처하고 고객 검색 및 내보내기에 사용할 수 있습니다."
        }
      },
      "id": "807e27e5-c083-4568-b38e-95537ce98669",
      "createdTime": "2021-04-06T10:53:52.571Z",
      "updatedTime": "2021-04-06T10:53:52.571Z",
      "createdUserId": "user-0",
      "updatedUserId": "user-0"
    },
    {
      "channelContent": {
        "web": {
          "contentFormat": "Markdown",
          "content": "**Exchange Online Protection:**\n\n채널로 전송되는 이메일 메시지는 Exchange Online Protection 및 Microsoft 365에 대한 고급 위협 보호를 통해 스팸, 맬웨어, 악성 링크, 스푸핑 및 피싱으로 필터링됩니다."
        }
      },
      "id": "d7c79d05-3530-42c2-975a-7f70faf75ce1",
      "createdTime": "2021-04-06T10:54:14.967Z",
      "updatedTime": "2021-04-06T10:54:14.967Z",
      "createdUserId": "user-0",
      "updatedUserId": "user-0"
    },
    {
      "channelContent": {
        "web": {
          "contentFormat": "Markdown",
          "content": "조건부 액세스: Teams 에\n\n대한 액세스가 IT 관리자 또는 기업 조직이 정책 및 보안 규칙을 설정하는 장치에 제한되도록 합니다. 여기에는 iOS 및 Android용 Intune을 지원하는 MDM 및 MAM 지원이 포함됩니다."
        }
      },
      "id": "719a9326-1b59-40ae-9fa8-0baecab51e05",
      "createdTime": "2021-04-06T10:54:52.849Z",
      "updatedTime": "2021-04-06T10:54:52.849Z",
      "createdUserId": "user-0",
      "updatedUserId": "user-0"
    },
    {
      "channelContent": {
        "web": {
          "contentFormat": "Markdown",
          "content": "이러한 규정 준수 기능에 대한 자세한 내용은 [Microsoft 365의 보안 및 규정 준수 개요를](https://docs.microsoft.com/ko-kr/microsoft-365/?view=o365-worldwide) 참조하십시오."
        }
      },
      "id": "2aeb2c09-c554-4c6d-96ba-68cc8f746979",
      "createdTime": "2021-04-06T10:54:56.989Z",
      "updatedTime": "2021-04-06T10:54:56.989Z",
      "createdUserId": "user-0",
      "updatedUserId": "user-0"
    },
    {
      "channelContent": {
        "web": {
          "contentFormat": "Markdown",
          "content": "콘텐츠 검색 및 팀에 대한 자세한 내용은 [Microsoft 365 보안 및 규정 준수 센터에서 콘텐츠 검색 실행의](https://docs.microsoft.com/ko-kr/microsoft-365/compliance/content-search?view=o365-worldwide) Teams 섹션을 참조하십시오."
        }
      },
      "id": "2f095778-0c6a-424a-b90c-a8e9b0b73f34",
      "createdTime": "2021-04-06T10:55:30.716Z",
      "updatedTime": "2021-04-06T10:55:30.716Z",
      "createdUserId": "user-0",
      "updatedUserId": "user-0"
    },
    {
      "channelContent": {
        "web": {
          "contentFormat": "Markdown",
          "content": "이것은 매우 긴 대답입니다.\n\n위로 스크롤해야 할 수 있습니다 🔼"
        }
      },
      "id": "95681093-e6b6-4fbf-8ba6-b279a5bfa6d6",
      "createdTime": "2021-04-06T10:55:39.745Z",
      "updatedTime": "2021-04-06T10:55:39.745Z",
      "createdUserId": "user-0",
      "updatedUserId": "user-0"
    }
  ],
  "createdUtc": "0001-01-01T00:00:00Z"
}