{
  "intents": [
    {
      "intentType": "Regular",
      "endUserOverrideName": "Special characters in channel names",
      "triggerQueries": [
        "Add emojis or icons to channel name",
        "I can't name a channel what I want!",
        "are there any restrictions to channel names?",
        "Can I use special characters for my channel name?",
        "special characters in a channel name?",
        "which characters are allowed in channel names",
        "Emojis in channel names?",
        "icons or shapes in the channel name?",
        "Name of channel, what characters?",
        "Can channel names contain special characters or just letters?",
        "Special characters in channel names",
        "Can I use special characters for my channel name?"
      ],
      "dialogId": "new_topic_d73bc63d4b514302b55bc965a266d5cc",
      "isTriggeringEnabled": true,
      "id": "new_topic_d73bc63d4b514302b55bc965a266d5cc",
      "displayName": "Can I use special characters for my channel name?",
      "description": "https://adoptbotv2kb.blob.core.windows.net/%24web/AdoptBot2021-English.docx",
      "createdTime": "2021-01-13T22:20:51.2381463Z",
      "updatedTime": "2021-01-27T07:38:02.456561Z",
      "createdUserId": "f04d3cd9-b73d-4ba9-a1ed-9319eba29b21",
      "updatedUserId": "f04d3cd9-b73d-4ba9-a1ed-9319eba29b21"
    }
  ],
  "dialogs": [
    {
      "rootNodeId": "45dc02c3-da5e-473e-89f1-5c6956a66733",
      "messageNodes": [
        {
          "botMessageId": "8e82cb90-e726-4fd3-a84e-21914ed40dd5",
          "nodeType": "BotMessageNode",
          "id": "45dc02c3-da5e-473e-89f1-5c6956a66733",
          "defaultTargetNodeId": "80b47d0d-350c-472e-a6b0-351d1edaa501"
        },
        {
          "botMessageId": "af432411-6e3f-41f4-95d3-b1c9db2bb189",
          "nodeType": "BotMessageNode",
          "id": "80b47d0d-350c-472e-a6b0-351d1edaa501",
          "defaultTargetNodeId": "e2d421cf-52c0-491a-86cb-091342340a16"
        },
        {
          "botMessageId": "9278da37-f1bd-4de0-b2dd-f0278c048f11",
          "nodeType": "BotMessageNode",
          "id": "e2d421cf-52c0-491a-86cb-091342340a16"
        }
      ],
      "id": "new_topic_d73bc63d4b514302b55bc965a266d5cc",
      "displayName": "Dialog for Can I use special characters for my channel name?",
      "createdTime": "2021-01-13T22:20:51.2381463Z",
      "updatedTime": "2021-01-26T23:23:39.0088565Z",
      "createdUserId": "f04d3cd9-b73d-4ba9-a1ed-9319eba29b21",
      "updatedUserId": "f04d3cd9-b73d-4ba9-a1ed-9319eba29b21"
    }
  ],
  "botMessages": [
    {
      "channelContent": {
        "web": {
          "contentFormat": "Markdown",
          "content": "Always name the channel in letters only first. You can then edit the name and add icons and/or emojis for increased understanding ✅"
        }
      },
      "id": "8e82cb90-e726-4fd3-a84e-21914ed40dd5",
      "createdTime": "2021-01-13T22:20:51.2381463Z",
      "updatedTime": "2021-01-13T22:20:51.2381463Z",
      "createdUserId": "f04d3cd9-b73d-4ba9-a1ed-9319eba29b21",
      "updatedUserId": "f04d3cd9-b73d-4ba9-a1ed-9319eba29b21"
    },
    {
      "channelContent": {
        "web": {
          "contentFormat": "Markdown",
          "content": "However, channel names cannot contain the following characters or words.\n\n*   **Characters:** ~ # % & \\* {{ }} + / \\\\ : < > ? |' ' .\n*   **Words:** Forms, CON, CONIN$, CONOUT$, PRN, AUX, NUL, COM1 to COM9, LPT1 to LPT9, desktop.ini, \\_vti\\_"
        }
      },
      "id": "af432411-6e3f-41f4-95d3-b1c9db2bb189",
      "createdTime": "2021-01-26T23:21:59.912Z",
      "updatedTime": "2021-01-26T23:21:59.912Z",
      "createdUserId": "user-0",
      "updatedUserId": "user-0"
    },
    {
      "channelContent": {
        "web": {
          "contentFormat": "Markdown",
          "content": "**Please note:** Channel names cannot start with an underscore (\\_) or period (.), or end with a period(.)."
        }
      },
      "id": "9278da37-f1bd-4de0-b2dd-f0278c048f11",
      "createdTime": "2021-01-26T23:23:07.572Z",
      "updatedTime": "2021-01-26T23:23:07.572Z",
      "createdUserId": "user-0",
      "updatedUserId": "user-0"
    }
  ]
}