{
  "intents": [
    {
      "triggerQueries": [
        "Welche in Meeting-Dial-Pad-Befehle werden unterstützt?",
        "Unterstützung für schnelles Einwählen?",
        "Welche Tastaturbefehle während der Besprechung werden unterstützt?",
        "Dial-Pad-Befehle"
      ],
      "dialogId": "new_topic_4292b2d6247141f3874eae9fc984e1b3",
      "isTriggeringEnabled": true,
      "id": "new_topic_4292b2d6247141f3874eae9fc984e1b3",
      "displayName": "Welche in-Meeting Dial-Pad Befehle werden unterstützt?",
      "description": "",
      "createdTime": "2021-04-19T08:09:03.7523529Z",
      "updatedTime": "2021-04-19T08:09:03.7523529Z",
      "createdUserId": "d4c65e50-fb5c-4311-830a-05b59a11dd48"
    }
  ],
  "dialogs": [
    {
      "rootNodeId": "122ad19a-6e91-42e6-bf94-f251b72ef19c",
      "messageNodes": [
        {
          "botMessageId": "915b2387-eebd-46e9-b374-eb5defe4d3ea",
          "nodeType": "BotMessageNode",
          "id": "122ad19a-6e91-42e6-bf94-f251b72ef19c",
          "defaultTargetNodeId": "88a413ce-526e-4d2e-b902-8b66f84f63cc"
        }
      ],
      "dialogChangeNodes": [
        {
          "targetDialogId": "new_topic_30867099f4b543d3b8543a85c22c3418_aeabea4d071f415c8c107e1cb7af5424_assumedsuccess",
          "nodeType": "DialogChangeNode",
          "id": "88a413ce-526e-4d2e-b902-8b66f84f63cc"
        }
      ],
      "id": "new_topic_4292b2d6247141f3874eae9fc984e1b3",
      "displayName": "Dialog for Welche in-Meeting Dial-Pad Befehle werden unterstützt?",
      "createdTime": "2021-04-19T08:09:03.7523529Z",
      "updatedTime": "2021-04-19T08:09:38.8631195Z",
      "createdUserId": "d4c65e50-fb5c-4311-830a-05b59a11dd48",
      "updatedUserId": "d4c65e50-fb5c-4311-830a-05b59a11dd48"
    }
  ],
  "botMessages": [
    {
      "channelContent": {
        "web": {
          "contentFormat": "Markdown",
          "content": "\\*6 (Mute/Unmute Yourself)\n\n\\*1 (Spielt die Beschreibungen der Tastaturbefehle ab)"
        }
      },
      "id": "915b2387-eebd-46e9-b374-eb5defe4d3ea",
      "createdTime": "2021-04-19T08:09:03.7523529Z",
      "updatedTime": "2021-04-19T08:09:03.7523529Z",
      "createdUserId": "d4c65e50-fb5c-4311-830a-05b59a11dd48",
      "updatedUserId": "d4c65e50-fb5c-4311-830a-05b59a11dd48"
    }
  ],
  "createdUtc": "0001-01-01T00:00:00Z"
}