{
  "intents": [
    {
      "triggerQueries": [
        "Wie kann ich meine Beiträge betiteln?",
        "Wie mache ich eine Schlagzeile für meinen Beitrag?",
        "Können meine Beiträge Schlagzeilen haben?",
        "Wie füge ich einem Beitrag einen Titel hinzu?",
        "Warum sollte ich meine Beiträge betiteln?",
        "Setzen einer Überschrift auf meinen Beitrag",
        "Schreiben von Titeln auf meine Nachrichten?",
        "Hinzufügen eines Titels zu einem Beitrag"
      ],
      "dialogId": "new_topic_d71568d5a8b045bc961531ed2bb53185",
      "isTriggeringEnabled": true,
      "id": "new_topic_d71568d5a8b045bc961531ed2bb53185",
      "displayName": "Wie kann ich einen Titel meiner Nachricht hinzufügen?",
      "description": "",
      "createdTime": "2021-04-19T08:52:04.7885189Z",
      "updatedTime": "2021-04-19T08:52:04.7885189Z",
      "createdUserId": "d4c65e50-fb5c-4311-830a-05b59a11dd48"
    }
  ],
  "dialogs": [
    {
      "rootNodeId": "e343f222-1fd1-439b-a907-992dc84de0ad",
      "messageNodes": [
        {
          "botMessageId": "f5f6aecc-3018-4a59-bfa2-42cc11a4e3d1",
          "nodeType": "BotMessageNode",
          "id": "e343f222-1fd1-439b-a907-992dc84de0ad",
          "defaultTargetNodeId": "d83b5716-6c2f-47cb-a3b8-380838f5277e"
        },
        {
          "botMessageId": "617ef63c-f766-4f1c-be33-e0cee5200283",
          "nodeType": "BotMessageNode",
          "id": "d83b5716-6c2f-47cb-a3b8-380838f5277e",
          "defaultTargetNodeId": "77f3765e-da0a-4aac-9de6-3e2f4148d96e"
        }
      ],
      "dialogChangeNodes": [
        {
          "targetDialogId": "new_topic_30867099f4b543d3b8543a85c22c3418_aeabea4d071f415c8c107e1cb7af5424_assumedsuccess",
          "nodeType": "DialogChangeNode",
          "id": "77f3765e-da0a-4aac-9de6-3e2f4148d96e"
        }
      ],
      "id": "new_topic_d71568d5a8b045bc961531ed2bb53185",
      "displayName": "Dialog for Wie kann ich einen Titel meiner Nachricht hinzufügen?",
      "createdTime": "2021-04-19T08:52:04.7885189Z",
      "updatedTime": "2021-04-19T08:53:32.3763626Z",
      "createdUserId": "d4c65e50-fb5c-4311-830a-05b59a11dd48",
      "updatedUserId": "d4c65e50-fb5c-4311-830a-05b59a11dd48"
    }
  ],
  "botMessages": [
    {
      "channelContent": {
        "web": {
          "contentFormat": "Markdown",
          "content": "Sie können einen Titel und Untertitel verwenden, um Ihr Thema hervorstechen zu lassen.\n\nEs kann Ihnen auch helfen, später nach ihm zu suchen."
        }
      },
      "id": "f5f6aecc-3018-4a59-bfa2-42cc11a4e3d1",
      "createdTime": "2021-04-19T08:52:04.7885189Z",
      "updatedTime": "2021-04-19T08:52:04.7885189Z",
      "createdUserId": "d4c65e50-fb5c-4311-830a-05b59a11dd48",
      "updatedUserId": "d4c65e50-fb5c-4311-830a-05b59a11dd48"
    },
    {
      "channelContent": {
        "web": {
          "contentFormat": "Markdown",
          "content": "Wählen Sie die Formatierungsschaltfläche (sieht aus wie ein A mit einem Stift) und fügen Sie einen Titel hinzu."
        }
      },
      "id": "617ef63c-f766-4f1c-be33-e0cee5200283",
      "createdTime": "2021-04-19T08:52:10.52Z",
      "updatedTime": "2021-04-19T08:52:10.52Z",
      "createdUserId": "user-0",
      "updatedUserId": "user-0"
    }
  ]
}