{
  "intents": [
    {
      "intentType": "Regular",
      "endUserOverrideName": "Enable modern meeting experience",
      "triggerQueries": [
        "Enable modern meeting experience",
        "Enable modern meeting experience?",
        "Enable the new meeting experience in Teams",
        "New meeting experience",
        "How do I turn on new meeting design",
        "How do I get meetings in separate window?",
        "how do I open meetings in a new window?",
        "I do not see the big gallery",
        "I don't see together mode",
        "Enable the modern meeting experience?"
      ],
      "dialogId": "new_topic_67716a47cf264eb9a05892a712f47011",
      "isTriggeringEnabled": true,
      "id": "new_topic_67716a47cf264eb9a05892a712f47011",
      "displayName": "Enable the modern meeting experience?",
      "description": "https://adoptbotv2kb.blob.core.windows.net/%24web/AdoptBot2021-English.docx",
      "createdTime": "2021-01-13T22:20:51.2381463Z",
      "updatedTime": "2021-01-26T09:53:19.6905679Z",
      "createdUserId": "f04d3cd9-b73d-4ba9-a1ed-9319eba29b21",
      "updatedUserId": "f04d3cd9-b73d-4ba9-a1ed-9319eba29b21"
    }
  ],
  "dialogs": [
    {
      "rootNodeId": "8524c470-32af-4843-a191-cf1581dfd0d4",
      "messageNodes": [
        {
          "botMessageId": "b9cf6763-c387-4118-9491-5151beed78c2",
          "nodeType": "BotMessageNode",
          "id": "8524c470-32af-4843-a191-cf1581dfd0d4",
          "defaultTargetNodeId": "9bb2fba0-5fd0-42c5-a747-823fbc1cba88"
        },
        {
          "botMessageId": "2136765f-26b6-4de5-b994-17e1dec66c24",
          "nodeType": "BotMessageNode",
          "id": "9bb2fba0-5fd0-42c5-a747-823fbc1cba88",
          "defaultTargetNodeId": "62714893-9e32-43f5-8bce-5d2fc40e9875"
        }
      ],
      "dialogChangeNodes": [
        {
          "targetDialogId": "new_topic_eac3f49c99664313a9d9dc19d80a79a2_aeabea4d071f415c8c107e1cb7af5424_assumedsuccess",
          "nodeType": "DialogChangeNode",
          "id": "62714893-9e32-43f5-8bce-5d2fc40e9875"
        }
      ],
      "id": "new_topic_67716a47cf264eb9a05892a712f47011",
      "displayName": "Dialog for Enable the modern meeting experience?",
      "createdTime": "2021-01-13T22:20:51.2381463Z",
      "updatedTime": "2021-01-26T09:55:22.7901492Z",
      "createdUserId": "f04d3cd9-b73d-4ba9-a1ed-9319eba29b21",
      "updatedUserId": "f04d3cd9-b73d-4ba9-a1ed-9319eba29b21"
    }
  ],
  "botMessages": [
    {
      "channelContent": {
        "web": {
          "contentFormat": "Markdown",
          "content": "To enable the new meeting experience:\n\n1.  Open settings in Teams.\n2.  Click General Settings.\n3.  Select Turn on new meeting experience.\n4.  Restart Teams by right clicking its icon and selecting Quit."
        }
      },
      "id": "b9cf6763-c387-4118-9491-5151beed78c2",
      "createdTime": "2021-01-13T22:20:51.2381463Z",
      "updatedTime": "2021-01-13T22:20:51.2381463Z",
      "createdUserId": "f04d3cd9-b73d-4ba9-a1ed-9319eba29b21",
      "updatedUserId": "f04d3cd9-b73d-4ba9-a1ed-9319eba29b21"
    },
    {
      "channelContent": {
        "web": {
          "contentFormat": "Markdown",
          "content": "_This choice will/has become the standard going forward and does not need to be made._"
        }
      },
      "id": "2136765f-26b6-4de5-b994-17e1dec66c24",
      "createdTime": "2021-01-26T09:53:53.907Z",
      "updatedTime": "2021-01-26T09:53:53.907Z",
      "createdUserId": "user-0",
      "updatedUserId": "user-0"
    }
  ]
}