{
  "intents": [
    {
      "triggerQueries": [
        "Filtrer aktivitet i feeden",
        "Hvordan filtrerer jeg aktivitet i feeden?",
        "Hva er feed?",
        "Hva er aktivitetsfeeden?",
        "Hva er aktivitet?",
        "Hva er aktivitet og aktivitetsfeeden i Teams?"
      ],
      "dialogId": "new_topic_a7fd04751ec644b78746eb05a8621a9b",
      "isTriggeringEnabled": true,
      "canTriggeringBeDisabled": true,
      "id": "new_topic_a7fd04751ec644b78746eb05a8621a9b",
      "displayName": "Hva er aktivitet og aktivitetsfeeden i Teams?",
      "description": "https://norwegianteams.blob.core.windows.net/norwegian-container/TIMA QA P19.docx",
      "createdTime": "2021-03-24T20:09:21.5442661Z",
      "updatedTime": "2021-03-26T09:20:59.0207749Z",
      "createdUserId": "ef0c8b9a-eff1-49f8-92fa-fd1d3e15e1ba",
      "updatedUserId": "ef0c8b9a-eff1-49f8-92fa-fd1d3e15e1ba",
      "isManaged": false,
      "isCustomizable": true,
      "etag": "W/\"1878204\"",
      "versionNumber": 1878204,
      "componentId": "a9e1a1d8-dc8c-eb11-a812-000d3a9d9016"
    }
  ],
  "dialogs": [
    {
      "rootNodeId": "d8964c82-bb88-427b-8135-6f02e76b25db",
      "messageNodes": [
        {
          "botMessageId": "d6cb81b5-bea6-454c-8627-62e451a1bc2d",
          "nodeType": "BotMessageNode",
          "id": "d8964c82-bb88-427b-8135-6f02e76b25db",
          "defaultTargetNodeId": "4dc52cf1-34ef-4607-b75c-64299f8e1071"
        },
        {
          "botMessageId": "e95b0a00-3960-466c-bc6f-b7acb396487f",
          "nodeType": "BotMessageNode",
          "id": "4dc52cf1-34ef-4607-b75c-64299f8e1071",
          "defaultTargetNodeId": "908642d4-fbfe-449e-97af-5fb83261f2e8"
        },
        {
          "botMessageId": "077019c3-02aa-4d99-90db-ec47c7c02a68",
          "nodeType": "BotMessageNode",
          "id": "908642d4-fbfe-449e-97af-5fb83261f2e8",
          "defaultTargetNodeId": "afd64809-b576-46ec-8128-ec9f0ab714a0"
        },
        {
          "botMessageId": "a27b66ed-5d00-40df-b136-2eb525414905",
          "nodeType": "BotMessageNode",
          "id": "afd64809-b576-46ec-8128-ec9f0ab714a0",
          "defaultTargetNodeId": "9f75e181-7029-4976-aa9b-85d974354265"
        }
      ],
      "dialogChangeNodes": [
        {
          "targetDialogId": "new_topic_89c49d37fd4c4c1c9144396960733ce1_aeabea4d071f415c8c107e1cb7af5424_assumedsuccess",
          "nodeType": "DialogChangeNode",
          "id": "9f75e181-7029-4976-aa9b-85d974354265"
        }
      ],
      "id": "new_topic_a7fd04751ec644b78746eb05a8621a9b",
      "displayName": "Dialog for Hva er aktivitet og aktivitetsfeeden i Teams?",
      "createdTime": "2021-03-24T20:09:21.5442661Z",
      "updatedTime": "2021-03-26T09:21:20.2824949Z",
      "createdUserId": "ef0c8b9a-eff1-49f8-92fa-fd1d3e15e1ba",
      "updatedUserId": "ef0c8b9a-eff1-49f8-92fa-fd1d3e15e1ba",
      "versionNumber": 0,
      "componentId": "00000000-0000-0000-0000-000000000000"
    }
  ],
  "botMessages": [
    {
      "channelContent": {
        "web": {
          "contentFormat": "Markdown",
          "content": "**Aktivitet**\\-knappen viser varsler som du får når noen @omtaler deg, liker noe du har postet, eller svarer på en tråd som du startet.\n\n**Aktivitetsfeeden** viser deg en oversikt over alt som har skjedd i kanalene du følger."
        }
      },
      "id": "d6cb81b5-bea6-454c-8627-62e451a1bc2d",
      "createdTime": "2021-03-24T20:09:21.5442661Z",
      "updatedTime": "2021-03-24T20:09:21.5442661Z",
      "createdUserId": "ef0c8b9a-eff1-49f8-92fa-fd1d3e15e1ba",
      "updatedUserId": "ef0c8b9a-eff1-49f8-92fa-fd1d3e15e1ba",
      "versionNumber": 0,
      "componentId": "00000000-0000-0000-0000-000000000000"
    },
    {
      "channelContent": {
        "web": {
          "contentFormat": "Markdown",
          "content": "For å filtrere aktivitet i feeden:\n\n1.  Klikk på **Filter**\\-knappen for å kun vise bestemte varseltyper som @omtaler eller reaksjoner.\n2.  Velg **Feed > Min aktivitet** for å se en liste over alt du har gjort i det siste i Teams."
        }
      },
      "id": "e95b0a00-3960-466c-bc6f-b7acb396487f",
      "createdTime": "2021-03-26T09:20:23.932Z",
      "updatedTime": "2021-03-26T09:20:23.932Z",
      "createdUserId": "user-0",
      "updatedUserId": "user-0",
      "versionNumber": 0,
      "componentId": "00000000-0000-0000-0000-000000000000"
    },
    {
      "channelContent": {
        "web": {
          "contentFormat": "Markdown",
          "content": "Når en rød sirkel vises ved siden av Aktivitet-knappen, har du et varsel, for eksempel en @omtale eller et svar i feeden. Disse varslene forblir i feeden i 14 dager, og etter det vil disse ikke lenger være synlig fra feeden."
        }
      },
      "id": "077019c3-02aa-4d99-90db-ec47c7c02a68",
      "createdTime": "2021-03-26T09:20:33.919Z",
      "updatedTime": "2021-03-26T09:20:33.919Z",
      "createdUserId": "user-0",
      "updatedUserId": "user-0",
      "versionNumber": 0,
      "componentId": "00000000-0000-0000-0000-000000000000"
    },
    {
      "channelContent": {
        "web": {
          "contentFormat": "Markdown",
          "content": "**Obs!:** En annen måte å kontrollere varsler på, er å bruke kommandoboksen øverst i Teams.\n\n*   Skriv inn /ulest for å vise dine uleste kanalvarsler.\n*   Skriv inn /omtaler for å vise alle @omtale."
        }
      },
      "id": "a27b66ed-5d00-40df-b136-2eb525414905",
      "createdTime": "2021-03-26T09:20:48.423Z",
      "updatedTime": "2021-03-26T09:20:48.423Z",
      "createdUserId": "user-0",
      "updatedUserId": "user-0",
      "versionNumber": 0,
      "componentId": "00000000-0000-0000-0000-000000000000"
    }
  ],
  "createdUtc": "0001-01-01T00:00:00Z"
}