{
  "intents": [
    {
      "endUserOverrideName": "Is Office identical on every platform and device?",
      "triggerQueries": [
        "differences between teams versions? phone, Mac, PC, browser",
        "Is Teams identical in the browser and on my laptop?",
        "Is Teams identical on PC and mobile?",
        "Is office the same on Android and iOS?",
        "Is office the same on all devices?",
        "Same Office on Mac?",
        "Same features in office on mobile?",
        "Is there a difference between office for Mac or PC",
        "Difference for office on mobile?",
        "Will Office be identical on a PC, Mac, and mobile device?"
      ],
      "dialogId": "new_topic_3b3f503b99504fd9893ebc86abbf1ad5",
      "isTriggeringEnabled": true,
      "id": "new_topic_3b3f503b99504fd9893ebc86abbf1ad5",
      "displayName": "Will Office be identical on a PC, Mac, and mobile device?",
      "description": "",
      "createdTime": "2021-01-13T22:20:51.2381463Z",
      "updatedTime": "2023-11-16T13:19:34.7131684Z",
      "createdUserId": "f04d3cd9-b73d-4ba9-a1ed-9319eba29b21",
      "updatedUserId": "c8d29cfd-efef-47c1-8e02-210c8be30c37"
    }
  ],
  "dialogs": [
    {
      "rootNodeId": "d888ea0b-af37-4fb1-a026-89fdd57ecae0",
      "messageNodes": [
        {
          "botMessageId": "a410071c-9617-4273-ab61-cb6084d24b17",
          "nodeType": "BotMessageNode",
          "id": "d888ea0b-af37-4fb1-a026-89fdd57ecae0",
          "defaultTargetNodeId": "95398b79-8054-476e-97ca-bfd31342127f"
        }
      ],
      "dialogChangeNodes": [
        {
          "targetDialogId": "new_topic_eac3f49c99664313a9d9dc19d80a79a2_aeabea4d071f415c8c107e1cb7af5424_assumedsuccess",
          "nodeType": "DialogChangeNode",
          "id": "95398b79-8054-476e-97ca-bfd31342127f"
        }
      ],
      "id": "new_topic_3b3f503b99504fd9893ebc86abbf1ad5",
      "displayName": "Dialog for Will Office be identical on a PC, Mac, and mobile device?",
      "createdTime": "2021-01-13T22:20:51.2381463Z",
      "updatedTime": "2023-11-16T13:19:34.7131669Z",
      "createdUserId": "f04d3cd9-b73d-4ba9-a1ed-9319eba29b21",
      "updatedUserId": "c8d29cfd-efef-47c1-8e02-210c8be30c37"
    }
  ],
  "botMessages": [
    {
      "channelContent": {
        "web": {
          "contentFormat": "Markdown",
          "content": "Microsoft 365 applications are tailored to work best on each platform and device.\n\nThe applications available to Mac users or on your phone (and version numbers) may be different from those available to PC users."
        }
      },
      "id": "a410071c-9617-4273-ab61-cb6084d24b17",
      "createdTime": "2021-01-13T22:20:51.2381463Z",
      "updatedTime": "2021-01-13T22:20:51.2381463Z",
      "createdUserId": "f04d3cd9-b73d-4ba9-a1ed-9319eba29b21",
      "updatedUserId": "f04d3cd9-b73d-4ba9-a1ed-9319eba29b21"
    }
  ]
}