{
  "intents": [
    {
      "intentType": "Regular",
      "endUserOverrideName": "Schedule a meeting in Teams",
      "triggerQueries": [
        "How do I create a meeting?",
        "Where do I create meetings in Teams?",
        "create a new meeting",
        "scheduling meetings in Teams",
        "Teams meetings schedule",
        "How do I book meetings?",
        "How do I schedule a Team Meeting?",
        "Book a meeting from outlook?",
        "I want to make a meeting!",
        "Book meeting directly in Teams?",
        "Schedule a meeting",
        "Create a meeting series",
        "Book a meeting in the Teams calendar",
        "Book a meeting from my calendar",
        "Schedule a meeting in Teams",
        "Can I schedule a meeting directly from Teams?"
      ],
      "dialogId": "new_topic_f63b9be050434e7bab64aafcfea24348",
      "isTriggeringEnabled": true,
      "id": "new_topic_f63b9be050434e7bab64aafcfea24348",
      "displayName": "Can I schedule a meeting directly from Teams?",
      "description": "https://adoptbotv2kb.blob.core.windows.net/%24web/AdoptBot2021-English.docx",
      "createdTime": "2021-01-13T22:20:51.2381463Z",
      "updatedTime": "2021-01-27T07:32:18.5138427Z",
      "createdUserId": "f04d3cd9-b73d-4ba9-a1ed-9319eba29b21",
      "updatedUserId": "f04d3cd9-b73d-4ba9-a1ed-9319eba29b21"
    }
  ],
  "dialogs": [
    {
      "rootNodeId": "ce0ef29c-c493-4192-88ad-29aa9f632088",
      "messageNodes": [
        {
          "botMessageId": "64cfc56d-374e-4dde-90ec-a60ebaf1f7a7",
          "nodeType": "BotMessageNode",
          "id": "ce0ef29c-c493-4192-88ad-29aa9f632088",
          "defaultTargetNodeId": "4b9d4cac-07f5-4822-b443-f1a37a1829ef"
        },
        {
          "botMessageId": "4e3c2b82-2a8f-43b0-9972-6cda77c657af",
          "nodeType": "BotMessageNode",
          "id": "4b9d4cac-07f5-4822-b443-f1a37a1829ef",
          "defaultTargetNodeId": "61dc7052-9ea4-41f7-92d9-3f5d4c81ec3e"
        },
        {
          "botMessageId": "3d63377f-f02f-422e-b7c1-8fdc41807640",
          "nodeType": "BotMessageNode",
          "id": "61dc7052-9ea4-41f7-92d9-3f5d4c81ec3e",
          "defaultTargetNodeId": "8066bf65-90a9-4abd-9402-908143d254bf"
        }
      ],
      "dialogChangeNodes": [
        {
          "targetDialogId": "new_topic_eac3f49c99664313a9d9dc19d80a79a2_aeabea4d071f415c8c107e1cb7af5424_assumedsuccess",
          "nodeType": "DialogChangeNode",
          "id": "8066bf65-90a9-4abd-9402-908143d254bf"
        }
      ],
      "id": "new_topic_f63b9be050434e7bab64aafcfea24348",
      "displayName": "Dialog for Can I schedule a meeting directly from Teams?",
      "createdTime": "2021-01-13T22:20:51.2381463Z",
      "updatedTime": "2021-01-27T07:33:20.1299122Z",
      "createdUserId": "f04d3cd9-b73d-4ba9-a1ed-9319eba29b21",
      "updatedUserId": "f04d3cd9-b73d-4ba9-a1ed-9319eba29b21"
    }
  ],
  "botMessages": [
    {
      "channelContent": {
        "web": {
          "contentFormat": "Markdown",
          "content": "Meetings can be configured either through Microsoft Teams or Outlook. The meeting will be seen the same way. Try [booking your meeting directly in Teams!](https://support.microsoft.com/en-us/office/schemal%C3%A4gga-ett-m%C3%B6te-i-teams-943507a9-8583-4c58-b5d2-8ec8265e04e5)"
        }
      },
      "id": "64cfc56d-374e-4dde-90ec-a60ebaf1f7a7",
      "createdTime": "2021-01-13T22:20:51.2381463Z",
      "updatedTime": "2021-01-13T22:20:51.2381463Z",
      "createdUserId": "f04d3cd9-b73d-4ba9-a1ed-9319eba29b21",
      "updatedUserId": "f04d3cd9-b73d-4ba9-a1ed-9319eba29b21"
    },
    {
      "channelContent": {
        "web": {
          "contentFormat": "Markdown",
          "content": "**Schedule a meeting directly in Teams**:\n\n*   From Teams, go to Calendar and click New meeting.\n*   Select the people and/or channel you want to invite.\n*   Use the Schedule Assistant to find a time that suits most people.\n*   Choose how often you want the meeting to recur (if it’s a meeting series)."
        }
      },
      "id": "4e3c2b82-2a8f-43b0-9972-6cda77c657af",
      "createdTime": "2021-01-26T23:28:27.584Z",
      "updatedTime": "2021-01-26T23:28:27.584Z",
      "createdUserId": "user-0",
      "updatedUserId": "user-0"
    },
    {
      "channelContent": {
        "web": {
          "contentFormat": "Markdown",
          "content": "**Schedule a meeting from Outlook:**\n\n*   On the Meeting tab in Outlook, select Teams Meeting in the Outlook toolbar.\n*   Enter meeting details and use the Schedule Assistant to find an appropriate time.\n*   Include a conference room, if relevant."
        }
      },
      "id": "3d63377f-f02f-422e-b7c1-8fdc41807640",
      "createdTime": "2021-01-26T23:28:32.423Z",
      "updatedTime": "2021-01-26T23:28:32.423Z",
      "createdUserId": "user-0",
      "updatedUserId": "user-0"
    }
  ]
}