{
  "intents": [
    {
      "intentType": "Regular",
      "triggerQueries": [
        "who is considered a team member?",
        "What does it mean to be a member of a team?",
        "who's a team member?",
        "Who is a team member?",
        "What is a team member?"
      ],
      "dialogId": "new_topic_dfc58619415f4cb7a9da872fab96a2c5",
      "isTriggeringEnabled": true,
      "id": "new_topic_dfc58619415f4cb7a9da872fab96a2c5",
      "displayName": "What is a team member?",
      "description": "https://adoptbotv2kb.blob.core.windows.net/%24web/AdoptBot2021-English.docx",
      "createdTime": "2021-01-13T22:20:51.2371466Z",
      "updatedTime": "2021-01-27T12:48:48.8578649Z",
      "createdUserId": "f04d3cd9-b73d-4ba9-a1ed-9319eba29b21",
      "updatedUserId": "f04d3cd9-b73d-4ba9-a1ed-9319eba29b21"
    }
  ],
  "dialogs": [
    {
      "rootNodeId": "37efc829-8c1a-4ad9-9da1-9ebee001d7d1",
      "messageNodes": [
        {
          "botMessageId": "50049c25-eee2-4d3f-943d-a19d9806c855",
          "nodeType": "BotMessageNode",
          "id": "37efc829-8c1a-4ad9-9da1-9ebee001d7d1",
          "defaultTargetNodeId": "829fbf9c-2fe0-4ab3-a895-259b4a195d7b"
        }
      ],
      "dialogChangeNodes": [
        {
          "targetDialogId": "new_topic_eac3f49c99664313a9d9dc19d80a79a2_aeabea4d071f415c8c107e1cb7af5424_assumedsuccess",
          "nodeType": "DialogChangeNode",
          "id": "829fbf9c-2fe0-4ab3-a895-259b4a195d7b"
        }
      ],
      "id": "new_topic_dfc58619415f4cb7a9da872fab96a2c5",
      "displayName": "Dialog for What is a team member?",
      "createdTime": "2021-01-13T22:20:51.2371466Z",
      "updatedTime": "2021-01-13T22:20:51.2371466Z",
      "createdUserId": "f04d3cd9-b73d-4ba9-a1ed-9319eba29b21",
      "updatedUserId": "f04d3cd9-b73d-4ba9-a1ed-9319eba29b21"
    }
  ],
  "botMessages": [
    {
      "channelContent": {
        "web": {
          "contentFormat": "Markdown",
          "content": "People who team owners invite to join their team."
        }
      },
      "id": "50049c25-eee2-4d3f-943d-a19d9806c855",
      "createdTime": "2021-01-13T22:20:51.2371466Z",
      "updatedTime": "2021-01-13T22:20:51.2371466Z",
      "createdUserId": "f04d3cd9-b73d-4ba9-a1ed-9319eba29b21",
      "updatedUserId": "f04d3cd9-b73d-4ba9-a1ed-9319eba29b21"
    }
  ]
}