<botcomponent schemaname="new_topic_b92370d2b5c94aeaa4336350eb394301">
  <componenttype>0</componenttype>
  <description>This Topic is OFF by default.
Only use it if you have multiple Timons in different languages in your tenant. 

What:
Provides the user with options to open other available Timons (in the same tenant), in other languages via a simple link.

THIS REQUIRES SEPARATE TIMONS IN THE DESIRED LANGUAGES TO BE AVAILABLE (Just like you added this English Timon 🙂)

Go to aka.ms/Timon or straight to GitHub aka.ms/TimonGH to find available languages.</description>
  <iscustomizable>1</iscustomizable>
  <name>Timon's Language</name>
  <statecode>0</statecode>
  <statuscode>1</statuscode>
</botcomponent>