{
  "intents": [
    {
      "triggerQueries": [
        "Panoramica di Microsoft 365",
        "Office 365 o Microsoft 365?",
        "Che cos'è Microsoft Office 365?",
        "Che cos'è Office 365?",
        "Microsoft 365 è uguale a Office 365?",
        "Cosa significa Microsoft 365",
        "Che cos'è M365?",
        "Che cos'è Microsoft 365?"
      ],
      "dialogId": "new_topic_eb7034b93d0146c7b301156763fc2a9d",
      "isTriggeringEnabled": true,
      "id": "new_topic_eb7034b93d0146c7b301156763fc2a9d",
      "displayName": "Cos'è Microsoft 365?",
      "createdTime": "2022-04-26T14:59:36.6230413Z",
      "updatedTime": "2022-04-26T14:59:36.6230413Z",
      "createdUserId": "9451fc51-e00d-4445-8ff9-efb70866dc3b",
      "updatedUserId": "9451fc51-e00d-4445-8ff9-efb70866dc3b"
    }
  ],
  "dialogs": [
    {
      "rootNodeId": "35ad5d8d-662f-4a56-b912-f7e31a277fbf",
      "messageNodes": [
        {
          "botMessageId": "e40d8a23-6a9f-47aa-be58-68437ddad034",
          "nodeType": "BotMessageNode",
          "id": "35ad5d8d-662f-4a56-b912-f7e31a277fbf",
          "defaultTargetNodeId": "e4df5ee2-8d4d-415b-9b9a-565dfb65e2c0"
        }
      ],
      "dialogChangeNodes": [
        {
          "targetDialogId": "new_topic_f98a24608ee04cb998de3e3e32703d5b_aeabea4d071f415c8c107e1cb7af5424_assumedsuccess",
          "nodeType": "DialogChangeNode",
          "id": "e4df5ee2-8d4d-415b-9b9a-565dfb65e2c0"
        }
      ],
      "id": "new_topic_eb7034b93d0146c7b301156763fc2a9d",
      "displayName": "Senza titolo",
      "createdTime": "2022-04-26T14:59:36.6230413Z",
      "updatedTime": "2022-04-26T14:59:36.6230413Z",
      "createdUserId": "9451fc51-e00d-4445-8ff9-efb70866dc3b",
      "updatedUserId": "9451fc51-e00d-4445-8ff9-efb70866dc3b"
    }
  ],
  "botMessages": [
    {
      "channelContent": {
        "web": {
          "contentFormat": "Markdown",
          "content": "Microsoft 365 è il toolkit universale per la collaborazione. [Per saperne di più guarda qui!](https://www.microsoft.com/it-it/microsoft-365)"
        }
      },
      "id": "e40d8a23-6a9f-47aa-be58-68437ddad034",
      "createdTime": "2022-04-26T14:53:50.655Z",
      "updatedTime": "2022-04-26T14:53:50.655Z"
    }
  ]
}