{
  "intents": [
    {
      "triggerQueries": [
        "Office 오피스 모바일 전화기 폰 작동 실행 사용",
        "디바이스 기기 Office 오피스 실행 사용",
        "장치 Office 오피스 실행 어떻게",
        "내 장치에서 Office를 실행할 수 있는지 어떻게 알 수 있습니까?"
      ],
      "dialogId": "new_topic_e8881400dc9b4b5aa0e54c43cbddede7",
      "isTriggeringEnabled": true,
      "id": "new_topic_e8881400dc9b4b5aa0e54c43cbddede7",
      "displayName": "내 장치에서 Office를 실행할 수 있는지 어떻게 알 수 있습니까?",
      "description": "https://adoptbotv2kb.blob.core.windows.net/%24web/adoptbot2021-Korean.docx",
      "createdTime": "2021-03-18T03:39:18.7456548Z",
      "updatedTime": "2021-04-08T04:56:33.5694124Z",
      "createdUserId": "e47109d8-0300-4e59-a90d-56bb29886c9e",
      "updatedUserId": "e47109d8-0300-4e59-a90d-56bb29886c9e"
    }
  ],
  "dialogs": [
    {
      "rootNodeId": "c23b00d6-f44c-44e7-aae7-63df71aaf249",
      "messageNodes": [
        {
          "botMessageId": "f6b968e0-c467-4e94-93cc-4539923c2337",
          "nodeType": "BotMessageNode",
          "id": "c23b00d6-f44c-44e7-aae7-63df71aaf249",
          "defaultTargetNodeId": "6693b968-e02d-48cd-9f23-751377392ccb"
        }
      ],
      "dialogChangeNodes": [
        {
          "targetDialogId": "new_topic_2bf23930c1d146129dfe38bacb94ccd0_aeabea4d071f415c8c107e1cb7af5424_assumedsuccess",
          "nodeType": "DialogChangeNode",
          "id": "6693b968-e02d-48cd-9f23-751377392ccb"
        }
      ],
      "id": "new_topic_e8881400dc9b4b5aa0e54c43cbddede7",
      "displayName": "Dialog for 내 장치에서 Office를 실행할 수 있는지 어떻게 알 수 있습니까?",
      "createdTime": "2021-03-18T03:39:18.7456548Z",
      "updatedTime": "2021-03-18T03:39:18.7456548Z",
      "createdUserId": "e47109d8-0300-4e59-a90d-56bb29886c9e",
      "updatedUserId": "e47109d8-0300-4e59-a90d-56bb29886c9e"
    }
  ],
  "botMessages": [
    {
      "channelContent": {
        "web": {
          "contentFormat": "Markdown",
          "content": "Office 365는 윈도우, 맥, 아이폰, 안드로이드와 호환됩니다. 호환되는 버전의 Windows 및 macOS 그리고 기타 기능 요구 사항은 [시스템 요구 사항을 참조하십시오.](https://products.office.com/ko-kr/office-system-requirements)"
        }
      },
      "id": "f6b968e0-c467-4e94-93cc-4539923c2337",
      "createdTime": "2021-03-18T03:39:18.7456548Z",
      "updatedTime": "2021-03-18T03:39:18.7456548Z",
      "createdUserId": "e47109d8-0300-4e59-a90d-56bb29886c9e",
      "updatedUserId": "e47109d8-0300-4e59-a90d-56bb29886c9e"
    }
  ],
  "createdUtc": "0001-01-01T00:00:00Z"
}