{
  "intents": [
    {
      "endUserOverrideName": "Öffnen von Teams Dateien in SharePoint oder Datei-Explorer",
      "triggerQueries": [
        "Anzeigen der Dateien des Teams im Windows Explorer",
        "Team Dateien mit dem Explorer synchronisieren",
        "Synchronisieren der Dateien eines Teams auf meinem Computer",
        "Sync a team's files to my computer",
        "Zugriff auf die Dateien meines Teams über den Datei-Explorer",
        "Wo kann ich auf meine Dokumente außerhalb von Teams zugreifen?",
        "Dokumente in SharePoint verwalten",
        "Öffnen von Teams Dateien in SharePoint oder Datei-Explorer",
        "Wie kann ich eine Datei in SharePoint von Teams aus öffnen?"
      ],
      "dialogId": "new_topic_3eb91838d02d4790bd17f1ba54271951",
      "isTriggeringEnabled": true,
      "id": "new_topic_3eb91838d02d4790bd17f1ba54271951",
      "displayName": "Wie kann ich eine Datei in SharePoint von Teams aus öffnen?",
      "description": "https://adoptbotv2kb.blob.core.windows.net/%24web/AdoptBot2021-English.docx",
      "createdTime": "2021-04-19T10:05:17.9894042Z",
      "updatedTime": "2021-04-19T10:06:06.4658925Z",
      "createdUserId": "86360cd1-faa6-4d16-8a0c-ba3116c8a977"
    }
  ],
  "dialogs": [
    {
      "rootNodeId": "85c891f6-d025-4a58-b11d-256f285529c4",
      "messageNodes": [
        {
          "botMessageId": "82176350-8653-4623-82ce-6af0537f40c6",
          "nodeType": "BotMessageNode",
          "id": "85c891f6-d025-4a58-b11d-256f285529c4",
          "defaultTargetNodeId": "26cd59af-85a3-4349-84d1-f2c7dc96d41f"
        },
        {
          "botMessageId": "31a329d6-3850-46f5-85d2-cfca59a39a46",
          "nodeType": "BotMessageNode",
          "id": "26cd59af-85a3-4349-84d1-f2c7dc96d41f",
          "defaultTargetNodeId": "62d2cbdb-83b3-4a57-9646-82adbb6684fe"
        },
        {
          "botMessageId": "8d8c3213-8eab-4348-8364-7b0783e6e9d6",
          "nodeType": "BotMessageNode",
          "id": "62d2cbdb-83b3-4a57-9646-82adbb6684fe",
          "defaultTargetNodeId": "af111781-8b5e-4e2e-a0c2-6ecf8778d346"
        },
        {
          "botMessageId": "f890d645-fa40-4b93-93be-8ce424a7f100",
          "nodeType": "BotMessageNode",
          "id": "af111781-8b5e-4e2e-a0c2-6ecf8778d346",
          "defaultTargetNodeId": "a2d182ec-8a16-4bfe-8cb3-2dcb721ba32c"
        }
      ],
      "dialogChangeNodes": [
        {
          "targetDialogId": "new_topic_30867099f4b543d3b8543a85c22c3418_aeabea4d071f415c8c107e1cb7af5424_assumedsuccess",
          "nodeType": "DialogChangeNode",
          "id": "a2d182ec-8a16-4bfe-8cb3-2dcb721ba32c"
        }
      ],
      "id": "new_topic_3eb91838d02d4790bd17f1ba54271951",
      "displayName": "Dialog for Wie kann ich eine Datei in SharePoint von Teams aus öffnen?",
      "createdTime": "2021-04-19T10:05:17.9894042Z",
      "updatedTime": "2021-04-19T10:09:04.4854686Z",
      "createdUserId": "86360cd1-faa6-4d16-8a0c-ba3116c8a977",
      "updatedUserId": "86360cd1-faa6-4d16-8a0c-ba3116c8a977"
    }
  ],
  "botMessages": [
    {
      "channelContent": {
        "web": {
          "contentFormat": "Markdown",
          "content": "[Offiziellen Guide mit Bildern anzeigen](https://support.microsoft.com/de-de/office/synchronisieren-von-sharepoint-und-teams-dateien-mit-ihrem-computer-6de9ede8-5b6e-4503-80b2-6190f3354a88?ui=de-DE&rs=de-DE&ad=DE)"
        }
      },
      "id": "82176350-8653-4623-82ce-6af0537f40c6",
      "createdTime": "2021-04-19T10:05:17.9894042Z",
      "updatedTime": "2021-04-19T10:05:17.9894042Z",
      "createdUserId": "86360cd1-faa6-4d16-8a0c-ba3116c8a977",
      "updatedUserId": "86360cd1-faa6-4d16-8a0c-ba3116c8a977"
    },
    {
      "channelContent": {
        "web": {
          "contentFormat": "Markdown",
          "content": "Wenn Sie in den Dokumentoptionen in Teams **\"In SharePoint öffnen\"** auswählen, erhalten Sie zusätzliche Möglichkeiten, Ihr Dokument zu verwalten:"
        }
      },
      "id": "31a329d6-3850-46f5-85d2-cfca59a39a46",
      "createdTime": "2021-04-19T10:06:21.41Z",
      "updatedTime": "2021-04-19T10:06:21.41Z",
      "createdUserId": "user-0",
      "updatedUserId": "user-0"
    },
    {
      "channelContent": {
        "web": {
          "contentFormat": "Markdown",
          "content": "*   Suchen und öffnen Sie frühere Versionen eines Dokuments mithilfe der Dokumentverlaufsfunktionen.\n*   Synchronisieren Sie mit OneDrive for Business über den OneDrive-Sync-Client, um die Teams-Dokumentbibliotheken im Datei-Explorer anzuzeigen.\n*   (Sync auch über die Registerkarte \"Dateien\" in Ihren Teams möglich)\n*   Anzeigen und Verwalten, wer Zugriff auf Ihr Dokument hat.\n*   Und weitere erweiterte Einstellungen."
        }
      },
      "id": "8d8c3213-8eab-4348-8364-7b0783e6e9d6",
      "createdTime": "2021-04-19T10:06:33.373Z",
      "updatedTime": "2021-04-19T10:06:33.373Z",
      "createdUserId": "user-0",
      "updatedUserId": "user-0"
    },
    {
      "channelContent": {
        "web": {
          "contentFormat": "Markdown",
          "content": "**💡 Tipp:**\n\nVermeiden Sie es, Änderungen an Dateien oder Ordnern in der SharePoint-Ansicht vorzunehmen.\n\nTun Sie dies möglichst direkt in Teams."
        }
      },
      "id": "f890d645-fa40-4b93-93be-8ce424a7f100",
      "createdTime": "2021-04-19T10:08:48.677Z",
      "updatedTime": "2021-04-19T10:08:48.677Z",
      "createdUserId": "user-0",
      "updatedUserId": "user-0"
    }
  ]
}