<botcomponent schemaname="new_topic_84ec227c19784e7ba25cb34f4638f91e_85df75ce08a44a9b82cc8f3fdb25f669">
  <componenttype>0</componenttype>
  <description>Lektion 4 – Under den här lektionen fortsätter vi visa hur du kan skapa ett ämne med en villkorlig gren, en variabel och en anpassad entitet. 

Vi kommer särskilt visa hur en entitet kan hoppa över en uppföljningsfråga. Prova till exempel med "Jag vill ha en bärbar dator för jobbet".</description>
  <iscustomizable>1</iscustomizable>
  <name>Lektion 4 – Ett ämne med ett villkor, variabler och en anpassad entitet.</name>
  <statecode>0</statecode>
  <statuscode>1</statuscode>
</botcomponent>