{
  "intents": [
    {
      "intentType": "Regular",
      "endUserOverrideName": "Appar i Teams?",
      "triggerQueries": [
        "Använda appar i Microsoft teams",
        "Appbutiken i Teams",
        "Teams appstore",
        "Varför använda appar i Teams?",
        "Appar i teams, hur funkar det?",
        "Hur funkar appar i teams+",
        "Jag vill vet mer om appar i teams",
        "Vad är teamsappar?",
        "Vad är appar i Teams och varför skulle jag använda dem?"
      ],
      "dialogId": "new_topic_ad5da36ba3184365ae243ac847b3e224",
      "isTriggeringEnabled": true,
      "id": "new_topic_ad5da36ba3184365ae243ac847b3e224",
      "displayName": "Vad är appar i Teams och varför skulle jag använda dem?",
      "description": "",
      "createdTime": "2020-11-24T14:37:53.8220925Z",
      "updatedTime": "2020-12-14T13:09:35.4237808Z",
      "createdUserId": "f04d3cd9-b73d-4ba9-a1ed-9319eba29b21",
      "updatedUserId": "f04d3cd9-b73d-4ba9-a1ed-9319eba29b21"
    }
  ],
  "dialogs": [
    {
      "rootNodeId": "372aebb3-0282-4874-a7e1-97fcb27454d9",
      "messageNodes": [
        {
          "botMessageId": "2aaa4fd8-45bd-4ad1-a66d-b9290a74a6f2",
          "nodeType": "BotMessageNode",
          "id": "372aebb3-0282-4874-a7e1-97fcb27454d9",
          "defaultTargetNodeId": "8017279b-e565-4b41-b24c-4e5a1e0ebfe7"
        },
        {
          "botMessageId": "b15a3a09-782b-4efc-bcc9-9a3d7b67efdc",
          "nodeType": "BotMessageNode",
          "id": "8017279b-e565-4b41-b24c-4e5a1e0ebfe7",
          "defaultTargetNodeId": "4d6f4420-7e75-483a-af60-b31bbc025ea5"
        },
        {
          "botMessageId": "b1ab6d0a-6532-43bc-98eb-154a74d2d204",
          "nodeType": "BotMessageNode",
          "id": "4d6f4420-7e75-483a-af60-b31bbc025ea5",
          "defaultTargetNodeId": "f3454b24-1334-4dc8-98d0-df456bdeedd0"
        },
        {
          "botMessageId": "5bfd00d9-bcca-4b66-bee7-5bc800f5f322",
          "nodeType": "BotMessageNode",
          "id": "957f546a-4be7-4542-9eac-23d12432bd1c",
          "defaultTargetNodeId": "f96e178e-5cd6-486c-89c6-cd26ef8402f1"
        },
        {
          "botMessageId": "d1b73935-1c1c-483e-a9f7-c954302aff5b",
          "nodeType": "BotMessageNode",
          "id": "f3454b24-1334-4dc8-98d0-df456bdeedd0",
          "defaultTargetNodeId": "957f546a-4be7-4542-9eac-23d12432bd1c"
        },
        {
          "botMessageId": "8af2b52a-5854-40c3-b3ec-4bd9e12544a7",
          "nodeType": "BotMessageNode",
          "id": "f96e178e-5cd6-486c-89c6-cd26ef8402f1",
          "defaultTargetNodeId": "2a42c812-a38c-4386-b3d7-7ec2de8f7523"
        }
      ],
      "dialogChangeNodes": [
        {
          "targetDialogId": "new_topic_84ec227c19784e7ba25cb34f4638f91e_aeabea4d071f415c8c107e1cb7af5424_assumedsuccess",
          "nodeType": "DialogChangeNode",
          "id": "2a42c812-a38c-4386-b3d7-7ec2de8f7523"
        }
      ],
      "id": "new_topic_ad5da36ba3184365ae243ac847b3e224",
      "displayName": "Dialog for Vad är appar i Teams och varför skulle jag använda dem?",
      "createdTime": "2020-11-24T14:37:53.8220925Z",
      "updatedTime": "2020-12-14T13:14:31.8465927Z",
      "createdUserId": "f04d3cd9-b73d-4ba9-a1ed-9319eba29b21",
      "updatedUserId": "f04d3cd9-b73d-4ba9-a1ed-9319eba29b21"
    }
  ],
  "botMessages": [
    {
      "channelContent": {
        "web": {
          "contentFormat": "Markdown",
          "content": "Med hjälp av appar hittar du innehåll från dina favorittjänster och delar det i Teams. Så här gör du:"
        }
      },
      "id": "2aaa4fd8-45bd-4ad1-a66d-b9290a74a6f2",
      "createdTime": "2020-11-24T14:37:53.8220925Z",
      "updatedTime": "2020-11-24T14:37:53.8220925Z",
      "createdUserId": "f04d3cd9-b73d-4ba9-a1ed-9319eba29b21",
      "updatedUserId": "f04d3cd9-b73d-4ba9-a1ed-9319eba29b21"
    },
    {
      "channelContent": {
        "web": {
          "contentFormat": "Markdown",
          "content": "**Chatta med en bot**\n\nBots ger svar, uppdateringar och hjälp i en kanal. Du kan chatta med dem för att få hjälp med uppgiftshantering, schemaläggning och mycket mer."
        }
      },
      "id": "b15a3a09-782b-4efc-bcc9-9a3d7b67efdc",
      "createdTime": "2020-12-14T13:10:19.283Z",
      "updatedTime": "2020-12-14T13:10:19.283Z",
      "createdUserId": "user-0",
      "updatedUserId": "user-0"
    },
    {
      "channelContent": {
        "web": {
          "contentFormat": "Markdown",
          "content": "**Dela innehåll via en flik**  \nFlikar hjälper dig att dela innehåll och funktionalitet från en tjänst i en kanal. Anslut till tjänster som Excel, SharePoint, Zendesk eller\n\nvalfri webbplats som du väljer."
        }
      },
      "id": "b1ab6d0a-6532-43bc-98eb-154a74d2d204",
      "createdTime": "2020-12-14T13:10:34.147Z",
      "updatedTime": "2020-12-14T13:10:34.147Z",
      "createdUserId": "user-0",
      "updatedUserId": "user-0"
    },
    {
      "channelContent": {
        "web": {
          "contentFormat": "Markdown",
          "content": "**Lägg till rikt innehåll i dina meddelanden**\n\nDessa appar hittar innehåll från olika tjänster och skickar det direkt i ett meddelande. Du kan dela saker som väderrapporter, dagliga nyheter, bilder och videoklipp. Oavsett vem du pratar med."
        }
      },
      "id": "5bfd00d9-bcca-4b66-bee7-5bc800f5f322",
      "createdTime": "2020-12-14T13:11:28.121Z",
      "updatedTime": "2020-12-14T13:11:28.121Z",
      "createdUserId": "user-0",
      "updatedUserId": "user-0"
    },
    {
      "channelContent": {
        "web": {
          "contentFormat": "Markdown",
          "content": "**Få uppdateringar från en koppling**\n\nKopplingar skickar uppdateringar och information direkt till en kanal. Få automatiska uppdateringar från tjänster som Twitter, RSS-flöden och GitHub."
        }
      },
      "id": "d1b73935-1c1c-483e-a9f7-c954302aff5b",
      "createdTime": "2020-12-14T13:11:54.158Z",
      "updatedTime": "2020-12-14T13:11:54.158Z",
      "createdUserId": "user-0",
      "updatedUserId": "user-0"
    },
    {
      "channelContent": {
        "web": {
          "contentFormat": "Markdown",
          "content": "**Skaffa eller gör en app**\n\nGå till Store för att\n\n[lägga till en app för bot, flik, koppling eller meddelandehantering](https://support.microsoft.com/sv-se/office/add-an-app-to-microsoft-teams-b2217706-f7ed-4e64-8e96-c413afd02f77).\n\nOm du är intresserad kan du till och med [bygga en egen anpassad app](https://aka.ms/microsoftteamsplatform)."
        }
      },
      "id": "8af2b52a-5854-40c3-b3ec-4bd9e12544a7",
      "createdTime": "2020-12-14T13:13:21.242Z",
      "updatedTime": "2020-12-14T13:13:21.242Z",
      "createdUserId": "user-0",
      "updatedUserId": "user-0"
    }
  ]
}