{
  "intents": [
    {
      "endUserOverrideName": "max. aantal groepschat",
      "triggerQueries": [
        "hoeveel mensen kunnen er maximaal in een groepschat",
        "hoeveel max per groepschat",
        "max aantal groepschat",
        "hoeveel mesnen kunnen er maximaal in een groespchat",
        "wat is het maximum aantal in een groepschat",
        "Hoeveel mensen kan ik toevoegen aan een groepschat",
        "Hoeveel mensen kunnen er in een groespchat?"
      ],
      "dialogId": "new_topic_6d1f0708da364380a56ab9e8f00d44ef",
      "isTriggeringEnabled": true,
      "canTriggeringBeDisabled": true,
      "id": "new_topic_6d1f0708da364380a56ab9e8f00d44ef",
      "displayName": "Hoeveel mensen in een groespchat",
      "description": "",
      "createdTime": "2021-03-24T21:52:29.3526245Z",
      "updatedTime": "2021-03-24T21:53:46.3976697Z",
      "createdUserId": "c1e90dc0-1df0-459d-8164-0dcb7915deaf",
      "isManaged": false,
      "isCustomizable": true,
      "etag": "W/\"1095502\"",
      "versionNumber": 1095502,
      "componentId": "9bd7063a-eb8c-eb11-b1ac-000d3a4cdb28"
    }
  ],
  "dialogs": [
    {
      "rootNodeId": "8c32f2aa-b793-4780-8285-09137067c4cb",
      "messageNodes": [
        {
          "botMessageId": "a7ae0dfa-f49d-4c38-bd3f-e18dc9240db2",
          "nodeType": "BotMessageNode",
          "id": "8c32f2aa-b793-4780-8285-09137067c4cb",
          "defaultTargetNodeId": "5428241a-1e28-4757-ad4c-5ff87263cb9b"
        },
        {
          "botMessageId": "61b4ada2-dba5-48ba-b7d5-69f5ee6b4094",
          "nodeType": "BotMessageNode",
          "id": "49453c2c-2919-4598-b638-400d276f0f8e",
          "defaultTargetNodeId": "90afe560-4d25-4fdd-8a62-3c92525ecc24"
        },
        {
          "botMessageId": "fa9bcd82-4e30-4c42-becd-756713e950e3",
          "nodeType": "BotMessageNode",
          "id": "5428241a-1e28-4757-ad4c-5ff87263cb9b",
          "defaultTargetNodeId": "49453c2c-2919-4598-b638-400d276f0f8e"
        }
      ],
      "dialogChangeNodes": [
        {
          "targetDialogId": "new_topic_9d295c394a47419da3b4d205b7ed4c20_aeabea4d071f415c8c107e1cb7af5424_assumedsuccess",
          "nodeType": "DialogChangeNode",
          "id": "90afe560-4d25-4fdd-8a62-3c92525ecc24"
        }
      ],
      "id": "new_topic_6d1f0708da364380a56ab9e8f00d44ef",
      "displayName": "Dialog for Hoeveel mensen in een groespchat",
      "createdTime": "2021-03-24T21:52:29.3526245Z",
      "updatedTime": "2021-03-24T21:54:33.5820738Z",
      "createdUserId": "c1e90dc0-1df0-459d-8164-0dcb7915deaf",
      "updatedUserId": "c1e90dc0-1df0-459d-8164-0dcb7915deaf",
      "versionNumber": 0,
      "componentId": "00000000-0000-0000-0000-000000000000"
    }
  ],
  "botMessages": [
    {
      "channelContent": {
        "web": {
          "contentFormat": "Markdown",
          "content": "Er kunnen maximaal 250 mensen in een groepschat."
        }
      },
      "id": "a7ae0dfa-f49d-4c38-bd3f-e18dc9240db2",
      "createdTime": "2021-03-24T21:52:29.3526245Z",
      "updatedTime": "2021-03-24T21:52:29.3526245Z",
      "createdUserId": "c1e90dc0-1df0-459d-8164-0dcb7915deaf",
      "updatedUserId": "c1e90dc0-1df0-459d-8164-0dcb7915deaf",
      "versionNumber": 0,
      "componentId": "00000000-0000-0000-0000-000000000000"
    },
    {
      "channelContent": {
        "web": {
          "contentFormat": "Markdown",
          "content": "[Meer info over aantallen in Teams](https://docs.microsoft.com/nl-nl/microsoftteams/limits-specifications-teams)"
        }
      },
      "id": "61b4ada2-dba5-48ba-b7d5-69f5ee6b4094",
      "createdTime": "2021-03-24T21:52:56.514Z",
      "updatedTime": "2021-03-24T21:52:56.514Z",
      "createdUserId": "user-0",
      "updatedUserId": "user-0",
      "versionNumber": 0,
      "componentId": "00000000-0000-0000-0000-000000000000"
    },
    {
      "channelContent": {
        "web": {
          "contentFormat": "Markdown",
          "content": "Wil je met meer mensen overleggen? Maak dan een Team aan, rr kunnen maximaal 25.000 leden in een Team."
        }
      },
      "id": "fa9bcd82-4e30-4c42-becd-756713e950e3",
      "createdTime": "2021-03-24T21:53:29.622Z",
      "updatedTime": "2021-03-24T21:53:29.622Z",
      "createdUserId": "user-0",
      "updatedUserId": "user-0",
      "versionNumber": 0,
      "componentId": "00000000-0000-0000-0000-000000000000"
    }
  ],
  "createdUtc": "0001-01-01T00:00:00Z"
}