{
  "intents": [
    {
      "endUserOverrideName": "Change settings for my team",
      "triggerQueries": [
        "Change settings for my team",
        "Where is the option to change my Team settings?",
        "change my team's settings",
        "Change your team's settings",
        "adjust the settings for the team",
        "change settings for my team members",
        "where can I find the team's settings?",
        "how do I reach the team's settings?",
        "Change team settings",
        "Where can I change my Team settings?"
      ],
      "dialogId": "new_topic_aa5222af020745f1b5017aacfdbe59ef",
      "isTriggeringEnabled": true,
      "id": "new_topic_aa5222af020745f1b5017aacfdbe59ef",
      "displayName": "Where can I change my Team settings?",
      "description": "",
      "createdTime": "2021-01-13T22:20:51.2381463Z",
      "updatedTime": "2023-11-16T13:11:27.5786703Z",
      "createdUserId": "f04d3cd9-b73d-4ba9-a1ed-9319eba29b21",
      "updatedUserId": "c8d29cfd-efef-47c1-8e02-210c8be30c37"
    }
  ],
  "dialogs": [
    {
      "rootNodeId": "6aa4ec4c-2961-49ca-99c5-91f7aeb30519",
      "messageNodes": [
        {
          "botMessageId": "f98f56b1-edbc-4ef8-b493-f370072481ca",
          "nodeType": "BotMessageNode",
          "id": "6aa4ec4c-2961-49ca-99c5-91f7aeb30519",
          "defaultTargetNodeId": "060eaac0-a1b8-4301-b74a-2d7bd84a716e"
        },
        {
          "botMessageId": "04650f76-3868-4831-99f9-0ae93baf5330",
          "nodeType": "BotMessageNode",
          "id": "060eaac0-a1b8-4301-b74a-2d7bd84a716e",
          "defaultTargetNodeId": "bd8cf2f4-6376-421b-a78d-64808043f670"
        }
      ],
      "dialogChangeNodes": [
        {
          "targetDialogId": "new_topic_eac3f49c99664313a9d9dc19d80a79a2_aeabea4d071f415c8c107e1cb7af5424_assumedsuccess",
          "nodeType": "DialogChangeNode",
          "id": "bd8cf2f4-6376-421b-a78d-64808043f670"
        }
      ],
      "id": "new_topic_aa5222af020745f1b5017aacfdbe59ef",
      "displayName": "Dialog for Where can I change my Team settings?",
      "createdTime": "2021-01-13T22:20:51.2381463Z",
      "updatedTime": "2023-11-16T13:11:27.5786696Z",
      "createdUserId": "f04d3cd9-b73d-4ba9-a1ed-9319eba29b21",
      "updatedUserId": "c8d29cfd-efef-47c1-8e02-210c8be30c37"
    }
  ],
  "botMessages": [
    {
      "channelContent": {
        "web": {
          "contentFormat": "Markdown",
          "content": "Go to the team name and click More options (...) > Manage Team."
        }
      },
      "id": "f98f56b1-edbc-4ef8-b493-f370072481ca",
      "createdTime": "2021-01-13T22:20:51.2381463Z",
      "updatedTime": "2021-01-13T22:20:51.2381463Z",
      "createdUserId": "f04d3cd9-b73d-4ba9-a1ed-9319eba29b21",
      "updatedUserId": "f04d3cd9-b73d-4ba9-a1ed-9319eba29b21"
    },
    {
      "channelContent": {
        "web": {
          "contentFormat": "Markdown",
          "content": "From there you can access your team’s Settings, which lets you:\n\n*   Change the team image.\n*   Set member permissions.\n*   Enable @team mentions in a channel.\n*   Allows team members to send Gifs, emojis and stickers.\n*   And more"
        }
      },
      "id": "04650f76-3868-4831-99f9-0ae93baf5330",
      "createdTime": "2021-01-26T09:57:06.036Z",
      "updatedTime": "2021-01-26T09:57:06.036Z",
      "createdUserId": "user-0",
      "updatedUserId": "user-0"
    }
  ]
}