{
  "intents": [
    {
      "intentType": "Regular",
      "endUserOverrideName": "What is a channel in Teams?",
      "triggerQueries": [
        "What is a channel in Teams?",
        "where are the channel files saved?",
        "Can you define a Teams channel?",
        "What is a channel?",
        "What's the point of channels?",
        "Why do you have different channels?",
        "describe what a channel is",
        "What the hell is a channel?",
        "What is a Teams channel?"
      ],
      "dialogId": "new_topic_cb37c55c7b79496f89b8604715b79d4c",
      "isTriggeringEnabled": true,
      "id": "new_topic_cb37c55c7b79496f89b8604715b79d4c",
      "displayName": "What is a Teams channel?",
      "description": "https://adoptbotv2kb.blob.core.windows.net/%24web/AdoptBot2021-English.docx",
      "createdTime": "2021-01-13T22:20:51.2381463Z",
      "updatedTime": "2021-01-27T22:14:48.6880238Z",
      "createdUserId": "f04d3cd9-b73d-4ba9-a1ed-9319eba29b21",
      "updatedUserId": "f04d3cd9-b73d-4ba9-a1ed-9319eba29b21"
    }
  ],
  "dialogs": [
    {
      "rootNodeId": "edcf377b-7963-4767-8ff2-f1747ebe0c10",
      "messageNodes": [
        {
          "botMessageId": "d8cc40b7-4acc-4999-9904-585dfdfc06ce",
          "nodeType": "BotMessageNode",
          "id": "edcf377b-7963-4767-8ff2-f1747ebe0c10",
          "defaultTargetNodeId": "dcc65ceb-4804-4ce1-8b53-833cc2d2294a"
        },
        {
          "botMessageId": "9d6d5934-cfc7-4532-94b6-f7318affd709",
          "nodeType": "BotMessageNode",
          "id": "e6520095-be4c-4c48-99ed-c15c0de82e95",
          "defaultTargetNodeId": "8ca5a98e-6921-4bc9-bc46-b3dad4ef3dc8"
        },
        {
          "botMessageId": "a77d588e-7f10-46f7-87a0-e15dc4d1844b",
          "nodeType": "BotMessageNode",
          "id": "dcc65ceb-4804-4ce1-8b53-833cc2d2294a",
          "defaultTargetNodeId": "e6520095-be4c-4c48-99ed-c15c0de82e95"
        },
        {
          "botMessageId": "8fdd6a94-0060-425e-bb8b-0270a5e8c62b",
          "nodeType": "BotMessageNode",
          "id": "8ca5a98e-6921-4bc9-bc46-b3dad4ef3dc8",
          "defaultTargetNodeId": "8a37ae86-1086-434b-ba3d-5d809fb68327"
        }
      ],
      "dialogChangeNodes": [
        {
          "targetDialogId": "new_topic_eac3f49c99664313a9d9dc19d80a79a2_aeabea4d071f415c8c107e1cb7af5424_assumedsuccess",
          "nodeType": "DialogChangeNode",
          "id": "8a37ae86-1086-434b-ba3d-5d809fb68327"
        }
      ],
      "id": "new_topic_cb37c55c7b79496f89b8604715b79d4c",
      "displayName": "Dialog for What is a Teams channel?",
      "createdTime": "2021-01-13T22:20:51.2381463Z",
      "updatedTime": "2021-01-27T22:15:10.5964437Z",
      "createdUserId": "f04d3cd9-b73d-4ba9-a1ed-9319eba29b21",
      "updatedUserId": "f04d3cd9-b73d-4ba9-a1ed-9319eba29b21"
    }
  ],
  "botMessages": [
    {
      "channelContent": {
        "web": {
          "contentFormat": "Markdown",
          "content": "**Channels are collaboration spaces within a team** where the work itself gets done."
        }
      },
      "id": "d8cc40b7-4acc-4999-9904-585dfdfc06ce",
      "createdTime": "2021-01-13T22:20:51.2381463Z",
      "updatedTime": "2021-01-13T22:20:51.2381463Z",
      "createdUserId": "f04d3cd9-b73d-4ba9-a1ed-9319eba29b21",
      "updatedUserId": "f04d3cd9-b73d-4ba9-a1ed-9319eba29b21"
    },
    {
      "channelContent": {
        "web": {
          "contentFormat": "Markdown",
          "content": "A channel is the place you go where everyone on your team openly can have conversations.\n\n**Files shared** in the channel's chat, are **automatically organized** under the **Files tab** in each channel."
        }
      },
      "id": "9d6d5934-cfc7-4532-94b6-f7318affd709",
      "createdTime": "2021-01-27T22:06:36.602Z",
      "updatedTime": "2021-01-27T22:06:36.602Z",
      "createdUserId": "user-0",
      "updatedUserId": "user-0"
    },
    {
      "channelContent": {
        "web": {
          "contentFormat": "Markdown",
          "content": "It's where [text, audio, and video conversations](https://support.microsoft.com/en-us/office/meetings-in-teams-e0b0ae21-53ee-4462-a50d-ca9b9e217b67) open to the whole team happen, where [files are shared](https://support.microsoft.com/en-us/office/share-a-file-in-teams-0c4d34ee-5dd8-46d5-ab35-0d227b5e6eb5), and where [Team apps are added](https://support.microsoft.com/en-us/office/add-an-app-to-microsoft-teams-b2217706-f7ed-4e64-8e96-c413afd02f77)."
        }
      },
      "id": "a77d588e-7f10-46f7-87a0-e15dc4d1844b",
      "createdTime": "2021-01-27T22:06:50.542Z",
      "updatedTime": "2021-01-27T22:06:50.542Z",
      "createdUserId": "user-0",
      "updatedUserId": "user-0"
    },
    {
      "channelContent": {
        "web": {
          "contentFormat": "Markdown",
          "content": "💡 **Tip:** _Only add channels when there’s a clear purpose, need and want. Too many pre-populated channels can feel confusing. The “General” channel goes a long way for many teams._"
        }
      },
      "id": "8fdd6a94-0060-425e-bb8b-0270a5e8c62b",
      "createdTime": "2021-01-27T22:14:33.725Z",
      "updatedTime": "2021-01-27T22:14:33.725Z",
      "createdUserId": "user-0",
      "updatedUserId": "user-0"
    }
  ]
}