{
  "intents": [
    {
      "triggerQueries": [
        "comandi da tastierino telefonico",
        "Quali comandi tramite tastiera telefonica sono disponibili durante la riunione?",
        "supporto per la chiamata rapida?",
        "Quali comandi tramite tastiera telefonica sono supportati durante la riunione?"
      ],
      "dialogId": "new_topic_239aeb27218e43ff8291b9844977df09",
      "isTriggeringEnabled": true,
      "id": "new_topic_239aeb27218e43ff8291b9844977df09",
      "displayName": "Quali comandi tramite tastiera telefonica sono supportati durante la riunione?",
      "createdTime": "2022-04-29T20:48:40.745321Z",
      "updatedTime": "2022-04-29T20:48:40.745321Z",
      "createdUserId": "9451fc51-e00d-4445-8ff9-efb70866dc3b",
      "updatedUserId": "9451fc51-e00d-4445-8ff9-efb70866dc3b"
    }
  ],
  "dialogs": [
    {
      "rootNodeId": "167aed5c-71be-4a83-93f6-6c938ffa1ff4",
      "messageNodes": [
        {
          "botMessageId": "8edd4556-11ca-4f6a-93b0-77b4d5f3e334",
          "nodeType": "BotMessageNode",
          "id": "167aed5c-71be-4a83-93f6-6c938ffa1ff4",
          "defaultTargetNodeId": "dfb7db8c-ffdb-46ae-b8f7-e77d6837356d"
        }
      ],
      "dialogChangeNodes": [
        {
          "targetDialogId": "new_topic_f98a24608ee04cb998de3e3e32703d5b_aeabea4d071f415c8c107e1cb7af5424_assumedsuccess",
          "nodeType": "DialogChangeNode",
          "id": "dfb7db8c-ffdb-46ae-b8f7-e77d6837356d"
        }
      ],
      "id": "new_topic_239aeb27218e43ff8291b9844977df09",
      "displayName": "Senza titolo",
      "createdTime": "2022-04-29T20:48:40.745321Z",
      "updatedTime": "2022-04-29T20:48:40.745321Z",
      "createdUserId": "9451fc51-e00d-4445-8ff9-efb70866dc3b",
      "updatedUserId": "9451fc51-e00d-4445-8ff9-efb70866dc3b"
    }
  ],
  "botMessages": [
    {
      "channelContent": {
        "web": {
          "contentFormat": "Markdown",
          "content": "\\*6 (Disattiva/Riattiva audio )\n\n\\*1 (Riproduce la descrizione dei comandi disponibili da tastiera telefonica)"
        }
      },
      "id": "8edd4556-11ca-4f6a-93b0-77b4d5f3e334",
      "createdTime": "2022-04-29T20:37:13.433Z",
      "updatedTime": "2022-04-29T20:37:13.433Z"
    }
  ]
}