{
  "intents": [
    {
      "endUserOverrideName": "Är M365 samma på alla enheter?",
      "triggerQueries": [
        "Är M365 samma på MacOS",
        "Skillnad för office i mobilen?",
        "Är det skillnad på office för Mac",
        "Samma funktioner i office på mobilen?",
        "Samma Office på Mac?",
        "Är office samma på alla enheter?",
        "Kommer Office att vara identiskt på en PC, en Mac och en mobil enhet?"
      ],
      "dialogId": "new_topic_e4d727a525f0456caa3e89c5be9d6270",
      "isTriggeringEnabled": true,
      "id": "new_topic_e4d727a525f0456caa3e89c5be9d6270",
      "displayName": "Kommer Office att vara identiskt på en PC, en Mac och en mobil enhet?",
      "description": "",
      "createdTime": "2020-11-24T14:37:53.8220925Z",
      "updatedTime": "2023-11-16T15:46:38.274282Z",
      "createdUserId": "f04d3cd9-b73d-4ba9-a1ed-9319eba29b21",
      "updatedUserId": "c8d29cfd-efef-47c1-8e02-210c8be30c37"
    }
  ],
  "dialogs": [
    {
      "rootNodeId": "8130f093-7073-4bd7-b742-899b876bf754",
      "messageNodes": [
        {
          "botMessageId": "468528ff-f0c4-421d-8d49-b96cd9ba9a76",
          "nodeType": "BotMessageNode",
          "id": "8130f093-7073-4bd7-b742-899b876bf754",
          "defaultTargetNodeId": "d078a7cf-232d-4b4e-9c76-a55180eee74d"
        }
      ],
      "dialogChangeNodes": [
        {
          "targetDialogId": "new_topic_84ec227c19784e7ba25cb34f4638f91e_aeabea4d071f415c8c107e1cb7af5424_assumedsuccess",
          "nodeType": "DialogChangeNode",
          "id": "d078a7cf-232d-4b4e-9c76-a55180eee74d"
        }
      ],
      "id": "new_topic_e4d727a525f0456caa3e89c5be9d6270",
      "displayName": "Dialog for Kommer Office att vara identiskt på en PC, en Mac och en mobil enhet?",
      "createdTime": "2020-11-24T14:37:53.8220925Z",
      "updatedTime": "2023-11-16T15:46:38.2742812Z",
      "createdUserId": "f04d3cd9-b73d-4ba9-a1ed-9319eba29b21",
      "updatedUserId": "c8d29cfd-efef-47c1-8e02-210c8be30c37"
    }
  ],
  "botMessages": [
    {
      "channelContent": {
        "web": {
          "contentFormat": "Markdown",
          "content": "Apparna i M365 är skräddarsydda för att fungera optimalt på respektive plattform och enhet. De program som är tillgängliga för Mac-användare eller via din mobil och versionsnumren kan vara annorlunda än de som finns för PC-användare."
        }
      },
      "id": "468528ff-f0c4-421d-8d49-b96cd9ba9a76",
      "createdTime": "2020-11-24T14:37:53.8220925Z",
      "updatedTime": "2020-11-24T14:37:53.8220925Z",
      "createdUserId": "f04d3cd9-b73d-4ba9-a1ed-9319eba29b21",
      "updatedUserId": "f04d3cd9-b73d-4ba9-a1ed-9319eba29b21"
    }
  ]
}