{
  "intents": [
    {
      "intentType": "Regular",
      "endUserOverrideName": "",
      "triggerQueries": [
        "Vem är en teammedlem?",
        "Vad innebär det att vara medlem i ett team?",
        "Vad är en Team-medlem?"
      ],
      "dialogId": "new_topic_f24f7b1b416a4ec59b6c828fdc8f4905",
      "isTriggeringEnabled": true,
      "id": "new_topic_f24f7b1b416a4ec59b6c828fdc8f4905",
      "displayName": "Vad är en teammedlem?",
      "description": "",
      "createdTime": "2020-11-24T14:37:53.8220925Z",
      "updatedTime": "2020-12-11T16:51:26.1509817Z",
      "createdUserId": "f04d3cd9-b73d-4ba9-a1ed-9319eba29b21",
      "updatedUserId": "f04d3cd9-b73d-4ba9-a1ed-9319eba29b21"
    }
  ],
  "dialogs": [
    {
      "rootNodeId": "2dafa39b-d850-4f5f-a3e5-2d3813b44e0f",
      "messageNodes": [
        {
          "botMessageId": "23a3b3b6-26a2-4802-9a4d-ffcd0a531573",
          "nodeType": "BotMessageNode",
          "id": "2dafa39b-d850-4f5f-a3e5-2d3813b44e0f",
          "defaultTargetNodeId": "764b030c-76d6-4a85-9116-728c84692614"
        }
      ],
      "dialogChangeNodes": [
        {
          "targetDialogId": "new_topic_84ec227c19784e7ba25cb34f4638f91e_aeabea4d071f415c8c107e1cb7af5424_assumedsuccess",
          "nodeType": "DialogChangeNode",
          "id": "764b030c-76d6-4a85-9116-728c84692614"
        }
      ],
      "id": "new_topic_f24f7b1b416a4ec59b6c828fdc8f4905",
      "displayName": "Dialog for Vad är en Team-medlem?",
      "createdTime": "2020-11-24T14:37:53.8220925Z",
      "updatedTime": "2020-11-24T14:37:53.8220925Z",
      "createdUserId": "f04d3cd9-b73d-4ba9-a1ed-9319eba29b21",
      "updatedUserId": "f04d3cd9-b73d-4ba9-a1ed-9319eba29b21"
    }
  ],
  "botMessages": [
    {
      "channelContent": {
        "web": {
          "contentFormat": "Markdown",
          "content": "Personer som ägaren bjuder in att gå med i sitt team."
        }
      },
      "id": "23a3b3b6-26a2-4802-9a4d-ffcd0a531573",
      "createdTime": "2020-11-24T14:37:53.8220925Z",
      "updatedTime": "2020-11-24T14:37:53.8220925Z",
      "createdUserId": "f04d3cd9-b73d-4ba9-a1ed-9319eba29b21",
      "updatedUserId": "f04d3cd9-b73d-4ba9-a1ed-9319eba29b21"
    }
  ]
}