{
  "intents": [
    {
      "triggerQueries": [
        "nytt bilde på teams-gruppen",
        "Eget gruppebilde på Teams",
        "Legge til eget bilde til et team",
        "Endre gruppebilde",
        "Laste opp profilbilde til en Teams-gruppe",
        "Nytt bilde til gruppe",
        "Lage ny bilde til en Teams gruppe",
        "Hvordan endrer man et gruppebilde?"
      ],
      "dialogId": "new_topic_199425d183ad4a89ba830e1a7bb2ddbc",
      "isTriggeringEnabled": true,
      "id": "new_topic_199425d183ad4a89ba830e1a7bb2ddbc",
      "displayName": "Endre bildet til et team",
      "description": "",
      "createdTime": "2021-04-19T16:16:25.512484Z",
      "updatedTime": "2021-04-19T22:41:20.1176963Z",
      "createdUserId": "ef0c8b9a-eff1-49f8-92fa-fd1d3e15e1ba",
      "updatedUserId": "ef0c8b9a-eff1-49f8-92fa-fd1d3e15e1ba"
    }
  ],
  "dialogs": [
    {
      "rootNodeId": "08fcc422-3fe2-40c7-a1c9-3b7e400bc2e4",
      "messageNodes": [
        {
          "botMessageId": "f3c47baa-fe80-4dc8-a5a3-55e72931e03c",
          "nodeType": "BotMessageNode",
          "id": "08fcc422-3fe2-40c7-a1c9-3b7e400bc2e4",
          "defaultTargetNodeId": "63204521-829c-40b8-b6c5-91b3ba0e6bfb"
        }
      ],
      "dialogChangeNodes": [
        {
          "targetDialogId": "new_topic_89c49d37fd4c4c1c9144396960733ce1_aeabea4d071f415c8c107e1cb7af5424_assumedsuccess",
          "nodeType": "DialogChangeNode",
          "id": "63204521-829c-40b8-b6c5-91b3ba0e6bfb"
        }
      ],
      "id": "new_topic_199425d183ad4a89ba830e1a7bb2ddbc",
      "displayName": "Dialog for Endre bildet til en Teams-gruppe",
      "createdTime": "2021-04-19T16:16:25.512484Z",
      "updatedTime": "2021-04-19T22:43:14.7580797Z",
      "createdUserId": "ef0c8b9a-eff1-49f8-92fa-fd1d3e15e1ba",
      "updatedUserId": "ef0c8b9a-eff1-49f8-92fa-fd1d3e15e1ba"
    }
  ],
  "botMessages": [
    {
      "channelContent": {
        "web": {
          "contentFormat": "Markdown",
          "content": "Hvis du er teameieren av et team, [så kan du laste opp et passende bilde](https://support.microsoft.com/nb-no/office/konfigurere-grupper-og-team-a79afa20-aa01-44a3-b33d-5eaa72f6404f).\n\n**Slik gjør du det:**\n\n1.  Velg **Flere alternativer ...** ved siden av team-navnet.\n2.  Velg **Innstillinger** > **Teambilde** for å legge til et teambilde og gi teamet et personlig preg."
        }
      },
      "id": "f3c47baa-fe80-4dc8-a5a3-55e72931e03c",
      "createdTime": "2021-04-19T16:16:25.512484Z",
      "updatedTime": "2021-04-19T16:16:25.512484Z",
      "createdUserId": "ef0c8b9a-eff1-49f8-92fa-fd1d3e15e1ba",
      "updatedUserId": "ef0c8b9a-eff1-49f8-92fa-fd1d3e15e1ba"
    }
  ],
  "createdUtc": "0001-01-01T00:00:00Z"
}