{
  "intents": [
    {
      "endUserOverrideName": "在Teams中編輯檔案",
      "triggerQueries": [
        "在Teams中編輯檔案",
        "編輯檔案",
        "和團隊共同編輯文件",
        "共同編輯文件",
        "在Teams中編輯Office文件",
        "在Teams中編輯Word",
        "在Teams中編輯PowerPoint",
        "如何Teams中編輯檔案？",
        "怎麼在Teams中編輯檔案",
        "編輯powerpoint",
        "編輯word檔案",
        "編輯office檔案",
        "在Teams中編輯office文件",
        "合作檔案",
        "團隊共編",
        "共編",
        "和團隊共同編輯",
        "編輯文件",
        "在Teams中編輯文件",
        "編輯excel",
        "在Teams中編輯excel",
        "edit an excel file in Teams",
        "Edit a document in teams",
        "Edit files in teams",
        "Edit a file",
        "collaborate on a document with your team",
        "co-editing in a document",
        "editing office documents in teams",
        "editing an office document",
        "editing a word document in teams",
        "editing a powerpoint in teams",
        "How do I edit a file in Teams?"
      ],
      "dialogId": "new_topic_ce3093dc6c2d4745b2e3393a521a33d8",
      "isTriggeringEnabled": true,
      "id": "new_topic_ce3093dc6c2d4745b2e3393a521a33d8",
      "displayName": "在Teams中編輯檔案",
      "description": "https://adoptbotv2kb.blob.core.windows.net/%24web/AdoptBot2021-English.docx",
      "createdTime": "2021-11-17T07:53:32.7528885Z",
      "updatedTime": "2021-11-17T07:53:55.2373672Z",
      "createdUserId": "9c968d43-f7c2-4e28-895c-1f6bcefcd8be",
      "updatedUserId": "9c968d43-f7c2-4e28-895c-1f6bcefcd8be"
    }
  ],
  "dialogs": [
    {
      "rootNodeId": "b87d1eb9-da68-4c09-a166-fa6663e4e0a7",
      "messageNodes": [
        {
          "botMessageId": "04e30339-cdde-457e-b4b7-648476dd5cbb",
          "nodeType": "BotMessageNode",
          "id": "b87d1eb9-da68-4c09-a166-fa6663e4e0a7",
          "defaultTargetNodeId": "9840b5a7-d9a6-4cd0-a471-7cda7d97bb6a"
        },
        {
          "botMessageId": "61d317c3-9154-43e1-b902-fd6681d67e78",
          "nodeType": "BotMessageNode",
          "id": "9840b5a7-d9a6-4cd0-a471-7cda7d97bb6a",
          "defaultTargetNodeId": "3850e08b-8e65-4dcd-be97-30fc47432292"
        }
      ],
      "dialogChangeNodes": [
        {
          "targetDialogId": "new_topic_e2d1671328b941dbb60fa7150059b1ee_aeabea4d071f415c8c107e1cb7af5424_assumedsuccess",
          "nodeType": "DialogChangeNode",
          "id": "3850e08b-8e65-4dcd-be97-30fc47432292"
        }
      ],
      "id": "new_topic_ce3093dc6c2d4745b2e3393a521a33d8",
      "displayName": "Dialog for 在Teams中編輯檔案",
      "createdTime": "2021-11-17T07:53:32.7528885Z",
      "updatedTime": "2021-11-17T07:53:55.2373672Z",
      "createdUserId": "9c968d43-f7c2-4e28-895c-1f6bcefcd8be",
      "updatedUserId": "9c968d43-f7c2-4e28-895c-1f6bcefcd8be"
    }
  ],
  "botMessages": [
    {
      "channelContent": {
        "web": {
          "contentFormat": "Markdown",
          "content": "如果您在Teams中的檔案索引標籤內有Office檔案，您可以透過點選\\*\\*更多選項(...)\\*\\*來編輯任何檔案。"
        }
      },
      "id": "04e30339-cdde-457e-b4b7-648476dd5cbb",
      "createdTime": "2021-11-17T07:53:32.7528885Z",
      "updatedTime": "2021-11-17T07:53:32.7528885Z",
      "createdUserId": "9c968d43-f7c2-4e28-895c-1f6bcefcd8be",
      "updatedUserId": "9c968d43-f7c2-4e28-895c-1f6bcefcd8be"
    },
    {
      "channelContent": {
        "web": {
          "contentFormat": "Markdown",
          "content": "接下來點擊**編輯**，您便可編輯檔案和儲存。\n\n點選以了解更多關於[在Teams中編輯檔案](https://support.microsoft.com/zh-tw/office/edit-a-file-in-teams-257a5e88-205a-4fb5-bbf1-c78c3e64de86)。"
        }
      },
      "id": "61d317c3-9154-43e1-b902-fd6681d67e78",
      "createdTime": "2021-11-17T07:53:45.442Z",
      "updatedTime": "2021-11-17T07:53:45.442Z",
      "createdUserId": "user-0",
      "updatedUserId": "user-0"
    }
  ]
}