{
  "intents": [
    {
      "endUserOverrideName": "Sende hastemelding",
      "triggerQueries": [
        "hvordan få kontakt med noen så fort så mulig",
        "Hva skjer når jeg sender en hastemelding?",
        "Marker meldingen, innlegget eller chat som viktig",
        "Send viktig melding i teams",
        "Hastemelding i teams",
        "Send en hastemelding eller marker en melding som viktig"
      ],
      "dialogId": "new_topic_09943307e36e4b628b0de77583cf8680",
      "isTriggeringEnabled": true,
      "id": "new_topic_09943307e36e4b628b0de77583cf8680",
      "displayName": "Send en hastemelding eller marker en melding som viktig",
      "description": "https://norwegianteams.blob.core.windows.net/norwegian-container/Tima - p19 to p33.docx",
      "createdTime": "2021-04-07T15:14:21.8717121Z",
      "updatedTime": "2021-04-22T13:56:04.1697504Z",
      "createdUserId": "ef0c8b9a-eff1-49f8-92fa-fd1d3e15e1ba",
      "updatedUserId": "ef0c8b9a-eff1-49f8-92fa-fd1d3e15e1ba"
    }
  ],
  "dialogs": [
    {
      "rootNodeId": "f272d822-4158-44d0-be57-a019941be03b",
      "messageNodes": [
        {
          "botMessageId": "b8d427f1-5001-4e3a-9a6b-1d0f05f50238",
          "nodeType": "BotMessageNode",
          "id": "f272d822-4158-44d0-be57-a019941be03b",
          "defaultTargetNodeId": "d3ca3384-f99c-4c91-9c66-8f2aebe07247"
        },
        {
          "botMessageId": "0ee4130a-3e5a-418a-87b0-b0d821659604",
          "nodeType": "BotMessageNode",
          "id": "41d647fd-4c8f-40a1-9bff-404bd79e9659",
          "defaultTargetNodeId": "c98d64cf-193f-4a1c-90d3-fbb7e1145e77"
        },
        {
          "botMessageId": "f2af4864-6d31-45ae-8dea-294333e1aea4",
          "nodeType": "BotMessageNode",
          "id": "d3ca3384-f99c-4c91-9c66-8f2aebe07247",
          "defaultTargetNodeId": "41d647fd-4c8f-40a1-9bff-404bd79e9659"
        }
      ],
      "dialogChangeNodes": [
        {
          "targetDialogId": "new_topic_89c49d37fd4c4c1c9144396960733ce1_aeabea4d071f415c8c107e1cb7af5424_assumedsuccess",
          "nodeType": "DialogChangeNode",
          "id": "c98d64cf-193f-4a1c-90d3-fbb7e1145e77"
        }
      ],
      "id": "new_topic_09943307e36e4b628b0de77583cf8680",
      "displayName": "Dialog for Send en hastemelding eller marker en melding som viktig",
      "createdTime": "2021-04-07T15:14:21.8717121Z",
      "updatedTime": "2021-05-07T10:37:58.5400384Z",
      "createdUserId": "ef0c8b9a-eff1-49f8-92fa-fd1d3e15e1ba",
      "updatedUserId": "ef0c8b9a-eff1-49f8-92fa-fd1d3e15e1ba"
    }
  ],
  "botMessages": [
    {
      "channelContent": {
        "web": {
          "contentFormat": "Markdown",
          "content": "Dersom du ønsker å [markere meldingen din som viktig og få oppmerksomheten til folk](https://support.microsoft.com/nb-no/office/markere-en-melding-som-viktig-eller-haster-i-teams-ea99d5b6-1317-4550-8d75-86ff14cd4462), velger du **Angi leveringsalternativer** under tekstboksen ved siden av Formater, og deretter velg enten **Viktig** eller **Haster**."
        }
      },
      "id": "b8d427f1-5001-4e3a-9a6b-1d0f05f50238",
      "createdTime": "2021-04-07T15:14:21.8717121Z",
      "updatedTime": "2021-04-07T15:14:21.8717121Z",
      "createdUserId": "ef0c8b9a-eff1-49f8-92fa-fd1d3e15e1ba",
      "updatedUserId": "ef0c8b9a-eff1-49f8-92fa-fd1d3e15e1ba"
    },
    {
      "channelContent": {
        "web": {
          "contentFormat": "Markdown",
          "content": "En hastemelding vil varsle en person eller gruppe gjentatte ganger, hvert 2. minutt i 20 minutter eller inntil de leser meldingen innenfor dette tidsintervallet."
        }
      },
      "id": "0ee4130a-3e5a-418a-87b0-b0d821659604",
      "createdTime": "2021-04-07T15:16:09.244Z",
      "updatedTime": "2021-04-07T15:16:09.244Z",
      "createdUserId": "user-0",
      "updatedUserId": "user-0"
    },
    {
      "channelContent": {
        "web": {
          "contentFormat": "Markdown",
          "content": "Dette legger til ordet **Viktig**! eller **Haster**! på toppen av meldingen."
        }
      },
      "id": "f2af4864-6d31-45ae-8dea-294333e1aea4",
      "createdTime": "2021-05-07T10:36:47.152Z",
      "updatedTime": "2021-05-07T10:36:47.152Z",
      "createdUserId": "user-0",
      "updatedUserId": "user-0"
    }
  ],
  "createdUtc": "0001-01-01T00:00:00Z"
}