{
  "intents": [
    {
      "triggerQueries": [
        "Jak to działa, jeśli ktoś wymieni moje imię i nazwisko w usłudze Teams?",
        "@wzmiankuj kogoś",
        "Dlaczego warto skorzystać ze @wzmianki?",
        "co się stanie, gdy ktoś @ wspomni o mnie?",
        "Wymień kogoś ze @wzmianką",
        "wzmiankuj o kimś z @",
        "Co się stanie, gdy wymienię kogoś z imienia i nazwiska w usłudze Teams?",
        "Na czym polega @wzmianka?"
      ],
      "dialogId": "new_topic_69c85edb17bf4818aac92390b311c102",
      "isTriggeringEnabled": true,
      "id": "new_topic_69c85edb17bf4818aac92390b311c102",
      "displayName": "Na czym polega @wzmianka?",
      "description": "",
      "createdTime": "2021-09-26T11:05:31.5318348Z",
      "updatedTime": "2021-10-24T19:19:41.9385838Z",
      "createdUserId": "28fac8cb-bec7-48c9-a688-5024cf318b8a",
      "updatedUserId": "28fac8cb-bec7-48c9-a688-5024cf318b8a"
    }
  ],
  "dialogs": [
    {
      "rootNodeId": "014579b5-22ee-44a9-8d3c-5ca5bb3e3bd8",
      "messageNodes": [
        {
          "botMessageId": "6e453d2d-084f-492a-b33a-0081547b79ac",
          "nodeType": "BotMessageNode",
          "id": "014579b5-22ee-44a9-8d3c-5ca5bb3e3bd8",
          "defaultTargetNodeId": "4446d31d-2bb0-4cfa-9c7b-7705d684a437"
        },
        {
          "botMessageId": "27714994-409e-4c59-9617-7ca9a0efaad0",
          "nodeType": "BotMessageNode",
          "id": "8243851d-9d11-45ed-ad36-7196c2ac6345",
          "defaultTargetNodeId": "663372b0-a8b3-444f-98db-fefbe438cb44"
        },
        {
          "botMessageId": "cf482fc9-09ef-45f3-b544-b31203942cee",
          "nodeType": "BotMessageNode",
          "id": "4446d31d-2bb0-4cfa-9c7b-7705d684a437",
          "defaultTargetNodeId": "8243851d-9d11-45ed-ad36-7196c2ac6345"
        }
      ],
      "dialogChangeNodes": [
        {
          "targetDialogId": "new_topic_d4ee79ce05584b519ee7d416fda7e2a3_aeabea4d071f415c8c107e1cb7af5424_assumedsuccess",
          "nodeType": "DialogChangeNode",
          "id": "663372b0-a8b3-444f-98db-fefbe438cb44"
        }
      ],
      "id": "new_topic_69c85edb17bf4818aac92390b311c102",
      "displayName": "Dialog for Na czym polega @wzmianka?",
      "createdTime": "2021-09-26T11:05:31.5318348Z",
      "updatedTime": "2021-10-24T19:25:38.3258765Z",
      "createdUserId": "28fac8cb-bec7-48c9-a688-5024cf318b8a",
      "updatedUserId": "28fac8cb-bec7-48c9-a688-5024cf318b8a"
    }
  ],
  "botMessages": [
    {
      "channelContent": {
        "web": {
          "contentFormat": "Markdown",
          "content": "[@wzmianka (@mention)](https://support.microsoft.com/pl-pl/office/przyci%C4%85ganie-uwagi-za-pomoc%C4%85-wzmianek-w-aplikacji-teams-eb4f059d-320e-454e-b111-03361d4d6855) jest jak delikatne wyróżnienie, sposób, aby uzyskać uwagę danej osoby w rozmowie kanału lub czatu.\n\nGdy ktoś cię @wzmiankuje (@mention), otrzymasz powiadomienie w kanale aktywności, a także zobaczysz numer obok kanału lub czatu, na którym zostałeś @wzmiankowany. Kliknij powiadomienie, aby przejść bezpośrednio do fragmentu konwersacji, w którym cię wymienili."
        }
      },
      "id": "6e453d2d-084f-492a-b33a-0081547b79ac",
      "createdTime": "2021-09-26T11:05:31.5318348Z",
      "updatedTime": "2021-09-26T11:05:31.5318348Z",
      "createdUserId": "28fac8cb-bec7-48c9-a688-5024cf318b8a",
      "updatedUserId": "28fac8cb-bec7-48c9-a688-5024cf318b8a"
    },
    {
      "channelContent": {
        "web": {
          "contentFormat": "Markdown",
          "content": "Jeśli kiedykolwiek poczujesz się trochę przytłoczony całym wzmiankowaniem, zawsze możesz [filtrować swój kanał aktywności,](https://support.microsoft.com/pl-pl/office/poznaj-dzia%c5%82anie-kana%c5%82u-aktywno%c5%9b%c4%87-w-us%c5%82udze-teams-91c635a1-644a-4c60-9c98-233db3e13a56?ui=pl-PL&rs=pl-PL&ad=PL) aby je uporządkować.\n\nAby kogoś @wzmiankować, wystarczy wpisać '@' w polu redagowania i wybrać jego nazwę z menu, które się pojawi."
        }
      },
      "id": "27714994-409e-4c59-9617-7ca9a0efaad0",
      "createdTime": "2021-09-26T11:06:22.28Z",
      "updatedTime": "2021-09-26T11:06:22.28Z",
      "createdUserId": "user-0",
      "updatedUserId": "user-0"
    },
    {
      "channelContent": {
        "web": {
          "contentFormat": "Markdown",
          "content": "**W celu @wzmiankowania kogoś**\n\n1.  Wpisz ‘@’ lub czyjeś nazwisko w polu edycyjnym konwersacji.\n2.  Wybierz nazwisko z menu, które się pojawi."
        }
      },
      "id": "cf482fc9-09ef-45f3-b544-b31203942cee",
      "createdTime": "2021-10-24T19:22:59.025Z",
      "updatedTime": "2021-10-24T19:22:59.025Z",
      "createdUserId": "user-0",
      "updatedUserId": "user-0"
    }
  ]
}