{
  "intents": [
    {
      "triggerQueries": [
        "Get your own conference ID?",
        "Can we create unique conference IDs?",
        "Can a user get a personal conference ID?"
      ],
      "dialogId": "new_topic_008f6d05ee844f66b3072303efd1d64b",
      "isTriggeringEnabled": true,
      "id": "new_topic_008f6d05ee844f66b3072303efd1d64b",
      "displayName": "Can a user get a personal conference ID?",
      "description": "https://adoptbotv2kb.blob.core.windows.net/%24web/AdoptBot2021-English.docx",
      "createdTime": "2021-01-13T22:20:51.2381463Z",
      "updatedTime": "2021-01-26T23:01:11.672164Z",
      "createdUserId": "f04d3cd9-b73d-4ba9-a1ed-9319eba29b21",
      "updatedUserId": "f04d3cd9-b73d-4ba9-a1ed-9319eba29b21"
    }
  ],
  "dialogs": [
    {
      "rootNodeId": "bdddf947-e01b-4f9f-bb3d-1b0447ec1527",
      "messageNodes": [
        {
          "botMessageId": "0a1d2eb5-e833-40bc-abfa-a48be8904df3",
          "nodeType": "BotMessageNode",
          "id": "bdddf947-e01b-4f9f-bb3d-1b0447ec1527",
          "defaultTargetNodeId": "da4af5aa-d695-4f66-b98d-39a4ae9825bc"
        }
      ],
      "dialogChangeNodes": [
        {
          "targetDialogId": "new_topic_eac3f49c99664313a9d9dc19d80a79a2_aeabea4d071f415c8c107e1cb7af5424_assumedsuccess",
          "nodeType": "DialogChangeNode",
          "id": "da4af5aa-d695-4f66-b98d-39a4ae9825bc"
        }
      ],
      "id": "new_topic_008f6d05ee844f66b3072303efd1d64b",
      "displayName": "Dialog for Can a user get a personal conference ID?",
      "createdTime": "2021-01-13T22:20:51.2381463Z",
      "updatedTime": "2021-01-13T22:20:51.2381463Z",
      "createdUserId": "f04d3cd9-b73d-4ba9-a1ed-9319eba29b21",
      "updatedUserId": "f04d3cd9-b73d-4ba9-a1ed-9319eba29b21"
    }
  ],
  "botMessages": [
    {
      "channelContent": {
        "web": {
          "contentFormat": "Markdown",
          "content": "Microsoft Teams users will be randomly assigned conferencing IDs and cannot reserve or enter a static conference ID that only they can use."
        }
      },
      "id": "0a1d2eb5-e833-40bc-abfa-a48be8904df3",
      "createdTime": "2021-01-13T22:20:51.2381463Z",
      "updatedTime": "2021-01-13T22:20:51.2381463Z",
      "createdUserId": "f04d3cd9-b73d-4ba9-a1ed-9319eba29b21",
      "updatedUserId": "f04d3cd9-b73d-4ba9-a1ed-9319eba29b21"
    }
  ]
}