{
  "intents": [
    {
      "endUserOverrideName": "Editer un message",
      "triggerQueries": [
        "Puis-je éditer un message envoyé",
        "Comment éditer un message envoyé",
        "Modifier un message envoyé",
        "Comment puis-je modifier un message envoyé?",
        "Puis-je modifier un message envoyé?",
        "Je veux changer quelque chose que j'ai envoyé",
        "Comment modifier les messages",
        "Comment modifier un message envoyé?"
      ],
      "dialogId": "new_topic_9ccfc4f3545145ac88efa6ca889bdf01",
      "isTriggeringEnabled": true,
      "id": "new_topic_9ccfc4f3545145ac88efa6ca889bdf01",
      "displayName": "Comment modifier un message envoyé?",
      "description": "",
      "createdTime": "2021-01-13T22:20:51.2381463Z",
      "updatedTime": "2021-05-25T00:18:09.8677664Z",
      "createdUserId": "f04d3cd9-b73d-4ba9-a1ed-9319eba29b21",
      "updatedUserId": "a2c4aa2c-d830-41eb-bcf4-467a2c7e1279"
    }
  ],
  "dialogs": [
    {
      "rootNodeId": "349b30c2-239b-4dac-aa46-e5f3d0b06929",
      "messageNodes": [
        {
          "botMessageId": "58cfb10e-f6b8-4838-a40d-dc3a1f1d823c",
          "nodeType": "BotMessageNode",
          "id": "349b30c2-239b-4dac-aa46-e5f3d0b06929",
          "defaultTargetNodeId": "86f7dfa6-f124-479a-aed5-7f8a4b821342"
        },
        {
          "botMessageId": "1e1529be-65f5-4ea7-8b7f-c1ce572a19a4",
          "nodeType": "BotMessageNode",
          "id": "86f7dfa6-f124-479a-aed5-7f8a4b821342",
          "defaultTargetNodeId": "cc1421b7-b9d1-4d1e-92f2-eb6c3c3d292c"
        },
        {
          "botMessageId": "ada8f641-9326-4c94-be9c-28ad02809915",
          "nodeType": "BotMessageNode",
          "id": "cc1421b7-b9d1-4d1e-92f2-eb6c3c3d292c",
          "defaultTargetNodeId": "4ac6f616-77ca-4746-86fa-4670f615a076"
        }
      ],
      "dialogChangeNodes": [
        {
          "targetDialogId": "new_topic_eac3f49c99664313a9d9dc19d80a79a2_aeabea4d071f415c8c107e1cb7af5424_assumedsuccess",
          "nodeType": "DialogChangeNode",
          "id": "4ac6f616-77ca-4746-86fa-4670f615a076"
        }
      ],
      "id": "new_topic_9ccfc4f3545145ac88efa6ca889bdf01",
      "displayName": "Dialog for How do I edit a sent message?",
      "createdTime": "2021-01-13T22:20:51.2381463Z",
      "updatedTime": "2021-05-25T00:19:09.9859794Z",
      "createdUserId": "f04d3cd9-b73d-4ba9-a1ed-9319eba29b21",
      "updatedUserId": "a2c4aa2c-d830-41eb-bcf4-467a2c7e1279"
    }
  ],
  "botMessages": [
    {
      "channelContent": {
        "web": {
          "contentFormat": "Markdown",
          "content": "Vous pouvez modifier tous les messages que vous avez envoyé à une discussion ou à un canal."
        }
      },
      "id": "58cfb10e-f6b8-4838-a40d-dc3a1f1d823c",
      "createdTime": "2021-01-13T22:20:51.2381463Z",
      "updatedTime": "2021-01-13T22:20:51.2381463Z",
      "createdUserId": "f04d3cd9-b73d-4ba9-a1ed-9319eba29b21",
      "updatedUserId": "f04d3cd9-b73d-4ba9-a1ed-9319eba29b21"
    },
    {
      "channelContent": {
        "web": {
          "contentFormat": "Markdown",
          "content": "1.  Accédez au message et sélectionnez **Plus d'options** (...) > **Editer**.\n2.  Apportez des modifications à votre message et envoyez-le pour enregistrer la mise à jour."
        }
      },
      "id": "1e1529be-65f5-4ea7-8b7f-c1ce572a19a4",
      "createdTime": "2021-01-27T22:40:15.323Z",
      "updatedTime": "2021-01-27T22:40:15.323Z",
      "createdUserId": "user-0",
      "updatedUserId": "user-0"
    },
    {
      "channelContent": {
        "web": {
          "contentFormat": "Markdown",
          "content": "_**Info :** Votre organisation ou certaines équipes peuvent avoir désactivé cette option._"
        }
      },
      "id": "ada8f641-9326-4c94-be9c-28ad02809915",
      "createdTime": "2021-01-27T22:40:20.46Z",
      "updatedTime": "2021-01-27T22:40:20.46Z",
      "createdUserId": "user-0",
      "updatedUserId": "user-0"
    }
  ]
}