{
  "intents": [
    {
      "endUserOverrideName": "Konferenz-ID",
      "triggerQueries": [
        "Kann ein Benutzer eine persönliche Konferenz-ID erhalten?",
        "Können wir einzigartige Konferenz-IDs erstellen?",
        "Holen Sie sich Ihre eigene Konferenz-ID?"
      ],
      "dialogId": "new_topic_4998d8adb9bb4499914b8b880552bca7",
      "isTriggeringEnabled": true,
      "id": "new_topic_4998d8adb9bb4499914b8b880552bca7",
      "displayName": "Kann ein Benutzer eine persönliche Konferenz-ID erhalten?",
      "description": "",
      "createdTime": "2021-04-19T08:11:21.9317777Z",
      "updatedTime": "2021-04-22T06:27:08.539347Z",
      "createdUserId": "d4c65e50-fb5c-4311-830a-05b59a11dd48",
      "updatedUserId": "86360cd1-faa6-4d16-8a0c-ba3116c8a977"
    }
  ],
  "dialogs": [
    {
      "rootNodeId": "da9c3fbf-b202-49cb-a6e6-0f8bb571f4a6",
      "messageNodes": [
        {
          "botMessageId": "000ca514-c252-464e-987a-eeb4ced2093e",
          "nodeType": "BotMessageNode",
          "id": "da9c3fbf-b202-49cb-a6e6-0f8bb571f4a6",
          "defaultTargetNodeId": "958c3d20-b35e-41cc-bfc9-d4976bb4a665"
        }
      ],
      "dialogChangeNodes": [
        {
          "targetDialogId": "new_topic_30867099f4b543d3b8543a85c22c3418_aeabea4d071f415c8c107e1cb7af5424_assumedsuccess",
          "nodeType": "DialogChangeNode",
          "id": "958c3d20-b35e-41cc-bfc9-d4976bb4a665"
        }
      ],
      "id": "new_topic_4998d8adb9bb4499914b8b880552bca7",
      "displayName": "Dialog for Kann ein Benutzer eine persönliche Konferenz-ID erhalten?",
      "createdTime": "2021-04-19T08:11:21.9307768Z",
      "updatedTime": "2021-04-21T10:00:54.7617941Z",
      "createdUserId": "d4c65e50-fb5c-4311-830a-05b59a11dd48",
      "updatedUserId": "86360cd1-faa6-4d16-8a0c-ba3116c8a977"
    }
  ],
  "botMessages": [
    {
      "channelContent": {
        "web": {
          "contentFormat": "Markdown",
          "content": "An Microsoft Teams-Anwende werden zufällig Konferenz-IDs zugewiesen und sie können keine statische Konferenz-ID reservieren oder eingeben, die nur sie verwenden können."
        }
      },
      "id": "000ca514-c252-464e-987a-eeb4ced2093e",
      "createdTime": "2021-04-19T08:11:21.9307768Z",
      "updatedTime": "2021-04-19T08:11:21.9307768Z",
      "createdUserId": "d4c65e50-fb5c-4311-830a-05b59a11dd48",
      "updatedUserId": "d4c65e50-fb5c-4311-830a-05b59a11dd48"
    }
  ],
  "createdUtc": "0001-01-01T00:00:00Z"
}