{
  "intents": [
    {
      "triggerQueries": [
        "Teams 팀즈 팀 Planner 플래너 사용",
        "Planner 플래너 Teams 팀즈 팀 이동 작업 전달",
        "Planner 플래너 사용",
        "플래너 Todo 투두 작업",
        "Microsoft Teams 마이크로소프트 팀즈 작업 앱",
        "Planner 플래너 Todo 투두 Teams 팀즈 팀 연결",
        "Planner 플래너 할일 작업 응용 프로그램 App 앱",
        "Teams 팀 작업 앱 설명",
        "Teams에서 Planner를 사용할 수 있습니까?"
      ],
      "dialogId": "new_topic_8664651e672e4bcc94c9d9006c135dd1",
      "isTriggeringEnabled": true,
      "id": "new_topic_8664651e672e4bcc94c9d9006c135dd1",
      "displayName": "Teams에서 Planner를 사용할 수 있습니까?",
      "description": "https://adoptbotv2kb.blob.core.windows.net/%24web/adoptbot2021-Korean.docx",
      "createdTime": "2021-03-18T03:39:18.7456548Z",
      "updatedTime": "2021-04-06T10:40:08.2422256Z",
      "createdUserId": "e47109d8-0300-4e59-a90d-56bb29886c9e",
      "updatedUserId": "e47109d8-0300-4e59-a90d-56bb29886c9e"
    }
  ],
  "dialogs": [
    {
      "rootNodeId": "b49a26b5-810e-42b4-82a5-7ce0ca926a05",
      "messageNodes": [
        {
          "botMessageId": "959c407c-151f-410f-835f-3448e5c7fe58",
          "nodeType": "BotMessageNode",
          "id": "cae6acf5-4b67-4204-ad16-0159355d9daf",
          "defaultTargetNodeId": "17761e6e-968e-403e-a9af-cd51e18183f3"
        },
        {
          "botMessageId": "7dc6af58-a9bd-40ba-bc13-c1d07d31dfda",
          "nodeType": "BotMessageNode",
          "id": "b49a26b5-810e-42b4-82a5-7ce0ca926a05",
          "defaultTargetNodeId": "e08e8aae-ffc6-4146-a37f-853cd315143a"
        },
        {
          "botMessageId": "7dc1a2b6-6820-42b8-af62-411f89884171",
          "nodeType": "BotMessageNode",
          "id": "e08e8aae-ffc6-4146-a37f-853cd315143a",
          "defaultTargetNodeId": "cae6acf5-4b67-4204-ad16-0159355d9daf"
        },
        {
          "botMessageId": "75721f2d-6f28-4365-a225-e1ec0c649ea5",
          "nodeType": "BotMessageNode",
          "id": "17761e6e-968e-403e-a9af-cd51e18183f3",
          "defaultTargetNodeId": "a494b6f4-b5d8-4969-a0d1-4a79157d6540"
        }
      ],
      "dialogChangeNodes": [
        {
          "targetDialogId": "new_topic_2bf23930c1d146129dfe38bacb94ccd0_aeabea4d071f415c8c107e1cb7af5424_assumedsuccess",
          "nodeType": "DialogChangeNode",
          "id": "a494b6f4-b5d8-4969-a0d1-4a79157d6540"
        }
      ],
      "id": "new_topic_8664651e672e4bcc94c9d9006c135dd1",
      "displayName": "Dialog for Teams에서 Planner를 사용할 수 있습니까?",
      "createdTime": "2021-03-18T03:39:18.7456548Z",
      "updatedTime": "2021-04-06T10:39:30.8982705Z",
      "createdUserId": "e47109d8-0300-4e59-a90d-56bb29886c9e",
      "updatedUserId": "e47109d8-0300-4e59-a90d-56bb29886c9e"
    }
  ],
  "botMessages": [
    {
      "channelContent": {
        "web": {
          "contentFormat": "Markdown",
          "content": "Planner를 선택한 다음, 다음 중 하나를 수행합니다.\n\n*   새 계획 만들기를 클릭하고 새 플래너 보드에 대한 이름을 입력합니다.\n*   이 팀의 기존 계획 사용을 클릭하고 메뉴에서 기존 Planner 보드를 선택합니다."
        }
      },
      "id": "959c407c-151f-410f-835f-3448e5c7fe58",
      "createdTime": "2021-03-18T03:39:18.7456548Z",
      "updatedTime": "2021-03-18T03:39:18.7456548Z",
      "createdUserId": "e47109d8-0300-4e59-a90d-56bb29886c9e",
      "updatedUserId": "e47109d8-0300-4e59-a90d-56bb29886c9e"
    },
    {
      "channelContent": {
        "web": {
          "contentFormat": "Markdown",
          "content": "조직과 협업의 팬들을 위한 좋은 소식, **Teams,** **Planner**와 **To Do** 함께 사용하기!\n\n최신 업데이트는 이 가이드를 보세요\n\n[Teams 에서 Tasks 앱 사용(microsoft.com)](https://support.microsoft.com/ko-kr/office/use-the-tasks-app-in-teams-e32639f3-2e07-4b62-9a8c-fd706c12c070)"
        }
      },
      "id": "7dc6af58-a9bd-40ba-bc13-c1d07d31dfda",
      "createdTime": "2021-04-06T10:34:14.789Z",
      "updatedTime": "2021-04-06T10:34:14.789Z",
      "createdUserId": "user-0",
      "updatedUserId": "user-0"
    },
    {
      "channelContent": {
        "web": {
          "contentFormat": "Markdown",
          "content": "함께 사용하기를 시작하려면, 팀에 Planner 탭을 추가합니다. 채널 상단의 탭 옆에 탭 추가를 클릭하기만 하면 됩니다."
        }
      },
      "id": "7dc1a2b6-6820-42b8-af62-411f89884171",
      "createdTime": "2021-04-06T10:37:26.451Z",
      "updatedTime": "2021-04-06T10:37:26.451Z",
      "createdUserId": "user-0",
      "updatedUserId": "user-0"
    },
    {
      "channelContent": {
        "web": {
          "contentFormat": "Markdown",
          "content": "Teams에서 Planner 작업 관리의 세부 사항을 자세히 알아보려면 [Teams에서 Planner를 사용하기.](https://support.microsoft.com/ko-kr/office/anv%C3%A4nda-planner-i-microsoft-teams-62798a9f-e8f7-4722-a700-27dd28a06ee0)"
        }
      },
      "id": "75721f2d-6f28-4365-a225-e1ec0c649ea5",
      "createdTime": "2021-04-06T10:37:54.349Z",
      "updatedTime": "2021-04-06T10:37:54.349Z",
      "createdUserId": "user-0",
      "updatedUserId": "user-0"
    }
  ],
  "createdUtc": "0001-01-01T00:00:00Z"
}