{
  "intents": [
    {
      "endUserOverrideName": "Städa bort inaktiva team automatiskt?",
      "triggerQueries": [
        "automatiskt borttag av inaktiva team?",
        "Radera alla gamla team automatiskt?",
        "För många inaktiva team",
        "Jag är med i för många team som inte används",
        "bäst före datum för team som inte används",
        "Radera inaktiva team efter en viss tid",
        "Ta bort team som inte längre används?",
        "rensa bort team som inte används",
        "radera inaktiva team",
        "städa bort oanvända team",
        "automatiskt ta bort gamla team",
        "Städa bort inaktiva team",
        "Kan inaktiva team raderas automatiskt efter ett visst antal dagar eller månader",
        "Kan ett Teams raderas automatiskt när det är inaktivt under ett visst antal dagar eller månader?"
      ],
      "dialogId": "new_topic_13ec88d4effa4ddaaea26f3f02699894",
      "isTriggeringEnabled": true,
      "id": "new_topic_13ec88d4effa4ddaaea26f3f02699894",
      "displayName": "Kan inaktiva team raderas automatiskt efter ett visst antal dagar eller månader?",
      "description": "",
      "createdTime": "2020-11-24T14:37:53.8230909Z",
      "updatedTime": "2020-12-11T15:26:23.7749147Z",
      "createdUserId": "f04d3cd9-b73d-4ba9-a1ed-9319eba29b21",
      "updatedUserId": "f04d3cd9-b73d-4ba9-a1ed-9319eba29b21"
    }
  ],
  "dialogs": [
    {
      "rootNodeId": "0d1ed0ee-00b4-4134-ab8b-65796e888f7f",
      "messageNodes": [
        {
          "botMessageId": "85a6ac31-c6ca-4849-ba2e-fb9e46ad0284",
          "nodeType": "BotMessageNode",
          "id": "b76c825f-1da3-4e2c-930c-67d901f3a0f1",
          "defaultTargetNodeId": "05d34b33-0715-4d2f-b51e-01cc45570d15"
        },
        {
          "botMessageId": "6a34b6f6-e779-4083-b7a4-3f7f8f703499",
          "nodeType": "BotMessageNode",
          "id": "0d1ed0ee-00b4-4134-ab8b-65796e888f7f",
          "defaultTargetNodeId": "b76c825f-1da3-4e2c-930c-67d901f3a0f1"
        }
      ],
      "dialogChangeNodes": [
        {
          "targetDialogId": "new_topic_84ec227c19784e7ba25cb34f4638f91e_aeabea4d071f415c8c107e1cb7af5424_assumedsuccess",
          "nodeType": "DialogChangeNode",
          "id": "05d34b33-0715-4d2f-b51e-01cc45570d15"
        }
      ],
      "id": "new_topic_13ec88d4effa4ddaaea26f3f02699894",
      "displayName": "Dialog for Kan ett Teams raderas automatiskt när det är inaktivt under ett visst antal dagar eller månader?",
      "createdTime": "2020-11-24T14:37:53.8230909Z",
      "updatedTime": "2020-12-11T15:25:53.483325Z",
      "createdUserId": "f04d3cd9-b73d-4ba9-a1ed-9319eba29b21",
      "updatedUserId": "f04d3cd9-b73d-4ba9-a1ed-9319eba29b21"
    }
  ],
  "botMessages": [
    {
      "channelContent": {
        "web": {
          "contentFormat": "Markdown",
          "content": "Se mer om [förfallodatum och förnyelse av team i Microsoft Teams](https://docs.microsoft.com/sv-se/microsoftteams/team-expiration-renewal)"
        }
      },
      "id": "85a6ac31-c6ca-4849-ba2e-fb9e46ad0284",
      "createdTime": "2020-12-11T15:18:47.786Z",
      "updatedTime": "2020-12-11T15:18:47.786Z",
      "createdUserId": "user-0",
      "updatedUserId": "user-0"
    },
    {
      "channelContent": {
        "web": {
          "contentFormat": "Markdown",
          "content": "Automatiskt borttag av inaktiva team kan hanteras med hjälp av en utgångspolicy. Det är ett väldigt bra sätt för att rensa bort inaktiva team som inte används och skapar onödigt kludder 👍"
        }
      },
      "id": "6a34b6f6-e779-4083-b7a4-3f7f8f703499",
      "createdTime": "2020-12-11T15:25:33.841Z",
      "updatedTime": "2020-12-11T15:25:33.841Z",
      "createdUserId": "user-0",
      "updatedUserId": "user-0"
    }
  ]
}