{
  "intents": [
    {
      "triggerQueries": [
        "Kan jeg spørre en annen kollega før overføring av samtalen?",
        "Går det an å høre med noen først før man overfører samtalen?",
        "Spør deretter overfør"
      ],
      "dialogId": "new_topic_43734ea1c54e4b1790507e7cf45ecf39",
      "isTriggeringEnabled": true,
      "id": "new_topic_43734ea1c54e4b1790507e7cf45ecf39",
      "displayName": "Spør en annen og deretter overfør samtalen",
      "description": "https://norwegianteams.blob.core.windows.net/norwegian-container/Tima - p19 to p33.docx",
      "createdTime": "2021-04-08T07:05:53.0648954Z",
      "updatedTime": "2021-04-08T10:32:34.9002015Z",
      "createdUserId": "ef0c8b9a-eff1-49f8-92fa-fd1d3e15e1ba",
      "updatedUserId": "ef0c8b9a-eff1-49f8-92fa-fd1d3e15e1ba"
    }
  ],
  "dialogs": [
    {
      "rootNodeId": "579e1e9a-5644-4273-a38b-ffb304cfac63",
      "messageNodes": [
        {
          "botMessageId": "10f3453d-84cd-4a43-80c2-2bce6ef4077b",
          "nodeType": "BotMessageNode",
          "id": "579e1e9a-5644-4273-a38b-ffb304cfac63",
          "defaultTargetNodeId": "c95dc32b-712d-451a-bdf2-8bddfc4cace8"
        },
        {
          "botMessageId": "b828dbc6-13fa-4c69-b74c-9c894e78d659",
          "nodeType": "BotMessageNode",
          "id": "c95dc32b-712d-451a-bdf2-8bddfc4cace8",
          "defaultTargetNodeId": "41712d49-9a8e-4fdb-ad4a-1009ddc107f2"
        }
      ],
      "dialogChangeNodes": [
        {
          "targetDialogId": "new_topic_89c49d37fd4c4c1c9144396960733ce1_aeabea4d071f415c8c107e1cb7af5424_assumedsuccess",
          "nodeType": "DialogChangeNode",
          "id": "41712d49-9a8e-4fdb-ad4a-1009ddc107f2"
        }
      ],
      "id": "new_topic_43734ea1c54e4b1790507e7cf45ecf39",
      "displayName": "Dialog for Spør, deretter Overfør",
      "createdTime": "2021-04-08T07:05:53.0648954Z",
      "updatedTime": "2021-04-08T07:08:31.7989068Z",
      "createdUserId": "ef0c8b9a-eff1-49f8-92fa-fd1d3e15e1ba",
      "updatedUserId": "ef0c8b9a-eff1-49f8-92fa-fd1d3e15e1ba"
    }
  ],
  "botMessages": [
    {
      "channelContent": {
        "web": {
          "contentFormat": "Markdown",
          "content": "Hvis du vil høre med noen før du overfører en samtale, velger du **Flere handlinger**… > **Konsulter deretter overfør**."
        }
      },
      "id": "10f3453d-84cd-4a43-80c2-2bce6ef4077b",
      "createdTime": "2021-04-08T07:05:53.0648954Z",
      "updatedTime": "2021-04-08T07:05:53.0648954Z",
      "createdUserId": "ef0c8b9a-eff1-49f8-92fa-fd1d3e15e1ba",
      "updatedUserId": "ef0c8b9a-eff1-49f8-92fa-fd1d3e15e1ba"
    },
    {
      "channelContent": {
        "web": {
          "contentFormat": "Markdown",
          "content": "Begynn å skrive inn navnet på personen, under **Velg en person** du vil kontakte, og velg dem når de vises. Du kan ringe til dem eller kontakte dem via chat. Når du er klar, velger du **Overfør**."
        }
      },
      "id": "b828dbc6-13fa-4c69-b74c-9c894e78d659",
      "createdTime": "2021-04-08T07:08:24.44Z",
      "updatedTime": "2021-04-08T07:08:24.44Z",
      "createdUserId": "user-0",
      "updatedUserId": "user-0"
    }
  ],
  "createdUtc": "0001-01-01T00:00:00Z"
}