{
  "intents": [
    {
      "triggerQueries": [
        "kanäle oben anheften",
        "chat anheften",
        "Wichtige chats markieren",
        "anheften",
        "Chat oder Kanal anheften",
        "Wie kann ich einen Chat oder Kanal anheften?"
      ],
      "dialogId": "new_topic_e1a74a84af2048688484c0faa133fcde",
      "isTriggeringEnabled": true,
      "id": "new_topic_e1a74a84af2048688484c0faa133fcde",
      "displayName": "Wie kann ich einen Chat oder Kanal anheften?",
      "description": "https://adoptbotv2kb.blob.core.windows.net/%24web/AdoptBot2021-English.docx",
      "createdTime": "2021-04-18T20:03:59.4713917Z",
      "updatedTime": "2021-04-18T20:03:59.4713917Z",
      "createdUserId": "86360cd1-faa6-4d16-8a0c-ba3116c8a977"
    }
  ],
  "dialogs": [
    {
      "rootNodeId": "a13ba455-dce5-49aa-ac5a-0ffa32220e56",
      "messageNodes": [
        {
          "botMessageId": "72392d10-425c-4008-bcdd-7ed198015172",
          "nodeType": "BotMessageNode",
          "id": "a13ba455-dce5-49aa-ac5a-0ffa32220e56",
          "defaultTargetNodeId": "6a413c55-a8c8-4615-a9da-aa956858c3c3"
        },
        {
          "botMessageId": "6600cc21-ab66-463a-8247-3c0b07fca432",
          "nodeType": "BotMessageNode",
          "id": "6a413c55-a8c8-4615-a9da-aa956858c3c3",
          "defaultTargetNodeId": "8308207d-3206-4c8e-880e-e89c6755f255"
        },
        {
          "botMessageId": "d0e4bb5d-7264-4075-8cb3-2a169b399d45",
          "nodeType": "BotMessageNode",
          "id": "8308207d-3206-4c8e-880e-e89c6755f255",
          "defaultTargetNodeId": "c84bc0c5-2af0-4eaf-91bd-5aa22ea820b1"
        }
      ],
      "dialogChangeNodes": [
        {
          "targetDialogId": "new_topic_30867099f4b543d3b8543a85c22c3418_aeabea4d071f415c8c107e1cb7af5424_assumedsuccess",
          "nodeType": "DialogChangeNode",
          "id": "c84bc0c5-2af0-4eaf-91bd-5aa22ea820b1"
        }
      ],
      "id": "new_topic_e1a74a84af2048688484c0faa133fcde",
      "displayName": "Dialog for Wie kann ich einen Chat oder Kanal anheften?",
      "createdTime": "2021-04-18T20:03:59.4713917Z",
      "updatedTime": "2021-04-18T20:06:48.4566793Z",
      "createdUserId": "86360cd1-faa6-4d16-8a0c-ba3116c8a977",
      "updatedUserId": "86360cd1-faa6-4d16-8a0c-ba3116c8a977"
    }
  ],
  "botMessages": [
    {
      "channelContent": {
        "web": {
          "contentFormat": "Markdown",
          "content": "Sie können Chats oder Kanäle an den Anfang Ihres Chats oder der Liste der Teams anheften.\n\nSiehe auch:\n\n[Anzeigen, verbergen oder anheften eines Teams oder Kanals in Teams](https://support.microsoft.com/de-de/office/anzeigen-verbergen-oder-anheften-eines-teams-oder-kanals-in-teams-91a37043-acea-49b0-9dfc-aec37b2e92b8?ui=de-DE&rs=de-DE&ad=DE)"
        }
      },
      "id": "72392d10-425c-4008-bcdd-7ed198015172",
      "createdTime": "2021-04-18T20:03:59.4713917Z",
      "updatedTime": "2021-04-18T20:03:59.4713917Z",
      "createdUserId": "86360cd1-faa6-4d16-8a0c-ba3116c8a977",
      "updatedUserId": "86360cd1-faa6-4d16-8a0c-ba3116c8a977"
    },
    {
      "channelContent": {
        "web": {
          "contentFormat": "Markdown",
          "content": "1.  Wählen Sie Chat oder Teams.\n2.  Suchen Sie den Namen der Unterhaltung oder des Kanals, den Sie anheften möchten.\n3.  Wählen Sie Weitere Optionen (...) > Anheften.\n\nDadurch wird sichergestellt, dass der Chat oder Kanal oben in Ihrer Liste bleibt."
        }
      },
      "id": "6600cc21-ab66-463a-8247-3c0b07fca432",
      "createdTime": "2021-04-18T20:05:06.629Z",
      "updatedTime": "2021-04-18T20:05:06.629Z",
      "createdUserId": "user-0",
      "updatedUserId": "user-0"
    },
    {
      "channelContent": {
        "web": {
          "contentFormat": "Markdown",
          "content": "Wenn Sie Ihre Meinung ändern, wählen Sie es einfach erneut in der Liste \"Angeheftet\" aus und wählen \"**Anheften aufheben**\"."
        }
      },
      "id": "d0e4bb5d-7264-4075-8cb3-2a169b399d45",
      "createdTime": "2021-04-18T20:05:38.467Z",
      "updatedTime": "2021-04-18T20:05:38.467Z",
      "createdUserId": "user-0",
      "updatedUserId": "user-0"
    }
  ]
}