{"properties":{"connectionReferences":{},"definition":{"$schema":"https://schema.management.azure.com/providers/Microsoft.Logic/schemas/2016-06-01/workflowdefinition.json#","contentVersion":"1.0.0.0","parameters":{"$authentication":{"defaultValue":{},"type":"SecureObject"}},"triggers":{"manual":{"type":"Request","kind":"VirtualAgent","inputs":{"schema":{"type":"object","properties":{},"required":[]}}}},"actions":{"Return_value(s)_to_Power_Virtual_Agents":{"runAfter":{},"type":"Response","kind":"VirtualAgent","inputs":{"statusCode":200,"body":{"bild_avs":"![Name](https://docs.microsoft.com/sv-se/microsoft-365/media/dlp-teams-blockedmessage-notification.png)","bild_andras_vy":"![Name](https://docs.microsoft.com/en-us/microsoft-365/media/dlp-teams-blockedmessage-notification-to-user.png)"},"schema":{"type":"object","properties":{"bild_avs":{"title":"Bild avs","x-ms-dynamically-added":true,"type":"string"},"bild_andras_vy":{"title":"Bild andras vy","x-ms-dynamically-added":true,"type":"string"}}}}}},"outputs":{}}},"schemaVersion":"1.0.0.0"}