{"properties":{"connectionReferences":{},"definition":{"$schema":"https://schema.management.azure.com/providers/Microsoft.Logic/schemas/2016-06-01/workflowdefinition.json#","contentVersion":"1.0.0.0","parameters":{"$authentication":{"defaultValue":{},"type":"SecureObject"}},"triggers":{"manual":{"type":"Request","kind":"VirtualAgent","inputs":{"schema":{"type":"object","properties":{},"required":[]}}}},"actions":{"Return_value(s)_to_Power_Virtual_Agents":{"runAfter":{},"type":"Response","kind":"VirtualAgent","inputs":{"statusCode":200,"body":{"covid-19":"![Name](https://www.folkhalsomyndigheten.se/globalassets/smittskydd-sjukdomar/sjukdomar/coronavirus/covid-19-23311-cdc-wide.png)","tipscorona":"![Name](https://www.folkhalsomyndigheten.se/globalassets/smittskydd-sjukdomar/sjukdomar/coronavirus/skydda-dig-bildpuff.jpg)"},"schema":{"type":"object","properties":{"covid-19":{"title":"Covid-19","x-ms-dynamically-added":true,"type":"string"},"tipscorona":{"title":"TipsCorona","x-ms-dynamically-added":true,"type":"string"}}}}}},"outputs":{}}},"schemaVersion":"1.0.0.0"}