{"properties":{"connectionReferences":{"shared_office365users_1":{"runtimeSource":"embedded","connection":{"connectionReferenceLogicalName":"new_sharedoffice365users_fbbb1"},"api":{"name":"shared_office365users"}},"shared_teams_1":{"runtimeSource":"embedded","connection":{"connectionReferenceLogicalName":"new_sharedteams_cdbe4"},"api":{"name":"shared_teams"}}},"definition":{"$schema":"https://schema.management.azure.com/providers/Microsoft.Logic/schemas/2016-06-01/workflowdefinition.json#","contentVersion":"1.0.0.0","parameters":{"$connections":{"defaultValue":{},"type":"Object"},"$authentication":{"defaultValue":{},"type":"SecureObject"}},"triggers":{"manual":{"type":"Request","kind":"VirtualAgent","inputs":{"schema":{"type":"object","properties":{"text":{"title":"Användarnamn","type":"string","x-ms-dynamically-added":true,"description":"Användarens visningsnamn i Teams","x-ms-content-hint":"TEXT"},"text_1":{"title":"UPN (AnvändarID)","type":"string","x-ms-dynamically-added":true,"description":"Unikt Användar-ID","x-ms-content-hint":"TEXT"},"text_2":{"title":"Användarens Feedback","type":"string","x-ms-dynamically-added":true,"description":"Feedback användaren skrev till boten","x-ms-content-hint":"TEXT"},"text_3":{"title":"Titel Feedback","type":"string","x-ms-dynamically-added":true,"description":"Titeln användaren gav sin feedback","x-ms-content-hint":"TEXT"},"text_4":{"title":"Typ av Feedback","type":"string","x-ms-dynamically-added":true,"description":"Typ av feedback användaren valde att lämna","x-ms-content-hint":"TEXT"}},"required":["text","text_1","text_2","text_3","text_4"]}}}},"actions":{"Return_value(s)_to_Power_Virtual_Agents":{"runAfter":{"Post_your_own_adaptive_card_as_the_Flow_bot_to_a_channel":["Succeeded"]},"type":"Response","kind":"VirtualAgent","inputs":{"statusCode":200,"body":{},"schema":{"type":"object","properties":{}}}},"Get_user_profile_(V2)":{"runAfter":{},"type":"OpenApiConnection","inputs":{"host":{"connectionName":"shared_office365users_1","operationId":"UserProfile_V2","apiId":"/providers/Microsoft.PowerApps/apis/shared_office365users"},"parameters":{"id":"@triggerBody()['text_1']"},"authentication":"@parameters('$authentication')"}},"Post_your_own_adaptive_card_as_the_Flow_bot_to_a_channel":{"runAfter":{"Get_user_profile_(V2)":["Succeeded"]},"type":"OpenApiConnection","inputs":{"host":{"connectionName":"shared_teams_1","operationId":"PostChannelAdaptiveCard","apiId":"/providers/Microsoft.PowerApps/apis/shared_teams"},"parameters":{"groupId":"15544f0e-b81e-4d3b-ad42-0a57d1e3cd11","PostAdaptiveCardRequest/recipient/channelId":"19:2d44f6c857e446a68e7c7d977feb554f@thread.tacv2","PostAdaptiveCardRequest/messageBody":"{ \n    \"type\": \"AdaptiveCard\",\n    \"body\": [\n        {\n            \"type\": \"TextBlock\",\n            \"size\": \"Large\",\n            \"weight\": \"Bolder\",\n            \"text\": \"Titel på feedback: @{triggerBody()['text_3']}\",\n            \"wrap\": true\n        },\n        {\n            \"type\": \"ColumnSet\",\n            \"columns\": [\n                {\n                    \"type\": \"Column\",\n                    \"items\": [\n                        {\n                            \"type\": \"TextBlock\",\n                            \"text\": \"@{triggerBody()['text']} har gett feedback.\",\n                            \"wrap\": true\n                        }\n                    ],\n                    \"width\": \"stretch\"\n                }\n            ]\n        },\n   {\n            \"type\": \"TextBlock\",\n            \"weight\": \"Bolder\",\n            \"text\": \"Typ: @{triggerBody()['text_4']}\",\n            \"wrap\": true\n        },\n        {\n            \"type\": \"TextBlock\",\n            \"text\": \"Feedback:\n @{triggerBody()['text_2']}\",\n            \"wrap\": true\n        }\n    ],\n    \"$schema\": \"http://adaptivecards.io/schemas/adaptive-card.json\",\n    \"version\": \"1.2\",\n    \"actions\": [\n        {\n            \"type\": \"Action.OpenUrl\",\n            \"title\": \"Chatta med @{outputs('Get_user_profile_(V2)')?['body/displayName']}\",\n            \"url\": \"https://teams.microsoft.com/l/chat/0/0?users=@{outputs('Get_user_profile_(V2)')?['body/userPrincipalName']}\"\n       }\n    ]\n}"},"authentication":"@parameters('$authentication')"}}},"outputs":{}}},"schemaVersion":"1.0.0.0"}