{"properties":{"connectionReferences":{"shared_office365users_1":{"runtimeSource":"embedded","connection":{"connectionReferenceLogicalName":"new_sharedoffice365users_fbbb1"},"api":{"name":"shared_office365users"}},"shared_teams_1":{"runtimeSource":"embedded","connection":{"connectionReferenceLogicalName":"new_sharedteams_cdbe4"},"api":{"name":"shared_teams"}}},"definition":{"$schema":"https://schema.management.azure.com/providers/Microsoft.Logic/schemas/2016-06-01/workflowdefinition.json#","contentVersion":"1.0.0.0","parameters":{"$connections":{"defaultValue":{},"type":"Object"},"$authentication":{"defaultValue":{},"type":"SecureObject"}},"triggers":{"manual":{"type":"Request","kind":"VirtualAgent","inputs":{"schema":{"type":"object","properties":{"text":{"title":"Användarnamn","type":"string","x-ms-dynamically-added":true,"description":"Användarens visningsnamn i Teams","x-ms-content-hint":"TEXT"},"text_1":{"title":"UPN (AnvändarID)","type":"string","x-ms-dynamically-added":true,"description":"Unikt Användar-ID","x-ms-content-hint":"TEXT"},"text_2":{"title":"AnvändarensFråga","type":"string","x-ms-dynamically-added":true,"description":"Frågan användaren skrev till boten","x-ms-content-hint":"TEXT"},"text_3":{"title":"RubrikAnvändarfråga","type":"string","x-ms-dynamically-added":true,"description":"Användarens angivna rubrik till frågan","x-ms-content-hint":"TEXT"}},"required":["text","text_1","text_2","text_3"]}}}},"actions":{"Return_value(s)_to_Power_Virtual_Agents":{"runAfter":{"Publicera_ditt_eget_adaptiva_kort_som_flödesroboten_till_en_kanal":["Succeeded"]},"type":"Response","kind":"VirtualAgent","inputs":{"statusCode":200,"body":{},"schema":{"type":"object","properties":{}}}},"Hämta_användarprofilen_(V2)":{"runAfter":{},"type":"OpenApiConnection","inputs":{"host":{"connectionName":"shared_office365users_1","operationId":"UserProfile_V2","apiId":"/providers/Microsoft.PowerApps/apis/shared_office365users"},"parameters":{"id":"@triggerBody()['text_1']"},"authentication":"@parameters('$authentication')"}},"Publicera_ditt_eget_adaptiva_kort_som_flödesroboten_till_en_kanal":{"runAfter":{"Hämta_användarprofilen_(V2)":["Succeeded"]},"type":"OpenApiConnection","inputs":{"host":{"connectionName":"shared_teams_1","operationId":"PostChannelAdaptiveCard","apiId":"/providers/Microsoft.PowerApps/apis/shared_teams"},"parameters":{"groupId":"15544f0e-b81e-4d3b-ad42-0a57d1e3cd11","PostAdaptiveCardRequest/recipient/channelId":"19:7a1da698c92547e5b3ded9ef74747022@thread.tacv2","PostAdaptiveCardRequest/messageBody":"{ \n    \"type\": \"AdaptiveCard\",\n    \"body\": [\n        {\n            \"type\": \"TextBlock\",\n            \"size\": \"Large\",\n            \"weight\": \"Bolder\",\n            \"text\": \"Hjälp önskas med: @{triggerBody()['text_3']}\",\n            \"wrap\": true\n        },\n        {\n            \"type\": \"ColumnSet\",\n            \"columns\": [\n                {\n                    \"type\": \"Column\",\n                    \"items\": [\n                        {\n                            \"type\": \"TextBlock\",\n                            \"text\": \"@{triggerBody()['text']} önskar svar på sin fråga.\",\n                            \"wrap\": true\n                        }\n                    ],\n                    \"width\": \"stretch\"\n                }\n            ]\n        },\n        {\n            \"type\": \"TextBlock\",\n            \"text\": \"Rubrik: @{triggerBody()['text_3']}\",\n            \"wrap\": true\n        },\n        {\n            \"type\": \"TextBlock\",\n            \"text\": \"Fråga: @{triggerBody()['text_2']}\",\n            \"wrap\": true\n        }\n    ],\n    \"$schema\": \"http://adaptivecards.io/schemas/adaptive-card.json\",\n    \"version\": \"1.2\",\n    \"actions\": [\n        {\n            \"type\": \"Action.OpenUrl\",\n            \"title\": \"Chatta med @{triggerBody()['text']}\",\n            \"url\": \"https://teams.microsoft.com/l/chat/0/0?users=@{outputs('Hämta_användarprofilen_(V2)')?['body/userPrincipalName']}\"\n        }\n    ]\n}"},"authentication":"@parameters('$authentication')"}}},"outputs":{}}},"schemaVersion":"1.0.0.0"}