<botcomponent schemaname="new_topic_f98a24608ee04cb998de3e3e32703d5b_33d5123770ba4daeafae51b361ddc80a">
  <componenttype>0</componenttype>
  <description>Lezione 1 - Questa lezione illustrerà come creare un argomento semplice con una diramazione condizionale.

Nelle prossime lezioni illustreremo come aggiungere e definire variabili, condizioni ed entità.

Benvenuto/a in Power Virtual Agents!</description>
  <iscustomizable>1</iscustomizable>
  <name>Lezione 1 - Un argomento semplice</name>
  <statecode>0</statecode>
  <statuscode>1</statuscode>
</botcomponent>