{
  "intents": [
    {
      "triggerQueries": [
        "Quando siete chiusi",
        "Quando siete aperti",
        "Orario di negozio",
        "Orario di apertura giornaliero"
      ],
      "dialogId": "new_topic_f98a24608ee04cb998de3e3e32703d5b_33d5123770ba4daeafae51b361ddc80a",
      "isTriggeringEnabled": false,
      "id": "new_topic_f98a24608ee04cb998de3e3e32703d5b_33d5123770ba4daeafae51b361ddc80a",
      "displayName": "Lezione 1 - Un argomento semplice",
      "description": "Lezione 1 - Questa lezione illustrerà come creare un argomento semplice con una diramazione condizionale.\n\nNelle prossime lezioni illustreremo come aggiungere e definire variabili, condizioni ed entità.\n\nBenvenuto/a in Power Virtual Agents!",
      "createdTime": "2019-01-15T00:00:00Z",
      "updatedTime": "2022-04-15T16:19:02.6488773Z",
      "createdUserId": "user0",
      "updatedUserId": "9451fc51-e00d-4445-8ff9-efb70866dc3b"
    }
  ],
  "dialogs": [
    {
      "rootNodeId": "e901982c-a22d-4074-b8c7-f7842977a047",
      "messageNodes": [
        {
          "botMessageId": "159e7c92-8871-41a0-a739-9f67085f995f",
          "nodeType": "BotMessageNode",
          "id": "e901982c-a22d-4074-b8c7-f7842977a047",
          "defaultTargetNodeId": "1f6c0946-4d56-4714-96f5-15e2247e953b"
        },
        {
          "botMessageId": "614e2fa3-2cf0-42e3-a2eb-18f9fb274ee6",
          "nodeType": "BotMessageNode",
          "id": "1f6c0946-4d56-4714-96f5-15e2247e953b",
          "defaultTargetNodeId": "6e127cd1-99ff-4c5e-8f3e-9ae93c0d4777"
        }
      ],
      "dialogChangeNodes": [
        {
          "targetDialogId": "new_topic_f98a24608ee04cb998de3e3e32703d5b_aeabea4d071f415c8c107e1cb7af5424_assumedsuccess",
          "nodeType": "DialogChangeNode",
          "id": "6e127cd1-99ff-4c5e-8f3e-9ae93c0d4777"
        }
      ],
      "id": "new_topic_f98a24608ee04cb998de3e3e32703d5b_33d5123770ba4daeafae51b361ddc80a",
      "displayName": "Finestra di dialogo",
      "createdTime": "2019-01-15T00:00:00Z",
      "updatedTime": "2022-04-15T16:17:56.6043799Z",
      "createdUserId": "user0",
      "updatedUserId": "9451fc51-e00d-4445-8ff9-efb70866dc3b"
    }
  ],
  "botMessages": [
    {
      "channelContent": {
        "web": {
          "contentFormat": "Markdown",
          "content": "Sono felice di poterti aiutare con gli orari del negozio."
        }
      },
      "id": "159e7c92-8871-41a0-a739-9f67085f995f",
      "createdTime": "2019-01-15T00:00:00Z",
      "updatedTime": "2022-04-15T16:17:56.6043799Z",
      "createdUserId": "user0",
      "updatedUserId": "9451fc51-e00d-4445-8ff9-efb70866dc3b"
    },
    {
      "channelContent": {
        "web": {
          "contentFormat": "Markdown",
          "content": "Gli orari di Roma  sono:\n\n*   Lun-Ven: dalle 9 alle 18\n*   Sab: dalle 10 alle 16\n*   Dom: chiuso\n\nGli orari di Napoli sono:\n\n*   Lun-Ven: dalle 9 alle 18\n*   Sab-Dom: dalle 10 alle 16"
        }
      },
      "id": "614e2fa3-2cf0-42e3-a2eb-18f9fb274ee6",
      "createdTime": "2019-10-24T04:02:13.435Z",
      "updatedTime": "2022-04-15T16:17:56.6043799Z",
      "createdUserId": "user0",
      "updatedUserId": "9451fc51-e00d-4445-8ff9-efb70866dc3b"
    }
  ]
}