{
  "intents": [
    {
      "endUserOverrideName": "M365 groep aanmaken",
      "triggerQueries": [
        "hoe maak ik een office365 groep aan",
        "beheren wie groepen aanmaken",
        "beheren wie o365 groep aanmaakt",
        "wie mag microsoft 365 groep aanmaken",
        "wie mag office365 groep aanmaken",
        "wie ma groep aanmaken",
        "Wie kan office 365 groep aanmaken",
        "Wie kan O365 groep aanmaken",
        "Wie kan Microsoft 365 groepen aanmaken?"
      ],
      "dialogId": "new_topic_cd98b811bce94ab49b738ad580ae05b4",
      "isTriggeringEnabled": true,
      "id": "new_topic_cd98b811bce94ab49b738ad580ae05b4",
      "displayName": "Wie kan Microsoft 365 groepen aanmaken?",
      "description": "",
      "createdTime": "2021-03-20T07:56:12.51683Z",
      "updatedTime": "2021-03-29T22:40:06.7734936Z",
      "createdUserId": "c1e90dc0-1df0-459d-8164-0dcb7915deaf",
      "updatedUserId": "c1e90dc0-1df0-459d-8164-0dcb7915deaf"
    }
  ],
  "dialogs": [
    {
      "rootNodeId": "b46837dc-5d0b-49ca-885a-c72b177cb537",
      "messageNodes": [
        {
          "botMessageId": "9d7478ab-a45a-462a-b7a1-adee83ea018d",
          "nodeType": "BotMessageNode",
          "id": "09392b64-a014-4fac-9384-51cceafde79e",
          "defaultTargetNodeId": "9dbf5491-0ccf-4b37-80a1-f2a924217030"
        },
        {
          "botMessageId": "e78b7af8-8a5b-4bb7-bbad-02888e8536cc",
          "nodeType": "BotMessageNode",
          "id": "9dbf5491-0ccf-4b37-80a1-f2a924217030",
          "defaultTargetNodeId": "ec254d32-2f0e-4ce0-b2d5-166db9c5623f"
        },
        {
          "botMessageId": "8c45a584-df29-438d-af5d-daf100eec5bf",
          "nodeType": "BotMessageNode",
          "id": "ec254d32-2f0e-4ce0-b2d5-166db9c5623f",
          "defaultTargetNodeId": "f5da7d82-e8bd-42d2-b87f-df1157163ca7"
        },
        {
          "botMessageId": "2a2c3a8e-b59e-4e3e-8a9f-a69a7723619d",
          "nodeType": "BotMessageNode",
          "id": "b46837dc-5d0b-49ca-885a-c72b177cb537",
          "defaultTargetNodeId": "09392b64-a014-4fac-9384-51cceafde79e"
        }
      ],
      "dialogChangeNodes": [
        {
          "targetDialogId": "new_topic_9d295c394a47419da3b4d205b7ed4c20_aeabea4d071f415c8c107e1cb7af5424_assumedsuccess",
          "nodeType": "DialogChangeNode",
          "id": "f5da7d82-e8bd-42d2-b87f-df1157163ca7"
        }
      ],
      "id": "new_topic_cd98b811bce94ab49b738ad580ae05b4",
      "displayName": "Dialog for Wie kan Microsoft 365 groepen aanmaken?",
      "createdTime": "2021-03-20T07:56:12.51683Z",
      "updatedTime": "2021-03-29T22:40:33.0259556Z",
      "createdUserId": "c1e90dc0-1df0-459d-8164-0dcb7915deaf",
      "updatedUserId": "c1e90dc0-1df0-459d-8164-0dcb7915deaf"
    }
  ],
  "botMessages": [
    {
      "channelContent": {
        "web": {
          "contentFormat": "Markdown",
          "content": "Standaard kunnen alle gebruikers Microsoft 365-groepen maken. Dit is de aanbevolen methode, omdat gebruikers hiermee kunnen samenwerken zonder hulp van IT nodig te hebben."
        }
      },
      "id": "9d7478ab-a45a-462a-b7a1-adee83ea018d",
      "createdTime": "2021-03-20T07:56:12.51683Z",
      "updatedTime": "2021-03-20T07:56:12.51683Z",
      "createdUserId": "c1e90dc0-1df0-459d-8164-0dcb7915deaf",
      "updatedUserId": "c1e90dc0-1df0-459d-8164-0dcb7915deaf"
    },
    {
      "channelContent": {
        "web": {
          "contentFormat": "Markdown",
          "content": "Als uw organisatie vereist dat u beperkt wie groepen kan maken, kunt u het maken van Microsoft 365-groepen beperken tot de leden van een bepaalde Microsoft 365-groep of beveiligingsgroep."
        }
      },
      "id": "e78b7af8-8a5b-4bb7-bbad-02888e8536cc",
      "createdTime": "2021-03-20T07:56:53.328Z",
      "updatedTime": "2021-03-20T07:56:53.328Z",
      "createdUserId": "user-0",
      "updatedUserId": "user-0"
    },
    {
      "channelContent": {
        "web": {
          "contentFormat": "Markdown",
          "content": "[Meer info.](https://docs.microsoft.com/nl-nl/microsoft-365/solutions/manage-creation-of-groups?view=o365-worldwide)"
        }
      },
      "id": "8c45a584-df29-438d-af5d-daf100eec5bf",
      "createdTime": "2021-03-20T07:57:01.583Z",
      "updatedTime": "2021-03-20T07:57:01.583Z",
      "createdUserId": "user-0",
      "updatedUserId": "user-0"
    },
    {
      "channelContent": {
        "web": {
          "contentFormat": "Markdown",
          "content": "_**Let op:** Dit is afhankelijk van de instellingen in uw organisatie._"
        }
      },
      "id": "2a2c3a8e-b59e-4e3e-8a9f-a69a7723619d",
      "createdTime": "2021-03-20T07:57:15.042Z",
      "updatedTime": "2021-03-20T07:57:15.042Z",
      "createdUserId": "user-0",
      "updatedUserId": "user-0"
    }
  ],
  "createdUtc": "0001-01-01T00:00:00Z"
}