{
  "intents": [
    {
      "intentType": "Regular",
      "endUserOverrideName": "Spotlight someone in a meeting?",
      "triggerQueries": [
        "pin the presenter's video for everyone in the meeting",
        "pin my video for everyone during meeting",
        "focus attention on my video",
        "use spotlight",
        "using spotlight",
        "pay attention to someone's video",
        "Show my video feed in fullscreen during meeting",
        "put spotlight on me",
        "Lock the picture on someone's video",
        "Lock the picture on the person who speaks for everyone",
        "Lock the picture on the presenter",
        "Use spotlight to focus on someone during a meeting?"
      ],
      "dialogId": "new_topic_98ba3030c7384031890a995c8357324c",
      "isTriggeringEnabled": true,
      "id": "new_topic_98ba3030c7384031890a995c8357324c",
      "displayName": "Use spotlight to draw the attention of someone during a meeting?",
      "description": "https://adoptbotv2kb.blob.core.windows.net/%24web/AdoptBot2021-English.docx",
      "createdTime": "2021-01-13T22:20:51.2381463Z",
      "updatedTime": "2021-01-27T20:00:10.0257294Z",
      "createdUserId": "f04d3cd9-b73d-4ba9-a1ed-9319eba29b21",
      "updatedUserId": "f04d3cd9-b73d-4ba9-a1ed-9319eba29b21"
    }
  ],
  "dialogs": [
    {
      "rootNodeId": "5cee5341-d506-41f9-a1cf-390384a1eef0",
      "messageNodes": [
        {
          "botMessageId": "9af3d53f-6251-4f3e-907f-57096a313d21",
          "nodeType": "BotMessageNode",
          "id": "5cee5341-d506-41f9-a1cf-390384a1eef0",
          "defaultTargetNodeId": "74a9e395-a4e2-499d-989e-c3ca36ce8ea9"
        },
        {
          "botMessageId": "7ef85122-21f7-42a0-b69a-6669ecfabfeb",
          "nodeType": "BotMessageNode",
          "id": "74a9e395-a4e2-499d-989e-c3ca36ce8ea9",
          "defaultTargetNodeId": "718be019-2595-4e87-a3b8-5b2afed54b44"
        },
        {
          "botMessageId": "793d45a0-3bfb-4014-b977-07d0ae70fbd2",
          "nodeType": "BotMessageNode",
          "id": "718be019-2595-4e87-a3b8-5b2afed54b44",
          "defaultTargetNodeId": "5fade606-9b6b-482f-a4c1-8d21f7b08641"
        }
      ],
      "dialogChangeNodes": [
        {
          "targetDialogId": "new_topic_eac3f49c99664313a9d9dc19d80a79a2_aeabea4d071f415c8c107e1cb7af5424_assumedsuccess",
          "nodeType": "DialogChangeNode",
          "id": "5fade606-9b6b-482f-a4c1-8d21f7b08641"
        }
      ],
      "id": "new_topic_98ba3030c7384031890a995c8357324c",
      "displayName": "Dialog for Use spotlight to draw the attention of someone during a meeting?",
      "createdTime": "2021-01-13T22:20:51.2381463Z",
      "updatedTime": "2021-01-27T20:01:44.166609Z",
      "createdUserId": "f04d3cd9-b73d-4ba9-a1ed-9319eba29b21",
      "updatedUserId": "f04d3cd9-b73d-4ba9-a1ed-9319eba29b21"
    }
  ],
  "botMessages": [
    {
      "channelContent": {
        "web": {
          "contentFormat": "Markdown",
          "content": "[Spotlighting someone’s video](https://support.microsoft.com/en-us/office/spotlight-someone-s-video-in-a-teams-meeting-58be74a4-efac-4e89-a212-8d198182081e) is like pinning it for everyone in the meeting.\n\n**If you're an organizer or presenter**, you can choose that any user's video (including your own) should be the main video all participants see."
        }
      },
      "id": "9af3d53f-6251-4f3e-907f-57096a313d21",
      "createdTime": "2021-01-13T22:20:51.2381463Z",
      "updatedTime": "2021-01-13T22:20:51.2381463Z",
      "createdUserId": "f04d3cd9-b73d-4ba9-a1ed-9319eba29b21",
      "updatedUserId": "f04d3cd9-b73d-4ba9-a1ed-9319eba29b21"
    },
    {
      "channelContent": {
        "web": {
          "contentFormat": "Markdown",
          "content": "There are two ways:\n\n1.  Right-click/touch the person's video feed and choose **Spotlight** from the menu.\n2.  Or choose the person you wish to spotlight in the **Participants pane**. Right-click/touch the **participant > Spotlight**."
        }
      },
      "id": "7ef85122-21f7-42a0-b69a-6669ecfabfeb",
      "createdTime": "2021-01-27T19:54:15.106Z",
      "updatedTime": "2021-01-27T19:54:15.106Z",
      "createdUserId": "user-0",
      "updatedUserId": "user-0"
    },
    {
      "channelContent": {
        "web": {
          "contentFormat": "Markdown",
          "content": "When you're ready to exit the spotlight, select the person again and **Exit spotlight**."
        }
      },
      "id": "793d45a0-3bfb-4014-b977-07d0ae70fbd2",
      "createdTime": "2021-01-27T19:56:38.332Z",
      "updatedTime": "2021-01-27T19:56:38.332Z",
      "createdUserId": "user-0",
      "updatedUserId": "user-0"
    }
  ]
}