{
  "intents": [
    {
      "endUserOverrideName": "Tilgang til filer uten internett",
      "triggerQueries": [
        "Jeg er frakoblet men vil ha tilgang til filene mine",
        "Kan jeg få tilgang til filene uten internett?",
        "Få tilgang til filene selv om jeg er frakoblet",
        "Hvordan får jeg tilgang til filene mine når jeg er frakoblet og uten internett?"
      ],
      "dialogId": "new_topic_86bf975bd5e04df1bd058c4580a08a31",
      "isTriggeringEnabled": true,
      "id": "new_topic_86bf975bd5e04df1bd058c4580a08a31",
      "displayName": "Hvordan får jeg tilgang til filene mine når jeg er frakoblet og uten internett?",
      "description": "",
      "createdTime": "2021-04-12T15:27:34.9068325Z",
      "updatedTime": "2021-04-21T18:30:04.6775999Z",
      "createdUserId": "ef0c8b9a-eff1-49f8-92fa-fd1d3e15e1ba",
      "updatedUserId": "ef0c8b9a-eff1-49f8-92fa-fd1d3e15e1ba"
    }
  ],
  "dialogs": [
    {
      "rootNodeId": "b2d7600c-b860-435b-8c81-9bc592446950",
      "messageNodes": [
        {
          "botMessageId": "07ff7f32-0693-4df8-8fae-978ccb2a889e",
          "nodeType": "BotMessageNode",
          "id": "b2d7600c-b860-435b-8c81-9bc592446950",
          "defaultTargetNodeId": "07b6735e-2780-4e9d-b32f-c95da998085e"
        }
      ],
      "dialogChangeNodes": [
        {
          "targetDialogId": "new_topic_89c49d37fd4c4c1c9144396960733ce1_aeabea4d071f415c8c107e1cb7af5424_assumedsuccess",
          "nodeType": "DialogChangeNode",
          "id": "07b6735e-2780-4e9d-b32f-c95da998085e"
        }
      ],
      "id": "new_topic_86bf975bd5e04df1bd058c4580a08a31",
      "displayName": "Dialog for Hvordan får jeg tilgang til filene mine når jeg er frakoblet og uten internet?",
      "createdTime": "2021-04-12T15:27:34.9068325Z",
      "updatedTime": "2021-04-22T07:32:28.431686Z",
      "createdUserId": "ef0c8b9a-eff1-49f8-92fa-fd1d3e15e1ba",
      "updatedUserId": "ef0c8b9a-eff1-49f8-92fa-fd1d3e15e1ba"
    }
  ],
  "botMessages": [
    {
      "channelContent": {
        "web": {
          "contentFormat": "Markdown",
          "content": "Mens du er online så kan du endre innstillingene dine slik at filene blir lastet ned for offline bruk. Instruksene finner du [her](https://support.microsoft.com/nb-no/office/synkronisere-filer-med-onedrive-i-windows-615391c4-2bd3-4aae-a42a-858262e42a49?ui=nb-NO&rs=nb-NO&ad=NO)."
        }
      },
      "id": "07ff7f32-0693-4df8-8fae-978ccb2a889e",
      "createdTime": "2021-04-12T15:27:34.9068325Z",
      "updatedTime": "2021-04-12T15:27:34.9068325Z",
      "createdUserId": "ef0c8b9a-eff1-49f8-92fa-fd1d3e15e1ba",
      "updatedUserId": "ef0c8b9a-eff1-49f8-92fa-fd1d3e15e1ba"
    }
  ],
  "createdUtc": "0001-01-01T00:00:00Z"
}