{
  "intents": [
    {
      "endUserOverrideName": "從Teams會議中撥出國際電話",
      "triggerQueries": [
        "Dial out from Teams meeting so others can join internationally?",
        "Dialing out from a Microsoft Teams meeting so other people can join it",
        "invite other callers to a teams meeting",
        "can I dial out internationally and invite other callers?",
        "Dial out to international numbers in a meeting?",
        "International calling in Teams?",
        "Make calls outside of my country?",
        "Make international calls",
        "call in meeting participants with foreign numbers",
        "International phone calls in the meeting?",
        "Invite by phone number outside of the UK?",
        "Invite by overseas phone number?",
        "Invite by phone number outside of the country?",
        "Invite by phone number outside of the US?",
        "Call in international participants",
        "How can we call someone into the meeting from another country?",
        "Call in guests from abroad in the meeting",
        "邀請國外人員加入會議",
        "用國際電話號碼邀請",
        "在會議中撥通國際電話",
        "在會議中撥電話",
        "國際電話",
        "撥通國際電話",
        "用Teams會議撥出讓在國外的人能加入",
        "用Teams會議撥出讓其他人能加入",
        "邀請其他撥入者進行會議",
        "我可以撥打國際電話並邀請其他通話對象嗎",
        "會議中撥出給國際電話號碼",
        "Teams裡的國際電話",
        "撥打往國外的電話",
        "撥打國際電話",
        "用國際電話撥入的參與者",
        "會議中的國際電話",
        "用電話邀請不在英國的人員",
        "用國際電話進行邀請",
        "用電話邀請不在國內的人員",
        "用電話邀請不在美國的人員",
        "國外人員撥入",
        "我們怎麼呼叫在國外的人員進入會議",
        "國外的來賓撥入會議",
        "在Teams會議中的參與者可以撥打國際電話嗎"
      ],
      "dialogId": "new_topic_1b12f8578f21459fb03c9f067dfda9bc",
      "isTriggeringEnabled": true,
      "id": "new_topic_1b12f8578f21459fb03c9f067dfda9bc",
      "displayName": "會議參與者能在會議中撥通國際電話嗎?",
      "description": "https://adoptbotv2kb.blob.core.windows.net/%24web/AdoptBot2021-English.docx",
      "createdTime": "2021-11-17T03:30:45.6362136Z",
      "updatedTime": "2021-11-22T10:36:58.5339128Z",
      "createdUserId": "9c968d43-f7c2-4e28-895c-1f6bcefcd8be",
      "updatedUserId": "9c968d43-f7c2-4e28-895c-1f6bcefcd8be"
    }
  ],
  "dialogs": [
    {
      "rootNodeId": "6032af19-131e-4cdb-b413-1785e777d28d",
      "messageNodes": [
        {
          "botMessageId": "1b09125f-c45c-4aec-a3d0-1f28dffdd399",
          "nodeType": "BotMessageNode",
          "id": "6032af19-131e-4cdb-b413-1785e777d28d",
          "defaultTargetNodeId": "a86b0ac2-496a-48ba-ba28-78042e61ca32"
        },
        {
          "botMessageId": "be993589-6f64-4c94-a613-25c8bc8c916e",
          "nodeType": "BotMessageNode",
          "id": "a86b0ac2-496a-48ba-ba28-78042e61ca32",
          "defaultTargetNodeId": "a13fb0f7-a82e-4b08-a258-c8aa40ad260c"
        }
      ],
      "dialogChangeNodes": [
        {
          "targetDialogId": "new_topic_e2d1671328b941dbb60fa7150059b1ee_aeabea4d071f415c8c107e1cb7af5424_assumedsuccess",
          "nodeType": "DialogChangeNode",
          "id": "a13fb0f7-a82e-4b08-a258-c8aa40ad260c"
        }
      ],
      "id": "new_topic_1b12f8578f21459fb03c9f067dfda9bc",
      "displayName": "Dialog for 會議參與者能在會議中撥通國際電話嗎?",
      "createdTime": "2021-11-17T03:30:45.6362136Z",
      "updatedTime": "2021-11-22T10:36:58.5339128Z",
      "createdUserId": "9c968d43-f7c2-4e28-895c-1f6bcefcd8be",
      "updatedUserId": "9c968d43-f7c2-4e28-895c-1f6bcefcd8be"
    }
  ],
  "botMessages": [
    {
      "channelContent": {
        "web": {
          "contentFormat": "Markdown",
          "content": "參與者能撥通國際電話並邀請其他人員到Teams會議當中。[請見此連結](https://docs.microsoft.com/zh-tw/microsoftteams/dialing-out-from-a-teams-meeting-so-other-people-can-join-it)。"
        }
      },
      "id": "1b09125f-c45c-4aec-a3d0-1f28dffdd399",
      "createdTime": "2021-11-17T03:30:45.6362136Z",
      "updatedTime": "2021-11-17T03:30:45.6362136Z",
      "createdUserId": "9c968d43-f7c2-4e28-895c-1f6bcefcd8be",
      "updatedUserId": "9c968d43-f7c2-4e28-895c-1f6bcefcd8be"
    },
    {
      "channelContent": {
        "web": {
          "contentFormat": "Markdown",
          "content": "💡請注意：\n\n*   此功能需視組織管理設定開放。\n*   會議召集人獲 [授予線上撥出政策，可啟用從會議撥出功能](https://docs.microsoft.com/zh-tw/powershell/module/skype/grant-csdialoutpolicy?view=skype-ps)"
        }
      },
      "id": "be993589-6f64-4c94-a613-25c8bc8c916e",
      "createdTime": "2021-11-22T10:31:19.498Z",
      "updatedTime": "2021-11-22T10:31:19.498Z",
      "createdUserId": "user-0",
      "updatedUserId": "user-0"
    }
  ]
}