{
  "intents": [
    {
      "triggerQueries": [
        "채팅 사람 추가",
        "그룹 채팅 수정 방법",
        "그룹 채팅 만들기",
        "팀 없이 그룹 채팅",
        "그룹 채팅 시작",
        "그룹 채팅은 어떻게 시작합니까?"
      ],
      "dialogId": "new_topic_dbc994f2ab224aaeb0661fb6e2b28e2f",
      "isTriggeringEnabled": true,
      "id": "new_topic_dbc994f2ab224aaeb0661fb6e2b28e2f",
      "displayName": "그룹 채팅은 어떻게 시작합니까?",
      "description": "https://adoptbotv2kb.blob.core.windows.net/%24web/adoptbot2021-Korean.docx",
      "createdTime": "2021-03-18T03:39:18.7446546Z",
      "updatedTime": "2021-04-09T07:10:07.2157665Z",
      "createdUserId": "e47109d8-0300-4e59-a90d-56bb29886c9e",
      "updatedUserId": "e47109d8-0300-4e59-a90d-56bb29886c9e"
    }
  ],
  "dialogs": [
    {
      "rootNodeId": "36924591-ecea-4e14-9b0d-b602c5b9830f",
      "messageNodes": [
        {
          "botMessageId": "d06b2ce2-eec3-4be6-b700-672dd7af12ab",
          "nodeType": "BotMessageNode",
          "id": "5f3a329e-f9c8-4fa8-b8af-ae25f17f95f4",
          "defaultTargetNodeId": "e254c470-35db-4b92-93f0-e3136b0a9496"
        },
        {
          "botMessageId": "4899ef1e-b39a-4042-8595-e890ab9ab40b",
          "nodeType": "BotMessageNode",
          "id": "36924591-ecea-4e14-9b0d-b602c5b9830f",
          "defaultTargetNodeId": "5f3a329e-f9c8-4fa8-b8af-ae25f17f95f4"
        },
        {
          "botMessageId": "c1dfd8eb-32e6-43c1-8c27-5eecd08d1d5c",
          "nodeType": "BotMessageNode",
          "id": "e254c470-35db-4b92-93f0-e3136b0a9496",
          "defaultTargetNodeId": "e748e40e-a832-4d96-ae4d-0562ac2c16a1"
        }
      ],
      "dialogChangeNodes": [
        {
          "targetDialogId": "new_topic_2bf23930c1d146129dfe38bacb94ccd0_aeabea4d071f415c8c107e1cb7af5424_assumedsuccess",
          "nodeType": "DialogChangeNode",
          "id": "e748e40e-a832-4d96-ae4d-0562ac2c16a1"
        }
      ],
      "id": "new_topic_dbc994f2ab224aaeb0661fb6e2b28e2f",
      "displayName": "Dialog for 그룹 채팅은 어떻게 시작합니까?",
      "createdTime": "2021-03-18T03:39:18.7446546Z",
      "updatedTime": "2021-04-09T07:09:56.6625128Z",
      "createdUserId": "e47109d8-0300-4e59-a90d-56bb29886c9e",
      "updatedUserId": "e47109d8-0300-4e59-a90d-56bb29886c9e"
    }
  ],
  "botMessages": [
    {
      "channelContent": {
        "web": {
          "contentFormat": "Markdown",
          "content": "**이미 진행 중이던 채팅에 사람을 추가하려면**\n\n1.  **사람 추가** 를 클릭하기만 하면 됩니다.\n\n그룹 채팅 이 자동으로 시작됩니다 .\n\n새 사람이 채팅 기록의 모두, 일부 또는 포함하지 않음 여부를 선택합니다."
        }
      },
      "id": "d06b2ce2-eec3-4be6-b700-672dd7af12ab",
      "createdTime": "2021-03-18T03:39:18.7446546Z",
      "updatedTime": "2021-03-18T03:39:18.7446546Z",
      "createdUserId": "e47109d8-0300-4e59-a90d-56bb29886c9e",
      "updatedUserId": "e47109d8-0300-4e59-a90d-56bb29886c9e"
    },
    {
      "channelContent": {
        "web": {
          "contentFormat": "Markdown",
          "content": "**개인 메시지를 보내려면**\n\n1.  먼저 앱 상단의 **새 채팅**을 클릭하여 새 대화를 시작합니다.\n2.  대상 필드에서 **채팅할 사람 또는 사용자의 이름을 입력**합니다.\n3.  메시지를 작성하고 보내기를 클릭"
        }
      },
      "id": "4899ef1e-b39a-4042-8595-e890ab9ab40b",
      "createdTime": "2021-04-09T07:07:40.825Z",
      "updatedTime": "2021-04-09T07:07:40.825Z",
      "createdUserId": "user-0",
      "updatedUserId": "user-0"
    },
    {
      "channelContent": {
        "web": {
          "contentFormat": "Markdown",
          "content": "💡 **팁:** 그룹 채팅의 이름을 지정하는 것을 기억하세요. 쉽게 찾을 수 있으며 모든 사람이 당신이 말하는 것을 모든 사람이 이해하게 됩니다."
        }
      },
      "id": "c1dfd8eb-32e6-43c1-8c27-5eecd08d1d5c",
      "createdTime": "2021-04-09T07:09:14.587Z",
      "updatedTime": "2021-04-09T07:09:14.587Z",
      "createdUserId": "user-0",
      "updatedUserId": "user-0"
    }
  ],
  "createdUtc": "0001-01-01T00:00:00Z"
}