{
  "intents": [
    {
      "triggerQueries": [
        "Pisanie tytułów w moich wiadomościach",
        "Jak mogę tytułować moje posty?",
        "Czy moje posty mogą mieć nagłówki?",
        "Jak dodać tytuł do posta?",
        "Dlaczego warto tytułować moje posty?",
        "Umieszczanie nagłówka w moim poście",
        "Dodawanie tytułu do posta",
        "Jak mogę dodać tytuł do wpisu?"
      ],
      "dialogId": "new_topic_50f63b9e832b48f1a78ec4dcfbe4cc62",
      "isTriggeringEnabled": true,
      "id": "new_topic_50f63b9e832b48f1a78ec4dcfbe4cc62",
      "displayName": "Jak mogę dodać tytuł do wpisu?",
      "description": "",
      "createdTime": "2021-09-27T10:05:50.1483347Z",
      "updatedTime": "2021-10-11T15:12:43.5559236Z",
      "createdUserId": "28fac8cb-bec7-48c9-a688-5024cf318b8a",
      "updatedUserId": "28fac8cb-bec7-48c9-a688-5024cf318b8a"
    }
  ],
  "dialogs": [
    {
      "rootNodeId": "1dee3306-8ee0-4e60-8aea-b3a3cc19661c",
      "messageNodes": [
        {
          "botMessageId": "dc0d5029-2078-40d3-be62-d25e3ee7f747",
          "nodeType": "BotMessageNode",
          "id": "1dee3306-8ee0-4e60-8aea-b3a3cc19661c",
          "defaultTargetNodeId": "88b45416-3b8b-4eec-b2c2-ba5f30021f96"
        },
        {
          "botMessageId": "26e3cf36-0653-4a9e-8ac8-961be8cb7e67",
          "nodeType": "BotMessageNode",
          "id": "88b45416-3b8b-4eec-b2c2-ba5f30021f96",
          "defaultTargetNodeId": "b90f3c6b-5c60-4c3c-8a39-abb2406e0519"
        }
      ],
      "dialogChangeNodes": [
        {
          "targetDialogId": "new_topic_d4ee79ce05584b519ee7d416fda7e2a3_aeabea4d071f415c8c107e1cb7af5424_assumedsuccess",
          "nodeType": "DialogChangeNode",
          "id": "b90f3c6b-5c60-4c3c-8a39-abb2406e0519"
        }
      ],
      "id": "new_topic_50f63b9e832b48f1a78ec4dcfbe4cc62",
      "displayName": "Dialog for Jak mogę dodać tytuł do wpisu?",
      "createdTime": "2021-09-27T10:05:50.1483347Z",
      "updatedTime": "2021-10-11T15:16:34.7757674Z",
      "createdUserId": "28fac8cb-bec7-48c9-a688-5024cf318b8a",
      "updatedUserId": "28fac8cb-bec7-48c9-a688-5024cf318b8a"
    }
  ],
  "botMessages": [
    {
      "channelContent": {
        "web": {
          "contentFormat": "Markdown",
          "content": "Możesz użyć tytułu i podtytułów, aby wyróżnić swoją wiadomość. To pomoże Ci ją później wyszukać."
        }
      },
      "id": "dc0d5029-2078-40d3-be62-d25e3ee7f747",
      "createdTime": "2021-09-27T10:05:50.1483347Z",
      "updatedTime": "2021-09-27T10:05:50.1483347Z",
      "createdUserId": "28fac8cb-bec7-48c9-a688-5024cf318b8a",
      "updatedUserId": "28fac8cb-bec7-48c9-a688-5024cf318b8a"
    },
    {
      "channelContent": {
        "web": {
          "contentFormat": "Markdown",
          "content": "Aby dodać tekst jako temat wiadomości, zaznacz przycisk formatowania (wygląda jak A z ołówkiem) i dodaj tytuł."
        }
      },
      "id": "26e3cf36-0653-4a9e-8ac8-961be8cb7e67",
      "createdTime": "2021-10-11T15:13:31.961Z",
      "updatedTime": "2021-10-11T15:13:31.961Z",
      "createdUserId": "user-0",
      "updatedUserId": "user-0"
    }
  ]
}