{
  "intents": [
    {
      "triggerQueries": [
        "Town hall",
        "Kan man stream ett möte i teams?",
        "Vad är en livehändelse i Microsoft teams?",
        "Vad är ett live event i Microsoft Teams?",
        "Vad är Live events (Livehändelser)?"
      ],
      "dialogId": "new_topic_cb7697da5afa43fc83cff24d1ac3744f",
      "isTriggeringEnabled": true,
      "id": "new_topic_cb7697da5afa43fc83cff24d1ac3744f",
      "displayName": "Vad är Live Events (Livehändelser)?",
      "description": "",
      "createdTime": "2020-11-24T14:37:53.8230909Z",
      "updatedTime": "2023-11-16T15:16:30.2115881Z",
      "createdUserId": "f04d3cd9-b73d-4ba9-a1ed-9319eba29b21",
      "updatedUserId": "c8d29cfd-efef-47c1-8e02-210c8be30c37"
    }
  ],
  "dialogs": [
    {
      "rootNodeId": "c4f6dcdf-409f-4591-92e1-c8b851648cb8",
      "messageNodes": [
        {
          "botMessageId": "8301d5a3-ba89-4594-b633-a3dcd600e574",
          "nodeType": "BotMessageNode",
          "id": "c4f6dcdf-409f-4591-92e1-c8b851648cb8",
          "defaultTargetNodeId": "ff46c7cc-07ac-43a6-bc9a-6a7df88c4a61"
        }
      ],
      "dialogChangeNodes": [
        {
          "targetDialogId": "new_topic_84ec227c19784e7ba25cb34f4638f91e_aeabea4d071f415c8c107e1cb7af5424_assumedsuccess",
          "nodeType": "DialogChangeNode",
          "id": "ff46c7cc-07ac-43a6-bc9a-6a7df88c4a61"
        }
      ],
      "id": "new_topic_cb7697da5afa43fc83cff24d1ac3744f",
      "displayName": "Dialog for Vad är Live events (Livehändelser)?",
      "createdTime": "2020-11-24T14:37:53.8230909Z",
      "updatedTime": "2023-11-16T15:16:30.2115871Z",
      "createdUserId": "f04d3cd9-b73d-4ba9-a1ed-9319eba29b21",
      "updatedUserId": "c8d29cfd-efef-47c1-8e02-210c8be30c37"
    }
  ],
  "botMessages": [
    {
      "channelContent": {
        "web": {
          "contentFormat": "Markdown",
          "content": "Med [Teams Live events](https://support.microsoft.com/sv-se/office/komma-ig%C3%A5ng-med-liveh%C3%A4ndelser-i-microsoft-teams-d077fec2-a058-483e-9ab5-1494afda578a) (Livehändelser) kan användare i organisationen sända video- och mötesinnehåll till stora grupper."
        }
      },
      "id": "8301d5a3-ba89-4594-b633-a3dcd600e574",
      "createdTime": "2020-11-24T14:37:53.8230909Z",
      "updatedTime": "2020-11-24T14:37:53.8230909Z",
      "createdUserId": "f04d3cd9-b73d-4ba9-a1ed-9319eba29b21",
      "updatedUserId": "f04d3cd9-b73d-4ba9-a1ed-9319eba29b21"
    }
  ]
}