{
  "intents": [
    {
      "endUserOverrideName": "gecertificeerde apparaten",
      "triggerQueries": [
        "Op welke devices kan Teams",
        "Op welke apparaten kan Teams",
        "Welke apparaten kan je Teams mee gebruiken",
        "Waar kan ik gecertificeerde Teams-apparaten vinden?"
      ],
      "dialogId": "new_topic_2d5a4205185d49519a0e5c88987682e8",
      "isTriggeringEnabled": true,
      "canTriggeringBeDisabled": true,
      "id": "new_topic_2d5a4205185d49519a0e5c88987682e8",
      "displayName": "Waar kan ik gecertificeerde Teams-apparaten vinden?",
      "description": "",
      "createdTime": "2021-03-22T07:47:34.0474324Z",
      "updatedTime": "2021-03-22T07:47:34.0474324Z",
      "createdUserId": "c1e90dc0-1df0-459d-8164-0dcb7915deaf",
      "isManaged": false,
      "isCustomizable": true,
      "etag": "W/\"930210\"",
      "versionNumber": 930210,
      "componentId": "e305abd9-e28a-eb11-b1ac-000d3a4cdb28"
    }
  ],
  "dialogs": [
    {
      "rootNodeId": "36e6b83c-7edb-48e4-a5df-b6628a9ddb88",
      "messageNodes": [
        {
          "botMessageId": "693b7e64-c01a-4297-8a32-4dcf27888bd3",
          "nodeType": "BotMessageNode",
          "id": "36e6b83c-7edb-48e4-a5df-b6628a9ddb88",
          "defaultTargetNodeId": "cd648d36-069f-45de-a5f6-844121889ad2"
        },
        {
          "botMessageId": "2cf2843a-32b6-421a-b183-8d790b6e3d6f",
          "nodeType": "BotMessageNode",
          "id": "cd648d36-069f-45de-a5f6-844121889ad2",
          "defaultTargetNodeId": "0c6cb64e-f674-4d0a-99c6-b76ea07a712b"
        }
      ],
      "dialogChangeNodes": [
        {
          "targetDialogId": "new_topic_9d295c394a47419da3b4d205b7ed4c20_aeabea4d071f415c8c107e1cb7af5424_assumedsuccess",
          "nodeType": "DialogChangeNode",
          "id": "0c6cb64e-f674-4d0a-99c6-b76ea07a712b"
        }
      ],
      "id": "new_topic_2d5a4205185d49519a0e5c88987682e8",
      "displayName": "Dialog for Waar kan ik gecertificeerde Teams-apparaten vinden?",
      "createdTime": "2021-03-22T07:47:34.0474324Z",
      "updatedTime": "2021-03-22T07:49:04.2725943Z",
      "createdUserId": "c1e90dc0-1df0-459d-8164-0dcb7915deaf",
      "updatedUserId": "c1e90dc0-1df0-459d-8164-0dcb7915deaf",
      "versionNumber": 0,
      "componentId": "00000000-0000-0000-0000-000000000000"
    }
  ],
  "botMessages": [
    {
      "channelContent": {
        "web": {
          "contentFormat": "Markdown",
          "content": "Er zijn veel soorten gecertificeerde Teams-apparaten voor inclusief vergaderen, samenwerken en bellen. Gebruik deze [bestemmingspagina als u gecertificeerde Teams-apparaten wilt bekijken:](https://www.microsoft.com/nl-nl/microsoft-teams/across-devices/spaces)"
        }
      },
      "id": "693b7e64-c01a-4297-8a32-4dcf27888bd3",
      "createdTime": "2021-03-22T07:47:34.0474324Z",
      "updatedTime": "2021-03-22T07:47:34.0474324Z",
      "createdUserId": "c1e90dc0-1df0-459d-8164-0dcb7915deaf",
      "updatedUserId": "c1e90dc0-1df0-459d-8164-0dcb7915deaf",
      "versionNumber": 0,
      "componentId": "00000000-0000-0000-0000-000000000000"
    },
    {
      "channelContent": {
        "web": {
          "contentFormat": "Markdown",
          "content": "[per type apparaat](https://www.microsoft.com/nl-nl/microsoft-teams/across-devices/devices/category?devicetype=20&page=1&filterIds=)\n\n(Teams-kamers, kamer systeemaccessoires, headsets, webcamera's, luidsprekertelefoons, bureautelefoons, Teams-schermen, samenwerkingsbalken en anderen)\n\nLet.\n\n*   _Niet alle Teams-apparaten zijn beschikbaar in alle landen._"
        }
      },
      "id": "2cf2843a-32b6-421a-b183-8d790b6e3d6f",
      "createdTime": "2021-03-22T07:48:17.852Z",
      "updatedTime": "2021-03-22T07:48:17.852Z",
      "createdUserId": "user-0",
      "updatedUserId": "user-0",
      "versionNumber": 0,
      "componentId": "00000000-0000-0000-0000-000000000000"
    }
  ],
  "createdUtc": "0001-01-01T00:00:00Z"
}