{
  "intents": [
    {
      "triggerQueries": [
        "møte ideer",
        "gode tips for møter",
        "inkluderende møter",
        "jeg er ikke så flink til å holde møter",
        "møte-tips",
        "planlegge møter",
        "sjekkliste for møter",
        "morsomme møter",
        "Er det noe man kan gjøre for å gjøre møtene bedre?",
        "Hvordan kan jeg holde et bra møte?",
        "samarbeide bedre i møte",
        "for mange snakker samtidig i et møte",
        "kjedelige møter",
        "produktive møter",
        "Holde møter på teams",
        "har du noen tips til hvordan man kan holde et møte?",
        "Hvordan kan jeg gjøre møtet bedre",
        "Forbedre møtet",
        "Gjøre møtet bedre",
        "Best practice for å holde møter i Teams",
        "Enkle tips for bedre Teams-møter"
      ],
      "dialogId": "new_topic_f45e3e0c4fd04df29fa246f04b5f4b81",
      "isTriggeringEnabled": true,
      "id": "new_topic_f45e3e0c4fd04df29fa246f04b5f4b81",
      "displayName": "Tips for bedre Teams-møter",
      "description": "",
      "createdTime": "2021-04-12T15:32:25.7583076Z",
      "updatedTime": "2021-04-16T10:15:21.0891303Z",
      "createdUserId": "ef0c8b9a-eff1-49f8-92fa-fd1d3e15e1ba",
      "updatedUserId": "ef0c8b9a-eff1-49f8-92fa-fd1d3e15e1ba"
    }
  ],
  "dialogs": [
    {
      "rootNodeId": "723ffc36-7f41-46de-9b70-2c3622ab8845",
      "messageNodes": [
        {
          "botMessageId": "cb9f8cc2-ac49-4ba3-9317-ffc064e3a900",
          "nodeType": "BotMessageNode",
          "id": "2946ec39-18cd-4c44-ab9d-308af63d131f",
          "defaultTargetNodeId": "ed0f6779-a894-441a-a95e-82d62327884a"
        },
        {
          "botMessageId": "65eb0f2e-65e1-4a33-a9bb-3c3b19aec624",
          "nodeType": "BotMessageNode",
          "id": "1ebc321e-1b15-46f2-b0fa-1b8ac0fc90ea",
          "defaultTargetNodeId": "2946ec39-18cd-4c44-ab9d-308af63d131f"
        },
        {
          "botMessageId": "ad095f85-d8ff-45e6-8ac7-63e569db2a16",
          "nodeType": "BotMessageNode",
          "id": "723ffc36-7f41-46de-9b70-2c3622ab8845",
          "defaultTargetNodeId": "1f77e0d6-e94a-418b-9a08-313779ca77e6"
        },
        {
          "botMessageId": "573437fb-144a-40d4-be6b-6866932252ec",
          "nodeType": "BotMessageNode",
          "id": "1f77e0d6-e94a-418b-9a08-313779ca77e6",
          "defaultTargetNodeId": "1ebc321e-1b15-46f2-b0fa-1b8ac0fc90ea"
        }
      ],
      "dialogChangeNodes": [
        {
          "targetDialogId": "new_topic_89c49d37fd4c4c1c9144396960733ce1_aeabea4d071f415c8c107e1cb7af5424_assumedsuccess",
          "nodeType": "DialogChangeNode",
          "id": "ed0f6779-a894-441a-a95e-82d62327884a"
        }
      ],
      "id": "new_topic_f45e3e0c4fd04df29fa246f04b5f4b81",
      "displayName": "Dialog for Enkle tips for bedre Teams-møter",
      "createdTime": "2021-04-12T15:32:25.7583076Z",
      "updatedTime": "2021-04-15T18:47:43.8696026Z",
      "createdUserId": "ef0c8b9a-eff1-49f8-92fa-fd1d3e15e1ba",
      "updatedUserId": "ef0c8b9a-eff1-49f8-92fa-fd1d3e15e1ba"
    }
  ],
  "botMessages": [
    {
      "channelContent": {
        "web": {
          "contentFormat": "Markdown",
          "content": "Se også på denne lenken med enkle [tips for å ha en bedre møteopplevelse](https://support.microsoft.com/nb-no/office/tips-f%C3%B6r-b%C3%A4ttre-m%C3%B6ten-80640ac4-b009-42ea-abcb-660e729e63e5) med Teams. (Med både video- og tekstforklaring!)"
        }
      },
      "id": "cb9f8cc2-ac49-4ba3-9317-ffc064e3a900",
      "createdTime": "2021-04-12T15:32:25.7583076Z",
      "updatedTime": "2021-04-12T15:32:25.7583076Z",
      "createdUserId": "ef0c8b9a-eff1-49f8-92fa-fd1d3e15e1ba",
      "updatedUserId": "ef0c8b9a-eff1-49f8-92fa-fd1d3e15e1ba"
    },
    {
      "channelContent": {
        "web": {
          "contentFormat": "Markdown",
          "content": "Jeg anbefaler at du leser denne sjekklisten med punkter over [hva du kan tenke på når du skal planlegge et produktivt møte](https://support.microsoft.com/nb-no/office/sjekkliste-for-produktive-m%C3%B8ter-a3bb25d2-f364-4c3b-baa4-2e2f0a19b104)."
        }
      },
      "id": "65eb0f2e-65e1-4a33-a9bb-3c3b19aec624",
      "createdTime": "2021-04-15T17:59:27.052Z",
      "updatedTime": "2021-04-15T17:59:27.052Z",
      "createdUserId": "user-0",
      "updatedUserId": "user-0"
    },
    {
      "channelContent": {
        "web": {
          "contentFormat": "Markdown",
          "content": "Her er mine møte-tips for å gjøre møteopplevelsen bedre og mer produktiv:"
        }
      },
      "id": "ad095f85-d8ff-45e6-8ac7-63e569db2a16",
      "createdTime": "2021-04-15T17:59:56.542Z",
      "updatedTime": "2021-04-15T17:59:56.542Z",
      "createdUserId": "user-0",
      "updatedUserId": "user-0"
    },
    {
      "channelContent": {
        "web": {
          "contentFormat": "Markdown",
          "content": "*   [**Skru på støydempning**](https://support.microsoft.com/nb-no/office/redusere-bakgrunns-st%C3%B8y-i-team-m%C3%B8ter-1a9c6819-137d-4b3b-a1c8-4ab20b234c0d) slik at andre ikke hører støy du har i bakgrunnen.\n*   Hvis du sitter i et veldig bråkete lokale, **så kan du vurdere å skru av mikrofonen din / sette deg selv på \"mute\"** når du ikke skal snakke på en stund.\n*   Når det er mange i møtet så kan det være lurt å ha en **ordstyrer** som passer på at alle får snakke like mye. Få møtedeltakerne til å ta i bruk [**håndsoppreknings-funksjonen**](https://support.microsoft.com/nb-no/office/rekke-opp-h%C3%A5nden-i-et-teams-m%C3%B8te-bb2dd8e1-e6bd-43a6-85cf-30822667b372) ✋ slik at man ikke snakker i munnen på hverandre.\n*   Vurder å lage flere **grupperom** når det er mange deltakere i møtet og alle ønsker å være aktive eller diskutere forskjellige temaer samtidig.\n*   [**Whiteboard-tavlen**](https://support.microsoft.com/nb-no/office/bruke-whiteboard-i-microsoft-teams-7a6e7218-e9dc-4ccc-89aa-b1a0bb9c31ee?ui=nb-NO&rs=nb-NO&ad=NO) er et flott verktøy å bruke når man skal idémyldre! (\\*_krever riktig type Microsoft 365 lisens_)  🎨\n*   **Skriv møtenotater** underveis så man husker de viktigste punktene som blir tatt opp under møtet. Du kan f.eks [skrive notatene direkte i møtet](https://support.microsoft.com/nb-no/office/ta-m%C3%B8tenotater-i-teams-3eadf032-0ef8-4d60-9e21-0691d317d103) eller [skrive dem i OneNote](https://support.microsoft.com/nb-no/office/dele-onenote-notater-under-et-m%C3%B8te-e220c4f1-0188-446f-ac21-946b80107120)."
        }
      },
      "id": "573437fb-144a-40d4-be6b-6866932252ec",
      "createdTime": "2021-04-15T18:05:10.98Z",
      "updatedTime": "2021-04-15T18:05:10.98Z",
      "createdUserId": "user-0",
      "updatedUserId": "user-0"
    }
  ],
  "createdUtc": "0001-01-01T00:00:00Z"
}