{
  "intents": [
    {
      "endUserOverrideName": "不同平台的Teams",
      "triggerQueries": [
        "Teams可以在網頁發開會通知嗎？",
        "Teams可以在手機發開會通知嗎？",
        "Teams 電腦版的功能",
        "teams可以用手機版嗎",
        "Teams可以用網頁版嗎",
        "為什麼網頁版Teams功能較少",
        "為什麼手機版功能較少",
        "不同裝置上的Teams功能不同",
        "Teams 不同平台的功能比較",
        "網頁版Teams功能較少",
        "手機版Teams功能較少",
        "Teams 網頁版和桌面版功能不一樣",
        "Teams 網頁版功能不一樣"
      ],
      "dialogId": "new_topic_dcbd6a71a709458e831fa4e57258de96",
      "isTriggeringEnabled": true,
      "id": "new_topic_dcbd6a71a709458e831fa4e57258de96",
      "displayName": "Teams不同平台的功能",
      "description": "",
      "createdTime": "2021-11-19T16:06:47.3646932Z",
      "updatedTime": "2021-11-19T16:41:44.3115346Z",
      "createdUserId": "9c968d43-f7c2-4e28-895c-1f6bcefcd8be",
      "updatedUserId": "9c968d43-f7c2-4e28-895c-1f6bcefcd8be"
    }
  ],
  "dialogs": [
    {
      "rootNodeId": "151bae74-2de6-46a2-8ee0-4b10b4bdbbb9",
      "messageNodes": [
        {
          "botMessageId": "0c1685f9-fbce-4246-89c0-d94708189fb1",
          "nodeType": "BotMessageNode",
          "id": "151bae74-2de6-46a2-8ee0-4b10b4bdbbb9"
        }
      ],
      "id": "new_topic_dcbd6a71a709458e831fa4e57258de96",
      "displayName": "Dialog for Teams不同平台的功能",
      "createdTime": "2021-11-19T16:06:47.3646932Z",
      "updatedTime": "2021-11-19T16:27:34.7382599Z",
      "createdUserId": "9c968d43-f7c2-4e28-895c-1f6bcefcd8be",
      "updatedUserId": "9c968d43-f7c2-4e28-895c-1f6bcefcd8be"
    }
  ],
  "botMessages": [
    {
      "channelContent": {
        "web": {
          "contentFormat": "Markdown",
          "content": "Teams 支援不同平台(電腦版、網頁版、行動裝置版) 均可以輕鬆使用，但功能上線順序會有所不同，通常是桌機應用程式版最快支援新功能，再陸續更新至其它平台。\n\n您可查閱以下文件進行更多了解：\n\n[桌機、手機、網頁等不同平台的 Teams 功能較](https://support.microsoft.com/zh-tw/office/%E4%BE%9D%E5%B9%B3%E5%8F%B0%E7%9A%84-teams-%E5%8A%9F%E8%83%BD-debe7ff4-7db4-4138-b7d0-fcc276f392d3?ui=en-us&rs=en-gb&ad=gb)"
        }
      },
      "id": "0c1685f9-fbce-4246-89c0-d94708189fb1",
      "createdTime": "2021-11-19T16:06:47.3646932Z",
      "updatedTime": "2021-11-19T16:06:47.3646932Z",
      "createdUserId": "9c968d43-f7c2-4e28-895c-1f6bcefcd8be",
      "updatedUserId": "9c968d43-f7c2-4e28-895c-1f6bcefcd8be"
    }
  ]
}