{
  "intents": [
    {
      "triggerQueries": [
        "Måste jag ha internetuppkoppling?",
        "Arbeta utan internet med office",
        "Hur når jag office offline",
        "Kan jag jobba offline?",
        "offlineåtkomst till office?",
        "Måste jag ha internet för office?",
        "Krävs Internet-åtkomst för Office?"
      ],
      "dialogId": "new_topic_c0e813ccb50b48b5ba3cad41bf1cd4a8",
      "isTriggeringEnabled": true,
      "id": "new_topic_c0e813ccb50b48b5ba3cad41bf1cd4a8",
      "displayName": "Krävs Internet-åtkomst för Microsoft 365?",
      "description": "",
      "createdTime": "2020-11-24T14:37:53.8220925Z",
      "updatedTime": "2023-11-16T15:18:58.3382317Z",
      "createdUserId": "f04d3cd9-b73d-4ba9-a1ed-9319eba29b21",
      "updatedUserId": "c8d29cfd-efef-47c1-8e02-210c8be30c37"
    }
  ],
  "dialogs": [
    {
      "rootNodeId": "5899f482-260e-4676-8bb3-21443b7f501b",
      "messageNodes": [
        {
          "botMessageId": "46edbef3-0172-40f6-b548-a305b230b80b",
          "nodeType": "BotMessageNode",
          "id": "5899f482-260e-4676-8bb3-21443b7f501b",
          "defaultTargetNodeId": "8ab891c2-a93f-4820-8f54-acec69b37a48"
        }
      ],
      "dialogChangeNodes": [
        {
          "targetDialogId": "new_topic_84ec227c19784e7ba25cb34f4638f91e_aeabea4d071f415c8c107e1cb7af5424_assumedsuccess",
          "nodeType": "DialogChangeNode",
          "id": "8ab891c2-a93f-4820-8f54-acec69b37a48"
        }
      ],
      "id": "new_topic_c0e813ccb50b48b5ba3cad41bf1cd4a8",
      "displayName": "Dialog for Krävs Internet-åtkomst för Office?",
      "createdTime": "2020-11-24T14:37:53.8220925Z",
      "updatedTime": "2023-11-16T15:18:58.3382313Z",
      "createdUserId": "f04d3cd9-b73d-4ba9-a1ed-9319eba29b21",
      "updatedUserId": "c8d29cfd-efef-47c1-8e02-210c8be30c37"
    }
  ],
  "botMessages": [
    {
      "channelContent": {
        "web": {
          "contentFormat": "Markdown",
          "content": "Internetåtkomst krävs för att installera och aktivera alla de senaste utgåvorna av Office-sviter och alla Microsoft 365-planer. Internetåtkomst krävs också för att få åtkomst till dokument som lagras på OneDrive, såvida du inte installerar [OneDrive-skrivbordsappen](https://go.microsoft.com/fwlink/p/?LinkID=403721).  \n  \nDu bör också ansluta till Internet regelbundet för att hålla din appar uppdaterad och dra nytta av automatiska uppgraderingar. Om du inte ansluter till Internet minst var 31:a dag kommer dina appar att gå in i läget nedsatt funktionalitet, vilket innebär att du kan visa eller skriva ut dina dokument, men kan inte redigera dokumenten eller skapa nya. Om du vill återaktivera dina Microsoft applikationer, är det bara att återansluta till Internet.\n\nDu behöver inte vara ansluten till Internet för att använda Office-programmen, till exempel Word, Excel och PowerPoint, eftersom programmen är helt installerade på datorn."
        }
      },
      "id": "46edbef3-0172-40f6-b548-a305b230b80b",
      "createdTime": "2020-11-24T14:37:53.8220925Z",
      "updatedTime": "2020-11-24T14:37:53.8220925Z",
      "createdUserId": "f04d3cd9-b73d-4ba9-a1ed-9319eba29b21",
      "updatedUserId": "f04d3cd9-b73d-4ba9-a1ed-9319eba29b21"
    }
  ]
}