<botcomponent schemaname="new_topic_9d295c394a47419da3b4d205b7ed4c20_85df75ce08a44a9b82cc8f3fdb25f669">
  <componenttype>0</componenttype>
  <description>Les 4 - In deze les gaan we door met laten zien hoe u een onderwerp kunt maken met een voorwaardelijke branche, een variabele en een aangepaste entiteit.  

Er wordt met name mogelijk gemaakt dat een entiteit een opvolgende vraag kan negeren. Voer bijvoorbeeld een test uit met "Ik wil een zakelijke laptop".</description>
  <iscustomizable>1</iscustomizable>
  <name>Les 4 - Een onderwerp met voorwaarden, variabelen en een aangepaste entiteit.</name>
  <statecode>0</statecode>
  <statuscode>1</statuscode>
</botcomponent>