{
  "intents": [
    {
      "endUserOverrideName": "Teamstillägg i Outlook",
      "triggerQueries": [
        "Boka Teamsmöte i outlook",
        "Tillägg för boka Teams-möte i outlook",
        "Var hittar jag Outlook-tillägget för Teams-möten?"
      ],
      "dialogId": "new_topic_580aed07ea214445be1305f1b7c38c94",
      "isTriggeringEnabled": true,
      "id": "new_topic_580aed07ea214445be1305f1b7c38c94",
      "displayName": "Var hittar jag Outlook-tillägget för Teams-möten?",
      "description": "https://intranat.helsingborg.se/wp-content/uploads/2020/11/svenska-fracc8agor-till-adoptbot-pva.docx",
      "createdTime": "2020-11-24T14:37:53.8230909Z",
      "updatedTime": "2020-12-10T10:38:16.1069021Z",
      "createdUserId": "f04d3cd9-b73d-4ba9-a1ed-9319eba29b21",
      "updatedUserId": "844fcc91-8b17-49d9-9824-79f412da094a"
    }
  ],
  "dialogs": [
    {
      "rootNodeId": "103d9b97-25c3-4bf7-a975-f6b00fb64f61",
      "messageNodes": [
        {
          "botMessageId": "a50cf7b3-f812-45f1-846b-d05df339603d",
          "nodeType": "BotMessageNode",
          "id": "103d9b97-25c3-4bf7-a975-f6b00fb64f61",
          "defaultTargetNodeId": "318cfba1-7324-4fe4-b3ba-fa3459d13ba0"
        }
      ],
      "dialogChangeNodes": [
        {
          "targetDialogId": "new_topic_84ec227c19784e7ba25cb34f4638f91e_aeabea4d071f415c8c107e1cb7af5424_assumedsuccess",
          "nodeType": "DialogChangeNode",
          "id": "318cfba1-7324-4fe4-b3ba-fa3459d13ba0"
        }
      ],
      "id": "new_topic_580aed07ea214445be1305f1b7c38c94",
      "displayName": "Dialog for Var hittar jag Outlook-tillägget för Teams-möten?",
      "createdTime": "2020-11-24T14:37:53.8230909Z",
      "updatedTime": "2020-11-24T14:37:53.8230909Z",
      "createdUserId": "f04d3cd9-b73d-4ba9-a1ed-9319eba29b21",
      "updatedUserId": "f04d3cd9-b73d-4ba9-a1ed-9319eba29b21"
    }
  ],
  "botMessages": [
    {
      "channelContent": {
        "web": {
          "contentFormat": "Markdown",
          "content": "Teamsmötes-tillägget installeras automatiskt för användare som har Microsoft Teams och antingen Office 2013, Office 2016 eller Office 2019 installerat på sin Windows-dator. Användarna ser Teams-mötes ”add in” i menyfliksområdet i Outlook-kalendern. Använd [Teamsmötes-tillägget i Outlook](https://docs.microsoft.com/sv-se/microsoftteams/teams-add-in-for-outlook)"
        }
      },
      "id": "a50cf7b3-f812-45f1-846b-d05df339603d",
      "createdTime": "2020-11-24T14:37:53.8230909Z",
      "updatedTime": "2020-11-24T14:37:53.8230909Z",
      "createdUserId": "f04d3cd9-b73d-4ba9-a1ed-9319eba29b21",
      "updatedUserId": "f04d3cd9-b73d-4ba9-a1ed-9319eba29b21"
    }
  ]
}