{
  "intents": [
    {
      "triggerQueries": [
        "Jak nagrać spotkanie?",
        "Chcę nagrać spotkanie",
        "Rozpoczynanie nagrywania spotkania",
        "Jak rozpocząć nagrywanie spotkania?",
        "nagrywanie spotkania",
        "Jak mogę nagrać spotkanie?"
      ],
      "dialogId": "new_topic_8aeaa32c36f74b7684c0754006c63b76",
      "isTriggeringEnabled": true,
      "id": "new_topic_8aeaa32c36f74b7684c0754006c63b76",
      "displayName": "Jak mogę nagrać spotkanie?",
      "description": "",
      "createdTime": "2021-09-27T10:16:36.7823574Z",
      "updatedTime": "2021-10-11T13:01:29.2439429Z",
      "createdUserId": "28fac8cb-bec7-48c9-a688-5024cf318b8a",
      "updatedUserId": "28fac8cb-bec7-48c9-a688-5024cf318b8a"
    }
  ],
  "dialogs": [
    {
      "rootNodeId": "02acada6-bf4f-418c-9e71-ca3128e50418",
      "messageNodes": [
        {
          "botMessageId": "b741c685-b9f0-4820-b096-a9f2941b838f",
          "nodeType": "BotMessageNode",
          "id": "02acada6-bf4f-418c-9e71-ca3128e50418",
          "defaultTargetNodeId": "c8e16cff-e260-4115-b262-a59c813c7c2d"
        },
        {
          "botMessageId": "03bdef48-58e6-411c-87d0-1b3f2fb9c9e5",
          "nodeType": "BotMessageNode",
          "id": "c8e16cff-e260-4115-b262-a59c813c7c2d",
          "defaultTargetNodeId": "61b60cba-edbb-4813-b4f3-efac09f3a84b"
        }
      ],
      "dialogChangeNodes": [
        {
          "targetDialogId": "new_topic_d4ee79ce05584b519ee7d416fda7e2a3_aeabea4d071f415c8c107e1cb7af5424_assumedsuccess",
          "nodeType": "DialogChangeNode",
          "id": "61b60cba-edbb-4813-b4f3-efac09f3a84b"
        }
      ],
      "id": "new_topic_8aeaa32c36f74b7684c0754006c63b76",
      "displayName": "Dialog for Jak mogę nagrać spotkanie?",
      "createdTime": "2021-09-27T10:16:36.7823574Z",
      "updatedTime": "2021-10-11T13:02:59.1701327Z",
      "createdUserId": "28fac8cb-bec7-48c9-a688-5024cf318b8a",
      "updatedUserId": "28fac8cb-bec7-48c9-a688-5024cf318b8a"
    }
  ],
  "botMessages": [
    {
      "channelContent": {
        "web": {
          "contentFormat": "Markdown",
          "content": "Jeżeli chcesz nagrać spotkanie, rozpocznij lub dołącz do spotkania."
        }
      },
      "id": "b741c685-b9f0-4820-b096-a9f2941b838f",
      "createdTime": "2021-09-27T10:16:36.7823574Z",
      "updatedTime": "2021-09-27T10:16:36.7823574Z",
      "createdUserId": "28fac8cb-bec7-48c9-a688-5024cf318b8a",
      "updatedUserId": "28fac8cb-bec7-48c9-a688-5024cf318b8a"
    },
    {
      "channelContent": {
        "web": {
          "contentFormat": "Markdown",
          "content": "Aby rozpocząć nagrywanie, przejdź do opcji spotkania **\"...\"** i wybierz pozycję **Rozpocznij** **nagrywanie**. Wszyscy na spotkaniu są informowani, że rozpoczęło się nagrywanie, a wiadomość na czacie to potwierdza. Zakończ nagrywanie w ten sam sposób.\n\nCzytaj więcej tutaj:\n\n[Nagrywanie spotkania w usłudze Teams](https://support.microsoft.com/pl-pl/office/nagrywanie-spotkania-w-us%c5%82udze-teams-34dfbe7f-b07d-4a27-b4c6-de62f1348c24?ui=pl-PL&rs=pl-PL&ad=PL)"
        }
      },
      "id": "03bdef48-58e6-411c-87d0-1b3f2fb9c9e5",
      "createdTime": "2021-10-11T13:01:59.357Z",
      "updatedTime": "2021-10-11T13:01:59.357Z",
      "createdUserId": "user-0",
      "updatedUserId": "user-0"
    }
  ]
}