{
  "intents": [
    {
      "endUserOverrideName": "Changer les paramètres d'équipe",
      "triggerQueries": [
        "changer les permissions des membres de mon équipes",
        "Où puis-je changer les paramètres de mon équipe?",
        "Changer les paramètres de mon équipe",
        "Où est l'option pour changer les paramètres de mon équipe?",
        "changer les paramètres de mon équipe Teams",
        "Changer les paramètres de votre équipe",
        "Mettre à jour les paramètres d'une équipe",
        "changer les paramètres des membres de mon équipes",
        "où puis-je trouver les paramètres d'une équipe?",
        "comment atteindre les paramètres d'une équipe?"
      ],
      "dialogId": "new_topic_aa5222af020745f1b5017aacfdbe59ef",
      "isTriggeringEnabled": true,
      "id": "new_topic_aa5222af020745f1b5017aacfdbe59ef",
      "displayName": "Comment changer les paramètres de mon équipe?",
      "description": "",
      "createdTime": "2021-01-13T22:20:51.2381463Z",
      "updatedTime": "2021-05-24T09:50:21.0595808Z",
      "createdUserId": "f04d3cd9-b73d-4ba9-a1ed-9319eba29b21",
      "updatedUserId": "a2c4aa2c-d830-41eb-bcf4-467a2c7e1279"
    }
  ],
  "dialogs": [
    {
      "rootNodeId": "6aa4ec4c-2961-49ca-99c5-91f7aeb30519",
      "messageNodes": [
        {
          "botMessageId": "f98f56b1-edbc-4ef8-b493-f370072481ca",
          "nodeType": "BotMessageNode",
          "id": "6aa4ec4c-2961-49ca-99c5-91f7aeb30519",
          "defaultTargetNodeId": "060eaac0-a1b8-4301-b74a-2d7bd84a716e"
        },
        {
          "botMessageId": "04650f76-3868-4831-99f9-0ae93baf5330",
          "nodeType": "BotMessageNode",
          "id": "060eaac0-a1b8-4301-b74a-2d7bd84a716e",
          "defaultTargetNodeId": "bd8cf2f4-6376-421b-a78d-64808043f670"
        }
      ],
      "dialogChangeNodes": [
        {
          "targetDialogId": "new_topic_eac3f49c99664313a9d9dc19d80a79a2_aeabea4d071f415c8c107e1cb7af5424_assumedsuccess",
          "nodeType": "DialogChangeNode",
          "id": "bd8cf2f4-6376-421b-a78d-64808043f670"
        }
      ],
      "id": "new_topic_aa5222af020745f1b5017aacfdbe59ef",
      "displayName": "Dialog for Where can I change my Team settings?",
      "createdTime": "2021-01-13T22:20:51.2381463Z",
      "updatedTime": "2021-05-24T09:50:51.1536109Z",
      "createdUserId": "f04d3cd9-b73d-4ba9-a1ed-9319eba29b21",
      "updatedUserId": "a2c4aa2c-d830-41eb-bcf4-467a2c7e1279"
    }
  ],
  "botMessages": [
    {
      "channelContent": {
        "web": {
          "contentFormat": "Markdown",
          "content": "Au niveau du nom de l'équipe, cliquez sur **Plus d'options (...)** > **Gérer l'équipe**."
        }
      },
      "id": "f98f56b1-edbc-4ef8-b493-f370072481ca",
      "createdTime": "2021-01-13T22:20:51.2381463Z",
      "updatedTime": "2021-01-13T22:20:51.2381463Z",
      "createdUserId": "f04d3cd9-b73d-4ba9-a1ed-9319eba29b21",
      "updatedUserId": "f04d3cd9-b73d-4ba9-a1ed-9319eba29b21"
    },
    {
      "channelContent": {
        "web": {
          "contentFormat": "Markdown",
          "content": "Depuis cet endroit, vous pouvez accéder aux **Paramètres** de votre équipe, qui vous permettront de:\n\n*   Changer l'image de l'équipe.\n*   Gérer les permissions des membres.\n*   Activer les @team mentions dans un canal.\n*   Autoriser les membres de l'équipe à utiliser les Gifs, emojis et autocollants.\n*   Et plus encore..."
        }
      },
      "id": "04650f76-3868-4831-99f9-0ae93baf5330",
      "createdTime": "2021-01-26T09:57:06.036Z",
      "updatedTime": "2021-01-26T09:57:06.036Z",
      "createdUserId": "user-0",
      "updatedUserId": "user-0"
    }
  ]
}