{
  "intents": [
    {
      "triggerQueries": [
        "Microsoft 마이크로소프트 Teams 팀즈 라이센스",
        "Teams 팀즈 사용 라이센스",
        "Teams 팀즈 무료 버전",
        "Teams 팀즈 개인 사용",
        "학생 Teams 팀즈 사용",
        "Teams 팀즈 어떤 라이센스 포함",
        "Teams 라이센스 다를 수",
        "Teams 팀즈 필요 라이센스 무엇",
        "누가 Microsoft 마이크로소프트 Teams 팀즈 사용",
        "누가 마이크로소프트 Teams를 사용할 수 있습니까?"
      ],
      "dialogId": "new_topic_b98428c2d4a748b48c3e302755ddb570",
      "isTriggeringEnabled": true,
      "id": "new_topic_b98428c2d4a748b48c3e302755ddb570",
      "displayName": "누가 마이크로 소프트 Teams를 사용할 수 있습니까?",
      "description": "https://adoptbotv2kb.blob.core.windows.net/%24web/adoptbot2021-Korean.docx",
      "createdTime": "2021-03-18T03:39:18.7446546Z",
      "updatedTime": "2021-04-09T06:27:37.8933758Z",
      "createdUserId": "e47109d8-0300-4e59-a90d-56bb29886c9e",
      "updatedUserId": "e47109d8-0300-4e59-a90d-56bb29886c9e"
    }
  ],
  "dialogs": [
    {
      "rootNodeId": "5d6b3fd5-ce6d-47b3-a53d-96e6bf477936",
      "messageNodes": [
        {
          "botMessageId": "31c7b120-8ab5-4d3f-8985-31fd5cfec331",
          "nodeType": "BotMessageNode",
          "id": "5d6b3fd5-ce6d-47b3-a53d-96e6bf477936",
          "defaultTargetNodeId": "f896ec59-475e-4bc1-9bcc-b6affa838a87"
        },
        {
          "botMessageId": "8f73c9e2-b86e-4fff-b984-5fd3f8b62ca0",
          "nodeType": "BotMessageNode",
          "id": "f896ec59-475e-4bc1-9bcc-b6affa838a87",
          "defaultTargetNodeId": "b722ec3a-2be4-4b16-8c1c-7e8cafbd3702"
        },
        {
          "botMessageId": "2147f196-beef-4eed-9ff1-d49bfd4dde40",
          "nodeType": "BotMessageNode",
          "id": "b722ec3a-2be4-4b16-8c1c-7e8cafbd3702",
          "defaultTargetNodeId": "c7843005-0063-4f68-9671-92e4607b911f"
        },
        {
          "botMessageId": "2fed9d15-fe37-4986-b0e5-f92302810774",
          "nodeType": "BotMessageNode",
          "id": "c7843005-0063-4f68-9671-92e4607b911f",
          "defaultTargetNodeId": "9a1781f8-eecf-4b7b-ab3f-8f78e0001c79"
        }
      ],
      "dialogChangeNodes": [
        {
          "targetDialogId": "new_topic_2bf23930c1d146129dfe38bacb94ccd0_aeabea4d071f415c8c107e1cb7af5424_assumedsuccess",
          "nodeType": "DialogChangeNode",
          "id": "9a1781f8-eecf-4b7b-ab3f-8f78e0001c79"
        }
      ],
      "id": "new_topic_b98428c2d4a748b48c3e302755ddb570",
      "displayName": "Dialog for 누가 마이크로 소프트 Teams를 사용할 수 있습니까?",
      "createdTime": "2021-03-18T03:39:18.7446546Z",
      "updatedTime": "2021-04-09T06:27:23.9888474Z",
      "createdUserId": "e47109d8-0300-4e59-a90d-56bb29886c9e",
      "updatedUserId": "e47109d8-0300-4e59-a90d-56bb29886c9e"
    }
  ],
  "botMessages": [
    {
      "channelContent": {
        "web": {
          "contentFormat": "Markdown",
          "content": "Teams은 Microsoft 365의 일부이므로 Microsoft 365 라이센스가 필요 합니다."
        }
      },
      "id": "31c7b120-8ab5-4d3f-8985-31fd5cfec331",
      "createdTime": "2021-03-18T03:39:18.7446546Z",
      "updatedTime": "2021-03-18T03:39:18.7446546Z",
      "createdUserId": "e47109d8-0300-4e59-a90d-56bb29886c9e",
      "updatedUserId": "e47109d8-0300-4e59-a90d-56bb29886c9e"
    },
    {
      "channelContent": {
        "web": {
          "contentFormat": "Markdown",
          "content": "특히 다음의 라이선스 중 하나가 필요합니다\n\n*   Business Essentials 또는 Business Premium\n*   Enterprise F1, F3, E1, E3, 또는 E5\n*   Teams가 포함된 교육/학교용 Microsoft 365 A 라이센스.\n\n자세한 정보를 위해 [Microsoft Teams에 액세스하려면 어떻게 해야 하나요?](https://support.microsoft.com/ko-kr/office/how-do-i-get-access-to-microsoft-teams-fc7f1634-abd3-4f26-a597-9df16e4ca65b) 를 읽으세요."
        }
      },
      "id": "8f73c9e2-b86e-4fff-b984-5fd3f8b62ca0",
      "createdTime": "2021-04-09T06:24:50.107Z",
      "updatedTime": "2021-04-09T06:24:50.107Z",
      "createdUserId": "user-0",
      "updatedUserId": "user-0"
    },
    {
      "channelContent": {
        "web": {
          "contentFormat": "Markdown",
          "content": "조직에서 누군가를 Teams에 추가하려면, 앱을 열고 팀에 추가하기만 하면 됩니다. 그들은 이메일 초대를 자동으로 받게 됩니다."
        }
      },
      "id": "2147f196-beef-4eed-9ff1-d49bfd4dde40",
      "createdTime": "2021-04-09T06:25:32.833Z",
      "updatedTime": "2021-04-09T06:25:32.833Z",
      "createdUserId": "user-0",
      "updatedUserId": "user-0"
    },
    {
      "channelContent": {
        "web": {
          "contentFormat": "Markdown",
          "content": "*   [개인용 Teams는 무료입니다.](https://www.microsoft.com/ko-kr/microsoft-365/microsoft-teams/teams-for-home)\n*   [또한 마이크로 소프트 팀의 무료 버전이 있습니다](https://www.microsoft.com/ko-kr/microsoft-teams/free)\n*   [비영리 단체 및 교육에 사용할 수 있는 추가 혜택](https://www.microsoft.com/ko-kr/microsoft-teams/free)"
        }
      },
      "id": "2fed9d15-fe37-4986-b0e5-f92302810774",
      "createdTime": "2021-04-09T06:25:43.183Z",
      "updatedTime": "2021-04-09T06:25:43.183Z",
      "createdUserId": "user-0",
      "updatedUserId": "user-0"
    }
  ],
  "createdUtc": "0001-01-01T00:00:00Z"
}