<ImportExportXml version="9.2.23103.264" SolutionPackageVersion="9.2" languagecode="1033" generatedBy="CrmLive" xmlns:xsi="http://www.w3.org/2001/XMLSchema-instance">
  <SolutionManifest>
    <UniqueName>Cr14dbb</UniqueName>
    <LocalizedNames>
      <LocalizedName description="Timon AI Hybrid (ENG)" languagecode="1033" />
    </LocalizedNames>
    <Descriptions />
    <Version>2.0.1.3</Version>
    <Managed>0</Managed>
    <Publisher>
      <UniqueName>Crc07ec</UniqueName>
      <LocalizedNames>
        <LocalizedName description="CDS Default Publisher" languagecode="1033" />
      </LocalizedNames>
      <Descriptions />
      <EMailAddress xsi:nil="true"></EMailAddress>
      <SupportingWebsiteUrl xsi:nil="true"></SupportingWebsiteUrl>
      <CustomizationPrefix>crf9d</CustomizationPrefix>
      <CustomizationOptionValuePrefix>49999</CustomizationOptionValuePrefix>
    </Publisher>
    <RootComponents>
      <RootComponent type="29" id="{2127d937-7684-ee11-8179-000d3a36d83f}" behavior="0" />
      <RootComponent type="29" id="{22036560-5e5e-eb11-a812-000d3a9bb82a}" behavior="0" />
      <RootComponent type="29" id="{8a84184f-8b5d-eb11-a812-000d3a9bb82a}" behavior="0" />
      <RootComponent type="29" id="{94751324-8184-ee11-8179-000d3a36d83f}" behavior="0" />
      <RootComponent type="29" id="{c9579f47-cb2f-eb11-a813-000d3a98dbb4}" behavior="0" />
    </RootComponents>
    <MissingDependencies />
  </SolutionManifest>
</ImportExportXml>