{
  "intents": [
    {
      "endUserOverrideName": "Teams會議的種類",
      "triggerQueries": [
        "什麼是即時活動",
        "什麼是研討會",
        "會議權限",
        "甚麼是網路研討會",
        "甚麼是webinar",
        "webinar",
        "live events",
        "甚麼是live events",
        "甚麼是即時活動",
        "甚麼是Teams 會議",
        "teams 會議有哪些",
        "即時活動",
        "網路研討會"
      ],
      "dialogId": "new_topic_cfb1d499defe45418469ffa9fecb55ef",
      "isTriggeringEnabled": true,
      "id": "new_topic_cfb1d499defe45418469ffa9fecb55ef",
      "displayName": "Teams會議的類型",
      "description": "",
      "createdTime": "2021-11-18T15:44:53.9337213Z",
      "updatedTime": "2021-11-18T16:43:58.6563266Z",
      "createdUserId": "9c968d43-f7c2-4e28-895c-1f6bcefcd8be",
      "updatedUserId": "9c968d43-f7c2-4e28-895c-1f6bcefcd8be"
    }
  ],
  "dialogs": [
    {
      "rootNodeId": "ba252a0b-a3b9-4e45-b6eb-520ef934a9bf",
      "messageNodes": [
        {
          "botMessageId": "e3724110-8ea7-4ef6-a7f7-3c3bdf29a008",
          "nodeType": "BotMessageNode",
          "id": "ba252a0b-a3b9-4e45-b6eb-520ef934a9bf",
          "defaultTargetNodeId": "3a3e9c75-5b81-41b7-9896-b6295c413438"
        },
        {
          "botMessageId": "f51f1cfa-cca3-4a7e-b40c-fb260031cd4b",
          "nodeType": "BotMessageNode",
          "id": "3a3e9c75-5b81-41b7-9896-b6295c413438",
          "defaultTargetNodeId": "9a535cd1-f98f-4471-9483-182d1c5a1858"
        },
        {
          "botMessageId": "7a88c537-102c-4f1d-860f-33899326b3e2",
          "nodeType": "BotMessageNode",
          "id": "9a535cd1-f98f-4471-9483-182d1c5a1858",
          "defaultTargetNodeId": "0d158ef3-03c2-45ab-b35f-cd01e026c907"
        }
      ],
      "dialogChangeNodes": [
        {
          "targetDialogId": "new_topic_e2d1671328b941dbb60fa7150059b1ee_aeabea4d071f415c8c107e1cb7af5424_assumedsuccess",
          "nodeType": "DialogChangeNode",
          "id": "0d158ef3-03c2-45ab-b35f-cd01e026c907"
        }
      ],
      "id": "new_topic_cfb1d499defe45418469ffa9fecb55ef",
      "displayName": "Dialog for Teams會議的類型",
      "createdTime": "2021-11-18T15:44:53.9337213Z",
      "updatedTime": "2021-11-18T15:57:04.1190745Z",
      "createdUserId": "9c968d43-f7c2-4e28-895c-1f6bcefcd8be",
      "updatedUserId": "9c968d43-f7c2-4e28-895c-1f6bcefcd8be"
    }
  ],
  "botMessages": [
    {
      "channelContent": {
        "web": {
          "contentFormat": "Markdown",
          "content": "Microsoft Teams 有多種開會方式\n\n開會類型有：\n\n*   會議\n*   [網路研討會](https://docs.microsoft.com/zh-tw/microsoftteams/set-up-webinars)\n*   [即時活動](https://docs.microsoft.com/zh-tw/microsoftteams/teams-live-events/what-are-teams-live-events)"
        }
      },
      "id": "e3724110-8ea7-4ef6-a7f7-3c3bdf29a008",
      "createdTime": "2021-11-18T15:44:53.9337213Z",
      "updatedTime": "2021-11-18T15:44:53.9337213Z",
      "createdUserId": "9c968d43-f7c2-4e28-895c-1f6bcefcd8be",
      "updatedUserId": "9c968d43-f7c2-4e28-895c-1f6bcefcd8be"
    },
    {
      "channelContent": {
        "web": {
          "contentFormat": "Markdown",
          "content": "三種會議簡要摘要可參考\n\n[快速入門 - 會議、網路研討會與即時活動 - Microsoft Teams | Microsoft Docs](https://docs.microsoft.com/zh-tw/microsoftteams/quick-start-meetings-live-events)\n\n會議的權限\n\n[管理會議設定 - Microsoft Teams | Microsoft Docs](https://docs.microsoft.com/zh-tw/microsoftteams/meeting-settings-in-teams)"
        }
      },
      "id": "f51f1cfa-cca3-4a7e-b40c-fb260031cd4b",
      "createdTime": "2021-11-18T15:50:44.741Z",
      "updatedTime": "2021-11-18T15:50:44.741Z",
      "createdUserId": "user-0",
      "updatedUserId": "user-0"
    },
    {
      "channelContent": {
        "web": {
          "contentFormat": "Markdown",
          "content": "快速上手網路研討會\n\n[Get started with Teams webinars (microsoft.com)](https://support.microsoft.com/en-us/office/get-started-with-teams-webinars-42f3f874-22dc-4289-b53f-bbc1a69013e3)\n\n快速上手即時活動\n\n[Get started with Microsoft Teams live events](https://support.microsoft.com/en-us/office/get-started-with-microsoft-teams-live-events-d077fec2-a058-483e-9ab5-1494afda578a?ui=en-us&rs=en-us&ad=us)"
        }
      },
      "id": "7a88c537-102c-4f1d-860f-33899326b3e2",
      "createdTime": "2021-11-18T15:53:53.689Z",
      "updatedTime": "2021-11-18T15:53:53.689Z",
      "createdUserId": "user-0",
      "updatedUserId": "user-0"
    }
  ]
}