{
  "intents": [
    {
      "endUserOverrideName": "Hoe weet ik of mijn apparaat Office kan uitvoeren?",
      "triggerQueries": [
        "kan office op android",
        "kan office op iphone",
        "kan office op mac",
        "Kan office 365 op mijn laptop",
        "Hoe weet ik of mijn apparaat Office kan uitvoeren?"
      ],
      "dialogId": "new_topic_f15c1926b3124f03ace7b3e8d48bc14f",
      "isTriggeringEnabled": true,
      "canTriggeringBeDisabled": true,
      "id": "new_topic_f15c1926b3124f03ace7b3e8d48bc14f",
      "displayName": "Hoe weet ik of mijn apparaat Office kan uitvoeren?",
      "description": "",
      "createdTime": "2021-03-22T08:50:15.1743362Z",
      "updatedTime": "2021-03-22T08:50:15.1743362Z",
      "createdUserId": "c1e90dc0-1df0-459d-8164-0dcb7915deaf",
      "isManaged": false,
      "isCustomizable": true,
      "etag": "W/\"930564\"",
      "versionNumber": 930564,
      "componentId": "4af8429e-eb8a-eb11-b1ac-000d3a4cdb28"
    }
  ],
  "dialogs": [
    {
      "rootNodeId": "3c5d64ad-6d4a-4e79-be21-056ae55fdd70",
      "messageNodes": [
        {
          "botMessageId": "5e4ef65d-a79f-4a88-a84a-97a3f931dc6c",
          "nodeType": "BotMessageNode",
          "id": "3c5d64ad-6d4a-4e79-be21-056ae55fdd70",
          "defaultTargetNodeId": "8da47d2a-922f-4194-9642-914c703dd7f3"
        }
      ],
      "dialogChangeNodes": [
        {
          "targetDialogId": "new_topic_9d295c394a47419da3b4d205b7ed4c20_aeabea4d071f415c8c107e1cb7af5424_assumedsuccess",
          "nodeType": "DialogChangeNode",
          "id": "8da47d2a-922f-4194-9642-914c703dd7f3"
        }
      ],
      "id": "new_topic_f15c1926b3124f03ace7b3e8d48bc14f",
      "displayName": "Dialog for Hoe weet ik of mijn apparaat Office kan uitvoeren?",
      "createdTime": "2021-03-22T08:50:15.1743362Z",
      "updatedTime": "2021-03-22T08:50:39.0572111Z",
      "createdUserId": "c1e90dc0-1df0-459d-8164-0dcb7915deaf",
      "updatedUserId": "c1e90dc0-1df0-459d-8164-0dcb7915deaf",
      "versionNumber": 0,
      "componentId": "00000000-0000-0000-0000-000000000000"
    }
  ],
  "botMessages": [
    {
      "channelContent": {
        "web": {
          "contentFormat": "Markdown",
          "content": "Office 365 is werkt op Windows, Mac, iPhone, Android. Zie Systeemvereisten voor compatibele versies van Windows en macOS en andere [functievereisten](https://products.office.com/nl-nl/office-system-requirements)"
        }
      },
      "id": "5e4ef65d-a79f-4a88-a84a-97a3f931dc6c",
      "createdTime": "2021-03-22T08:50:15.1743362Z",
      "updatedTime": "2021-03-22T08:50:15.1743362Z",
      "createdUserId": "c1e90dc0-1df0-459d-8164-0dcb7915deaf",
      "updatedUserId": "c1e90dc0-1df0-459d-8164-0dcb7915deaf",
      "versionNumber": 0,
      "componentId": "00000000-0000-0000-0000-000000000000"
    }
  ],
  "createdUtc": "0001-01-01T00:00:00Z"
}