{
  "intents": [
    {
      "triggerQueries": [
        "알림 변경 바꾸",
        "Teams 팀즈 Team 팀 알림 조정",
        "내 알림 설정 처리 변경",
        "팀 알림 처리 변경",
        "팀 알림을 어떻게 변경합니까?"
      ],
      "dialogId": "new_topic_3e7f5656e87d4168938a0db9f7889439",
      "isTriggeringEnabled": true,
      "id": "new_topic_3e7f5656e87d4168938a0db9f7889439",
      "displayName": "팀 알림을 어떻게 변경합니까?",
      "description": "https://adoptbotv2kb.blob.core.windows.net/%24web/adoptbot2021-Korean.docx",
      "createdTime": "2021-03-18T03:39:18.7466553Z",
      "updatedTime": "2021-04-06T06:50:09.5939089Z",
      "createdUserId": "e47109d8-0300-4e59-a90d-56bb29886c9e",
      "updatedUserId": "e47109d8-0300-4e59-a90d-56bb29886c9e"
    }
  ],
  "dialogs": [
    {
      "rootNodeId": "b904a19a-27e6-4879-bfa2-89a9ac096c7d",
      "messageNodes": [
        {
          "botMessageId": "fb2607b6-b333-49fd-ad3c-90ef43aad93d",
          "nodeType": "BotMessageNode",
          "id": "ed85a4ae-4a01-47ac-96e1-51591a92096c",
          "defaultTargetNodeId": "30126cc3-b1c5-4a29-96d0-7df9a059b3d4"
        },
        {
          "botMessageId": "ee871be5-f860-4a05-b891-d17a441fccf4",
          "nodeType": "BotMessageNode",
          "id": "b904a19a-27e6-4879-bfa2-89a9ac096c7d",
          "defaultTargetNodeId": "a41c7f61-da3f-47b3-bee2-d5c9d9e68b86"
        },
        {
          "botMessageId": "34eef20a-2b64-4a82-8008-019ad8c9386e",
          "nodeType": "BotMessageNode",
          "id": "a41c7f61-da3f-47b3-bee2-d5c9d9e68b86",
          "defaultTargetNodeId": "ed85a4ae-4a01-47ac-96e1-51591a92096c"
        },
        {
          "botMessageId": "30c8bf8f-8eec-46c4-b8af-32b2f29f4e89",
          "nodeType": "BotMessageNode",
          "id": "30126cc3-b1c5-4a29-96d0-7df9a059b3d4",
          "defaultTargetNodeId": "16923ce4-a316-40eb-a0b5-4edf2f90c54c"
        }
      ],
      "dialogChangeNodes": [
        {
          "targetDialogId": "new_topic_2bf23930c1d146129dfe38bacb94ccd0_aeabea4d071f415c8c107e1cb7af5424_assumedsuccess",
          "nodeType": "DialogChangeNode",
          "id": "16923ce4-a316-40eb-a0b5-4edf2f90c54c"
        }
      ],
      "id": "new_topic_3e7f5656e87d4168938a0db9f7889439",
      "displayName": "Dialog for 팀 알림을 어떻게 변경합니까?",
      "createdTime": "2021-03-18T03:39:18.7466553Z",
      "updatedTime": "2021-04-06T06:50:00.6309256Z",
      "createdUserId": "e47109d8-0300-4e59-a90d-56bb29886c9e",
      "updatedUserId": "e47109d8-0300-4e59-a90d-56bb29886c9e"
    }
  ],
  "botMessages": [
    {
      "channelContent": {
        "web": {
          "contentFormat": "Markdown",
          "content": "**알림을 관리하려면,**\n\n1.  Teams 오른쪽 상단에 있는 프로필 사진을 선택한 다음,\n2.  설정 > 알림을 선택합니다."
        }
      },
      "id": "fb2607b6-b333-49fd-ad3c-90ef43aad93d",
      "createdTime": "2021-03-18T03:39:18.7466553Z",
      "updatedTime": "2021-03-18T03:39:18.7466553Z",
      "createdUserId": "e47109d8-0300-4e59-a90d-56bb29886c9e",
      "updatedUserId": "e47109d8-0300-4e59-a90d-56bb29886c9e"
    },
    {
      "channelContent": {
        "web": {
          "contentFormat": "Markdown",
          "content": "마이크로소프트 Teams는 알림을 액세스, 수신 및 관리하는 다양한 방법을 제공합니다.\n\n[Microsoft Teams에서 알림 관리](https://support.microsoft.com/ko-kr/office/manage-notifications-in-teams-1cc31834-5fe5-412b-8edb-43fecc78413d) 에서 더 보기"
        }
      },
      "id": "ee871be5-f860-4a05-b891-d17a441fccf4",
      "createdTime": "2021-04-06T06:47:26.221Z",
      "updatedTime": "2021-04-06T06:47:26.221Z",
      "createdUserId": "user-0",
      "updatedUserId": "user-0"
    },
    {
      "channelContent": {
        "web": {
          "contentFormat": "Markdown",
          "content": "이러한 설정에는 알림이 표시되는 방법, 시기 및 위치, 채널 및 채팅에 대한 사용자 지정 설정, 모양 및 소리, 특정 메시지 끄기 등이 포함됩니다."
        }
      },
      "id": "34eef20a-2b64-4a82-8008-019ad8c9386e",
      "createdTime": "2021-04-06T06:48:11.041Z",
      "updatedTime": "2021-04-06T06:48:11.041Z",
      "createdUserId": "user-0",
      "updatedUserId": "user-0"
    },
    {
      "channelContent": {
        "web": {
          "contentFormat": "Markdown",
          "content": "💡 **팁:** [알림에 대해 알아야할 사항](https://support.microsoft.com/ko-kr/office/six-things-to-know-about-notifications-abb62c60-3d15-4968-b86a-42fea9c22cf4)"
        }
      },
      "id": "30c8bf8f-8eec-46c4-b8af-32b2f29f4e89",
      "createdTime": "2021-04-06T06:48:39.018Z",
      "updatedTime": "2021-04-06T06:48:39.018Z",
      "createdUserId": "user-0",
      "updatedUserId": "user-0"
    }
  ],
  "createdUtc": "0001-01-01T00:00:00Z"
}