{
  "intents": [
    {
      "endUserOverrideName": "Benachrichtigen sie alle in einem Kanal (@mention Kanal)",
      "triggerQueries": [
        "Wie @mention ich einen Kanal?",
        "Wie kann ich alle in einem Kanal erwähnen?",
        "Wie kann ich alle in einem Kanal benachrichtigen?",
        "Wie kann ich einen Kanal verwenden?",
        "Benachrichtigen sie alle in einem Kanal (@mention Kanal)"
      ],
      "dialogId": "new_topic_503070fa2a0e4f78b066c6ed6f1729a0",
      "isTriggeringEnabled": true,
      "id": "new_topic_503070fa2a0e4f78b066c6ed6f1729a0",
      "displayName": "Wie @mention ich einen Kanal?",
      "description": "",
      "createdTime": "2021-04-16T07:50:05.2882817Z",
      "updatedTime": "2021-04-16T07:50:05.2882817Z",
      "createdUserId": "d4c65e50-fb5c-4311-830a-05b59a11dd48"
    }
  ],
  "dialogs": [
    {
      "rootNodeId": "3213ee9b-3a7b-4136-aeb8-e283dabf538d",
      "messageNodes": [
        {
          "botMessageId": "77e3d952-3c0a-4d96-ac07-ecfa1b7f54a1",
          "nodeType": "BotMessageNode",
          "id": "3213ee9b-3a7b-4136-aeb8-e283dabf538d",
          "defaultTargetNodeId": "e13567e6-2b84-48ee-909d-2d012ed616bc"
        },
        {
          "botMessageId": "2452b949-83ed-447b-b8a1-4e7a5510a31e",
          "nodeType": "BotMessageNode",
          "id": "e13567e6-2b84-48ee-909d-2d012ed616bc",
          "defaultTargetNodeId": "c0102a93-0a61-4dc5-a614-20b599813fd9"
        },
        {
          "botMessageId": "09994c47-375d-4dc7-af50-cd7cf5af172b",
          "nodeType": "BotMessageNode",
          "id": "c0102a93-0a61-4dc5-a614-20b599813fd9",
          "defaultTargetNodeId": "107cb544-3fa3-477f-a2e0-03e2db968543"
        }
      ],
      "dialogChangeNodes": [
        {
          "targetDialogId": "new_topic_30867099f4b543d3b8543a85c22c3418_aeabea4d071f415c8c107e1cb7af5424_assumedsuccess",
          "nodeType": "DialogChangeNode",
          "id": "107cb544-3fa3-477f-a2e0-03e2db968543"
        }
      ],
      "id": "new_topic_503070fa2a0e4f78b066c6ed6f1729a0",
      "displayName": "Dialog for Wie @mention ich einen Kanal?",
      "createdTime": "2021-04-16T07:50:05.2882817Z",
      "updatedTime": "2021-04-16T07:54:55.5694488Z",
      "createdUserId": "d4c65e50-fb5c-4311-830a-05b59a11dd48",
      "updatedUserId": "d4c65e50-fb5c-4311-830a-05b59a11dd48"
    }
  ],
  "botMessages": [
    {
      "channelContent": {
        "web": {
          "contentFormat": "Markdown",
          "content": "**Um die Aufmerksamkeit aller in einem Kanal zu bekommen**, @mention Kanalnamen.\n\n*   Geben Sie @channel ein, und wählen Sie den Kanalnamen aus dem angezeigten Menü aus."
        }
      },
      "id": "77e3d952-3c0a-4d96-ac07-ecfa1b7f54a1",
      "createdTime": "2021-04-16T07:50:05.2882817Z",
      "updatedTime": "2021-04-16T07:50:05.2882817Z",
      "createdUserId": "d4c65e50-fb5c-4311-830a-05b59a11dd48",
      "updatedUserId": "d4c65e50-fb5c-4311-830a-05b59a11dd48"
    },
    {
      "channelContent": {
        "web": {
          "contentFormat": "Markdown",
          "content": "Mit @channel erhalten alle Teammitglieder eine Benachrichtigung.\n\n[Der Typ der Benachrichtigung hängt von den Einstellungen aller ab.](https://support.microsoft.com/de-de/office/six-things-to-know-about-notifications-abb62c60-3d15-4968-b86a-42fea9c22cf4)"
        }
      },
      "id": "2452b949-83ed-447b-b8a1-4e7a5510a31e",
      "createdTime": "2021-04-16T07:51:26.423Z",
      "updatedTime": "2021-04-16T07:51:26.423Z",
      "createdUserId": "user-0",
      "updatedUserId": "user-0"
    },
    {
      "channelContent": {
        "web": {
          "contentFormat": "Markdown",
          "content": "💡 **Tipp**: Verwenden Sie diese Option mit Vorsicht in großen Teams, da es wie die Verwendung von \"alle antworten\" in E-Mail ist."
        }
      },
      "id": "09994c47-375d-4dc7-af50-cd7cf5af172b",
      "createdTime": "2021-04-16T07:51:28.899Z",
      "updatedTime": "2021-04-16T07:51:28.899Z",
      "createdUserId": "user-0",
      "updatedUserId": "user-0"
    }
  ]
}