{
  "intents": [
    {
      "endUserOverrideName": "Add members to a team",
      "triggerQueries": [
        "Add members to a team",
        "How to invite new people to the team",
        "How do I add a member to the team?",
        "Add team members",
        "Invite colleagues to the team",
        "Invite more people to collaborate",
        "Add new person to your team",
        "Add team members?",
        "add team member to the team",
        "Add someone to your team",
        "how do I add more people to the team?",
        "How do I add a member to a team?"
      ],
      "dialogId": "new_topic_f9d20c82bdf74ba3a5f189676e25999d",
      "isTriggeringEnabled": true,
      "id": "new_topic_f9d20c82bdf74ba3a5f189676e25999d",
      "displayName": "How do I add a member to a team?",
      "description": "",
      "createdTime": "2021-01-13T22:20:51.2371466Z",
      "updatedTime": "2023-11-16T13:34:48.7549986Z",
      "createdUserId": "f04d3cd9-b73d-4ba9-a1ed-9319eba29b21",
      "updatedUserId": "c8d29cfd-efef-47c1-8e02-210c8be30c37"
    }
  ],
  "dialogs": [
    {
      "rootNodeId": "fdeb01b4-dba4-4f92-81d2-724ab5e827af",
      "messageNodes": [
        {
          "botMessageId": "66d85954-f2fc-4059-95f6-f71751deefef",
          "nodeType": "BotMessageNode",
          "id": "fdeb01b4-dba4-4f92-81d2-724ab5e827af",
          "defaultTargetNodeId": "680accdc-1d2c-4454-bd3d-21c8b38cf9a7"
        },
        {
          "botMessageId": "67ce64e1-d62c-479f-917e-05d8802e21e8",
          "nodeType": "BotMessageNode",
          "id": "680accdc-1d2c-4454-bd3d-21c8b38cf9a7",
          "defaultTargetNodeId": "e1b87388-3e9a-4e3b-8e66-41815ffa6505"
        }
      ],
      "dialogChangeNodes": [
        {
          "targetDialogId": "new_topic_eac3f49c99664313a9d9dc19d80a79a2_aeabea4d071f415c8c107e1cb7af5424_assumedsuccess",
          "nodeType": "DialogChangeNode",
          "id": "e1b87388-3e9a-4e3b-8e66-41815ffa6505"
        }
      ],
      "id": "new_topic_f9d20c82bdf74ba3a5f189676e25999d",
      "displayName": "Dialog for How do I add a member to a team?",
      "createdTime": "2021-01-13T22:20:51.2371466Z",
      "updatedTime": "2023-11-16T13:34:48.7549982Z",
      "createdUserId": "f04d3cd9-b73d-4ba9-a1ed-9319eba29b21",
      "updatedUserId": "c8d29cfd-efef-47c1-8e02-210c8be30c37"
    }
  ],
  "botMessages": [
    {
      "channelContent": {
        "web": {
          "contentFormat": "Markdown",
          "content": "**If you're a team owner**,\n\n1.  Go to the team name and select **More options** (...),\n2.  Select **Add members**. This is also where you can [invite guests outside your organization to join your team](https://support.microsoft.com/en-us/office/add-guests-to-a-team-in-teams-fccb4fa6-f864-4508-bdde-256e7384a14f)."
        }
      },
      "id": "66d85954-f2fc-4059-95f6-f71751deefef",
      "createdTime": "2021-01-13T22:20:51.2371466Z",
      "updatedTime": "2021-01-13T22:20:51.2371466Z",
      "createdUserId": "f04d3cd9-b73d-4ba9-a1ed-9319eba29b21",
      "updatedUserId": "f04d3cd9-b73d-4ba9-a1ed-9319eba29b21"
    },
    {
      "channelContent": {
        "web": {
          "contentFormat": "Markdown",
          "content": "**To add multiple people**, type the name of a contact group (also known as “distribution list\"), security group, or Microsoft 365 group."
        }
      },
      "id": "67ce64e1-d62c-479f-917e-05d8802e21e8",
      "createdTime": "2021-01-27T19:26:17.664Z",
      "updatedTime": "2021-01-27T19:26:17.664Z",
      "createdUserId": "user-0",
      "updatedUserId": "user-0"
    }
  ]
}