{
  "intents": [
    {
      "triggerQueries": [
        "svar i kanal",
        "svar et innlegg i kanalen",
        "Ny samtale i kanalen",
        "Start ny samtale i en kanal?",
        "Hvordan starte en ny samtale i kanaler?",
        "Hvordan svarer jeg på en melding i en kanal?"
      ],
      "dialogId": "new_topic_ffbcdfc7dc6f4be986fd8b46d0ab30fb",
      "isTriggeringEnabled": true,
      "canTriggeringBeDisabled": true,
      "id": "new_topic_ffbcdfc7dc6f4be986fd8b46d0ab30fb",
      "displayName": "Hvordan svarer jeg på en melding i en kanal?",
      "description": "https://norwegianteams.blob.core.windows.net/norwegian-container/TIMA QA P19.docx",
      "createdTime": "2021-03-24T20:09:21.5442661Z",
      "updatedTime": "2021-03-25T11:09:11.8456544Z",
      "createdUserId": "ef0c8b9a-eff1-49f8-92fa-fd1d3e15e1ba",
      "updatedUserId": "ef0c8b9a-eff1-49f8-92fa-fd1d3e15e1ba",
      "isManaged": false,
      "isCustomizable": true,
      "etag": "W/\"1877603\"",
      "versionNumber": 1877603,
      "componentId": "94e1a1d8-dc8c-eb11-a812-000d3a9d9016"
    }
  ],
  "dialogs": [
    {
      "rootNodeId": "38f07ed8-f967-4054-97dc-b3862a487d05",
      "messageNodes": [
        {
          "botMessageId": "535de6c5-797d-4891-93cd-b311cef9ef43",
          "nodeType": "BotMessageNode",
          "id": "38f07ed8-f967-4054-97dc-b3862a487d05",
          "defaultTargetNodeId": "830f52d8-dc9a-4067-a26a-17bd478021aa"
        }
      ],
      "dialogChangeNodes": [
        {
          "targetDialogId": "new_topic_89c49d37fd4c4c1c9144396960733ce1_aeabea4d071f415c8c107e1cb7af5424_assumedsuccess",
          "nodeType": "DialogChangeNode",
          "id": "830f52d8-dc9a-4067-a26a-17bd478021aa"
        }
      ],
      "id": "new_topic_ffbcdfc7dc6f4be986fd8b46d0ab30fb",
      "displayName": "Dialog for Hvordan svarer jeg på en melding i en kanal?",
      "createdTime": "2021-03-24T20:09:21.5442661Z",
      "updatedTime": "2021-03-25T11:19:41.8596141Z",
      "createdUserId": "ef0c8b9a-eff1-49f8-92fa-fd1d3e15e1ba",
      "updatedUserId": "ef0c8b9a-eff1-49f8-92fa-fd1d3e15e1ba",
      "versionNumber": 0,
      "componentId": "00000000-0000-0000-0000-000000000000"
    }
  ],
  "botMessages": [
    {
      "channelContent": {
        "web": {
          "contentFormat": "Markdown",
          "content": "Kanalsamtaler er organisert etter dato og deretter etter tråd. Svarene i trådene organiseres under det første innlegget, slik at det blir enklere å følge flere samtaler.\n\n1.  Finn samtaletråden du vil svare på.\n2.  Klikk på **Svar**, skriv inn meldingen din og klikk på **Send**."
        }
      },
      "id": "535de6c5-797d-4891-93cd-b311cef9ef43",
      "createdTime": "2021-03-24T20:09:21.5442661Z",
      "updatedTime": "2021-03-24T20:09:21.5442661Z",
      "createdUserId": "ef0c8b9a-eff1-49f8-92fa-fd1d3e15e1ba",
      "updatedUserId": "ef0c8b9a-eff1-49f8-92fa-fd1d3e15e1ba",
      "versionNumber": 0,
      "componentId": "00000000-0000-0000-0000-000000000000"
    }
  ],
  "createdUtc": "0001-01-01T00:00:00Z"
}