{
  "intents": [
    {
      "endUserOverrideName": "Teams autom. löschen",
      "triggerQueries": [
        "automatische Bereinigung von nicht verwendeten Teams?",
        "Kann ein Team automatisch gelöscht werden, wenn es für eine bestimmte Anzahl von Tagen oder Monaten inaktiv ist?",
        "Inaktive Teams bereinigen",
        "alte Teams automatisch löschen",
        "Nicht mehr verwendete Teams löschen",
        "Nicht mehr verwendete Teams entfernen",
        "Inaktive Teams nach einer bestimmten Zeit löschen",
        "Ich bin Teil von zu vielen inaktiven Teams",
        "Zu viele inaktive Teams",
        "Automatisch alle alten Teams löschen",
        "inaktive Teams automatisch entfernen",
        "inaktive Teams automatisch löschen",
        "Können inaktive Teams nach einer bestimmten Anzahl von Tagen oder Monaten automatisch gelöscht werden?"
      ],
      "dialogId": "new_topic_e9ae73055a734d3ca790d4082854b4dd",
      "isTriggeringEnabled": true,
      "id": "new_topic_e9ae73055a734d3ca790d4082854b4dd",
      "displayName": "Können inaktive Teams nach einer bestimmten Anzahl von Tagen oder Monaten automatisch gelöscht werden?",
      "description": "https://adoptbotv2kb.blob.core.windows.net/%24web/AdoptBot2021-English.docx",
      "createdTime": "2021-04-19T10:49:19.9060518Z",
      "updatedTime": "2021-04-22T13:00:04.5863415Z",
      "createdUserId": "86360cd1-faa6-4d16-8a0c-ba3116c8a977",
      "updatedUserId": "86360cd1-faa6-4d16-8a0c-ba3116c8a977"
    }
  ],
  "dialogs": [
    {
      "rootNodeId": "277415f8-5061-4742-bbba-58117053ec9c",
      "messageNodes": [
        {
          "botMessageId": "204f2db3-6ac7-4937-b6fc-b70561823374",
          "nodeType": "BotMessageNode",
          "id": "277415f8-5061-4742-bbba-58117053ec9c",
          "defaultTargetNodeId": "c7fce018-aeeb-40dd-82ef-6b362804b1fa"
        },
        {
          "botMessageId": "185bafe7-f47b-4f18-b41a-b769afea87e0",
          "nodeType": "BotMessageNode",
          "id": "c7fce018-aeeb-40dd-82ef-6b362804b1fa",
          "defaultTargetNodeId": "0c9264d4-cd4d-4dea-88ec-fe8f6c7c9993"
        }
      ],
      "dialogChangeNodes": [
        {
          "targetDialogId": "new_topic_30867099f4b543d3b8543a85c22c3418_aeabea4d071f415c8c107e1cb7af5424_assumedsuccess",
          "nodeType": "DialogChangeNode",
          "id": "0c9264d4-cd4d-4dea-88ec-fe8f6c7c9993"
        }
      ],
      "id": "new_topic_e9ae73055a734d3ca790d4082854b4dd",
      "displayName": "Dialog for Können inaktive Teams nach einer bestimmten Anzahl von Tagen oder Monaten automatisch gelöscht werden?",
      "createdTime": "2021-04-19T10:49:19.9060518Z",
      "updatedTime": "2021-04-19T10:50:26.1300214Z",
      "createdUserId": "86360cd1-faa6-4d16-8a0c-ba3116c8a977",
      "updatedUserId": "86360cd1-faa6-4d16-8a0c-ba3116c8a977"
    }
  ],
  "botMessages": [
    {
      "channelContent": {
        "web": {
          "contentFormat": "Markdown",
          "content": "Das automatische Entfernen von inaktiven Teams kann über die Ablaufrichtlinie von Teams verwaltet werden. Es ist eine wunderbare Möglichkeit, inaktive Teams, die nicht verwendet werden, aufzuräumen und Unordnung zu beseitigen!"
        }
      },
      "id": "204f2db3-6ac7-4937-b6fc-b70561823374",
      "createdTime": "2021-04-19T10:49:19.9050522Z",
      "updatedTime": "2021-04-19T10:49:19.9050522Z",
      "createdUserId": "86360cd1-faa6-4d16-8a0c-ba3116c8a977",
      "updatedUserId": "86360cd1-faa6-4d16-8a0c-ba3116c8a977"
    },
    {
      "channelContent": {
        "web": {
          "contentFormat": "Markdown",
          "content": "[Sehen Sie sich auch diesen Artikel an: Ablauf und Verlängerung des Teams in Microsoft Teams](https://docs.microsoft.com/de-de/microsoftteams/team-expiration-renewal)"
        }
      },
      "id": "185bafe7-f47b-4f18-b41a-b769afea87e0",
      "createdTime": "2021-04-19T10:50:02.137Z",
      "updatedTime": "2021-04-19T10:50:02.137Z",
      "createdUserId": "user-0",
      "updatedUserId": "user-0"
    }
  ],
  "createdUtc": "0001-01-01T00:00:00Z"
}