{
  "intents": [
    {
      "endUserOverrideName": "Alle Teammitglieder benachrichtigen?",
      "triggerQueries": [
        "Ich möchte, dass das gesamte Team eine Benachrichtigung erhält",
        "Wie kann ich das gesamte Team benachrichtigen?",
        "Wie @ ich das gesamte Team?",
        "Wie bekomme ich die Aufmerksamkeit des gesamten Teams?",
        "Wie kann ich das ganze Team erwähnen?",
        "@mention",
        "Alle Teammitglieder benachrichtigen"
      ],
      "dialogId": "new_topic_48cb569dae1849f29721e8d3c64658c2",
      "isTriggeringEnabled": true,
      "id": "new_topic_48cb569dae1849f29721e8d3c64658c2",
      "displayName": "Wie kann ich das gesamte Team @erwähnen?",
      "description": "https://adoptbotv2kb.blob.core.windows.net/%24web/AdoptBot2021-English.docx",
      "createdTime": "2021-04-18T17:14:26.0310529Z",
      "updatedTime": "2021-04-18T17:14:26.0310529Z",
      "createdUserId": "86360cd1-faa6-4d16-8a0c-ba3116c8a977"
    }
  ],
  "dialogs": [
    {
      "rootNodeId": "329fbef7-0c53-4c00-a030-ec73bbf2fcaa",
      "messageNodes": [
        {
          "botMessageId": "694d7896-aa3b-47b1-9029-47bf6c36dd61",
          "nodeType": "BotMessageNode",
          "id": "329fbef7-0c53-4c00-a030-ec73bbf2fcaa",
          "defaultTargetNodeId": "7e59e28b-284e-4d16-a2ee-dbf7c3ebecd4"
        },
        {
          "botMessageId": "3fd5b672-b655-4703-b0b2-bc4527d6bb3f",
          "nodeType": "BotMessageNode",
          "id": "7e59e28b-284e-4d16-a2ee-dbf7c3ebecd4",
          "defaultTargetNodeId": "0b788267-f00e-4ff1-a0eb-ef7f5f6d1c56"
        },
        {
          "botMessageId": "8d97a67d-a0e1-4110-b58f-11310f78d5f7",
          "nodeType": "BotMessageNode",
          "id": "0b788267-f00e-4ff1-a0eb-ef7f5f6d1c56",
          "defaultTargetNodeId": "92ec0978-e068-471f-866c-4bc2886feffb"
        }
      ],
      "dialogChangeNodes": [
        {
          "targetDialogId": "new_topic_30867099f4b543d3b8543a85c22c3418_aeabea4d071f415c8c107e1cb7af5424_assumedsuccess",
          "nodeType": "DialogChangeNode",
          "id": "92ec0978-e068-471f-866c-4bc2886feffb"
        }
      ],
      "id": "new_topic_48cb569dae1849f29721e8d3c64658c2",
      "displayName": "Dialog for Wie kann ich das gesamte Team @erwähnen?",
      "createdTime": "2021-04-18T17:14:26.0310529Z",
      "updatedTime": "2021-04-18T17:17:21.2813389Z",
      "createdUserId": "86360cd1-faa6-4d16-8a0c-ba3116c8a977",
      "updatedUserId": "86360cd1-faa6-4d16-8a0c-ba3116c8a977"
    }
  ],
  "botMessages": [
    {
      "channelContent": {
        "web": {
          "contentFormat": "Markdown",
          "content": "[Um die Aufmerksamkeit aller im Team zu erhalten](https://support.microsoft.com/de-de/office/verwenden-von-erw%c3%a4hnungen-um-eine-person-auf-sich-aufmerksam-zu-machen-in-teams-eb4f059d-320e-454e-b111-03361d4d6855?ui=de-DE&rs=de-DE&ad=DE), erwähnen Sie den Namen des Teams mit @.\n\n*   Geben Sie @team ein und wählen Sie den Namen des Teams aus dem angezeigten Menü."
        }
      },
      "id": "694d7896-aa3b-47b1-9029-47bf6c36dd61",
      "createdTime": "2021-04-18T17:14:26.0300512Z",
      "updatedTime": "2021-04-18T17:14:26.0300512Z",
      "createdUserId": "86360cd1-faa6-4d16-8a0c-ba3116c8a977",
      "updatedUserId": "86360cd1-faa6-4d16-8a0c-ba3116c8a977"
    },
    {
      "channelContent": {
        "web": {
          "contentFormat": "Markdown",
          "content": "Durch @team erhalten alle Mitglieder des Teams eine Benachrichtigung.\n\n[_Die Art der Benachrichtigung hängt von den Einstellungen aller ab._](https://support.microsoft.com/de-de/office/sechs-wissenswerte-infos-%c3%bcber-benachrichtigungen-abb62c60-3d15-4968-b86a-42fea9c22cf4?ui=de-DE&rs=de-DE&ad=DE)"
        }
      },
      "id": "3fd5b672-b655-4703-b0b2-bc4527d6bb3f",
      "createdTime": "2021-04-18T17:15:33.582Z",
      "updatedTime": "2021-04-18T17:15:33.582Z",
      "createdUserId": "user-0",
      "updatedUserId": "user-0"
    },
    {
      "channelContent": {
        "web": {
          "contentFormat": "Markdown",
          "content": "💡 **Tipp**: Verwenden Sie diese Option sparsam in großen Teams, denn sie ist wie die Verwendung von \"Allen antworten\" in E-Mails."
        }
      },
      "id": "8d97a67d-a0e1-4110-b58f-11310f78d5f7",
      "createdTime": "2021-04-18T17:16:16.694Z",
      "updatedTime": "2021-04-18T17:16:16.694Z",
      "createdUserId": "user-0",
      "updatedUserId": "user-0"
    }
  ]
}