{
  "intents": [
    {
      "endUserOverrideName": "Chi può unirsi agli eventi live?",
      "triggerQueries": [
        "partecipanti agli eventi live",
        "Chi può unirsi agli eventi live?",
        "Chi può partecipare agli eventi live?",
        "Chi può guardare un evento live?",
        "Chi può vedere un evento live in Teams?",
        "Chi può partecipare a un evento live?",
        "Chi può guardare gli eventi live?",
        "Partecipare a un evento live in Teams",
        "Partecipare a eventi live",
        "Chi può partecipare agli eventi live?"
      ],
      "dialogId": "new_topic_fc8e7f8445f64a3c8c7e009cc85a5872",
      "isTriggeringEnabled": true,
      "id": "new_topic_fc8e7f8445f64a3c8c7e009cc85a5872",
      "displayName": "Chi può partecipare agli eventi live?",
      "createdTime": "2022-04-30T09:01:08.5433857Z",
      "updatedTime": "2022-04-30T09:01:08.5433857Z",
      "createdUserId": "9451fc51-e00d-4445-8ff9-efb70866dc3b",
      "updatedUserId": "9451fc51-e00d-4445-8ff9-efb70866dc3b"
    }
  ],
  "dialogs": [
    {
      "rootNodeId": "743d7c38-65d6-4087-affe-cfb23918a590",
      "messageNodes": [
        {
          "botMessageId": "14edc03e-19a1-4c0c-97ee-11acf82ca843",
          "nodeType": "BotMessageNode",
          "id": "743d7c38-65d6-4087-affe-cfb23918a590",
          "defaultTargetNodeId": "82642c9c-0057-4e93-9edc-0a1ebf910fe9"
        },
        {
          "botMessageId": "d5c31de3-4bdc-48da-9106-1e238f80298c",
          "nodeType": "BotMessageNode",
          "id": "82642c9c-0057-4e93-9edc-0a1ebf910fe9",
          "defaultTargetNodeId": "d7909a72-9a12-4863-a886-9f7f9a13f174"
        },
        {
          "botMessageId": "7803ef2a-b283-4448-8368-56e55e8ca8b1",
          "nodeType": "BotMessageNode",
          "id": "d7909a72-9a12-4863-a886-9f7f9a13f174",
          "defaultTargetNodeId": "58f1cc90-2035-40d5-a94a-9e99ccaa9470"
        }
      ],
      "dialogChangeNodes": [
        {
          "targetDialogId": "new_topic_f98a24608ee04cb998de3e3e32703d5b_aeabea4d071f415c8c107e1cb7af5424_assumedsuccess",
          "nodeType": "DialogChangeNode",
          "id": "58f1cc90-2035-40d5-a94a-9e99ccaa9470"
        }
      ],
      "id": "new_topic_fc8e7f8445f64a3c8c7e009cc85a5872",
      "displayName": "Senza titolo",
      "createdTime": "2022-04-30T09:01:08.5433857Z",
      "updatedTime": "2022-04-30T09:01:08.5433857Z",
      "createdUserId": "9451fc51-e00d-4445-8ff9-efb70866dc3b",
      "updatedUserId": "9451fc51-e00d-4445-8ff9-efb70866dc3b"
    }
  ],
  "botMessages": [
    {
      "channelContent": {
        "web": {
          "contentFormat": "Markdown",
          "content": "**Eventi pubblici**:\n\nSe un evento è pubblico, chiunque abbia il link può partecipare senza effettuare l'accesso."
        }
      },
      "id": "14edc03e-19a1-4c0c-97ee-11acf82ca843",
      "createdTime": "2022-04-30T08:57:42.507Z",
      "updatedTime": "2022-04-30T08:57:42.507Z"
    },
    {
      "channelContent": {
        "web": {
          "contentFormat": "Markdown",
          "content": "**Eventi privati**:\n\nSe la partecipazione è limitata alla tua organizzazione o a persone e gruppi specifici, i partecipanti devono accedere per partecipare. Se l'evento viene prodotto esternamente, avranno bisogno di una licenza che includa Microsoft Stream."
        }
      },
      "id": "d5c31de3-4bdc-48da-9106-1e238f80298c",
      "createdTime": "2022-04-30T08:59:15.33Z",
      "updatedTime": "2022-04-30T08:59:15.33Z",
      "createdUserId": "user-0",
      "updatedUserId": "user-0"
    },
    {
      "channelContent": {
        "web": {
          "contentFormat": "Markdown",
          "content": "Per ulteriori dettagli, vedi [Introduzione agli eventi live di Microsoft Teams](https://support.microsoft.com/it-it/office/introduzione-agli-eventi-live-di-microsoft-teams-d077fec2-a058-483e-9ab5-1494afda578a)."
        }
      },
      "id": "7803ef2a-b283-4448-8368-56e55e8ca8b1",
      "createdTime": "2022-04-30T08:59:59.094Z",
      "updatedTime": "2022-04-30T08:59:59.094Z",
      "createdUserId": "user-0",
      "updatedUserId": "user-0"
    }
  ]
}