{
  "intents": [
    {
      "endUserOverrideName": "Supprimer quelqu’un d’une conversation de groupe",
      "triggerQueries": [
        "Supprimer quelqu’un d’une conversation de groupe?",
        "Supprimer une personne d’une conversation de groupe",
        "Supprimer un participant d’une conversation",
        "changer les membres d’une conversation de groupe",
        "déterminer qui est dans une conversation de groupe",
        "supprimer une personne d'un groupe de discussion",
        "Retirer quelqu’un du chat",
        "Retirer quelqu’un d’une conversation",
        "supprimer quelqu’un du groupe de discussion",
        "Comment puis-je supprimer quelqu’un d’une conversation de groupe?"
      ],
      "dialogId": "new_topic_795efdf830f546c0a43fff0424b763cd",
      "isTriggeringEnabled": true,
      "id": "new_topic_795efdf830f546c0a43fff0424b763cd",
      "displayName": "Comment puis-je supprimer quelqu’un d’une conversation de groupe?",
      "description": "",
      "createdTime": "2021-01-13T22:20:51.2371466Z",
      "updatedTime": "2021-05-21T11:21:37.2573428Z",
      "createdUserId": "f04d3cd9-b73d-4ba9-a1ed-9319eba29b21",
      "updatedUserId": "137976d8-62f4-4f81-b357-122fb8bb440c"
    }
  ],
  "dialogs": [
    {
      "rootNodeId": "4d1149d0-bb31-4ace-ad4d-688b0c01d54e",
      "messageNodes": [
        {
          "botMessageId": "a8f07a42-be35-424b-aa6f-341800954e97",
          "nodeType": "BotMessageNode",
          "id": "4d1149d0-bb31-4ace-ad4d-688b0c01d54e",
          "defaultTargetNodeId": "c2dc1ba4-4d15-48d6-a77d-c4bface59283"
        }
      ],
      "dialogChangeNodes": [
        {
          "targetDialogId": "new_topic_eac3f49c99664313a9d9dc19d80a79a2_aeabea4d071f415c8c107e1cb7af5424_assumedsuccess",
          "nodeType": "DialogChangeNode",
          "id": "c2dc1ba4-4d15-48d6-a77d-c4bface59283"
        }
      ],
      "id": "new_topic_795efdf830f546c0a43fff0424b763cd",
      "displayName": "Dialog for How do I remove someone from a group chat?",
      "createdTime": "2021-01-13T22:20:51.2371466Z",
      "updatedTime": "2021-04-22T21:46:51.9116666Z",
      "createdUserId": "f04d3cd9-b73d-4ba9-a1ed-9319eba29b21",
      "updatedUserId": "a2c4aa2c-d830-41eb-bcf4-467a2c7e1279"
    }
  ],
  "botMessages": [
    {
      "channelContent": {
        "web": {
          "contentFormat": "Markdown",
          "content": "Vous pouvez [quitter une conversation de groupe vous-même ou retirer d'autres personnes de la conversation:](https://support.microsoft.com/fr-fr/office/quitter-ou-supprimer-une-personne-d-une-conversation-de-groupe-7db55a67-0ba4-4409-a399-5ed502a1d094?ui=fr-FR&rs=fr-FR&ad=FR)\n\n1\\. Ouvrez une conversation de groupe avec trois personnes ou plus.\n\n2\\. Cliquez sur le nombre de membres, puis passez au-dessus de la personne que vous souhaitez supprimer.\n\n3\\. Sélectionnez X et confirmez que vous souhaitez supprimer le participant de la conversation."
        }
      },
      "id": "a8f07a42-be35-424b-aa6f-341800954e97",
      "createdTime": "2021-01-13T22:20:51.2371466Z",
      "updatedTime": "2021-01-13T22:20:51.2371466Z",
      "createdUserId": "f04d3cd9-b73d-4ba9-a1ed-9319eba29b21",
      "updatedUserId": "f04d3cd9-b73d-4ba9-a1ed-9319eba29b21"
    }
  ],
  "createdUtc": "0001-01-01T00:00:00Z"
}