{
  "intents": [
    {
      "triggerQueries": [
        "Su quali sistemi operativi posso eseguire eventi live?",
        "Requisiti di sistema per eventi live di Teams?",
        "specifiche di sistema per eventi live",
        "Quali sono i requisiti di sistema per eventi live di Teams?"
      ],
      "dialogId": "new_topic_de7bffd22b5e4733a11b8265364e091e",
      "isTriggeringEnabled": true,
      "id": "new_topic_de7bffd22b5e4733a11b8265364e091e",
      "displayName": "Quali sono i requisiti di sistema per eventi live di Teams?",
      "createdTime": "2022-04-30T08:54:49.1637257Z",
      "updatedTime": "2022-04-30T08:54:49.1637257Z",
      "createdUserId": "9451fc51-e00d-4445-8ff9-efb70866dc3b",
      "updatedUserId": "9451fc51-e00d-4445-8ff9-efb70866dc3b"
    }
  ],
  "dialogs": [
    {
      "rootNodeId": "d489a883-5608-4275-90fb-512b86a05d3a",
      "messageNodes": [
        {
          "botMessageId": "fb365687-325f-46c8-85f0-68ea2f5e7bc0",
          "nodeType": "BotMessageNode",
          "id": "d489a883-5608-4275-90fb-512b86a05d3a",
          "defaultTargetNodeId": "799b1059-a74e-4fbf-a49b-83175d41a72e"
        }
      ],
      "dialogChangeNodes": [
        {
          "targetDialogId": "new_topic_f98a24608ee04cb998de3e3e32703d5b_aeabea4d071f415c8c107e1cb7af5424_assumedsuccess",
          "nodeType": "DialogChangeNode",
          "id": "799b1059-a74e-4fbf-a49b-83175d41a72e"
        }
      ],
      "id": "new_topic_de7bffd22b5e4733a11b8265364e091e",
      "displayName": "Senza titolo",
      "createdTime": "2022-04-30T08:54:49.1637257Z",
      "updatedTime": "2022-04-30T08:54:49.1637257Z",
      "createdUserId": "9451fc51-e00d-4445-8ff9-efb70866dc3b",
      "updatedUserId": "9451fc51-e00d-4445-8ff9-efb70866dc3b"
    }
  ],
  "botMessages": [
    {
      "channelContent": {
        "web": {
          "contentFormat": "Markdown",
          "content": "**Sistemi operativi supportati**:\n\nWindows 7 e versioni successive (32 bit e 64 bit), macOS 10.10 e versioni successive.\n\n**Sistemi operativi mobile supportati**:\n\nAndroid 4.4 e versioni successive, iOS 10 e versioni successive\n\n**Browser supportati**:\n\nMicrosoft Edge RS2 e versioni successive, Chrome (ultime 3 versioni), Firefox (ultime 3 versioni), Internet Explorer 11, Safari."
        }
      },
      "id": "fb365687-325f-46c8-85f0-68ea2f5e7bc0",
      "createdTime": "2022-04-30T08:51:13.069Z",
      "updatedTime": "2022-04-30T08:51:13.069Z"
    }
  ]
}