{
  "intents": [
    {
      "endUserOverrideName": "Che cos'è Teams? (Panoramica)",
      "triggerQueries": [
        "Panoramica di Microsoft Teams?",
        "Cos'è Microsoft Teams?",
        "Cosa c'è di così bello in Teams?",
        "Spiega cos'è Teams",
        "dammi una panoramica di Teams",
        "Che cos'è Microsoft Teams e perché dovrei usarlo?",
        "Che cos'è Teams?",
        "Perché dovrei usare Teams",
        "A cosa serve Teams?",
        "Cosa si può fare in Teams?",
        "Perché usare Teams?",
        "Che cos'è Teams e perché dovrei usarlo?"
      ],
      "dialogId": "new_topic_a407fa9c8c2b44dcaf6ade30583d2bb9",
      "isTriggeringEnabled": true,
      "id": "new_topic_a407fa9c8c2b44dcaf6ade30583d2bb9",
      "displayName": "Che cos'è Teams e perché dovrei usarlo?",
      "createdTime": "2022-04-28T22:24:12.265054Z",
      "updatedTime": "2022-04-28T22:24:49.3458924Z",
      "createdUserId": "9451fc51-e00d-4445-8ff9-efb70866dc3b",
      "updatedUserId": "9451fc51-e00d-4445-8ff9-efb70866dc3b"
    }
  ],
  "dialogs": [
    {
      "rootNodeId": "17d3c74d-6191-431b-b01b-337cff51ba87",
      "messageNodes": [
        {
          "botMessageId": "d1ec7ec6-3a77-4c83-a22e-ed33a5581a24",
          "nodeType": "BotMessageNode",
          "id": "17d3c74d-6191-431b-b01b-337cff51ba87",
          "defaultTargetNodeId": "6c91a359-36ee-4523-8dba-ba08b0a8d401"
        },
        {
          "botMessageId": "6d0a2e2b-e801-4fff-9d5e-0ad870ff9b61",
          "nodeType": "BotMessageNode",
          "id": "6c91a359-36ee-4523-8dba-ba08b0a8d401",
          "defaultTargetNodeId": "8ccacea7-02f0-4bbe-a037-a699b0e03293"
        }
      ],
      "dialogChangeNodes": [
        {
          "targetDialogId": "new_topic_f98a24608ee04cb998de3e3e32703d5b_aeabea4d071f415c8c107e1cb7af5424_assumedsuccess",
          "nodeType": "DialogChangeNode",
          "id": "8ccacea7-02f0-4bbe-a037-a699b0e03293"
        }
      ],
      "id": "new_topic_a407fa9c8c2b44dcaf6ade30583d2bb9",
      "displayName": "Senza titolo",
      "createdTime": "2022-04-28T22:24:12.265054Z",
      "updatedTime": "2022-04-28T22:24:49.3458924Z",
      "createdUserId": "9451fc51-e00d-4445-8ff9-efb70866dc3b",
      "updatedUserId": "9451fc51-e00d-4445-8ff9-efb70866dc3b"
    }
  ],
  "botMessages": [
    {
      "channelContent": {
        "web": {
          "contentFormat": "Markdown",
          "content": "[Microsoft Teams](https://www.microsoft.com/it-it/microsoft-teams/group-chat-software) è l'app di collaborazione definitiva che aiuta il tuo team a rimanere organizzato e ad avere conversazioni. @Tutto in un unico luogo e accessibile a tutti."
        }
      },
      "id": "d1ec7ec6-3a77-4c83-a22e-ed33a5581a24",
      "createdTime": "2022-04-28T21:56:00.52Z",
      "updatedTime": "2022-04-28T21:56:00.52Z"
    },
    {
      "channelContent": {
        "web": {
          "contentFormat": "Markdown",
          "content": "Ecco alcuni dei motivi per cui dovresti considerare l'utilizzo di Teams:\n\n*   [Riunioni](https://www.microsoft.com/it-it/microsoft-teams/online-meetings) anche a livello mondiale, con audio, video, condivisione dello schermo, [sottotitoli in tempo reale](https://support.microsoft.com/it-it/office/usare-i-sottotitoli-in-tempo-reale-nelle-riunioni-di-teams-4be2d304-f675-4b57-8347-cbd000a21260), [gruppi di lavoro](https://support.microsoft.com/it-it/office/usare-i-gruppi-di-lavoro-nelle-riunioni-teams-7de1f48a-da07-466c-a5ab-4ebace28e461), [chiamate](https://www.microsoft.com/it-it/microsoft-teams/microsoft-teams-phone), [modalità insieme](https://support.microsoft.com/it-it/office/uso-dei-video-in-microsoft-teams-3647fc29-7b92-4c26-8c2d-8a596904cdae#bkmk_togethermodeview) e molto altro ancora.\n*   Chat moderna con testo, audio, video, [GIF](https://support.microsoft.com/it-it/office/invia-un-emoji-una-gif-o-un-adesivo-in-teams-174248c9-e64d-4de1-9f41-3199cc0751ad) e condivisione di file.\n*   [Avviare una chat privata](https://support.microsoft.com/it-it/office/avviare-una-chat-in-teams-0c71b32b-c050-4930-a887-5afbe742b3d8) per sviluppare un'idea e [poi condividila con l'intera organizzazione](https://support.microsoft.com/it-it/office/introduzione-ai-team-e-ai-canali-5e4fd702-85f5-48d7-ae14-98821a1f90d3).\n*   Conserva i tuoi file, documenti e altro in un [unico posto](https://support.microsoft.com/it-it/office/esplorare-l-elenco-file-in-teams-287ba970-2bdf-473d-a2da-76247ea4cf8f).\n*   [Integra le tue app preferite](https://support.microsoft.com/it-it/office/prime-informazioni-sulle-app-in-microsoft-teams-747492ee-7cdd-4115-a993-8c7e7f98a3d0) come Planner, Trello, GitHub, ServiceNow e molte altre.\n*   [L'hub per il lavoro di squadra in Microsoft 365](https://www.microsoft.com/it-it/microsoft-teams/group-chat-software)"
        }
      },
      "id": "6d0a2e2b-e801-4fff-9d5e-0ad870ff9b61",
      "createdTime": "2022-04-28T21:57:46.865Z",
      "updatedTime": "2022-04-28T21:57:46.865Z",
      "createdUserId": "user-0",
      "updatedUserId": "user-0"
    }
  ]
}