{
  "intents": [
    {
      "endUserOverrideName": "Comment enregistrer une réunion",
      "triggerQueries": [
        "Enregistrer une réunion",
        "Démarrer l'enregistrement d'une réunion",
        "Enregistrer nos réunions",
        "Enregistrer un meeting",
        "Démarrer l'enregistrement d'un meeting",
        "Comment je démarre l'enregistrement d'une réunion",
        "Je veux enregistrer une réunion",
        "Comment j'enregistre une réunion"
      ],
      "dialogId": "new_topic_3400c029419e4a6281299aec694508cd",
      "isTriggeringEnabled": true,
      "id": "new_topic_3400c029419e4a6281299aec694508cd",
      "displayName": "Comment enregistrer une réunion Teams?",
      "description": "",
      "createdTime": "2021-01-13T22:20:51.2381463Z",
      "updatedTime": "2021-05-24T08:32:33.4739138Z",
      "createdUserId": "f04d3cd9-b73d-4ba9-a1ed-9319eba29b21",
      "updatedUserId": "a2c4aa2c-d830-41eb-bcf4-467a2c7e1279"
    }
  ],
  "dialogs": [
    {
      "rootNodeId": "fb552c0e-f59d-4cde-815f-6828f810c848",
      "messageNodes": [
        {
          "botMessageId": "fd509476-e7e9-4ae3-a99e-4dd035acf115",
          "nodeType": "BotMessageNode",
          "id": "fbdc4f41-5322-4066-bae2-fa3fffa208c0",
          "defaultTargetNodeId": "f2311b30-fd51-45e2-81f3-33f72a02103f"
        },
        {
          "botMessageId": "60f46231-be77-4e9f-88dc-c118935f0a38",
          "nodeType": "BotMessageNode",
          "id": "fb552c0e-f59d-4cde-815f-6828f810c848",
          "defaultTargetNodeId": "fbdc4f41-5322-4066-bae2-fa3fffa208c0"
        }
      ],
      "dialogChangeNodes": [
        {
          "targetDialogId": "new_topic_eac3f49c99664313a9d9dc19d80a79a2_aeabea4d071f415c8c107e1cb7af5424_assumedsuccess",
          "nodeType": "DialogChangeNode",
          "id": "f2311b30-fd51-45e2-81f3-33f72a02103f"
        }
      ],
      "id": "new_topic_3400c029419e4a6281299aec694508cd",
      "displayName": "Dialog for How do I record a meeting?",
      "createdTime": "2021-01-13T22:20:51.2381463Z",
      "updatedTime": "2021-04-17T12:24:43.5299687Z",
      "createdUserId": "f04d3cd9-b73d-4ba9-a1ed-9319eba29b21",
      "updatedUserId": "75392dcd-00bb-4588-89e9-c55bcbe40ccb"
    }
  ],
  "botMessages": [
    {
      "channelContent": {
        "web": {
          "contentFormat": "Markdown",
          "content": "**Pour démarrer l'enregistrement,**\n\n1.  Choisir **Autres actions** (...) sur la barre d'action de la réunion et cliquer sur **Démarrer l'enregistrement**.\n2.  Tous les participants de la réunion sont informés que l'enregistrement a démarré.\n3.  **Arrêter l'enregistrement** de la même façon.\n\nApprenez-en plus ici : [Comment enregistrer une réunion](https://support.microsoft.com/fr-fr/office/spela-in-ett-m%C3%B6te-i-teams-34dfbe7f-b07d-4a27-b4c6-de62f1348c24)"
        }
      },
      "id": "fd509476-e7e9-4ae3-a99e-4dd035acf115",
      "createdTime": "2021-01-13T22:20:51.2381463Z",
      "updatedTime": "2021-01-13T22:20:51.2381463Z",
      "createdUserId": "f04d3cd9-b73d-4ba9-a1ed-9319eba29b21",
      "updatedUserId": "f04d3cd9-b73d-4ba9-a1ed-9319eba29b21"
    },
    {
      "channelContent": {
        "web": {
          "contentFormat": "Markdown",
          "content": "Pour enregistrer une réunion vous devez d'abord la rejoindre."
        }
      },
      "id": "60f46231-be77-4e9f-88dc-c118935f0a38",
      "createdTime": "2021-01-27T20:12:08.571Z",
      "updatedTime": "2021-01-27T20:12:08.571Z",
      "createdUserId": "user-0",
      "updatedUserId": "user-0"
    }
  ]
}