{
  "intents": [
    {
      "endUserOverrideName": "Co to jest Exchange Online?",
      "triggerQueries": [
        "Czym jest Exchange Online?",
        "Co oznacza Exchange Online?",
        "Czym jest usługa Exchange Online?",
        "Opis usługi Exchange Online",
        "Co to jest Exchange Online?"
      ],
      "dialogId": "new_topic_569f66b27e7e4ae9b2512668aee3d547",
      "isTriggeringEnabled": true,
      "id": "new_topic_569f66b27e7e4ae9b2512668aee3d547",
      "displayName": "Czym jest Exchange Online?",
      "description": "",
      "createdTime": "2021-09-27T10:22:34.2706036Z",
      "updatedTime": "2021-10-24T20:36:10.486144Z",
      "createdUserId": "28fac8cb-bec7-48c9-a688-5024cf318b8a",
      "updatedUserId": "28fac8cb-bec7-48c9-a688-5024cf318b8a"
    }
  ],
  "dialogs": [
    {
      "rootNodeId": "e2bd0b99-7b41-46a5-b8fb-bfe2fdc654c9",
      "messageNodes": [
        {
          "botMessageId": "23c4d03a-d04e-4f1b-94dc-28270dcc8116",
          "nodeType": "BotMessageNode",
          "id": "e2bd0b99-7b41-46a5-b8fb-bfe2fdc654c9",
          "defaultTargetNodeId": "7facf822-e12b-4bdc-8b12-27de72d48fe4"
        }
      ],
      "dialogChangeNodes": [
        {
          "targetDialogId": "new_topic_d4ee79ce05584b519ee7d416fda7e2a3_aeabea4d071f415c8c107e1cb7af5424_assumedsuccess",
          "nodeType": "DialogChangeNode",
          "id": "7facf822-e12b-4bdc-8b12-27de72d48fe4"
        }
      ],
      "id": "new_topic_569f66b27e7e4ae9b2512668aee3d547",
      "displayName": "Dialog for Co to jest Exchange Online?",
      "createdTime": "2021-09-27T10:22:34.2706036Z",
      "updatedTime": "2021-09-27T10:22:52.0790519Z",
      "createdUserId": "28fac8cb-bec7-48c9-a688-5024cf318b8a",
      "updatedUserId": "28fac8cb-bec7-48c9-a688-5024cf318b8a"
    }
  ],
  "botMessages": [
    {
      "channelContent": {
        "web": {
          "contentFormat": "Markdown",
          "content": "Usługa Exchange Online jest częścią programu Microsoft 365. Zapewnia obsługę poczty elektronicznej i kalendarza. Kliknij ikonę programu Outlook w usłudze Office 365, aby uruchomić program."
        }
      },
      "id": "23c4d03a-d04e-4f1b-94dc-28270dcc8116",
      "createdTime": "2021-09-27T10:22:34.2706036Z",
      "updatedTime": "2021-09-27T10:22:34.2706036Z",
      "createdUserId": "28fac8cb-bec7-48c9-a688-5024cf318b8a",
      "updatedUserId": "28fac8cb-bec7-48c9-a688-5024cf318b8a"
    }
  ]
}