{
  "intents": [
    {
      "triggerQueries": [
        "Teams 팀즈 팀 사용자 비공개 메시지 메세지",
        "비공개 채팅 시작",
        "외부 사람 메세지 메시지 쓰기 보내기",
        "사람 메세지 메시지 쓰기 보내기",
        "1:1 채팅 시작",
        "개인 채팅은 어떻게 시작하나요?"
      ],
      "dialogId": "new_topic_7e2afe78b52a492ba798abeddcdc18e1",
      "isTriggeringEnabled": true,
      "id": "new_topic_7e2afe78b52a492ba798abeddcdc18e1",
      "displayName": "개인 채팅은 어떻게 시작하나요?",
      "description": "https://adoptbotv2kb.blob.core.windows.net/%24web/adoptbot2021-Korean.docx",
      "createdTime": "2021-03-18T03:39:18.7456548Z",
      "updatedTime": "2021-04-06T11:38:22.0906775Z",
      "createdUserId": "e47109d8-0300-4e59-a90d-56bb29886c9e",
      "updatedUserId": "e47109d8-0300-4e59-a90d-56bb29886c9e"
    }
  ],
  "dialogs": [
    {
      "rootNodeId": "b20ff4dd-bb6a-4eb8-8454-8c6412ee154a",
      "messageNodes": [
        {
          "botMessageId": "0e0a6eef-1389-40eb-8b0e-d81f2df157f5",
          "nodeType": "BotMessageNode",
          "id": "b20ff4dd-bb6a-4eb8-8454-8c6412ee154a",
          "defaultTargetNodeId": "2ce816cf-a1d5-4c32-abfb-579aa5c82080"
        },
        {
          "botMessageId": "9e43622b-9e9b-406b-aaa6-96057977c8ae",
          "nodeType": "BotMessageNode",
          "id": "2ce816cf-a1d5-4c32-abfb-579aa5c82080",
          "defaultTargetNodeId": "fcbfc19b-90cd-442b-a9c4-268964253233"
        }
      ],
      "dialogChangeNodes": [
        {
          "targetDialogId": "new_topic_2bf23930c1d146129dfe38bacb94ccd0_aeabea4d071f415c8c107e1cb7af5424_assumedsuccess",
          "nodeType": "DialogChangeNode",
          "id": "fcbfc19b-90cd-442b-a9c4-268964253233"
        }
      ],
      "id": "new_topic_7e2afe78b52a492ba798abeddcdc18e1",
      "displayName": "Dialog for 개인 채팅은 어떻게 시작하나요?",
      "createdTime": "2021-03-18T03:39:18.7456548Z",
      "updatedTime": "2021-04-06T11:36:57.5465902Z",
      "createdUserId": "e47109d8-0300-4e59-a90d-56bb29886c9e",
      "updatedUserId": "e47109d8-0300-4e59-a90d-56bb29886c9e"
    }
  ],
  "botMessages": [
    {
      "channelContent": {
        "web": {
          "contentFormat": "Markdown",
          "content": "검색 바에서, 채팅하고자 하는 사람의 이름을 입력합니다. 사람을 선택하고, 메시지를 작성하고 보내기를 클릭합니다."
        }
      },
      "id": "0e0a6eef-1389-40eb-8b0e-d81f2df157f5",
      "createdTime": "2021-03-18T03:39:18.7456548Z",
      "updatedTime": "2021-03-18T03:39:18.7456548Z",
      "createdUserId": "e47109d8-0300-4e59-a90d-56bb29886c9e",
      "updatedUserId": "e47109d8-0300-4e59-a90d-56bb29886c9e"
    },
    {
      "channelContent": {
        "web": {
          "contentFormat": "Markdown",
          "content": "외부 사람일 경우, 이메일 주소를 입력합니다.\n\n**참고**! 관련된 기술 사전요구사항을 필요합니다:\n\n[Microsoft Teams에서 다른 조직의 사용자와 통화 및 채팅](https://docs.microsoft.com/ko-kr/microsoftteams/communicate-with-users-from-other-organizations)"
        }
      },
      "id": "9e43622b-9e9b-406b-aaa6-96057977c8ae",
      "createdTime": "2021-04-06T11:35:59.828Z",
      "updatedTime": "2021-04-06T11:35:59.828Z",
      "createdUserId": "user-0",
      "updatedUserId": "user-0"
    }
  ],
  "createdUtc": "0001-01-01T00:00:00Z"
}