{
  "intents": [
    {
      "intentType": "Regular",
      "endUserOverrideName": "Återställa raderat team eller kanal?",
      "triggerQueries": [
        "ångra raderat team",
        "ångra borttag av kanal",
        "återställ raderad kanal",
        "Jag råkade radera en kanal",
        "Återställa borttagen kanal",
        "Återställa borttaget team",
        "Mitt gamla team blev raderat",
        "Hur får jag tillbaka mitt borttagna team?",
        "Kan jag få tillbaka ett raderat team",
        "Återställa raderat team",
        "Kan jag återställa ett borttaget team eller en kanal?"
      ],
      "dialogId": "new_topic_d8b4184119064fe9b6e0936132cb1869",
      "isTriggeringEnabled": true,
      "id": "new_topic_d8b4184119064fe9b6e0936132cb1869",
      "displayName": "Kan jag återställa ett borttaget team eller en kanal?",
      "description": "",
      "createdTime": "2020-11-24T14:37:53.8220925Z",
      "updatedTime": "2020-12-11T13:51:14.3792607Z",
      "createdUserId": "f04d3cd9-b73d-4ba9-a1ed-9319eba29b21",
      "updatedUserId": "f04d3cd9-b73d-4ba9-a1ed-9319eba29b21"
    }
  ],
  "dialogs": [
    {
      "rootNodeId": "171f81d9-7743-40d4-aed5-eb5231052412",
      "messageNodes": [
        {
          "botMessageId": "05d326fc-c35f-43a0-aac3-ad67d3b8fa26",
          "nodeType": "BotMessageNode",
          "id": "171f81d9-7743-40d4-aed5-eb5231052412",
          "defaultTargetNodeId": "592cb09f-a79b-4d2a-ac27-68feb96d5b4a"
        }
      ],
      "dialogChangeNodes": [
        {
          "targetDialogId": "new_topic_84ec227c19784e7ba25cb34f4638f91e_aeabea4d071f415c8c107e1cb7af5424_assumedsuccess",
          "nodeType": "DialogChangeNode",
          "id": "592cb09f-a79b-4d2a-ac27-68feb96d5b4a"
        }
      ],
      "id": "new_topic_d8b4184119064fe9b6e0936132cb1869",
      "displayName": "Dialog for Kan jag återställa ett borttaget team eller en kanal?",
      "createdTime": "2020-11-24T14:37:53.8220925Z",
      "updatedTime": "2020-11-24T14:37:53.8220925Z",
      "createdUserId": "f04d3cd9-b73d-4ba9-a1ed-9319eba29b21",
      "updatedUserId": "f04d3cd9-b73d-4ba9-a1ed-9319eba29b21"
    }
  ],
  "botMessages": [
    {
      "channelContent": {
        "web": {
          "contentFormat": "Markdown",
          "content": "Ja och ja. Om du vill återställa ett borttaget team talar du med IT-administratören. Du kan visa dem [detta blogginlägg om](https://www.thewindowsclub.com/how-to-restore-deleted-teams-and-channels-in-microsoft-teams) de behöver instruktioner.\r\n\r\nOm du vill återställa en borttagen kanal går du till\r\n\r\nteamets namn och klickar på Fler alternativ och sedan Hantera team . Gå till fliken Kanaler. Leta reda på kanalen i avsnittet Borttaget och klicka på Återställ . Alla kanalkonversationerna, filerna och flikarna kommer att återställas."
        }
      },
      "id": "05d326fc-c35f-43a0-aac3-ad67d3b8fa26",
      "createdTime": "2020-11-24T14:37:53.8220925Z",
      "updatedTime": "2020-11-24T14:37:53.8220925Z",
      "createdUserId": "f04d3cd9-b73d-4ba9-a1ed-9319eba29b21",
      "updatedUserId": "f04d3cd9-b73d-4ba9-a1ed-9319eba29b21"
    }
  ]
}