{
  "intents": [
    {
      "triggerQueries": [
        "Kan jeg ringe vanlig mobil nr i teams?",
        "Hvem kan jeg ringe i teams?",
        "Kan jeg ringe hvem som helst i teams?",
        "Ring et eksternt nummer"
      ],
      "dialogId": "new_topic_ca97fad399a443a5a6f72a78b1991ce2",
      "isTriggeringEnabled": true,
      "id": "new_topic_ca97fad399a443a5a6f72a78b1991ce2",
      "displayName": "Ring et eksternt nummer",
      "description": "https://norwegianteams.blob.core.windows.net/norwegian-container/Tima - p19 to p33.docx",
      "createdTime": "2021-04-07T14:54:24.0975723Z",
      "updatedTime": "2021-04-07T14:56:41.0384072Z",
      "createdUserId": "ef0c8b9a-eff1-49f8-92fa-fd1d3e15e1ba",
      "updatedUserId": "ef0c8b9a-eff1-49f8-92fa-fd1d3e15e1ba"
    }
  ],
  "dialogs": [
    {
      "rootNodeId": "4f61dd27-d050-4dc0-abdf-a0dd976cf042",
      "messageNodes": [
        {
          "botMessageId": "f8a2f29a-2b4d-44e0-b6b5-b564606ab696",
          "nodeType": "BotMessageNode",
          "id": "4f61dd27-d050-4dc0-abdf-a0dd976cf042",
          "defaultTargetNodeId": "178d4444-3dc3-4fe0-b430-648d3fd1c7e7"
        },
        {
          "botMessageId": "18438f4d-0d17-4582-bc5c-19b9f4960f5a",
          "nodeType": "BotMessageNode",
          "id": "178d4444-3dc3-4fe0-b430-648d3fd1c7e7",
          "defaultTargetNodeId": "32244644-9dc3-459f-87f0-f23c8ea72e07"
        }
      ],
      "dialogChangeNodes": [
        {
          "targetDialogId": "new_topic_89c49d37fd4c4c1c9144396960733ce1_aeabea4d071f415c8c107e1cb7af5424_assumedsuccess",
          "nodeType": "DialogChangeNode",
          "id": "32244644-9dc3-459f-87f0-f23c8ea72e07"
        }
      ],
      "id": "new_topic_ca97fad399a443a5a6f72a78b1991ce2",
      "displayName": "Dialog for Ring et eksternt nummer",
      "createdTime": "2021-04-07T14:54:24.0975723Z",
      "updatedTime": "2021-04-07T15:44:53.917732Z",
      "createdUserId": "ef0c8b9a-eff1-49f8-92fa-fd1d3e15e1ba",
      "updatedUserId": "ef0c8b9a-eff1-49f8-92fa-fd1d3e15e1ba"
    }
  ],
  "botMessages": [
    {
      "channelContent": {
        "web": {
          "contentFormat": "Markdown",
          "content": "**Obs!:** Om organisasjonen din har en lisens for Enterprise Voice eller Business Voice, kan du ringe hvem som helst fra Teams – selv om mottaker ikke bruker det.\n\n1.  Velg **Anrop**.\n2.  Tast inn hvilket som helst nummer, selv om de ikke bruker Teams."
        }
      },
      "id": "f8a2f29a-2b4d-44e0-b6b5-b564606ab696",
      "createdTime": "2021-04-07T14:54:24.0975723Z",
      "updatedTime": "2021-04-07T14:54:24.0975723Z",
      "createdUserId": "ef0c8b9a-eff1-49f8-92fa-fd1d3e15e1ba",
      "updatedUserId": "ef0c8b9a-eff1-49f8-92fa-fd1d3e15e1ba"
    },
    {
      "channelContent": {
        "web": {
          "contentFormat": "Markdown",
          "content": "Husk at du ikke kan ringe nødtelefonnumre hvis Teams ikke er koblet til Internett."
        }
      },
      "id": "18438f4d-0d17-4582-bc5c-19b9f4960f5a",
      "createdTime": "2021-04-07T15:43:45.606Z",
      "updatedTime": "2021-04-07T15:43:45.606Z",
      "createdUserId": "user-0",
      "updatedUserId": "user-0"
    }
  ],
  "createdUtc": "0001-01-01T00:00:00Z"
}