{
  "intents": [
    {
      "triggerQueries": [
        "누가 Team 만들 수 있는지 제한",
        "누가 팀 만들 수 있는지 제한",
        "새로운 Team 생성 비활성화",
        "새로운 팀 생성 비활성화",
        "사용자 Team 만들지 못하도록",
        "사용자 팀 만들지 못하도록",
        "새 Team 만들기 중지",
        "새 팀 만들기 중지",
        "Team 만들기 제한",
        "팀 만들기 제한",
        "Team 만들기 위한 승인 프로세스",
        "팀 만들기 위한 승인 프로세스",
        "조직 내 Team 생성 제한",
        "조직 내 팀 생성 제한",
        "Team 만들 수 있는 사람 관리",
        "팀 만들 수 있는 사람 관리",
        "새로운 Team 생성 제한",
        "누가 팀 만들 수 제한",
        "새 Team 생성 제한",
        "새 팀 생성 제한",
        "새로운 팀 생성 제한",
        "누가 팀을 만들 수 있는가를 제한할 수 있나요?"
      ],
      "dialogId": "new_topic_6142de036fa0465f9849b70ac37fec41",
      "isTriggeringEnabled": true,
      "id": "new_topic_6142de036fa0465f9849b70ac37fec41",
      "displayName": "누가 팀을 만들 수 있는가를 제한할 수 있나요?",
      "description": "https://adoptbotv2kb.blob.core.windows.net/%24web/adoptbot2021-Korean.docx",
      "createdTime": "2021-03-18T03:39:18.7476571Z",
      "updatedTime": "2021-03-25T07:22:52.7789204Z",
      "createdUserId": "e47109d8-0300-4e59-a90d-56bb29886c9e",
      "updatedUserId": "e47109d8-0300-4e59-a90d-56bb29886c9e"
    }
  ],
  "dialogs": [
    {
      "rootNodeId": "6b97733e-146d-493e-8e83-9ad149ec1e82",
      "messageNodes": [
        {
          "botMessageId": "4ab6d337-84a0-494a-82c2-e67e9a9ecb5c",
          "nodeType": "BotMessageNode",
          "id": "14f50db9-45d6-4ee9-b5e7-4b8db9ebe22f",
          "defaultTargetNodeId": "f1ce93d6-5c42-4c76-9703-5f9fa5bc1823"
        },
        {
          "botMessageId": "c5995e25-f5fe-41d2-bf4f-f8103bc78191",
          "nodeType": "BotMessageNode",
          "id": "6b97733e-146d-493e-8e83-9ad149ec1e82",
          "defaultTargetNodeId": "14f50db9-45d6-4ee9-b5e7-4b8db9ebe22f"
        },
        {
          "botMessageId": "5845d47b-1e27-4c4e-ac90-69a0b1494b3a",
          "nodeType": "BotMessageNode",
          "id": "f1ce93d6-5c42-4c76-9703-5f9fa5bc1823",
          "defaultTargetNodeId": "b11cfed2-b4af-4bb9-bfaf-8c8c6f57c3da"
        },
        {
          "botMessageId": "8a636cb7-4055-4d5e-a18c-8e0cacce3550",
          "nodeType": "BotMessageNode",
          "id": "b11cfed2-b4af-4bb9-bfaf-8c8c6f57c3da",
          "defaultTargetNodeId": "b43c4f59-91df-494f-9613-5acf8eb5f85a"
        },
        {
          "botMessageId": "00db7541-d7d6-464e-b22b-c9c375cc3386",
          "nodeType": "BotMessageNode",
          "id": "b43c4f59-91df-494f-9613-5acf8eb5f85a",
          "defaultTargetNodeId": "88018973-a912-4573-9cde-5860bff06510"
        }
      ],
      "dialogChangeNodes": [
        {
          "targetDialogId": "new_topic_2bf23930c1d146129dfe38bacb94ccd0_aeabea4d071f415c8c107e1cb7af5424_assumedsuccess",
          "nodeType": "DialogChangeNode",
          "id": "88018973-a912-4573-9cde-5860bff06510"
        }
      ],
      "id": "new_topic_6142de036fa0465f9849b70ac37fec41",
      "displayName": "Dialog for 누가 팀을 만들 수 있는가를 제한할 수 있나요?",
      "createdTime": "2021-03-18T03:39:18.7476571Z",
      "updatedTime": "2021-03-25T07:22:39.3147308Z",
      "createdUserId": "e47109d8-0300-4e59-a90d-56bb29886c9e",
      "updatedUserId": "e47109d8-0300-4e59-a90d-56bb29886c9e"
    }
  ],
  "botMessages": [
    {
      "channelContent": {
        "web": {
          "contentFormat": "Markdown",
          "content": "기본적으로 Exchange Online의 사서함을 사용하는 모든 사용자는 Microsoft 365 그룹을 만들 수 있는 권한이 있으므로 Microsoft Teams 내의 팀을 만들 수 있습니다."
        }
      },
      "id": "4ab6d337-84a0-494a-82c2-e67e9a9ecb5c",
      "createdTime": "2021-03-18T03:39:18.7476571Z",
      "updatedTime": "2021-03-18T03:39:18.7476571Z",
      "createdUserId": "e47109d8-0300-4e59-a90d-56bb29886c9e",
      "updatedUserId": "e47109d8-0300-4e59-a90d-56bb29886c9e"
    },
    {
      "channelContent": {
        "web": {
          "contentFormat": "Markdown",
          "content": "이 항목은 관리자를 위해 설계되었습니다."
        }
      },
      "id": "c5995e25-f5fe-41d2-bf4f-f8103bc78191",
      "createdTime": "2021-03-25T07:17:31.059Z",
      "updatedTime": "2021-03-25T07:17:31.059Z",
      "createdUserId": "user-0",
      "updatedUserId": "user-0"
    },
    {
      "channelContent": {
        "web": {
          "contentFormat": "Markdown",
          "content": "조직은 그룹 생성 및 관리 권한을 사용자 집합에 위임하여, 보다 엄격하게 새로운 팀의 생성을 제어하고 제한하는 새로운 Microsoft 365 그룹을 만들 수 있습니다."
        }
      },
      "id": "5845d47b-1e27-4c4e-ac90-69a0b1494b3a",
      "createdTime": "2021-03-25T07:17:57.878Z",
      "updatedTime": "2021-03-25T07:17:57.878Z",
      "createdUserId": "user-0",
      "updatedUserId": "user-0"
    },
    {
      "channelContent": {
        "web": {
          "contentFormat": "Markdown",
          "content": "지침은 [Microsoft 365 그룹을 만들 수 있는 사람 관리](https://docs.microsoft.com/ko-kr/microsoft-365/solutions/manage-creation-of-groups?view=o365-worldwide)를 참조하십시오."
        }
      },
      "id": "8a636cb7-4055-4d5e-a18c-8e0cacce3550",
      "createdTime": "2021-03-25T07:20:24.209Z",
      "updatedTime": "2021-03-25T07:20:24.209Z",
      "createdUserId": "user-0",
      "updatedUserId": "user-0"
    },
    {
      "channelContent": {
        "web": {
          "contentFormat": "Markdown",
          "content": "💡**팁**: \"Teams 요청\" Teams 앱  - [무료 앱 템플릿 확인](https://docs.microsoft.com/ko-kr/microsoftteams/platform/samples/app-templates)"
        }
      },
      "id": "00db7541-d7d6-464e-b22b-c9c375cc3386",
      "createdTime": "2021-03-25T07:20:47.652Z",
      "updatedTime": "2021-03-25T07:20:47.652Z",
      "createdUserId": "user-0",
      "updatedUserId": "user-0"
    }
  ],
  "createdUtc": "0001-01-01T00:00:00Z"
}