{
  "intents": [
    {
      "endUserOverrideName": "Mentionner quelqu’un sur un canal",
      "triggerQueries": [
        "Mentionner quelqu’un sur un canal",
        "Attirer l’attention de quelqu’un sur un canal?",
        "@mention un utilisateur dans un canal",
        "Puis-je attirer l’attention d’un utilisateur sur un canal ?",
        "Comment puis-je mentionner une personne?",
        "Comment puis-je notifier une personne?",
        "Comment puis-je notifier quelqu’un?",
        "Est-il possible d’attirer l’attention d’un utilisateur sur un canal ?"
      ],
      "dialogId": "new_topic_0df835f0bc6c493c91b2230458d22e79",
      "isTriggeringEnabled": true,
      "id": "new_topic_0df835f0bc6c493c91b2230458d22e79",
      "displayName": "Est-il possible d’attirer l’attention d’un utilisateur sur un canal ?",
      "description": "",
      "createdTime": "2021-01-13T22:20:51.2381463Z",
      "updatedTime": "2021-05-24T23:04:31.3115066Z",
      "createdUserId": "f04d3cd9-b73d-4ba9-a1ed-9319eba29b21",
      "updatedUserId": "a2c4aa2c-d830-41eb-bcf4-467a2c7e1279"
    }
  ],
  "dialogs": [
    {
      "rootNodeId": "3d812f32-dfd4-4cf5-80d3-2c12e2873d4b",
      "messageNodes": [
        {
          "botMessageId": "ddef5482-7d79-48d4-b156-318d4cd8b9fe",
          "nodeType": "BotMessageNode",
          "id": "3d812f32-dfd4-4cf5-80d3-2c12e2873d4b",
          "defaultTargetNodeId": "a93021e9-7fc8-4442-a850-ad374353c0c6"
        },
        {
          "botMessageId": "a5e696f0-13d3-4456-8ffd-9dcb9c7ca2f0",
          "nodeType": "BotMessageNode",
          "id": "a93021e9-7fc8-4442-a850-ad374353c0c6",
          "defaultTargetNodeId": "62b2ce34-267f-4308-890e-ce33be72f470"
        }
      ],
      "dialogChangeNodes": [
        {
          "targetDialogId": "new_topic_eac3f49c99664313a9d9dc19d80a79a2_aeabea4d071f415c8c107e1cb7af5424_assumedsuccess",
          "nodeType": "DialogChangeNode",
          "id": "62b2ce34-267f-4308-890e-ce33be72f470"
        }
      ],
      "id": "new_topic_0df835f0bc6c493c91b2230458d22e79",
      "displayName": "Dialog for Is it possible to get individual user’s attention in a channel?",
      "createdTime": "2021-01-13T22:20:51.2381463Z",
      "updatedTime": "2021-04-20T11:16:16.427385Z",
      "createdUserId": "f04d3cd9-b73d-4ba9-a1ed-9319eba29b21",
      "updatedUserId": "a2c4aa2c-d830-41eb-bcf4-467a2c7e1279"
    }
  ],
  "botMessages": [
    {
      "channelContent": {
        "web": {
          "contentFormat": "Markdown",
          "content": "Pour attirer l’attention de quelqu’un dans une conversation de canal ou une conversation, vous pouvez [utiliser des @mentions.](https://support.microsoft.com/fr-fr/office/utiliser-des-mentions-pour-attirer-l-attention-d-une-personne-dans-microsoft-teams-eb4f059d-320e-454e-b111-03361d4d6855?ui=fr-FR&rs=fr-FR&ad=FR)\n\n*   Tapez **@** avant les noms des membres et sélectionnez-les dans la liste qui apparaît.\n*   **Ou** tout simplement commencer à taper le nom d’un membre de l’équipe pour voir apparaître les options."
        }
      },
      "id": "ddef5482-7d79-48d4-b156-318d4cd8b9fe",
      "createdTime": "2021-01-13T22:20:51.2381463Z",
      "updatedTime": "2021-01-13T22:20:51.2381463Z",
      "createdUserId": "f04d3cd9-b73d-4ba9-a1ed-9319eba29b21",
      "updatedUserId": "f04d3cd9-b73d-4ba9-a1ed-9319eba29b21"
    },
    {
      "channelContent": {
        "web": {
          "contentFormat": "Markdown",
          "content": "En [utilisant @équipe dans une conversation de canal](https://support.microsoft.com/fr-fr/office/utiliser-des-mentions-pour-attirer-l-attention-d-une-personne-dans-microsoft-teams-eb4f059d-320e-454e-b111-03361d4d6855?ui=fr-FR&rs=fr-FR&ad=FR), tous les membres de l'équipe reçoivent une notification.\n\n[_Le type de notification dépend des paramètres définis par chacun_](https://support.microsoft.com/fr-fr/office/six-choses-%c3%a0-savoir-sur-les-notifications-abb62c60-3d15-4968-b86a-42fea9c22cf4?ui=fr-FR&rs=fr-FR&ad=FR)_._"
        }
      },
      "id": "a5e696f0-13d3-4456-8ffd-9dcb9c7ca2f0",
      "createdTime": "2021-01-27T21:20:38.887Z",
      "updatedTime": "2021-01-27T21:20:38.887Z",
      "createdUserId": "user-0",
      "updatedUserId": "user-0"
    }
  ]
}