{
  "namedEntities": [
    {
      "synonyms": [
        "home"
      ],
      "id": "ff0ca6dd-de7a-4bee-b849-16210d63f3c5",
      "displayName": "가정 사용자",
      "updatedTime": "2021-03-18T03:32:51.100931Z",
      "updatedUserId": "e47109d8-0300-4e59-a90d-56bb29886c9e",
      "versionNumber": 0,
      "componentId": "00000000-0000-0000-0000-000000000000"
    },
    {
      "synonyms": [
        "gaming"
      ],
      "id": "2ccf421b-89a6-43a8-8b4f-b8d8f63b58bf",
      "displayName": "게이머",
      "updatedTime": "2021-03-18T03:32:51.100931Z",
      "updatedUserId": "e47109d8-0300-4e59-a90d-56bb29886c9e",
      "versionNumber": 0,
      "componentId": "00000000-0000-0000-0000-000000000000"
    },
    {
      "synonyms": [
        "business"
      ],
      "id": "2d32734c-9552-47c5-963b-563fe1d9ea7e",
      "displayName": "비즈니스 사용자",
      "updatedTime": "2021-03-18T03:32:51.100931Z",
      "updatedUserId": "e47109d8-0300-4e59-a90d-56bb29886c9e",
      "versionNumber": 0,
      "componentId": "00000000-0000-0000-0000-000000000000"
    }
  ],
  "createdUtc": "0001-01-01T00:00:00Z",
  "closedListTypes": [
    {
      "namedEntities": [
        "ff0ca6dd-de7a-4bee-b849-16210d63f3c5",
        "2ccf421b-89a6-43a8-8b4f-b8d8f63b58bf",
        "2d32734c-9552-47c5-963b-563fe1d9ea7e"
      ],
      "smartMatchingEnabled": true,
      "customTypeSchema": "ClosedList",
      "id": "new_customtype_2bf23930c1d146129dfe38bacb94ccd0_f86fcadfd497444e91ed11c12b059d10",
      "displayName": "사용 유형",
      "description": "레슨 4 사용 유형 엔터티",
      "createdTime": "2019-10-25T14:03:43.9601778Z",
      "updatedTime": "2021-03-18T03:32:51.100931Z",
      "createdUserId": "user0",
      "updatedUserId": "e47109d8-0300-4e59-a90d-56bb29886c9e",
      "versionNumber": 0,
      "componentId": "00000000-0000-0000-0000-000000000000"
    }
  ]
}