{
  "intents": [
    {
      "intentType": "Regular",
      "endUserOverrideName": "Delta i telefonkonferens?",
      "triggerQueries": [
        "Delta i telefonkonferens?",
        "Vem hörs i ett telefonmöte?",
        "Vem kan delta på telefonmöte?",
        "Vem kan ringa in till ett möte?",
        "Vem kan delta i ett telefonkonferensmöte? Och vem kan jag höra?"
      ],
      "dialogId": "new_topic_87e990e9707e47e880e045b996bdbfd5",
      "isTriggeringEnabled": true,
      "id": "new_topic_87e990e9707e47e880e045b996bdbfd5",
      "displayName": "Vem kan delta i ett telefonkonferensmöte?",
      "description": "https://faqtimafiles.blob.core.windows.net/filesfortima-adoptbot/svenska frågor till adoptbot PVA (Swedish QnA for AdoptBot).docx",
      "createdTime": "2020-11-24T14:37:53.8220925Z",
      "updatedTime": "2021-01-22T15:35:10.4309923Z",
      "createdUserId": "f04d3cd9-b73d-4ba9-a1ed-9319eba29b21",
      "updatedUserId": "f04d3cd9-b73d-4ba9-a1ed-9319eba29b21"
    }
  ],
  "dialogs": [
    {
      "rootNodeId": "b3a938ae-fe5c-4fb7-b22a-039035893212",
      "messageNodes": [
        {
          "botMessageId": "d5462995-da50-4e92-b1f8-2831afbc0476",
          "nodeType": "BotMessageNode",
          "id": "b3a938ae-fe5c-4fb7-b22a-039035893212",
          "defaultTargetNodeId": "7b3d8dac-4bc5-4770-a1f2-f321f6bdec94"
        }
      ],
      "dialogChangeNodes": [
        {
          "targetDialogId": "new_topic_84ec227c19784e7ba25cb34f4638f91e_aeabea4d071f415c8c107e1cb7af5424_assumedsuccess",
          "nodeType": "DialogChangeNode",
          "id": "7b3d8dac-4bc5-4770-a1f2-f321f6bdec94"
        }
      ],
      "id": "new_topic_87e990e9707e47e880e045b996bdbfd5",
      "displayName": "Dialog for Vem kan delta i ett telefonkonferensmöte? Och vem kan jag höra?",
      "createdTime": "2020-11-24T14:37:53.8220925Z",
      "updatedTime": "2020-11-24T14:37:53.8220925Z",
      "createdUserId": "f04d3cd9-b73d-4ba9-a1ed-9319eba29b21",
      "updatedUserId": "f04d3cd9-b73d-4ba9-a1ed-9319eba29b21"
    }
  ],
  "botMessages": [
    {
      "channelContent": {
        "web": {
          "contentFormat": "Markdown",
          "content": "Alla som har uppringningsnumret och konferens-ID:t kan ansluta till ett Microsoft Teams-möte, såvida inte mötesorganisatören har låst mötet. Oavsett om du ringer in med hjälp av en telefon eller Microsoft Teams-apparna kommer du att kunna höra alla andra i mötet, och de kan höra dig. Mötesorganisatören har möjlighet att stänga av ljudet för mötesdeltagare om de inte vill höra dem."
        }
      },
      "id": "d5462995-da50-4e92-b1f8-2831afbc0476",
      "createdTime": "2020-11-24T14:37:53.8220925Z",
      "updatedTime": "2020-11-24T14:37:53.8220925Z",
      "createdUserId": "f04d3cd9-b73d-4ba9-a1ed-9319eba29b21",
      "updatedUserId": "f04d3cd9-b73d-4ba9-a1ed-9319eba29b21"
    }
  ]
}