{
  "intents": [
    {
      "triggerQueries": [
        "누가 교대근무 하는지 알 수",
        "Team 팀 일정 만들기",
        "항상 최신 일정",
        "교대 기반 작업",
        "일선 근로자 Shift  교대 근무",
        "현장 근로자 Shift 교대 근무",
        "MIcrosoft 마이크로소프트 Shift 쉬프트 앱",
        "최신 일정 Teams 팀즈 Shift 쉬프트",
        "Shift 쉬프트  Teams 무엇"
      ],
      "dialogId": "new_topic_7a1881df8f164993b490784def8b6e7b",
      "isTriggeringEnabled": true,
      "id": "new_topic_7a1881df8f164993b490784def8b6e7b",
      "displayName": "Teams에서  Shift는 무엇입니까?",
      "description": "",
      "createdTime": "2021-04-09T07:34:38.0427315Z",
      "updatedTime": "2021-04-09T08:03:51.9059844Z",
      "createdUserId": "e47109d8-0300-4e59-a90d-56bb29886c9e",
      "updatedUserId": "e47109d8-0300-4e59-a90d-56bb29886c9e"
    }
  ],
  "dialogs": [
    {
      "rootNodeId": "513f09d3-6231-452d-89b7-e54679a9bd09",
      "messageNodes": [
        {
          "botMessageId": "5bbd1b73-2437-47d9-aec5-d2aca86c0f92",
          "nodeType": "BotMessageNode",
          "id": "513f09d3-6231-452d-89b7-e54679a9bd09",
          "defaultTargetNodeId": "37db5a81-715e-4ac4-9337-5047e76bfcdc"
        },
        {
          "botMessageId": "6fca6091-08ba-4be4-ab7b-e6958a8c5206",
          "nodeType": "BotMessageNode",
          "id": "37db5a81-715e-4ac4-9337-5047e76bfcdc",
          "defaultTargetNodeId": "a3a01893-1d68-4696-b3a6-5901354ba25f"
        },
        {
          "botMessageId": "2510afa5-f5c0-463c-a106-8a18ceb0b2f6",
          "nodeType": "BotMessageNode",
          "id": "a3a01893-1d68-4696-b3a6-5901354ba25f",
          "defaultTargetNodeId": "920cc6d0-c684-4712-ac33-8ed123d52430"
        },
        {
          "botMessageId": "20ee7c1b-3d48-474b-af17-4e629a9f352e",
          "nodeType": "BotMessageNode",
          "id": "920cc6d0-c684-4712-ac33-8ed123d52430",
          "defaultTargetNodeId": "0ccfd4f7-5e2d-4cb2-a673-760f7ae8ac68"
        },
        {
          "botMessageId": "c8b66228-7363-4c64-9ac1-f20622a69c75",
          "nodeType": "BotMessageNode",
          "id": "0ccfd4f7-5e2d-4cb2-a673-760f7ae8ac68",
          "defaultTargetNodeId": "c7d4f8db-10d7-4a75-8c7d-511e5cb4519b"
        }
      ],
      "dialogChangeNodes": [
        {
          "targetDialogId": "new_topic_2bf23930c1d146129dfe38bacb94ccd0_aeabea4d071f415c8c107e1cb7af5424_assumedsuccess",
          "nodeType": "DialogChangeNode",
          "id": "c7d4f8db-10d7-4a75-8c7d-511e5cb4519b"
        }
      ],
      "id": "new_topic_7a1881df8f164993b490784def8b6e7b",
      "displayName": "Dialog for What is Shifts in Teams?",
      "createdTime": "2021-04-09T07:34:38.0427315Z",
      "updatedTime": "2021-04-09T08:03:36.6624006Z",
      "createdUserId": "e47109d8-0300-4e59-a90d-56bb29886c9e",
      "updatedUserId": "e47109d8-0300-4e59-a90d-56bb29886c9e"
    }
  ],
  "botMessages": [
    {
      "channelContent": {
        "web": {
          "contentFormat": "Markdown",
          "content": "많은 사람들이 휴대 전화에서 항상 최신 작업 일정을 가지고 있었으면 합니다."
        }
      },
      "id": "5bbd1b73-2437-47d9-aec5-d2aca86c0f92",
      "createdTime": "2021-04-09T07:34:38.0427315Z",
      "updatedTime": "2021-04-09T07:34:38.0427315Z",
      "createdUserId": "e47109d8-0300-4e59-a90d-56bb29886c9e",
      "updatedUserId": "e47109d8-0300-4e59-a90d-56bb29886c9e"
    },
    {
      "channelContent": {
        "web": {
          "contentFormat": "Markdown",
          "content": "당신은 할 수 있습니다! [Teams의 Shift](https://support.microsoft.com/ko-kr/office/what-is-shifts-f8efe6e4-ddb3-4d23-b81b-bb812296b821)는 일정을 관리하고 Teams와 동기화상태를 유지하는 무료 Teams 앱입니다. 누구에게나 훌륭한 스케줄링 도구이며 특히 \"현장 근로자\"의 가장 친한 친구가 되도록 설계되었습니다. 😉  \n**전화기에서 모두.**"
        }
      },
      "id": "6fca6091-08ba-4be4-ab7b-e6958a8c5206",
      "createdTime": "2021-04-09T07:52:54.098Z",
      "updatedTime": "2021-04-09T07:52:54.098Z",
      "createdUserId": "user-0",
      "updatedUserId": "user-0"
    },
    {
      "channelContent": {
        "web": {
          "contentFormat": "Markdown",
          "content": "🎬 [이 1분가량의 비디오](https://support.microsoft.com/ko-kr/office/shifts-for-firstline-workers-74f47ad2-7b6a-4605-8cf4-2b6ceb1cdcae)를 시청하여 시프트의 동작을 확인하세요."
        }
      },
      "id": "2510afa5-f5c0-463c-a106-8a18ceb0b2f6",
      "createdTime": "2021-04-09T07:53:09.09Z",
      "updatedTime": "2021-04-09T07:53:09.09Z",
      "createdUserId": "user-0",
      "updatedUserId": "user-0"
    },
    {
      "channelContent": {
        "web": {
          "contentFormat": "Markdown",
          "content": "**Manage shifts**\n\n*   📅일정 변경 - 항상 누가 어떤 교대를 일하고 있는지 확인합니다. [상태정보](https://docs.microsoft.com/ko-kr/microsoftteams/presence-admins)에 따라 온라인으로 확인할 수 있습니다. .\n*   📲단지 그들을 선택 (더 이상 오래된 숫자와 사용할 수있는 사람을 추측!)해서 이야기해야 하는 경우.\n*   📝교대근무에 추가 세부 사항에 대한 메모를 검토/추가.\n*   🕓근무시간  - 교대 근무 시간 확인."
        }
      },
      "id": "20ee7c1b-3d48-474b-af17-4e629a9f352e",
      "createdTime": "2021-04-09T07:53:22.906Z",
      "updatedTime": "2021-04-09T07:53:22.906Z",
      "createdUserId": "user-0",
      "updatedUserId": "user-0"
    },
    {
      "channelContent": {
        "web": {
          "contentFormat": "Markdown",
          "content": "**팁** 💡: 앉아서 일하지 않는 역할의 경우 [_Teams 워키 토키 기능_](https://support.microsoft.com/en-us/office/get-started-with-teams-walkie-talkie-25bdc3d5-bbb2-41b7-89bf-650fae0c8e0c)이 유용할 수 있는지 확인하세요._._"
        }
      },
      "id": "c8b66228-7363-4c64-9ac1-f20622a69c75",
      "createdTime": "2021-04-09T07:53:31.348Z",
      "updatedTime": "2021-04-09T07:53:31.348Z",
      "createdUserId": "user-0",
      "updatedUserId": "user-0"
    }
  ],
  "createdUtc": "0001-01-01T00:00:00Z"
}