{
  "intents": [
    {
      "endUserOverrideName": "Meeting in Outlook",
      "triggerQueries": [
        "Outlook Kalender vs Teams Kalender",
        "werden hier die gleichen Termine wie in outlook angezeigt?",
        "Werden Teams Meetings im Kalender angezeigt?",
        "Wo kann ich meine gebuchten Meetings sehen?",
        "Ist der Kalender in Teams und Outlook derselbe?",
        "Wo kann ich meine Termine sehen?",
        "Wie kann ich Teams Meetings in meinem Outlook-Kalender sehen?",
        "Sind meine Teams-Meetings auch in Outlook sichtbar",
        "Werden meine Teams-Meetings auch in Outlook angezeigt?"
      ],
      "dialogId": "new_topic_5277d765c28e4aceb467fa02ed8126c5",
      "isTriggeringEnabled": true,
      "id": "new_topic_5277d765c28e4aceb467fa02ed8126c5",
      "displayName": "Werden meine Teams-Meetings auch in Outlook angezeigt?",
      "description": "https://adoptbotv2kb.blob.core.windows.net/%24web/AdoptBot2021-English.docx",
      "createdTime": "2021-04-19T11:03:28.4368476Z",
      "updatedTime": "2021-04-22T12:59:05.7855717Z",
      "createdUserId": "86360cd1-faa6-4d16-8a0c-ba3116c8a977",
      "updatedUserId": "86360cd1-faa6-4d16-8a0c-ba3116c8a977"
    }
  ],
  "dialogs": [
    {
      "rootNodeId": "eb495c2f-6a19-47d7-9fc4-ff27df0f0919",
      "messageNodes": [
        {
          "botMessageId": "e1156ef6-0737-4da9-8cbd-0f8a93a0c463",
          "nodeType": "BotMessageNode",
          "id": "eb495c2f-6a19-47d7-9fc4-ff27df0f0919",
          "defaultTargetNodeId": "6f3c9112-80e1-4e0f-b9bb-d694ef873c6a"
        }
      ],
      "dialogChangeNodes": [
        {
          "targetDialogId": "new_topic_30867099f4b543d3b8543a85c22c3418_aeabea4d071f415c8c107e1cb7af5424_assumedsuccess",
          "nodeType": "DialogChangeNode",
          "id": "6f3c9112-80e1-4e0f-b9bb-d694ef873c6a"
        }
      ],
      "id": "new_topic_5277d765c28e4aceb467fa02ed8126c5",
      "displayName": "Dialog for Werden meine Teams-Meetings auch in Outlook angezeigt?",
      "createdTime": "2021-04-19T11:03:28.4368476Z",
      "updatedTime": "2021-04-19T11:03:54.830826Z",
      "createdUserId": "86360cd1-faa6-4d16-8a0c-ba3116c8a977",
      "updatedUserId": "86360cd1-faa6-4d16-8a0c-ba3116c8a977"
    }
  ],
  "botMessages": [
    {
      "channelContent": {
        "web": {
          "contentFormat": "Markdown",
          "content": "Wenn Sie ein Meeting in Teams planen, erscheint es unter \" Kalender \" in Teams und in Ihrem Outlook-Kalender.\n\nBitte beachten Sie: Der Outlook-Kalender wird sowohl für Teams als auch für Outlook verwendet"
        }
      },
      "id": "e1156ef6-0737-4da9-8cbd-0f8a93a0c463",
      "createdTime": "2021-04-19T11:03:28.4368476Z",
      "updatedTime": "2021-04-19T11:03:28.4368476Z",
      "createdUserId": "86360cd1-faa6-4d16-8a0c-ba3116c8a977",
      "updatedUserId": "86360cd1-faa6-4d16-8a0c-ba3116c8a977"
    }
  ],
  "createdUtc": "0001-01-01T00:00:00Z"
}