{
  "intents": [
    {
      "triggerQueries": [
        "Descrivi Exchange Online",
        "Cosa fornisce Exchange online?",
        "Exchange Online?",
        "Che cos'è Exchange Online?"
      ],
      "dialogId": "new_topic_e3059f6cb90a4be8a3e86191ee7fdd50",
      "isTriggeringEnabled": true,
      "id": "new_topic_e3059f6cb90a4be8a3e86191ee7fdd50",
      "displayName": "Cos'è Exchange Online?",
      "createdTime": "2022-04-27T10:37:52.8503809Z",
      "updatedTime": "2022-04-27T10:37:52.8503809Z",
      "createdUserId": "9451fc51-e00d-4445-8ff9-efb70866dc3b",
      "updatedUserId": "9451fc51-e00d-4445-8ff9-efb70866dc3b"
    }
  ],
  "dialogs": [
    {
      "rootNodeId": "82178c16-57e1-41e5-a76a-8c2a095969c3",
      "messageNodes": [
        {
          "botMessageId": "885094bf-744e-4530-9131-c1479d222367",
          "nodeType": "BotMessageNode",
          "id": "82178c16-57e1-41e5-a76a-8c2a095969c3",
          "defaultTargetNodeId": "7b9720bf-f048-4402-939e-36566647cb76"
        }
      ],
      "dialogChangeNodes": [
        {
          "targetDialogId": "new_topic_f98a24608ee04cb998de3e3e32703d5b_aeabea4d071f415c8c107e1cb7af5424_assumedsuccess",
          "nodeType": "DialogChangeNode",
          "id": "7b9720bf-f048-4402-939e-36566647cb76"
        }
      ],
      "id": "new_topic_e3059f6cb90a4be8a3e86191ee7fdd50",
      "displayName": "Senza titolo",
      "createdTime": "2022-04-27T10:37:52.8503809Z",
      "updatedTime": "2022-04-27T10:37:52.8503809Z",
      "createdUserId": "9451fc51-e00d-4445-8ff9-efb70866dc3b",
      "updatedUserId": "9451fc51-e00d-4445-8ff9-efb70866dc3b"
    }
  ],
  "botMessages": [
    {
      "channelContent": {
        "web": {
          "contentFormat": "Markdown",
          "content": "Exchange Online fa parte di Microsoft 365. Fornisce e-mail e calendario. Fai clic sull'icona di Outlook in Office 365 per avviarlo."
        }
      },
      "id": "885094bf-744e-4530-9131-c1479d222367",
      "createdTime": "2022-04-27T10:30:49.585Z",
      "updatedTime": "2022-04-27T10:30:49.585Z"
    }
  ]
}