{
  "intents": [
    {
      "endUserOverrideName": "Avviare una chat di gruppo",
      "triggerQueries": [
        "Avviare una chat di gruppo",
        "un gruppo di chat senza una squadra",
        "avviare la chat di gruppo",
        "chat di gruppo",
        "creazione di una chat di gruppo",
        "creazione di una chat di gruppo privata",
        "Avviare la chat di gruppo?",
        "come riparare una chat di gruppo",
        "Aggiungi persone a una chat",
        "Come si avvia una chat di gruppo?"
      ],
      "dialogId": "new_topic_36297d75b86245a78e5845e94ae8688d",
      "isTriggeringEnabled": true,
      "id": "new_topic_36297d75b86245a78e5845e94ae8688d",
      "displayName": "Come si avvia una chat di gruppo?",
      "createdTime": "2022-04-28T09:28:43.2046315Z",
      "updatedTime": "2022-04-28T09:28:43.2046315Z",
      "createdUserId": "9451fc51-e00d-4445-8ff9-efb70866dc3b",
      "updatedUserId": "9451fc51-e00d-4445-8ff9-efb70866dc3b"
    }
  ],
  "dialogs": [
    {
      "rootNodeId": "dcf27c5e-c4da-4866-bbb9-48e45d4707e2",
      "messageNodes": [
        {
          "botMessageId": "6174f393-9ecb-4a8a-9af7-afc1460c46b1",
          "nodeType": "BotMessageNode",
          "id": "dcf27c5e-c4da-4866-bbb9-48e45d4707e2",
          "defaultTargetNodeId": "39789dc4-e59d-4d9a-b52b-fd44ac1eede9"
        },
        {
          "botMessageId": "d6b97902-0474-49b7-bd43-8e1e2f1a1b20",
          "nodeType": "BotMessageNode",
          "id": "39789dc4-e59d-4d9a-b52b-fd44ac1eede9",
          "defaultTargetNodeId": "5142eb18-13f6-459a-a1a4-6849f58ec508"
        },
        {
          "botMessageId": "4e2075c8-bd24-4adc-b215-385da77abbee",
          "nodeType": "BotMessageNode",
          "id": "5142eb18-13f6-459a-a1a4-6849f58ec508",
          "defaultTargetNodeId": "17282eea-94a1-4d23-a681-da48ec1d8861"
        }
      ],
      "dialogChangeNodes": [
        {
          "targetDialogId": "new_topic_f98a24608ee04cb998de3e3e32703d5b_aeabea4d071f415c8c107e1cb7af5424_assumedsuccess",
          "nodeType": "DialogChangeNode",
          "id": "17282eea-94a1-4d23-a681-da48ec1d8861"
        }
      ],
      "id": "new_topic_36297d75b86245a78e5845e94ae8688d",
      "displayName": "Senza titolo",
      "createdTime": "2022-04-28T09:28:43.2046315Z",
      "updatedTime": "2022-04-28T09:28:43.2046315Z",
      "createdUserId": "9451fc51-e00d-4445-8ff9-efb70866dc3b",
      "updatedUserId": "9451fc51-e00d-4445-8ff9-efb70866dc3b"
    }
  ],
  "botMessages": [
    {
      "channelContent": {
        "web": {
          "contentFormat": "Markdown",
          "content": "**Per inviare un messaggio privato:**\n\n1.  Dall'icona Chat, seleziona **Nuova chat** nella parte superiore dell'app per iniziare una nuova conversazione.\n2.  Nel campo A, **digitare il nome della persona o delle persone con cui si desidera chattare.**\n3.  Componi il tuo messaggio e fai clic su Invia."
        }
      },
      "id": "6174f393-9ecb-4a8a-9af7-afc1460c46b1",
      "createdTime": "2022-04-28T09:15:34.006Z",
      "updatedTime": "2022-04-28T09:15:34.006Z"
    },
    {
      "channelContent": {
        "web": {
          "contentFormat": "Markdown",
          "content": "Per **aggiungere qualcuno a una chat già in corso:**\n\n1.  Basta fare clic su **Aggiungi persone** .\n\nViene quindi creata automaticamente una chat di gruppo.\n\nScegli se la nuova persona può vedere tutta, parte o nessuna cronologia chat."
        }
      },
      "id": "d6b97902-0474-49b7-bd43-8e1e2f1a1b20",
      "createdTime": "2022-04-28T09:20:42.666Z",
      "updatedTime": "2022-04-28T09:20:42.666Z",
      "createdUserId": "user-0",
      "updatedUserId": "user-0"
    },
    {
      "channelContent": {
        "web": {
          "contentFormat": "Markdown",
          "content": "💡 _Suggerimento: ricorda di dare un nome alla chat di gruppo. Sarà più facile trovarlo e tutti possono capire qual è l'argomento._"
        }
      },
      "id": "4e2075c8-bd24-4adc-b215-385da77abbee",
      "createdTime": "2022-04-28T09:27:47.768Z",
      "updatedTime": "2022-04-28T09:27:47.768Z",
      "createdUserId": "user-0",
      "updatedUserId": "user-0"
    }
  ]
}