<botcomponent_workflowset>
  <botcomponent_workflow botcomponentid.schemaname="new_topic_3d0874cc64e149e7be455d15c8a1309b" workflowid.workflowid="cb5b6f71-c830-eb11-a813-002248204388">
    <iscustomizable>1</iscustomizable>
  </botcomponent_workflow>
  <botcomponent_workflow botcomponentid.schemaname="new_topic_3657595e0bfa47f2b5cc90e82e8eee43" workflowid.workflowid="0165efbb-1b62-eb11-a812-000d3a9bb512">
    <iscustomizable>1</iscustomizable>
  </botcomponent_workflow>
  <botcomponent_workflow botcomponentid.schemaname="new_topic_5a2370f6b0ac452b81ad2195b49c0ffc" workflowid.workflowid="20dc14c3-c230-eb11-a813-000d3a98dbb4">
    <iscustomizable>1</iscustomizable>
  </botcomponent_workflow>
  <botcomponent_workflow workflowid.workflowid="03c857c8-3e2f-eb11-a813-000d3a98dbb4" botcomponentid.schemaname="new_topic_84ec227c19784e7ba25cb34f4638f91e_954135cafcd647eaae5999ad91fc08cf_talktoagent">
    <iscustomizable>1</iscustomizable>
  </botcomponent_workflow>
  <botcomponent_workflow botcomponentid.schemaname="new_topic_84ec227c19784e7ba25cb34f4638f91e_ba7b967c97ba4c39bca58a8bb6a72d59_conversationstart" workflowid.workflowid="c9579f47-cb2f-eb11-a813-000d3a98dbb4">
    <iscustomizable>1</iscustomizable>
  </botcomponent_workflow>
</botcomponent_workflowset>