{
  "intents": [
    {
      "endUserOverrideName": "gast in teams",
      "triggerQueries": [
        "moet iemand een microsoft mail hebben om in teams te kunnen",
        "kan iemand met een gmail account gast zijn in een team",
        "wie kan ik als gast toevoegen aan mijnt eam",
        "hoe zie ik of ik een gast heb in het team",
        "heb ik gasten in mijn team",
        "hoe zie ik wie er gast zijn",
        "wie is een gast in teams",
        "Wat is een gast in teams"
      ],
      "dialogId": "new_topic_175e49623ad5433b8363f5e98f957727",
      "isTriggeringEnabled": true,
      "id": "new_topic_175e49623ad5433b8363f5e98f957727",
      "displayName": "Wat is een gast in teams",
      "description": "",
      "createdTime": "2021-03-22T20:06:47.5832904Z",
      "updatedTime": "2021-03-29T20:50:23.6402683Z",
      "createdUserId": "c1e90dc0-1df0-459d-8164-0dcb7915deaf",
      "updatedUserId": "c1e90dc0-1df0-459d-8164-0dcb7915deaf"
    }
  ],
  "dialogs": [
    {
      "rootNodeId": "c09909f0-334c-415a-952c-172d003e2f42",
      "messageNodes": [
        {
          "botMessageId": "fad50373-6dd7-4a39-97be-4044dd614b80",
          "nodeType": "BotMessageNode",
          "id": "c09909f0-334c-415a-952c-172d003e2f42",
          "defaultTargetNodeId": "8338eb8d-bb6b-49ff-ac8d-a6b449998af5"
        },
        {
          "botMessageId": "ef883104-cd65-429b-8e12-18db22ec39da",
          "nodeType": "BotMessageNode",
          "id": "8338eb8d-bb6b-49ff-ac8d-a6b449998af5",
          "defaultTargetNodeId": "b54423c3-64f2-4329-9f44-5f7538f6be72"
        }
      ],
      "dialogChangeNodes": [
        {
          "targetDialogId": "new_topic_1c4e6416fefc4cc49ec6658ee3525887",
          "nodeType": "DialogChangeNode",
          "id": "b54423c3-64f2-4329-9f44-5f7538f6be72"
        }
      ],
      "id": "new_topic_175e49623ad5433b8363f5e98f957727",
      "displayName": "Dialog for Wat is een gast in teams",
      "createdTime": "2021-03-22T20:06:47.5832904Z",
      "updatedTime": "2021-03-22T20:07:35.5944113Z",
      "createdUserId": "c1e90dc0-1df0-459d-8164-0dcb7915deaf",
      "updatedUserId": "c1e90dc0-1df0-459d-8164-0dcb7915deaf"
    }
  ],
  "botMessages": [
    {
      "channelContent": {
        "web": {
          "contentFormat": "Markdown",
          "content": "_Let op: het kan zijn dat gast toegang in uw organisatie beperkt is._"
        }
      },
      "id": "fad50373-6dd7-4a39-97be-4044dd614b80",
      "createdTime": "2021-03-22T20:06:47.5832904Z",
      "updatedTime": "2021-03-22T20:06:47.5832904Z",
      "createdUserId": "c1e90dc0-1df0-459d-8164-0dcb7915deaf",
      "updatedUserId": "c1e90dc0-1df0-459d-8164-0dcb7915deaf"
    },
    {
      "channelContent": {
        "web": {
          "contentFormat": "Markdown",
          "content": "Iedereen die een zakelijk of normaal e-mailaccount heeft, zoals Outlook, Gmail of anderen, kan als gasten [in](https://support.microsoft.com/nl-nl/office/l%C3%A4gga-till-g%C3%A4ster-till-ett-team-i-teams-fccb4fa6-f864-4508-bdde-256e7384a14f) [Teams](https://support.microsoft.com/nl-nl/office/l%C3%A4gga-till-g%C3%A4ster-till-ett-team-i-teams-fccb4fa6-f864-4508-bdde-256e7384a14f) [worden uitgenodigd](https://support.microsoft.com/nl-nl/office/l%C3%A4gga-till-g%C3%A4ster-till-ett-team-i-teams-fccb4fa6-f864-4508-bdde-256e7384a14f) en deelnemen aan teamchats, vergaderingen en bestanden."
        }
      },
      "id": "ef883104-cd65-429b-8e12-18db22ec39da",
      "createdTime": "2021-03-22T20:07:17.125Z",
      "updatedTime": "2021-03-22T20:07:17.125Z",
      "createdUserId": "user-0",
      "updatedUserId": "user-0"
    }
  ],
  "createdUtc": "0001-01-01T00:00:00Z"
}