{
  "intents": [
    {
      "triggerQueries": [
        "Chatting Pin",
        "Channel Pin",
        "중요 채널 선택",
        "중요 채팅 표시",
        "상단 채널 고정",
        "채널 즐겨찾기 표시",
        "채팅 즐겨찾기 표시",
        "채팅 고정",
        "채널 고정",
        "채팅 채널 팀 상단 고정",
        "채팅을 고정하거나 채널을 고정?"
      ],
      "dialogId": "new_topic_e0c047b4e6074660b3bfc13e4a88b721",
      "isTriggeringEnabled": true,
      "id": "new_topic_e0c047b4e6074660b3bfc13e4a88b721",
      "displayName": "채팅을 고정하거나 채널을 고정?",
      "description": "https://adoptbotv2kb.blob.core.windows.net/%24web/adoptbot2021-Korean.docx",
      "createdTime": "2021-03-18T03:39:18.7476571Z",
      "updatedTime": "2021-04-02T05:56:05.2828837Z",
      "createdUserId": "e47109d8-0300-4e59-a90d-56bb29886c9e",
      "updatedUserId": "e47109d8-0300-4e59-a90d-56bb29886c9e"
    }
  ],
  "dialogs": [
    {
      "rootNodeId": "d725fcc7-fe7b-41b7-b465-cb5dd073c579",
      "messageNodes": [
        {
          "botMessageId": "4d2e0976-eb22-4500-a00f-a01a9060cdba",
          "nodeType": "BotMessageNode",
          "id": "d725fcc7-fe7b-41b7-b465-cb5dd073c579",
          "defaultTargetNodeId": "1ccd3c04-bcbd-44e8-b95f-d2b041252869"
        },
        {
          "botMessageId": "2bc7be36-681c-45fe-9099-e1857c17a1a3",
          "nodeType": "BotMessageNode",
          "id": "1ccd3c04-bcbd-44e8-b95f-d2b041252869",
          "defaultTargetNodeId": "8a1854ac-6ce5-4e3c-8469-4c2b1392c3b5"
        },
        {
          "botMessageId": "291b42a1-71d2-437b-a66d-7143bd27278c",
          "nodeType": "BotMessageNode",
          "id": "8a1854ac-6ce5-4e3c-8469-4c2b1392c3b5",
          "defaultTargetNodeId": "75aa8715-dc4d-4be7-8d36-3a96c822a137"
        }
      ],
      "dialogChangeNodes": [
        {
          "targetDialogId": "new_topic_2bf23930c1d146129dfe38bacb94ccd0_aeabea4d071f415c8c107e1cb7af5424_assumedsuccess",
          "nodeType": "DialogChangeNode",
          "id": "75aa8715-dc4d-4be7-8d36-3a96c822a137"
        }
      ],
      "id": "new_topic_e0c047b4e6074660b3bfc13e4a88b721",
      "displayName": "Dialog for 채팅을 고정하거나 채널을 고정?",
      "createdTime": "2021-03-18T03:39:18.7476571Z",
      "updatedTime": "2021-03-25T10:54:56.770679Z",
      "createdUserId": "e47109d8-0300-4e59-a90d-56bb29886c9e",
      "updatedUserId": "e47109d8-0300-4e59-a90d-56bb29886c9e"
    }
  ],
  "botMessages": [
    {
      "channelContent": {
        "web": {
          "contentFormat": "Markdown",
          "content": "대화나 채널을 [채팅 또는 팀 목록의 맨 위에 고정](https://support.microsoft.com/ko-kr/office/show-hide-or-pin-a-team-or-channel-in-teams-91a37043-acea-49b0-9dfc-aec37b2e92b8)할 수 있습니다."
        }
      },
      "id": "4d2e0976-eb22-4500-a00f-a01a9060cdba",
      "createdTime": "2021-03-18T03:39:18.7476571Z",
      "updatedTime": "2021-03-18T03:39:18.7476571Z",
      "createdUserId": "e47109d8-0300-4e59-a90d-56bb29886c9e",
      "updatedUserId": "e47109d8-0300-4e59-a90d-56bb29886c9e"
    },
    {
      "channelContent": {
        "web": {
          "contentFormat": "Markdown",
          "content": "1.  채팅 또는 팀을 선택합니다.\n2.  고정할 대화 또는 채널의 이름을 선택합니다.\n3.  그런 다음 기타 옵션 “…” > 고정 을 선택합니다.\n\n이렇게 하면 채팅 또는 채널이 목록의 맨 위에 유지됩니다."
        }
      },
      "id": "2bc7be36-681c-45fe-9099-e1857c17a1a3",
      "createdTime": "2021-03-25T10:53:35.981Z",
      "updatedTime": "2021-03-25T10:53:35.981Z",
      "createdUserId": "user-0",
      "updatedUserId": "user-0"
    },
    {
      "channelContent": {
        "web": {
          "contentFormat": "Markdown",
          "content": "변경을 원하는 경우, 그냥 다시 선택하고 **고정 해제**를 선택합니다."
        }
      },
      "id": "291b42a1-71d2-437b-a66d-7143bd27278c",
      "createdTime": "2021-03-25T10:54:39.783Z",
      "updatedTime": "2021-03-25T10:54:39.783Z",
      "createdUserId": "user-0",
      "updatedUserId": "user-0"
    }
  ],
  "createdUtc": "0001-01-01T00:00:00Z"
}