{
  "intents": [
    {
      "endUserOverrideName": "我該怎麼知道我的裝置能不能運行Office",
      "triggerQueries": [
        "can my device run office",
        "does office work on my device?",
        "Can I use office on my phone?",
        "does office work on my mobile?",
        "does office work on your mobile?",
        "How do I know if my device can run Office?",
        "我的裝置可以運行 Office 嗎",
        "Office 可以在我現在的裝置運行嗎",
        "我可以在手機上用 Office 嗎",
        "Office 可以在我的行動電話上運作嗎",
        "Office 在你的手機上會運作嗎",
        "我該怎麼知道我的裝置能不能運行Office"
      ],
      "dialogId": "new_topic_5a08bd78dbe84a9bb6077b9356b54362",
      "isTriggeringEnabled": true,
      "id": "new_topic_5a08bd78dbe84a9bb6077b9356b54362",
      "displayName": "我該怎麼知道我的裝置能不能運行Office",
      "description": "https://adoptbotv2kb.blob.core.windows.net/%24web/AdoptBot2021-English.docx",
      "createdTime": "2021-11-17T13:43:56.6242589Z",
      "updatedTime": "2021-11-17T13:44:18.4648168Z",
      "createdUserId": "9c968d43-f7c2-4e28-895c-1f6bcefcd8be",
      "updatedUserId": "9c968d43-f7c2-4e28-895c-1f6bcefcd8be"
    }
  ],
  "dialogs": [
    {
      "rootNodeId": "c58581bc-76ca-439e-8946-3835fcefab7e",
      "messageNodes": [
        {
          "botMessageId": "62ee67ee-5f05-4f20-b0f6-1e82d8fb0eaa",
          "nodeType": "BotMessageNode",
          "id": "c58581bc-76ca-439e-8946-3835fcefab7e",
          "defaultTargetNodeId": "7b4aeb7e-8c74-4b3d-91cb-cd3e2418a7c6"
        }
      ],
      "dialogChangeNodes": [
        {
          "targetDialogId": "new_topic_e2d1671328b941dbb60fa7150059b1ee_aeabea4d071f415c8c107e1cb7af5424_assumedsuccess",
          "nodeType": "DialogChangeNode",
          "id": "7b4aeb7e-8c74-4b3d-91cb-cd3e2418a7c6"
        }
      ],
      "id": "new_topic_5a08bd78dbe84a9bb6077b9356b54362",
      "displayName": "Dialog for 我該怎麼知道我的裝置能不能運行Office",
      "createdTime": "2021-11-17T13:43:56.6242589Z",
      "updatedTime": "2021-11-17T13:44:18.4648168Z",
      "createdUserId": "9c968d43-f7c2-4e28-895c-1f6bcefcd8be",
      "updatedUserId": "9c968d43-f7c2-4e28-895c-1f6bcefcd8be"
    }
  ],
  "botMessages": [
    {
      "channelContent": {
        "web": {
          "contentFormat": "Markdown",
          "content": "與 Office 365 相容的作業系統有：Windows, macOS, iPhone, Android.\n\n關於 Windows 和 macOS 的相容版本與其他功能需求，請見 [系統需求](https://products.office.com/zh-tw/office-system-requirements)"
        }
      },
      "id": "62ee67ee-5f05-4f20-b0f6-1e82d8fb0eaa",
      "createdTime": "2021-11-17T13:43:56.6242589Z",
      "updatedTime": "2021-11-17T13:43:56.6242589Z",
      "createdUserId": "9c968d43-f7c2-4e28-895c-1f6bcefcd8be",
      "updatedUserId": "9c968d43-f7c2-4e28-895c-1f6bcefcd8be"
    }
  ]
}