{
  "intents": [
    {
      "endUserOverrideName": "用Teams發起會議",
      "triggerQueries": [
        "怎麼用Teams開會",
        "怎麼發起會議",
        "排程會議",
        "用Teams發起會議",
        "發起會議",
        "我該如何排程會議",
        "我可以在Teams中的哪邊排程會議？",
        "建立新會議",
        "用Teams排程會議",
        "Teams會議行事曆",
        "我要如何排程會議",
        "我該如何用Teams排程會議",
        "從Outlook排程會議",
        "我想排程會議",
        "直接用Teams排程會議",
        "排程會議",
        "排程一系列會議",
        "從Teams行事曆排程會議",
        "從行事曆排程會議",
        "在Teams排程會議",
        "我可以直接用Teams排程會議嗎？"
      ],
      "dialogId": "new_topic_560c2c5a31634650b472da58f0aeb003",
      "isTriggeringEnabled": true,
      "id": "new_topic_560c2c5a31634650b472da58f0aeb003",
      "displayName": "用Teams發起會議",
      "description": "https://adoptbotv2kb.blob.core.windows.net/%24web/AdoptBot2021-English.docx",
      "createdTime": "2021-11-17T03:08:53.0954254Z",
      "updatedTime": "2021-11-22T11:19:18.241596Z",
      "createdUserId": "9c968d43-f7c2-4e28-895c-1f6bcefcd8be",
      "updatedUserId": "9c968d43-f7c2-4e28-895c-1f6bcefcd8be"
    }
  ],
  "dialogs": [
    {
      "rootNodeId": "981ac62e-c164-4e72-a6d3-72dfda222b71",
      "messageNodes": [
        {
          "botMessageId": "6901331e-3728-4062-9b40-d562d2933992",
          "nodeType": "BotMessageNode",
          "id": "981ac62e-c164-4e72-a6d3-72dfda222b71",
          "defaultTargetNodeId": "b11f02b4-73c5-425d-99fe-59d3d74f97c2"
        },
        {
          "botMessageId": "dd8710e8-49fc-47db-96c4-660f74c74d28",
          "nodeType": "BotMessageNode",
          "id": "b11f02b4-73c5-425d-99fe-59d3d74f97c2",
          "defaultTargetNodeId": "6d40a13d-7a5d-4fe8-a37d-81d770979d6c"
        },
        {
          "botMessageId": "6973d768-a903-4857-accc-764a43ae13e9",
          "nodeType": "BotMessageNode",
          "id": "6d40a13d-7a5d-4fe8-a37d-81d770979d6c",
          "defaultTargetNodeId": "5112a47c-9e41-473b-b1b0-512044b5225e"
        }
      ],
      "dialogChangeNodes": [
        {
          "targetDialogId": "new_topic_e2d1671328b941dbb60fa7150059b1ee_aeabea4d071f415c8c107e1cb7af5424_assumedsuccess",
          "nodeType": "DialogChangeNode",
          "id": "5112a47c-9e41-473b-b1b0-512044b5225e"
        }
      ],
      "id": "new_topic_560c2c5a31634650b472da58f0aeb003",
      "displayName": "Dialog for 用Teams發起會議",
      "createdTime": "2021-11-17T03:08:53.0954254Z",
      "updatedTime": "2021-11-17T03:14:19.3341754Z",
      "createdUserId": "9c968d43-f7c2-4e28-895c-1f6bcefcd8be",
      "updatedUserId": "9c968d43-f7c2-4e28-895c-1f6bcefcd8be"
    }
  ],
  "botMessages": [
    {
      "channelContent": {
        "web": {
          "contentFormat": "Markdown",
          "content": "可以利用Outlook或Teams發起會議。[請見連結](https://support.microsoft.com/zh-tw/office/schemal%C3%A4gga-ett-m%C3%B6te-i-teams-943507a9-8583-4c58-b5d2-8ec8265e04e5)。"
        }
      },
      "id": "6901331e-3728-4062-9b40-d562d2933992",
      "createdTime": "2021-11-17T03:08:53.0954254Z",
      "updatedTime": "2021-11-17T03:08:53.0954254Z",
      "createdUserId": "9c968d43-f7c2-4e28-895c-1f6bcefcd8be",
      "updatedUserId": "9c968d43-f7c2-4e28-895c-1f6bcefcd8be"
    },
    {
      "channelContent": {
        "web": {
          "contentFormat": "Markdown",
          "content": "從Teams發起會議:\n\n*   在行事曆頁面點擊新增會議\n*   選擇欲邀情的人員或頻道\n*   利用排程助理員排程\n*   選擇會議頻率"
        }
      },
      "id": "dd8710e8-49fc-47db-96c4-660f74c74d28",
      "createdTime": "2021-11-17T03:13:53.733Z",
      "updatedTime": "2021-11-17T03:13:53.733Z",
      "createdUserId": "user-0",
      "updatedUserId": "user-0"
    },
    {
      "channelContent": {
        "web": {
          "contentFormat": "Markdown",
          "content": "從Outlook發起會議:\n\n*   在工具列中的**會議**選項中選取Teams會議\n*   輸入會議細節並利用排程助理員\n*   加入欲使用的會議室"
        }
      },
      "id": "6973d768-a903-4857-accc-764a43ae13e9",
      "createdTime": "2021-11-17T03:14:00.421Z",
      "updatedTime": "2021-11-17T03:14:00.421Z",
      "createdUserId": "user-0",
      "updatedUserId": "user-0"
    }
  ]
}