{
  "intents": [
    {
      "endUserOverrideName": "Liste des participants",
      "triggerQueries": [
        "Qui a rejoint la réunion",
        "Qui était présent à la réunion",
        "Visualiser la liste des participants",
        "Visualiser le rapport de participation",
        "Télécharger la liste des participants à une réunion",
        "Télécharger la liste des participants",
        "Liste des personnes d'une réunion",
        "Rapport de participation",
        "Puis-je avoir un rapport de participation",
        "Liste des participants"
      ],
      "dialogId": "new_topic_a5368c924c354f81b755955e15418e7a",
      "isTriggeringEnabled": true,
      "id": "new_topic_a5368c924c354f81b755955e15418e7a",
      "displayName": "Qui était présent à la réunion",
      "description": "",
      "createdTime": "2021-01-13T22:20:51.2381463Z",
      "updatedTime": "2021-05-24T13:49:55.1968186Z",
      "createdUserId": "f04d3cd9-b73d-4ba9-a1ed-9319eba29b21",
      "updatedUserId": "a2c4aa2c-d830-41eb-bcf4-467a2c7e1279"
    }
  ],
  "dialogs": [
    {
      "rootNodeId": "baff1594-85c8-47ae-a1f6-8d21e5c93a5b",
      "messageNodes": [
        {
          "botMessageId": "4af65f0a-5c9a-49d1-a9db-30a34a333c00",
          "nodeType": "BotMessageNode",
          "id": "baff1594-85c8-47ae-a1f6-8d21e5c93a5b",
          "defaultTargetNodeId": "60cf8586-59e6-46f9-b024-62efb8fac87f"
        },
        {
          "botMessageId": "5816b7ef-22e7-4ec7-9e50-e975369e346c",
          "nodeType": "BotMessageNode",
          "id": "60cf8586-59e6-46f9-b024-62efb8fac87f",
          "defaultTargetNodeId": "8726b6ae-ea1f-483f-ba11-6dd016d6a65b"
        }
      ],
      "dialogChangeNodes": [
        {
          "targetDialogId": "new_topic_eac3f49c99664313a9d9dc19d80a79a2_aeabea4d071f415c8c107e1cb7af5424_assumedsuccess",
          "nodeType": "DialogChangeNode",
          "id": "8726b6ae-ea1f-483f-ba11-6dd016d6a65b"
        }
      ],
      "id": "new_topic_a5368c924c354f81b755955e15418e7a",
      "displayName": "Dialog for Can I get an attendance report?",
      "createdTime": "2021-01-13T22:20:51.2381463Z",
      "updatedTime": "2021-05-24T13:50:38.18726Z",
      "createdUserId": "f04d3cd9-b73d-4ba9-a1ed-9319eba29b21",
      "updatedUserId": "a2c4aa2c-d830-41eb-bcf4-467a2c7e1279"
    }
  ],
  "botMessages": [
    {
      "channelContent": {
        "web": {
          "contentFormat": "Markdown",
          "content": "L'organisateur d'une réunion peut [visualiser et télécharger le rapport de présence d'une réunion](https://support.microsoft.com/fr-fr/office/download-attendance-reports-in-teams-ae7cf170-530c-47d3-84c1-3aedac74d310?ui=en-US&rs=en-US&ad=US).   \nRetrouvez ce rapport sur l'onglet des détails de la réunion en cliquant sur le bouton \"**Télécharger**\"."
        }
      },
      "id": "4af65f0a-5c9a-49d1-a9db-30a34a333c00",
      "createdTime": "2021-01-13T22:20:51.2381463Z",
      "updatedTime": "2021-01-13T22:20:51.2381463Z",
      "createdUserId": "f04d3cd9-b73d-4ba9-a1ed-9319eba29b21",
      "updatedUserId": "f04d3cd9-b73d-4ba9-a1ed-9319eba29b21"
    },
    {
      "channelContent": {
        "web": {
          "contentFormat": "Markdown",
          "content": "Vous pouvez télécharger le rapport au format .CSV (qui peut être ouvert avec Excel)."
        }
      },
      "id": "5816b7ef-22e7-4ec7-9e50-e975369e346c",
      "createdTime": "2021-01-27T21:16:48.237Z",
      "updatedTime": "2021-01-27T21:16:48.237Z",
      "createdUserId": "user-0",
      "updatedUserId": "user-0"
    }
  ]
}