{
  "intents": [
    {
      "intentType": "Regular",
      "endUserOverrideName": "",
      "triggerQueries": [
        "Radera chatthistorik",
        "Hur tar jag bort allt från en chatt?",
        "Radera all min chatthistorik",
        "Kan jag radera hela chatten med någon?",
        "Radera en hel chattkonversation",
        "Kan jag radera en gammal chatt?"
      ],
      "dialogId": "new_topic_dc8c5b24f64d44c7bc981522cb9cff3d",
      "isTriggeringEnabled": true,
      "id": "new_topic_dc8c5b24f64d44c7bc981522cb9cff3d",
      "displayName": "Kan jag radera en gammal chatt?",
      "description": "",
      "createdTime": "2020-11-24T14:37:53.8220925Z",
      "updatedTime": "2020-12-14T13:25:39.0853519Z",
      "createdUserId": "f04d3cd9-b73d-4ba9-a1ed-9319eba29b21",
      "updatedUserId": "f04d3cd9-b73d-4ba9-a1ed-9319eba29b21"
    }
  ],
  "dialogs": [
    {
      "rootNodeId": "3e5c0d03-111b-40d5-8115-92b43e1ea22d",
      "messageNodes": [
        {
          "botMessageId": "db6d51a2-b499-4217-9f8c-a3c6827f352c",
          "nodeType": "BotMessageNode",
          "id": "3e5c0d03-111b-40d5-8115-92b43e1ea22d",
          "defaultTargetNodeId": "e5c03cdc-435a-45cc-a512-d8fbc170cdf9"
        }
      ],
      "dialogChangeNodes": [
        {
          "targetDialogId": "new_topic_84ec227c19784e7ba25cb34f4638f91e_aeabea4d071f415c8c107e1cb7af5424_assumedsuccess",
          "nodeType": "DialogChangeNode",
          "id": "e5c03cdc-435a-45cc-a512-d8fbc170cdf9"
        }
      ],
      "id": "new_topic_dc8c5b24f64d44c7bc981522cb9cff3d",
      "displayName": "Dialog for Kan jag radera en gammal chatt?",
      "createdTime": "2020-11-24T14:37:53.8220925Z",
      "updatedTime": "2020-11-24T14:37:53.8220925Z",
      "createdUserId": "f04d3cd9-b73d-4ba9-a1ed-9319eba29b21",
      "updatedUserId": "f04d3cd9-b73d-4ba9-a1ed-9319eba29b21"
    }
  ],
  "botMessages": [
    {
      "channelContent": {
        "web": {
          "contentFormat": "Markdown",
          "content": "Du kan inte radera en hel chatt men däremot kan du dölja den för att få bort den ur din chattlista.\r\n\r\nDu kan också ta [bort enskilda meddelanden som du har skickat](https://support.microsoft.com/sv-se/office/edit-or-delete-a-sent-message-in-teams-5f1fe604-a900-4a07-b8b7-8cf70ed6b263) ."
        }
      },
      "id": "db6d51a2-b499-4217-9f8c-a3c6827f352c",
      "createdTime": "2020-11-24T14:37:53.8220925Z",
      "updatedTime": "2020-11-24T14:37:53.8220925Z",
      "createdUserId": "f04d3cd9-b73d-4ba9-a1ed-9319eba29b21",
      "updatedUserId": "f04d3cd9-b73d-4ba9-a1ed-9319eba29b21"
    }
  ]
}