{
  "intents": [
    {
      "triggerQueries": [
        "jak dodać więcej osób do zespołu?",
        "Jak dodać członka do zespołu?",
        "Dodawanie kogoś do zespołu",
        "Dodawanie nowej osoby do zespołu",
        "Zapraszanie większej liczby osób do współpracy",
        "Zapraszanie współpracowników do zespołu",
        "Dodawanie członków zespołu",
        "Dodawanie do zespołu",
        "Jak mogę dodać nowe osoby do zespołu?"
      ],
      "dialogId": "new_topic_cd1bafd258da427eb04f8f4c624b3487",
      "isTriggeringEnabled": true,
      "id": "new_topic_cd1bafd258da427eb04f8f4c624b3487",
      "displayName": "Jak mogę dodać nowe osoby do zespołu?",
      "description": "",
      "createdTime": "2021-09-26T11:09:58.5276239Z",
      "updatedTime": "2021-10-21T09:46:31.9317122Z",
      "createdUserId": "28fac8cb-bec7-48c9-a688-5024cf318b8a",
      "updatedUserId": "28fac8cb-bec7-48c9-a688-5024cf318b8a"
    }
  ],
  "dialogs": [
    {
      "rootNodeId": "1b2bad8f-03ce-4106-a9cd-e81cb3fd0b92",
      "messageNodes": [
        {
          "botMessageId": "081d1bbb-3a8f-4c2a-8a76-30fcab5a4354",
          "nodeType": "BotMessageNode",
          "id": "1b2bad8f-03ce-4106-a9cd-e81cb3fd0b92",
          "defaultTargetNodeId": "5a014634-5602-4c6b-a819-cb8678f5ca9c"
        },
        {
          "botMessageId": "b5372318-c0cf-4904-9b2c-57db87d6809a",
          "nodeType": "BotMessageNode",
          "id": "5a014634-5602-4c6b-a819-cb8678f5ca9c",
          "defaultTargetNodeId": "e3002373-0a71-48e0-806e-6019572e237f"
        }
      ],
      "dialogChangeNodes": [
        {
          "targetDialogId": "new_topic_d4ee79ce05584b519ee7d416fda7e2a3_aeabea4d071f415c8c107e1cb7af5424_assumedsuccess",
          "nodeType": "DialogChangeNode",
          "id": "e3002373-0a71-48e0-806e-6019572e237f"
        }
      ],
      "id": "new_topic_cd1bafd258da427eb04f8f4c624b3487",
      "displayName": "Dialog for Jak mogę dodać nowe osoby do zespołu?",
      "createdTime": "2021-09-26T11:09:58.5276239Z",
      "updatedTime": "2021-10-21T09:47:43.807116Z",
      "createdUserId": "28fac8cb-bec7-48c9-a688-5024cf318b8a",
      "updatedUserId": "28fac8cb-bec7-48c9-a688-5024cf318b8a"
    }
  ],
  "botMessages": [
    {
      "channelContent": {
        "web": {
          "contentFormat": "Markdown",
          "content": "**Jeśli jesteś właścicielem zespołu**, przejdź do nazwy zespołu i kliknij pozycję **Więcej** **opcji,** a następnie kliknij pozycję **Dodaj członków**.\n\nW tym miejscu można również zaprosić [gości](https://support.microsoft.com/pl-pl/office/dodawanie-go%c5%9bci-do-zespo%c5%82u-w-us%c5%82udze-teams-fccb4fa6-f864-4508-bdde-256e7384a14f?ui=pl-PL&rs=pl-PL&ad=PL) spoza organizacji do dołączenia do zespołu."
        }
      },
      "id": "081d1bbb-3a8f-4c2a-8a76-30fcab5a4354",
      "createdTime": "2021-09-26T11:09:58.5276239Z",
      "updatedTime": "2021-09-26T11:09:58.5276239Z",
      "createdUserId": "28fac8cb-bec7-48c9-a688-5024cf318b8a",
      "updatedUserId": "28fac8cb-bec7-48c9-a688-5024cf318b8a"
    },
    {
      "channelContent": {
        "web": {
          "contentFormat": "Markdown",
          "content": "Aby **dodać wiele osób**, wpisz nazwę grupy kontaktów (również znaną jako \"lista dystrybucyjna\"), grupę zabezpieczeń lub grupę Microsoft 365."
        }
      },
      "id": "b5372318-c0cf-4904-9b2c-57db87d6809a",
      "createdTime": "2021-10-21T09:47:22.188Z",
      "updatedTime": "2021-10-21T09:47:22.188Z",
      "createdUserId": "user-0",
      "updatedUserId": "user-0"
    }
  ]
}