{
  "intents": [
    {
      "endUserOverrideName": "將來賓添加到團隊中",
      "triggerQueries": [
        "我想邀請來賓加入團隊",
        "來賓權限是被禁用了嗎？",
        "如何將來賓添加到團隊中？",
        "如何邀請外部人員加入我們的團隊",
        "將外部人員添加到團隊中",
        "如何邀請來賓？",
        "我可以將組織以外的人員添加到團隊中嗎？",
        "如何在團隊邀請來賓？",
        "將外部成員添加到團隊裡面",
        "如何將組織外的人添加到團隊中？",
        "為什麼我不能邀請來賓？",
        "無法邀請來賓",
        "將來賓添加到Teams中？",
        "我可以用來賓使用Teams嗎？",
        "我不能邀請來賓",
        "怎麼邀請來賓到團隊？",
        "無法加來賓",
        "怎麼加來賓",
        "加外部人員",
        "新增外部人員",
        "邀請外部人員",
        "來賓存取權",
        "邀請來賓到團隊",
        "新增來賓到團隊",
        "I want to invite guests to a team",
        "is guest access disabled?",
        "How to add guests to teams",
        "How to add guests to a team?",
        "How do I invite externals to join our team",
        "adding external people to a team",
        "How to add guests?",
        "Can I add people outside my organization to a team?",
        "How do I add a guest to a team?",
        "add external members to a team",
        "How do I add someone outside my organization to a team?",
        "why can't I invite guests?",
        "can't add guests",
        "Add guests to a team?",
        "do we have guest access in Teams?",
        "I can't invite guests!",
        "How do I add guests to my team?"
      ],
      "dialogId": "new_topic_44445f86206b4da39bfa9335ab8fbb2d",
      "isTriggeringEnabled": true,
      "id": "new_topic_44445f86206b4da39bfa9335ab8fbb2d",
      "displayName": "怎麼邀請來賓到團隊",
      "description": "https://adoptbotv2kb.blob.core.windows.net/%24web/AdoptBot2021-English.docx",
      "createdTime": "2021-11-17T07:32:42.4663034Z",
      "updatedTime": "2021-11-17T07:33:15.1882992Z",
      "createdUserId": "9c968d43-f7c2-4e28-895c-1f6bcefcd8be",
      "updatedUserId": "9c968d43-f7c2-4e28-895c-1f6bcefcd8be"
    }
  ],
  "dialogs": [
    {
      "rootNodeId": "9bfe19d6-604c-4668-8b30-4d5d239492ea",
      "messageNodes": [
        {
          "botMessageId": "6c6ceea4-3cec-4fe3-8bd1-828c0e72a85b",
          "nodeType": "BotMessageNode",
          "id": "9bfe19d6-604c-4668-8b30-4d5d239492ea",
          "defaultTargetNodeId": "5564da91-c399-4d54-9ba8-8a3f14da9746"
        },
        {
          "botMessageId": "381162b6-eeb2-4fd6-8d98-e29e90e34f7b",
          "nodeType": "BotMessageNode",
          "id": "5564da91-c399-4d54-9ba8-8a3f14da9746",
          "defaultTargetNodeId": "0d1fa41c-452f-4de8-a5ef-954f6f755b47"
        },
        {
          "botMessageId": "f4ffae25-6d1c-49f4-9a47-e29fa28645d5",
          "nodeType": "BotMessageNode",
          "id": "0d1fa41c-452f-4de8-a5ef-954f6f755b47",
          "defaultTargetNodeId": "dc76086e-58eb-42f2-b06d-f99f92bf4d3c"
        },
        {
          "botMessageId": "4ba0c9c3-32f8-4c79-a0ba-52b590904664",
          "nodeType": "BotMessageNode",
          "id": "dc76086e-58eb-42f2-b06d-f99f92bf4d3c",
          "defaultTargetNodeId": "fbc6a2d9-69b0-42a6-8900-8d377b0c6ddd"
        }
      ],
      "dialogChangeNodes": [
        {
          "targetDialogId": "new_topic_e2d1671328b941dbb60fa7150059b1ee_aeabea4d071f415c8c107e1cb7af5424_assumedsuccess",
          "nodeType": "DialogChangeNode",
          "id": "fbc6a2d9-69b0-42a6-8900-8d377b0c6ddd"
        }
      ],
      "id": "new_topic_44445f86206b4da39bfa9335ab8fbb2d",
      "displayName": "Dialog for 怎麼邀請來賓到團隊",
      "createdTime": "2021-11-17T07:32:42.4663034Z",
      "updatedTime": "2021-11-17T07:33:15.1882992Z",
      "createdUserId": "9c968d43-f7c2-4e28-895c-1f6bcefcd8be",
      "updatedUserId": "9c968d43-f7c2-4e28-895c-1f6bcefcd8be"
    }
  ],
  "botMessages": [
    {
      "channelContent": {
        "web": {
          "contentFormat": "Markdown",
          "content": "若您是團隊擁有者，您可以加入外部人員。"
        }
      },
      "id": "6c6ceea4-3cec-4fe3-8bd1-828c0e72a85b",
      "createdTime": "2021-11-17T07:32:42.4663034Z",
      "updatedTime": "2021-11-17T07:32:42.4663034Z",
      "createdUserId": "9c968d43-f7c2-4e28-895c-1f6bcefcd8be",
      "updatedUserId": "9c968d43-f7c2-4e28-895c-1f6bcefcd8be"
    },
    {
      "channelContent": {
        "web": {
          "contentFormat": "Markdown",
          "content": "若您在新增人員時遇到錯誤，那您的組織可能不允許外部人員加入。"
        }
      },
      "id": "381162b6-eeb2-4fd6-8d98-e29e90e34f7b",
      "createdTime": "2021-11-17T07:32:54.442Z",
      "updatedTime": "2021-11-17T07:32:54.442Z",
      "createdUserId": "user-0",
      "updatedUserId": "user-0"
    },
    {
      "channelContent": {
        "web": {
          "contentFormat": "Markdown",
          "content": "[新增人員的步驟如下](https://support.microsoft.com/zh-tw/office/add-guests-to-a-team-in-teams-fccb4fa6-f864-4508-bdde-256e7384a14f?ui=en-US&rs=en-US&ad=US):\n\n1.  找到團隊名稱\n2.  選擇更多選項 (...)\n3.  選擇新增人員\n4.  輸入欲新增人員的電子郵件並新增為來賓\n5.  點擊筆型符號來為來賓命名\n6.  按新增"
        }
      },
      "id": "f4ffae25-6d1c-49f4-9a47-e29fa28645d5",
      "createdTime": "2021-11-17T07:32:59.713Z",
      "updatedTime": "2021-11-17T07:32:59.713Z",
      "createdUserId": "user-0",
      "updatedUserId": "user-0"
    },
    {
      "channelContent": {
        "web": {
          "contentFormat": "Markdown",
          "content": "[來賓的權限](https://support.microsoft.com/zh-tw/office/team-owner-member-and-guest-capabilities-in-teams-d03fdf5b-1a6e-48e4-8e07-b13e1350ec7b)\n\n[可以更改的設定](https://support.microsoft.com/zh-tw/office/set-guest-permissions-for-channels-in-teams-4756c468-2746-4bfd-a582-736d55fcc169)"
        }
      },
      "id": "4ba0c9c3-32f8-4c79-a0ba-52b590904664",
      "createdTime": "2021-11-17T07:33:03.817Z",
      "updatedTime": "2021-11-17T07:33:03.817Z",
      "createdUserId": "user-0",
      "updatedUserId": "user-0"
    }
  ]
}