{
  "intents": [
    {
      "endUserOverrideName": "Office identique sur toute plateforme?",
      "triggerQueries": [
        "différences entre les versions de Teams? téléphone, Mac, PC, navigateur",
        "différences entre les versions de Teams? téléphone, Mac, PC, navigateur",
        "Teams est-il identique sur PC et mobile?",
        "Office est-il le même sur Android et iOS?",
        "Office est-il le même sur tous les appareils?",
        "Même Office sur Mac?",
        "Mêmes fonctionnalités dans Office sur mobile?",
        "Y a-t-il une différence entre Office pour Mac et PC",
        "Différence pour Office sur mobile?",
        "Office sera-t-il identique sur un PC, un Mac et un appareil mobile?"
      ],
      "dialogId": "new_topic_3b3f503b99504fd9893ebc86abbf1ad5",
      "isTriggeringEnabled": true,
      "id": "new_topic_3b3f503b99504fd9893ebc86abbf1ad5",
      "displayName": "Office est-il identique sur un PC, un Mac et un appareil mobile?",
      "description": "",
      "createdTime": "2021-01-13T22:20:51.2381463Z",
      "updatedTime": "2021-05-24T22:25:52.1197394Z",
      "createdUserId": "f04d3cd9-b73d-4ba9-a1ed-9319eba29b21",
      "updatedUserId": "a2c4aa2c-d830-41eb-bcf4-467a2c7e1279"
    }
  ],
  "dialogs": [
    {
      "rootNodeId": "d888ea0b-af37-4fb1-a026-89fdd57ecae0",
      "messageNodes": [
        {
          "botMessageId": "a410071c-9617-4273-ab61-cb6084d24b17",
          "nodeType": "BotMessageNode",
          "id": "d888ea0b-af37-4fb1-a026-89fdd57ecae0",
          "defaultTargetNodeId": "95398b79-8054-476e-97ca-bfd31342127f"
        }
      ],
      "dialogChangeNodes": [
        {
          "targetDialogId": "new_topic_eac3f49c99664313a9d9dc19d80a79a2_aeabea4d071f415c8c107e1cb7af5424_assumedsuccess",
          "nodeType": "DialogChangeNode",
          "id": "95398b79-8054-476e-97ca-bfd31342127f"
        }
      ],
      "id": "new_topic_3b3f503b99504fd9893ebc86abbf1ad5",
      "displayName": "Dialog for Will Office be identical on a PC, Mac, and mobile device?",
      "createdTime": "2021-01-13T22:20:51.2381463Z",
      "updatedTime": "2021-05-24T22:26:11.9717538Z",
      "createdUserId": "f04d3cd9-b73d-4ba9-a1ed-9319eba29b21",
      "updatedUserId": "a2c4aa2c-d830-41eb-bcf4-467a2c7e1279"
    }
  ],
  "botMessages": [
    {
      "channelContent": {
        "web": {
          "contentFormat": "Markdown",
          "content": "Les applications Office sont conçues pour fonctionner au mieux sur chaque plateforme et appareil. Les applications Office qui sont disponibles pour les utilisateurs Mac ou sur votre téléphone (en fonction du numéro de la version) peuvent être différentes de celles disponibles pour les utilisateurs PC."
        }
      },
      "id": "a410071c-9617-4273-ab61-cb6084d24b17",
      "createdTime": "2021-01-13T22:20:51.2381463Z",
      "updatedTime": "2021-01-13T22:20:51.2381463Z",
      "createdUserId": "f04d3cd9-b73d-4ba9-a1ed-9319eba29b21",
      "updatedUserId": "f04d3cd9-b73d-4ba9-a1ed-9319eba29b21"
    }
  ],
  "createdUtc": "0001-01-01T00:00:00Z"
}