{
  "intents": [
    {
      "triggerQueries": [
        "사용자 Meeting 미팅 모임 참여 취소 참석자 알림",
        "Meeting 미팅 모임 참여 참가 표시 보이나",
        "누군가 Meeting 미팅 모임 참여 알림",
        "참가자 Meeting 미팅 모임 참여 참가 퇴장 다른 참가자 알림",
        "한 참가자가 모임에 참여하거나 퇴장할 때 다른 참가자들이 알림을 받게 되나요?"
      ],
      "dialogId": "new_topic_ac3d0b179fc54f6d8df0ed6571f2d09c",
      "isTriggeringEnabled": true,
      "id": "new_topic_ac3d0b179fc54f6d8df0ed6571f2d09c",
      "displayName": "한 참가자가 모임에 참여하거나 퇴장할 때 다른 참가자들이 알림을 받게 되나요?",
      "description": "https://adoptbotv2kb.blob.core.windows.net/%24web/adoptbot2021-Korean.docx",
      "createdTime": "2021-03-18T03:39:18.7456548Z",
      "updatedTime": "2021-04-08T06:09:19.6236597Z",
      "createdUserId": "e47109d8-0300-4e59-a90d-56bb29886c9e",
      "updatedUserId": "e47109d8-0300-4e59-a90d-56bb29886c9e"
    }
  ],
  "dialogs": [
    {
      "rootNodeId": "ac342abb-26ed-4ea1-bb74-967104aac0db",
      "messageNodes": [
        {
          "botMessageId": "09cf37e8-c5b2-4584-8d7d-663460417235",
          "nodeType": "BotMessageNode",
          "id": "ac342abb-26ed-4ea1-bb74-967104aac0db",
          "defaultTargetNodeId": "e8601522-4447-4954-ad17-fca0d82bed6b"
        }
      ],
      "dialogChangeNodes": [
        {
          "targetDialogId": "new_topic_2bf23930c1d146129dfe38bacb94ccd0_aeabea4d071f415c8c107e1cb7af5424_assumedsuccess",
          "nodeType": "DialogChangeNode",
          "id": "e8601522-4447-4954-ad17-fca0d82bed6b"
        }
      ],
      "id": "new_topic_ac3d0b179fc54f6d8df0ed6571f2d09c",
      "displayName": "Dialog for 한 참가자가 모임에 참여하거나 퇴장할 때 다른 참가자들이 알림을 받게 되나요?",
      "createdTime": "2021-03-18T03:39:18.7456548Z",
      "updatedTime": "2021-03-18T03:39:18.7456548Z",
      "createdUserId": "e47109d8-0300-4e59-a90d-56bb29886c9e",
      "updatedUserId": "e47109d8-0300-4e59-a90d-56bb29886c9e"
    }
  ],
  "botMessages": [
    {
      "channelContent": {
        "web": {
          "contentFormat": "Markdown",
          "content": "기본 기능으로, 사용자가 연결할 때 참석자에게 알림이 전송됩니다. 이러한 설정을 변경하려면, [Teams 모임의 참가자 설정 변경을 참조하십시오.](https://support.microsoft.com/ko-kr/office/change-participant-settings-for-a-teams-meeting-53261366-dbd5-45f9-aae9-a70e6354f88e)"
        }
      },
      "id": "09cf37e8-c5b2-4584-8d7d-663460417235",
      "createdTime": "2021-03-18T03:39:18.7456548Z",
      "updatedTime": "2021-03-18T03:39:18.7456548Z",
      "createdUserId": "e47109d8-0300-4e59-a90d-56bb29886c9e",
      "updatedUserId": "e47109d8-0300-4e59-a90d-56bb29886c9e"
    }
  ],
  "createdUtc": "0001-01-01T00:00:00Z"
}