<botcomponent schemaname="new_topic_f98a24608ee04cb998de3e3e32703d5b_dbafebd526364487911b63a2a774389f">
  <componenttype>0</componenttype>
  <description>Lezione 3 - Questa lezione illustrerà come creare un argomento semplice con una diramazione condizionale, una variabile e un'entità.

Quando utilizzi le entità nell'argomento, il bot è in grado di estrapolare informazioni chiave da quanto viene digitato dall'utente e inserire in modo proattivo tali informazioni nelle variabili. Ad esempio, se l'utente pronuncia "Voglio comprare una macchina rossa," non devi chiedere di quale colore, poiché il bot riconosce l'entità colore in quello che l'utente ha digitato. Il bot salterà quindi la domanda che hai fatto sul colore. 

Puoi quindi utilizzare le entità per riconoscere un elenco specifico di opzioni. In questa lezione, identificheremo la città come entità e il bot riconoscerà qualsiasi stato italiano digitato dall'utente.</description>
  <iscustomizable>1</iscustomizable>
  <name>Lezione 3 - Un argomento con condizioni, variabili e un'entità pre-integrata</name>
  <statecode>0</statecode>
  <statuscode>1</statuscode>
</botcomponent>