{
  "intents": [
    {
      "triggerQueries": [
        "SharePoint 쉐어포인트 무엇",
        "쉐어포인트 설명 웹페이지 페이지 만들기",
        "SharePoint란?"
      ],
      "dialogId": "new_topic_3997720013b2464fa662e01354190422",
      "isTriggeringEnabled": true,
      "id": "new_topic_3997720013b2464fa662e01354190422",
      "displayName": "SharePoint란?",
      "description": "https://adoptbotv2kb.blob.core.windows.net/%24web/adoptbot2021-Korean.docx",
      "createdTime": "2021-03-18T03:39:18.7456548Z",
      "updatedTime": "2021-04-08T04:52:21.9603997Z",
      "createdUserId": "e47109d8-0300-4e59-a90d-56bb29886c9e",
      "updatedUserId": "e47109d8-0300-4e59-a90d-56bb29886c9e"
    }
  ],
  "dialogs": [
    {
      "rootNodeId": "986dd7a0-2f17-48b4-b739-b78188769efd",
      "messageNodes": [
        {
          "botMessageId": "9bd2b101-1fa7-48d5-b3a3-0c38c9420114",
          "nodeType": "BotMessageNode",
          "id": "d20ecf94-75fe-40c1-9732-a23f3a4d9920",
          "defaultTargetNodeId": "18ae2dcd-0a54-48d1-be97-4e14674b6c16"
        },
        {
          "botMessageId": "dcbb9611-ac7f-47b0-9482-b979d824f07d",
          "nodeType": "BotMessageNode",
          "id": "986dd7a0-2f17-48b4-b739-b78188769efd",
          "defaultTargetNodeId": "d20ecf94-75fe-40c1-9732-a23f3a4d9920"
        }
      ],
      "dialogChangeNodes": [
        {
          "targetDialogId": "new_topic_2bf23930c1d146129dfe38bacb94ccd0_aeabea4d071f415c8c107e1cb7af5424_assumedsuccess",
          "nodeType": "DialogChangeNode",
          "id": "18ae2dcd-0a54-48d1-be97-4e14674b6c16"
        }
      ],
      "id": "new_topic_3997720013b2464fa662e01354190422",
      "displayName": "Dialog for SharePoint란?",
      "createdTime": "2021-03-18T03:39:18.7456548Z",
      "updatedTime": "2021-04-08T04:52:01.9362024Z",
      "createdUserId": "e47109d8-0300-4e59-a90d-56bb29886c9e",
      "updatedUserId": "e47109d8-0300-4e59-a90d-56bb29886c9e"
    }
  ],
  "botMessages": [
    {
      "channelContent": {
        "web": {
          "contentFormat": "Markdown",
          "content": " 웹 브라우저만 있으면 됩니다.\n\n[SharePoint 제품 및 다운로드의 전체 목록을 참조하십시오.](https://support.office.com/ko-kr/article/What-is-SharePoint--97b915e6-651b-43b2-827d-fb25777f446f)"
        }
      },
      "id": "9bd2b101-1fa7-48d5-b3a3-0c38c9420114",
      "createdTime": "2021-03-18T03:39:18.7456548Z",
      "updatedTime": "2021-03-18T03:39:18.7456548Z",
      "createdUserId": "e47109d8-0300-4e59-a90d-56bb29886c9e",
      "updatedUserId": "e47109d8-0300-4e59-a90d-56bb29886c9e"
    },
    {
      "channelContent": {
        "web": {
          "contentFormat": "Markdown",
          "content": "SharePoint는 조직에서 웹 사이트를 만드는 데 사용됩니다. SharePoint는 거의 모든 장치에서 정보를 저장, 구성, 공유 및 접근하기 위한 안전한 장소로 사용할 수 있습니다."
        }
      },
      "id": "dcbb9611-ac7f-47b0-9482-b979d824f07d",
      "createdTime": "2021-04-08T04:51:35.737Z",
      "updatedTime": "2021-04-08T04:51:35.737Z",
      "createdUserId": "user-0",
      "updatedUserId": "user-0"
    }
  ],
  "createdUtc": "0001-01-01T00:00:00Z"
}