{
  "intents": [
    {
      "endUserOverrideName": "Teams opslag bestanden",
      "triggerQueries": [
        "wat is de maximale grootte van bestanden in teams",
        "hoe groot mag een teams bestand zijn",
        "hoe groot teams bestand",
        "bestanden grootte in TEams",
        "bestanden opgeslagen in Teams?",
        "Is er een beperking op bestanden die zijn opgeslagen in Teams?"
      ],
      "dialogId": "new_topic_ff6f305ab59943708e50f79ff144411a",
      "isTriggeringEnabled": true,
      "id": "new_topic_ff6f305ab59943708e50f79ff144411a",
      "displayName": "Is er een beperking op bestanden die zijn opgeslagen in Teams?",
      "description": "",
      "createdTime": "2021-03-22T08:37:10.3206683Z",
      "updatedTime": "2021-03-22T08:37:45.776609Z",
      "createdUserId": "c1e90dc0-1df0-459d-8164-0dcb7915deaf"
    }
  ],
  "dialogs": [
    {
      "rootNodeId": "c3424f31-26f7-40eb-b501-924f40acfaae",
      "messageNodes": [
        {
          "botMessageId": "764b79ed-5e7d-4f3d-99d3-93260baa1ae7",
          "nodeType": "BotMessageNode",
          "id": "c3424f31-26f7-40eb-b501-924f40acfaae",
          "defaultTargetNodeId": "45476cb5-ba1b-4fdd-a713-ae0497ab088c"
        },
        {
          "botMessageId": "ff882e56-e2e9-4650-b2bb-f5eba5ef2d0b",
          "nodeType": "BotMessageNode",
          "id": "45476cb5-ba1b-4fdd-a713-ae0497ab088c",
          "defaultTargetNodeId": "d17e065d-5604-45c2-9ba7-c561544289e1"
        }
      ],
      "dialogChangeNodes": [
        {
          "targetDialogId": "new_topic_9d295c394a47419da3b4d205b7ed4c20_aeabea4d071f415c8c107e1cb7af5424_assumedsuccess",
          "nodeType": "DialogChangeNode",
          "id": "d17e065d-5604-45c2-9ba7-c561544289e1"
        }
      ],
      "id": "new_topic_ff6f305ab59943708e50f79ff144411a",
      "displayName": "Dialog for Is er een beperking op bestanden die zijn opgeslagen in Teams?",
      "createdTime": "2021-03-22T08:37:10.3206683Z",
      "updatedTime": "2021-03-29T21:43:44.2950897Z",
      "createdUserId": "c1e90dc0-1df0-459d-8164-0dcb7915deaf",
      "updatedUserId": "c1e90dc0-1df0-459d-8164-0dcb7915deaf"
    }
  ],
  "botMessages": [
    {
      "channelContent": {
        "web": {
          "contentFormat": "Markdown",
          "content": "File upload limiet is 250 GB per bestand (Maart 2021). Teams heeft een SharePoint online back end. [Meer info over Teams bestanden.](https://docs.microsoft.com/nl-nl/microsoftteams/limits-specifications-teams#storage)"
        }
      },
      "id": "764b79ed-5e7d-4f3d-99d3-93260baa1ae7",
      "createdTime": "2021-03-22T08:37:10.3206683Z",
      "updatedTime": "2021-03-22T08:37:10.3206683Z",
      "createdUserId": "c1e90dc0-1df0-459d-8164-0dcb7915deaf",
      "updatedUserId": "c1e90dc0-1df0-459d-8164-0dcb7915deaf"
    },
    {
      "channelContent": {
        "web": {
          "contentFormat": "Markdown",
          "content": "[Samenwerken aan bestanden in Microsoft teams](https://support.microsoft.com/nl-nl/topic/samenwerken-aan-bestanden-in-microsoft-teams-9b200289-dbac-4823-85bd-628a5c7bb0ae)"
        }
      },
      "id": "ff882e56-e2e9-4650-b2bb-f5eba5ef2d0b",
      "createdTime": "2021-03-29T21:42:34.688Z",
      "updatedTime": "2021-03-29T21:42:34.688Z",
      "createdUserId": "user-0",
      "updatedUserId": "user-0"
    }
  ],
  "createdUtc": "0001-01-01T00:00:00Z"
}