{
  "intents": [
    {
      "triggerQueries": [
        "kanal vs. chat",
        "team vs. kanal",
        "Hva er forskjellen mellom team og kanal?",
        "Team og kanaler",
        "Hva er en kanal?",
        "Hva er et team?",
        "Hva er et team og en kanal?"
      ],
      "dialogId": "new_topic_ff46631a11c5449f9fe9e2f889adba1c",
      "isTriggeringEnabled": true,
      "id": "new_topic_ff46631a11c5449f9fe9e2f889adba1c",
      "displayName": "Hva er et team og en kanal?",
      "description": "https://norwegianteams.blob.core.windows.net/norwegian-container/TIMA QA P19.docx",
      "createdTime": "2021-03-24T20:09:21.5442661Z",
      "updatedTime": "2021-04-16T09:54:10.9593585Z",
      "createdUserId": "ef0c8b9a-eff1-49f8-92fa-fd1d3e15e1ba",
      "updatedUserId": "ef0c8b9a-eff1-49f8-92fa-fd1d3e15e1ba"
    }
  ],
  "dialogs": [
    {
      "rootNodeId": "efa5dd3a-c4ac-45a0-a658-42b1d4c1dcc9",
      "messageNodes": [
        {
          "botMessageId": "134e97f9-87be-481d-beca-7e3a86f7d1d2",
          "nodeType": "BotMessageNode",
          "id": "efa5dd3a-c4ac-45a0-a658-42b1d4c1dcc9",
          "defaultTargetNodeId": "11d9722c-d020-4353-b37d-375da172bf20"
        },
        {
          "botMessageId": "53883554-292b-44a3-bc42-1ff69d151bee",
          "nodeType": "BotMessageNode",
          "id": "11d9722c-d020-4353-b37d-375da172bf20",
          "defaultTargetNodeId": "a00ef7c5-93af-4c69-8970-1e61857e486f"
        },
        {
          "botMessageId": "15ca1f60-94fd-4f19-a651-307856b128c7",
          "nodeType": "BotMessageNode",
          "id": "a00ef7c5-93af-4c69-8970-1e61857e486f",
          "defaultTargetNodeId": "baaaa065-5b16-4660-9cfb-4b9e73dd3d93"
        }
      ],
      "dialogChangeNodes": [
        {
          "targetDialogId": "new_topic_89c49d37fd4c4c1c9144396960733ce1_aeabea4d071f415c8c107e1cb7af5424_assumedsuccess",
          "nodeType": "DialogChangeNode",
          "id": "baaaa065-5b16-4660-9cfb-4b9e73dd3d93"
        }
      ],
      "id": "new_topic_ff46631a11c5449f9fe9e2f889adba1c",
      "displayName": "Dialog for Hva er et team og en kanal?",
      "createdTime": "2021-03-24T20:09:21.5442661Z",
      "updatedTime": "2021-04-16T09:54:51.7568648Z",
      "createdUserId": "ef0c8b9a-eff1-49f8-92fa-fd1d3e15e1ba",
      "updatedUserId": "ef0c8b9a-eff1-49f8-92fa-fd1d3e15e1ba"
    }
  ],
  "botMessages": [
    {
      "channelContent": {
        "web": {
          "contentFormat": "Markdown",
          "content": "Et **team** er en samling av folk, samtaler, filer og verktøy – alt samlet ett sted."
        }
      },
      "id": "134e97f9-87be-481d-beca-7e3a86f7d1d2",
      "createdTime": "2021-03-24T20:09:21.5442661Z",
      "updatedTime": "2021-03-24T20:09:21.5442661Z",
      "createdUserId": "ef0c8b9a-eff1-49f8-92fa-fd1d3e15e1ba",
      "updatedUserId": "ef0c8b9a-eff1-49f8-92fa-fd1d3e15e1ba"
    },
    {
      "channelContent": {
        "web": {
          "contentFormat": "Markdown",
          "content": "Et team består av en eller flere **kanaler**, der du finner samtalene du har med andre teammedlemmer. Hver kanal er dedikert til et bestemt emne, en bestemt avdeling eller et bestemt _langsiktig_ prosjekt.\n\n1.  Velg Teams på venstre side av appen, og velg så et team.\n2.  Velg en kanal, og utforsk Samtaler, Filer og andre faner. Hvis du vil ha mer informasjon, kan du se [Team og kanaler](https://support.microsoft.com/nb-no/office/oversikt-over-team-og-kanaler-c3d63c10-77d5-4204-a566-53ddcf723b46) ."
        }
      },
      "id": "53883554-292b-44a3-bc42-1ff69d151bee",
      "createdTime": "2021-03-26T09:17:54.889Z",
      "updatedTime": "2021-03-26T09:17:54.889Z",
      "createdUserId": "user-0",
      "updatedUserId": "user-0"
    },
    {
      "channelContent": {
        "web": {
          "contentFormat": "Markdown",
          "content": "I kanalene kan man også holde [møter](https://support.microsoft.com/nb-no/office/planlegge-et-m%C3%B8te-i-teams-943507a9-8583-4c58-b5d2-8ec8265e04e5) og [legge til apper](https://support.microsoft.com/nb-no/office/legge-til-en-app-i-microsoft-teams-b2217706-f7ed-4e64-8e96-c413afd02f77?ui=nb-NO&rs=nb-NO&ad=NO) ."
        }
      },
      "id": "15ca1f60-94fd-4f19-a651-307856b128c7",
      "createdTime": "2021-03-26T09:18:47.708Z",
      "updatedTime": "2021-03-26T09:18:47.708Z",
      "createdUserId": "user-0",
      "updatedUserId": "user-0"
    }
  ],
  "createdUtc": "0001-01-01T00:00:00Z"
}