<botcomponent schemaname="new_topic_e2d1671328b941dbb60fa7150059b1ee_85df75ce08a44a9b82cc8f3fdb25f669">
  <componenttype>0</componenttype>
  <description>第 4 課 - 本課程將繼續指導您如何使用一個條件分支、變數和自訂實體，建立一個主題。

尤其這將允許實體繞過後續的問題。例如，嘗試用「我想要一台商務筆記型電腦」進行測試。</description>
  <iscustomizable>1</iscustomizable>
  <name>第 4 課 - 包含條件、變數和自訂實體的主題。</name>
  <statecode>0</statecode>
  <statuscode>1</statuscode>
</botcomponent>