{
  "intents": [
    {
      "intentType": "Regular",
      "triggerQueries": [
        "What happens when I mention someone by name in Teams?",
        "mention someone with @",
        "Name anyone with @mention?",
        "what happens when someone @ mentions me?",
        "Why use @name?",
        "@mention someone",
        "@name what does that mean?",
        "How does it work if someone mentions my name in Teams?",
        "What does it mean to be @mentioned?"
      ],
      "dialogId": "new_topic_a143ae6521d24366af9d326dc3587df1",
      "isTriggeringEnabled": true,
      "id": "new_topic_a143ae6521d24366af9d326dc3587df1",
      "displayName": "What does it mean to be @mentioned?",
      "description": "https://adoptbotv2kb.blob.core.windows.net/%24web/AdoptBot2021-English.docx",
      "createdTime": "2021-01-13T22:20:51.2371466Z",
      "updatedTime": "2021-01-27T18:10:29.1466261Z",
      "createdUserId": "f04d3cd9-b73d-4ba9-a1ed-9319eba29b21",
      "updatedUserId": "f04d3cd9-b73d-4ba9-a1ed-9319eba29b21"
    }
  ],
  "dialogs": [
    {
      "rootNodeId": "3ba9b6f5-f7c9-4f51-bf96-8d7ca189e814",
      "messageNodes": [
        {
          "botMessageId": "0ae2e59b-0151-493e-b7ae-c5d850793c47",
          "nodeType": "BotMessageNode",
          "id": "3ba9b6f5-f7c9-4f51-bf96-8d7ca189e814",
          "defaultTargetNodeId": "154fd439-a20f-4a36-8f62-446a60698f43"
        },
        {
          "botMessageId": "fd1fc485-81af-466e-9d0c-c2f8e3fcaedc",
          "nodeType": "BotMessageNode",
          "id": "154fd439-a20f-4a36-8f62-446a60698f43",
          "defaultTargetNodeId": "1146dde1-70f2-4115-91cb-65e6dda966c8"
        },
        {
          "botMessageId": "7a3bbf82-e3ce-47a6-8bc5-44fdff0d64f9",
          "nodeType": "BotMessageNode",
          "id": "1146dde1-70f2-4115-91cb-65e6dda966c8",
          "defaultTargetNodeId": "85d09123-c628-41e0-988e-f53e5009af33"
        }
      ],
      "dialogChangeNodes": [
        {
          "targetDialogId": "new_topic_eac3f49c99664313a9d9dc19d80a79a2_aeabea4d071f415c8c107e1cb7af5424_assumedsuccess",
          "nodeType": "DialogChangeNode",
          "id": "85d09123-c628-41e0-988e-f53e5009af33"
        }
      ],
      "id": "new_topic_a143ae6521d24366af9d326dc3587df1",
      "displayName": "Dialog for What does it mean to be @mentioned?",
      "createdTime": "2021-01-13T22:20:51.2371466Z",
      "updatedTime": "2021-01-27T18:14:13.4020191Z",
      "createdUserId": "f04d3cd9-b73d-4ba9-a1ed-9319eba29b21",
      "updatedUserId": "f04d3cd9-b73d-4ba9-a1ed-9319eba29b21"
    }
  ],
  "botMessages": [
    {
      "channelContent": {
        "web": {
          "contentFormat": "Markdown",
          "content": "Being @mentioned is like a gentle tap on your shoulder, a way to get your attention in a channel conversation or chat. [Use @mentions to get someone's attention in Teams](https://support.microsoft.com/en-us/office/use-mentions-to-get-someone-s-attention-in-teams-eb4f059d-320e-454e-b111-03361d4d6855)"
        }
      },
      "id": "0ae2e59b-0151-493e-b7ae-c5d850793c47",
      "createdTime": "2021-01-13T22:20:51.2371466Z",
      "updatedTime": "2021-01-13T22:20:51.2371466Z",
      "createdUserId": "f04d3cd9-b73d-4ba9-a1ed-9319eba29b21",
      "updatedUserId": "f04d3cd9-b73d-4ba9-a1ed-9319eba29b21"
    },
    {
      "channelContent": {
        "web": {
          "contentFormat": "Markdown",
          "content": "**To @mention someone**\n\n1.  Type ‘@’ or someone's name in the compose box. \n2.  Select their name from the menu that appears."
        }
      },
      "id": "fd1fc485-81af-466e-9d0c-c2f8e3fcaedc",
      "createdTime": "2021-01-27T18:11:44.96Z",
      "updatedTime": "2021-01-27T18:11:44.96Z",
      "createdUserId": "user-0",
      "updatedUserId": "user-0"
    },
    {
      "channelContent": {
        "web": {
          "contentFormat": "Markdown",
          "content": "If you ever feel a little **overwhelmed** by all your @mentions, you can always [filter your Activity feed](https://support.microsoft.com/en-us/office/explore-the-activity-feed-in-teams-91c635a1-644a-4c60-9c98-233db3e13a56) to help sort them out."
        }
      },
      "id": "7a3bbf82-e3ce-47a6-8bc5-44fdff0d64f9",
      "createdTime": "2021-01-27T18:14:07.378Z",
      "updatedTime": "2021-01-27T18:14:07.378Z",
      "createdUserId": "user-0",
      "updatedUserId": "user-0"
    }
  ]
}