{
  "intents": [
    {
      "endUserOverrideName": "Co to jest SharePoint?",
      "triggerQueries": [
        "Czym jest SharePoint?",
        "tworzenie strony programu SharePoint",
        "webpages w programie sharepoint",
        "Wyjaśnienie programu SharePoint",
        "Czy możesz opisać Sharepoint",
        "Sharepoint?",
        "Co to jest SharePoint?"
      ],
      "dialogId": "new_topic_de4dcc01c77e41a7b35571dd35aa5bbe",
      "isTriggeringEnabled": true,
      "id": "new_topic_de4dcc01c77e41a7b35571dd35aa5bbe",
      "displayName": "Czym jest SharePoint?",
      "description": "",
      "createdTime": "2021-09-26T17:57:27.484827Z",
      "updatedTime": "2021-10-24T20:37:01.4495209Z",
      "createdUserId": "28fac8cb-bec7-48c9-a688-5024cf318b8a",
      "updatedUserId": "28fac8cb-bec7-48c9-a688-5024cf318b8a"
    }
  ],
  "dialogs": [
    {
      "rootNodeId": "8f5219bb-7467-4e04-9596-75640ecb5f39",
      "messageNodes": [
        {
          "botMessageId": "ba14a6e6-95df-4b15-917d-ab6d5bd5ede0",
          "nodeType": "BotMessageNode",
          "id": "8f5219bb-7467-4e04-9596-75640ecb5f39",
          "defaultTargetNodeId": "a800a6d1-46b9-4a14-8dea-73ba4f49aeda"
        }
      ],
      "dialogChangeNodes": [
        {
          "targetDialogId": "new_topic_d4ee79ce05584b519ee7d416fda7e2a3_aeabea4d071f415c8c107e1cb7af5424_assumedsuccess",
          "nodeType": "DialogChangeNode",
          "id": "a800a6d1-46b9-4a14-8dea-73ba4f49aeda"
        }
      ],
      "id": "new_topic_de4dcc01c77e41a7b35571dd35aa5bbe",
      "displayName": "Dialog for Co to jest SharePoint?",
      "createdTime": "2021-09-26T17:57:27.484827Z",
      "updatedTime": "2021-09-26T17:58:11.344493Z",
      "createdUserId": "28fac8cb-bec7-48c9-a688-5024cf318b8a",
      "updatedUserId": "28fac8cb-bec7-48c9-a688-5024cf318b8a"
    }
  ],
  "botMessages": [
    {
      "channelContent": {
        "web": {
          "contentFormat": "Markdown",
          "content": "Program SharePoint jest używany przez organizacje do tworzenia portali intranetowych i witryn webowych. Program SharePoint można używać jako bezpiecznego miejsca do przechowywania, organizowania, udostępniania i uzyskiwania dostępu do informacji z niemal każdego urządzenia. Wszystko, czego potrzebujesz, to przeglądarka internetowa.\n\nZobacz [pełną listę możliwości programu Sharepoint](https://support.microsoft.com/pl-pl/office/co-to-jest-program-sharepoint-97b915e6-651b-43b2-827d-fb25777f446f)."
        }
      },
      "id": "ba14a6e6-95df-4b15-917d-ab6d5bd5ede0",
      "createdTime": "2021-09-26T17:57:27.484827Z",
      "updatedTime": "2021-09-26T17:57:27.484827Z",
      "createdUserId": "28fac8cb-bec7-48c9-a688-5024cf318b8a",
      "updatedUserId": "28fac8cb-bec7-48c9-a688-5024cf318b8a"
    }
  ]
}