<bot_botcomponentset>
  <bot_botcomponent botcomponentid.schemaname="new_topic_f770fb1364f34235819d02ff7f1bc22e" botid.schemaname="new_bot_89c49d37fd4c4c1c9144396960733ce1">
    <iscustomizable>1</iscustomizable>
  </bot_botcomponent>
  <bot_botcomponent botcomponentid.schemaname="new_topic_96a66e0a27a74d04b412ae1ad62d8fa5" botid.schemaname="new_bot_89c49d37fd4c4c1c9144396960733ce1">
    <iscustomizable>1</iscustomizable>
  </bot_botcomponent>
  <bot_botcomponent botid.schemaname="new_bot_89c49d37fd4c4c1c9144396960733ce1" botcomponentid.schemaname="new_topic_cd1875484d7f4f958877af7aeaf340b5">
    <iscustomizable>1</iscustomizable>
  </bot_botcomponent>
  <bot_botcomponent botcomponentid.schemaname="new_topic_3c32bda5d1c6406ca48ea8ae885d5fc5" botid.schemaname="new_bot_89c49d37fd4c4c1c9144396960733ce1">
    <iscustomizable>1</iscustomizable>
  </bot_botcomponent>
  <bot_botcomponent botcomponentid.schemaname="new_topic_f7a90a0b55bb4048bd78895ae22b3999" botid.schemaname="new_bot_89c49d37fd4c4c1c9144396960733ce1">
    <iscustomizable>1</iscustomizable>
  </bot_botcomponent>
  <bot_botcomponent botid.schemaname="new_bot_89c49d37fd4c4c1c9144396960733ce1" botcomponentid.schemaname="new_topic_2d217d2cc0fe40a09b0d2c507a71d37e">
    <iscustomizable>1</iscustomizable>
  </bot_botcomponent>
  <bot_botcomponent botid.schemaname="new_bot_89c49d37fd4c4c1c9144396960733ce1" botcomponentid.schemaname="new_topic_0fbdcf19c310425fba7de5a3956eb7da">
    <iscustomizable>1</iscustomizable>
  </bot_botcomponent>
  <bot_botcomponent botcomponentid.schemaname="new_topic_06cd2d999a58433e9f83f6860ccaabbf" botid.schemaname="new_bot_89c49d37fd4c4c1c9144396960733ce1">
    <iscustomizable>1</iscustomizable>
  </bot_botcomponent>
  <bot_botcomponent botid.schemaname="new_bot_89c49d37fd4c4c1c9144396960733ce1" botcomponentid.schemaname="new_topic_22835772dec74455a6a0fa040b7b128e">
    <iscustomizable>1</iscustomizable>
  </bot_botcomponent>
  <bot_botcomponent botcomponentid.schemaname="new_topic_bd8e4045e2084c95889d869a27090d3a" botid.schemaname="new_bot_89c49d37fd4c4c1c9144396960733ce1">
    <iscustomizable>1</iscustomizable>
  </bot_botcomponent>
  <bot_botcomponent botcomponentid.schemaname="new_topic_199425d183ad4a89ba830e1a7bb2ddbc" botid.schemaname="new_bot_89c49d37fd4c4c1c9144396960733ce1">
    <iscustomizable>1</iscustomizable>
  </bot_botcomponent>
  <bot_botcomponent botcomponentid.schemaname="new_topic_5237ec69dbfa4eabb6634acd67a71394" botid.schemaname="new_bot_89c49d37fd4c4c1c9144396960733ce1">
    <iscustomizable>1</iscustomizable>
  </bot_botcomponent>
  <bot_botcomponent botcomponentid.schemaname="new_topic_f45e3e0c4fd04df29fa246f04b5f4b81" botid.schemaname="new_bot_89c49d37fd4c4c1c9144396960733ce1">
    <iscustomizable>1</iscustomizable>
  </bot_botcomponent>
  <bot_botcomponent botcomponentid.schemaname="new_topic_7c1f4a4fb02c40779e687926ad6b07a8" botid.schemaname="new_bot_89c49d37fd4c4c1c9144396960733ce1">
    <iscustomizable>1</iscustomizable>
  </bot_botcomponent>
  <bot_botcomponent botcomponentid.schemaname="new_topic_be2222fb29364a679e300bd618c77c1a" botid.schemaname="new_bot_89c49d37fd4c4c1c9144396960733ce1">
    <iscustomizable>1</iscustomizable>
  </bot_botcomponent>
  <bot_botcomponent botcomponentid.schemaname="new_topic_04e5195df8ae40048521c0460c22def8" botid.schemaname="new_bot_89c49d37fd4c4c1c9144396960733ce1">
    <iscustomizable>1</iscustomizable>
  </bot_botcomponent>
  <bot_botcomponent botid.schemaname="new_bot_89c49d37fd4c4c1c9144396960733ce1" botcomponentid.schemaname="new_topic_8f5e8c6ddf87406f8c6e7d2f464559d1">
    <iscustomizable>1</iscustomizable>
  </bot_botcomponent>
  <bot_botcomponent botcomponentid.schemaname="new_topic_e4f20cf224454f45a57a5fdad4cdaae4" botid.schemaname="new_bot_89c49d37fd4c4c1c9144396960733ce1">
    <iscustomizable>1</iscustomizable>
  </bot_botcomponent>
  <bot_botcomponent botid.schemaname="new_bot_89c49d37fd4c4c1c9144396960733ce1" botcomponentid.schemaname="new_topic_87c2b53f78e841ffa8a6d4c2552ea889">
    <iscustomizable>1</iscustomizable>
  </bot_botcomponent>
  <bot_botcomponent botcomponentid.schemaname="new_topic_671fd4fcf89b4b049e6ae92a3f2268e2" botid.schemaname="new_bot_89c49d37fd4c4c1c9144396960733ce1">
    <iscustomizable>1</iscustomizable>
  </bot_botcomponent>
  <bot_botcomponent botcomponentid.schemaname="new_topic_fc2f7e3d53c34cf484e22a4fa05af581" botid.schemaname="new_bot_89c49d37fd4c4c1c9144396960733ce1">
    <iscustomizable>1</iscustomizable>
  </bot_botcomponent>
  <bot_botcomponent botcomponentid.schemaname="new_topic_7af88da45cb34a4a9aeee7ee23b41934" botid.schemaname="new_bot_89c49d37fd4c4c1c9144396960733ce1">
    <iscustomizable>1</iscustomizable>
  </bot_botcomponent>
  <bot_botcomponent botcomponentid.schemaname="new_topic_51b258800efb4999a824bef3299f525e" botid.schemaname="new_bot_89c49d37fd4c4c1c9144396960733ce1">
    <iscustomizable>1</iscustomizable>
  </bot_botcomponent>
  <bot_botcomponent botid.schemaname="new_bot_89c49d37fd4c4c1c9144396960733ce1" botcomponentid.schemaname="new_topic_91381b6a3f5b4e66b3b43e4fa73dc896">
    <iscustomizable>1</iscustomizable>
  </bot_botcomponent>
  <bot_botcomponent botcomponentid.schemaname="new_topic_cc3f7b085cb94b6788c6ee62ff035711" botid.schemaname="new_bot_89c49d37fd4c4c1c9144396960733ce1">
    <iscustomizable>1</iscustomizable>
  </bot_botcomponent>
  <bot_botcomponent botcomponentid.schemaname="new_topic_732c1e6c3e9049c69d6e22557ca63bb4" botid.schemaname="new_bot_89c49d37fd4c4c1c9144396960733ce1">
    <iscustomizable>1</iscustomizable>
  </bot_botcomponent>
  <bot_botcomponent botid.schemaname="new_bot_89c49d37fd4c4c1c9144396960733ce1" botcomponentid.schemaname="new_topic_861c03b43a4f4492969c739e0790bbcf">
    <iscustomizable>1</iscustomizable>
  </bot_botcomponent>
  <bot_botcomponent botid.schemaname="new_bot_89c49d37fd4c4c1c9144396960733ce1" botcomponentid.schemaname="new_topic_e1c29fc168f94409a31ddab83ce2a726">
    <iscustomizable>1</iscustomizable>
  </bot_botcomponent>
  <bot_botcomponent botid.schemaname="new_bot_89c49d37fd4c4c1c9144396960733ce1" botcomponentid.schemaname="new_topic_1506364febf444be8b25f2bcae9f46cb">
    <iscustomizable>1</iscustomizable>
  </bot_botcomponent>
  <bot_botcomponent botcomponentid.schemaname="new_topic_718db602cdff45c0a5d3a192b4411cf9" botid.schemaname="new_bot_89c49d37fd4c4c1c9144396960733ce1">
    <iscustomizable>1</iscustomizable>
  </bot_botcomponent>
  <bot_botcomponent botcomponentid.schemaname="new_topic_b237b450e2714bfa8f5db73be54d5953" botid.schemaname="new_bot_89c49d37fd4c4c1c9144396960733ce1">
    <iscustomizable>1</iscustomizable>
  </bot_botcomponent>
  <bot_botcomponent botid.schemaname="new_bot_89c49d37fd4c4c1c9144396960733ce1" botcomponentid.schemaname="new_topic_6333f7408cd64cc88fd043eed40c0f49">
    <iscustomizable>1</iscustomizable>
  </bot_botcomponent>
  <bot_botcomponent botid.schemaname="new_bot_89c49d37fd4c4c1c9144396960733ce1" botcomponentid.schemaname="new_topic_49baa21557fe48ea8843420ff55459d1">
    <iscustomizable>1</iscustomizable>
  </bot_botcomponent>
  <bot_botcomponent botcomponentid.schemaname="new_topic_fdb78206634e4d0cbd686ba66fe143f1" botid.schemaname="new_bot_89c49d37fd4c4c1c9144396960733ce1">
    <iscustomizable>1</iscustomizable>
  </bot_botcomponent>
  <bot_botcomponent botcomponentid.schemaname="new_topic_ef1067638e2745f1b3d9cdc05faacb3d" botid.schemaname="new_bot_89c49d37fd4c4c1c9144396960733ce1">
    <iscustomizable>1</iscustomizable>
  </bot_botcomponent>
  <bot_botcomponent botid.schemaname="new_bot_89c49d37fd4c4c1c9144396960733ce1" botcomponentid.schemaname="new_topic_6038f7d779334fe49d01f68e7ac46c7e">
    <iscustomizable>1</iscustomizable>
  </bot_botcomponent>
  <bot_botcomponent botcomponentid.schemaname="new_topic_3ee1ffdbb5f5448f83c4e867bdfe087b" botid.schemaname="new_bot_89c49d37fd4c4c1c9144396960733ce1">
    <iscustomizable>1</iscustomizable>
  </bot_botcomponent>
  <bot_botcomponent botcomponentid.schemaname="new_topic_48312a6ac72c4646a095af26f10cc208" botid.schemaname="new_bot_89c49d37fd4c4c1c9144396960733ce1">
    <iscustomizable>1</iscustomizable>
  </bot_botcomponent>
  <bot_botcomponent botid.schemaname="new_bot_89c49d37fd4c4c1c9144396960733ce1" botcomponentid.schemaname="new_topic_873127988e4a4b0fa3eb10986ee36867">
    <iscustomizable>1</iscustomizable>
  </bot_botcomponent>
  <bot_botcomponent botcomponentid.schemaname="new_topic_0c1a325b2cd3461aa8156c119b366a15" botid.schemaname="new_bot_89c49d37fd4c4c1c9144396960733ce1">
    <iscustomizable>1</iscustomizable>
  </bot_botcomponent>
  <bot_botcomponent botid.schemaname="new_bot_89c49d37fd4c4c1c9144396960733ce1" botcomponentid.schemaname="new_topic_37b9968da6ec4910809aab537ff86a61">
    <iscustomizable>1</iscustomizable>
  </bot_botcomponent>
  <bot_botcomponent botid.schemaname="new_bot_89c49d37fd4c4c1c9144396960733ce1" botcomponentid.schemaname="new_topic_676ee8b3c173422c98321fb1ccfc89f2">
    <iscustomizable>1</iscustomizable>
  </bot_botcomponent>
  <bot_botcomponent botcomponentid.schemaname="new_topic_b020692f172547bfa308e447a47124b5" botid.schemaname="new_bot_89c49d37fd4c4c1c9144396960733ce1">
    <iscustomizable>1</iscustomizable>
  </bot_botcomponent>
  <bot_botcomponent botcomponentid.schemaname="new_topic_c7269d413fc14c50a002ed3524447c06" botid.schemaname="new_bot_89c49d37fd4c4c1c9144396960733ce1">
    <iscustomizable>1</iscustomizable>
  </bot_botcomponent>
  <bot_botcomponent botid.schemaname="new_bot_89c49d37fd4c4c1c9144396960733ce1" botcomponentid.schemaname="new_topic_8e34e4521e9d404d9d131d658517290f">
    <iscustomizable>1</iscustomizable>
  </bot_botcomponent>
  <bot_botcomponent botid.schemaname="new_bot_89c49d37fd4c4c1c9144396960733ce1" botcomponentid.schemaname="new_topic_2e75c10943c0450ba5612f1ccd8caedc">
    <iscustomizable>1</iscustomizable>
  </bot_botcomponent>
  <bot_botcomponent botcomponentid.schemaname="new_topic_82c67033278e41b2a6c6ab0044c03319" botid.schemaname="new_bot_89c49d37fd4c4c1c9144396960733ce1">
    <iscustomizable>1</iscustomizable>
  </bot_botcomponent>
  <bot_botcomponent botcomponentid.schemaname="new_topic_e29295c407a6499d8f18d1fe9566c6a2" botid.schemaname="new_bot_89c49d37fd4c4c1c9144396960733ce1">
    <iscustomizable>1</iscustomizable>
  </bot_botcomponent>
  <bot_botcomponent botcomponentid.schemaname="new_topic_8bc5ca2cc91c4ae08add9d25e02628cd" botid.schemaname="new_bot_89c49d37fd4c4c1c9144396960733ce1">
    <iscustomizable>1</iscustomizable>
  </bot_botcomponent>
  <bot_botcomponent botcomponentid.schemaname="new_topic_9cc137e43f74494fbf9428af8d15e804" botid.schemaname="new_bot_89c49d37fd4c4c1c9144396960733ce1">
    <iscustomizable>1</iscustomizable>
  </bot_botcomponent>
  <bot_botcomponent botid.schemaname="new_bot_89c49d37fd4c4c1c9144396960733ce1" botcomponentid.schemaname="new_topic_d15bbefa5318491e864e2473701a5cd5">
    <iscustomizable>1</iscustomizable>
  </bot_botcomponent>
  <bot_botcomponent botid.schemaname="new_bot_89c49d37fd4c4c1c9144396960733ce1" botcomponentid.schemaname="new_topic_828176fc3fec4d37925b5bcf5de69a1c">
    <iscustomizable>1</iscustomizable>
  </bot_botcomponent>
  <bot_botcomponent botcomponentid.schemaname="new_topic_cea85c22c3474a12ab8f5816b646a9fa" botid.schemaname="new_bot_89c49d37fd4c4c1c9144396960733ce1">
    <iscustomizable>1</iscustomizable>
  </bot_botcomponent>
  <bot_botcomponent botid.schemaname="new_bot_89c49d37fd4c4c1c9144396960733ce1" botcomponentid.schemaname="new_topic_77036f14c510454089a682dd4969038c">
    <iscustomizable>1</iscustomizable>
  </bot_botcomponent>
  <bot_botcomponent botcomponentid.schemaname="new_topic_e7c636ab58a04c989b880658c4720932" botid.schemaname="new_bot_89c49d37fd4c4c1c9144396960733ce1">
    <iscustomizable>1</iscustomizable>
  </bot_botcomponent>
  <bot_botcomponent botid.schemaname="new_bot_89c49d37fd4c4c1c9144396960733ce1" botcomponentid.schemaname="new_topic_350677cd64c84583abe9af2db40e0c0d">
    <iscustomizable>1</iscustomizable>
  </bot_botcomponent>
  <bot_botcomponent botcomponentid.schemaname="new_topic_495749173c5846ba9bf5378d714315b1" botid.schemaname="new_bot_89c49d37fd4c4c1c9144396960733ce1">
    <iscustomizable>1</iscustomizable>
  </bot_botcomponent>
  <bot_botcomponent botcomponentid.schemaname="new_topic_08e6e59dabf4471e9e2e5bcda590548a" botid.schemaname="new_bot_89c49d37fd4c4c1c9144396960733ce1">
    <iscustomizable>1</iscustomizable>
  </bot_botcomponent>
  <bot_botcomponent botid.schemaname="new_bot_89c49d37fd4c4c1c9144396960733ce1" botcomponentid.schemaname="new_topic_cc54eadc49d3406aa17bf444752f06f0">
    <iscustomizable>1</iscustomizable>
  </bot_botcomponent>
  <bot_botcomponent botcomponentid.schemaname="new_topic_7a39e76c58484dc9965cab1a682801e6" botid.schemaname="new_bot_89c49d37fd4c4c1c9144396960733ce1">
    <iscustomizable>1</iscustomizable>
  </bot_botcomponent>
  <bot_botcomponent botcomponentid.schemaname="new_topic_d00b6b86eff84102a47f297b501e6a16" botid.schemaname="new_bot_89c49d37fd4c4c1c9144396960733ce1">
    <iscustomizable>1</iscustomizable>
  </bot_botcomponent>
  <bot_botcomponent botid.schemaname="new_bot_89c49d37fd4c4c1c9144396960733ce1" botcomponentid.schemaname="new_topic_692bbc455ce44ef8824624df08d6259c">
    <iscustomizable>1</iscustomizable>
  </bot_botcomponent>
  <bot_botcomponent botid.schemaname="new_bot_89c49d37fd4c4c1c9144396960733ce1" botcomponentid.schemaname="new_topic_89c49d37fd4c4c1c9144396960733ce1_8a4964498f83424bb3a86295bf7d0952_startover">
    <iscustomizable>1</iscustomizable>
  </bot_botcomponent>
  <bot_botcomponent botid.schemaname="new_bot_89c49d37fd4c4c1c9144396960733ce1" botcomponentid.schemaname="new_topic_ccc02107ab1d4bffbb73aa4f040bc454">
    <iscustomizable>1</iscustomizable>
  </bot_botcomponent>
  <bot_botcomponent botcomponentid.schemaname="new_topic_89c49d37fd4c4c1c9144396960733ce1_3d2584ec30914684839527e05e7be172_thankyou" botid.schemaname="new_bot_89c49d37fd4c4c1c9144396960733ce1">
    <iscustomizable>1</iscustomizable>
  </bot_botcomponent>
  <bot_botcomponent botcomponentid.schemaname="new_topic_39cb69a442244e809b981f2a88be6c40" botid.schemaname="new_bot_89c49d37fd4c4c1c9144396960733ce1">
    <iscustomizable>1</iscustomizable>
  </bot_botcomponent>
  <bot_botcomponent botcomponentid.schemaname="new_topic_3267a057e167444cb2e5b1a783f6778e" botid.schemaname="new_bot_89c49d37fd4c4c1c9144396960733ce1">
    <iscustomizable>1</iscustomizable>
  </bot_botcomponent>
  <bot_botcomponent botid.schemaname="new_bot_89c49d37fd4c4c1c9144396960733ce1" botcomponentid.schemaname="new_topic_9a2099fcb2ae4299a4b456f23dfb2c4c">
    <iscustomizable>1</iscustomizable>
  </bot_botcomponent>
  <bot_botcomponent botid.schemaname="new_bot_89c49d37fd4c4c1c9144396960733ce1" botcomponentid.schemaname="new_topic_b68a97dea4424d60bfae307b443ed953">
    <iscustomizable>1</iscustomizable>
  </bot_botcomponent>
  <bot_botcomponent botcomponentid.schemaname="new_topic_5af59a444b8349068dffafea00ffff42" botid.schemaname="new_bot_89c49d37fd4c4c1c9144396960733ce1">
    <iscustomizable>1</iscustomizable>
  </bot_botcomponent>
  <bot_botcomponent botid.schemaname="new_bot_89c49d37fd4c4c1c9144396960733ce1" botcomponentid.schemaname="new_topic_653f4c7c2b964686929c6b495315bf5e">
    <iscustomizable>1</iscustomizable>
  </bot_botcomponent>
  <bot_botcomponent botcomponentid.schemaname="new_customtype_89c49d37fd4c4c1c9144396960733ce1_92610204747047ac8f788f7eecd91118" botid.schemaname="new_bot_89c49d37fd4c4c1c9144396960733ce1">
    <iscustomizable>1</iscustomizable>
  </bot_botcomponent>
  <bot_botcomponent botcomponentid.schemaname="new_customtype_89c49d37fd4c4c1c9144396960733ce1_f86fcadfd497444e91ed11c12b059d10" botid.schemaname="new_bot_89c49d37fd4c4c1c9144396960733ce1">
    <iscustomizable>1</iscustomizable>
  </bot_botcomponent>
  <bot_botcomponent botcomponentid.schemaname="new_topic_08928a4319614b1b851c9d03cb0ad507" botid.schemaname="new_bot_89c49d37fd4c4c1c9144396960733ce1">
    <iscustomizable>1</iscustomizable>
  </bot_botcomponent>
  <bot_botcomponent botcomponentid.schemaname="new_topic_03d8102cc4da497ca3354c4490930e65" botid.schemaname="new_bot_89c49d37fd4c4c1c9144396960733ce1">
    <iscustomizable>1</iscustomizable>
  </bot_botcomponent>
  <bot_botcomponent botid.schemaname="new_bot_89c49d37fd4c4c1c9144396960733ce1" botcomponentid.schemaname="new_topic_89c49d37fd4c4c1c9144396960733ce1_ba7b967c97ba4c39bca58a8bb6a72d59_conversationstart">
    <iscustomizable>1</iscustomizable>
  </bot_botcomponent>
  <bot_botcomponent botcomponentid.schemaname="new_topic_89c49d37fd4c4c1c9144396960733ce1_954135cafcd647eaae5999ad91fc08cf_talktoagent" botid.schemaname="new_bot_89c49d37fd4c4c1c9144396960733ce1">
    <iscustomizable>1</iscustomizable>
  </bot_botcomponent>
  <bot_botcomponent botcomponentid.schemaname="new_topic_89c49d37fd4c4c1c9144396960733ce1_aeabea4d071f415c8c107e1cb7af5424_assumedsuccess" botid.schemaname="new_bot_89c49d37fd4c4c1c9144396960733ce1">
    <iscustomizable>1</iscustomizable>
  </bot_botcomponent>
  <bot_botcomponent botid.schemaname="new_bot_89c49d37fd4c4c1c9144396960733ce1" botcomponentid.schemaname="new_topic_4cbc66e2a00d442d8c740d5069de21ea">
    <iscustomizable>1</iscustomizable>
  </bot_botcomponent>
  <bot_botcomponent botcomponentid.schemaname="new_topic_89c49d37fd4c4c1c9144396960733ce1_db1f76b081dc43389df9dd2df7518737_confirmedsuccess" botid.schemaname="new_bot_89c49d37fd4c4c1c9144396960733ce1">
    <iscustomizable>1</iscustomizable>
  </bot_botcomponent>
  <bot_botcomponent botid.schemaname="new_bot_89c49d37fd4c4c1c9144396960733ce1" botcomponentid.schemaname="new_topic_89c49d37fd4c4c1c9144396960733ce1_d2198a5ee41a48a5bf70ab8970145a9f_confirmedfailure">
    <iscustomizable>1</iscustomizable>
  </bot_botcomponent>
  <bot_botcomponent botcomponentid.schemaname="new_topic_168eefcc415b425eaaedeb0a989b7cc1" botid.schemaname="new_bot_89c49d37fd4c4c1c9144396960733ce1">
    <iscustomizable>1</iscustomizable>
  </bot_botcomponent>
  <bot_botcomponent botcomponentid.schemaname="new_topic_89c49d37fd4c4c1c9144396960733ce1_f56d1a3e522740c78f9fac0939332dbd_goodbye" botid.schemaname="new_bot_89c49d37fd4c4c1c9144396960733ce1">
    <iscustomizable>1</iscustomizable>
  </bot_botcomponent>
  <bot_botcomponent botid.schemaname="new_bot_89c49d37fd4c4c1c9144396960733ce1" botcomponentid.schemaname="new_topic_b6e2bf82381440daa1820c969259eec0">
    <iscustomizable>1</iscustomizable>
  </bot_botcomponent>
  <bot_botcomponent botid.schemaname="new_bot_89c49d37fd4c4c1c9144396960733ce1" botcomponentid.schemaname="new_topic_9e9d942dbbd548cb9256fcc9528aaa4d">
    <iscustomizable>1</iscustomizable>
  </bot_botcomponent>
  <bot_botcomponent botcomponentid.schemaname="new_topic_43d650085e994573a04cd57f0bd25139" botid.schemaname="new_bot_89c49d37fd4c4c1c9144396960733ce1">
    <iscustomizable>1</iscustomizable>
  </bot_botcomponent>
  <bot_botcomponent botcomponentid.schemaname="new_topic_6d7cb4545e634aa79ba8c48628f543c7" botid.schemaname="new_bot_89c49d37fd4c4c1c9144396960733ce1">
    <iscustomizable>1</iscustomizable>
  </bot_botcomponent>
  <bot_botcomponent botid.schemaname="new_bot_89c49d37fd4c4c1c9144396960733ce1" botcomponentid.schemaname="new_topic_ff46631a11c5449f9fe9e2f889adba1c">
    <iscustomizable>1</iscustomizable>
  </bot_botcomponent>
  <bot_botcomponent botcomponentid.schemaname="new_topic_7284d1f452bc40c787f39641680a6a0f" botid.schemaname="new_bot_89c49d37fd4c4c1c9144396960733ce1">
    <iscustomizable>1</iscustomizable>
  </bot_botcomponent>
  <bot_botcomponent botcomponentid.schemaname="new_topic_7caf7d2f97c543f1be26cbf09cf5bde1" botid.schemaname="new_bot_89c49d37fd4c4c1c9144396960733ce1">
    <iscustomizable>1</iscustomizable>
  </bot_botcomponent>
  <bot_botcomponent botcomponentid.schemaname="new_topic_c7f5b42ae41145e68263ada15cce864e" botid.schemaname="new_bot_89c49d37fd4c4c1c9144396960733ce1">
    <iscustomizable>1</iscustomizable>
  </bot_botcomponent>
  <bot_botcomponent botcomponentid.schemaname="new_topic_9f5d697be5cb47aab56963af14cd9971" botid.schemaname="new_bot_89c49d37fd4c4c1c9144396960733ce1">
    <iscustomizable>1</iscustomizable>
  </bot_botcomponent>
  <bot_botcomponent botid.schemaname="new_bot_89c49d37fd4c4c1c9144396960733ce1" botcomponentid.schemaname="new_topic_f4d5cb4f3d41490da7ce94c5d03dbce8">
    <iscustomizable>1</iscustomizable>
  </bot_botcomponent>
  <bot_botcomponent botid.schemaname="new_bot_89c49d37fd4c4c1c9144396960733ce1" botcomponentid.schemaname="new_topic_4211c895c0da49268ef934caaecee768">
    <iscustomizable>1</iscustomizable>
  </bot_botcomponent>
  <bot_botcomponent botid.schemaname="new_bot_89c49d37fd4c4c1c9144396960733ce1" botcomponentid.schemaname="new_topic_b302a1ac3a1c4f728eb8cf6b4c623068">
    <iscustomizable>1</iscustomizable>
  </bot_botcomponent>
  <bot_botcomponent botcomponentid.schemaname="new_topic_119ce7e5a6ee4d31a9c1bc75831c8b98" botid.schemaname="new_bot_89c49d37fd4c4c1c9144396960733ce1">
    <iscustomizable>1</iscustomizable>
  </bot_botcomponent>
  <bot_botcomponent botid.schemaname="new_bot_89c49d37fd4c4c1c9144396960733ce1" botcomponentid.schemaname="new_topic_172b84a84589422d8a9081d69feb4d41">
    <iscustomizable>1</iscustomizable>
  </bot_botcomponent>
  <bot_botcomponent botid.schemaname="new_bot_89c49d37fd4c4c1c9144396960733ce1" botcomponentid.schemaname="new_topic_be7f1bfac2174168981626e4ae2eb7b5">
    <iscustomizable>1</iscustomizable>
  </bot_botcomponent>
  <bot_botcomponent botid.schemaname="new_bot_89c49d37fd4c4c1c9144396960733ce1" botcomponentid.schemaname="new_topic_f3d0d2e90ca2434d94f07b883d200a7d">
    <iscustomizable>1</iscustomizable>
  </bot_botcomponent>
  <bot_botcomponent botcomponentid.schemaname="new_topic_49eba101363d41568dd96730c653ea9e" botid.schemaname="new_bot_89c49d37fd4c4c1c9144396960733ce1">
    <iscustomizable>1</iscustomizable>
  </bot_botcomponent>
  <bot_botcomponent botcomponentid.schemaname="new_topic_ffbcdfc7dc6f4be986fd8b46d0ab30fb" botid.schemaname="new_bot_89c49d37fd4c4c1c9144396960733ce1">
    <iscustomizable>1</iscustomizable>
  </bot_botcomponent>
  <bot_botcomponent botid.schemaname="new_bot_89c49d37fd4c4c1c9144396960733ce1" botcomponentid.schemaname="new_topic_1c5f2f708cfc4a21bbdcbed7183536f5">
    <iscustomizable>1</iscustomizable>
  </bot_botcomponent>
  <bot_botcomponent botcomponentid.schemaname="new_topic_78822ac66e6349588773d9bca58ce0a8" botid.schemaname="new_bot_89c49d37fd4c4c1c9144396960733ce1">
    <iscustomizable>1</iscustomizable>
  </bot_botcomponent>
  <bot_botcomponent botid.schemaname="new_bot_89c49d37fd4c4c1c9144396960733ce1" botcomponentid.schemaname="new_topic_93fc0e0497b74a8498b500658dd225e4">
    <iscustomizable>1</iscustomizable>
  </bot_botcomponent>
  <bot_botcomponent botcomponentid.schemaname="new_topic_d32c931f65c948159c67750452037755" botid.schemaname="new_bot_89c49d37fd4c4c1c9144396960733ce1">
    <iscustomizable>1</iscustomizable>
  </bot_botcomponent>
  <bot_botcomponent botid.schemaname="new_bot_89c49d37fd4c4c1c9144396960733ce1" botcomponentid.schemaname="new_topic_37b44d6d3663474f9542034b5b4cc66a">
    <iscustomizable>1</iscustomizable>
  </bot_botcomponent>
  <bot_botcomponent botid.schemaname="new_bot_89c49d37fd4c4c1c9144396960733ce1" botcomponentid.schemaname="new_topic_11063f24e50d4bf88661a0a258c4b915">
    <iscustomizable>1</iscustomizable>
  </bot_botcomponent>
  <bot_botcomponent botid.schemaname="new_bot_89c49d37fd4c4c1c9144396960733ce1" botcomponentid.schemaname="new_topic_cac1057a12cf40f4b44aa5bcba44d39d">
    <iscustomizable>1</iscustomizable>
  </bot_botcomponent>
  <bot_botcomponent botid.schemaname="new_bot_89c49d37fd4c4c1c9144396960733ce1" botcomponentid.schemaname="new_topic_f3fcac99cb7a4874af5be529c16844ea">
    <iscustomizable>1</iscustomizable>
  </bot_botcomponent>
  <bot_botcomponent botid.schemaname="new_bot_89c49d37fd4c4c1c9144396960733ce1" botcomponentid.schemaname="new_topic_5350a4d209d847ffa724e6b6c9921398">
    <iscustomizable>1</iscustomizable>
  </bot_botcomponent>
  <bot_botcomponent botcomponentid.schemaname="new_topic_c36cd9308a7f4194a7403a1134c39a0c" botid.schemaname="new_bot_89c49d37fd4c4c1c9144396960733ce1">
    <iscustomizable>1</iscustomizable>
  </bot_botcomponent>
  <bot_botcomponent botid.schemaname="new_bot_89c49d37fd4c4c1c9144396960733ce1" botcomponentid.schemaname="new_topic_6056e5377c844ddf96e481a0141c1eac">
    <iscustomizable>1</iscustomizable>
  </bot_botcomponent>
  <bot_botcomponent botcomponentid.schemaname="new_topic_0908045ed4ec46b79c140ce75c3266f2" botid.schemaname="new_bot_89c49d37fd4c4c1c9144396960733ce1">
    <iscustomizable>1</iscustomizable>
  </bot_botcomponent>
  <bot_botcomponent botid.schemaname="new_bot_89c49d37fd4c4c1c9144396960733ce1" botcomponentid.schemaname="new_topic_43734ea1c54e4b1790507e7cf45ecf39">
    <iscustomizable>1</iscustomizable>
  </bot_botcomponent>
  <bot_botcomponent botcomponentid.schemaname="new_topic_87fe7422dbd1468d9d892f8cc48a8457" botid.schemaname="new_bot_89c49d37fd4c4c1c9144396960733ce1">
    <iscustomizable>1</iscustomizable>
  </bot_botcomponent>
  <bot_botcomponent botcomponentid.schemaname="new_topic_a7fd04751ec644b78746eb05a8621a9b" botid.schemaname="new_bot_89c49d37fd4c4c1c9144396960733ce1">
    <iscustomizable>1</iscustomizable>
  </bot_botcomponent>
  <bot_botcomponent botcomponentid.schemaname="new_topic_6c99f02495ae4fa6bd832b061c88d536" botid.schemaname="new_bot_89c49d37fd4c4c1c9144396960733ce1">
    <iscustomizable>1</iscustomizable>
  </bot_botcomponent>
  <bot_botcomponent botid.schemaname="new_bot_89c49d37fd4c4c1c9144396960733ce1" botcomponentid.schemaname="new_topic_a140e9ff67c24f2c86c07139daae0334">
    <iscustomizable>1</iscustomizable>
  </bot_botcomponent>
  <bot_botcomponent botid.schemaname="new_bot_89c49d37fd4c4c1c9144396960733ce1" botcomponentid.schemaname="new_topic_f0bdac04c27040bb84391088c4aaea10">
    <iscustomizable>1</iscustomizable>
  </bot_botcomponent>
  <bot_botcomponent botid.schemaname="new_bot_89c49d37fd4c4c1c9144396960733ce1" botcomponentid.schemaname="new_topic_527cf52aef804a43bfe022fc69a4f0f4">
    <iscustomizable>1</iscustomizable>
  </bot_botcomponent>
  <bot_botcomponent botcomponentid.schemaname="new_topic_84912ca0c19543d88ab1d30851356e59" botid.schemaname="new_bot_89c49d37fd4c4c1c9144396960733ce1">
    <iscustomizable>1</iscustomizable>
  </bot_botcomponent>
  <bot_botcomponent botid.schemaname="new_bot_89c49d37fd4c4c1c9144396960733ce1" botcomponentid.schemaname="new_topic_42676d84a28a46f3bffbdd7da77f8ba6">
    <iscustomizable>1</iscustomizable>
  </bot_botcomponent>
  <bot_botcomponent botcomponentid.schemaname="new_topic_6d3e72a6e6d74c858e8e1e34ff618cf4" botid.schemaname="new_bot_89c49d37fd4c4c1c9144396960733ce1">
    <iscustomizable>1</iscustomizable>
  </bot_botcomponent>
  <bot_botcomponent botcomponentid.schemaname="new_topic_c971aa7fa6c54cbe90639ef9b4932d06" botid.schemaname="new_bot_89c49d37fd4c4c1c9144396960733ce1">
    <iscustomizable>1</iscustomizable>
  </bot_botcomponent>
  <bot_botcomponent botid.schemaname="new_bot_89c49d37fd4c4c1c9144396960733ce1" botcomponentid.schemaname="new_topic_544e26e3aca34099b6d05390eda5b80e">
    <iscustomizable>1</iscustomizable>
  </bot_botcomponent>
  <bot_botcomponent botcomponentid.schemaname="new_topic_0737653024944295bd74194acb205691" botid.schemaname="new_bot_89c49d37fd4c4c1c9144396960733ce1">
    <iscustomizable>1</iscustomizable>
  </bot_botcomponent>
  <bot_botcomponent botid.schemaname="new_bot_89c49d37fd4c4c1c9144396960733ce1" botcomponentid.schemaname="new_topic_9a715ec2206d4c459f0a444d8e06b048">
    <iscustomizable>1</iscustomizable>
  </bot_botcomponent>
  <bot_botcomponent botid.schemaname="new_bot_89c49d37fd4c4c1c9144396960733ce1" botcomponentid.schemaname="new_topic_4e37570dc5cc4164ba9762c064698b0b">
    <iscustomizable>1</iscustomizable>
  </bot_botcomponent>
  <bot_botcomponent botcomponentid.schemaname="new_topic_839a52902894489b83f917cce0dcc3cc" botid.schemaname="new_bot_89c49d37fd4c4c1c9144396960733ce1">
    <iscustomizable>1</iscustomizable>
  </bot_botcomponent>
  <bot_botcomponent botcomponentid.schemaname="new_topic_ca7f562406cc40af9d8aed26fc564616" botid.schemaname="new_bot_89c49d37fd4c4c1c9144396960733ce1">
    <iscustomizable>1</iscustomizable>
  </bot_botcomponent>
  <bot_botcomponent botid.schemaname="new_bot_89c49d37fd4c4c1c9144396960733ce1" botcomponentid.schemaname="new_topic_ca97fad399a443a5a6f72a78b1991ce2">
    <iscustomizable>1</iscustomizable>
  </bot_botcomponent>
  <bot_botcomponent botcomponentid.schemaname="new_topic_c66b1f86268247858a35dc4becdcaea7" botid.schemaname="new_bot_89c49d37fd4c4c1c9144396960733ce1">
    <iscustomizable>1</iscustomizable>
  </bot_botcomponent>
  <bot_botcomponent botcomponentid.schemaname="new_topic_03ac7edb410e4affb331daf78fca5f6c" botid.schemaname="new_bot_89c49d37fd4c4c1c9144396960733ce1">
    <iscustomizable>1</iscustomizable>
  </bot_botcomponent>
  <bot_botcomponent botid.schemaname="new_bot_89c49d37fd4c4c1c9144396960733ce1" botcomponentid.schemaname="new_topic_d9526d942ec44033959b6410ca7a827b">
    <iscustomizable>1</iscustomizable>
  </bot_botcomponent>
  <bot_botcomponent botid.schemaname="new_bot_89c49d37fd4c4c1c9144396960733ce1" botcomponentid.schemaname="new_topic_86bf975bd5e04df1bd058c4580a08a31">
    <iscustomizable>1</iscustomizable>
  </bot_botcomponent>
  <bot_botcomponent botcomponentid.schemaname="new_topic_9c4153a8be634045bed619a7a83938c8" botid.schemaname="new_bot_89c49d37fd4c4c1c9144396960733ce1">
    <iscustomizable>1</iscustomizable>
  </bot_botcomponent>
  <bot_botcomponent botid.schemaname="new_bot_89c49d37fd4c4c1c9144396960733ce1" botcomponentid.schemaname="new_topic_fc28f1620c494afbad3d53b64506fc63">
    <iscustomizable>1</iscustomizable>
  </bot_botcomponent>
  <bot_botcomponent botcomponentid.schemaname="new_topic_2c55f65d202c4c7d8ecb82efdcc759a6" botid.schemaname="new_bot_89c49d37fd4c4c1c9144396960733ce1">
    <iscustomizable>1</iscustomizable>
  </bot_botcomponent>
  <bot_botcomponent botid.schemaname="new_bot_89c49d37fd4c4c1c9144396960733ce1" botcomponentid.schemaname="new_topic_c3555dcd23ff49d881d93813f935ab18">
    <iscustomizable>1</iscustomizable>
  </bot_botcomponent>
  <bot_botcomponent botid.schemaname="new_bot_89c49d37fd4c4c1c9144396960733ce1" botcomponentid.schemaname="new_topic_8499a8e7b53645a8815f6e5e0aad1869">
    <iscustomizable>1</iscustomizable>
  </bot_botcomponent>
  <bot_botcomponent botcomponentid.schemaname="new_topic_10cc1f10f2f44216b9293972f7ff4fd7" botid.schemaname="new_bot_89c49d37fd4c4c1c9144396960733ce1">
    <iscustomizable>1</iscustomizable>
  </bot_botcomponent>
  <bot_botcomponent botid.schemaname="new_bot_89c49d37fd4c4c1c9144396960733ce1" botcomponentid.schemaname="new_topic_7e4a08dd485e4a22a02efca1247b90e8">
    <iscustomizable>1</iscustomizable>
  </bot_botcomponent>
  <bot_botcomponent botcomponentid.schemaname="new_topic_6d48bfb81d0b40e0b8557f7d3bdc6e6b" botid.schemaname="new_bot_89c49d37fd4c4c1c9144396960733ce1">
    <iscustomizable>1</iscustomizable>
  </bot_botcomponent>
  <bot_botcomponent botcomponentid.schemaname="new_topic_9ea11c7ac1fc4a9e9dada591a5ab4c1a" botid.schemaname="new_bot_89c49d37fd4c4c1c9144396960733ce1">
    <iscustomizable>1</iscustomizable>
  </bot_botcomponent>
  <bot_botcomponent botcomponentid.schemaname="new_topic_09943307e36e4b628b0de77583cf8680" botid.schemaname="new_bot_89c49d37fd4c4c1c9144396960733ce1">
    <iscustomizable>1</iscustomizable>
  </bot_botcomponent>
  <bot_botcomponent botcomponentid.schemaname="new_topic_b438614107b64b5fa2f62fff1e6c3dbf" botid.schemaname="new_bot_89c49d37fd4c4c1c9144396960733ce1">
    <iscustomizable>1</iscustomizable>
  </bot_botcomponent>
  <bot_botcomponent botcomponentid.schemaname="new_topic_9ba08ccc83cd45af8068edb4d7d20046" botid.schemaname="new_bot_89c49d37fd4c4c1c9144396960733ce1">
    <iscustomizable>1</iscustomizable>
  </bot_botcomponent>
  <bot_botcomponent botid.schemaname="new_bot_89c49d37fd4c4c1c9144396960733ce1" botcomponentid.schemaname="new_topic_9ad7fc7621604802a9bd47a663298b78">
    <iscustomizable>1</iscustomizable>
  </bot_botcomponent>
  <bot_botcomponent botcomponentid.schemaname="new_topic_3a12efe3cf274ee49732a9a0f5c8abbe" botid.schemaname="new_bot_89c49d37fd4c4c1c9144396960733ce1">
    <iscustomizable>1</iscustomizable>
  </bot_botcomponent>
  <bot_botcomponent botid.schemaname="new_bot_89c49d37fd4c4c1c9144396960733ce1" botcomponentid.schemaname="new_topic_83d89bdd874e4baeb845bfdc9b662633">
    <iscustomizable>1</iscustomizable>
  </bot_botcomponent>
  <bot_botcomponent botid.schemaname="new_bot_89c49d37fd4c4c1c9144396960733ce1" botcomponentid.schemaname="new_topic_6e466007f95042a58f3b32011ed937c2">
    <iscustomizable>1</iscustomizable>
  </bot_botcomponent>
  <bot_botcomponent botcomponentid.schemaname="new_topic_c6c90f445c084d738e5f353777d94962" botid.schemaname="new_bot_89c49d37fd4c4c1c9144396960733ce1">
    <iscustomizable>1</iscustomizable>
  </bot_botcomponent>
  <bot_botcomponent botcomponentid.schemaname="new_topic_78835a00038c4ccfa937ecce11ca5cf2" botid.schemaname="new_bot_89c49d37fd4c4c1c9144396960733ce1">
    <iscustomizable>1</iscustomizable>
  </bot_botcomponent>
  <bot_botcomponent botcomponentid.schemaname="new_topic_f535aa4b14db4d04bd37e5bac024f390" botid.schemaname="new_bot_89c49d37fd4c4c1c9144396960733ce1">
    <iscustomizable>1</iscustomizable>
  </bot_botcomponent>
  <bot_botcomponent botcomponentid.schemaname="new_topic_ced760832fa54d949302708526994dad" botid.schemaname="new_bot_89c49d37fd4c4c1c9144396960733ce1">
    <iscustomizable>1</iscustomizable>
  </bot_botcomponent>
  <bot_botcomponent botid.schemaname="new_bot_89c49d37fd4c4c1c9144396960733ce1" botcomponentid.schemaname="new_topic_3a00a424393148e6a0341262a63d8ece">
    <iscustomizable>1</iscustomizable>
  </bot_botcomponent>
  <bot_botcomponent botcomponentid.schemaname="new_topic_5eb17dfccf134ee88574c9425713265d" botid.schemaname="new_bot_89c49d37fd4c4c1c9144396960733ce1">
    <iscustomizable>1</iscustomizable>
  </bot_botcomponent>
  <bot_botcomponent botcomponentid.schemaname="new_topic_20364134bc564e999c455e1d3de735fe" botid.schemaname="new_bot_89c49d37fd4c4c1c9144396960733ce1">
    <iscustomizable>1</iscustomizable>
  </bot_botcomponent>
  <bot_botcomponent botcomponentid.schemaname="new_topic_4c58046d389a45e8850fa8fdfaeb7788" botid.schemaname="new_bot_89c49d37fd4c4c1c9144396960733ce1">
    <iscustomizable>1</iscustomizable>
  </bot_botcomponent>
  <bot_botcomponent botcomponentid.schemaname="new_topic_09c4d6a61dd8428eaa0b5fc3576689e8" botid.schemaname="new_bot_89c49d37fd4c4c1c9144396960733ce1">
    <iscustomizable>1</iscustomizable>
  </bot_botcomponent>
  <bot_botcomponent botid.schemaname="new_bot_89c49d37fd4c4c1c9144396960733ce1" botcomponentid.schemaname="new_topic_854e96e46b7e40f1a2965d28a86f43af">
    <iscustomizable>1</iscustomizable>
  </bot_botcomponent>
  <bot_botcomponent botid.schemaname="new_bot_89c49d37fd4c4c1c9144396960733ce1" botcomponentid.schemaname="new_topic_75871ec8666944d1a7858c3fb4ff0934">
    <iscustomizable>1</iscustomizable>
  </bot_botcomponent>
  <bot_botcomponent botcomponentid.schemaname="new_topic_e3c9ed7f7d004d17a99b652472c3f7c4" botid.schemaname="new_bot_89c49d37fd4c4c1c9144396960733ce1">
    <iscustomizable>1</iscustomizable>
  </bot_botcomponent>
  <bot_botcomponent botcomponentid.schemaname="new_topic_e1ec8b555ccb4ef286bf54074395265b" botid.schemaname="new_bot_89c49d37fd4c4c1c9144396960733ce1">
    <iscustomizable>1</iscustomizable>
  </bot_botcomponent>
  <bot_botcomponent botid.schemaname="new_bot_89c49d37fd4c4c1c9144396960733ce1" botcomponentid.schemaname="new_topic_119ba5252e994f1897654e08c44ba244">
    <iscustomizable>1</iscustomizable>
  </bot_botcomponent>
  <bot_botcomponent botid.schemaname="new_bot_89c49d37fd4c4c1c9144396960733ce1" botcomponentid.schemaname="new_topic_d16392cb9db34d84a82131e7cb0c7fbf">
    <iscustomizable>1</iscustomizable>
  </bot_botcomponent>
  <bot_botcomponent botid.schemaname="new_bot_89c49d37fd4c4c1c9144396960733ce1" botcomponentid.schemaname="new_topic_ac191ee860a6445e8357b11eb29ed397">
    <iscustomizable>1</iscustomizable>
  </bot_botcomponent>
  <bot_botcomponent botcomponentid.schemaname="new_topic_08141b76ba0d479a93d6e72e6cc308bc" botid.schemaname="new_bot_89c49d37fd4c4c1c9144396960733ce1">
    <iscustomizable>1</iscustomizable>
  </bot_botcomponent>
  <bot_botcomponent botcomponentid.schemaname="new_topic_42c5b5119d824bc5b9a83512cebd275b" botid.schemaname="new_bot_89c49d37fd4c4c1c9144396960733ce1">
    <iscustomizable>1</iscustomizable>
  </bot_botcomponent>
</bot_botcomponentset>