{
  "intents": [
    {
      "endUserOverrideName": "Teams 即時活動",
      "triggerQueries": [
        "直播",
        "What is a live event in Microsoft teams?",
        "What is a Teams Live Event?",
        "Can you stream a meeting in teams?",
        "What are Live Events?",
        "怎麼做直播?",
        "Teams 可以直播嗎?",
        "我可以在 Teams 廣播活動嗎?",
        "Teams 即時活動",
        "Teams 即時活動是什麼?",
        "我可以在 Teams 中直播會議嗎",
        "什麼是即時活動",
        "Teams live events",
        "Can I broadcast a meeting in teams?"
      ],
      "dialogId": "new_topic_33408ff5ae3e495eb93936d740b802be",
      "isTriggeringEnabled": true,
      "id": "new_topic_33408ff5ae3e495eb93936d740b802be",
      "displayName": "什麼是即時活動",
      "description": "",
      "createdTime": "2021-11-17T01:37:01.9600649Z",
      "updatedTime": "2021-11-22T09:08:02.6011657Z",
      "createdUserId": "9c968d43-f7c2-4e28-895c-1f6bcefcd8be",
      "updatedUserId": "9c968d43-f7c2-4e28-895c-1f6bcefcd8be"
    }
  ],
  "dialogs": [
    {
      "rootNodeId": "2ab852b4-e043-4c67-8e96-177c08878760",
      "messageNodes": [
        {
          "botMessageId": "85569295-9394-4a6e-9b41-4ce6570a45bf",
          "nodeType": "BotMessageNode",
          "id": "2ab852b4-e043-4c67-8e96-177c08878760",
          "defaultTargetNodeId": "4c41e19e-ea64-42dd-98cf-3b4551c66a57"
        },
        {
          "botMessageId": "5afa6bcf-e228-40a8-b174-61c7c0ec4e36",
          "nodeType": "BotMessageNode",
          "id": "410c2c30-6eb4-431d-94d4-ada24378fc48",
          "defaultTargetNodeId": "ce85e0d7-038b-4eae-a47a-74a5fe01dd51"
        },
        {
          "botMessageId": "57aa89a5-b748-4bcc-8661-b89610dbcf8d",
          "nodeType": "BotMessageNode",
          "id": "4c41e19e-ea64-42dd-98cf-3b4551c66a57",
          "defaultTargetNodeId": "410c2c30-6eb4-431d-94d4-ada24378fc48"
        }
      ],
      "dialogChangeNodes": [
        {
          "targetDialogId": "new_topic_e2d1671328b941dbb60fa7150059b1ee_aeabea4d071f415c8c107e1cb7af5424_assumedsuccess",
          "nodeType": "DialogChangeNode",
          "id": "ce85e0d7-038b-4eae-a47a-74a5fe01dd51"
        }
      ],
      "id": "new_topic_33408ff5ae3e495eb93936d740b802be",
      "displayName": "Dialog for 什麼是即時活動",
      "createdTime": "2021-11-17T01:37:01.9600649Z",
      "updatedTime": "2021-11-22T09:08:02.6011657Z",
      "createdUserId": "9c968d43-f7c2-4e28-895c-1f6bcefcd8be",
      "updatedUserId": "9c968d43-f7c2-4e28-895c-1f6bcefcd8be"
    }
  ],
  "botMessages": [
    {
      "channelContent": {
        "web": {
          "contentFormat": "Markdown",
          "content": "Teams 即時活動預設支援最多10,000個與會者(2021更新)，更多詳細資訊請參考 [即時活動限制和規格](https://docs.microsoft.com/zh-tw/microsoftteams/limits-specifications-teams#teams-live-events)\n\n通過 Teams 即時活動，您組織的使用者可以向大型團體直播視訊和會議內容。查看:\n\n[開始使用 Teams 即時活動](https://support.microsoft.com/zh-tw/office/%E9%96%8B%E5%A7%8B%E4%BD%BF%E7%94%A8-microsoft-teams-%E5%8D%B3%E6%99%82%E6%B4%BB%E5%8B%95-d077fec2-a058-483e-9ab5-1494afda578a)\n\n[什麼是微軟團隊即時活動](https://docs.microsoft.com/zh-tw/microsoftteams/teams-live-events/what-are-teams-live-events)。"
        }
      },
      "id": "85569295-9394-4a6e-9b41-4ce6570a45bf",
      "createdTime": "2021-11-17T01:37:01.9600649Z",
      "updatedTime": "2021-11-17T01:37:01.9600649Z",
      "createdUserId": "9c968d43-f7c2-4e28-895c-1f6bcefcd8be",
      "updatedUserId": "9c968d43-f7c2-4e28-895c-1f6bcefcd8be"
    },
    {
      "channelContent": {
        "web": {
          "contentFormat": "Markdown",
          "content": "如果您正在準備一場大型即時活動(直播)，請參考以下資訊來\n\n[即時活動的最佳做法(Best Practice)](https://support.microsoft.com/zh-tw/office/%E5%BB%BA%E7%AB%8B-teams-%E5%8D%B3%E6%99%82%E6%B4%BB%E5%8B%95%E7%9A%84%E6%9C%80%E4%BD%B3%E5%81%9A%E6%B3%95-e500370e-4dd1-4187-8b48-af10ef02cf42)\n\n[規劃即時活動](https://docs.microsoft.com/zh-tw/microsoftteams/teams-live-events/plan-for-teams-live-events)"
        }
      },
      "id": "5afa6bcf-e228-40a8-b174-61c7c0ec4e36",
      "createdTime": "2021-11-22T08:49:59.638Z",
      "updatedTime": "2021-11-22T08:49:59.638Z",
      "createdUserId": "user-0",
      "updatedUserId": "user-0"
    },
    {
      "channelContent": {
        "web": {
          "contentFormat": "Markdown",
          "content": "在 IT 系統管理員為貴組織啟用 Microsoft Teams 即時活動功能之後，您就可以開始使用。\n\n步驟 1： [排程即時活動](https://support.microsoft.com/zh-tw/office/%E6%8E%92%E7%A8%8B-teams-%E5%8D%B3%E6%99%82%E6%B4%BB%E5%8B%95-7a9ce97c-e1cd-470f-acaf-e6dfc179a0e2)\n\n步驟 2： [邀請出席者](https://support.microsoft.com/zh-tw/office/%E9%82%80%E8%AB%8B%E5%87%BA%E5%B8%AD%E8%80%85%E5%8F%83%E5%8A%A0teams%E6%B4%BB%E5%8B%95-99c34ccc-296d-40c5-b06c-b0afbc6674f8)\n\n步驟 3： [製作您的即時活動](https://support.microsoft.com/zh-tw/office/%E4%BD%BF%E7%94%A8%E5%8D%B3%E6%99%82%E6%B4%BB%E5%8B%95teams-591bd694-121d-405c-b26d-730315e45a22)\n\n步驟 3a：[在即時活動中簡報](https://support.microsoft.com/zh-tw/office/%E5%9C%A8-teams-d58fc9db-ff5b-4633-afb3-b4b2ddef6c0a)\n\n步驟 4： [管理錄製和報告](https://support.microsoft.com/zh-tw/office/%E5%9C%A8-teams-6d1f5da9-74b7-4771-977d-b89eba194578)"
        }
      },
      "id": "57aa89a5-b748-4bcc-8661-b89610dbcf8d",
      "createdTime": "2021-11-22T08:51:03.872Z",
      "updatedTime": "2021-11-22T08:51:03.872Z",
      "createdUserId": "user-0",
      "updatedUserId": "user-0"
    }
  ]
}