{
  "intents": [
    {
      "endUserOverrideName": "會議中的角色及權限",
      "triggerQueries": [
        "可否讓召集人才能錄製",
        "可以預設關掉大家的鏡頭嗎",
        "可以預設讓與會者靜音嗎",
        "會議中可以關掉大家的聲音嗎",
        "可以讓特定的人才能錄製嗎"
      ],
      "dialogId": "new_topic_c558b84bf4c746958e21dd09fc9db182",
      "isTriggeringEnabled": true,
      "id": "new_topic_c558b84bf4c746958e21dd09fc9db182",
      "displayName": "會議權限",
      "description": "會議中的角色及權限",
      "createdTime": "2021-11-18T16:55:48.8429754Z",
      "updatedTime": "2021-11-19T18:10:21.6240824Z",
      "createdUserId": "9c968d43-f7c2-4e28-895c-1f6bcefcd8be",
      "updatedUserId": "9c968d43-f7c2-4e28-895c-1f6bcefcd8be"
    }
  ],
  "dialogs": [
    {
      "rootNodeId": "a26d4795-c91c-4a61-8ac0-47f2cd836ff4",
      "messageNodes": [
        {
          "botMessageId": "a9362340-ba19-476a-b323-6e7c1820a32f",
          "nodeType": "BotMessageNode",
          "id": "a26d4795-c91c-4a61-8ac0-47f2cd836ff4",
          "defaultTargetNodeId": "cdd6d2b5-faa2-460c-8471-c3065b1e8310"
        },
        {
          "botMessageId": "04f026ff-518f-4d73-af7c-8540aa90879e",
          "nodeType": "BotMessageNode",
          "id": "cdd6d2b5-faa2-460c-8471-c3065b1e8310",
          "defaultTargetNodeId": "d7126dbe-fcaf-457f-82ca-17f2c5ec5a5b"
        }
      ],
      "dialogChangeNodes": [
        {
          "targetDialogId": "new_topic_e2d1671328b941dbb60fa7150059b1ee_aeabea4d071f415c8c107e1cb7af5424_assumedsuccess",
          "nodeType": "DialogChangeNode",
          "id": "d7126dbe-fcaf-457f-82ca-17f2c5ec5a5b"
        }
      ],
      "id": "new_topic_c558b84bf4c746958e21dd09fc9db182",
      "displayName": "Dialog for 會議權限",
      "createdTime": "2021-11-18T16:55:48.8429754Z",
      "updatedTime": "2021-11-18T17:07:18.8980422Z",
      "createdUserId": "9c968d43-f7c2-4e28-895c-1f6bcefcd8be",
      "updatedUserId": "9c968d43-f7c2-4e28-895c-1f6bcefcd8be"
    }
  ],
  "botMessages": [
    {
      "channelContent": {
        "web": {
          "contentFormat": "Markdown",
          "content": "Teams會議中有三種角色，召集人、簡報者和出席者，請參考每個角色的特定功能及權限 : \n\n[Teams 會議中的角色](https://support.microsoft.com/zh-tw/office/teams-%E6%9C%83%E8%AD%B0%E4%B8%AD%E7%9A%84%E8%A7%92%E8%89%B2-c16fa7d0-1666-4dde-8686-0a0bfe16e019)"
        }
      },
      "id": "a9362340-ba19-476a-b323-6e7c1820a32f",
      "createdTime": "2021-11-18T16:55:48.8429754Z",
      "updatedTime": "2021-11-18T16:55:48.8429754Z",
      "createdUserId": "9c968d43-f7c2-4e28-895c-1f6bcefcd8be",
      "updatedUserId": "9c968d43-f7c2-4e28-895c-1f6bcefcd8be"
    },
    {
      "channelContent": {
        "web": {
          "contentFormat": "Markdown",
          "content": "您可以在會議前、中變更變更會議參與者的角色 以及控制會議大廳等候、控制出席者可否在會議中開啓關閉鏡頭、麥克風，請參考:\n\n[變更會議參與者Teams設定](https://support.microsoft.com/zh-tw/office/%E8%AE%8A%E6%9B%B4%E6%9C%83%E8%AD%B0%E5%8F%83%E8%88%87%E8%80%85teams%E8%A8%AD%E5%AE%9A-53261366-dbd5-45f9-aae9-a70e6354f88e)"
        }
      },
      "id": "04f026ff-518f-4d73-af7c-8540aa90879e",
      "createdTime": "2021-11-18T16:59:06.624Z",
      "updatedTime": "2021-11-18T16:59:06.624Z",
      "createdUserId": "user-0",
      "updatedUserId": "user-0"
    }
  ]
}