{
  "intents": [
    {
      "endUserOverrideName": "Dårlig video eller lydkvalitet i møte",
      "triggerQueries": [
        "feilsøk video",
        "hvordan feilsøke problemer?",
        "hva gjør jeg om internettet mitt er dårlig?",
        "dårlig internettforbindelse",
        "dårlig videooppløsning",
        "hakkete lyd i et møte",
        "har et problem med video",
        "hjelpe noen med å finne ut lydproblemet",
        "hva skal jeg gjøre om ingen kan se meg?",
        "forbedre lyd eller video",
        "dårlig videokvalitet",
        "hva skal jeg gjøre om ingen kan høre meg?",
        "hvorfor ser ingen meg?",
        "ingen kan se meg",
        "dårlig kvalitet i møte",
        "mikrofonen min virker ikke",
        "ingen hører meg i møtet",
        "hvorfor høring ingen det jeg sier i møtet?",
        "feilsøk lyd",
        "Ingen kan høre meg",
        "ingen hører det jeg sier",
        "dårlig lydforbindelse",
        "lagg i lyd",
        "hakkete lyd",
        "jeg hører ikke dem",
        "de hører meg ikke",
        "lyd problemer",
        "feilsøke lyd",
        "hører ikke video jeg deler",
        "hører ikke lyden jeg deler",
        "hører ikke datamaskinlyd",
        "hører dårlig møtet",
        "Dårlig lydkvalitet i møte"
      ],
      "dialogId": "new_topic_527cf52aef804a43bfe022fc69a4f0f4",
      "isTriggeringEnabled": true,
      "id": "new_topic_527cf52aef804a43bfe022fc69a4f0f4",
      "displayName": "Dårlig video eller lydkvalitet i møte",
      "description": "",
      "createdTime": "2021-04-09T07:38:15.8757764Z",
      "updatedTime": "2021-04-22T19:18:44.9657515Z",
      "createdUserId": "ef0c8b9a-eff1-49f8-92fa-fd1d3e15e1ba",
      "updatedUserId": "ef0c8b9a-eff1-49f8-92fa-fd1d3e15e1ba"
    }
  ],
  "dialogs": [
    {
      "rootNodeId": "654b4579-20a0-4b11-af84-db4cfad91b12",
      "messageNodes": [
        {
          "botMessageId": "c268e9cd-10ef-447c-a361-42ff77b32ef8",
          "nodeType": "BotMessageNode",
          "id": "80900af9-e58a-465a-9c8d-21cae981e4a2",
          "defaultTargetNodeId": "2ef7bdd9-9b07-4fa6-9cbd-f84cc5d3f4d7"
        },
        {
          "botMessageId": "1fe0a59d-a7e4-4398-9165-fc6ea9b42ac9",
          "nodeType": "BotMessageNode",
          "id": "97bae813-1b56-4e1a-ab9e-d709c0caa277",
          "defaultTargetNodeId": "80900af9-e58a-465a-9c8d-21cae981e4a2"
        },
        {
          "botMessageId": "51974450-ba9e-43f1-90ac-cb45de9a7a62",
          "nodeType": "BotMessageNode",
          "id": "654b4579-20a0-4b11-af84-db4cfad91b12",
          "defaultTargetNodeId": "97bae813-1b56-4e1a-ab9e-d709c0caa277"
        },
        {
          "botMessageId": "70f0c638-9fb4-4ff7-9192-7c062c7eb187",
          "nodeType": "BotMessageNode",
          "id": "8e729bfb-36ee-434a-9ddd-0dd84909067f",
          "defaultTargetNodeId": "bcde4d74-092c-4696-816f-26d2e31c6d52"
        },
        {
          "botMessageId": "f3372f08-8d06-400a-9483-a8b0a54626ba",
          "nodeType": "BotMessageNode",
          "id": "bcde4d74-092c-4696-816f-26d2e31c6d52",
          "defaultTargetNodeId": "dd1a8929-fdb1-443a-80c0-a6dffed410f1"
        },
        {
          "botMessageId": "c682d4b1-1bb4-41d6-9699-6cc7c4ffbeee",
          "nodeType": "BotMessageNode",
          "id": "2ef7bdd9-9b07-4fa6-9cbd-f84cc5d3f4d7",
          "defaultTargetNodeId": "8e729bfb-36ee-434a-9ddd-0dd84909067f"
        }
      ],
      "dialogChangeNodes": [
        {
          "targetDialogId": "new_topic_89c49d37fd4c4c1c9144396960733ce1_aeabea4d071f415c8c107e1cb7af5424_assumedsuccess",
          "nodeType": "DialogChangeNode",
          "id": "dd1a8929-fdb1-443a-80c0-a6dffed410f1"
        }
      ],
      "id": "new_topic_527cf52aef804a43bfe022fc69a4f0f4",
      "displayName": "Dialog for Dårlig lydkvalitet i møte",
      "createdTime": "2021-04-09T07:38:15.8757764Z",
      "updatedTime": "2021-04-22T19:17:52.8681161Z",
      "createdUserId": "ef0c8b9a-eff1-49f8-92fa-fd1d3e15e1ba",
      "updatedUserId": "ef0c8b9a-eff1-49f8-92fa-fd1d3e15e1ba"
    }
  ],
  "botMessages": [
    {
      "channelContent": {
        "web": {
          "contentFormat": "Markdown",
          "content": "**Hvis du ikke hører andre:**\n\n*   Sjekk at **høyttaleren din** **er på**. Du kan for eksempel prøve å spille av en video eller en sang.\n*   Hvis **datamaskinen din kjører mange programmer under møtet**, kan du oppleve problemer med lydkvaliteten for eksempel at det henger/lagger. Hvis dette skjer, kan det hjelpe å lukke andre programmer.\n*   Det kan hjelpe å **skru av video** hvis du har dårlig internettforbindelse.\n*   **Noen nettlesere** kan ha problemer med lyd og bilde i Teams. Prøv en annen nettleser eller last ned Teams-appen og se om du fortsatt har samme problem."
        }
      },
      "id": "c268e9cd-10ef-447c-a361-42ff77b32ef8",
      "createdTime": "2021-04-09T07:38:15.8747766Z",
      "updatedTime": "2021-04-09T07:38:15.8747766Z",
      "createdUserId": "ef0c8b9a-eff1-49f8-92fa-fd1d3e15e1ba",
      "updatedUserId": "ef0c8b9a-eff1-49f8-92fa-fd1d3e15e1ba"
    },
    {
      "channelContent": {
        "web": {
          "contentFormat": "Markdown",
          "content": "**Hvis andre ikke hører deg:**\n\n*   Det kan hende at du har blitt dempet **og er på** **mute**.\n*   Det kan hende at du **ikke har konfigurert mikrofonen** din på riktig måte.\n*   Sjekk om mikrofonen **allerede er i bruk** i et annet program.\n*   Hvis du **bruker en Mac**, og du har problemer med å få mikrofonen til å fungere, må du kanskje endre en av innstillingene for personvern.\n*   Det kan hjelpe å **skru av video** hvis du har dårlig internettforbindelse.\n*   Les [mer her.](https://support.microsoft.com/nb-no/office/administrere-lydinnstillinger-i-et-teams-m%C3%B8te-6ea36f9a-827b-47d6-b22e-ec94d5f0f5e4)"
        }
      },
      "id": "1fe0a59d-a7e4-4398-9165-fc6ea9b42ac9",
      "createdTime": "2021-04-15T19:21:57.287Z",
      "updatedTime": "2021-04-15T19:21:57.287Z",
      "createdUserId": "user-0",
      "updatedUserId": "user-0"
    },
    {
      "channelContent": {
        "web": {
          "contentFormat": "Markdown",
          "content": "Her er noen tips for hvordan du kan prøve å feilsøke video- og lydproblemer."
        }
      },
      "id": "51974450-ba9e-43f1-90ac-cb45de9a7a62",
      "createdTime": "2021-04-15T19:34:38.237Z",
      "updatedTime": "2021-04-15T19:34:38.237Z",
      "createdUserId": "user-0",
      "updatedUserId": "user-0"
    },
    {
      "channelContent": {
        "web": {
          "contentFormat": "Markdown",
          "content": "**Tips:**\n\n*   Sjekk om riktig kamera, mikrofon og høyttaler er valgt ved å gå til **Flere handlinger ..** > **Vis enhetsinnstillinger** i møtet.\n*   Skru å skru av all videovisning ved å trykke **Flere handlinger ...** > **Slå av innkommende video**.\n*   Hvis du fremdeles har video eller lydproblemer, kan det være lurt å **bli med i møtet med en annen enhet**.\n*   Prøv å starte Teams på nytt. Husk å alltid bruke den nyeste versjonen av Teams.\n*   Du kan også prøve å ringe inn til møtet med telefonen din."
        }
      },
      "id": "70f0c638-9fb4-4ff7-9192-7c062c7eb187",
      "createdTime": "2021-04-22T16:15:45.595Z",
      "updatedTime": "2021-04-22T16:15:45.595Z",
      "createdUserId": "user-0",
      "updatedUserId": "user-0"
    },
    {
      "channelContent": {
        "web": {
          "contentFormat": "Markdown",
          "content": "**Se også:**\n\n*   [Mikrofonen virker ikke i Teams](https://support.microsoft.com/nb-no/office/mikrofonen-fungerer-ikke-i-microsoft-teams-666d1123-9dd0-4a31-ad2e-a758b204f33a?ui=nb-NO&rs=nb-NO&ad=NO)\n*   [Kameraet fungerer ikke i Microsoft Teams](https://support.microsoft.com/nb-no/office/kameraet-fungerer-ikke-i-microsoft-teams-9581983b-c6f9-40e3-b0d8-122857972ade)\n*   [Løse mikrofonproblemer i Windows](https://support.microsoft.com/nb-no/windows/l%C3%B8se-mikrofonproblemer-5f230348-106d-bfa4-1db5-336f35576011)\n*   [Løse lydproblemer i Windows 10](https://support.microsoft.com/nb-no/windows/l%C3%B8se-lydproblemer-i-windows-10-73025246-b61c-40fb-671a-2535c7cd56c8)\n*   [Kameraet fungerer ikke i Windows](https://support.microsoft.com/nb-no/windows/kameraet-fungerer-ikke-i-windows-10-32adb016-b29c-a928-0073-53d31da0dad5)"
        }
      },
      "id": "f3372f08-8d06-400a-9483-a8b0a54626ba",
      "createdTime": "2021-04-22T16:18:17.53Z",
      "updatedTime": "2021-04-22T16:18:17.53Z",
      "createdUserId": "user-0",
      "updatedUserId": "user-0"
    },
    {
      "channelContent": {
        "web": {
          "contentFormat": "Markdown",
          "content": "**Hvis andre ikke kan se deg:**\n\n*   Sjekk om kameraet **allerede er i bruk** i et annet program.\n*   Hvis du **bruker en Mac**, og du har problemer med å få kameraet til å fungere, må du kanskje endre en av innstillingene for personvern.\n*   Du har **dårlig internettforbindelse** eller **for mange programmer oppe samtidig**.\n*   Hvis du bruker et eksternt kamera, kan du prøve å koble det fra og koble det til igjen."
        }
      },
      "id": "c682d4b1-1bb4-41d6-9699-6cc7c4ffbeee",
      "createdTime": "2021-04-22T16:26:16.419Z",
      "updatedTime": "2021-04-22T16:26:16.419Z",
      "createdUserId": "user-0",
      "updatedUserId": "user-0"
    }
  ],
  "createdUtc": "0001-01-01T00:00:00Z"
}