{
  "intents": [
    {
      "triggerQueries": [
        "Quanti partecipanti telefonici totali posso avere in una riunione?",
        "Qual è il numero massimo di partecipanti per l'audioconferenza?",
        "quante persone possono partecipare a una riunione regolare?",
        "Quante persone possono partecipare alla riunione al telefono?",
        "numero massimo di partecipanti alle riunioni con il telefono?",
        "numero massimo in teleconferenza?",
        "Quanti partecipanti telefonici totali possono esserci nelle riunioni?"
      ],
      "dialogId": "new_topic_af8e01e3d6674b588fefee1e5a8364a5",
      "isTriggeringEnabled": true,
      "id": "new_topic_af8e01e3d6674b588fefee1e5a8364a5",
      "displayName": "Quanti partecipanti telefonici in totale possono esserci nelle riunioni?",
      "createdTime": "2022-04-29T21:40:16.6718748Z",
      "updatedTime": "2022-04-29T21:40:33.5031786Z",
      "createdUserId": "9451fc51-e00d-4445-8ff9-efb70866dc3b",
      "updatedUserId": "9451fc51-e00d-4445-8ff9-efb70866dc3b"
    }
  ],
  "dialogs": [
    {
      "rootNodeId": "00262bd4-ad54-4cc6-9a37-1e9e10ab36c7",
      "messageNodes": [
        {
          "botMessageId": "93e675b9-50dd-473e-aea9-7ceed0c343e8",
          "nodeType": "BotMessageNode",
          "id": "00262bd4-ad54-4cc6-9a37-1e9e10ab36c7",
          "defaultTargetNodeId": "07a3a31f-fb83-4f06-a086-8c0a0ebd1010"
        }
      ],
      "dialogChangeNodes": [
        {
          "targetDialogId": "new_topic_f98a24608ee04cb998de3e3e32703d5b_aeabea4d071f415c8c107e1cb7af5424_assumedsuccess",
          "nodeType": "DialogChangeNode",
          "id": "07a3a31f-fb83-4f06-a086-8c0a0ebd1010"
        }
      ],
      "id": "new_topic_af8e01e3d6674b588fefee1e5a8364a5",
      "displayName": "Senza titolo",
      "createdTime": "2022-04-29T21:40:16.6718748Z",
      "updatedTime": "2022-04-29T21:40:33.5031786Z",
      "createdUserId": "9451fc51-e00d-4445-8ff9-efb70866dc3b",
      "updatedUserId": "9451fc51-e00d-4445-8ff9-efb70866dc3b"
    }
  ],
  "botMessages": [
    {
      "channelContent": {
        "web": {
          "contentFormat": "Markdown",
          "content": "[Il numero di persone che possono partecipare telefonicamente a una riunione](https://docs.microsoft.com/it-it/microsoftteams/limits-specifications-teams) è attualmente di 300 (con licenza A1). Fare clic sul collegamento per le informazioni più recenti man mano che il limite viene aumentato."
        }
      },
      "id": "93e675b9-50dd-473e-aea9-7ceed0c343e8",
      "createdTime": "2022-04-29T21:32:15.267Z",
      "updatedTime": "2022-04-29T21:32:15.267Z"
    }
  ]
}