{
  "intents": [
    {
      "endUserOverrideName": "Activer l'expérience de réunion moderne",
      "triggerQueries": [
        "Comment ouvrir des réunions dans une nouvelle fenêtre?",
        "Activer l'expérience de réunion moderne?",
        "Comment voir ma réunion dans une fenêtre distincte?",
        "je ne vois pas le mode ensemble",
        "je ne vois pas la grande galerie",
        "Nouvelle expérience de réunion",
        "Activer la nouvelle expérience de réunion dans Teams",
        "Comment activer l'expérience de réunion moderne?",
        "Activer l'expérience de réunion moderne"
      ],
      "dialogId": "new_topic_67716a47cf264eb9a05892a712f47011",
      "isTriggeringEnabled": true,
      "id": "new_topic_67716a47cf264eb9a05892a712f47011",
      "displayName": "Activer l'expérience de réunion moderne?",
      "description": "",
      "createdTime": "2021-01-13T22:20:51.2381463Z",
      "updatedTime": "2021-05-24T10:07:47.7335321Z",
      "createdUserId": "f04d3cd9-b73d-4ba9-a1ed-9319eba29b21",
      "updatedUserId": "a2c4aa2c-d830-41eb-bcf4-467a2c7e1279"
    }
  ],
  "dialogs": [
    {
      "rootNodeId": "8524c470-32af-4843-a191-cf1581dfd0d4",
      "messageNodes": [
        {
          "botMessageId": "b9cf6763-c387-4118-9491-5151beed78c2",
          "nodeType": "BotMessageNode",
          "id": "8524c470-32af-4843-a191-cf1581dfd0d4",
          "defaultTargetNodeId": "9bb2fba0-5fd0-42c5-a747-823fbc1cba88"
        },
        {
          "botMessageId": "2136765f-26b6-4de5-b994-17e1dec66c24",
          "nodeType": "BotMessageNode",
          "id": "9bb2fba0-5fd0-42c5-a747-823fbc1cba88",
          "defaultTargetNodeId": "62714893-9e32-43f5-8bce-5d2fc40e9875"
        }
      ],
      "dialogChangeNodes": [
        {
          "targetDialogId": "new_topic_eac3f49c99664313a9d9dc19d80a79a2_aeabea4d071f415c8c107e1cb7af5424_assumedsuccess",
          "nodeType": "DialogChangeNode",
          "id": "62714893-9e32-43f5-8bce-5d2fc40e9875"
        }
      ],
      "id": "new_topic_67716a47cf264eb9a05892a712f47011",
      "displayName": "Dialog for Enable the modern meeting experience?",
      "createdTime": "2021-01-13T22:20:51.2381463Z",
      "updatedTime": "2021-05-24T10:08:35.6576953Z",
      "createdUserId": "f04d3cd9-b73d-4ba9-a1ed-9319eba29b21",
      "updatedUserId": "a2c4aa2c-d830-41eb-bcf4-467a2c7e1279"
    }
  ],
  "botMessages": [
    {
      "channelContent": {
        "web": {
          "contentFormat": "Markdown",
          "content": "Pour activer la nouvelle expérience de réunion:\n\n1.  Ouvrir les **paramètres** dans Teams.\n2.  Cliquez sur **Paramètres généraux**.\n3.  Sélectionner **Activer la nouvelle expérience de réunion**.\n4.  Redémarrer Teams."
        }
      },
      "id": "b9cf6763-c387-4118-9491-5151beed78c2",
      "createdTime": "2021-01-13T22:20:51.2381463Z",
      "updatedTime": "2021-01-13T22:20:51.2381463Z",
      "createdUserId": "f04d3cd9-b73d-4ba9-a1ed-9319eba29b21",
      "updatedUserId": "f04d3cd9-b73d-4ba9-a1ed-9319eba29b21"
    },
    {
      "channelContent": {
        "web": {
          "contentFormat": "Markdown",
          "content": "_Ce choix deviendra / est devenu la norme à l'avenir et n'aura / n'a pas besoin d'être réalisé._"
        }
      },
      "id": "2136765f-26b6-4de5-b994-17e1dec66c24",
      "createdTime": "2021-01-26T09:53:53.907Z",
      "updatedTime": "2021-01-26T09:53:53.907Z",
      "createdUserId": "user-0",
      "updatedUserId": "user-0"
    }
  ],
  "createdUtc": "0001-01-01T00:00:00Z"
}