{
  "intents": [
    {
      "endUserOverrideName": "Does Office and Teams require Internet access?",
      "triggerQueries": [
        "Does Teams require Internet access?",
        "use Teams in Offline mode",
        "offline access to office?",
        "Do I need internet for office?",
        "Can I work offline?",
        "How to reach office offline",
        "Work without internet with office",
        "Do I need internet access?",
        "Does Office require Internet access?"
      ],
      "dialogId": "new_topic_3edb59878c14423aab8b4c00a6be3ccc",
      "isTriggeringEnabled": true,
      "id": "new_topic_3edb59878c14423aab8b4c00a6be3ccc",
      "displayName": "Does Office require Internet access?",
      "description": "",
      "createdTime": "2021-01-13T22:20:51.2381463Z",
      "updatedTime": "2023-11-16T13:48:21.7090339Z",
      "createdUserId": "f04d3cd9-b73d-4ba9-a1ed-9319eba29b21",
      "updatedUserId": "c8d29cfd-efef-47c1-8e02-210c8be30c37"
    }
  ],
  "dialogs": [
    {
      "rootNodeId": "ddaf2106-9f3a-4b6f-9ec5-256520e71fa3",
      "messageNodes": [
        {
          "botMessageId": "5bbe9501-7d34-41cb-8ae6-3cd5c9b60fb8",
          "nodeType": "BotMessageNode",
          "id": "ddaf2106-9f3a-4b6f-9ec5-256520e71fa3",
          "defaultTargetNodeId": "86ab7d83-2375-428b-bc99-aff1dfca3858"
        },
        {
          "botMessageId": "7f435ab2-fbf3-41c5-b366-6579d05d1df7",
          "nodeType": "BotMessageNode",
          "id": "9281b6c7-b12a-45bc-98de-7dc2d6bc5ff0",
          "defaultTargetNodeId": "5928e5aa-cab3-4fd2-b8ea-c5995c92f036"
        },
        {
          "botMessageId": "e213e4db-f0d2-4847-9f4e-05024d240de9",
          "nodeType": "BotMessageNode",
          "id": "5928e5aa-cab3-4fd2-b8ea-c5995c92f036",
          "defaultTargetNodeId": "d98c05bd-3f51-4143-9dfa-b5e23c7ad082"
        },
        {
          "botMessageId": "f506357d-75e7-4fe0-8f52-6b26745f05d0",
          "nodeType": "BotMessageNode",
          "id": "d98c05bd-3f51-4143-9dfa-b5e23c7ad082",
          "defaultTargetNodeId": "7aa6c321-d955-4f01-83fa-7f0f3b50c458"
        },
        {
          "botMessageId": "35f501c9-c658-49b9-9a2c-c68eed82f170",
          "nodeType": "BotMessageNode",
          "id": "7aa6c321-d955-4f01-83fa-7f0f3b50c458",
          "defaultTargetNodeId": "d2a2d5ae-adb4-4c6b-87ad-addeb9af02cc"
        },
        {
          "botMessageId": "91df9445-d651-449f-a07b-abb34a26cb30",
          "nodeType": "BotMessageNode",
          "id": "86ab7d83-2375-428b-bc99-aff1dfca3858",
          "defaultTargetNodeId": "9281b6c7-b12a-45bc-98de-7dc2d6bc5ff0"
        }
      ],
      "dialogChangeNodes": [
        {
          "targetDialogId": "new_topic_eac3f49c99664313a9d9dc19d80a79a2_aeabea4d071f415c8c107e1cb7af5424_assumedsuccess",
          "nodeType": "DialogChangeNode",
          "id": "d2a2d5ae-adb4-4c6b-87ad-addeb9af02cc"
        }
      ],
      "id": "new_topic_3edb59878c14423aab8b4c00a6be3ccc",
      "displayName": "Dialog for Does Office require Internet access?",
      "createdTime": "2021-01-13T22:20:51.2381463Z",
      "updatedTime": "2023-11-16T13:48:21.7090333Z",
      "createdUserId": "f04d3cd9-b73d-4ba9-a1ed-9319eba29b21",
      "updatedUserId": "c8d29cfd-efef-47c1-8e02-210c8be30c37"
    }
  ],
  "botMessages": [
    {
      "channelContent": {
        "web": {
          "contentFormat": "Markdown",
          "content": "You don't need to be connected to the Internet to use Microsoft 365 applications, such as Word, Excel, and PowerPoint, because the applications are fully installed on your computer."
        }
      },
      "id": "5bbe9501-7d34-41cb-8ae6-3cd5c9b60fb8",
      "createdTime": "2021-01-13T22:20:51.2381463Z",
      "updatedTime": "2021-01-13T22:20:51.2381463Z",
      "createdUserId": "f04d3cd9-b73d-4ba9-a1ed-9319eba29b21",
      "updatedUserId": "f04d3cd9-b73d-4ba9-a1ed-9319eba29b21"
    },
    {
      "channelContent": {
        "web": {
          "contentFormat": "Markdown",
          "content": "Internet access is required to install and activate all the latest editions of Office Suites and all Microsoft 365 subscription plans."
        }
      },
      "id": "7f435ab2-fbf3-41c5-b366-6579d05d1df7",
      "createdTime": "2021-01-26T22:42:07.588Z",
      "updatedTime": "2021-01-26T22:42:07.588Z",
      "createdUserId": "user-0",
      "updatedUserId": "user-0"
    },
    {
      "channelContent": {
        "web": {
          "contentFormat": "Markdown",
          "content": "Internet access is also required to access documents stored on OneDrive, unless you install the [OneDrive desktop app.](https://go.microsoft.com/fwlink/p/?LinkID=403721)"
        }
      },
      "id": "e213e4db-f0d2-4847-9f4e-05024d240de9",
      "createdTime": "2021-01-26T22:42:49.63Z",
      "updatedTime": "2021-01-26T22:42:49.63Z",
      "createdUserId": "user-0",
      "updatedUserId": "user-0"
    },
    {
      "channelContent": {
        "web": {
          "contentFormat": "Markdown",
          "content": "You should also connect to the Internet regularly to keep your version up to date and take advantage of automatic upgrades. If you don't connect to the Internet at least every 31 days, your applications will go into reduced functionality mode."
        }
      },
      "id": "f506357d-75e7-4fe0-8f52-6b26745f05d0",
      "createdTime": "2021-01-26T22:43:12.099Z",
      "updatedTime": "2021-01-26T22:43:12.099Z",
      "createdUserId": "user-0",
      "updatedUserId": "user-0"
    },
    {
      "channelContent": {
        "web": {
          "contentFormat": "Markdown",
          "content": "This mode means you can view or print your documents but can’t edit the documents or create new ones.\n\nTo reactivate your applications, just reconnect to the Internet."
        }
      },
      "id": "35f501c9-c658-49b9-9a2c-c68eed82f170",
      "createdTime": "2021-01-26T22:43:40.456Z",
      "updatedTime": "2021-01-26T22:43:40.456Z",
      "createdUserId": "user-0",
      "updatedUserId": "user-0"
    },
    {
      "channelContent": {
        "web": {
          "contentFormat": "Markdown",
          "content": "You can even use Teams in Offline mode. That means users can browse their recent chats and channels as well as those they have pinned. Users can also compose messages for sending later as well"
        }
      },
      "id": "91df9445-d651-449f-a07b-abb34a26cb30",
      "createdTime": "2021-01-26T22:48:14.489Z",
      "updatedTime": "2021-01-26T22:48:14.489Z",
      "createdUserId": "user-0",
      "updatedUserId": "user-0"
    }
  ]
}