{
  "intents": [
    {
      "triggerQueries": [
        "Inviter flere deltagere i en gruppechat",
        "Inviter flere deltakere i en gruppesamtale",
        "Inviter flere til en gruppesamtale",
        "Legg til flere i gruppechatten",
        "Legg til flere personer i en gruppesamtale",
        "Inviter flere medlemmer i chat",
        "Legg til flere medlemmer i chat",
        "Inviter flere personer i en chat",
        "Legg til flere deltagere i en chat",
        "Legg til personer i chat"
      ],
      "dialogId": "new_topic_4e37570dc5cc4164ba9762c064698b0b",
      "isTriggeringEnabled": true,
      "id": "new_topic_4e37570dc5cc4164ba9762c064698b0b",
      "displayName": "Legg til personer i chat",
      "description": "https://norwegianteams.blob.core.windows.net/norwegian-container/Tima - p19 to p33.docx",
      "createdTime": "2021-04-07T14:30:12.0174173Z",
      "updatedTime": "2021-04-22T07:10:00.2845647Z",
      "createdUserId": "ef0c8b9a-eff1-49f8-92fa-fd1d3e15e1ba",
      "updatedUserId": "ef0c8b9a-eff1-49f8-92fa-fd1d3e15e1ba"
    }
  ],
  "dialogs": [
    {
      "rootNodeId": "41e1693f-f59d-45c1-8792-2dd50c5e7de4",
      "messageNodes": [
        {
          "botMessageId": "1e0e01c5-0e86-4822-91ad-3424e2695c8e",
          "nodeType": "BotMessageNode",
          "id": "41e1693f-f59d-45c1-8792-2dd50c5e7de4",
          "defaultTargetNodeId": "6eb54bdc-d679-4932-89a1-16c2cb57b50d"
        },
        {
          "botMessageId": "eb9fe6c1-15b2-4512-80f8-bfd86567b3cf",
          "nodeType": "BotMessageNode",
          "id": "6eb54bdc-d679-4932-89a1-16c2cb57b50d",
          "defaultTargetNodeId": "be8138ed-c41d-4133-96c3-8a3650f53e06"
        },
        {
          "botMessageId": "377263a1-1e3d-4a22-855a-220d3ba59ec5",
          "nodeType": "BotMessageNode",
          "id": "be8138ed-c41d-4133-96c3-8a3650f53e06",
          "defaultTargetNodeId": "238ab20f-9be3-425c-aca5-2227ed6a05de"
        }
      ],
      "dialogChangeNodes": [
        {
          "targetDialogId": "new_topic_89c49d37fd4c4c1c9144396960733ce1_aeabea4d071f415c8c107e1cb7af5424_assumedsuccess",
          "nodeType": "DialogChangeNode",
          "id": "238ab20f-9be3-425c-aca5-2227ed6a05de"
        }
      ],
      "id": "new_topic_4e37570dc5cc4164ba9762c064698b0b",
      "displayName": "Dialog for Legg til personer i chat",
      "createdTime": "2021-04-07T14:30:12.0174173Z",
      "updatedTime": "2021-04-07T14:31:44.4716293Z",
      "createdUserId": "ef0c8b9a-eff1-49f8-92fa-fd1d3e15e1ba",
      "updatedUserId": "ef0c8b9a-eff1-49f8-92fa-fd1d3e15e1ba"
    }
  ],
  "botMessages": [
    {
      "channelContent": {
        "web": {
          "contentFormat": "Markdown",
          "content": "Hvis du vil legge til flere personer i samtalen:\n\n1.  Klikker du bare **Legg til personer** eller **Vis og legg til deltakere** i en gruppesamtale øverst i høyre hjørne av Teams.\n2.  Deretter skriver du inn navnene på personene du vil chatte med\n3.  Velg hvor mye av samtalehistorikken som skal tas med, og klikk på **Legg til**."
        }
      },
      "id": "1e0e01c5-0e86-4822-91ad-3424e2695c8e",
      "createdTime": "2021-04-07T14:30:12.0174173Z",
      "updatedTime": "2021-04-07T14:30:12.0174173Z",
      "createdUserId": "ef0c8b9a-eff1-49f8-92fa-fd1d3e15e1ba",
      "updatedUserId": "ef0c8b9a-eff1-49f8-92fa-fd1d3e15e1ba"
    },
    {
      "channelContent": {
        "web": {
          "contentFormat": "Markdown",
          "content": "**Obs!:** Når du legger til noen i en gruppechat (ikke en-til-en), kan du velge å dele hele samtalehistorikken til gruppechatten."
        }
      },
      "id": "eb9fe6c1-15b2-4512-80f8-bfd86567b3cf",
      "createdTime": "2021-04-07T14:31:30.297Z",
      "updatedTime": "2021-04-07T14:31:30.297Z",
      "createdUserId": "user-0",
      "updatedUserId": "user-0"
    },
    {
      "channelContent": {
        "web": {
          "contentFormat": "Markdown",
          "content": "Teams lagrer hele samtalehistorikken, helt tilbake til den første meldingen som ble sendt. Dersom noen [forlater gruppen](https://support.microsoft.com/nb-no/office/forlate-eller-fjerne-noen-fra-en-gruppechat-7db55a67-0ba4-4409-a399-5ed502a1d094), vil svarene deres fortsette å forbli i samtalehistorikken."
        }
      },
      "id": "377263a1-1e3d-4a22-855a-220d3ba59ec5",
      "createdTime": "2021-04-07T14:31:36.489Z",
      "updatedTime": "2021-04-07T14:31:36.489Z",
      "createdUserId": "user-0",
      "updatedUserId": "user-0"
    }
  ],
  "createdUtc": "0001-01-01T00:00:00Z"
}