{
  "intents": [
    {
      "triggerQueries": [
        "Åpne en fil i SharePoint fra Teams",
        "Hvordan åpner jeg en fil i SharePoint fra Teams?"
      ],
      "dialogId": "new_topic_c7269d413fc14c50a002ed3524447c06",
      "isTriggeringEnabled": true,
      "id": "new_topic_c7269d413fc14c50a002ed3524447c06",
      "displayName": "Hvordan åpner jeg en fil i SharePoint fra Teams?",
      "description": "",
      "createdTime": "2021-04-12T15:11:45.353581Z",
      "updatedTime": "2021-04-12T15:11:45.353581Z",
      "createdUserId": "ef0c8b9a-eff1-49f8-92fa-fd1d3e15e1ba"
    }
  ],
  "dialogs": [
    {
      "rootNodeId": "a04246b7-97cb-4a55-8e31-3c203f55e8f8",
      "messageNodes": [
        {
          "botMessageId": "48ab1cf2-4ab2-4918-bd7c-c30f98be451b",
          "nodeType": "BotMessageNode",
          "id": "a04246b7-97cb-4a55-8e31-3c203f55e8f8",
          "defaultTargetNodeId": "072a0f29-69f1-4f3e-93cf-971e806c13dd"
        },
        {
          "botMessageId": "8d9c9eaa-fff9-4302-81b4-0eac5d590e1c",
          "nodeType": "BotMessageNode",
          "id": "072a0f29-69f1-4f3e-93cf-971e806c13dd",
          "defaultTargetNodeId": "3850afa9-ee4e-42af-a0d7-fed69130bb08"
        }
      ],
      "dialogChangeNodes": [
        {
          "targetDialogId": "new_topic_89c49d37fd4c4c1c9144396960733ce1_aeabea4d071f415c8c107e1cb7af5424_assumedsuccess",
          "nodeType": "DialogChangeNode",
          "id": "3850afa9-ee4e-42af-a0d7-fed69130bb08"
        }
      ],
      "id": "new_topic_c7269d413fc14c50a002ed3524447c06",
      "displayName": "Dialog for Hvordan åpner jeg en fil i SharePoint fra Teams?",
      "createdTime": "2021-04-12T15:11:45.353581Z",
      "updatedTime": "2021-04-12T15:12:22.564414Z",
      "createdUserId": "ef0c8b9a-eff1-49f8-92fa-fd1d3e15e1ba",
      "updatedUserId": "ef0c8b9a-eff1-49f8-92fa-fd1d3e15e1ba"
    }
  ],
  "botMessages": [
    {
      "channelContent": {
        "web": {
          "contentFormat": "Markdown",
          "content": "Hvis du velger **Åpne i SharePoint** fra alternativene for dokument i Teams, får du flere måter å administrere dokumentet på:\n\n*   Finn og åpne tidligere versjoner av et dokument ved hjelp av dokumentloggfunksjoner.\n*   Synkroniser til OneDrive for Bedrifter ved hjelp av Synkroniseringsklienten for OneDrive til å vise Teams-dokumentbibliotekene i Filutforsker.\n*   Vis og administrer hvem som har tilgang til dokumentet."
        }
      },
      "id": "48ab1cf2-4ab2-4918-bd7c-c30f98be451b",
      "createdTime": "2021-04-12T15:11:45.353581Z",
      "updatedTime": "2021-04-12T15:11:45.353581Z",
      "createdUserId": "ef0c8b9a-eff1-49f8-92fa-fd1d3e15e1ba",
      "updatedUserId": "ef0c8b9a-eff1-49f8-92fa-fd1d3e15e1ba"
    },
    {
      "channelContent": {
        "web": {
          "contentFormat": "Markdown",
          "content": "**Tips:** Unngå å gjøre endringer i filer eller mapper i SharePoint-visningen. Gjør dette direkte i Teams hvis det er mulig."
        }
      },
      "id": "8d9c9eaa-fff9-4302-81b4-0eac5d590e1c",
      "createdTime": "2021-04-12T15:12:11.727Z",
      "updatedTime": "2021-04-12T15:12:11.727Z",
      "createdUserId": "user-0",
      "updatedUserId": "user-0"
    }
  ],
  "createdUtc": "0001-01-01T00:00:00Z"
}