{
  "intents": [
    {
      "intentType": "Regular",
      "triggerQueries": [
        "Jag ser inte tillsammansläge",
        "jag ser inte stora galleriet",
        "hur öppnar jag möten i nytt fönster?",
        "Hur får jag möten i separat fönster?",
        "Hur aktiverar jag ny mötesdesign",
        "Nya mötesupplevelsen",
        "Aktivera nya mötesupplevelsen i Teams",
        "Aktivera modern mötesupplevelse?"
      ],
      "dialogId": "new_topic_02490840cc634ddaa4f9bf1eaf060993",
      "isTriggeringEnabled": true,
      "id": "new_topic_02490840cc634ddaa4f9bf1eaf060993",
      "displayName": "Aktivera modern mötesupplevelse?",
      "description": "",
      "createdTime": "2020-11-24T14:37:53.8230909Z",
      "updatedTime": "2020-12-14T13:55:56.150586Z",
      "createdUserId": "f04d3cd9-b73d-4ba9-a1ed-9319eba29b21",
      "updatedUserId": "f04d3cd9-b73d-4ba9-a1ed-9319eba29b21"
    }
  ],
  "dialogs": [
    {
      "rootNodeId": "5f25669d-fa2a-4189-bba9-d859ba36b103",
      "messageNodes": [
        {
          "botMessageId": "4982f6f7-5721-446b-a08c-f0bcbc1d8e42",
          "nodeType": "BotMessageNode",
          "id": "5f25669d-fa2a-4189-bba9-d859ba36b103",
          "defaultTargetNodeId": "46b2f680-9e53-404d-9f27-0da799bebdd6"
        }
      ],
      "dialogChangeNodes": [
        {
          "targetDialogId": "new_topic_84ec227c19784e7ba25cb34f4638f91e_aeabea4d071f415c8c107e1cb7af5424_assumedsuccess",
          "nodeType": "DialogChangeNode",
          "id": "46b2f680-9e53-404d-9f27-0da799bebdd6"
        }
      ],
      "id": "new_topic_02490840cc634ddaa4f9bf1eaf060993",
      "displayName": "Dialog for Aktivera modern mötesupplevelse?",
      "createdTime": "2020-11-24T14:37:53.8230909Z",
      "updatedTime": "2020-12-14T13:57:38.048795Z",
      "createdUserId": "f04d3cd9-b73d-4ba9-a1ed-9319eba29b21",
      "updatedUserId": "f04d3cd9-b73d-4ba9-a1ed-9319eba29b21"
    }
  ],
  "botMessages": [
    {
      "channelContent": {
        "web": {
          "contentFormat": "Markdown",
          "content": "Öppna inställningar i Teams. \n\nKlicka på Allmänna inställningar. \n\nVälj **Aktivera ny mötesupplevelse**.\n\nStarta om Teams genom att högerklicka på dess ikon och välj Avsluta. \n\n_Detta val blir standard framöver och behöver då inte göras._"
        }
      },
      "id": "4982f6f7-5721-446b-a08c-f0bcbc1d8e42",
      "createdTime": "2020-11-24T14:37:53.8230909Z",
      "updatedTime": "2020-11-24T14:37:53.8230909Z",
      "createdUserId": "f04d3cd9-b73d-4ba9-a1ed-9319eba29b21",
      "updatedUserId": "f04d3cd9-b73d-4ba9-a1ed-9319eba29b21"
    }
  ]
}