{
  "intents": [
    {
      "triggerQueries": [
        "Voglio invitare ospiti in un team",
        "l'accesso degli ospiti è disabilitato?",
        "Come aggiungere ospiti ai team",
        "Come aggiungere ospiti a un team?",
        "Come posso invitare gli esterni a unirsi al nostro team",
        "aggiungere persone esterne a un team",
        "Come aggiungere ospiti?",
        "Posso aggiungere persone esterne alla mia organizzazione a un team?",
        "Come aggiungo un ospite a un team?",
        "aggiungere membri esterni a un team",
        "Come faccio ad aggiungere qualcuno al di fuori della mia organizzazione a un team?",
        "perché non posso invitare ospiti?",
        "non è possibile aggiungere ospiti",
        "Aggiungere ospiti a un Team?",
        "abbiamo l'accesso come ospite in Teams?",
        "Non posso invitare ospiti!",
        "Come aggiungo ospiti al mio team?"
      ],
      "dialogId": "new_topic_198d1222aa074215b67ca69b9275c310",
      "isTriggeringEnabled": true,
      "id": "new_topic_198d1222aa074215b67ca69b9275c310",
      "displayName": "Come aggiungere ospiti a un Team?",
      "createdTime": "2022-04-28T23:18:43.0020872Z",
      "updatedTime": "2022-04-28T23:31:06.4322298Z",
      "createdUserId": "9451fc51-e00d-4445-8ff9-efb70866dc3b",
      "updatedUserId": "9451fc51-e00d-4445-8ff9-efb70866dc3b"
    }
  ],
  "dialogs": [
    {
      "rootNodeId": "435c8e71-b68f-4cfb-9cf1-00685d797025",
      "messageNodes": [
        {
          "botMessageId": "e4d608cc-8a70-4892-b3c3-3367aea79b0e",
          "nodeType": "BotMessageNode",
          "id": "e16ac545-0d36-44ad-9810-8990d83d2134",
          "defaultTargetNodeId": "ded046dc-b82a-4953-a94c-b7fbe4eeebbb"
        },
        {
          "botMessageId": "705e1c0c-85ea-4cee-87ff-fa070814b544",
          "nodeType": "BotMessageNode",
          "id": "ded046dc-b82a-4953-a94c-b7fbe4eeebbb",
          "defaultTargetNodeId": "ce1932cb-e23b-4107-b927-3804bbbe1c9a"
        },
        {
          "botMessageId": "1873a22c-bd74-476f-98c0-a7c90c59f5ab",
          "nodeType": "BotMessageNode",
          "id": "ce1932cb-e23b-4107-b927-3804bbbe1c9a",
          "defaultTargetNodeId": "d96c95d2-69bb-4368-9507-6039e064ee70"
        },
        {
          "botMessageId": "c5330d79-9395-4da4-b175-041fe2724c03",
          "nodeType": "BotMessageNode",
          "id": "d96c95d2-69bb-4368-9507-6039e064ee70",
          "defaultTargetNodeId": "82c0f493-0fe2-424c-9952-cd24b0139ada"
        },
        {
          "botMessageId": "33deb902-7e8a-4e40-bb67-bb5c729da656",
          "nodeType": "BotMessageNode",
          "id": "435c8e71-b68f-4cfb-9cf1-00685d797025",
          "defaultTargetNodeId": "e16ac545-0d36-44ad-9810-8990d83d2134"
        }
      ],
      "dialogChangeNodes": [
        {
          "targetDialogId": "new_topic_f98a24608ee04cb998de3e3e32703d5b_aeabea4d071f415c8c107e1cb7af5424_assumedsuccess",
          "nodeType": "DialogChangeNode",
          "id": "82c0f493-0fe2-424c-9952-cd24b0139ada"
        }
      ],
      "id": "new_topic_198d1222aa074215b67ca69b9275c310",
      "displayName": "Senza titolo",
      "createdTime": "2022-04-28T23:18:43.0020872Z",
      "updatedTime": "2022-04-28T23:31:06.4322298Z",
      "createdUserId": "9451fc51-e00d-4445-8ff9-efb70866dc3b",
      "updatedUserId": "9451fc51-e00d-4445-8ff9-efb70866dc3b"
    }
  ],
  "botMessages": [
    {
      "channelContent": {
        "web": {
          "contentFormat": "Markdown",
          "content": "_**Nota:** se ricevi un messaggio di errore durante il tentativo di aggiungere un ospite, la tua azienda non consente gli ospiti._"
        }
      },
      "id": "e4d608cc-8a70-4892-b3c3-3367aea79b0e",
      "createdTime": "2022-04-28T23:14:12.537Z",
      "updatedTime": "2022-04-28T23:14:12.537Z"
    },
    {
      "channelContent": {
        "web": {
          "contentFormat": "Markdown",
          "content": "[**Aggiungi un ospite al tuo team**](https://support.microsoft.com/it-it/office/aggiungere-guest-a-un-team-in-teams-fccb4fa6-f864-4508-bdde-256e7384a14f?ui=en-us&rs=en-us&ad=us)\n\n1.  Seleziona **Team** e trova il tuo team nell'elenco dei team.\n2.  Seleziona **Altre opzioni** (...)\n3.  Seleziona **Aggiungi membri**\n4.  Inserisci l'e-mail dell'ospite e seleziona aggiungi X come ospite.\n5.  Fai clic sull'icona della penna per assegnare al tuo ospite un nome descrittivo come \"Nome Cognome\" **prima** di fare clic su **Aggiungi** ."
        }
      },
      "id": "705e1c0c-85ea-4cee-87ff-fa070814b544",
      "createdTime": "2022-04-28T23:14:33.179Z",
      "updatedTime": "2022-04-28T23:14:33.179Z",
      "createdUserId": "user-0",
      "updatedUserId": "user-0"
    },
    {
      "channelContent": {
        "web": {
          "contentFormat": "Markdown",
          "content": "💡 **Consiglio**_: tratta gli ospiti con rispetto. Un nome descrittivo come \"Nome Cognome\" ti consente anche di @menzionare gli ospiti per nome._"
        }
      },
      "id": "1873a22c-bd74-476f-98c0-a7c90c59f5ab",
      "createdTime": "2022-04-28T23:14:35.626Z",
      "updatedTime": "2022-04-28T23:14:35.626Z",
      "createdUserId": "user-0",
      "updatedUserId": "user-0"
    },
    {
      "channelContent": {
        "web": {
          "contentFormat": "Markdown",
          "content": "Quando hai ospiti nel tuo team, potresti essere curioso di sapere [cosa possono fare i tuoi ospiti](https://support.microsoft.com/it-it/office/capacit%C3%A0-di-proprietari-del-team-membri-e-guest-in-teams-d03fdf5b-1a6e-48e4-8e07-b13e1350ec7b) mentre sono connessi o quali [impostazioni puoi modificare per i tuoi ospiti](https://support.microsoft.com/it-it/office/impostare-le-autorizzazioni-guest-per-i-canali-in-teams-4756c468-2746-4bfd-a582-736d55fcc169)."
        }
      },
      "id": "c5330d79-9395-4da4-b175-041fe2724c03",
      "createdTime": "2022-04-28T23:14:37.978Z",
      "updatedTime": "2022-04-28T23:14:37.978Z",
      "createdUserId": "user-0",
      "updatedUserId": "user-0"
    },
    {
      "channelContent": {
        "web": {
          "contentFormat": "Markdown",
          "content": "**Se sei il proprietario di un team ,** puoi invitare ospiti esterni nel tuo team."
        }
      },
      "id": "33deb902-7e8a-4e40-bb67-bb5c729da656",
      "createdTime": "2022-04-28T23:18:14.716Z",
      "updatedTime": "2022-04-28T23:18:14.716Z",
      "createdUserId": "user-0",
      "updatedUserId": "user-0"
    }
  ]
}