{
  "intents": [
    {
      "endUserOverrideName": "Wat is Teams?",
      "triggerQueries": [
        "wat kan teams",
        "wat doet teams",
        "waarvoor kan je teams gebruiken",
        "waarvoor moet ik teams gebruiken",
        "waarom moet je teams gebruiken",
        "wat doet teams",
        "Wat is MS Teams?",
        "Waarom zou ik Teams gebruiken?",
        "Wat is Teams?"
      ],
      "dialogId": "new_topic_0b7433a5ca074c4a8728e5a9aa6d1f2b",
      "isTriggeringEnabled": true,
      "id": "new_topic_0b7433a5ca074c4a8728e5a9aa6d1f2b",
      "displayName": "Wat is Teams en waarom zou ik het gebruiken?",
      "description": "",
      "createdTime": "2021-03-17T13:57:26.7557049Z",
      "updatedTime": "2021-03-29T23:03:05.3039176Z",
      "createdUserId": "c1e90dc0-1df0-459d-8164-0dcb7915deaf",
      "updatedUserId": "c1e90dc0-1df0-459d-8164-0dcb7915deaf"
    }
  ],
  "dialogs": [
    {
      "rootNodeId": "ef21c002-82e6-4f1c-8363-61a883df996a",
      "messageNodes": [
        {
          "botMessageId": "d5f65de9-68ab-4cdc-be53-6ca5ad91694a",
          "nodeType": "BotMessageNode",
          "id": "ef21c002-82e6-4f1c-8363-61a883df996a",
          "defaultTargetNodeId": "f37782eb-43de-4735-8812-19a7362ba18c"
        },
        {
          "botMessageId": "e0ee813e-5f48-42b8-bdb2-6ccc41965ff4",
          "nodeType": "BotMessageNode",
          "id": "f37782eb-43de-4735-8812-19a7362ba18c",
          "defaultTargetNodeId": "485b7a07-dcdf-47e2-aca0-e02cb7d96c4c"
        }
      ],
      "dialogChangeNodes": [
        {
          "targetDialogId": "new_topic_9d295c394a47419da3b4d205b7ed4c20_aeabea4d071f415c8c107e1cb7af5424_assumedsuccess",
          "nodeType": "DialogChangeNode",
          "id": "485b7a07-dcdf-47e2-aca0-e02cb7d96c4c"
        }
      ],
      "id": "new_topic_0b7433a5ca074c4a8728e5a9aa6d1f2b",
      "displayName": "Dialog for Wat is Teams en waarom zou ik het gebruiken?",
      "createdTime": "2021-03-17T13:57:26.7557049Z",
      "updatedTime": "2021-03-29T23:04:03.26722Z",
      "createdUserId": "c1e90dc0-1df0-459d-8164-0dcb7915deaf",
      "updatedUserId": "c1e90dc0-1df0-459d-8164-0dcb7915deaf"
    }
  ],
  "botMessages": [
    {
      "channelContent": {
        "web": {
          "contentFormat": "Markdown",
          "content": "Teams is een hub voor real-time samenwerking en communicatie, vergaderingen, bestanden en het delen van apps, zelfs emoji's en G-IF's!  Alles op één plek en toegankelijk voor iedereen."
        }
      },
      "id": "d5f65de9-68ab-4cdc-be53-6ca5ad91694a",
      "createdTime": "2021-03-17T13:57:26.7557049Z",
      "updatedTime": "2021-03-17T13:57:26.7557049Z",
      "createdUserId": "c1e90dc0-1df0-459d-8164-0dcb7915deaf",
      "updatedUserId": "c1e90dc0-1df0-459d-8164-0dcb7915deaf"
    },
    {
      "channelContent": {
        "web": {
          "contentFormat": "Markdown",
          "content": "💡Dit is waarom je teams moet gebruiken:\n\n*   Moderne chat 💬 met tekst, audio, video en het delen van bestanden.\n*   [Start een privégesprek](https://support.microsoft.com/nl-nl/office/start-a-chat-in-teams-0c71b32b-c050-4930-a887-5afbe742b3d8) om een idee te ontwikkelen en deel het [vervolgens met de hele organisatie.](https://support.microsoft.com/nl-nl/office/learn-about-teams-and-channels-5e4fd702-85f5-48d7-ae14-98821a1f90d3)\n*   Bewaar uw bestanden, documenten en meer op [één plaats. 📕](https://support.microsoft.com/nl-nl/office/explore-the-files-list-in-teams-287ba970-2bdf-473d-a2da-76247ea4cf8f)\n*   [Integreer je favoriete](https://appsource.microsoft.com/nl-NL/marketplace/apps?product=teams) apps Miro, Planner, Trello, Workday en nog veel meer."
        }
      },
      "id": "e0ee813e-5f48-42b8-bdb2-6ccc41965ff4",
      "createdTime": "2021-03-17T13:58:08.365Z",
      "updatedTime": "2021-03-17T13:58:08.365Z",
      "createdUserId": "user-0",
      "updatedUserId": "user-0"
    }
  ],
  "createdUtc": "0001-01-01T00:00:00Z"
}