{
  "intents": [
    {
      "endUserOverrideName": "Senaste nyheterna i Teams?",
      "triggerQueries": [
        "Senaste nyheterna i Teams?",
        "När kommer den nya funktionen?",
        "När får vi nya funktioner?",
        "Kommer det några nya uppdateringar snart?",
        "Berätta vad som är nytt i Teams?",
        "Var publiceras alla nyheter här?",
        "Berätta om några nyheter i Teams",
        "Senaste nytt i Teamsappen?",
        "Läs om de senaaste uppdateringarna i Teams?",
        "Nyheter i Teams för Surface Hub?",
        "Nyheter för MTR",
        "Nyheter för Microsoft Teams Rooms",
        "Hur vet jag om det finns nya funktioner?",
        "Hitta alla nya funktioner",
        "Se släppta nyheter",
        "Det kommer så mycket nytt i Teams. Var ser jag det?",
        "Var finns alla nyheter i Teams?",
        "Visa mig alla nyheter",
        "Nyheter för Teams på iOS",
        "Nyheter för Teams på iPhone?",
        "Nyheter för Teams på android?",
        "Nyheter för teams på mobilen",
        "Nyheter i Teams",
        "Hur vet jag när en ny funktion kommer?",
        "Var kan jag läsa om nyheter för Teams?",
        "Var ser jag alla nya funktioner?",
        "Hitta senaste nytt om teams",
        "Var hittar jag senaste nyheterna om Teams?"
      ],
      "dialogId": "new_topic_0d358d8868084298b35f4079c1d504a0",
      "isTriggeringEnabled": true,
      "id": "new_topic_0d358d8868084298b35f4079c1d504a0",
      "displayName": "Var hittar jag senaste nyheterna om Teams?",
      "description": "https://faqtimafiles.blob.core.windows.net/filesfortima-adoptbot/svenska frågor till adoptbot PVA (Swedish QnA for AdoptBot).docx",
      "createdTime": "2020-12-15T11:08:13.9154681Z",
      "updatedTime": "2020-12-21T10:08:49.0016488Z",
      "createdUserId": "f04d3cd9-b73d-4ba9-a1ed-9319eba29b21",
      "updatedUserId": "f04d3cd9-b73d-4ba9-a1ed-9319eba29b21"
    }
  ],
  "dialogs": [
    {
      "rootNodeId": "6b6a3913-b053-4b82-b804-e67d953b5979",
      "messageNodes": [
        {
          "botMessageId": "cb7320d9-2251-4bf1-91e8-2852506a8ff2",
          "nodeType": "BotMessageNode",
          "id": "6b6a3913-b053-4b82-b804-e67d953b5979",
          "defaultTargetNodeId": "112e6e9c-dad4-4628-b0e9-55e805f9facd"
        },
        {
          "botMessageId": "2923b677-a03b-46aa-96c3-ee770d59786f",
          "nodeType": "BotMessageNode",
          "id": "112e6e9c-dad4-4628-b0e9-55e805f9facd"
        }
      ],
      "id": "new_topic_0d358d8868084298b35f4079c1d504a0",
      "displayName": "Dialog for Var hittar jag senaste nyheterna om Teams?",
      "createdTime": "2020-12-15T11:08:13.9154681Z",
      "updatedTime": "2020-12-15T11:10:02.0346603Z",
      "createdUserId": "f04d3cd9-b73d-4ba9-a1ed-9319eba29b21",
      "updatedUserId": "f04d3cd9-b73d-4ba9-a1ed-9319eba29b21"
    }
  ],
  "botMessages": [
    {
      "channelContent": {
        "web": {
          "contentFormat": "Markdown",
          "content": "Kul att du är nyfiken {7bd4f62b-7262-40bc-8c63-8c540568cf6c} 🙂👍. \n\nSkriv bara ”**/Nyheter**” i Teams sökruta!  \nDu kan även klicka på Hjälp-knappen i Teams och där välja Nyheter.\n\n_OBS! Din organisation kan ha valt att avaktivera någon funktion._"
        }
      },
      "id": "cb7320d9-2251-4bf1-91e8-2852506a8ff2",
      "createdTime": "2020-12-15T11:08:13.9154681Z",
      "updatedTime": "2020-12-15T11:08:13.9154681Z",
      "createdUserId": "f04d3cd9-b73d-4ba9-a1ed-9319eba29b21",
      "updatedUserId": "f04d3cd9-b73d-4ba9-a1ed-9319eba29b21"
    },
    {
      "channelContent": {
        "web": {
          "contentFormat": "Markdown",
          "content": "[Alla aktiverade nyheter publiceras även löpande här på webben](https://support.microsoft.com/sv-se/office/nyheter-i-microsoft-teams-d7092a6d-c896-424c-b362-a472d5f105de#PickTab=Desktop_and_web).  \nVälj vilken enhet du vill se nyheter för. Hoppas detta var ett bra tips 💡✨😉"
        }
      },
      "id": "2923b677-a03b-46aa-96c3-ee770d59786f",
      "createdTime": "2020-12-15T11:08:51.714Z",
      "updatedTime": "2020-12-15T11:08:51.714Z",
      "createdUserId": "user-0",
      "updatedUserId": "user-0"
    }
  ]
}