{
  "intents": [
    {
      "triggerQueries": [
        "Channel 채널 숨기지 않는 옵션 단계",
        "Channel 채널 볼 수 보는 옵션",
        "특정 채널 표시",
        "Channel 보려면 어떻게",
        "Channel 채널 보는 단계",
        "채널을 숨기지 않는 방법은 무엇입니까?"
      ],
      "dialogId": "new_topic_21e796cb61e342978d290252a6913caf",
      "isTriggeringEnabled": true,
      "id": "new_topic_21e796cb61e342978d290252a6913caf",
      "displayName": "채널을 보는 방법은 무엇입니까?",
      "description": "https://adoptbotv2kb.blob.core.windows.net/%24web/adoptbot2021-Korean.docx",
      "createdTime": "2021-03-18T03:39:18.7456548Z",
      "updatedTime": "2021-04-06T12:52:53.5833343Z",
      "createdUserId": "e47109d8-0300-4e59-a90d-56bb29886c9e",
      "updatedUserId": "e47109d8-0300-4e59-a90d-56bb29886c9e"
    }
  ],
  "dialogs": [
    {
      "rootNodeId": "ad814d94-7ba7-4d41-a8da-7c1343eb7706",
      "messageNodes": [
        {
          "botMessageId": "cdbb50be-2898-413d-bd54-43b7643a3c2e",
          "nodeType": "BotMessageNode",
          "id": "ad814d94-7ba7-4d41-a8da-7c1343eb7706",
          "defaultTargetNodeId": "46d5b2bd-3397-40fe-bd1b-ff4a3d80bacb"
        }
      ],
      "dialogChangeNodes": [
        {
          "targetDialogId": "new_topic_2bf23930c1d146129dfe38bacb94ccd0_aeabea4d071f415c8c107e1cb7af5424_assumedsuccess",
          "nodeType": "DialogChangeNode",
          "id": "46d5b2bd-3397-40fe-bd1b-ff4a3d80bacb"
        }
      ],
      "id": "new_topic_21e796cb61e342978d290252a6913caf",
      "displayName": "Dialog for 채널을 숨기지 않는 방법은 무엇입니까?",
      "createdTime": "2021-03-18T03:39:18.7456548Z",
      "updatedTime": "2021-04-06T12:50:30.3303342Z",
      "createdUserId": "e47109d8-0300-4e59-a90d-56bb29886c9e",
      "updatedUserId": "e47109d8-0300-4e59-a90d-56bb29886c9e"
    }
  ],
  "botMessages": [
    {
      "channelContent": {
        "web": {
          "contentFormat": "Markdown",
          "content": "채널 이름에서, 기타 옵션> 표시 선택하십시오."
        }
      },
      "id": "cdbb50be-2898-413d-bd54-43b7643a3c2e",
      "createdTime": "2021-03-18T03:39:18.7456548Z",
      "updatedTime": "2021-03-18T03:39:18.7456548Z",
      "createdUserId": "e47109d8-0300-4e59-a90d-56bb29886c9e",
      "updatedUserId": "e47109d8-0300-4e59-a90d-56bb29886c9e"
    }
  ],
  "createdUtc": "0001-01-01T00:00:00Z"
}