{
  "intents": [
    {
      "endUserOverrideName": "Ändra roll",
      "triggerQueries": [
        "Kan jag ändra roll på en teammedlem?",
        "Kan jag ändra roll på en medlem?",
        "Är det möjligt att ändra någons roll från medlem till ägare av ett team?"
      ],
      "dialogId": "new_topic_140e5ed486f44136a2abd648d225a5e6",
      "isTriggeringEnabled": true,
      "id": "new_topic_140e5ed486f44136a2abd648d225a5e6",
      "displayName": "Är det möjligt att ändra någons roll från medlem till ägare av ett team?",
      "description": "https://intranat.helsingborg.se/wp-content/uploads/2020/11/svenska-fracc8agor-till-adoptbot-pva.docx",
      "createdTime": "2020-11-24T14:37:53.8230909Z",
      "updatedTime": "2020-12-10T07:13:47.6959285Z",
      "createdUserId": "f04d3cd9-b73d-4ba9-a1ed-9319eba29b21",
      "updatedUserId": "844fcc91-8b17-49d9-9824-79f412da094a"
    }
  ],
  "dialogs": [
    {
      "rootNodeId": "ec366ffb-7786-44a3-8b3f-c45d844a3874",
      "messageNodes": [
        {
          "botMessageId": "c84bbf6b-4113-4d6e-8d48-cfbb0bf7c902",
          "nodeType": "BotMessageNode",
          "id": "ec366ffb-7786-44a3-8b3f-c45d844a3874",
          "defaultTargetNodeId": "c8252f03-f3a3-4ff0-8f63-c72694217aeb"
        }
      ],
      "dialogChangeNodes": [
        {
          "targetDialogId": "new_topic_84ec227c19784e7ba25cb34f4638f91e_aeabea4d071f415c8c107e1cb7af5424_assumedsuccess",
          "nodeType": "DialogChangeNode",
          "id": "c8252f03-f3a3-4ff0-8f63-c72694217aeb"
        }
      ],
      "id": "new_topic_140e5ed486f44136a2abd648d225a5e6",
      "displayName": "Dialog for Är det möjligt att ändra någons roll från medlem till ägare av ett team?",
      "createdTime": "2020-11-24T14:37:53.8230909Z",
      "updatedTime": "2020-11-24T14:37:53.8230909Z",
      "createdUserId": "f04d3cd9-b73d-4ba9-a1ed-9319eba29b21",
      "updatedUserId": "f04d3cd9-b73d-4ba9-a1ed-9319eba29b21"
    }
  ],
  "botMessages": [
    {
      "channelContent": {
        "web": {
          "contentFormat": "Markdown",
          "content": "Ja. Hitta det team som du har skapat, klicka på Fler alternativ&gt; Hantera team.\r\n\r\nGå sedan till fliken Medlemmar. Hitta de personer du vill utse till teamägare.\r\n\r\nKlicka på Ägare under Roll.\r\n\r\nTips: Se till att ha minst två ägare per team. Detta garanterar en backup-kontakt ifall en av ägarna är otillgänglig."
        }
      },
      "id": "c84bbf6b-4113-4d6e-8d48-cfbb0bf7c902",
      "createdTime": "2020-11-24T14:37:53.8230909Z",
      "updatedTime": "2020-11-24T14:37:53.8230909Z",
      "createdUserId": "f04d3cd9-b73d-4ba9-a1ed-9319eba29b21",
      "updatedUserId": "f04d3cd9-b73d-4ba9-a1ed-9319eba29b21"
    }
  ]
}