{
  "intents": [
    {
      "endUserOverrideName": "手機加入 Teams 會議？",
      "triggerQueries": [
        "How do I join a meeting in Teams from my phone?",
        "Join Teams meeting from a phone",
        "從手機加入 Teams 會議",
        "如何通過手機加入 Teams 會議？",
        "通過手機加入 Teams 會議"
      ],
      "dialogId": "new_topic_92857115b8eb4dc5b9b33a9567fbaff8",
      "isTriggeringEnabled": true,
      "id": "new_topic_92857115b8eb4dc5b9b33a9567fbaff8",
      "displayName": "如何通過手機加入 Teams 會議？",
      "description": "",
      "createdTime": "2021-11-16T06:10:07.2811696Z",
      "updatedTime": "2021-11-16T07:32:24.6986274Z",
      "createdUserId": "9c968d43-f7c2-4e28-895c-1f6bcefcd8be",
      "updatedUserId": "9c968d43-f7c2-4e28-895c-1f6bcefcd8be"
    }
  ],
  "dialogs": [
    {
      "rootNodeId": "db94f338-cc81-41f8-b4f5-45ec1c7cee76",
      "messageNodes": [
        {
          "botMessageId": "92a1572a-09ec-438f-b4fd-6ac45fd6ce98",
          "nodeType": "BotMessageNode",
          "id": "db94f338-cc81-41f8-b4f5-45ec1c7cee76",
          "defaultTargetNodeId": "90ac616d-35cb-4a7a-b762-78a678459fce"
        }
      ],
      "dialogChangeNodes": [
        {
          "targetDialogId": "new_topic_e2d1671328b941dbb60fa7150059b1ee_aeabea4d071f415c8c107e1cb7af5424_assumedsuccess",
          "nodeType": "DialogChangeNode",
          "id": "90ac616d-35cb-4a7a-b762-78a678459fce"
        }
      ],
      "id": "new_topic_92857115b8eb4dc5b9b33a9567fbaff8",
      "displayName": "Dialog for 如何通過手機加入 Teams 會議？",
      "createdTime": "2021-11-16T06:10:07.2811696Z",
      "updatedTime": "2021-11-16T07:32:24.6986274Z",
      "createdUserId": "9c968d43-f7c2-4e28-895c-1f6bcefcd8be",
      "updatedUserId": "9c968d43-f7c2-4e28-895c-1f6bcefcd8be"
    }
  ],
  "botMessages": [
    {
      "channelContent": {
        "web": {
          "contentFormat": "Markdown",
          "content": "從您的行動裝置，打開團隊應用程式並點擊**行事曆**。\n\n然後點選「加入」按鈕，查看您的會議。\n\n有關更多選項，請參閱此[連結](https://support.microsoft.com/zh-tw/office/%E5%9C%A8-teams-%E4%B8%AD%E5%8A%A0%E5%85%A5%E6%9C%83%E8%AD%B0-1613bb53-f3fa-431e-85a9-d6a91e3468c9)"
        }
      },
      "id": "92a1572a-09ec-438f-b4fd-6ac45fd6ce98",
      "createdTime": "2021-11-16T06:10:07.2811696Z",
      "updatedTime": "2021-11-16T06:10:07.2811696Z",
      "createdUserId": "9c968d43-f7c2-4e28-895c-1f6bcefcd8be",
      "updatedUserId": "9c968d43-f7c2-4e28-895c-1f6bcefcd8be"
    }
  ]
}