{
  "intents": [
    {
      "triggerQueries": [
        "팀 채널 무엇 선택",
        "언제 팀 사용 채널 사용",
        "팀 무엇 채널 무엇",
        "팀 채널 구별 무엇",
        "팀 채널 차이 차이점",
        "팀과 채널의 차이점은 무엇입니까?"
      ],
      "dialogId": "new_topic_ea3da3b540594053850ba8db137bbbb6",
      "isTriggeringEnabled": true,
      "id": "new_topic_ea3da3b540594053850ba8db137bbbb6",
      "displayName": "팀과 채널의 차이점은 무엇입니까?",
      "description": "https://adoptbotv2kb.blob.core.windows.net/%24web/adoptbot2021-Korean.docx",
      "createdTime": "2021-03-18T03:39:18.7446546Z",
      "updatedTime": "2021-04-09T06:47:01.1571501Z",
      "createdUserId": "e47109d8-0300-4e59-a90d-56bb29886c9e",
      "updatedUserId": "e47109d8-0300-4e59-a90d-56bb29886c9e"
    }
  ],
  "dialogs": [
    {
      "rootNodeId": "29993825-9517-471b-8ab3-9cde29adfaa2",
      "messageNodes": [
        {
          "botMessageId": "18202b31-a9c8-4b5b-b7e4-e713ad1f83ac",
          "nodeType": "BotMessageNode",
          "id": "5c5b6e85-5b83-453b-a2a7-1b76ed787d58",
          "defaultTargetNodeId": "b01a6a3c-c187-4b34-92db-34d1a4554a5a"
        },
        {
          "botMessageId": "c8d650b6-bcaa-406f-98a4-28b10fb54689",
          "nodeType": "BotMessageNode",
          "id": "29993825-9517-471b-8ab3-9cde29adfaa2",
          "defaultTargetNodeId": "e441c09e-7f9c-47c2-8c3c-5adb5778745a"
        },
        {
          "botMessageId": "57dd2afd-ed38-423f-aebc-5e3ba739d03d",
          "nodeType": "BotMessageNode",
          "id": "e441c09e-7f9c-47c2-8c3c-5adb5778745a",
          "defaultTargetNodeId": "431ec800-f9d1-4e97-85e3-4b7971625dac"
        },
        {
          "botMessageId": "ce758718-5201-4834-bd30-1dd1425ed45c",
          "nodeType": "BotMessageNode",
          "id": "431ec800-f9d1-4e97-85e3-4b7971625dac",
          "defaultTargetNodeId": "5c5b6e85-5b83-453b-a2a7-1b76ed787d58"
        },
        {
          "botMessageId": "70ad1f28-6df6-427d-8cb5-08144038f517",
          "nodeType": "BotMessageNode",
          "id": "b01a6a3c-c187-4b34-92db-34d1a4554a5a",
          "defaultTargetNodeId": "3b4d8bd8-6489-4d29-89a4-f2537a4deb5b"
        }
      ],
      "dialogChangeNodes": [
        {
          "targetDialogId": "new_topic_2bf23930c1d146129dfe38bacb94ccd0_aeabea4d071f415c8c107e1cb7af5424_assumedsuccess",
          "nodeType": "DialogChangeNode",
          "id": "3b4d8bd8-6489-4d29-89a4-f2537a4deb5b"
        }
      ],
      "id": "new_topic_ea3da3b540594053850ba8db137bbbb6",
      "displayName": "Dialog for 팀과 채널의 차이점은 무엇입니까?",
      "createdTime": "2021-03-18T03:39:18.7446546Z",
      "updatedTime": "2021-04-09T06:46:50.1054648Z",
      "createdUserId": "e47109d8-0300-4e59-a90d-56bb29886c9e",
      "updatedUserId": "e47109d8-0300-4e59-a90d-56bb29886c9e"
    }
  ],
  "botMessages": [
    {
      "channelContent": {
        "web": {
          "contentFormat": "Markdown",
          "content": "**예를 들면**, 팀에는 일반, 마케팅 및 더 많은 채널이 있을 수 있습니다. 마케팅 채널의 모든 대화, 회의, 파일 및 앱은 마케팅과 관련이 있으며 해당 채널의 모든 것이 팀의 모든 사람에게 표시됩니다."
        }
      },
      "id": "18202b31-a9c8-4b5b-b7e4-e713ad1f83ac",
      "createdTime": "2021-03-18T03:39:18.7446546Z",
      "updatedTime": "2021-03-18T03:39:18.7446546Z",
      "createdUserId": "e47109d8-0300-4e59-a90d-56bb29886c9e",
      "updatedUserId": "e47109d8-0300-4e59-a90d-56bb29886c9e"
    },
    {
      "channelContent": {
        "web": {
          "contentFormat": "Markdown",
          "content": "**팀**은 조직에서 큰 성과를 내기 위해 모인 사람들의 그룹입니다. 때로는 전체 조직일 수 있습니다."
        }
      },
      "id": "c8d650b6-bcaa-406f-98a4-28b10fb54689",
      "createdTime": "2021-04-09T06:44:01.204Z",
      "updatedTime": "2021-04-09T06:44:01.204Z",
      "createdUserId": "user-0",
      "updatedUserId": "user-0"
    },
    {
      "channelContent": {
        "web": {
          "contentFormat": "Markdown",
          "content": "**채널 대화는 공개**이지만, **채팅은 당신과 다른 사람 (또는 사람 그룹)에 한정**합니다. Skype for Business 또는 기타 메시징 앱에서 인스턴트 메시지처럼 생각하십시오."
        }
      },
      "id": "57dd2afd-ed38-423f-aebc-5e3ba739d03d",
      "createdTime": "2021-04-09T06:44:21.033Z",
      "updatedTime": "2021-04-09T06:44:21.033Z",
      "createdUserId": "user-0",
      "updatedUserId": "user-0"
    },
    {
      "channelContent": {
        "web": {
          "contentFormat": "Markdown",
          "content": "**팀은** 팀 동료와의 협업과 커뮤니케이션하는 **채널로 구성됩니다.** 각 채널은 특정 주제, 부서 또는 프로젝트에 전념합니다."
        }
      },
      "id": "ce758718-5201-4834-bd30-1dd1425ed45c",
      "createdTime": "2021-04-09T06:45:44.187Z",
      "updatedTime": "2021-04-09T06:45:44.187Z",
      "createdUserId": "user-0",
      "updatedUserId": "user-0"
    },
    {
      "channelContent": {
        "web": {
          "contentFormat": "Markdown",
          "content": "**채널**은 작업이 실제로 완료되는 곳, 전체 팀에 공개되는 [텍스트, 오디오 및 비디오 대화](https://support.microsoft.com/ko-kr/office/meetings-in-teams-e0b0ae21-53ee-4462-a50d-ca9b9e217b67) 가 이루어지고, [파일이 공유되는 곳](https://support.microsoft.com/ko-kr/office/share-a-file-in-teams-0c4d34ee-5dd8-46d5-ab35-0d227b5e6eb5) , [앱이 추가](https://support.microsoft.com/ko-kr/office/share-a-file-in-teams-0c4d34ee-5dd8-46d5-ab35-0d227b5e6eb5) 되는 위치입니다."
        }
      },
      "id": "70ad1f28-6df6-427d-8cb5-08144038f517",
      "createdTime": "2021-04-09T06:46:28.514Z",
      "updatedTime": "2021-04-09T06:46:28.514Z",
      "createdUserId": "user-0",
      "updatedUserId": "user-0"
    }
  ],
  "createdUtc": "0001-01-01T00:00:00Z"
}