{
  "intents": [
    {
      "triggerQueries": [
        "Jak wyświetlić ukryty kanał?",
        "wyświetlanie ukrytego kanału",
        "Chcę pokazać kanał, który wcześniej ukryłem",
        "cofanie ukrycia kanału",
        "Jak wyświetlić ukryty kanał?",
        "Chcę zobaczyć wszystkie ukryte kanały",
        "Chcę pokazać ukryty kanał",
        "Pokaż ukryty kanał",
        "Jak zobaczyć ukryte kanały?"
      ],
      "dialogId": "new_topic_9315befac25445cab469bf558711177c",
      "isTriggeringEnabled": true,
      "id": "new_topic_9315befac25445cab469bf558711177c",
      "displayName": "Jak zobaczyć ukryte kanały?",
      "description": "",
      "createdTime": "2021-09-26T17:55:49.0866646Z",
      "updatedTime": "2021-10-18T14:59:34.7508729Z",
      "createdUserId": "28fac8cb-bec7-48c9-a688-5024cf318b8a",
      "updatedUserId": "28fac8cb-bec7-48c9-a688-5024cf318b8a"
    }
  ],
  "dialogs": [
    {
      "rootNodeId": "7540736e-81ba-46ba-8692-73726062abaa",
      "messageNodes": [
        {
          "botMessageId": "4fec29c9-0267-41f3-af19-798d65eacdef",
          "nodeType": "BotMessageNode",
          "id": "7540736e-81ba-46ba-8692-73726062abaa",
          "defaultTargetNodeId": "51cc5478-833e-4048-9d37-e912b648503a"
        }
      ],
      "dialogChangeNodes": [
        {
          "targetDialogId": "new_topic_d4ee79ce05584b519ee7d416fda7e2a3_aeabea4d071f415c8c107e1cb7af5424_assumedsuccess",
          "nodeType": "DialogChangeNode",
          "id": "51cc5478-833e-4048-9d37-e912b648503a"
        }
      ],
      "id": "new_topic_9315befac25445cab469bf558711177c",
      "displayName": "Dialog for Jak zobaczyć ukryte kanały?",
      "createdTime": "2021-09-26T17:55:49.0866646Z",
      "updatedTime": "2021-10-18T15:04:19.3233193Z",
      "createdUserId": "28fac8cb-bec7-48c9-a688-5024cf318b8a",
      "updatedUserId": "28fac8cb-bec7-48c9-a688-5024cf318b8a"
    }
  ],
  "botMessages": [
    {
      "channelContent": {
        "web": {
          "contentFormat": "Markdown",
          "content": "Po kliknięciu w nazwę zespołu wyświetla się lista kanałów, jeżeli jakieś kanały są ukryte, na liście kanałów jest na końcu pozycja mówiąca o ich liczbie – np. **1 ukryty kanał** albo **Liczba ukrytych kanałów: 5**, jeżeli tych kanałów jest w tym przykładzie 5. Po wybraniu kanału, który chcemy uczynić widocznym, wybierz pozycję **Pokaż**."
        }
      },
      "id": "4fec29c9-0267-41f3-af19-798d65eacdef",
      "createdTime": "2021-09-26T17:55:49.0866646Z",
      "updatedTime": "2021-09-26T17:55:49.0866646Z",
      "createdUserId": "28fac8cb-bec7-48c9-a688-5024cf318b8a",
      "updatedUserId": "28fac8cb-bec7-48c9-a688-5024cf318b8a"
    }
  ]
}