{
  "intents": [
    {
      "triggerQueries": [
        "OneDrive 원드라이브 저장 파일 Offline 오프라인 사용 열기 액세스 오픈",
        "Wifi 없이 OneDrive 원드라이브 문서 액세스 연결 오픈 열기",
        "연결 없이 문서 액세스 연결 오픈",
        "OneDrive 원드라이브 저장 문서 Offline 오프라인 사용 열기 액세스 오픈",
        "OneDrive에 저장된 내 문서를 오프라인에서 사용할 수 있습니까?"
      ],
      "dialogId": "new_topic_b97da95dbf7548e9827a45e0336b06f8",
      "isTriggeringEnabled": true,
      "id": "new_topic_b97da95dbf7548e9827a45e0336b06f8",
      "displayName": "OneDrive에 저장된 내 문서를 오프라인에서 사용할 수 있습니까?",
      "description": "https://adoptbotv2kb.blob.core.windows.net/%24web/adoptbot2021-Korean.docx",
      "createdTime": "2021-03-18T03:39:18.7456548Z",
      "updatedTime": "2021-04-08T05:51:53.4586438Z",
      "createdUserId": "e47109d8-0300-4e59-a90d-56bb29886c9e",
      "updatedUserId": "e47109d8-0300-4e59-a90d-56bb29886c9e"
    }
  ],
  "dialogs": [
    {
      "rootNodeId": "05145f11-3e9b-4313-ad8d-42c9b5b852e0",
      "messageNodes": [
        {
          "botMessageId": "6fc32971-c967-47e7-bac1-aab3b3922f49",
          "nodeType": "BotMessageNode",
          "id": "1c135690-89e8-4d28-8f15-cfd8d6f59cdc",
          "defaultTargetNodeId": "6e2b948b-6595-421b-9cb3-5b3c12367704"
        },
        {
          "botMessageId": "b05d801d-591d-4487-9406-a19ac65a732c",
          "nodeType": "BotMessageNode",
          "id": "05145f11-3e9b-4313-ad8d-42c9b5b852e0",
          "defaultTargetNodeId": "1c135690-89e8-4d28-8f15-cfd8d6f59cdc"
        }
      ],
      "dialogChangeNodes": [
        {
          "targetDialogId": "new_topic_2bf23930c1d146129dfe38bacb94ccd0_aeabea4d071f415c8c107e1cb7af5424_assumedsuccess",
          "nodeType": "DialogChangeNode",
          "id": "6e2b948b-6595-421b-9cb3-5b3c12367704"
        }
      ],
      "id": "new_topic_b97da95dbf7548e9827a45e0336b06f8",
      "displayName": "Dialog for OneDrive에 저장된 내 문서를 오프라인에서 사용할 수 있습니까?",
      "createdTime": "2021-03-18T03:39:18.7456548Z",
      "updatedTime": "2021-04-08T05:51:41.9195098Z",
      "createdUserId": "e47109d8-0300-4e59-a90d-56bb29886c9e",
      "updatedUserId": "e47109d8-0300-4e59-a90d-56bb29886c9e"
    }
  ],
  "botMessages": [
    {
      "channelContent": {
        "web": {
          "contentFormat": "Markdown",
          "content": "인터넷을 다시 연결하면, OneDrive는 오프라인에서 변경한 내용들을 온라인 버전에 업데이트합니다.\n\n자세한 내용은 [Windows 10용 OneDrive](https://support.microsoft.com/ko-kr/office/windows%ec%97%90%ec%84%9c-onedrive%eb%a5%bc-%ec%82%ac%ec%9a%a9%ed%95%98%ec%97%ac-%ed%8c%8c%ec%9d%bc-%eb%8f%99%ea%b8%b0%ed%99%94-615391c4-2bd3-4aae-a42a-858262e42a49?ui=ko-KR&rs=ko-KR&ad=KR) 를 방문하세요."
        }
      },
      "id": "6fc32971-c967-47e7-bac1-aab3b3922f49",
      "createdTime": "2021-03-18T03:39:18.7456548Z",
      "updatedTime": "2021-03-18T03:39:18.7456548Z",
      "createdUserId": "e47109d8-0300-4e59-a90d-56bb29886c9e",
      "updatedUserId": "e47109d8-0300-4e59-a90d-56bb29886c9e"
    },
    {
      "channelContent": {
        "web": {
          "contentFormat": "Markdown",
          "content": "Windows 10을 사용하는 경우, OneDrive가 사전 설치됩니다. 인터넷에 연결되어 있지 않을 때 문서에 액세스하려면, PC에서 파일 탐색기를 열고 OneDrive 폴더로 이동합니다."
        }
      },
      "id": "b05d801d-591d-4487-9406-a19ac65a732c",
      "createdTime": "2021-04-08T05:51:24.547Z",
      "updatedTime": "2021-04-08T05:51:24.547Z",
      "createdUserId": "user-0",
      "updatedUserId": "user-0"
    }
  ],
  "createdUtc": "0001-01-01T00:00:00Z"
}