{
  "intents": [
    {
      "endUserOverrideName": "Sind Dateien in Onedrive Offline verfügbar?",
      "triggerQueries": [
        "Sind Dateien in OneDrive Offline zugänglich?",
        "Sind meine gespeicherten Dokumente in OneDrive offline verfügbar?",
        "Kann ich offline auf meine Dokumente zugreifen?",
        "Kann ich ohne Netzwerk Verbindung auf Dokumente zugreifen?",
        "Dokumente in OneDrive offline verfügbar?",
        "Kann ich ohne WLAN auf Dokumente in OneDrive zugreifen?",
        "Sind Dateien in OneDrive offline verfügbar?",
        "Sind meine gespeicherten Dokumente in OneDrive auch offline verfügbar?"
      ],
      "dialogId": "new_topic_a0113d70ef794c3c96bb3454d2bc338a",
      "isTriggeringEnabled": true,
      "id": "new_topic_a0113d70ef794c3c96bb3454d2bc338a",
      "displayName": "Sind meine gespeicherten Dokumente in OneDrive auch offline verfügbar?",
      "description": "",
      "createdTime": "2021-04-19T09:12:41.6846887Z",
      "updatedTime": "2021-04-19T09:12:41.6846887Z",
      "createdUserId": "d4c65e50-fb5c-4311-830a-05b59a11dd48"
    }
  ],
  "dialogs": [
    {
      "rootNodeId": "521c68ca-783e-4522-a256-19665bbd051e",
      "messageNodes": [
        {
          "botMessageId": "9fed414c-5ec5-4bca-b5e7-8eab6397bc63",
          "nodeType": "BotMessageNode",
          "id": "521c68ca-783e-4522-a256-19665bbd051e",
          "defaultTargetNodeId": "190099b5-1f83-40bc-8f32-59e2cf1f02e7"
        },
        {
          "botMessageId": "455ebb8b-7597-4c61-a146-c7aef4d85399",
          "nodeType": "BotMessageNode",
          "id": "190099b5-1f83-40bc-8f32-59e2cf1f02e7",
          "defaultTargetNodeId": "56ce2c77-b78a-4010-891f-342f8fadb700"
        }
      ],
      "dialogChangeNodes": [
        {
          "targetDialogId": "new_topic_30867099f4b543d3b8543a85c22c3418_aeabea4d071f415c8c107e1cb7af5424_assumedsuccess",
          "nodeType": "DialogChangeNode",
          "id": "56ce2c77-b78a-4010-891f-342f8fadb700"
        }
      ],
      "id": "new_topic_a0113d70ef794c3c96bb3454d2bc338a",
      "displayName": "Dialog for Sind meine gespeicherten Dokumente in OneDrive auch offline verfügbar?",
      "createdTime": "2021-04-19T09:12:41.6846887Z",
      "updatedTime": "2021-04-19T09:14:29.3449838Z",
      "createdUserId": "d4c65e50-fb5c-4311-830a-05b59a11dd48",
      "updatedUserId": "d4c65e50-fb5c-4311-830a-05b59a11dd48"
    }
  ],
  "botMessages": [
    {
      "channelContent": {
        "web": {
          "contentFormat": "Markdown",
          "content": "Wenn Sie Windows 10 verwenden, ist OneDrive vorinstalliert.\n\nUm auf Ihre Dokumente zuzugreifen, wenn Sie nicht mit dem Internet verbunden sind, öffnen Sie den Datei-Explorer auf Ihrem PC und wechseln Sie zum Ordner OneDrive."
        }
      },
      "id": "9fed414c-5ec5-4bca-b5e7-8eab6397bc63",
      "createdTime": "2021-04-19T09:12:41.6846887Z",
      "updatedTime": "2021-04-19T09:12:41.6846887Z",
      "createdUserId": "d4c65e50-fb5c-4311-830a-05b59a11dd48",
      "updatedUserId": "d4c65e50-fb5c-4311-830a-05b59a11dd48"
    },
    {
      "channelContent": {
        "web": {
          "contentFormat": "Markdown",
          "content": "Wenn Sie die Verbindung erneut herstellen, aktualisiert OneDrive die Onlineversionen mit Änderungen, die Sie offline vorgenommen haben.\n\nWeitere Informationen finden Sie unter [OneDrive für Windows 10](https://go.microsoft.com/fwlink/p/?LinkID=717896)."
        }
      },
      "id": "455ebb8b-7597-4c61-a146-c7aef4d85399",
      "createdTime": "2021-04-19T09:12:46.732Z",
      "updatedTime": "2021-04-19T09:12:46.732Z",
      "createdUserId": "user-0",
      "updatedUserId": "user-0"
    }
  ],
  "createdUtc": "0001-01-01T00:00:00Z"
}