{
  "intents": [
    {
      "intentType": "Regular",
      "endUserOverrideName": "",
      "triggerQueries": [
        "Vem kan skapa liveevents?",
        "Kan alla skapa livehändelser i Teams?",
        "Kan alla skapa Teams live events?",
        "Vilka kan göra evenemang i Teams?",
        "Vem kan göra en livehändelse?",
        "Vem kan göra ett live event?",
        "Vem kan skapa live events (livehändelser)?"
      ],
      "dialogId": "new_topic_809fad1f5ae943a086401942b0bd4d35",
      "isTriggeringEnabled": true,
      "id": "new_topic_809fad1f5ae943a086401942b0bd4d35",
      "displayName": "Vem kan skapa live events (livehändelser)?",
      "description": "",
      "createdTime": "2020-11-24T14:37:53.8230909Z",
      "updatedTime": "2020-12-14T14:25:49.0496504Z",
      "createdUserId": "f04d3cd9-b73d-4ba9-a1ed-9319eba29b21",
      "updatedUserId": "f04d3cd9-b73d-4ba9-a1ed-9319eba29b21"
    }
  ],
  "dialogs": [
    {
      "rootNodeId": "8da0ae91-d8e0-4cc0-aba3-54898eeddd05",
      "messageNodes": [
        {
          "botMessageId": "195ba55f-c31b-4e86-994e-0e208337bc34",
          "nodeType": "BotMessageNode",
          "id": "8da0ae91-d8e0-4cc0-aba3-54898eeddd05",
          "defaultTargetNodeId": "9a3d8555-49ce-4af3-9bf5-211c84306f9a"
        },
        {
          "botMessageId": "a1777c10-48ef-49c4-b6c4-b24a08145107",
          "nodeType": "BotMessageNode",
          "id": "9a3d8555-49ce-4af3-9bf5-211c84306f9a",
          "defaultTargetNodeId": "1f6efbfd-b36e-4f0c-a01b-7efae366cdf4"
        },
        {
          "botMessageId": "5a430f10-a0ac-4e00-aabd-6239681b5cbe",
          "nodeType": "BotMessageNode",
          "id": "1f6efbfd-b36e-4f0c-a01b-7efae366cdf4",
          "defaultTargetNodeId": "1377c7c1-7efc-4a91-8c55-7e9f21cd4b64"
        }
      ],
      "dialogChangeNodes": [
        {
          "targetDialogId": "new_topic_84ec227c19784e7ba25cb34f4638f91e_aeabea4d071f415c8c107e1cb7af5424_assumedsuccess",
          "nodeType": "DialogChangeNode",
          "id": "1377c7c1-7efc-4a91-8c55-7e9f21cd4b64"
        }
      ],
      "id": "new_topic_809fad1f5ae943a086401942b0bd4d35",
      "displayName": "Dialog for Vem kan skapa live events (livehändelser)?",
      "createdTime": "2020-11-24T14:37:53.8230909Z",
      "updatedTime": "2020-12-14T14:19:23.0682418Z",
      "createdUserId": "f04d3cd9-b73d-4ba9-a1ed-9319eba29b21",
      "updatedUserId": "f04d3cd9-b73d-4ba9-a1ed-9319eba29b21"
    }
  ],
  "botMessages": [
    {
      "channelContent": {
        "web": {
          "contentFormat": "Markdown",
          "content": "**För att kunna skapa en livehändelse** behöver en person ha följande saker.\n\n\\-En Office 365 Enterprise, E3 eller E5-licens eller en Office 365 A3- eller A5-licens.\n\n_(Din IT-administratör kan ge mer information)._"
        }
      },
      "id": "195ba55f-c31b-4e86-994e-0e208337bc34",
      "createdTime": "2020-11-24T14:37:53.8230909Z",
      "updatedTime": "2020-11-24T14:37:53.8230909Z",
      "createdUserId": "f04d3cd9-b73d-4ba9-a1ed-9319eba29b21",
      "updatedUserId": "f04d3cd9-b73d-4ba9-a1ed-9319eba29b21"
    },
    {
      "channelContent": {
        "web": {
          "contentFormat": "Markdown",
          "content": "**Sedan krävs:**  \n \n\n*   Behörighet att skapa livehändelser i Microsoft Teams administrationscenter.  \n     \n*   Behörighet att skapa livehändelser i Microsoft Stream (för händelser som produceras med hjälp av en extern sändningsapplikation eller utrustning).  \n     \n*   Fullt teammedlemskap i organisationen (kan ej vara en gäst eller från en annan org).  \n     \n*   Schemaläggning av privata möten, screensharing, och IP video-delning, påslagen i Teams mötespolicy."
        }
      },
      "id": "a1777c10-48ef-49c4-b6c4-b24a08145107",
      "createdTime": "2020-12-14T14:16:44.707Z",
      "updatedTime": "2020-12-14T14:16:44.707Z",
      "createdUserId": "user-0",
      "updatedUserId": "user-0"
    },
    {
      "channelContent": {
        "web": {
          "contentFormat": "Markdown",
          "content": "Mer information finns här:\n\n[Kom igång med Microsoft Teams live-evenemang](https://support.microsoft.com/sv-se/office/get-started-with-microsoft-teams-live-events-d077fec2-a058-483e-9ab5-1494afda578a)"
        }
      },
      "id": "5a430f10-a0ac-4e00-aabd-6239681b5cbe",
      "createdTime": "2020-12-14T14:18:46.273Z",
      "updatedTime": "2020-12-14T14:18:46.273Z",
      "createdUserId": "user-0",
      "updatedUserId": "user-0"
    }
  ]
}