{
  "intents": [
    {
      "endUserOverrideName": "Sharepoint",
      "triggerQueries": [
        "qu'est ce qu'un portail sharepoint",
        "SharePoint?",
        "Pouvez vous décrire SharePoint?",
        "Expliquez moi SharePoint",
        "les webbpages dans sharepoint",
        "créer une page sharepoint",
        "Qu'est-ce que SharePoint?"
      ],
      "dialogId": "new_topic_44afbf4c37224b74b3f9e59a2d87cada",
      "isTriggeringEnabled": true,
      "id": "new_topic_44afbf4c37224b74b3f9e59a2d87cada",
      "displayName": "Qu'est-ce que SharePoint?",
      "description": "",
      "createdTime": "2021-01-13T22:20:51.2381463Z",
      "updatedTime": "2021-05-24T21:20:46.1079695Z",
      "createdUserId": "f04d3cd9-b73d-4ba9-a1ed-9319eba29b21",
      "updatedUserId": "a2c4aa2c-d830-41eb-bcf4-467a2c7e1279"
    }
  ],
  "dialogs": [
    {
      "rootNodeId": "6134b651-bf28-4f44-ab68-a1a81963d455",
      "messageNodes": [
        {
          "botMessageId": "70deb8b9-3559-4136-b248-3dbab1b5bfc9",
          "nodeType": "BotMessageNode",
          "id": "6134b651-bf28-4f44-ab68-a1a81963d455",
          "defaultTargetNodeId": "88cdabbf-884a-4e39-b23b-72b828673173"
        },
        {
          "botMessageId": "1f7457cb-5a6c-453d-aab7-b054f7a01df4",
          "nodeType": "BotMessageNode",
          "id": "88cdabbf-884a-4e39-b23b-72b828673173",
          "defaultTargetNodeId": "6e49419e-5354-4bb2-b1f8-fb4a37cc3623"
        }
      ],
      "dialogChangeNodes": [
        {
          "targetDialogId": "new_topic_eac3f49c99664313a9d9dc19d80a79a2_aeabea4d071f415c8c107e1cb7af5424_assumedsuccess",
          "nodeType": "DialogChangeNode",
          "id": "6e49419e-5354-4bb2-b1f8-fb4a37cc3623"
        }
      ],
      "id": "new_topic_44afbf4c37224b74b3f9e59a2d87cada",
      "displayName": "Dialog for What is SharePoint?",
      "createdTime": "2021-01-13T22:20:51.2381463Z",
      "updatedTime": "2021-05-24T21:20:23.7415081Z",
      "createdUserId": "f04d3cd9-b73d-4ba9-a1ed-9319eba29b21",
      "updatedUserId": "a2c4aa2c-d830-41eb-bcf4-467a2c7e1279"
    }
  ],
  "botMessages": [
    {
      "channelContent": {
        "web": {
          "contentFormat": "Markdown",
          "content": "SharePoint est utilisé par les organisations pour créer des sites. Vous pouvez utiliser Sharepoint comme espace sécurisé pour stocker, organiser, partager des informations et les rendre accessibles depuis n'importe quel appareil."
        }
      },
      "id": "70deb8b9-3559-4136-b248-3dbab1b5bfc9",
      "createdTime": "2021-01-13T22:20:51.2381463Z",
      "updatedTime": "2021-01-13T22:20:51.2381463Z",
      "createdUserId": "f04d3cd9-b73d-4ba9-a1ed-9319eba29b21",
      "updatedUserId": "f04d3cd9-b73d-4ba9-a1ed-9319eba29b21"
    },
    {
      "channelContent": {
        "web": {
          "contentFormat": "Markdown",
          "content": "Tout ce dont vous avez besoin est un navigateur web.\n\n[Plus d'informations sur tout ce que vous permet de réaliser SharePoint.](https://support.office.com/fr-fr/article/What-is-SharePoint--97b915e6-651b-43b2-827d-fb25777f446f)"
        }
      },
      "id": "1f7457cb-5a6c-453d-aab7-b054f7a01df4",
      "createdTime": "2021-01-27T23:01:05.24Z",
      "updatedTime": "2021-01-27T23:01:05.24Z",
      "createdUserId": "user-0",
      "updatedUserId": "user-0"
    }
  ]
}