{
  "intents": [
    {
      "endUserOverrideName": "團隊和頻道的差別？",
      "triggerQueries": [
        "團隊和頻道的差別？",
        "團隊與頻道的差別是什麼？",
        "什麼是團隊又什麼是頻道",
        "團隊和頻道是否不同？",
        "團隊和頻道有什麼差別？",
        "團隊和頻道的差別",
        "何時使用團隊，何時使用頻道？",
        "團隊還是頻道，我該選擇什麼",
        "什麼是頻道，什麼是團隊",
        "頻道和團隊的差異",
        "團隊和頻道有什麼差別？",
        "Difference between a team and a channel?",
        "What distinguishes a team from a channel?",
        "What is a team and what is a channel",
        "Are teams and channels different?",
        "team vs channel what's the difference?",
        "differences between channels and teams",
        "When to use a team and when to use a channel?",
        "Team or channel, what should I choose",
        "What is a channel and what is a team",
        "difference channel and team",
        "What's the difference between a team and a channel?"
      ],
      "dialogId": "new_topic_7debe71dcfdd463caf4a5e6c65b3f024",
      "isTriggeringEnabled": true,
      "id": "new_topic_7debe71dcfdd463caf4a5e6c65b3f024",
      "displayName": "團隊和頻道有什麼差別？",
      "description": "https://adoptbotv2kb.blob.core.windows.net/%24web/AdoptBot2021-English.docx",
      "createdTime": "2021-11-17T06:44:53.9925721Z",
      "updatedTime": "2021-11-17T06:45:25.1333642Z",
      "createdUserId": "9c968d43-f7c2-4e28-895c-1f6bcefcd8be",
      "updatedUserId": "9c968d43-f7c2-4e28-895c-1f6bcefcd8be"
    }
  ],
  "dialogs": [
    {
      "rootNodeId": "2510aea4-01ee-43d5-a532-ad861c2011a6",
      "messageNodes": [
        {
          "botMessageId": "5c768a58-8f39-4490-a639-8d13f03f76ce",
          "nodeType": "BotMessageNode",
          "id": "2510aea4-01ee-43d5-a532-ad861c2011a6",
          "defaultTargetNodeId": "c3f33114-77fc-45cd-9884-4c6c6ef472db"
        },
        {
          "botMessageId": "f1909968-7fc8-40d2-95b7-78333055c2e0",
          "nodeType": "BotMessageNode",
          "id": "c3f33114-77fc-45cd-9884-4c6c6ef472db",
          "defaultTargetNodeId": "853446cc-9e0e-4eb0-a10d-746a1c50c3f9"
        },
        {
          "botMessageId": "4269888c-67c6-496e-88e9-134b85575fbb",
          "nodeType": "BotMessageNode",
          "id": "853446cc-9e0e-4eb0-a10d-746a1c50c3f9",
          "defaultTargetNodeId": "153c35fb-49b2-431d-a35f-8eaff03e46f1"
        },
        {
          "botMessageId": "f576c748-afee-4d59-9dd2-f4f8f66f0924",
          "nodeType": "BotMessageNode",
          "id": "153c35fb-49b2-431d-a35f-8eaff03e46f1",
          "defaultTargetNodeId": "08490a22-33c0-48f1-85c2-9434291d9c12"
        },
        {
          "botMessageId": "16129db6-17ac-4dc2-93b0-1a4bcfcc93df",
          "nodeType": "BotMessageNode",
          "id": "08490a22-33c0-48f1-85c2-9434291d9c12",
          "defaultTargetNodeId": "9825ffda-af53-41be-a36c-5b156f8bd728"
        }
      ],
      "dialogChangeNodes": [
        {
          "targetDialogId": "new_topic_e2d1671328b941dbb60fa7150059b1ee_aeabea4d071f415c8c107e1cb7af5424_assumedsuccess",
          "nodeType": "DialogChangeNode",
          "id": "9825ffda-af53-41be-a36c-5b156f8bd728"
        }
      ],
      "id": "new_topic_7debe71dcfdd463caf4a5e6c65b3f024",
      "displayName": "Dialog for 團隊和頻道有什麼差別？",
      "createdTime": "2021-11-17T06:44:53.9925721Z",
      "updatedTime": "2021-11-17T06:45:25.1333642Z",
      "createdUserId": "9c968d43-f7c2-4e28-895c-1f6bcefcd8be",
      "updatedUserId": "9c968d43-f7c2-4e28-895c-1f6bcefcd8be"
    }
  ],
  "botMessages": [
    {
      "channelContent": {
        "web": {
          "contentFormat": "Markdown",
          "content": "**團隊是**一群人聚集在一起，在您的組織中完成一些重要的事情。 有時它是您的整個組織。"
        }
      },
      "id": "5c768a58-8f39-4490-a639-8d13f03f76ce",
      "createdTime": "2021-11-17T06:44:53.9925721Z",
      "updatedTime": "2021-11-17T06:44:53.9925721Z",
      "createdUserId": "9c968d43-f7c2-4e28-895c-1f6bcefcd8be",
      "updatedUserId": "9c968d43-f7c2-4e28-895c-1f6bcefcd8be"
    },
    {
      "channelContent": {
        "web": {
          "contentFormat": "Markdown",
          "content": "**頻道對話是公開的**，但**聊天僅在您和其他人（或一群人）之間進行**。 後者可以想像成 Skype for Business 或其他訊息應用程式中的私人聊天。"
        }
      },
      "id": "f1909968-7fc8-40d2-95b7-78333055c2e0",
      "createdTime": "2021-11-17T06:45:01.749Z",
      "updatedTime": "2021-11-17T06:45:01.749Z",
      "createdUserId": "user-0",
      "updatedUserId": "user-0"
    },
    {
      "channelContent": {
        "web": {
          "contentFormat": "Markdown",
          "content": "**團隊由頻道組成**，您可以在其中與團隊成員進行協作和交流。 每個頻道專用於特定主題、部門或專案。"
        }
      },
      "id": "4269888c-67c6-496e-88e9-134b85575fbb",
      "createdTime": "2021-11-17T06:45:04.814Z",
      "updatedTime": "2021-11-17T06:45:04.814Z",
      "createdUserId": "user-0",
      "updatedUserId": "user-0"
    },
    {
      "channelContent": {
        "web": {
          "contentFormat": "Markdown",
          "content": "**例如**，一個團隊可能有一般、行銷、靈感和更多渠道等多個頻道。 行銷頻道中的所有對話、會議、檔案和應用程序都與行銷有關，並且團隊中的每個人都是可以存取該頻道中的所有內容的。"
        }
      },
      "id": "f576c748-afee-4d59-9dd2-f4f8f66f0924",
      "createdTime": "2021-11-17T06:45:08.67Z",
      "updatedTime": "2021-11-17T06:45:08.67Z",
      "createdUserId": "user-0",
      "updatedUserId": "user-0"
    },
    {
      "channelContent": {
        "web": {
          "contentFormat": "Markdown",
          "content": "**頻道是**實際完成工作的地方，是整個團隊公開進行[文檔、音檔和影片對話](https://support.microsoft.com/zh-tw/office/meetings-in-teams-e0b0ae21-53ee-4462-a50d-ca9b9e217b67)的地方，是共享文件的地方，是[添加應用程式](https://support.microsoft.com/zh-tw/office/add-an-app-to-microsoft-teams-b2217706-f7ed-4e64-8e96-c413afd02f77)的地方。"
        }
      },
      "id": "16129db6-17ac-4dc2-93b0-1a4bcfcc93df",
      "createdTime": "2021-11-17T06:45:11.402Z",
      "updatedTime": "2021-11-17T06:45:11.402Z",
      "createdUserId": "user-0",
      "updatedUserId": "user-0"
    }
  ]
}