{
  "intents": [
    {
      "endUserOverrideName": "增加更多團隊擁有者",
      "triggerQueries": [
        "Add more team owners",
        "change a member to an owner",
        "can you change a member to be an owner?",
        "How can I add more team owners?",
        "I want to add a team owner?",
        "Add another team owner",
        "Create new team owner",
        "How do I add more team owners?",
        "一個團隊可以有多過一個擁有者嗎 ?",
        "增加更多團隊擁有者",
        "將成員更改為擁有者",
        "能將會員改成擁有者嗎？",
        "如何添加更多團隊擁有者 ?",
        "我想添加一個團隊擁有者",
        "新增其他團隊擁有者",
        "創建新的團隊擁有者",
        "如何添加更多團隊擁有者 ?"
      ],
      "dialogId": "new_topic_ddb28190dd57453d892a5aee0d1620e8",
      "isTriggeringEnabled": true,
      "id": "new_topic_ddb28190dd57453d892a5aee0d1620e8",
      "displayName": "如何添加更多團隊擁有者？",
      "description": "https://adoptbotv2kb.blob.core.windows.net/%24web/AdoptBot2021-English.docx",
      "createdTime": "2021-11-17T07:13:57.7962554Z",
      "updatedTime": "2021-11-17T07:14:22.8234012Z",
      "createdUserId": "9c968d43-f7c2-4e28-895c-1f6bcefcd8be",
      "updatedUserId": "9c968d43-f7c2-4e28-895c-1f6bcefcd8be"
    }
  ],
  "dialogs": [
    {
      "rootNodeId": "3e0638f0-32a9-4093-b73d-344cb194cdc1",
      "messageNodes": [
        {
          "botMessageId": "f3c93127-0028-44d4-a4c2-ad0aefd5c5ef",
          "nodeType": "BotMessageNode",
          "id": "3e0638f0-32a9-4093-b73d-344cb194cdc1",
          "defaultTargetNodeId": "2cdfbc8a-7f8b-437c-ad35-70e77027dae6"
        },
        {
          "botMessageId": "d28a4988-140a-40b2-88ed-2e849f0002a2",
          "nodeType": "BotMessageNode",
          "id": "2cdfbc8a-7f8b-437c-ad35-70e77027dae6",
          "defaultTargetNodeId": "1d80834e-e84e-42b6-b4d7-79bf7ce78841"
        }
      ],
      "dialogChangeNodes": [
        {
          "targetDialogId": "new_topic_e2d1671328b941dbb60fa7150059b1ee_aeabea4d071f415c8c107e1cb7af5424_assumedsuccess",
          "nodeType": "DialogChangeNode",
          "id": "1d80834e-e84e-42b6-b4d7-79bf7ce78841"
        }
      ],
      "id": "new_topic_ddb28190dd57453d892a5aee0d1620e8",
      "displayName": "Dialog for 如何添加更多團隊擁有者？",
      "createdTime": "2021-11-17T07:13:57.7962554Z",
      "updatedTime": "2021-11-17T07:14:22.8234012Z",
      "createdUserId": "9c968d43-f7c2-4e28-895c-1f6bcefcd8be",
      "updatedUserId": "9c968d43-f7c2-4e28-895c-1f6bcefcd8be"
    }
  ],
  "botMessages": [
    {
      "channelContent": {
        "web": {
          "contentFormat": "Markdown",
          "content": "[將某人設定為團隊擁有者 (microsoft.com)](https://support.microsoft.com/zh-tw/office/%E5%B0%87%E6%9F%90%E4%BA%BA%E8%A8%AD%E5%AE%9A%E7%82%BA%E5%9C%98%E9%9A%8A%E6%93%81%E6%9C%89%E8%80%85-09eb80c1-9f3b-4f6c-b6c0-45555d46ee2a)\n\n1.  找到您創建的團隊  \n    選擇**更多選項** (...) >  **管理團隊**\n2.  開啟 **成員標籤**\n3.  查找您想要指定為團隊擁有者的人\n4.  在**角色底下**，選擇**擁有者**"
        }
      },
      "id": "f3c93127-0028-44d4-a4c2-ad0aefd5c5ef",
      "createdTime": "2021-11-17T07:13:57.7962554Z",
      "updatedTime": "2021-11-17T07:13:57.7962554Z",
      "createdUserId": "9c968d43-f7c2-4e28-895c-1f6bcefcd8be",
      "updatedUserId": "9c968d43-f7c2-4e28-895c-1f6bcefcd8be"
    },
    {
      "channelContent": {
        "web": {
          "contentFormat": "Markdown",
          "content": "💡**小提醒** : _確保每個團隊至少有兩個擁有者。這可確保在無法聯繫到其中一位擁有者時能進行備份聯繫。_"
        }
      },
      "id": "d28a4988-140a-40b2-88ed-2e849f0002a2",
      "createdTime": "2021-11-17T07:14:11.157Z",
      "updatedTime": "2021-11-17T07:14:11.157Z",
      "createdUserId": "user-0",
      "updatedUserId": "user-0"
    }
  ]
}