{
  "intents": [
    {
      "endUserOverrideName": "什麼是 Microsoft 365？",
      "triggerQueries": [
        "Overview of Microsoft 365",
        "Office 365 or Microsoft 365?",
        "What is Microsoft Office 365?",
        "What is office 365?",
        "Is Microsoft 365 the same as Office 365?",
        "What does Microsoft 365 mean",
        "What is M365?",
        "What is Microsoft 365?",
        "Microsoft 365 概述",
        "Office 365 或是 Microsoft 365？",
        "什麼是 Microsoft Office 365？",
        "什麼是 office 365？",
        "Microsoft 365 和 Office 365 是一樣的嗎？",
        "Microsoft 365 是什麼意思？",
        "什麼是 M365？",
        "什麼是 Microsoft 365？"
      ],
      "dialogId": "new_topic_ebcb684685674d8fb624e5c75ade7cc4",
      "isTriggeringEnabled": true,
      "id": "new_topic_ebcb684685674d8fb624e5c75ade7cc4",
      "displayName": "什麼是 Microsoft 365？",
      "description": "https://adoptbotv2kb.blob.core.windows.net/%24web/AdoptBot2021-English.docx",
      "createdTime": "2021-11-17T13:45:18.8011735Z",
      "updatedTime": "2021-11-17T13:45:42.90183Z",
      "createdUserId": "9c968d43-f7c2-4e28-895c-1f6bcefcd8be",
      "updatedUserId": "9c968d43-f7c2-4e28-895c-1f6bcefcd8be"
    }
  ],
  "dialogs": [
    {
      "rootNodeId": "f2754bf7-01f3-4698-9ae8-0dcae4b63558",
      "messageNodes": [
        {
          "botMessageId": "d946cd00-d44a-453c-ae52-d29469c42856",
          "nodeType": "BotMessageNode",
          "id": "f2754bf7-01f3-4698-9ae8-0dcae4b63558",
          "defaultTargetNodeId": "7b48aed0-46fd-4312-afff-03dea150d0fc"
        }
      ],
      "dialogChangeNodes": [
        {
          "targetDialogId": "new_topic_e2d1671328b941dbb60fa7150059b1ee_aeabea4d071f415c8c107e1cb7af5424_assumedsuccess",
          "nodeType": "DialogChangeNode",
          "id": "7b48aed0-46fd-4312-afff-03dea150d0fc"
        }
      ],
      "id": "new_topic_ebcb684685674d8fb624e5c75ade7cc4",
      "displayName": "Dialog for 什麼是 Microsoft 365？",
      "createdTime": "2021-11-17T13:45:18.8011735Z",
      "updatedTime": "2021-11-17T13:45:42.90183Z",
      "createdUserId": "9c968d43-f7c2-4e28-895c-1f6bcefcd8be",
      "updatedUserId": "9c968d43-f7c2-4e28-895c-1f6bcefcd8be"
    }
  ],
  "botMessages": [
    {
      "channelContent": {
        "web": {
          "contentFormat": "Markdown",
          "content": "Microsoft 365 是全球通用的協作工具包。 [了解更多](https://www.microsoft.com/zh-tw/microsoft-365)"
        }
      },
      "id": "d946cd00-d44a-453c-ae52-d29469c42856",
      "createdTime": "2021-11-17T13:45:18.8011735Z",
      "updatedTime": "2021-11-17T13:45:18.8011735Z",
      "createdUserId": "9c968d43-f7c2-4e28-895c-1f6bcefcd8be",
      "updatedUserId": "9c968d43-f7c2-4e28-895c-1f6bcefcd8be"
    }
  ]
}