{
  "intents": [
    {
      "triggerQueries": [
        "사용자 회의 중 라이브 운영자 지원 도움",
        "회의 중 운영자 통신 사업자 고객 서비스 직원 도움 지원",
        "사용자 회의 중 운영자 도움",
        "사용자가 회의 중에 운영자의 도움을 받을 수 있습니까?"
      ],
      "dialogId": "new_topic_b987df922b7342bf9d157288e343daec",
      "isTriggeringEnabled": true,
      "id": "new_topic_b987df922b7342bf9d157288e343daec",
      "displayName": "사용자가 회의 중에 운영자의 도움을 받을 수 있습니까?",
      "description": "https://adoptbotv2kb.blob.core.windows.net/%24web/adoptbot2021-Korean.docx",
      "createdTime": "2021-03-18T03:39:18.7456548Z",
      "updatedTime": "2021-04-09T05:48:28.3374629Z",
      "createdUserId": "e47109d8-0300-4e59-a90d-56bb29886c9e",
      "updatedUserId": "e47109d8-0300-4e59-a90d-56bb29886c9e"
    }
  ],
  "dialogs": [
    {
      "rootNodeId": "02695517-bc97-43a9-b4af-e5e4cd277813",
      "messageNodes": [
        {
          "botMessageId": "6da5cde8-67bb-4565-82fc-eb2043ba8c53",
          "nodeType": "BotMessageNode",
          "id": "24ba2c66-e325-487e-927f-336acf9cfffd",
          "defaultTargetNodeId": "3e96bf27-d483-4f2b-a404-d67a9e47a8c6"
        },
        {
          "botMessageId": "92611655-a16e-447c-b83c-e85ec35c78bf",
          "nodeType": "BotMessageNode",
          "id": "02695517-bc97-43a9-b4af-e5e4cd277813",
          "defaultTargetNodeId": "24ba2c66-e325-487e-927f-336acf9cfffd"
        }
      ],
      "dialogChangeNodes": [
        {
          "targetDialogId": "new_topic_2bf23930c1d146129dfe38bacb94ccd0_aeabea4d071f415c8c107e1cb7af5424_assumedsuccess",
          "nodeType": "DialogChangeNode",
          "id": "3e96bf27-d483-4f2b-a404-d67a9e47a8c6"
        }
      ],
      "id": "new_topic_b987df922b7342bf9d157288e343daec",
      "displayName": "Dialog for 사용자가 회의 중에 운영자의 도움을 받을 수 있습니까?",
      "createdTime": "2021-03-18T03:39:18.7456548Z",
      "updatedTime": "2021-04-09T05:46:56.6919988Z",
      "createdUserId": "e47109d8-0300-4e59-a90d-56bb29886c9e",
      "updatedUserId": "e47109d8-0300-4e59-a90d-56bb29886c9e"
    }
  ],
  "botMessages": [
    {
      "channelContent": {
        "web": {
          "contentFormat": "Markdown",
          "content": "오디오 회의와 관련된 문제가 있는 경우, 조직의 관리자는 [Office 365에 대한 Microsoft 지원](https://docs.microsoft.com/ko-kr/microsoft-365/admin/contact-support-for-business-products?redirectSourcePath=%252farticle%252fMicrosoft-support-for-Office-365-32a17ca7-6fa0-4870-8a8d-e25ba4ccfd4b&view=o365-worldwide) 에 문의할 수 있습니다."
        }
      },
      "id": "6da5cde8-67bb-4565-82fc-eb2043ba8c53",
      "createdTime": "2021-03-18T03:39:18.7456548Z",
      "updatedTime": "2021-03-18T03:39:18.7456548Z",
      "createdUserId": "e47109d8-0300-4e59-a90d-56bb29886c9e",
      "updatedUserId": "e47109d8-0300-4e59-a90d-56bb29886c9e"
    },
    {
      "channelContent": {
        "web": {
          "contentFormat": "Markdown",
          "content": "사용자는 회의 중에 \\*0을 눌러 운영자의 도움이나 지원을 받을 수 없습니다."
        }
      },
      "id": "92611655-a16e-447c-b83c-e85ec35c78bf",
      "createdTime": "2021-04-09T05:46:47.534Z",
      "updatedTime": "2021-04-09T05:46:47.534Z",
      "createdUserId": "user-0",
      "updatedUserId": "user-0"
    }
  ],
  "createdUtc": "0001-01-01T00:00:00Z"
}