{
  "intents": [
    {
      "triggerQueries": [
        "Hvem kan opprette tagger i kanalen?",
        "Hvem kan lage tagger i kanalen?",
        "Hvem kan opprette merker?",
        "Hvem kan lage merker?",
        "Kan hvem som helst lage merker (tagger) i et team?"
      ],
      "dialogId": "new_topic_861c03b43a4f4492969c739e0790bbcf",
      "isTriggeringEnabled": true,
      "id": "new_topic_861c03b43a4f4492969c739e0790bbcf",
      "displayName": "Kan hvem som helst lage merker (tagger) i et team?",
      "description": "https://norwegianteams.blob.core.windows.net/norwegian-container/TIMA QA P19.docx",
      "createdTime": "2021-03-24T20:09:21.5452642Z",
      "updatedTime": "2021-04-06T18:39:37.4718953Z",
      "createdUserId": "ef0c8b9a-eff1-49f8-92fa-fd1d3e15e1ba",
      "updatedUserId": "ef0c8b9a-eff1-49f8-92fa-fd1d3e15e1ba"
    }
  ],
  "dialogs": [
    {
      "rootNodeId": "968a4345-372b-46ca-91b7-78d2e5218b31",
      "messageNodes": [
        {
          "botMessageId": "985aa412-8ecd-46db-b900-418002edb909",
          "nodeType": "BotMessageNode",
          "id": "968a4345-372b-46ca-91b7-78d2e5218b31",
          "defaultTargetNodeId": "e429614a-a991-48ee-8797-a3abf64d0b83"
        },
        {
          "botMessageId": "4ba1d080-3217-4f23-912f-0cdf04f9aa71",
          "nodeType": "BotMessageNode",
          "id": "e429614a-a991-48ee-8797-a3abf64d0b83",
          "defaultTargetNodeId": "857a1ded-b1b2-4328-b9d4-f33e4177d7de"
        }
      ],
      "dialogChangeNodes": [
        {
          "targetDialogId": "new_topic_89c49d37fd4c4c1c9144396960733ce1_aeabea4d071f415c8c107e1cb7af5424_assumedsuccess",
          "nodeType": "DialogChangeNode",
          "id": "857a1ded-b1b2-4328-b9d4-f33e4177d7de"
        }
      ],
      "id": "new_topic_861c03b43a4f4492969c739e0790bbcf",
      "displayName": "Dialog for Kan hvem som helst lage merker (tagger) i et team?",
      "createdTime": "2021-03-24T20:09:21.5452642Z",
      "updatedTime": "2021-04-06T18:39:27.103873Z",
      "createdUserId": "ef0c8b9a-eff1-49f8-92fa-fd1d3e15e1ba",
      "updatedUserId": "ef0c8b9a-eff1-49f8-92fa-fd1d3e15e1ba"
    }
  ],
  "botMessages": [
    {
      "channelContent": {
        "web": {
          "contentFormat": "Markdown",
          "content": "Teameiere kan velge hvilke medlemmer av teamet som skal ha tillatelse til å opprette merker.\n\n1.  Velg **Team** på venstre side av appen, og finn teamet ditt i listen.\n2.  Gå til **Flere alternativer…**\n3.  Velg **Administrer team**, velg **Innstillinger**, og gå deretter til **Tagger**. Her kan du kontrollere om gruppemedlemmer eller teameiere kan administrere tagger."
        }
      },
      "id": "985aa412-8ecd-46db-b900-418002edb909",
      "createdTime": "2021-03-24T20:09:21.5452642Z",
      "updatedTime": "2021-03-24T20:09:21.5452642Z",
      "createdUserId": "ef0c8b9a-eff1-49f8-92fa-fd1d3e15e1ba",
      "updatedUserId": "ef0c8b9a-eff1-49f8-92fa-fd1d3e15e1ba"
    },
    {
      "channelContent": {
        "web": {
          "contentFormat": "Markdown",
          "content": "**Obs!:** Hvis du ikke kan opprette eller administrere merker, kan det hende at organisasjonen din ikke har funksjonen aktivert eller at du ikke er teameier. Hvis merker (tagger) er aktivert og du ikke er teameier, kan du fremdeles vise tagger som er brukt på deg selv eller andre gruppemedlemmer."
        }
      },
      "id": "4ba1d080-3217-4f23-912f-0cdf04f9aa71",
      "createdTime": "2021-04-06T18:39:18.154Z",
      "updatedTime": "2021-04-06T18:39:18.154Z",
      "createdUserId": "user-0",
      "updatedUserId": "user-0"
    }
  ],
  "createdUtc": "0001-01-01T00:00:00Z"
}