{
  "intents": [
    {
      "endUserOverrideName": "Modifier les autorisations des invités",
      "triggerQueries": [
        "Puis-je limiter ce que les invités peuvent faire dans notre équipe?",
        "Modifier les autorisations des invités",
        "Comment définir les autorisations des invités?",
        "ajuster les autorisations des invités",
        "changer ce que les invités peuvent faire",
        "modification des paramètres pour un invité",
        "Comment puis-je modifier les autorisations des invités?"
      ],
      "dialogId": "new_topic_cb2b7cbf311a408f97d5bb3495348958",
      "isTriggeringEnabled": true,
      "id": "new_topic_cb2b7cbf311a408f97d5bb3495348958",
      "displayName": "Comment puis-je modifier les autorisations des invités?",
      "description": "",
      "createdTime": "2021-01-13T22:20:51.2371466Z",
      "updatedTime": "2021-05-21T11:19:43.3590802Z",
      "createdUserId": "f04d3cd9-b73d-4ba9-a1ed-9319eba29b21",
      "updatedUserId": "137976d8-62f4-4f81-b357-122fb8bb440c"
    }
  ],
  "dialogs": [
    {
      "rootNodeId": "dcffac06-92d6-46f1-ac96-d18891082bf7",
      "messageNodes": [
        {
          "botMessageId": "65eec611-87be-4051-a91f-d8aedd1ccc24",
          "nodeType": "BotMessageNode",
          "id": "dcffac06-92d6-46f1-ac96-d18891082bf7",
          "defaultTargetNodeId": "f71d2c69-16c8-4c5f-9d07-8d99ea3ea8a3"
        },
        {
          "botMessageId": "0ab04c82-8d0e-457c-9ea1-5ef77bcdc800",
          "nodeType": "BotMessageNode",
          "id": "f71d2c69-16c8-4c5f-9d07-8d99ea3ea8a3",
          "defaultTargetNodeId": "96b81090-3213-4da1-b129-38474f7e9e31"
        }
      ],
      "dialogChangeNodes": [
        {
          "targetDialogId": "new_topic_eac3f49c99664313a9d9dc19d80a79a2_aeabea4d071f415c8c107e1cb7af5424_assumedsuccess",
          "nodeType": "DialogChangeNode",
          "id": "96b81090-3213-4da1-b129-38474f7e9e31"
        }
      ],
      "id": "new_topic_cb2b7cbf311a408f97d5bb3495348958",
      "displayName": "Dialog for How do I change guest permissions?",
      "createdTime": "2021-01-13T22:20:51.2371466Z",
      "updatedTime": "2021-04-22T21:55:52.8940773Z",
      "createdUserId": "f04d3cd9-b73d-4ba9-a1ed-9319eba29b21",
      "updatedUserId": "a2c4aa2c-d830-41eb-bcf4-467a2c7e1279"
    }
  ],
  "botMessages": [
    {
      "channelContent": {
        "web": {
          "contentFormat": "Markdown",
          "content": "**Si vous êtes propriétaire d’une équipe**, vous pouvez [définir les autorisations des invités.](https://support.microsoft.com/fr-fr/office/d%c3%a9finir-des-autorisations-d-invit%c3%a9-pour-des-canaux-dans-teams-4756c468-2746-4bfd-a582-736d55fcc169?ui=fr-FR&rs=fr-FR&ad=FR)\n\n1.  Cliquez sur le nom de l’équipe dans votre liste d’équipes.\n2.  Sélectionnez **Autres options (...).**\n3.  Sélectionnez **Gérer l’équipe**.\n4.  Sur l’onglet **Paramètres**, sélectionnez **Les autorisations de compte d’invité**."
        }
      },
      "id": "65eec611-87be-4051-a91f-d8aedd1ccc24",
      "createdTime": "2021-01-13T22:20:51.2371466Z",
      "updatedTime": "2021-01-13T22:20:51.2371466Z",
      "createdUserId": "f04d3cd9-b73d-4ba9-a1ed-9319eba29b21",
      "updatedUserId": "f04d3cd9-b73d-4ba9-a1ed-9319eba29b21"
    },
    {
      "channelContent": {
        "web": {
          "contentFormat": "Markdown",
          "content": "Si vous êtes curieux, voici un aperçu de [ce que les invités peuvent faire dans les équipes](https://support.microsoft.com/fr-fr/office/possibilit%c3%a9s-du-propri%c3%a9taire-de-l-%c3%a9quipe-des-membres-et-des-invit%c3%a9s-dans-teams-d03fdf5b-1a6e-48e4-8e07-b13e1350ec7b?ui=fr-FR&rs=fr-FR&ad=FR)."
        }
      },
      "id": "0ab04c82-8d0e-457c-9ea1-5ef77bcdc800",
      "createdTime": "2021-01-27T17:47:58.727Z",
      "updatedTime": "2021-01-27T17:47:58.727Z",
      "createdUserId": "user-0",
      "updatedUserId": "user-0"
    }
  ],
  "createdUtc": "0001-01-01T00:00:00Z"
}