{
  "intents": [
    {
      "triggerQueries": [
        "What does onedrive mean",
        "saving files in onedrive",
        "What is my smart folder",
        "Explain what onedrive is",
        "Folder for my files?",
        "What is OneDrive?"
      ],
      "dialogId": "new_topic_b67da68834dc4d4b9ce29285b16795f9",
      "isTriggeringEnabled": true,
      "id": "new_topic_b67da68834dc4d4b9ce29285b16795f9",
      "displayName": "What is OneDrive?",
      "description": "",
      "createdTime": "2021-01-13T22:20:51.2381463Z",
      "updatedTime": "2023-11-16T13:17:13.6645265Z",
      "createdUserId": "f04d3cd9-b73d-4ba9-a1ed-9319eba29b21",
      "updatedUserId": "c8d29cfd-efef-47c1-8e02-210c8be30c37"
    }
  ],
  "dialogs": [
    {
      "rootNodeId": "1b3b3287-d590-4c89-93a2-b3657b79594d",
      "messageNodes": [
        {
          "botMessageId": "cf640c0b-e358-4f7f-a396-319048b4c431",
          "nodeType": "BotMessageNode",
          "id": "1b3b3287-d590-4c89-93a2-b3657b79594d",
          "defaultTargetNodeId": "77bcedb8-8995-4b5e-851a-6d3da798076d"
        }
      ],
      "dialogChangeNodes": [
        {
          "targetDialogId": "new_topic_eac3f49c99664313a9d9dc19d80a79a2_aeabea4d071f415c8c107e1cb7af5424_assumedsuccess",
          "nodeType": "DialogChangeNode",
          "id": "77bcedb8-8995-4b5e-851a-6d3da798076d"
        }
      ],
      "id": "new_topic_b67da68834dc4d4b9ce29285b16795f9",
      "displayName": "Dialog for What is OneDrive?",
      "createdTime": "2021-01-13T22:20:51.2381463Z",
      "updatedTime": "2023-11-16T13:17:13.6645257Z",
      "createdUserId": "f04d3cd9-b73d-4ba9-a1ed-9319eba29b21",
      "updatedUserId": "c8d29cfd-efef-47c1-8e02-210c8be30c37"
    }
  ],
  "botMessages": [
    {
      "channelContent": {
        "web": {
          "contentFormat": "Markdown",
          "content": "OneDrive is an online storage service that you can use to store documents, notes, photos, music, videos, or other types of files. With OneDrive you can access your files from nearly any device, and you can share them with others."
        }
      },
      "id": "cf640c0b-e358-4f7f-a396-319048b4c431",
      "createdTime": "2021-01-13T22:20:51.2381463Z",
      "updatedTime": "2021-01-13T22:20:51.2381463Z",
      "createdUserId": "f04d3cd9-b73d-4ba9-a1ed-9319eba29b21",
      "updatedUserId": "f04d3cd9-b73d-4ba9-a1ed-9319eba29b21"
    }
  ]
}