{
  "intents": [
    {
      "triggerQueries": [
        "Nagrywanie spotkań w usłudze Teams",
        "Jak nagrać spotkanie w usłudze Teams?",
        "Czy mogę nagrać spotkanie w usłudze Teams?",
        "Czy mogę zamieścić transkrypcję nagranego spotkania?",
        "Czy mogę dokonać transkrypcji nagranego spotkania?",
        "Nagrywanie spotkań w Teams"
      ],
      "dialogId": "new_topic_b4ba4fd532d14b9d8379f58f38a6a219",
      "isTriggeringEnabled": true,
      "id": "new_topic_b4ba4fd532d14b9d8379f58f38a6a219",
      "displayName": "Nagrywanie spotkań w Teams",
      "description": "",
      "createdTime": "2021-09-27T10:15:36.2643582Z",
      "updatedTime": "2021-10-11T13:11:23.2867542Z",
      "createdUserId": "28fac8cb-bec7-48c9-a688-5024cf318b8a",
      "updatedUserId": "28fac8cb-bec7-48c9-a688-5024cf318b8a"
    }
  ],
  "dialogs": [
    {
      "rootNodeId": "c5c1fee5-574e-4212-8234-8bf889606cac",
      "messageNodes": [
        {
          "botMessageId": "4552b824-ea5b-4115-8c0a-7f0223330414",
          "nodeType": "BotMessageNode",
          "id": "c5c1fee5-574e-4212-8234-8bf889606cac",
          "defaultTargetNodeId": "95f9b578-fbfc-4960-bb05-5d08027510e4"
        },
        {
          "botMessageId": "0aa0973c-3e9b-4b63-8a4b-a31dc6e4ef72",
          "nodeType": "BotMessageNode",
          "id": "95f9b578-fbfc-4960-bb05-5d08027510e4",
          "defaultTargetNodeId": "9377e2b2-3816-4dd5-aa7a-c967d3c83207"
        },
        {
          "botMessageId": "5472ad2d-6f9d-4fc1-8dba-e85f56b553d9",
          "nodeType": "BotMessageNode",
          "id": "9377e2b2-3816-4dd5-aa7a-c967d3c83207",
          "defaultTargetNodeId": "c92b4b44-569d-4e67-981c-9c7706480386"
        },
        {
          "botMessageId": "083e318d-a2da-41fd-b7a9-65fd9198af8f",
          "nodeType": "BotMessageNode",
          "id": "c92b4b44-569d-4e67-981c-9c7706480386",
          "defaultTargetNodeId": "3dc35cf2-3f95-49f2-a68e-e2e8db6e3413"
        }
      ],
      "dialogChangeNodes": [
        {
          "targetDialogId": "new_topic_d4ee79ce05584b519ee7d416fda7e2a3_aeabea4d071f415c8c107e1cb7af5424_assumedsuccess",
          "nodeType": "DialogChangeNode",
          "id": "3dc35cf2-3f95-49f2-a68e-e2e8db6e3413"
        }
      ],
      "id": "new_topic_b4ba4fd532d14b9d8379f58f38a6a219",
      "displayName": "Dialog for Nagrywanie spotkań w Teams",
      "createdTime": "2021-09-27T10:15:36.2643582Z",
      "updatedTime": "2021-10-11T13:21:40.3740011Z",
      "createdUserId": "28fac8cb-bec7-48c9-a688-5024cf318b8a",
      "updatedUserId": "28fac8cb-bec7-48c9-a688-5024cf318b8a"
    }
  ],
  "botMessages": [
    {
      "channelContent": {
        "web": {
          "contentFormat": "Markdown",
          "content": "W usłudze Microsoft Teams użytkownicy mogą nagrywać spotkania Teams i rozmowy grupowe i rejestrować audio, wideo i udostępnianie ekranu.\n\n[Zobacz przewodnik 🎥](https://support.microsoft.com/pl-pl/office/nagrywanie-spotkania-w-us%C5%82udze-teams-34dfbe7f-b07d-4a27-b4c6-de62f1348c24)"
        }
      },
      "id": "4552b824-ea5b-4115-8c0a-7f0223330414",
      "createdTime": "2021-09-27T10:15:36.2643582Z",
      "updatedTime": "2021-09-27T10:15:36.2643582Z",
      "createdUserId": "28fac8cb-bec7-48c9-a688-5024cf318b8a",
      "updatedUserId": "28fac8cb-bec7-48c9-a688-5024cf318b8a"
    },
    {
      "channelContent": {
        "web": {
          "contentFormat": "Markdown",
          "content": "Istnieje również opcja automatycznej transkrypcji nagrań, dzięki czemu użytkownicy mogą odtwarzać nagrania spotkań z napisami i wyszukiwać ważne elementy dyskusji w transkrypcji."
        }
      },
      "id": "0aa0973c-3e9b-4b63-8a4b-a31dc6e4ef72",
      "createdTime": "2021-10-11T13:18:48.431Z",
      "updatedTime": "2021-10-11T13:18:48.431Z",
      "createdUserId": "user-0",
      "updatedUserId": "user-0"
    },
    {
      "channelContent": {
        "web": {
          "contentFormat": "Markdown",
          "content": "**Uwaga!** Nagrywanie musi być uruchamiane ręcznie, w przeciwnym razie nic nie jest zapisywane w zespole oprócz informacji udostępnianych na czacie."
        }
      },
      "id": "5472ad2d-6f9d-4fc1-8dba-e85f56b553d9",
      "createdTime": "2021-10-11T13:19:33.74Z",
      "updatedTime": "2021-10-11T13:19:33.74Z",
      "createdUserId": "user-0",
      "updatedUserId": "user-0"
    },
    {
      "channelContent": {
        "web": {
          "contentFormat": "Markdown",
          "content": "Zobacz ten artykuł, aby uzyskać szczegółowe informacje:\n\n[Nagrywanie spotkań Teams](https://docs.microsoft.com/en-us/microsoftteams/cloud-recording#:~:text=Teams%20cloud%20meeting%20recording%201%20Prerequisites%20for%20Teams,4%20Compliance%20and%20eDiscovery%20for%20meeting%20recordings.%20)."
        }
      },
      "id": "083e318d-a2da-41fd-b7a9-65fd9198af8f",
      "createdTime": "2021-10-11T13:19:45.885Z",
      "updatedTime": "2021-10-11T13:19:45.885Z",
      "createdUserId": "user-0",
      "updatedUserId": "user-0"
    }
  ]
}