{
  "intents": [
    {
      "endUserOverrideName": "Hva gjør teameier, medlem eller gjest?",
      "triggerQueries": [
        "rollefordelinger i et team",
        "hva slags roller har man i en teams-gruppe",
        "er det nok å være en teameier?",
        "hvor mange team eiere burde man være?",
        "funksjoner som gjest",
        "funksjoner som teameier",
        "Hva er forskjellige roller i et team?",
        "Hva er forskjellen mellom teameier vs medlem?",
        "Hva betyr å være gjest i et team?",
        "Hva betyr å være medlem i team?",
        "Hva betyr å være eier i et team?",
        "Teameier i teams",
        "Hva betyr teameier?",
        "Hva betyr det å være Teameier, medlem eller gjest?"
      ],
      "dialogId": "new_topic_c971aa7fa6c54cbe90639ef9b4932d06",
      "isTriggeringEnabled": true,
      "id": "new_topic_c971aa7fa6c54cbe90639ef9b4932d06",
      "displayName": "Hva betyr det å være teameier, medlem eller gjest?",
      "description": "https://norwegianteams.blob.core.windows.net/norwegian-container/TIMA QA P19.docx",
      "createdTime": "2021-03-24T20:09:21.5442661Z",
      "updatedTime": "2021-04-19T22:06:14.1614004Z",
      "createdUserId": "ef0c8b9a-eff1-49f8-92fa-fd1d3e15e1ba",
      "updatedUserId": "ef0c8b9a-eff1-49f8-92fa-fd1d3e15e1ba"
    }
  ],
  "dialogs": [
    {
      "rootNodeId": "a7e79c9a-4b00-43c8-a698-5a7add4abfcb",
      "messageNodes": [
        {
          "botMessageId": "7c5bf8c1-5931-420a-b4d1-b6537bfa01ab",
          "nodeType": "BotMessageNode",
          "id": "a7e79c9a-4b00-43c8-a698-5a7add4abfcb",
          "defaultTargetNodeId": "2a91f45e-1cbe-490a-b5e3-c537e0883336"
        },
        {
          "botMessageId": "342c039a-104d-4e66-8d07-c8d7a814a6ed",
          "nodeType": "BotMessageNode",
          "id": "2a91f45e-1cbe-490a-b5e3-c537e0883336",
          "defaultTargetNodeId": "3d6bfb57-1720-4ff8-8e85-a83bd7717a76"
        },
        {
          "botMessageId": "6f606bb4-6e82-46e7-90fc-0ce9d63a5b21",
          "nodeType": "BotMessageNode",
          "id": "3d6bfb57-1720-4ff8-8e85-a83bd7717a76",
          "defaultTargetNodeId": "36ed366c-a8be-464c-89bd-ca361934d494"
        },
        {
          "botMessageId": "2080a6ee-cd09-4e93-9b7d-d95235b2fb09",
          "nodeType": "BotMessageNode",
          "id": "36ed366c-a8be-464c-89bd-ca361934d494",
          "defaultTargetNodeId": "5cf50e69-73a8-492a-bff1-ea2b170e9782"
        }
      ],
      "dialogChangeNodes": [
        {
          "targetDialogId": "new_topic_89c49d37fd4c4c1c9144396960733ce1_aeabea4d071f415c8c107e1cb7af5424_assumedsuccess",
          "nodeType": "DialogChangeNode",
          "id": "5cf50e69-73a8-492a-bff1-ea2b170e9782"
        }
      ],
      "id": "new_topic_c971aa7fa6c54cbe90639ef9b4932d06",
      "displayName": "Dialog for Hva betyr det å være Teameier, medlem eller gjest?",
      "createdTime": "2021-03-24T20:09:21.5442661Z",
      "updatedTime": "2021-04-19T22:04:29.4830288Z",
      "createdUserId": "ef0c8b9a-eff1-49f8-92fa-fd1d3e15e1ba",
      "updatedUserId": "ef0c8b9a-eff1-49f8-92fa-fd1d3e15e1ba"
    }
  ],
  "botMessages": [
    {
      "channelContent": {
        "web": {
          "contentFormat": "Markdown",
          "content": "Alle medlemmer i et team har en rolle. De ulike [rollene har ulike tillatelser](https://support.microsoft.com/nb-no/office/teameier-medlem-og-gjestefunksjoner-i-teams-d03fdf5b-1a6e-48e4-8e07-b13e1350ec7b)."
        }
      },
      "id": "7c5bf8c1-5931-420a-b4d1-b6537bfa01ab",
      "createdTime": "2021-03-24T20:09:21.5442661Z",
      "updatedTime": "2021-03-24T20:09:21.5442661Z",
      "createdUserId": "ef0c8b9a-eff1-49f8-92fa-fd1d3e15e1ba",
      "updatedUserId": "ef0c8b9a-eff1-49f8-92fa-fd1d3e15e1ba"
    },
    {
      "channelContent": {
        "web": {
          "contentFormat": "Markdown",
          "content": "**Teameiere**\n\n*   Som teameier kan man legge til nye eiere og gjester, endre medlemmer til teameiere, administrere kanaler og innstillinger, og arkivere et team som ikke lenger er i bruk.\n*   Teameiere kan fordele ansvarsoppgaver mellom seg slik at det er lettere å vedlikeholde teamet.\n*   **Viktig!** Hvert team burde ha minst to teameiere."
        }
      },
      "id": "342c039a-104d-4e66-8d07-c8d7a814a6ed",
      "createdTime": "2021-04-07T08:12:01.994Z",
      "updatedTime": "2021-04-07T08:12:01.994Z",
      "createdUserId": "user-0",
      "updatedUserId": "user-0"
    },
    {
      "channelContent": {
        "web": {
          "contentFormat": "Markdown",
          "content": "**Medlemmer**\n\nMedlemmene er personene i et team. De snakker med andre gruppemedlemmer i diskusjoner. De kan vise og vanligvis laste opp og endre filer."
        }
      },
      "id": "6f606bb4-6e82-46e7-90fc-0ce9d63a5b21",
      "createdTime": "2021-04-07T08:12:10.707Z",
      "updatedTime": "2021-04-07T08:12:10.707Z",
      "createdUserId": "user-0",
      "updatedUserId": "user-0"
    },
    {
      "channelContent": {
        "web": {
          "contentFormat": "Markdown",
          "content": "**Gjester**\n\nGjester er personer utenfor organisasjonen, som en teameier inviterer, for eksempel partnere eller konsulenter, til å bli med i et team via en epostadresse."
        }
      },
      "id": "2080a6ee-cd09-4e93-9b7d-d95235b2fb09",
      "createdTime": "2021-04-07T08:12:19.312Z",
      "updatedTime": "2021-04-07T08:12:19.312Z",
      "createdUserId": "user-0",
      "updatedUserId": "user-0"
    }
  ],
  "createdUtc": "0001-01-01T00:00:00Z"
}