{
  "intents": [
    {
      "triggerQueries": [
        "Hvordan kan jeg gjøre møtene mine bedre?",
        "Finnes kahoot på teams?",
        "Kahoot",
        "finnes det en Q&A funksjon for møter?",
        "Finnes det møte apper?",
        "Hva slags apper kan man bruke i et møte?",
        "Benytt apper i møter",
        "Bruk apper i møter",
        "Kan jeg bruke apper i Teams møter?"
      ],
      "dialogId": "new_topic_8499a8e7b53645a8815f6e5e0aad1869",
      "isTriggeringEnabled": true,
      "id": "new_topic_8499a8e7b53645a8815f6e5e0aad1869",
      "displayName": "Finnes det apper for Teams-møter?",
      "description": "",
      "createdTime": "2021-04-12T14:32:14.337484Z",
      "updatedTime": "2021-04-15T10:42:23.9417818Z",
      "createdUserId": "ef0c8b9a-eff1-49f8-92fa-fd1d3e15e1ba",
      "updatedUserId": "ef0c8b9a-eff1-49f8-92fa-fd1d3e15e1ba"
    }
  ],
  "dialogs": [
    {
      "rootNodeId": "3de08e5d-dc21-4bff-86be-582ec3d0b933",
      "messageNodes": [
        {
          "botMessageId": "119fa9b6-edbe-4a1e-9cb7-42bc0b3e3776",
          "nodeType": "BotMessageNode",
          "id": "11235623-a1d5-4052-bc82-ab3bf41fa364",
          "defaultTargetNodeId": "ed980c20-c46d-471f-a726-712a635249f1"
        },
        {
          "botMessageId": "74a95337-d6b4-4000-85ec-cb92c57b8633",
          "nodeType": "BotMessageNode",
          "id": "ed980c20-c46d-471f-a726-712a635249f1",
          "defaultTargetNodeId": "60c486f5-e70e-45f0-b6b6-08b849e86162"
        },
        {
          "botMessageId": "b0b30c17-517b-4d14-ad6c-b15121ece7b5",
          "nodeType": "BotMessageNode",
          "id": "3de08e5d-dc21-4bff-86be-582ec3d0b933",
          "defaultTargetNodeId": "11235623-a1d5-4052-bc82-ab3bf41fa364"
        }
      ],
      "dialogChangeNodes": [
        {
          "targetDialogId": "new_topic_89c49d37fd4c4c1c9144396960733ce1_aeabea4d071f415c8c107e1cb7af5424_assumedsuccess",
          "nodeType": "DialogChangeNode",
          "id": "60c486f5-e70e-45f0-b6b6-08b849e86162"
        }
      ],
      "id": "new_topic_8499a8e7b53645a8815f6e5e0aad1869",
      "displayName": "Dialog for Kan jeg bruke apper i Teams møter?",
      "createdTime": "2021-04-12T14:32:14.337484Z",
      "updatedTime": "2021-04-15T10:44:40.8138132Z",
      "createdUserId": "ef0c8b9a-eff1-49f8-92fa-fd1d3e15e1ba",
      "updatedUserId": "ef0c8b9a-eff1-49f8-92fa-fd1d3e15e1ba"
    }
  ],
  "botMessages": [
    {
      "channelContent": {
        "web": {
          "contentFormat": "Markdown",
          "content": "Dette finnes mange andre apper ment for å gjøre møtet ditt enda bedre. [Her har du en oversikt!](https://www.microsoft.com/nb-no/microsoft-teams/meetings-apps)"
        }
      },
      "id": "119fa9b6-edbe-4a1e-9cb7-42bc0b3e3776",
      "createdTime": "2021-04-12T14:32:14.337484Z",
      "updatedTime": "2021-04-12T14:32:14.337484Z",
      "createdUserId": "ef0c8b9a-eff1-49f8-92fa-fd1d3e15e1ba",
      "updatedUserId": "ef0c8b9a-eff1-49f8-92fa-fd1d3e15e1ba"
    },
    {
      "channelContent": {
        "web": {
          "contentFormat": "Markdown",
          "content": "💡 **PS!** Hvis du er utvikler, kan du til og med [bygge din egen app for Teams-møter](https://docs.microsoft.com/nb-no/microsoftteams/platform/apps-in-teams-meetings/teams-apps-in-meetings)."
        }
      },
      "id": "74a95337-d6b4-4000-85ec-cb92c57b8633",
      "createdTime": "2021-04-12T14:32:59.833Z",
      "updatedTime": "2021-04-12T14:32:59.833Z",
      "createdUserId": "user-0",
      "updatedUserId": "user-0"
    },
    {
      "channelContent": {
        "web": {
          "contentFormat": "Markdown",
          "content": "Det finnes allerede noen innebygde apper for Teams-møter, f.eks \"**Whiteboard**\" som er en tavle som flere kan tegne på samtidig. 🎨"
        }
      },
      "id": "b0b30c17-517b-4d14-ad6c-b15121ece7b5",
      "createdTime": "2021-04-15T10:42:35.325Z",
      "updatedTime": "2021-04-15T10:42:35.325Z",
      "createdUserId": "user-0",
      "updatedUserId": "user-0"
    }
  ],
  "createdUtc": "0001-01-01T00:00:00Z"
}