{
  "intents": [
    {
      "triggerQueries": [
        "Kanalsamtale fra Teams til Outlook",
        "Del kopi av samtalen fra en kanal som epostmelding til outlook",
        "Del en kanalsamtale fra Teams til Outlook"
      ],
      "dialogId": "new_topic_78835a00038c4ccfa937ecce11ca5cf2",
      "isTriggeringEnabled": true,
      "id": "new_topic_78835a00038c4ccfa937ecce11ca5cf2",
      "displayName": "Del en kanalsamtale fra Teams til Outlook",
      "description": "https://norwegianteams.blob.core.windows.net/norwegian-container/TIMA QA P19.docx",
      "createdTime": "2021-03-24T20:09:21.5452642Z",
      "updatedTime": "2021-04-06T18:27:39.8956764Z",
      "createdUserId": "ef0c8b9a-eff1-49f8-92fa-fd1d3e15e1ba",
      "updatedUserId": "ef0c8b9a-eff1-49f8-92fa-fd1d3e15e1ba"
    }
  ],
  "dialogs": [
    {
      "rootNodeId": "a8a97b76-d164-4a74-8f92-64ec4eecf101",
      "messageNodes": [
        {
          "botMessageId": "136012d1-b95b-4815-b8ea-d126700b62e4",
          "nodeType": "BotMessageNode",
          "id": "a8a97b76-d164-4a74-8f92-64ec4eecf101",
          "defaultTargetNodeId": "dda2ad58-8071-4fd3-aa7d-9ddfabdeb725"
        },
        {
          "botMessageId": "67409f99-950e-4333-aa2f-575e730e274f",
          "nodeType": "BotMessageNode",
          "id": "dda2ad58-8071-4fd3-aa7d-9ddfabdeb725",
          "defaultTargetNodeId": "9e115c14-9320-4b03-ba15-a0fd3e0a18eb"
        }
      ],
      "dialogChangeNodes": [
        {
          "targetDialogId": "new_topic_89c49d37fd4c4c1c9144396960733ce1_aeabea4d071f415c8c107e1cb7af5424_assumedsuccess",
          "nodeType": "DialogChangeNode",
          "id": "9e115c14-9320-4b03-ba15-a0fd3e0a18eb"
        }
      ],
      "id": "new_topic_78835a00038c4ccfa937ecce11ca5cf2",
      "displayName": "Dialog for Dele en kanalsamtale fra Teams til Outlook",
      "createdTime": "2021-03-24T20:09:21.5452642Z",
      "updatedTime": "2021-04-06T18:27:31.157242Z",
      "createdUserId": "ef0c8b9a-eff1-49f8-92fa-fd1d3e15e1ba",
      "updatedUserId": "ef0c8b9a-eff1-49f8-92fa-fd1d3e15e1ba"
    }
  ],
  "botMessages": [
    {
      "channelContent": {
        "web": {
          "contentFormat": "Markdown",
          "content": "I Teams kan du også dele en hel kanalsamtale som en e-postmelding til Outlook.\n\n1.  Velg **Flere alternativer…**, og velg deretter alternativet **Del til Outlook.**\n2.  Velg mottaker(e). Du kan også velge blant egendefinerte alternativer, redigere emnelinjen og legge til vedlegg.\n3.  Klikk deretter **Send** for å dele kanalsamtalen. Dette sender hele samtaleloggen."
        }
      },
      "id": "136012d1-b95b-4815-b8ea-d126700b62e4",
      "createdTime": "2021-03-24T20:09:21.5452642Z",
      "updatedTime": "2021-03-24T20:09:21.5452642Z",
      "createdUserId": "ef0c8b9a-eff1-49f8-92fa-fd1d3e15e1ba",
      "updatedUserId": "ef0c8b9a-eff1-49f8-92fa-fd1d3e15e1ba"
    },
    {
      "channelContent": {
        "web": {
          "contentFormat": "Markdown",
          "content": "**Obs!:** Funksjonen **Del til Outlook** støttes for øyeblikket ikke for mobil."
        }
      },
      "id": "67409f99-950e-4333-aa2f-575e730e274f",
      "createdTime": "2021-04-06T18:27:23.117Z",
      "updatedTime": "2021-04-06T18:27:23.117Z",
      "createdUserId": "user-0",
      "updatedUserId": "user-0"
    }
  ],
  "createdUtc": "0001-01-01T00:00:00Z"
}