{
  "intents": [
    {
      "endUserOverrideName": "Skapa inlägg i kanal",
      "triggerQueries": [
        "Hur startar jag en ny tråd?",
        "skriv ny konversation i teamet",
        "Förklara fliken inlägg",
        "syftet med fliken ”inlägg” i en kanal?",
        "skriva till alla i teamet?",
        "hur kommunicerar jag med mina teammedlemmar?",
        "Hur börjar jag samarbeta i Teams kring något?",
        "Skapa inlägg i kanal",
        "svara eller skriv nytt inlägg",
        "Hur gör jag nytt inlägg i en kanal",
        "ny kanalkonversation",
        "starta en ny konversation i en kanal",
        "Hur startar jag en Konversation i Teams?"
      ],
      "dialogId": "new_topic_7667d34ef2e74d7ba8b1cbc8bdac29a1",
      "isTriggeringEnabled": true,
      "id": "new_topic_7667d34ef2e74d7ba8b1cbc8bdac29a1",
      "displayName": "Hur starta jag en konversation i ett team?",
      "description": "",
      "createdTime": "2020-11-24T14:37:53.8230909Z",
      "updatedTime": "2020-12-08T15:30:34.9972665Z",
      "createdUserId": "f04d3cd9-b73d-4ba9-a1ed-9319eba29b21",
      "updatedUserId": "f04d3cd9-b73d-4ba9-a1ed-9319eba29b21"
    }
  ],
  "dialogs": [
    {
      "rootNodeId": "69d568aa-d780-4f3b-a952-e65d915d5be7",
      "messageNodes": [
        {
          "botMessageId": "a0d0dbff-fe20-4c7f-8634-7c2bd85ddf72",
          "nodeType": "BotMessageNode",
          "id": "69d568aa-d780-4f3b-a952-e65d915d5be7",
          "defaultTargetNodeId": "6a72ec8b-102f-47f6-a7a6-5a8d24f79e54"
        },
        {
          "botMessageId": "2045bad3-d968-450f-97d8-ee404619ebf0",
          "nodeType": "BotMessageNode",
          "id": "6a72ec8b-102f-47f6-a7a6-5a8d24f79e54",
          "defaultTargetNodeId": "d6ce5452-8770-4863-8e95-c30b780c3b52"
        },
        {
          "botMessageId": "4a1f64c5-a724-4e85-93cf-5d55c7104e66",
          "nodeType": "BotMessageNode",
          "id": "d6ce5452-8770-4863-8e95-c30b780c3b52",
          "defaultTargetNodeId": "2bf49a45-234e-4316-81ea-996755ccc015"
        }
      ],
      "dialogChangeNodes": [
        {
          "targetDialogId": "new_topic_84ec227c19784e7ba25cb34f4638f91e_aeabea4d071f415c8c107e1cb7af5424_assumedsuccess",
          "nodeType": "DialogChangeNode",
          "id": "2bf49a45-234e-4316-81ea-996755ccc015"
        }
      ],
      "id": "new_topic_7667d34ef2e74d7ba8b1cbc8bdac29a1",
      "displayName": "Dialog for Hur startar jag en Konversation i Teams?",
      "createdTime": "2020-11-24T14:37:53.8230909Z",
      "updatedTime": "2020-12-08T15:36:00.8963693Z",
      "createdUserId": "f04d3cd9-b73d-4ba9-a1ed-9319eba29b21",
      "updatedUserId": "f04d3cd9-b73d-4ba9-a1ed-9319eba29b21"
    }
  ],
  "botMessages": [
    {
      "channelContent": {
        "web": {
          "contentFormat": "Markdown",
          "content": "När du går till en kanal i Teams är den allra första fliken ”Inlägg”. Tänk på detta som en enda stor gruppchatt. Alla som har tillgång till teamet kan se meddelanden under fliken **Inlägg**.\n\n[Följ stegen om du vill skicka ett meddelande till alla i kanalen](https://support.microsoft.com/sv-se/office/skicka-ett-meddelande-till-en-kanal-i-teams-5c8131ce-eaad-4798-bc73-e33f4652a9c4):"
        }
      },
      "id": "a0d0dbff-fe20-4c7f-8634-7c2bd85ddf72",
      "createdTime": "2020-11-24T14:37:53.8230909Z",
      "updatedTime": "2020-11-24T14:37:53.8230909Z",
      "createdUserId": "f04d3cd9-b73d-4ba9-a1ed-9319eba29b21",
      "updatedUserId": "f04d3cd9-b73d-4ba9-a1ed-9319eba29b21"
    },
    {
      "channelContent": {
        "web": {
          "contentFormat": "Markdown",
          "content": "*   Välj först den kanal du vill skriva i\n*   Klicka sedan på **”Svara”** om du vill svara i befintlig tråd eller tryck på knappen **”Ny konversation”** för att starta en ny.\n*   Skriv ditt meddelande i rutan och välj Skicka."
        }
      },
      "id": "2045bad3-d968-450f-97d8-ee404619ebf0",
      "createdTime": "2020-11-30T14:15:48.083Z",
      "updatedTime": "2020-11-30T14:15:48.083Z",
      "createdUserId": "user-0",
      "updatedUserId": "user-0"
    },
    {
      "channelContent": {
        "web": {
          "contentFormat": "Markdown",
          "content": "Voila 🙂!\n\nDitt meddelande är nu live i kanalen 👍  \n \n\n💡**Tips:** Vill du bara prata med en person eller en mindre grupp, [starta en chatt](https://support.microsoft.com/sv-se/office/starta-en-chatt-i-teams-0c71b32b-c050-4930-a887-5afbe742b3d8)"
        }
      },
      "id": "4a1f64c5-a724-4e85-93cf-5d55c7104e66",
      "createdTime": "2020-11-30T14:16:14.355Z",
      "updatedTime": "2020-11-30T14:16:14.355Z",
      "createdUserId": "user-0",
      "updatedUserId": "user-0"
    }
  ]
}