{"properties":{"connectionReferences":{"shared_office365users":{"runtimeSource":"embedded","connection":{"connectionReferenceLogicalName":"new_sharedoffice365users_c870a"},"api":{"name":"shared_office365users"}},"shared_teams":{"runtimeSource":"embedded","connection":{"connectionReferenceLogicalName":"new_sharedteams_d9563"},"api":{"name":"shared_teams"}}},"definition":{"$schema":"https://schema.management.azure.com/providers/Microsoft.Logic/schemas/2016-06-01/workflowdefinition.json#","contentVersion":"1.0.0.0","parameters":{"$connections":{"defaultValue":{},"type":"Object"},"$authentication":{"defaultValue":{},"type":"SecureObject"}},"triggers":{"manual":{"type":"Request","kind":"VirtualAgent","inputs":{"schema":{"type":"object","properties":{"text":{"title":"Gebruikers display naam","type":"string","x-ms-dynamically-added":true,"description":"Gebruikers display naam in MS Teams ","x-ms-content-hint":"TEXT"},"text_1":{"title":"UPN (gebruikersID)","type":"string","x-ms-dynamically-added":true,"description":"Gebruikers ID","x-ms-content-hint":"TEXT"},"text_2":{"title":"Gebruikersvraag","type":"string","x-ms-dynamically-added":true,"description":"De vraag die de gebruiker aan de bot heeft gesteld.","x-ms-content-hint":"TEXT"},"text_3":{"title":"Titel vd gebruikersvraag","type":"string","x-ms-dynamically-added":true,"description":"De titel die de gebruiker aan de vraag heeft gegeven.","x-ms-content-hint":"TEXT"}},"required":["text","text_1","text_2","text_3"]}}}},"actions":{"Return_value(s)_to_Power_Virtual_Agents":{"runAfter":{"Post_your_own_adaptive_card_as_the_Flow_bot_to_a_channel":["Succeeded"]},"type":"Response","kind":"VirtualAgent","inputs":{"statusCode":200,"body":{},"schema":{"type":"object","properties":{}}}},"Get_my_profile_(V2)":{"runAfter":{},"type":"OpenApiConnection","inputs":{"host":{"connectionName":"shared_office365users","operationId":"MyProfile_V2","apiId":"/providers/Microsoft.PowerApps/apis/shared_office365users"},"parameters":{},"authentication":"@parameters('$authentication')"}},"Post_your_own_adaptive_card_as_the_Flow_bot_to_a_channel":{"runAfter":{"Get_my_profile_(V2)":["Succeeded"]},"type":"OpenApiConnection","inputs":{"host":{"connectionName":"shared_teams","operationId":"PostChannelAdaptiveCard","apiId":"/providers/Microsoft.PowerApps/apis/shared_teams"},"parameters":{"groupId":"7d5dabab-dd65-45db-b268-dcb43823bec9","PostAdaptiveCardRequest/recipient/channelId":"19:0d37808350db4102abb056470037b1fd@thread.tacv2","PostAdaptiveCardRequest/messageBody":"{ \n    \"type\": \"AdaptiveCard\",\n    \"body\": [\n        {\n            \"type\": \"TextBlock\",\n            \"size\": \"Large\",\n            \"weight\": \"Bolder\",\n            \"text\": \"Hulp nodig met: @{triggerBody()['text_3']}\"\n        },\n        {\n            \"type\": \"ColumnSet\",\n            \"columns\": [\n                {\n                    \"type\": \"Column\",\n                    \"items\": [\n                        {\n                            \"type\": \"TextBlock\",\n                            \"text\": \"@{triggerBody()['text']} wil graag support.\",\n                            \"wrap\": true\n                        }\n                    ],\n                    \"width\": \"stretch\"\n                }\n            ]\n        },\n        {\n            \"type\": \"TextBlock\",\n            \"weight\": \"Bolder\",\n            \"text\": \"Vraag: @{triggerBody()['text_2']}\",\n            \"wrap\": true\n        }\n    ],\n    \"$schema\": \"http://adaptivecards.io/schemas/adaptive-card.json\",\n    \"version\": \"1.2\",\n    \"actions\": [\n        {\n            \"type\": \"Action.OpenUrl\",\n            \"title\": \"Chat met@{outputs('Get_my_profile_(V2)')?['body/displayName']}\",\n            \"url\": \"https://teams.microsoft.com/l/chat/0/0?users=@{outputs('Get_my_profile_(V2)')?['body/userPrincipalName']}\"\n        }\n    ]\n}"},"authentication":"@parameters('$authentication')"}}},"outputs":{}}},"schemaVersion":"1.0.0.0"}