{"properties":{"connectionReferences":{},"definition":{"$schema":"https://schema.management.azure.com/providers/Microsoft.Logic/schemas/2016-06-01/workflowdefinition.json#","contentVersion":"1.0.0.0","parameters":{"$authentication":{"defaultValue":{},"type":"SecureObject"}},"triggers":{"manual":{"type":"Request","kind":"VirtualAgent","inputs":{"schema":{"type":"object","properties":{},"required":[]}}}},"actions":{"Return_value(s)_to_Power_Virtual_Agents":{"runAfter":{},"type":"Response","kind":"VirtualAgent","inputs":{"statusCode":200,"body":{"wave_gif2":"![Name](https://i.pinimg.com/originals/03/68/c2/0368c21a37cce3e3628ff8eeccc4e2a4.gif)"},"schema":{"type":"object","properties":{"wave_gif2":{"title":"Wave GIF2","x-ms-dynamically-added":true,"type":"string"}}}}}},"outputs":{}}},"schemaVersion":"1.0.0.0"}