{
  "intents": [
    {
      "endUserOverrideName": "Teams提供的資訊保護",
      "triggerQueries": [
        "Teams提供的資訊保護",
        "Teams中的合規性規則",
        "Teams中的合規性功能",
        "進階威脅防護",
        "Teams中的eDiscovery",
        "透過intune的MDM support",
        "Teams提供什麼樣的訊息保護？",
        "保護我們Teams中的資訊",
        "Teams提供哪些類型的訊息保護？",
        "有條件的存取",
        "團隊中的檔案",
        "Microsoft 365 的進階威脅防護",
        "Teams的合規性？",
        "我能查看團隊的登入情況嗎？",
        "資料保護程序",
        "相容性規則",
        "Teams中的相容性規則",
        "Teams中的資料保護程序",
        "Information protection offered by Teams",
        "compliance rules in teams",
        "compliance features in teams",
        "Advanced threat protection",
        "eDiscovery in teams",
        "legal hold",
        "MAM support",
        "MDM support via Intune",
        "What kind of information protection does Teams offer?",
        "information protection in Teams?",
        "Protect our information in Teams",
        "What types of information protection are available in Teams?",
        "Conditional access",
        "archiving in teams",
        "Advanced Threat Protection for Microsoft 365",
        "Compliance in Teams?",
        "can you review logs in teams?"
      ],
      "dialogId": "new_topic_c7476f4f30184269adabf2b68e93affa",
      "isTriggeringEnabled": true,
      "id": "new_topic_c7476f4f30184269adabf2b68e93affa",
      "displayName": "Teams 有哪些資料保護程序?",
      "description": "https://adoptbotv2kb.blob.core.windows.net/%24web/AdoptBot2021-English.docx",
      "createdTime": "2021-11-17T06:48:54.4974754Z",
      "updatedTime": "2021-11-17T06:50:41.7076469Z",
      "createdUserId": "9c968d43-f7c2-4e28-895c-1f6bcefcd8be",
      "updatedUserId": "9c968d43-f7c2-4e28-895c-1f6bcefcd8be"
    }
  ],
  "dialogs": [
    {
      "rootNodeId": "56f438ef-8008-49c6-aa79-dae682627d4b",
      "messageNodes": [
        {
          "botMessageId": "f268e498-bc43-4f9a-bb4c-5585d796461d",
          "nodeType": "BotMessageNode",
          "id": "56f438ef-8008-49c6-aa79-dae682627d4b",
          "defaultTargetNodeId": "b82131cf-3d1a-4faa-9278-d5862eee521e"
        },
        {
          "botMessageId": "07e521e2-7bba-49a7-af72-56b6f89f04e2",
          "nodeType": "BotMessageNode",
          "id": "b82131cf-3d1a-4faa-9278-d5862eee521e",
          "defaultTargetNodeId": "24e8a6c4-adc3-4f7d-b2ee-92661d0e23c7"
        },
        {
          "botMessageId": "582a75c7-466e-41c1-bc97-c6240872941e",
          "nodeType": "BotMessageNode",
          "id": "24e8a6c4-adc3-4f7d-b2ee-92661d0e23c7",
          "defaultTargetNodeId": "66c1bb39-023d-4149-a469-13dda1df2d5e"
        },
        {
          "botMessageId": "a3b9d5d5-78c3-4c74-8313-8d2e963170cb",
          "nodeType": "BotMessageNode",
          "id": "66c1bb39-023d-4149-a469-13dda1df2d5e",
          "defaultTargetNodeId": "f0015448-dc42-4284-9ae6-311b2c7daf5c"
        },
        {
          "botMessageId": "31c535f4-f004-419a-8158-eb60f628442a",
          "nodeType": "BotMessageNode",
          "id": "f0015448-dc42-4284-9ae6-311b2c7daf5c",
          "defaultTargetNodeId": "c0956c3f-7bfb-4312-b242-674d2eafe0ef"
        },
        {
          "botMessageId": "d14dff14-e8e6-4c4a-a64c-d1e870e6372d",
          "nodeType": "BotMessageNode",
          "id": "c0956c3f-7bfb-4312-b242-674d2eafe0ef",
          "defaultTargetNodeId": "0812b9c9-d9ed-4da3-81a1-6a97579bb55f"
        },
        {
          "botMessageId": "0de8d40a-3b12-4491-81cf-e7533b456cc2",
          "nodeType": "BotMessageNode",
          "id": "0812b9c9-d9ed-4da3-81a1-6a97579bb55f",
          "defaultTargetNodeId": "746ce701-9aea-4291-82b8-6728314faecf"
        },
        {
          "botMessageId": "0c1af5c8-1b16-48a8-80b5-9b5811dd0da8",
          "nodeType": "BotMessageNode",
          "id": "746ce701-9aea-4291-82b8-6728314faecf",
          "defaultTargetNodeId": "b891f7f2-d359-4aa7-80b0-1fb912d77661"
        },
        {
          "botMessageId": "51b927dd-dc7c-47d0-a180-dbd35e4f0cbe",
          "nodeType": "BotMessageNode",
          "id": "b891f7f2-d359-4aa7-80b0-1fb912d77661",
          "defaultTargetNodeId": "51c9b59c-19eb-4aaa-91ab-f57c8b473247"
        },
        {
          "botMessageId": "921214b4-6a8e-4316-90fe-99c9011eb5b0",
          "nodeType": "BotMessageNode",
          "id": "51c9b59c-19eb-4aaa-91ab-f57c8b473247",
          "defaultTargetNodeId": "12eb1a2e-7b21-4a47-8089-b33cb11a7e70"
        },
        {
          "botMessageId": "d2218c4b-0ed3-44ea-8214-c0af46bdb25d",
          "nodeType": "BotMessageNode",
          "id": "12eb1a2e-7b21-4a47-8089-b33cb11a7e70",
          "defaultTargetNodeId": "da813ba0-7e55-4ac2-9cac-8d51f70b3811"
        }
      ],
      "dialogChangeNodes": [
        {
          "targetDialogId": "new_topic_e2d1671328b941dbb60fa7150059b1ee_aeabea4d071f415c8c107e1cb7af5424_assumedsuccess",
          "nodeType": "DialogChangeNode",
          "id": "da813ba0-7e55-4ac2-9cac-8d51f70b3811"
        }
      ],
      "id": "new_topic_c7476f4f30184269adabf2b68e93affa",
      "displayName": "Dialog for Teams 有哪些資料保護程序?",
      "createdTime": "2021-11-17T06:48:54.4974754Z",
      "updatedTime": "2021-11-17T06:50:41.7076469Z",
      "createdUserId": "9c968d43-f7c2-4e28-895c-1f6bcefcd8be",
      "updatedUserId": "9c968d43-f7c2-4e28-895c-1f6bcefcd8be"
    }
  ],
  "botMessages": [
    {
      "channelContent": {
        "web": {
          "contentFormat": "Markdown",
          "content": "為了滿足您的法律、監管和內容安全需求，Teams 通過 [Microsoft 365 安全與合規中心](https://docs.microsoft.com/zh-TW/microsoft-365/compliance/microsoft-365-compliance-center?view=o365-worldwide)提供許多資訊保護功能"
        }
      },
      "id": "f268e498-bc43-4f9a-bb4c-5585d796461d",
      "createdTime": "2021-11-17T06:48:54.4974754Z",
      "updatedTime": "2021-11-17T06:48:54.4974754Z",
      "createdUserId": "9c968d43-f7c2-4e28-895c-1f6bcefcd8be",
      "updatedUserId": "9c968d43-f7c2-4e28-895c-1f6bcefcd8be"
    },
    {
      "channelContent": {
        "web": {
          "contentFormat": "Markdown",
          "content": "**檔案：**\n\n儲存在任何Teams相關工作負載中的任何內容都需要根據企業公司政策進行不可改變的保存。"
        }
      },
      "id": "07e521e2-7bba-49a7-af72-56b6f89f04e2",
      "createdTime": "2021-11-17T06:49:10.425Z",
      "updatedTime": "2021-11-17T06:49:10.425Z",
      "createdUserId": "user-0",
      "updatedUserId": "user-0"
    },
    {
      "channelContent": {
        "web": {
          "contentFormat": "Markdown",
          "content": "**合規內容搜索：**\n\n儲存在任何工作負載中的任何內容都可以通過豐富的篩選功能進行搜索。所有內容都可以導出到特定裝置以獲得合規性和訴訟支援。"
        }
      },
      "id": "582a75c7-466e-41c1-bc97-c6240872941e",
      "createdTime": "2021-11-17T06:49:30.185Z",
      "updatedTime": "2021-11-17T06:49:30.185Z",
      "createdUserId": "user-0",
      "updatedUserId": "user-0"
    },
    {
      "channelContent": {
        "web": {
          "contentFormat": "Markdown",
          "content": "**eDiscovery:**\n\n豐富的 eDiscovery 功能，包括案例管理、保存、搜索、分析和匯出，可幫助客戶簡化 eDiscovery 流程，快速識別相關數據，同時降低成本和風險。"
        }
      },
      "id": "a3b9d5d5-78c3-4c74-8313-8d2e963170cb",
      "createdTime": "2021-11-17T06:49:35.637Z",
      "updatedTime": "2021-11-17T06:49:35.637Z",
      "createdUserId": "user-0",
      "updatedUserId": "user-0"
    },
    {
      "channelContent": {
        "web": {
          "contentFormat": "Markdown",
          "content": "**法律保留：**\n\n當任何團隊或個人被置於就地保留或訴訟擱置時，保留被放置在主郵件和存檔郵件上（不包括編輯或刪除）。"
        }
      },
      "id": "31c535f4-f004-419a-8158-eb60f628442a",
      "createdTime": "2021-11-17T06:49:43.556Z",
      "updatedTime": "2021-11-17T06:49:43.556Z",
      "createdUserId": "user-0",
      "updatedUserId": "user-0"
    },
    {
      "channelContent": {
        "web": {
          "contentFormat": "Markdown",
          "content": "**稽核紀錄搜尋：**\n\n所有團隊活動和商務活動都會被捕獲，並可供客戶搜索和匯出。"
        }
      },
      "id": "d14dff14-e8e6-4c4a-a64c-d1e870e6372d",
      "createdTime": "2021-11-17T06:49:48.186Z",
      "updatedTime": "2021-11-17T06:49:48.186Z",
      "createdUserId": "user-0",
      "updatedUserId": "user-0"
    },
    {
      "channelContent": {
        "web": {
          "contentFormat": "Markdown",
          "content": "**Exchange 線上防護：**\n\n通過 Exchange 線上防護和 Microsoft 365 的進階威脅防護，對發送到頻道的電子郵件進行垃圾郵件、惡意軟體、惡意鏈接、欺騙和網路釣魚進行過濾。"
        }
      },
      "id": "0de8d40a-3b12-4491-81cf-e7533b456cc2",
      "createdTime": "2021-11-17T06:49:56.597Z",
      "updatedTime": "2021-11-17T06:49:56.597Z",
      "createdUserId": "user-0",
      "updatedUserId": "user-0"
    },
    {
      "channelContent": {
        "web": {
          "contentFormat": "Markdown",
          "content": "**有條件存取：**\n\n我們確保 Teams 的存取僅限於符合您的 IT 管理員或公司組織設置的策略和安全規則的裝置。這包括 MDM 和 MAM 支援與 IOS 和安卓系統的 Intune 服務。"
        }
      },
      "id": "0c1af5c8-1b16-48a8-80b5-9b5811dd0da8",
      "createdTime": "2021-11-17T06:50:00.955Z",
      "updatedTime": "2021-11-17T06:50:00.955Z",
      "createdUserId": "user-0",
      "updatedUserId": "user-0"
    },
    {
      "channelContent": {
        "web": {
          "contentFormat": "Markdown",
          "content": "有關這些合規功能的更多資訊，請參閱 [Microsoft 365 中的安全和合規性概述](https://docs.microsoft.com/zh-TW/microsoft-365/?view=o365-worldwide)。"
        }
      },
      "id": "51b927dd-dc7c-47d0-a180-dbd35e4f0cbe",
      "createdTime": "2021-11-17T06:50:05.096Z",
      "updatedTime": "2021-11-17T06:50:05.096Z",
      "createdUserId": "user-0",
      "updatedUserId": "user-0"
    },
    {
      "channelContent": {
        "web": {
          "contentFormat": "Markdown",
          "content": "有關內容搜索和 Teams 的更多詳細資訊，請參閱 [Microsoft 365 安全與合規中心運行內容搜索](https://docs.microsoft.com/zh-TW/microsoft-365/compliance/content-search?view=o365-worldwide)的 Teams 章節。"
        }
      },
      "id": "921214b4-6a8e-4316-90fe-99c9011eb5b0",
      "createdTime": "2021-11-17T06:50:11.041Z",
      "updatedTime": "2021-11-17T06:50:11.041Z",
      "createdUserId": "user-0",
      "updatedUserId": "user-0"
    },
    {
      "channelContent": {
        "web": {
          "contentFormat": "Markdown",
          "content": "_這是一個很長的答案。_\n\n_您可能需要向上滾動🔼_"
        }
      },
      "id": "d2218c4b-0ed3-44ea-8214-c0af46bdb25d",
      "createdTime": "2021-11-17T06:50:25.377Z",
      "updatedTime": "2021-11-17T06:50:25.377Z",
      "createdUserId": "user-0",
      "updatedUserId": "user-0"
    }
  ]
}