{
  "intents": [
    {
      "endUserOverrideName": "如何錄製會議",
      "triggerQueries": [
        "錄製會議",
        "開始錄製會議",
        "錄製我們的會議",
        "錄製這個會議",
        "開始會議錄製",
        "我該如何開始錄製會議",
        "我想要錄製會議",
        "我該怎麼錄製會議",
        "Record a meeting?",
        "start recording the meeting?",
        "record our meetings",
        "Record a meeting?",
        "Start a meeting recording",
        "How do I start recording the meeting",
        "I want to record my meeting",
        "How do I record a meeting?"
      ],
      "dialogId": "new_topic_499b34dcf40f4786aaa254d50c86aa5f",
      "isTriggeringEnabled": true,
      "id": "new_topic_499b34dcf40f4786aaa254d50c86aa5f",
      "displayName": "怎麼錄製會議",
      "description": "https://adoptbotv2kb.blob.core.windows.net/%24web/AdoptBot2021-English.docx",
      "createdTime": "2021-11-17T04:02:02.3843375Z",
      "updatedTime": "2021-11-17T09:40:45.7274244Z",
      "createdUserId": "9c968d43-f7c2-4e28-895c-1f6bcefcd8be",
      "updatedUserId": "9c968d43-f7c2-4e28-895c-1f6bcefcd8be"
    }
  ],
  "dialogs": [
    {
      "rootNodeId": "e7843531-9ea8-46f2-b6be-7ef101a3261d",
      "messageNodes": [
        {
          "botMessageId": "aee0b7df-f81e-414c-96d5-719d9d622c7e",
          "nodeType": "BotMessageNode",
          "id": "e7843531-9ea8-46f2-b6be-7ef101a3261d",
          "defaultTargetNodeId": "dd9192b8-1a91-4381-845d-2077ffce233b"
        },
        {
          "botMessageId": "a8df3ddd-c0fb-4b01-a503-dda275f38b25",
          "nodeType": "BotMessageNode",
          "id": "dd9192b8-1a91-4381-845d-2077ffce233b",
          "defaultTargetNodeId": "887707f6-7ec5-4be8-a5f8-a7ab2b7ffe61"
        }
      ],
      "dialogChangeNodes": [
        {
          "targetDialogId": "new_topic_e2d1671328b941dbb60fa7150059b1ee_aeabea4d071f415c8c107e1cb7af5424_assumedsuccess",
          "nodeType": "DialogChangeNode",
          "id": "887707f6-7ec5-4be8-a5f8-a7ab2b7ffe61"
        }
      ],
      "id": "new_topic_499b34dcf40f4786aaa254d50c86aa5f",
      "displayName": "Dialog for 我該怎麼錄製會議",
      "createdTime": "2021-11-17T04:02:02.3843375Z",
      "updatedTime": "2021-11-17T04:03:28.1882511Z",
      "createdUserId": "9c968d43-f7c2-4e28-895c-1f6bcefcd8be",
      "updatedUserId": "9c968d43-f7c2-4e28-895c-1f6bcefcd8be"
    }
  ],
  "botMessages": [
    {
      "channelContent": {
        "web": {
          "contentFormat": "Markdown",
          "content": "要錄製會議，您需要開始或加入會議。"
        }
      },
      "id": "aee0b7df-f81e-414c-96d5-719d9d622c7e",
      "createdTime": "2021-11-17T04:02:02.3843375Z",
      "updatedTime": "2021-11-17T04:02:02.3843375Z",
      "createdUserId": "9c968d43-f7c2-4e28-895c-1f6bcefcd8be",
      "updatedUserId": "9c968d43-f7c2-4e28-895c-1f6bcefcd8be"
    },
    {
      "channelContent": {
        "web": {
          "contentFormat": "Markdown",
          "content": "**要開始錄製會議**：\n\n1.  在會議控制中選擇**更多選項**（...），然後選擇「**開始錄製**」。\n2.  會議中的每個人都會被告知錄製已經開始。\n3.  以同樣的方式**結束錄製**。\n\n閱讀更多內容：[如何在 Teams 中錄製會議](https://support.microsoft.com/zh-tw/office/%E5%9C%A8-teams-%E4%B8%AD%E9%8C%84%E8%A3%BD%E6%9C%83%E8%AD%B0-34dfbe7f-b07d-4a27-b4c6-de62f1348c24)。"
        }
      },
      "id": "a8df3ddd-c0fb-4b01-a503-dda275f38b25",
      "createdTime": "2021-11-17T04:03:18.322Z",
      "updatedTime": "2021-11-17T04:03:18.322Z",
      "createdUserId": "user-0",
      "updatedUserId": "user-0"
    }
  ]
}