{
  "intents": [
    {
      "intentType": "Regular",
      "triggerQueries": [
        "How many total phone participants can I have in a meeting?",
        "How many is the maximum for conference call?",
        "how many people can call in to a regular meeting?",
        "How many people can be in the meeting over the phone?",
        "maximum number in meeting by phone?",
        "maximum number in conference call?",
        "How many total phone participants can I have in meetings?"
      ],
      "dialogId": "new_topic_57955b89c47246bb8b60691766f01c39",
      "isTriggeringEnabled": true,
      "id": "new_topic_57955b89c47246bb8b60691766f01c39",
      "displayName": "How many total phone participants can I have in meetings?",
      "description": "https://adoptbotv2kb.blob.core.windows.net/%24web/AdoptBot2021-English.docx",
      "createdTime": "2021-01-13T22:20:51.2381463Z",
      "updatedTime": "2021-01-26T22:52:32.1347394Z",
      "createdUserId": "f04d3cd9-b73d-4ba9-a1ed-9319eba29b21",
      "updatedUserId": "f04d3cd9-b73d-4ba9-a1ed-9319eba29b21"
    }
  ],
  "dialogs": [
    {
      "rootNodeId": "648b4139-4eac-4ec3-8a0c-8911f5f1c6f8",
      "messageNodes": [
        {
          "botMessageId": "a12d3e76-1b06-4d38-af54-0bc4c3d45a33",
          "nodeType": "BotMessageNode",
          "id": "648b4139-4eac-4ec3-8a0c-8911f5f1c6f8",
          "defaultTargetNodeId": "84aed11a-13e2-4a44-ac73-66e6edaae164"
        }
      ],
      "dialogChangeNodes": [
        {
          "targetDialogId": "new_topic_eac3f49c99664313a9d9dc19d80a79a2_aeabea4d071f415c8c107e1cb7af5424_assumedsuccess",
          "nodeType": "DialogChangeNode",
          "id": "84aed11a-13e2-4a44-ac73-66e6edaae164"
        }
      ],
      "id": "new_topic_57955b89c47246bb8b60691766f01c39",
      "displayName": "Dialog for How many total phone participants can I have in meetings?",
      "createdTime": "2021-01-13T22:20:51.2381463Z",
      "updatedTime": "2021-01-13T22:20:51.2381463Z",
      "createdUserId": "f04d3cd9-b73d-4ba9-a1ed-9319eba29b21",
      "updatedUserId": "f04d3cd9-b73d-4ba9-a1ed-9319eba29b21"
    }
  ],
  "botMessages": [
    {
      "channelContent": {
        "web": {
          "contentFormat": "Markdown",
          "content": "[The](https://docs.microsoft.com/en-us/microsoftteams/limits-specifications-teams)[number of people who can participate by phone in a meeting](https://docs.microsoft.com/en-us/microsoftteams/limits-specifications-teams) is currently 300 (early 2021) . Click the link for latest info as limit gets increased."
        }
      },
      "id": "a12d3e76-1b06-4d38-af54-0bc4c3d45a33",
      "createdTime": "2021-01-13T22:20:51.2381463Z",
      "updatedTime": "2021-01-13T22:20:51.2381463Z",
      "createdUserId": "f04d3cd9-b73d-4ba9-a1ed-9319eba29b21",
      "updatedUserId": "f04d3cd9-b73d-4ba9-a1ed-9319eba29b21"
    }
  ]
}