{
  "intents": [
    {
      "triggerQueries": [
        "Endre filer i en fane",
        "Rediger filer i en fane"
      ],
      "dialogId": "new_topic_77036f14c510454089a682dd4969038c",
      "isTriggeringEnabled": true,
      "id": "new_topic_77036f14c510454089a682dd4969038c",
      "displayName": "Rediger filer i en fane",
      "description": "",
      "createdTime": "2021-04-12T13:48:09.6395765Z",
      "updatedTime": "2021-04-12T13:48:09.6395765Z",
      "createdUserId": "ef0c8b9a-eff1-49f8-92fa-fd1d3e15e1ba"
    }
  ],
  "dialogs": [
    {
      "rootNodeId": "60a5675f-ba4d-4daf-a6b0-4b1ff407454f",
      "messageNodes": [
        {
          "botMessageId": "8990e7c3-33a3-4aac-b8e9-6a965e2cfb36",
          "nodeType": "BotMessageNode",
          "id": "60a5675f-ba4d-4daf-a6b0-4b1ff407454f",
          "defaultTargetNodeId": "033c2bd9-55ed-4c4f-a1cb-a07265de439c"
        },
        {
          "botMessageId": "d4867808-2263-4960-8871-f91edb1aad48",
          "nodeType": "BotMessageNode",
          "id": "033c2bd9-55ed-4c4f-a1cb-a07265de439c",
          "defaultTargetNodeId": "24af4e42-8b9a-432b-96df-d4beca967f26"
        }
      ],
      "dialogChangeNodes": [
        {
          "targetDialogId": "new_topic_89c49d37fd4c4c1c9144396960733ce1_aeabea4d071f415c8c107e1cb7af5424_assumedsuccess",
          "nodeType": "DialogChangeNode",
          "id": "24af4e42-8b9a-432b-96df-d4beca967f26"
        }
      ],
      "id": "new_topic_77036f14c510454089a682dd4969038c",
      "displayName": "Dialog for Rediger filer i en fane",
      "createdTime": "2021-04-12T13:48:09.6395765Z",
      "updatedTime": "2021-04-12T13:48:50.0193892Z",
      "createdUserId": "ef0c8b9a-eff1-49f8-92fa-fd1d3e15e1ba",
      "updatedUserId": "ef0c8b9a-eff1-49f8-92fa-fd1d3e15e1ba"
    }
  ],
  "botMessages": [
    {
      "channelContent": {
        "web": {
          "contentFormat": "Markdown",
          "content": "[Office 365-filtyper kan redigeres i faner](https://support.microsoft.com/nb-no/office/redigere-en-office-fil-i-teams-257a5e88-205a-4fb5-bbf1-c78c3e64de86) av deg eller alle i samme kanal eller chat."
        }
      },
      "id": "8990e7c3-33a3-4aac-b8e9-6a965e2cfb36",
      "createdTime": "2021-04-12T13:48:09.6395765Z",
      "updatedTime": "2021-04-12T13:48:09.6395765Z",
      "createdUserId": "ef0c8b9a-eff1-49f8-92fa-fd1d3e15e1ba",
      "updatedUserId": "ef0c8b9a-eff1-49f8-92fa-fd1d3e15e1ba"
    },
    {
      "channelContent": {
        "web": {
          "contentFormat": "Markdown",
          "content": "For andre filtyper må du redigere original filene i de respektive appene og deretter laste dem opp hvis du vil dele endringene."
        }
      },
      "id": "d4867808-2263-4960-8871-f91edb1aad48",
      "createdTime": "2021-04-12T13:48:29.612Z",
      "updatedTime": "2021-04-12T13:48:29.612Z",
      "createdUserId": "user-0",
      "updatedUserId": "user-0"
    }
  ],
  "createdUtc": "0001-01-01T00:00:00Z"
}