{
  "intents": [
    {
      "triggerQueries": [
        "새로운 업데이트",
        "Teams 팀즈 새로운 것",
        "모든 뉴스",
        "Teams 팀즈 최신 뉴스",
        "팀즈 Teams 최신 업데이트",
        "서피스 허브 Surface Hub Teams 팀즈",
        "MTR 새로운",
        "Teams 팀즈 새로운 기능",
        "팀 Teams 뉴스",
        "모든 뉴스",
        "iOS 팀즈 Teams 새로운",
        "아이폰 Teams 팀즈 새로운",
        "안드로이드 팀즈 Teams 새로운",
        "팀즈 새로운 내용",
        "Teams 새로운 내용",
        "새 기능 언제 어떻게",
        "새로운 기능 어디",
        "Teams 최신 뉴스",
        "Teams 기능 언제",
        "팀 기능 최신 뉴스",
        "Teams에 대한 최신 뉴스는 어디에서 찾을 수 있나요?"
      ],
      "dialogId": "new_topic_f2a57c7e0caf4434a7fb0141c39d752c",
      "isTriggeringEnabled": true,
      "id": "new_topic_f2a57c7e0caf4434a7fb0141c39d752c",
      "displayName": "Teams에 대한 최신 뉴스는 어디에서 찾을 수 있나요?",
      "description": "https://adoptbotv2kb.blob.core.windows.net/%24web/adoptbot2021-Korean.docx",
      "createdTime": "2021-03-18T03:39:18.7476571Z",
      "updatedTime": "2021-04-03T10:22:28.1283549Z",
      "createdUserId": "e47109d8-0300-4e59-a90d-56bb29886c9e",
      "updatedUserId": "e47109d8-0300-4e59-a90d-56bb29886c9e"
    }
  ],
  "dialogs": [
    {
      "rootNodeId": "413d4f30-d6b3-46aa-b416-c507a4db376e",
      "messageNodes": [
        {
          "botMessageId": "bbca637a-d7c9-4b2d-b956-3b1ecfdb25df",
          "nodeType": "BotMessageNode",
          "id": "621fdde4-e2b9-47c1-aa70-8cf1cd871454",
          "defaultTargetNodeId": "c7efa7fb-a364-4060-a7d7-b55f11091c37"
        },
        {
          "botMessageId": "ab3ff63f-b38e-40d6-9e03-bb77ffd978c2",
          "nodeType": "BotMessageNode",
          "id": "413d4f30-d6b3-46aa-b416-c507a4db376e",
          "defaultTargetNodeId": "b574e5b6-c39a-47dc-a4f3-cdb83e9449f1"
        },
        {
          "botMessageId": "dd8241e4-95bd-4f86-8643-686b78b0e2b0",
          "nodeType": "BotMessageNode",
          "id": "b574e5b6-c39a-47dc-a4f3-cdb83e9449f1",
          "defaultTargetNodeId": "621fdde4-e2b9-47c1-aa70-8cf1cd871454"
        }
      ],
      "dialogChangeNodes": [
        {
          "targetDialogId": "new_topic_2bf23930c1d146129dfe38bacb94ccd0_aeabea4d071f415c8c107e1cb7af5424_assumedsuccess",
          "nodeType": "DialogChangeNode",
          "id": "c7efa7fb-a364-4060-a7d7-b55f11091c37"
        }
      ],
      "id": "new_topic_f2a57c7e0caf4434a7fb0141c39d752c",
      "displayName": "Dialog for Teams에 대한 최신 뉴스는 어디에서 찾을 수 있나요?",
      "createdTime": "2021-03-18T03:39:18.7476571Z",
      "updatedTime": "2021-04-03T10:27:21.8096227Z",
      "createdUserId": "e47109d8-0300-4e59-a90d-56bb29886c9e",
      "updatedUserId": "e47109d8-0300-4e59-a90d-56bb29886c9e"
    }
  ],
  "botMessages": [
    {
      "channelContent": {
        "web": {
          "contentFormat": "Markdown",
          "content": "[모든 새로운 지원 기능은 웹에 지속적으로 게시됩니다.](https://support.microsoft.com/ko-kr/office/nyheter-i-microsoft-teams-d7092a6d-c896-424c-b362-a472d5f105de)\n\n뉴스를 보려는 장치를 선택합니다."
        }
      },
      "id": "bbca637a-d7c9-4b2d-b956-3b1ecfdb25df",
      "createdTime": "2021-03-18T03:39:18.7476571Z",
      "updatedTime": "2021-03-18T03:39:18.7476571Z",
      "createdUserId": "e47109d8-0300-4e59-a90d-56bb29886c9e",
      "updatedUserId": "e47109d8-0300-4e59-a90d-56bb29886c9e"
    },
    {
      "channelContent": {
        "web": {
          "contentFormat": "Markdown",
          "content": "{7bd4f62b-7262-40bc-8c63-8c540568cf6c}님이 궁금해 해서 기쁩니다🙂! 검색 바에서 \"**/News**\"를 그냥 입력하세요!\n\n**Teams의 도움말 버튼**를 클릭하고 \"**새로운 기능**\"을 선택할 수 도 있습니다📲."
        }
      },
      "id": "ab3ff63f-b38e-40d6-9e03-bb77ffd978c2",
      "createdTime": "2021-04-03T10:22:50.685Z",
      "updatedTime": "2021-04-03T10:22:50.685Z",
      "createdUserId": "user-0",
      "updatedUserId": "user-0"
    },
    {
      "channelContent": {
        "web": {
          "contentFormat": "Markdown",
          "content": "참고하세요! 조직에서 일부 기능을 비활성화하도록 선택했을 수 있습니다."
        }
      },
      "id": "dd8241e4-95bd-4f86-8643-686b78b0e2b0",
      "createdTime": "2021-04-03T10:26:56.47Z",
      "updatedTime": "2021-04-03T10:26:56.47Z",
      "createdUserId": "user-0",
      "updatedUserId": "user-0"
    }
  ],
  "createdUtc": "0001-01-01T00:00:00Z"
}