{
  "intents": [
    {
      "intentType": "Regular",
      "endUserOverrideName": "Anpassa Teams-möten med extra funktioner?",
      "triggerQueries": [
        "bygga egen app för möten",
        "specialfunktioner för möten",
        "Visa en lista över plugins för möten",
        "meeting extensions",
        "Extra funktioner för möten",
        "Kan jag påverka mötesupplevelsen?",
        "Hur skapar man ett strukturerat möte?",
        "var hittar jag Teamsappar för möten?",
        "Hur använder jag mötesappar i teams?",
        "mötesappar i Teams",
        "appar för möten",
        "Anpassa Teams-möten med extra funktioner?",
        "Anpassa möten i Teams med extra funktioner?",
        "Kan jag anpassa mötesupplevelsen i Teams?"
      ],
      "dialogId": "new_topic_583bfd0164ee4caa8c92efc28e0852b6",
      "isTriggeringEnabled": true,
      "id": "new_topic_583bfd0164ee4caa8c92efc28e0852b6",
      "displayName": "Kan jag anpassa mötesupplevelsen i Teams?",
      "description": "https://faqtimafiles.blob.core.windows.net/filesfortima-adoptbot/svenska frågor till adoptbot PVA (Swedish QnA for AdoptBot).docx",
      "createdTime": "2021-01-13T18:47:12.3917411Z",
      "updatedTime": "2021-01-14T16:27:32.387735Z",
      "createdUserId": "f04d3cd9-b73d-4ba9-a1ed-9319eba29b21",
      "updatedUserId": "f04d3cd9-b73d-4ba9-a1ed-9319eba29b21"
    }
  ],
  "dialogs": [
    {
      "rootNodeId": "0f1ab9f4-c3ec-43f4-9b70-cf5f832dcd24",
      "messageNodes": [
        {
          "botMessageId": "e63d846b-4e31-4ff4-9855-19a4b15bb228",
          "nodeType": "BotMessageNode",
          "id": "0f1ab9f4-c3ec-43f4-9b70-cf5f832dcd24",
          "defaultTargetNodeId": "134fad11-aaf8-4b8c-a08c-bc8b761882ef"
        },
        {
          "botMessageId": "f3709b19-1724-42b6-a721-ae9aa05c91fd",
          "nodeType": "BotMessageNode",
          "id": "134fad11-aaf8-4b8c-a08c-bc8b761882ef",
          "defaultTargetNodeId": "7be10c9f-d6f6-4c96-8e34-73308a1d4aee"
        }
      ],
      "dialogChangeNodes": [
        {
          "targetDialogId": "new_topic_84ec227c19784e7ba25cb34f4638f91e_aeabea4d071f415c8c107e1cb7af5424_assumedsuccess",
          "nodeType": "DialogChangeNode",
          "id": "7be10c9f-d6f6-4c96-8e34-73308a1d4aee"
        }
      ],
      "id": "new_topic_583bfd0164ee4caa8c92efc28e0852b6",
      "displayName": "Dialog for Kan jag anpassa mötesupplevelsen i Teams?",
      "createdTime": "2021-01-13T18:47:12.3917411Z",
      "updatedTime": "2021-01-14T16:27:15.4510073Z",
      "createdUserId": "f04d3cd9-b73d-4ba9-a1ed-9319eba29b21",
      "updatedUserId": "f04d3cd9-b73d-4ba9-a1ed-9319eba29b21"
    }
  ],
  "botMessages": [
    {
      "channelContent": {
        "web": {
          "contentFormat": "Markdown",
          "content": "Det finns flera Teams-appar för Teams-möten tillgängliga. De låter dig anpassa mötesupplevelsen efter dina behov. [Här hittar du appar som är utformade för att förbättra Teams-möten.](https://www.microsoft.com/sv-se/microsoft-teams/meetings-apps)"
        }
      },
      "id": "e63d846b-4e31-4ff4-9855-19a4b15bb228",
      "createdTime": "2021-01-13T18:47:12.3917411Z",
      "updatedTime": "2021-01-13T18:47:12.3917411Z",
      "createdUserId": "f04d3cd9-b73d-4ba9-a1ed-9319eba29b21",
      "updatedUserId": "f04d3cd9-b73d-4ba9-a1ed-9319eba29b21"
    },
    {
      "channelContent": {
        "web": {
          "contentFormat": "Markdown",
          "content": "Om du är en utvecklare kan du [bygga din egen app för Teams-möten](https://docs.microsoft.com/sv-se/microsoftteams/platform/apps-in-teams-meetings/teams-apps-in-meetings)."
        }
      },
      "id": "f3709b19-1724-42b6-a721-ae9aa05c91fd",
      "createdTime": "2021-01-14T16:26:46.455Z",
      "updatedTime": "2021-01-14T16:26:46.455Z",
      "createdUserId": "user-0",
      "updatedUserId": "user-0"
    }
  ]
}