{
  "intents": [
    {
      "triggerQueries": [
        "écrire à des personnes extérieures à l'entreprise",
        "Puis-je discuter avec des personnes qui ne sont pas dans mon organisation",
        "Converser avec des personnes externes",
        "Discuter avec des personnes externes",
        "écrire à des personnes extérieures à l'organisation",
        "Puis-je discuter avec des personnes qui ne sont pas dans mon entreprise",
        "Écrire à des personnes externes via Teams",
        "Discuter sans être un invité",
        "Échanger avec des personnes externes",
        "puis-je discuter avec des utilisateurs externes dans Teams"
      ],
      "dialogId": "new_topic_833d3d9f0e664fce9226d7ec686e1dde",
      "isTriggeringEnabled": true,
      "id": "new_topic_833d3d9f0e664fce9226d7ec686e1dde",
      "displayName": "Écrire à des personnes externes",
      "description": "",
      "createdTime": "2021-01-13T22:20:51.2381463Z",
      "updatedTime": "2021-05-21T09:32:16.4393197Z",
      "createdUserId": "f04d3cd9-b73d-4ba9-a1ed-9319eba29b21",
      "updatedUserId": "e0b2a139-a3df-4f92-b6af-6b0d3038fe4b"
    }
  ],
  "dialogs": [
    {
      "rootNodeId": "fa78cb2c-50e6-4bd3-ad69-9a2bf3bd85b6",
      "messageNodes": [
        {
          "botMessageId": "64008f18-dc3b-4ac9-aca5-47fe62865c6e",
          "nodeType": "BotMessageNode",
          "id": "fa78cb2c-50e6-4bd3-ad69-9a2bf3bd85b6",
          "defaultTargetNodeId": "4b741c70-4bf1-4dac-9941-1f636adc3bb9"
        },
        {
          "botMessageId": "a4db7941-aaba-4463-98e7-e24c06dad629",
          "nodeType": "BotMessageNode",
          "id": "4b741c70-4bf1-4dac-9941-1f636adc3bb9",
          "defaultTargetNodeId": "802a43a2-cafe-4174-aab8-0fa8f40c54ba"
        },
        {
          "botMessageId": "2a247ca1-5b38-4789-8f1a-8df4235f8a44",
          "nodeType": "BotMessageNode",
          "id": "802a43a2-cafe-4174-aab8-0fa8f40c54ba",
          "defaultTargetNodeId": "6ec33aea-ac7b-403e-8c53-c910bf3c6565"
        }
      ],
      "dialogChangeNodes": [
        {
          "targetDialogId": "new_topic_eac3f49c99664313a9d9dc19d80a79a2_aeabea4d071f415c8c107e1cb7af5424_assumedsuccess",
          "nodeType": "DialogChangeNode",
          "id": "6ec33aea-ac7b-403e-8c53-c910bf3c6565"
        }
      ],
      "id": "new_topic_833d3d9f0e664fce9226d7ec686e1dde",
      "displayName": "Dialog for Can I chat with external users in Teams?",
      "createdTime": "2021-01-13T22:20:51.2381463Z",
      "updatedTime": "2021-04-17T13:27:29.4368962Z",
      "createdUserId": "f04d3cd9-b73d-4ba9-a1ed-9319eba29b21",
      "updatedUserId": "75392dcd-00bb-4588-89e9-c55bcbe40ccb"
    }
  ],
  "botMessages": [
    {
      "channelContent": {
        "web": {
          "contentFormat": "Markdown",
          "content": "Vous pouvez utiliser Teams, lorsque vous souhaitez collaborer ou communiquer avec des personnes à l'extérieur de votre organisation."
        }
      },
      "id": "64008f18-dc3b-4ac9-aca5-47fe62865c6e",
      "createdTime": "2021-01-13T22:20:51.2381463Z",
      "updatedTime": "2021-01-13T22:20:51.2381463Z",
      "createdUserId": "f04d3cd9-b73d-4ba9-a1ed-9319eba29b21",
      "updatedUserId": "f04d3cd9-b73d-4ba9-a1ed-9319eba29b21"
    },
    {
      "channelContent": {
        "web": {
          "contentFormat": "Markdown",
          "content": "Vous pouvez collaborer avec une personne externe en tapant son adresse e-mail dans la barre de recherche."
        }
      },
      "id": "a4db7941-aaba-4463-98e7-e24c06dad629",
      "createdTime": "2021-01-27T20:38:39.564Z",
      "updatedTime": "2021-01-27T20:38:39.564Z",
      "createdUserId": "user-0",
      "updatedUserId": "user-0"
    },
    {
      "channelContent": {
        "web": {
          "contentFormat": "Markdown",
          "content": "Veuillez noter que cela est peut-être désactivé par votre entreprise."
        }
      },
      "id": "2a247ca1-5b38-4789-8f1a-8df4235f8a44",
      "createdTime": "2021-01-27T20:38:41.765Z",
      "updatedTime": "2021-01-27T20:38:41.765Z",
      "createdUserId": "user-0",
      "updatedUserId": "user-0"
    }
  ]
}