{
  "intents": [
    {
      "endUserOverrideName": "重新命名團隊",
      "triggerQueries": [
        "重新命名團隊",
        "如何重新命名團隊？",
        "重新命名您的團隊",
        "我想重新命名我們的團隊",
        "我在哪裡可以找到更改團隊名稱的選項？",
        "重新命名我的團隊",
        "更改團隊名稱",
        "如何重新命名我的團隊？",
        "我想更改我的團隊的顯示名稱",
        "如何更改團隊名稱？",
        "How do I change my team name?",
        "I want to change the display name of my Team?",
        "How do I rename my team?",
        "change team name",
        "rename my team",
        "Where can I find the option to change my team's name?",
        "I want to rename our team",
        "Rename your team",
        "How do I rename the team?"
      ],
      "dialogId": "new_topic_50ff4d01334840e780626a20899e273d",
      "isTriggeringEnabled": true,
      "id": "new_topic_50ff4d01334840e780626a20899e273d",
      "displayName": "如何重新命名團隊？",
      "description": "https://adoptbotv2kb.blob.core.windows.net/%24web/AdoptBot2021-English.docx",
      "createdTime": "2021-11-17T06:28:03.5960439Z",
      "updatedTime": "2021-11-17T13:57:56.9772453Z",
      "createdUserId": "9c968d43-f7c2-4e28-895c-1f6bcefcd8be",
      "updatedUserId": "9c968d43-f7c2-4e28-895c-1f6bcefcd8be"
    }
  ],
  "dialogs": [
    {
      "rootNodeId": "087d287e-8d04-40aa-9211-493165b7de69",
      "messageNodes": [
        {
          "botMessageId": "cf03cb04-72e2-4b15-859b-e8d184e877e2",
          "nodeType": "BotMessageNode",
          "id": "087d287e-8d04-40aa-9211-493165b7de69",
          "defaultTargetNodeId": "31da1c2b-13a3-41be-9b19-52b8a9d7e122"
        },
        {
          "botMessageId": "9b9d03f0-3525-4061-897f-13178ef8a055",
          "nodeType": "BotMessageNode",
          "id": "31da1c2b-13a3-41be-9b19-52b8a9d7e122",
          "defaultTargetNodeId": "dceb8b07-3336-4d40-a7a5-891f16b08144"
        }
      ],
      "dialogChangeNodes": [
        {
          "targetDialogId": "new_topic_e2d1671328b941dbb60fa7150059b1ee_aeabea4d071f415c8c107e1cb7af5424_assumedsuccess",
          "nodeType": "DialogChangeNode",
          "id": "dceb8b07-3336-4d40-a7a5-891f16b08144"
        }
      ],
      "id": "new_topic_50ff4d01334840e780626a20899e273d",
      "displayName": "Dialog for 如何重新命名團隊？",
      "createdTime": "2021-11-17T06:28:03.5960439Z",
      "updatedTime": "2021-11-17T06:28:39.5971921Z",
      "createdUserId": "9c968d43-f7c2-4e28-895c-1f6bcefcd8be",
      "updatedUserId": "9c968d43-f7c2-4e28-895c-1f6bcefcd8be"
    }
  ],
  "botMessages": [
    {
      "channelContent": {
        "web": {
          "contentFormat": "Markdown",
          "content": "進入團隊名稱並按下「編輯團隊」>更多選項（...）。"
        }
      },
      "id": "cf03cb04-72e2-4b15-859b-e8d184e877e2",
      "createdTime": "2021-11-17T06:28:03.5960439Z",
      "updatedTime": "2021-11-17T06:28:03.5960439Z",
      "createdUserId": "9c968d43-f7c2-4e28-895c-1f6bcefcd8be",
      "updatedUserId": "9c968d43-f7c2-4e28-895c-1f6bcefcd8be"
    },
    {
      "channelContent": {
        "web": {
          "contentFormat": "Markdown",
          "content": "從那裡您可以設置團隊名稱、描述和隱私設置（如有必要）。"
        }
      },
      "id": "9b9d03f0-3525-4061-897f-13178ef8a055",
      "createdTime": "2021-11-17T06:28:30.217Z",
      "updatedTime": "2021-11-17T06:28:30.217Z",
      "createdUserId": "user-0",
      "updatedUserId": "user-0"
    }
  ]
}