{
  "intents": [
    {
      "triggerQueries": [
        "Ny samtale",
        "Ny chat",
        "Ny samtale i chat",
        "Ny chat samtale",
        "Hvordan starter jeg en ny samtale i chat?"
      ],
      "dialogId": "new_topic_b302a1ac3a1c4f728eb8cf6b4c623068",
      "isTriggeringEnabled": true,
      "canTriggeringBeDisabled": true,
      "id": "new_topic_b302a1ac3a1c4f728eb8cf6b4c623068",
      "displayName": "Hvordan starter jeg en ny samtale i chat?",
      "description": "https://norwegianteams.blob.core.windows.net/norwegian-container/TIMA QA P19.docx",
      "createdTime": "2021-03-24T20:09:21.5442661Z",
      "updatedTime": "2021-03-25T11:06:17.6815479Z",
      "createdUserId": "ef0c8b9a-eff1-49f8-92fa-fd1d3e15e1ba",
      "updatedUserId": "ef0c8b9a-eff1-49f8-92fa-fd1d3e15e1ba",
      "isManaged": false,
      "isCustomizable": true,
      "etag": "W/\"1877571\"",
      "versionNumber": 1877571,
      "componentId": "8de1a1d8-dc8c-eb11-a812-000d3a9d9016"
    }
  ],
  "dialogs": [
    {
      "rootNodeId": "03031cbf-f6fd-49a8-85de-b3d1312e3d5b",
      "messageNodes": [
        {
          "botMessageId": "66e393c2-4789-40d2-9da5-4f12dfd58f5e",
          "nodeType": "BotMessageNode",
          "id": "03031cbf-f6fd-49a8-85de-b3d1312e3d5b",
          "defaultTargetNodeId": "1b4580bb-033b-4c13-b678-ff4b7d72976b"
        }
      ],
      "dialogChangeNodes": [
        {
          "targetDialogId": "new_topic_89c49d37fd4c4c1c9144396960733ce1_aeabea4d071f415c8c107e1cb7af5424_assumedsuccess",
          "nodeType": "DialogChangeNode",
          "id": "1b4580bb-033b-4c13-b678-ff4b7d72976b"
        }
      ],
      "id": "new_topic_b302a1ac3a1c4f728eb8cf6b4c623068",
      "displayName": "Dialog for Hvordan starter jeg en ny samtale i chat?",
      "createdTime": "2021-03-24T20:09:21.5442661Z",
      "updatedTime": "2021-03-25T11:22:23.2430748Z",
      "createdUserId": "ef0c8b9a-eff1-49f8-92fa-fd1d3e15e1ba",
      "updatedUserId": "ef0c8b9a-eff1-49f8-92fa-fd1d3e15e1ba",
      "versionNumber": 0,
      "componentId": "00000000-0000-0000-0000-000000000000"
    }
  ],
  "botMessages": [
    {
      "channelContent": {
        "web": {
          "contentFormat": "Markdown",
          "content": "For å [starte en ny samtale](https://support.microsoft.com/nb-no/office/starta-en-chatt-i-teams-0c71b32b-c050-4930-a887-5afbe742b3d8) med en person eller gruppe:\n\n1.  Øverst i appen klikker du på **Ny chat**.\n2.  I **Til**\\-feltet skriver du inn navnet på personen eller personene du vil chatte med.\n3.  I tekstboksen der du skriver meldingen, kan du si hva du har i tankene, og så klikke **Send**."
        }
      },
      "id": "66e393c2-4789-40d2-9da5-4f12dfd58f5e",
      "createdTime": "2021-03-24T20:09:21.5442661Z",
      "updatedTime": "2021-03-24T20:09:21.5442661Z",
      "createdUserId": "ef0c8b9a-eff1-49f8-92fa-fd1d3e15e1ba",
      "updatedUserId": "ef0c8b9a-eff1-49f8-92fa-fd1d3e15e1ba",
      "versionNumber": 0,
      "componentId": "00000000-0000-0000-0000-000000000000"
    }
  ],
  "createdUtc": "0001-01-01T00:00:00Z"
}