{
  "intents": [
    {
      "intentType": "Regular",
      "endUserOverrideName": "Join a meeting in Teams",
      "triggerQueries": [
        "Join ad hoc meetings",
        "Start an instant meeting",
        "Meet Now",
        "Start a quick meeting",
        "How can I join my meetings?",
        "join a closed meeting?",
        "join meeting",
        "how do I join a meeting",
        "join a teams meeting",
        "join a meeting",
        "What are the steps to join a Teams meeting?",
        "Can I join a Teams meeting before or after it starts?",
        "When can I join the meeting?",
        "join the meeting before it starts?",
        "How do I join a Team meeting?"
      ],
      "dialogId": "new_topic_deb9daa32e744727967e73573031d00c",
      "isTriggeringEnabled": true,
      "id": "new_topic_deb9daa32e744727967e73573031d00c",
      "displayName": "How do I join a Teams meeting?",
      "description": "https://adoptbotv2kb.blob.core.windows.net/%24web/AdoptBot2021-English.docx",
      "createdTime": "2021-01-13T22:20:51.2381463Z",
      "updatedTime": "2021-01-27T22:22:39.6445749Z",
      "createdUserId": "f04d3cd9-b73d-4ba9-a1ed-9319eba29b21",
      "updatedUserId": "f04d3cd9-b73d-4ba9-a1ed-9319eba29b21"
    }
  ],
  "dialogs": [
    {
      "rootNodeId": "c3fa4ab9-3e47-4464-acbf-4d713b41c7fc",
      "messageNodes": [
        {
          "botMessageId": "ce9d522d-70ed-4b30-aad0-90cbe94625f8",
          "nodeType": "BotMessageNode",
          "id": "c3fa4ab9-3e47-4464-acbf-4d713b41c7fc",
          "defaultTargetNodeId": "d7a9ab03-b507-4d26-9ce3-31da073da7cd"
        },
        {
          "botMessageId": "a9fbc22d-9e0e-4e4c-875d-79956592f106",
          "nodeType": "BotMessageNode",
          "id": "d7a9ab03-b507-4d26-9ce3-31da073da7cd",
          "defaultTargetNodeId": "a2a800a9-44fb-4d16-902a-99261975df34"
        },
        {
          "botMessageId": "37bcf272-b1b5-4932-a6e4-ef10bc4bf422",
          "nodeType": "BotMessageNode",
          "id": "a2a800a9-44fb-4d16-902a-99261975df34",
          "defaultTargetNodeId": "f1fd7487-7170-47d6-9bc6-b3167d042498"
        }
      ],
      "dialogChangeNodes": [
        {
          "targetDialogId": "new_topic_eac3f49c99664313a9d9dc19d80a79a2_aeabea4d071f415c8c107e1cb7af5424_assumedsuccess",
          "nodeType": "DialogChangeNode",
          "id": "f1fd7487-7170-47d6-9bc6-b3167d042498"
        }
      ],
      "id": "new_topic_deb9daa32e744727967e73573031d00c",
      "displayName": "Dialog for How do I join a Team meeting?",
      "createdTime": "2021-01-13T22:20:51.2381463Z",
      "updatedTime": "2021-01-27T22:21:30.1656191Z",
      "createdUserId": "f04d3cd9-b73d-4ba9-a1ed-9319eba29b21",
      "updatedUserId": "f04d3cd9-b73d-4ba9-a1ed-9319eba29b21"
    }
  ],
  "botMessages": [
    {
      "channelContent": {
        "web": {
          "contentFormat": "Markdown",
          "content": "[You can join a scheduled Teams meeting at any time](https://support.microsoft.com/en-us/office/ansluta-till-ett-m%C3%B6te-i-teams-1613bb53-f3fa-431e-85a9-d6a91e3468c9). Click the link in your meeting invite or select Join directly in Teams."
        }
      },
      "id": "ce9d522d-70ed-4b30-aad0-90cbe94625f8",
      "createdTime": "2021-01-13T22:20:51.2381463Z",
      "updatedTime": "2021-01-13T22:20:51.2381463Z",
      "createdUserId": "f04d3cd9-b73d-4ba9-a1ed-9319eba29b21",
      "updatedUserId": "f04d3cd9-b73d-4ba9-a1ed-9319eba29b21"
    },
    {
      "channelContent": {
        "web": {
          "contentFormat": "Markdown",
          "content": "Via the **Calendar** in Teams, you can view your calendar and join and/or schedule Teams meetings.\n\n[Instant \"Meet Now\" meetings](https://support.microsoft.com/en-us/office/start-an-instant-meeting-in-teams-ff95e53f-8231-4739-87fa-00b9723f4ef5) can also be started here."
        }
      },
      "id": "a9fbc22d-9e0e-4e4c-875d-79956592f106",
      "createdTime": "2021-01-27T22:16:45.793Z",
      "updatedTime": "2021-01-27T22:16:45.793Z",
      "createdUserId": "user-0",
      "updatedUserId": "user-0"
    },
    {
      "channelContent": {
        "web": {
          "contentFormat": "Markdown",
          "content": "_If your organization offers audio conferencing as an option, a dial-in number will be shown in the meeting invitation._"
        }
      },
      "id": "37bcf272-b1b5-4932-a6e4-ef10bc4bf422",
      "createdTime": "2021-01-27T22:16:52.004Z",
      "updatedTime": "2021-01-27T22:16:52.004Z",
      "createdUserId": "user-0",
      "updatedUserId": "user-0"
    }
  ]
}