{
  "intents": [
    {
      "intentType": "Regular",
      "endUserOverrideName": "Restore deleted channel or team",
      "triggerQueries": [
        "Can I get back an old channel?",
        "One of my channels is gone",
        "my team has been deleted!",
        "recover my deleted team",
        "recover a deleted channel",
        "recovering deleted channel",
        "Recovering deleted team",
        "Can I get back a deleted team?",
        "How do I get my deleted team back?",
        "My old team was erased",
        "Restore deleted team",
        "Restore deleted channel",
        "I accidentally deleted a channel",
        "reset deleted team",
        "reset deleted channel",
        "undoing deleted channels",
        "undoing deleted team",
        "Can I restore a deleted team or channel?"
      ],
      "dialogId": "new_topic_c9b259399b504164b9f1bf3c719d0d6d",
      "isTriggeringEnabled": true,
      "id": "new_topic_c9b259399b504164b9f1bf3c719d0d6d",
      "displayName": "Can I restore a deleted team or channel?",
      "description": "https://adoptbotv2kb.blob.core.windows.net/%24web/AdoptBot2021-English.docx",
      "createdTime": "2021-01-13T22:20:51.2371466Z",
      "updatedTime": "2021-01-27T17:44:04.009851Z",
      "createdUserId": "f04d3cd9-b73d-4ba9-a1ed-9319eba29b21",
      "updatedUserId": "f04d3cd9-b73d-4ba9-a1ed-9319eba29b21"
    }
  ],
  "dialogs": [
    {
      "rootNodeId": "c33138d3-4823-42f2-9202-303e6566f86a",
      "messageNodes": [
        {
          "botMessageId": "b532bcfb-ed52-46b1-8d80-f55effeb3bb3",
          "nodeType": "BotMessageNode",
          "id": "c33138d3-4823-42f2-9202-303e6566f86a",
          "defaultTargetNodeId": "3ccb3d7e-73a2-4ef3-8e4c-e6bb8cd602e5"
        },
        {
          "botMessageId": "10e0d169-1f5b-4e82-9506-b17a128c628c",
          "nodeType": "BotMessageNode",
          "id": "3ccb3d7e-73a2-4ef3-8e4c-e6bb8cd602e5",
          "defaultTargetNodeId": "40e7cec0-59a0-452e-b7bf-d527d3406ba4"
        }
      ],
      "dialogChangeNodes": [
        {
          "targetDialogId": "new_topic_eac3f49c99664313a9d9dc19d80a79a2_aeabea4d071f415c8c107e1cb7af5424_assumedsuccess",
          "nodeType": "DialogChangeNode",
          "id": "40e7cec0-59a0-452e-b7bf-d527d3406ba4"
        }
      ],
      "id": "new_topic_c9b259399b504164b9f1bf3c719d0d6d",
      "displayName": "Dialog for Can I restore a deleted team or channel?",
      "createdTime": "2021-01-13T22:20:51.2371466Z",
      "updatedTime": "2021-01-27T17:44:44.3123033Z",
      "createdUserId": "f04d3cd9-b73d-4ba9-a1ed-9319eba29b21",
      "updatedUserId": "f04d3cd9-b73d-4ba9-a1ed-9319eba29b21"
    }
  ],
  "botMessages": [
    {
      "channelContent": {
        "web": {
          "contentFormat": "Markdown",
          "content": "To **restore a deleted team**, talk to your IT administrator. You can share [this blog post](https://www.thewindowsclub.com/how-to-restore-deleted-teams-and-channels-in-microsoft-teams) if they need instructions."
        }
      },
      "id": "b532bcfb-ed52-46b1-8d80-f55effeb3bb3",
      "createdTime": "2021-01-13T22:20:51.2371466Z",
      "updatedTime": "2021-01-13T22:20:51.2371466Z",
      "createdUserId": "f04d3cd9-b73d-4ba9-a1ed-9319eba29b21",
      "updatedUserId": "f04d3cd9-b73d-4ba9-a1ed-9319eba29b21"
    },
    {
      "channelContent": {
        "web": {
          "contentFormat": "Markdown",
          "content": "To **restore a deleted channel**\n\n1.  Go to the team name and select **More options** (...)\n2.  Select **Manage team**.\n3.  Go to the Channels tab and find the channel in the Deleted section.\n4.  Select **Restore**. All channel conversations, files, and tabs will be restored."
        }
      },
      "id": "10e0d169-1f5b-4e82-9506-b17a128c628c",
      "createdTime": "2021-01-27T17:40:19.916Z",
      "updatedTime": "2021-01-27T17:40:19.916Z",
      "createdUserId": "user-0",
      "updatedUserId": "user-0"
    }
  ]
}