{
  "intents": [
    {
      "triggerQueries": [
        "다른 채널 문서 이동",
        "파일 팀의 다른 위치 이동",
        "파일 잘못 어떻게 이동",
        "채널 파일 이동",
        "팀 간 파일 이동",
        "한 팀 다른 팀 파일 이동",
        "채널 간 파일 이동",
        "팀 채널 간 파일 이동",
        "팀 파일 이동",
        "채널 간 파일 이동",
        "팀의 채널 간에 파일을 이동하는 방법은 무엇입니까?"
      ],
      "dialogId": "new_topic_3142f6900bb1461194f20c6001065f73",
      "isTriggeringEnabled": true,
      "id": "new_topic_3142f6900bb1461194f20c6001065f73",
      "displayName": "팀의 채널 간에 파일을 이동하는 방법은 무엇입니까?",
      "description": "https://adoptbotv2kb.blob.core.windows.net/%24web/adoptbot2021-Korean.docx",
      "createdTime": "2021-03-18T03:39:18.7476571Z",
      "updatedTime": "2021-03-25T06:53:52.5975416Z",
      "createdUserId": "e47109d8-0300-4e59-a90d-56bb29886c9e",
      "updatedUserId": "e47109d8-0300-4e59-a90d-56bb29886c9e"
    }
  ],
  "dialogs": [
    {
      "rootNodeId": "3271f187-19d8-4e76-8e9d-cd0ee850b3bf",
      "messageNodes": [
        {
          "botMessageId": "fb8909d1-1d1c-4e58-96ff-4ca36049279c",
          "nodeType": "BotMessageNode",
          "id": "3271f187-19d8-4e76-8e9d-cd0ee850b3bf",
          "defaultTargetNodeId": "ebcdc372-09d1-45dc-935b-d29050cb7aea"
        }
      ],
      "dialogChangeNodes": [
        {
          "targetDialogId": "new_topic_2bf23930c1d146129dfe38bacb94ccd0_aeabea4d071f415c8c107e1cb7af5424_assumedsuccess",
          "nodeType": "DialogChangeNode",
          "id": "ebcdc372-09d1-45dc-935b-d29050cb7aea"
        }
      ],
      "id": "new_topic_3142f6900bb1461194f20c6001065f73",
      "displayName": "Dialog for 팀의 채널 간에 파일을 이동하는 방법은 무엇입니까?",
      "createdTime": "2021-03-18T03:39:18.7476571Z",
      "updatedTime": "2021-03-18T03:39:18.7476571Z",
      "createdUserId": "e47109d8-0300-4e59-a90d-56bb29886c9e",
      "updatedUserId": "e47109d8-0300-4e59-a90d-56bb29886c9e"
    }
  ],
  "botMessages": [
    {
      "channelContent": {
        "web": {
          "contentFormat": "Markdown",
          "content": "예, 채널의 \"파일\" 탭을 통해 파일을 이동할 수 있습니다.\r\n\r\n단계별 가이드를 원하면,  [팀에서 파일 이동 또는 복사](https://support.office.com/ko-kr/article/move-or-copy-files-in-teams-f83ed547-359b-4fc8-bf5a-60467f53dd60) 문서를 확인하십시오."
        }
      },
      "id": "fb8909d1-1d1c-4e58-96ff-4ca36049279c",
      "createdTime": "2021-03-18T03:39:18.7476571Z",
      "updatedTime": "2021-03-18T03:39:18.7476571Z",
      "createdUserId": "e47109d8-0300-4e59-a90d-56bb29886c9e",
      "updatedUserId": "e47109d8-0300-4e59-a90d-56bb29886c9e"
    }
  ],
  "createdUtc": "0001-01-01T00:00:00Z"
}