{
  "intents": [
    {
      "endUserOverrideName": "Capacité de stockage OneDrive?",
      "triggerQueries": [
        "Quelle est ma capacité de stockage OneDrive?",
        "stockage dans OneDrive",
        "Combien de fichiers est-ce que je peux enregistrer?",
        "Combien de fichiers est-ce que je peux garder?",
        "Quelle capacité de stockage j'ai? (OneDrive)",
        "Combien ai-je d'espace OneDrive avec Microsoft 365?",
        "Combien j'ai de stockage?",
        "Quelle capacité de stockage OneDrive est-ce que j'ai avec Office 365?",
        "Combien de stockage est inclu dans M365?",
        "Combien de fichiers est-ce que je peux stocker dans OneDrive",
        "Combien j'ai d'espace dans OneDrive?",
        "Stockage dans Microsoft 365",
        "Combien de fichiers est-ce que je peux sauvegarder?",
        "Stockage dans Office 365?",
        "Stockage dans 365",
        "Quelle capacité de stockage est-ce que je dispose avec Microsoft 365?"
      ],
      "dialogId": "new_topic_e604d13bdf014d14bd1b7b419987a640",
      "isTriggeringEnabled": true,
      "id": "new_topic_e604d13bdf014d14bd1b7b419987a640",
      "displayName": "Combien ai-je d'espace OneDrive avec Microsoft 365?",
      "description": "",
      "createdTime": "2021-01-13T22:20:51.2381463Z",
      "updatedTime": "2023-12-13T11:21:21.0665125Z",
      "createdUserId": "f04d3cd9-b73d-4ba9-a1ed-9319eba29b21",
      "updatedUserId": "c8d29cfd-efef-47c1-8e02-210c8be30c37"
    }
  ],
  "dialogs": [
    {
      "rootNodeId": "5c3e1c68-3568-48c0-9939-ebaacfeb4983",
      "messageNodes": [
        {
          "botMessageId": "2c503130-0371-4f40-8079-4013b3f35031",
          "nodeType": "BotMessageNode",
          "id": "5c3e1c68-3568-48c0-9939-ebaacfeb4983",
          "defaultTargetNodeId": "eab9af25-335d-41ca-b7bd-d13a47694cf8"
        }
      ],
      "dialogChangeNodes": [
        {
          "targetDialogId": "new_topic_eac3f49c99664313a9d9dc19d80a79a2_aeabea4d071f415c8c107e1cb7af5424_assumedsuccess",
          "nodeType": "DialogChangeNode",
          "id": "eab9af25-335d-41ca-b7bd-d13a47694cf8"
        }
      ],
      "id": "new_topic_e604d13bdf014d14bd1b7b419987a640",
      "displayName": "Dialog for How much OneDrive space do I get with Microsoft 365?",
      "createdTime": "2021-01-13T22:20:51.2381463Z",
      "updatedTime": "2023-12-13T11:21:21.066511Z",
      "createdUserId": "f04d3cd9-b73d-4ba9-a1ed-9319eba29b21",
      "updatedUserId": "c8d29cfd-efef-47c1-8e02-210c8be30c37"
    }
  ],
  "botMessages": [
    {
      "channelContent": {
        "web": {
          "contentFormat": "Markdown",
          "content": "Les utilisateurs reçoivent 1 TB (1,000GB) de stockage OneDrive.\n\n[Selon votre niveau de licence](https://docs.microsoft.com/fr-fr/onedrive/set-default-storage-space), cette capacité peut être augmentée à 5 TB (5,000 GB) par utilisateur."
        }
      },
      "id": "2c503130-0371-4f40-8079-4013b3f35031",
      "createdTime": "2021-01-13T22:20:51.2381463Z",
      "updatedTime": "2021-01-13T22:20:51.2381463Z",
      "createdUserId": "f04d3cd9-b73d-4ba9-a1ed-9319eba29b21",
      "updatedUserId": "f04d3cd9-b73d-4ba9-a1ed-9319eba29b21"
    }
  ]
}