{
  "intents": [
    {
      "endUserOverrideName": "會議中最高參與人數",
      "triggerQueries": [
        "how many in a meeting?",
        "Max number of people in a meeting?",
        "how many can join normal meetings?",
        "how many can join a meeting?",
        "Max number of participants in a meeting",
        "What is the limit for the number of participants in meetings?",
        "Maximum number of meeting participants?",
        "How many can be in the same meeting?",
        "How many can we be in a teams meeting?",
        "Maximum number in a meeting?",
        "how many meeting participants is the maximum?",
        "How big teams meeting can we have?",
        "How many people can fit in a meeting?",
        "How many can we be in a regular meeting?",
        "Can we hold big meetings on teams?",
        "What is the limit for number of participants in a meeting?",
        "一場會議多少人",
        "一場會議最多多少人",
        "一場普通會議可以加入多少人",
        "多少人可以加入會議",
        "會議的最高參加人數",
        "會議中參與人數的限制",
        "會議參與者最高數量",
        "同樣的會議最多有多少",
        "我們最多可以有多少人在一個會議",
        "會議最大的容量?",
        "會議參與人數最高是多少",
        "我們可以有多大的會議",
        "有多少人可以加入會議",
        "在一般會議中我們可以有多少人",
        "我們可以在 Teams 上辦大的會議嗎",
        "參與人數的限制為何"
      ],
      "dialogId": "new_topic_2a4de671e8634800bc68cf430ae5431c",
      "isTriggeringEnabled": true,
      "id": "new_topic_2a4de671e8634800bc68cf430ae5431c",
      "displayName": "一場會議中人數上限為多少?",
      "description": "",
      "createdTime": "2021-11-17T05:05:35.4396819Z",
      "updatedTime": "2021-11-17T05:06:34.8202511Z",
      "createdUserId": "9c968d43-f7c2-4e28-895c-1f6bcefcd8be",
      "updatedUserId": "9c968d43-f7c2-4e28-895c-1f6bcefcd8be"
    }
  ],
  "dialogs": [
    {
      "rootNodeId": "f57ec2c3-3d81-4556-bc61-de6e84787128",
      "messageNodes": [
        {
          "botMessageId": "4584f4fb-b17e-4f69-8bc3-dd3377eaedc6",
          "nodeType": "BotMessageNode",
          "id": "f57ec2c3-3d81-4556-bc61-de6e84787128",
          "defaultTargetNodeId": "a1c67706-4fde-49b3-b7e2-7b82f66e75c3"
        },
        {
          "botMessageId": "8d7b3f51-9f69-4478-bfa4-736855728b68",
          "nodeType": "BotMessageNode",
          "id": "a1c67706-4fde-49b3-b7e2-7b82f66e75c3",
          "defaultTargetNodeId": "01b2c845-ff30-4bbb-9c7f-b87e26da60a1"
        },
        {
          "botMessageId": "af99b2ea-26a3-4365-a867-ca700fd6d992",
          "nodeType": "BotMessageNode",
          "id": "01b2c845-ff30-4bbb-9c7f-b87e26da60a1",
          "defaultTargetNodeId": "5cd35111-5e47-419a-bd90-de5b08cb273a"
        },
        {
          "botMessageId": "a27403c3-099f-48dd-a5bb-dbefb36af0e1",
          "nodeType": "BotMessageNode",
          "id": "5cd35111-5e47-419a-bd90-de5b08cb273a",
          "defaultTargetNodeId": "af0c8244-68ee-4fdf-8a67-faf74d8de905"
        }
      ],
      "dialogChangeNodes": [
        {
          "targetDialogId": "new_topic_e2d1671328b941dbb60fa7150059b1ee_aeabea4d071f415c8c107e1cb7af5424_assumedsuccess",
          "nodeType": "DialogChangeNode",
          "id": "af0c8244-68ee-4fdf-8a67-faf74d8de905"
        }
      ],
      "id": "new_topic_2a4de671e8634800bc68cf430ae5431c",
      "displayName": "Dialog for 一場會議中人數上限為多少?",
      "createdTime": "2021-11-17T05:05:35.4396819Z",
      "updatedTime": "2021-11-17T05:06:34.8202511Z",
      "createdUserId": "9c968d43-f7c2-4e28-895c-1f6bcefcd8be",
      "updatedUserId": "9c968d43-f7c2-4e28-895c-1f6bcefcd8be"
    }
  ],
  "botMessages": [
    {
      "channelContent": {
        "web": {
          "contentFormat": "Markdown",
          "content": "一般 Teams 會議中最高的參與人數是1000人"
        }
      },
      "id": "4584f4fb-b17e-4f69-8bc3-dd3377eaedc6",
      "createdTime": "2021-11-17T05:05:35.4396819Z",
      "updatedTime": "2021-11-17T05:05:35.4396819Z",
      "createdUserId": "9c968d43-f7c2-4e28-895c-1f6bcefcd8be",
      "updatedUserId": "9c968d43-f7c2-4e28-895c-1f6bcefcd8be"
    },
    {
      "channelContent": {
        "web": {
          "contentFormat": "Markdown",
          "content": "💡 點擊這裡了解最新的資訊，各種限制可能有所更新。[Microsoft Teams 的限制和規格 - Microsoft Teams | Microsoft Docs](https://docs.microsoft.com/zh-tw/microsoftteams/limits-specifications-teams#meetings-and-calls)"
        }
      },
      "id": "8d7b3f51-9f69-4478-bfa4-736855728b68",
      "createdTime": "2021-11-17T05:05:47.252Z",
      "updatedTime": "2021-11-17T05:05:47.252Z",
      "createdUserId": "user-0",
      "updatedUserId": "user-0"
    },
    {
      "channelContent": {
        "web": {
          "contentFormat": "Markdown",
          "content": "*   最多能有10000人以[僅供檢視](https://support.microsoft.com/zh-tw/office/%E4%BB%A5%E5%83%85%E4%BE%9B%E6%AA%A2%E8%A6%96%E5%87%BA%E5%B8%AD%E8%80%85%E8%BA%AB%E4%BB%BD%E5%8A%A0%E5%85%A5%E6%9C%83%E8%AD%B0-3639f64d-e017-4ead-a4c1-e9b6785fd915)的狀態加入會議(如果貴組織可使用)\n*   當超過1000人加入會議後，之後加入的人都會是檢視模式"
        }
      },
      "id": "af99b2ea-26a3-4365-a867-ca700fd6d992",
      "createdTime": "2021-11-17T05:05:57.131Z",
      "updatedTime": "2021-11-17T05:05:57.131Z",
      "createdUserId": "user-0",
      "updatedUserId": "user-0"
    },
    {
      "channelContent": {
        "web": {
          "contentFormat": "Markdown",
          "content": "💡 正在規劃一場大型會議\n\n*   [大型 Teams 會議的最佳作法 (microsoft.com)](https://support.microsoft.com/zh-tw/office/%E5%A4%A7%E5%9E%8B-teams-%E6%9C%83%E8%AD%B0%E7%9A%84%E6%9C%80%E4%BD%B3%E4%BD%9C%E6%B3%95-ce2cdb9a-0546-43a4-bb55-34ab98ab6b16)\n*   管理員: [僅供檢視會議體驗 - Microsoft Teams | Microsoft Docs](https://docs.microsoft.com/zh-tw/microsoftteams/view-only-meeting-experience)"
        }
      },
      "id": "a27403c3-099f-48dd-a5bb-dbefb36af0e1",
      "createdTime": "2021-11-17T05:06:11.197Z",
      "updatedTime": "2021-11-17T05:06:11.197Z",
      "createdUserId": "user-0",
      "updatedUserId": "user-0"
    }
  ]
}