{
  "intents": [
    {
      "endUserOverrideName": "Gruppenchat starten",
      "triggerQueries": [
        "starte einen gruppenchat",
        "einen gruppenchat ohne team starten",
        "gruppen chat starten",
        "gruppenchat starten",
        "chat gruppe",
        "privaten chat starten",
        "private chatgruppe starten",
        "Gruppenchat starten",
        "Leute zum Chat hinzufügen",
        "Wie starte ich einen Gruppenchat?"
      ],
      "dialogId": "new_topic_e111db0fe4c34c65ad77d0d57a96a965",
      "isTriggeringEnabled": true,
      "id": "new_topic_e111db0fe4c34c65ad77d0d57a96a965",
      "displayName": "Wie starte ich einen Gruppenchat?",
      "description": "https://adoptbotv2kb.blob.core.windows.net/%24web/AdoptBot2021-English.docx",
      "createdTime": "2021-04-18T21:02:21.502523Z",
      "updatedTime": "2021-04-18T21:02:21.502523Z",
      "createdUserId": "86360cd1-faa6-4d16-8a0c-ba3116c8a977"
    }
  ],
  "dialogs": [
    {
      "rootNodeId": "f5be3fff-5f5b-415a-9e50-92a452cb0e76",
      "messageNodes": [
        {
          "botMessageId": "089cc603-ab4e-4b1f-82ea-d2dd882e053e",
          "nodeType": "BotMessageNode",
          "id": "f5be3fff-5f5b-415a-9e50-92a452cb0e76",
          "defaultTargetNodeId": "ffddf362-e5d4-4378-ae62-75d80e54b212"
        },
        {
          "botMessageId": "c4291e6f-7ccc-44ca-98e4-0e3cba126385",
          "nodeType": "BotMessageNode",
          "id": "ffddf362-e5d4-4378-ae62-75d80e54b212",
          "defaultTargetNodeId": "501fbd09-ea9f-4f29-867f-389839b7c086"
        },
        {
          "botMessageId": "9c90a90e-c2f4-4230-bd4d-9753199ee3f5",
          "nodeType": "BotMessageNode",
          "id": "501fbd09-ea9f-4f29-867f-389839b7c086",
          "defaultTargetNodeId": "7fa6716c-2e44-4245-a1b3-fbe630ccf102"
        }
      ],
      "dialogChangeNodes": [
        {
          "targetDialogId": "new_topic_30867099f4b543d3b8543a85c22c3418_aeabea4d071f415c8c107e1cb7af5424_assumedsuccess",
          "nodeType": "DialogChangeNode",
          "id": "7fa6716c-2e44-4245-a1b3-fbe630ccf102"
        }
      ],
      "id": "new_topic_e111db0fe4c34c65ad77d0d57a96a965",
      "displayName": "Dialog for Wie starte ich einen Gruppenchat?",
      "createdTime": "2021-04-18T21:02:21.502523Z",
      "updatedTime": "2021-04-18T21:04:58.1552348Z",
      "createdUserId": "86360cd1-faa6-4d16-8a0c-ba3116c8a977",
      "updatedUserId": "86360cd1-faa6-4d16-8a0c-ba3116c8a977"
    }
  ],
  "botMessages": [
    {
      "channelContent": {
        "web": {
          "contentFormat": "Markdown",
          "content": "**So senden Sie eine private Nachricht:**\n\n1.  Wählen Sie über das Chat-Symbol oben in der App die Option **Neuer Chat,** um eine neue Unterhaltung zu beginnen.\n2.  Geben Sie in das Feld An **den Namen der Person oder Personen ein, mit denen Sie chatten möchten.**\n3.  Verfassen Sie Ihre Nachricht und klicken Sie auf Senden."
        }
      },
      "id": "089cc603-ab4e-4b1f-82ea-d2dd882e053e",
      "createdTime": "2021-04-18T21:02:21.502523Z",
      "updatedTime": "2021-04-18T21:02:21.502523Z",
      "createdUserId": "86360cd1-faa6-4d16-8a0c-ba3116c8a977",
      "updatedUserId": "86360cd1-faa6-4d16-8a0c-ba3116c8a977"
    },
    {
      "channelContent": {
        "web": {
          "contentFormat": "Markdown",
          "content": "So fügen Sie jemanden zu einem bereits laufenden Chat hinzu:\n\n1.  Klicken Sie einfach auf **Kontakte hinzufügen.**\n\nEs wird dann automatisch ein Gruppenchat erstellt.\n\nSie wählen, ob die neue Person den gesamten, einen Teil oder keinen Chatverlauf sehen kann."
        }
      },
      "id": "c4291e6f-7ccc-44ca-98e4-0e3cba126385",
      "createdTime": "2021-04-18T21:03:18.302Z",
      "updatedTime": "2021-04-18T21:03:18.302Z",
      "createdUserId": "user-0",
      "updatedUserId": "user-0"
    },
    {
      "channelContent": {
        "web": {
          "contentFormat": "Markdown",
          "content": "💡 **Tipp**: Denken Sie daran, Ihren Gruppenchat zu benennen. So ist er leichter zu finden, und jeder versteht, worum es geht."
        }
      },
      "id": "9c90a90e-c2f4-4230-bd4d-9753199ee3f5",
      "createdTime": "2021-04-18T21:04:44.671Z",
      "updatedTime": "2021-04-18T21:04:44.671Z",
      "createdUserId": "user-0",
      "updatedUserId": "user-0"
    }
  ],
  "createdUtc": "0001-01-01T00:00:00Z"
}