{
  "intents": [
    {
      "endUserOverrideName": "Mode Ensemble",
      "triggerQueries": [
        "Voir les participants d'une réunion dans un auditorium",
        "Voir tous les participants d'une réunion assis les uns à côté des autres",
        "activer le mode ensemble",
        "Comment puis-je activer le mode ensemble?",
        "Activer le mode ensemble",
        "Utiliser le mode ensemble face-à-face",
        "Où puis-je trouver le mode ensemble?",
        "Mode Ensemble",
        "Mode Ensemble dans les réunions",
        "Comment activer le mode Ensemble?"
      ],
      "dialogId": "new_topic_2c11c5db21ba4da2bd28c8f7e5d41cdc",
      "isTriggeringEnabled": true,
      "id": "new_topic_2c11c5db21ba4da2bd28c8f7e5d41cdc",
      "displayName": "Comment activer le mode Ensemble?",
      "description": "",
      "createdTime": "2021-01-13T22:20:51.2381463Z",
      "updatedTime": "2021-05-21T11:26:16.0418316Z",
      "createdUserId": "f04d3cd9-b73d-4ba9-a1ed-9319eba29b21",
      "updatedUserId": "137976d8-62f4-4f81-b357-122fb8bb440c"
    }
  ],
  "dialogs": [
    {
      "rootNodeId": "d8a42964-daa4-43ed-a7f4-d12d700ef577",
      "messageNodes": [
        {
          "botMessageId": "7dda3c87-68fa-416b-9139-5153b8a0669d",
          "nodeType": "BotMessageNode",
          "id": "d8a42964-daa4-43ed-a7f4-d12d700ef577",
          "defaultTargetNodeId": "a85ce462-f6c7-4c2c-80fa-c9c2e52ea423"
        },
        {
          "botMessageId": "e3194490-7423-4cd3-a50e-18c8e9f96873",
          "nodeType": "BotMessageNode",
          "id": "a85ce462-f6c7-4c2c-80fa-c9c2e52ea423",
          "defaultTargetNodeId": "21931ad5-a339-4865-b68f-4ff8574de3a7"
        },
        {
          "botMessageId": "7d75361f-f95e-4f42-b79f-d0c78e4eaff8",
          "nodeType": "BotMessageNode",
          "id": "21931ad5-a339-4865-b68f-4ff8574de3a7",
          "defaultTargetNodeId": "1bc25e9a-e82c-43ed-a6b6-1096644740d1"
        },
        {
          "botMessageId": "29d88777-ec56-4f8a-ba2f-a28a70a5dd9e",
          "nodeType": "BotMessageNode",
          "id": "1bc25e9a-e82c-43ed-a6b6-1096644740d1",
          "defaultTargetNodeId": "c3aee1b7-1a70-43ac-9818-a6b969f31295"
        }
      ],
      "dialogChangeNodes": [
        {
          "targetDialogId": "new_topic_eac3f49c99664313a9d9dc19d80a79a2_aeabea4d071f415c8c107e1cb7af5424_assumedsuccess",
          "nodeType": "DialogChangeNode",
          "id": "c3aee1b7-1a70-43ac-9818-a6b969f31295"
        }
      ],
      "id": "new_topic_2c11c5db21ba4da2bd28c8f7e5d41cdc",
      "displayName": "Dialog for How do I turn on Together mode?",
      "createdTime": "2021-01-13T22:20:51.2381463Z",
      "updatedTime": "2021-04-21T22:56:05.0459287Z",
      "createdUserId": "f04d3cd9-b73d-4ba9-a1ed-9319eba29b21",
      "updatedUserId": "a2c4aa2c-d830-41eb-bcf4-467a2c7e1279"
    }
  ],
  "botMessages": [
    {
      "channelContent": {
        "web": {
          "contentFormat": "Markdown",
          "content": "[**Le mode Ensemble**](https://youtu.be/MGsNmYKgeTA) augmente le sentiment d’être ensemble et, selon les études, réduit la fatigue mentale et visuelle liée aux réunions virtuelles. Vous réduirez donc certainement votre fatigue avec cette vue par rapport aux vues classiques des réunions virtuelles!"
        }
      },
      "id": "7dda3c87-68fa-416b-9139-5153b8a0669d",
      "createdTime": "2021-01-27T19:43:55.332Z",
      "updatedTime": "2021-01-27T19:43:55.332Z",
      "createdUserId": "user-0",
      "updatedUserId": "user-0"
    },
    {
      "channelContent": {
        "web": {
          "contentFormat": "Markdown",
          "content": "Consultez les **options de réunion** pendant la réunion (...) et sélectionnez le **mode Ensemble** pour activer cette vue pour vous (cela n’a d’impact que sur la façon dont **vous** voyez la réunion)."
        }
      },
      "id": "e3194490-7423-4cd3-a50e-18c8e9f96873",
      "createdTime": "2021-01-27T19:44:21.547Z",
      "updatedTime": "2021-01-27T19:44:21.547Z",
      "createdUserId": "user-0",
      "updatedUserId": "user-0"
    },
    {
      "channelContent": {
        "web": {
          "contentFormat": "Markdown",
          "content": "💡 **Astuce:** Pour être visible en mode Ensemble, vous devez avoir votre caméra allumée. _Actuellement (2021), jusqu’à 50 personnes différentes peuvent être sur la vue en mode Ensemble simultanément selon le choix de la scène._"
        }
      },
      "id": "7d75361f-f95e-4f42-b79f-d0c78e4eaff8",
      "createdTime": "2021-01-27T19:44:52.53Z",
      "updatedTime": "2021-01-27T19:44:52.53Z",
      "createdUserId": "user-0",
      "updatedUserId": "user-0"
    },
    {
      "channelContent": {
        "web": {
          "contentFormat": "Markdown",
          "content": "En savoir plus sur [vos options vidéo dans Teams](https://support.microsoft.com/fr-fr/office/utilisation-de-la-vid%c3%a9o-dans-microsoft-teams-3647fc29-7b92-4c26-8c2d-8a596904cdae?ui=fr-FR&rs=fr-FR&ad=FR)."
        }
      },
      "id": "29d88777-ec56-4f8a-ba2f-a28a70a5dd9e",
      "createdTime": "2021-01-27T19:45:41.193Z",
      "updatedTime": "2021-01-27T19:45:41.193Z",
      "createdUserId": "user-0",
      "updatedUserId": "user-0"
    }
  ],
  "createdUtc": "0001-01-01T00:00:00Z"
}