{
  "intents": [
    {
      "systemIntentTypes": [
        "Goodbye"
      ],
      "intentType": "System",
      "triggerQueries": [
        "Ha det",
        "Ha det og takk",
        "Ha det",
        "Ha det",
        "Ha det, snakkes!",
        "Hyggelig å snakke med deg også. Ha en fin dag.",
        "Ha det",
        "Ha en god dag",
        "Ha en god kveld",
        "Ha en flott dag",
        "Ha en flott dag. Det går bra.",
        "Ha en fin dag",
        "Ha en strålende dag :)",
        "Jeg har ingen problemer. Ha det.",
        "Jeg gjør noe senere. Takk, ha det.",
        "Jeg må snakke med deg senere.",
        "Hyggelig å snakke med deg også. Ha det.",
        "Nei takk. Ha en god kveld!",
        "Nei takk, ha det",
        "Nei takk. Ha det.",
        "Nei takk! Ha en fin dag!",
        "Nei, takk for hjelpen, ha det.",
        "Nei takk. Ha en fin dag.",
        "Ingen av de ovennevnte. Ha det.",
        "Nei, det går bra. Ha det.",
        "Nei takk, ha en fin dag",
        "Nei. Ha det!",
        "Ikke for øyeblikket. Takk, og ha en fin dag.",
        "Ikke nyttig. Ha det.",
        "Ok, takk, og ha en flott dag",
        "Ok, takk, ses senere",
        "Perfekt! Ha en flott dag!",
        "Samme her. Ha en flott dag!",
        "Samme her. Ha det!",
        "Ser deg igjen",
        "Ser deg senere",
        "Beklager, ha det, takk for hjelpen",
        "Beklager, jeg må på jobb. Ha en flott dag.",
        "Beklager, jeg må gå. Ha det.",
        "Ha det, og ha en flott dag",
        "Takk for samtalen, ha en fin dag",
        "Takk, ha det",
        "Takk, og ha det!",
        "Takk, og ha en flott dag",
        "Takk for nå, takk for hjelpen",
        "Takk for hjelpen! Ha det!",
        "Takk, ha en fin dag",
        "Takk, jeg skal sjekke",
        "Tusen takk, ha det",
        "Tusen takk. Ha en fin dag!",
        "Takk, ha en god dag.",
        "Takk, ses senere.",
        "Takk. Ha det.",
        "Takk for hjelpen, ha det",
        "Takk for hjelpen. Ha det.",
        "Takk for hjelpen. Ha en flott dag!!",
        "Takk, ha det",
        "Takk, ha en god kveld",
        "Takk. Ha det.",
        "Takk. Jeg avslutter chatten nå.",
        "Takk. Det går fint nå. Ha en god dag.",
        "Takk. Ha det.",
        "Thanks, have a good night",
        "Thanks. Goodbye",
        "Thanks. I will end the chat now.",
        "Thanks. I'm fine now. Have a good day.",
        "Thx. Goodbye"
      ],
      "dialogId": "new_topic_89c49d37fd4c4c1c9144396960733ce1_f56d1a3e522740c78f9fac0939332dbd_goodbye",
      "isTriggeringEnabled": true,
      "canTriggeringBeDisabled": true,
      "id": "new_topic_89c49d37fd4c4c1c9144396960733ce1_f56d1a3e522740c78f9fac0939332dbd_goodbye",
      "displayName": "Ha det",
      "description": "Systemintensjonen Ha det",
      "createdTime": "2019-01-15T00:00:00Z",
      "updatedTime": "2019-01-15T00:00:00Z",
      "createdUserId": "user0",
      "updatedUserId": "user0",
      "versionNumber": 0,
      "componentId": "00000000-0000-0000-0000-000000000000"
    }
  ],
  "dialogs": [
    {
      "rootNodeId": "3ce2158c-ebd3-4e2f-9e15-74432e415182",
      "dialogType": "System",
      "messageNodes": [
        {
          "botMessageId": "026a85be-8cca-4b87-b39f-3639fcfe3383",
          "nodeType": "BotMessageNode",
          "id": "3ce2158c-ebd3-4e2f-9e15-74432e415182"
        }
      ],
      "id": "new_topic_89c49d37fd4c4c1c9144396960733ce1_f56d1a3e522740c78f9fac0939332dbd_goodbye",
      "displayName": "Dialog for Ha det",
      "createdTime": "2019-01-15T00:00:00Z",
      "updatedTime": "2019-01-15T00:00:00Z",
      "createdUserId": "user0",
      "updatedUserId": "user0",
      "versionNumber": 0,
      "componentId": "00000000-0000-0000-0000-000000000000"
    }
  ],
  "botMessages": [
    {
      "channelContent": {
        "web": {
          "contentFormat": "Markdown",
          "content": "Takk for chatten. Ha det!"
        }
      },
      "id": "026a85be-8cca-4b87-b39f-3639fcfe3383",
      "createdTime": "2019-01-15T00:00:00Z",
      "updatedTime": "2019-01-15T00:00:00Z",
      "createdUserId": "user0",
      "updatedUserId": "user0",
      "versionNumber": 0,
      "componentId": "00000000-0000-0000-0000-000000000000"
    }
  ],
  "createdUtc": "0001-01-01T00:00:00Z"
}