{
  "intents": [
    {
      "triggerQueries": [
        "var sparas kanalens filer?",
        "Vad fan är en kanal för något?",
        "beskriv vad en kanal är",
        "Varför har man olika kanaler?",
        "Vad är poängen med kanaler?",
        "Vad är en kanal?",
        "Kan du definiera en Teams-kanal?"
      ],
      "dialogId": "new_topic_e039bacb0acd4bc5875e39667e7c1cce",
      "isTriggeringEnabled": true,
      "id": "new_topic_e039bacb0acd4bc5875e39667e7c1cce",
      "displayName": "Vad är en Teams-kanal?",
      "description": "",
      "createdTime": "2020-11-24T14:37:53.8230909Z",
      "updatedTime": "2020-12-08T14:40:26.3329202Z",
      "createdUserId": "f04d3cd9-b73d-4ba9-a1ed-9319eba29b21",
      "updatedUserId": "f04d3cd9-b73d-4ba9-a1ed-9319eba29b21"
    }
  ],
  "dialogs": [
    {
      "rootNodeId": "a48e3c9b-00a2-4bc2-beb4-a68370f81f6f",
      "messageNodes": [
        {
          "botMessageId": "db8f797b-635d-45b5-bf82-bcf11e9e09a0",
          "nodeType": "BotMessageNode",
          "id": "a48e3c9b-00a2-4bc2-beb4-a68370f81f6f",
          "defaultTargetNodeId": "e068bdcf-63b1-44d9-b590-fbf01cc34fd9"
        },
        {
          "botMessageId": "206cc52d-7dd5-42c5-8ca8-f6154446efd9",
          "nodeType": "BotMessageNode",
          "id": "e068bdcf-63b1-44d9-b590-fbf01cc34fd9",
          "defaultTargetNodeId": "c16d8430-162b-481d-9f3a-73f5accea332"
        }
      ],
      "dialogChangeNodes": [
        {
          "targetDialogId": "new_topic_84ec227c19784e7ba25cb34f4638f91e_aeabea4d071f415c8c107e1cb7af5424_assumedsuccess",
          "nodeType": "DialogChangeNode",
          "id": "c16d8430-162b-481d-9f3a-73f5accea332"
        }
      ],
      "id": "new_topic_e039bacb0acd4bc5875e39667e7c1cce",
      "displayName": "Dialog for Kan du definiera en Teams-kanal?",
      "createdTime": "2020-11-24T14:37:53.8230909Z",
      "updatedTime": "2020-12-08T14:44:32.2762481Z",
      "createdUserId": "f04d3cd9-b73d-4ba9-a1ed-9319eba29b21",
      "updatedUserId": "f04d3cd9-b73d-4ba9-a1ed-9319eba29b21"
    }
  ],
  "botMessages": [
    {
      "channelContent": {
        "web": {
          "contentFormat": "Markdown",
          "content": "Kanaler är samarbetsutrymmen inom ett team där själva arbetet utförs.\n\nKanaler är dedikerade sektioner inom ett team för att hålla konversationer organiserade efter specifika ämnen, projekt, discipliner, vad som än fungerar för ditt team!"
        }
      },
      "id": "db8f797b-635d-45b5-bf82-bcf11e9e09a0",
      "createdTime": "2020-11-24T14:37:53.8230909Z",
      "updatedTime": "2020-11-24T14:37:53.8230909Z",
      "createdUserId": "f04d3cd9-b73d-4ba9-a1ed-9319eba29b21",
      "updatedUserId": "f04d3cd9-b73d-4ba9-a1ed-9319eba29b21"
    },
    {
      "channelContent": {
        "web": {
          "contentFormat": "Markdown",
          "content": "En kanal är den plats du går dit alla i teamet öppet kan ha konversationer.\n\nFiler som du delar i\n\nchatten i en kanal, hamnar under fliken filer i respektive kanal."
        }
      },
      "id": "206cc52d-7dd5-42c5-8ca8-f6154446efd9",
      "createdTime": "2020-12-08T14:37:09.166Z",
      "updatedTime": "2020-12-08T14:37:09.166Z",
      "createdUserId": "user-0",
      "updatedUserId": "user-0"
    }
  ]
}