{
  "intents": [
    {
      "triggerQueries": [
        "그룹 채팅 다른 사람 제거",
        "그룹 채팅 사용자 지정",
        "그룹 채팅 멤버 변경",
        "그룹 채팅 구성원 변경",
        "그룹 채팅 참가자 제거",
        "그룹 채팅 사람 제거",
        "그룹 채팅 누군가 제거",
        "대화 누군가 제거",
        "대화에서 누군가를 제거하려면 어떻게 해야 합니까?"
      ],
      "dialogId": "new_topic_e7a2fd7937634aecbd2da377f3934e8e",
      "isTriggeringEnabled": true,
      "id": "new_topic_e7a2fd7937634aecbd2da377f3934e8e",
      "displayName": "대화에서 누군가를 제거하려면 어떻게 해야 합니까?",
      "description": "https://adoptbotv2kb.blob.core.windows.net/%24web/adoptbot2021-Korean.docx",
      "createdTime": "2021-03-18T03:39:18.7446546Z",
      "updatedTime": "2021-04-09T07:15:17.2025875Z",
      "createdUserId": "e47109d8-0300-4e59-a90d-56bb29886c9e",
      "updatedUserId": "e47109d8-0300-4e59-a90d-56bb29886c9e"
    }
  ],
  "dialogs": [
    {
      "rootNodeId": "2aede600-380f-410b-9519-6dad8593b627",
      "messageNodes": [
        {
          "botMessageId": "c0b15452-1b07-4eca-b6ba-5ac5520a7663",
          "nodeType": "BotMessageNode",
          "id": "2aede600-380f-410b-9519-6dad8593b627",
          "defaultTargetNodeId": "c835a5e2-56c8-4bf9-95ba-873b342f858f"
        }
      ],
      "dialogChangeNodes": [
        {
          "targetDialogId": "new_topic_2bf23930c1d146129dfe38bacb94ccd0_aeabea4d071f415c8c107e1cb7af5424_assumedsuccess",
          "nodeType": "DialogChangeNode",
          "id": "c835a5e2-56c8-4bf9-95ba-873b342f858f"
        }
      ],
      "id": "new_topic_e7a2fd7937634aecbd2da377f3934e8e",
      "displayName": "Dialog for 대화에서 누군가를 제거하려면 어떻게 해야 합니까?",
      "createdTime": "2021-03-18T03:39:18.7446546Z",
      "updatedTime": "2021-04-09T07:15:06.5062777Z",
      "createdUserId": "e47109d8-0300-4e59-a90d-56bb29886c9e",
      "updatedUserId": "e47109d8-0300-4e59-a90d-56bb29886c9e"
    }
  ],
  "botMessages": [
    {
      "channelContent": {
        "web": {
          "contentFormat": "Markdown",
          "content": "[그룹 채팅에서 사용자 탈퇴 또는 제거](https://support.microsoft.com/ko-kr/office/l%c3%a4mna-eller-ta-bort-n%c3%a5gon-fr%c3%a5n-en-gruppchatt-7db55a67-0ba4-4409-a399-5ed502a1d094?ui=en-us&rs=en-us&ad=se) 할 수 있습니다.\n\n1.  세 명 이상의 사람들과 그룹 채팅을 엽니다.\n2.  멤버 수를 클릭한 다음 제거할 사람을 마우스로 가리킵니다.\n3.  X 를 선택하고 확인을 클릭합니다."
        }
      },
      "id": "c0b15452-1b07-4eca-b6ba-5ac5520a7663",
      "createdTime": "2021-03-18T03:39:18.7446546Z",
      "updatedTime": "2021-03-18T03:39:18.7446546Z",
      "createdUserId": "e47109d8-0300-4e59-a90d-56bb29886c9e",
      "updatedUserId": "e47109d8-0300-4e59-a90d-56bb29886c9e"
    }
  ],
  "createdUtc": "0001-01-01T00:00:00Z"
}