{
  "intents": [
    {
      "endUserOverrideName": "Always up-to-date work schedule? (Shifts in Teams)",
      "triggerQueries": [
        "What can the Shifts app do in Teams?",
        "mobile work schedule",
        "Always up-to-date work schedule?",
        "who can cover my shift?",
        "access shifts from a phone",
        "Create a schedule for my team",
        "manage shifts for my team",
        "Shifts for the firstline",
        "punch clock app",
        "time clock in teams",
        "time reports in times for a shift",
        "I need to manage frontline workers",
        "What is the shifts app?",
        "What do you use shifts in teams for?",
        "Can someone cover my shift?",
        "How can I see who's working a shift?",
        "Can we have a team schedule?",
        "Create a schedule for my team",
        "always up to date schedule",
        "shift based working",
        "Frontline workers using shifts",
        "Shifts for frontline workers",
        "Microsoft shifts app",
        "An up-to-date schedule? (Shifts in Teams)",
        "What is Shifts in Teams?"
      ],
      "dialogId": "new_topic_ee88b54114564066a33ab1d90320e816",
      "isTriggeringEnabled": true,
      "id": "new_topic_ee88b54114564066a33ab1d90320e816",
      "displayName": "What is Shifts in Teams?",
      "description": "",
      "createdTime": "2021-01-29T14:56:34.925785Z",
      "updatedTime": "2021-02-05T14:06:32.5500216Z",
      "createdUserId": "f04d3cd9-b73d-4ba9-a1ed-9319eba29b21",
      "updatedUserId": "f04d3cd9-b73d-4ba9-a1ed-9319eba29b21"
    }
  ],
  "dialogs": [
    {
      "rootNodeId": "0d524f6c-0c95-424d-81c8-fea65d4d10dd",
      "messageNodes": [
        {
          "botMessageId": "96e74762-f3b1-401a-a978-d125ca767ebe",
          "nodeType": "BotMessageNode",
          "id": "0d524f6c-0c95-424d-81c8-fea65d4d10dd",
          "defaultTargetNodeId": "5c1a6393-8781-45db-90a0-f89e9a3ddb0c"
        },
        {
          "botMessageId": "167e280b-c45f-47d2-90c5-298b771742d4",
          "nodeType": "BotMessageNode",
          "id": "5c1a6393-8781-45db-90a0-f89e9a3ddb0c",
          "defaultTargetNodeId": "a961bd29-e1c5-4acd-b1f0-1ec0219049c0"
        },
        {
          "botMessageId": "01d61999-9115-4ecc-93ce-145ed56c6bbf",
          "nodeType": "BotMessageNode",
          "id": "fd772abe-b4ed-41e9-b9eb-3e65a7549f4e",
          "defaultTargetNodeId": "581d2b22-78ee-46d6-b2d5-bbe40272c63b"
        },
        {
          "botMessageId": "44179a30-2fbf-42dd-8c7a-8750148f8523",
          "nodeType": "BotMessageNode",
          "id": "581d2b22-78ee-46d6-b2d5-bbe40272c63b",
          "defaultTargetNodeId": "7363f9b6-0109-4cfa-895c-8356681f65b4"
        },
        {
          "botMessageId": "c0332125-c7fe-4af4-803d-ca2912ddc98d",
          "nodeType": "BotMessageNode",
          "id": "a961bd29-e1c5-4acd-b1f0-1ec0219049c0",
          "defaultTargetNodeId": "fd772abe-b4ed-41e9-b9eb-3e65a7549f4e"
        }
      ],
      "dialogChangeNodes": [
        {
          "targetDialogId": "new_topic_eac3f49c99664313a9d9dc19d80a79a2_aeabea4d071f415c8c107e1cb7af5424_assumedsuccess",
          "nodeType": "DialogChangeNode",
          "id": "7363f9b6-0109-4cfa-895c-8356681f65b4"
        }
      ],
      "id": "new_topic_ee88b54114564066a33ab1d90320e816",
      "displayName": "Dialog for What is Shifts in Teams?",
      "createdTime": "2021-01-29T14:56:34.925785Z",
      "updatedTime": "2021-04-15T14:36:10.9888569Z",
      "createdUserId": "f04d3cd9-b73d-4ba9-a1ed-9319eba29b21",
      "updatedUserId": "f04d3cd9-b73d-4ba9-a1ed-9319eba29b21"
    }
  ],
  "botMessages": [
    {
      "channelContent": {
        "web": {
          "contentFormat": "Markdown",
          "content": "Many wish they'd have an always up-to-date work schedule on their phone…"
        }
      },
      "id": "96e74762-f3b1-401a-a978-d125ca767ebe",
      "createdTime": "2021-01-29T14:56:34.925785Z",
      "updatedTime": "2021-01-29T14:56:34.925785Z",
      "createdUserId": "f04d3cd9-b73d-4ba9-a1ed-9319eba29b21",
      "updatedUserId": "f04d3cd9-b73d-4ba9-a1ed-9319eba29b21"
    },
    {
      "channelContent": {
        "web": {
          "contentFormat": "Markdown",
          "content": "Well, you can! [Shifts in Teams](https://support.microsoft.com/en-us/office/what-is-shifts-f8efe6e4-ddb3-4d23-b81b-bb812296b821) is a free Teams app to manage schedules and stay in sync with your team. A great scheduling tool for anyone and especially designed to be a \"frontline worker's\" best friend. Well, at least a great schedule 😉  \n**All on your phone.**"
        }
      },
      "id": "167e280b-c45f-47d2-90c5-298b771742d4",
      "createdTime": "2021-01-29T15:13:14.915Z",
      "updatedTime": "2021-01-29T15:13:14.915Z",
      "createdUserId": "user-0",
      "updatedUserId": "user-0"
    },
    {
      "channelContent": {
        "web": {
          "contentFormat": "Markdown",
          "content": "**Manage shifts**\n\n*   📅Shifts schedule - Always see who’s working what shift. You’ll see who’s online based on their [presence](https://docs.microsoft.com/en-us/microsoftteams/presence-admins).\n*   📲If you need to talk to someone just select them (no more outdated numbers and guessing who’s available!).\n*   📝Review/add notes for additional details to a shift.\n*   🕓Time Clock - Clock in or clock out of your shift."
        }
      },
      "id": "01d61999-9115-4ecc-93ce-145ed56c6bbf",
      "createdTime": "2021-01-29T15:13:27.03Z",
      "updatedTime": "2021-01-29T15:13:27.03Z",
      "createdUserId": "user-0",
      "updatedUserId": "user-0"
    },
    {
      "channelContent": {
        "web": {
          "contentFormat": "Markdown",
          "content": "💡 **Tip:** _If you’re desk-free when getting things done, see if_ [_Teams Walkie Talkie feature_](https://support.microsoft.com/en-us/office/get-started-with-teams-walkie-talkie-25bdc3d5-bbb2-41b7-89bf-650fae0c8e0c) _could be useful._"
        }
      },
      "id": "44179a30-2fbf-42dd-8c7a-8750148f8523",
      "createdTime": "2021-01-29T15:13:30.754Z",
      "updatedTime": "2021-01-29T15:13:30.754Z",
      "createdUserId": "user-0",
      "updatedUserId": "user-0"
    },
    {
      "channelContent": {
        "web": {
          "contentFormat": "Markdown",
          "content": "🎬 [Watch this 1 min video](https://support.microsoft.com/en-us/office/shifts-for-firstline-workers-74f47ad2-7b6a-4605-8cf4-2b6ceb1cdcae) to see Shifts in action."
        }
      },
      "id": "c0332125-c7fe-4af4-803d-ca2912ddc98d",
      "createdTime": "2021-01-29T15:20:35.679Z",
      "updatedTime": "2021-01-29T15:20:35.679Z",
      "createdUserId": "user-0",
      "updatedUserId": "user-0"
    }
  ],
  "createdUtc": "0001-01-01T00:00:00Z"
}