{
  "intents": [
    {
      "triggerQueries": [
        "PIN 변경",
        "어떻게 PIN 리셋 재설정",
        "누가 PIN 리셋 재설정",
        "Team 팀 PIN Reset 리셋 재설정",
        "사용자 PIN 액세스 접근 변경",
        "사용자가 PIN에 접근하거나 변경하려면 어떻게 해야 합니까?"
      ],
      "dialogId": "new_topic_0d03d8acc8ea4b7893abf8bd3d5476f6",
      "isTriggeringEnabled": true,
      "id": "new_topic_0d03d8acc8ea4b7893abf8bd3d5476f6",
      "displayName": "사용자가 PIN에 접근하거나 변경하려면 어떻게 해야 합니까?",
      "description": "https://adoptbotv2kb.blob.core.windows.net/%24web/adoptbot2021-Korean.docx",
      "createdTime": "2021-03-18T03:39:18.7466553Z",
      "updatedTime": "2021-04-03T12:53:58.6037285Z",
      "createdUserId": "e47109d8-0300-4e59-a90d-56bb29886c9e",
      "updatedUserId": "e47109d8-0300-4e59-a90d-56bb29886c9e"
    }
  ],
  "dialogs": [
    {
      "rootNodeId": "23a91342-5dca-4d94-a0ca-2581045c8e6e",
      "messageNodes": [
        {
          "botMessageId": "e4a13c9a-3056-45d0-8aa9-9708699b2fea",
          "nodeType": "BotMessageNode",
          "id": "23a91342-5dca-4d94-a0ca-2581045c8e6e",
          "defaultTargetNodeId": "d6ed4a57-ad7b-4c20-b2a6-d60289253e6e"
        }
      ],
      "dialogChangeNodes": [
        {
          "targetDialogId": "new_topic_2bf23930c1d146129dfe38bacb94ccd0_aeabea4d071f415c8c107e1cb7af5424_assumedsuccess",
          "nodeType": "DialogChangeNode",
          "id": "d6ed4a57-ad7b-4c20-b2a6-d60289253e6e"
        }
      ],
      "id": "new_topic_0d03d8acc8ea4b7893abf8bd3d5476f6",
      "displayName": "Dialog for 사용자가 PIN에 접근하거나 변경하려면 어떻게 해야 합니까?",
      "createdTime": "2021-03-18T03:39:18.7466553Z",
      "updatedTime": "2021-03-18T03:39:18.7466553Z",
      "createdUserId": "e47109d8-0300-4e59-a90d-56bb29886c9e",
      "updatedUserId": "e47109d8-0300-4e59-a90d-56bb29886c9e"
    }
  ],
  "botMessages": [
    {
      "channelContent": {
        "web": {
          "contentFormat": "Markdown",
          "content": "PIN은  조직의 관리자만 재설정할 수 있습니다."
        }
      },
      "id": "e4a13c9a-3056-45d0-8aa9-9708699b2fea",
      "createdTime": "2021-03-18T03:39:18.7466553Z",
      "updatedTime": "2021-03-18T03:39:18.7466553Z",
      "createdUserId": "e47109d8-0300-4e59-a90d-56bb29886c9e",
      "updatedUserId": "e47109d8-0300-4e59-a90d-56bb29886c9e"
    }
  ],
  "createdUtc": "0001-01-01T00:00:00Z"
}