{
  "intents": [
    {
      "triggerQueries": [
        "Czy uczestnicy usłyszą powiadomienie, gdy użytkownik dołączy do spotkania lub je anuluje?",
        "Powiadomienie głosowe o dołączeniu do spotkania, gdy ktoś się połączy",
        "Czy coś się pokazuje, kiedy ktoś się łączy do spotkania?",
        "Powiadamianie, gdy ktoś dołącza do spotkania",
        "Czy uczestnicy spotkania usłyszą powiadomienie, kiedy ktoś dołączy do spotkania?"
      ],
      "dialogId": "new_topic_c8b20dfbe48942548157a921729597fb",
      "isTriggeringEnabled": true,
      "id": "new_topic_c8b20dfbe48942548157a921729597fb",
      "displayName": "Czy uczestnicy spotkania usłyszą powiadomienie, kiedy ktoś dołączy do spotkania?",
      "description": "",
      "createdTime": "2021-09-26T18:15:21.9589302Z",
      "updatedTime": "2021-10-24T20:09:54.5661578Z",
      "createdUserId": "28fac8cb-bec7-48c9-a688-5024cf318b8a",
      "updatedUserId": "28fac8cb-bec7-48c9-a688-5024cf318b8a"
    }
  ],
  "dialogs": [
    {
      "rootNodeId": "1dc6a780-b651-416b-9155-2d79fd4a63f8",
      "messageNodes": [
        {
          "botMessageId": "cbdaa148-dfa5-47db-aacd-2babfdf7728b",
          "nodeType": "BotMessageNode",
          "id": "1dc6a780-b651-416b-9155-2d79fd4a63f8",
          "defaultTargetNodeId": "e991ae5e-4434-424c-a23b-da6f9fb3db23"
        }
      ],
      "dialogChangeNodes": [
        {
          "targetDialogId": "new_topic_d4ee79ce05584b519ee7d416fda7e2a3_aeabea4d071f415c8c107e1cb7af5424_assumedsuccess",
          "nodeType": "DialogChangeNode",
          "id": "e991ae5e-4434-424c-a23b-da6f9fb3db23"
        }
      ],
      "id": "new_topic_c8b20dfbe48942548157a921729597fb",
      "displayName": "Dialog for Czy uczestnicy spotkania usłyszą powiadomienie, kiedy ktoś dołączy do spotkania?",
      "createdTime": "2021-09-26T18:15:21.9589302Z",
      "updatedTime": "2021-10-24T20:12:46.1314366Z",
      "createdUserId": "28fac8cb-bec7-48c9-a688-5024cf318b8a",
      "updatedUserId": "28fac8cb-bec7-48c9-a688-5024cf318b8a"
    }
  ],
  "botMessages": [
    {
      "channelContent": {
        "web": {
          "contentFormat": "Markdown",
          "content": "Domyślnie uczestnicy są powiadamiani, gdy kolejni użytkownicy dołączają do spotkania. Aby zmienić te ustawienia, zobacz [Zmienianie ustawień uczestników spotkania Teams](https://support.microsoft.com/pl-pl/office/zmienianie-ustawie%C5%84-uczestnik%C3%B3w-spotkania-teams-spotkania-53261366-dbd5-45f9-aae9-a70e6354f88e)."
        }
      },
      "id": "cbdaa148-dfa5-47db-aacd-2babfdf7728b",
      "createdTime": "2021-09-26T18:15:21.9589302Z",
      "updatedTime": "2021-09-26T18:15:21.9589302Z",
      "createdUserId": "28fac8cb-bec7-48c9-a688-5024cf318b8a",
      "updatedUserId": "28fac8cb-bec7-48c9-a688-5024cf318b8a"
    }
  ]
}