{
  "intents": [
    {
      "triggerQueries": [
        "legge til kule symboler i en melding",
        "hvordan legger man til en emoji i en melding?",
        "emojis",
        "hvilke ikoner kan man legge til",
        "liste over alle smilefjes",
        "finne emoji",
        "legge til emoji",
        "smilefjes",
        "emoji"
      ],
      "dialogId": "new_topic_f4d5cb4f3d41490da7ce94c5d03dbce8",
      "isTriggeringEnabled": true,
      "id": "new_topic_f4d5cb4f3d41490da7ce94c5d03dbce8",
      "displayName": "Emojier på Teams 😃🎉",
      "description": "",
      "createdTime": "2021-04-16T10:19:16.6731808Z",
      "updatedTime": "2021-04-29T15:06:30.157387Z",
      "createdUserId": "ef0c8b9a-eff1-49f8-92fa-fd1d3e15e1ba",
      "updatedUserId": "ef0c8b9a-eff1-49f8-92fa-fd1d3e15e1ba"
    }
  ],
  "dialogs": [
    {
      "rootNodeId": "4681006a-524a-40f2-8c9f-30dbcc9726f3",
      "messageNodes": [
        {
          "botMessageId": "020e6aa2-5f2c-4f08-9a58-43da353660c8",
          "nodeType": "BotMessageNode",
          "id": "979bf000-2399-4ff6-8520-2933805dbcfc",
          "defaultTargetNodeId": "96a5c6fb-edb5-4fa1-97c7-4335fc9c29c8"
        },
        {
          "botMessageId": "11bca98b-9987-4fbf-9efe-02000dbfb6b8",
          "nodeType": "BotMessageNode",
          "id": "96a5c6fb-edb5-4fa1-97c7-4335fc9c29c8",
          "defaultTargetNodeId": "3570c0a2-eb67-4763-8a0e-a9caeae2f46c"
        },
        {
          "botMessageId": "588a2ff4-835a-45db-a157-93cd858dcdc4",
          "nodeType": "BotMessageNode",
          "id": "4681006a-524a-40f2-8c9f-30dbcc9726f3",
          "defaultTargetNodeId": "979bf000-2399-4ff6-8520-2933805dbcfc"
        }
      ],
      "dialogChangeNodes": [
        {
          "targetDialogId": "new_topic_89c49d37fd4c4c1c9144396960733ce1_aeabea4d071f415c8c107e1cb7af5424_assumedsuccess",
          "nodeType": "DialogChangeNode",
          "id": "3570c0a2-eb67-4763-8a0e-a9caeae2f46c"
        }
      ],
      "id": "new_topic_f4d5cb4f3d41490da7ce94c5d03dbce8",
      "displayName": "Dialog for Hvordan bruke emojis 😃🎉",
      "createdTime": "2021-04-16T10:19:16.6731808Z",
      "updatedTime": "2021-04-30T10:18:07.2655464Z",
      "createdUserId": "ef0c8b9a-eff1-49f8-92fa-fd1d3e15e1ba",
      "updatedUserId": "ef0c8b9a-eff1-49f8-92fa-fd1d3e15e1ba"
    }
  ],
  "botMessages": [
    {
      "channelContent": {
        "web": {
          "contentFormat": "Markdown",
          "content": "Ønsker du se alle de **innebygde emojiene** som finnes i Teams?\n\n[Her har du en liste](https://support.microsoft.com/nb-no/office/vis-alle-tilgjengelige-emojier-b9c2ccda-9ad9-4dbb-a25d-bbcebf6311ae?ui=nb-NO&rs=nb-NO&ad=NO) over de du kan finne i \"Reaction-velgeren\"."
        }
      },
      "id": "020e6aa2-5f2c-4f08-9a58-43da353660c8",
      "createdTime": "2021-04-16T10:19:16.6731808Z",
      "updatedTime": "2021-04-16T10:19:16.6731808Z",
      "createdUserId": "ef0c8b9a-eff1-49f8-92fa-fd1d3e15e1ba",
      "updatedUserId": "ef0c8b9a-eff1-49f8-92fa-fd1d3e15e1ba"
    },
    {
      "channelContent": {
        "web": {
          "contentFormat": "Markdown",
          "content": "Det er også mulig å bruke flere emojier enn kun de som er i innebygd i Teams:\n\n*   Hvis du er på **mobilen,** så kan du legge til emojier fra tasteturet ditt eller en annen app\n*   [Hvis du er på en **Windows-maskin**](https://support.microsoft.com/nb-no/windows/tips-og-triks-for-tastatur-i-windows-10-588e0b72-0fff-6d3f-aeee-6e5116097942), så kan du trykke på Windows-logotasten og punktum-tasten (**WIN + .**) samtidig på tastaturet ditt.\n*   Du kan også kopiere emojier og lime dem inn til Teams. Prøv å søk på nettet for emojien du leter etter."
        }
      },
      "id": "11bca98b-9987-4fbf-9efe-02000dbfb6b8",
      "createdTime": "2021-04-16T10:23:26.897Z",
      "updatedTime": "2021-04-16T10:23:26.897Z",
      "createdUserId": "user-0",
      "updatedUserId": "user-0"
    },
    {
      "channelContent": {
        "web": {
          "contentFormat": "Markdown",
          "content": "Teams støtter bruk av emojier! 😍"
        }
      },
      "id": "588a2ff4-835a-45db-a157-93cd858dcdc4",
      "createdTime": "2021-04-29T14:58:59.154Z",
      "updatedTime": "2021-04-29T14:58:59.154Z",
      "createdUserId": "user-0",
      "updatedUserId": "user-0"
    }
  ],
  "createdUtc": "0001-01-01T00:00:00Z"
}