{
  "intents": [
    {
      "triggerQueries": [
        "Wie starte ich einen privaten Chat?",
        "Starten Sie einen Chat?",
        "Senden einer Nachricht an eine externe Person",
        "Nachricht an eine externe Person schreiben",
        "Schreiben einer Nachricht an eine Person",
        "Starten Sie einen 1:1-Chat"
      ],
      "dialogId": "new_topic_01f85b5b6e1c4690ba52e30fa65ac568",
      "isTriggeringEnabled": true,
      "id": "new_topic_01f85b5b6e1c4690ba52e30fa65ac568",
      "displayName": "Wie starte ich einen privaten Chat?",
      "description": "",
      "createdTime": "2021-04-19T07:27:17.7070517Z",
      "updatedTime": "2021-04-19T07:27:17.7070517Z",
      "createdUserId": "d4c65e50-fb5c-4311-830a-05b59a11dd48"
    }
  ],
  "dialogs": [
    {
      "rootNodeId": "4528bef7-1074-4040-b411-0cf7f4f4f5b2",
      "messageNodes": [
        {
          "botMessageId": "811cf2e4-47c5-40ad-8216-88e2925ab530",
          "nodeType": "BotMessageNode",
          "id": "4528bef7-1074-4040-b411-0cf7f4f4f5b2",
          "defaultTargetNodeId": "2c0b9848-964b-4776-a007-a02bfe363577"
        },
        {
          "botMessageId": "752e0ee4-0156-4815-8ab7-7dacf20712e8",
          "nodeType": "BotMessageNode",
          "id": "2c0b9848-964b-4776-a007-a02bfe363577",
          "defaultTargetNodeId": "deccb07b-f0e4-4c1f-80b0-1470b04b1966"
        }
      ],
      "dialogChangeNodes": [
        {
          "targetDialogId": "new_topic_30867099f4b543d3b8543a85c22c3418_aeabea4d071f415c8c107e1cb7af5424_assumedsuccess",
          "nodeType": "DialogChangeNode",
          "id": "deccb07b-f0e4-4c1f-80b0-1470b04b1966"
        }
      ],
      "id": "new_topic_01f85b5b6e1c4690ba52e30fa65ac568",
      "displayName": "Dialog for Wie starte ich einen privaten Chat?",
      "createdTime": "2021-04-19T07:27:17.7070517Z",
      "updatedTime": "2021-04-19T07:29:05.0386196Z",
      "createdUserId": "d4c65e50-fb5c-4311-830a-05b59a11dd48",
      "updatedUserId": "d4c65e50-fb5c-4311-830a-05b59a11dd48"
    }
  ],
  "botMessages": [
    {
      "channelContent": {
        "web": {
          "contentFormat": "Markdown",
          "content": "Geben Sie in der Suchleiste den Namen der Person ein, mit der Sie chatten möchten.\n\nWählen Sie die Person aus, geben Sie dann Ihre Nachricht ein, und klicken Sie auf den Pfeil Senden."
        }
      },
      "id": "811cf2e4-47c5-40ad-8216-88e2925ab530",
      "createdTime": "2021-04-19T07:27:17.7070517Z",
      "updatedTime": "2021-04-19T07:27:17.7070517Z",
      "createdUserId": "d4c65e50-fb5c-4311-830a-05b59a11dd48",
      "updatedUserId": "d4c65e50-fb5c-4311-830a-05b59a11dd48"
    },
    {
      "channelContent": {
        "web": {
          "contentFormat": "Markdown",
          "content": "Wenn es sich um eine externe Person handelt, geben Sie ihre vollständige E-Mail-Adresse ein.\n\n**Bitte beachten Sie**. Dies erfordert _technische Voraussetzungen in den jeweiligen Organisationen:_\n\n[_Kommunizieren mit Benutzern aus anderen Organisationen in Microsoft Teams_](https://docs.microsoft.com/de-de/microsoftteams/communicate-with-users-from-other-organizations)"
        }
      },
      "id": "752e0ee4-0156-4815-8ab7-7dacf20712e8",
      "createdTime": "2021-04-19T07:27:22.841Z",
      "updatedTime": "2021-04-19T07:27:22.841Z",
      "createdUserId": "user-0",
      "updatedUserId": "user-0"
    }
  ]
}