{
  "intents": [
    {
      "endUserOverrideName": "Différence entre équipe et canal",
      "triggerQueries": [
        "Différence entre une équipe et un canal?",
        "Qu’est-ce qui distingue une équipe d’un canal?",
        "Qu’est-ce qu’une équipe et qu’est-ce qu’un canal?",
        "Les équipes et les canaux sont-ils différents?",
        "équipe vs canal quelle est la différence?",
        "différences entre les canaux et les équipes",
        "Quand utiliser une équipe et quand utiliser un canal?",
        "Équipe ou canal, que dois-je choisir?",
        "Qu’est-ce qu’un canal et qu’est-ce qu’une équipe?",
        "différence canal et équipe",
        "Quelle est la différence entre une équipe et un canal?"
      ],
      "dialogId": "new_topic_bfcba8b940514b07a011d971bb69637b",
      "isTriggeringEnabled": true,
      "id": "new_topic_bfcba8b940514b07a011d971bb69637b",
      "displayName": "Quelle est la différence entre une équipe et un canal?",
      "description": "",
      "createdTime": "2021-01-13T22:20:51.2371466Z",
      "updatedTime": "2021-05-24T14:06:31.6823391Z",
      "createdUserId": "f04d3cd9-b73d-4ba9-a1ed-9319eba29b21",
      "updatedUserId": "a2c4aa2c-d830-41eb-bcf4-467a2c7e1279"
    }
  ],
  "dialogs": [
    {
      "rootNodeId": "e2dc4a12-7a3d-4f90-a336-3509169251bf",
      "messageNodes": [
        {
          "botMessageId": "857aa58f-d405-4c86-bd40-f3593713a371",
          "nodeType": "BotMessageNode",
          "id": "e2dc4a12-7a3d-4f90-a336-3509169251bf",
          "defaultTargetNodeId": "214aefeb-70a7-4dcf-b526-7ab0eeb17ef4"
        },
        {
          "botMessageId": "c96a5579-4b95-4826-8d67-2a48c06a4db1",
          "nodeType": "BotMessageNode",
          "id": "5f1826ad-bb49-4cfa-885b-4d8ecf7d0057",
          "defaultTargetNodeId": "10da3916-c6dd-4910-817e-d4b857708087"
        },
        {
          "botMessageId": "6f4921d1-16c5-44de-813c-f532dac4a6a9",
          "nodeType": "BotMessageNode",
          "id": "10da3916-c6dd-4910-817e-d4b857708087",
          "defaultTargetNodeId": "92334005-35f4-40b6-8f49-ddb31ab0fef0"
        },
        {
          "botMessageId": "662ee488-871e-47a2-8fe5-4fe3f29fc5e9",
          "nodeType": "BotMessageNode",
          "id": "92334005-35f4-40b6-8f49-ddb31ab0fef0",
          "defaultTargetNodeId": "e32eb4c4-d4ae-430d-83c5-284ff62b7a84"
        },
        {
          "botMessageId": "70168e01-4c9a-44f0-b795-cda22e3673ba",
          "nodeType": "BotMessageNode",
          "id": "214aefeb-70a7-4dcf-b526-7ab0eeb17ef4",
          "defaultTargetNodeId": "5f1826ad-bb49-4cfa-885b-4d8ecf7d0057"
        }
      ],
      "dialogChangeNodes": [
        {
          "targetDialogId": "new_topic_eac3f49c99664313a9d9dc19d80a79a2_aeabea4d071f415c8c107e1cb7af5424_assumedsuccess",
          "nodeType": "DialogChangeNode",
          "id": "e32eb4c4-d4ae-430d-83c5-284ff62b7a84"
        }
      ],
      "id": "new_topic_bfcba8b940514b07a011d971bb69637b",
      "displayName": "Dialog for What's the difference between a team and a channel?",
      "createdTime": "2021-01-13T22:20:51.2371466Z",
      "updatedTime": "2021-05-24T14:08:30.541051Z",
      "createdUserId": "f04d3cd9-b73d-4ba9-a1ed-9319eba29b21",
      "updatedUserId": "a2c4aa2c-d830-41eb-bcf4-467a2c7e1279"
    }
  ],
  "botMessages": [
    {
      "channelContent": {
        "web": {
          "contentFormat": "Markdown",
          "content": "Une **équipe** est un groupe de personnes rassemblées pour accomplir de grandes choses dans votre organisation. Parfois, il peut s'agir de toute votre organisation."
        }
      },
      "id": "857aa58f-d405-4c86-bd40-f3593713a371",
      "createdTime": "2021-01-13T22:20:51.2371466Z",
      "updatedTime": "2021-01-13T22:20:51.2371466Z",
      "createdUserId": "f04d3cd9-b73d-4ba9-a1ed-9319eba29b21",
      "updatedUserId": "f04d3cd9-b73d-4ba9-a1ed-9319eba29b21"
    },
    {
      "channelContent": {
        "web": {
          "contentFormat": "Markdown",
          "content": "Une **équipe se compose de canaux**, où vous collaborez et communiquez avec les membres de votre équipe. Chaque canal est dédié à un sujet, un département ou un projet spécifique."
        }
      },
      "id": "c96a5579-4b95-4826-8d67-2a48c06a4db1",
      "createdTime": "2021-01-27T20:46:42.395Z",
      "updatedTime": "2021-01-27T20:46:42.395Z",
      "createdUserId": "user-0",
      "updatedUserId": "user-0"
    },
    {
      "channelContent": {
        "web": {
          "contentFormat": "Markdown",
          "content": "**Par exemple**, une équipe peut avoir plusieurs canaux: général, marketing, brainstorming, et plus encore. Toutes les conversations, réunions, fichiers et applications du canal marketing ont à voir avec ce sujet, et tout ce qui est publié et partagé dans ce canal est visible par l'ensemble de votre équipe."
        }
      },
      "id": "6f4921d1-16c5-44de-813c-f532dac4a6a9",
      "createdTime": "2021-01-27T20:46:58.78Z",
      "updatedTime": "2021-01-27T20:46:58.78Z",
      "createdUserId": "user-0",
      "updatedUserId": "user-0"
    },
    {
      "channelContent": {
        "web": {
          "contentFormat": "Markdown",
          "content": "Les **canaux** sont les emplacements où le travail se fait réellement, où les conversations [textuelles](https://support.microsoft.com/fr-fr/office/envoyer-un-message-%c3%a0-un-canal-dans-teams-5c8131ce-eaad-4798-bc73-e33f4652a9c4?ui=fr-FR&rs=fr-FR&ad=FR), [audio et vidéo](https://support.microsoft.com/fr-fr/office/conseil-r%C3%A9union-de-canal-519ad2a0-9b74-49bb-97ee-0d4c4494a7c5) pour toute l’équipe ont lieu ouvertement, où les [fichiers sont partagés](https://support.microsoft.com/fr-fr/office/partager-des-fichiers-dans-teams-0c4d34ee-5dd8-46d5-ab35-0d227b5e6eb5), et où les [applications sont ajoutées](https://support.microsoft.com/fr-fr/office/ajouter-une-application-%c3%a0-microsoft-teams-b2217706-f7ed-4e64-8e96-c413afd02f77?ui=fr-FR&rs=fr-FR&ad=FR)."
        }
      },
      "id": "662ee488-871e-47a2-8fe5-4fe3f29fc5e9",
      "createdTime": "2021-01-27T20:47:16.708Z",
      "updatedTime": "2021-01-27T20:47:16.708Z",
      "createdUserId": "user-0",
      "updatedUserId": "user-0"
    },
    {
      "channelContent": {
        "web": {
          "contentFormat": "Markdown",
          "content": "Les **conversations dans les canaux** sont **visibles des membres de l'équipe**. Les **conversations** **privées** sont juste **entre vous et quelqu’un d’autre (ou un groupe de personnes)**. Pensez à ces dernières comme les messages instantanés dans Skype for Business ou d’autres applications de messagerie."
        }
      },
      "id": "70168e01-4c9a-44f0-b795-cda22e3673ba",
      "createdTime": "2021-01-27T20:48:31.126Z",
      "updatedTime": "2021-01-27T20:48:31.126Z",
      "createdUserId": "user-0",
      "updatedUserId": "user-0"
    }
  ],
  "createdUtc": "0001-01-01T00:00:00Z"
}