{
  "intents": [
    {
      "endUserOverrideName": "Samtale med eksterne brukere i Teams",
      "triggerQueries": [
        "Chatte med noen som ikke er i min Teams organisasjon",
        "Snakke uten å lage gjestebruker",
        "Chat med noen uten gjestetilltatelser",
        "Snakke med andre utenfor min Teams",
        "Skrive til brukere utenfor min organisasjon",
        "Ekstern kommunikasjon i Teams",
        "Kan jeg prate med eksterne brukere i Teams?",
        "Samtale med eksterne brukere i Teams"
      ],
      "dialogId": "new_topic_d9526d942ec44033959b6410ca7a827b",
      "isTriggeringEnabled": true,
      "id": "new_topic_d9526d942ec44033959b6410ca7a827b",
      "displayName": "Kan jeg prate med eksterne brukere i Teams?",
      "description": "",
      "createdTime": "2021-04-12T14:48:40.3167314Z",
      "updatedTime": "2021-04-19T15:04:23.331527Z",
      "createdUserId": "ef0c8b9a-eff1-49f8-92fa-fd1d3e15e1ba",
      "updatedUserId": "ef0c8b9a-eff1-49f8-92fa-fd1d3e15e1ba"
    }
  ],
  "dialogs": [
    {
      "rootNodeId": "0715c2a0-0325-4114-ac08-89635421c5ea",
      "messageNodes": [
        {
          "botMessageId": "e1f12f8f-78e8-4de4-b4c5-c337c03659f3",
          "nodeType": "BotMessageNode",
          "id": "0715c2a0-0325-4114-ac08-89635421c5ea",
          "defaultTargetNodeId": "f3ec423f-4d61-44b6-bfe5-ba4caeab073c"
        },
        {
          "botMessageId": "1f1c1bd0-8d12-4d07-ad1e-43e020b1c267",
          "nodeType": "BotMessageNode",
          "id": "f3ec423f-4d61-44b6-bfe5-ba4caeab073c",
          "defaultTargetNodeId": "cb345d1a-a43b-4245-aa40-6b73249ef741"
        },
        {
          "botMessageId": "5c042f54-87c8-4126-9633-78ffaa9b5a07",
          "nodeType": "BotMessageNode",
          "id": "cb345d1a-a43b-4245-aa40-6b73249ef741",
          "defaultTargetNodeId": "39825a8e-b9e9-42ad-9780-06dce5dd1374"
        }
      ],
      "dialogChangeNodes": [
        {
          "targetDialogId": "new_topic_89c49d37fd4c4c1c9144396960733ce1_aeabea4d071f415c8c107e1cb7af5424_assumedsuccess",
          "nodeType": "DialogChangeNode",
          "id": "39825a8e-b9e9-42ad-9780-06dce5dd1374"
        }
      ],
      "id": "new_topic_d9526d942ec44033959b6410ca7a827b",
      "displayName": "Dialog for Kan jeg prate med eksterne brukere i Teams?",
      "createdTime": "2021-04-12T14:48:40.3167314Z",
      "updatedTime": "2021-04-23T10:07:49.1315831Z",
      "createdUserId": "ef0c8b9a-eff1-49f8-92fa-fd1d3e15e1ba",
      "updatedUserId": "ef0c8b9a-eff1-49f8-92fa-fd1d3e15e1ba"
    }
  ],
  "botMessages": [
    {
      "channelContent": {
        "web": {
          "contentFormat": "Markdown",
          "content": "Dette er avhengig av hva slags regler organisasjonen din har [aktivert for ekstern kommunikasjon](https://docs.microsoft.com/en-us/microsoftteams/manage-external-access)."
        }
      },
      "id": "e1f12f8f-78e8-4de4-b4c5-c337c03659f3",
      "createdTime": "2021-04-12T14:48:40.3167314Z",
      "updatedTime": "2021-04-12T14:48:40.3167314Z",
      "createdUserId": "ef0c8b9a-eff1-49f8-92fa-fd1d3e15e1ba",
      "updatedUserId": "ef0c8b9a-eff1-49f8-92fa-fd1d3e15e1ba"
    },
    {
      "channelContent": {
        "web": {
          "contentFormat": "Markdown",
          "content": "En administrator bestemmer hvilke eksterne brukere man kan finne, ringe og chatte med gjennom **Microsoft Teams External Access** (også kjent som **Federation**).\n\nDet kan være ingen, kun bestemte organisasjoner/domener (for eksempel de som tilhører contoso.com) eller alle domener som bruker Teams."
        }
      },
      "id": "1f1c1bd0-8d12-4d07-ad1e-43e020b1c267",
      "createdTime": "2021-04-12T14:48:56.745Z",
      "updatedTime": "2021-04-12T14:48:56.745Z",
      "createdUserId": "user-0",
      "updatedUserId": "user-0"
    },
    {
      "channelContent": {
        "web": {
          "contentFormat": "Markdown",
          "content": "For å se om det er mulig å finne den eksterne personen du vil chatte med, kan du prøve å skrive inn **e-posten til personen i Teams søkefeltet**. Hvis personen dukker opp i resultatlisten, er det mulig å chatte med dem."
        }
      },
      "id": "5c042f54-87c8-4126-9633-78ffaa9b5a07",
      "createdTime": "2021-04-12T14:49:09.603Z",
      "updatedTime": "2021-04-12T14:49:09.603Z",
      "createdUserId": "user-0",
      "updatedUserId": "user-0"
    }
  ],
  "createdUtc": "0001-01-01T00:00:00Z"
}