{
  "intents": [
    {
      "endUserOverrideName": "Qui peut joindre un Live Event",
      "triggerQueries": [
        "Participer aux événenements en direct",
        "Qui peut rejoindre un live event?",
        "qui peut regarder un événement en direct?",
        "Qui peut participer à un événement en direct?",
        "les participants d'un événement en direct",
        "Qui peut participer aux événements en direct?",
        "Qui peut rejoindre un événement en direct?",
        "les participants d'un live event",
        "Qui peut rejoindre un live event?",
        "Qui peut participer aux événements en direct?",
        "qui peut regarder un live event?",
        "Qui peut rejoindre un événement en direct?",
        "Rejoindre un événement en direct avec Teams",
        "participer aux événements en direct"
      ],
      "dialogId": "new_topic_bcfde8f32fb24c138ea7493486abebd1",
      "isTriggeringEnabled": true,
      "id": "new_topic_bcfde8f32fb24c138ea7493486abebd1",
      "displayName": "Qui peut participer aux événements en direct?",
      "description": "",
      "createdTime": "2021-01-13T22:20:51.2381463Z",
      "updatedTime": "2021-05-24T09:27:49.8989237Z",
      "createdUserId": "f04d3cd9-b73d-4ba9-a1ed-9319eba29b21",
      "updatedUserId": "a2c4aa2c-d830-41eb-bcf4-467a2c7e1279"
    }
  ],
  "dialogs": [
    {
      "rootNodeId": "5601c6f9-e2c5-4b5f-b0b3-48bdea5b4458",
      "messageNodes": [
        {
          "botMessageId": "931f9e80-b52f-4835-b0a7-ee59f78975aa",
          "nodeType": "BotMessageNode",
          "id": "5601c6f9-e2c5-4b5f-b0b3-48bdea5b4458",
          "defaultTargetNodeId": "75e68b87-4de5-4e72-a36d-59bbdb8903d7"
        },
        {
          "botMessageId": "17ffac6a-6894-46c0-877f-13972a552d0f",
          "nodeType": "BotMessageNode",
          "id": "75e68b87-4de5-4e72-a36d-59bbdb8903d7",
          "defaultTargetNodeId": "2a900cf1-9d88-45f0-9d6e-c8e72be8945d"
        },
        {
          "botMessageId": "59cbde5a-1ce5-4d11-bd18-926d5ec8d212",
          "nodeType": "BotMessageNode",
          "id": "2a900cf1-9d88-45f0-9d6e-c8e72be8945d",
          "defaultTargetNodeId": "ab955391-2734-4e6e-988f-bba7c9651f01"
        }
      ],
      "dialogChangeNodes": [
        {
          "targetDialogId": "new_topic_eac3f49c99664313a9d9dc19d80a79a2_aeabea4d071f415c8c107e1cb7af5424_assumedsuccess",
          "nodeType": "DialogChangeNode",
          "id": "ab955391-2734-4e6e-988f-bba7c9651f01"
        }
      ],
      "id": "new_topic_bcfde8f32fb24c138ea7493486abebd1",
      "displayName": "Dialog for Who can participate in live events?",
      "createdTime": "2021-01-13T22:20:51.2381463Z",
      "updatedTime": "2021-05-24T13:44:43.6977148Z",
      "createdUserId": "f04d3cd9-b73d-4ba9-a1ed-9319eba29b21",
      "updatedUserId": "a2c4aa2c-d830-41eb-bcf4-467a2c7e1279"
    }
  ],
  "botMessages": [
    {
      "channelContent": {
        "web": {
          "contentFormat": "Markdown",
          "content": "**Evénements publics:**\n\nSi un événement est public, toute personne disposant du lien de connexion Live Event peut assister à l'événement en direct."
        }
      },
      "id": "931f9e80-b52f-4835-b0a7-ee59f78975aa",
      "createdTime": "2021-01-13T22:20:51.2381463Z",
      "updatedTime": "2021-01-13T22:20:51.2381463Z",
      "createdUserId": "f04d3cd9-b73d-4ba9-a1ed-9319eba29b21",
      "updatedUserId": "f04d3cd9-b73d-4ba9-a1ed-9319eba29b21"
    },
    {
      "channelContent": {
        "web": {
          "contentFormat": "Markdown",
          "content": "**Evénements privés:**\n\nSi la participation est limitée à votre organisation ou à un groupe de personnes spécifiques, les participants devront s'authentifier pour rejoindre l'événement. Si l'événement est produit à l'extérieur, ils auront besoin d'une licence qui inclut Microsoft Stream."
        }
      },
      "id": "17ffac6a-6894-46c0-877f-13972a552d0f",
      "createdTime": "2021-01-26T21:23:23.928Z",
      "updatedTime": "2021-01-26T21:23:23.928Z",
      "createdUserId": "user-0",
      "updatedUserId": "user-0"
    },
    {
      "channelContent": {
        "web": {
          "contentFormat": "Markdown",
          "content": "Pour plus de détails, [voir Prise en main des événements en direct](https://support.microsoft.com/fr-fr/office/prise-en-main-des-%c3%a9v%c3%a9nements-en-direct-microsoft-teams-d077fec2-a058-483e-9ab5-1494afda578a?ui=fr-FR&rs=fr-FR&ad=FR)"
        }
      },
      "id": "59cbde5a-1ce5-4d11-bd18-926d5ec8d212",
      "createdTime": "2021-01-26T21:23:40.654Z",
      "updatedTime": "2021-01-26T21:23:40.654Z",
      "createdUserId": "user-0",
      "updatedUserId": "user-0"
    }
  ]
}