{
  "intents": [
    {
      "endUserOverrideName": "復原已刪除的頻道",
      "triggerQueries": [
        "我能找回一個舊頻道嗎？",
        "我的一個頻道不見了",
        "我的團隊被刪除了",
        "恢復我被刪除的團隊",
        "復原已刪除的頻道",
        "復原已刪除的團隊",
        "我可以復原已刪除的團隊嗎？",
        "如何復原已刪除的團隊？",
        "我舊的團隊被刪除了",
        "恢復已刪除的團隊",
        "恢復已刪除的頻道",
        "我不小心刪除了一個頻道",
        "重新開啟已刪除的團隊",
        "重新開啟已刪除的頻道",
        "復原已刪除的團隊",
        "我可以恢復已刪除的團隊或頻道嗎？",
        "回復刪除頻道",
        "重設刪除團隊",
        "重設刪除頻道",
        "不小心刪除頻道",
        "怎麼找回頻道",
        "可以復原刪除頻道嗎",
        "找回頻道",
        "找回已刪除的頻道",
        "找回團隊",
        "找回已刪除的團隊",
        "復原已廚的團隊",
        "團隊不見",
        "團隊被刪除",
        "頻道不見",
        "復原舊頻道",
        "Can I get back an old channel?",
        "One of my channels is gone",
        "my team has been deleted!",
        "recover my deleted team",
        "recover a deleted channel",
        "recovering deleted channel",
        "Recovering deleted team",
        "Can I get back a deleted team?",
        "How do I get my deleted team back?",
        "My old team was erased",
        "Restore deleted team",
        "Restore deleted channel",
        "I accidentally deleted a channel",
        "reset deleted team",
        "reset deleted channel",
        "undoing deleted channels",
        "undoing deleted team",
        "Can I restore a deleted team or channel?"
      ],
      "dialogId": "new_topic_a3ca7ad9b0fe41c0aa2c7fdce6918596",
      "isTriggeringEnabled": true,
      "id": "new_topic_a3ca7ad9b0fe41c0aa2c7fdce6918596",
      "displayName": "可以復原已刪除的頻道嗎?",
      "description": "https://adoptbotv2kb.blob.core.windows.net/%24web/AdoptBot2021-English.docx",
      "createdTime": "2021-11-17T07:57:49.0344217Z",
      "updatedTime": "2021-11-19T16:22:00.9334225Z",
      "createdUserId": "9c968d43-f7c2-4e28-895c-1f6bcefcd8be",
      "updatedUserId": "9c968d43-f7c2-4e28-895c-1f6bcefcd8be"
    }
  ],
  "dialogs": [
    {
      "rootNodeId": "cdc4f33d-f9fd-4a06-87ea-029522229a2e",
      "messageNodes": [
        {
          "botMessageId": "93fbe60f-06af-45f8-b647-5634d12949b5",
          "nodeType": "BotMessageNode",
          "id": "cdc4f33d-f9fd-4a06-87ea-029522229a2e",
          "defaultTargetNodeId": "5401ae0a-7909-4dce-b269-c4739c8ebf54"
        },
        {
          "botMessageId": "06bff220-dfbd-48fa-8397-fa9b753523d1",
          "nodeType": "BotMessageNode",
          "id": "5401ae0a-7909-4dce-b269-c4739c8ebf54",
          "defaultTargetNodeId": "96505df0-5e8d-4caf-ab7b-de376401e2fe"
        }
      ],
      "dialogChangeNodes": [
        {
          "targetDialogId": "new_topic_e2d1671328b941dbb60fa7150059b1ee_aeabea4d071f415c8c107e1cb7af5424_assumedsuccess",
          "nodeType": "DialogChangeNode",
          "id": "96505df0-5e8d-4caf-ab7b-de376401e2fe"
        }
      ],
      "id": "new_topic_a3ca7ad9b0fe41c0aa2c7fdce6918596",
      "displayName": "Dialog for 可以復原已刪除的頻道嗎?",
      "createdTime": "2021-11-17T07:57:49.0344217Z",
      "updatedTime": "2021-11-17T07:58:20.9562895Z",
      "createdUserId": "9c968d43-f7c2-4e28-895c-1f6bcefcd8be",
      "updatedUserId": "9c968d43-f7c2-4e28-895c-1f6bcefcd8be"
    }
  ],
  "botMessages": [
    {
      "channelContent": {
        "web": {
          "contentFormat": "Markdown",
          "content": "若您要**復原一個已刪除的團隊**，請聯繫IT 專業人員的ㄒ專業人員的協助。若您的技術人員有需求，您可以分享[此貼文](https://www.thewindowsclub.com/how-to-restore-deleted-teams-and-channels-in-microsoft-teams)。"
        }
      },
      "id": "93fbe60f-06af-45f8-b647-5634d12949b5",
      "createdTime": "2021-11-17T07:57:49.0344217Z",
      "updatedTime": "2021-11-17T07:57:49.0344217Z",
      "createdUserId": "9c968d43-f7c2-4e28-895c-1f6bcefcd8be",
      "updatedUserId": "9c968d43-f7c2-4e28-895c-1f6bcefcd8be"
    },
    {
      "channelContent": {
        "web": {
          "contentFormat": "Markdown",
          "content": "**復原已刪除的頻道**，步驟如下:\n\n1.  找到團隊名稱並選擇 **更多選限(...)**\n2.  選擇 **管理團隊**\n3.  找到頻道列表並找到 **已刪除**\n4.  點選 **復原**，所有的聊天紀錄，檔案，索引標籤將會被復原。"
        }
      },
      "id": "06bff220-dfbd-48fa-8397-fa9b753523d1",
      "createdTime": "2021-11-17T07:58:03.829Z",
      "updatedTime": "2021-11-17T07:58:03.829Z",
      "createdUserId": "user-0",
      "updatedUserId": "user-0"
    }
  ]
}