{
  "intents": [
    {
      "endUserOverrideName": "Gjestetillatelse for kanaler",
      "triggerQueries": [
        "gjestetilgangen",
        "gjestetillatelser",
        "Tillatelser for gjestebrukere",
        "Hvem kan bestemme innstillinger for gjestebrukere?",
        "Gjestefunksjoner",
        "Angi tillatelser for gjester i kanaler",
        "Hvordan angir jeg gjestetillatelse for kanaler i Teams?"
      ],
      "dialogId": "new_topic_e1c29fc168f94409a31ddab83ce2a726",
      "isTriggeringEnabled": true,
      "id": "new_topic_e1c29fc168f94409a31ddab83ce2a726",
      "displayName": "Hvordan angir jeg gjestetillatelse for kanaler i Teams?",
      "description": "https://norwegianteams.blob.core.windows.net/norwegian-container/TIMA QA P19.docx",
      "createdTime": "2021-03-24T20:09:21.5452642Z",
      "updatedTime": "2021-04-15T14:01:35.6573646Z",
      "createdUserId": "ef0c8b9a-eff1-49f8-92fa-fd1d3e15e1ba",
      "updatedUserId": "ef0c8b9a-eff1-49f8-92fa-fd1d3e15e1ba"
    }
  ],
  "dialogs": [
    {
      "rootNodeId": "44280435-4451-4af2-b388-f773cb2dab38",
      "messageNodes": [
        {
          "botMessageId": "f6d96187-9698-4ca2-a2d7-7b671f895cb5",
          "nodeType": "BotMessageNode",
          "id": "44280435-4451-4af2-b388-f773cb2dab38",
          "defaultTargetNodeId": "f9efebe7-d86b-46e3-956f-bc4b882e3ec1"
        },
        {
          "botMessageId": "3b36a05b-e62b-4e90-a206-86a39dbce0ac",
          "nodeType": "BotMessageNode",
          "id": "f9efebe7-d86b-46e3-956f-bc4b882e3ec1",
          "defaultTargetNodeId": "906a759a-2169-47c5-975b-54f4a08a09f9"
        }
      ],
      "dialogChangeNodes": [
        {
          "targetDialogId": "new_topic_89c49d37fd4c4c1c9144396960733ce1_aeabea4d071f415c8c107e1cb7af5424_assumedsuccess",
          "nodeType": "DialogChangeNode",
          "id": "906a759a-2169-47c5-975b-54f4a08a09f9"
        }
      ],
      "id": "new_topic_e1c29fc168f94409a31ddab83ce2a726",
      "displayName": "Dialog for Hvordan angir jeg gjestetillatelse for kanaler i Teams?",
      "createdTime": "2021-03-24T20:09:21.5452642Z",
      "updatedTime": "2021-03-26T12:13:12.5979643Z",
      "createdUserId": "ef0c8b9a-eff1-49f8-92fa-fd1d3e15e1ba",
      "updatedUserId": "ef0c8b9a-eff1-49f8-92fa-fd1d3e15e1ba"
    }
  ],
  "botMessages": [
    {
      "channelContent": {
        "web": {
          "contentFormat": "Markdown",
          "content": "Teameiere kan bestemme hva gjestebrukere kan og ikke kan gjøre. Hvis du vil ha mer informasjon, kan du se [gjestefunksjoner i Teams](https://support.microsoft.com/nb-no/office/teameier-medlem-og-gjestefunksjoner-i-teams-d03fdf5b-1a6e-48e4-8e07-b13e1350ec7b)."
        }
      },
      "id": "f6d96187-9698-4ca2-a2d7-7b671f895cb5",
      "createdTime": "2021-03-24T20:09:21.5452642Z",
      "updatedTime": "2021-03-24T20:09:21.5452642Z",
      "createdUserId": "ef0c8b9a-eff1-49f8-92fa-fd1d3e15e1ba",
      "updatedUserId": "ef0c8b9a-eff1-49f8-92fa-fd1d3e15e1ba"
    },
    {
      "channelContent": {
        "web": {
          "contentFormat": "Markdown",
          "content": "Slik angir du gjestetillatelser for kanaler i Teams:\n\n1.  Velg **Team**\\-knappen på venstre side av appen.\n2.  Gå til teamnavnet, og velg **Flere alternativer…** > **Administrer team**.\n3.  Velg **innstillinger** > **gjestetillatelser**. Merk av eller fjern merket for tillatelsene du vil bruke. Du kan for øyeblikket gi gjester tillatelse til å opprette, oppdatere eller slette kanaler."
        }
      },
      "id": "3b36a05b-e62b-4e90-a206-86a39dbce0ac",
      "createdTime": "2021-03-26T12:12:43.225Z",
      "updatedTime": "2021-03-26T12:12:43.225Z",
      "createdUserId": "user-0",
      "updatedUserId": "user-0"
    }
  ],
  "createdUtc": "0001-01-01T00:00:00Z"
}