{
  "intents": [
    {
      "endUserOverrideName": "從 Skype for Business 轉換到 Teams",
      "triggerQueries": [
        "我用的是Skype for Business",
        "從Skype到Teams",
        "我之前是用Skype",
        "Skype怎麼了",
        "從Skype for Business到Teams",
        "從Skype for Business換到Teams",
        "哪裡比Skype好",
        "Skype與Teams的不同",
        "Skype與Teams哪裡不一樣",
        "為何轉換到Teams",
        "我不想從Skype更換到Teams",
        "我想要繼續使用Skype",
        "我原先使用商務版的Skype",
        "從 Skype for Business 轉換到到 Teams",
        "I'm used to s4b",
        "From Skype to Teams",
        "From skype for business to Teams",
        "I'm used to skype",
        "What happens to skype?",
        "Skype for Business to Teams",
        "Switch from sfb to teams",
        "What's better with teams compared to skype Teams",
        "differences skype vs Teams",
        "Differences skype and teams",
        "Why switch to Teams?",
        "I do not want to switch from skype",
        "I want to keep skype for business",
        "I'm switching from Skype for Business?"
      ],
      "dialogId": "new_topic_b78cedeca952425fbbe9e6d0413459af",
      "isTriggeringEnabled": true,
      "id": "new_topic_b78cedeca952425fbbe9e6d0413459af",
      "displayName": "從 Skype for Business 到 Teams",
      "description": "https://adoptbotv2kb.blob.core.windows.net/%24web/AdoptBot2021-English.docx",
      "createdTime": "2021-11-17T05:07:45.4868134Z",
      "updatedTime": "2021-11-17T05:08:13.9874383Z",
      "createdUserId": "9c968d43-f7c2-4e28-895c-1f6bcefcd8be",
      "updatedUserId": "9c968d43-f7c2-4e28-895c-1f6bcefcd8be"
    }
  ],
  "dialogs": [
    {
      "rootNodeId": "ddd7e3b7-49c5-497a-b0d1-f8cf79b9afe4",
      "messageNodes": [
        {
          "botMessageId": "97d95304-301e-4e12-a475-b6ca44319c07",
          "nodeType": "BotMessageNode",
          "id": "ddd7e3b7-49c5-497a-b0d1-f8cf79b9afe4",
          "defaultTargetNodeId": "f099814a-fdde-4466-8c50-9e26b7c1e79b"
        },
        {
          "botMessageId": "02b2e0f7-fd7a-437c-8f1d-08f6f2ea34d5",
          "nodeType": "BotMessageNode",
          "id": "f099814a-fdde-4466-8c50-9e26b7c1e79b",
          "defaultTargetNodeId": "86f6a777-733c-43bb-b450-50a18238a2dc"
        },
        {
          "botMessageId": "2c90ec09-446e-4166-8344-2baffb076fad",
          "nodeType": "BotMessageNode",
          "id": "86f6a777-733c-43bb-b450-50a18238a2dc",
          "defaultTargetNodeId": "32fd0452-30db-43b7-905e-e1b2a4ed67a4"
        }
      ],
      "dialogChangeNodes": [
        {
          "targetDialogId": "new_topic_e2d1671328b941dbb60fa7150059b1ee_aeabea4d071f415c8c107e1cb7af5424_assumedsuccess",
          "nodeType": "DialogChangeNode",
          "id": "32fd0452-30db-43b7-905e-e1b2a4ed67a4"
        }
      ],
      "id": "new_topic_b78cedeca952425fbbe9e6d0413459af",
      "displayName": "Dialog for 從 Skype for Business 到 Teams",
      "createdTime": "2021-11-17T05:07:45.4868134Z",
      "updatedTime": "2021-11-17T05:08:13.9874383Z",
      "createdUserId": "9c968d43-f7c2-4e28-895c-1f6bcefcd8be",
      "updatedUserId": "9c968d43-f7c2-4e28-895c-1f6bcefcd8be"
    }
  ],
  "botMessages": [
    {
      "channelContent": {
        "web": {
          "contentFormat": "Markdown",
          "content": "當你**從商業版 Skype 切換到 Teams** 時， 您會發現很多熟悉的功能， 再加上一些新的東西， 我們希望您會喜歡！"
        }
      },
      "id": "97d95304-301e-4e12-a475-b6ca44319c07",
      "createdTime": "2021-11-17T05:07:45.4868134Z",
      "updatedTime": "2021-11-17T05:07:45.4868134Z",
      "createdUserId": "9c968d43-f7c2-4e28-895c-1f6bcefcd8be",
      "updatedUserId": "9c968d43-f7c2-4e28-895c-1f6bcefcd8be"
    },
    {
      "channelContent": {
        "web": {
          "contentFormat": "Markdown",
          "content": "**Teams 還提供：**\n\n*   專案、對話、檔案和會議全都在[團隊和頻道](https://support.microsoft.com/zh-tw/office/%E6%9C%89%E9%97%9C%E5%9C%98%E9%9A%8A%E5%92%8C%E9%A0%BB%E9%81%93%E7%9A%84%E9%A6%96%E8%A6%81%E9%A0%88%E7%9F%A5-5e4fd702-85f5-48d7-ae14-98821a1f90d3)\n*   [整合 Office 應用程式](https://support.microsoft.com/zh-tw/office/%E9%97%9C%E6%96%BC-microsoft-teams-%E4%B8%AD%E6%87%89%E7%94%A8%E7%A8%8B%E5%BC%8F%E7%9A%84%E4%BA%94%E9%A0%85%E8%B3%87%E8%A8%8A-747492ee-7cdd-4115-a993-8c7e7f98a3d0)\n*   客製化的[應用程式和聊天機器人](https://support.microsoft.com/zh-tw/office/%E9%97%9C%E6%96%BC-microsoft-teams-%E4%B8%AD%E6%87%89%E7%94%A8%E7%A8%8B%E5%BC%8F%E7%9A%84%E4%BA%94%E9%A0%85%E8%B3%87%E8%A8%8A-747492ee-7cdd-4115-a993-8c7e7f98a3d0)（像我🙂）\n*   使用 @ [引起別人的注意](https://support.microsoft.com/zh-tw/office/%E5%9C%A8-teams-%E4%B8%AD%E4%BD%BF%E7%94%A8-%E6%8F%90%E5%8F%8A%E7%8D%B2%E5%BE%97%E6%9F%90%E4%BA%BA%E7%9A%84%E6%B3%A8%E6%84%8F-eb4f059d-320e-454e-b111-03361d4d6855)"
        }
      },
      "id": "02b2e0f7-fd7a-437c-8f1d-08f6f2ea34d5",
      "createdTime": "2021-11-17T05:08:00.29Z",
      "updatedTime": "2021-11-17T05:08:00.29Z",
      "createdUserId": "user-0",
      "updatedUserId": "user-0"
    },
    {
      "channelContent": {
        "web": {
          "contentFormat": "Markdown",
          "content": "如果您發現這些說明很有幫助，這裡有一份完整的指南，從[商務版 Skype 轉換到 Teams](https://support.microsoft.com/zh-tw/office/%E5%BE%9E%E5%95%86%E5%8B%99%E7%94%A8-skype-%E5%88%87%E6%8F%9B%E5%88%B0-teams-6295a0ae-4e8e-4bba-a100-64cc951cc964)。"
        }
      },
      "id": "2c90ec09-446e-4166-8344-2baffb076fad",
      "createdTime": "2021-11-17T05:08:04.819Z",
      "updatedTime": "2021-11-17T05:08:04.819Z",
      "createdUserId": "user-0",
      "updatedUserId": "user-0"
    }
  ]
}