{
  "intents": [
    {
      "endUserOverrideName": "Aggiungere più proprietari a un Team",
      "triggerQueries": [
        "Un Team può avere più di un proprietario?",
        "Aggiungere più proprietari di Team",
        "cambiare un membro a un proprietario",
        "si può cambiare un membro per renderlo proprietario?",
        "Come posso aggiungere altri proprietari di team?",
        "Voglio aggiungere un proprietario di Team?",
        "Aggiungere un altro proprietario di Team",
        "Crea un nuovo proprietario di Team",
        "Come posso aggiungere altri proprietari del team?"
      ],
      "dialogId": "new_topic_404f49d40b9d4412bf2677a9191bd5a2",
      "isTriggeringEnabled": true,
      "id": "new_topic_404f49d40b9d4412bf2677a9191bd5a2",
      "displayName": "Come posso aggiungere altri Proprietari del team?",
      "createdTime": "2022-04-26T22:35:41.9140097Z",
      "updatedTime": "2022-04-26T22:35:41.9140097Z",
      "createdUserId": "9451fc51-e00d-4445-8ff9-efb70866dc3b",
      "updatedUserId": "9451fc51-e00d-4445-8ff9-efb70866dc3b"
    }
  ],
  "dialogs": [
    {
      "rootNodeId": "b4da057f-75fe-4fa6-a2cd-32aeed3bda58",
      "messageNodes": [
        {
          "botMessageId": "4377a989-1822-4854-aa3d-425e10dccc41",
          "nodeType": "BotMessageNode",
          "id": "b4da057f-75fe-4fa6-a2cd-32aeed3bda58",
          "defaultTargetNodeId": "0e5d14d8-6b76-4140-9693-41e15dc08559"
        },
        {
          "botMessageId": "cb5e3a26-716c-4e0a-a8ee-8916263e58b2",
          "nodeType": "BotMessageNode",
          "id": "0e5d14d8-6b76-4140-9693-41e15dc08559",
          "defaultTargetNodeId": "8d8bd39b-30d9-41c0-bdfd-e68705c86162"
        }
      ],
      "dialogChangeNodes": [
        {
          "targetDialogId": "new_topic_f98a24608ee04cb998de3e3e32703d5b_aeabea4d071f415c8c107e1cb7af5424_assumedsuccess",
          "nodeType": "DialogChangeNode",
          "id": "8d8bd39b-30d9-41c0-bdfd-e68705c86162"
        }
      ],
      "id": "new_topic_404f49d40b9d4412bf2677a9191bd5a2",
      "displayName": "Senza titolo",
      "createdTime": "2022-04-26T22:35:41.9140097Z",
      "updatedTime": "2022-04-26T22:35:41.9140097Z",
      "createdUserId": "9451fc51-e00d-4445-8ff9-efb70866dc3b",
      "updatedUserId": "9451fc51-e00d-4445-8ff9-efb70866dc3b"
    }
  ],
  "botMessages": [
    {
      "channelContent": {
        "web": {
          "contentFormat": "Markdown",
          "content": "[Rendere qualcuno proprietario del Team](https://support.microsoft.com/it-it/office/assegnare-il-ruolo-di-proprietario-del-team-09eb80c1-9f3b-4f6c-b6c0-45555d46ee2a)\n\n1.  Trova il team che hai creato, Seleziona **Altre opzioni** (...) > **Gestisci team**.\n2.  Apri la scheda **Membri**.\n3.  Trova le persone che desideri designare come proprietari del team.\n4.  Nella colonna **Ruolo** fare clic e selezionare **Proprietario**."
        }
      },
      "id": "4377a989-1822-4854-aa3d-425e10dccc41",
      "createdTime": "2022-04-26T22:21:27.537Z",
      "updatedTime": "2022-04-26T22:21:27.537Z"
    },
    {
      "channelContent": {
        "web": {
          "contentFormat": "Markdown",
          "content": "💡**Suggerimento**: Assicurati di avere almeno due proprietari per Team. Questo assicura un contatto di backup nel caso in cui uno dei proprietari non sia disponibile."
        }
      },
      "id": "cb5e3a26-716c-4e0a-a8ee-8916263e58b2",
      "createdTime": "2022-04-26T22:34:03.781Z",
      "updatedTime": "2022-04-26T22:34:03.781Z",
      "createdUserId": "user-0",
      "updatedUserId": "user-0"
    }
  ]
}