{
  "intents": [
    {
      "triggerQueries": [
        "bli mer produktiv",
        "produktivitettips",
        "riktig bruk av teams",
        "Hva skal jeg gjøre for å bruke teams riktig?",
        "har du noen generelle tips du kan dele med meg?",
        "bli god i teams",
        "hvordan kan jeg bli flinkere til å bruke Teams?",
        "Teams er så vanskelig",
        "bli produktiv i Teams",
        "Hvordan bruker jeg Teams?",
        "Jeg skjønner meg ikke på Teams",
        "Teams er så dårlig",
        "bli superbruker",
        "Hvordan bli flinkere til Teams"
      ],
      "dialogId": "new_topic_172b84a84589422d8a9081d69feb4d41",
      "isTriggeringEnabled": true,
      "id": "new_topic_172b84a84589422d8a9081d69feb4d41",
      "displayName": "Tips og triks i Teams",
      "description": "",
      "createdTime": "2021-04-16T10:51:22.2283192Z",
      "updatedTime": "2021-04-16T16:41:18.3904541Z",
      "createdUserId": "ef0c8b9a-eff1-49f8-92fa-fd1d3e15e1ba",
      "updatedUserId": "ef0c8b9a-eff1-49f8-92fa-fd1d3e15e1ba"
    }
  ],
  "dialogs": [
    {
      "rootNodeId": "0d6ccad1-107a-414e-bf39-be9c802a6f95",
      "messageNodes": [
        {
          "botMessageId": "3d6045f8-19c7-4a39-b1bc-abf2e33a05c1",
          "nodeType": "BotMessageNode",
          "id": "0d6ccad1-107a-414e-bf39-be9c802a6f95",
          "defaultTargetNodeId": "aa1fd36d-1e84-4c94-9531-124ac3c83329"
        },
        {
          "botMessageId": "40c3c069-f61c-4817-93d8-683916c27c37",
          "nodeType": "BotMessageNode",
          "id": "ec312c7d-3144-4987-b95b-c016875e2fca",
          "defaultTargetNodeId": "a63a72eb-a061-4125-be1e-6ba0dada172e"
        },
        {
          "botMessageId": "1556fdff-7309-4aec-8183-0233230565f6",
          "nodeType": "BotMessageNode",
          "id": "e6b6d28b-25d9-4701-808a-6ad3d760a865",
          "defaultTargetNodeId": "ec312c7d-3144-4987-b95b-c016875e2fca"
        },
        {
          "botMessageId": "64461e4d-7bf4-4a81-b87a-6ffb40a4b968",
          "nodeType": "BotMessageNode",
          "id": "aa1fd36d-1e84-4c94-9531-124ac3c83329",
          "defaultTargetNodeId": "e6b6d28b-25d9-4701-808a-6ad3d760a865"
        }
      ],
      "dialogChangeNodes": [
        {
          "targetDialogId": "new_topic_89c49d37fd4c4c1c9144396960733ce1_aeabea4d071f415c8c107e1cb7af5424_assumedsuccess",
          "nodeType": "DialogChangeNode",
          "id": "a63a72eb-a061-4125-be1e-6ba0dada172e"
        }
      ],
      "id": "new_topic_172b84a84589422d8a9081d69feb4d41",
      "displayName": "Dialog for Tips og triks i Teams",
      "createdTime": "2021-04-16T10:51:22.2283192Z",
      "updatedTime": "2021-04-23T09:51:59.8478917Z",
      "createdUserId": "ef0c8b9a-eff1-49f8-92fa-fd1d3e15e1ba",
      "updatedUserId": "ef0c8b9a-eff1-49f8-92fa-fd1d3e15e1ba"
    }
  ],
  "botMessages": [
    {
      "channelContent": {
        "web": {
          "contentFormat": "Markdown",
          "content": "Enten du skal være produktiv, holde kontakten eller bare ha det gøy, har Teams mange triks og snarveier som kan hjelpe deg med å oppnå mer. 😃"
        }
      },
      "id": "3d6045f8-19c7-4a39-b1bc-abf2e33a05c1",
      "createdTime": "2021-04-16T10:51:22.2283192Z",
      "updatedTime": "2021-04-16T10:51:22.2283192Z",
      "createdUserId": "ef0c8b9a-eff1-49f8-92fa-fd1d3e15e1ba",
      "updatedUserId": "ef0c8b9a-eff1-49f8-92fa-fd1d3e15e1ba"
    },
    {
      "channelContent": {
        "web": {
          "contentFormat": "Markdown",
          "content": "Du kan også spørre meg om **Tips for bedre Teams-møter 🤓**"
        }
      },
      "id": "40c3c069-f61c-4817-93d8-683916c27c37",
      "createdTime": "2021-04-16T10:52:03.768Z",
      "updatedTime": "2021-04-16T10:52:03.768Z",
      "createdUserId": "user-0",
      "updatedUserId": "user-0"
    },
    {
      "channelContent": {
        "web": {
          "contentFormat": "Markdown",
          "content": "**Produktivitetstips:**\n\n*   Bruk [hurtigtaster](https://support.microsoft.com/nb-no/office/hurtigtaster-for-microsoft-teams-2e8e2a70-e8d8-4a19-949b-4c36dd5292d2?ui=nb-NO&rs=nb-NO&ad=NO) for å gjøre det raskere å navigere. Trykk på **CTRL + punktum (.)** på tastaturet ditt for å se en oversikt!\n*   **Har du mange møter**? Huske å sette av tid i kalenderen din for selvstendig arbeid. 💪\n*   Trenger du å fokusere på noe? Sett statusen din til **Ikke forstyrr.**\n*   **Får du for mange notifikasjoner?** [Det er mulig å tilpasse varslene](https://support.microsoft.com/nb-no/office/administrere-varslinger-i-teams-1cc31834-5fe5-412b-8edb-43fecc78413d).\n*   Det finnes mange kule **apper i Teams**! Prøv f.eks [**Planner**](https://support.microsoft.com/nb-no/office/bruke-planner-i-microsoft-teams-62798a9f-e8f7-4722-a700-27dd28a06ee0) for å lage gjøremålslister (_\\*tilgjengelig for enkelte Microsoft 365 lisenser_)."
        }
      },
      "id": "1556fdff-7309-4aec-8183-0233230565f6",
      "createdTime": "2021-04-16T10:52:48.378Z",
      "updatedTime": "2021-04-16T10:52:48.378Z",
      "createdUserId": "user-0",
      "updatedUserId": "user-0"
    },
    {
      "channelContent": {
        "web": {
          "contentFormat": "Markdown",
          "content": "**Generelle tips:**\n\n*   Fest dine **mest brukte chatter og teams-grupper** på toppen av listen så det er lett å finne dem igjen!\n*   Du kan åpne flere chatter samtidig på Windows. Høyreklikk på chatten du ønsker å åpne og [trykk på **pop up chat**](https://support.microsoft.com/nb-no/office/ta-en-prat-i-teams-cff95cb0-34af-423f-8f69-fe9106973790).\n*   Bruk **@omtale** funksjonen når du vil sende notifikasjon til en person eller Teams-kanal når du poster noe.\n*   For små og kortsiktige prosjekter kan det være nok med å opprette en gruppechat for å samarbeide. Om man skal jobbe med større prosjekter over tid, så kan det være lurt å lage en Teams-gruppe for prosjektet slik at man kan holde styr på alt som blir diskutert og delt.\n*   Når du skal ta kontakt med noen på chat, **prøv å unngå å sende meldinger som kun består av \"hei\" eller \"jeg har et spørsmål\".** Skriv heller en lengre melding _som starter med \"hei\" og inkluderer det du ønsker å si._ Da slipper mottakeren å vente på at du skal skrive ferdig...😴"
        }
      },
      "id": "64461e4d-7bf4-4a81-b87a-6ffb40a4b968",
      "createdTime": "2021-04-16T12:17:07.808Z",
      "updatedTime": "2021-04-16T12:17:07.808Z",
      "createdUserId": "user-0",
      "updatedUserId": "user-0"
    }
  ],
  "createdUtc": "0001-01-01T00:00:00Z"
}