{
  "intents": [
    {
      "endUserOverrideName": "怎麼取得OneNote",
      "triggerQueries": [
        "I have Office, but I don't see OneNote?",
        "Which OneNote should I use?",
        "different OneNotes, which applies?",
        "I can't find OneNote",
        "OneNote for windows 10",
        "How do I get OneNote?",
        "How can I get OneNote?",
        "找不到OneNote",
        "找OneNote",
        "OneNote",
        "我有 Office 但沒有 OneNote",
        "我要使用哪個 OneNote",
        "哪個 OneNote 適用？",
        "找不到 OneNote",
        "Windows 10的OneNote",
        "我要怎麼獲得OneNote？",
        "我要怎麼取得OneNote"
      ],
      "dialogId": "new_topic_1c2852131116497bbdaf412245e990d5",
      "isTriggeringEnabled": true,
      "id": "new_topic_1c2852131116497bbdaf412245e990d5",
      "displayName": "怎麼取得OneNote",
      "description": "https://adoptbotv2kb.blob.core.windows.net/%24web/AdoptBot2021-English.docx",
      "createdTime": "2021-11-17T13:56:59.1265829Z",
      "updatedTime": "2021-11-18T17:33:20.6599711Z",
      "createdUserId": "9c968d43-f7c2-4e28-895c-1f6bcefcd8be",
      "updatedUserId": "9c968d43-f7c2-4e28-895c-1f6bcefcd8be"
    }
  ],
  "dialogs": [
    {
      "rootNodeId": "80a49c02-b02c-4be5-a27d-e5cf0a363c39",
      "messageNodes": [
        {
          "botMessageId": "af195a12-71fc-4efa-a8eb-bc1fbc9dfc1b",
          "nodeType": "BotMessageNode",
          "id": "80a49c02-b02c-4be5-a27d-e5cf0a363c39",
          "defaultTargetNodeId": "7fb89492-8fd2-437d-8fe9-bda7425c2762"
        }
      ],
      "dialogChangeNodes": [
        {
          "targetDialogId": "new_topic_e2d1671328b941dbb60fa7150059b1ee_aeabea4d071f415c8c107e1cb7af5424_assumedsuccess",
          "nodeType": "DialogChangeNode",
          "id": "7fb89492-8fd2-437d-8fe9-bda7425c2762"
        }
      ],
      "id": "new_topic_1c2852131116497bbdaf412245e990d5",
      "displayName": "Dialog for 怎麼取得OneNote",
      "createdTime": "2021-11-17T13:56:59.1265829Z",
      "updatedTime": "2021-11-18T17:33:20.6599711Z",
      "createdUserId": "9c968d43-f7c2-4e28-895c-1f6bcefcd8be",
      "updatedUserId": "9c968d43-f7c2-4e28-895c-1f6bcefcd8be"
    }
  ],
  "botMessages": [
    {
      "channelContent": {
        "web": {
          "contentFormat": "Markdown",
          "content": "請參考此份文件, 每個裝置都有[相對應的OneNote](https://support.microsoft.com/zh-tw/office/what-s-the-difference-between-the-onenote-versions-a624e692-b78b-4c09-b07f-46181958118f)."
        }
      },
      "id": "af195a12-71fc-4efa-a8eb-bc1fbc9dfc1b",
      "createdTime": "2021-11-17T13:56:59.1265829Z",
      "updatedTime": "2021-11-17T13:56:59.1265829Z",
      "createdUserId": "9c968d43-f7c2-4e28-895c-1f6bcefcd8be",
      "updatedUserId": "9c968d43-f7c2-4e28-895c-1f6bcefcd8be"
    }
  ]
}