{
  "intents": [
    {
      "triggerQueries": [
        "Jak to działa, jeśli ktoś wymieni moje imię i nazwisko w usłudze Teams?",
        "Co to znaczy być @wzmiankowanym?",
        "@wzmiankowanie kogoś",
        "Dlaczego warto skorzystać ze @wzmiankowania?",
        "Co się stanie, gdy ktoś @ wspomni o mnie?",
        "Co się stanie, gdy wymienię kogoś z imienia i nazwiska w usłudze Teams?",
        "Czy jest możliwe, żeby zwrócić uwagę konkretnego użytkownika w danym kanale?"
      ],
      "dialogId": "new_topic_615b3c0713b24b25a86d2d117b486992",
      "isTriggeringEnabled": true,
      "id": "new_topic_615b3c0713b24b25a86d2d117b486992",
      "displayName": "Czy jest możliwe, żeby zwrócić uwagę konkretnego użytkownika w danym kanale?",
      "description": "",
      "createdTime": "2021-09-27T05:41:22.2844338Z",
      "updatedTime": "2021-10-18T11:10:02.6246703Z",
      "createdUserId": "28fac8cb-bec7-48c9-a688-5024cf318b8a",
      "updatedUserId": "28fac8cb-bec7-48c9-a688-5024cf318b8a"
    }
  ],
  "dialogs": [
    {
      "rootNodeId": "06c51414-8a88-4be2-84d5-418d6bb1b724",
      "messageNodes": [
        {
          "botMessageId": "e1d3a64f-65bd-4d34-84b8-69a713bd7d18",
          "nodeType": "BotMessageNode",
          "id": "06c51414-8a88-4be2-84d5-418d6bb1b724",
          "defaultTargetNodeId": "c4b5a3a3-03af-4fea-952e-73ef739439c6"
        },
        {
          "botMessageId": "023a32fa-9b98-4d92-a7e8-eef20be5d7be",
          "nodeType": "BotMessageNode",
          "id": "28d4b296-a197-46f6-975f-8368001eeff7",
          "defaultTargetNodeId": "5e692a05-7966-4e38-8095-797e690e0a84"
        },
        {
          "botMessageId": "c6c469e0-37d5-4bb3-ad41-a6ce6f8d4697",
          "nodeType": "BotMessageNode",
          "id": "c4b5a3a3-03af-4fea-952e-73ef739439c6",
          "defaultTargetNodeId": "28d4b296-a197-46f6-975f-8368001eeff7"
        }
      ],
      "dialogChangeNodes": [
        {
          "targetDialogId": "new_topic_d4ee79ce05584b519ee7d416fda7e2a3_aeabea4d071f415c8c107e1cb7af5424_assumedsuccess",
          "nodeType": "DialogChangeNode",
          "id": "5e692a05-7966-4e38-8095-797e690e0a84"
        }
      ],
      "id": "new_topic_615b3c0713b24b25a86d2d117b486992",
      "displayName": "Dialog for Czy jest możliwe, żeby zwrócić uwagę konkretnego użytkownika w danym kanale?",
      "createdTime": "2021-09-27T05:41:22.2844338Z",
      "updatedTime": "2021-10-18T11:06:50.6157349Z",
      "createdUserId": "28fac8cb-bec7-48c9-a688-5024cf318b8a",
      "updatedUserId": "28fac8cb-bec7-48c9-a688-5024cf318b8a"
    }
  ],
  "botMessages": [
    {
      "channelContent": {
        "web": {
          "contentFormat": "Markdown",
          "content": "Aby przyciągnąć czyjąś uwagę podczas rozmowy w kanale lub na czacie, [@wzmiankuj tę osobę](https://support.microsoft.com/pl-pl/office/przyci%C4%85ganie-uwagi-za-pomoc%C4%85-wzmianek-w-aplikacji-teams-eb4f059d-320e-454e-b111-03361d4d6855)."
        }
      },
      "id": "e1d3a64f-65bd-4d34-84b8-69a713bd7d18",
      "createdTime": "2021-09-27T05:41:22.2844338Z",
      "updatedTime": "2021-09-27T05:41:22.2844338Z",
      "createdUserId": "28fac8cb-bec7-48c9-a688-5024cf318b8a",
      "updatedUserId": "28fac8cb-bec7-48c9-a688-5024cf318b8a"
    },
    {
      "channelContent": {
        "web": {
          "contentFormat": "Markdown",
          "content": "**Wskazówka:**\n\nMożesz również wspomnieć o kimś, wpisując jego imię i alias. Zacznij od wpisywania imienia, a podczas dalszego pisania zostanie wyświetlona osoba lub lista pasujących osób.  Wybierz osobę, którą chcesz @wzmiankować."
        }
      },
      "id": "023a32fa-9b98-4d92-a7e8-eef20be5d7be",
      "createdTime": "2021-09-27T05:41:54.23Z",
      "updatedTime": "2021-09-27T05:41:54.23Z",
      "createdUserId": "user-0",
      "updatedUserId": "user-0"
    },
    {
      "channelContent": {
        "web": {
          "contentFormat": "Markdown",
          "content": "Wystarczy wpisać @ potem nazwisko i wybrać je z listy, która się pojawi. Za pomocą @wzmiankowania nazwy kanału w konwersacji, każdy członek zespołu otrzymuje alert. Typ powiadomienia zależy od ustawień każdej osoby."
        }
      },
      "id": "c6c469e0-37d5-4bb3-ad41-a6ce6f8d4697",
      "createdTime": "2021-10-18T11:05:22.831Z",
      "updatedTime": "2021-10-18T11:05:22.831Z",
      "createdUserId": "user-0",
      "updatedUserId": "user-0"
    }
  ]
}