{
  "intents": [
    {
      "endUserOverrideName": "公告（好看的貼文）",
      "triggerQueries": [
        "更好的頻道貼文標題？",
        "將圖片添加到頻道貼文的標題中",
        "在Teams中發佈公告",
        "設計公告",
        "我該如何發佈公告",
        "創建具有背景的新對話。",
        "如何在貼文中添加背景？",
        "貼文中的照片背景",
        "訊息上的照片標題",
        "訊息的圖像背景",
        "我見過有圖像背景的貼文， 我怎樣才能製作它們呢？",
        "製作好看的貼文",
        "怎麼製作好看的貼文",
        "在貼文中加入圖片",
        "視覺化的貼文",
        "如何在標題中發佈圖片",
        "製作具有背景的貼文",
        "如何製作漂亮的貼文？",
        "加入圖表",
        "好看的貼文",
        "照片背景",
        "發公告",
        "怎麼做公告",
        "新增公告",
        "新增照片到貼文",
        "更好的標題",
        "Better titles for channel posts?",
        "Add picture to a channel post title?",
        "Make announcements in Teams",
        "design an announcement",
        "how do I make an announcement",
        "create new conversation with a background.",
        "how do I add a background to a post?",
        "photo background in posts",
        "photo title on messages",
        "image background for a message",
        "I've seen posts with image backgrounds, how can I make them?",
        "create great looking posts",
        "How do I make great looking posts?",
        "add graphics to post",
        "Visual posts",
        "How do I post with pictures in the title",
        "Create posts with background",
        "Posts with wallpaper?",
        "How do I make beautiful posts?"
      ],
      "dialogId": "new_topic_9bbe9977b7524566a9b84f42da9dfe0d",
      "isTriggeringEnabled": true,
      "id": "new_topic_9bbe9977b7524566a9b84f42da9dfe0d",
      "displayName": "怎麼製作好看的貼文",
      "description": "https://adoptbotv2kb.blob.core.windows.net/%24web/AdoptBot2021-English.docx",
      "createdTime": "2021-11-17T03:19:20.4712099Z",
      "updatedTime": "2021-11-22T09:35:50.3486953Z",
      "createdUserId": "9c968d43-f7c2-4e28-895c-1f6bcefcd8be",
      "updatedUserId": "9c968d43-f7c2-4e28-895c-1f6bcefcd8be"
    }
  ],
  "dialogs": [
    {
      "rootNodeId": "a7598203-9a84-49ba-bde9-6ec50adfa3ac",
      "messageNodes": [
        {
          "botMessageId": "514b2b39-3ef8-4771-8324-e5c0a52dc3ab",
          "nodeType": "BotMessageNode",
          "id": "a7598203-9a84-49ba-bde9-6ec50adfa3ac",
          "defaultTargetNodeId": "6f9778ce-b321-4f47-a33d-520019a87b10"
        },
        {
          "botMessageId": "c0884962-1842-41af-baaf-82ee608054f4",
          "nodeType": "BotMessageNode",
          "id": "4dc9e57d-56f8-4762-9d8a-8538d43c6f6b",
          "defaultTargetNodeId": "1d4afbd1-27fe-4c08-b1bb-f75ac4fa6da6"
        },
        {
          "botMessageId": "cf8157c1-28a1-4710-a52a-f2c483d444e8",
          "nodeType": "BotMessageNode",
          "id": "1d4afbd1-27fe-4c08-b1bb-f75ac4fa6da6",
          "defaultTargetNodeId": "1be09d5d-3d0b-42f7-8cc5-b71d66fae17a"
        },
        {
          "botMessageId": "c262d59b-f4ab-4dfe-9768-71eeec95ce03",
          "nodeType": "BotMessageNode",
          "id": "6f9778ce-b321-4f47-a33d-520019a87b10",
          "defaultTargetNodeId": "4dc9e57d-56f8-4762-9d8a-8538d43c6f6b"
        }
      ],
      "dialogChangeNodes": [
        {
          "targetDialogId": "new_topic_e2d1671328b941dbb60fa7150059b1ee_aeabea4d071f415c8c107e1cb7af5424_assumedsuccess",
          "nodeType": "DialogChangeNode",
          "id": "1be09d5d-3d0b-42f7-8cc5-b71d66fae17a"
        }
      ],
      "id": "new_topic_9bbe9977b7524566a9b84f42da9dfe0d",
      "displayName": "Dialog for 怎麼製作好看的貼文",
      "createdTime": "2021-11-17T03:19:20.4712099Z",
      "updatedTime": "2021-11-22T09:35:50.3486953Z",
      "createdUserId": "9c968d43-f7c2-4e28-895c-1f6bcefcd8be",
      "updatedUserId": "9c968d43-f7c2-4e28-895c-1f6bcefcd8be"
    }
  ],
  "botMessages": [
    {
      "channelContent": {
        "web": {
          "contentFormat": "Markdown",
          "content": "您可以新增照片、表情符號🙂、動態圖片、貼圖到貼文中。\n\n你也可以製作一個標題來突顥你的文章。"
        }
      },
      "id": "514b2b39-3ef8-4771-8324-e5c0a52dc3ab",
      "createdTime": "2021-11-17T03:19:20.4712099Z",
      "updatedTime": "2021-11-17T03:19:20.4712099Z",
      "createdUserId": "9c968d43-f7c2-4e28-895c-1f6bcefcd8be",
      "updatedUserId": "9c968d43-f7c2-4e28-895c-1f6bcefcd8be"
    },
    {
      "channelContent": {
        "web": {
          "contentFormat": "Markdown",
          "content": "製作公告的方法如下，選取格式設定功能，點選新增，並選擇為公告。\n\n[傳送公告到頻道](https://support.microsoft.com/zh-tw/office/%E5%82%B3%E9%80%81%E5%85%AC%E5%91%8A%E5%88%B0%E9%A0%BB%E9%81%93-8f244ea6-235a-4dcc-9143-9c5b801b4992)\n\n[將訊息張貼到多個頻道](https://support.microsoft.com/zh-tw/office/%E5%B0%87%E8%A8%8A%E6%81%AF%E5%BC%B5%E8%B2%BC%E5%88%B0%E5%A4%9A%E5%80%8B%E9%A0%BB%E9%81%93-2cdaa17e-d548-46e7-907d-4e50b7e8f8b9)"
        }
      },
      "id": "c0884962-1842-41af-baaf-82ee608054f4",
      "createdTime": "2021-11-17T03:19:43.124Z",
      "updatedTime": "2021-11-17T03:19:43.124Z",
      "createdUserId": "user-0",
      "updatedUserId": "user-0"
    },
    {
      "channelContent": {
        "web": {
          "contentFormat": "Markdown",
          "content": "💡 **提醒:** 您也可以為公告新增背景圖片喔。"
        }
      },
      "id": "cf8157c1-28a1-4710-a52a-f2c483d444e8",
      "createdTime": "2021-11-17T03:19:47.776Z",
      "updatedTime": "2021-11-17T03:19:47.776Z",
      "createdUserId": "user-0",
      "updatedUserId": "user-0"
    },
    {
      "channelContent": {
        "web": {
          "contentFormat": "Markdown",
          "content": "但有個更好、更容易讓人注意到你的頻道貼，那就是 **公告**"
        }
      },
      "id": "c262d59b-f4ab-4dfe-9768-71eeec95ce03",
      "createdTime": "2021-11-22T09:28:30.615Z",
      "updatedTime": "2021-11-22T09:28:30.615Z",
      "createdUserId": "user-0",
      "updatedUserId": "user-0"
    }
  ]
}