{
  "intents": [
    {
      "triggerQueries": [
        "data przydatności do użycia dla zespołów, które nie są używane",
        "Jak usunąć zespoły, które nie są już używane?",
        "Usuwanie nieaktywnych zespołów po pewnym czasie",
        "posprzątaj nieużywane zespoły",
        "usuwanie nieaktywnych zespołów",
        "automatyczne usuwanie starych zespołów",
        "Czyszczenie nieaktywnych zespołów",
        "Czy zespół Teams może zostać automatycznie usunięty, gdy jest nieaktywny przez określoną liczbę dni lub miesięcy?",
        "automatyczne czyszczenie nieużywanych zespołów",
        "Czy nieaktywne zespoły mogą być usuwane automatycznie?"
      ],
      "dialogId": "new_topic_3da49e038a5841b2af6153ab3d65ead4",
      "isTriggeringEnabled": true,
      "id": "new_topic_3da49e038a5841b2af6153ab3d65ead4",
      "displayName": "Czy nieaktywne zespoły mogą być usuwane automatycznie?",
      "description": "",
      "createdTime": "2021-09-27T10:23:19.8530359Z",
      "updatedTime": "2021-10-11T12:27:25.3216282Z",
      "createdUserId": "28fac8cb-bec7-48c9-a688-5024cf318b8a",
      "updatedUserId": "28fac8cb-bec7-48c9-a688-5024cf318b8a"
    }
  ],
  "dialogs": [
    {
      "rootNodeId": "13af0a3b-a350-4bba-8b5d-bc203e3d95cf",
      "messageNodes": [
        {
          "botMessageId": "f236ac56-f7dc-4bf0-aafa-8fda83292355",
          "nodeType": "BotMessageNode",
          "id": "13af0a3b-a350-4bba-8b5d-bc203e3d95cf",
          "defaultTargetNodeId": "f2d9d53e-68b5-48ae-85ec-b73181c28b24"
        },
        {
          "botMessageId": "6e0b6958-793e-465c-a0b8-dfde4769ed68",
          "nodeType": "BotMessageNode",
          "id": "f2d9d53e-68b5-48ae-85ec-b73181c28b24",
          "defaultTargetNodeId": "6e9013cf-3a5d-46a7-8e21-58b55c7fc8d8"
        }
      ],
      "dialogChangeNodes": [
        {
          "targetDialogId": "new_topic_d4ee79ce05584b519ee7d416fda7e2a3_aeabea4d071f415c8c107e1cb7af5424_assumedsuccess",
          "nodeType": "DialogChangeNode",
          "id": "6e9013cf-3a5d-46a7-8e21-58b55c7fc8d8"
        }
      ],
      "id": "new_topic_3da49e038a5841b2af6153ab3d65ead4",
      "displayName": "Dialog for Czy nieaktywne zespoły mogą być usuwane automatycznie?",
      "createdTime": "2021-09-27T10:23:19.8530359Z",
      "updatedTime": "2021-10-11T12:28:11.954773Z",
      "createdUserId": "28fac8cb-bec7-48c9-a688-5024cf318b8a",
      "updatedUserId": "28fac8cb-bec7-48c9-a688-5024cf318b8a"
    }
  ],
  "botMessages": [
    {
      "channelContent": {
        "web": {
          "contentFormat": "Markdown",
          "content": "Automatyczne usuwanie nieaktywnych zespołów można skonfigurować za pomocą zasad wygasania zespołów. Jest to świetny sposób, aby oczyścić nieaktywne zespoły, które nie są w użyciu i usuwa bałagan."
        }
      },
      "id": "f236ac56-f7dc-4bf0-aafa-8fda83292355",
      "createdTime": "2021-09-27T10:23:19.8530359Z",
      "updatedTime": "2021-09-27T10:23:19.8530359Z",
      "createdUserId": "28fac8cb-bec7-48c9-a688-5024cf318b8a",
      "updatedUserId": "28fac8cb-bec7-48c9-a688-5024cf318b8a"
    },
    {
      "channelContent": {
        "web": {
          "contentFormat": "Markdown",
          "content": "Zobacz ten [artykuł o Wygasaniu i Odnawianiu zespołów w Teams](https://docs.microsoft.com/en-us/microsoftteams/team-expiration-renewal)"
        }
      },
      "id": "6e0b6958-793e-465c-a0b8-dfde4769ed68",
      "createdTime": "2021-10-11T12:27:55.816Z",
      "updatedTime": "2021-10-11T12:27:55.816Z",
      "createdUserId": "user-0",
      "updatedUserId": "user-0"
    }
  ]
}