<botcomponent schemaname="new_topic_e2d1671328b941dbb60fa7150059b1ee_21a34f1673a24096a99ba0effb63cc1d">
  <componenttype>0</componenttype>
  <description>第 2 課 - 本課程將指導您如何使用一個條件分支和一個變數，建立一個簡單主題。

變數是項目的名稱，此項目會在稍後的主題流程中使用。在此範例中，「pva_StoreLocation」是當您詢問使用者其偏好的商店位置時，變數的名稱。</description>
  <iscustomizable>1</iscustomizable>
  <name>第 2 課 - 附帶條件和變數的簡單主題</name>
  <statecode>0</statecode>
  <statuscode>1</statuscode>
</botcomponent>