{
  "intents": [
    {
      "endUserOverrideName": "Öffnen der Datei in Teams auf meinem Telefon",
      "triggerQueries": [
        "Wie öffne ich eine Datei von Teams auf meinem Telefon?",
        "Teamdateien von meinem Android öffnen?",
        "Dateien von Teams auf meinem iPhone öffnen?",
        "Mobile App für Teams und Dateien",
        "können Sie Dateien in der mobilen Teams-App öffnen?",
        "Teams-App zum Öffnen von Dateien",
        "Kann ich Dateien auf meinem Telefon öffnen?",
        "Wie öffne ich eine Datei auf meinem Telefon?",
        "Wie kann ich eine Datei von Teams auf meinem Telefon öffnen?"
      ],
      "dialogId": "new_topic_d5b8bd0db7b94f2ba72f57d6070c1564",
      "isTriggeringEnabled": true,
      "id": "new_topic_d5b8bd0db7b94f2ba72f57d6070c1564",
      "displayName": "Wie öffne ich eine Datei von Teams auf meinem Telefon?",
      "description": "",
      "createdTime": "2021-04-19T07:23:10.9993996Z",
      "updatedTime": "2021-04-19T07:23:10.9993996Z",
      "createdUserId": "d4c65e50-fb5c-4311-830a-05b59a11dd48"
    }
  ],
  "dialogs": [
    {
      "rootNodeId": "546cda9d-1167-406c-a135-9c6c47f61465",
      "messageNodes": [
        {
          "botMessageId": "653e26f8-8b7b-42a3-9dca-ea10950dc79e",
          "nodeType": "BotMessageNode",
          "id": "546cda9d-1167-406c-a135-9c6c47f61465",
          "defaultTargetNodeId": "89b61057-6df4-4756-bfe2-ef3137b1a196"
        },
        {
          "botMessageId": "11aed3ca-467e-41f9-8821-b927b629c753",
          "nodeType": "BotMessageNode",
          "id": "89b61057-6df4-4756-bfe2-ef3137b1a196",
          "defaultTargetNodeId": "165ff143-2dd9-48ce-bf48-8600edff6419"
        }
      ],
      "dialogChangeNodes": [
        {
          "targetDialogId": "new_topic_30867099f4b543d3b8543a85c22c3418_aeabea4d071f415c8c107e1cb7af5424_assumedsuccess",
          "nodeType": "DialogChangeNode",
          "id": "165ff143-2dd9-48ce-bf48-8600edff6419"
        }
      ],
      "id": "new_topic_d5b8bd0db7b94f2ba72f57d6070c1564",
      "displayName": "Dialog for Wie öffne ich eine Datei von Teams auf meinem Telefon?",
      "createdTime": "2021-04-19T07:23:10.9993996Z",
      "updatedTime": "2021-04-19T07:24:58.4004203Z",
      "createdUserId": "d4c65e50-fb5c-4311-830a-05b59a11dd48",
      "updatedUserId": "d4c65e50-fb5c-4311-830a-05b59a11dd48"
    }
  ],
  "botMessages": [
    {
      "channelContent": {
        "web": {
          "contentFormat": "Markdown",
          "content": "Teams ist ein geeigneter Ort, um Dateien von Ihrem Telefon zu verwalten."
        }
      },
      "id": "653e26f8-8b7b-42a3-9dca-ea10950dc79e",
      "createdTime": "2021-04-19T07:23:10.9993996Z",
      "updatedTime": "2021-04-19T07:23:10.9993996Z",
      "createdUserId": "d4c65e50-fb5c-4311-830a-05b59a11dd48",
      "updatedUserId": "d4c65e50-fb5c-4311-830a-05b59a11dd48"
    },
    {
      "channelContent": {
        "web": {
          "contentFormat": "Markdown",
          "content": "Wenn Sie in eine Kanaldatei in Ihrer mobilen Teams-App wechseln, haben Sie die Möglichkeit, sie zu öffnen oder eine Kopie an jemanden zu senden."
        }
      },
      "id": "11aed3ca-467e-41f9-8821-b927b629c753",
      "createdTime": "2021-04-19T07:23:18.147Z",
      "updatedTime": "2021-04-19T07:23:18.147Z",
      "createdUserId": "user-0",
      "updatedUserId": "user-0"
    }
  ],
  "createdUtc": "0001-01-01T00:00:00Z"
}