{
  "intents": [
    {
      "intentType": "Regular",
      "endUserOverrideName": "Starta gruppchatt?",
      "triggerQueries": [
        "Lägg till personer i en chatt",
        "hur fixar jag en gruppchatt",
        "Starta gruppchatt?",
        "gemensam chatt utan ett team",
        "skapa privat chattgrupp",
        "skapa en chattgrupp",
        "starta chattgrupp",
        "starta gruppchatt"
      ],
      "dialogId": "new_topic_eb344c0516374f138dbbd2361bd8f779",
      "isTriggeringEnabled": true,
      "id": "new_topic_eb344c0516374f138dbbd2361bd8f779",
      "displayName": "Hur startar jag en gruppchatt?",
      "description": "",
      "createdTime": "2020-11-24T14:37:53.8220925Z",
      "updatedTime": "2020-12-11T15:39:02.5790106Z",
      "createdUserId": "f04d3cd9-b73d-4ba9-a1ed-9319eba29b21",
      "updatedUserId": "f04d3cd9-b73d-4ba9-a1ed-9319eba29b21"
    }
  ],
  "dialogs": [
    {
      "rootNodeId": "a55fd5fe-afab-476d-b20c-84d38e4b00a3",
      "messageNodes": [
        {
          "botMessageId": "c6b695be-f8ba-47d3-bea8-033ca9b75932",
          "nodeType": "BotMessageNode",
          "id": "a55fd5fe-afab-476d-b20c-84d38e4b00a3",
          "defaultTargetNodeId": "d7e7300d-f534-423a-9d73-ca04e3f198ad"
        },
        {
          "botMessageId": "bc642788-deb1-4965-9b27-23d4249241c5",
          "nodeType": "BotMessageNode",
          "id": "d7e7300d-f534-423a-9d73-ca04e3f198ad",
          "defaultTargetNodeId": "0148ffea-c7f8-4a2a-9e09-bd534880ee79"
        },
        {
          "botMessageId": "15eb2dff-a6ca-4d62-b29a-7fb5b8fc600f",
          "nodeType": "BotMessageNode",
          "id": "0148ffea-c7f8-4a2a-9e09-bd534880ee79",
          "defaultTargetNodeId": "c77163fc-a1de-45dd-adfa-1e6caef70ca2"
        }
      ],
      "dialogChangeNodes": [
        {
          "targetDialogId": "new_topic_84ec227c19784e7ba25cb34f4638f91e_aeabea4d071f415c8c107e1cb7af5424_assumedsuccess",
          "nodeType": "DialogChangeNode",
          "id": "c77163fc-a1de-45dd-adfa-1e6caef70ca2"
        }
      ],
      "id": "new_topic_eb344c0516374f138dbbd2361bd8f779",
      "displayName": "Dialog for Hur startar jag en privat chatt?",
      "createdTime": "2020-11-24T14:37:53.8220925Z",
      "updatedTime": "2020-12-11T15:46:28.6974542Z",
      "createdUserId": "f04d3cd9-b73d-4ba9-a1ed-9319eba29b21",
      "updatedUserId": "f04d3cd9-b73d-4ba9-a1ed-9319eba29b21"
    }
  ],
  "botMessages": [
    {
      "channelContent": {
        "web": {
          "contentFormat": "Markdown",
          "content": "Om du vill skicka ett privat meddelande klickar du först på **Ny** chatt högst upp i appen för att starta en ny konversation. Skriv namnet på den eller de personer som du vill chatta med i fältet **Till**. Komponera ditt meddelande och klicka på **Skicka.**"
        }
      },
      "id": "c6b695be-f8ba-47d3-bea8-033ca9b75932",
      "createdTime": "2020-11-24T14:37:53.8220925Z",
      "updatedTime": "2020-11-24T14:37:53.8220925Z",
      "createdUserId": "f04d3cd9-b73d-4ba9-a1ed-9319eba29b21",
      "updatedUserId": "f04d3cd9-b73d-4ba9-a1ed-9319eba29b21"
    },
    {
      "channelContent": {
        "web": {
          "contentFormat": "Markdown",
          "content": "Om du vill lägga till någon i en chatt som redan pågår:   \nKlicka bara på **Lägg till personer.**\n\nEn **gruppchatt** skapas då automatiskt\n\nDu väljer om den nya personen ska kunna se hela, delar av eller inget utav historiken i chatten."
        }
      },
      "id": "bc642788-deb1-4965-9b27-23d4249241c5",
      "createdTime": "2020-11-30T13:18:37.34Z",
      "updatedTime": "2020-11-30T13:18:37.34Z",
      "createdUserId": "user-0",
      "updatedUserId": "user-0"
    },
    {
      "channelContent": {
        "web": {
          "contentFormat": "Markdown",
          "content": "💡Komihåg att namnge er gruppchatt. Då blir det lättare att hitta tillbaka samt förstå vad man pratar om."
        }
      },
      "id": "15eb2dff-a6ca-4d62-b29a-7fb5b8fc600f",
      "createdTime": "2020-11-30T13:20:51.746Z",
      "updatedTime": "2020-11-30T13:20:51.746Z",
      "createdUserId": "user-0",
      "updatedUserId": "user-0"
    }
  ]
}