{
  "intents": [
    {
      "triggerQueries": [
        "øke nettverk i Teams",
        "eget VPN i teams",
        "nettverk i teams"
      ],
      "dialogId": "new_topic_f535aa4b14db4d04bd37e5bac024f390",
      "isTriggeringEnabled": true,
      "id": "new_topic_f535aa4b14db4d04bd37e5bac024f390",
      "displayName": "Optimalisere nettverket for Microsoft Teams",
      "description": "",
      "createdTime": "2021-04-19T23:03:53.090834Z",
      "updatedTime": "2021-04-19T23:03:53.090834Z",
      "createdUserId": "ef0c8b9a-eff1-49f8-92fa-fd1d3e15e1ba"
    }
  ],
  "dialogs": [
    {
      "rootNodeId": "fc51ff91-8bf9-4f99-9c66-14471020646e",
      "messageNodes": [
        {
          "botMessageId": "9a29d291-bcf9-4d30-bf67-addd8778831f",
          "nodeType": "BotMessageNode",
          "id": "fc51ff91-8bf9-4f99-9c66-14471020646e",
          "defaultTargetNodeId": "dbe35d7c-edac-4954-8d7d-f12f91169d07"
        }
      ],
      "dialogChangeNodes": [
        {
          "targetDialogId": "new_topic_89c49d37fd4c4c1c9144396960733ce1_aeabea4d071f415c8c107e1cb7af5424_assumedsuccess",
          "nodeType": "DialogChangeNode",
          "id": "dbe35d7c-edac-4954-8d7d-f12f91169d07"
        }
      ],
      "id": "new_topic_f535aa4b14db4d04bd37e5bac024f390",
      "displayName": "Dialog for Optimalisere nettverket for Microsoft Teams",
      "createdTime": "2021-04-19T23:03:53.090834Z",
      "updatedTime": "2021-04-19T23:09:12.2391972Z",
      "createdUserId": "ef0c8b9a-eff1-49f8-92fa-fd1d3e15e1ba",
      "updatedUserId": "ef0c8b9a-eff1-49f8-92fa-fd1d3e15e1ba"
    }
  ],
  "botMessages": [
    {
      "channelContent": {
        "web": {
          "contentFormat": "Markdown",
          "content": "**For administratorer:**\n\n*   Følg [denne veiledningen for å forberede og optimalisere organisasjonens nettverk](https://docs.microsoft.com/nb-no/microsoftteams/prepare-network).\n*   Dette [kurset på 23 minutter fra Micrsoft Learn anbefales også](https://docs.microsoft.com/en-us/learn/modules/m365-teams-rooms-optimize-network/)"
        }
      },
      "id": "9a29d291-bcf9-4d30-bf67-addd8778831f",
      "createdTime": "2021-04-19T23:03:53.090834Z",
      "updatedTime": "2021-04-19T23:03:53.090834Z",
      "createdUserId": "ef0c8b9a-eff1-49f8-92fa-fd1d3e15e1ba",
      "updatedUserId": "ef0c8b9a-eff1-49f8-92fa-fd1d3e15e1ba"
    }
  ],
  "createdUtc": "0001-01-01T00:00:00Z"
}