{
  "intents": [
    {
      "endUserOverrideName": "Créer un Live Event",
      "triggerQueries": [
        "Qui peut faire des événements en direct?",
        "Qui peut faire des live event?",
        "Est-ce que tout le monde peut créer des Live Event dans Teams?",
        "Est-ce que tout le monde peut créer des Live Event?",
        "Est-ce que tout le monde peut créer des événements en direct dans Teams?",
        "Comment créer un événement en direct?",
        "Comment créer un Live Event?"
      ],
      "dialogId": "new_topic_b96c5caf4c4e41518e43f90df74fcad2",
      "isTriggeringEnabled": true,
      "id": "new_topic_b96c5caf4c4e41518e43f90df74fcad2",
      "displayName": "Comment créer un Live Event?",
      "description": "",
      "createdTime": "2021-01-13T22:20:51.2381463Z",
      "updatedTime": "2021-05-24T10:24:12.4126648Z",
      "createdUserId": "f04d3cd9-b73d-4ba9-a1ed-9319eba29b21",
      "updatedUserId": "a2c4aa2c-d830-41eb-bcf4-467a2c7e1279"
    }
  ],
  "dialogs": [
    {
      "rootNodeId": "c1fac7e2-44d7-417b-8d73-78437ec23c1f",
      "messageNodes": [
        {
          "botMessageId": "5fa0c578-cd35-42a3-95d6-6c999cb4ac9f",
          "nodeType": "BotMessageNode",
          "id": "c1fac7e2-44d7-417b-8d73-78437ec23c1f",
          "defaultTargetNodeId": "d55342c7-eaa6-4f3e-bcfe-e264d9c40109"
        }
      ],
      "dialogChangeNodes": [
        {
          "targetDialogId": "new_topic_eac3f49c99664313a9d9dc19d80a79a2_aeabea4d071f415c8c107e1cb7af5424_assumedsuccess",
          "nodeType": "DialogChangeNode",
          "id": "d55342c7-eaa6-4f3e-bcfe-e264d9c40109"
        }
      ],
      "id": "new_topic_b96c5caf4c4e41518e43f90df74fcad2",
      "displayName": "Dialog for Who can create live events?",
      "createdTime": "2021-01-13T22:20:51.2381463Z",
      "updatedTime": "2021-05-24T10:25:04.3751435Z",
      "createdUserId": "f04d3cd9-b73d-4ba9-a1ed-9319eba29b21",
      "updatedUserId": "a2c4aa2c-d830-41eb-bcf4-467a2c7e1279"
    }
  ],
  "botMessages": [
    {
      "channelContent": {
        "web": {
          "contentFormat": "Markdown",
          "content": "Pour plus d'information :\n\n[Qui peut rejoindre, créer et planifier des événements en direct dans Teams?](https://docs.microsoft.com/fr-fr/microsoftteams/teams-live-events/plan-for-teams-live-events#who-can-attend-create-and-schedule-live-events)  \nPour cérer un événement en direct, l'utilisateur a besoin d'avoir:\n\n*   Une licence Microsoft/Office 365 Enterprise E3/A3, ou E5/A5 license.\n*   _Contactez votre adminsitrateur informatique pour plus d'informations._"
        }
      },
      "id": "5fa0c578-cd35-42a3-95d6-6c999cb4ac9f",
      "createdTime": "2021-01-13T22:20:51.2381463Z",
      "updatedTime": "2021-01-13T22:20:51.2381463Z",
      "createdUserId": "f04d3cd9-b73d-4ba9-a1ed-9319eba29b21",
      "updatedUserId": "f04d3cd9-b73d-4ba9-a1ed-9319eba29b21"
    }
  ]
}