{
  "intents": [
    {
      "triggerQueries": [
        "Hvordan kan man dele en lenke til et møteopptak med andre",
        "Kopier en kobling for å dele opptak med andre",
        "Deling av kobling til et møteopptak",
        "Deling av møteopptak fra SharePoint",
        "Deling av møteopptak fra OneDrive",
        "Kan jeg dele opptaket med eksterne eller gjester?",
        "Hvordan deler jeg opptaket med andre?",
        "Del lenken til opptaket med andre",
        "Del med andre en lenke til et møteopptak"
      ],
      "dialogId": "new_topic_5eb17dfccf134ee88574c9425713265d",
      "isTriggeringEnabled": true,
      "id": "new_topic_5eb17dfccf134ee88574c9425713265d",
      "displayName": "Del med andre en lenke til et møteopptak",
      "description": "",
      "createdTime": "2021-04-10T08:07:19.6788365Z",
      "updatedTime": "2021-04-14T18:49:32.9092271Z",
      "createdUserId": "ef0c8b9a-eff1-49f8-92fa-fd1d3e15e1ba",
      "updatedUserId": "ef0c8b9a-eff1-49f8-92fa-fd1d3e15e1ba"
    }
  ],
  "dialogs": [
    {
      "rootNodeId": "4bf4b413-62d2-4a34-a50a-a663ff3ebc15",
      "messageNodes": [
        {
          "botMessageId": "173b582c-e4bf-4ead-90b9-df8a90331edb",
          "nodeType": "BotMessageNode",
          "id": "4bf4b413-62d2-4a34-a50a-a663ff3ebc15",
          "defaultTargetNodeId": "54f31fd0-20b4-4b5d-90e1-3267190ce873"
        },
        {
          "botMessageId": "62cb9110-6da5-48f4-a308-ed0332ef01c0",
          "nodeType": "BotMessageNode",
          "id": "54f31fd0-20b4-4b5d-90e1-3267190ce873",
          "defaultTargetNodeId": "582ef943-6863-42db-9408-bc53d22d8dc3"
        },
        {
          "botMessageId": "146bd28e-a1b1-4550-b98d-72994e5c75a2",
          "nodeType": "BotMessageNode",
          "id": "582ef943-6863-42db-9408-bc53d22d8dc3",
          "defaultTargetNodeId": "e7bd97c3-fb9f-4e16-aa34-34fb5c724604"
        }
      ],
      "dialogChangeNodes": [
        {
          "targetDialogId": "new_topic_89c49d37fd4c4c1c9144396960733ce1_aeabea4d071f415c8c107e1cb7af5424_assumedsuccess",
          "nodeType": "DialogChangeNode",
          "id": "e7bd97c3-fb9f-4e16-aa34-34fb5c724604"
        }
      ],
      "id": "new_topic_5eb17dfccf134ee88574c9425713265d",
      "displayName": "Dialog for Del med andre en lenke til et møteopptak",
      "createdTime": "2021-04-10T08:07:19.6788365Z",
      "updatedTime": "2021-04-10T08:07:48.7783323Z",
      "createdUserId": "ef0c8b9a-eff1-49f8-92fa-fd1d3e15e1ba",
      "updatedUserId": "ef0c8b9a-eff1-49f8-92fa-fd1d3e15e1ba"
    }
  ],
  "botMessages": [
    {
      "channelContent": {
        "web": {
          "contentFormat": "Markdown",
          "content": "Du kan dele opptaket med personer som ikke er invitert til møtet ved å dele opptaket på samme måte som andre filer."
        }
      },
      "id": "173b582c-e4bf-4ead-90b9-df8a90331edb",
      "createdTime": "2021-04-10T08:07:19.6778371Z",
      "updatedTime": "2021-04-10T08:07:19.6778371Z",
      "createdUserId": "ef0c8b9a-eff1-49f8-92fa-fd1d3e15e1ba",
      "updatedUserId": "ef0c8b9a-eff1-49f8-92fa-fd1d3e15e1ba"
    },
    {
      "channelContent": {
        "web": {
          "contentFormat": "Markdown",
          "content": "Finn filen i OneDrive eller SharePoint og del den direkte med andre eller kopier en kobling og del den som du vil."
        }
      },
      "id": "62cb9110-6da5-48f4-a308-ed0332ef01c0",
      "createdTime": "2021-04-10T08:07:31.612Z",
      "updatedTime": "2021-04-10T08:07:31.612Z",
      "createdUserId": "user-0",
      "updatedUserId": "user-0"
    },
    {
      "channelContent": {
        "web": {
          "contentFormat": "Markdown",
          "content": "Gå [hit](https://support.microsoft.com/office/share-a-document-using-sharepoint-or-onedrive-807de6cf-1ece-41b9-a2b3-250d9a48f1e8) for å lære mer om deling av møteopptak i OneDrive og SharePoint."
        }
      },
      "id": "146bd28e-a1b1-4550-b98d-72994e5c75a2",
      "createdTime": "2021-04-10T08:07:37.725Z",
      "updatedTime": "2021-04-10T08:07:37.725Z",
      "createdUserId": "user-0",
      "updatedUserId": "user-0"
    }
  ],
  "createdUtc": "0001-01-01T00:00:00Z"
}