{
  "intents": [
    {
      "triggerQueries": [
        "게스트 설정 변경",
        "게스트 권한 변경",
        "게스트 권한 조정",
        "게스트 사용 권한 설정",
        "게스트 권한 제한",
        "게스트 사용 권한 설정",
        "게스트 사용 권한을 설정하려면 어떻게 해야 합니까?"
      ],
      "dialogId": "new_topic_32632e71e28040faaec6b8883b13ff9d",
      "isTriggeringEnabled": true,
      "id": "new_topic_32632e71e28040faaec6b8883b13ff9d",
      "displayName": "게스트 사용 권한을 설정하려면 어떻게 해야 합니까?",
      "description": "https://adoptbotv2kb.blob.core.windows.net/%24web/adoptbot2021-Korean.docx",
      "createdTime": "2021-03-18T03:39:18.7446546Z",
      "updatedTime": "2021-04-09T07:22:46.5367336Z",
      "createdUserId": "e47109d8-0300-4e59-a90d-56bb29886c9e",
      "updatedUserId": "e47109d8-0300-4e59-a90d-56bb29886c9e"
    }
  ],
  "dialogs": [
    {
      "rootNodeId": "5a64d1fe-d523-4c2f-81a3-35b6aaec9c40",
      "messageNodes": [
        {
          "botMessageId": "8e279953-fc5c-4142-9ed9-69f53f20e0da",
          "nodeType": "BotMessageNode",
          "id": "751a7cc3-3e01-4cad-9b42-6530b6072edd",
          "defaultTargetNodeId": "c9066eab-54e9-4293-a015-d638542c17e7"
        },
        {
          "botMessageId": "d6344a9c-3a61-463e-8a7a-c5f3fef5fcef",
          "nodeType": "BotMessageNode",
          "id": "5a64d1fe-d523-4c2f-81a3-35b6aaec9c40",
          "defaultTargetNodeId": "751a7cc3-3e01-4cad-9b42-6530b6072edd"
        }
      ],
      "dialogChangeNodes": [
        {
          "targetDialogId": "new_topic_2bf23930c1d146129dfe38bacb94ccd0_aeabea4d071f415c8c107e1cb7af5424_assumedsuccess",
          "nodeType": "DialogChangeNode",
          "id": "c9066eab-54e9-4293-a015-d638542c17e7"
        }
      ],
      "id": "new_topic_32632e71e28040faaec6b8883b13ff9d",
      "displayName": "Dialog for 게스트 사용 권한을 설정하려면 어떻게 해야 합니까?",
      "createdTime": "2021-03-18T03:39:18.7446546Z",
      "updatedTime": "2021-04-09T07:22:37.8939923Z",
      "createdUserId": "e47109d8-0300-4e59-a90d-56bb29886c9e",
      "updatedUserId": "e47109d8-0300-4e59-a90d-56bb29886c9e"
    }
  ],
  "botMessages": [
    {
      "channelContent": {
        "web": {
          "contentFormat": "Markdown",
          "content": "궁금한 경우 [게스트가 할 수 있는 것](https://support.microsoft.com/ko-kr/office/team-owner-member-and-guest-capabilities-in-teams-d03fdf5b-1a6e-48e4-8e07-b13e1350ec7b) 에 대한 개요가 있습니다."
        }
      },
      "id": "8e279953-fc5c-4142-9ed9-69f53f20e0da",
      "createdTime": "2021-03-18T03:39:18.7446546Z",
      "updatedTime": "2021-03-18T03:39:18.7446546Z",
      "createdUserId": "e47109d8-0300-4e59-a90d-56bb29886c9e",
      "updatedUserId": "e47109d8-0300-4e59-a90d-56bb29886c9e"
    },
    {
      "channelContent": {
        "web": {
          "contentFormat": "Markdown",
          "content": "**팀 소유자인 경우** [게스트 권한 설정을 변경](https://support.microsoft.com/ko-kr/office/set-guest-permissions-for-channels-in-teams-4756c468-2746-4bfd-a582-736d55fcc169)할 수 있습니다\n\n1.  팀 이름으로 이동하여\n2.  기타 옵션을 클릭한 다음\n3.  팀 관리를 선택\n4.  설정 탭에서, 게스트 사용 권한 을 클릭합니다"
        }
      },
      "id": "d6344a9c-3a61-463e-8a7a-c5f3fef5fcef",
      "createdTime": "2021-04-09T07:19:46.07Z",
      "updatedTime": "2021-04-09T07:19:46.07Z",
      "createdUserId": "user-0",
      "updatedUserId": "user-0"
    }
  ],
  "createdUtc": "0001-01-01T00:00:00Z"
}