{
  "intents": [
    {
      "endUserOverrideName": "Qui peut utiliser Teams?",
      "triggerQueries": [
        "Qui peut accéder à Teams",
        "Qui peut utiliser Teams?",
        "De quelle licence ai-je besoin pour Teams?",
        "De quelle licence avez-vous besoin pour Teams?",
        "Puis-je avoir des licences différentes pour Teams?",
        "Quelle licence inclut Teams?",
        "Que faut-il pour accéder à Teams?",
        "Les étudiants peuvent-ils utiliser Teams?",
        "Teams peut-il être utilisé pour ses besoins personnels?",
        "Existe-t-il une version gratuite de Teams?",
        "Une licence est-elle nécessaire pour utiliser Teams?",
        "Licences Microsoft Teams",
        "Qui peut utiliser Microsoft Teams?"
      ],
      "dialogId": "new_topic_808bbbfb12b740199560ab21b217818e",
      "isTriggeringEnabled": true,
      "id": "new_topic_808bbbfb12b740199560ab21b217818e",
      "displayName": "Qui peut utiliser Microsoft Teams?",
      "description": "",
      "createdTime": "2021-01-13T22:20:51.2371466Z",
      "updatedTime": "2021-05-24T13:41:48.1267689Z",
      "createdUserId": "f04d3cd9-b73d-4ba9-a1ed-9319eba29b21",
      "updatedUserId": "a2c4aa2c-d830-41eb-bcf4-467a2c7e1279"
    }
  ],
  "dialogs": [
    {
      "rootNodeId": "24a40c4c-12b8-491f-97d1-4882055084d1",
      "messageNodes": [
        {
          "botMessageId": "e38d1da8-406c-491e-a7bf-1ba06e8222a7",
          "nodeType": "BotMessageNode",
          "id": "24a40c4c-12b8-491f-97d1-4882055084d1",
          "defaultTargetNodeId": "cf3d313b-17d7-4a6a-9b3d-45fe349571e6"
        },
        {
          "botMessageId": "18a283d9-ba72-41e8-b425-b9f3427e08be",
          "nodeType": "BotMessageNode",
          "id": "3e95440d-42be-4502-aa8b-270e72322131",
          "defaultTargetNodeId": "e8d23f13-e4d4-4508-8c07-909734d07231"
        },
        {
          "botMessageId": "887f575d-9ead-4791-b643-f5f13b42e9de",
          "nodeType": "BotMessageNode",
          "id": "e8d23f13-e4d4-4508-8c07-909734d07231",
          "defaultTargetNodeId": "5c3e45d8-19d3-4d1c-bdbe-8403fe9c799f"
        },
        {
          "botMessageId": "90ea3f9b-829e-4c2b-bc53-ed9665012763",
          "nodeType": "BotMessageNode",
          "id": "cf3d313b-17d7-4a6a-9b3d-45fe349571e6",
          "defaultTargetNodeId": "3e95440d-42be-4502-aa8b-270e72322131"
        }
      ],
      "dialogChangeNodes": [
        {
          "targetDialogId": "new_topic_eac3f49c99664313a9d9dc19d80a79a2_aeabea4d071f415c8c107e1cb7af5424_assumedsuccess",
          "nodeType": "DialogChangeNode",
          "id": "5c3e45d8-19d3-4d1c-bdbe-8403fe9c799f"
        }
      ],
      "id": "new_topic_808bbbfb12b740199560ab21b217818e",
      "displayName": "Dialog for Who can use Microsoft Teams?",
      "createdTime": "2021-01-13T22:20:51.2371466Z",
      "updatedTime": "2021-05-24T13:42:39.8036663Z",
      "createdUserId": "f04d3cd9-b73d-4ba9-a1ed-9319eba29b21",
      "updatedUserId": "a2c4aa2c-d830-41eb-bcf4-467a2c7e1279"
    }
  ],
  "botMessages": [
    {
      "channelContent": {
        "web": {
          "contentFormat": "Markdown",
          "content": "Teams fait partie de Microsoft 365. Ainsi, pour une utilisation professionnelle, vous avez besoin d’une licence Microsoft 365."
        }
      },
      "id": "e38d1da8-406c-491e-a7bf-1ba06e8222a7",
      "createdTime": "2021-01-13T22:20:51.2371466Z",
      "updatedTime": "2021-01-13T22:20:51.2371466Z",
      "createdUserId": "f04d3cd9-b73d-4ba9-a1ed-9319eba29b21",
      "updatedUserId": "f04d3cd9-b73d-4ba9-a1ed-9319eba29b21"
    },
    {
      "channelContent": {
        "web": {
          "contentFormat": "Markdown",
          "content": "Pour ajouter quelqu’un de votre organisation à Teams il suffit d’ouvrir l’application et de l’ajouter à une équipe. Ils recevront automatiquement un e-mail avec l’invitation. Des personnes externes à votre organisation peuvent aussi être invitées et n'ont pas besoin de licence."
        }
      },
      "id": "18a283d9-ba72-41e8-b425-b9f3427e08be",
      "createdTime": "2021-01-27T18:15:26.16Z",
      "updatedTime": "2021-01-27T18:15:26.16Z",
      "createdUserId": "user-0",
      "updatedUserId": "user-0"
    },
    {
      "channelContent": {
        "web": {
          "contentFormat": "Markdown",
          "content": "*   [Pour un usage personnel, Teams est gratuit.](https://www.microsoft.com/fr-fr/microsoft-teams/teams-for-home)\n*   [Il existe également une version gratuite de Microsoft Teams.](https://www.microsoft.com/fr-fr/microsoft-teams/free)\n*   [Des offres supplémentaires sont disponibles pour les organismes à but non lucratif et l’éducation.](https://www.microsoft.com/fr-fr/microsoft-teams/free)"
        }
      },
      "id": "887f575d-9ead-4791-b643-f5f13b42e9de",
      "createdTime": "2021-01-27T18:15:33.701Z",
      "updatedTime": "2021-01-27T18:15:33.701Z",
      "createdUserId": "user-0",
      "updatedUserId": "user-0"
    },
    {
      "channelContent": {
        "web": {
          "contentFormat": "Markdown",
          "content": "Plus précisément, vous avez besoin d’une de ces licences :\n\n*   Microsoft 365 Business Basic, Standard ou Premium\n*   Microsoft 365 F1, F3, E1, E3 ou E5\n*   Microsoft 365 A1, A3, A5 pour les établissement scolaires \n\nPour en savoir plus, consulter [Comment obtenir Microsoft Teams.](https://support.microsoft.com/fr-fr/office/comment-obtenir-microsoft-teams-fc7f1634-abd3-4f26-a597-9df16e4ca65b?ui=fr-FR&rs=fr-FR&ad=FR)"
        }
      },
      "id": "90ea3f9b-829e-4c2b-bc53-ed9665012763",
      "createdTime": "2021-01-27T18:21:36.753Z",
      "updatedTime": "2021-01-27T18:21:36.753Z",
      "createdUserId": "user-0",
      "updatedUserId": "user-0"
    }
  ],
  "createdUtc": "0001-01-01T00:00:00Z"
}