{
  "intents": [
    {
      "triggerQueries": [
        "Kan jeg ta flere opptak av samme møte samtidig?",
        "Hvor lagres opptaket eller innspillingen?",
        "Kan alle se opptaket etter møte?",
        "Kan alle få tilgangen til opptaket?",
        "Hvor ligger opptaket etter møte?",
        "Beskjed om at innspillingen har begynt",
        "Får alle deltagere varsling om at opptak av møte har startet?",
        "Start innspilling av møte",
        "Ta opptak av møte",
        "Opptak av et møte",
        "Ta opp et møte eller en samtale"
      ],
      "dialogId": "new_topic_22835772dec74455a6a0fa040b7b128e",
      "isTriggeringEnabled": true,
      "id": "new_topic_22835772dec74455a6a0fa040b7b128e",
      "displayName": "Ta opp et møte eller en samtale",
      "description": "",
      "createdTime": "2021-04-10T07:53:39.3967138Z",
      "updatedTime": "2021-04-10T07:56:29.2487971Z",
      "createdUserId": "ef0c8b9a-eff1-49f8-92fa-fd1d3e15e1ba",
      "updatedUserId": "ef0c8b9a-eff1-49f8-92fa-fd1d3e15e1ba"
    }
  ],
  "dialogs": [
    {
      "rootNodeId": "c7307db0-4f28-42a1-b2ab-c2377d8f92a6",
      "messageNodes": [
        {
          "botMessageId": "9ece2f14-39bd-42d7-986b-ae58eba16a68",
          "nodeType": "BotMessageNode",
          "id": "c7307db0-4f28-42a1-b2ab-c2377d8f92a6",
          "defaultTargetNodeId": "c13dab94-ec38-42ad-824b-b0666acb5864"
        },
        {
          "botMessageId": "d1a1b2c4-f008-46e5-9bec-9a283560a32e",
          "nodeType": "BotMessageNode",
          "id": "c13dab94-ec38-42ad-824b-b0666acb5864",
          "defaultTargetNodeId": "bd9c7e6a-d48a-4db5-ac7c-a869a7c2a395"
        },
        {
          "botMessageId": "888e14ef-d751-480b-b00b-cc3970e04481",
          "nodeType": "BotMessageNode",
          "id": "bd9c7e6a-d48a-4db5-ac7c-a869a7c2a395",
          "defaultTargetNodeId": "c9b52abd-29af-4133-bd39-5bfa117cfa9a"
        }
      ],
      "dialogChangeNodes": [
        {
          "targetDialogId": "new_topic_89c49d37fd4c4c1c9144396960733ce1_aeabea4d071f415c8c107e1cb7af5424_assumedsuccess",
          "nodeType": "DialogChangeNode",
          "id": "c9b52abd-29af-4133-bd39-5bfa117cfa9a"
        }
      ],
      "id": "new_topic_22835772dec74455a6a0fa040b7b128e",
      "displayName": "Dialog for Ta opp et møte eller en samtale",
      "createdTime": "2021-04-10T07:53:39.3967138Z",
      "updatedTime": "2021-04-10T07:54:57.1427117Z",
      "createdUserId": "ef0c8b9a-eff1-49f8-92fa-fd1d3e15e1ba",
      "updatedUserId": "ef0c8b9a-eff1-49f8-92fa-fd1d3e15e1ba"
    }
  ],
  "botMessages": [
    {
      "channelContent": {
        "web": {
          "contentFormat": "Markdown",
          "content": "Ta opp et møte eller en samtale:\n\n1.  Start eller bli med på møtet.\n2.  Hvis du vil ta opptak av et møte, går du til møtekontrollene og velger **Flerealternativer**… > **Start** **innspillingog transkripsjon.**\n3.  Hvis du vil stoppe opptaket, kan du gå til møtekontrollene og velge **Flerealternativer**… > **Stoppe** **innspillingenog transkripsjon.**\n    *   Innspillingen blir deretter behandlet og lagret i SharePoint hvis det var et kanalmøte, eller OneDrive hvis det var en annen type møte.\n    *   Møteopptaket vises i møtechatten – eller i kanalsamtalen, hvis dere møtes i en kanal."
        }
      },
      "id": "9ece2f14-39bd-42d7-986b-ae58eba16a68",
      "createdTime": "2021-04-10T07:53:39.3967138Z",
      "updatedTime": "2021-04-10T07:53:39.3967138Z",
      "createdUserId": "ef0c8b9a-eff1-49f8-92fa-fd1d3e15e1ba",
      "updatedUserId": "ef0c8b9a-eff1-49f8-92fa-fd1d3e15e1ba"
    },
    {
      "channelContent": {
        "web": {
          "contentFormat": "Markdown",
          "content": "Alle i møtet varsles om at innspilling og transkripsjon har startet. Møtevarselet blir også lagt inn i chat-loggen."
        }
      },
      "id": "d1a1b2c4-f008-46e5-9bec-9a283560a32e",
      "createdTime": "2021-04-10T07:53:56.295Z",
      "updatedTime": "2021-04-10T07:53:56.295Z",
      "createdUserId": "user-0",
      "updatedUserId": "user-0"
    },
    {
      "channelContent": {
        "web": {
          "contentFormat": "Markdown",
          "content": "**Vær oppmerksom på følgende:**\n\n*   Du kan ikke gjøre flere opptak av samme møte samtidig. Hvis én person starter innspillingen av et møte, vil den innspillingen bli lagret i skyen og være tilgjengelig for alle deltakerne.\n*   Møtedeltakerne kan vise transkripsjonen under møtet. Hvis du vil ha mer informasjon, kan du se [Vis direkte transkripsjon.](https://support.microsoft.com/nb-no/office/7a1401ec-73b4-431d-875a-8b6af82b3e15)"
        }
      },
      "id": "888e14ef-d751-480b-b00b-cc3970e04481",
      "createdTime": "2021-04-10T07:54:05.145Z",
      "updatedTime": "2021-04-10T07:54:05.145Z",
      "createdUserId": "user-0",
      "updatedUserId": "user-0"
    }
  ],
  "createdUtc": "0001-01-01T00:00:00Z"
}