{
  "intents": [
    {
      "endUserOverrideName": "Bascule de Skype Entreprise à Teams",
      "triggerQueries": [
        "Skype to Teams",
        "J’ai l’habitude d'utiliser Skype",
        "Bascule de Skype for Business à Teams",
        "J’ai l’habitude de Skype",
        "Bascule de Skype Entreprise à Teams",
        "J’ai l’habitude de SfB",
        "Je bascule de Skype Entreprise à Teams. Qu’est-ce que j’ai besoin de savoir ?",
        "De Skype à Teams",
        "De Skype Entreprise à Teams",
        "Qu’advient-il de Skype ?",
        "Bascule de SfB à Teams",
        "Quoi de mieux avec Teams par rapport à Skype?",
        "différences entre skype vs Teams",
        "différences entre skype et Teams",
        "Pourquoi basculer sur Teams?",
        "Je ne veux pas basculer sur Teams",
        "Je veux garder Skype Entreprise",
        "Je passe de Skype Entreprise à Teams?"
      ],
      "dialogId": "new_topic_6b4471976aa0499bb208e038715c5b99",
      "isTriggeringEnabled": true,
      "id": "new_topic_6b4471976aa0499bb208e038715c5b99",
      "displayName": "Je passe de Skype Entreprise à Teams",
      "description": "",
      "createdTime": "2021-01-13T22:20:51.2371466Z",
      "updatedTime": "2021-05-24T22:58:19.2995683Z",
      "createdUserId": "f04d3cd9-b73d-4ba9-a1ed-9319eba29b21",
      "updatedUserId": "137976d8-62f4-4f81-b357-122fb8bb440c"
    }
  ],
  "dialogs": [
    {
      "rootNodeId": "c39d4b53-6247-45b5-92b8-910004fbb09f",
      "messageNodes": [
        {
          "botMessageId": "2180f240-76d5-48ea-b87a-4f1a7fa686ef",
          "nodeType": "BotMessageNode",
          "id": "c39d4b53-6247-45b5-92b8-910004fbb09f",
          "defaultTargetNodeId": "7cf6143f-705e-4b76-9db6-af88c5934dcb"
        },
        {
          "botMessageId": "bc30e6b0-a704-4196-be59-ac4f9a1565d7",
          "nodeType": "BotMessageNode",
          "id": "b39a5e13-5a61-4bc0-8bb6-4e699628f41a",
          "defaultTargetNodeId": "279b154b-2c32-4660-9e97-50874522a9e8"
        },
        {
          "botMessageId": "6f069df8-11db-42d1-a217-e2e988bf199f",
          "nodeType": "BotMessageNode",
          "id": "7cf6143f-705e-4b76-9db6-af88c5934dcb",
          "defaultTargetNodeId": "b39a5e13-5a61-4bc0-8bb6-4e699628f41a"
        }
      ],
      "dialogChangeNodes": [
        {
          "targetDialogId": "new_topic_eac3f49c99664313a9d9dc19d80a79a2_aeabea4d071f415c8c107e1cb7af5424_assumedsuccess",
          "nodeType": "DialogChangeNode",
          "id": "279b154b-2c32-4660-9e97-50874522a9e8"
        }
      ],
      "id": "new_topic_6b4471976aa0499bb208e038715c5b99",
      "displayName": "Dialog for I'm switching from Skype for Business?",
      "createdTime": "2021-01-13T22:20:51.2371466Z",
      "updatedTime": "2021-05-24T22:59:03.2643911Z",
      "createdUserId": "f04d3cd9-b73d-4ba9-a1ed-9319eba29b21",
      "updatedUserId": "a2c4aa2c-d830-41eb-bcf4-467a2c7e1279"
    }
  ],
  "botMessages": [
    {
      "channelContent": {
        "web": {
          "contentFormat": "Markdown",
          "content": "Vous trouverez beaucoup de fonctionnalités similaires lorsque vous basculerez de **Skype Entreprise à Microsoft Teams**, ainsi que de nouvelles choses que vous aurez l'occasion d'apprécier (je l'espère)!"
        }
      },
      "id": "2180f240-76d5-48ea-b87a-4f1a7fa686ef",
      "createdTime": "2021-01-13T22:20:51.2371466Z",
      "updatedTime": "2021-01-13T22:20:51.2371466Z",
      "createdUserId": "f04d3cd9-b73d-4ba9-a1ed-9319eba29b21",
      "updatedUserId": "f04d3cd9-b73d-4ba9-a1ed-9319eba29b21"
    },
    {
      "channelContent": {
        "web": {
          "contentFormat": "Markdown",
          "content": "Si vous avez trouvé cela utile, il existe [un guide complet pour vous aider dans la transition de Skype Entreprise vers Microsoft Teams.](https://support.microsoft.com/fr-fr/office/basculer-vers-teams-%c3%a0-partir-de-skype-entreprise-6295a0ae-4e8e-4bba-a100-64cc951cc964?ui=fr-FR&rs=fr-FR&ad=FR)"
        }
      },
      "id": "bc30e6b0-a704-4196-be59-ac4f9a1565d7",
      "createdTime": "2021-01-27T19:35:14.376Z",
      "updatedTime": "2021-01-27T19:35:14.376Z",
      "createdUserId": "user-0",
      "updatedUserId": "user-0"
    },
    {
      "channelContent": {
        "web": {
          "contentFormat": "Markdown",
          "content": "**Teams offre entre autre:**\n\n*   [Des équipes et canaux](https://support.microsoft.com/fr-fr/office/en-savoir-plus-sur-les-%c3%a9quipes-et-les-canaux-5e4fd702-85f5-48d7-ae14-98821a1f90d3?ui=fr-FR&rs=fr-FR&ad=FR) pour les projets, les conversations, les dossiers et les réunions en un seul endroit\n*   [L'intégration des applications Office](https://support.microsoft.com/fr-fr/office/cinq-choses-%c3%a0-savoir-sur-les-applications-dans-microsoft-teams-747492ee-7cdd-4115-a993-8c7e7f98a3d0?ui=fr-FR&rs=fr-FR&ad=FR)\n*   [Des applications personnalisables et bots](https://support.microsoft.com/fr-fr/office/cinq-choses-%c3%a0-savoir-sur-les-applications-dans-microsoft-teams-747492ee-7cdd-4115-a993-8c7e7f98a3d0?ui=fr-FR&rs=fr-FR&ad=FR) (comme moi 🙂)\n*   [@mentions](https://support.microsoft.com/fr-fr/office/utiliser-des-mentions-pour-attirer-l-attention-d-une-personne-dans-microsoft-teams-eb4f059d-320e-454e-b111-03361d4d6855?ui=fr-FR&rs=fr-FR&ad=FR) pour attirer l’attention des personnes"
        }
      },
      "id": "6f069df8-11db-42d1-a217-e2e988bf199f",
      "createdTime": "2021-01-27T19:35:39.535Z",
      "updatedTime": "2021-01-27T19:35:39.535Z",
      "createdUserId": "user-0",
      "updatedUserId": "user-0"
    }
  ],
  "createdUtc": "0001-01-01T00:00:00Z"
}