{
  "intents": [
    {
      "triggerQueries": [
        "Czy możemy zoptymalizować naszą sieć pod kątem Microsoft Teams?",
        "Ustawienia sieciowe aplikacji Teams",
        "Zoptymalizuj swoją sieć",
        "Czy możemy zoptymalizować naszą sieć pod kątem Microsoft Teams?",
        "Przygotowanie naszej sieci VPN dla Teams",
        "ustawienia sieciowe",
        "Ustawienia sieci VPN i teams",
        "optymalizacja wydajności sieci",
        "Optymalizowanie sieci firmowej pod kątem usługi Teams",
        "jakość sieci w usłudze Teams",
        "Optymalizacja sieci pod kątem usługi Teams",
        "Czy mogę zoptymalizować sieć pod kątem usługi Microsoft Teams?",
        "lepsza przepustowość sieci dla teams",
        "zwiększanie przepustowości dla platformy Microsoft 365",
        "poprawa jakości spotkań",
        "Zwiększanie jakości spotkań w usłudze Teams",
        "Jak mogę zoptymalizować sieć do korzystania z Microsoft Teams?"
      ],
      "dialogId": "new_topic_a24351a5334a44fca587cb871d34b5d3",
      "isTriggeringEnabled": true,
      "id": "new_topic_a24351a5334a44fca587cb871d34b5d3",
      "displayName": "Jak mogę zoptymalizować sieć do korzystania z Microsoft Teams?",
      "description": "",
      "createdTime": "2021-09-27T10:46:36.4575054Z",
      "updatedTime": "2021-10-06T14:31:27.8662033Z",
      "createdUserId": "28fac8cb-bec7-48c9-a688-5024cf318b8a",
      "updatedUserId": "28fac8cb-bec7-48c9-a688-5024cf318b8a"
    }
  ],
  "dialogs": [
    {
      "rootNodeId": "6823e761-3864-488b-862b-f07fc2a4e2f6",
      "messageNodes": [
        {
          "botMessageId": "c38bdf5c-fb83-4996-88db-1bc44ef29b2b",
          "nodeType": "BotMessageNode",
          "id": "6823e761-3864-488b-862b-f07fc2a4e2f6",
          "defaultTargetNodeId": "e6ef8663-fe70-471f-87dd-d4ba6a2167e0"
        },
        {
          "botMessageId": "ad22f127-f9ab-460b-9f27-f585b9ed52eb",
          "nodeType": "BotMessageNode",
          "id": "e6ef8663-fe70-471f-87dd-d4ba6a2167e0",
          "defaultTargetNodeId": "70c48127-4206-484f-8968-524adcafbb97"
        },
        {
          "botMessageId": "98b39628-5eb7-4fa5-901b-aafdc723d2a0",
          "nodeType": "BotMessageNode",
          "id": "70c48127-4206-484f-8968-524adcafbb97",
          "defaultTargetNodeId": "749e3fb9-6e3f-4c37-a598-2e66186b3a3c"
        }
      ],
      "dialogChangeNodes": [
        {
          "targetDialogId": "new_topic_d4ee79ce05584b519ee7d416fda7e2a3_aeabea4d071f415c8c107e1cb7af5424_assumedsuccess",
          "nodeType": "DialogChangeNode",
          "id": "749e3fb9-6e3f-4c37-a598-2e66186b3a3c"
        }
      ],
      "id": "new_topic_a24351a5334a44fca587cb871d34b5d3",
      "displayName": "Dialog for Jak mogę zoptymalizować sieć do korzystania z Microsoft Teams?",
      "createdTime": "2021-09-27T10:46:36.4575054Z",
      "updatedTime": "2021-10-06T14:34:33.225732Z",
      "createdUserId": "28fac8cb-bec7-48c9-a688-5024cf318b8a",
      "updatedUserId": "28fac8cb-bec7-48c9-a688-5024cf318b8a"
    }
  ],
  "botMessages": [
    {
      "channelContent": {
        "web": {
          "contentFormat": "Markdown",
          "content": "[Postępuj zgodnie z tym przewodnikiem, aby przygotować i zoptymalizować sieć organizacji dla Teams](https://docs.microsoft.com/en-us/microsoftteams/prepare-network)."
        }
      },
      "id": "c38bdf5c-fb83-4996-88db-1bc44ef29b2b",
      "createdTime": "2021-09-27T10:46:36.4575054Z",
      "updatedTime": "2021-09-27T10:46:36.4575054Z",
      "createdUserId": "28fac8cb-bec7-48c9-a688-5024cf318b8a",
      "updatedUserId": "28fac8cb-bec7-48c9-a688-5024cf318b8a"
    },
    {
      "channelContent": {
        "web": {
          "contentFormat": "Markdown",
          "content": "Ważne jest, aby zoptymalizować wydajność, zwłaszcza jeśli wiele osób w organizacji pracuje zdalnie."
        }
      },
      "id": "ad22f127-f9ab-460b-9f27-f585b9ed52eb",
      "createdTime": "2021-10-06T14:32:25.668Z",
      "updatedTime": "2021-10-06T14:32:25.668Z",
      "createdUserId": "user-0",
      "updatedUserId": "user-0"
    },
    {
      "channelContent": {
        "web": {
          "contentFormat": "Markdown",
          "content": "**Dla administratorów** Teams, Microsoft przygotował krótki kurs na temat optymalizacji sieci na platformie [Microsoft Learn](https://docs.microsoft.com/pl-PL/learn/modules/m365-teams-rooms-optimize-network/)."
        }
      },
      "id": "98b39628-5eb7-4fa5-901b-aafdc723d2a0",
      "createdTime": "2021-10-06T14:32:37.14Z",
      "updatedTime": "2021-10-06T14:32:37.14Z",
      "createdUserId": "user-0",
      "updatedUserId": "user-0"
    }
  ],
  "createdUtc": "0001-01-01T00:00:00Z"
}