{
  "intents": [
    {
      "triggerQueries": [
        "Kan eksterne fjerne en fane?",
        "Kan eksterne slette en fane?",
        "Kan gjester slette en fane i kanalen?",
        "Kan hvem som helst slette faner i en kanal?",
        "Kan hvem som helst fjerne faner i en kanal?",
        "Hvorfor kan jeg ikke slette en fane?",
        "Hvorfor kan jeg ikke velge Fjern for å fjerne en fane?",
        "Kan hvem som helst slette faner i en gruppesamtale?",
        "Hvem kan slette faner?",
        "Hvem kan fjerne faner?",
        "Kan alle deltagere i en gruppesamtale fjerne faner?",
        "Kan hvem som helst fjerne faner i en samtale?",
        "Kan hvem som helst fjerne faner i en chat?",
        "Slett en fane",
        "Fjern en fane"
      ],
      "dialogId": "new_topic_5237ec69dbfa4eabb6634acd67a71394",
      "isTriggeringEnabled": true,
      "id": "new_topic_5237ec69dbfa4eabb6634acd67a71394",
      "displayName": "Fjern en fane",
      "description": "",
      "createdTime": "2021-04-12T13:52:43.0344684Z",
      "updatedTime": "2021-04-12T13:53:44.3335621Z",
      "createdUserId": "ef0c8b9a-eff1-49f8-92fa-fd1d3e15e1ba"
    }
  ],
  "dialogs": [
    {
      "rootNodeId": "34a6bf95-dcfe-439e-a84e-e21bf3343735",
      "messageNodes": [
        {
          "botMessageId": "38e39278-8c5f-4621-9ada-43fb21f17af7",
          "nodeType": "BotMessageNode",
          "id": "34a6bf95-dcfe-439e-a84e-e21bf3343735",
          "defaultTargetNodeId": "b7112019-1a23-4b3c-a1de-7af5e4ebd839"
        },
        {
          "botMessageId": "b1f38885-0004-4685-aeea-66ed688b3f29",
          "nodeType": "BotMessageNode",
          "id": "b7112019-1a23-4b3c-a1de-7af5e4ebd839",
          "defaultTargetNodeId": "dc07d3d3-7e46-4898-8ae7-d6baf1af3880"
        },
        {
          "botMessageId": "29fb1965-5913-467a-8754-87d8ae2959c9",
          "nodeType": "BotMessageNode",
          "id": "dc07d3d3-7e46-4898-8ae7-d6baf1af3880",
          "defaultTargetNodeId": "286f749d-626f-4af8-a78c-e34eb8f32669"
        }
      ],
      "dialogChangeNodes": [
        {
          "targetDialogId": "new_topic_89c49d37fd4c4c1c9144396960733ce1_aeabea4d071f415c8c107e1cb7af5424_assumedsuccess",
          "nodeType": "DialogChangeNode",
          "id": "286f749d-626f-4af8-a78c-e34eb8f32669"
        }
      ],
      "id": "new_topic_5237ec69dbfa4eabb6634acd67a71394",
      "displayName": "Dialog for Fjern en fane",
      "createdTime": "2021-04-12T13:52:43.0344684Z",
      "updatedTime": "2021-04-21T18:15:20.2982247Z",
      "createdUserId": "ef0c8b9a-eff1-49f8-92fa-fd1d3e15e1ba",
      "updatedUserId": "ef0c8b9a-eff1-49f8-92fa-fd1d3e15e1ba"
    }
  ],
  "botMessages": [
    {
      "channelContent": {
        "web": {
          "contentFormat": "Markdown",
          "content": "I en-til-en og gruppechatter kan alle i samtalen fjerne faner."
        }
      },
      "id": "38e39278-8c5f-4621-9ada-43fb21f17af7",
      "createdTime": "2021-04-12T13:52:43.0344684Z",
      "updatedTime": "2021-04-12T13:52:43.0344684Z",
      "createdUserId": "ef0c8b9a-eff1-49f8-92fa-fd1d3e15e1ba",
      "updatedUserId": "ef0c8b9a-eff1-49f8-92fa-fd1d3e15e1ba"
    },
    {
      "channelContent": {
        "web": {
          "contentFormat": "Markdown",
          "content": "I kanaler kan alle i gruppen fjerne faner så lenge teameieren har definert dette. Gå til fanen du vil fjerne, høyreklikk og velg **Fjern.**"
        }
      },
      "id": "b1f38885-0004-4685-aeea-66ed688b3f29",
      "createdTime": "2021-04-12T13:52:56.865Z",
      "updatedTime": "2021-04-12T13:52:56.865Z",
      "createdUserId": "user-0",
      "updatedUserId": "user-0"
    },
    {
      "channelContent": {
        "web": {
          "contentFormat": "Markdown",
          "content": "Hvis du ikke ser **Fjern** når du høyreklikker, kan det skyldes én av følgende årsaker:\n\n*   **Innlegg** og **Filer** er standard-faner som ikke kan fjernes.\n*   Organisasjons- eller teameieren har begrenset hvem som kan legge til eller fjerne faner i kanalen.\n*   Fanen du prøver å fjerne er i en personlig app, ikke en chat eller en kanal. Personlige apper kontrolleres av produsenten av appen."
        }
      },
      "id": "29fb1965-5913-467a-8754-87d8ae2959c9",
      "createdTime": "2021-04-12T13:53:20.096Z",
      "updatedTime": "2021-04-12T13:53:20.096Z",
      "createdUserId": "user-0",
      "updatedUserId": "user-0"
    }
  ],
  "createdUtc": "0001-01-01T00:00:00Z"
}