{
  "intents": [
    {
      "intentType": "Regular",
      "triggerQueries": [
        "see my teams meetings",
        "show meetings here even in outlook",
        "can you see teams meetings in your calendar?",
        "Can I see my team meetings in my calendar?",
        "Do team meetings appear in your calendar?",
        "Where do I see my booked meetings?",
        "Is it the same calendar in Teams and Outlook?",
        "Where do I see my appointments?",
        "How can I see Teams meetings in my Outlook calendar?",
        "Are my Teams meetings also visible in Outlook",
        "Do my Teams meetings also show up in Outlook?"
      ],
      "dialogId": "new_topic_c56cd7d91f1c49d38f899318fabb4d89",
      "isTriggeringEnabled": true,
      "id": "new_topic_c56cd7d91f1c49d38f899318fabb4d89",
      "displayName": "Do my Teams meetings also show up in Outlook?",
      "description": "https://adoptbotv2kb.blob.core.windows.net/%24web/AdoptBot2021-English.docx",
      "createdTime": "2021-01-13T22:20:51.2381463Z",
      "updatedTime": "2021-01-26T23:32:04.0931524Z",
      "createdUserId": "f04d3cd9-b73d-4ba9-a1ed-9319eba29b21",
      "updatedUserId": "f04d3cd9-b73d-4ba9-a1ed-9319eba29b21"
    }
  ],
  "dialogs": [
    {
      "rootNodeId": "2307e45e-588a-4603-b3ea-0b07994bf796",
      "messageNodes": [
        {
          "botMessageId": "489f9723-c61a-4379-8ee5-a1761f93c79a",
          "nodeType": "BotMessageNode",
          "id": "2307e45e-588a-4603-b3ea-0b07994bf796",
          "defaultTargetNodeId": "d826a076-5c8f-4fa4-bcfe-8fa95874768c"
        }
      ],
      "dialogChangeNodes": [
        {
          "targetDialogId": "new_topic_eac3f49c99664313a9d9dc19d80a79a2_aeabea4d071f415c8c107e1cb7af5424_assumedsuccess",
          "nodeType": "DialogChangeNode",
          "id": "d826a076-5c8f-4fa4-bcfe-8fa95874768c"
        }
      ],
      "id": "new_topic_c56cd7d91f1c49d38f899318fabb4d89",
      "displayName": "Dialog for Do my Teams meetings also show up in Outlook?",
      "createdTime": "2021-01-13T22:20:51.2381463Z",
      "updatedTime": "2021-01-13T22:20:51.2381463Z",
      "createdUserId": "f04d3cd9-b73d-4ba9-a1ed-9319eba29b21",
      "updatedUserId": "f04d3cd9-b73d-4ba9-a1ed-9319eba29b21"
    }
  ],
  "botMessages": [
    {
      "channelContent": {
        "web": {
          "contentFormat": "Markdown",
          "content": "If you schedule a meeting in Teams, it appears under \" Calendar \" in Teams and in your Outlook calendar.\r\n\r\nPlease note: The Outlook calendar is used for both Teams and Outlook"
        }
      },
      "id": "489f9723-c61a-4379-8ee5-a1761f93c79a",
      "createdTime": "2021-01-13T22:20:51.2381463Z",
      "updatedTime": "2021-01-13T22:20:51.2381463Z",
      "createdUserId": "f04d3cd9-b73d-4ba9-a1ed-9319eba29b21",
      "updatedUserId": "f04d3cd9-b73d-4ba9-a1ed-9319eba29b21"
    }
  ]
}