{
  "intents": [
    {
      "endUserOverrideName": "Dispositivi certificati per Teams",
      "triggerQueries": [
        "Dove posso trovare dispositivi per una sala riunioni di Teams?",
        "Microsoft Surface Hub",
        "Ci sono accessori Teams certificati?",
        "creare uno spazio riunioni con i dispositivi Teams",
        "Che cos'è una sala riunioni di Teams?",
        "Surface Hub 2",
        "Utilizzare le cuffie in una riunione?",
        "webcam che supportano Teams?",
        "Sale riunioni ibride",
        "Progetta una sala riunioni per Teams",
        "Quali tipi di sale di Teams esistono per le riunioni",
        "telefoni con certificazione Teams?",
        "Panoramica dei dispositivi certificati per Teams",
        "Dove posso trovare le categorie dei dispositivi Teams?",
        "Dispositivi Teams per lavorare da casa?",
        "Equipaggiamento del team quando si lavora in remoto",
        "Dispositivi che posso utilizzare per lavorare da casa con Teams",
        "Dispositivi Teams per il mio ufficio a casa",
        "Quali cuffie funzionano meglio con Teams?",
        "barre di collaborazione per Teams",
        "vivavoce da utilizzare con Teams",
        "MTR? Sale di Microsoft Teams",
        "MTR? Sale riunioni Teams",
        "Mostrami MTR certificati",
        "Sistemi Microsoft Teams Rooms",
        "Dispositivi Teams per collaborazione, riunioni, chiamate",
        "Dispositivi Teams per la collaborazione",
        "Qual è una buona webcam con cui usare i team?",
        "Telecamere Web certificate per Teams",
        "Dispositivi Teams per open office",
        "Dispositivi Teams per sale riunioni di grandi dimensioni",
        "Dispositivi Teams per sale riunioni di piccole dimensioni",
        "Che cos'è un display Teams?",
        "Telefoni fissi per Teams",
        "Dispositivi per chiamare con Teams?",
        "Quale tipo di dispositivo per riunioni è il migliore per le riunioni di Teams?",
        "Su quali dispositivi posso utilizzare Teams?",
        "categorie di dispositivi per Teams",
        "Dispositivi Teams per spazi condivisi",
        "Dispositivi Teams per spazi personali",
        "Esiste un elenco di dispositivi certificati per Teams?",
        "Dispositivi per sale riunioni per Teams",
        "Sale di Microsoft Teams",
        "Dispositivi Teams per riunioni e chiamate",
        "Dispositivi certificati per riunioni e chiamate di Teams",
        "Dove posso trovare i dispositivi Teams certificati?"
      ],
      "dialogId": "new_topic_6e22f0dd7dc4429bbff8512b4932ed0d",
      "isTriggeringEnabled": true,
      "id": "new_topic_6e22f0dd7dc4429bbff8512b4932ed0d",
      "displayName": "Dove posso trovare dispositivi certificati per Teams?",
      "createdTime": "2022-04-16T13:48:46.4138418Z",
      "updatedTime": "2022-04-25T12:46:32.5628123Z",
      "createdUserId": "9451fc51-e00d-4445-8ff9-efb70866dc3b",
      "updatedUserId": "9451fc51-e00d-4445-8ff9-efb70866dc3b"
    }
  ],
  "dialogs": [
    {
      "rootNodeId": "70af8647-329e-4ab5-afcb-be30d31c563e",
      "messageNodes": [
        {
          "botMessageId": "7610c088-e92a-4d7e-8c56-4e12ec27fd76",
          "nodeType": "BotMessageNode",
          "id": "70af8647-329e-4ab5-afcb-be30d31c563e",
          "defaultTargetNodeId": "dde0bb2c-e423-4eaf-adee-e344096a73bc"
        },
        {
          "botMessageId": "40873e38-b2f2-4c8b-a574-d7df99a78c17",
          "nodeType": "BotMessageNode",
          "id": "dde0bb2c-e423-4eaf-adee-e344096a73bc",
          "defaultTargetNodeId": "708858b3-39bd-432b-87b7-8c59713382bd"
        },
        {
          "botMessageId": "716d1335-7856-4fde-b709-41188cb88a59",
          "nodeType": "BotMessageNode",
          "id": "708858b3-39bd-432b-87b7-8c59713382bd",
          "defaultTargetNodeId": "5736770c-1d5b-4e7c-8d87-f51035145abe"
        },
        {
          "botMessageId": "5f6ec652-d372-42d7-ae16-2e9b2a9d15b0",
          "nodeType": "BotMessageNode",
          "id": "5736770c-1d5b-4e7c-8d87-f51035145abe",
          "defaultTargetNodeId": "70288e86-4ea5-4589-ae21-354f5288c684"
        },
        {
          "botMessageId": "2e83e6ab-c6c3-4611-b66c-060f83115f8d",
          "nodeType": "BotMessageNode",
          "id": "70288e86-4ea5-4589-ae21-354f5288c684",
          "defaultTargetNodeId": "aedf5809-67c1-4b33-aa06-22854025b683"
        }
      ],
      "dialogChangeNodes": [
        {
          "targetDialogId": "new_topic_f98a24608ee04cb998de3e3e32703d5b_aeabea4d071f415c8c107e1cb7af5424_assumedsuccess",
          "nodeType": "DialogChangeNode",
          "id": "aedf5809-67c1-4b33-aa06-22854025b683"
        }
      ],
      "id": "new_topic_6e22f0dd7dc4429bbff8512b4932ed0d",
      "displayName": "Senza titolo",
      "createdTime": "2022-04-16T13:48:46.4138418Z",
      "updatedTime": "2022-04-25T12:46:32.5628123Z",
      "createdUserId": "9451fc51-e00d-4445-8ff9-efb70866dc3b",
      "updatedUserId": "9451fc51-e00d-4445-8ff9-efb70866dc3b"
    }
  ],
  "botMessages": [
    {
      "channelContent": {
        "web": {
          "contentFormat": "Markdown",
          "content": "Esistono molti tipi di dispositivi Teams certificati per riunioni inclusive, per la collaborazione e per le chiamate."
        }
      },
      "id": "7610c088-e92a-4d7e-8c56-4e12ec27fd76",
      "createdTime": "2022-04-16T12:58:15.554Z",
      "updatedTime": "2022-04-16T12:58:15.554Z"
    },
    {
      "channelContent": {
        "web": {
          "contentFormat": "Markdown",
          "content": "Usa [questa pagina dedicata](https://www.microsoft.com/it-it/microsoft-teams/microsoft-teams-rooms) per visualizzare le tipologie di sale riunioni per Teams."
        }
      },
      "id": "40873e38-b2f2-4c8b-a574-d7df99a78c17",
      "createdTime": "2022-04-16T13:35:55.171Z",
      "updatedTime": "2022-04-16T13:35:55.171Z",
      "createdUserId": "user-0",
      "updatedUserId": "user-0"
    },
    {
      "channelContent": {
        "web": {
          "contentFormat": "Markdown",
          "content": "[Tipo di spazio](https://www.microsoft.com/it-it/microsoft-teams/across-devices/spaces) (ufficio domestico, sale riunioni da piccole a molto grandi, in pubblico, in transito, ufficio aperto, spazio di raccolta, ufficio esecutivo, cabina telefonica, sale focus e altri spazi per riunioni)"
        }
      },
      "id": "716d1335-7856-4fde-b709-41188cb88a59",
      "createdTime": "2022-04-16T13:43:28.539Z",
      "updatedTime": "2022-04-16T13:43:28.539Z",
      "createdUserId": "user-0",
      "updatedUserId": "user-0"
    },
    {
      "channelContent": {
        "web": {
          "contentFormat": "Markdown",
          "content": "[Tipo di dispositivo](https://www.microsoft.com/it-it/microsoft-teams/across-devices/devices/category/teams-rooms/20) (Teams Room, Accessori del sistema Teams Room, Cuffie, Web cam, vivavoce, telefoni fissi, display Teams, barre di collaborazione e altri)"
        }
      },
      "id": "5f6ec652-d372-42d7-ae16-2e9b2a9d15b0",
      "createdTime": "2022-04-16T13:44:43.443Z",
      "updatedTime": "2022-04-16T13:44:43.443Z",
      "createdUserId": "user-0",
      "updatedUserId": "user-0"
    },
    {
      "channelContent": {
        "web": {
          "contentFormat": "Markdown",
          "content": "Nota:\n\n*   Non tutti i dispositivi Teams sono disponibili in tutti i paesi."
        }
      },
      "id": "2e83e6ab-c6c3-4611-b66c-060f83115f8d",
      "createdTime": "2022-04-16T13:48:20.706Z",
      "updatedTime": "2022-04-16T13:48:20.706Z",
      "createdUserId": "user-0",
      "updatedUserId": "user-0"
    }
  ]
}