{
  "intents": [
    {
      "triggerQueries": [
        "Mobile 모바일 전화기 폰 Office 오피스 차이",
        "Mac 맥 Office 오피스 동일 같은 같음",
        "모든 장치 Office 오피스 동일 같은 같음",
        "Teams 팀즈 팀 PC 모바일 동일",
        "Teams 팀즈 팀 브라우저 노트북 동일",
        "Teams 팀즈 버전 차이 모바일 전화 Mac 맥 PC 브라우저",
        "Office 오피스 PC 피씨 Mac 맥 모바일 장치 동일",
        "Office는 PC, Mac 및 모바일 장치에서 동일합니까?"
      ],
      "dialogId": "new_topic_cd3c4871037d4ab6ae2621d387214def",
      "isTriggeringEnabled": true,
      "id": "new_topic_cd3c4871037d4ab6ae2621d387214def",
      "displayName": "Office는 PC, Mac 및 모바일 장치에서 동일합니까?",
      "description": "https://adoptbotv2kb.blob.core.windows.net/%24web/adoptbot2021-Korean.docx",
      "createdTime": "2021-03-18T03:39:18.7456548Z",
      "updatedTime": "2021-04-08T04:59:58.6001475Z",
      "createdUserId": "e47109d8-0300-4e59-a90d-56bb29886c9e",
      "updatedUserId": "e47109d8-0300-4e59-a90d-56bb29886c9e"
    }
  ],
  "dialogs": [
    {
      "rootNodeId": "5d572787-b81b-4ee5-a71e-23d29d40dacb",
      "messageNodes": [
        {
          "botMessageId": "eaa288b5-0a65-4d4f-a5e5-7cf4ebf5b316",
          "nodeType": "BotMessageNode",
          "id": "5d572787-b81b-4ee5-a71e-23d29d40dacb",
          "defaultTargetNodeId": "9c62fe1a-534c-4a77-8847-9774700f75f2"
        }
      ],
      "dialogChangeNodes": [
        {
          "targetDialogId": "new_topic_2bf23930c1d146129dfe38bacb94ccd0_aeabea4d071f415c8c107e1cb7af5424_assumedsuccess",
          "nodeType": "DialogChangeNode",
          "id": "9c62fe1a-534c-4a77-8847-9774700f75f2"
        }
      ],
      "id": "new_topic_cd3c4871037d4ab6ae2621d387214def",
      "displayName": "Dialog for Office는 PC, Mac 및 모바일 장치에서 동일합니까?",
      "createdTime": "2021-03-18T03:39:18.7456548Z",
      "updatedTime": "2021-03-18T03:39:18.7456548Z",
      "createdUserId": "e47109d8-0300-4e59-a90d-56bb29886c9e",
      "updatedUserId": "e47109d8-0300-4e59-a90d-56bb29886c9e"
    }
  ],
  "botMessages": [
    {
      "channelContent": {
        "web": {
          "contentFormat": "Markdown",
          "content": "아니요. Office 응용 프로그램은 각 플랫폼 및 장치에서 가장 잘 작동하도록 맞춤화 되어 있습니다. Mac 사용자가 사용할 수 있는 Office 응용 프로그램과 버전 번호는 PC 사용자가 사용할 수 있는 응용 프로그램과 버전 번호와 다를 수 있습니다."
        }
      },
      "id": "eaa288b5-0a65-4d4f-a5e5-7cf4ebf5b316",
      "createdTime": "2021-03-18T03:39:18.7456548Z",
      "updatedTime": "2021-03-18T03:39:18.7456548Z",
      "createdUserId": "e47109d8-0300-4e59-a90d-56bb29886c9e",
      "updatedUserId": "e47109d8-0300-4e59-a90d-56bb29886c9e"
    }
  ],
  "createdUtc": "0001-01-01T00:00:00Z"
}