{
  "intents": [
    {
      "endUserOverrideName": "Max. aantal leden",
      "triggerQueries": [
        "Hoeveel mensen kan ik aan een team toevoegen?",
        "wat is het max aantal leden per team",
        "wat is het max aantal mensen per team",
        "Wat is het max aantal leden per team",
        "wat is het maximale aantal mensen per team",
        "hoeveel mensen zitten er in een team",
        "hoeveel mensen kunnen er in een team",
        "Hoeveel mensen kunnen er in een team"
      ],
      "dialogId": "new_topic_69ae961ae34243b89c02e39d18b0522e",
      "isTriggeringEnabled": true,
      "canTriggeringBeDisabled": true,
      "id": "new_topic_69ae961ae34243b89c02e39d18b0522e",
      "displayName": "Max. aantal leden in een team",
      "description": "",
      "createdTime": "2021-03-24T21:55:59.0414265Z",
      "updatedTime": "2021-03-24T21:58:36.1406608Z",
      "createdUserId": "c1e90dc0-1df0-459d-8164-0dcb7915deaf",
      "isManaged": false,
      "isCustomizable": true,
      "etag": "W/\"1095533\"",
      "versionNumber": 1095533,
      "componentId": "7aff04b7-eb8c-eb11-b1ac-000d3a4cdb28"
    }
  ],
  "dialogs": [
    {
      "rootNodeId": "1a37f79a-ae22-4a79-b806-13a9705cb7f5",
      "messageNodes": [
        {
          "botMessageId": "c77fde4c-c245-4b5d-afe1-88589efc7370",
          "nodeType": "BotMessageNode",
          "id": "1a37f79a-ae22-4a79-b806-13a9705cb7f5",
          "defaultTargetNodeId": "00a041ed-8f38-4a51-83a8-38c5b32f4b56"
        },
        {
          "botMessageId": "c0848972-8856-46e9-8746-c9e85c204cbf",
          "nodeType": "BotMessageNode",
          "id": "00a041ed-8f38-4a51-83a8-38c5b32f4b56",
          "defaultTargetNodeId": "6dacd374-dbb9-49f6-8475-f6dc8cbed167"
        },
        {
          "botMessageId": "8b85b491-d07c-48d7-88f3-77ce9e6efd64",
          "nodeType": "BotMessageNode",
          "id": "6dacd374-dbb9-49f6-8475-f6dc8cbed167",
          "defaultTargetNodeId": "7ccf92bc-114a-4560-875b-09a6a1a52ce3"
        }
      ],
      "dialogChangeNodes": [
        {
          "targetDialogId": "new_topic_9d295c394a47419da3b4d205b7ed4c20_aeabea4d071f415c8c107e1cb7af5424_assumedsuccess",
          "nodeType": "DialogChangeNode",
          "id": "7ccf92bc-114a-4560-875b-09a6a1a52ce3"
        }
      ],
      "id": "new_topic_69ae961ae34243b89c02e39d18b0522e",
      "displayName": "Dialog for Max. aantal leden in een team",
      "createdTime": "2021-03-24T21:55:59.0414265Z",
      "updatedTime": "2021-03-25T13:18:40.5960809Z",
      "createdUserId": "c1e90dc0-1df0-459d-8164-0dcb7915deaf",
      "updatedUserId": "c1e90dc0-1df0-459d-8164-0dcb7915deaf",
      "versionNumber": 0,
      "componentId": "00000000-0000-0000-0000-000000000000"
    }
  ],
  "botMessages": [
    {
      "channelContent": {
        "web": {
          "contentFormat": "Markdown",
          "content": "*   Er kunnen 25.000 leden in een team (Maart 2021). [Bekijk altijd de laatste updates.](https://docs.microsoft.com/nl-nl/microsoftteams/limits-specifications-teams)"
        }
      },
      "id": "c77fde4c-c245-4b5d-afe1-88589efc7370",
      "createdTime": "2021-03-24T21:55:59.0414265Z",
      "updatedTime": "2021-03-24T21:55:59.0414265Z",
      "createdUserId": "c1e90dc0-1df0-459d-8164-0dcb7915deaf",
      "updatedUserId": "c1e90dc0-1df0-459d-8164-0dcb7915deaf",
      "versionNumber": 0,
      "componentId": "00000000-0000-0000-0000-000000000000"
    },
    {
      "channelContent": {
        "web": {
          "contentFormat": "Markdown",
          "content": "*   Max. aantal kanalen is 200.\n*   Max. aantal privé kanalen is 30.\n*   Max. aantal leden in een privé kanaal is 250."
        }
      },
      "id": "c0848972-8856-46e9-8746-c9e85c204cbf",
      "createdTime": "2021-03-24T21:58:01.43Z",
      "updatedTime": "2021-03-24T21:58:01.43Z",
      "createdUserId": "user-0",
      "updatedUserId": "user-0",
      "versionNumber": 0,
      "componentId": "00000000-0000-0000-0000-000000000000"
    },
    {
      "channelContent": {
        "web": {
          "contentFormat": "Markdown",
          "content": "[Meer info & aantallen in Teams](https://docs.microsoft.com/nl-nl/microsoftteams/limits-specifications-teams)"
        }
      },
      "id": "8b85b491-d07c-48d7-88f3-77ce9e6efd64",
      "createdTime": "2021-03-24T21:58:05.466Z",
      "updatedTime": "2021-03-24T21:58:05.466Z",
      "createdUserId": "user-0",
      "updatedUserId": "user-0",
      "versionNumber": 0,
      "componentId": "00000000-0000-0000-0000-000000000000"
    }
  ],
  "createdUtc": "0001-01-01T00:00:00Z"
}