{
  "intents": [
    {
      "triggerQueries": [
        "Kan jeg avslutte møte for alle med en gang?",
        "Avslutt møte for alle som deltar",
        "Avslutt et møte for alle deltagere"
      ],
      "dialogId": "new_topic_873127988e4a4b0fa3eb10986ee36867",
      "isTriggeringEnabled": true,
      "id": "new_topic_873127988e4a4b0fa3eb10986ee36867",
      "displayName": "Avslutt et møte for alle deltagere",
      "description": "",
      "createdTime": "2021-04-10T07:44:43.3856855Z",
      "updatedTime": "2021-04-10T07:44:43.3856855Z",
      "createdUserId": "ef0c8b9a-eff1-49f8-92fa-fd1d3e15e1ba"
    }
  ],
  "dialogs": [
    {
      "rootNodeId": "7539baec-1a2a-4be6-ab7a-8d623be04514",
      "messageNodes": [
        {
          "botMessageId": "d4c5289a-6531-407d-b478-d87b132ee37c",
          "nodeType": "BotMessageNode",
          "id": "7539baec-1a2a-4be6-ab7a-8d623be04514",
          "defaultTargetNodeId": "b61c89cf-4286-4d6c-b87c-8a22dc26f0b8"
        },
        {
          "botMessageId": "b27072f4-d920-4031-a9de-f4c372547fa4",
          "nodeType": "BotMessageNode",
          "id": "b61c89cf-4286-4d6c-b87c-8a22dc26f0b8",
          "defaultTargetNodeId": "3e4ca1b0-37b6-493f-9c2a-acb79a9413c3"
        }
      ],
      "dialogChangeNodes": [
        {
          "targetDialogId": "new_topic_89c49d37fd4c4c1c9144396960733ce1_aeabea4d071f415c8c107e1cb7af5424_assumedsuccess",
          "nodeType": "DialogChangeNode",
          "id": "3e4ca1b0-37b6-493f-9c2a-acb79a9413c3"
        }
      ],
      "id": "new_topic_873127988e4a4b0fa3eb10986ee36867",
      "displayName": "Dialog for Avslutt et møte for alle deltagere",
      "createdTime": "2021-04-10T07:44:43.3856855Z",
      "updatedTime": "2021-04-10T07:45:08.5854848Z",
      "createdUserId": "ef0c8b9a-eff1-49f8-92fa-fd1d3e15e1ba",
      "updatedUserId": "ef0c8b9a-eff1-49f8-92fa-fd1d3e15e1ba"
    }
  ],
  "botMessages": [
    {
      "channelContent": {
        "web": {
          "contentFormat": "Markdown",
          "content": "Hvis du vil avslutte et møte som pågår, går du til møtekontrollene og velger **Flere handlinger**… > **Avslutt møtet**."
        }
      },
      "id": "d4c5289a-6531-407d-b478-d87b132ee37c",
      "createdTime": "2021-04-10T07:44:43.3856855Z",
      "updatedTime": "2021-04-10T07:44:43.3856855Z",
      "createdUserId": "ef0c8b9a-eff1-49f8-92fa-fd1d3e15e1ba",
      "updatedUserId": "ef0c8b9a-eff1-49f8-92fa-fd1d3e15e1ba"
    },
    {
      "channelContent": {
        "web": {
          "contentFormat": "Markdown",
          "content": "Du blir bedt om å bekrefte. Når du gjør dette, avsluttes møtet for alle med én gang."
        }
      },
      "id": "b27072f4-d920-4031-a9de-f4c372547fa4",
      "createdTime": "2021-04-10T07:44:55.433Z",
      "updatedTime": "2021-04-10T07:44:55.433Z",
      "createdUserId": "user-0",
      "updatedUserId": "user-0"
    }
  ],
  "createdUtc": "0001-01-01T00:00:00Z"
}