{
  "intents": [
    {
      "endUserOverrideName": "Wie kann man von überall aus fernarbeiten (M365)?",
      "triggerQueries": [
        "modern work",
        "remote work mit office 365",
        "Remote Work",
        "unabhänging vom Ort arbeiten?",
        "von jedem Ort aus arbeiten?",
        "Wie arbeitet man von jedem Ort aus?",
        "wie ist Teams mit Microsoft 365 verbunden?",
        "welche tools kann ich zu Hause verwenden?",
        "wie kann ich von überall aus arbeiten?",
        "von zu Hause aus arbeiten",
        "Fernarbeitsplatz"
      ],
      "dialogId": "new_topic_58196de5720d4370a3cc351856fa60fe",
      "isTriggeringEnabled": true,
      "id": "new_topic_58196de5720d4370a3cc351856fa60fe",
      "displayName": "Wie kann man von überall aus fernarbeiten?",
      "description": "https://adoptbotv2kb.blob.core.windows.net/%24web/AdoptBot2021-English.docx",
      "createdTime": "2021-04-18T10:09:07.0398219Z",
      "updatedTime": "2021-04-18T10:09:07.0398219Z",
      "createdUserId": "86360cd1-faa6-4d16-8a0c-ba3116c8a977"
    }
  ],
  "dialogs": [
    {
      "rootNodeId": "e5311cc6-6223-47f5-8433-bc301b1698f2",
      "messageNodes": [
        {
          "botMessageId": "4885c691-30c1-49c8-9af8-e52287e4402c",
          "nodeType": "BotMessageNode",
          "id": "e5311cc6-6223-47f5-8433-bc301b1698f2",
          "defaultTargetNodeId": "6cdc7405-d5a1-4bd0-8af8-8cd0a24da7db"
        }
      ],
      "dialogChangeNodes": [
        {
          "targetDialogId": "new_topic_30867099f4b543d3b8543a85c22c3418_aeabea4d071f415c8c107e1cb7af5424_assumedsuccess",
          "nodeType": "DialogChangeNode",
          "id": "6cdc7405-d5a1-4bd0-8af8-8cd0a24da7db"
        }
      ],
      "id": "new_topic_58196de5720d4370a3cc351856fa60fe",
      "displayName": "Dialog for Wie kann man von überall aus fernarbeiten?",
      "createdTime": "2021-04-18T10:09:07.0398219Z",
      "updatedTime": "2021-04-18T10:09:55.5191864Z",
      "createdUserId": "86360cd1-faa6-4d16-8a0c-ba3116c8a977",
      "updatedUserId": "86360cd1-faa6-4d16-8a0c-ba3116c8a977"
    }
  ],
  "botMessages": [
    {
      "channelContent": {
        "web": {
          "contentFormat": "Markdown",
          "content": "[Zusammenarbeit von überall aus mit Microsoft 365](https://support.microsoft.com/de-de/office/zusammenarbeit-von-%c3%bcberall-aus-mit-microsoft-365-ac05a41e-0b49-4420-9ebc-190ee4e744f4?ui=de-DE&rs=de-DE&ad=DE)\n\n\\- Wie Sie aus der Ferne besser zusammenarbeiten können, und zwar in allen Bereichen von Microsoft 365 (einschließlich Teams)."
        }
      },
      "id": "4885c691-30c1-49c8-9af8-e52287e4402c",
      "createdTime": "2021-04-18T10:09:07.0398219Z",
      "updatedTime": "2021-04-18T10:09:07.0398219Z",
      "createdUserId": "86360cd1-faa6-4d16-8a0c-ba3116c8a977",
      "updatedUserId": "86360cd1-faa6-4d16-8a0c-ba3116c8a977"
    }
  ]
}