{
  "intents": [
    {
      "endUserOverrideName": "使用者能否獲得個人會議ID？",
      "triggerQueries": [
        "自己的會議ID",
        "有自己的會議ID？",
        "我們能否創建獨特的會議ID？",
        "使用者能否獲得個人會議ID？",
        "Get your own conference ID?",
        "Can we create unique conference IDs?",
        "Can a user get a personal conference ID?"
      ],
      "dialogId": "new_topic_840fb21e09aa491d99f0b8f9d8965d6f",
      "isTriggeringEnabled": true,
      "id": "new_topic_840fb21e09aa491d99f0b8f9d8965d6f",
      "displayName": "使用者能否獲得個人會議ID？",
      "description": "https://adoptbotv2kb.blob.core.windows.net/%24web/AdoptBot2021-English.docx",
      "createdTime": "2021-11-17T07:12:37.1868423Z",
      "updatedTime": "2021-11-17T07:12:52.5930782Z",
      "createdUserId": "9c968d43-f7c2-4e28-895c-1f6bcefcd8be",
      "updatedUserId": "9c968d43-f7c2-4e28-895c-1f6bcefcd8be"
    }
  ],
  "dialogs": [
    {
      "rootNodeId": "605c883d-0e8d-4d09-bd45-3c49c1f2bd70",
      "messageNodes": [
        {
          "botMessageId": "2c6b37a8-c13a-42d7-adb1-c0bf2f0d639e",
          "nodeType": "BotMessageNode",
          "id": "605c883d-0e8d-4d09-bd45-3c49c1f2bd70",
          "defaultTargetNodeId": "4cd989b3-d96d-4e2e-a91d-40f289a2febf"
        }
      ],
      "dialogChangeNodes": [
        {
          "targetDialogId": "new_topic_e2d1671328b941dbb60fa7150059b1ee_aeabea4d071f415c8c107e1cb7af5424_assumedsuccess",
          "nodeType": "DialogChangeNode",
          "id": "4cd989b3-d96d-4e2e-a91d-40f289a2febf"
        }
      ],
      "id": "new_topic_840fb21e09aa491d99f0b8f9d8965d6f",
      "displayName": "Dialog for 使用者能否獲得個人會議ID？",
      "createdTime": "2021-11-17T07:12:37.1868423Z",
      "updatedTime": "2021-11-17T07:12:52.5930782Z",
      "createdUserId": "9c968d43-f7c2-4e28-895c-1f6bcefcd8be",
      "updatedUserId": "9c968d43-f7c2-4e28-895c-1f6bcefcd8be"
    }
  ],
  "botMessages": [
    {
      "channelContent": {
        "web": {
          "contentFormat": "Markdown",
          "content": "Microsoft 團隊使用者將被隨機分配會議 ID，並且不能保留或輸入僅可使用的靜態會議 ID。"
        }
      },
      "id": "2c6b37a8-c13a-42d7-adb1-c0bf2f0d639e",
      "createdTime": "2021-11-17T07:12:37.1868423Z",
      "updatedTime": "2021-11-17T07:12:37.1868423Z",
      "createdUserId": "9c968d43-f7c2-4e28-895c-1f6bcefcd8be",
      "updatedUserId": "9c968d43-f7c2-4e28-895c-1f6bcefcd8be"
    }
  ]
}