{
  "intents": [
    {
      "intentType": "Regular",
      "endUserOverrideName": "Planner and To Do (Tasks app in Teams)",
      "triggerQueries": [
        "Explain the tasks app in teams",
        "Tasks app for Planner and To Do",
        "How are planner and todo connected in Teams?",
        "tasks app in Microsoft Teams",
        "Tasks by planner and To Do",
        "planning tools for groups",
        "Planner i Teams?",
        "I want to use Planner",
        "move our planner to teams",
        "work with planner in Teams",
        "access our planner via teams",
        "handing out tasks in Planner",
        "use planner in the team?",
        "Can I use Planner in Teams?"
      ],
      "dialogId": "new_topic_868c068928df4611b43d4c294432a180",
      "isTriggeringEnabled": true,
      "id": "new_topic_868c068928df4611b43d4c294432a180",
      "displayName": "Can I use Planner in Teams?",
      "description": "https://adoptbotv2kb.blob.core.windows.net/%24web/AdoptBot2021-English.docx",
      "createdTime": "2021-01-13T22:20:51.2371466Z",
      "updatedTime": "2021-01-27T14:37:46.6590642Z",
      "createdUserId": "f04d3cd9-b73d-4ba9-a1ed-9319eba29b21",
      "updatedUserId": "f04d3cd9-b73d-4ba9-a1ed-9319eba29b21"
    }
  ],
  "dialogs": [
    {
      "rootNodeId": "484088c5-abe6-4d73-82dc-f1ed97ae164f",
      "messageNodes": [
        {
          "botMessageId": "909ae7e3-ead4-472d-a3bf-4b7d31687513",
          "nodeType": "BotMessageNode",
          "id": "484088c5-abe6-4d73-82dc-f1ed97ae164f",
          "defaultTargetNodeId": "903b1eba-008b-4d4f-934d-286936534e64"
        },
        {
          "botMessageId": "d38e5ab5-f612-47a1-b5ef-7e75f727dbe8",
          "nodeType": "BotMessageNode",
          "id": "903b1eba-008b-4d4f-934d-286936534e64",
          "defaultTargetNodeId": "e718f01e-31dc-4415-8ba3-69af943004af"
        },
        {
          "botMessageId": "4f49788b-198f-445f-8e62-8e8621d427db",
          "nodeType": "BotMessageNode",
          "id": "e718f01e-31dc-4415-8ba3-69af943004af",
          "defaultTargetNodeId": "4ee0671a-f922-4c24-abbc-38803f3df647"
        },
        {
          "botMessageId": "b2d5c27b-56e0-4ab7-9102-7b82151e6265",
          "nodeType": "BotMessageNode",
          "id": "4ee0671a-f922-4c24-abbc-38803f3df647",
          "defaultTargetNodeId": "7bec9a96-0b07-46cc-bf66-6bbc98888b2e"
        }
      ],
      "dialogChangeNodes": [
        {
          "targetDialogId": "new_topic_eac3f49c99664313a9d9dc19d80a79a2_aeabea4d071f415c8c107e1cb7af5424_assumedsuccess",
          "nodeType": "DialogChangeNode",
          "id": "7bec9a96-0b07-46cc-bf66-6bbc98888b2e"
        }
      ],
      "id": "new_topic_868c068928df4611b43d4c294432a180",
      "displayName": "Dialog for Can I use Planner in Teams?",
      "createdTime": "2021-01-13T22:20:51.2371466Z",
      "updatedTime": "2021-01-27T13:02:28.6435117Z",
      "createdUserId": "f04d3cd9-b73d-4ba9-a1ed-9319eba29b21",
      "updatedUserId": "f04d3cd9-b73d-4ba9-a1ed-9319eba29b21"
    }
  ],
  "botMessages": [
    {
      "channelContent": {
        "web": {
          "contentFormat": "Markdown",
          "content": "Good news for fans of organization and collaboration. **Teams**, **Planner** and **To Do** go hand in hand!  \nSee this guide for the latest updates:  \n[Use the Tasks app in Teams (microsoft.com)](https://support.microsoft.com/en-us/office/use-the-tasks-app-in-teams-e32639f3-2e07-4b62-9a8c-fd706c12c070)"
        }
      },
      "id": "909ae7e3-ead4-472d-a3bf-4b7d31687513",
      "createdTime": "2021-01-13T22:20:51.2371466Z",
      "updatedTime": "2021-01-13T22:20:51.2371466Z",
      "createdUserId": "f04d3cd9-b73d-4ba9-a1ed-9319eba29b21",
      "updatedUserId": "f04d3cd9-b73d-4ba9-a1ed-9319eba29b21"
    },
    {
      "channelContent": {
        "web": {
          "contentFormat": "Markdown",
          "content": "To start using them together, add a Planner tab (Tasks) to Teams.   \nJust click Add a tab next to your tabs at the top of a channel."
        }
      },
      "id": "d38e5ab5-f612-47a1-b5ef-7e75f727dbe8",
      "createdTime": "2021-01-27T12:51:02.989Z",
      "updatedTime": "2021-01-27T12:51:02.989Z",
      "createdUserId": "user-0",
      "updatedUserId": "user-0"
    },
    {
      "channelContent": {
        "web": {
          "contentFormat": "Markdown",
          "content": "Select Planner (tasks), then do one of the following:\n\n*   Click Create a New Plan and type a name for the new Planner board.\n*   Click Use an Existing Plan and select an existing Planner board from the menu."
        }
      },
      "id": "4f49788b-198f-445f-8e62-8e8621d427db",
      "createdTime": "2021-01-27T12:51:12.33Z",
      "updatedTime": "2021-01-27T12:51:12.33Z",
      "createdUserId": "user-0",
      "updatedUserId": "user-0"
    },
    {
      "channelContent": {
        "web": {
          "contentFormat": "Markdown",
          "content": "If you want to delve deeper into the details to manage your Planner tasks in Teams in the Tasks app, see how to [use Planner in Microsoft Teams.](https://support.microsoft.com/en-us/office/anv%C3%A4nda-planner-i-microsoft-teams-62798a9f-e8f7-4722-a700-27dd28a06ee0)"
        }
      },
      "id": "b2d5c27b-56e0-4ab7-9102-7b82151e6265",
      "createdTime": "2021-01-27T12:51:44.653Z",
      "updatedTime": "2021-01-27T12:51:44.653Z",
      "createdUserId": "user-0",
      "updatedUserId": "user-0"
    }
  ]
}