{
  "intents": [
    {
      "triggerQueries": [
        "Meeting 녹음 시작",
        "Meeting 녹화 시작",
        "Meeting Record 시작",
        "모임 녹음 Start",
        "모임 녹음 시작",
        "회의 기록",
        "Meeting 녹음",
        "Meeting 녹화",
        "Meeting Record",
        "모임 녹음",
        "회의 녹화",
        "Teams 미팅 녹음/녹화란?"
      ],
      "dialogId": "new_topic_cb62d2b98c0b4d2288cd64533866ca0a",
      "isTriggeringEnabled": true,
      "id": "new_topic_cb62d2b98c0b4d2288cd64533866ca0a",
      "displayName": "Teams 미팅 녹음/녹화란?",
      "description": "https://adoptbotv2kb.blob.core.windows.net/%24web/adoptbot2021-Korean.docx",
      "createdTime": "2021-03-18T03:39:18.7476571Z",
      "updatedTime": "2021-03-25T04:54:30.0677108Z",
      "createdUserId": "e47109d8-0300-4e59-a90d-56bb29886c9e",
      "updatedUserId": "e47109d8-0300-4e59-a90d-56bb29886c9e"
    }
  ],
  "dialogs": [
    {
      "rootNodeId": "d9f63378-9f75-4d61-822d-e01ea6f1bf5a",
      "messageNodes": [
        {
          "botMessageId": "0ec61cd7-e3e5-4182-b4fc-1fd3f7ded13b",
          "nodeType": "BotMessageNode",
          "id": "d9f63378-9f75-4d61-822d-e01ea6f1bf5a",
          "defaultTargetNodeId": "a2847713-c982-4881-a7a1-aa17e2dc1db3"
        },
        {
          "botMessageId": "8a172bcd-49d8-4b83-a1fa-26813961c70e",
          "nodeType": "BotMessageNode",
          "id": "a2847713-c982-4881-a7a1-aa17e2dc1db3",
          "defaultTargetNodeId": "cc5e314c-b108-4508-8c89-114926a77724"
        }
      ],
      "dialogChangeNodes": [
        {
          "targetDialogId": "new_topic_2bf23930c1d146129dfe38bacb94ccd0_aeabea4d071f415c8c107e1cb7af5424_assumedsuccess",
          "nodeType": "DialogChangeNode",
          "id": "cc5e314c-b108-4508-8c89-114926a77724"
        }
      ],
      "id": "new_topic_cb62d2b98c0b4d2288cd64533866ca0a",
      "displayName": "Dialog for Teams 미팅 녹음/녹화란?",
      "createdTime": "2021-03-18T03:39:18.7476571Z",
      "updatedTime": "2021-03-25T04:53:24.2570637Z",
      "createdUserId": "e47109d8-0300-4e59-a90d-56bb29886c9e",
      "updatedUserId": "e47109d8-0300-4e59-a90d-56bb29886c9e"
    }
  ],
  "botMessages": [
    {
      "channelContent": {
        "web": {
          "contentFormat": "Markdown",
          "content": "모임을 녹화하려면 모임을 시작하거나 참여해야 합니다."
        }
      },
      "id": "0ec61cd7-e3e5-4182-b4fc-1fd3f7ded13b",
      "createdTime": "2021-03-25T04:50:26.698Z",
      "updatedTime": "2021-03-25T04:50:26.698Z",
      "createdUserId": "user-0",
      "updatedUserId": "user-0"
    },
    {
      "channelContent": {
        "web": {
          "contentFormat": "Markdown",
          "content": "**모임 녹음을 시작하려면**\n\n1.  모임 컨트롤에서 기타 옵션(...)을 선택하고 녹음 시작을 선택합니다.\n2.  회의의 모든 사람들은 녹음이 시작되었고 채팅의 메시지가 이를 확인한다는 것을 알게됩니다.\n3.  같은 방법으로 레코딩을 종료합니다.\n\n자세한 내용은 이 문서를 참조하십시오: [Teams클라우드 모임 녹음/녹화](https://docs.microsoft.com/ko-kr/microsoftteams/cloud-recording)"
        }
      },
      "id": "8a172bcd-49d8-4b83-a1fa-26813961c70e",
      "createdTime": "2021-03-25T04:51:13.725Z",
      "updatedTime": "2021-03-25T04:51:13.725Z",
      "createdUserId": "user-0",
      "updatedUserId": "user-0"
    }
  ],
  "createdUtc": "0001-01-01T00:00:00Z"
}