{
  "intents": [
    {
      "intentType": "Regular",
      "endUserOverrideName": "New documents compatible with old versions of Office?",
      "triggerQueries": [
        "can newly created files in Teams open in older versions of office?",
        "Can old office open new files?",
        "Open my documents in old versions of office",
        "Can I work with someone who has an old office?",
        "Open new documents in old versions of office?",
        "Open new files in old versions of Office?",
        "Open new files from 365 in old versions of Office?",
        "Can people with earlier versions of Office open documents I've created using Office 365?"
      ],
      "dialogId": "new_topic_67febed06ee648d5ae2f35d17312e0f7",
      "isTriggeringEnabled": true,
      "id": "new_topic_67febed06ee648d5ae2f35d17312e0f7",
      "displayName": "Can people with earlier versions of Office open documents I've created using Office 365?",
      "description": "https://adoptbotv2kb.blob.core.windows.net/%24web/AdoptBot2021-English.docx",
      "createdTime": "2021-01-13T22:20:51.2381463Z",
      "updatedTime": "2021-01-27T23:07:22.250395Z",
      "createdUserId": "f04d3cd9-b73d-4ba9-a1ed-9319eba29b21",
      "updatedUserId": "f04d3cd9-b73d-4ba9-a1ed-9319eba29b21"
    }
  ],
  "dialogs": [
    {
      "rootNodeId": "b7961d09-bd1b-4383-b0e6-97c659070891",
      "messageNodes": [
        {
          "botMessageId": "a07eca79-a4fc-4653-a35d-9d56537f764d",
          "nodeType": "BotMessageNode",
          "id": "b7961d09-bd1b-4383-b0e6-97c659070891",
          "defaultTargetNodeId": "8ca62208-5178-4c80-a985-b0ac1546271e"
        }
      ],
      "dialogChangeNodes": [
        {
          "targetDialogId": "new_topic_eac3f49c99664313a9d9dc19d80a79a2_aeabea4d071f415c8c107e1cb7af5424_assumedsuccess",
          "nodeType": "DialogChangeNode",
          "id": "8ca62208-5178-4c80-a985-b0ac1546271e"
        }
      ],
      "id": "new_topic_67febed06ee648d5ae2f35d17312e0f7",
      "displayName": "Dialog for Can people with earlier versions of Office open documents I've created using Office 365?",
      "createdTime": "2021-01-13T22:20:51.2381463Z",
      "updatedTime": "2021-01-13T22:20:51.2381463Z",
      "createdUserId": "f04d3cd9-b73d-4ba9-a1ed-9319eba29b21",
      "updatedUserId": "f04d3cd9-b73d-4ba9-a1ed-9319eba29b21"
    }
  ],
  "botMessages": [
    {
      "channelContent": {
        "web": {
          "contentFormat": "Markdown",
          "content": "People using Office 365, Office 2019, Office 2016, Office 2013, and Office 2010 applications can open documents created using Microsoft 365 without any further action."
        }
      },
      "id": "a07eca79-a4fc-4653-a35d-9d56537f764d",
      "createdTime": "2021-01-13T22:20:51.2381463Z",
      "updatedTime": "2021-01-13T22:20:51.2381463Z",
      "createdUserId": "f04d3cd9-b73d-4ba9-a1ed-9319eba29b21",
      "updatedUserId": "f04d3cd9-b73d-4ba9-a1ed-9319eba29b21"
    }
  ]
}