{
  "intents": [
    {
      "endUserOverrideName": "會議期間的操作員支援？",
      "triggerQueries": [
        "會議期間的操作支援？",
        "使用者能否在會議期間獲得操作説明？",
        "會議期間客服的即時支援？",
        "會議期間的即時支援？",
        "客戶服務員工在開會時的支援？",
        "電信運營商的協助？",
        "在會議期間使用操作員支援？",
        "會議期間的操作員支援？",
        "Operator assistance during a meeting?",
        "assistance of the operator during a meeting?",
        "assistance from a telecommunications operator?",
        "assistance from customer service employees during a meeting?",
        "live help during a meeting?",
        "live support from agent during a meeting?",
        "Can a user receive operator assistance during a meeting?"
      ],
      "dialogId": "new_topic_01d90f694c0541009db8d50450ed3940",
      "isTriggeringEnabled": true,
      "id": "new_topic_01d90f694c0541009db8d50450ed3940",
      "displayName": "使用者能否在會議期間獲得操作員支援？",
      "description": "https://adoptbotv2kb.blob.core.windows.net/%24web/AdoptBot2021-English.docx",
      "createdTime": "2021-11-17T07:35:37.1075422Z",
      "updatedTime": "2021-11-17T07:35:56.1571622Z",
      "createdUserId": "9c968d43-f7c2-4e28-895c-1f6bcefcd8be",
      "updatedUserId": "9c968d43-f7c2-4e28-895c-1f6bcefcd8be"
    }
  ],
  "dialogs": [
    {
      "rootNodeId": "54ea0ffe-a6ac-48a0-94ae-df6d75af37b0",
      "messageNodes": [
        {
          "botMessageId": "30aefdda-7f5b-40e2-966f-2cb6ec4c5fcc",
          "nodeType": "BotMessageNode",
          "id": "54ea0ffe-a6ac-48a0-94ae-df6d75af37b0",
          "defaultTargetNodeId": "90da8fc4-9e8e-4535-a96f-b22a4f9b3632"
        },
        {
          "botMessageId": "a7e061d9-a105-4575-9a87-7fa8558a27c3",
          "nodeType": "BotMessageNode",
          "id": "90da8fc4-9e8e-4535-a96f-b22a4f9b3632",
          "defaultTargetNodeId": "7a4743ab-0633-485c-914c-b1098f7a2077"
        }
      ],
      "dialogChangeNodes": [
        {
          "targetDialogId": "new_topic_e2d1671328b941dbb60fa7150059b1ee_aeabea4d071f415c8c107e1cb7af5424_assumedsuccess",
          "nodeType": "DialogChangeNode",
          "id": "7a4743ab-0633-485c-914c-b1098f7a2077"
        }
      ],
      "id": "new_topic_01d90f694c0541009db8d50450ed3940",
      "displayName": "Dialog for 使用者能否在會議期間獲得操作員支援？",
      "createdTime": "2021-11-17T07:35:37.1075422Z",
      "updatedTime": "2021-11-17T07:35:56.1571622Z",
      "createdUserId": "9c968d43-f7c2-4e28-895c-1f6bcefcd8be",
      "updatedUserId": "9c968d43-f7c2-4e28-895c-1f6bcefcd8be"
    }
  ],
  "botMessages": [
    {
      "channelContent": {
        "web": {
          "contentFormat": "Markdown",
          "content": "用戶無法在會議期間按 \\*0 獲得操作員説明或支援。"
        }
      },
      "id": "30aefdda-7f5b-40e2-966f-2cb6ec4c5fcc",
      "createdTime": "2021-11-17T07:35:37.1075422Z",
      "updatedTime": "2021-11-17T07:35:37.1075422Z",
      "createdUserId": "9c968d43-f7c2-4e28-895c-1f6bcefcd8be",
      "updatedUserId": "9c968d43-f7c2-4e28-895c-1f6bcefcd8be"
    },
    {
      "channelContent": {
        "web": {
          "contentFormat": "Markdown",
          "content": "如果存在音訊會議問題，組織管理員可以聯繫 [Microsoft 支援](https://docs.microsoft.com/zh-tw/microsoft-365/business-video/get-help-support?redirectSourcePath=%252farticle%252fMicrosoft-support-for-Office-365-32a17ca7-6fa0-4870-8a8d-e25ba4ccfd4b&view=o365-worldwide)"
        }
      },
      "id": "a7e061d9-a105-4575-9a87-7fa8558a27c3",
      "createdTime": "2021-11-17T07:35:45.08Z",
      "updatedTime": "2021-11-17T07:35:45.08Z",
      "createdUserId": "user-0",
      "updatedUserId": "user-0"
    }
  ]
}