{
  "intents": [
    {
      "intentType": "Regular",
      "endUserOverrideName": "Boka mötet direkt i Teams?",
      "triggerQueries": [
        "Boka möte från kalendern",
        "Boka möte från kalendern i Teams",
        "Skapa en mötesserie",
        "Schemalägg ett möte",
        "Boka mötet direkt i Teams?",
        "Boka ett möte från outlook?",
        "Jag vill boka möte!",
        "Hur bokar jag ett Teamsmöte?",
        "Hur bokar jag möte?",
        "Kan jag boka in ett möte direkt från Teams?"
      ],
      "dialogId": "new_topic_0671f01a8c0545cf9acec136fb62ff5d",
      "isTriggeringEnabled": true,
      "id": "new_topic_0671f01a8c0545cf9acec136fb62ff5d",
      "displayName": "Kan jag boka in ett möte direkt från Teams?",
      "description": "",
      "createdTime": "2020-11-24T14:37:53.8220925Z",
      "updatedTime": "2020-12-11T11:12:28.7755156Z",
      "createdUserId": "f04d3cd9-b73d-4ba9-a1ed-9319eba29b21",
      "updatedUserId": "f04d3cd9-b73d-4ba9-a1ed-9319eba29b21"
    }
  ],
  "dialogs": [
    {
      "rootNodeId": "1b32f835-ce07-44f5-a3b9-658c47f09c73",
      "messageNodes": [
        {
          "botMessageId": "b5b6cdd8-911d-46d7-bf7c-b36fb645ddf6",
          "nodeType": "BotMessageNode",
          "id": "1b32f835-ce07-44f5-a3b9-658c47f09c73",
          "defaultTargetNodeId": "ec49ce77-b2e9-4559-a91d-294ad04fb50d"
        },
        {
          "botMessageId": "ce76bf76-a191-48f3-8093-12d1143690d4",
          "nodeType": "BotMessageNode",
          "id": "21dc9d51-5c76-4b13-8cb6-6dd5aaa79791",
          "defaultTargetNodeId": "ac2cac11-cdb6-46dc-9538-a6f2c248b642"
        },
        {
          "botMessageId": "460ae70d-be8e-4558-b4e6-680787e452d5",
          "nodeType": "BotMessageNode",
          "id": "ec49ce77-b2e9-4559-a91d-294ad04fb50d",
          "defaultTargetNodeId": "21dc9d51-5c76-4b13-8cb6-6dd5aaa79791"
        }
      ],
      "dialogChangeNodes": [
        {
          "targetDialogId": "new_topic_84ec227c19784e7ba25cb34f4638f91e_aeabea4d071f415c8c107e1cb7af5424_assumedsuccess",
          "nodeType": "DialogChangeNode",
          "id": "ac2cac11-cdb6-46dc-9538-a6f2c248b642"
        }
      ],
      "id": "new_topic_0671f01a8c0545cf9acec136fb62ff5d",
      "displayName": "Dialog for Kan jag boka in ett möte direkt från Teams?",
      "createdTime": "2020-11-24T14:37:53.8220925Z",
      "updatedTime": "2020-12-11T11:13:11.512532Z",
      "createdUserId": "f04d3cd9-b73d-4ba9-a1ed-9319eba29b21",
      "updatedUserId": "f04d3cd9-b73d-4ba9-a1ed-9319eba29b21"
    }
  ],
  "botMessages": [
    {
      "channelContent": {
        "web": {
          "contentFormat": "Markdown",
          "content": "Ja! Möten kan antingen konfigureras via Microsoft Teams eller Outlook. Mötet kommer att ses på samma sätt. Starta där det känns bäst för dig att boka. [Prova boka mötet direkt i Teams!](https://support.microsoft.com/sv-se/office/schemal%C3%A4gga-ett-m%C3%B6te-i-teams-943507a9-8583-4c58-b5d2-8ec8265e04e5#ID0EAACAAA=Dator)"
        }
      },
      "id": "b5b6cdd8-911d-46d7-bf7c-b36fb645ddf6",
      "createdTime": "2020-11-24T14:37:53.8220925Z",
      "updatedTime": "2020-11-24T14:37:53.8220925Z",
      "createdUserId": "f04d3cd9-b73d-4ba9-a1ed-9319eba29b21",
      "updatedUserId": "f04d3cd9-b73d-4ba9-a1ed-9319eba29b21"
    },
    {
      "channelContent": {
        "web": {
          "contentFormat": "Markdown",
          "content": "Så här schemalägger du ett möte från Outlook:\n\n*   Gå till fliken Möte i Outlook och välj Teams-möte i Outlook-verktygsfältet\n*   Ange mötesuppgifter och använd schemaassistenten för att hitta passande tid\n*   Inkludera konferensrummet om detta är aktuellt."
        }
      },
      "id": "ce76bf76-a191-48f3-8093-12d1143690d4",
      "createdTime": "2020-12-03T08:37:59.488Z",
      "updatedTime": "2020-12-03T08:37:59.488Z",
      "createdUserId": "user-0",
      "updatedUserId": "user-0"
    },
    {
      "channelContent": {
        "web": {
          "contentFormat": "Markdown",
          "content": "Så här schemalägger du ett möte direkt från Teams:\n\n*   Från Teams går du till Kalendern och klickar på Nytt möte och klickar sedan på Schemalägg ett möte\n*   Välj personer och/eller den kanal du vill bjuda in\n*   Använd schemaassistenten för att hitta en tid som passar de flesta.\n*   Välj hur ofta du vill att mötet ska återkomma (om mötesserie)"
        }
      },
      "id": "460ae70d-be8e-4558-b4e6-680787e452d5",
      "createdTime": "2020-12-03T08:39:04.79Z",
      "updatedTime": "2020-12-03T08:39:04.79Z",
      "createdUserId": "user-0",
      "updatedUserId": "user-0"
    }
  ]
}