{
  "intents": [
    {
      "triggerQueries": [
        "어떻게 공지 알림",
        "눈에 띄는 게시물",
        "배경 게시물 만들기",
        "제목 사진 게시",
        "시각적 게시물",
        "그래픽 게시",
        "멋진 게시물 만들기",
        "메시지 메세지 이미지 배경 만들기",
        "게시물 사진 제목",
        "게시물 사진 배경 추가",
        "공지 발표 하기",
        "공지 사항 디자인",
        "Team 팀 공지 사항 만들기",
        "채널 게시물 포스팅 그림 추가",
        "채널 게시물 포스팅 제목",
        "멋진 게시물을 만들수 있나요?"
      ],
      "dialogId": "new_topic_ada14d613a5a4a45baa69cc5f82965d3",
      "isTriggeringEnabled": true,
      "id": "new_topic_ada14d613a5a4a45baa69cc5f82965d3",
      "displayName": "눈에 띄는 게시물을 만들수 있나요?",
      "description": "https://adoptbotv2kb.blob.core.windows.net/%24web/adoptbot2021-Korean.docx",
      "createdTime": "2021-03-18T03:39:18.7466553Z",
      "updatedTime": "2021-04-23T07:24:57.3234608Z",
      "createdUserId": "e47109d8-0300-4e59-a90d-56bb29886c9e",
      "updatedUserId": "e47109d8-0300-4e59-a90d-56bb29886c9e"
    }
  ],
  "dialogs": [
    {
      "rootNodeId": "0981ac1d-e0b9-4718-9bb5-5882902f763c",
      "messageNodes": [
        {
          "botMessageId": "ea87e214-5476-40f8-b702-2cf94d0525f4",
          "nodeType": "BotMessageNode",
          "id": "0981ac1d-e0b9-4718-9bb5-5882902f763c",
          "defaultTargetNodeId": "e0da11a9-7972-4201-a85e-ed6a46892d46"
        },
        {
          "botMessageId": "c2497d58-2853-4cb9-b29e-b6aac0b20fca",
          "nodeType": "BotMessageNode",
          "id": "e0da11a9-7972-4201-a85e-ed6a46892d46",
          "defaultTargetNodeId": "5fe76ded-e8e1-46f8-9ff5-b2b265801df0"
        },
        {
          "botMessageId": "5906bef2-2e99-4ede-84e2-1f7eb2faad29",
          "nodeType": "BotMessageNode",
          "id": "5fe76ded-e8e1-46f8-9ff5-b2b265801df0",
          "defaultTargetNodeId": "64e596e1-81f1-4ceb-bcd7-64aa74d5fc65"
        },
        {
          "botMessageId": "d4ff37b5-7aba-45b4-a590-ac9611edbf3e",
          "nodeType": "BotMessageNode",
          "id": "64e596e1-81f1-4ceb-bcd7-64aa74d5fc65",
          "defaultTargetNodeId": "7de6ff7d-e32e-4513-80fb-a69ef331893e"
        }
      ],
      "dialogChangeNodes": [
        {
          "targetDialogId": "new_topic_2bf23930c1d146129dfe38bacb94ccd0_aeabea4d071f415c8c107e1cb7af5424_assumedsuccess",
          "nodeType": "DialogChangeNode",
          "id": "7de6ff7d-e32e-4513-80fb-a69ef331893e"
        }
      ],
      "id": "new_topic_ada14d613a5a4a45baa69cc5f82965d3",
      "displayName": "Dialog for 아름다운 게시물을 만들수 있나요?",
      "createdTime": "2021-03-18T03:39:18.7466553Z",
      "updatedTime": "2021-04-06T08:40:13.4826951Z",
      "createdUserId": "e47109d8-0300-4e59-a90d-56bb29886c9e",
      "updatedUserId": "e47109d8-0300-4e59-a90d-56bb29886c9e"
    }
  ],
  "botMessages": [
    {
      "channelContent": {
        "web": {
          "contentFormat": "Markdown",
          "content": "당신은 사진, 이모티콘 🙂, 애니메이션 GIF, 스티커 등을 추가 할 수 있습니다.\n\n제목으로 게시물을 돋보이게 할 수 있습니다. 그것은 당신이 나중에 그것을 찾는 데 도움이 될 것입니다."
        }
      },
      "id": "ea87e214-5476-40f8-b702-2cf94d0525f4",
      "createdTime": "2021-03-18T03:39:18.7466553Z",
      "updatedTime": "2021-03-18T03:39:18.7466553Z",
      "createdUserId": "e47109d8-0300-4e59-a90d-56bb29886c9e",
      "updatedUserId": "e47109d8-0300-4e59-a90d-56bb29886c9e"
    },
    {
      "channelContent": {
        "web": {
          "contentFormat": "Markdown",
          "content": "그러나 보기 좋은 게시물을 위해서, 당신이 정말로 원하는 것은 \"**공지**\"를 하는 것입니다."
        }
      },
      "id": "c2497d58-2853-4cb9-b29e-b6aac0b20fca",
      "createdTime": "2021-04-06T08:36:56.205Z",
      "updatedTime": "2021-04-06T08:36:56.205Z",
      "createdUserId": "user-0",
      "updatedUserId": "user-0"
    },
    {
      "channelContent": {
        "web": {
          "contentFormat": "Markdown",
          "content": "공지를 만들려면 서식 단추를 선택합니다(펜이 있는 A처럼 보입니다).\n\n왼쪽 상단에서 **새 대화** 드롭다운을 클릭하고 **알림**으로 변경합니다."
        }
      },
      "id": "5906bef2-2e99-4ede-84e2-1f7eb2faad29",
      "createdTime": "2021-04-06T08:38:07.094Z",
      "updatedTime": "2021-04-06T08:38:07.094Z",
      "createdUserId": "user-0",
      "updatedUserId": "user-0"
    },
    {
      "channelContent": {
        "web": {
          "contentFormat": "Markdown",
          "content": "💡 **팁**: 더 큰 영향을 위해 🚀 배경 이미지를 선택"
        }
      },
      "id": "d4ff37b5-7aba-45b4-a590-ac9611edbf3e",
      "createdTime": "2021-04-06T08:39:35.789Z",
      "updatedTime": "2021-04-06T08:39:35.789Z",
      "createdUserId": "user-0",
      "updatedUserId": "user-0"
    }
  ],
  "createdUtc": "0001-01-01T00:00:00Z"
}