{
  "intents": [
    {
      "endUserOverrideName": "Max number of participants in a meeting",
      "triggerQueries": [
        "large teams meetings",
        "I'm planning a large Teams meeting",
        "Large meeting",
        "Plan large meeting",
        "run large meetings",
        "hold big meetings",
        "Max number of people in a meeting?",
        "how many can join normal meetings?",
        "how many can join a meeting?",
        "Max number of participants in a meeting",
        "What is the limit for the number of participants in meetings?",
        "Maximum number of meeting participants?",
        "How many can be in the same meeting?",
        "How many can we be in a teams meeting?",
        "Maximum number in a meeting?",
        "how many meeting participants is the maximum?",
        "How big teams meeting can we have?",
        "How many people can fit in a meeting?",
        "How many can we be in a regular meeting?",
        "Can we hold big meetings on teams?",
        "What is the limit for number of participants in a meeting?"
      ],
      "dialogId": "new_topic_047856d4cd014c9b9b76603025b6d56d",
      "isTriggeringEnabled": true,
      "id": "new_topic_047856d4cd014c9b9b76603025b6d56d",
      "displayName": "What is the limit for number of participants in a meeting?",
      "description": "https://adoptbotv2kb.blob.core.windows.net/%24web/AdoptBot2021-English.docx",
      "createdTime": "2021-01-13T22:20:51.2371466Z",
      "updatedTime": "2022-03-29T15:14:52.0944759Z",
      "createdUserId": "f04d3cd9-b73d-4ba9-a1ed-9319eba29b21",
      "updatedUserId": "91c0615b-2f8b-4fe4-8d92-1a7b7e56e5f6"
    }
  ],
  "dialogs": [
    {
      "rootNodeId": "4ad700d6-c43f-45ff-b252-8d68b746c864",
      "messageNodes": [
        {
          "botMessageId": "d574cc70-df8c-46d9-ac73-3c8130725441",
          "nodeType": "BotMessageNode",
          "id": "4ad700d6-c43f-45ff-b252-8d68b746c864",
          "defaultTargetNodeId": "7fb8b0c2-dbfe-4288-979d-9336b1a51c33"
        },
        {
          "botMessageId": "cc1da4aa-75a4-4edf-bb75-5165fc115876",
          "nodeType": "BotMessageNode",
          "id": "83d6de9b-a7f6-41f0-bf96-7751cf08bb63",
          "defaultTargetNodeId": "cc8fe50c-4be1-4f03-97ee-b3a90ed24c5a"
        },
        {
          "botMessageId": "94f135a4-e303-4dbd-962e-8fc83efbb30a",
          "nodeType": "BotMessageNode",
          "id": "7fb8b0c2-dbfe-4288-979d-9336b1a51c33",
          "defaultTargetNodeId": "83d6de9b-a7f6-41f0-bf96-7751cf08bb63"
        },
        {
          "botMessageId": "9166a19a-3798-4828-bdbb-2f3fa6ca0a4b",
          "nodeType": "BotMessageNode",
          "id": "cc8fe50c-4be1-4f03-97ee-b3a90ed24c5a",
          "defaultTargetNodeId": "3b31b8d6-aa12-4a5b-a267-007e2645d5e1"
        }
      ],
      "dialogChangeNodes": [
        {
          "targetDialogId": "new_topic_eac3f49c99664313a9d9dc19d80a79a2_aeabea4d071f415c8c107e1cb7af5424_assumedsuccess",
          "nodeType": "DialogChangeNode",
          "id": "3b31b8d6-aa12-4a5b-a267-007e2645d5e1"
        }
      ],
      "id": "new_topic_047856d4cd014c9b9b76603025b6d56d",
      "displayName": "Dialog for What is the limit for number of participants in a meeting?",
      "createdTime": "2021-01-13T22:20:51.2371466Z",
      "updatedTime": "2022-03-29T15:14:52.0944759Z",
      "createdUserId": "f04d3cd9-b73d-4ba9-a1ed-9319eba29b21",
      "updatedUserId": "91c0615b-2f8b-4fe4-8d92-1a7b7e56e5f6"
    }
  ],
  "botMessages": [
    {
      "channelContent": {
        "web": {
          "contentFormat": "Markdown",
          "content": "[The maximum number of participants in a regular Teams meeting](https://docs.microsoft.com/en-us/microsoftteams/limits-specifications-teams#meetings-and-calls) is/was 1,000."
        }
      },
      "id": "d574cc70-df8c-46d9-ac73-3c8130725441",
      "createdTime": "2021-01-13T22:20:51.2371466Z",
      "updatedTime": "2021-01-13T22:20:51.2371466Z",
      "createdUserId": "f04d3cd9-b73d-4ba9-a1ed-9319eba29b21",
      "updatedUserId": "f04d3cd9-b73d-4ba9-a1ed-9319eba29b21"
    },
    {
      "channelContent": {
        "web": {
          "contentFormat": "Markdown",
          "content": "*   Up to 10,000 can join in [view-only](https://support.microsoft.com/en-us/office/join-a-meeting-as-a-view-only-attendee-3639f64d-e017-4ead-a4c1-e9b6785fd915), if enabled in your org. (20,000 during 2021)\n*   When joining after the first 1,000 participants, users join as [view-only attendees](https://support.microsoft.com/en-us/office/join-a-meeting-as-a-view-only-attendee-3639f64d-e017-4ead-a4c1-e9b6785fd915)  \n    _(If enabled in your org)_."
        }
      },
      "id": "cc1da4aa-75a4-4edf-bb75-5165fc115876",
      "createdTime": "2021-01-27T12:01:07.36Z",
      "updatedTime": "2021-01-27T12:01:07.36Z",
      "createdUserId": "user-0",
      "updatedUserId": "user-0"
    },
    {
      "channelContent": {
        "web": {
          "contentFormat": "Markdown",
          "content": "💡 Always click [this link](https://docs.microsoft.com/en-us/microsoftteams/limits-specifications-teams#meetings-and-calls) for the latest up-to-date info and details, as limits may have been raised."
        }
      },
      "id": "94f135a4-e303-4dbd-962e-8fc83efbb30a",
      "createdTime": "2021-07-06T09:14:25.572Z",
      "updatedTime": "2021-07-06T09:14:25.572Z",
      "createdUserId": "user-0",
      "updatedUserId": "user-0"
    },
    {
      "channelContent": {
        "web": {
          "contentFormat": "Markdown",
          "content": "💡 Planning a large meeting?\n\n*   [Best practices for a large Teams meeting](https://support.microsoft.com/en-us/office/best-practices-for-a-large-teams-meeting-ce2cdb9a-0546-43a4-bb55-34ab98ab6b16)\n*   For admins: [Understand the view-only experience](https://docs.microsoft.com/en-us/microsoftteams/view-only-meeting-experience)"
        }
      },
      "id": "9166a19a-3798-4828-bdbb-2f3fa6ca0a4b",
      "createdTime": "2021-07-06T09:14:46.35Z",
      "updatedTime": "2021-07-06T09:14:46.35Z",
      "createdUserId": "user-0",
      "updatedUserId": "user-0"
    }
  ]
}