{
  "intents": [
    {
      "triggerQueries": [
        "Teams 팀즈 팀 오디오 컨퍼런스 회의 이점",
        "Meeting 모임 회의 미팅 전화 이유",
        "왜 전화 회의 오디오 회의 컨퍼런스",
        "전화 회의 오디오 회의 컨퍼런스 이점 효과 사용 이유",
        "전화 회의(오디오 회의)의 이점은 무엇입니까?"
      ],
      "dialogId": "new_topic_f36b24326b1d417e830d04fa4154ec1d",
      "isTriggeringEnabled": true,
      "id": "new_topic_f36b24326b1d417e830d04fa4154ec1d",
      "displayName": "전화 회의(오디오 회의)의 이점은 무엇입니까?",
      "description": "https://adoptbotv2kb.blob.core.windows.net/%24web/adoptbot2021-Korean.docx",
      "createdTime": "2021-03-18T03:39:18.7456548Z",
      "updatedTime": "2021-04-08T06:17:41.1216378Z",
      "createdUserId": "e47109d8-0300-4e59-a90d-56bb29886c9e",
      "updatedUserId": "e47109d8-0300-4e59-a90d-56bb29886c9e"
    }
  ],
  "dialogs": [
    {
      "rootNodeId": "58720db3-f83f-4ba6-a8b9-6b099ee5e347",
      "messageNodes": [
        {
          "botMessageId": "a0aa6c37-02af-4e17-8028-3e81ef83b383",
          "nodeType": "BotMessageNode",
          "id": "991c19de-ca7a-4b67-a050-8b6900dbb5dd",
          "defaultTargetNodeId": "c5105455-af42-4ed2-a7e5-62cfb4049c48"
        },
        {
          "botMessageId": "0dcf51ee-0891-4f85-b8cb-f9b2a16bc2f1",
          "nodeType": "BotMessageNode",
          "id": "58720db3-f83f-4ba6-a8b9-6b099ee5e347",
          "defaultTargetNodeId": "991c19de-ca7a-4b67-a050-8b6900dbb5dd"
        },
        {
          "botMessageId": "d030783a-de29-4f2d-84d2-ea073eaf5944",
          "nodeType": "BotMessageNode",
          "id": "c5105455-af42-4ed2-a7e5-62cfb4049c48",
          "defaultTargetNodeId": "42cf8a18-3790-4782-b9d7-50c55512c77a"
        }
      ],
      "dialogChangeNodes": [
        {
          "targetDialogId": "new_topic_2bf23930c1d146129dfe38bacb94ccd0_aeabea4d071f415c8c107e1cb7af5424_assumedsuccess",
          "nodeType": "DialogChangeNode",
          "id": "42cf8a18-3790-4782-b9d7-50c55512c77a"
        }
      ],
      "id": "new_topic_f36b24326b1d417e830d04fa4154ec1d",
      "displayName": "Dialog for 전화 회의(오디오 회의)의 이점은 무엇입니까?",
      "createdTime": "2021-03-18T03:39:18.7456548Z",
      "updatedTime": "2021-04-08T06:17:35.5235822Z",
      "createdUserId": "e47109d8-0300-4e59-a90d-56bb29886c9e",
      "updatedUserId": "e47109d8-0300-4e59-a90d-56bb29886c9e"
    }
  ],
  "botMessages": [
    {
      "channelContent": {
        "web": {
          "contentFormat": "Markdown",
          "content": "그러나 다음과 같은 시나리오에서 전화기를 사용하여 Microsoft Teams 모임에 참석하는 것이 컴퓨터에서 응용 프로그램을 사용하는 것보다 더 나을 수 있습니다. \n\n*   인터넷 연결이 제한되는 경우, \n*   모임이 오디오 전용인 경우, \n*   전화 사용 시 통화 품질이 더 좋습니다, \n*   사용자는 블루투스 장치를 사용하여 손을 사용하지 않고 회의에 참석할 수 있습니다."
        }
      },
      "id": "a0aa6c37-02af-4e17-8028-3e81ef83b383",
      "createdTime": "2021-03-18T03:39:18.7456548Z",
      "updatedTime": "2021-03-18T03:39:18.7456548Z",
      "createdUserId": "e47109d8-0300-4e59-a90d-56bb29886c9e",
      "updatedUserId": "e47109d8-0300-4e59-a90d-56bb29886c9e"
    },
    {
      "channelContent": {
        "web": {
          "contentFormat": "Markdown",
          "content": "예를 들어 사람들이 도로에 있을 때 회의에 전화하는 것과, 랩톱이나 모바일 장치에서 Microsoft Teams 앱을 사용하여 회의에 참석할 수 없을 때 매우 유용합니다."
        }
      },
      "id": "0dcf51ee-0891-4f85-b8cb-f9b2a16bc2f1",
      "createdTime": "2021-04-08T06:16:35.561Z",
      "updatedTime": "2021-04-08T06:16:35.561Z",
      "createdUserId": "user-0",
      "updatedUserId": "user-0"
    },
    {
      "channelContent": {
        "web": {
          "contentFormat": "Markdown",
          "content": "사람들은 특정 상황에서 이것이 더 쉽고 편리하다는 것을 알게 됩니다."
        }
      },
      "id": "d030783a-de29-4f2d-84d2-ea073eaf5944",
      "createdTime": "2021-04-08T06:16:52.683Z",
      "updatedTime": "2021-04-08T06:16:52.683Z",
      "createdUserId": "user-0",
      "updatedUserId": "user-0"
    }
  ],
  "createdUtc": "0001-01-01T00:00:00Z"
}