{
  "intents": [
    {
      "endUserOverrideName": "Qui peut assister à une conférence audio?",
      "triggerQueries": [
        "qui peut se connecter à un pont de conférence",
        "Qui peut se connecter à une conférence téléphonique?",
        "Qui peut se connecter à une conférence audio?",
        "Qui peut assister à une conférence? et qui puis-je entendre?",
        "Qui puis-je appeler dans une réunion?",
        "Qui peut assister à une conférence audio?",
        "Qui est dans la conférence audio?",
        "Qui peut assister à une conférence téléphonique? Et qui puis-je entendre?"
      ],
      "dialogId": "new_topic_1ca991a36e464c9fa29505e2779c7ccc",
      "isTriggeringEnabled": true,
      "id": "new_topic_1ca991a36e464c9fa29505e2779c7ccc",
      "displayName": "Qui peut assister à une conférence audio?",
      "description": "",
      "createdTime": "2021-01-13T22:20:51.2381463Z",
      "updatedTime": "2021-05-24T13:48:26.5488351Z",
      "createdUserId": "f04d3cd9-b73d-4ba9-a1ed-9319eba29b21",
      "updatedUserId": "a2c4aa2c-d830-41eb-bcf4-467a2c7e1279"
    }
  ],
  "dialogs": [
    {
      "rootNodeId": "1da85c95-bbbf-4922-9f9a-50dd61093a05",
      "messageNodes": [
        {
          "botMessageId": "056f5b42-f51d-4682-ba1b-984db553b05a",
          "nodeType": "BotMessageNode",
          "id": "1da85c95-bbbf-4922-9f9a-50dd61093a05",
          "defaultTargetNodeId": "947251ab-52e1-48ac-b5f1-243486664693"
        }
      ],
      "dialogChangeNodes": [
        {
          "targetDialogId": "new_topic_eac3f49c99664313a9d9dc19d80a79a2_aeabea4d071f415c8c107e1cb7af5424_assumedsuccess",
          "nodeType": "DialogChangeNode",
          "id": "947251ab-52e1-48ac-b5f1-243486664693"
        }
      ],
      "id": "new_topic_1ca991a36e464c9fa29505e2779c7ccc",
      "displayName": "Dialog for Who can attend a phone conference call? And who can I hear?",
      "createdTime": "2021-01-13T22:20:51.2381463Z",
      "updatedTime": "2021-05-24T13:49:03.2557598Z",
      "createdUserId": "f04d3cd9-b73d-4ba9-a1ed-9319eba29b21",
      "updatedUserId": "a2c4aa2c-d830-41eb-bcf4-467a2c7e1279"
    }
  ],
  "botMessages": [
    {
      "channelContent": {
        "web": {
          "contentFormat": "Markdown",
          "content": "Tous ceux qui disposent du numéro d'appel (dial-in) et de l'identifiant de la conférence (ID de conférence) peuvent appeler une conférence Microsoft Teams, à moins que l'organisateur de la réunion ait bloqué cet accès à la réunion.\n\nQue vous rejoigniez la conférence à l'aide d'un téléphone ou à l'aide des applications Microsoft Teams Desktop ou mobile, vous pourrez entendre tous les autres participants de la conférence et ils pourront également vous entendre. L'organisateur de la réunion a la possibilité de désactiver les micros des participants de la réunion s'il ne souhaite pas les entendre."
        }
      },
      "id": "056f5b42-f51d-4682-ba1b-984db553b05a",
      "createdTime": "2021-01-13T22:20:51.2381463Z",
      "updatedTime": "2021-01-13T22:20:51.2381463Z",
      "createdUserId": "f04d3cd9-b73d-4ba9-a1ed-9319eba29b21",
      "updatedUserId": "f04d3cd9-b73d-4ba9-a1ed-9319eba29b21"
    }
  ],
  "createdUtc": "0001-01-01T00:00:00Z"
}