{
  "intents": [
    {
      "endUserOverrideName": "Wat is onedrive",
      "triggerQueries": [
        "waar staan mijn bestanden in teams",
        "hoe werkt onedrive in teams",
        "zit onedrive in teams",
        "persoonlijke opslag",
        "hoe werkt onedrive",
        "Wat is onedrive"
      ],
      "dialogId": "new_topic_3f3e859dfbdb41bbaf2926384fdf0e46",
      "isTriggeringEnabled": true,
      "id": "new_topic_3f3e859dfbdb41bbaf2926384fdf0e46",
      "displayName": "Wat is onedrive",
      "description": "",
      "createdTime": "2021-03-22T08:55:26.7988335Z",
      "updatedTime": "2021-03-29T21:27:22.4445266Z",
      "createdUserId": "c1e90dc0-1df0-459d-8164-0dcb7915deaf",
      "updatedUserId": "c1e90dc0-1df0-459d-8164-0dcb7915deaf"
    }
  ],
  "dialogs": [
    {
      "rootNodeId": "28fae9af-8eaf-49ca-a3f4-0b9d0073b5e9",
      "messageNodes": [
        {
          "botMessageId": "15df0d8c-65a4-4e1d-a927-d8aafb9c8a69",
          "nodeType": "BotMessageNode",
          "id": "28fae9af-8eaf-49ca-a3f4-0b9d0073b5e9",
          "defaultTargetNodeId": "b99c062e-f53b-467d-bc6f-18bd7e4b0bd2"
        },
        {
          "botMessageId": "b5f14b83-e009-4ab0-b3a8-81ea486f7b0c",
          "nodeType": "BotMessageNode",
          "id": "b99c062e-f53b-467d-bc6f-18bd7e4b0bd2",
          "defaultTargetNodeId": "a6fce9a8-e251-4578-a3d1-808465dc2b18"
        },
        {
          "botMessageId": "7ef9ae12-9216-4b7b-9167-de253d0ee08f",
          "nodeType": "BotMessageNode",
          "id": "a6fce9a8-e251-4578-a3d1-808465dc2b18",
          "defaultTargetNodeId": "77abfb2f-7e2d-4714-b153-d7906e5ec011"
        }
      ],
      "dialogChangeNodes": [
        {
          "targetDialogId": "new_topic_9d295c394a47419da3b4d205b7ed4c20_aeabea4d071f415c8c107e1cb7af5424_assumedsuccess",
          "nodeType": "DialogChangeNode",
          "id": "77abfb2f-7e2d-4714-b153-d7906e5ec011"
        }
      ],
      "id": "new_topic_3f3e859dfbdb41bbaf2926384fdf0e46",
      "displayName": "Dialog for Wat is onedrive",
      "createdTime": "2021-03-22T08:55:26.7988335Z",
      "updatedTime": "2021-03-29T21:27:36.1532947Z",
      "createdUserId": "c1e90dc0-1df0-459d-8164-0dcb7915deaf",
      "updatedUserId": "c1e90dc0-1df0-459d-8164-0dcb7915deaf"
    }
  ],
  "botMessages": [
    {
      "channelContent": {
        "web": {
          "contentFormat": "Markdown",
          "content": "OneDrive is een online opslagservice die u gebruiken om documenten, notities, foto's, muziek, video's of andere soorten bestanden op te slaan. Met OneDrive hebt u vanaf vrijwel elk apparaat toegang tot uw bestanden en u ze delen met anderen."
        }
      },
      "id": "15df0d8c-65a4-4e1d-a927-d8aafb9c8a69",
      "createdTime": "2021-03-22T08:55:26.7988335Z",
      "updatedTime": "2021-03-22T08:55:26.7988335Z",
      "createdUserId": "c1e90dc0-1df0-459d-8164-0dcb7915deaf",
      "updatedUserId": "c1e90dc0-1df0-459d-8164-0dcb7915deaf"
    },
    {
      "channelContent": {
        "web": {
          "contentFormat": "Markdown",
          "content": "[Meer info over OneDrive.](https://support.microsoft.com/nl-nl/office/wat-is-onedrive-werk-of-school-10f5c3fd-b0f6-40e2-9059-04735ffe01b7)"
        }
      },
      "id": "b5f14b83-e009-4ab0-b3a8-81ea486f7b0c",
      "createdTime": "2021-03-22T08:55:45.75Z",
      "updatedTime": "2021-03-22T08:55:45.75Z",
      "createdUserId": "user-0",
      "updatedUserId": "user-0"
    },
    {
      "channelContent": {
        "web": {
          "contentFormat": "Markdown",
          "content": "[Samenwerken met teams, SharePoint en OneDrive - Office-ondersteuning (microsoft.com)](https://support.microsoft.com/nl-nl/office/samenwerken-met-teams-sharepoint-en-onedrive-9ea6aa07-6e5e-4917-9267-d4d361da3dea)"
        }
      },
      "id": "7ef9ae12-9216-4b7b-9167-de253d0ee08f",
      "createdTime": "2021-03-29T21:27:29.509Z",
      "updatedTime": "2021-03-29T21:27:29.509Z",
      "createdUserId": "user-0",
      "updatedUserId": "user-0"
    }
  ],
  "createdUtc": "0001-01-01T00:00:00Z"
}