{
  "intents": [
    {
      "triggerQueries": [
        "Ile osób może być na spotkaniu przez telefon?",
        "Maksymalna liczba osób w połączeniu konferencyjnym?",
        "Ile osób może zadzwonić na regularne spotkanie?",
        "Ilu łącznie mogę mieć uczestników telefonicznych na spotkaniu?",
        "Ile wynosi maksimum połączenia konferencyjnego?",
        "Jak wielu użytkowników może wdzwonić się do telekonferencji?"
      ],
      "dialogId": "new_topic_963b1005ce3145f5b572f58fcc9bc12e",
      "isTriggeringEnabled": true,
      "id": "new_topic_963b1005ce3145f5b572f58fcc9bc12e",
      "displayName": "Jak wielu użytkowników może wdzwonić się do telekonferencji?",
      "description": "",
      "createdTime": "2021-09-26T18:37:39.5429702Z",
      "updatedTime": "2021-10-20T13:27:07.8812955Z",
      "createdUserId": "28fac8cb-bec7-48c9-a688-5024cf318b8a",
      "updatedUserId": "28fac8cb-bec7-48c9-a688-5024cf318b8a"
    }
  ],
  "dialogs": [
    {
      "rootNodeId": "f648bea8-8c19-4fba-892e-60c77902ed95",
      "messageNodes": [
        {
          "botMessageId": "64fc8329-5227-44bd-9597-8080fbf61e0a",
          "nodeType": "BotMessageNode",
          "id": "f648bea8-8c19-4fba-892e-60c77902ed95",
          "defaultTargetNodeId": "52f0bd24-feaa-4b56-a767-d70f662c5fca"
        }
      ],
      "dialogChangeNodes": [
        {
          "targetDialogId": "new_topic_d4ee79ce05584b519ee7d416fda7e2a3_aeabea4d071f415c8c107e1cb7af5424_assumedsuccess",
          "nodeType": "DialogChangeNode",
          "id": "52f0bd24-feaa-4b56-a767-d70f662c5fca"
        }
      ],
      "id": "new_topic_963b1005ce3145f5b572f58fcc9bc12e",
      "displayName": "Dialog for Jak wielu użytkowników może wdzwonić się do telekonferencji?",
      "createdTime": "2021-09-26T18:37:39.5429702Z",
      "updatedTime": "2021-09-26T18:38:18.2536155Z",
      "createdUserId": "28fac8cb-bec7-48c9-a688-5024cf318b8a",
      "updatedUserId": "28fac8cb-bec7-48c9-a688-5024cf318b8a"
    }
  ],
  "botMessages": [
    {
      "channelContent": {
        "web": {
          "contentFormat": "Markdown",
          "content": "[Liczba osób, które mogą wziąć udział telefonicznie w spotkaniu](https://docs.microsoft.com/pl-pl/microsoftteams/limits-specifications-teams#meetings-and-calls) [mogą](https://docs.microsoft.com/pl-PL/microsoftteams/limits-specifications-teams#meetings-and-calls) wynosi obecnie 1000 (300 osób dla licencji A1). Kliknij łącze, aby uzyskać najnowsze informacje, ponieważ limit może zostać zwiększony w przyszłości."
        }
      },
      "id": "64fc8329-5227-44bd-9597-8080fbf61e0a",
      "createdTime": "2021-09-26T18:37:39.5429702Z",
      "updatedTime": "2021-09-26T18:37:39.5429702Z",
      "createdUserId": "28fac8cb-bec7-48c9-a688-5024cf318b8a",
      "updatedUserId": "28fac8cb-bec7-48c9-a688-5024cf318b8a"
    }
  ]
}