{
  "intents": [
    {
      "endUserOverrideName": "翻譯投影片",
      "triggerQueries": [
        "Teams 翻譯功能",
        "翻譯幻燈片",
        "英文翻譯",
        "簡報翻譯",
        "Teams 翻譯功能",
        "會議中簡報翻譯",
        "英文翻中文",
        "翻譯投影片"
      ],
      "dialogId": "new_topic_af66fd43995d4ffa9b58327fe20109c7",
      "isTriggeringEnabled": false,
      "id": "new_topic_af66fd43995d4ffa9b58327fe20109c7",
      "displayName": "PowerPoint Live 翻譯投影片",
      "description": "",
      "createdTime": "2021-11-22T11:26:25.8570479Z",
      "updatedTime": "2021-11-22T13:13:25.4497257Z",
      "createdUserId": "9c968d43-f7c2-4e28-895c-1f6bcefcd8be",
      "updatedUserId": "9c968d43-f7c2-4e28-895c-1f6bcefcd8be"
    }
  ],
  "dialogs": [
    {
      "rootNodeId": "8c9987ea-fbec-4992-967b-3b5e2b974f73",
      "messageNodes": [
        {
          "botMessageId": "114f1f68-cc0c-4eb1-a15f-d239c818b32a",
          "nodeType": "BotMessageNode",
          "id": "8c9987ea-fbec-4992-967b-3b5e2b974f73",
          "defaultTargetNodeId": "a4592ad6-fb23-4105-9015-28fa89c10a49"
        },
        {
          "botMessageId": "dfdda5e0-ede7-404a-a251-08864c40c41f",
          "nodeType": "BotMessageNode",
          "id": "a4592ad6-fb23-4105-9015-28fa89c10a49",
          "defaultTargetNodeId": "aa2798e6-230d-470f-bf7d-e426c0ce8a72"
        },
        {
          "botMessageId": "7a76bf98-d57b-4aed-9e67-508e2e6bf0ee",
          "nodeType": "BotMessageNode",
          "id": "aa2798e6-230d-470f-bf7d-e426c0ce8a72",
          "defaultTargetNodeId": "bddaf55a-52c0-4556-8f55-fe8093521a7b"
        }
      ],
      "dialogChangeNodes": [
        {
          "targetDialogId": "new_topic_e2d1671328b941dbb60fa7150059b1ee_aeabea4d071f415c8c107e1cb7af5424_assumedsuccess",
          "nodeType": "DialogChangeNode",
          "id": "bddaf55a-52c0-4556-8f55-fe8093521a7b"
        }
      ],
      "id": "new_topic_af66fd43995d4ffa9b58327fe20109c7",
      "displayName": "Dialog for 會議中的新功能",
      "createdTime": "2021-11-22T09:56:14.8438004Z",
      "updatedTime": "2021-11-22T13:12:42.8469288Z",
      "createdUserId": "9c968d43-f7c2-4e28-895c-1f6bcefcd8be",
      "updatedUserId": "9c968d43-f7c2-4e28-895c-1f6bcefcd8be"
    }
  ],
  "botMessages": [
    {
      "channelContent": {
        "web": {
          "contentFormat": "Markdown",
          "content": "**會議中的投影片翻譯**\n\n如果會議簡報者使用Power Point Live簡報(非分享桌面或視窗)，您可在簡報下工具列中點選 **...** 中的**翻譯幻燈片**，並選取要翻譯的語言。\n\n💡 此設定僅會翻譯自己的畫面，不會影響到簡報者或是其它與會人員喔!"
        }
      },
      "id": "114f1f68-cc0c-4eb1-a15f-d239c818b32a",
      "createdTime": "2021-11-22T10:02:32.495Z",
      "updatedTime": "2021-11-22T10:02:32.495Z",
      "createdUserId": "user-0",
      "updatedUserId": "user-0"
    },
    {
      "channelContent": {
        "web": {
          "contentFormat": "Markdown",
          "content": "**翻譯幻燈片** 目前(至2021年)支援19種語言且支援繁體中文! 提供個人化的投影片檢視畫面，立刻將原文轉成您所選的語言。[在PowerPoint中共用Teams幻燈片](https://support.microsoft.com/zh-tw/office/%E5%9C%A8powerpoint%E4%B8%AD%E5%85%B1%E7%94%A8teams%E5%B9%BB%E7%87%88%E7%89%87-fc5a5394-2159-419c-bc59-1f64c1f4e470#bkmk_participantview)"
        }
      },
      "id": "dfdda5e0-ede7-404a-a251-08864c40c41f",
      "createdTime": "2021-11-22T12:52:51.064Z",
      "updatedTime": "2021-11-22T12:52:51.064Z",
      "createdUserId": "user-0",
      "updatedUserId": "user-0"
    },
    {
      "channelContent": {
        "web": {
          "contentFormat": "Markdown",
          "content": "💡 簡報小技巧，可以利用Power Point 的Translator功能，在簡報中提供即時翻譯字幕 [在 PowerPoint 中顯示即時、自動輔助字幕或翻譯字幕](https://support.microsoft.com/zh-tw/office/%E5%9C%A8-powerpoint-%E4%B8%AD%E9%A1%AF%E7%A4%BA%E5%8D%B3%E6%99%82-%E8%87%AA%E5%8B%95%E8%BC%94%E5%8A%A9%E5%AD%97%E5%B9%95%E6%88%96%E7%BF%BB%E8%AD%AF%E5%AD%97%E5%B9%95-68d20e49-aec3-456a-939d-34a79e8ddd5f)"
        }
      },
      "id": "7a76bf98-d57b-4aed-9e67-508e2e6bf0ee",
      "createdTime": "2021-11-22T12:59:47.959Z",
      "updatedTime": "2021-11-22T12:59:47.959Z",
      "createdUserId": "user-0",
      "updatedUserId": "user-0"
    }
  ]
}