{
  "intents": [
    {
      "endUserOverrideName": "",
      "triggerQueries": [
        "Kann ich mir den Text vorlesen lassen?",
        "Kann man sich den Text in Teams vorlesen lassen?",
        "Text in Teams vorlesen lassen",
        "Lese und Schreibschwierigkeiten",
        "Legasthenie",
        "leichter zu lesen",
        "plastischer reader",
        "übersetze nachrichten in andere Sprachen",
        "Was ist Plastischer Reader?",
        "Was ist Immersive Reader?"
      ],
      "dialogId": "new_topic_02bb3112cdb547bb97e282bc2fe008b4",
      "isTriggeringEnabled": true,
      "id": "new_topic_02bb3112cdb547bb97e282bc2fe008b4",
      "displayName": "Was ist Immersive Reader?",
      "description": "https://adoptbotv2kb.blob.core.windows.net/%24web/AdoptBot2021-English.docx",
      "createdTime": "2021-04-18T20:38:29.1382938Z",
      "updatedTime": "2021-04-18T20:38:29.1382938Z",
      "createdUserId": "86360cd1-faa6-4d16-8a0c-ba3116c8a977"
    }
  ],
  "dialogs": [
    {
      "rootNodeId": "b9bb9f73-7fd5-43e0-b912-e1cc7ad9c14d",
      "messageNodes": [
        {
          "botMessageId": "8f958b96-d4cb-4678-9655-45934844dda7",
          "nodeType": "BotMessageNode",
          "id": "b9bb9f73-7fd5-43e0-b912-e1cc7ad9c14d",
          "defaultTargetNodeId": "f98d0e38-0100-45f5-8207-9d3bb3801402"
        },
        {
          "botMessageId": "86e87a20-524d-4f37-8f1b-2d0a0a48fa8a",
          "nodeType": "BotMessageNode",
          "id": "f98d0e38-0100-45f5-8207-9d3bb3801402",
          "defaultTargetNodeId": "0fee72a3-5723-4ac7-b1fd-94724ec770b9"
        },
        {
          "botMessageId": "85a83878-be7e-4487-aea8-87ef42747530",
          "nodeType": "BotMessageNode",
          "id": "0fee72a3-5723-4ac7-b1fd-94724ec770b9",
          "defaultTargetNodeId": "2a6ba6e4-8dcf-4a14-8c82-6f0f588f026b"
        },
        {
          "botMessageId": "1b8616bb-aab3-4f25-ac11-e6b8f6605178",
          "nodeType": "BotMessageNode",
          "id": "2a6ba6e4-8dcf-4a14-8c82-6f0f588f026b",
          "defaultTargetNodeId": "e2636620-a779-4921-a771-350c8a47e6a3"
        },
        {
          "botMessageId": "77c112ac-1eb3-4dc3-8143-a8b06950dde8",
          "nodeType": "BotMessageNode",
          "id": "e2636620-a779-4921-a771-350c8a47e6a3",
          "defaultTargetNodeId": "599fd299-585c-4577-b390-699fbf51cae1"
        },
        {
          "botMessageId": "7bcc5ca1-5e00-4cb8-a6af-5a9fd465153e",
          "nodeType": "BotMessageNode",
          "id": "599fd299-585c-4577-b390-699fbf51cae1",
          "defaultTargetNodeId": "5e0f4e9d-dc24-4b44-baf4-9eb68eac870e"
        }
      ],
      "dialogChangeNodes": [
        {
          "targetDialogId": "new_topic_30867099f4b543d3b8543a85c22c3418_aeabea4d071f415c8c107e1cb7af5424_assumedsuccess",
          "nodeType": "DialogChangeNode",
          "id": "5e0f4e9d-dc24-4b44-baf4-9eb68eac870e"
        }
      ],
      "id": "new_topic_02bb3112cdb547bb97e282bc2fe008b4",
      "displayName": "Dialog for Was ist Immersive Reader?",
      "createdTime": "2021-04-18T20:38:29.1382938Z",
      "updatedTime": "2021-04-18T20:43:24.6293237Z",
      "createdUserId": "86360cd1-faa6-4d16-8a0c-ba3116c8a977",
      "updatedUserId": "86360cd1-faa6-4d16-8a0c-ba3116c8a977"
    }
  ],
  "botMessages": [
    {
      "channelContent": {
        "web": {
          "contentFormat": "Markdown",
          "content": "Klicken Sie hier für Guiden zum plastischen Reader:\n\n[Verwenden des immersiven Readers in Microsoft Teams](https://support.microsoft.com/de-de/topic/verwenden-des-immersiven-readers-in-microsoft-teams-a700c0d0-bc53-4696-a94d-4fbc86ac7a9a?ui=en-us&rs=en-us&ad=us)"
        }
      },
      "id": "8f958b96-d4cb-4678-9655-45934844dda7",
      "createdTime": "2021-04-18T20:38:29.1373226Z",
      "updatedTime": "2021-04-18T20:38:29.1373226Z",
      "createdUserId": "86360cd1-faa6-4d16-8a0c-ba3116c8a977",
      "updatedUserId": "86360cd1-faa6-4d16-8a0c-ba3116c8a977"
    },
    {
      "channelContent": {
        "web": {
          "contentFormat": "Markdown",
          "content": "Wenn Sie sich Text vorlesen lassen möchten oder eine andere Sprache sprechen , können Sie den Text in Teams Ihren Wünschen anpassen 💗."
        }
      },
      "id": "86e87a20-524d-4f37-8f1b-2d0a0a48fa8a",
      "createdTime": "2021-04-18T20:39:23.319Z",
      "updatedTime": "2021-04-18T20:39:23.319Z",
      "createdUserId": "user-0",
      "updatedUserId": "user-0"
    },
    {
      "channelContent": {
        "web": {
          "contentFormat": "Markdown",
          "content": "Farben, Form, Größe können an Ihre Vorlieben angepasst werden, was z.B. Menschen mit Legasthenie und Lernbehinderungen die Arbeit erleichtert."
        }
      },
      "id": "85a83878-be7e-4487-aea8-87ef42747530",
      "createdTime": "2021-04-18T20:40:04.709Z",
      "updatedTime": "2021-04-18T20:40:04.709Z",
      "createdUserId": "user-0",
      "updatedUserId": "user-0"
    },
    {
      "channelContent": {
        "web": {
          "contentFormat": "Markdown",
          "content": "Zur visuellen Unterstützung stehen auch Bildwörterbuch, Linienfokus und Wortklassen zur Verfügung."
        }
      },
      "id": "1b8616bb-aab3-4f25-ac11-e6b8f6605178",
      "createdTime": "2021-04-18T20:40:42.491Z",
      "updatedTime": "2021-04-18T20:40:42.491Z",
      "createdUserId": "user-0",
      "updatedUserId": "user-0"
    },
    {
      "channelContent": {
        "web": {
          "contentFormat": "Markdown",
          "content": "Wählen Sie bei einer beliebigen Nachricht in Teams **Weitere Optionen (...)** und wählen Sie **plastischer Reader**."
        }
      },
      "id": "77c112ac-1eb3-4dc3-8143-a8b06950dde8",
      "createdTime": "2021-04-18T20:40:47.131Z",
      "updatedTime": "2021-04-18T20:40:47.131Z",
      "createdUserId": "user-0",
      "updatedUserId": "user-0"
    },
    {
      "channelContent": {
        "web": {
          "contentFormat": "Markdown",
          "content": "💡Versuchen Sie zum Beispiel diesen Text. Die Einstellungen sind für Sie individuell."
        }
      },
      "id": "7bcc5ca1-5e00-4cb8-a6af-5a9fd465153e",
      "createdTime": "2021-04-18T20:41:26.066Z",
      "updatedTime": "2021-04-18T20:41:26.066Z",
      "createdUserId": "user-0",
      "updatedUserId": "user-0"
    }
  ]
}