{
  "intents": [
    {
      "endUserOverrideName": "Maks antall medlemmer i et team",
      "triggerQueries": [
        "Hvor mange personer kan jeg legge til i en teams-gruppe?",
        "Finnes det noen grense for antall brukere i et team?",
        "Hva er grensen for medlemmer i et team?",
        "Hvor mange kan legges til i en gruppe",
        "Hvor mange kan være i en Teams-gruppe",
        "Hvor mange medlemmer kan et team ha?",
        "Hvor stort antall medlemmer kan et team være?",
        "Hvor mange medlemmer kan jeg ha i et team?",
        "Maks antall medlemmer i et team",
        "Max antall medlemmer i et team",
        "Hva er det maksimale antallet medlemmer jeg kan ha i et team?"
      ],
      "dialogId": "new_topic_3ee1ffdbb5f5448f83c4e867bdfe087b",
      "isTriggeringEnabled": true,
      "id": "new_topic_3ee1ffdbb5f5448f83c4e867bdfe087b",
      "displayName": "Hva er det maksimale antallet medlemmer jeg kan ha i et team?",
      "description": "",
      "createdTime": "2021-04-12T15:18:46.3786394Z",
      "updatedTime": "2021-04-19T18:36:53.7256169Z",
      "createdUserId": "ef0c8b9a-eff1-49f8-92fa-fd1d3e15e1ba",
      "updatedUserId": "ef0c8b9a-eff1-49f8-92fa-fd1d3e15e1ba"
    }
  ],
  "dialogs": [
    {
      "rootNodeId": "ef8586ce-5239-46df-afb6-10958b82d4b6",
      "messageNodes": [
        {
          "botMessageId": "e60cc02e-2d57-4576-8560-91eb4bacbcf3",
          "nodeType": "BotMessageNode",
          "id": "ef8586ce-5239-46df-afb6-10958b82d4b6",
          "defaultTargetNodeId": "ba27d465-fc9b-4d76-8b00-29dda17c1b20"
        },
        {
          "botMessageId": "735eb318-8f83-41e5-aaa1-29bcfc1adeae",
          "nodeType": "BotMessageNode",
          "id": "ba27d465-fc9b-4d76-8b00-29dda17c1b20",
          "defaultTargetNodeId": "d5c6d804-fe91-4ea2-a45e-c78a47a477f7"
        }
      ],
      "dialogChangeNodes": [
        {
          "targetDialogId": "new_topic_89c49d37fd4c4c1c9144396960733ce1_aeabea4d071f415c8c107e1cb7af5424_assumedsuccess",
          "nodeType": "DialogChangeNode",
          "id": "d5c6d804-fe91-4ea2-a45e-c78a47a477f7"
        }
      ],
      "id": "new_topic_3ee1ffdbb5f5448f83c4e867bdfe087b",
      "displayName": "Dialog for Hva er det maksimale antallet medlemmer jeg kan ha i et team?",
      "createdTime": "2021-04-12T15:18:46.3786394Z",
      "updatedTime": "2021-04-20T07:19:49.1709807Z",
      "createdUserId": "ef0c8b9a-eff1-49f8-92fa-fd1d3e15e1ba",
      "updatedUserId": "ef0c8b9a-eff1-49f8-92fa-fd1d3e15e1ba"
    }
  ],
  "botMessages": [
    {
      "channelContent": {
        "web": {
          "contentFormat": "Markdown",
          "content": "[Maksimalt antall medlemmer i et team er](https://docs.microsoft.com/nb-no/microsoftteams/limits-specifications-teams#teams-and-channels) 25.000 personer (pr. 2021)."
        }
      },
      "id": "e60cc02e-2d57-4576-8560-91eb4bacbcf3",
      "createdTime": "2021-04-12T15:18:46.3786394Z",
      "updatedTime": "2021-04-12T15:18:46.3786394Z",
      "createdUserId": "ef0c8b9a-eff1-49f8-92fa-fd1d3e15e1ba",
      "updatedUserId": "ef0c8b9a-eff1-49f8-92fa-fd1d3e15e1ba"
    },
    {
      "channelContent": {
        "web": {
          "contentFormat": "Markdown",
          "content": "💡 **NB!** Husk å alltid sjekke lenkene som blir delt for oppdatert informasjon og detaljer. Det kan hende at grensen har økt siden sist dette ble sjekket."
        }
      },
      "id": "735eb318-8f83-41e5-aaa1-29bcfc1adeae",
      "createdTime": "2021-04-19T18:27:32.703Z",
      "updatedTime": "2021-04-19T18:27:32.703Z",
      "createdUserId": "user-0",
      "updatedUserId": "user-0"
    }
  ],
  "createdUtc": "0001-01-01T00:00:00Z"
}