{
  "intents": [
    {
      "triggerQueries": [
        "In che modo un utente può cambiare o modificare il PIN?",
        "Reimpostare il PIN di Teams",
        "Chi può reimpostare il PIN?",
        "come reimpostare il PIN",
        "Posso modificare il mio PIN?",
        "In che modo un utente può modificare il proprio PIN?"
      ],
      "dialogId": "new_topic_914f9f3420dd41faa0c83736b1703279",
      "isTriggeringEnabled": true,
      "id": "new_topic_914f9f3420dd41faa0c83736b1703279",
      "displayName": "In che modo un utente può cambiare o modificare il proprio PIN?",
      "createdTime": "2022-04-29T21:08:05.5010658Z",
      "updatedTime": "2022-04-29T21:19:09.6374991Z",
      "createdUserId": "9451fc51-e00d-4445-8ff9-efb70866dc3b",
      "updatedUserId": "9451fc51-e00d-4445-8ff9-efb70866dc3b"
    }
  ],
  "dialogs": [
    {
      "rootNodeId": "849745fa-aebb-4aa2-b42f-baee18bac12e",
      "messageNodes": [
        {
          "botMessageId": "bda78397-eff4-4281-b052-039eafba0f5c",
          "nodeType": "BotMessageNode",
          "id": "849745fa-aebb-4aa2-b42f-baee18bac12e",
          "defaultTargetNodeId": "73d67ea4-8114-4c15-aa1c-b9aa0b6b7349"
        }
      ],
      "dialogChangeNodes": [
        {
          "targetDialogId": "new_topic_f98a24608ee04cb998de3e3e32703d5b_aeabea4d071f415c8c107e1cb7af5424_assumedsuccess",
          "nodeType": "DialogChangeNode",
          "id": "73d67ea4-8114-4c15-aa1c-b9aa0b6b7349"
        }
      ],
      "id": "new_topic_914f9f3420dd41faa0c83736b1703279",
      "displayName": "Senza titolo",
      "createdTime": "2022-04-29T21:08:05.5010658Z",
      "updatedTime": "2022-04-29T21:19:09.6374991Z",
      "createdUserId": "9451fc51-e00d-4445-8ff9-efb70866dc3b",
      "updatedUserId": "9451fc51-e00d-4445-8ff9-efb70866dc3b"
    }
  ],
  "botMessages": [
    {
      "channelContent": {
        "web": {
          "contentFormat": "Markdown",
          "content": "Il PIN può essere reimpostato solo dall'amministratore dell'organizzazione."
        }
      },
      "id": "bda78397-eff4-4281-b052-039eafba0f5c",
      "createdTime": "2022-04-29T21:00:44.405Z",
      "updatedTime": "2022-04-29T21:00:44.405Z"
    }
  ]
}