{
  "intents": [
    {
      "triggerQueries": [
        "Hva kan jeg gjøre i en chat?"
      ],
      "dialogId": "new_topic_119ce7e5a6ee4d31a9c1bc75831c8b98",
      "isTriggeringEnabled": true,
      "id": "new_topic_119ce7e5a6ee4d31a9c1bc75831c8b98",
      "displayName": "Hva kan jeg gjøre i en chat?",
      "description": "https://norwegianteams.blob.core.windows.net/norwegian-container/Tima - p19 to p33.docx",
      "createdTime": "2021-04-07T14:24:57.8933477Z",
      "updatedTime": "2021-04-07T14:25:31.1772292Z",
      "createdUserId": "ef0c8b9a-eff1-49f8-92fa-fd1d3e15e1ba",
      "updatedUserId": "ef0c8b9a-eff1-49f8-92fa-fd1d3e15e1ba"
    }
  ],
  "dialogs": [
    {
      "rootNodeId": "cee7e8a7-1fe9-4ece-9407-f0a701f0105a",
      "messageNodes": [
        {
          "botMessageId": "a6c57357-0a94-4666-832b-d48d5b730f06",
          "nodeType": "BotMessageNode",
          "id": "cee7e8a7-1fe9-4ece-9407-f0a701f0105a",
          "defaultTargetNodeId": "d64b6341-9e99-4ce3-8449-da3f415681b6"
        },
        {
          "botMessageId": "ca887d54-f9f1-42ed-b527-69600377c406",
          "nodeType": "BotMessageNode",
          "id": "d64b6341-9e99-4ce3-8449-da3f415681b6",
          "defaultTargetNodeId": "e3738176-41c1-453c-98b6-a399bd8e771f"
        }
      ],
      "dialogChangeNodes": [
        {
          "targetDialogId": "new_topic_89c49d37fd4c4c1c9144396960733ce1_aeabea4d071f415c8c107e1cb7af5424_assumedsuccess",
          "nodeType": "DialogChangeNode",
          "id": "e3738176-41c1-453c-98b6-a399bd8e771f"
        }
      ],
      "id": "new_topic_119ce7e5a6ee4d31a9c1bc75831c8b98",
      "displayName": "Dialog for Hva kan jeg gjøre i en chat?",
      "createdTime": "2021-04-07T14:24:57.8933477Z",
      "updatedTime": "2021-04-19T20:35:59.2596474Z",
      "createdUserId": "ef0c8b9a-eff1-49f8-92fa-fd1d3e15e1ba",
      "updatedUserId": "ef0c8b9a-eff1-49f8-92fa-fd1d3e15e1ba"
    }
  ],
  "botMessages": [
    {
      "channelContent": {
        "web": {
          "contentFormat": "Markdown",
          "content": "Når du er i en chat i Teams, kan du sende meldinger som inneholder filer, koblinger, emojier, klistremerker og GIF-er."
        }
      },
      "id": "a6c57357-0a94-4666-832b-d48d5b730f06",
      "createdTime": "2021-04-07T14:24:57.8933477Z",
      "updatedTime": "2021-04-07T14:24:57.8933477Z",
      "createdUserId": "ef0c8b9a-eff1-49f8-92fa-fd1d3e15e1ba",
      "updatedUserId": "ef0c8b9a-eff1-49f8-92fa-fd1d3e15e1ba"
    },
    {
      "channelContent": {
        "web": {
          "contentFormat": "Markdown",
          "content": "Du kan ha private en-til-en samtaler med en person eller opprette en gruppechat med flere personer."
        }
      },
      "id": "ca887d54-f9f1-42ed-b527-69600377c406",
      "createdTime": "2021-04-19T20:35:33.483Z",
      "updatedTime": "2021-04-19T20:35:33.483Z",
      "createdUserId": "user-0",
      "updatedUserId": "user-0"
    }
  ],
  "createdUtc": "0001-01-01T00:00:00Z"
}