{
  "intents": [
    {
      "triggerQueries": [
        "作為來賓加入團隊很難嗎？",
        "啟用團隊的來賓邀請",
        "來賓可以用手機加入團隊嗎？",
        "加入團隊時，來賓體驗如何？",
        "來自其他組織的人如何加入團隊？",
        "不使用團隊就以來賓身份加入？",
        "外部人員如何加入團隊？",
        "作為來賓加入團隊很難嗎？",
        "來賓如何加入團隊？",
        "怎麼讓外部人員加入團隊",
        "讓外部人員加入團隊",
        "怎麼讓來賓加入團隊",
        "外部人員加入團隊",
        "以來賓身分加入",
        "Join as guest without using Teams?",
        "how do external people join a team?",
        "Is it hard to join a team as a guest?",
        "activate a guest invite to a team",
        "Can guests join a team from their phone?",
        "what is the guest experience when joining a team?",
        "How does a person from another organization join a team?",
        "How do guests join a team?",
        "How does a guest join a team?"
      ],
      "dialogId": "new_topic_2a27e3ef796241f18e0ed732f9f15557",
      "isTriggeringEnabled": true,
      "id": "new_topic_2a27e3ef796241f18e0ed732f9f15557",
      "displayName": "來賓如何加入團隊",
      "description": "",
      "createdTime": "2021-11-17T05:27:28.8116091Z",
      "updatedTime": "2021-11-17T05:27:47.8946471Z",
      "createdUserId": "9c968d43-f7c2-4e28-895c-1f6bcefcd8be",
      "updatedUserId": "9c968d43-f7c2-4e28-895c-1f6bcefcd8be"
    }
  ],
  "dialogs": [
    {
      "rootNodeId": "e4efe0a8-9920-4b54-9920-7c0f5b8e61fa",
      "messageNodes": [
        {
          "botMessageId": "e6377bde-de29-41c1-8694-b49f3428b619",
          "nodeType": "BotMessageNode",
          "id": "e4efe0a8-9920-4b54-9920-7c0f5b8e61fa",
          "defaultTargetNodeId": "a5df7fd1-2572-4a86-8866-10ec65b6e53f"
        },
        {
          "botMessageId": "4279cfda-1289-4594-9885-d5645e79d27e",
          "nodeType": "BotMessageNode",
          "id": "a5df7fd1-2572-4a86-8866-10ec65b6e53f",
          "defaultTargetNodeId": "f7c34b61-ddea-4434-bca9-3119a323ee78"
        }
      ],
      "dialogChangeNodes": [
        {
          "targetDialogId": "new_topic_e2d1671328b941dbb60fa7150059b1ee_aeabea4d071f415c8c107e1cb7af5424_assumedsuccess",
          "nodeType": "DialogChangeNode",
          "id": "f7c34b61-ddea-4434-bca9-3119a323ee78"
        }
      ],
      "id": "new_topic_2a27e3ef796241f18e0ed732f9f15557",
      "displayName": "Dialog for 來賓如何加入團隊",
      "createdTime": "2021-11-17T05:27:28.8116091Z",
      "updatedTime": "2021-11-17T05:27:47.8946471Z",
      "createdUserId": "9c968d43-f7c2-4e28-895c-1f6bcefcd8be",
      "updatedUserId": "9c968d43-f7c2-4e28-895c-1f6bcefcd8be"
    }
  ],
  "botMessages": [
    {
      "channelContent": {
        "web": {
          "contentFormat": "Markdown",
          "content": "來賓會收到歡迎信以及加入 Teams 的相關資料。來賓體驗請見[連結](https://docs.microsoft.com/zh-tw/MicrosoftTeams/guest-experience)。"
        }
      },
      "id": "e6377bde-de29-41c1-8694-b49f3428b619",
      "createdTime": "2021-11-17T05:27:28.8116091Z",
      "updatedTime": "2021-11-17T05:27:28.8116091Z",
      "createdUserId": "9c968d43-f7c2-4e28-895c-1f6bcefcd8be",
      "updatedUserId": "9c968d43-f7c2-4e28-895c-1f6bcefcd8be"
    },
    {
      "channelContent": {
        "web": {
          "contentFormat": "Markdown",
          "content": "您也可以觀賞[此影片](https://support.microsoft.com/zh-tw/office/join-a-team-as-a-guest-928d1eef-61e2-49ec-b754-c2fe86b34824)以了解更多。"
        }
      },
      "id": "4279cfda-1289-4594-9885-d5645e79d27e",
      "createdTime": "2021-11-17T05:27:39.578Z",
      "updatedTime": "2021-11-17T05:27:39.578Z",
      "createdUserId": "user-0",
      "updatedUserId": "user-0"
    }
  ]
}