{
  "intents": [
    {
      "endUserOverrideName": "通知所有團隊成員？",
      "triggerQueries": [
        "通知所有團隊成員?",
        "@提及整個團隊?",
        "如何提及整個團隊?",
        "我如何獲得整個團隊的關注?",
        "我要如何@整個團隊?",
        "如何向整個團隊發出通知?",
        "我希望團隊中的每個人都能收到通知，我該怎麼做？",
        "我要如何@提及整個團隊?",
        "Notify all team members?",
        "@mention entire team?",
        "How to mention the entire team?",
        "How do I get the attention from the entire team?",
        "How do I @ the entire team?",
        "How do I give a notification to the entire team?",
        "I want everyone on the team to get a notification, how do I do it?",
        "How do I @mention the entire team?"
      ],
      "dialogId": "new_topic_dbf42ff6b2654bcfaf013937171587c7",
      "isTriggeringEnabled": true,
      "id": "new_topic_dbf42ff6b2654bcfaf013937171587c7",
      "displayName": "我要如何@提及整個團隊?",
      "description": "https://adoptbotv2kb.blob.core.windows.net/%24web/AdoptBot2021-English.docx",
      "createdTime": "2021-11-17T02:57:16.9069618Z",
      "updatedTime": "2021-11-22T09:13:30.5407843Z",
      "createdUserId": "9c968d43-f7c2-4e28-895c-1f6bcefcd8be",
      "updatedUserId": "9c968d43-f7c2-4e28-895c-1f6bcefcd8be"
    }
  ],
  "dialogs": [
    {
      "rootNodeId": "12821126-84a2-4f72-ac5d-933c338cfd66",
      "messageNodes": [
        {
          "botMessageId": "c2e3ff52-db0d-4e16-aa38-0e6afc40ffb0",
          "nodeType": "BotMessageNode",
          "id": "12821126-84a2-4f72-ac5d-933c338cfd66",
          "defaultTargetNodeId": "e60f19df-843d-4d82-8064-8e703a299c68"
        },
        {
          "botMessageId": "da3d958e-e189-4cdc-b01d-41764ffa14ed",
          "nodeType": "BotMessageNode",
          "id": "e60f19df-843d-4d82-8064-8e703a299c68",
          "defaultTargetNodeId": "4ec70812-e336-428d-9bf8-ca2c73551050"
        },
        {
          "botMessageId": "202e123c-63d9-4ba5-b49c-3bbae823a911",
          "nodeType": "BotMessageNode",
          "id": "4ec70812-e336-428d-9bf8-ca2c73551050",
          "defaultTargetNodeId": "f0744e1d-59b4-451c-a882-5daa14850605"
        }
      ],
      "dialogChangeNodes": [
        {
          "targetDialogId": "new_topic_e2d1671328b941dbb60fa7150059b1ee_aeabea4d071f415c8c107e1cb7af5424_assumedsuccess",
          "nodeType": "DialogChangeNode",
          "id": "f0744e1d-59b4-451c-a882-5daa14850605"
        }
      ],
      "id": "new_topic_dbf42ff6b2654bcfaf013937171587c7",
      "displayName": "Dialog for 我要如何@提及整個團隊?",
      "createdTime": "2021-11-17T02:57:16.9069618Z",
      "updatedTime": "2021-11-22T09:13:30.5407843Z",
      "createdUserId": "9c968d43-f7c2-4e28-895c-1f6bcefcd8be",
      "updatedUserId": "9c968d43-f7c2-4e28-895c-1f6bcefcd8be"
    }
  ],
  "botMessages": [
    {
      "channelContent": {
        "web": {
          "contentFormat": "Markdown",
          "content": "[**為了引起團隊中每個人的注意**](https://support.microsoft.com/zh-tw/office/use-mentions-to-get-someone-s-attention-in-teams-eb4f059d-320e-454e-b111-03361d4d6855) ，請@提及團隊的名稱。\n\n*   輸入@team 並從出現的選單中選擇團隊的名稱。"
        }
      },
      "id": "c2e3ff52-db0d-4e16-aa38-0e6afc40ffb0",
      "createdTime": "2021-11-17T02:57:16.9069618Z",
      "updatedTime": "2021-11-17T02:57:16.9069618Z",
      "createdUserId": "9c968d43-f7c2-4e28-895c-1f6bcefcd8be",
      "updatedUserId": "9c968d43-f7c2-4e28-895c-1f6bcefcd8be"
    },
    {
      "channelContent": {
        "web": {
          "contentFormat": "Markdown",
          "content": "透過@團隊，團隊的所有成員都會收到通知。\n\n[_注意: 通知的方式取決於每個人的設定_](https://support.microsoft.com/en-us/office/six-things-to-know-about-notifications-abb62c60-3d15-4968-b86a-42fea9c22cf4)"
        }
      },
      "id": "da3d958e-e189-4cdc-b01d-41764ffa14ed",
      "createdTime": "2021-11-17T02:57:33.281Z",
      "updatedTime": "2021-11-17T02:57:33.281Z",
      "createdUserId": "user-0",
      "updatedUserId": "user-0"
    },
    {
      "channelContent": {
        "web": {
          "contentFormat": "Markdown",
          "content": "💡 **Tip:** 在大型團隊中，請謹慎使用此選項，因為它就像在電子郵件中使用「全部回覆」一樣。"
        }
      },
      "id": "202e123c-63d9-4ba5-b49c-3bbae823a911",
      "createdTime": "2021-11-17T02:57:57.315Z",
      "updatedTime": "2021-11-17T02:57:57.315Z",
      "createdUserId": "user-0",
      "updatedUserId": "user-0"
    }
  ]
}