{
  "intents": [
    {
      "endUserOverrideName": "Rimuovere automaticamente i Teams inattivi (Amministratori)",
      "triggerQueries": [
        "pulizia automatica dei Teams inutilizzati?",
        "Un Team può essere eliminato automaticamente quando è inattivo per un certo numero di giorni o mesi?",
        "Se i team sono inattivi possono essere eliminati automaticamente dopo un certo numero di giorni o mesi",
        "Eliminare i team inattivi",
        "eliminare automaticamente i vecchi Team",
        "eliminare i team inattivi",
        "ripulire i Team inutilizzati",
        "Rimuovere i Team che non sono più in uso?",
        "Eliminare i team inattivi dopo un certo periodo di tempo",
        "data di scadenza per i Team non in uso",
        "Faccio parte di troppi Team e che non sono in uso",
        "Troppi Team inattivi",
        "Eliminare automaticamente tutti i vecchi Team?",
        "rimuove automaticamente i team inattivi?",
        "I team inattivi possono essere eliminati automaticamente dopo un certo numero di giorni o mesi?"
      ],
      "dialogId": "new_topic_cbe7bdbbb9b64a1aa19fadcfdb4eb992",
      "isTriggeringEnabled": true,
      "id": "new_topic_cbe7bdbbb9b64a1aa19fadcfdb4eb992",
      "displayName": "I team inattivi possono essere eliminati automaticamente dopo un certo numero di giorni o mesi?",
      "createdTime": "2022-04-29T19:40:43.9856003Z",
      "updatedTime": "2022-04-29T19:40:43.9856003Z",
      "createdUserId": "9451fc51-e00d-4445-8ff9-efb70866dc3b",
      "updatedUserId": "9451fc51-e00d-4445-8ff9-efb70866dc3b"
    }
  ],
  "dialogs": [
    {
      "rootNodeId": "10654839-820c-4f55-880f-ae7098cad9d4",
      "messageNodes": [
        {
          "botMessageId": "b8cfe59c-b797-40b3-8bb8-9c49cfc89827",
          "nodeType": "BotMessageNode",
          "id": "10654839-820c-4f55-880f-ae7098cad9d4",
          "defaultTargetNodeId": "647a5c60-f3ef-45c0-a033-6d2da90f438d"
        },
        {
          "botMessageId": "1f54a062-2366-4cdb-9534-a08313041048",
          "nodeType": "BotMessageNode",
          "id": "647a5c60-f3ef-45c0-a033-6d2da90f438d",
          "defaultTargetNodeId": "4a8ccd3e-e4c3-42a5-9bff-fc06d9de627d"
        }
      ],
      "dialogChangeNodes": [
        {
          "targetDialogId": "new_topic_f98a24608ee04cb998de3e3e32703d5b_aeabea4d071f415c8c107e1cb7af5424_assumedsuccess",
          "nodeType": "DialogChangeNode",
          "id": "4a8ccd3e-e4c3-42a5-9bff-fc06d9de627d"
        }
      ],
      "id": "new_topic_cbe7bdbbb9b64a1aa19fadcfdb4eb992",
      "displayName": "Senza titolo",
      "createdTime": "2022-04-29T19:40:43.9856003Z",
      "updatedTime": "2022-04-29T19:40:43.9856003Z",
      "createdUserId": "9451fc51-e00d-4445-8ff9-efb70866dc3b",
      "updatedUserId": "9451fc51-e00d-4445-8ff9-efb70866dc3b"
    }
  ],
  "botMessages": [
    {
      "channelContent": {
        "web": {
          "contentFormat": "Markdown",
          "content": "La rimozione automatica dei team inattivi può essere gestita utilizzando la politica di scadenza di Teams. È un modo meraviglioso per ripulire i team inattivi che non sono in uso e rimuove il disordine!"
        }
      },
      "id": "b8cfe59c-b797-40b3-8bb8-9c49cfc89827",
      "createdTime": "2022-04-29T19:32:04.529Z",
      "updatedTime": "2022-04-29T19:32:04.529Z"
    },
    {
      "channelContent": {
        "web": {
          "contentFormat": "Markdown",
          "content": "Consulta questo [articolo sulle date di scadenza e sul rinnovo automatico dei team](https://docs.microsoft.com/it-it/microsoftteams/team-expiration-renewal)"
        }
      },
      "id": "1f54a062-2366-4cdb-9534-a08313041048",
      "createdTime": "2022-04-29T19:32:07.7Z",
      "updatedTime": "2022-04-29T19:32:07.7Z",
      "createdUserId": "user-0",
      "updatedUserId": "user-0"
    }
  ]
}