{
  "intents": [
    {
      "endUserOverrideName": "Weitere Teambesitzer hinzufügen.",
      "triggerQueries": [
        "Wie kann ich mehr Teambesitzer hinzufügen?",
        "Teambesitzer",
        "Neuer Teambesitzer",
        "Weiteren Besitzer hinzufügen",
        "Ich möchte einen Besitzer hinzufügen",
        "Wie kann ich mehr Team Besitzer hinzufügen?",
        "Kann man ein Mitglied zu einem Besitzer machen?",
        "Ein Mitglied zu einem Besitzer machen",
        "Weitere Teambesitzer hinzufügen",
        "Kann ein Team mehr als einen Besitzer haben?"
      ],
      "dialogId": "new_topic_84de6fc0acbb4346a2213df3984ef584",
      "isTriggeringEnabled": true,
      "id": "new_topic_84de6fc0acbb4346a2213df3984ef584",
      "displayName": "Wie kann ich weitere Teambesitzer hinzufügen?",
      "description": "https://adoptbotv2kb.blob.core.windows.net/%24web/AdoptBot2021-English.docx",
      "createdTime": "2021-04-18T09:48:06.399313Z",
      "updatedTime": "2021-04-18T09:48:06.399313Z",
      "createdUserId": "86360cd1-faa6-4d16-8a0c-ba3116c8a977"
    }
  ],
  "dialogs": [
    {
      "rootNodeId": "e16fbe69-aed5-447a-9246-cc7ccdaee47a",
      "messageNodes": [
        {
          "botMessageId": "178ae286-d4c7-49bf-a3e1-2c747817d33a",
          "nodeType": "BotMessageNode",
          "id": "e16fbe69-aed5-447a-9246-cc7ccdaee47a",
          "defaultTargetNodeId": "a1dee116-45ca-4724-b718-9b91761d5ad5"
        },
        {
          "botMessageId": "41e7fa36-9680-4952-8947-855023c5593a",
          "nodeType": "BotMessageNode",
          "id": "a1dee116-45ca-4724-b718-9b91761d5ad5",
          "defaultTargetNodeId": "facc5748-b877-440b-8dc3-61c32da006e4"
        }
      ],
      "dialogChangeNodes": [
        {
          "targetDialogId": "new_topic_30867099f4b543d3b8543a85c22c3418_aeabea4d071f415c8c107e1cb7af5424_assumedsuccess",
          "nodeType": "DialogChangeNode",
          "id": "facc5748-b877-440b-8dc3-61c32da006e4"
        }
      ],
      "id": "new_topic_84de6fc0acbb4346a2213df3984ef584",
      "displayName": "Dialog for Wie kann ich weitere Teambesitzer hinzufügen?",
      "createdTime": "2021-04-18T09:48:06.399313Z",
      "updatedTime": "2021-04-18T09:50:43.2645955Z",
      "createdUserId": "86360cd1-faa6-4d16-8a0c-ba3116c8a977",
      "updatedUserId": "86360cd1-faa6-4d16-8a0c-ba3116c8a977"
    }
  ],
  "botMessages": [
    {
      "channelContent": {
        "web": {
          "contentFormat": "Markdown",
          "content": "[Festlegen einer Person als Teambesitzer](https://support.microsoft.com/de-de/office/festlegen-einer-person-als-teambesitzer-09eb80c1-9f3b-4f6c-b6c0-45555d46ee2a?ui=de-DE&rs=de-DE&ad=DE)\n\n1.  Suchen Sie das Team, das Sie erstellt haben, wählen Sie **Weitere Optionen (...)** > **Team verwalten**.\n2.  Öffnen Sie die Registerkarte **Mitglieder**.\n3.  Suchen Sie die Personen, die Sie als Teambesitzer benennen möchten.\n4.  Klicken Sie unter \"**Rolle**\" auf \"**Besitzer**\"."
        }
      },
      "id": "178ae286-d4c7-49bf-a3e1-2c747817d33a",
      "createdTime": "2021-04-18T09:48:06.399313Z",
      "updatedTime": "2021-04-18T09:48:06.399313Z",
      "createdUserId": "86360cd1-faa6-4d16-8a0c-ba3116c8a977",
      "updatedUserId": "86360cd1-faa6-4d16-8a0c-ba3116c8a977"
    },
    {
      "channelContent": {
        "web": {
          "contentFormat": "Markdown",
          "content": "💡**Tipp**: _Achten Sie darauf, dass es mindestens zwei Besitzer pro Team gibt. Dies gewährleistet einen Ersatzkontakt, falls einer der Besitzer nicht verfügbar ist._"
        }
      },
      "id": "41e7fa36-9680-4952-8947-855023c5593a",
      "createdTime": "2021-04-18T09:50:09.693Z",
      "updatedTime": "2021-04-18T09:50:09.693Z",
      "createdUserId": "user-0",
      "updatedUserId": "user-0"
    }
  ]
}