{
  "intents": [
    {
      "triggerQueries": [
        "Channel 채널 대화 Tab 탭 목적",
        "Team 팀 새 대화 쓰레드 스레드 시작",
        "Channel 채널 탭 Tab 게시물 목적 왜 설명",
        "Team 팀 모든 사람 메시지 쓰기",
        "Team 팀 Member 멤버 구성원 의사 소통 커뮤니케이션",
        "Teams 팀 공동작업 협업 시작 어떻게",
        "채널 게시물 새 새로운 만들 만드",
        "채널 게시물 응답 회신 답변 작성",
        "채널 새 새로운 대화 시작",
        "Teams 팀 대화 시작 방법",
        "Teams에서 대화를 시작하려면 어떻게 해야 하나요?"
      ],
      "dialogId": "new_topic_0024709e34ac40558667076ca1863219",
      "isTriggeringEnabled": true,
      "id": "new_topic_0024709e34ac40558667076ca1863219",
      "displayName": "Teams에서 대화를 시작하려면 어떻게 해야 하나요?",
      "description": "https://adoptbotv2kb.blob.core.windows.net/%24web/adoptbot2021-Korean.docx",
      "createdTime": "2021-03-18T03:39:18.7466553Z",
      "updatedTime": "2021-04-05T08:47:23.977195Z",
      "createdUserId": "e47109d8-0300-4e59-a90d-56bb29886c9e",
      "updatedUserId": "e47109d8-0300-4e59-a90d-56bb29886c9e"
    }
  ],
  "dialogs": [
    {
      "rootNodeId": "1e5ab67b-cb9e-4f55-a8d0-8f4b1f4f6c32",
      "messageNodes": [
        {
          "botMessageId": "0a26a854-7cff-4b41-a6e2-5aa922c053b8",
          "nodeType": "BotMessageNode",
          "id": "1e5ab67b-cb9e-4f55-a8d0-8f4b1f4f6c32",
          "defaultTargetNodeId": "9a57abd7-0eaa-44fb-9786-357fdf9d182d"
        },
        {
          "botMessageId": "e62c2314-b19f-467d-ad54-6c87a5b8ce2f",
          "nodeType": "BotMessageNode",
          "id": "9a57abd7-0eaa-44fb-9786-357fdf9d182d",
          "defaultTargetNodeId": "f648c373-2ea8-4e8b-a420-18d5ae10b72d"
        },
        {
          "botMessageId": "befbc6f1-34de-49fd-b212-57bee439cdef",
          "nodeType": "BotMessageNode",
          "id": "f648c373-2ea8-4e8b-a420-18d5ae10b72d",
          "defaultTargetNodeId": "6b8e6e33-ceb6-4f7c-a272-337fc86811f7"
        },
        {
          "botMessageId": "bcf11648-6a6c-4a75-84d5-4b714fbc686c",
          "nodeType": "BotMessageNode",
          "id": "6b8e6e33-ceb6-4f7c-a272-337fc86811f7",
          "defaultTargetNodeId": "19177e1a-eef9-428a-a6c5-d35b0e7a2ef3"
        }
      ],
      "dialogChangeNodes": [
        {
          "targetDialogId": "new_topic_2bf23930c1d146129dfe38bacb94ccd0_aeabea4d071f415c8c107e1cb7af5424_assumedsuccess",
          "nodeType": "DialogChangeNode",
          "id": "19177e1a-eef9-428a-a6c5-d35b0e7a2ef3"
        }
      ],
      "id": "new_topic_0024709e34ac40558667076ca1863219",
      "displayName": "Dialog for Teams에서 대화를 시작하려면 어떻게 해야 하나요?",
      "createdTime": "2021-03-18T03:39:18.7466553Z",
      "updatedTime": "2021-04-05T08:42:19.7900534Z",
      "createdUserId": "e47109d8-0300-4e59-a90d-56bb29886c9e",
      "updatedUserId": "e47109d8-0300-4e59-a90d-56bb29886c9e"
    }
  ],
  "botMessages": [
    {
      "channelContent": {
        "web": {
          "contentFormat": "Markdown",
          "content": "팀의 모든 채널에서, 첫 번째 탭은 “게시물”입니다. 이것을 하나의 큰 그룹 채팅으로 생각하십시오. 채널에 액세스할 수 있는 모든 사용자는 게시물 탭에서 대화를 볼 수 있습니다."
        }
      },
      "id": "0a26a854-7cff-4b41-a6e2-5aa922c053b8",
      "createdTime": "2021-03-18T03:39:18.7466553Z",
      "updatedTime": "2021-03-18T03:39:18.7466553Z",
      "createdUserId": "e47109d8-0300-4e59-a90d-56bb29886c9e",
      "updatedUserId": "e47109d8-0300-4e59-a90d-56bb29886c9e"
    },
    {
      "channelContent": {
        "web": {
          "contentFormat": "Markdown",
          "content": "[채널에서 모든 사람에게 메시지를 보내려면 다음 단계를 따르십시오.](https://support.microsoft.com/ko-kr/office/skicka-ett-meddelande-till-en-kanal-i-teams-5c8131ce-eaad-4798-bc73-e33f4652a9c4)\n\n먼저, 원하는 채널을 선택합니다.\n\n*   그런 다음 \"**회신\"**을 클릭하여 기존 스레드에 응답**하거나** 대화 탭 하단의 \"**새 대화\"**를 시작합니다.\n*   다음 입력 상자에 메시지를 입력하고 보내기를 선택합니다."
        }
      },
      "id": "e62c2314-b19f-467d-ad54-6c87a5b8ce2f",
      "createdTime": "2021-04-05T08:40:56.711Z",
      "updatedTime": "2021-04-05T08:40:56.711Z",
      "createdUserId": "user-0",
      "updatedUserId": "user-0"
    },
    {
      "channelContent": {
        "web": {
          "contentFormat": "Markdown",
          "content": "짜잔! 이제 메시지가 채널에 게재됩니다.👍"
        }
      },
      "id": "befbc6f1-34de-49fd-b212-57bee439cdef",
      "createdTime": "2021-04-05T08:41:19.21Z",
      "updatedTime": "2021-04-05T08:41:19.21Z",
      "createdUserId": "user-0",
      "updatedUserId": "user-0"
    },
    {
      "channelContent": {
        "web": {
          "contentFormat": "Markdown",
          "content": "팁:\n\n한 사람 또는 소규모 그룹과 대화를 나누고 싶다면 [채팅을 시작합니다.](https://support.microsoft.com/ko-kr/office/starta-en-chatt-i-teams-0c71b32b-c050-4930-a887-5afbe742b3d8)"
        }
      },
      "id": "bcf11648-6a6c-4a75-84d5-4b714fbc686c",
      "createdTime": "2021-04-05T08:42:08.551Z",
      "updatedTime": "2021-04-05T08:42:08.551Z",
      "createdUserId": "user-0",
      "updatedUserId": "user-0"
    }
  ],
  "createdUtc": "0001-01-01T00:00:00Z"
}