{
  "intents": [
    {
      "endUserOverrideName": "Whiteboard i Teams?",
      "triggerQueries": [
        "finns det en whiteboard?",
        "post-it lappar i ett möte?",
        "rita i ett möte",
        "Kan man rita tillsammans i möten?",
        "hur startar jag en whiteboard?",
        "whiteboard session i teams?",
        "Hur ritar jag med andra i ett möte?",
        "Whiteboard i Teams?",
        "Hur använder jag Whiteboard i Teams?"
      ],
      "dialogId": "new_topic_50351d3a570840c297809377e0734afa",
      "isTriggeringEnabled": true,
      "id": "new_topic_50351d3a570840c297809377e0734afa",
      "displayName": "Hur använder jag Whiteboard i Teams?",
      "description": "",
      "createdTime": "2021-01-13T18:47:12.3917411Z",
      "updatedTime": "2023-11-16T14:59:53.677525Z",
      "createdUserId": "f04d3cd9-b73d-4ba9-a1ed-9319eba29b21",
      "updatedUserId": "c8d29cfd-efef-47c1-8e02-210c8be30c37"
    }
  ],
  "dialogs": [
    {
      "rootNodeId": "4680d89d-8e75-459f-9e97-be13f924d609",
      "messageNodes": [
        {
          "botMessageId": "3318ebc6-cb0f-41c7-b788-8429afce0272",
          "nodeType": "BotMessageNode",
          "id": "4680d89d-8e75-459f-9e97-be13f924d609",
          "defaultTargetNodeId": "ecdcc202-4c5a-4b65-aba6-b3d371de603f"
        }
      ],
      "dialogChangeNodes": [
        {
          "targetDialogId": "new_topic_84ec227c19784e7ba25cb34f4638f91e_aeabea4d071f415c8c107e1cb7af5424_assumedsuccess",
          "nodeType": "DialogChangeNode",
          "id": "ecdcc202-4c5a-4b65-aba6-b3d371de603f"
        }
      ],
      "id": "new_topic_50351d3a570840c297809377e0734afa",
      "displayName": "Dialog for Hur använder jag Whiteboard i Teams?",
      "createdTime": "2021-01-13T18:47:12.3917411Z",
      "updatedTime": "2023-11-16T14:59:53.6775243Z",
      "createdUserId": "f04d3cd9-b73d-4ba9-a1ed-9319eba29b21",
      "updatedUserId": "c8d29cfd-efef-47c1-8e02-210c8be30c37"
    }
  ],
  "botMessages": [
    {
      "channelContent": {
        "web": {
          "contentFormat": "Markdown",
          "content": "Varje Teams-möte har en dedikerad whiteboard där deltagarna har utrymme att skissa tillsammans.\n\nDetaljerad info om hur du använder Whiteboard i Teams finns här: [Använda Whiteboard i Microsoft Teams](https://support.microsoft.com/sv-se/office/7a6e7218-e9dc-4ccc-89aa-b1a0bb9c31ee)."
        }
      },
      "id": "3318ebc6-cb0f-41c7-b788-8429afce0272",
      "createdTime": "2021-01-13T18:47:12.3917411Z",
      "updatedTime": "2021-01-13T18:47:12.3917411Z",
      "createdUserId": "f04d3cd9-b73d-4ba9-a1ed-9319eba29b21",
      "updatedUserId": "f04d3cd9-b73d-4ba9-a1ed-9319eba29b21"
    }
  ]
}