{
  "intents": [
    {
      "endUserOverrideName": "Anzeigen eines ausgeblendeten Kanals",
      "triggerQueries": [
        "Wie kann ich einen ausgeblendeten Kanal anzeigen?",
        "Anzeigen eines ausgeblendeten Kanals",
        "Ausgeblendeten Kanal rückgängig machen",
        "Ich möchte einen Kanal anzeigen, den ich zuvor ausgeblendet habe",
        "Wie sehe ich einen versteckten Kanal?",
        "Rückgängigmachen, dass ich einen Kanal ausgeblendet habe",
        "Ich möchte alle versteckten Kanäle sehen",
        "Ich möchte einen versteckten Kanal anzeigen",
        "Versteckten Kanal anzeigen",
        "Was sind die Schritte zum Anzeigen eines ausgeblendeten Kanals?"
      ],
      "dialogId": "new_topic_b9409ccf82b64e2386c33d9062fcf4d8",
      "isTriggeringEnabled": true,
      "id": "new_topic_b9409ccf82b64e2386c33d9062fcf4d8",
      "displayName": "Wie kann ich einen ausgeblendeten Kanal anzeigen?",
      "description": "",
      "createdTime": "2021-04-16T07:37:17.4064741Z",
      "updatedTime": "2021-04-16T07:37:17.4064741Z",
      "createdUserId": "d4c65e50-fb5c-4311-830a-05b59a11dd48"
    }
  ],
  "dialogs": [
    {
      "rootNodeId": "45763675-5816-4913-8991-bb4ce3b878de",
      "messageNodes": [
        {
          "botMessageId": "eddff843-411d-4a13-91ff-6ab5fef522f4",
          "nodeType": "BotMessageNode",
          "id": "45763675-5816-4913-8991-bb4ce3b878de",
          "defaultTargetNodeId": "ecc849b1-f6b7-48e5-959b-fe0d03b6999b"
        }
      ],
      "dialogChangeNodes": [
        {
          "targetDialogId": "new_topic_30867099f4b543d3b8543a85c22c3418_aeabea4d071f415c8c107e1cb7af5424_assumedsuccess",
          "nodeType": "DialogChangeNode",
          "id": "ecc849b1-f6b7-48e5-959b-fe0d03b6999b"
        }
      ],
      "id": "new_topic_b9409ccf82b64e2386c33d9062fcf4d8",
      "displayName": "Dialog for Wie kann ich einen ausgeblendeten Kanal anzeigen?",
      "createdTime": "2021-04-16T07:37:17.4064741Z",
      "updatedTime": "2021-04-16T07:37:56.1332638Z",
      "createdUserId": "d4c65e50-fb5c-4311-830a-05b59a11dd48",
      "updatedUserId": "d4c65e50-fb5c-4311-830a-05b59a11dd48"
    }
  ],
  "botMessages": [
    {
      "channelContent": {
        "web": {
          "contentFormat": "Markdown",
          "content": "Wechseln Sie zum Namen Ihres Teams, und klicken Sie auf Versteckte Kanäle. Wählen Sie Auf jedem Kanal anzeigen aus, den Sie in Ihrer Kanalliste sehen möchten."
        }
      },
      "id": "eddff843-411d-4a13-91ff-6ab5fef522f4",
      "createdTime": "2021-04-16T07:37:17.4064741Z",
      "updatedTime": "2021-04-16T07:37:17.4064741Z",
      "createdUserId": "d4c65e50-fb5c-4311-830a-05b59a11dd48",
      "updatedUserId": "d4c65e50-fb5c-4311-830a-05b59a11dd48"
    }
  ],
  "createdUtc": "0001-01-01T00:00:00Z"
}