{
  "intents": [
    {
      "triggerQueries": [
        "Series 시리즈 반복 모임 Meeting 미팅 만들 만드",
        "Outlook 아웃룩 Meeting 미팅 회의 예약",
        "Meeting 미팅 모임 예약 스케줄 Schedule 어떻게",
        "Teams 팀 Meeting 미팅 회의 일정",
        "새 Meeting 미팅 모임 직접 만들기 만드",
        "Teams 팀즈 팀 Meeting 모임 회의 만드 만들",
        "Meeting 모임 미팅 만들 만드 어떻게 해야",
        "Teams에서 직접 회의를 예약할 수 있나요?"
      ],
      "dialogId": "new_topic_e800aa5637d14dd0a567fa2df97b1955",
      "isTriggeringEnabled": true,
      "id": "new_topic_e800aa5637d14dd0a567fa2df97b1955",
      "displayName": "Teams에서 직접 회의를 예약할 수 있나요?",
      "description": "https://adoptbotv2kb.blob.core.windows.net/%24web/adoptbot2021-Korean.docx",
      "createdTime": "2021-03-18T03:39:18.7466553Z",
      "updatedTime": "2021-04-05T07:45:28.8269706Z",
      "createdUserId": "e47109d8-0300-4e59-a90d-56bb29886c9e",
      "updatedUserId": "e47109d8-0300-4e59-a90d-56bb29886c9e"
    }
  ],
  "dialogs": [
    {
      "rootNodeId": "980b6abb-d2cf-4b92-b715-983981ca5751",
      "messageNodes": [
        {
          "botMessageId": "412c8bcb-994e-4f06-940a-c4b4f2f58814",
          "nodeType": "BotMessageNode",
          "id": "4be2d861-17d4-4db5-9bf9-06a58ff27101",
          "defaultTargetNodeId": "8b7d24bb-6d77-44f6-a87e-185858cccdb7"
        },
        {
          "botMessageId": "d37aa5b8-ffde-4393-802a-4e39fcef7d58",
          "nodeType": "BotMessageNode",
          "id": "980b6abb-d2cf-4b92-b715-983981ca5751",
          "defaultTargetNodeId": "4be2d861-17d4-4db5-9bf9-06a58ff27101"
        },
        {
          "botMessageId": "27ce7d24-4e48-43e3-b01f-4b7e2626106a",
          "nodeType": "BotMessageNode",
          "id": "8b7d24bb-6d77-44f6-a87e-185858cccdb7",
          "defaultTargetNodeId": "1de1db1d-d3e0-4abb-938b-8fd2f073394f"
        }
      ],
      "dialogChangeNodes": [
        {
          "targetDialogId": "new_topic_2bf23930c1d146129dfe38bacb94ccd0_aeabea4d071f415c8c107e1cb7af5424_assumedsuccess",
          "nodeType": "DialogChangeNode",
          "id": "1de1db1d-d3e0-4abb-938b-8fd2f073394f"
        }
      ],
      "id": "new_topic_e800aa5637d14dd0a567fa2df97b1955",
      "displayName": "Dialog for Teams에서 직접 회의를 예약할 수 있나요?",
      "createdTime": "2021-03-18T03:39:18.7466553Z",
      "updatedTime": "2021-04-05T07:48:02.7657646Z",
      "createdUserId": "e47109d8-0300-4e59-a90d-56bb29886c9e",
      "updatedUserId": "e47109d8-0300-4e59-a90d-56bb29886c9e"
    }
  ],
  "botMessages": [
    {
      "channelContent": {
        "web": {
          "contentFormat": "Markdown",
          "content": "**Teams에서 직접 회의를 예약하려면**:\n\n*   Teams에서, 일정으로 이동하여 새 모임을 클릭\n*   만날 채널을 선택하거나 사람들을 초대합니다.\n*   일정 도우미를 사용하여 모든 사용자에게 맞는 시간을 찾습니다.\n*   모임이 다시 발생할 빈도를 선택합니다.\n*   모임이 되풀이되는 빈도를 선택합니다(되풀이 모임인 경우)"
        }
      },
      "id": "412c8bcb-994e-4f06-940a-c4b4f2f58814",
      "createdTime": "2021-03-18T03:39:18.7466553Z",
      "updatedTime": "2021-03-18T03:39:18.7466553Z",
      "createdUserId": "e47109d8-0300-4e59-a90d-56bb29886c9e",
      "updatedUserId": "e47109d8-0300-4e59-a90d-56bb29886c9e"
    },
    {
      "channelContent": {
        "web": {
          "contentFormat": "Markdown",
          "content": "회의는 Microsoft 팀 또는 Outlook을 통해 구성할 수 있습니다. 회의는 같은 방 식으로 볼 수 있습니다. [Teams에서 직접 미팅을 예약](https://support.microsoft.com/ko-kr/office/schemal%C3%A4gga-ett-m%C3%B6te-i-teams-943507a9-8583-4c58-b5d2-8ec8265e04e5) 할 수 있습니다!"
        }
      },
      "id": "d37aa5b8-ffde-4393-802a-4e39fcef7d58",
      "createdTime": "2021-04-05T07:45:45.023Z",
      "updatedTime": "2021-04-05T07:45:45.023Z",
      "createdUserId": "user-0",
      "updatedUserId": "user-0"
    },
    {
      "channelContent": {
        "web": {
          "contentFormat": "Markdown",
          "content": "**Outlook에서 회의를 예약하려면:**\n\n*   Outlook에서 일정 보기에서, Outlook 도구 모음의 Teams 회의를 선택합니다.\n*   모임 세부 정보를 입력하고 일정 도우미를 사용하여 모든 사용자에 맞는 시간을 찾습니다.\n*   관련된 경우, 회의실을 포함합니다"
        }
      },
      "id": "27ce7d24-4e48-43e3-b01f-4b7e2626106a",
      "createdTime": "2021-04-05T07:46:13.768Z",
      "updatedTime": "2021-04-05T07:46:13.768Z",
      "createdUserId": "user-0",
      "updatedUserId": "user-0"
    }
  ],
  "createdUtc": "0001-01-01T00:00:00Z"
}