{
  "intents": [
    {
      "endUserOverrideName": "Nytt innlegg i en kanal",
      "triggerQueries": [
        "Lag ny samtale i en kanal",
        "Lag nytt innlegg i kanalen",
        "Start ny samtale i kanalen",
        "Nytt innlegg i en kanal",
        "Ny samtale i en kanal",
        "Lag ny samtale eller innlegg i en kanal i Teams"
      ],
      "dialogId": "new_topic_4211c895c0da49268ef934caaecee768",
      "isTriggeringEnabled": true,
      "id": "new_topic_4211c895c0da49268ef934caaecee768",
      "displayName": "Lag ny samtale eller innlegg i en kanal i Teams",
      "description": "https://norwegianteams.blob.core.windows.net/norwegian-container/TIMA QA P19.docx",
      "createdTime": "2021-03-24T20:09:21.5452642Z",
      "updatedTime": "2021-04-22T19:59:55.7757265Z",
      "createdUserId": "ef0c8b9a-eff1-49f8-92fa-fd1d3e15e1ba",
      "updatedUserId": "ef0c8b9a-eff1-49f8-92fa-fd1d3e15e1ba"
    }
  ],
  "dialogs": [
    {
      "rootNodeId": "4574dbdf-2973-4d5e-a290-d956f0ce3004",
      "messageNodes": [
        {
          "botMessageId": "83e68849-f6d5-4887-8264-a20eaf38df95",
          "nodeType": "BotMessageNode",
          "id": "4574dbdf-2973-4d5e-a290-d956f0ce3004",
          "defaultTargetNodeId": "e4c51455-3388-4997-ae54-37471019f65b"
        }
      ],
      "dialogChangeNodes": [
        {
          "targetDialogId": "new_topic_89c49d37fd4c4c1c9144396960733ce1_aeabea4d071f415c8c107e1cb7af5424_assumedsuccess",
          "nodeType": "DialogChangeNode",
          "id": "e4c51455-3388-4997-ae54-37471019f65b"
        }
      ],
      "id": "new_topic_4211c895c0da49268ef934caaecee768",
      "displayName": "Dialog for Lag ny samtale eller innlegg i en kanal i Teams",
      "createdTime": "2021-03-24T20:09:21.5452642Z",
      "updatedTime": "2021-04-22T20:00:37.5004943Z",
      "createdUserId": "ef0c8b9a-eff1-49f8-92fa-fd1d3e15e1ba",
      "updatedUserId": "ef0c8b9a-eff1-49f8-92fa-fd1d3e15e1ba"
    }
  ],
  "botMessages": [
    {
      "channelContent": {
        "web": {
          "contentFormat": "Markdown",
          "content": "[Slik lager man en ny samtale eller innlegg i en kanal:](https://support.microsoft.com/nb-no/office/sende-en-melding-til-en-kanal-i-teams-5c8131ce-eaad-4798-bc73-e33f4652a9c4)\n\n1.  Hvis du vil legge inn en ny samtale i kanalen, velger du **Ny samtale** nederst til venstre på fanen.\n2.  Tekstboksen vil åpnes og her kan du skrive inn og formatere innlegget.\n3.  Når du er ferdig, velg **Send**. Innlegget vil automatisk være aktiv i kanalen."
        }
      },
      "id": "83e68849-f6d5-4887-8264-a20eaf38df95",
      "createdTime": "2021-03-24T20:09:21.5452642Z",
      "updatedTime": "2021-03-24T20:09:21.5452642Z",
      "createdUserId": "ef0c8b9a-eff1-49f8-92fa-fd1d3e15e1ba",
      "updatedUserId": "ef0c8b9a-eff1-49f8-92fa-fd1d3e15e1ba"
    }
  ],
  "createdUtc": "0001-01-01T00:00:00Z"
}