<botcomponent schemaname="crb01_TimonAiOnly.topic.Untitled">
  <componenttype>9</componenttype>
  <description>Feel free to adjust with your own text or simply delete this topic. This is your copilot template and you decide!

We recommend having this type of topic as it's frequently requested by users.</description>
  <iscustomizable>0</iscustomizable>
  <name>Capabilities (What can you do?)</name>
  <parentbotid>
    <schemaname>crb01_TimonAiOnly</schemaname>
  </parentbotid>
  <statecode>0</statecode>
  <statuscode>1</statuscode>
</botcomponent>