{
  "intents": [
    {
      "endUserOverrideName": "Dateien zwischen Kanälen verschieben",
      "triggerQueries": [
        "Datei in Teams verschieben",
        "Dateien zwischen Kanälen verschieben",
        "Datei von einem Team ins andere verschieben",
        "Dateien zwischen Teams verschieben",
        "Datei von einem Kanal verschieben",
        "Meine Datei ist am falschen Ort gelandet, wie kann ich sie verschieben?",
        "Dateien zwischen Kanälen verschieben",
        "Wie kann ich Dateien von einem Kanal in den anderen verschieben?",
        "Wie kann ich Dateien zwischen Kanälen in Teams verschieben?"
      ],
      "dialogId": "new_topic_dcf7cdd12eea4a05b13319bf7bda37e1",
      "isTriggeringEnabled": true,
      "id": "new_topic_dcf7cdd12eea4a05b13319bf7bda37e1",
      "displayName": "Wie kann ich Dateien zwischen Kanälen in Teams verschieben?",
      "description": "https://adoptbotv2kb.blob.core.windows.net/%24web/AdoptBot2021-English.docx",
      "createdTime": "2021-04-18T19:56:36.3671613Z",
      "updatedTime": "2021-04-18T19:56:36.3671613Z",
      "createdUserId": "86360cd1-faa6-4d16-8a0c-ba3116c8a977"
    }
  ],
  "dialogs": [
    {
      "rootNodeId": "a7b7bd77-102c-4b53-8e0f-cce94cfd0ce9",
      "messageNodes": [
        {
          "botMessageId": "9cf6b968-ffd0-4572-8298-0e96bf60df43",
          "nodeType": "BotMessageNode",
          "id": "a7b7bd77-102c-4b53-8e0f-cce94cfd0ce9",
          "defaultTargetNodeId": "f9399b5b-1535-4ed6-b2d5-d4941944a890"
        }
      ],
      "dialogChangeNodes": [
        {
          "targetDialogId": "new_topic_30867099f4b543d3b8543a85c22c3418_aeabea4d071f415c8c107e1cb7af5424_assumedsuccess",
          "nodeType": "DialogChangeNode",
          "id": "f9399b5b-1535-4ed6-b2d5-d4941944a890"
        }
      ],
      "id": "new_topic_dcf7cdd12eea4a05b13319bf7bda37e1",
      "displayName": "Dialog for Wie kann ich Dateien zwischen Kanälen in Teams verschieben?",
      "createdTime": "2021-04-18T19:56:36.3671613Z",
      "updatedTime": "2021-04-18T19:57:38.0405297Z",
      "createdUserId": "86360cd1-faa6-4d16-8a0c-ba3116c8a977",
      "updatedUserId": "86360cd1-faa6-4d16-8a0c-ba3116c8a977"
    }
  ],
  "botMessages": [
    {
      "channelContent": {
        "web": {
          "contentFormat": "Markdown",
          "content": "Sie können Dateien über die Registerkarte \"Dateien\" im jeweiligen Kanal verschieben.\n\nSehen Sie sich dies an, wenn Sie eine **Schritt-für-Schritt-Anleitung** zum [Verschieben oder Kopieren von Dateien in Teams](https://support.microsoft.com/de-de/office/verschieben-oder-kopieren-von-dateien-in-teams-f83ed547-359b-4fc8-bf5a-60467f53dd60?ui=de-DE&rs=de-DE&ad=DE) wünschen"
        }
      },
      "id": "9cf6b968-ffd0-4572-8298-0e96bf60df43",
      "createdTime": "2021-04-18T19:56:36.3671613Z",
      "updatedTime": "2021-04-18T19:56:36.3671613Z",
      "createdUserId": "86360cd1-faa6-4d16-8a0c-ba3116c8a977",
      "updatedUserId": "86360cd1-faa6-4d16-8a0c-ba3116c8a977"
    }
  ]
}