{
  "intents": [
    {
      "triggerQueries": [
        "Hvordan optimaliserer jeg ytelsen for Teams",
        "Kan vi optimalisere nettverket vårt for Teams?",
        "Optimaliser nettverket for Microsoft Teams"
      ],
      "dialogId": "new_topic_676ee8b3c173422c98321fb1ccfc89f2",
      "isTriggeringEnabled": true,
      "id": "new_topic_676ee8b3c173422c98321fb1ccfc89f2",
      "displayName": "Optimaliser nettverket for Microsoft Teams",
      "description": "",
      "createdTime": "2021-04-12T14:35:16.702822Z",
      "updatedTime": "2021-04-12T14:35:16.702822Z",
      "createdUserId": "ef0c8b9a-eff1-49f8-92fa-fd1d3e15e1ba"
    }
  ],
  "dialogs": [
    {
      "rootNodeId": "e5da41f0-50ff-40f8-8f4c-c3e6d7adf2c8",
      "messageNodes": [
        {
          "botMessageId": "80684bc3-1f6c-428a-8b24-3666b9705863",
          "nodeType": "BotMessageNode",
          "id": "e5da41f0-50ff-40f8-8f4c-c3e6d7adf2c8",
          "defaultTargetNodeId": "e970c391-63fc-4806-ad19-e9f4e4352498"
        },
        {
          "botMessageId": "f191385f-31d3-44ad-9472-0c7c0b08bb7b",
          "nodeType": "BotMessageNode",
          "id": "e970c391-63fc-4806-ad19-e9f4e4352498",
          "defaultTargetNodeId": "31edacc4-c298-49da-9797-8b68184708b0"
        }
      ],
      "dialogChangeNodes": [
        {
          "targetDialogId": "new_topic_89c49d37fd4c4c1c9144396960733ce1_aeabea4d071f415c8c107e1cb7af5424_assumedsuccess",
          "nodeType": "DialogChangeNode",
          "id": "31edacc4-c298-49da-9797-8b68184708b0"
        }
      ],
      "id": "new_topic_676ee8b3c173422c98321fb1ccfc89f2",
      "displayName": "Dialog for Optimaliser nettverket for Microsoft Teams",
      "createdTime": "2021-04-12T14:35:16.702822Z",
      "updatedTime": "2021-04-12T14:37:23.7269157Z",
      "createdUserId": "ef0c8b9a-eff1-49f8-92fa-fd1d3e15e1ba",
      "updatedUserId": "ef0c8b9a-eff1-49f8-92fa-fd1d3e15e1ba"
    }
  ],
  "botMessages": [
    {
      "channelContent": {
        "web": {
          "contentFormat": "Markdown",
          "content": "[Følg denne veiledningen for å optimalisere organisasjonens nettverk for Teams](https://docs.microsoft.com/nb-no/microsoftteams/prepare-network)."
        }
      },
      "id": "80684bc3-1f6c-428a-8b24-3666b9705863",
      "createdTime": "2021-04-12T14:35:16.702822Z",
      "updatedTime": "2021-04-12T14:35:16.702822Z",
      "createdUserId": "ef0c8b9a-eff1-49f8-92fa-fd1d3e15e1ba",
      "updatedUserId": "ef0c8b9a-eff1-49f8-92fa-fd1d3e15e1ba"
    },
    {
      "channelContent": {
        "web": {
          "contentFormat": "Markdown",
          "content": "Det er viktig å optimalisere ytelsen hvis mange i organisasjonen har hjemmekontor. Det anbefales at administratorer gjennomfører et kort  [introduksjonskurs i optimalisering av nettverket på Microsoft Learn](https://docs.microsoft.com/nb-no/learn/modules/m365-teams-rooms-optimize-network/)."
        }
      },
      "id": "f191385f-31d3-44ad-9472-0c7c0b08bb7b",
      "createdTime": "2021-04-12T14:35:26.727Z",
      "updatedTime": "2021-04-12T14:35:26.727Z",
      "createdUserId": "user-0",
      "updatedUserId": "user-0"
    }
  ],
  "createdUtc": "0001-01-01T00:00:00Z"
}