{
  "intents": [
    {
      "triggerQueries": [
        "Bli med i møte fra en chat",
        "Bli med i møte fra en kanal",
        "Bli med i møte fra kalenderen",
        "Bli med i et møte"
      ],
      "dialogId": "new_topic_9ad7fc7621604802a9bd47a663298b78",
      "isTriggeringEnabled": true,
      "id": "new_topic_9ad7fc7621604802a9bd47a663298b78",
      "displayName": "Bli med i et møte",
      "description": "https://norwegianteams.blob.core.windows.net/norwegian-container/Tima - p19 to p33.docx",
      "createdTime": "2021-04-07T15:41:07.0276057Z",
      "updatedTime": "2021-04-07T15:42:56.4207005Z",
      "createdUserId": "ef0c8b9a-eff1-49f8-92fa-fd1d3e15e1ba",
      "updatedUserId": "ef0c8b9a-eff1-49f8-92fa-fd1d3e15e1ba"
    }
  ],
  "dialogs": [
    {
      "rootNodeId": "8767bc45-2ea5-442b-b6ef-e2ca60d67b89",
      "messageNodes": [
        {
          "botMessageId": "b3ee96a9-fb50-44ba-816c-fb123707f2db",
          "nodeType": "BotMessageNode",
          "id": "8767bc45-2ea5-442b-b6ef-e2ca60d67b89",
          "defaultTargetNodeId": "ee25048a-7f52-43cb-ac9e-30bff500ffb5"
        },
        {
          "botMessageId": "55e08c79-6552-4fcf-a9a7-38c76f907122",
          "nodeType": "BotMessageNode",
          "id": "ee25048a-7f52-43cb-ac9e-30bff500ffb5",
          "defaultTargetNodeId": "4a578634-7c56-45fa-b168-9295c3f9f6ee"
        },
        {
          "botMessageId": "315131d6-24d0-4f10-8901-a9a702d5b39c",
          "nodeType": "BotMessageNode",
          "id": "4a578634-7c56-45fa-b168-9295c3f9f6ee",
          "defaultTargetNodeId": "57f8b7bc-ac56-4f29-a638-136ade794fb2"
        },
        {
          "botMessageId": "18afdc23-83ee-4183-b3e6-1d88a4c364f7",
          "nodeType": "BotMessageNode",
          "id": "57f8b7bc-ac56-4f29-a638-136ade794fb2",
          "defaultTargetNodeId": "562229cb-3d38-48fb-b8a8-038cad08cfcd"
        }
      ],
      "dialogChangeNodes": [
        {
          "targetDialogId": "new_topic_89c49d37fd4c4c1c9144396960733ce1_aeabea4d071f415c8c107e1cb7af5424_assumedsuccess",
          "nodeType": "DialogChangeNode",
          "id": "562229cb-3d38-48fb-b8a8-038cad08cfcd"
        }
      ],
      "id": "new_topic_9ad7fc7621604802a9bd47a663298b78",
      "displayName": "Dialog for Bli med fra kalender:",
      "createdTime": "2021-04-07T15:41:07.0276057Z",
      "updatedTime": "2021-04-22T16:35:06.9444565Z",
      "createdUserId": "ef0c8b9a-eff1-49f8-92fa-fd1d3e15e1ba",
      "updatedUserId": "ef0c8b9a-eff1-49f8-92fa-fd1d3e15e1ba"
    }
  ],
  "botMessages": [
    {
      "channelContent": {
        "web": {
          "contentFormat": "Markdown",
          "content": "**Bli med fra kalender:**\n\n1.  Velg **Kalender** på venstre side av Teams for å vise møtene dine.\n2.  Finn møtet du vil delta i, og velg **Bli med.**\n\nAlternativet er hvis noen starter møtet, så får du en varsling du kan bruke for å delta."
        }
      },
      "id": "b3ee96a9-fb50-44ba-816c-fb123707f2db",
      "createdTime": "2021-04-07T15:41:07.0276057Z",
      "updatedTime": "2021-04-07T15:41:07.0276057Z",
      "createdUserId": "ef0c8b9a-eff1-49f8-92fa-fd1d3e15e1ba",
      "updatedUserId": "ef0c8b9a-eff1-49f8-92fa-fd1d3e15e1ba"
    },
    {
      "channelContent": {
        "web": {
          "contentFormat": "Markdown",
          "content": "**Bli med i en kanal:**\n\nHvis et møte finner sted i en kanal, vil du se et innlegg som viser hvem som er med i møtet, innhold og samtaler, osv. Velg **Bli med**."
        }
      },
      "id": "55e08c79-6552-4fcf-a9a7-38c76f907122",
      "createdTime": "2021-04-07T15:42:16.24Z",
      "updatedTime": "2021-04-07T15:42:16.24Z",
      "createdUserId": "user-0",
      "updatedUserId": "user-0"
    },
    {
      "channelContent": {
        "web": {
          "contentFormat": "Markdown",
          "content": "**Bli med fra chat:**\n\nHvis møtet allerede har begynt, vises det i den nylige chatlisten. Velg møtet i chatlisten, og velg deretter **Bli med** i øverst i chatten."
        }
      },
      "id": "315131d6-24d0-4f10-8901-a9a702d5b39c",
      "createdTime": "2021-04-07T15:42:23.296Z",
      "updatedTime": "2021-04-07T15:42:23.296Z",
      "createdUserId": "user-0",
      "updatedUserId": "user-0"
    },
    {
      "channelContent": {
        "web": {
          "contentFormat": "Markdown",
          "content": "Se [denne lenken](https://support.microsoft.com/nb-no/office/ansluta-till-ett-m%C3%B6te-i-teams-1613bb53-f3fa-431e-85a9-d6a91e3468c9#ID0EAACAAA=Mobil) for flere alternativer for hvordan man kan bli med i et Teams møte."
        }
      },
      "id": "18afdc23-83ee-4183-b3e6-1d88a4c364f7",
      "createdTime": "2021-04-07T15:42:33.901Z",
      "updatedTime": "2021-04-07T15:42:33.901Z",
      "createdUserId": "user-0",
      "updatedUserId": "user-0"
    }
  ],
  "createdUtc": "0001-01-01T00:00:00Z"
}