{
  "intents": [
    {
      "triggerQueries": [
        "Quali sono i passaggi per visualizzare un canale?",
        "Come posso visualizzare un canale?",
        "Come posso seguire un canale?",
        "Ottenere aggiornamenti da un canale?",
        "Voglio vedere un canale!",
        "Si possono seguire i canali?",
        "seguire canali diversi?",
        "Mostrare solo determinati canali?",
        "Dov'è l'opzione per visualizzare un canale?",
        "Come posso visualizzare o seguire un canale?"
      ],
      "dialogId": "new_topic_4b00be3b10b34c12ababc4d8ec3dac4c",
      "isTriggeringEnabled": true,
      "id": "new_topic_4b00be3b10b34c12ababc4d8ec3dac4c",
      "displayName": "Come posso visualizzare o seguire un canale?",
      "createdTime": "2022-04-26T15:06:04.3141755Z",
      "updatedTime": "2022-04-26T15:06:04.3141755Z",
      "createdUserId": "9451fc51-e00d-4445-8ff9-efb70866dc3b",
      "updatedUserId": "9451fc51-e00d-4445-8ff9-efb70866dc3b"
    }
  ],
  "dialogs": [
    {
      "rootNodeId": "bc2ac810-48ca-4b40-af80-b57052a08f0d",
      "messageNodes": [
        {
          "botMessageId": "3c792a83-905a-407a-98fa-d8387a50f0a3",
          "nodeType": "BotMessageNode",
          "id": "bc2ac810-48ca-4b40-af80-b57052a08f0d",
          "defaultTargetNodeId": "997b0ac2-7d69-4dee-b636-a00fcedb6c38"
        }
      ],
      "dialogChangeNodes": [
        {
          "targetDialogId": "new_topic_f98a24608ee04cb998de3e3e32703d5b_aeabea4d071f415c8c107e1cb7af5424_assumedsuccess",
          "nodeType": "DialogChangeNode",
          "id": "997b0ac2-7d69-4dee-b636-a00fcedb6c38"
        }
      ],
      "id": "new_topic_4b00be3b10b34c12ababc4d8ec3dac4c",
      "displayName": "Senza titolo",
      "createdTime": "2022-04-26T15:06:04.3141755Z",
      "updatedTime": "2022-04-26T15:06:04.3141755Z",
      "createdUserId": "9451fc51-e00d-4445-8ff9-efb70866dc3b",
      "updatedUserId": "9451fc51-e00d-4445-8ff9-efb70866dc3b"
    }
  ],
  "botMessages": [
    {
      "channelContent": {
        "web": {
          "contentFormat": "Markdown",
          "content": "Sul nome di un canale, selezionare **Altre opzioni** (...) > **Mostra**."
        }
      },
      "id": "3c792a83-905a-407a-98fa-d8387a50f0a3",
      "createdTime": "2022-04-26T15:01:07.894Z",
      "updatedTime": "2022-04-26T15:01:07.894Z"
    }
  ]
}