{
  "intents": [
    {
      "intentType": "Regular",
      "endUserOverrideName": "Corona (Covid-19)",
      "triggerQueries": [
        "senaste om coronaviruset",
        "allmänna tips om Covid-19",
        "Senaste allmänna råd om corona",
        "orolig för corona",
        "smittospridning",
        "Anders Tegnell",
        "folkhälsomyndigheten",
        "smittorisk",
        "pandemin",
        "covid-19",
        "Corona"
      ],
      "dialogId": "new_topic_3d0874cc64e149e7be455d15c8a1309b",
      "isTriggeringEnabled": true,
      "id": "new_topic_3d0874cc64e149e7be455d15c8a1309b",
      "displayName": "Corona (Covid 19)",
      "description": "Hänvisning till Folkhälsomyndigheten",
      "createdTime": "2020-11-27T15:47:35.4399483Z",
      "updatedTime": "2020-11-27T15:53:36.3603242Z",
      "createdUserId": "f04d3cd9-b73d-4ba9-a1ed-9319eba29b21",
      "updatedUserId": "f04d3cd9-b73d-4ba9-a1ed-9319eba29b21"
    }
  ],
  "dialogs": [
    {
      "rootNodeId": "d9a2d631-80b4-4ea4-9788-116a6076263f",
      "messageNodes": [
        {
          "botMessageId": "71d64cf9-1a88-4ddb-b287-7b147d66f50c",
          "nodeType": "BotMessageNode",
          "id": "d9a2d631-80b4-4ea4-9788-116a6076263f",
          "defaultTargetNodeId": "ca146666-9c5a-4357-86d5-4c63545d7576"
        },
        {
          "botMessageId": "f30eefed-ad68-4da3-a8a3-733def791518",
          "nodeType": "BotMessageNode",
          "id": "1ae752af-8bb0-49f8-9ee3-5bd9b7167745",
          "defaultTargetNodeId": "be065c59-170c-435f-a437-5f711d147098"
        },
        {
          "botMessageId": "f7064871-bb5f-4c33-8bc6-48e5bf89af55",
          "nodeType": "BotMessageNode",
          "id": "be065c59-170c-435f-a437-5f711d147098"
        }
      ],
      "actionNodes": [
        {
          "outputExpressionVariableIds": [
            "976db226-082e-4f7d-8c52-b9b1c37d89a7",
            "07cd1dca-bfc4-4cd8-ad60-08ae6bb22d95"
          ],
          "contextVariableId": "239a4a29-2b93-4a73-bd67-dc791714147d",
          "nodeType": "ActionNode",
          "id": "ca146666-9c5a-4357-86d5-4c63545d7576",
          "defaultTargetNodeId": "1ae752af-8bb0-49f8-9ee3-5bd9b7167745"
        }
      ],
      "id": "new_topic_3d0874cc64e149e7be455d15c8a1309b",
      "displayName": "Dialog for Corona (Covid 19)",
      "createdTime": "2020-11-27T15:47:35.4399483Z",
      "updatedTime": "2020-11-27T16:02:16.9704284Z",
      "createdUserId": "f04d3cd9-b73d-4ba9-a1ed-9319eba29b21",
      "updatedUserId": "f04d3cd9-b73d-4ba9-a1ed-9319eba29b21"
    }
  ],
  "botMessages": [
    {
      "channelContent": {
        "web": {
          "contentFormat": "Markdown",
          "content": "Jag kan inget om Covid-19 (coronaviruset), så för senaste info hänvisar jag till [Folkhälsomyndigheten](https://www.folkhalsomyndigheten.se/smittskydd-beredskap/utbrott/aktuella-utbrott/covid-19)"
        }
      },
      "id": "71d64cf9-1a88-4ddb-b287-7b147d66f50c",
      "createdTime": "2020-11-27T15:47:35.4399483Z",
      "updatedTime": "2020-11-27T15:47:35.4399483Z",
      "createdUserId": "f04d3cd9-b73d-4ba9-a1ed-9319eba29b21",
      "updatedUserId": "f04d3cd9-b73d-4ba9-a1ed-9319eba29b21"
    },
    {
      "channelContent": {
        "web": {
          "contentFormat": "Markdown",
          "content": "{976db226-082e-4f7d-8c52-b9b1c37d89a7}"
        }
      },
      "id": "f30eefed-ad68-4da3-a8a3-733def791518",
      "createdTime": "2020-11-27T15:52:51.652Z",
      "updatedTime": "2020-11-27T15:52:51.652Z",
      "createdUserId": "user-0",
      "updatedUserId": "user-0"
    },
    {
      "channelContent": {
        "web": {
          "contentFormat": "Markdown",
          "content": "{07cd1dca-bfc4-4cd8-ad60-08ae6bb22d95}"
        }
      },
      "id": "f7064871-bb5f-4c33-8bc6-48e5bf89af55",
      "createdTime": "2020-11-27T16:01:52.63Z",
      "updatedTime": "2020-11-27T16:01:52.63Z",
      "createdUserId": "user-0",
      "updatedUserId": "user-0"
    }
  ],
  "actionDefinitions": [
    {
      "timeoutInSeconds": 60,
      "retryCount": 1,
      "method": 2,
      "headers": {
        "accept": "application/json"
      },
      "bodyContent": "",
      "actionType": "Flow",
      "flowMetadata": {
        "id": "cb5b6f71-c830-eb11-a813-002248204388",
        "title": "Folkhälsomyndigheten",
        "description": "Bild på skydd och viruset",
        "httpMethod": 2,
        "outputParameters": [
          {
            "name": "Covid-19",
            "id": "covid-19",
            "type": "String",
            "optional": true
          },
          {
            "name": "TipsCorona",
            "id": "tipscorona",
            "type": "String",
            "optional": true
          }
        ],
        "outputSchemaType": "Json",
        "createdTime": "2020-11-27T15:51:51Z",
        "isEnabled": true,
        "lastModifiedTime": "2020-11-27T15:52:25Z"
      },
      "id": "5f0ff9c0-99c6-4b87-98ee-3c86350efac3",
      "displayName": "Folkhälsomyndigheten",
      "description": "Bild på skydd och viruset",
      "createdTime": "2020-11-27T15:52:47.295Z",
      "updatedTime": "2020-11-27T15:52:47.295Z"
    }
  ],
  "contextVariables": [
    {
      "customTypeId": "c6bf5e51-63f6-4f96-9c09-77584269e6d4",
      "initializerType": "Action",
      "scope": "Dialog",
      "greedySlotFillingEnabled": false,
      "isInput": false,
      "externalInitializationAllowed": false,
      "actionId": "5f0ff9c0-99c6-4b87-98ee-3c86350efac3",
      "isGlobal": false,
      "id": "239a4a29-2b93-4a73-bd67-dc791714147d",
      "displayName": "",
      "createdTime": "2020-11-27T15:52:47.295Z",
      "updatedTime": "2020-11-27T15:52:47.295Z",
      "createdUserId": "user-0",
      "updatedUserId": "user-0"
    },
    {
      "systemType": "String",
      "initializerType": "Expression",
      "scope": "Dialog",
      "greedySlotFillingEnabled": false,
      "isInput": false,
      "externalInitializationAllowed": false,
      "expression": "@parameters('239a4a29-2b93-4a73-bd67-dc791714147d')['covid-19']",
      "isGlobal": false,
      "id": "976db226-082e-4f7d-8c52-b9b1c37d89a7",
      "displayName": "Covid19",
      "createdTime": "2020-11-27T15:52:47.296Z",
      "updatedTime": "2020-11-27T15:52:47.296Z",
      "createdUserId": "user-0",
      "updatedUserId": "user-0"
    },
    {
      "systemType": "String",
      "initializerType": "Expression",
      "scope": "Dialog",
      "greedySlotFillingEnabled": false,
      "isInput": false,
      "externalInitializationAllowed": false,
      "expression": "@parameters('239a4a29-2b93-4a73-bd67-dc791714147d')['tipscorona']",
      "isGlobal": false,
      "id": "07cd1dca-bfc4-4cd8-ad60-08ae6bb22d95",
      "displayName": "TipsCorona",
      "createdTime": "2020-11-27T15:52:47.297Z",
      "updatedTime": "2020-11-27T15:52:47.297Z",
      "createdUserId": "user-0",
      "updatedUserId": "user-0"
    }
  ],
  "jsonTypes": [
    {
      "customTypeSchema": "Json",
      "id": "c6bf5e51-63f6-4f96-9c09-77584269e6d4",
      "displayName": "Response Json Type for Flow - Folkhälsomyndigheten",
      "createdTime": "2020-11-27T15:52:47.295Z",
      "updatedTime": "2020-11-27T15:52:47.295Z"
    }
  ]
}