{
  "intents": [
    {
      "intentType": "Regular",
      "triggerQueries": [
        "edit an excel file in Teams",
        "Edit a document in teams",
        "Edit files in teams",
        "Edit a file",
        "collaborate on a document with your team",
        "co-editing in a document",
        "editing office documents in teams",
        "editing an office document",
        "editing a word document in teams",
        "editing a powerpoint in teams",
        "How do I edit a file in Teams?"
      ],
      "dialogId": "new_topic_62fe3bc7a96248d2a07ec79eb3e26681",
      "isTriggeringEnabled": true,
      "id": "new_topic_62fe3bc7a96248d2a07ec79eb3e26681",
      "displayName": "How do I edit a file in Teams?",
      "description": "https://adoptbotv2kb.blob.core.windows.net/%24web/AdoptBot2021-English.docx",
      "createdTime": "2021-01-13T22:20:51.2371466Z",
      "updatedTime": "2021-01-27T17:30:21.5759923Z",
      "createdUserId": "f04d3cd9-b73d-4ba9-a1ed-9319eba29b21",
      "updatedUserId": "f04d3cd9-b73d-4ba9-a1ed-9319eba29b21"
    }
  ],
  "dialogs": [
    {
      "rootNodeId": "1b5e61a1-7c4e-4965-8595-1818c13ac2b6",
      "messageNodes": [
        {
          "botMessageId": "1a1a6cb0-7b66-47a3-8d5d-b79fff433719",
          "nodeType": "BotMessageNode",
          "id": "1b5e61a1-7c4e-4965-8595-1818c13ac2b6",
          "defaultTargetNodeId": "1bdfa88a-4dd5-4c0d-88f0-b5504fa8160c"
        },
        {
          "botMessageId": "87c278f7-2cd0-40c6-b76a-ba558509ce21",
          "nodeType": "BotMessageNode",
          "id": "1bdfa88a-4dd5-4c0d-88f0-b5504fa8160c",
          "defaultTargetNodeId": "f45cae71-e0f4-46da-af3b-7c616bf7a804"
        }
      ],
      "dialogChangeNodes": [
        {
          "targetDialogId": "new_topic_eac3f49c99664313a9d9dc19d80a79a2_aeabea4d071f415c8c107e1cb7af5424_assumedsuccess",
          "nodeType": "DialogChangeNode",
          "id": "f45cae71-e0f4-46da-af3b-7c616bf7a804"
        }
      ],
      "id": "new_topic_62fe3bc7a96248d2a07ec79eb3e26681",
      "displayName": "Dialog for How do I edit a file in Teams?",
      "createdTime": "2021-01-13T22:20:51.2371466Z",
      "updatedTime": "2021-01-27T17:29:08.9150001Z",
      "createdUserId": "f04d3cd9-b73d-4ba9-a1ed-9319eba29b21",
      "updatedUserId": "f04d3cd9-b73d-4ba9-a1ed-9319eba29b21"
    }
  ],
  "botMessages": [
    {
      "channelContent": {
        "web": {
          "contentFormat": "Markdown",
          "content": "If you have Office documents in the **Files tab** in a team channel, you can select **More options** (...) for any file."
        }
      },
      "id": "1a1a6cb0-7b66-47a3-8d5d-b79fff433719",
      "createdTime": "2021-01-13T22:20:51.2371466Z",
      "updatedTime": "2021-01-13T22:20:51.2371466Z",
      "createdUserId": "f04d3cd9-b73d-4ba9-a1ed-9319eba29b21",
      "updatedUserId": "f04d3cd9-b73d-4ba9-a1ed-9319eba29b21"
    },
    {
      "channelContent": {
        "web": {
          "contentFormat": "Markdown",
          "content": "Then select **Edit** in Teams from those options, and you'll have the ability to make changes to your document and save it.  \nClick to learn more about [editing a file in Teams.](https://support.microsoft.com/en-us/office/edit-a-file-in-teams-257a5e88-205a-4fb5-bbf1-c78c3e64de86)"
        }
      },
      "id": "87c278f7-2cd0-40c6-b76a-ba558509ce21",
      "createdTime": "2021-01-27T17:27:01.435Z",
      "updatedTime": "2021-01-27T17:27:01.435Z",
      "createdUserId": "user-0",
      "updatedUserId": "user-0"
    }
  ]
}