{
  "intents": [
    {
      "endUserOverrideName": "調整您的 Teams 通知",
      "triggerQueries": [
        "關閉訊息提醒",
        "訊息提醒",
        "訊息提示",
        "設定我的團隊通知訊息",
        "如何調整通知警示",
        "調整通知",
        "在Teams中調整我的通知",
        "調整您的Teams通知",
        "在Teams中我要如何設定我的通知?",
        "我要如何改變通知?",
        "更改Teams的通知?",
        "我要如何更改通知?",
        "我要如何更改Teams的通知?",
        "handle my teams notifications",
        "handle settings for my alerts",
        "adjusting notifications",
        "Adjust my notifications in Teams",
        "Adjust your Teams notifications",
        "How do I set up my notifications in Teams?",
        "How can i change notifications?",
        "Change Teams notifications?",
        "How do I change notifications",
        "How do I Change Teams notifications?"
      ],
      "dialogId": "new_topic_4e8512dbfc8a4f10b023bb52dad43749",
      "isTriggeringEnabled": true,
      "id": "new_topic_4e8512dbfc8a4f10b023bb52dad43749",
      "displayName": "我要如何更改 Teams 通知？",
      "description": "https://adoptbotv2kb.blob.core.windows.net/%24web/AdoptBot2021-English.docx",
      "createdTime": "2021-11-17T03:21:30.5642827Z",
      "updatedTime": "2021-11-17T10:58:08.0916167Z",
      "createdUserId": "9c968d43-f7c2-4e28-895c-1f6bcefcd8be",
      "updatedUserId": "9c968d43-f7c2-4e28-895c-1f6bcefcd8be"
    }
  ],
  "dialogs": [
    {
      "rootNodeId": "6392b17f-d403-4ae8-9e11-10683c26839b",
      "messageNodes": [
        {
          "botMessageId": "b56ce6a5-89ae-4a3e-b752-3905a53d9182",
          "nodeType": "BotMessageNode",
          "id": "6392b17f-d403-4ae8-9e11-10683c26839b",
          "defaultTargetNodeId": "38670317-80ef-4d5d-9798-8de774167589"
        },
        {
          "botMessageId": "c8749a7e-0dbf-428a-804b-e578e51eb1e5",
          "nodeType": "BotMessageNode",
          "id": "38670317-80ef-4d5d-9798-8de774167589",
          "defaultTargetNodeId": "cf5da790-b7b9-4dd6-aed5-7a3cdc2b0628"
        },
        {
          "botMessageId": "78cfc118-aae4-4ca7-8966-fea38f2778c9",
          "nodeType": "BotMessageNode",
          "id": "cf5da790-b7b9-4dd6-aed5-7a3cdc2b0628",
          "defaultTargetNodeId": "190fde21-ca31-4d36-9abf-0e9db02ef81a"
        },
        {
          "botMessageId": "8d464311-c510-4daa-a864-38a8f2a514c2",
          "nodeType": "BotMessageNode",
          "id": "190fde21-ca31-4d36-9abf-0e9db02ef81a",
          "defaultTargetNodeId": "754e71ed-be2a-435e-9cb6-9c5529b8ff94"
        }
      ],
      "dialogChangeNodes": [
        {
          "targetDialogId": "new_topic_e2d1671328b941dbb60fa7150059b1ee_aeabea4d071f415c8c107e1cb7af5424_assumedsuccess",
          "nodeType": "DialogChangeNode",
          "id": "754e71ed-be2a-435e-9cb6-9c5529b8ff94"
        }
      ],
      "id": "new_topic_4e8512dbfc8a4f10b023bb52dad43749",
      "displayName": "Dialog for 我要如何更改 Teams 通知？",
      "createdTime": "2021-11-17T03:21:30.5642827Z",
      "updatedTime": "2021-11-17T10:58:08.0916167Z",
      "createdUserId": "9c968d43-f7c2-4e28-895c-1f6bcefcd8be",
      "updatedUserId": "9c968d43-f7c2-4e28-895c-1f6bcefcd8be"
    }
  ],
  "botMessages": [
    {
      "channelContent": {
        "web": {
          "contentFormat": "Markdown",
          "content": "Microsoft Teams 提供了不同的方式來存取、接收和管理通知。查看有關 [在任何裝置上的 Microsoft Teams 中管理您的通知](https://support.microsoft.com/zh-tw/office/%E5%9C%A8-teams-%E4%B8%AD%E7%AE%A1%E7%90%86%E9%80%9A%E7%9F%A5-1cc31834-5fe5-412b-8edb-43fecc78413d)"
        }
      },
      "id": "b56ce6a5-89ae-4a3e-b752-3905a53d9182",
      "createdTime": "2021-11-17T03:21:30.5642827Z",
      "updatedTime": "2021-11-17T03:21:30.5642827Z",
      "createdUserId": "9c968d43-f7c2-4e28-895c-1f6bcefcd8be",
      "updatedUserId": "9c968d43-f7c2-4e28-895c-1f6bcefcd8be"
    },
    {
      "channelContent": {
        "web": {
          "contentFormat": "Markdown",
          "content": "這些設定包括通知出現的方式、時間和位置、頻道和聊天的自訂、外觀和聲音、關閉特定訊息等。"
        }
      },
      "id": "c8749a7e-0dbf-428a-804b-e578e51eb1e5",
      "createdTime": "2021-11-17T03:21:41.987Z",
      "updatedTime": "2021-11-17T03:21:41.987Z",
      "createdUserId": "user-0",
      "updatedUserId": "user-0"
    },
    {
      "channelContent": {
        "web": {
          "contentFormat": "Markdown",
          "content": "**要管理您的通知,**\n\n1.  在 Teams  中選擇您的個人頭像\n2.  選擇設定 > 通知"
        }
      },
      "id": "78cfc118-aae4-4ca7-8966-fea38f2778c9",
      "createdTime": "2021-11-17T03:21:47.783Z",
      "updatedTime": "2021-11-17T03:21:47.783Z",
      "createdUserId": "user-0",
      "updatedUserId": "user-0"
    },
    {
      "channelContent": {
        "web": {
          "contentFormat": "Markdown",
          "content": "💡 **Tip:** [關於Teams通知你/妳需要了解的一些事,讓通知變聰明。](https://support.microsoft.com/zh-tw/office/%E9%97%9C%E6%96%BC%E9%80%9A%E7%9F%A5%E7%9A%84%E7%AC%AC%E4%B8%80%E5%80%8B%E7%9E%AD%E8%A7%A3%E5%B0%88%E6%A1%88-abb62c60-3d15-4968-b86a-42fea9c22cf4)"
        }
      },
      "id": "8d464311-c510-4daa-a864-38a8f2a514c2",
      "createdTime": "2021-11-17T03:21:53.91Z",
      "updatedTime": "2021-11-17T03:21:53.91Z",
      "createdUserId": "user-0",
      "updatedUserId": "user-0"
    }
  ]
}