{
  "intents": [
    {
      "systemIntentTypes": [
        "StartOver"
      ],
      "intentType": "System",
      "triggerQueries": [
        "recommencer",
        "recommencez",
        "recommence",
        "redémarrer",
        "redémarrez",
        "redémarre",
        "recommençons"
      ],
      "dialogId": "new_topic_eac3f49c99664313a9d9dc19d80a79a2_8a4964498f83424bb3a86295bf7d0952_startover",
      "isTriggeringEnabled": true,
      "id": "new_topic_eac3f49c99664313a9d9dc19d80a79a2_8a4964498f83424bb3a86295bf7d0952_startover",
      "displayName": "Recommencement",
      "description": "Intention système - Recommencement",
      "createdTime": "2019-01-15T00:00:00Z",
      "updatedTime": "2019-01-15T00:00:00Z",
      "createdUserId": "user0",
      "updatedUserId": "user0"
    }
  ],
  "dialogs": [
    {
      "rootNodeId": "c3e3eb0f-97b2-46ae-9f36-77f009b1152a",
      "dialogType": "System",
      "messageNodes": [
        {
          "botMessageId": "3e8423c4-876f-4834-aedf-741b2b817601",
          "nodeType": "BotMessageNode",
          "id": "c3e3eb0f-97b2-46ae-9f36-77f009b1152a",
          "defaultTargetNodeId": "0bbb332e-08fa-4e16-885d-005d869fd509"
        }
      ],
      "dialogChangeNodes": [
        {
          "targetDialogId": "new_topic_eac3f49c99664313a9d9dc19d80a79a2_ba7b967c97ba4c39bca58a8bb6a72d59_conversationstart",
          "nodeType": "DialogChangeNode",
          "id": "0bbb332e-08fa-4e16-885d-005d869fd509"
        }
      ],
      "id": "new_topic_eac3f49c99664313a9d9dc19d80a79a2_8a4964498f83424bb3a86295bf7d0952_startover",
      "displayName": "Boîte de dialogue Recommencement",
      "createdTime": "2019-01-15T00:00:00Z",
      "updatedTime": "2021-05-24T08:46:55.6122275Z",
      "createdUserId": "user0",
      "updatedUserId": "a2c4aa2c-d830-41eb-bcf4-467a2c7e1279"
    }
  ],
  "botMessages": [
    {
      "channelContent": {
        "web": {
          "contentFormat": "Markdown",
          "content": "Ok, je recommence."
        }
      },
      "id": "3e8423c4-876f-4834-aedf-741b2b817601",
      "createdTime": "2019-01-15T00:00:00Z",
      "updatedTime": "2019-01-15T00:00:00Z",
      "createdUserId": "user0",
      "updatedUserId": "user0"
    }
  ]
}