{
  "intents": [
    {
      "triggerQueries": [
        "Posso trasmettere una riunione in Teams?",
        "Eventi live di Teams",
        "Cos'è un evento live in Microsoft Teams?",
        "Cos'è un evento live di Teams?",
        "Si può trasmettere una riunione in Teams?",
        "Cosa sono gli eventi live?"
      ],
      "dialogId": "new_topic_07f7836824514e5e8171753bf5d247c9",
      "isTriggeringEnabled": true,
      "id": "new_topic_07f7836824514e5e8171753bf5d247c9",
      "displayName": "Cosa sono gli Eventi live?",
      "createdTime": "2022-04-27T23:12:05.3841404Z",
      "updatedTime": "2022-04-27T23:12:05.3841404Z",
      "createdUserId": "9451fc51-e00d-4445-8ff9-efb70866dc3b",
      "updatedUserId": "9451fc51-e00d-4445-8ff9-efb70866dc3b"
    }
  ],
  "dialogs": [
    {
      "rootNodeId": "596511bd-58e8-4029-8476-76d6ee97d7a4",
      "messageNodes": [
        {
          "botMessageId": "8209a267-6feb-4931-9342-bb977baefb50",
          "nodeType": "BotMessageNode",
          "id": "596511bd-58e8-4029-8476-76d6ee97d7a4",
          "defaultTargetNodeId": "a0c7a8b6-8fcd-43da-9d7e-5281a8242a10"
        }
      ],
      "dialogChangeNodes": [
        {
          "targetDialogId": "new_topic_f98a24608ee04cb998de3e3e32703d5b_aeabea4d071f415c8c107e1cb7af5424_assumedsuccess",
          "nodeType": "DialogChangeNode",
          "id": "a0c7a8b6-8fcd-43da-9d7e-5281a8242a10"
        }
      ],
      "id": "new_topic_07f7836824514e5e8171753bf5d247c9",
      "displayName": "Senza titolo",
      "createdTime": "2022-04-27T23:12:05.3841404Z",
      "updatedTime": "2022-04-27T23:12:05.3841404Z",
      "createdUserId": "9451fc51-e00d-4445-8ff9-efb70866dc3b",
      "updatedUserId": "9451fc51-e00d-4445-8ff9-efb70866dc3b"
    }
  ],
  "botMessages": [
    {
      "channelContent": {
        "web": {
          "contentFormat": "Markdown",
          "content": "Con gli eventi live di Teams, gli utenti della tua organizzazione possono trasmettere video e contenuti delle riunioni a grandi gruppi. Guarda [Cosa sono gli eventi live di Microsoft Teams](https://docs.microsoft.com/it-it/microsoftteams/teams-live-events/what-are-teams-live-events)"
        }
      },
      "id": "8209a267-6feb-4931-9342-bb977baefb50",
      "createdTime": "2022-04-27T23:01:15.316Z",
      "updatedTime": "2022-04-27T23:01:15.316Z"
    }
  ]
}