{
  "intents": [
    {
      "triggerQueries": [
        "Synker kalenderen i Teams også i Outlook?",
        "Vises Teams-møtene i Outlook?"
      ],
      "dialogId": "new_topic_e1ec8b555ccb4ef286bf54074395265b",
      "isTriggeringEnabled": true,
      "id": "new_topic_e1ec8b555ccb4ef286bf54074395265b",
      "displayName": "Vises Teams-møtene i Outlook?",
      "description": "",
      "createdTime": "2021-04-12T15:44:06.3253463Z",
      "updatedTime": "2021-04-12T15:44:06.3253463Z",
      "createdUserId": "ef0c8b9a-eff1-49f8-92fa-fd1d3e15e1ba"
    }
  ],
  "dialogs": [
    {
      "rootNodeId": "ea9fcb84-67bf-4891-a2d0-ad11c8b21ce9",
      "messageNodes": [
        {
          "botMessageId": "53e5eb0e-d36c-4043-b052-8911a17412dd",
          "nodeType": "BotMessageNode",
          "id": "ea9fcb84-67bf-4891-a2d0-ad11c8b21ce9",
          "defaultTargetNodeId": "62932791-8479-4529-add0-a07f9f7bdad3"
        }
      ],
      "dialogChangeNodes": [
        {
          "targetDialogId": "new_topic_89c49d37fd4c4c1c9144396960733ce1_aeabea4d071f415c8c107e1cb7af5424_assumedsuccess",
          "nodeType": "DialogChangeNode",
          "id": "62932791-8479-4529-add0-a07f9f7bdad3"
        }
      ],
      "id": "new_topic_e1ec8b555ccb4ef286bf54074395265b",
      "displayName": "Dialog for Vises Teams-møtene i Outlook?",
      "createdTime": "2021-04-12T15:44:06.3253463Z",
      "updatedTime": "2021-04-12T15:44:22.4907646Z",
      "createdUserId": "ef0c8b9a-eff1-49f8-92fa-fd1d3e15e1ba",
      "updatedUserId": "ef0c8b9a-eff1-49f8-92fa-fd1d3e15e1ba"
    }
  ],
  "botMessages": [
    {
      "channelContent": {
        "web": {
          "contentFormat": "Markdown",
          "content": "Ja. Hvis du planlegger et møte i Teams, vises det under **\"Kalender\"** i Teams og i Outlook-kalenderen."
        }
      },
      "id": "53e5eb0e-d36c-4043-b052-8911a17412dd",
      "createdTime": "2021-04-12T15:44:06.3253463Z",
      "updatedTime": "2021-04-12T15:44:06.3253463Z",
      "createdUserId": "ef0c8b9a-eff1-49f8-92fa-fd1d3e15e1ba",
      "updatedUserId": "ef0c8b9a-eff1-49f8-92fa-fd1d3e15e1ba"
    }
  ],
  "createdUtc": "0001-01-01T00:00:00Z"
}