{
  "intents": [
    {
      "triggerQueries": [
        "start a 1:1 chat",
        "writing message to a person",
        "Write message to an external person",
        "sending message to external person",
        "Start a chat?",
        "How do I start a private chat?"
      ],
      "dialogId": "new_topic_e04c33aa8747425daa9bb42caa727649",
      "isTriggeringEnabled": true,
      "id": "new_topic_e04c33aa8747425daa9bb42caa727649",
      "displayName": "How do I start a private chat?",
      "description": "https://adoptbotv2kb.blob.core.windows.net/%24web/AdoptBot2021-English.docx",
      "createdTime": "2021-01-13T22:20:51.2371466Z",
      "updatedTime": "2021-01-23T15:33:16.9821035Z",
      "createdUserId": "f04d3cd9-b73d-4ba9-a1ed-9319eba29b21",
      "updatedUserId": "f04d3cd9-b73d-4ba9-a1ed-9319eba29b21"
    }
  ],
  "dialogs": [
    {
      "rootNodeId": "c1f541c4-1a70-4094-8ed1-e9ddcf51eb6f",
      "messageNodes": [
        {
          "botMessageId": "5588c3b6-55d5-4a51-a98d-e06c6a4428a4",
          "nodeType": "BotMessageNode",
          "id": "c1f541c4-1a70-4094-8ed1-e9ddcf51eb6f",
          "defaultTargetNodeId": "dc0b9dc1-2281-4199-929f-83099cfee120"
        },
        {
          "botMessageId": "3e899031-2d08-438e-9bf6-3126f3134d82",
          "nodeType": "BotMessageNode",
          "id": "dc0b9dc1-2281-4199-929f-83099cfee120",
          "defaultTargetNodeId": "d6067fd1-385d-48e9-a2a7-e12989e88652"
        }
      ],
      "dialogChangeNodes": [
        {
          "targetDialogId": "new_topic_eac3f49c99664313a9d9dc19d80a79a2_aeabea4d071f415c8c107e1cb7af5424_assumedsuccess",
          "nodeType": "DialogChangeNode",
          "id": "d6067fd1-385d-48e9-a2a7-e12989e88652"
        }
      ],
      "id": "new_topic_e04c33aa8747425daa9bb42caa727649",
      "displayName": "Dialog for How do I start a private chat?",
      "createdTime": "2021-01-13T22:20:51.2371466Z",
      "updatedTime": "2021-01-27T12:11:15.3309402Z",
      "createdUserId": "f04d3cd9-b73d-4ba9-a1ed-9319eba29b21",
      "updatedUserId": "f04d3cd9-b73d-4ba9-a1ed-9319eba29b21"
    }
  ],
  "botMessages": [
    {
      "channelContent": {
        "web": {
          "contentFormat": "Markdown",
          "content": "In the search bar, type the name of the person you want to chat with.\n\nSelect the person, and then type your message and click the Send arrow."
        }
      },
      "id": "5588c3b6-55d5-4a51-a98d-e06c6a4428a4",
      "createdTime": "2021-01-13T22:20:51.2371466Z",
      "updatedTime": "2021-01-13T22:20:51.2371466Z",
      "createdUserId": "f04d3cd9-b73d-4ba9-a1ed-9319eba29b21",
      "updatedUserId": "f04d3cd9-b73d-4ba9-a1ed-9319eba29b21"
    },
    {
      "channelContent": {
        "web": {
          "contentFormat": "Markdown",
          "content": "If it's an external person, type their full email address.\n\n  \n_**Please note.**_ _This requires technical prerequisites in the respective organizations:_\n\n[_Communicate with users from other organizations in Microsoft Teams_](https://docs.microsoft.com/en-us/microsoftteams/communicate-with-users-from-other-organizations)"
        }
      },
      "id": "3e899031-2d08-438e-9bf6-3126f3134d82",
      "createdTime": "2021-01-27T12:10:06.688Z",
      "updatedTime": "2021-01-27T12:10:06.688Z",
      "createdUserId": "user-0",
      "updatedUserId": "user-0"
    }
  ]
}