{
  "intents": [
    {
      "endUserOverrideName": "Algemeen kanaal",
      "triggerQueries": [
        "kan ik algemeen veranderen",
        "ik wil algemeen veranderen",
        "hoe wijzig ik de naam algemeen",
        "kan ik de naam algemeen wijzigen",
        "wat betekent algemeen",
        "Wat is algemeen",
        "wat plaats je in algemeen kanaal",
        "kanaal algemeen",
        "wie kan bij algemeen kanaal",
        "Wat is een algemeen kanaal"
      ],
      "dialogId": "new_topic_7a54409ba4854a839a68f97e57dca1ad",
      "isTriggeringEnabled": true,
      "id": "new_topic_7a54409ba4854a839a68f97e57dca1ad",
      "displayName": "Algemeen kanaal",
      "description": "",
      "createdTime": "2021-03-22T18:56:36.5691948Z",
      "updatedTime": "2021-03-29T21:10:52.9381481Z",
      "createdUserId": "c1e90dc0-1df0-459d-8164-0dcb7915deaf",
      "updatedUserId": "c1e90dc0-1df0-459d-8164-0dcb7915deaf"
    }
  ],
  "dialogs": [
    {
      "rootNodeId": "adcfa048-261e-447f-82ef-9009cd2916d2",
      "messageNodes": [
        {
          "botMessageId": "0643664e-3afd-4dba-b1a7-80823c3acdfd",
          "nodeType": "BotMessageNode",
          "id": "adcfa048-261e-447f-82ef-9009cd2916d2",
          "defaultTargetNodeId": "c0c16ff1-af0a-4a66-856d-88221a34677b"
        },
        {
          "botMessageId": "e2aa9d71-1c7c-4f63-a67d-831e00f5eff2",
          "nodeType": "BotMessageNode",
          "id": "c0c16ff1-af0a-4a66-856d-88221a34677b",
          "defaultTargetNodeId": "bf0b4656-948f-4ea8-b5a2-94c4a22dba82"
        },
        {
          "botMessageId": "beceab3a-c0e6-4900-8155-ff0ff9386593",
          "nodeType": "BotMessageNode",
          "id": "bf0b4656-948f-4ea8-b5a2-94c4a22dba82",
          "defaultTargetNodeId": "feecf695-11d8-4d72-9632-a79d9a6f1af4"
        }
      ],
      "dialogChangeNodes": [
        {
          "targetDialogId": "new_topic_9d295c394a47419da3b4d205b7ed4c20_aeabea4d071f415c8c107e1cb7af5424_assumedsuccess",
          "nodeType": "DialogChangeNode",
          "id": "feecf695-11d8-4d72-9632-a79d9a6f1af4"
        }
      ],
      "id": "new_topic_7a54409ba4854a839a68f97e57dca1ad",
      "displayName": "Dialog for Algemeen kanaal",
      "createdTime": "2021-03-22T18:56:36.5691948Z",
      "updatedTime": "2021-03-29T21:11:46.2171619Z",
      "createdUserId": "c1e90dc0-1df0-459d-8164-0dcb7915deaf",
      "updatedUserId": "c1e90dc0-1df0-459d-8164-0dcb7915deaf"
    }
  ],
  "botMessages": [
    {
      "channelContent": {
        "web": {
          "contentFormat": "Markdown",
          "content": "Standaard wordt het algemene kanaal voor u gemaakt in elk team. Er zijn vele nuttige doeleinden met het **Algemeen Kanaal**: 💻\n\n*   Gebruik het om een overzicht te delen van wat het team wil bereiken. Bijvoorbeeld een projectoverzicht of wie wie in het team zit.\n*   Gebruik het voor nieuwe teamlid onboarding en andere algemene informatie die een nieuw teamlid nuttig zou vinden.\n*   Gebruik het voor aankondigingen."
        }
      },
      "id": "0643664e-3afd-4dba-b1a7-80823c3acdfd",
      "createdTime": "2021-03-22T18:56:36.5691948Z",
      "updatedTime": "2021-03-22T18:56:36.5691948Z",
      "createdUserId": "c1e90dc0-1df0-459d-8164-0dcb7915deaf",
      "updatedUserId": "c1e90dc0-1df0-459d-8164-0dcb7915deaf"
    },
    {
      "channelContent": {
        "web": {
          "contentFormat": "Markdown",
          "content": "Momenteel kun je het algemene kanaal niet verwijderen of de naam wijzigen. Wel kan je andere kanalen toevoegen. 🦚"
        }
      },
      "id": "e2aa9d71-1c7c-4f63-a67d-831e00f5eff2",
      "createdTime": "2021-03-22T18:57:12.057Z",
      "updatedTime": "2021-03-22T18:57:12.057Z",
      "createdUserId": "user-0",
      "updatedUserId": "user-0"
    },
    {
      "channelContent": {
        "web": {
          "contentFormat": "Markdown",
          "content": "[Meer over teams en kanalen - Office-ondersteuning (microsoft.com)](https://support.microsoft.com/nl-nl/office/meer-over-teams-en-kanalen-5e4fd702-85f5-48d7-ae14-98821a1f90d3)"
        }
      },
      "id": "beceab3a-c0e6-4900-8155-ff0ff9386593",
      "createdTime": "2021-03-22T18:57:29.818Z",
      "updatedTime": "2021-03-22T18:57:29.818Z",
      "createdUserId": "user-0",
      "updatedUserId": "user-0"
    }
  ],
  "createdUtc": "0001-01-01T00:00:00Z"
}