{
  "intents": [
    {
      "triggerQueries": [
        "Proste wskazówki dotyczące lepszych spotkań w usłudze Teams?",
        "proste wskazówki dotyczące spotkań dla początkujących",
        "Jak zorganizować spotkanie zdalne?",
        "Co wziąć pod uwagę podczas spotkań cyfrowych?",
        "pokaż mi wskazówki dotyczące spotkań",
        "Czy są jakieś dobre wskazówki dotyczące spotkań?",
        "pokaż mi wskazówki dotyczące spotkań",
        "Porady dotyczące spotkań w usłudze Teams",
        "Jak prowadzić dobre spotkania?",
        "Czy są jakieś wskazówki dotyczące lepszych spotkań?",
        "Wskazówki dotyczące organizowania spotkań w Teams",
        "wskazówki dotyczące spotkań w Teams",
        "Porady dotyczące lepszych spotkań w aplikacji Teams",
        "Pokaż mi porady dotyczące spotkań w usłudze Teams?",
        "Wskazówki dotyczące lepszych spotkań w Teams"
      ],
      "dialogId": "new_topic_a291af0933004ab6baf641ac5704897a",
      "isTriggeringEnabled": true,
      "id": "new_topic_a291af0933004ab6baf641ac5704897a",
      "displayName": "Wskazówki dotyczące lepszych spotkań w Teams",
      "description": "",
      "createdTime": "2021-09-26T18:16:33.21102Z",
      "updatedTime": "2021-10-24T19:56:41.8481422Z",
      "createdUserId": "28fac8cb-bec7-48c9-a688-5024cf318b8a",
      "updatedUserId": "28fac8cb-bec7-48c9-a688-5024cf318b8a"
    }
  ],
  "dialogs": [
    {
      "rootNodeId": "c864dcaf-2661-4304-ab0a-4f2234ca72dc",
      "messageNodes": [
        {
          "botMessageId": "0acd2661-8f3d-4281-a09a-7eca2ba909be",
          "nodeType": "BotMessageNode",
          "id": "c864dcaf-2661-4304-ab0a-4f2234ca72dc",
          "defaultTargetNodeId": "6a400d7c-317b-4e85-b3a4-97c55e4a5f7f"
        }
      ],
      "dialogChangeNodes": [
        {
          "targetDialogId": "new_topic_d4ee79ce05584b519ee7d416fda7e2a3_aeabea4d071f415c8c107e1cb7af5424_assumedsuccess",
          "nodeType": "DialogChangeNode",
          "id": "6a400d7c-317b-4e85-b3a4-97c55e4a5f7f"
        }
      ],
      "id": "new_topic_a291af0933004ab6baf641ac5704897a",
      "displayName": "Dialog for Wskazówki dotyczące lepszych spotkań w Teams",
      "createdTime": "2021-09-26T18:16:33.21102Z",
      "updatedTime": "2021-09-26T18:17:04.0068366Z",
      "createdUserId": "28fac8cb-bec7-48c9-a688-5024cf318b8a",
      "updatedUserId": "28fac8cb-bec7-48c9-a688-5024cf318b8a"
    }
  ],
  "botMessages": [
    {
      "channelContent": {
        "web": {
          "contentFormat": "Markdown",
          "content": "Oto kilka prostych [wskazówek dla lepszych spotkań z Microsoft Teams](https://support.microsoft.com/pl-pl/office/wskaz%C3%B3wki-do-lepszych-spotka%C5%84-80640ac4-b009-42ea-abcb-660e729e63e5)."
        }
      },
      "id": "0acd2661-8f3d-4281-a09a-7eca2ba909be",
      "createdTime": "2021-09-26T18:16:33.21102Z",
      "updatedTime": "2021-09-26T18:16:33.21102Z",
      "createdUserId": "28fac8cb-bec7-48c9-a688-5024cf318b8a",
      "updatedUserId": "28fac8cb-bec7-48c9-a688-5024cf318b8a"
    }
  ]
}