{
  "intents": [
    {
      "intentType": "Regular",
      "triggerQueries": [
        "avaktivera skapandet av nya team",
        "Hindra användare från att skapa team",
        "Stoppa skapa nya team",
        "Restriktioner för att skapa ett team",
        "godkännande för att skapa team",
        "Begränsa skapande av team inom organisationen",
        "Hantera vem som kan göra team",
        "Begränsa skapandet av nya team",
        "Begränsa vem som kan skapa Teams?"
      ],
      "dialogId": "new_topic_1ad449d946ad4d7188bfbb0489233904",
      "isTriggeringEnabled": true,
      "id": "new_topic_1ad449d946ad4d7188bfbb0489233904",
      "displayName": "Begränsa vem som kan skapa Teams?",
      "description": "",
      "createdTime": "2020-11-24T14:37:53.8230909Z",
      "updatedTime": "2020-12-14T14:06:25.3284629Z",
      "createdUserId": "f04d3cd9-b73d-4ba9-a1ed-9319eba29b21",
      "updatedUserId": "f04d3cd9-b73d-4ba9-a1ed-9319eba29b21"
    }
  ],
  "dialogs": [
    {
      "rootNodeId": "c5cf1695-a075-48bb-b26e-378d7f270df4",
      "messageNodes": [
        {
          "botMessageId": "acfd1b35-2c57-4cc0-ae9d-8b4aba1a1580",
          "nodeType": "BotMessageNode",
          "id": "c5cf1695-a075-48bb-b26e-378d7f270df4",
          "defaultTargetNodeId": "fe2d7b50-a3a0-4b5d-88df-a7d080cc04e6"
        },
        {
          "botMessageId": "f348880a-7ac2-4146-8805-7d48526f0222",
          "nodeType": "BotMessageNode",
          "id": "fe2d7b50-a3a0-4b5d-88df-a7d080cc04e6",
          "defaultTargetNodeId": "2f086314-4a3b-41dc-a2f5-2dfadcd03d78"
        },
        {
          "botMessageId": "6f5eee79-bb2d-49b0-87df-7e2bf817840c",
          "nodeType": "BotMessageNode",
          "id": "2f086314-4a3b-41dc-a2f5-2dfadcd03d78",
          "defaultTargetNodeId": "4577b581-7365-4f5e-a0e1-23c7b171335d"
        }
      ],
      "dialogChangeNodes": [
        {
          "targetDialogId": "new_topic_84ec227c19784e7ba25cb34f4638f91e_aeabea4d071f415c8c107e1cb7af5424_assumedsuccess",
          "nodeType": "DialogChangeNode",
          "id": "4577b581-7365-4f5e-a0e1-23c7b171335d"
        }
      ],
      "id": "new_topic_1ad449d946ad4d7188bfbb0489233904",
      "displayName": "Dialog for Begränsa vem som kan skapa Teams?",
      "createdTime": "2020-11-24T14:37:53.8230909Z",
      "updatedTime": "2020-12-14T14:03:40.6221335Z",
      "createdUserId": "f04d3cd9-b73d-4ba9-a1ed-9319eba29b21",
      "updatedUserId": "f04d3cd9-b73d-4ba9-a1ed-9319eba29b21"
    }
  ],
  "botMessages": [
    {
      "channelContent": {
        "web": {
          "contentFormat": "Markdown",
          "content": "Som standard har alla användare med en postlåda i Exchange Online behörighet att skapa Microsoft 365-grupper och därmed ett team inom Microsoft Teams."
        }
      },
      "id": "acfd1b35-2c57-4cc0-ae9d-8b4aba1a1580",
      "createdTime": "2020-11-24T14:37:53.8230909Z",
      "updatedTime": "2020-11-24T14:37:53.8230909Z",
      "createdUserId": "f04d3cd9-b73d-4ba9-a1ed-9319eba29b21",
      "updatedUserId": "f04d3cd9-b73d-4ba9-a1ed-9319eba29b21"
    },
    {
      "channelContent": {
        "web": {
          "contentFormat": "Markdown",
          "content": "Du kan ha hårdare kontroll och begränsa skapandet av nya team och därmed skapandet av nya Microsoft 365-grupper genom att delegera gruppskapande och hanteringsrättigheter till en uppsättning användare. \n\nInstruktioner finns i\n\n[Hantera vem som kan skapa Microsoft 365 Groups.](https://docs.microsoft.com/sv-se/microsoft-365/solutions/manage-creation-of-groups?view=o365-worldwide)"
        }
      },
      "id": "f348880a-7ac2-4146-8805-7d48526f0222",
      "createdTime": "2020-12-14T14:03:08.187Z",
      "updatedTime": "2020-12-14T14:03:08.187Z",
      "createdUserId": "user-0",
      "updatedUserId": "user-0"
    },
    {
      "channelContent": {
        "web": {
          "contentFormat": "Markdown",
          "content": "💡**Tips**: Spana in denna Teamsapp ”Begär ett Team” [Request-a-team - Färdig mall](https://docs.microsoft.com/sv-se/microsoftteams/platform/samples/app-templates)"
        }
      },
      "id": "6f5eee79-bb2d-49b0-87df-7e2bf817840c",
      "createdTime": "2020-12-14T14:03:15.697Z",
      "updatedTime": "2020-12-14T14:03:15.697Z",
      "createdUserId": "user-0",
      "updatedUserId": "user-0"
    }
  ]
}