{
  "intents": [
    {
      "endUserOverrideName": "Anzeigen oder Folgen eines Kanals",
      "triggerQueries": [
        "Wie kann ich einen Kanal anzeigen oder folgen?",
        "Wo ist die Option zum Anzeigen eines Kanals?",
        "Nur bestimmte Kanäle anzeigen?",
        "verschiedenen Kanälen folgen?",
        "können Sie Kanälen folgen?",
        "Ich möchte einen Kanal sehen!",
        "Erhalten Sie Updates von einem Kanal?",
        "Wie folge ich einem Kanal?",
        "Wie kann ich einen Kanal anzeigen?",
        "Was sind die Schritte zum Anzeigen eines Kanals?"
      ],
      "dialogId": "new_topic_ac94edf202154d73b84a3583c1a9c2a3",
      "isTriggeringEnabled": true,
      "id": "new_topic_ac94edf202154d73b84a3583c1a9c2a3",
      "displayName": "Wie kann ich einen Kanal anzeigen oder folgen?",
      "description": "",
      "createdTime": "2021-04-16T07:34:16.8562476Z",
      "updatedTime": "2021-04-16T07:34:16.8562476Z",
      "createdUserId": "d4c65e50-fb5c-4311-830a-05b59a11dd48"
    }
  ],
  "dialogs": [
    {
      "rootNodeId": "d69ebd6a-f5cd-4a58-8ff1-97264ee1ccb1",
      "messageNodes": [
        {
          "botMessageId": "e8bb7bc4-d1ba-4084-aa1b-cc73289ac022",
          "nodeType": "BotMessageNode",
          "id": "d69ebd6a-f5cd-4a58-8ff1-97264ee1ccb1",
          "defaultTargetNodeId": "52c3150b-8402-4406-a21c-7ede4d1af817"
        }
      ],
      "dialogChangeNodes": [
        {
          "targetDialogId": "new_topic_30867099f4b543d3b8543a85c22c3418_aeabea4d071f415c8c107e1cb7af5424_assumedsuccess",
          "nodeType": "DialogChangeNode",
          "id": "52c3150b-8402-4406-a21c-7ede4d1af817"
        }
      ],
      "id": "new_topic_ac94edf202154d73b84a3583c1a9c2a3",
      "displayName": "Dialog for Wie kann ich einen Kanal anzeigen oder folgen?",
      "createdTime": "2021-04-16T07:34:16.8562476Z",
      "updatedTime": "2021-04-16T07:34:57.3061956Z",
      "createdUserId": "d4c65e50-fb5c-4311-830a-05b59a11dd48",
      "updatedUserId": "d4c65e50-fb5c-4311-830a-05b59a11dd48"
    }
  ],
  "botMessages": [
    {
      "channelContent": {
        "web": {
          "contentFormat": "Markdown",
          "content": "Wählen Sie unter einem Kanalnamen **Weitere Optionen (...) > Anzeigen** aus."
        }
      },
      "id": "e8bb7bc4-d1ba-4084-aa1b-cc73289ac022",
      "createdTime": "2021-04-16T07:34:16.8562476Z",
      "updatedTime": "2021-04-16T07:34:16.8562476Z",
      "createdUserId": "d4c65e50-fb5c-4311-830a-05b59a11dd48",
      "updatedUserId": "d4c65e50-fb5c-4311-830a-05b59a11dd48"
    }
  ]
}