{
  "intents": [
    {
      "triggerQueries": [
        "SharePoint?",
        "puoi descrivere SharePoint?",
        "Spiegami SharePoint",
        "pagine web in Sharepoint",
        "creazione di una pagina sharepoint",
        "Che cos'è SharePoint?"
      ],
      "dialogId": "new_topic_f5effafbbf0b4a3f8a58ecc6c08d9644",
      "isTriggeringEnabled": true,
      "id": "new_topic_f5effafbbf0b4a3f8a58ecc6c08d9644",
      "displayName": "Cos'è Sharepoint?",
      "createdTime": "2022-04-26T14:53:17.4799768Z",
      "updatedTime": "2022-04-26T14:53:17.4799768Z",
      "createdUserId": "9451fc51-e00d-4445-8ff9-efb70866dc3b",
      "updatedUserId": "9451fc51-e00d-4445-8ff9-efb70866dc3b"
    }
  ],
  "dialogs": [
    {
      "rootNodeId": "05036885-9748-42d0-9f44-a9bac3b6d9ac",
      "messageNodes": [
        {
          "botMessageId": "4d90145c-0f68-4652-b9e5-8fb35ca3724c",
          "nodeType": "BotMessageNode",
          "id": "05036885-9748-42d0-9f44-a9bac3b6d9ac",
          "defaultTargetNodeId": "86ee7d5b-aebb-4535-a21c-20f38603a8c9"
        },
        {
          "botMessageId": "902191e0-963b-46bc-998d-51671f3f6ba0",
          "nodeType": "BotMessageNode",
          "id": "86ee7d5b-aebb-4535-a21c-20f38603a8c9",
          "defaultTargetNodeId": "bbf088a9-b1e3-45a5-abde-846911a239e6"
        }
      ],
      "dialogChangeNodes": [
        {
          "targetDialogId": "new_topic_f98a24608ee04cb998de3e3e32703d5b_aeabea4d071f415c8c107e1cb7af5424_assumedsuccess",
          "nodeType": "DialogChangeNode",
          "id": "bbf088a9-b1e3-45a5-abde-846911a239e6"
        }
      ],
      "id": "new_topic_f5effafbbf0b4a3f8a58ecc6c08d9644",
      "displayName": "Senza titolo",
      "createdTime": "2022-04-26T14:53:17.4799768Z",
      "updatedTime": "2022-04-26T14:53:17.4799768Z",
      "createdUserId": "9451fc51-e00d-4445-8ff9-efb70866dc3b",
      "updatedUserId": "9451fc51-e00d-4445-8ff9-efb70866dc3b"
    }
  ],
  "botMessages": [
    {
      "channelContent": {
        "web": {
          "contentFormat": "Markdown",
          "content": "SharePoint viene utilizzato dalle aziende per creare siti web. È possibile utilizzare SharePoint come luogo sicuro per archiviare, organizzare, condividere e accedere alle informazioni da quasi tutti i dispositivi."
        }
      },
      "id": "4d90145c-0f68-4652-b9e5-8fb35ca3724c",
      "createdTime": "2022-04-26T14:48:47.672Z",
      "updatedTime": "2022-04-26T14:48:47.672Z"
    },
    {
      "channelContent": {
        "web": {
          "contentFormat": "Markdown",
          "content": "Tutto ciò che serve è un browser web. [Consulta l'elenco completo delle funzionalità di SharePoint.](https://support.microsoft.com/it-it/office/informazioni-su-sharepoint-97b915e6-651b-43b2-827d-fb25777f446f)"
        }
      },
      "id": "902191e0-963b-46bc-998d-51671f3f6ba0",
      "createdTime": "2022-04-26T14:51:34.782Z",
      "updatedTime": "2022-04-26T14:51:34.782Z",
      "createdUserId": "user-0",
      "updatedUserId": "user-0"
    }
  ]
}