{
  "intents": [
    {
      "endUserOverrideName": "通過電子郵件發送到頻道",
      "triggerQueries": [
        "我可以從gmail轉發到Teams嗎？",
        "將共用添加到Teams網路",
        "開發人員在網頁上添加Teams共用",
        "分享網頁內容到Teams",
        "分享到Teams的按鈕",
        "向Teams頻道發送電子郵件",
        "我可以將電子郵件轉發給Teams嗎？",
        "將電子郵件轉發到Teams頻道",
        "如何向Teams中的頻道發送電子郵件？",
        "通過電子郵件發送到頻道",
        "將電子郵件發送到頻道",
        "傳送email到Teams頻道",
        "分享網頁資料到Teams",
        "增加share to teams的功能",
        "從gmail轉寄到Teams",
        "Can I forward from gmail to Teams?",
        "add share to teams to intranet",
        "developer add share to teams on web page",
        "Share web content to teams",
        "share to teams button",
        "Send emails to a team channel",
        "Can I forward emails to a team?",
        "forward emails into a Teams channel",
        "How can I send an email to a channel in teams?",
        "email a channel",
        "send email to channel",
        "How do I send an email to a channel in Teams?"
      ],
      "dialogId": "new_topic_1320052e66d8453f8b49c34878bbe541",
      "isTriggeringEnabled": true,
      "id": "new_topic_1320052e66d8453f8b49c34878bbe541",
      "displayName": "傳送email給Teams頻道",
      "description": "https://adoptbotv2kb.blob.core.windows.net/%24web/AdoptBot2021-English.docx",
      "createdTime": "2021-11-17T05:10:56.6910904Z",
      "updatedTime": "2021-11-17T05:11:34.8498634Z",
      "createdUserId": "9c968d43-f7c2-4e28-895c-1f6bcefcd8be",
      "updatedUserId": "9c968d43-f7c2-4e28-895c-1f6bcefcd8be"
    }
  ],
  "dialogs": [
    {
      "rootNodeId": "6fb20f51-2dc1-47d4-b948-b5b5822b8eac",
      "messageNodes": [
        {
          "botMessageId": "88818632-c7d9-4330-ad65-0a4e54c946ea",
          "nodeType": "BotMessageNode",
          "id": "6fb20f51-2dc1-47d4-b948-b5b5822b8eac",
          "defaultTargetNodeId": "b32acd01-a4c2-4d56-9fbe-aaecfa38422c"
        },
        {
          "botMessageId": "320adab7-0080-4feb-a006-213934249e16",
          "nodeType": "BotMessageNode",
          "id": "b32acd01-a4c2-4d56-9fbe-aaecfa38422c",
          "defaultTargetNodeId": "c44f9460-062a-484b-825c-63f6568df6cf"
        },
        {
          "botMessageId": "285bbd94-f502-4de3-88a5-3e6efd0ad1cb",
          "nodeType": "BotMessageNode",
          "id": "c44f9460-062a-484b-825c-63f6568df6cf",
          "defaultTargetNodeId": "8ef15705-fe44-4602-b1f1-49bf6c892f10"
        },
        {
          "botMessageId": "6ef862b9-7aed-44ae-84ea-9b8bf0c72ae8",
          "nodeType": "BotMessageNode",
          "id": "8ef15705-fe44-4602-b1f1-49bf6c892f10",
          "defaultTargetNodeId": "47933b7d-6753-4180-8682-fffb8c7de522"
        },
        {
          "botMessageId": "91ec04cf-eb70-4bbc-8ab2-be7bc84ae889",
          "nodeType": "BotMessageNode",
          "id": "47933b7d-6753-4180-8682-fffb8c7de522",
          "defaultTargetNodeId": "9ac0b496-02a3-4cb7-9a0a-5ef287489482"
        },
        {
          "botMessageId": "4932c1bf-4281-49dc-bc9a-ade6991f4b38",
          "nodeType": "BotMessageNode",
          "id": "9ac0b496-02a3-4cb7-9a0a-5ef287489482",
          "defaultTargetNodeId": "262c7a83-d10a-40a3-bf70-7204bc74fcd1"
        }
      ],
      "dialogChangeNodes": [
        {
          "targetDialogId": "new_topic_e2d1671328b941dbb60fa7150059b1ee_aeabea4d071f415c8c107e1cb7af5424_assumedsuccess",
          "nodeType": "DialogChangeNode",
          "id": "262c7a83-d10a-40a3-bf70-7204bc74fcd1"
        }
      ],
      "id": "new_topic_1320052e66d8453f8b49c34878bbe541",
      "displayName": "Dialog for 傳送email給Teams頻道",
      "createdTime": "2021-11-17T05:10:56.6910904Z",
      "updatedTime": "2021-11-17T05:11:34.8498634Z",
      "createdUserId": "9c968d43-f7c2-4e28-895c-1f6bcefcd8be",
      "updatedUserId": "9c968d43-f7c2-4e28-895c-1f6bcefcd8be"
    }
  ],
  "botMessages": [
    {
      "channelContent": {
        "web": {
          "contentFormat": "Markdown",
          "content": "在 Outlook 訊息中點選「分享到Teams」"
        }
      },
      "id": "88818632-c7d9-4330-ad65-0a4e54c946ea",
      "createdTime": "2021-11-17T05:10:56.6910904Z",
      "updatedTime": "2021-11-17T05:10:56.6910904Z",
      "createdUserId": "9c968d43-f7c2-4e28-895c-1f6bcefcd8be",
      "updatedUserId": "9c968d43-f7c2-4e28-895c-1f6bcefcd8be"
    },
    {
      "channelContent": {
        "web": {
          "contentFormat": "Markdown",
          "content": "**若您沒有這個選項:**\n\n每個頻道都擁有一個電子郵件，您可以[直接傳到到頻道郵件](https://support.microsoft.com/zh-tw/office/skicka-e-post-till-en-kanal-i-teams-d91db004-d9d7-4a47-82e6-fb1b16dfd51e?ui=en-us&rs=en-us&ad=se)。"
        }
      },
      "id": "320adab7-0080-4feb-a006-213934249e16",
      "createdTime": "2021-11-17T05:11:09.039Z",
      "updatedTime": "2021-11-17T05:11:09.039Z",
      "createdUserId": "user-0",
      "updatedUserId": "user-0"
    },
    {
      "channelContent": {
        "web": {
          "contentFormat": "Markdown",
          "content": "找到頻道名稱\n\n*   點選**更多選項(...)**\n*   選擇**取得電子郵件**\n*   在 Outlook 中，轉寄您的 email 到頻道的電子郵件。"
        }
      },
      "id": "285bbd94-f502-4de3-88a5-3e6efd0ad1cb",
      "createdTime": "2021-11-17T05:11:13.558Z",
      "updatedTime": "2021-11-17T05:11:13.558Z",
      "createdUserId": "user-0",
      "updatedUserId": "user-0"
    },
    {
      "channelContent": {
        "web": {
          "contentFormat": "Markdown",
          "content": "信件會出現在頻道中。任何的附加檔案會出現在檔案索引標籤中。"
        }
      },
      "id": "6ef862b9-7aed-44ae-84ea-9b8bf0c72ae8",
      "createdTime": "2021-11-17T05:11:17.967Z",
      "updatedTime": "2021-11-17T05:11:17.967Z",
      "createdUserId": "user-0",
      "updatedUserId": "user-0"
    },
    {
      "channelContent": {
        "web": {
          "contentFormat": "Markdown",
          "content": "💡 \\*\\*提醒：\\*\\*儲存您頻道的郵件地址以方便轉寄。"
        }
      },
      "id": "91ec04cf-eb70-4bbc-8ab2-be7bc84ae889",
      "createdTime": "2021-11-17T05:11:21.518Z",
      "updatedTime": "2021-11-17T05:11:21.518Z",
      "createdUserId": "user-0",
      "updatedUserId": "user-0"
    },
    {
      "channelContent": {
        "web": {
          "contentFormat": "Markdown",
          "content": "[分享到Teams](https://developer.microsoft.com/zh-tw/microsoft-teams/share-to-teams)"
        }
      },
      "id": "4932c1bf-4281-49dc-bc9a-ade6991f4b38",
      "createdTime": "2021-11-17T05:11:24.726Z",
      "updatedTime": "2021-11-17T05:11:24.726Z",
      "createdUserId": "user-0",
      "updatedUserId": "user-0"
    }
  ]
}