{
  "intents": [
    {
      "endUserOverrideName": "我該怎麼停止機器人",
      "triggerQueries": [
        "讓聊天機器人不再發送通知",
        "解除安裝聊天機器人",
        "封鎖一個聊天機器人",
        "封鎖聊天機器人",
        "封鎖這個聊天機器人",
        "我不想再跟聊天機器人說話",
        "移除聊天機器人",
        "阻止聊天機器人跟我說話",
        "我跟怎麼避免聊天機器人",
        "停止在 Teams 中收到聊天機器人的通知",
        "我該怎麼封鎖聊天機器人",
        "stop bots from sending notifications",
        "uninstall a bot",
        "blocking a chatbot",
        "blocking a bot",
        "blocking a robot",
        "I want to stop talking with a bot",
        "removing a chatbot",
        "Prevent a bot from talking to me",
        "how can I prevent a bot?",
        "stop getting notifications from bot in Teams",
        "How do I block a bot?"
      ],
      "dialogId": "new_topic_8a420305a8674b67b81f6b3523d2942e",
      "isTriggeringEnabled": true,
      "id": "new_topic_8a420305a8674b67b81f6b3523d2942e",
      "displayName": "我該怎麼停止機器人",
      "description": "https://adoptbotv2kb.blob.core.windows.net/%24web/AdoptBot2021-English.docx",
      "createdTime": "2021-11-17T13:41:18.2629855Z",
      "updatedTime": "2021-11-17T13:41:44.6866438Z",
      "createdUserId": "9c968d43-f7c2-4e28-895c-1f6bcefcd8be",
      "updatedUserId": "9c968d43-f7c2-4e28-895c-1f6bcefcd8be"
    }
  ],
  "dialogs": [
    {
      "rootNodeId": "d7e92a9d-d157-4609-9fb7-68d3170893e7",
      "messageNodes": [
        {
          "botMessageId": "45b7c3ef-9acc-452f-9a9f-62a59898521d",
          "nodeType": "BotMessageNode",
          "id": "d7e92a9d-d157-4609-9fb7-68d3170893e7",
          "defaultTargetNodeId": "854bb166-13ae-41fe-b4a4-a031d233ad62"
        }
      ],
      "dialogChangeNodes": [
        {
          "targetDialogId": "new_topic_e2d1671328b941dbb60fa7150059b1ee_aeabea4d071f415c8c107e1cb7af5424_assumedsuccess",
          "nodeType": "DialogChangeNode",
          "id": "854bb166-13ae-41fe-b4a4-a031d233ad62"
        }
      ],
      "id": "new_topic_8a420305a8674b67b81f6b3523d2942e",
      "displayName": "Dialog for 我該怎麼停止機器人",
      "createdTime": "2021-11-17T13:41:18.2629855Z",
      "updatedTime": "2021-11-17T13:41:44.6866438Z",
      "createdUserId": "9c968d43-f7c2-4e28-895c-1f6bcefcd8be",
      "updatedUserId": "9c968d43-f7c2-4e28-895c-1f6bcefcd8be"
    }
  ],
  "botMessages": [
    {
      "channelContent": {
        "web": {
          "contentFormat": "Markdown",
          "content": "如果您厭倦了聊天機器人， 別擔心！這裡有一個簡單的解決方法：[停止或刪除 Teams 聊天機器人](https://support.microsoft.com/zh-tw/office/%E5%B0%81%E9%8E%96%E6%88%96%E7%A7%BB%E9%99%A4%E5%B0%8F%E7%B5%84%E4%B8%AD%E7%9A%84%E5%82%80%E5%84%A1-28c13adc-f647-4448-81d9-985ba6c17b98)"
        }
      },
      "id": "45b7c3ef-9acc-452f-9a9f-62a59898521d",
      "createdTime": "2021-11-17T13:41:18.2629855Z",
      "updatedTime": "2021-11-17T13:41:18.2629855Z",
      "createdUserId": "9c968d43-f7c2-4e28-895c-1f6bcefcd8be",
      "updatedUserId": "9c968d43-f7c2-4e28-895c-1f6bcefcd8be"
    }
  ]
}