{
  "intents": [
    {
      "triggerQueries": [
        "채널 개별 사용자 주의",
        "채널 개별 사용자 관심",
        "사람 알릴 수 알리기",
        "채널 사람 언급",
        "채널 개별 사용자 관심",
        "채널 사용자 @mention @멘션",
        "채널 대화 누군가 관심",
        "채널 대화에서 사용자의 관심을 끌 수 있습니까?"
      ],
      "dialogId": "new_topic_720b7576b2974838b919735c716918eb",
      "isTriggeringEnabled": true,
      "id": "new_topic_720b7576b2974838b919735c716918eb",
      "displayName": "채널 대화에서 사용자의 관심을 끌 수 있습니까?",
      "description": "https://adoptbotv2kb.blob.core.windows.net/%24web/adoptbot2021-Korean.docx",
      "createdTime": "2021-03-18T03:39:18.7466553Z",
      "updatedTime": "2021-04-06T06:26:08.768511Z",
      "createdUserId": "e47109d8-0300-4e59-a90d-56bb29886c9e",
      "updatedUserId": "e47109d8-0300-4e59-a90d-56bb29886c9e"
    }
  ],
  "dialogs": [
    {
      "rootNodeId": "f0a573c2-b620-4124-a61c-700b4c8a7353",
      "messageNodes": [
        {
          "botMessageId": "9e69d54c-1b46-4d88-84c6-5723fb8e0a01",
          "nodeType": "BotMessageNode",
          "id": "f6e8ba93-ce1e-4384-87a2-9ef82a3dc618",
          "defaultTargetNodeId": "3668f831-c8c7-482a-aa33-c18a775c6c7a"
        },
        {
          "botMessageId": "214d360e-d2a2-406d-9d97-52f73613c89f",
          "nodeType": "BotMessageNode",
          "id": "f0a573c2-b620-4124-a61c-700b4c8a7353",
          "defaultTargetNodeId": "f6e8ba93-ce1e-4384-87a2-9ef82a3dc618"
        }
      ],
      "dialogChangeNodes": [
        {
          "targetDialogId": "new_topic_2bf23930c1d146129dfe38bacb94ccd0_aeabea4d071f415c8c107e1cb7af5424_assumedsuccess",
          "nodeType": "DialogChangeNode",
          "id": "3668f831-c8c7-482a-aa33-c18a775c6c7a"
        }
      ],
      "id": "new_topic_720b7576b2974838b919735c716918eb",
      "displayName": "Dialog for 채널 대화에서 사용자의 관심을 끌 수 있습니까?",
      "createdTime": "2021-03-18T03:39:18.7466553Z",
      "updatedTime": "2021-04-06T06:25:11.6792166Z",
      "createdUserId": "e47109d8-0300-4e59-a90d-56bb29886c9e",
      "updatedUserId": "e47109d8-0300-4e59-a90d-56bb29886c9e"
    }
  ],
  "botMessages": [
    {
      "channelContent": {
        "web": {
          "contentFormat": "Markdown",
          "content": "[채널대화 내에서 @ 팀이름 을 사용하면](https://support.microsoft.com/ko-kr/office/use-mentions-to-get-someone-s-attention-in-teams-eb4f059d-320e-454e-b111-03361d4d6855) 팀 내 모든 구성원이 알림을 받습니다.\n\n[알림 유형은 각 개인 설정에 따라 다릅니다.](https://support.microsoft.com/ko-kr/office/six-things-to-know-about-notifications-abb62c60-3d15-4968-b86a-42fea9c22cf4)"
        }
      },
      "id": "9e69d54c-1b46-4d88-84c6-5723fb8e0a01",
      "createdTime": "2021-03-18T03:39:18.7466553Z",
      "updatedTime": "2021-03-18T03:39:18.7466553Z",
      "createdUserId": "e47109d8-0300-4e59-a90d-56bb29886c9e",
      "updatedUserId": "e47109d8-0300-4e59-a90d-56bb29886c9e"
    },
    {
      "channelContent": {
        "web": {
          "contentFormat": "Markdown",
          "content": "**채널 대화나 채팅에서 누군가의 관심을 얻으려면**, [그 사람들을 @멘션](https://support.microsoft.com/ko-kr/office/use-mentions-to-get-someone-s-attention-in-teams-eb4f059d-320e-454e-b111-03361d4d6855)하십시오.\n\n*   이름 앞에 @를 입력한 다음 나타나는 목록에서 그들을 선택합니다.\n*   **또는** 이름을 계속 입력할 때 선택할 수 있는 사용자 목록이 표시됩니다."
        }
      },
      "id": "214d360e-d2a2-406d-9d97-52f73613c89f",
      "createdTime": "2021-04-06T06:21:13.848Z",
      "updatedTime": "2021-04-06T06:21:13.848Z",
      "createdUserId": "user-0",
      "updatedUserId": "user-0"
    }
  ],
  "createdUtc": "0001-01-01T00:00:00Z"
}