{
  "intents": [
    {
      "endUserOverrideName": "Membre d'équipe",
      "triggerQueries": [
        "Qu'est-ce qu'un membre d'équipe?",
        "qui est considéré comme membre d'une équipe?",
        "Que signifie être membre d'une équipe?",
        "qui est un membre d'équipe?",
        "Qu'est-ce qu'un membre d'une équipe?"
      ],
      "dialogId": "new_topic_dfc58619415f4cb7a9da872fab96a2c5",
      "isTriggeringEnabled": true,
      "id": "new_topic_dfc58619415f4cb7a9da872fab96a2c5",
      "displayName": "Qu'est-ce qu'un membre d'une équipe?",
      "description": "",
      "createdTime": "2021-01-13T22:20:51.2371466Z",
      "updatedTime": "2021-05-24T21:36:10.7692108Z",
      "createdUserId": "f04d3cd9-b73d-4ba9-a1ed-9319eba29b21",
      "updatedUserId": "a2c4aa2c-d830-41eb-bcf4-467a2c7e1279"
    }
  ],
  "dialogs": [
    {
      "rootNodeId": "37efc829-8c1a-4ad9-9da1-9ebee001d7d1",
      "messageNodes": [
        {
          "botMessageId": "50049c25-eee2-4d3f-943d-a19d9806c855",
          "nodeType": "BotMessageNode",
          "id": "37efc829-8c1a-4ad9-9da1-9ebee001d7d1",
          "defaultTargetNodeId": "829fbf9c-2fe0-4ab3-a895-259b4a195d7b"
        }
      ],
      "dialogChangeNodes": [
        {
          "targetDialogId": "new_topic_eac3f49c99664313a9d9dc19d80a79a2_aeabea4d071f415c8c107e1cb7af5424_assumedsuccess",
          "nodeType": "DialogChangeNode",
          "id": "829fbf9c-2fe0-4ab3-a895-259b4a195d7b"
        }
      ],
      "id": "new_topic_dfc58619415f4cb7a9da872fab96a2c5",
      "displayName": "Dialog for What is a team member?",
      "createdTime": "2021-01-13T22:20:51.2371466Z",
      "updatedTime": "2021-05-24T21:36:38.9256466Z",
      "createdUserId": "f04d3cd9-b73d-4ba9-a1ed-9319eba29b21",
      "updatedUserId": "a2c4aa2c-d830-41eb-bcf4-467a2c7e1279"
    }
  ],
  "botMessages": [
    {
      "channelContent": {
        "web": {
          "contentFormat": "Markdown",
          "content": "Il s'agit des personnes que les propriétaires d'une équipe ont invitées à rejoindre."
        }
      },
      "id": "50049c25-eee2-4d3f-943d-a19d9806c855",
      "createdTime": "2021-01-13T22:20:51.2371466Z",
      "updatedTime": "2021-01-13T22:20:51.2371466Z",
      "createdUserId": "f04d3cd9-b73d-4ba9-a1ed-9319eba29b21",
      "updatedUserId": "f04d3cd9-b73d-4ba9-a1ed-9319eba29b21"
    }
  ],
  "createdUtc": "0001-01-01T00:00:00Z"
}