{
  "intents": [
    {
      "endUserOverrideName": "Wie kan Teams gebruiken?",
      "triggerQueries": [
        "hoe duur is teams",
        "kan je prive teams gebruiken",
        "kan iedereen teams gebruiken",
        "Betaal je voor Teams",
        "Wie kan Teams gebruiken?",
        "Is MS Teams gratis?"
      ],
      "dialogId": "new_topic_54f3e3126a4f4aeea5b2d817082d0b19",
      "isTriggeringEnabled": true,
      "id": "new_topic_54f3e3126a4f4aeea5b2d817082d0b19",
      "displayName": "Wie kan Microsoft Teams gebruiken?",
      "description": "",
      "createdTime": "2021-03-17T14:00:24.987752Z",
      "updatedTime": "2021-03-29T23:01:51.0788534Z",
      "createdUserId": "c1e90dc0-1df0-459d-8164-0dcb7915deaf",
      "updatedUserId": "c1e90dc0-1df0-459d-8164-0dcb7915deaf"
    }
  ],
  "dialogs": [
    {
      "rootNodeId": "ce8d49dc-6e72-46b0-9325-357711fd337c",
      "messageNodes": [
        {
          "botMessageId": "46eaf314-f071-4026-a1a3-0b6fb3ab9084",
          "nodeType": "BotMessageNode",
          "id": "ce8d49dc-6e72-46b0-9325-357711fd337c",
          "defaultTargetNodeId": "b14d9106-1f1a-4a96-9ec3-acaa6426630a"
        },
        {
          "botMessageId": "374cdf6a-caf0-4a67-81d6-e4ca0b2628af",
          "nodeType": "BotMessageNode",
          "id": "b14d9106-1f1a-4a96-9ec3-acaa6426630a",
          "defaultTargetNodeId": "c4a58563-10d5-49ea-b04e-5a408c3455ea"
        },
        {
          "botMessageId": "e3e3ea0e-e921-4acd-bbf3-47e1f4032585",
          "nodeType": "BotMessageNode",
          "id": "c4a58563-10d5-49ea-b04e-5a408c3455ea",
          "defaultTargetNodeId": "d6e9d69d-1ddf-4857-b6ec-4bd7921a2c13"
        }
      ],
      "dialogChangeNodes": [
        {
          "targetDialogId": "new_topic_9d295c394a47419da3b4d205b7ed4c20_aeabea4d071f415c8c107e1cb7af5424_assumedsuccess",
          "nodeType": "DialogChangeNode",
          "id": "d6e9d69d-1ddf-4857-b6ec-4bd7921a2c13"
        }
      ],
      "id": "new_topic_54f3e3126a4f4aeea5b2d817082d0b19",
      "displayName": "Dialog for Wie kan Microsoft Teams gebruiken?",
      "createdTime": "2021-03-17T14:00:24.987752Z",
      "updatedTime": "2021-03-29T23:02:28.0545716Z",
      "createdUserId": "c1e90dc0-1df0-459d-8164-0dcb7915deaf",
      "updatedUserId": "c1e90dc0-1df0-459d-8164-0dcb7915deaf"
    }
  ],
  "botMessages": [
    {
      "channelContent": {
        "web": {
          "contentFormat": "Markdown",
          "content": "Teams maakt deel uit van Microsoft 365, dus je hebt een Microsoft 365-licentie nodig om deze te kunnen gebruiken.\n\n[👨‍👨‍👩‍Voor privégebruik is Teams](https://www.microsoft.com/nl-nl/microsoft-365/microsoft-teams/teams-for-home) gratis."
        }
      },
      "id": "46eaf314-f071-4026-a1a3-0b6fb3ab9084",
      "createdTime": "2021-03-17T14:00:24.987752Z",
      "updatedTime": "2021-03-17T14:00:24.987752Z",
      "createdUserId": "c1e90dc0-1df0-459d-8164-0dcb7915deaf",
      "updatedUserId": "c1e90dc0-1df0-459d-8164-0dcb7915deaf"
    },
    {
      "channelContent": {
        "web": {
          "contentFormat": "Markdown",
          "content": "Vaak heeft jouw organisatie een licentie voor gekocht.\n\nSpecifiek,  een van deze licenties:\n\n·       Business Essentials of Business Premium\n\n·       Onderneming F1, F3, E1, E3 of E5\n\n·       Microsoft 365 Een licentie voor onderwijs/school bevat ook Teams."
        }
      },
      "id": "374cdf6a-caf0-4a67-81d6-e4ca0b2628af",
      "createdTime": "2021-03-17T14:00:48.311Z",
      "updatedTime": "2021-03-17T14:00:48.311Z",
      "createdUserId": "user-0",
      "updatedUserId": "user-0"
    },
    {
      "channelContent": {
        "web": {
          "contentFormat": "Markdown",
          "content": "💡Lees [hoe u toegang tot Microsoft Teams krijgen](https://support.microsoft.com/nl-nl/office/how-do-i-get-access-to-microsoft-teams-fc7f1634-abd3-4f26-a597-9df16e4ca65b) voor meer informatie.\n\nAls u iemand van uw organisatie aan Teams wilt toevoegen, opent u de app en voegt u deze toe aan een team. Zij ontvangen automatisch een e-mail met de uitnodiging."
        }
      },
      "id": "e3e3ea0e-e921-4acd-bbf3-47e1f4032585",
      "createdTime": "2021-03-17T14:01:31.46Z",
      "updatedTime": "2021-03-17T14:01:31.46Z",
      "createdUserId": "user-0",
      "updatedUserId": "user-0"
    }
  ],
  "createdUtc": "0001-01-01T00:00:00Z"
}