<botcomponent_workflowset>
  <botcomponent_workflow botcomponentid.schemaname="new_topic_3657595e0bfa47f2b5cc90e82e8eee43" workflowid.workflowid="0956c9e6-a25b-ed11-9562-002248829113">
    <iscustomizable>1</iscustomizable>
  </botcomponent_workflow>
  <botcomponent_workflow botcomponentid.schemaname="new_topic_84ec227c19784e7ba25cb34f4638f91e_954135cafcd647eaae5999ad91fc08cf_talktoagent" workflowid.workflowid="4fef9dde-a05b-ed11-9562-002248829113">
    <iscustomizable>1</iscustomizable>
  </botcomponent_workflow>
  <botcomponent_workflow botcomponentid.schemaname="new_topic_84ec227c19784e7ba25cb34f4638f91e_ba7b967c97ba4c39bca58a8bb6a72d59_conversationstart" workflowid.workflowid="c9579f47-cb2f-eb11-a813-000d3a98dbb4">
    <iscustomizable>1</iscustomizable>
  </botcomponent_workflow>
</botcomponent_workflowset>