{
  "intents": [
    {
      "endUserOverrideName": "Composer un numéro depuis une réunion",
      "triggerQueries": [
        "Appels téléphoniques internationaux sortants dans la réunion?",
        "Composer un numéro international depuis une réunion Teams afin que d’autres puissent rejoindre la réunion?",
        "Appeler un numéro depuis une réunion Teams afin que d’autres puissent rejoindre la réunion?",
        "inviter par téléphone d’autres participants à une réunion d’équipe",
        "puis-je composer un numéro international et inviter d’autres participants?",
        "Composer des numéros internationaux lors d’une réunion?",
        "Appel sortant international dans une réunion Teams?",
        "Passer des appels à l’extérieur de mon pays?",
        "Passer des appels internationaux",
        "appeler des participants avec des numéros étrangers",
        "Appels téléphoniques internationaux sortants dans la réunion?",
        "Inviter par numéro de téléphone en dehors de la France?",
        "Inviter par numéro de téléphone à l’étranger?",
        "Inviter par numéro de téléphone à l’extérieur du pays?",
        "Inviter par numéro de téléphone en dehors des États-Unis?",
        "Faire appel à des participants internationaux",
        "Comment pouvons-nous appeler une personne d’un autre pays à réjoindre a réunion?",
        "Appeler des invités à l’étranger dans la réunion",
        "Les participants peuvent-ils composer des numéros de téléphone internationaux lorsqu’ils sont dans une réunion Microsoft Teams?"
      ],
      "dialogId": "new_topic_57549904b05248c298735d62388fb29f",
      "isTriggeringEnabled": true,
      "id": "new_topic_57549904b05248c298735d62388fb29f",
      "displayName": "Les participants peuvent-ils appeler des numéros de téléphone internationaux lorsqu’ils sont dans une réunion Microsoft Teams?",
      "description": "",
      "createdTime": "2021-01-13T22:20:51.2381463Z",
      "updatedTime": "2021-05-24T22:39:26.5838472Z",
      "createdUserId": "f04d3cd9-b73d-4ba9-a1ed-9319eba29b21",
      "updatedUserId": "a2c4aa2c-d830-41eb-bcf4-467a2c7e1279"
    }
  ],
  "dialogs": [
    {
      "rootNodeId": "9685b020-fff3-4495-a221-5546c62a709c",
      "messageNodes": [
        {
          "botMessageId": "e4312f65-ad62-4604-9aa6-e275335c125a",
          "nodeType": "BotMessageNode",
          "id": "9685b020-fff3-4495-a221-5546c62a709c",
          "defaultTargetNodeId": "f585ee48-7195-4803-be47-e0fb8292862d"
        }
      ],
      "dialogChangeNodes": [
        {
          "targetDialogId": "new_topic_eac3f49c99664313a9d9dc19d80a79a2_aeabea4d071f415c8c107e1cb7af5424_assumedsuccess",
          "nodeType": "DialogChangeNode",
          "id": "f585ee48-7195-4803-be47-e0fb8292862d"
        }
      ],
      "id": "new_topic_57549904b05248c298735d62388fb29f",
      "displayName": "Dialog for Can attendees dial out to international phone numbers when they're in a Microsoft Teams meeting?",
      "createdTime": "2021-01-13T22:20:51.2381463Z",
      "updatedTime": "2021-05-24T22:40:21.8280269Z",
      "createdUserId": "f04d3cd9-b73d-4ba9-a1ed-9319eba29b21",
      "updatedUserId": "a2c4aa2c-d830-41eb-bcf4-467a2c7e1279"
    }
  ],
  "botMessages": [
    {
      "channelContent": {
        "web": {
          "contentFormat": "Markdown",
          "content": "Les participants à une réunion Teams peuvent composer des numéros (nationaux et/ou internationaux) et inviter d’autres personnes à se joindre à la réunion.  \nConsulter: [Appel sortant depuis une réunion Microsoft Teams pour permettre à d'autres personnes d’y participer](https://docs.microsoft.com/fr-fr/microsoftteams/dialing-out-from-a-teams-meeting-so-other-people-can-join-it)"
        }
      },
      "id": "e4312f65-ad62-4604-9aa6-e275335c125a",
      "createdTime": "2021-01-13T22:20:51.2381463Z",
      "updatedTime": "2021-01-13T22:20:51.2381463Z",
      "createdUserId": "f04d3cd9-b73d-4ba9-a1ed-9319eba29b21",
      "updatedUserId": "f04d3cd9-b73d-4ba9-a1ed-9319eba29b21"
    }
  ]
}