{
  "intents": [
    {
      "endUserOverrideName": "bericht opmaak",
      "triggerQueries": [
        "kan ik mijn bericht mooi vormgeven",
        "hoe wijzig ik de vormgeving van mijn bericht",
        "kan ik de layout van mijn bericht mooi maken",
        "hoe kan ik de layout van een bericht aanpassen",
        "hoe kan ik de lay out van een post wijzigen",
        "kan ik mijn post mooi vormgeven",
        "hoe geef ik mijn bericht vorm",
        "titel aan mijn bericht geven",
        "aankondiging doen",
        "bericht vormgeven",
        "bericht opmaken"
      ],
      "dialogId": "new_topic_f6d2b3e184b84c7ba3805acf7e6fdc3a",
      "isTriggeringEnabled": true,
      "id": "new_topic_f6d2b3e184b84c7ba3805acf7e6fdc3a",
      "displayName": "bericht opmaak",
      "description": "",
      "createdTime": "2021-03-22T19:33:16.1397107Z",
      "updatedTime": "2021-03-29T20:51:13.1012445Z",
      "createdUserId": "c1e90dc0-1df0-459d-8164-0dcb7915deaf",
      "updatedUserId": "c1e90dc0-1df0-459d-8164-0dcb7915deaf"
    }
  ],
  "dialogs": [
    {
      "rootNodeId": "9cda0fb0-a9a5-4b6e-8afb-5764acbfe687",
      "messageNodes": [
        {
          "botMessageId": "a7a6ce2a-d8ce-4eba-bc1b-5f6fc495ab97",
          "nodeType": "BotMessageNode",
          "id": "9cda0fb0-a9a5-4b6e-8afb-5764acbfe687",
          "defaultTargetNodeId": "9e9923f4-1a19-472a-a2cf-de9492e0400f"
        },
        {
          "botMessageId": "b395ac46-8af5-46e9-be32-1917b0e27092",
          "nodeType": "BotMessageNode",
          "id": "9e9923f4-1a19-472a-a2cf-de9492e0400f",
          "defaultTargetNodeId": "347a0a50-c9f5-42c1-a5ee-6c377c0ba9e8"
        },
        {
          "botMessageId": "c85e00c8-6a3e-4539-8dd4-218c57515a8e",
          "nodeType": "BotMessageNode",
          "id": "347a0a50-c9f5-42c1-a5ee-6c377c0ba9e8",
          "defaultTargetNodeId": "b8030d8b-4cfc-4ed5-8e34-07a2730846b0"
        },
        {
          "botMessageId": "a105e4a7-6f13-4677-9534-882292bf4e72",
          "nodeType": "BotMessageNode",
          "id": "b8030d8b-4cfc-4ed5-8e34-07a2730846b0",
          "defaultTargetNodeId": "10559192-7e2b-4788-93d3-ac34aba49aab"
        }
      ],
      "dialogChangeNodes": [
        {
          "targetDialogId": "new_topic_9d295c394a47419da3b4d205b7ed4c20_aeabea4d071f415c8c107e1cb7af5424_assumedsuccess",
          "nodeType": "DialogChangeNode",
          "id": "10559192-7e2b-4788-93d3-ac34aba49aab"
        }
      ],
      "id": "new_topic_f6d2b3e184b84c7ba3805acf7e6fdc3a",
      "displayName": "Dialog for bericht opmaak",
      "createdTime": "2021-03-22T19:33:16.138707Z",
      "updatedTime": "2021-03-29T20:52:06.1267723Z",
      "createdUserId": "c1e90dc0-1df0-459d-8164-0dcb7915deaf",
      "updatedUserId": "c1e90dc0-1df0-459d-8164-0dcb7915deaf"
    }
  ],
  "botMessages": [
    {
      "channelContent": {
        "web": {
          "contentFormat": "Markdown",
          "content": "Geef uw bericht een titel en ondertitel, of ga voor een aankondiging om extra aandacht te trekken."
        }
      },
      "id": "a7a6ce2a-d8ce-4eba-bc1b-5f6fc495ab97",
      "createdTime": "2021-03-22T19:33:16.138707Z",
      "updatedTime": "2021-03-22T19:33:16.138707Z",
      "createdUserId": "c1e90dc0-1df0-459d-8164-0dcb7915deaf",
      "updatedUserId": "c1e90dc0-1df0-459d-8164-0dcb7915deaf"
    },
    {
      "channelContent": {
        "web": {
          "contentFormat": "Markdown",
          "content": "**Selecteer de opmaakknop** (ziet eruit als een A met een pen) en voeg de titel toe."
        }
      },
      "id": "b395ac46-8af5-46e9-be32-1917b0e27092",
      "createdTime": "2021-03-22T20:03:00.667Z",
      "updatedTime": "2021-03-22T20:03:00.667Z",
      "createdUserId": "user-0",
      "updatedUserId": "user-0"
    },
    {
      "channelContent": {
        "web": {
          "contentFormat": "Markdown",
          "content": "Aankondiging maken? Selecteer de **opmaakknop** (ziet eruit als een A met een pen) en vervolgkeuzemenu | Nieuw gesprek en kies **Aankondiging.**"
        }
      },
      "id": "c85e00c8-6a3e-4539-8dd4-218c57515a8e",
      "createdTime": "2021-03-22T20:03:39.867Z",
      "updatedTime": "2021-03-22T20:03:39.867Z",
      "createdUserId": "user-0",
      "updatedUserId": "user-0"
    },
    {
      "channelContent": {
        "web": {
          "contentFormat": "Markdown",
          "content": "[Een aankondiging verzenden naar een kanaal - Office-ondersteuning (microsoft.com)](https://support.microsoft.com/nl-nl/office/een-aankondiging-verzenden-naar-een-kanaal-8f244ea6-235a-4dcc-9143-9c5b801b4992?ui=nl-NL&rs=nl-NL&ad=NL)"
        }
      },
      "id": "a105e4a7-6f13-4677-9534-882292bf4e72",
      "createdTime": "2021-03-22T20:04:47.375Z",
      "updatedTime": "2021-03-22T20:04:47.375Z",
      "createdUserId": "user-0",
      "updatedUserId": "user-0"
    }
  ],
  "createdUtc": "0001-01-01T00:00:00Z"
}