{
  "intents": [
    {
      "endUserOverrideName": "How to work remotely from anywhere (M365)?",
      "triggerQueries": [
        "How to work remotely from anywhere (M365)?",
        "remote work with office 365",
        "How do you work remotely regardless of location?",
        "work from home with Microsoft 365",
        "What tools can I use when I work from home?",
        "how teams is connected to Microsoft 365",
        "Work remotely with Microsoft 365?",
        "How to Remote work from anywhere?"
      ],
      "dialogId": "new_topic_ce8a5bf07d2747a98232be8d1e4ee4a1",
      "isTriggeringEnabled": true,
      "id": "new_topic_ce8a5bf07d2747a98232be8d1e4ee4a1",
      "displayName": "How to Remote work from anywhere?",
      "description": "https://adoptbotv2kb.blob.core.windows.net/%24web/AdoptBot2021-English.docx",
      "createdTime": "2021-01-13T22:20:51.2381463Z",
      "updatedTime": "2021-01-27T21:41:01.4308662Z",
      "createdUserId": "f04d3cd9-b73d-4ba9-a1ed-9319eba29b21",
      "updatedUserId": "f04d3cd9-b73d-4ba9-a1ed-9319eba29b21"
    }
  ],
  "dialogs": [
    {
      "rootNodeId": "9c80ad37-0d7d-4d67-98fe-037dd7e6a422",
      "messageNodes": [
        {
          "botMessageId": "72d8db9d-e73f-47a2-b6c7-7f4a1d412b3b",
          "nodeType": "BotMessageNode",
          "id": "9c80ad37-0d7d-4d67-98fe-037dd7e6a422",
          "defaultTargetNodeId": "3214b089-a22d-4274-b91c-7a0b797ce8d6"
        }
      ],
      "dialogChangeNodes": [
        {
          "targetDialogId": "new_topic_eac3f49c99664313a9d9dc19d80a79a2_aeabea4d071f415c8c107e1cb7af5424_assumedsuccess",
          "nodeType": "DialogChangeNode",
          "id": "3214b089-a22d-4274-b91c-7a0b797ce8d6"
        }
      ],
      "id": "new_topic_ce8a5bf07d2747a98232be8d1e4ee4a1",
      "displayName": "Dialog for How to Remote work from anywhere?",
      "createdTime": "2021-01-13T22:20:51.2381463Z",
      "updatedTime": "2021-01-27T21:41:48.168178Z",
      "createdUserId": "f04d3cd9-b73d-4ba9-a1ed-9319eba29b21",
      "updatedUserId": "f04d3cd9-b73d-4ba9-a1ed-9319eba29b21"
    }
  ],
  "botMessages": [
    {
      "channelContent": {
        "web": {
          "contentFormat": "Markdown",
          "content": "[Collaborate with Microsoft 365](https://support.microsoft.com/en-us/office/collaborate-from-anywhere-using-microsoft-365-ac05a41e-0b49-4420-9ebc-190ee4e744f4?ui=en-US&rs=en-US&ad=US)  \n\\- How to remotely work better together across all of Microsoft 365 (which includes Teams)."
        }
      },
      "id": "72d8db9d-e73f-47a2-b6c7-7f4a1d412b3b",
      "createdTime": "2021-01-13T22:20:51.2381463Z",
      "updatedTime": "2021-01-13T22:20:51.2381463Z",
      "createdUserId": "f04d3cd9-b73d-4ba9-a1ed-9319eba29b21",
      "updatedUserId": "f04d3cd9-b73d-4ba9-a1ed-9319eba29b21"
    }
  ]
}