{
  "intents": [
    {
      "endUserOverrideName": "Visa en kanal",
      "triggerQueries": [
        "Var finns alternativet att visa en kanal?",
        "Endast visa vissa kanaler?",
        "följa olika kanaler?",
        "kan man följa kanaler?",
        "jag vill visa en kanal!",
        "Få uppdateringar från en kanal?",
        "hur följer jag en kanal?",
        "hur visar jag en kanal?",
        "Vilka är stegen för att visa en kanal?"
      ],
      "dialogId": "new_topic_b20fe3397c16447294f1b1433a403fb3",
      "isTriggeringEnabled": true,
      "id": "new_topic_b20fe3397c16447294f1b1433a403fb3",
      "displayName": "Hur följer eller visar jag en kanal?",
      "description": "",
      "createdTime": "2020-11-24T14:37:53.8220925Z",
      "updatedTime": "2020-12-08T13:19:25.0930585Z",
      "createdUserId": "f04d3cd9-b73d-4ba9-a1ed-9319eba29b21",
      "updatedUserId": "f04d3cd9-b73d-4ba9-a1ed-9319eba29b21"
    }
  ],
  "dialogs": [
    {
      "rootNodeId": "f3ee0af3-0aa5-44fc-97d1-97ca72ccad6b",
      "messageNodes": [
        {
          "botMessageId": "327e60be-ee2e-4c3b-8c73-7c6ae005ceef",
          "nodeType": "BotMessageNode",
          "id": "f3ee0af3-0aa5-44fc-97d1-97ca72ccad6b",
          "defaultTargetNodeId": "74811752-4736-4d9e-a0d0-22690335c905"
        }
      ],
      "dialogChangeNodes": [
        {
          "targetDialogId": "new_topic_84ec227c19784e7ba25cb34f4638f91e_aeabea4d071f415c8c107e1cb7af5424_assumedsuccess",
          "nodeType": "DialogChangeNode",
          "id": "74811752-4736-4d9e-a0d0-22690335c905"
        }
      ],
      "id": "new_topic_b20fe3397c16447294f1b1433a403fb3",
      "displayName": "Dialog for Vilka är stegen för att visa en kanal?",
      "createdTime": "2020-11-24T14:37:53.8220925Z",
      "updatedTime": "2020-11-24T14:37:53.8220925Z",
      "createdUserId": "f04d3cd9-b73d-4ba9-a1ed-9319eba29b21",
      "updatedUserId": "f04d3cd9-b73d-4ba9-a1ed-9319eba29b21"
    }
  ],
  "botMessages": [
    {
      "channelContent": {
        "web": {
          "contentFormat": "Markdown",
          "content": "Gå till en Kanal och klicka på Fler alternativ &gt; Visa."
        }
      },
      "id": "327e60be-ee2e-4c3b-8c73-7c6ae005ceef",
      "createdTime": "2020-11-24T14:37:53.8220925Z",
      "updatedTime": "2020-11-24T14:37:53.8220925Z",
      "createdUserId": "f04d3cd9-b73d-4ba9-a1ed-9319eba29b21",
      "updatedUserId": "f04d3cd9-b73d-4ba9-a1ed-9319eba29b21"
    }
  ]
}