{
  "intents": [
    {
      "endUserOverrideName": "Trovare le ultime notizie sulle funzionalità di Teams",
      "triggerQueries": [
        "Cosa c'è di nuovo?",
        "Vorrei essere aggiornato sulle nuove funzionalità",
        "Trova le ultime notizie sulle funzionalità di Teams?",
        "quando verranno rilasciate le nuove funzionalità?",
        "Trova le ultime notizie su Teams",
        "Dove vedo tutte le nuove funzionalità?",
        "Dove posso leggere le novità per Teams?",
        "Come faccio a sapere quando arriverà una nuova funzionalità?",
        "Novità in Teams",
        "Novità di Teams per i dispositivi mobili",
        "Cosa c'è di nuovo per Teams su Android?",
        "Cosa c'è di nuovo per Teams su iPhone?",
        "Novità per Teams su iOS",
        "Mostrami tutte le novità",
        "Dove sono tutte le novità in Teams?",
        "Ci sono così tante novità in arrivo in Teams. Dove le vedo?",
        "Vedi le novità rilasciate",
        "Trova tutte le nuove funzionalità",
        "Come faccio a sapere se ci sono nuove funzionalità?",
        "Novità per Microsoft Teams Rooms",
        "Novità per MTR",
        "Cosa c'è di nuovo in Teams per Surface Hub?",
        "Ulteriori informazioni sugli ultimi aggiornamenti in Teams?",
        "Ultime notizie sull'app Teams?",
        "Parlami di alcune novità in Teams",
        "Dove sono pubblicate tutte le novità?",
        "Dimmi cosa c'è di nuovo in Teams?",
        "Ci sono nuovi aggiornamenti in arrivo?",
        "Quando avremo nuove funzionalità?",
        "Ultime notizie su Teams?",
        "Dove posso trovare le ultime notizie su Teams?"
      ],
      "dialogId": "new_topic_6eaf7367f96f4243b63189c2626e7620",
      "isTriggeringEnabled": true,
      "id": "new_topic_6eaf7367f96f4243b63189c2626e7620",
      "displayName": "Dove posso trovare le ultime notizie su Teams?",
      "createdTime": "2022-04-16T12:54:33.3885822Z",
      "updatedTime": "2022-04-16T12:54:33.3885822Z",
      "createdUserId": "9451fc51-e00d-4445-8ff9-efb70866dc3b",
      "updatedUserId": "9451fc51-e00d-4445-8ff9-efb70866dc3b"
    }
  ],
  "dialogs": [
    {
      "rootNodeId": "a31b767c-c53a-4505-b641-88e819b50538",
      "messageNodes": [
        {
          "botMessageId": "c313f847-82f9-4b4e-9cd6-8de78b60eed6",
          "nodeType": "BotMessageNode",
          "id": "a31b767c-c53a-4505-b641-88e819b50538",
          "defaultTargetNodeId": "f96caa73-8121-4790-837f-fed497ce2107"
        },
        {
          "botMessageId": "47aa0b59-a6f2-445a-a81d-8756bf000169",
          "nodeType": "BotMessageNode",
          "id": "f96caa73-8121-4790-837f-fed497ce2107",
          "defaultTargetNodeId": "33625625-5278-4d21-862a-02a48871d8de"
        },
        {
          "botMessageId": "ecda36d4-019d-4d31-8afa-511690e11da3",
          "nodeType": "BotMessageNode",
          "id": "33625625-5278-4d21-862a-02a48871d8de",
          "defaultTargetNodeId": "9e7f733c-d0ad-4c06-a206-9cf6b287fb7c"
        }
      ],
      "dialogChangeNodes": [
        {
          "targetDialogId": "new_topic_f98a24608ee04cb998de3e3e32703d5b_aeabea4d071f415c8c107e1cb7af5424_assumedsuccess",
          "nodeType": "DialogChangeNode",
          "id": "9e7f733c-d0ad-4c06-a206-9cf6b287fb7c"
        }
      ],
      "id": "new_topic_6eaf7367f96f4243b63189c2626e7620",
      "displayName": "Senza titolo",
      "createdTime": "2022-04-16T12:54:33.3885822Z",
      "updatedTime": "2022-04-16T12:54:33.3885822Z",
      "createdUserId": "9451fc51-e00d-4445-8ff9-efb70866dc3b",
      "updatedUserId": "9451fc51-e00d-4445-8ff9-efb70866dc3b"
    }
  ],
  "botMessages": [
    {
      "channelContent": {
        "web": {
          "contentFormat": "Markdown",
          "content": "Sono contento che tu sia curioso\n\n{7bd4f62b-7262-40bc-8c63-8c540568cf6c}🙂!\n\nBasta digitare \"/whatsnew\" nella barra di ricerca di Teams!\n\nPuoi anche fare clic sul pulsante Guida in Teams Desktop e selezionare \"Novità\"."
        }
      },
      "id": "c313f847-82f9-4b4e-9cd6-8de78b60eed6",
      "createdTime": "2022-04-15T23:54:35.383Z",
      "updatedTime": "2022-04-15T23:54:35.383Z"
    },
    {
      "channelContent": {
        "web": {
          "contentFormat": "Markdown",
          "content": "_Nota! La tua azienda potrebbe aver disabilitato alcune funzioni._"
        }
      },
      "id": "47aa0b59-a6f2-445a-a81d-8756bf000169",
      "createdTime": "2022-04-16T00:18:03.405Z",
      "updatedTime": "2022-04-16T00:18:03.405Z",
      "createdUserId": "user-0",
      "updatedUserId": "user-0"
    },
    {
      "channelContent": {
        "web": {
          "contentFormat": "Markdown",
          "content": "[Tutte le nuove caratteristiche sono pubblicate sul web a questo link.](https://support.microsoft.com/it-it/office/novit%C3%A0-in-microsoft-teams-d7092a6d-c896-424c-b362-a472d5f105de)\n\n_Scegli di quale dispositivo desideri conoscere le novità._"
        }
      },
      "id": "ecda36d4-019d-4d31-8afa-511690e11da3",
      "createdTime": "2022-04-16T00:19:22.485Z",
      "updatedTime": "2022-04-16T00:19:22.485Z",
      "createdUserId": "user-0",
      "updatedUserId": "user-0"
    }
  ]
}