<botcomponent schemaname="new_topic_7c01a303c4ce4d66a7279a251a979aa5">
  <componenttype>0</componenttype>
  <description>A topic that allows a user to share feedback to the team working with the bot.

FYI: Relax. This info is also in the guide you hopefully read before you got here...

This topic has a flow. 

1st time setup:
The flow needs to be connected to a Team and channel of your choice. Open the flow from the "authoring canvas" here in PVA.

This will open Power Automate, where you'll choose an existing Team and channel.

Suggestion is a channel called "Timon (User feedback 💌)" in a Team called "Timon's Support Team). See the guide for details.</description>
  <iscustomizable>1</iscustomizable>
  <name>Feedback</name>
  <statecode>0</statecode>
  <statuscode>1</statuscode>
</botcomponent>