{
  "intents": [
    {
      "endUserOverrideName": "Notification sonore de réunion",
      "triggerQueries": [
        "comment supprimer le son quand un participant quitte la réunion",
        "comment supprimer le son quand un participant joint la réunion",
        "Est-ce que l'on entend quand quelqu'un quitte une réunion?",
        "Notification lorsqu'une personne rejoint une réunion",
        "Est-ce que l'on entend quand quelqu'un se connecte à une réunion?",
        "Notification lors de la participation à la réunion",
        "changer le son quand quelqu'un se connecte?",
        "Les participants entendent-ils une notification lorsqu'un utilisateur rejoint ou quitte une réunion?"
      ],
      "dialogId": "new_topic_0662627c37eb487380fd1ac47c23c641",
      "isTriggeringEnabled": true,
      "id": "new_topic_0662627c37eb487380fd1ac47c23c641",
      "displayName": "Les participants entendent-ils une notification lorsqu'un utilisateur rejoint ou quitte une réunion?",
      "description": "",
      "createdTime": "2021-01-13T22:20:51.2381463Z",
      "updatedTime": "2021-05-24T22:44:18.0004169Z",
      "createdUserId": "f04d3cd9-b73d-4ba9-a1ed-9319eba29b21",
      "updatedUserId": "a2c4aa2c-d830-41eb-bcf4-467a2c7e1279"
    }
  ],
  "dialogs": [
    {
      "rootNodeId": "ba375f37-9192-4e8a-b21a-d89a22db5ae0",
      "messageNodes": [
        {
          "botMessageId": "2b1a922f-e8b9-41ab-8c4a-0b2565d3160e",
          "nodeType": "BotMessageNode",
          "id": "ba375f37-9192-4e8a-b21a-d89a22db5ae0",
          "defaultTargetNodeId": "dd86b5d2-bdf6-4bc0-95ab-40a3906ce4f1"
        }
      ],
      "dialogChangeNodes": [
        {
          "targetDialogId": "new_topic_eac3f49c99664313a9d9dc19d80a79a2_aeabea4d071f415c8c107e1cb7af5424_assumedsuccess",
          "nodeType": "DialogChangeNode",
          "id": "dd86b5d2-bdf6-4bc0-95ab-40a3906ce4f1"
        }
      ],
      "id": "new_topic_0662627c37eb487380fd1ac47c23c641",
      "displayName": "Dialog for Will attendees hear a notification when a user joins or cancels a meeting?",
      "createdTime": "2021-01-13T22:20:51.2381463Z",
      "updatedTime": "2021-05-24T22:44:38.0366852Z",
      "createdUserId": "f04d3cd9-b73d-4ba9-a1ed-9319eba29b21",
      "updatedUserId": "a2c4aa2c-d830-41eb-bcf4-467a2c7e1279"
    }
  ],
  "botMessages": [
    {
      "channelContent": {
        "web": {
          "contentFormat": "Markdown",
          "content": "Par défaut, les participants sont avertis lorsque des utilisateurs se connectent à une réunion Teams. 👉 Voici un [article décrivant comment modifier ce paramètre.](https://support.microsoft.com/fr-fr/office/modifier-les-param%C3%A8tres-des-participants-pour-une-teams-r%C3%A9union-53261366-dbd5-45f9-aae9-a70e6354f88e)"
        }
      },
      "id": "2b1a922f-e8b9-41ab-8c4a-0b2565d3160e",
      "createdTime": "2021-01-13T22:20:51.2381463Z",
      "updatedTime": "2021-01-13T22:20:51.2381463Z",
      "createdUserId": "f04d3cd9-b73d-4ba9-a1ed-9319eba29b21",
      "updatedUserId": "f04d3cd9-b73d-4ba9-a1ed-9319eba29b21"
    }
  ],
  "createdUtc": "0001-01-01T00:00:00Z"
}