{
  "intents": [
    {
      "endUserOverrideName": "Netzwerk für Teams optimieren (Admins)",
      "triggerQueries": [
        "Meeting Qualität",
        "Meetingqualität",
        "Meetingqualität verbessern",
        "Bandbreite",
        "Netzwerkqualität in Teams",
        "Netzwerk auf Teams vorbereiten",
        "VPN auf Teams vorbereiten",
        "netzwerk einstellungen",
        "Wie kann ich die Qualität in Teams verbessern?",
        "Kann Teams über VPN laufen?",
        "Netzwerk optimieren",
        "Teams Netzwerk Einstellungen",
        "Können wir unser Netzwerk für Microsoft Teams optimieren?"
      ],
      "dialogId": "new_topic_95c416388fe64a6fb0397bfbe499ffdd",
      "isTriggeringEnabled": true,
      "id": "new_topic_95c416388fe64a6fb0397bfbe499ffdd",
      "displayName": "Können wir unser Netzwerk für Microsoft Teams optimieren?",
      "description": "https://adoptbotv2kb.blob.core.windows.net/%24web/AdoptBot2021-English.docx",
      "createdTime": "2021-04-18T17:51:20.1522382Z",
      "updatedTime": "2021-04-18T17:51:20.1522382Z",
      "createdUserId": "86360cd1-faa6-4d16-8a0c-ba3116c8a977"
    }
  ],
  "dialogs": [
    {
      "rootNodeId": "2ecd055c-3799-4fde-a8e6-cea13afd4806",
      "messageNodes": [
        {
          "botMessageId": "38f5cf81-af39-45e2-9dd0-87d0f5058a50",
          "nodeType": "BotMessageNode",
          "id": "2ecd055c-3799-4fde-a8e6-cea13afd4806",
          "defaultTargetNodeId": "6f97e6eb-d09e-4be2-8bc6-61143e3fc4f9"
        },
        {
          "botMessageId": "3454802e-993a-401b-92a0-cc0d598def09",
          "nodeType": "BotMessageNode",
          "id": "6f97e6eb-d09e-4be2-8bc6-61143e3fc4f9",
          "defaultTargetNodeId": "d62a5216-c2f6-478d-a47e-0aa418a941b7"
        },
        {
          "botMessageId": "fb061f65-6b23-4b5f-b50b-3fd32b647b53",
          "nodeType": "BotMessageNode",
          "id": "d62a5216-c2f6-478d-a47e-0aa418a941b7",
          "defaultTargetNodeId": "8fadfe79-aa89-42b0-b7e4-c6dcafc2c972"
        }
      ],
      "dialogChangeNodes": [
        {
          "targetDialogId": "new_topic_30867099f4b543d3b8543a85c22c3418_aeabea4d071f415c8c107e1cb7af5424_assumedsuccess",
          "nodeType": "DialogChangeNode",
          "id": "8fadfe79-aa89-42b0-b7e4-c6dcafc2c972"
        }
      ],
      "id": "new_topic_95c416388fe64a6fb0397bfbe499ffdd",
      "displayName": "Dialog for Können wir unser Netzwerk für Microsoft Teams optimieren?",
      "createdTime": "2021-04-18T17:51:20.1522382Z",
      "updatedTime": "2021-04-18T17:53:07.7739854Z",
      "createdUserId": "86360cd1-faa6-4d16-8a0c-ba3116c8a977",
      "updatedUserId": "86360cd1-faa6-4d16-8a0c-ba3116c8a977"
    }
  ],
  "botMessages": [
    {
      "channelContent": {
        "web": {
          "contentFormat": "Markdown",
          "content": "Folgen Sie [diesem Leitfaden](https://docs.microsoft.com/de-de/microsoftteams/prepare-network), um das Netzwerk Ihres Unternehmens für Teams vorzubereiten und zu optimieren."
        }
      },
      "id": "38f5cf81-af39-45e2-9dd0-87d0f5058a50",
      "createdTime": "2021-04-18T17:51:20.1522382Z",
      "updatedTime": "2021-04-18T17:51:20.1522382Z",
      "createdUserId": "86360cd1-faa6-4d16-8a0c-ba3116c8a977",
      "updatedUserId": "86360cd1-faa6-4d16-8a0c-ba3116c8a977"
    },
    {
      "channelContent": {
        "web": {
          "contentFormat": "Markdown",
          "content": "Es ist wichtig, die Leistung zu optimieren, besonders wenn viele in Ihrer Organisation remote arbeiten."
        }
      },
      "id": "3454802e-993a-401b-92a0-cc0d598def09",
      "createdTime": "2021-04-18T17:52:16.464Z",
      "updatedTime": "2021-04-18T17:52:16.464Z",
      "createdUserId": "user-0",
      "updatedUserId": "user-0"
    },
    {
      "channelContent": {
        "web": {
          "contentFormat": "Markdown",
          "content": "**Für Administratoren** gibt es einen kurzen (23 min) [Kurs über die Optimierung Ihres Netzwerks auf Microsoft Learn.](https://docs.microsoft.com/de-de/learn/modules/m365-teams-rooms-optimize-network/)"
        }
      },
      "id": "fb061f65-6b23-4b5f-b50b-3fd32b647b53",
      "createdTime": "2021-04-18T17:52:37.982Z",
      "updatedTime": "2021-04-18T17:52:37.982Z",
      "createdUserId": "user-0",
      "updatedUserId": "user-0"
    }
  ]
}