<botcomponent schemaname="new_topic_05e50970caf54f2f9c8bdc4c3fc5af48">
  <componenttype>0</componenttype>
  <description>사용자가 봇으로 작업하는 Teams에 피드백을 공유할 수 있는 토픽입니다.

참고 : 안심하세요. 이 정보는 여기에 오기 전에 읽었으면하는 가이드에도 있습니다.

이 주제에는 Flow이 있습니다.

첫 번째 설정 :
Flow는 선택한 팀 및 채널에 연결되어야합니다. 여기 PVA에서 "캔버스 작성"의 흐름을 엽니 다.

그러면 기존 팀과 채널을 선택할 수있는 Power Automate가 열립니다.

제안은 "봇의 지원 팀"이라는 팀의" 사용자 피드백 💌"이라는 채널입니다. 자세한 내용은 가이드를 참조하세요.</description>
  <iscustomizable>1</iscustomizable>
  <name>피드백</name>
  <statecode>0</statecode>
  <statuscode>1</statuscode>
</botcomponent>