<botcomponent schemaname="new_topic_e81be40e915543e785e135bbe9c83814">
  <componenttype>0</componenttype>
  <description>Sie müssen den Flow "TimonAI" in diesem Thema bearbeiten. Öffnen Sie den Flow, bearbeiten Sie Ihre URL und Ihren API-Schlüssel, und wählen Sie Azure OpenAI aus, um die Magie zu aktivieren.

Folgen Sie den Anweisungen über https://aka.ms/Timon</description>
  <iscustomizable>1</iscustomizable>
  <name>AI✨ (KI✨)</name>
  <statecode>0</statecode>
  <statuscode>1</statuscode>
</botcomponent>