{
  "intents": [
    {
      "endUserOverrideName": "Conversation d'équipe",
      "triggerQueries": [
        "comment publier un message dans un canal",
        "comment écrire dans un canal",
        "Comment démarrer une conversation dans Teams?",
        "démarrer une nouvelle conversation dans un canal",
        "nouvelle conversation de canal",
        "Comment puis-je répondre à un message dans un canal?",
        "répondre ou écrire un nouveau post",
        "Créer des messages dans un canal",
        "Comment puis-je commencer à collaborer dans Teams sur un sujet?",
        "comment puis-je communiquer avec les membres de mon équipe?",
        "écrire à tous les membres de l’équipe?",
        "le but de l’onglet « messages » dans un canal?",
        "Expliquer l’onglet \"messages\"",
        "débuter une nouvelle conversation dans une équipe",
        "Comment démarrer une nouvelle conversation?",
        "Comment démarrer une nouvelle conversation dans une équipe?"
      ],
      "dialogId": "new_topic_fe63816571864c5c8d6b776b43c7af4a",
      "isTriggeringEnabled": true,
      "id": "new_topic_fe63816571864c5c8d6b776b43c7af4a",
      "displayName": "Comment démarrer une nouvelle conversation dans une équipe?",
      "description": "",
      "createdTime": "2021-01-13T22:20:51.2381463Z",
      "updatedTime": "2021-05-24T23:39:19.9682911Z",
      "createdUserId": "f04d3cd9-b73d-4ba9-a1ed-9319eba29b21",
      "updatedUserId": "a2c4aa2c-d830-41eb-bcf4-467a2c7e1279"
    }
  ],
  "dialogs": [
    {
      "rootNodeId": "d7592f80-4f8c-469b-9523-e5f68fce0cf8",
      "messageNodes": [
        {
          "botMessageId": "51d107af-dfdd-45e8-a5c8-9d2efc6316c5",
          "nodeType": "BotMessageNode",
          "id": "d7592f80-4f8c-469b-9523-e5f68fce0cf8",
          "defaultTargetNodeId": "67f7105d-b9b6-48f6-a5b4-17528a86fe94"
        },
        {
          "botMessageId": "7c5471be-6894-4afb-bfd9-0f2a9a213606",
          "nodeType": "BotMessageNode",
          "id": "67f7105d-b9b6-48f6-a5b4-17528a86fe94",
          "defaultTargetNodeId": "fdacce31-8ab9-4769-bbde-2a22914db7e3"
        },
        {
          "botMessageId": "32b27323-b59b-4aee-a355-ea95d53c1dc7",
          "nodeType": "BotMessageNode",
          "id": "c7e146f1-db5a-4f9a-a7ac-c0be992be12b",
          "defaultTargetNodeId": "5f40be33-bd91-499a-81c1-066971b38905"
        },
        {
          "botMessageId": "a903b082-d11c-46ba-a7f1-b20528d69759",
          "nodeType": "BotMessageNode",
          "id": "fdacce31-8ab9-4769-bbde-2a22914db7e3",
          "defaultTargetNodeId": "c7e146f1-db5a-4f9a-a7ac-c0be992be12b"
        }
      ],
      "dialogChangeNodes": [
        {
          "targetDialogId": "new_topic_eac3f49c99664313a9d9dc19d80a79a2_aeabea4d071f415c8c107e1cb7af5424_assumedsuccess",
          "nodeType": "DialogChangeNode",
          "id": "5f40be33-bd91-499a-81c1-066971b38905"
        }
      ],
      "id": "new_topic_fe63816571864c5c8d6b776b43c7af4a",
      "displayName": "Dialog for How do I start a conversation in a team?",
      "createdTime": "2021-01-13T22:20:51.2381463Z",
      "updatedTime": "2021-05-24T23:38:59.7282879Z",
      "createdUserId": "f04d3cd9-b73d-4ba9-a1ed-9319eba29b21",
      "updatedUserId": "a2c4aa2c-d830-41eb-bcf4-467a2c7e1279"
    }
  ],
  "botMessages": [
    {
      "channelContent": {
        "web": {
          "contentFormat": "Markdown",
          "content": "Dans chaque canal dans Teams, le tout premier onglet est « **Publications** ». Voyez cela comme une grande conversation de groupe mais en mieux.\n\nTous ceux qui ont accès à l’équipe peuvent voir les messages postés via l’onglet Publications."
        }
      },
      "id": "51d107af-dfdd-45e8-a5c8-9d2efc6316c5",
      "createdTime": "2021-01-13T22:20:51.2381463Z",
      "updatedTime": "2021-01-13T22:20:51.2381463Z",
      "createdUserId": "f04d3cd9-b73d-4ba9-a1ed-9319eba29b21",
      "updatedUserId": "f04d3cd9-b73d-4ba9-a1ed-9319eba29b21"
    },
    {
      "channelContent": {
        "web": {
          "contentFormat": "Markdown",
          "content": "Suivre ces étapes pour [envoyer un message dans un canal Teams](https://support.microsoft.com/fr-fr/office/envoyer-un-message-%c3%a0-un-canal-dans-teams-5c8131ce-eaad-4798-bc73-e33f4652a9c4?ui=fr-FR&rs=fr-FR&ad=FR):  \nTout d’abord, sélectionnez le canal dans lequel vous souhaitez écrire.\n\n*   Cliquez ensuite sur « **Répondre** » pour répondre à une conversation existante ou appuyez sur le bouton « **Nouvelle conversation** » pour en démarrer une nouvelle.\n*   Tapez votre message dans la boîte et sélectionnez **Envoyer**."
        }
      },
      "id": "7c5471be-6894-4afb-bfd9-0f2a9a213606",
      "createdTime": "2021-01-26T23:44:28.325Z",
      "updatedTime": "2021-01-26T23:44:28.325Z",
      "createdUserId": "user-0",
      "updatedUserId": "user-0"
    },
    {
      "channelContent": {
        "web": {
          "contentFormat": "Markdown",
          "content": "💡 **Astuce**: _Si vous voulez simplement parler à une personne ou à un petit groupe, vous pouvez_ [_commencer une conversation dans Teams_](https://support.microsoft.com/fr-fr/office/start-a-chat-in-teams-0c71b32b-c050-4930-a887-5afbe742b3d8?ui=en-US&rs=en-US&ad=US)_._"
        }
      },
      "id": "32b27323-b59b-4aee-a355-ea95d53c1dc7",
      "createdTime": "2021-01-26T23:45:32.885Z",
      "updatedTime": "2021-01-26T23:45:32.885Z",
      "createdUserId": "user-0",
      "updatedUserId": "user-0"
    },
    {
      "channelContent": {
        "web": {
          "contentFormat": "Markdown",
          "content": "Voila! Votre message est maintenant publié dans le canal 👍"
        }
      },
      "id": "a903b082-d11c-46ba-a7f1-b20528d69759",
      "createdTime": "2021-01-26T23:51:05.738Z",
      "updatedTime": "2021-01-26T23:51:05.738Z",
      "createdUserId": "user-0",
      "updatedUserId": "user-0"
    }
  ],
  "createdUtc": "0001-01-01T00:00:00Z"
}