{
  "intents": [
    {
      "triggerQueries": [
        "Kan jeg endre innstillingen om hvem som kan vente i lobbyen?",
        "Kan jeg endre innstillingen om hvem som kan omgå lobbyen?",
        "Kan eksterne omgå lobbyen?",
        "Kan gjester omgå lobbyen?",
        "Kan eksterne vente i lobbyen i et møte?",
        "Kan gjester vente i lobbyen i et møte?",
        "Kan all omgå lobbyen?",
        "Kan jeg velge hvem som kan vente i lobbyen i et møte?",
        "Velg hvem som kan omgå lobbyen"
      ],
      "dialogId": "new_topic_9e9d942dbbd548cb9256fcc9528aaa4d",
      "isTriggeringEnabled": true,
      "id": "new_topic_9e9d942dbbd548cb9256fcc9528aaa4d",
      "displayName": "Velg hvem som kan omgå lobbyen",
      "description": "",
      "createdTime": "2021-04-10T07:16:06.0855509Z",
      "updatedTime": "2021-04-10T07:16:06.0855509Z",
      "createdUserId": "ef0c8b9a-eff1-49f8-92fa-fd1d3e15e1ba"
    }
  ],
  "dialogs": [
    {
      "rootNodeId": "a7b4d726-f151-4c85-8e04-a7abc0aec971",
      "messageNodes": [
        {
          "botMessageId": "15bc4dfb-c910-440a-b960-ee886cb35683",
          "nodeType": "BotMessageNode",
          "id": "a7b4d726-f151-4c85-8e04-a7abc0aec971",
          "defaultTargetNodeId": "b09ddc92-0580-45f3-af73-60d4bc0d3ac4"
        },
        {
          "botMessageId": "d0116ab0-45e6-4a94-956f-17ab1be26cbb",
          "nodeType": "BotMessageNode",
          "id": "b09ddc92-0580-45f3-af73-60d4bc0d3ac4",
          "defaultTargetNodeId": "ec1b159c-2ddb-497b-8e0e-b4a2c1a7117c"
        },
        {
          "botMessageId": "17c77a1e-fd7c-4ec2-9b7f-2e1f9035f863",
          "nodeType": "BotMessageNode",
          "id": "ec1b159c-2ddb-497b-8e0e-b4a2c1a7117c",
          "defaultTargetNodeId": "eabda0b1-50a8-4692-8c15-e0dc37df4481"
        }
      ],
      "dialogChangeNodes": [
        {
          "targetDialogId": "new_topic_89c49d37fd4c4c1c9144396960733ce1_aeabea4d071f415c8c107e1cb7af5424_assumedsuccess",
          "nodeType": "DialogChangeNode",
          "id": "eabda0b1-50a8-4692-8c15-e0dc37df4481"
        }
      ],
      "id": "new_topic_9e9d942dbbd548cb9256fcc9528aaa4d",
      "displayName": "Dialog for Velg hvem som kan omgå lobbyen",
      "createdTime": "2021-04-10T07:16:06.0855509Z",
      "updatedTime": "2021-04-10T07:17:06.973672Z",
      "createdUserId": "ef0c8b9a-eff1-49f8-92fa-fd1d3e15e1ba",
      "updatedUserId": "ef0c8b9a-eff1-49f8-92fa-fd1d3e15e1ba"
    }
  ],
  "botMessages": [
    {
      "channelContent": {
        "web": {
          "contentFormat": "Markdown",
          "content": "Som møtearrangør får du bestemme hvem som slipper direkte inn på møter, og hvem som skal vente i lobbyen på at noen slipper dem inn."
        }
      },
      "id": "15bc4dfb-c910-440a-b960-ee886cb35683",
      "createdTime": "2021-04-10T07:16:06.0855509Z",
      "updatedTime": "2021-04-10T07:16:06.0855509Z",
      "createdUserId": "ef0c8b9a-eff1-49f8-92fa-fd1d3e15e1ba",
      "updatedUserId": "ef0c8b9a-eff1-49f8-92fa-fd1d3e15e1ba"
    },
    {
      "channelContent": {
        "web": {
          "contentFormat": "Markdown",
          "content": "Hvis du velger å la personer vente, vil du og alle andre som har tillatelse til å slippe inn personer se en liste over personer i lobbyen. Derfra kan du velge om du vil slippe inn eller avvise dem."
        }
      },
      "id": "d0116ab0-45e6-4a94-956f-17ab1be26cbb",
      "createdTime": "2021-04-10T07:16:16.728Z",
      "updatedTime": "2021-04-10T07:16:16.728Z",
      "createdUserId": "user-0",
      "updatedUserId": "user-0"
    },
    {
      "channelContent": {
        "web": {
          "contentFormat": "Markdown",
          "content": "Her er alternativene for hvem som kan omgå lobbyen:\n\n*   **Bare deg** - som møtearrangør er det bare du som kan gå rett inn i møtet. Alle andre venter i lobbyen. Anbefales når du vil at alle skal vente i lobbyen til du er klar til å slippe dem inn.\n*   **Personer i organisasjonen og gjester** \\- bare personer i organisasjonen og gjester inkludert de som har andre e-postdomener enn ditt kan gå direkte til møtet. Anbefales når du vil at alle eksterne personer (alle utenfor organisasjonen) skal vente i lobbyen, slik at du kan godkjenne dem enkeltvis.\n*   **Personer i organisasjonen, klarerte organisasjoner og gjester** \\- bare personer i egen organisasjonen, eksterne deltakere fra klarerte organisasjoner og gjester kan komme direkte inn i møtene dine. Anbefales når du vil at noen eksterne personer skal vente i lobbyen, slik at du kan godkjenne dem enkeltvis.\n*   **Alle** \\- alle som har tilgang til møtekoblingen kommer direkte inn i møtet, inkludert personer som ringer inn. Anbefales når du ikke vil at noen skal vente i lobbyen. Du vil at alle skal kunne bli med i møtet uten spesifikk godkjenning."
        }
      },
      "id": "17c77a1e-fd7c-4ec2-9b7f-2e1f9035f863",
      "createdTime": "2021-04-10T07:16:26.697Z",
      "updatedTime": "2021-04-10T07:16:26.697Z",
      "createdUserId": "user-0",
      "updatedUserId": "user-0"
    }
  ],
  "createdUtc": "0001-01-01T00:00:00Z"
}