{
  "intents": [
    {
      "endUserOverrideName": "Team of kanaal herstellen",
      "triggerQueries": [
        "Mijn team is weg",
        "Kan ik een verwijderd team terug halen?",
        "Kan ik een verwijderd team herstellen?",
        "Kan ik een verwijderd kanaal herstellen?",
        "verwijderd team terughalen",
        "Team verwijderd terughalen",
        "Kan ik een verwijderd team of kanaal herstellen?"
      ],
      "dialogId": "new_topic_eebd9b845a72468db74102a92ac799bc",
      "isTriggeringEnabled": true,
      "id": "new_topic_eebd9b845a72468db74102a92ac799bc",
      "displayName": "Kan ik een verwijderd team of kanaal herstellen?",
      "description": "",
      "createdTime": "2021-03-22T08:21:01.4500345Z",
      "updatedTime": "2021-03-22T08:22:14.7360846Z",
      "createdUserId": "c1e90dc0-1df0-459d-8164-0dcb7915deaf"
    }
  ],
  "dialogs": [
    {
      "rootNodeId": "d6e6b654-df40-4787-a103-14fefd4ecaa1",
      "messageNodes": [
        {
          "botMessageId": "5e98f9ec-fadf-459d-a7d2-1bb1981458ac",
          "nodeType": "BotMessageNode",
          "id": "d6e6b654-df40-4787-a103-14fefd4ecaa1",
          "defaultTargetNodeId": "96d6883c-ba4b-4175-9a77-c6928159254f"
        },
        {
          "botMessageId": "3153e4dd-8a4a-4edd-aba9-8aa4c15fdeb6",
          "nodeType": "BotMessageNode",
          "id": "96d6883c-ba4b-4175-9a77-c6928159254f",
          "defaultTargetNodeId": "a2891fd3-9307-4c97-be6d-56172a055850"
        }
      ],
      "dialogChangeNodes": [
        {
          "targetDialogId": "new_topic_9d295c394a47419da3b4d205b7ed4c20_aeabea4d071f415c8c107e1cb7af5424_assumedsuccess",
          "nodeType": "DialogChangeNode",
          "id": "a2891fd3-9307-4c97-be6d-56172a055850"
        }
      ],
      "id": "new_topic_eebd9b845a72468db74102a92ac799bc",
      "displayName": "Dialog for Kan ik een verwijderd team of kanaal herstellen?",
      "createdTime": "2021-03-22T08:21:01.4500345Z",
      "updatedTime": "2021-03-29T21:34:14.69851Z",
      "createdUserId": "c1e90dc0-1df0-459d-8164-0dcb7915deaf",
      "updatedUserId": "c1e90dc0-1df0-459d-8164-0dcb7915deaf"
    }
  ],
  "botMessages": [
    {
      "channelContent": {
        "web": {
          "contentFormat": "Markdown",
          "content": "1.  Als u een verwijderd kanaal wilt herstellen, gaat u naar de teamnaam en klikt u op **Meer opties** (3 puntjes) en klikt u vervolgens op Team **beheren**.\n2.  Ga naar het tabblad **Kanalen.**\n3.  Zoek het kanaal in de sectie **Verwijderd** en klik op **Herstellen**.\n4.  Alle kanaalgesprekken, bestanden en tabbladen worden hersteld."
        }
      },
      "id": "5e98f9ec-fadf-459d-a7d2-1bb1981458ac",
      "createdTime": "2021-03-22T08:21:01.4500345Z",
      "updatedTime": "2021-03-22T08:21:01.4500345Z",
      "createdUserId": "c1e90dc0-1df0-459d-8164-0dcb7915deaf",
      "updatedUserId": "c1e90dc0-1df0-459d-8164-0dcb7915deaf"
    },
    {
      "channelContent": {
        "web": {
          "contentFormat": "Markdown",
          "content": "Als u een verwijderd team wilt herstellen, gaat u in gesprek met uw IT-beheerder. Je [deze blogpost](https://www.thewindowsclub.com/how-to-restore-deleted-teams-and-channels-in-microsoft-teams) delen als ze instructies nodig hebben."
        }
      },
      "id": "3153e4dd-8a4a-4edd-aba9-8aa4c15fdeb6",
      "createdTime": "2021-03-22T08:21:34.875Z",
      "updatedTime": "2021-03-22T08:21:34.875Z",
      "createdUserId": "user-0",
      "updatedUserId": "user-0"
    }
  ],
  "createdUtc": "0001-01-01T00:00:00Z"
}