{
  "intents": [
    {
      "endUserOverrideName": "Afficher et suivre un canal",
      "triggerQueries": [
        "Quelles sont les étapes pour afficher un canal ?",
        "comment afficher un canal?",
        "comment suivre un canal ?",
        "Recevoir des mises à jour d'un canal ?",
        "Recevoir des mises à jour d'un canal !",
        "peut-on suivre un canal ?",
        "suivre différents canaux?",
        "Afficher uniquement certains canaux ?",
        "Où est la possibilité de voir un canal ?",
        "Comment afficher ou suivre un canal ?"
      ],
      "dialogId": "new_topic_3154323cde184e1a9378b71876da8907",
      "isTriggeringEnabled": true,
      "id": "new_topic_3154323cde184e1a9378b71876da8907",
      "displayName": "Comment afficher ou suivre un canal ?",
      "description": "",
      "createdTime": "2021-01-13T22:20:51.2381463Z",
      "updatedTime": "2021-05-24T23:25:25.0192661Z",
      "createdUserId": "f04d3cd9-b73d-4ba9-a1ed-9319eba29b21",
      "updatedUserId": "a2c4aa2c-d830-41eb-bcf4-467a2c7e1279"
    }
  ],
  "dialogs": [
    {
      "rootNodeId": "0963c908-b85b-4f2d-8983-957c9417a036",
      "messageNodes": [
        {
          "botMessageId": "8b99f818-19ec-45d0-a536-3f33a8bd1e92",
          "nodeType": "BotMessageNode",
          "id": "0963c908-b85b-4f2d-8983-957c9417a036",
          "defaultTargetNodeId": "94e1ae74-2d57-48e9-ae34-23f8fc719cb4"
        },
        {
          "botMessageId": "3d41f69b-67d5-4acb-a979-3f27aaef2b47",
          "nodeType": "BotMessageNode",
          "id": "94e1ae74-2d57-48e9-ae34-23f8fc719cb4",
          "defaultTargetNodeId": "218ffffd-ad52-4d2e-9e78-827cacf56f27"
        }
      ],
      "dialogChangeNodes": [
        {
          "targetDialogId": "new_topic_eac3f49c99664313a9d9dc19d80a79a2_aeabea4d071f415c8c107e1cb7af5424_assumedsuccess",
          "nodeType": "DialogChangeNode",
          "id": "218ffffd-ad52-4d2e-9e78-827cacf56f27"
        }
      ],
      "id": "new_topic_3154323cde184e1a9378b71876da8907",
      "displayName": "Dialog for How do I view or follow a channel?",
      "createdTime": "2021-01-13T22:20:51.2381463Z",
      "updatedTime": "2021-05-24T23:24:43.9550614Z",
      "createdUserId": "f04d3cd9-b73d-4ba9-a1ed-9319eba29b21",
      "updatedUserId": "a2c4aa2c-d830-41eb-bcf4-467a2c7e1279"
    }
  ],
  "botMessages": [
    {
      "channelContent": {
        "web": {
          "contentFormat": "Markdown",
          "content": "Sur le nom d'un canal, sélectionner \"**Plus d'options (...)\"** puis sur **Epingler** pour l'afficher dans la liste des \"**Epinglées**\"."
        }
      },
      "id": "8b99f818-19ec-45d0-a536-3f33a8bd1e92",
      "createdTime": "2021-01-13T22:20:51.2381463Z",
      "updatedTime": "2021-01-13T22:20:51.2381463Z",
      "createdUserId": "f04d3cd9-b73d-4ba9-a1ed-9319eba29b21",
      "updatedUserId": "f04d3cd9-b73d-4ba9-a1ed-9319eba29b21"
    },
    {
      "channelContent": {
        "web": {
          "contentFormat": "Markdown",
          "content": "Vous pouvez aussi définir les **notifications du canal** que vous souhaitez recevoir en fonction de l'activité que vous voulez suivre."
        }
      },
      "id": "3d41f69b-67d5-4acb-a979-3f27aaef2b47",
      "createdTime": "2021-05-24T23:23:09.814Z",
      "updatedTime": "2021-05-24T23:23:09.814Z",
      "createdUserId": "user-0",
      "updatedUserId": "user-0"
    }
  ],
  "createdUtc": "0001-01-01T00:00:00Z"
}