{
  "intents": [
    {
      "endUserOverrideName": "Ändra teamets bild?",
      "triggerQueries": [
        "Byta bild på teamet",
        "hur byter jag teambild?",
        "hur laddar jag upp en bild för teamet?",
        "ändra foto på teamet",
        "byt ut teamet bild",
        "byt visningsbild",
        "Ändra bild på teamet",
        "Ändra teamets bild?",
        "Hur ändrar jag bilden för mitt Team?",
        "Jag vill ändra visningsbilden i mitt Team?"
      ],
      "dialogId": "new_topic_390a5fc136654f0e9c584a99d42866bd",
      "isTriggeringEnabled": true,
      "id": "new_topic_390a5fc136654f0e9c584a99d42866bd",
      "displayName": "Hur ändrar jag bilden för mitt Team?",
      "description": "",
      "createdTime": "2020-11-24T14:37:53.8220925Z",
      "updatedTime": "2020-12-11T14:27:46.3246996Z",
      "createdUserId": "f04d3cd9-b73d-4ba9-a1ed-9319eba29b21",
      "updatedUserId": "f04d3cd9-b73d-4ba9-a1ed-9319eba29b21"
    }
  ],
  "dialogs": [
    {
      "rootNodeId": "883784c4-3e1b-487e-832b-f186f31f325d",
      "messageNodes": [
        {
          "botMessageId": "4465d501-43a8-4858-b9b3-36c2f7a8610a",
          "nodeType": "BotMessageNode",
          "id": "883784c4-3e1b-487e-832b-f186f31f325d",
          "defaultTargetNodeId": "87d75a82-b1fd-4504-b037-af1d693dd8f0"
        }
      ],
      "dialogChangeNodes": [
        {
          "targetDialogId": "new_topic_84ec227c19784e7ba25cb34f4638f91e_aeabea4d071f415c8c107e1cb7af5424_assumedsuccess",
          "nodeType": "DialogChangeNode",
          "id": "87d75a82-b1fd-4504-b037-af1d693dd8f0"
        }
      ],
      "id": "new_topic_390a5fc136654f0e9c584a99d42866bd",
      "displayName": "Dialog for Jag vill ändra visningsbilden i mitt Team?",
      "createdTime": "2020-11-24T14:37:53.8220925Z",
      "updatedTime": "2020-11-24T14:37:53.8220925Z",
      "createdUserId": "f04d3cd9-b73d-4ba9-a1ed-9319eba29b21",
      "updatedUserId": "f04d3cd9-b73d-4ba9-a1ed-9319eba29b21"
    }
  ],
  "botMessages": [
    {
      "channelContent": {
        "web": {
          "contentFormat": "Markdown",
          "content": "Gå till teamets namn och klicka på Fler alternativ &gt; Hantera team. Klicka på Gruppbild &gt; Ändra bild i fliken Inställningar"
        }
      },
      "id": "4465d501-43a8-4858-b9b3-36c2f7a8610a",
      "createdTime": "2020-11-24T14:37:53.8220925Z",
      "updatedTime": "2020-11-24T14:37:53.8220925Z",
      "createdUserId": "f04d3cd9-b73d-4ba9-a1ed-9319eba29b21",
      "updatedUserId": "f04d3cd9-b73d-4ba9-a1ed-9319eba29b21"
    }
  ]
}