{
  "intents": [
    {
      "endUserOverrideName": "Teams 檔案上傳限制",
      "triggerQueries": [
        "how large can a file in Teams be?",
        "File size limits in Microsoft Teams?",
        "File upload limit in Teams",
        "Any restrictions for files in Teams?",
        "Size of files in teams?",
        "How big files can I upload in Teams",
        "How big can a file be?",
        "What is the max file size?",
        "How big files can Teams handle?",
        "How large files can I save in Teams?",
        "filtering for file size",
        "can teams handle large files?",
        "how large files can I upload?",
        "Teams文件大小限制",
        "Teams儲存文件大小",
        "Tema文件限制",
        "Teams文件大小",
        "文件大小",
        "一個檔案在Teams中可以多大",
        "一個檔案在Teams中可以多大",
        "Teams檔案大小限制",
        "Teams檔案上傳上限",
        "Teams檔案規範",
        "Teams檔案大小？",
        "我可以傳多大的檔案",
        "一個檔案可以多大？",
        "最大的檔案尺寸？",
        "Teams可以儲存多大的檔案",
        "我可以存多大的檔案到Teams",
        "篩選檔案大小",
        "Teams可以處理大檔案嗎",
        "我可以上傳多大的檔案",
        "Teams有檔案儲存限制嗎"
      ],
      "dialogId": "new_topic_3b4815b6d5214879bb1c97da772de878",
      "isTriggeringEnabled": true,
      "id": "new_topic_3b4815b6d5214879bb1c97da772de878",
      "displayName": "Teams儲存文件的限制",
      "description": "https://adoptbotv2kb.blob.core.windows.net/%24web/AdoptBot2021-English.docx",
      "createdTime": "2021-11-17T07:06:25.4176587Z",
      "updatedTime": "2021-11-17T07:07:06.0429782Z",
      "createdUserId": "9c968d43-f7c2-4e28-895c-1f6bcefcd8be",
      "updatedUserId": "9c968d43-f7c2-4e28-895c-1f6bcefcd8be"
    }
  ],
  "dialogs": [
    {
      "rootNodeId": "b24c6277-def3-4c9d-8b62-06758ff3fd21",
      "messageNodes": [
        {
          "botMessageId": "ede76fd0-fe8c-4526-a180-9dec5ca6c9b9",
          "nodeType": "BotMessageNode",
          "id": "b24c6277-def3-4c9d-8b62-06758ff3fd21",
          "defaultTargetNodeId": "7a6cba0d-44fc-494e-934a-63e1883466dd"
        },
        {
          "botMessageId": "5c273c5b-ed80-4766-9fc0-8e1eeffb4d3f",
          "nodeType": "BotMessageNode",
          "id": "7a6cba0d-44fc-494e-934a-63e1883466dd",
          "defaultTargetNodeId": "04555dd3-3449-46d8-9f41-a03e131e1035"
        },
        {
          "botMessageId": "c7af92db-4d89-41c0-b1bc-665d6e058648",
          "nodeType": "BotMessageNode",
          "id": "04555dd3-3449-46d8-9f41-a03e131e1035",
          "defaultTargetNodeId": "9a870e26-b40b-41e8-af18-854337b8d749"
        }
      ],
      "dialogChangeNodes": [
        {
          "targetDialogId": "new_topic_e2d1671328b941dbb60fa7150059b1ee_aeabea4d071f415c8c107e1cb7af5424_assumedsuccess",
          "nodeType": "DialogChangeNode",
          "id": "9a870e26-b40b-41e8-af18-854337b8d749"
        }
      ],
      "id": "new_topic_3b4815b6d5214879bb1c97da772de878",
      "displayName": "Dialog for Teams儲存文件的限制",
      "createdTime": "2021-11-17T07:06:25.4176587Z",
      "updatedTime": "2021-11-17T07:07:06.0429782Z",
      "createdUserId": "9c968d43-f7c2-4e28-895c-1f6bcefcd8be",
      "updatedUserId": "9c968d43-f7c2-4e28-895c-1f6bcefcd8be"
    }
  ],
  "botMessages": [
    {
      "channelContent": {
        "web": {
          "contentFormat": "Markdown",
          "content": "目前[檔案最大限制](https://docs.microsoft.com/zh-tw/microsoftteams/limits-specifications-teams#storage)是100GB(2021年)\n\n💡 請隨時檢查更新資訊"
        }
      },
      "id": "ede76fd0-fe8c-4526-a180-9dec5ca6c9b9",
      "createdTime": "2021-11-17T07:06:25.4176587Z",
      "updatedTime": "2021-11-17T07:06:25.4176587Z",
      "createdUserId": "9c968d43-f7c2-4e28-895c-1f6bcefcd8be",
      "updatedUserId": "9c968d43-f7c2-4e28-895c-1f6bcefcd8be"
    },
    {
      "channelContent": {
        "web": {
          "contentFormat": "Markdown",
          "content": "因為 Teams 是由 SharePoint 作後台支援，SharePoint 的限制也將適用於 Teams 的檔案。"
        }
      },
      "id": "5c273c5b-ed80-4766-9fc0-8e1eeffb4d3f",
      "createdTime": "2021-11-17T07:06:46.103Z",
      "updatedTime": "2021-11-17T07:06:46.103Z",
      "createdUserId": "user-0",
      "updatedUserId": "user-0"
    },
    {
      "channelContent": {
        "web": {
          "contentFormat": "Markdown",
          "content": "2021 年起，檔案大小限制將會提升至每個檔案 [250 GB](https://www.microsoft.com/en-us/microsoft-365/roadmap?filters=&searchterms=250%2CGB)。"
        }
      },
      "id": "c7af92db-4d89-41c0-b1bc-665d6e058648",
      "createdTime": "2021-11-17T07:06:50.912Z",
      "updatedTime": "2021-11-17T07:06:50.912Z",
      "createdUserId": "user-0",
      "updatedUserId": "user-0"
    }
  ]
}