{
  "intents": [
    {
      "triggerQueries": [
        "Kan eksterne sende epost til en Teams kanal?",
        "Kan jeg sende en epost direkte til en kanal i Teams?",
        "Send epost til en kanal",
        "Kopier epost til en kanal",
        "epost til en kanal",
        "Hent epost til en kanal",
        "Hent, kopier og send en e-post til en kanal"
      ],
      "dialogId": "new_topic_37b44d6d3663474f9542034b5b4cc66a",
      "isTriggeringEnabled": true,
      "id": "new_topic_37b44d6d3663474f9542034b5b4cc66a",
      "displayName": "Hent, kopier og send en e-post til en kanal",
      "description": "https://norwegianteams.blob.core.windows.net/norwegian-container/TIMA QA P19.docx",
      "createdTime": "2021-03-24T20:09:21.5452642Z",
      "updatedTime": "2021-04-06T18:09:19.472958Z",
      "createdUserId": "ef0c8b9a-eff1-49f8-92fa-fd1d3e15e1ba",
      "updatedUserId": "ef0c8b9a-eff1-49f8-92fa-fd1d3e15e1ba"
    }
  ],
  "dialogs": [
    {
      "rootNodeId": "2e6e0379-2499-424f-8b6c-1d806b9d97b4",
      "messageNodes": [
        {
          "botMessageId": "0d0614c1-02fb-495c-a0f8-59cced6d3e13",
          "nodeType": "BotMessageNode",
          "id": "2e6e0379-2499-424f-8b6c-1d806b9d97b4",
          "defaultTargetNodeId": "5ea6596b-d534-4b56-8ad0-1ade1b33bc45"
        },
        {
          "botMessageId": "82595918-b643-4d3c-8336-d34287369809",
          "nodeType": "BotMessageNode",
          "id": "5ea6596b-d534-4b56-8ad0-1ade1b33bc45",
          "defaultTargetNodeId": "f48a4490-d440-4940-83da-dbca41be7b8a"
        }
      ],
      "dialogChangeNodes": [
        {
          "targetDialogId": "new_topic_89c49d37fd4c4c1c9144396960733ce1_aeabea4d071f415c8c107e1cb7af5424_assumedsuccess",
          "nodeType": "DialogChangeNode",
          "id": "f48a4490-d440-4940-83da-dbca41be7b8a"
        }
      ],
      "id": "new_topic_37b44d6d3663474f9542034b5b4cc66a",
      "displayName": "Dialog for Hent, kopier og send en e-post til en kanal",
      "createdTime": "2021-03-24T20:09:21.5452642Z",
      "updatedTime": "2021-04-06T18:09:00.9662807Z",
      "createdUserId": "ef0c8b9a-eff1-49f8-92fa-fd1d3e15e1ba",
      "updatedUserId": "ef0c8b9a-eff1-49f8-92fa-fd1d3e15e1ba"
    }
  ],
  "botMessages": [
    {
      "channelContent": {
        "web": {
          "contentFormat": "Markdown",
          "content": "Hver kanal har en e-postadresse, og du [kan sende e-post direkte til en Teams kanal](https://support.microsoft.com/nb-no/office/skicka-e-post-till-en-kanal-i-teams-d91db004-d9d7-4a47-82e6-fb1b16dfd51e?ui=nb-no&rs=nb-no&ad=se)."
        }
      },
      "id": "0d0614c1-02fb-495c-a0f8-59cced6d3e13",
      "createdTime": "2021-03-24T20:09:21.5452642Z",
      "updatedTime": "2021-03-24T20:09:21.5452642Z",
      "createdUserId": "ef0c8b9a-eff1-49f8-92fa-fd1d3e15e1ba",
      "updatedUserId": "ef0c8b9a-eff1-49f8-92fa-fd1d3e15e1ba"
    },
    {
      "channelContent": {
        "web": {
          "contentFormat": "Markdown",
          "content": "For å få eposten til en kanal:\n\n1.  Velg **Flere alternativer…** > **Få e-postadresse**.\n2.  Velg **Kopier**.\n3.  Lim inn den kopierte e-postadressen i en ny e-post.\n4.  Velg **Send**."
        }
      },
      "id": "82595918-b643-4d3c-8336-d34287369809",
      "createdTime": "2021-04-06T18:08:16.967Z",
      "updatedTime": "2021-04-06T18:08:16.967Z",
      "createdUserId": "user-0",
      "updatedUserId": "user-0"
    }
  ],
  "createdUtc": "0001-01-01T00:00:00Z"
}