{
  "intents": [
    {
      "endUserOverrideName": "Apps in Teams",
      "triggerQueries": [
        "welke tools koppelen aan teams",
        "welke apps kan ik toevoegen aan teams",
        "app toevoegen in Teams",
        "Apps in teams",
        "Wat zijn apps in teams"
      ],
      "dialogId": "new_topic_d862a747873b4cf591b561649200d2e7",
      "isTriggeringEnabled": true,
      "id": "new_topic_d862a747873b4cf591b561649200d2e7",
      "displayName": "Wat zijn apps in Teams en waarom zou ik ze gebruiken?",
      "description": "",
      "createdTime": "2021-03-17T14:12:32.9016912Z",
      "updatedTime": "2021-03-29T22:58:14.6877704Z",
      "createdUserId": "c1e90dc0-1df0-459d-8164-0dcb7915deaf",
      "updatedUserId": "c1e90dc0-1df0-459d-8164-0dcb7915deaf"
    }
  ],
  "dialogs": [
    {
      "rootNodeId": "1ad7d12e-516f-47b2-9516-9302b5e0ac14",
      "messageNodes": [
        {
          "botMessageId": "f00f90a2-4b2d-4513-b31b-8233cd0c346a",
          "nodeType": "BotMessageNode",
          "id": "1ad7d12e-516f-47b2-9516-9302b5e0ac14",
          "defaultTargetNodeId": "de586b6a-07c6-48f1-8f50-5f88a3002ed6"
        },
        {
          "botMessageId": "190bbe08-03d6-4af6-aa65-137788ea8882",
          "nodeType": "BotMessageNode",
          "id": "6c72a709-4c2b-400f-8b29-a33843a65dbc",
          "defaultTargetNodeId": "b207d073-62bb-461d-b874-313e45d098e5"
        },
        {
          "botMessageId": "76319e4e-6637-488c-9795-9fdb12b0d075",
          "nodeType": "BotMessageNode",
          "id": "de586b6a-07c6-48f1-8f50-5f88a3002ed6",
          "defaultTargetNodeId": "6c72a709-4c2b-400f-8b29-a33843a65dbc"
        }
      ],
      "dialogChangeNodes": [
        {
          "targetDialogId": "new_topic_9d295c394a47419da3b4d205b7ed4c20_aeabea4d071f415c8c107e1cb7af5424_assumedsuccess",
          "nodeType": "DialogChangeNode",
          "id": "b207d073-62bb-461d-b874-313e45d098e5"
        }
      ],
      "id": "new_topic_d862a747873b4cf591b561649200d2e7",
      "displayName": "Dialog for Wat zijn apps in Teams en waarom zou ik ze gebruiken?",
      "createdTime": "2021-03-17T14:12:32.9016912Z",
      "updatedTime": "2021-03-29T22:57:56.6331556Z",
      "createdUserId": "c1e90dc0-1df0-459d-8164-0dcb7915deaf",
      "updatedUserId": "c1e90dc0-1df0-459d-8164-0dcb7915deaf"
    }
  ],
  "botMessages": [
    {
      "channelContent": {
        "web": {
          "contentFormat": "Markdown",
          "content": "Het kan zijn dat uw organisatie het niet toestaat om apps te integreren met Teams. Check dit bij uw eigen IT organisatie."
        }
      },
      "id": "f00f90a2-4b2d-4513-b31b-8233cd0c346a",
      "createdTime": "2021-03-17T14:12:32.9016912Z",
      "updatedTime": "2021-03-17T14:12:32.9016912Z",
      "createdUserId": "c1e90dc0-1df0-459d-8164-0dcb7915deaf",
      "updatedUserId": "c1e90dc0-1df0-459d-8164-0dcb7915deaf"
    },
    {
      "channelContent": {
        "web": {
          "contentFormat": "Markdown",
          "content": "Je kunt integraties maken met Microsoft apps, bots en third party apps zoals Trello, Miro, Workday, Mindmeister, Scrumgenius en nog veel meer. Vraag het na bij IT."
        }
      },
      "id": "190bbe08-03d6-4af6-aa65-137788ea8882",
      "createdTime": "2021-03-17T14:13:08.923Z",
      "updatedTime": "2021-03-17T14:13:08.923Z",
      "createdUserId": "user-0",
      "updatedUserId": "user-0"
    },
    {
      "channelContent": {
        "web": {
          "contentFormat": "Markdown",
          "content": "[Zakelijke apps – Microsoft AppSource](https://appsource.microsoft.com/nl-NL/marketplace/apps?product=teams)"
        }
      },
      "id": "76319e4e-6637-488c-9795-9fdb12b0d075",
      "createdTime": "2021-03-29T22:57:53.805Z",
      "updatedTime": "2021-03-29T22:57:53.805Z",
      "createdUserId": "user-0",
      "updatedUserId": "user-0"
    }
  ],
  "createdUtc": "0001-01-01T00:00:00Z"
}