{
  "intents": [
    {
      "triggerQueries": [
        "come si usa la barra di ricerca?",
        "utilizzare la ricerca in Squadre",
        "utilizzare i filtri di ricerca in Teams",
        "ricerca in Teams",
        "Come faccio a cercare i teams?",
        "Come posso cercare in modo efficace in Teams?",
        "Puoi darmi consigli sulla ricerca?",
        "Come funziona la ricerca?",
        "Come funzionano la ricerca e i filtri?",
        "Come posso effettuare una ricerca in Teams?"
      ],
      "dialogId": "new_topic_644282940acf44b1aa7b8d9631b3f20e",
      "isTriggeringEnabled": true,
      "id": "new_topic_644282940acf44b1aa7b8d9631b3f20e",
      "displayName": "Come posso effettuare una ricerca in Teams?",
      "createdTime": "2022-04-26T19:46:34.9142855Z",
      "updatedTime": "2022-04-26T19:46:34.9142855Z",
      "createdUserId": "9451fc51-e00d-4445-8ff9-efb70866dc3b",
      "updatedUserId": "9451fc51-e00d-4445-8ff9-efb70866dc3b"
    }
  ],
  "dialogs": [
    {
      "rootNodeId": "492671b2-d4ad-4c6e-bf68-9f9874b5518e",
      "messageNodes": [
        {
          "botMessageId": "833913ac-a0db-4981-bd3d-c604f1bc2e3e",
          "nodeType": "BotMessageNode",
          "id": "492671b2-d4ad-4c6e-bf68-9f9874b5518e",
          "defaultTargetNodeId": "1add75c3-ef0f-452e-aace-0e3535dd16f6"
        },
        {
          "botMessageId": "40f9a0e0-181e-4a52-bb60-7e208a6282c7",
          "nodeType": "BotMessageNode",
          "id": "1add75c3-ef0f-452e-aace-0e3535dd16f6",
          "defaultTargetNodeId": "1aeb7be7-c011-4c98-8044-16d29bb60411"
        },
        {
          "botMessageId": "1490a0fc-79cb-4fc8-8b2b-c26e689d6311",
          "nodeType": "BotMessageNode",
          "id": "1aeb7be7-c011-4c98-8044-16d29bb60411",
          "defaultTargetNodeId": "35bbc9f9-e680-4acf-8578-6e9787f57910"
        },
        {
          "botMessageId": "35a0ebbc-4fd5-4993-8b26-c92f541fb916",
          "nodeType": "BotMessageNode",
          "id": "35bbc9f9-e680-4acf-8578-6e9787f57910",
          "defaultTargetNodeId": "3cefd5bb-9910-4554-9851-223def6d1fa9"
        },
        {
          "botMessageId": "9339f2ac-9744-46ef-bca1-c397aaa56da1",
          "nodeType": "BotMessageNode",
          "id": "3cefd5bb-9910-4554-9851-223def6d1fa9",
          "defaultTargetNodeId": "fe4f732f-91ec-4e9e-8b75-5e1f68e9a4df"
        }
      ],
      "dialogChangeNodes": [
        {
          "targetDialogId": "new_topic_f98a24608ee04cb998de3e3e32703d5b_aeabea4d071f415c8c107e1cb7af5424_assumedsuccess",
          "nodeType": "DialogChangeNode",
          "id": "fe4f732f-91ec-4e9e-8b75-5e1f68e9a4df"
        }
      ],
      "id": "new_topic_644282940acf44b1aa7b8d9631b3f20e",
      "displayName": "Senza titolo",
      "createdTime": "2022-04-26T19:46:34.9142855Z",
      "updatedTime": "2022-04-26T19:46:34.9142855Z",
      "createdUserId": "9451fc51-e00d-4445-8ff9-efb70866dc3b",
      "updatedUserId": "9451fc51-e00d-4445-8ff9-efb70866dc3b"
    }
  ],
  "botMessages": [
    {
      "channelContent": {
        "web": {
          "contentFormat": "Markdown",
          "content": "[Ricerca di messaggi e altro in Teams](https://support.microsoft.com/it-it/office/cercare-messaggi-e-altro-in-teams-4a351520-33f4-42ab-a5ee-5fc0ab88b263)"
        }
      },
      "id": "833913ac-a0db-4981-bd3d-c604f1bc2e3e",
      "createdTime": "2022-04-26T19:33:31.021Z",
      "updatedTime": "2022-04-26T19:33:31.021Z"
    },
    {
      "channelContent": {
        "web": {
          "contentFormat": "Markdown",
          "content": "**Da un computer** 💻\n\nAvvia una ricerca dalla casella di ricerca nella parte superiore dell'app. Quando digiti una parola o un nome, Teams inizierà a mostrare i suggerimenti.\n\nFai clic su uno dei suggerimenti o premi Invio per ottenere un elenco completo dei risultati.\n\n_È possibile filtrare i risultati._"
        }
      },
      "id": "40f9a0e0-181e-4a52-bb60-7e208a6282c7",
      "createdTime": "2022-04-26T19:40:05.357Z",
      "updatedTime": "2022-04-26T19:40:05.357Z",
      "createdUserId": "user-0",
      "updatedUserId": "user-0"
    },
    {
      "channelContent": {
        "web": {
          "contentFormat": "Markdown",
          "content": "**Dal telefono** 📲\n\nTocca **Cerca** e inserisci un termine o una frase di ricerca. Tocca **Messaggi** o **Persone** per restringere i risultati."
        }
      },
      "id": "1490a0fc-79cb-4fc8-8b2b-c26e689d6311",
      "createdTime": "2022-04-26T19:43:00.243Z",
      "updatedTime": "2022-04-26T19:43:00.243Z",
      "createdUserId": "user-0",
      "updatedUserId": "user-0"
    },
    {
      "channelContent": {
        "web": {
          "contentFormat": "Markdown",
          "content": "Hai alcune [opzioni di ricerca e filtraggio](https://support.microsoft.com/it-it/office/cercare-messaggi-e-altro-in-teams-4a351520-33f4-42ab-a5ee-5fc0ab88b263) per aiutarti a trovare messaggi, persone, file e altre informazioni condivise in Teams."
        }
      },
      "id": "35a0ebbc-4fd5-4993-8b26-c92f541fb916",
      "createdTime": "2022-04-26T19:43:54.324Z",
      "updatedTime": "2022-04-26T19:43:54.324Z",
      "createdUserId": "user-0",
      "updatedUserId": "user-0"
    },
    {
      "channelContent": {
        "web": {
          "contentFormat": "Markdown",
          "content": "💡 **Suggerimento**: _Usa **CTRL+F** o **CMD+F** (macOS) per trovare i messaggi con la chat o il canale in cui ti trovi._"
        }
      },
      "id": "9339f2ac-9744-46ef-bca1-c397aaa56da1",
      "createdTime": "2022-04-26T19:45:06.107Z",
      "updatedTime": "2022-04-26T19:45:06.107Z",
      "createdUserId": "user-0",
      "updatedUserId": "user-0"
    }
  ]
}