{
  "intents": [
    {
      "endUserOverrideName": "Gastberechtigungen ändern",
      "triggerQueries": [
        "berechtigung für gäste",
        "berechtigung für gast accounts",
        "gast account",
        "gastaccounts",
        "einstellen was gäste tun können",
        "einstellungen für gäste",
        "Wie ändere ich die Berechtigungen für Gäste?"
      ],
      "dialogId": "new_topic_0439f2969af6483a884201c3b6cbcee1",
      "isTriggeringEnabled": true,
      "id": "new_topic_0439f2969af6483a884201c3b6cbcee1",
      "displayName": "Wie ändere ich die Berechtigungen für Gäste?",
      "description": "https://adoptbotv2kb.blob.core.windows.net/%24web/AdoptBot2021-English.docx",
      "createdTime": "2021-04-18T21:33:01.6853034Z",
      "updatedTime": "2021-04-18T21:33:01.6853034Z",
      "createdUserId": "86360cd1-faa6-4d16-8a0c-ba3116c8a977"
    }
  ],
  "dialogs": [
    {
      "rootNodeId": "d44b93d5-ac53-4c2d-9ab5-e380e38b0017",
      "messageNodes": [
        {
          "botMessageId": "aad47b45-3f25-4c4b-aaef-d126a066a7c3",
          "nodeType": "BotMessageNode",
          "id": "d44b93d5-ac53-4c2d-9ab5-e380e38b0017",
          "defaultTargetNodeId": "ec4f0351-86ee-414e-ae86-ef5bd3709738"
        },
        {
          "botMessageId": "d909248f-da0a-4091-84f0-1cbcd1ea0dd6",
          "nodeType": "BotMessageNode",
          "id": "ec4f0351-86ee-414e-ae86-ef5bd3709738",
          "defaultTargetNodeId": "60795399-bef7-43f1-9423-de58dd15480c"
        }
      ],
      "dialogChangeNodes": [
        {
          "targetDialogId": "new_topic_30867099f4b543d3b8543a85c22c3418_aeabea4d071f415c8c107e1cb7af5424_assumedsuccess",
          "nodeType": "DialogChangeNode",
          "id": "60795399-bef7-43f1-9423-de58dd15480c"
        }
      ],
      "id": "new_topic_0439f2969af6483a884201c3b6cbcee1",
      "displayName": "Dialog for Wie ändere ich die Berechtigungen für Gäste?",
      "createdTime": "2021-04-18T21:33:01.6853034Z",
      "updatedTime": "2021-04-18T21:35:01.3208614Z",
      "createdUserId": "86360cd1-faa6-4d16-8a0c-ba3116c8a977",
      "updatedUserId": "86360cd1-faa6-4d16-8a0c-ba3116c8a977"
    }
  ],
  "botMessages": [
    {
      "channelContent": {
        "web": {
          "contentFormat": "Markdown",
          "content": "**Wenn Sie ein Teambesitzer sind**, können Sie die Gastberechtigungen ändern.\n\n1.  Gehen Sie zu dem Teamnamen in Ihrer Teamliste.\n2.  Wählen Sie **Weitere Optionen** (...).\n3.  Wählen Sie **Team verwalten**.\n4.  Wählen Sie auf der Registerkarte \"Einstellungen\" die Option \"**Gastberechtigungen**\"."
        }
      },
      "id": "aad47b45-3f25-4c4b-aaef-d126a066a7c3",
      "createdTime": "2021-04-18T21:33:01.6853034Z",
      "updatedTime": "2021-04-18T21:33:01.6853034Z",
      "createdUserId": "86360cd1-faa6-4d16-8a0c-ba3116c8a977",
      "updatedUserId": "86360cd1-faa6-4d16-8a0c-ba3116c8a977"
    },
    {
      "channelContent": {
        "web": {
          "contentFormat": "Markdown",
          "content": "Wenn Sie neugierig sind, finden Sie hier eine Übersicht darüber, [was Gäste in Teams tun können](https://support.microsoft.com/de-de/office/funktionen-f%c3%bcr-teambesitzer-mitglieder-und-g%c3%a4ste-in-teams-d03fdf5b-1a6e-48e4-8e07-b13e1350ec7b?ui=de-DE&rs=de-DE&ad=DE)."
        }
      },
      "id": "d909248f-da0a-4091-84f0-1cbcd1ea0dd6",
      "createdTime": "2021-04-18T21:34:27.057Z",
      "updatedTime": "2021-04-18T21:34:27.057Z",
      "createdUserId": "user-0",
      "updatedUserId": "user-0"
    }
  ],
  "createdUtc": "0001-01-01T00:00:00Z"
}