{
  "intents": [
    {
      "endUserOverrideName": "Afficher un canal",
      "triggerQueries": [
        "Quelles sont les étapes pour afficher un canal masqué?",
        "Afficher le canal masqué",
        "Je veux montrer un canal caché",
        "Je veux voir tous les canaux cachés",
        "annuler que j'ai masqué un canal",
        "Comment voir un canal masqué?",
        "Je souhaite afficher un canal que j'ai précédemment masqué",
        "annulation du canal masqué",
        "affichage d'un canal masqué",
        "Comment afficher un canal masquée?"
      ],
      "dialogId": "new_topic_cb4215cea2744bdeb685e1001ab03995",
      "isTriggeringEnabled": true,
      "id": "new_topic_cb4215cea2744bdeb685e1001ab03995",
      "displayName": "Comment afficher un canal masqué ?",
      "description": "",
      "createdTime": "2021-01-13T22:20:51.2381463Z",
      "updatedTime": "2021-05-24T23:17:13.4490911Z",
      "createdUserId": "f04d3cd9-b73d-4ba9-a1ed-9319eba29b21",
      "updatedUserId": "a2c4aa2c-d830-41eb-bcf4-467a2c7e1279"
    }
  ],
  "dialogs": [
    {
      "rootNodeId": "b818ddee-1e4b-443c-a70d-0485044d30ef",
      "messageNodes": [
        {
          "botMessageId": "81085277-216c-4f6c-a0ba-db56d57f68e5",
          "nodeType": "BotMessageNode",
          "id": "b818ddee-1e4b-443c-a70d-0485044d30ef",
          "defaultTargetNodeId": "0111be14-c4da-489f-9b23-a8fae62c1942"
        }
      ],
      "dialogChangeNodes": [
        {
          "targetDialogId": "new_topic_eac3f49c99664313a9d9dc19d80a79a2_aeabea4d071f415c8c107e1cb7af5424_assumedsuccess",
          "nodeType": "DialogChangeNode",
          "id": "0111be14-c4da-489f-9b23-a8fae62c1942"
        }
      ],
      "id": "new_topic_cb4215cea2744bdeb685e1001ab03995",
      "displayName": "Dialog for How do I view a hidden channel?",
      "createdTime": "2021-01-13T22:20:51.2381463Z",
      "updatedTime": "2021-05-24T23:21:30.2488025Z",
      "createdUserId": "f04d3cd9-b73d-4ba9-a1ed-9319eba29b21",
      "updatedUserId": "a2c4aa2c-d830-41eb-bcf4-467a2c7e1279"
    }
  ],
  "botMessages": [
    {
      "channelContent": {
        "web": {
          "contentFormat": "Markdown",
          "content": "Accédez à l'équipe Teams et cliquez sur **Canaux masqués**. Sélectionnez **Afficher** à côté du canal que vous souhaitez voir dans votre liste de canaux."
        }
      },
      "id": "81085277-216c-4f6c-a0ba-db56d57f68e5",
      "createdTime": "2021-01-13T22:20:51.2381463Z",
      "updatedTime": "2021-01-13T22:20:51.2381463Z",
      "createdUserId": "f04d3cd9-b73d-4ba9-a1ed-9319eba29b21",
      "updatedUserId": "f04d3cd9-b73d-4ba9-a1ed-9319eba29b21"
    }
  ],
  "createdUtc": "0001-01-01T00:00:00Z"
}