<botcomponent schemaname="new_topic_f98a24608ee04cb998de3e3e32703d5b_85df75ce08a44a9b82cc8f3fdb25f669">
  <componenttype>0</componenttype>
  <description>Lezione 4 - Questa lezione continua a illustrare come creare un argomento con una diramazione condizionale, una variabile e un'entità personalizzata. 

In particolare come consentire a un'entità di ignorare una domanda di completamento. Ad esempio, fai una prova con "Voglio un portatile per lavoro."</description>
  <iscustomizable>1</iscustomizable>
  <name>Lezione 4 - Un argomento con condizioni, variabili e un'entità personalizzata.</name>
  <statecode>0</statecode>
  <statuscode>1</statuscode>
</botcomponent>