{
  "intents": [
    {
      "endUserOverrideName": "Compatibilité Office avec appareil",
      "triggerQueries": [
        "quelle est la compatibilité Office avec mon Android?",
        "quelle est la compatibilité Office avec mon iPhone?",
        "quelle est la compatibilité Office avec mon téléphone?",
        "quelle est la compatibilité Office avec mon Mac?",
        "quelle est la compatibilité Office avec mon PC?",
        "quelle est la compatibilité Office avec mon appareil?",
        "mon appareil peut-il faire fonctionner Office ?",
        "Est-ce qu’Office fonctionne sur mon ordinateur ?",
        "Puis-je utiliser Office sur mon téléphone ?",
        "Office fonctionne-t-il sur mon mobile?",
        "Office fonctionne-t-il sur votre mobile?",
        "Comment savoir si mon appareil peut exécuter Office?"
      ],
      "dialogId": "new_topic_87150ba0b0d84fc2aaf16fe52d861ac8",
      "isTriggeringEnabled": true,
      "id": "new_topic_87150ba0b0d84fc2aaf16fe52d861ac8",
      "displayName": "Comment savoir si mon appareil peut exécuter Office?",
      "description": "",
      "createdTime": "2021-01-13T22:20:51.2381463Z",
      "updatedTime": "2021-05-25T00:34:19.8297512Z",
      "createdUserId": "f04d3cd9-b73d-4ba9-a1ed-9319eba29b21",
      "updatedUserId": "a2c4aa2c-d830-41eb-bcf4-467a2c7e1279"
    }
  ],
  "dialogs": [
    {
      "rootNodeId": "0ef960d3-8276-4f1d-8aa2-b290cdb653a0",
      "messageNodes": [
        {
          "botMessageId": "c090a154-2183-4161-9cb4-8a0f168a779e",
          "nodeType": "BotMessageNode",
          "id": "0ef960d3-8276-4f1d-8aa2-b290cdb653a0",
          "defaultTargetNodeId": "cdfde58a-057e-4471-80d7-47a3830e622b"
        }
      ],
      "dialogChangeNodes": [
        {
          "targetDialogId": "new_topic_eac3f49c99664313a9d9dc19d80a79a2_aeabea4d071f415c8c107e1cb7af5424_assumedsuccess",
          "nodeType": "DialogChangeNode",
          "id": "cdfde58a-057e-4471-80d7-47a3830e622b"
        }
      ],
      "id": "new_topic_87150ba0b0d84fc2aaf16fe52d861ac8",
      "displayName": "Dialog for How do I know if my device can run Office?",
      "createdTime": "2021-01-13T22:20:51.2381463Z",
      "updatedTime": "2021-05-24T12:09:33.5069598Z",
      "createdUserId": "f04d3cd9-b73d-4ba9-a1ed-9319eba29b21",
      "updatedUserId": "75392dcd-00bb-4588-89e9-c55bcbe40ccb"
    }
  ],
  "botMessages": [
    {
      "channelContent": {
        "web": {
          "contentFormat": "Markdown",
          "content": "Office 365 est compatible avec Windows, macOS, iPhone, Android. Pour connaitre les versions compatibles de Windows et macOS, vous pouvez [consulter le site suivant.](https://www.microsoft.com/fr-fr/microsoft-365/microsoft-365-and-office-resources)"
        }
      },
      "id": "c090a154-2183-4161-9cb4-8a0f168a779e",
      "createdTime": "2021-01-13T22:20:51.2381463Z",
      "updatedTime": "2021-01-13T22:20:51.2381463Z",
      "createdUserId": "f04d3cd9-b73d-4ba9-a1ed-9319eba29b21",
      "updatedUserId": "f04d3cd9-b73d-4ba9-a1ed-9319eba29b21"
    }
  ]
}