{
  "intents": [
    {
      "intentType": "Regular",
      "endUserOverrideName": "Get someone's attention in a channel?",
      "triggerQueries": [
        "Get someone's attention in a channel?",
        "@mention a user in a channel",
        "Can I get an individual user's attention in a channel?",
        "How do I mention a person?",
        "How can I notify a person?",
        "How do I notify someone?",
        "Is it possible to get individual user’s attention in a channel?"
      ],
      "dialogId": "new_topic_0df835f0bc6c493c91b2230458d22e79",
      "isTriggeringEnabled": true,
      "id": "new_topic_0df835f0bc6c493c91b2230458d22e79",
      "displayName": "Is it possible to get individual user’s attention in a channel?",
      "description": "https://adoptbotv2kb.blob.core.windows.net/%24web/AdoptBot2021-English.docx",
      "createdTime": "2021-01-13T22:20:51.2381463Z",
      "updatedTime": "2021-01-27T21:28:33.8677309Z",
      "createdUserId": "f04d3cd9-b73d-4ba9-a1ed-9319eba29b21",
      "updatedUserId": "f04d3cd9-b73d-4ba9-a1ed-9319eba29b21"
    }
  ],
  "dialogs": [
    {
      "rootNodeId": "3d812f32-dfd4-4cf5-80d3-2c12e2873d4b",
      "messageNodes": [
        {
          "botMessageId": "ddef5482-7d79-48d4-b156-318d4cd8b9fe",
          "nodeType": "BotMessageNode",
          "id": "3d812f32-dfd4-4cf5-80d3-2c12e2873d4b",
          "defaultTargetNodeId": "a93021e9-7fc8-4442-a850-ad374353c0c6"
        },
        {
          "botMessageId": "a5e696f0-13d3-4456-8ffd-9dcb9c7ca2f0",
          "nodeType": "BotMessageNode",
          "id": "a93021e9-7fc8-4442-a850-ad374353c0c6",
          "defaultTargetNodeId": "62b2ce34-267f-4308-890e-ce33be72f470"
        }
      ],
      "dialogChangeNodes": [
        {
          "targetDialogId": "new_topic_eac3f49c99664313a9d9dc19d80a79a2_aeabea4d071f415c8c107e1cb7af5424_assumedsuccess",
          "nodeType": "DialogChangeNode",
          "id": "62b2ce34-267f-4308-890e-ce33be72f470"
        }
      ],
      "id": "new_topic_0df835f0bc6c493c91b2230458d22e79",
      "displayName": "Dialog for Is it possible to get individual user’s attention in a channel?",
      "createdTime": "2021-01-13T22:20:51.2381463Z",
      "updatedTime": "2021-01-27T21:29:37.1812024Z",
      "createdUserId": "f04d3cd9-b73d-4ba9-a1ed-9319eba29b21",
      "updatedUserId": "f04d3cd9-b73d-4ba9-a1ed-9319eba29b21"
    }
  ],
  "botMessages": [
    {
      "channelContent": {
        "web": {
          "contentFormat": "Markdown",
          "content": "**To get someone's attention in a channel conversation** or a chat, [@mention them](https://support.microsoft.com/en-us/office/use-mentions-to-get-someone-s-attention-in-teams-eb4f059d-320e-454e-b111-03361d4d6855).\n\n*   Type @ before members' names and select them from the list that appears.\n*   **Or** simply start typing a team member's name to see options appear."
        }
      },
      "id": "ddef5482-7d79-48d4-b156-318d4cd8b9fe",
      "createdTime": "2021-01-13T22:20:51.2381463Z",
      "updatedTime": "2021-01-13T22:20:51.2381463Z",
      "createdUserId": "f04d3cd9-b73d-4ba9-a1ed-9319eba29b21",
      "updatedUserId": "f04d3cd9-b73d-4ba9-a1ed-9319eba29b21"
    },
    {
      "channelContent": {
        "web": {
          "contentFormat": "Markdown",
          "content": "[By using @team in a channel conversation](https://support.microsoft.com/en-us/office/use-mentions-to-get-someone-s-attention-in-teams-eb4f059d-320e-454e-b111-03361d4d6855), all team members receive a notification.   \n[_The_ _type of notification depends on everyone's settings_](https://support.microsoft.com/en-us/office/six-things-to-know-about-notifications-abb62c60-3d15-4968-b86a-42fea9c22cf4)_._"
        }
      },
      "id": "a5e696f0-13d3-4456-8ffd-9dcb9c7ca2f0",
      "createdTime": "2021-01-27T21:20:38.887Z",
      "updatedTime": "2021-01-27T21:20:38.887Z",
      "createdUserId": "user-0",
      "updatedUserId": "user-0"
    }
  ]
}