{
  "intents": [
    {
      "endUserOverrideName": "Démarrer une conversation privée",
      "triggerQueries": [
        "messagerie instantannée",
        "démarrer un chat 1:1",
        "Contacter un collègue",
        "envoyer un message à quelqu'un",
        "conversation",
        "Démarrer une conversation",
        "Envoyer un message",
        "Envoyer un message à une autre personne",
        "Contacter une personne externe",
        "Démarrer une conversation privée"
      ],
      "dialogId": "new_topic_e04c33aa8747425daa9bb42caa727649",
      "isTriggeringEnabled": true,
      "id": "new_topic_e04c33aa8747425daa9bb42caa727649",
      "displayName": "Comment démarrer une conversation privée",
      "description": "",
      "createdTime": "2021-01-13T22:20:51.2371466Z",
      "updatedTime": "2021-05-25T00:55:02.0406437Z",
      "createdUserId": "f04d3cd9-b73d-4ba9-a1ed-9319eba29b21",
      "updatedUserId": "a2c4aa2c-d830-41eb-bcf4-467a2c7e1279"
    }
  ],
  "dialogs": [
    {
      "rootNodeId": "c1f541c4-1a70-4094-8ed1-e9ddcf51eb6f",
      "messageNodes": [
        {
          "botMessageId": "5588c3b6-55d5-4a51-a98d-e06c6a4428a4",
          "nodeType": "BotMessageNode",
          "id": "c1f541c4-1a70-4094-8ed1-e9ddcf51eb6f",
          "defaultTargetNodeId": "dc0b9dc1-2281-4199-929f-83099cfee120"
        },
        {
          "botMessageId": "3e899031-2d08-438e-9bf6-3126f3134d82",
          "nodeType": "BotMessageNode",
          "id": "dc0b9dc1-2281-4199-929f-83099cfee120",
          "defaultTargetNodeId": "d6067fd1-385d-48e9-a2a7-e12989e88652"
        }
      ],
      "dialogChangeNodes": [
        {
          "targetDialogId": "new_topic_eac3f49c99664313a9d9dc19d80a79a2_aeabea4d071f415c8c107e1cb7af5424_assumedsuccess",
          "nodeType": "DialogChangeNode",
          "id": "d6067fd1-385d-48e9-a2a7-e12989e88652"
        }
      ],
      "id": "new_topic_e04c33aa8747425daa9bb42caa727649",
      "displayName": "Dialog for How do I start a private chat?",
      "createdTime": "2021-01-13T22:20:51.2371466Z",
      "updatedTime": "2021-05-25T00:55:41.8156721Z",
      "createdUserId": "f04d3cd9-b73d-4ba9-a1ed-9319eba29b21",
      "updatedUserId": "a2c4aa2c-d830-41eb-bcf4-467a2c7e1279"
    }
  ],
  "botMessages": [
    {
      "channelContent": {
        "web": {
          "contentFormat": "Markdown",
          "content": "Dans la barre de recherche, tapez le nom d'une personne avec qui vous souhaitez avoir une conversation.\n\nCliquez sur la personne et tapez votre message avant de l'envoyer."
        }
      },
      "id": "5588c3b6-55d5-4a51-a98d-e06c6a4428a4",
      "createdTime": "2021-01-13T22:20:51.2371466Z",
      "updatedTime": "2021-01-13T22:20:51.2371466Z",
      "createdUserId": "f04d3cd9-b73d-4ba9-a1ed-9319eba29b21",
      "updatedUserId": "f04d3cd9-b73d-4ba9-a1ed-9319eba29b21"
    },
    {
      "channelContent": {
        "web": {
          "contentFormat": "Markdown",
          "content": "_Si c'est une personne externe à votre entreprise, tapez son adresse e-mail complète._\n\n_Il est possible que cela soit bloqué par votre entreprise._"
        }
      },
      "id": "3e899031-2d08-438e-9bf6-3126f3134d82",
      "createdTime": "2021-01-27T12:10:06.688Z",
      "updatedTime": "2021-01-27T12:10:06.688Z",
      "createdUserId": "user-0",
      "updatedUserId": "user-0"
    }
  ],
  "createdUtc": "0001-01-01T00:00:00Z"
}