{
  "intents": [
    {
      "triggerQueries": [
        "Live Event",
        "Team Meeting Streaming",
        "Team 회의 Streaming",
        "팀 Meeting Streaming",
        "팀 회의 Streaming",
        "Team Meeting 스트리밍",
        "Team 회의 스트리밍",
        "팀 Meeting 스트리밍",
        "팀 회의 스트리밍",
        "Microsoft Teams Live Event",
        "Teams Live Event",
        "팀즈 Live Event",
        "Teams 라이브 이벤트",
        "팀즈 라이브 이벤트",
        "Team Meeting 방송",
        "Team 회의 방송",
        "팀 Meeting 방송",
        "팀 회의 방송",
        "Team 미팅 브로드캐스트",
        "팀 Meeting 브로드캐스트",
        "Team Meeting 브로드캐스트",
        "팀 회의 브로드캐스트",
        "라이브 이벤트는 무엇입니까?"
      ],
      "dialogId": "new_topic_ed118a5dadcb4fd39fa54f77d30e8a1d",
      "isTriggeringEnabled": true,
      "id": "new_topic_ed118a5dadcb4fd39fa54f77d30e8a1d",
      "displayName": "라이브 이벤트는 무엇입니까?",
      "description": "https://adoptbotv2kb.blob.core.windows.net/%24web/adoptbot2021-Korean.docx",
      "createdTime": "2021-03-18T03:39:18.7476571Z",
      "updatedTime": "2021-03-25T07:36:44.7760495Z",
      "createdUserId": "e47109d8-0300-4e59-a90d-56bb29886c9e",
      "updatedUserId": "e47109d8-0300-4e59-a90d-56bb29886c9e"
    }
  ],
  "dialogs": [
    {
      "rootNodeId": "82d913f5-d416-451f-8eae-740c333d70a2",
      "messageNodes": [
        {
          "botMessageId": "96804d6b-267b-42fc-970a-9103b91b8d8b",
          "nodeType": "BotMessageNode",
          "id": "82d913f5-d416-451f-8eae-740c333d70a2",
          "defaultTargetNodeId": "37917cb6-6edd-44ce-99a2-c001f1d5951f"
        }
      ],
      "dialogChangeNodes": [
        {
          "targetDialogId": "new_topic_2bf23930c1d146129dfe38bacb94ccd0_aeabea4d071f415c8c107e1cb7af5424_assumedsuccess",
          "nodeType": "DialogChangeNode",
          "id": "37917cb6-6edd-44ce-99a2-c001f1d5951f"
        }
      ],
      "id": "new_topic_ed118a5dadcb4fd39fa54f77d30e8a1d",
      "displayName": "Dialog for 라이브 이벤트는 무엇입니까?",
      "createdTime": "2021-03-18T03:39:18.7476571Z",
      "updatedTime": "2021-03-25T07:36:32.2329892Z",
      "createdUserId": "e47109d8-0300-4e59-a90d-56bb29886c9e",
      "updatedUserId": "e47109d8-0300-4e59-a90d-56bb29886c9e"
    }
  ],
  "botMessages": [
    {
      "channelContent": {
        "web": {
          "contentFormat": "Markdown",
          "content": "Teams 라이브 이벤트를 사용하면 조직의 사용자가 대규모 온라인 시청자에게 비디오 및 회의 콘텐츠를 브로드캐스트할 수 있습니다.\n\n [Microsoft Teams Live Event는 어떻게 하나요?](https://docs.microsoft.com/ko-kr/microsoftteams/teams-live-events/what-are-teams-live-events) 를 참조하세요."
        }
      },
      "id": "96804d6b-267b-42fc-970a-9103b91b8d8b",
      "createdTime": "2021-03-18T03:39:18.7476571Z",
      "updatedTime": "2021-03-18T03:39:18.7476571Z",
      "createdUserId": "e47109d8-0300-4e59-a90d-56bb29886c9e",
      "updatedUserId": "e47109d8-0300-4e59-a90d-56bb29886c9e"
    }
  ],
  "createdUtc": "0001-01-01T00:00:00Z"
}