{
  "intents": [
    {
      "endUserOverrideName": "Strumento Lettura Immersiva",
      "triggerQueries": [
        "Posso leggere un messaggio ad alta voce?",
        "Puoi far leggere il testo ad alta voce in Teams?",
        "Leggere messaggi ad alta voce in Teams?",
        "difficoltà di lettura e scrittura",
        "Dislessia",
        "Facilitare la lettura",
        "Cos'è lo strumento lettura immersiva?",
        "Strumento Lettura immersiva",
        "leggere qualcosa in altre lingue",
        "tradurre il messaggio in un'altra lingua",
        "Cos'è Lettura Immersiva?"
      ],
      "dialogId": "new_topic_4b9763fbed794777891179685facbea1",
      "isTriggeringEnabled": true,
      "id": "new_topic_4b9763fbed794777891179685facbea1",
      "displayName": "Che cos'è lo strumento Lettura Immersiva?",
      "createdTime": "2022-04-28T00:26:15.0199882Z",
      "updatedTime": "2022-04-28T00:26:39.7547107Z",
      "createdUserId": "9451fc51-e00d-4445-8ff9-efb70866dc3b",
      "updatedUserId": "9451fc51-e00d-4445-8ff9-efb70866dc3b"
    }
  ],
  "dialogs": [
    {
      "rootNodeId": "65326236-aed5-455b-9b9a-06dd67fb99f7",
      "messageNodes": [
        {
          "botMessageId": "fc1b85b7-e4a3-4a37-8998-e99bab965bbc",
          "nodeType": "BotMessageNode",
          "id": "65326236-aed5-455b-9b9a-06dd67fb99f7",
          "defaultTargetNodeId": "b162c90b-564b-4c8c-a924-bdbd4bd0d656"
        },
        {
          "botMessageId": "78ad1bf5-1112-4217-9ae2-7b6be56f1eab",
          "nodeType": "BotMessageNode",
          "id": "b162c90b-564b-4c8c-a924-bdbd4bd0d656",
          "defaultTargetNodeId": "eb437f05-8262-49b2-89a9-44c6f5f23a83"
        },
        {
          "botMessageId": "170ceda9-24cf-4017-addf-0cb61ae2d082",
          "nodeType": "BotMessageNode",
          "id": "eb437f05-8262-49b2-89a9-44c6f5f23a83",
          "defaultTargetNodeId": "5f2038fa-282c-41ab-b457-75bafbabf7ed"
        },
        {
          "botMessageId": "bec499a4-4c0a-454a-bbc2-aa785cc2e558",
          "nodeType": "BotMessageNode",
          "id": "5f2038fa-282c-41ab-b457-75bafbabf7ed",
          "defaultTargetNodeId": "7ba0dbe2-d42c-4fd6-a091-6964ea25eed5"
        },
        {
          "botMessageId": "de2d2d19-a857-4af7-9653-c58e950077eb",
          "nodeType": "BotMessageNode",
          "id": "7ba0dbe2-d42c-4fd6-a091-6964ea25eed5",
          "defaultTargetNodeId": "6e43f9d4-7cb7-4c7c-8268-784733a856a3"
        },
        {
          "botMessageId": "3a9bf5b5-b3e1-4eca-a86f-e3785394aba3",
          "nodeType": "BotMessageNode",
          "id": "6e43f9d4-7cb7-4c7c-8268-784733a856a3",
          "defaultTargetNodeId": "72223326-0887-429d-a85d-bc4a3fc2fc24"
        }
      ],
      "dialogChangeNodes": [
        {
          "targetDialogId": "new_topic_f98a24608ee04cb998de3e3e32703d5b_aeabea4d071f415c8c107e1cb7af5424_assumedsuccess",
          "nodeType": "DialogChangeNode",
          "id": "72223326-0887-429d-a85d-bc4a3fc2fc24"
        }
      ],
      "id": "new_topic_4b9763fbed794777891179685facbea1",
      "displayName": "Senza titolo",
      "createdTime": "2022-04-28T00:26:15.0199882Z",
      "updatedTime": "2022-04-28T00:26:39.7547107Z",
      "createdUserId": "9451fc51-e00d-4445-8ff9-efb70866dc3b",
      "updatedUserId": "9451fc51-e00d-4445-8ff9-efb70866dc3b"
    }
  ],
  "botMessages": [
    {
      "channelContent": {
        "web": {
          "contentFormat": "Markdown",
          "content": "[Clicca qui per una guida a Lettura Immersiva in Teams (con foto)](https://support.microsoft.com/it-it/topic/usare-lo-strumento-di-lettura-immersiva-in-microsoft-teams-a700c0d0-bc53-4696-a94d-4fbc86ac7a9a)"
        }
      },
      "id": "fc1b85b7-e4a3-4a37-8998-e99bab965bbc",
      "createdTime": "2022-04-28T00:06:23.175Z",
      "updatedTime": "2022-04-28T00:06:23.175Z"
    },
    {
      "channelContent": {
        "web": {
          "contentFormat": "Markdown",
          "content": "Se desideri che il testo sia letto ad alta voce o parli una lingua diversa, puoi creare un testo in Teams adatto alle tue esigenze 💗."
        }
      },
      "id": "78ad1bf5-1112-4217-9ae2-7b6be56f1eab",
      "createdTime": "2022-04-28T00:13:42.751Z",
      "updatedTime": "2022-04-28T00:13:42.751Z",
      "createdUserId": "user-0",
      "updatedUserId": "user-0"
    },
    {
      "channelContent": {
        "web": {
          "contentFormat": "Markdown",
          "content": "I colori, la forma, le dimensioni possono essere adattati alle tue preferenze, per agevolare ad esempio le persone con dislessia e difficoltà di apprendimento."
        }
      },
      "id": "170ceda9-24cf-4017-addf-0cb61ae2d082",
      "createdTime": "2022-04-28T00:14:47.102Z",
      "updatedTime": "2022-04-28T00:14:47.102Z",
      "createdUserId": "user-0",
      "updatedUserId": "user-0"
    },
    {
      "channelContent": {
        "web": {
          "contentFormat": "Markdown",
          "content": "Il dizionario visuale, focus su riga e le opzioni grammaticali sono disponibili anche per il sostegno visivo."
        }
      },
      "id": "bec499a4-4c0a-454a-bbc2-aa785cc2e558",
      "createdTime": "2022-04-28T00:16:09.87Z",
      "updatedTime": "2022-04-28T00:16:09.87Z",
      "createdUserId": "user-0",
      "updatedUserId": "user-0"
    },
    {
      "channelContent": {
        "web": {
          "contentFormat": "Markdown",
          "content": "In qualsiasi messaggio in Teams, selezionare **Altre opzioni** (...) e selezionare **Strumento di lettura immersiva**."
        }
      },
      "id": "de2d2d19-a857-4af7-9653-c58e950077eb",
      "createdTime": "2022-04-28T00:23:29.374Z",
      "updatedTime": "2022-04-28T00:23:29.374Z",
      "createdUserId": "user-0",
      "updatedUserId": "user-0"
    },
    {
      "channelContent": {
        "web": {
          "contentFormat": "Markdown",
          "content": "💡Prova questo messaggio per esempio. Le impostazioni sono uniche."
        }
      },
      "id": "3a9bf5b5-b3e1-4eca-a86f-e3785394aba3",
      "createdTime": "2022-04-28T00:25:13.55Z",
      "updatedTime": "2022-04-28T00:25:13.55Z",
      "createdUserId": "user-0",
      "updatedUserId": "user-0"
    }
  ]
}