{
  "intents": [
    {
      "endUserOverrideName": "@nämna",
      "triggerQueries": [
        "Hur gör jag för att notifiera en person?",
        "Hur kan jag skriva för att notifiera en person?",
        "Hur nämner jag en perons?",
        "Är det möjligt att få en enskild användares uppmärksamhet i en kanal?"
      ],
      "dialogId": "new_topic_ae9fac26d40144b8bf525c9745ee3462",
      "isTriggeringEnabled": true,
      "id": "new_topic_ae9fac26d40144b8bf525c9745ee3462",
      "displayName": "Är det möjligt att få en enskild användares uppmärksamhet i en kanal?",
      "description": "https://intranat.helsingborg.se/wp-content/uploads/2020/11/svenska-fracc8agor-till-adoptbot-pva.docx",
      "createdTime": "2020-11-24T14:37:53.8230909Z",
      "updatedTime": "2020-12-10T07:17:52.950293Z",
      "createdUserId": "f04d3cd9-b73d-4ba9-a1ed-9319eba29b21",
      "updatedUserId": "844fcc91-8b17-49d9-9824-79f412da094a"
    }
  ],
  "dialogs": [
    {
      "rootNodeId": "e39ccf9b-6d29-42e9-8682-8fbe31d7918f",
      "messageNodes": [
        {
          "botMessageId": "cbf4216b-053c-4b59-968b-fc0a72b37a54",
          "nodeType": "BotMessageNode",
          "id": "e39ccf9b-6d29-42e9-8682-8fbe31d7918f",
          "defaultTargetNodeId": "be3cc93b-ccbf-4f05-8ea4-20c058e974e0"
        }
      ],
      "dialogChangeNodes": [
        {
          "targetDialogId": "new_topic_84ec227c19784e7ba25cb34f4638f91e_aeabea4d071f415c8c107e1cb7af5424_assumedsuccess",
          "nodeType": "DialogChangeNode",
          "id": "be3cc93b-ccbf-4f05-8ea4-20c058e974e0"
        }
      ],
      "id": "new_topic_ae9fac26d40144b8bf525c9745ee3462",
      "displayName": "Dialog for Är det möjligt att få en enskild användares uppmärksamhet i en kanal?",
      "createdTime": "2020-11-24T14:37:53.8230909Z",
      "updatedTime": "2020-11-24T14:37:53.8230909Z",
      "createdUserId": "f04d3cd9-b73d-4ba9-a1ed-9319eba29b21",
      "updatedUserId": "f04d3cd9-b73d-4ba9-a1ed-9319eba29b21"
    }
  ],
  "botMessages": [
    {
      "channelContent": {
        "web": {
          "contentFormat": "Markdown",
          "content": "För att få någons uppmärksamhet i en kanal eller en chatt, @nämn dem. Skriv bara @ före deras namn och välj dem från listan som visas. Genom att @team i en konversation får varje medlem i teamet en avisering. Typ av notis beror på varje individs inställning.\r\n\r\nOBS: Du kan också nämna någon helt enkelt genom att skriva deras namn. Börja med att skriva in förnamnet och när du fortsätter att skriva namnet, kommer en lista med personer att visas för dig att välja emellan."
        }
      },
      "id": "cbf4216b-053c-4b59-968b-fc0a72b37a54",
      "createdTime": "2020-11-24T14:37:53.8230909Z",
      "updatedTime": "2020-11-24T14:37:53.8230909Z",
      "createdUserId": "f04d3cd9-b73d-4ba9-a1ed-9319eba29b21",
      "updatedUserId": "f04d3cd9-b73d-4ba9-a1ed-9319eba29b21"
    }
  ]
}