{
  "intents": [
    {
      "triggerQueries": [
        "Vad innebär exchange online?",
        "Vad betyder Exchange online?",
        "Vad är Exchange Online?"
      ],
      "dialogId": "new_topic_4a1c6a6c91f34848ad31ecef09c8bddd",
      "isTriggeringEnabled": true,
      "id": "new_topic_4a1c6a6c91f34848ad31ecef09c8bddd",
      "displayName": "Vad är Exchange Online?",
      "description": "",
      "createdTime": "2020-11-24T14:37:53.8230909Z",
      "updatedTime": "2020-12-14T13:58:39.4754292Z",
      "createdUserId": "f04d3cd9-b73d-4ba9-a1ed-9319eba29b21",
      "updatedUserId": "f04d3cd9-b73d-4ba9-a1ed-9319eba29b21"
    }
  ],
  "dialogs": [
    {
      "rootNodeId": "13ee3074-1538-4056-b7be-5aa487d0cb95",
      "messageNodes": [
        {
          "botMessageId": "ae9dbecf-2354-4311-9487-81ae58c254cf",
          "nodeType": "BotMessageNode",
          "id": "13ee3074-1538-4056-b7be-5aa487d0cb95",
          "defaultTargetNodeId": "631913fe-8463-42ca-b682-c6ed66257bd2"
        }
      ],
      "dialogChangeNodes": [
        {
          "targetDialogId": "new_topic_84ec227c19784e7ba25cb34f4638f91e_aeabea4d071f415c8c107e1cb7af5424_assumedsuccess",
          "nodeType": "DialogChangeNode",
          "id": "631913fe-8463-42ca-b682-c6ed66257bd2"
        }
      ],
      "id": "new_topic_4a1c6a6c91f34848ad31ecef09c8bddd",
      "displayName": "Dialog for Vad är Exchange Online?",
      "createdTime": "2020-11-24T14:37:53.8230909Z",
      "updatedTime": "2020-11-24T14:37:53.8230909Z",
      "createdUserId": "f04d3cd9-b73d-4ba9-a1ed-9319eba29b21",
      "updatedUserId": "f04d3cd9-b73d-4ba9-a1ed-9319eba29b21"
    }
  ],
  "botMessages": [
    {
      "channelContent": {
        "web": {
          "contentFormat": "Markdown",
          "content": "Exchange Online är en del av Microsoft 365 som tillhandahåller e-post och kalender. Klicka på Outlook-ikonen i Office 365 för att starta."
        }
      },
      "id": "ae9dbecf-2354-4311-9487-81ae58c254cf",
      "createdTime": "2020-11-24T14:37:53.8230909Z",
      "updatedTime": "2020-11-24T14:37:53.8230909Z",
      "createdUserId": "f04d3cd9-b73d-4ba9-a1ed-9319eba29b21",
      "updatedUserId": "f04d3cd9-b73d-4ba9-a1ed-9319eba29b21"
    }
  ]
}