{
  "intents": [
    {
      "endUserOverrideName": "在 Teams 使用應用程式",
      "triggerQueries": [
        "Why use apps in Teams?",
        "Teams App store",
        "App store in Teams",
        "Use apps in Microsoft teams",
        "在Teams使用應用程式",
        "Teams中有什麼應用程式",
        "我想知道更多有關Teams中的應用程式",
        "應用程式在Teams中怎麼運作",
        "Teams中的應用程式怎麼運作",
        "Teams中有什麼應用程式以及為何我要使用他",
        "Use apps in Teams",
        "What are apps in Teams?",
        "I want to know more about apps in teams",
        "How does apps work in teams?",
        "Apps in teams, how does it work?",
        "為何在 Teams 中使用應用程式",
        "Teams 應用程式商店",
        "Teams 的應用程式商點",
        "在 Teams 中使用應用程式",
        "What are apps in Teams and why should I use them?"
      ],
      "dialogId": "new_topic_56ee76b988f842e380dd5ceb56a6ad74",
      "isTriggeringEnabled": true,
      "id": "new_topic_56ee76b988f842e380dd5ceb56a6ad74",
      "displayName": "Teams 中有什麼應用程式以及我該怎麼使用",
      "description": "https://adoptbotv2kb.blob.core.windows.net/%24web/AdoptBot2021-English.docx",
      "createdTime": "2021-11-17T07:59:36.9812657Z",
      "updatedTime": "2021-11-18T17:21:55.4766405Z",
      "createdUserId": "9c968d43-f7c2-4e28-895c-1f6bcefcd8be",
      "updatedUserId": "9c968d43-f7c2-4e28-895c-1f6bcefcd8be"
    }
  ],
  "dialogs": [
    {
      "rootNodeId": "8ebf4706-4fc2-4f39-b9cb-e6188906291a",
      "messageNodes": [
        {
          "botMessageId": "f04c24da-4f79-4e89-b5f3-566d0a91ce37",
          "nodeType": "BotMessageNode",
          "id": "8ebf4706-4fc2-4f39-b9cb-e6188906291a",
          "defaultTargetNodeId": "5292e06a-c637-4210-b328-7599cf08518f"
        },
        {
          "botMessageId": "0ad2f4d6-41bc-40d4-a50e-06c6b130ddfa",
          "nodeType": "BotMessageNode",
          "id": "5292e06a-c637-4210-b328-7599cf08518f",
          "defaultTargetNodeId": "00e84375-6e53-4ce7-9df5-6f3b72a15a1a"
        },
        {
          "botMessageId": "3743a461-5053-4947-aeaa-239a25f455df",
          "nodeType": "BotMessageNode",
          "id": "00e84375-6e53-4ce7-9df5-6f3b72a15a1a",
          "defaultTargetNodeId": "d05773f5-4c54-489e-8119-ad8eb0b99670"
        },
        {
          "botMessageId": "167e942c-2d37-4857-a430-1cad1ab005af",
          "nodeType": "BotMessageNode",
          "id": "d05773f5-4c54-489e-8119-ad8eb0b99670",
          "defaultTargetNodeId": "a38c372d-3584-4628-b472-7269f88d3ef7"
        },
        {
          "botMessageId": "ea965c45-e086-408f-ab03-848a2e9c6a8d",
          "nodeType": "BotMessageNode",
          "id": "a38c372d-3584-4628-b472-7269f88d3ef7",
          "defaultTargetNodeId": "4cc85ddd-416f-44d3-a92f-a19c3a2270f4"
        },
        {
          "botMessageId": "292710bf-3de6-4de4-a61e-38d3d03f324e",
          "nodeType": "BotMessageNode",
          "id": "4cc85ddd-416f-44d3-a92f-a19c3a2270f4",
          "defaultTargetNodeId": "dded6fd6-aad4-4ff5-82ed-5bd6c670bbe1"
        },
        {
          "botMessageId": "f936acc6-0b09-4f23-8dd0-8904d1ef0a2e",
          "nodeType": "BotMessageNode",
          "id": "dded6fd6-aad4-4ff5-82ed-5bd6c670bbe1",
          "defaultTargetNodeId": "900cd1a3-cc6e-484e-85c4-cbdbf84b7232"
        }
      ],
      "dialogChangeNodes": [
        {
          "targetDialogId": "new_topic_e2d1671328b941dbb60fa7150059b1ee_aeabea4d071f415c8c107e1cb7af5424_assumedsuccess",
          "nodeType": "DialogChangeNode",
          "id": "900cd1a3-cc6e-484e-85c4-cbdbf84b7232"
        }
      ],
      "id": "new_topic_56ee76b988f842e380dd5ceb56a6ad74",
      "displayName": "Dialog for Teams 中有什麼應用程式以及我該怎麼使用",
      "createdTime": "2021-11-17T07:59:36.9812657Z",
      "updatedTime": "2021-11-18T17:21:55.4766405Z",
      "createdUserId": "9c968d43-f7c2-4e28-895c-1f6bcefcd8be",
      "updatedUserId": "9c968d43-f7c2-4e28-895c-1f6bcefcd8be"
    }
  ],
  "botMessages": [
    {
      "channelContent": {
        "web": {
          "contentFormat": "Markdown",
          "content": "應用程式可以協助您從您最喜愛的服務中查找內容，並在 Teams 中使用。以下提供詳細說明："
        }
      },
      "id": "f04c24da-4f79-4e89-b5f3-566d0a91ce37",
      "createdTime": "2021-11-17T07:59:36.9812657Z",
      "updatedTime": "2021-11-17T07:59:36.9812657Z",
      "createdUserId": "9c968d43-f7c2-4e28-895c-1f6bcefcd8be",
      "updatedUserId": "9c968d43-f7c2-4e28-895c-1f6bcefcd8be"
    },
    {
      "channelContent": {
        "web": {
          "contentFormat": "Markdown",
          "content": "**使用聊天機器人**\n\n聊天機器人在頻道中提供解答、更新和説明。您可以與他們聊天，以獲得任務管理、日程安排等説明。"
        }
      },
      "id": "0ad2f4d6-41bc-40d4-a50e-06c6b130ddfa",
      "createdTime": "2021-11-17T07:59:49.148Z",
      "updatedTime": "2021-11-17T07:59:49.148Z",
      "createdUserId": "user-0",
      "updatedUserId": "user-0"
    },
    {
      "channelContent": {
        "web": {
          "contentFormat": "Markdown",
          "content": "**在索引標籤(Tab)上共享內容**\n\n索引標籤協助您從頻道中存取共用內容和功能。你可以連接到 Excel、常用網站、SharePoint,、OneNote 等各式服務。"
        }
      },
      "id": "3743a461-5053-4947-aeaa-239a25f455df",
      "createdTime": "2021-11-17T07:59:54.153Z",
      "updatedTime": "2021-11-17T07:59:54.153Z",
      "createdUserId": "user-0",
      "updatedUserId": "user-0"
    },
    {
      "channelContent": {
        "web": {
          "contentFormat": "Markdown",
          "content": "**從連接器獲取更新**\n\n連接器可以將更新和資訊直接發送到頻道。從推特、RSS 和 GitHub 等服務自動獲取資訊。"
        }
      },
      "id": "167e942c-2d37-4857-a430-1cad1ab005af",
      "createdTime": "2021-11-17T08:00:01.381Z",
      "updatedTime": "2021-11-17T08:00:01.381Z",
      "createdUserId": "user-0",
      "updatedUserId": "user-0"
    },
    {
      "channelContent": {
        "web": {
          "contentFormat": "Markdown",
          "content": "**在訊息中添加豐富的內容**\n\n這些應用程式從不同的服務中尋找內容，並直接將其發送到訊息中。您可以與和您交談的任何人分享天氣預報、每日新聞、圖像和影片等內容。"
        }
      },
      "id": "ea965c45-e086-408f-ab03-848a2e9c6a8d",
      "createdTime": "2021-11-17T08:00:06.612Z",
      "updatedTime": "2021-11-17T08:00:06.612Z",
      "createdUserId": "user-0",
      "updatedUserId": "user-0"
    },
    {
      "channelContent": {
        "web": {
          "contentFormat": "Markdown",
          "content": "**獲取或製作應用程式**\n\n透過商店在 Teams 中[添加機器人、標籤、連接器或訊息應用程式](https://support.microsoft.com/zh-tw/office/%E6%96%B0%E5%A2%9E%E6%87%89%E7%94%A8%E7%A8%8B%E5%BC%8F%E8%87%B3microsoft-teams-b2217706-f7ed-4e64-8e96-c413afd02f77)。如果您有興趣，您甚至可以[建立自己的客製化應用程式](https://docs.microsoft.com/zh-tw/microsoftteams/platform/)。"
        }
      },
      "id": "292710bf-3de6-4de4-a61e-38d3d03f324e",
      "createdTime": "2021-11-17T08:00:11.964Z",
      "updatedTime": "2021-11-17T08:00:11.964Z",
      "createdUserId": "user-0",
      "updatedUserId": "user-0"
    },
    {
      "channelContent": {
        "web": {
          "contentFormat": "Markdown",
          "content": "_這是一個很長的答案。_\n\n_您可能需要向上捲動🔼_"
        }
      },
      "id": "f936acc6-0b09-4f23-8dd0-8904d1ef0a2e",
      "createdTime": "2021-11-17T08:00:17.653Z",
      "updatedTime": "2021-11-17T08:00:17.653Z",
      "createdUserId": "user-0",
      "updatedUserId": "user-0"
    }
  ]
}