{
  "intents": [
    {
      "endUserOverrideName": "Gäst",
      "triggerQueries": [
        "kan vem som helst bjudas in som gäst?",
        "Kan vemsomhelst vara gäst?",
        "Vem kan vara gäst i våra team?",
        "Vilka kan vara gäst i Teams?",
        "Behöver gäster ha Microsoft 365?",
        "Måste gäster ha Office 365?",
        "måste gäster i Teams ha M365?",
        "kan man bjuda in personer som gäster via epost?",
        "Vad innebär det att vara gäst i Teams?",
        "Vad är en gäst i Teams?"
      ],
      "dialogId": "new_topic_2582bb496b7f4abcbbc65625dc4d8e30",
      "isTriggeringEnabled": true,
      "id": "new_topic_2582bb496b7f4abcbbc65625dc4d8e30",
      "displayName": "Vad är en gäst i Teams?",
      "description": "https://faqtimafiles.blob.core.windows.net/filesfortima-adoptbot/svenska frågor till adoptbot PVA (Swedish QnA for AdoptBot).docx",
      "createdTime": "2020-11-24T14:37:53.8230909Z",
      "updatedTime": "2021-01-14T16:33:33.3230858Z",
      "createdUserId": "f04d3cd9-b73d-4ba9-a1ed-9319eba29b21",
      "updatedUserId": "f04d3cd9-b73d-4ba9-a1ed-9319eba29b21"
    }
  ],
  "dialogs": [
    {
      "rootNodeId": "00f6a9df-3d12-4bad-ae57-f4246d350127",
      "messageNodes": [
        {
          "botMessageId": "9d1cb5cc-a789-4fc6-94c9-1449312ab640",
          "nodeType": "BotMessageNode",
          "id": "00f6a9df-3d12-4bad-ae57-f4246d350127",
          "defaultTargetNodeId": "882a723b-1688-4fff-ad1f-5e21e163031c"
        }
      ],
      "dialogChangeNodes": [
        {
          "targetDialogId": "new_topic_84ec227c19784e7ba25cb34f4638f91e_aeabea4d071f415c8c107e1cb7af5424_assumedsuccess",
          "nodeType": "DialogChangeNode",
          "id": "882a723b-1688-4fff-ad1f-5e21e163031c"
        }
      ],
      "id": "new_topic_2582bb496b7f4abcbbc65625dc4d8e30",
      "displayName": "Dialog for Vad är en gäst i Teams?",
      "createdTime": "2020-11-24T14:37:53.8230909Z",
      "updatedTime": "2020-12-11T16:13:23.3612177Z",
      "createdUserId": "f04d3cd9-b73d-4ba9-a1ed-9319eba29b21",
      "updatedUserId": "f04d3cd9-b73d-4ba9-a1ed-9319eba29b21"
    }
  ],
  "botMessages": [
    {
      "channelContent": {
        "web": {
          "contentFormat": "Markdown",
          "content": "Med gäståtkomst kan team i organisationen samarbeta med personer utanför organisationen genom att ge dem åtkomst till befintliga team och kanaler i Teams.\n\nAlla som har ett företags- eller vanligt e-postkonto, till exempel Outlook, Gmail eller andra, kan [bjudas in som gäster i Teams](https://support.microsoft.com/sv-se/office/l%C3%A4gga-till-g%C3%A4ster-till-ett-team-i-teams-fccb4fa6-f864-4508-bdde-256e7384a14f) och delta med åtkomst till teamchattar, möten och filer."
        }
      },
      "id": "9d1cb5cc-a789-4fc6-94c9-1449312ab640",
      "createdTime": "2020-11-24T14:37:53.8230909Z",
      "updatedTime": "2020-11-24T14:37:53.8230909Z",
      "createdUserId": "f04d3cd9-b73d-4ba9-a1ed-9319eba29b21",
      "updatedUserId": "f04d3cd9-b73d-4ba9-a1ed-9319eba29b21"
    }
  ]
}