{
  "intents": [
    {
      "intentType": "Regular",
      "endUserOverrideName": "Are files in OneDrive Offline accessible?",
      "triggerQueries": [
        "Are files in OneDrive Offline accessible?",
        "Are my saved documents in OneDrive available offline?",
        "Can I access my documents in onedrive offline?",
        "Can I access documents without a connection?",
        "Can I access documents in ondrive without Wifi?",
        "documents in OneDrive available offline?",
        "Are files in OneDrive offline?",
        "Are my saved documents in OneDrive also available offline?"
      ],
      "dialogId": "new_topic_4b2af1ccd0f046e6909297b20d266b1a",
      "isTriggeringEnabled": true,
      "id": "new_topic_4b2af1ccd0f046e6909297b20d266b1a",
      "displayName": "Are my saved documents in OneDrive also available offline?",
      "description": "https://adoptbotv2kb.blob.core.windows.net/%24web/AdoptBot2021-English.docx",
      "createdTime": "2021-01-13T22:20:51.2381463Z",
      "updatedTime": "2021-01-26T23:32:56.3700667Z",
      "createdUserId": "f04d3cd9-b73d-4ba9-a1ed-9319eba29b21",
      "updatedUserId": "f04d3cd9-b73d-4ba9-a1ed-9319eba29b21"
    }
  ],
  "dialogs": [
    {
      "rootNodeId": "03f64353-86a4-4304-9100-c245e5e681fb",
      "messageNodes": [
        {
          "botMessageId": "afdbdd0f-91f4-4acd-ac33-c19a680ef7f2",
          "nodeType": "BotMessageNode",
          "id": "03f64353-86a4-4304-9100-c245e5e681fb",
          "defaultTargetNodeId": "55760726-b0e2-4642-8dd3-13ab019607c7"
        },
        {
          "botMessageId": "16e1cb6b-4ad1-42c0-9545-72d543783872",
          "nodeType": "BotMessageNode",
          "id": "55760726-b0e2-4642-8dd3-13ab019607c7",
          "defaultTargetNodeId": "3d7ece4d-93a0-4cbc-b1fc-135bd0bd5905"
        }
      ],
      "dialogChangeNodes": [
        {
          "targetDialogId": "new_topic_eac3f49c99664313a9d9dc19d80a79a2_aeabea4d071f415c8c107e1cb7af5424_assumedsuccess",
          "nodeType": "DialogChangeNode",
          "id": "3d7ece4d-93a0-4cbc-b1fc-135bd0bd5905"
        }
      ],
      "id": "new_topic_4b2af1ccd0f046e6909297b20d266b1a",
      "displayName": "Dialog for Are my saved documents in OneDrive also available offline?",
      "createdTime": "2021-01-13T22:20:51.2381463Z",
      "updatedTime": "2021-01-26T23:34:01.4206248Z",
      "createdUserId": "f04d3cd9-b73d-4ba9-a1ed-9319eba29b21",
      "updatedUserId": "f04d3cd9-b73d-4ba9-a1ed-9319eba29b21"
    }
  ],
  "botMessages": [
    {
      "channelContent": {
        "web": {
          "contentFormat": "Markdown",
          "content": "If you are using Windows 10, OneDrive is preinstalled.\n\nTo access your documents when you are not connected to the Internet, open File Explorer on your PC and go to the OneDrive folder."
        }
      },
      "id": "afdbdd0f-91f4-4acd-ac33-c19a680ef7f2",
      "createdTime": "2021-01-13T22:20:51.2381463Z",
      "updatedTime": "2021-01-13T22:20:51.2381463Z",
      "createdUserId": "f04d3cd9-b73d-4ba9-a1ed-9319eba29b21",
      "updatedUserId": "f04d3cd9-b73d-4ba9-a1ed-9319eba29b21"
    },
    {
      "channelContent": {
        "web": {
          "contentFormat": "Markdown",
          "content": "When you reconnect, OneDrive updates the online versions with changes you made offline.\n\nVisit [OneDrive for Windows 10](https://go.microsoft.com/fwlink/p/?LinkID=717896) for more details."
        }
      },
      "id": "16e1cb6b-4ad1-42c0-9545-72d543783872",
      "createdTime": "2021-01-26T23:33:34.556Z",
      "updatedTime": "2021-01-26T23:33:34.556Z",
      "createdUserId": "user-0",
      "updatedUserId": "user-0"
    }
  ]
}