{
  "intents": [
    {
      "intentType": "Regular",
      "endUserOverrideName": "Record a meeting?",
      "triggerQueries": [
        "Record a meeting?",
        "start recording the meeting?",
        "record our meetings",
        "Record a meeting?",
        "Start a meeting recording",
        "How do I start recording the meeting",
        "I want to record my meeting",
        "How do I record a meeting?"
      ],
      "dialogId": "new_topic_3400c029419e4a6281299aec694508cd",
      "isTriggeringEnabled": true,
      "id": "new_topic_3400c029419e4a6281299aec694508cd",
      "displayName": "How do I record a meeting?",
      "description": "https://adoptbotv2kb.blob.core.windows.net/%24web/AdoptBot2021-English.docx",
      "createdTime": "2021-01-13T22:20:51.2381463Z",
      "updatedTime": "2021-01-24T20:48:18.959693Z",
      "createdUserId": "f04d3cd9-b73d-4ba9-a1ed-9319eba29b21",
      "updatedUserId": "f04d3cd9-b73d-4ba9-a1ed-9319eba29b21"
    }
  ],
  "dialogs": [
    {
      "rootNodeId": "fb552c0e-f59d-4cde-815f-6828f810c848",
      "messageNodes": [
        {
          "botMessageId": "fd509476-e7e9-4ae3-a99e-4dd035acf115",
          "nodeType": "BotMessageNode",
          "id": "fbdc4f41-5322-4066-bae2-fa3fffa208c0",
          "defaultTargetNodeId": "f2311b30-fd51-45e2-81f3-33f72a02103f"
        },
        {
          "botMessageId": "60f46231-be77-4e9f-88dc-c118935f0a38",
          "nodeType": "BotMessageNode",
          "id": "fb552c0e-f59d-4cde-815f-6828f810c848",
          "defaultTargetNodeId": "fbdc4f41-5322-4066-bae2-fa3fffa208c0"
        }
      ],
      "dialogChangeNodes": [
        {
          "targetDialogId": "new_topic_eac3f49c99664313a9d9dc19d80a79a2_aeabea4d071f415c8c107e1cb7af5424_assumedsuccess",
          "nodeType": "DialogChangeNode",
          "id": "f2311b30-fd51-45e2-81f3-33f72a02103f"
        }
      ],
      "id": "new_topic_3400c029419e4a6281299aec694508cd",
      "displayName": "Dialog for How do I record a meeting?",
      "createdTime": "2021-01-13T22:20:51.2381463Z",
      "updatedTime": "2021-01-27T20:14:57.6927773Z",
      "createdUserId": "f04d3cd9-b73d-4ba9-a1ed-9319eba29b21",
      "updatedUserId": "f04d3cd9-b73d-4ba9-a1ed-9319eba29b21"
    }
  ],
  "botMessages": [
    {
      "channelContent": {
        "web": {
          "contentFormat": "Markdown",
          "content": "**To start recording a meeting,**\n\n1.  Select **More options** (...) in your meeting controls and select **Start recording**.   \n     \n2.  Everyone in the meeting is informed that recording has started and a message in the chat confirms this.\n3.  **End recording** in the same way.\n\nRead more here: [How to record a meeting in Teams](https://support.microsoft.com/en-us/office/spela-in-ett-m%C3%B6te-i-teams-34dfbe7f-b07d-4a27-b4c6-de62f1348c24)"
        }
      },
      "id": "fd509476-e7e9-4ae3-a99e-4dd035acf115",
      "createdTime": "2021-01-13T22:20:51.2381463Z",
      "updatedTime": "2021-01-13T22:20:51.2381463Z",
      "createdUserId": "f04d3cd9-b73d-4ba9-a1ed-9319eba29b21",
      "updatedUserId": "f04d3cd9-b73d-4ba9-a1ed-9319eba29b21"
    },
    {
      "channelContent": {
        "web": {
          "contentFormat": "Markdown",
          "content": "To record a meeting, you need to start or join the meeting."
        }
      },
      "id": "60f46231-be77-4e9f-88dc-c118935f0a38",
      "createdTime": "2021-01-27T20:12:08.571Z",
      "updatedTime": "2021-01-27T20:12:08.571Z",
      "createdUserId": "user-0",
      "updatedUserId": "user-0"
    }
  ]
}