{
  "intents": [
    {
      "intentType": "Regular",
      "endUserOverrideName": "Simple tips for better meetings in Teams",
      "triggerQueries": [
        "Show me tips for Teams meetings?",
        "Teams tips for better meetings",
        "meeting tips in teams",
        "Tips on how to hold meetings in teams",
        "how do you have a good meeting in teams?",
        "are there tips for better meetings?",
        "How do I lead good meetings?",
        "Tips for Meetings in Teams",
        "show me tips on meetings",
        "are there any good meeting tips?",
        "Guidance for better meetings",
        "What to consider in digital meetings?",
        "How do you hold a remote meeting?",
        "simple meeting tips for beginners",
        "Simple tips for better Teams meetings?"
      ],
      "dialogId": "new_topic_caa0e76e6f8b48548496ead2e82cbf36",
      "isTriggeringEnabled": true,
      "id": "new_topic_caa0e76e6f8b48548496ead2e82cbf36",
      "displayName": "Simple tips for better Teams meetings?",
      "description": "https://adoptbotv2kb.blob.core.windows.net/%24web/AdoptBot2021-English.docx",
      "createdTime": "2021-01-13T22:20:51.2381463Z",
      "updatedTime": "2021-01-26T22:39:57.0294195Z",
      "createdUserId": "f04d3cd9-b73d-4ba9-a1ed-9319eba29b21",
      "updatedUserId": "f04d3cd9-b73d-4ba9-a1ed-9319eba29b21"
    }
  ],
  "dialogs": [
    {
      "rootNodeId": "067eca79-6275-4c67-9197-757276cd06ec",
      "messageNodes": [
        {
          "botMessageId": "9f593e8b-d6c0-410c-93db-0527184bdeec",
          "nodeType": "BotMessageNode",
          "id": "067eca79-6275-4c67-9197-757276cd06ec",
          "defaultTargetNodeId": "01c63b54-08dc-49ad-9165-7d71f57c284f"
        }
      ],
      "dialogChangeNodes": [
        {
          "targetDialogId": "new_topic_eac3f49c99664313a9d9dc19d80a79a2_aeabea4d071f415c8c107e1cb7af5424_assumedsuccess",
          "nodeType": "DialogChangeNode",
          "id": "01c63b54-08dc-49ad-9165-7d71f57c284f"
        }
      ],
      "id": "new_topic_caa0e76e6f8b48548496ead2e82cbf36",
      "displayName": "Dialog for Simple tips for better Teams meetings?",
      "createdTime": "2021-01-13T22:20:51.2381463Z",
      "updatedTime": "2021-01-26T22:41:04.4059698Z",
      "createdUserId": "f04d3cd9-b73d-4ba9-a1ed-9319eba29b21",
      "updatedUserId": "f04d3cd9-b73d-4ba9-a1ed-9319eba29b21"
    }
  ],
  "botMessages": [
    {
      "channelContent": {
        "web": {
          "contentFormat": "Markdown",
          "content": "Here are some [simple tips for better meetings](https://support.microsoft.com/en-us/office/tips-f%C3%B6r-b%C3%A4ttre-m%C3%B6ten-80640ac4-b009-42ea-abcb-660e729e63e5) with Microsoft Teams (with subtitles)."
        }
      },
      "id": "9f593e8b-d6c0-410c-93db-0527184bdeec",
      "createdTime": "2021-01-13T22:20:51.2381463Z",
      "updatedTime": "2021-01-13T22:20:51.2381463Z",
      "createdUserId": "f04d3cd9-b73d-4ba9-a1ed-9319eba29b21",
      "updatedUserId": "f04d3cd9-b73d-4ba9-a1ed-9319eba29b21"
    }
  ]
}