{
  "intents": [
    {
      "endUserOverrideName": "頻道名稱中的特殊字元",
      "triggerQueries": [
        "Add emojis or icons to channel name",
        "I can't name a channel what I want!",
        "are there any restrictions to channel names?",
        "Can I use special characters for my channel name?",
        "special characters in a channel name?",
        "which characters are allowed in channel names",
        "Emojis in channel names?",
        "icons or shapes in the channel name?",
        "Can channel names contain special characters or just letters?",
        "Special characters in channel names",
        "無法命名頻道",
        "頻道名稱使用特殊符號",
        "新增表情符號或是圖案至頻道名稱",
        "我無法按照想要的方式命名頻道",
        "頻道名稱的限制？",
        "我可以把特殊字元放進頻道名稱嗎",
        "頻道名稱和特殊字元",
        "哪些字元可以放進頻道名稱？",
        "頻道名稱表情符號",
        "頻道名稱的圖案或是形狀",
        "頻道名稱的內容",
        "頻道名稱可以包含特殊字元還是只能是文字",
        "頻道名稱的特殊字元",
        "我可以在頻道名稱中放特殊字元嗎"
      ],
      "dialogId": "new_topic_a3e894cc6d794a23adb19001e1678597",
      "isTriggeringEnabled": true,
      "id": "new_topic_a3e894cc6d794a23adb19001e1678597",
      "displayName": "頻道名稱使用特殊字元",
      "description": "https://adoptbotv2kb.blob.core.windows.net/%24web/AdoptBot2021-English.docx",
      "createdTime": "2021-11-17T03:53:09.5742528Z",
      "updatedTime": "2021-11-17T03:53:43.8245127Z",
      "createdUserId": "9c968d43-f7c2-4e28-895c-1f6bcefcd8be",
      "updatedUserId": "9c968d43-f7c2-4e28-895c-1f6bcefcd8be"
    }
  ],
  "dialogs": [
    {
      "rootNodeId": "1899e679-d711-4a34-a00c-fd04456581d6",
      "messageNodes": [
        {
          "botMessageId": "8ef6167b-1f07-4710-8685-ec74b3bc94f2",
          "nodeType": "BotMessageNode",
          "id": "1899e679-d711-4a34-a00c-fd04456581d6",
          "defaultTargetNodeId": "2665a6f2-e9d7-406f-a596-e44552a8d1e6"
        },
        {
          "botMessageId": "d1a1a1c6-485a-4ea9-b38d-63efd31b9186",
          "nodeType": "BotMessageNode",
          "id": "2665a6f2-e9d7-406f-a596-e44552a8d1e6",
          "defaultTargetNodeId": "a94679ac-3ebd-406e-8144-d01117e235f7"
        },
        {
          "botMessageId": "4f419689-66ab-4777-8101-b88c091132d5",
          "nodeType": "BotMessageNode",
          "id": "a94679ac-3ebd-406e-8144-d01117e235f7",
          "defaultTargetNodeId": "041946f0-9242-4c95-aad0-4df6626b1360"
        }
      ],
      "dialogChangeNodes": [
        {
          "targetDialogId": "new_topic_e2d1671328b941dbb60fa7150059b1ee_aeabea4d071f415c8c107e1cb7af5424_assumedsuccess",
          "nodeType": "DialogChangeNode",
          "id": "041946f0-9242-4c95-aad0-4df6626b1360"
        }
      ],
      "id": "new_topic_a3e894cc6d794a23adb19001e1678597",
      "displayName": "Dialog for 頻道名稱使用特殊字元",
      "createdTime": "2021-11-17T03:53:09.5742528Z",
      "updatedTime": "2021-11-17T03:53:43.8245127Z",
      "createdUserId": "9c968d43-f7c2-4e28-895c-1f6bcefcd8be",
      "updatedUserId": "9c968d43-f7c2-4e28-895c-1f6bcefcd8be"
    }
  ],
  "botMessages": [
    {
      "channelContent": {
        "web": {
          "contentFormat": "Markdown",
          "content": "先使用文字替頻道命名。之後再編輯名稱，便可加入特殊符號和表情符號。"
        }
      },
      "id": "8ef6167b-1f07-4710-8685-ec74b3bc94f2",
      "createdTime": "2021-11-17T03:53:09.5742528Z",
      "updatedTime": "2021-11-17T03:53:09.5742528Z",
      "createdUserId": "9c968d43-f7c2-4e28-895c-1f6bcefcd8be",
      "updatedUserId": "9c968d43-f7c2-4e28-895c-1f6bcefcd8be"
    },
    {
      "channelContent": {
        "web": {
          "contentFormat": "Markdown",
          "content": "**但頻道名稱不能有下列符號及文字:**\n\n*   字元：~ # % & \\* {{ }} + / \\\\ : < > ? |' ' .\n*   詞彙：Forms, CON, CONIN$, CONOUT$, PRN, AUX, NUL, COM1 to COM9, LPT1 to LPT9, desktop.ini, \\_vti\\_"
        }
      },
      "id": "d1a1a1c6-485a-4ea9-b38d-63efd31b9186",
      "createdTime": "2021-11-17T03:53:20.567Z",
      "updatedTime": "2021-11-17T03:53:20.567Z",
      "createdUserId": "user-0",
      "updatedUserId": "user-0"
    },
    {
      "channelContent": {
        "web": {
          "contentFormat": "Markdown",
          "content": "**請注意:**  頻道名稱開頭不能為底線(\\_)或句點(.)，也不能用句點結束(.)。"
        }
      },
      "id": "4f419689-66ab-4777-8101-b88c091132d5",
      "createdTime": "2021-11-17T03:53:27.242Z",
      "updatedTime": "2021-11-17T03:53:27.242Z",
      "createdUserId": "user-0",
      "updatedUserId": "user-0"
    }
  ]
}