{
  "intents": [
    {
      "endUserOverrideName": "Anpassen der Benachrichtigungen in Teams",
      "triggerQueries": [
        "Wie kann ich Teams Benachrichtigungen ändern?",
        "Wie kann ich Benachrichtigungen ändern?",
        "Wo kann ich Benachrichtigungen anpassen?",
        "Wie kann ich Benachrichtigungen anpassen?",
        "Benachrichtigungen verwalten",
        "Alarme verwalten",
        "Beachrichtigungen in Teams anpassen"
      ],
      "dialogId": "new_topic_43c517b00ce5499fb8671372fdeaa702",
      "isTriggeringEnabled": true,
      "id": "new_topic_43c517b00ce5499fb8671372fdeaa702",
      "displayName": "Wie ändere ich Benachrichtigungen in Teams?",
      "description": "https://adoptbotv2kb.blob.core.windows.net/%24web/AdoptBot2021-English.docx",
      "createdTime": "2021-04-18T10:12:46.6972504Z",
      "updatedTime": "2021-04-18T10:12:46.6972504Z",
      "createdUserId": "86360cd1-faa6-4d16-8a0c-ba3116c8a977"
    }
  ],
  "dialogs": [
    {
      "rootNodeId": "0efa4ebc-8adf-4b41-84ee-a5f6ec32bb09",
      "messageNodes": [
        {
          "botMessageId": "a2bd652e-0a1d-45e5-904d-8083340ae938",
          "nodeType": "BotMessageNode",
          "id": "0efa4ebc-8adf-4b41-84ee-a5f6ec32bb09",
          "defaultTargetNodeId": "220af53b-df72-48a4-9f4c-7e073f6f871f"
        },
        {
          "botMessageId": "f3a21115-4708-4fe3-b7f8-d416c71f03d4",
          "nodeType": "BotMessageNode",
          "id": "220af53b-df72-48a4-9f4c-7e073f6f871f",
          "defaultTargetNodeId": "446fe059-c020-4f99-90c5-b882665fdbea"
        },
        {
          "botMessageId": "44425d35-40f6-4abd-aacf-9ad19c0610a2",
          "nodeType": "BotMessageNode",
          "id": "446fe059-c020-4f99-90c5-b882665fdbea",
          "defaultTargetNodeId": "cacc8ddd-3f45-484d-bc5e-ccabdf895855"
        },
        {
          "botMessageId": "bc3728fb-3451-4c75-9ced-f0e4a90b9f34",
          "nodeType": "BotMessageNode",
          "id": "cacc8ddd-3f45-484d-bc5e-ccabdf895855",
          "defaultTargetNodeId": "29b54124-2c3d-49ce-afcb-1673be7c4b00"
        }
      ],
      "dialogChangeNodes": [
        {
          "targetDialogId": "new_topic_30867099f4b543d3b8543a85c22c3418_aeabea4d071f415c8c107e1cb7af5424_assumedsuccess",
          "nodeType": "DialogChangeNode",
          "id": "29b54124-2c3d-49ce-afcb-1673be7c4b00"
        }
      ],
      "id": "new_topic_43c517b00ce5499fb8671372fdeaa702",
      "displayName": "Dialog for Wie ändere ich Benachrichtigungen in Teams?",
      "createdTime": "2021-04-18T10:12:46.6972504Z",
      "updatedTime": "2021-04-18T10:15:21.226658Z",
      "createdUserId": "86360cd1-faa6-4d16-8a0c-ba3116c8a977",
      "updatedUserId": "86360cd1-faa6-4d16-8a0c-ba3116c8a977"
    }
  ],
  "botMessages": [
    {
      "channelContent": {
        "web": {
          "contentFormat": "Markdown",
          "content": "Microsoft Teams bietet verschiedene Möglichkeiten, um auf Benachrichtigungen zuzugreifen, sie zu empfangen und zu verwalten.\n\n[Verwalten von Benachrichtigungen in Teams](https://support.microsoft.com/de-de/office/verwalten-von-benachrichtigungen-in-teams-1cc31834-5fe5-412b-8edb-43fecc78413d?ui=de-DE&rs=de-DE&ad=DE)"
        }
      },
      "id": "a2bd652e-0a1d-45e5-904d-8083340ae938",
      "createdTime": "2021-04-18T10:12:46.6972504Z",
      "updatedTime": "2021-04-18T10:12:46.6972504Z",
      "createdUserId": "86360cd1-faa6-4d16-8a0c-ba3116c8a977",
      "updatedUserId": "86360cd1-faa6-4d16-8a0c-ba3116c8a977"
    },
    {
      "channelContent": {
        "web": {
          "contentFormat": "Markdown",
          "content": "Diese Einstellungen umfassen, wie, wann und wo Ihre Benachrichtigungen angezeigt werden, benutzerdefinierte Einstellungen für Kanäle und Chat, Aussehen und Töne, Ausschalten bestimmter Nachrichten und so weiter."
        }
      },
      "id": "f3a21115-4708-4fe3-b7f8-d416c71f03d4",
      "createdTime": "2021-04-18T10:14:06.518Z",
      "updatedTime": "2021-04-18T10:14:06.518Z",
      "createdUserId": "user-0",
      "updatedUserId": "user-0"
    },
    {
      "channelContent": {
        "web": {
          "contentFormat": "Markdown",
          "content": "Um Ihre Benachrichtigungen zu verwalten, wählen Sie oben rechts in Teams Ihr Profil und dann **Einstellungen** > **Benachrichtigungen aus.**"
        }
      },
      "id": "44425d35-40f6-4abd-aacf-9ad19c0610a2",
      "createdTime": "2021-04-18T10:14:11.236Z",
      "updatedTime": "2021-04-18T10:14:11.236Z",
      "createdUserId": "user-0",
      "updatedUserId": "user-0"
    },
    {
      "channelContent": {
        "web": {
          "contentFormat": "Markdown",
          "content": "💡 **Tipp**: [Wissenswertes über Benachrichtigungen in Teams](https://support.microsoft.com/de-de/office/sechs-wissenswerte-infos-%c3%bcber-benachrichtigungen-abb62c60-3d15-4968-b86a-42fea9c22cf4?ui=de-DE&rs=de-DE&ad=DE)"
        }
      },
      "id": "bc3728fb-3451-4c75-9ced-f0e4a90b9f34",
      "createdTime": "2021-04-18T10:14:49.476Z",
      "updatedTime": "2021-04-18T10:14:49.476Z",
      "createdUserId": "user-0",
      "updatedUserId": "user-0"
    }
  ],
  "createdUtc": "0001-01-01T00:00:00Z"
}