{
  "intents": [
    {
      "triggerQueries": [
        "Wie greift ein Benutzer auf seine Konferenz-ID zu oder ändert sie?",
        "Meine Konferenz-ID ändern",
        "Konferenz-ID ändern",
        "Ändern einer Konferenz-ID",
        "Wie ändert oder setzt ein Benutzer seine Konferenz-ID?"
      ],
      "dialogId": "new_topic_f03eaeb43119430ba12332b00a0980d3",
      "isTriggeringEnabled": true,
      "id": "new_topic_f03eaeb43119430ba12332b00a0980d3",
      "displayName": "Wie greift ein Benutzer auf seine Konferenz-ID zu oder ändert sie?",
      "description": "",
      "createdTime": "2021-04-19T08:13:30.6400093Z",
      "updatedTime": "2021-04-19T08:15:31.799528Z",
      "createdUserId": "d4c65e50-fb5c-4311-830a-05b59a11dd48"
    }
  ],
  "dialogs": [
    {
      "rootNodeId": "75776b1e-3cdc-44fb-9387-b57e4087b03a",
      "messageNodes": [
        {
          "botMessageId": "6f49e511-824f-4295-beb5-2320f8475584",
          "nodeType": "BotMessageNode",
          "id": "75776b1e-3cdc-44fb-9387-b57e4087b03a",
          "defaultTargetNodeId": "40a9cf57-ce28-446e-ad21-e2b57bb8c56f"
        }
      ],
      "dialogChangeNodes": [
        {
          "targetDialogId": "new_topic_30867099f4b543d3b8543a85c22c3418_aeabea4d071f415c8c107e1cb7af5424_assumedsuccess",
          "nodeType": "DialogChangeNode",
          "id": "40a9cf57-ce28-446e-ad21-e2b57bb8c56f"
        }
      ],
      "id": "new_topic_f03eaeb43119430ba12332b00a0980d3",
      "displayName": "Dialog for Wie greift ein Benutzer auf seine Konferenz-ID zu oder ändert sie?",
      "createdTime": "2021-04-19T08:13:30.6400093Z",
      "updatedTime": "2021-04-21T09:53:55.5875277Z",
      "createdUserId": "d4c65e50-fb5c-4311-830a-05b59a11dd48",
      "updatedUserId": "86360cd1-faa6-4d16-8a0c-ba3116c8a977"
    }
  ],
  "botMessages": [
    {
      "channelContent": {
        "web": {
          "contentFormat": "Markdown",
          "content": "Eine Person, die Microsoft Teams verwendet, kann die zugewiesene Konferenz-ID finden, in dem sie eine Besprechung in Teams, in Outlook oder Outlook im Web plant. Benutzer und Benutzerinnen können die Konferenz-ID auch in der E-Mail finden, die ihnen bei der Buchung der Besprechung gesendet wird.\n\nBenutzer und Benutzerinnen können ihre Konferenz-ID nicht wiederherstellen. Die Konferenz-ID kann nur vom Administrator für Ihre Organisation zurückgesetzt werden."
        }
      },
      "id": "6f49e511-824f-4295-beb5-2320f8475584",
      "createdTime": "2021-04-19T08:13:30.6400093Z",
      "updatedTime": "2021-04-19T08:13:30.6400093Z",
      "createdUserId": "d4c65e50-fb5c-4311-830a-05b59a11dd48",
      "updatedUserId": "d4c65e50-fb5c-4311-830a-05b59a11dd48"
    }
  ],
  "createdUtc": "0001-01-01T00:00:00Z"
}