{
  "intents": [
    {
      "triggerQueries": [
        "Mobile 모바일 App 앱 Team 팀 Meeting 회의 참여 참가",
        "휴대폰 전화기 Team 팀 회의 참여 어떻게 방법",
        "전화 폰 휴대폰 모바일 회의 참여",
        "내 전화기에서 회의에 참여하려면 어떻게 해야 하나요?"
      ],
      "dialogId": "new_topic_b63f4454d04048fbb5873197bdabfded",
      "isTriggeringEnabled": true,
      "id": "new_topic_b63f4454d04048fbb5873197bdabfded",
      "displayName": "내 전화기에서 회의에 참여하려면 어떻게 해야 하나요?",
      "description": "https://adoptbotv2kb.blob.core.windows.net/%24web/adoptbot2021-Korean.docx",
      "createdTime": "2021-03-18T03:39:18.7466553Z",
      "updatedTime": "2021-04-05T08:35:50.5917773Z",
      "createdUserId": "e47109d8-0300-4e59-a90d-56bb29886c9e",
      "updatedUserId": "e47109d8-0300-4e59-a90d-56bb29886c9e"
    }
  ],
  "dialogs": [
    {
      "rootNodeId": "d7fc22ac-aed6-4c5b-8c6b-7fea59c672c7",
      "messageNodes": [
        {
          "botMessageId": "c1719096-f385-4a8e-94dc-df933d959cd5",
          "nodeType": "BotMessageNode",
          "id": "d7fc22ac-aed6-4c5b-8c6b-7fea59c672c7",
          "defaultTargetNodeId": "ce754e88-c5c2-410d-8685-fcd252646c80"
        }
      ],
      "dialogChangeNodes": [
        {
          "targetDialogId": "new_topic_2bf23930c1d146129dfe38bacb94ccd0_aeabea4d071f415c8c107e1cb7af5424_assumedsuccess",
          "nodeType": "DialogChangeNode",
          "id": "ce754e88-c5c2-410d-8685-fcd252646c80"
        }
      ],
      "id": "new_topic_b63f4454d04048fbb5873197bdabfded",
      "displayName": "Dialog for 내 전화기에서 회의에 참여하려면 어떻게 해야 하나요?",
      "createdTime": "2021-03-18T03:39:18.7466553Z",
      "updatedTime": "2021-04-05T08:31:58.9277525Z",
      "createdUserId": "e47109d8-0300-4e59-a90d-56bb29886c9e",
      "updatedUserId": "e47109d8-0300-4e59-a90d-56bb29886c9e"
    }
  ],
  "botMessages": [
    {
      "channelContent": {
        "web": {
          "contentFormat": "Markdown",
          "content": "모바일 장치에서, Teams 앱을 열고 캘린더를 탭합니다. 그후 원하는 모임에 대한 참가 버튼을 클릭합니다. \n\n[더 많은 옵션에 대해 이 링크를 참조하세요](https://support.microsoft.com/ko-kr/office/ansluta-till-ett-m%C3%B6te-i-teams-1613bb53-f3fa-431e-85a9-d6a91e3468c9)"
        }
      },
      "id": "c1719096-f385-4a8e-94dc-df933d959cd5",
      "createdTime": "2021-03-18T03:39:18.7466553Z",
      "updatedTime": "2021-03-18T03:39:18.7466553Z",
      "createdUserId": "e47109d8-0300-4e59-a90d-56bb29886c9e",
      "updatedUserId": "e47109d8-0300-4e59-a90d-56bb29886c9e"
    }
  ],
  "createdUtc": "0001-01-01T00:00:00Z"
}