{
  "intents": [
    {
      "intentType": "Regular",
      "endUserOverrideName": "Difference between a team and a channel?",
      "triggerQueries": [
        "Difference between a team and a channel?",
        "What distinguishes a team from a channel?",
        "What is a team and what is a channel",
        "Are teams and channels different?",
        "team vs channel what's the difference?",
        "differences between channels and teams",
        "When to use a team and when to use a channel?",
        "Team or channel, what should I choose",
        "What is a channel and what is a team",
        "difference channel and team",
        "What's the difference between a team and a channel?"
      ],
      "dialogId": "new_topic_bfcba8b940514b07a011d971bb69637b",
      "isTriggeringEnabled": true,
      "id": "new_topic_bfcba8b940514b07a011d971bb69637b",
      "displayName": "What's the difference between a team and a channel?",
      "description": "https://adoptbotv2kb.blob.core.windows.net/%24web/AdoptBot2021-English.docx",
      "createdTime": "2021-01-13T22:20:51.2371466Z",
      "updatedTime": "2021-01-24T21:08:24.4769853Z",
      "createdUserId": "f04d3cd9-b73d-4ba9-a1ed-9319eba29b21",
      "updatedUserId": "f04d3cd9-b73d-4ba9-a1ed-9319eba29b21"
    }
  ],
  "dialogs": [
    {
      "rootNodeId": "e2dc4a12-7a3d-4f90-a336-3509169251bf",
      "messageNodes": [
        {
          "botMessageId": "857aa58f-d405-4c86-bd40-f3593713a371",
          "nodeType": "BotMessageNode",
          "id": "e2dc4a12-7a3d-4f90-a336-3509169251bf",
          "defaultTargetNodeId": "214aefeb-70a7-4dcf-b526-7ab0eeb17ef4"
        },
        {
          "botMessageId": "c96a5579-4b95-4826-8d67-2a48c06a4db1",
          "nodeType": "BotMessageNode",
          "id": "5f1826ad-bb49-4cfa-885b-4d8ecf7d0057",
          "defaultTargetNodeId": "10da3916-c6dd-4910-817e-d4b857708087"
        },
        {
          "botMessageId": "6f4921d1-16c5-44de-813c-f532dac4a6a9",
          "nodeType": "BotMessageNode",
          "id": "10da3916-c6dd-4910-817e-d4b857708087",
          "defaultTargetNodeId": "92334005-35f4-40b6-8f49-ddb31ab0fef0"
        },
        {
          "botMessageId": "662ee488-871e-47a2-8fe5-4fe3f29fc5e9",
          "nodeType": "BotMessageNode",
          "id": "92334005-35f4-40b6-8f49-ddb31ab0fef0",
          "defaultTargetNodeId": "e32eb4c4-d4ae-430d-83c5-284ff62b7a84"
        },
        {
          "botMessageId": "70168e01-4c9a-44f0-b795-cda22e3673ba",
          "nodeType": "BotMessageNode",
          "id": "214aefeb-70a7-4dcf-b526-7ab0eeb17ef4",
          "defaultTargetNodeId": "5f1826ad-bb49-4cfa-885b-4d8ecf7d0057"
        }
      ],
      "dialogChangeNodes": [
        {
          "targetDialogId": "new_topic_eac3f49c99664313a9d9dc19d80a79a2_aeabea4d071f415c8c107e1cb7af5424_assumedsuccess",
          "nodeType": "DialogChangeNode",
          "id": "e32eb4c4-d4ae-430d-83c5-284ff62b7a84"
        }
      ],
      "id": "new_topic_bfcba8b940514b07a011d971bb69637b",
      "displayName": "Dialog for What's the difference between a team and a channel?",
      "createdTime": "2021-01-13T22:20:51.2371466Z",
      "updatedTime": "2021-01-27T20:50:16.409127Z",
      "createdUserId": "f04d3cd9-b73d-4ba9-a1ed-9319eba29b21",
      "updatedUserId": "f04d3cd9-b73d-4ba9-a1ed-9319eba29b21"
    }
  ],
  "botMessages": [
    {
      "channelContent": {
        "web": {
          "contentFormat": "Markdown",
          "content": "**A team is** a group of people gathered to get something big done in your organization. Sometimes it's your entire organization."
        }
      },
      "id": "857aa58f-d405-4c86-bd40-f3593713a371",
      "createdTime": "2021-01-13T22:20:51.2371466Z",
      "updatedTime": "2021-01-13T22:20:51.2371466Z",
      "createdUserId": "f04d3cd9-b73d-4ba9-a1ed-9319eba29b21",
      "updatedUserId": "f04d3cd9-b73d-4ba9-a1ed-9319eba29b21"
    },
    {
      "channelContent": {
        "web": {
          "contentFormat": "Markdown",
          "content": "**A team consists of channels**, where you collaborate and communicate with your team members. Each channel is dedicated to a specific topic, department, or project."
        }
      },
      "id": "c96a5579-4b95-4826-8d67-2a48c06a4db1",
      "createdTime": "2021-01-27T20:46:42.395Z",
      "updatedTime": "2021-01-27T20:46:42.395Z",
      "createdUserId": "user-0",
      "updatedUserId": "user-0"
    },
    {
      "channelContent": {
        "web": {
          "contentFormat": "Markdown",
          "content": "**For example**, a team might have general, marketing, inspiration, and more channels. All conversations, meetings, files, and apps in your marketing channel have to do with marketing, and everything in that channel is visible to everyone on your team."
        }
      },
      "id": "6f4921d1-16c5-44de-813c-f532dac4a6a9",
      "createdTime": "2021-01-27T20:46:58.78Z",
      "updatedTime": "2021-01-27T20:46:58.78Z",
      "createdUserId": "user-0",
      "updatedUserId": "user-0"
    },
    {
      "channelContent": {
        "web": {
          "contentFormat": "Markdown",
          "content": "**Channels are** where the work actually gets done, where [text, audio, and video conversations](https://support.microsoft.com/en-us/office/meetings-in-teams-e0b0ae21-53ee-4462-a50d-ca9b9e217b67) for the entire team take place openly, where files are shared, and where [apps are added.](https://support.microsoft.com/en-us/office/add-an-app-to-microsoft-teams-b2217706-f7ed-4e64-8e96-c413afd02f77)"
        }
      },
      "id": "662ee488-871e-47a2-8fe5-4fe3f29fc5e9",
      "createdTime": "2021-01-27T20:47:16.708Z",
      "updatedTime": "2021-01-27T20:47:16.708Z",
      "createdUserId": "user-0",
      "updatedUserId": "user-0"
    },
    {
      "channelContent": {
        "web": {
          "contentFormat": "Markdown",
          "content": "**Channel conversations are public**, but **chats are just between you and someone else (or a group of people)**. Think of the latter like instant messages in Skype for Business or other messaging apps."
        }
      },
      "id": "70168e01-4c9a-44f0-b795-cda22e3673ba",
      "createdTime": "2021-01-27T20:48:31.126Z",
      "updatedTime": "2021-01-27T20:48:31.126Z",
      "createdUserId": "user-0",
      "updatedUserId": "user-0"
    }
  ]
}