{
  "intents": [
    {
      "endUserOverrideName": "Van Skype naar Teams",
      "triggerQueries": [
        "skype",
        "tips skype",
        "tips voor skype naar teams",
        "hoe ga je van skype naar teams",
        "Waar is skype",
        "Is Teams hetzelfde als skype"
      ],
      "dialogId": "new_topic_5c4e1ebb4bf54d2895d44e7e6d1e95c1",
      "isTriggeringEnabled": true,
      "id": "new_topic_5c4e1ebb4bf54d2895d44e7e6d1e95c1",
      "displayName": "Van Skype naar Teams",
      "description": "",
      "createdTime": "2021-03-17T14:02:29.4199126Z",
      "updatedTime": "2021-03-29T23:00:39.6253263Z",
      "createdUserId": "c1e90dc0-1df0-459d-8164-0dcb7915deaf",
      "updatedUserId": "c1e90dc0-1df0-459d-8164-0dcb7915deaf"
    }
  ],
  "dialogs": [
    {
      "rootNodeId": "51ea662c-8745-4568-b7b7-5ea11d23285d",
      "messageNodes": [
        {
          "botMessageId": "e21b9b89-6290-4741-b2e6-21fa5ec1ac7a",
          "nodeType": "BotMessageNode",
          "id": "51ea662c-8745-4568-b7b7-5ea11d23285d",
          "defaultTargetNodeId": "cdc4717c-46a0-400c-b29c-0b78c02b262e"
        },
        {
          "botMessageId": "9a1a3774-aff8-4dc2-a672-f92aba035451",
          "nodeType": "BotMessageNode",
          "id": "cdc4717c-46a0-400c-b29c-0b78c02b262e",
          "defaultTargetNodeId": "f6b93eb9-b8d3-4afa-ad9d-6182ea3c4fef"
        },
        {
          "botMessageId": "787991b9-7dcd-497c-8516-6218ea9d3636",
          "nodeType": "BotMessageNode",
          "id": "f6b93eb9-b8d3-4afa-ad9d-6182ea3c4fef",
          "defaultTargetNodeId": "08c4f2cd-9b91-4fd7-9bb7-507db67fa7d1"
        }
      ],
      "dialogChangeNodes": [
        {
          "targetDialogId": "new_topic_9d295c394a47419da3b4d205b7ed4c20_aeabea4d071f415c8c107e1cb7af5424_assumedsuccess",
          "nodeType": "DialogChangeNode",
          "id": "08c4f2cd-9b91-4fd7-9bb7-507db67fa7d1"
        }
      ],
      "id": "new_topic_5c4e1ebb4bf54d2895d44e7e6d1e95c1",
      "displayName": "Dialog for Van Skype naar Teams",
      "createdTime": "2021-03-17T14:02:29.4199126Z",
      "updatedTime": "2021-03-29T23:01:22.7871398Z",
      "createdUserId": "c1e90dc0-1df0-459d-8164-0dcb7915deaf",
      "updatedUserId": "c1e90dc0-1df0-459d-8164-0dcb7915deaf"
    }
  ],
  "botMessages": [
    {
      "channelContent": {
        "web": {
          "contentFormat": "Markdown",
          "content": "🔔U vindt bekende functies als u de overstap maakt van Skype voor Bedrijven naar Microsoft Teams, plus een aantal nieuwe dingen!"
        }
      },
      "id": "e21b9b89-6290-4741-b2e6-21fa5ec1ac7a",
      "createdTime": "2021-03-17T14:02:29.4199126Z",
      "updatedTime": "2021-03-17T14:02:29.4199126Z",
      "createdUserId": "c1e90dc0-1df0-459d-8164-0dcb7915deaf",
      "updatedUserId": "c1e90dc0-1df0-459d-8164-0dcb7915deaf"
    },
    {
      "channelContent": {
        "web": {
          "contentFormat": "Markdown",
          "content": "*   [Teams en kanalen voor](https://support.microsoft.com/nl-nl/office/learn-about-teams-and-channels-5e4fd702-85f5-48d7-ae14-98821a1f90d3) projecten, gesprekken, bestanden en vergaderingen op één plek\n*   [Integratie van Office-apps](https://support.microsoft.com/nl-nl/office/five-things-to-know-about-apps-in-microsoft-teams-747492ee-7cdd-4115-a993-8c7e7f98a3d0#bkmk_tabs)\n*   Integratie van [andere apps](https://appsource.microsoft.com/nl-NL/marketplace/apps?product=teams)\n*   Aanpasbare [apps en bots](https://support.microsoft.com/nl-nl/office/five-things-to-know-about-apps-in-microsoft-teams-747492ee-7cdd-4115-a993-8c7e7f98a3d0)\n*   @mentions om [iemands aandacht](https://support.microsoft.com/nl-nl/office/use-mentions-to-get-someone-s-attention-in-teams-eb4f059d-320e-454e-b111-03361d4d6855) te trekken"
        }
      },
      "id": "9a1a3774-aff8-4dc2-a672-f92aba035451",
      "createdTime": "2021-03-17T14:03:09.124Z",
      "updatedTime": "2021-03-17T14:03:09.124Z",
      "createdUserId": "user-0",
      "updatedUserId": "user-0"
    },
    {
      "channelContent": {
        "web": {
          "contentFormat": "Markdown",
          "content": "💡Als u dit nuttig vond, is er een hele handleiding voor [het maken van de overstap naar Teams vanuit Skype voor Bedrijven.](https://support.microsoft.com/nl-nl/office/switch-to-teams-from-skype-for-business-6295a0ae-4e8e-4bba-a100-64cc951cc964)"
        }
      },
      "id": "787991b9-7dcd-497c-8516-6218ea9d3636",
      "createdTime": "2021-03-17T14:03:32.205Z",
      "updatedTime": "2021-03-17T14:03:32.205Z",
      "createdUserId": "user-0",
      "updatedUserId": "user-0"
    }
  ],
  "createdUtc": "0001-01-01T00:00:00Z"
}