{
  "intents": [
    {
      "triggerQueries": [
        "Hvor mye kan jeg lagre i OneDrive?",
        "Hvor stor lagring har OneDrive?",
        "Hvor mye OneDrive-plass får jeg med Microsoft 365?"
      ],
      "dialogId": "new_topic_be7f1bfac2174168981626e4ae2eb7b5",
      "isTriggeringEnabled": true,
      "id": "new_topic_be7f1bfac2174168981626e4ae2eb7b5",
      "displayName": "Hvor mye OneDrive-plass får jeg med Microsoft 365?",
      "description": "",
      "createdTime": "2021-04-12T15:26:09.1119458Z",
      "updatedTime": "2021-04-12T15:26:09.1119458Z",
      "createdUserId": "ef0c8b9a-eff1-49f8-92fa-fd1d3e15e1ba"
    }
  ],
  "dialogs": [
    {
      "rootNodeId": "fa17c47b-e725-4310-96ca-222bb4365c68",
      "messageNodes": [
        {
          "botMessageId": "29d2488c-6087-41b3-aaed-82fbd70a44d0",
          "nodeType": "BotMessageNode",
          "id": "fa17c47b-e725-4310-96ca-222bb4365c68",
          "defaultTargetNodeId": "b2e0f189-62e5-4ad2-b954-2e8eae4b0dbc"
        },
        {
          "botMessageId": "55bfecc6-290e-48fb-b9c4-ae87c092b2df",
          "nodeType": "BotMessageNode",
          "id": "b2e0f189-62e5-4ad2-b954-2e8eae4b0dbc",
          "defaultTargetNodeId": "b869eab6-3fc8-4b26-bbfb-67bd28b319f1"
        }
      ],
      "dialogChangeNodes": [
        {
          "targetDialogId": "new_topic_89c49d37fd4c4c1c9144396960733ce1_aeabea4d071f415c8c107e1cb7af5424_assumedsuccess",
          "nodeType": "DialogChangeNode",
          "id": "b869eab6-3fc8-4b26-bbfb-67bd28b319f1"
        }
      ],
      "id": "new_topic_be7f1bfac2174168981626e4ae2eb7b5",
      "displayName": "Dialog for Hvor mye OneDrive-plass får jeg med Microsoft 365?",
      "createdTime": "2021-04-12T15:26:09.1119458Z",
      "updatedTime": "2021-04-12T15:26:26.895379Z",
      "createdUserId": "ef0c8b9a-eff1-49f8-92fa-fd1d3e15e1ba",
      "updatedUserId": "ef0c8b9a-eff1-49f8-92fa-fd1d3e15e1ba"
    }
  ],
  "botMessages": [
    {
      "channelContent": {
        "web": {
          "contentFormat": "Markdown",
          "content": "Standard lagringsplass for brukere i OneDrive er 1 TB (1000 GB)."
        }
      },
      "id": "29d2488c-6087-41b3-aaed-82fbd70a44d0",
      "createdTime": "2021-04-12T15:26:09.1119458Z",
      "updatedTime": "2021-04-12T15:26:09.1119458Z",
      "createdUserId": "ef0c8b9a-eff1-49f8-92fa-fd1d3e15e1ba",
      "updatedUserId": "ef0c8b9a-eff1-49f8-92fa-fd1d3e15e1ba"
    },
    {
      "channelContent": {
        "web": {
          "contentFormat": "Markdown",
          "content": "[Avhengig av lisensieringen](https://docs.microsoft.com/nb-no/onedrive/set-default-storage-space) man har kan dette økes til 5 TB (5000 GB) per bruker."
        }
      },
      "id": "55bfecc6-290e-48fb-b9c4-ae87c092b2df",
      "createdTime": "2021-04-12T15:26:17.622Z",
      "updatedTime": "2021-04-12T15:26:17.622Z",
      "createdUserId": "user-0",
      "updatedUserId": "user-0"
    }
  ],
  "createdUtc": "0001-01-01T00:00:00Z"
}