{
  "intents": [
    {
      "triggerQueries": [
        "채널 대화 보낸 메세지 메시지 편집",
        "보낸 것 메시지 메세지 바꾸고 변경",
        "보낸 메세지 메시지 변경",
        "보낸 메세지 메시지 편집 방법",
        "보낸 메시지를 편집하려면 어떻게 해야 합니까?"
      ],
      "dialogId": "new_topic_854293ea99c14b6abe2118a126b8ac60",
      "isTriggeringEnabled": true,
      "id": "new_topic_854293ea99c14b6abe2118a126b8ac60",
      "displayName": "보낸 메시지를 편집하려면 어떻게 해야 합니까?",
      "description": "https://adoptbotv2kb.blob.core.windows.net/%24web/adoptbot2021-Korean.docx",
      "createdTime": "2021-03-18T03:39:18.7466553Z",
      "updatedTime": "2021-04-06T08:12:21.6535075Z",
      "createdUserId": "e47109d8-0300-4e59-a90d-56bb29886c9e",
      "updatedUserId": "e47109d8-0300-4e59-a90d-56bb29886c9e"
    }
  ],
  "dialogs": [
    {
      "rootNodeId": "8b579c91-0070-43b5-8350-411692488ef8",
      "messageNodes": [
        {
          "botMessageId": "c772926e-12f6-4d8d-9c9b-435686de013a",
          "nodeType": "BotMessageNode",
          "id": "057f047a-e9d4-4f43-baaf-3fc071a8aff3",
          "defaultTargetNodeId": "3402214f-a435-45ce-9b52-2b382a90c824"
        },
        {
          "botMessageId": "39492cea-b336-4d1b-90c0-4227abb37b76",
          "nodeType": "BotMessageNode",
          "id": "8b579c91-0070-43b5-8350-411692488ef8",
          "defaultTargetNodeId": "057f047a-e9d4-4f43-baaf-3fc071a8aff3"
        },
        {
          "botMessageId": "770bdb20-83e2-477b-a0f6-865506715d1b",
          "nodeType": "BotMessageNode",
          "id": "3402214f-a435-45ce-9b52-2b382a90c824",
          "defaultTargetNodeId": "57bfdac6-bd2a-4319-8b37-01699394e70c"
        }
      ],
      "dialogChangeNodes": [
        {
          "targetDialogId": "new_topic_2bf23930c1d146129dfe38bacb94ccd0_aeabea4d071f415c8c107e1cb7af5424_assumedsuccess",
          "nodeType": "DialogChangeNode",
          "id": "57bfdac6-bd2a-4319-8b37-01699394e70c"
        }
      ],
      "id": "new_topic_854293ea99c14b6abe2118a126b8ac60",
      "displayName": "Dialog for 보낸 메시지를 편집하려면 어떻게 해야 합니까?",
      "createdTime": "2021-03-18T03:39:18.7466553Z",
      "updatedTime": "2021-04-06T08:05:39.5320747Z",
      "createdUserId": "e47109d8-0300-4e59-a90d-56bb29886c9e",
      "updatedUserId": "e47109d8-0300-4e59-a90d-56bb29886c9e"
    }
  ],
  "botMessages": [
    {
      "channelContent": {
        "web": {
          "contentFormat": "Markdown",
          "content": "1.  메시지로 이동하여, 기타 옵션(…) > 편집을 선택합니다.\n2.  메시지를 변경한 다음 엔터를 눌러 업데이트를 저장합니다.\n\n보낸 메시지를 변경할 수 있는 횟수에는 제한이 없습니다."
        }
      },
      "id": "c772926e-12f6-4d8d-9c9b-435686de013a",
      "createdTime": "2021-03-18T03:39:18.7466553Z",
      "updatedTime": "2021-03-18T03:39:18.7466553Z",
      "createdUserId": "e47109d8-0300-4e59-a90d-56bb29886c9e",
      "updatedUserId": "e47109d8-0300-4e59-a90d-56bb29886c9e"
    },
    {
      "channelContent": {
        "web": {
          "contentFormat": "Markdown",
          "content": "채팅 또는 채널로 보낸 모든 메시지를 편집할 수 있습니다."
        }
      },
      "id": "39492cea-b336-4d1b-90c0-4227abb37b76",
      "createdTime": "2021-04-06T08:04:42.57Z",
      "updatedTime": "2021-04-06T08:04:42.57Z",
      "createdUserId": "user-0",
      "updatedUserId": "user-0"
    },
    {
      "channelContent": {
        "web": {
          "contentFormat": "Markdown",
          "content": "**참고**: 일부 조직 또는 일부 팀에서 이 옵션을 비활성화했을 수 있습니다."
        }
      },
      "id": "770bdb20-83e2-477b-a0f6-865506715d1b",
      "createdTime": "2021-04-06T08:05:30.663Z",
      "updatedTime": "2021-04-06T08:05:30.663Z",
      "createdUserId": "user-0",
      "updatedUserId": "user-0"
    }
  ],
  "createdUtc": "0001-01-01T00:00:00Z"
}