{
  "intents": [
    {
      "triggerQueries": [
        "aggiungere il titolo a un post",
        "Scrivere titoli per i miei messaggi?",
        "Aggiungere un titolo al mio post",
        "Perché dovrei intitolare i miei post?",
        "Come aggiungere un titolo a un post?",
        "I miei post possono avere titoli?",
        "Come faccio a creare un titolo per il mio post?",
        "Come posso aggiungere un titolo ai miei post?"
      ],
      "dialogId": "new_topic_af6e3f236c004ac8b162fd5fc32dc0f4",
      "isTriggeringEnabled": true,
      "id": "new_topic_af6e3f236c004ac8b162fd5fc32dc0f4",
      "displayName": "Come posso aggiungere un titolo ai miei post?",
      "createdTime": "2022-04-29T23:19:00.9962682Z",
      "updatedTime": "2022-04-29T23:19:00.9962682Z",
      "createdUserId": "9451fc51-e00d-4445-8ff9-efb70866dc3b",
      "updatedUserId": "9451fc51-e00d-4445-8ff9-efb70866dc3b"
    }
  ],
  "dialogs": [
    {
      "rootNodeId": "7cb11c73-3bb1-4c08-a198-287a6af86d12",
      "messageNodes": [
        {
          "botMessageId": "0f276d2d-7e5f-406c-b5f8-6d4128cae61c",
          "nodeType": "BotMessageNode",
          "id": "7cb11c73-3bb1-4c08-a198-287a6af86d12",
          "defaultTargetNodeId": "fb499f61-faee-45a9-8670-bb2d2de1d3a9"
        },
        {
          "botMessageId": "ec66178f-375a-4df4-b30b-8f4a5d4961e1",
          "nodeType": "BotMessageNode",
          "id": "fb499f61-faee-45a9-8670-bb2d2de1d3a9",
          "defaultTargetNodeId": "0ff9c742-66a1-45d2-bfe7-dc889fbde297"
        }
      ],
      "dialogChangeNodes": [
        {
          "targetDialogId": "new_topic_f98a24608ee04cb998de3e3e32703d5b_aeabea4d071f415c8c107e1cb7af5424_assumedsuccess",
          "nodeType": "DialogChangeNode",
          "id": "0ff9c742-66a1-45d2-bfe7-dc889fbde297"
        }
      ],
      "id": "new_topic_af6e3f236c004ac8b162fd5fc32dc0f4",
      "displayName": "Senza titolo",
      "createdTime": "2022-04-29T23:19:00.9962682Z",
      "updatedTime": "2022-04-29T23:19:00.9962682Z",
      "createdUserId": "9451fc51-e00d-4445-8ff9-efb70866dc3b",
      "updatedUserId": "9451fc51-e00d-4445-8ff9-efb70866dc3b"
    }
  ],
  "botMessages": [
    {
      "channelContent": {
        "web": {
          "contentFormat": "Markdown",
          "content": "Puoi utilizzare un titolo e un sottotitolo per far risaltare il tuo argomento."
        }
      },
      "id": "0f276d2d-7e5f-406c-b5f8-6d4128cae61c",
      "createdTime": "2022-04-29T23:12:35.1Z",
      "updatedTime": "2022-04-29T23:12:35.1Z"
    },
    {
      "channelContent": {
        "web": {
          "contentFormat": "Markdown",
          "content": "Seleziona il pulsante di formattazione (sembra una A con una penna) e aggiungi un titolo."
        }
      },
      "id": "ec66178f-375a-4df4-b30b-8f4a5d4961e1",
      "createdTime": "2022-04-29T23:18:17.991Z",
      "updatedTime": "2022-04-29T23:18:17.991Z",
      "createdUserId": "user-0",
      "updatedUserId": "user-0"
    }
  ]
}