{
  "intents": [
    {
      "endUserOverrideName": "Datei-Upload-Limit oder Einschränkungen für Dateien in Teams?",
      "triggerQueries": [
        "Beschränkungen für Dateien",
        "Upload Limit",
        "Was ist die maximale Dateigröße?",
        "Wie groß dürfen Dateien in Teams sein?",
        "Filtern nach Dateigröße",
        "kann Teams mit großen Dateien umgehen?",
        "Wie Groß dürfen die Dateien sein, die ich hochladen kann?",
        "Gibt es eine Einschränkung für Dateien, die in Teams gespeichert sind?"
      ],
      "dialogId": "new_topic_2e9df9ee25ec452eb763bcf2e969794b",
      "isTriggeringEnabled": true,
      "id": "new_topic_2e9df9ee25ec452eb763bcf2e969794b",
      "displayName": "Gibt es eine Einschränkung für Dateien, die in Teams gespeichert sind?",
      "description": "https://adoptbotv2kb.blob.core.windows.net/%24web/AdoptBot2021-English.docx",
      "createdTime": "2021-04-19T09:11:03.695591Z",
      "updatedTime": "2021-04-19T09:11:03.695591Z",
      "createdUserId": "86360cd1-faa6-4d16-8a0c-ba3116c8a977"
    }
  ],
  "dialogs": [
    {
      "rootNodeId": "161aa113-074b-461c-8ce2-a73ffbfb2ab6",
      "messageNodes": [
        {
          "botMessageId": "6405e9cf-5615-48c5-8068-76e95da3117e",
          "nodeType": "BotMessageNode",
          "id": "161aa113-074b-461c-8ce2-a73ffbfb2ab6",
          "defaultTargetNodeId": "52a133f3-91b6-485c-b81e-fe2805c9b293"
        },
        {
          "botMessageId": "608aaf00-9319-49b7-b7ec-2f6a1827f608",
          "nodeType": "BotMessageNode",
          "id": "52a133f3-91b6-485c-b81e-fe2805c9b293",
          "defaultTargetNodeId": "7a3f4b01-f88e-4ef7-a727-7cc2e7d8952f"
        },
        {
          "botMessageId": "e0f539ad-6c55-4b33-9c18-c44142e46d7c",
          "nodeType": "BotMessageNode",
          "id": "7a3f4b01-f88e-4ef7-a727-7cc2e7d8952f",
          "defaultTargetNodeId": "ac608e01-1683-49bb-b2ff-b91ce081d51b"
        }
      ],
      "dialogChangeNodes": [
        {
          "targetDialogId": "new_topic_30867099f4b543d3b8543a85c22c3418_aeabea4d071f415c8c107e1cb7af5424_assumedsuccess",
          "nodeType": "DialogChangeNode",
          "id": "ac608e01-1683-49bb-b2ff-b91ce081d51b"
        }
      ],
      "id": "new_topic_2e9df9ee25ec452eb763bcf2e969794b",
      "displayName": "Dialog for Gibt es eine Einschränkung für Dateien, die in Teams gespeichert sind?",
      "createdTime": "2021-04-19T09:11:03.695591Z",
      "updatedTime": "2021-04-19T09:13:37.0567617Z",
      "createdUserId": "86360cd1-faa6-4d16-8a0c-ba3116c8a977",
      "updatedUserId": "86360cd1-faa6-4d16-8a0c-ba3116c8a977"
    }
  ],
  "botMessages": [
    {
      "channelContent": {
        "web": {
          "contentFormat": "Markdown",
          "content": "Das [Datei-Upload-Limit in Teams](https://docs.microsoft.com/de-de/microsoftteams/limits-specifications-teams#storage) beträgt derzeit 100 GB pro Datei (Anfang 2021).\n\n💡 Klicken Sie immer auf den Link für aktualisierte Limits"
        }
      },
      "id": "6405e9cf-5615-48c5-8068-76e95da3117e",
      "createdTime": "2021-04-19T09:11:03.695591Z",
      "updatedTime": "2021-04-19T09:11:03.695591Z",
      "createdUserId": "86360cd1-faa6-4d16-8a0c-ba3116c8a977",
      "updatedUserId": "86360cd1-faa6-4d16-8a0c-ba3116c8a977"
    },
    {
      "channelContent": {
        "web": {
          "contentFormat": "Markdown",
          "content": "Da Teams auf einem SharePoint-Online-Backend für die Dateifreigabe läuft, gelten die SharePoint-Einschränkungen für den Abschnitt \"Dateien\" innerhalb eines Teams."
        }
      },
      "id": "608aaf00-9319-49b7-b7ec-2f6a1827f608",
      "createdTime": "2021-04-19T09:12:20.676Z",
      "updatedTime": "2021-04-19T09:12:20.676Z",
      "createdUserId": "user-0",
      "updatedUserId": "user-0"
    },
    {
      "channelContent": {
        "web": {
          "contentFormat": "Markdown",
          "content": "_Im Jahr 2021 wurde/wird das Limit auf_ [_250 GB pro Datei_](https://www.microsoft.com/de-de/microsoft-365/roadmap?filters=&searchterms=250%2CGB) _erhöht._"
        }
      },
      "id": "e0f539ad-6c55-4b33-9c18-c44142e46d7c",
      "createdTime": "2021-04-19T09:12:39.402Z",
      "updatedTime": "2021-04-19T09:12:39.402Z",
      "createdUserId": "user-0",
      "updatedUserId": "user-0"
    }
  ],
  "createdUtc": "0001-01-01T00:00:00Z"
}