{
  "intents": [
    {
      "triggerQueries": [
        "Kan jeg blokkere anonyme anrop i Teams?",
        "Blokkere anrop uten anroper-ID",
        "Rediger blokkerte numrene",
        "Rediger blokkerte kontakter",
        "Behandle numrene som er blokkert",
        "Administrer blokkerte numrene"
      ],
      "dialogId": "new_topic_3267a057e167444cb2e5b1a783f6778e",
      "isTriggeringEnabled": true,
      "id": "new_topic_3267a057e167444cb2e5b1a783f6778e",
      "displayName": "Administrer blokkerte numrene",
      "description": "",
      "createdTime": "2021-04-10T08:10:45.0925247Z",
      "updatedTime": "2021-04-10T08:10:59.1755738Z",
      "createdUserId": "ef0c8b9a-eff1-49f8-92fa-fd1d3e15e1ba",
      "updatedUserId": "ef0c8b9a-eff1-49f8-92fa-fd1d3e15e1ba"
    }
  ],
  "dialogs": [
    {
      "rootNodeId": "30f94d23-f543-4450-9c96-3fa2952eb0a7",
      "messageNodes": [
        {
          "botMessageId": "eb8aa72c-a549-4ab7-be9f-633e96617d4b",
          "nodeType": "BotMessageNode",
          "id": "30f94d23-f543-4450-9c96-3fa2952eb0a7",
          "defaultTargetNodeId": "b01b95eb-4c51-4679-947e-ba4a4713c9af"
        },
        {
          "botMessageId": "94aef985-7104-4375-bbe1-34926024b27e",
          "nodeType": "BotMessageNode",
          "id": "b01b95eb-4c51-4679-947e-ba4a4713c9af",
          "defaultTargetNodeId": "bd66453a-83ed-4402-afec-98c23279ef58"
        }
      ],
      "dialogChangeNodes": [
        {
          "targetDialogId": "new_topic_89c49d37fd4c4c1c9144396960733ce1_aeabea4d071f415c8c107e1cb7af5424_assumedsuccess",
          "nodeType": "DialogChangeNode",
          "id": "bd66453a-83ed-4402-afec-98c23279ef58"
        }
      ],
      "id": "new_topic_3267a057e167444cb2e5b1a783f6778e",
      "displayName": "Dialog for Administrer blokkerte numrene",
      "createdTime": "2021-04-10T08:10:45.0915245Z",
      "updatedTime": "2021-04-10T08:11:25.9530767Z",
      "createdUserId": "ef0c8b9a-eff1-49f8-92fa-fd1d3e15e1ba",
      "updatedUserId": "ef0c8b9a-eff1-49f8-92fa-fd1d3e15e1ba"
    }
  ],
  "botMessages": [
    {
      "channelContent": {
        "web": {
          "contentFormat": "Markdown",
          "content": "Hvis du vil vise og behandle numrene du har blokkert, klikker du profil bildet ditt og går til **Innstillinger**\\> **Personvern**. Velg **Rediger blokkerte kontakter** under **Blokkerte kontakter** for å se eventuelle tall du har blokkert, og fjern dem fra listen."
        }
      },
      "id": "eb8aa72c-a549-4ab7-be9f-633e96617d4b",
      "createdTime": "2021-04-10T08:10:45.0845247Z",
      "updatedTime": "2021-04-10T08:10:45.0845247Z",
      "createdUserId": "ef0c8b9a-eff1-49f8-92fa-fd1d3e15e1ba",
      "updatedUserId": "ef0c8b9a-eff1-49f8-92fa-fd1d3e15e1ba"
    },
    {
      "channelContent": {
        "web": {
          "contentFormat": "Markdown",
          "content": "Hvis du vil blokkere anonyme anrop, velger du **Blokkere anrop uten anroper-ID**."
        }
      },
      "id": "94aef985-7104-4375-bbe1-34926024b27e",
      "createdTime": "2021-04-10T08:11:15.701Z",
      "updatedTime": "2021-04-10T08:11:15.701Z",
      "createdUserId": "user-0",
      "updatedUserId": "user-0"
    }
  ],
  "createdUtc": "0001-01-01T00:00:00Z"
}