{
  "intents": [
    {
      "endUserOverrideName": "persoonlijke conferentie-ID?",
      "triggerQueries": [
        "Hoe kan ik mijn pincode in Teams vergadering wijzigen?",
        "Hoe krijg ik toegang tot mijn pincode?",
        "Hoe krijgt een gebruiker toegang tot zijn pincode of wijzigt hij deze?",
        "Hoe wijzig ik mijn conferentie-id?",
        "Hoe krijg ik toegang tot mijn conferentie-id?",
        "Hoe krijgt een gebruiker toegang tot zijn conferentie-id?",
        "Hoe krijgt een gebruiker toegang tot of wijzigt hij zijn conferentie-id?",
        "Kan ik een persoonlijke conferentie-ID gebruiken?",
        "Kan een gebruiker een persoonlijke conferentie-ID gebruiken?",
        "Kan ik een persoonlijke conferentie-ID krijgen?",
        "Kan een gebruiker een persoonlijke conferentie-ID krijgen?"
      ],
      "dialogId": "new_topic_bc776f2db7f1421b8eac0af4d30763cc",
      "isTriggeringEnabled": true,
      "canTriggeringBeDisabled": true,
      "id": "new_topic_bc776f2db7f1421b8eac0af4d30763cc",
      "displayName": "Kan een gebruiker een persoonlijke conferentie-ID krijgen?",
      "description": "",
      "createdTime": "2021-03-22T20:29:52.1274168Z",
      "updatedTime": "2021-03-22T20:35:26.6301883Z",
      "createdUserId": "c1e90dc0-1df0-459d-8164-0dcb7915deaf",
      "updatedUserId": "c1e90dc0-1df0-459d-8164-0dcb7915deaf",
      "isManaged": false,
      "isCustomizable": true,
      "etag": "W/\"931274\"",
      "versionNumber": 931274,
      "componentId": "b506785a-4d8b-eb11-b1ac-000d3a4cdb28"
    }
  ],
  "dialogs": [
    {
      "rootNodeId": "0bc92ae5-a84c-4b32-9963-1214d6a325f7",
      "messageNodes": [
        {
          "botMessageId": "9145c432-28ea-414b-abcd-9174fb184ec6",
          "nodeType": "BotMessageNode",
          "id": "0bc92ae5-a84c-4b32-9963-1214d6a325f7",
          "defaultTargetNodeId": "385ab886-5c4b-45e1-8888-30940e80dfbe"
        },
        {
          "botMessageId": "e34c9283-f2ec-4622-ba66-8633c6fb938c",
          "nodeType": "BotMessageNode",
          "id": "385ab886-5c4b-45e1-8888-30940e80dfbe",
          "defaultTargetNodeId": "9bf30f3e-71bf-4502-afa4-57eccc9e9171"
        },
        {
          "botMessageId": "7cdceaa0-5358-4ae9-b97d-158a06946a3d",
          "nodeType": "BotMessageNode",
          "id": "9bf30f3e-71bf-4502-afa4-57eccc9e9171",
          "defaultTargetNodeId": "2065906d-42b7-4c83-8634-95c4cd87bdbf"
        },
        {
          "botMessageId": "5cb217c3-a4b3-4b9f-bed4-7d48180ddb73",
          "nodeType": "BotMessageNode",
          "id": "2065906d-42b7-4c83-8634-95c4cd87bdbf",
          "defaultTargetNodeId": "7c3482df-8560-4cba-aae5-84579e72bd9a"
        }
      ],
      "dialogChangeNodes": [
        {
          "targetDialogId": "new_topic_9d295c394a47419da3b4d205b7ed4c20_aeabea4d071f415c8c107e1cb7af5424_assumedsuccess",
          "nodeType": "DialogChangeNode",
          "id": "7c3482df-8560-4cba-aae5-84579e72bd9a"
        }
      ],
      "id": "new_topic_bc776f2db7f1421b8eac0af4d30763cc",
      "displayName": "Dialog for Kan een gebruiker een persoonlijke conferentie-ID krijgen?",
      "createdTime": "2021-03-22T20:29:52.1274168Z",
      "updatedTime": "2021-03-22T20:35:46.1854308Z",
      "createdUserId": "c1e90dc0-1df0-459d-8164-0dcb7915deaf",
      "updatedUserId": "c1e90dc0-1df0-459d-8164-0dcb7915deaf",
      "versionNumber": 0,
      "componentId": "00000000-0000-0000-0000-000000000000"
    }
  ],
  "botMessages": [
    {
      "channelContent": {
        "web": {
          "contentFormat": "Markdown",
          "content": "Microsoft Teams-gebruikers krijgen willekeurig een vergader-ID toegewezen en kunnen geen statische conferentie-id reserveren of invoeren die alleen zij kunnen gebruiken."
        }
      },
      "id": "9145c432-28ea-414b-abcd-9174fb184ec6",
      "createdTime": "2021-03-22T20:29:52.1274168Z",
      "updatedTime": "2021-03-22T20:29:52.1274168Z",
      "createdUserId": "c1e90dc0-1df0-459d-8164-0dcb7915deaf",
      "updatedUserId": "c1e90dc0-1df0-459d-8164-0dcb7915deaf",
      "versionNumber": 0,
      "componentId": "00000000-0000-0000-0000-000000000000"
    },
    {
      "channelContent": {
        "web": {
          "contentFormat": "Markdown",
          "content": "Een Microsoft Teams-gebruiker kan de conferentie-id vinden die aan hem is toegewezen door een vergadering te plannen in Teams, in Outlook en de webversie van Outlook. Gebruikers kunnen ook de conferentie-ID vinden in de e-mail die naar hen wordt verzonden wanneer de vergadering is geboekt."
        }
      },
      "id": "e34c9283-f2ec-4622-ba66-8633c6fb938c",
      "createdTime": "2021-03-22T20:33:03.488Z",
      "updatedTime": "2021-03-22T20:33:03.488Z",
      "createdUserId": "user-0",
      "updatedUserId": "user-0",
      "versionNumber": 0,
      "componentId": "00000000-0000-0000-0000-000000000000"
    },
    {
      "channelContent": {
        "web": {
          "contentFormat": "Markdown",
          "content": "Gebruikers kunnen hun conferentie-id niet herstellen. De conferentie-id kan alleen worden gereset door de beheerder van uw organisatie."
        }
      },
      "id": "7cdceaa0-5358-4ae9-b97d-158a06946a3d",
      "createdTime": "2021-03-22T20:33:13.165Z",
      "updatedTime": "2021-03-22T20:33:13.165Z",
      "createdUserId": "user-0",
      "updatedUserId": "user-0",
      "versionNumber": 0,
      "componentId": "00000000-0000-0000-0000-000000000000"
    },
    {
      "channelContent": {
        "web": {
          "contentFormat": "Markdown",
          "content": "De pincode kan alleen worden gereset door de beheerder van de organisatie."
        }
      },
      "id": "5cb217c3-a4b3-4b9f-bed4-7d48180ddb73",
      "createdTime": "2021-03-22T20:35:39.346Z",
      "updatedTime": "2021-03-22T20:35:39.346Z",
      "createdUserId": "user-0",
      "updatedUserId": "user-0",
      "versionNumber": 0,
      "componentId": "00000000-0000-0000-0000-000000000000"
    }
  ],
  "createdUtc": "0001-01-01T00:00:00Z"
}