{
  "intents": [
    {
      "endUserOverrideName": "什麼是 OneDrive",
      "triggerQueries": [
        "什麼是OneDrive",
        "將檔案保存在OneDrive",
        "我的智慧資料夾是什麼？",
        "解釋什麼是OneDrive",
        "我的檔案資料夾？",
        "什麼是OneDrive？",
        "OneDrive資料夾",
        "解釋OneDrive",
        "OneDrive是什麼",
        "什麼是OneDrive",
        "OneDrive",
        "What does onedrive mean",
        "saving files in onedrive",
        "What is my smart folder",
        "Explain what onedrive is",
        "Folder for my files?",
        "What is OneDrive?"
      ],
      "dialogId": "new_topic_e1886e13c34947c7a93e2504f57fec5d",
      "isTriggeringEnabled": true,
      "id": "new_topic_e1886e13c34947c7a93e2504f57fec5d",
      "displayName": "什麼是 OneDrive",
      "description": "https://adoptbotv2kb.blob.core.windows.net/%24web/AdoptBot2021-English.docx",
      "createdTime": "2021-11-17T13:52:18.5951001Z",
      "updatedTime": "2021-11-17T13:52:39.9131227Z",
      "createdUserId": "9c968d43-f7c2-4e28-895c-1f6bcefcd8be",
      "updatedUserId": "9c968d43-f7c2-4e28-895c-1f6bcefcd8be"
    }
  ],
  "dialogs": [
    {
      "rootNodeId": "c4a478df-9378-4f77-8ccf-eaaac98938d3",
      "messageNodes": [
        {
          "botMessageId": "a73af6f6-6ed0-4cff-9879-321570869f26",
          "nodeType": "BotMessageNode",
          "id": "c4a478df-9378-4f77-8ccf-eaaac98938d3",
          "defaultTargetNodeId": "1864ae00-f429-4508-9ba7-6cb8e19a2412"
        }
      ],
      "dialogChangeNodes": [
        {
          "targetDialogId": "new_topic_e2d1671328b941dbb60fa7150059b1ee_aeabea4d071f415c8c107e1cb7af5424_assumedsuccess",
          "nodeType": "DialogChangeNode",
          "id": "1864ae00-f429-4508-9ba7-6cb8e19a2412"
        }
      ],
      "id": "new_topic_e1886e13c34947c7a93e2504f57fec5d",
      "displayName": "Dialog for 什麼是 OneDrive",
      "createdTime": "2021-11-17T13:52:18.5951001Z",
      "updatedTime": "2021-11-17T13:52:39.9131227Z",
      "createdUserId": "9c968d43-f7c2-4e28-895c-1f6bcefcd8be",
      "updatedUserId": "9c968d43-f7c2-4e28-895c-1f6bcefcd8be"
    }
  ],
  "botMessages": [
    {
      "channelContent": {
        "web": {
          "contentFormat": "Markdown",
          "content": "OneDrive 是一種線上儲存空間服務，您可以使用這個服務儲存文件、筆記、相片、音樂、影片或其他類型的檔案。透過 OneDrive，您可以從幾乎任何裝置存取您的檔案，而且可以與其他人共用檔案。"
        }
      },
      "id": "a73af6f6-6ed0-4cff-9879-321570869f26",
      "createdTime": "2021-11-17T13:52:18.5951001Z",
      "updatedTime": "2021-11-17T13:52:18.5951001Z",
      "createdUserId": "9c968d43-f7c2-4e28-895c-1f6bcefcd8be",
      "updatedUserId": "9c968d43-f7c2-4e28-895c-1f6bcefcd8be"
    }
  ]
}