{
  "intents": [
    {
      "endUserOverrideName": "Utiliser les salles pour petits groupes",
      "triggerQueries": [
        "salles en petits groupes",
        "Comment puis-je démarrer mes sessions de travail en petits groupes?",
        "comment puis-je créer des sous-salles virtuelles?",
        "sous-salle virtuelle",
        "sous-salles virtuelles dans Teams",
        "Comment utiliser les breakout rooms?",
        "Comment utiliser les sous-salles virtuelles?",
        "breakout rooms in Teams",
        "breakout room",
        "petites salles",
        "Comment puis-je utiliser les sous-salles virtuelles dans Teams?",
        "Faire des sessions de groupe durant les réunions?",
        "breakout rooms",
        "plus petites sessions de groupe dans les réunions",
        "sessions de groupe dans les réunions",
        "diviser la réunion en petits groupes",
        "comment puis-je créer des breakout rooms?",
        "comment puis-je créer des petites sessions de travail en groupe?",
        "Comment puis-je démarrer mes sous-salles virtuelles",
        "Je souhaite créer des sous-salles virtuelles avant ma réunion?",
        "Comment puis-je utiliser les sous-salles virtuelles?"
      ],
      "dialogId": "new_topic_ffb6a499a4d947d28f919f11074b8dfa",
      "isTriggeringEnabled": true,
      "id": "new_topic_ffb6a499a4d947d28f919f11074b8dfa",
      "displayName": "Comment puis-je utiliser les salles pour petits groupes?",
      "description": "",
      "createdTime": "2021-01-13T22:20:51.2381463Z",
      "updatedTime": "2021-05-25T00:30:25.0416479Z",
      "createdUserId": "f04d3cd9-b73d-4ba9-a1ed-9319eba29b21",
      "updatedUserId": "a2c4aa2c-d830-41eb-bcf4-467a2c7e1279"
    }
  ],
  "dialogs": [
    {
      "rootNodeId": "223fc41b-5ce7-45da-bd2e-1cb8026ab0e5",
      "messageNodes": [
        {
          "botMessageId": "413e3667-34e1-454a-8e56-6157620d6c3d",
          "nodeType": "BotMessageNode",
          "id": "223fc41b-5ce7-45da-bd2e-1cb8026ab0e5",
          "defaultTargetNodeId": "ba9b9cf2-f336-4591-bc0f-f58487c58c03"
        }
      ],
      "dialogChangeNodes": [
        {
          "targetDialogId": "new_topic_eac3f49c99664313a9d9dc19d80a79a2_aeabea4d071f415c8c107e1cb7af5424_assumedsuccess",
          "nodeType": "DialogChangeNode",
          "id": "ba9b9cf2-f336-4591-bc0f-f58487c58c03"
        }
      ],
      "id": "new_topic_ffb6a499a4d947d28f919f11074b8dfa",
      "displayName": "Dialog for How do I use breakout rooms?",
      "createdTime": "2021-01-13T22:20:51.2381463Z",
      "updatedTime": "2021-05-25T00:30:43.3066955Z",
      "createdUserId": "f04d3cd9-b73d-4ba9-a1ed-9319eba29b21",
      "updatedUserId": "a2c4aa2c-d830-41eb-bcf4-467a2c7e1279"
    }
  ],
  "botMessages": [
    {
      "channelContent": {
        "web": {
          "contentFormat": "Markdown",
          "content": "Les salles pour petits groupes sont utiles dans de nombreux scénarios de réunion.\n\nConsultez [ce guide pour savoir comment utiliser les salles pour petits groupes dans Teams.](https://support.microsoft.com/fr-fr/office/utiliser-des-salles-de-pause-dans-les-r%c3%a9unions-teams-7de1f48a-da07-466c-a5ab-4ebace28e461?ui=fr-FR&rs=fr-FR&ad=FR)"
        }
      },
      "id": "413e3667-34e1-454a-8e56-6157620d6c3d",
      "createdTime": "2021-01-13T22:20:51.2381463Z",
      "updatedTime": "2021-01-13T22:20:51.2381463Z",
      "createdUserId": "f04d3cd9-b73d-4ba9-a1ed-9319eba29b21",
      "updatedUserId": "f04d3cd9-b73d-4ba9-a1ed-9319eba29b21"
    }
  ]
}