{
  "intents": [
    {
      "endUserOverrideName": "Bytt kontoer i Teams",
      "triggerQueries": [
        "kan man kun bruke en teams konto på en gang?",
        "bruke flere teams kontoer samtidig",
        "bytte mellom kontoer",
        "Kan jeg få tilgang til ekstern team?",
        "Bytt kontoer i Teams",
        "Hvordan bytter jeg kontoer i Teams?"
      ],
      "dialogId": "new_topic_2e75c10943c0450ba5612f1ccd8caedc",
      "isTriggeringEnabled": true,
      "id": "new_topic_2e75c10943c0450ba5612f1ccd8caedc",
      "displayName": "Hvordan bytter jeg kontoer i Teams?",
      "description": "https://norwegianteams.blob.core.windows.net/norwegian-container/TIMA QA P19.docx",
      "createdTime": "2021-03-24T20:09:21.5452642Z",
      "updatedTime": "2021-04-22T20:04:48.0713825Z",
      "createdUserId": "ef0c8b9a-eff1-49f8-92fa-fd1d3e15e1ba",
      "updatedUserId": "ef0c8b9a-eff1-49f8-92fa-fd1d3e15e1ba"
    }
  ],
  "dialogs": [
    {
      "rootNodeId": "ec869df0-c151-456c-8888-3ddf1c5504a7",
      "messageNodes": [
        {
          "botMessageId": "0f49f914-8674-4e73-9938-ca8bc08229b6",
          "nodeType": "BotMessageNode",
          "id": "6ce25a50-1730-45b8-ba11-15a183982dcd",
          "defaultTargetNodeId": "3a697579-239d-4bc1-9ab1-2115e4b7f341"
        },
        {
          "botMessageId": "0cb62819-bd84-4b43-995d-18822db7d4ea",
          "nodeType": "BotMessageNode",
          "id": "ec869df0-c151-456c-8888-3ddf1c5504a7",
          "defaultTargetNodeId": "6ce25a50-1730-45b8-ba11-15a183982dcd"
        },
        {
          "botMessageId": "d3efd4ef-5c57-4dd5-aa62-501ce0ce314b",
          "nodeType": "BotMessageNode",
          "id": "3a697579-239d-4bc1-9ab1-2115e4b7f341",
          "defaultTargetNodeId": "706e3505-f7c5-4286-a40c-22fb3e6364c0"
        }
      ],
      "dialogChangeNodes": [
        {
          "targetDialogId": "new_topic_89c49d37fd4c4c1c9144396960733ce1_aeabea4d071f415c8c107e1cb7af5424_assumedsuccess",
          "nodeType": "DialogChangeNode",
          "id": "706e3505-f7c5-4286-a40c-22fb3e6364c0"
        }
      ],
      "id": "new_topic_2e75c10943c0450ba5612f1ccd8caedc",
      "displayName": "Dialog for Hvordan bytter jeg kontoer i Teams?",
      "createdTime": "2021-03-24T20:09:21.5452642Z",
      "updatedTime": "2021-04-23T08:49:32.7555212Z",
      "createdUserId": "ef0c8b9a-eff1-49f8-92fa-fd1d3e15e1ba",
      "updatedUserId": "ef0c8b9a-eff1-49f8-92fa-fd1d3e15e1ba"
    }
  ],
  "botMessages": [
    {
      "channelContent": {
        "web": {
          "contentFormat": "Markdown",
          "content": "**Slik** [**bytter du mellom kontoene:**](https://support.microsoft.com/nb-no/office/logg-p%C3%A5-registrer-deg-logg-av-og-legg-til-en-ny-konto-4c3734a1-f4ac-4da7-bd7d-5b69d6e3a9a3)\n\n*   Gå til konto-menyen øverst til venstre for **profilbildet** i appen, og velg deretter den **team- eller gjestekontoen** du vil bruke."
        }
      },
      "id": "0f49f914-8674-4e73-9938-ca8bc08229b6",
      "createdTime": "2021-03-24T20:09:21.5452642Z",
      "updatedTime": "2021-03-24T20:09:21.5452642Z",
      "createdUserId": "ef0c8b9a-eff1-49f8-92fa-fd1d3e15e1ba",
      "updatedUserId": "ef0c8b9a-eff1-49f8-92fa-fd1d3e15e1ba"
    },
    {
      "channelContent": {
        "web": {
          "contentFormat": "Markdown",
          "content": "Det går an å ha flere Teams-kontoer. Det er enkelt å bytte mellom dem."
        }
      },
      "id": "0cb62819-bd84-4b43-995d-18822db7d4ea",
      "createdTime": "2021-04-22T20:01:40.577Z",
      "updatedTime": "2021-04-22T20:01:40.577Z",
      "createdUserId": "user-0",
      "updatedUserId": "user-0"
    },
    {
      "channelContent": {
        "web": {
          "contentFormat": "Markdown",
          "content": "**TIPS**: Det går også an å bruke flere nettlesere og logge inn i nettappen ([https://teams.microsoft.com/](https://teams.microsoft.com/)) dersom du vil ha bruke Teams-kontoene samtidig."
        }
      },
      "id": "d3efd4ef-5c57-4dd5-aa62-501ce0ce314b",
      "createdTime": "2021-04-22T20:02:33.954Z",
      "updatedTime": "2021-04-22T20:02:33.954Z",
      "createdUserId": "user-0",
      "updatedUserId": "user-0"
    }
  ],
  "createdUtc": "0001-01-01T00:00:00Z"
}