{
  "intents": [
    {
      "endUserOverrideName": "hulp ontvangen?",
      "triggerQueries": [
        "Hulp ontvangen?",
        "Support nodig tijdens een vergadering",
        "Hulp nodig tijdens een vergadering",
        "Kan een gebruiker hulp van de operator ontvangen tijdens een vergadering?"
      ],
      "dialogId": "new_topic_3afc02a3d48448a9a944e64d15666ac3",
      "isTriggeringEnabled": true,
      "id": "new_topic_3afc02a3d48448a9a944e64d15666ac3",
      "displayName": "Kan een gebruiker hulp van de operator ontvangen tijdens een vergadering?",
      "description": "",
      "createdTime": "2021-03-22T20:31:59.0958377Z",
      "updatedTime": "2021-03-22T20:32:33.7982456Z",
      "createdUserId": "c1e90dc0-1df0-459d-8164-0dcb7915deaf"
    }
  ],
  "dialogs": [
    {
      "rootNodeId": "bd44a416-a507-4990-bdd2-356675739c8f",
      "messageNodes": [
        {
          "botMessageId": "0f0877a2-9213-452b-a9b0-bd38aec263c3",
          "nodeType": "BotMessageNode",
          "id": "bd44a416-a507-4990-bdd2-356675739c8f",
          "defaultTargetNodeId": "3ff03f47-b979-44e6-a9a2-fb3d3c07b1a2"
        },
        {
          "botMessageId": "5162eb69-59e8-46ae-aa1e-cd9d2bd5ff2f",
          "nodeType": "BotMessageNode",
          "id": "3ff03f47-b979-44e6-a9a2-fb3d3c07b1a2",
          "defaultTargetNodeId": "6e517cfa-a569-46b4-a39d-fe545ffb88a9"
        }
      ],
      "dialogChangeNodes": [
        {
          "targetDialogId": "new_topic_9d295c394a47419da3b4d205b7ed4c20_aeabea4d071f415c8c107e1cb7af5424_assumedsuccess",
          "nodeType": "DialogChangeNode",
          "id": "6e517cfa-a569-46b4-a39d-fe545ffb88a9"
        }
      ],
      "id": "new_topic_3afc02a3d48448a9a944e64d15666ac3",
      "displayName": "Dialog for Kan een gebruiker hulp van de operator ontvangen tijdens een vergadering?",
      "createdTime": "2021-03-22T20:31:59.0958377Z",
      "updatedTime": "2021-03-29T20:24:55.8370236Z",
      "createdUserId": "c1e90dc0-1df0-459d-8164-0dcb7915deaf",
      "updatedUserId": "c1e90dc0-1df0-459d-8164-0dcb7915deaf"
    }
  ],
  "botMessages": [
    {
      "channelContent": {
        "web": {
          "contentFormat": "Markdown",
          "content": "_Contact voor support uw eigen helpdesk._"
        }
      },
      "id": "0f0877a2-9213-452b-a9b0-bd38aec263c3",
      "createdTime": "2021-03-22T20:31:59.0958377Z",
      "updatedTime": "2021-03-22T20:31:59.0958377Z",
      "createdUserId": "c1e90dc0-1df0-459d-8164-0dcb7915deaf",
      "updatedUserId": "c1e90dc0-1df0-459d-8164-0dcb7915deaf"
    },
    {
      "channelContent": {
        "web": {
          "contentFormat": "Markdown",
          "content": "Een gebruiker kan geen ondersteuning van de operator krijgen door tijdens de vergadering op \\*0 te drukken. Als er problemen zijn met audioconferenties, kan een organisatiebeheerder contact opnemen met Microsoft Support voor Office [365](https://docs.microsoft.com/nl-nl/microsoft-365/admin/contact-support-for-business-products?redirectSourcePath=%252farticle%252fMicrosoft-support-for-Office-365-32a17ca7-6fa0-4870-8a8d-e25ba4ccfd4b&view=o365-worldwide)"
        }
      },
      "id": "5162eb69-59e8-46ae-aa1e-cd9d2bd5ff2f",
      "createdTime": "2021-03-22T20:32:27.505Z",
      "updatedTime": "2021-03-22T20:32:27.505Z",
      "createdUserId": "user-0",
      "updatedUserId": "user-0"
    }
  ],
  "createdUtc": "0001-01-01T00:00:00Z"
}