{
  "intents": [
    {
      "triggerQueries": [
        "Endre team",
        "Privat vs. Offentlig team",
        "Privat vs. Standard team",
        "Hvordan endrer jeg fra offentlig til privat team?",
        "Hvordan endrer jeg fra privat til offentlig team?",
        "Kan jeg endre fra offentlig til privat team?",
        "Kan jeg endre fra privat til offentlig team?",
        "Kan jeg endre type team?",
        "Hva er standard team?",
        "Hva er et offentlig team?",
        "Hva er et privat team?",
        "Hva er forskjellen mellom privat og offentlig team?"
      ],
      "dialogId": "new_topic_cac1057a12cf40f4b44aa5bcba44d39d",
      "isTriggeringEnabled": true,
      "canTriggeringBeDisabled": true,
      "id": "new_topic_cac1057a12cf40f4b44aa5bcba44d39d",
      "displayName": "Hva er forskjellen mellom privat og offentlig team?",
      "description": "https://norwegianteams.blob.core.windows.net/norwegian-container/TIMA QA P19.docx",
      "createdTime": "2021-03-24T20:09:21.5442661Z",
      "updatedTime": "2021-03-25T11:24:16.6628569Z",
      "createdUserId": "ef0c8b9a-eff1-49f8-92fa-fd1d3e15e1ba",
      "updatedUserId": "ef0c8b9a-eff1-49f8-92fa-fd1d3e15e1ba",
      "isManaged": false,
      "isCustomizable": true,
      "etag": "W/\"1877720\"",
      "versionNumber": 1877720,
      "componentId": "9c58b0de-dc8c-eb11-a812-000d3a9d9016"
    }
  ],
  "dialogs": [
    {
      "rootNodeId": "b413c4d2-8cc1-46c8-90fb-60cc127ed8a5",
      "messageNodes": [
        {
          "botMessageId": "99356f23-3c1b-47f0-ac8c-636e1993654d",
          "nodeType": "BotMessageNode",
          "id": "b413c4d2-8cc1-46c8-90fb-60cc127ed8a5",
          "defaultTargetNodeId": "517dd223-96c4-4b1d-ba6f-b38ce6dd259b"
        },
        {
          "botMessageId": "0359bc43-2359-4fe4-b058-0dcd9080ac18",
          "nodeType": "BotMessageNode",
          "id": "517dd223-96c4-4b1d-ba6f-b38ce6dd259b",
          "defaultTargetNodeId": "d25e861f-1125-464b-9881-a2094c0c5d3f"
        }
      ],
      "dialogChangeNodes": [
        {
          "targetDialogId": "new_topic_89c49d37fd4c4c1c9144396960733ce1_aeabea4d071f415c8c107e1cb7af5424_assumedsuccess",
          "nodeType": "DialogChangeNode",
          "id": "d25e861f-1125-464b-9881-a2094c0c5d3f"
        }
      ],
      "id": "new_topic_cac1057a12cf40f4b44aa5bcba44d39d",
      "displayName": "Dialog for Hva er forskjellen mellom privat og offentlig team?",
      "createdTime": "2021-03-24T20:09:21.5442661Z",
      "updatedTime": "2021-03-26T09:17:29.5579321Z",
      "createdUserId": "ef0c8b9a-eff1-49f8-92fa-fd1d3e15e1ba",
      "updatedUserId": "ef0c8b9a-eff1-49f8-92fa-fd1d3e15e1ba",
      "versionNumber": 0,
      "componentId": "00000000-0000-0000-0000-000000000000"
    }
  ],
  "botMessages": [
    {
      "channelContent": {
        "web": {
          "contentFormat": "Markdown",
          "content": "**Privat team** er et lukket team der kun teameiere kan legge til medlemmer og brukerne sender forespørsel om tillatelse til å bli med.\n\n**Offentlig team** er et åpent team der alle i organisasjonen kan bli med uten godkjenning fra teameier."
        }
      },
      "id": "99356f23-3c1b-47f0-ac8c-636e1993654d",
      "createdTime": "2021-03-24T20:09:21.5442661Z",
      "updatedTime": "2021-03-24T20:09:21.5442661Z",
      "createdUserId": "ef0c8b9a-eff1-49f8-92fa-fd1d3e15e1ba",
      "updatedUserId": "ef0c8b9a-eff1-49f8-92fa-fd1d3e15e1ba",
      "versionNumber": 0,
      "componentId": "00000000-0000-0000-0000-000000000000"
    },
    {
      "channelContent": {
        "web": {
          "contentFormat": "Markdown",
          "content": "Hvis du vil endre teamet fra offentlig til privat (eller omvendt), kan du gå til **teamnavnet** og velge **Flere alternativer… > Rediger team** nederst på menyen. Velg enten Offentlig eller Privat under **Personvern**."
        }
      },
      "id": "0359bc43-2359-4fe4-b058-0dcd9080ac18",
      "createdTime": "2021-03-26T09:17:20.838Z",
      "updatedTime": "2021-03-26T09:17:20.838Z",
      "createdUserId": "user-0",
      "updatedUserId": "user-0",
      "versionNumber": 0,
      "componentId": "00000000-0000-0000-0000-000000000000"
    }
  ],
  "createdUtc": "0001-01-01T00:00:00Z"
}