{
  "intents": [
    {
      "triggerQueries": [
        "hoe werk je samen in teams",
        "hoe werk je samen in een team",
        "wat doet een team in teams",
        "Wat is een team in Teams",
        "Hoe verander ik de volgorde van teams",
        "hoeveel teams moet je hebben",
        "Hoeveel teams zit je",
        "Wanneer gebruik je een team?",
        "Wat is een team?"
      ],
      "dialogId": "new_topic_52af78c2a34f4d069a9cafe533dac47f",
      "isTriggeringEnabled": true,
      "id": "new_topic_52af78c2a34f4d069a9cafe533dac47f",
      "displayName": "Wat is een team?",
      "description": "",
      "createdTime": "2021-03-22T20:50:13.7592495Z",
      "updatedTime": "2021-03-29T20:04:29.6773952Z",
      "createdUserId": "c1e90dc0-1df0-459d-8164-0dcb7915deaf",
      "updatedUserId": "c1e90dc0-1df0-459d-8164-0dcb7915deaf"
    }
  ],
  "dialogs": [
    {
      "rootNodeId": "a8acc366-5114-4cef-851b-9b5ebe6b5104",
      "messageNodes": [
        {
          "botMessageId": "ba24b25f-4569-425b-82b3-ce239e6b66f4",
          "nodeType": "BotMessageNode",
          "id": "a8acc366-5114-4cef-851b-9b5ebe6b5104",
          "defaultTargetNodeId": "a2915608-39f7-4a07-9cf3-1023f082be99"
        },
        {
          "botMessageId": "d6d56273-d693-4808-a505-59cc56d31d61",
          "nodeType": "BotMessageNode",
          "id": "a2915608-39f7-4a07-9cf3-1023f082be99",
          "defaultTargetNodeId": "a22b4259-947d-4103-9eee-10346c600f96"
        },
        {
          "botMessageId": "44dae1fd-037c-497b-9a6f-6f41ec0091a7",
          "nodeType": "BotMessageNode",
          "id": "a22b4259-947d-4103-9eee-10346c600f96",
          "defaultTargetNodeId": "211fd485-145b-42f7-b777-2db644ee20bb"
        }
      ],
      "dialogChangeNodes": [
        {
          "targetDialogId": "new_topic_9d295c394a47419da3b4d205b7ed4c20_aeabea4d071f415c8c107e1cb7af5424_assumedsuccess",
          "nodeType": "DialogChangeNode",
          "id": "211fd485-145b-42f7-b777-2db644ee20bb"
        }
      ],
      "id": "new_topic_52af78c2a34f4d069a9cafe533dac47f",
      "displayName": "Dialog for Wat is een team?",
      "createdTime": "2021-03-22T20:50:13.7592495Z",
      "updatedTime": "2021-03-29T20:05:46.7155064Z",
      "createdUserId": "c1e90dc0-1df0-459d-8164-0dcb7915deaf",
      "updatedUserId": "c1e90dc0-1df0-459d-8164-0dcb7915deaf"
    }
  ],
  "botMessages": [
    {
      "channelContent": {
        "web": {
          "contentFormat": "Markdown",
          "content": "Een team is een groep personen die samenwerken om iets voor elkaar te krijgen: een verkoopteam dat samenwerkt om iets te verkopen, een bouwteam dat samenwerkt om iets te bouwen, een onderzoeksteam dat samenwerkt om iets te testen. Of simpelweg collega's die aan een project werken."
        }
      },
      "id": "ba24b25f-4569-425b-82b3-ce239e6b66f4",
      "createdTime": "2021-03-22T20:50:13.7592495Z",
      "updatedTime": "2021-03-22T20:50:13.7592495Z",
      "createdUserId": "c1e90dc0-1df0-459d-8164-0dcb7915deaf",
      "updatedUserId": "c1e90dc0-1df0-459d-8164-0dcb7915deaf"
    },
    {
      "channelContent": {
        "web": {
          "contentFormat": "Markdown",
          "content": "In Teams hebben we de neiging om de aandacht te leggen op een van twee zaken: **het type werk wat we doen** of **het project waar we aan werken**."
        }
      },
      "id": "d6d56273-d693-4808-a505-59cc56d31d61",
      "createdTime": "2021-03-22T20:50:40.061Z",
      "updatedTime": "2021-03-22T20:50:40.061Z",
      "createdUserId": "user-0",
      "updatedUserId": "user-0"
    },
    {
      "channelContent": {
        "web": {
          "contentFormat": "Markdown",
          "content": "[Wat is een team? - Office-ondersteuning (microsoft.com)](https://support.microsoft.com/nl-nl/office/wat-is-een-team-f0a0f260-c494-4d54-bc3d-d2ce7a183a6e)  \n  \nTips over de inrichting van jouw team als samenwerkomgeving."
        }
      },
      "id": "44dae1fd-037c-497b-9a6f-6f41ec0091a7",
      "createdTime": "2021-03-22T20:51:14.252Z",
      "updatedTime": "2021-03-22T20:51:14.252Z",
      "createdUserId": "user-0",
      "updatedUserId": "user-0"
    }
  ],
  "createdUtc": "0001-01-01T00:00:00Z"
}