{
  "intents": [
    {
      "intentType": "Regular",
      "endUserOverrideName": "View or follow a channel",
      "triggerQueries": [
        "What are the steps to view a channel?",
        "how do I view a channel?",
        "how do I follow a channel?",
        "Get updates from a channel?",
        "I want to see a channel!",
        "can you follow channels?",
        "follow different channels?",
        "Show only certain channels?",
        "Where is the option to view a channel?",
        "How do I view or follow a channel?"
      ],
      "dialogId": "new_topic_3154323cde184e1a9378b71876da8907",
      "isTriggeringEnabled": true,
      "id": "new_topic_3154323cde184e1a9378b71876da8907",
      "displayName": "How do I view or follow a channel?",
      "description": "https://adoptbotv2kb.blob.core.windows.net/%24web/AdoptBot2021-English.docx",
      "createdTime": "2021-01-13T22:20:51.2381463Z",
      "updatedTime": "2021-01-27T22:57:12.1774881Z",
      "createdUserId": "f04d3cd9-b73d-4ba9-a1ed-9319eba29b21",
      "updatedUserId": "f04d3cd9-b73d-4ba9-a1ed-9319eba29b21"
    }
  ],
  "dialogs": [
    {
      "rootNodeId": "0963c908-b85b-4f2d-8983-957c9417a036",
      "messageNodes": [
        {
          "botMessageId": "8b99f818-19ec-45d0-a536-3f33a8bd1e92",
          "nodeType": "BotMessageNode",
          "id": "0963c908-b85b-4f2d-8983-957c9417a036",
          "defaultTargetNodeId": "218ffffd-ad52-4d2e-9e78-827cacf56f27"
        }
      ],
      "dialogChangeNodes": [
        {
          "targetDialogId": "new_topic_eac3f49c99664313a9d9dc19d80a79a2_aeabea4d071f415c8c107e1cb7af5424_assumedsuccess",
          "nodeType": "DialogChangeNode",
          "id": "218ffffd-ad52-4d2e-9e78-827cacf56f27"
        }
      ],
      "id": "new_topic_3154323cde184e1a9378b71876da8907",
      "displayName": "Dialog for How do I view or follow a channel?",
      "createdTime": "2021-01-13T22:20:51.2381463Z",
      "updatedTime": "2021-01-27T22:58:28.1944253Z",
      "createdUserId": "f04d3cd9-b73d-4ba9-a1ed-9319eba29b21",
      "updatedUserId": "f04d3cd9-b73d-4ba9-a1ed-9319eba29b21"
    }
  ],
  "botMessages": [
    {
      "channelContent": {
        "web": {
          "contentFormat": "Markdown",
          "content": "On a channel name, select **More options** (...) > **Show**."
        }
      },
      "id": "8b99f818-19ec-45d0-a536-3f33a8bd1e92",
      "createdTime": "2021-01-13T22:20:51.2381463Z",
      "updatedTime": "2021-01-13T22:20:51.2381463Z",
      "createdUserId": "f04d3cd9-b73d-4ba9-a1ed-9319eba29b21",
      "updatedUserId": "f04d3cd9-b73d-4ba9-a1ed-9319eba29b21"
    }
  ]
}