{
  "intents": [
    {
      "endUserOverrideName": "Operatörsassistans under ett möte?",
      "triggerQueries": [
        "live support från agent under ett möte?",
        "livehjälp under pågående möte?",
        "få assistans av kundservicemedarbetare under möte?",
        "assistans av teleoperatör?",
        "assistans av operatör under möte?",
        "Kan en användare få operatörsassistans under ett möte?"
      ],
      "dialogId": "new_topic_b6e199e7847d4d0c97401eaa121b013b",
      "isTriggeringEnabled": true,
      "id": "new_topic_b6e199e7847d4d0c97401eaa121b013b",
      "displayName": "Kan en användare få operatörsassistans under ett möte?",
      "description": "",
      "createdTime": "2020-11-24T14:37:53.8220925Z",
      "updatedTime": "2020-12-11T16:54:42.6082117Z",
      "createdUserId": "f04d3cd9-b73d-4ba9-a1ed-9319eba29b21",
      "updatedUserId": "f04d3cd9-b73d-4ba9-a1ed-9319eba29b21"
    }
  ],
  "dialogs": [
    {
      "rootNodeId": "137acacd-3e62-48d2-8bf8-535b0f5c3818",
      "messageNodes": [
        {
          "botMessageId": "a437ece6-eaea-4078-b81a-0a81e14f2653",
          "nodeType": "BotMessageNode",
          "id": "137acacd-3e62-48d2-8bf8-535b0f5c3818",
          "defaultTargetNodeId": "bf4c0abe-6024-4acd-b231-4dd601beb2a0"
        }
      ],
      "dialogChangeNodes": [
        {
          "targetDialogId": "new_topic_84ec227c19784e7ba25cb34f4638f91e_aeabea4d071f415c8c107e1cb7af5424_assumedsuccess",
          "nodeType": "DialogChangeNode",
          "id": "bf4c0abe-6024-4acd-b231-4dd601beb2a0"
        }
      ],
      "id": "new_topic_b6e199e7847d4d0c97401eaa121b013b",
      "displayName": "Dialog for Kan en användare få operatörsassistans under ett möte?",
      "createdTime": "2020-11-24T14:37:53.8220925Z",
      "updatedTime": "2020-11-24T14:37:53.8220925Z",
      "createdUserId": "f04d3cd9-b73d-4ba9-a1ed-9319eba29b21",
      "updatedUserId": "f04d3cd9-b73d-4ba9-a1ed-9319eba29b21"
    }
  ],
  "botMessages": [
    {
      "channelContent": {
        "web": {
          "contentFormat": "Markdown",
          "content": "Nej, en användare kan inte få någon operatörshjälp eller support genom att trycka på \\*0 under mötet. Om det finns problem med telefonkonferenser kan en administratör för en organisation kontakta [Microsofts support för Office 365](https://support.office.com/article/Microsoft-support-for-Office-365-32a17ca7-6fa0-4870-8a8d-e25ba4ccfd4b)"
        }
      },
      "id": "a437ece6-eaea-4078-b81a-0a81e14f2653",
      "createdTime": "2020-11-24T14:37:53.8220925Z",
      "updatedTime": "2020-11-24T14:37:53.8220925Z",
      "createdUserId": "f04d3cd9-b73d-4ba9-a1ed-9319eba29b21",
      "updatedUserId": "f04d3cd9-b73d-4ba9-a1ed-9319eba29b21"
    }
  ]
}