{
  "intents": [
    {
      "endUserOverrideName": "Mentionner l'équipe",
      "triggerQueries": [
        "Comment attirer l'attention de l'équipe entière",
        "Mentionner toute l'équipe",
        "Mentionner tout le monde",
        "@mention tout le monde",
        "@mention toute l'équipe",
        "Notifier tous les membres de l'équipe",
        "@mention l'équipe entière"
      ],
      "dialogId": "new_topic_0ab8fc40292649d3a1b625bfa99804f7",
      "isTriggeringEnabled": true,
      "id": "new_topic_0ab8fc40292649d3a1b625bfa99804f7",
      "displayName": "Mentionner toute l'équipe",
      "description": "",
      "createdTime": "2021-01-13T22:20:51.2381463Z",
      "updatedTime": "2021-05-24T22:35:47.1682594Z",
      "createdUserId": "f04d3cd9-b73d-4ba9-a1ed-9319eba29b21",
      "updatedUserId": "a2c4aa2c-d830-41eb-bcf4-467a2c7e1279"
    }
  ],
  "dialogs": [
    {
      "rootNodeId": "870f5109-5331-4550-b360-006c35e55b52",
      "messageNodes": [
        {
          "botMessageId": "dea7477a-6bc4-44d4-ab85-d42d1d50bfc6",
          "nodeType": "BotMessageNode",
          "id": "870f5109-5331-4550-b360-006c35e55b52",
          "defaultTargetNodeId": "585f642f-bb7e-4ea6-baae-bcf57045b80b"
        },
        {
          "botMessageId": "26fbe36c-2036-43b4-8410-32efd809c93c",
          "nodeType": "BotMessageNode",
          "id": "585f642f-bb7e-4ea6-baae-bcf57045b80b",
          "defaultTargetNodeId": "1c62e3b6-7ca6-4736-8365-bfac33587cee"
        },
        {
          "botMessageId": "0c4d7416-c80e-4e78-9b88-ec82194d5eba",
          "nodeType": "BotMessageNode",
          "id": "1c62e3b6-7ca6-4736-8365-bfac33587cee",
          "defaultTargetNodeId": "d9a2de8f-e288-4cbb-a937-7e523d3cc783"
        }
      ],
      "dialogChangeNodes": [
        {
          "targetDialogId": "new_topic_eac3f49c99664313a9d9dc19d80a79a2_aeabea4d071f415c8c107e1cb7af5424_assumedsuccess",
          "nodeType": "DialogChangeNode",
          "id": "d9a2de8f-e288-4cbb-a937-7e523d3cc783"
        }
      ],
      "id": "new_topic_0ab8fc40292649d3a1b625bfa99804f7",
      "displayName": "Dialog for How do I @mention the entire team?",
      "createdTime": "2021-01-13T22:20:51.2381463Z",
      "updatedTime": "2021-04-17T12:38:32.6145564Z",
      "createdUserId": "f04d3cd9-b73d-4ba9-a1ed-9319eba29b21",
      "updatedUserId": "75392dcd-00bb-4588-89e9-c55bcbe40ccb"
    }
  ],
  "botMessages": [
    {
      "channelContent": {
        "web": {
          "contentFormat": "Markdown",
          "content": "[**Pour attirer l'attention de tout le monde**](https://support.microsoft.com/fr-fr/office/use-mentions-to-get-someone-s-attention-in-teams-eb4f059d-320e-454e-b111-03361d4d6855) dans une équipe, vous pouvez @mention le nom de l'équipe.\n\n*   Taper @Équipe et cliquer sur le nom de l'équipe dans le menu qui apparait."
        }
      },
      "id": "dea7477a-6bc4-44d4-ab85-d42d1d50bfc6",
      "createdTime": "2021-01-13T22:20:51.2381463Z",
      "updatedTime": "2021-01-13T22:20:51.2381463Z",
      "createdUserId": "f04d3cd9-b73d-4ba9-a1ed-9319eba29b21",
      "updatedUserId": "f04d3cd9-b73d-4ba9-a1ed-9319eba29b21"
    },
    {
      "channelContent": {
        "web": {
          "contentFormat": "Markdown",
          "content": "En faisant @Équipe, tous les membres de cette équipe recevront une notification.  \n[_Le type de notification dépend des préférences de chaque personne_](https://support.microsoft.com/fr-fr/office/six-things-to-know-about-notifications-abb62c60-3d15-4968-b86a-42fea9c22cf4)"
        }
      },
      "id": "26fbe36c-2036-43b4-8410-32efd809c93c",
      "createdTime": "2021-01-27T20:02:31.051Z",
      "updatedTime": "2021-01-27T20:02:31.051Z",
      "createdUserId": "user-0",
      "updatedUserId": "user-0"
    },
    {
      "channelContent": {
        "web": {
          "contentFormat": "Markdown",
          "content": "💡 **Astuce :** _Utilisez cette option avec modération dans les grandes équipes car cela notifie tout le monde._"
        }
      },
      "id": "0c4d7416-c80e-4e78-9b88-ec82194d5eba",
      "createdTime": "2021-01-27T20:08:22.811Z",
      "updatedTime": "2021-01-27T20:08:22.811Z",
      "createdUserId": "user-0",
      "updatedUserId": "user-0"
    }
  ],
  "createdUtc": "0001-01-01T00:00:00Z"
}