{
  "intents": [
    {
      "triggerQueries": [
        "Was ist SharePoint?",
        "Erstellen einer Sharepoint-Seite",
        "Webbpages im Sharepoint",
        "Erklärung von SharePoint",
        "können Sie SharePoint beschreiben?",
        "Sharepoint"
      ],
      "dialogId": "new_topic_0b9400655ca742ec85d3f05ec98cf2e1",
      "isTriggeringEnabled": true,
      "id": "new_topic_0b9400655ca742ec85d3f05ec98cf2e1",
      "displayName": "Was ist Sharepoint?",
      "description": "",
      "createdTime": "2021-04-15T11:54:14.213548Z",
      "updatedTime": "2021-04-15T11:54:14.213548Z",
      "createdUserId": "d4c65e50-fb5c-4311-830a-05b59a11dd48"
    }
  ],
  "dialogs": [
    {
      "rootNodeId": "43962844-8b29-4797-b779-428250ae6493",
      "messageNodes": [
        {
          "botMessageId": "dc6a940c-8b3b-4018-82aa-8c281a2e1306",
          "nodeType": "BotMessageNode",
          "id": "43962844-8b29-4797-b779-428250ae6493",
          "defaultTargetNodeId": "99bdce1a-0f67-442f-9064-6958abd65847"
        },
        {
          "botMessageId": "7eea3beb-0146-4600-89ab-e78b0e46d711",
          "nodeType": "BotMessageNode",
          "id": "99bdce1a-0f67-442f-9064-6958abd65847",
          "defaultTargetNodeId": "9317e4c2-b2eb-445c-a7f0-d189f1a5cdd5"
        }
      ],
      "dialogChangeNodes": [
        {
          "targetDialogId": "new_topic_30867099f4b543d3b8543a85c22c3418_aeabea4d071f415c8c107e1cb7af5424_assumedsuccess",
          "nodeType": "DialogChangeNode",
          "id": "9317e4c2-b2eb-445c-a7f0-d189f1a5cdd5"
        }
      ],
      "id": "new_topic_0b9400655ca742ec85d3f05ec98cf2e1",
      "displayName": "Dialog for Was ist Sharepoint?",
      "createdTime": "2021-04-15T11:54:14.213548Z",
      "updatedTime": "2021-04-15T11:56:21.5927211Z",
      "createdUserId": "d4c65e50-fb5c-4311-830a-05b59a11dd48",
      "updatedUserId": "d4c65e50-fb5c-4311-830a-05b59a11dd48"
    }
  ],
  "botMessages": [
    {
      "channelContent": {
        "web": {
          "contentFormat": "Markdown",
          "content": "SharePoint wird von Organisationen zum Erstellen von Webseiten verwendet. Sie können SharePoint als sicheren Ort zum Speichern, Organisieren, Freigeben und Zugreifen auf Informationen von fast jedem Gerät aus verwenden."
        }
      },
      "id": "dc6a940c-8b3b-4018-82aa-8c281a2e1306",
      "createdTime": "2021-04-15T11:54:14.213548Z",
      "updatedTime": "2021-04-15T11:54:14.213548Z",
      "createdUserId": "d4c65e50-fb5c-4311-830a-05b59a11dd48",
      "updatedUserId": "d4c65e50-fb5c-4311-830a-05b59a11dd48"
    },
    {
      "channelContent": {
        "web": {
          "contentFormat": "Markdown",
          "content": "Alles, was Sie brauchen, ist ein Webbrowser.\n\nDie vollständige Liste der SharePoint-Funktionen finden Sie [hier](https://support.office.com/de-de/article/What-is-SharePoint--97b915e6-651b-43b2-827d-fb25777f446f)."
        }
      },
      "id": "7eea3beb-0146-4600-89ab-e78b0e46d711",
      "createdTime": "2021-04-15T11:54:24.184Z",
      "updatedTime": "2021-04-15T11:54:24.184Z",
      "createdUserId": "user-0",
      "updatedUserId": "user-0"
    }
  ]
}