{
  "intents": [
    {
      "endUserOverrideName": "Modifica le impostazioni per il mio team",
      "triggerQueries": [
        "Modifica le impostazioni per il mio team",
        "Dov'è l'opzione per modificare le impostazioni del mio team?",
        "modificare le impostazioni del mio team",
        "Modifica le impostazioni del mio team",
        "regolare le impostazioni per il team",
        "modificare le impostazioni per i membri del mio team",
        "dove posso trovare le impostazioni del team?",
        "come faccio a raggiungere le impostazioni del team?",
        "Modifica le impostazioni del team",
        "Dove posso modificare le impostazioni del mio Team?"
      ],
      "dialogId": "new_topic_2d8007b8c0ce4de39482e561e8e17528",
      "isTriggeringEnabled": true,
      "id": "new_topic_2d8007b8c0ce4de39482e561e8e17528",
      "displayName": "Dove posso modificare le impostazioni del mio Team?",
      "createdTime": "2022-04-30T09:09:57.7695279Z",
      "updatedTime": "2022-04-30T09:09:57.7695279Z",
      "createdUserId": "9451fc51-e00d-4445-8ff9-efb70866dc3b",
      "updatedUserId": "9451fc51-e00d-4445-8ff9-efb70866dc3b"
    }
  ],
  "dialogs": [
    {
      "rootNodeId": "bfc8845f-ff71-48ed-a25e-c8971abb1b5c",
      "messageNodes": [
        {
          "botMessageId": "4f104b41-603b-4919-90b6-affe675d3211",
          "nodeType": "BotMessageNode",
          "id": "bfc8845f-ff71-48ed-a25e-c8971abb1b5c",
          "defaultTargetNodeId": "e48da70a-2a9f-4974-a7f2-dce8ef3d996d"
        },
        {
          "botMessageId": "481c490d-b805-44ac-9583-715ad499c256",
          "nodeType": "BotMessageNode",
          "id": "e48da70a-2a9f-4974-a7f2-dce8ef3d996d",
          "defaultTargetNodeId": "dce46406-d168-470e-85c2-208aecbd93a5"
        }
      ],
      "dialogChangeNodes": [
        {
          "targetDialogId": "new_topic_f98a24608ee04cb998de3e3e32703d5b_aeabea4d071f415c8c107e1cb7af5424_assumedsuccess",
          "nodeType": "DialogChangeNode",
          "id": "dce46406-d168-470e-85c2-208aecbd93a5"
        }
      ],
      "id": "new_topic_2d8007b8c0ce4de39482e561e8e17528",
      "displayName": "Senza titolo",
      "createdTime": "2022-04-30T09:09:57.7695279Z",
      "updatedTime": "2022-04-30T09:09:57.7695279Z",
      "createdUserId": "9451fc51-e00d-4445-8ff9-efb70866dc3b",
      "updatedUserId": "9451fc51-e00d-4445-8ff9-efb70866dc3b"
    }
  ],
  "botMessages": [
    {
      "channelContent": {
        "web": {
          "contentFormat": "Markdown",
          "content": "Seleziona il nome del team e fai clic su Altre opzioni (...) > Gestisci team."
        }
      },
      "id": "4f104b41-603b-4919-90b6-affe675d3211",
      "createdTime": "2022-04-30T09:03:36Z",
      "updatedTime": "2022-04-30T09:03:36Z"
    },
    {
      "channelContent": {
        "web": {
          "contentFormat": "Markdown",
          "content": "Da qui puoi accedere alle Impostazioni del tuo team, che ti consentono di:\n\n*   Cambia l'immagine del team.\n*   Imposta le autorizzazioni dei membri.\n*   Abilita le menzioni di @team in un canale.\n*   Consente ai membri del team di inviare Gif, emoji e adesivi.\n*   E altro ancora"
        }
      },
      "id": "481c490d-b805-44ac-9583-715ad499c256",
      "createdTime": "2022-04-30T09:08:10.079Z",
      "updatedTime": "2022-04-30T09:08:10.079Z",
      "createdUserId": "user-0",
      "updatedUserId": "user-0"
    }
  ]
}