{
  "intents": [
    {
      "endUserOverrideName": "在頻道中引起某個人的注意力?",
      "triggerQueries": [
        "頻道訊息沒有通知",
        "怎麼讓人看到頻道內容",
        "我能如何通知一個人頻道訊息?",
        "在頻道中引起某人的注意？",
        "在頻道中@提及一個使用者",
        "我可以在頻道中獲得單個使用者的關注嗎？",
        "我如何提及一個人?",
        "我要如何通知某人?",
        "是否有可能在頻道中引起個別使用者的注意力?",
        "Get someone's attention in a channel?",
        "@mention a user in a channel",
        "Can I get an individual user's attention in a channel?",
        "How do I mention a person?",
        "How can I notify a person?",
        "How do I notify someone?",
        "Is it possible to get individual user’s attention in a channel?"
      ],
      "dialogId": "new_topic_a9b8c2ac10ef4e03bfa6331dc25289b8",
      "isTriggeringEnabled": true,
      "id": "new_topic_a9b8c2ac10ef4e03bfa6331dc25289b8",
      "displayName": "是否有可能在頻道中引起個別用戶的注意力？",
      "description": "https://adoptbotv2kb.blob.core.windows.net/%24web/AdoptBot2021-English.docx",
      "createdTime": "2021-11-17T07:37:05.8905955Z",
      "updatedTime": "2021-11-18T17:51:05.3142354Z",
      "createdUserId": "9c968d43-f7c2-4e28-895c-1f6bcefcd8be",
      "updatedUserId": "9c968d43-f7c2-4e28-895c-1f6bcefcd8be"
    }
  ],
  "dialogs": [
    {
      "rootNodeId": "5ef793c5-a76c-46a6-ac56-c53d71365c16",
      "messageNodes": [
        {
          "botMessageId": "aa8355c6-27e4-4a50-ad00-654b395d4eac",
          "nodeType": "BotMessageNode",
          "id": "5ef793c5-a76c-46a6-ac56-c53d71365c16",
          "defaultTargetNodeId": "6b2e9778-d0fd-4ea8-807c-b09d49b2e1aa"
        },
        {
          "botMessageId": "2a484618-c12a-4e05-8b14-ff00e3fac8dd",
          "nodeType": "BotMessageNode",
          "id": "6b2e9778-d0fd-4ea8-807c-b09d49b2e1aa",
          "defaultTargetNodeId": "4a1c77c3-d1c5-4f04-bd08-e7a1e2a4ed3c"
        }
      ],
      "dialogChangeNodes": [
        {
          "targetDialogId": "new_topic_e2d1671328b941dbb60fa7150059b1ee_aeabea4d071f415c8c107e1cb7af5424_assumedsuccess",
          "nodeType": "DialogChangeNode",
          "id": "4a1c77c3-d1c5-4f04-bd08-e7a1e2a4ed3c"
        }
      ],
      "id": "new_topic_a9b8c2ac10ef4e03bfa6331dc25289b8",
      "displayName": "Dialog for 是否有可能在頻道中引起個別用戶的注意力？",
      "createdTime": "2021-11-17T07:37:05.8905955Z",
      "updatedTime": "2021-11-17T07:37:34.7376393Z",
      "createdUserId": "9c968d43-f7c2-4e28-895c-1f6bcefcd8be",
      "updatedUserId": "9c968d43-f7c2-4e28-895c-1f6bcefcd8be"
    }
  ],
  "botMessages": [
    {
      "channelContent": {
        "web": {
          "contentFormat": "Markdown",
          "content": "要在頻道對話或聊天中引起某人的注意，[請@提及他們](https://support.microsoft.com/en-us/office/use-mentions-to-get-someone-s-attention-in-teams-eb4f059d-320e-454e-b111-03361d4d6855)\n\n*   在成員姓名前輸入 @ 並從出現的列表中選擇他們。\n*   **或者**只需開始輸入團隊成員的姓名以查看選項出現。"
        }
      },
      "id": "aa8355c6-27e4-4a50-ad00-654b395d4eac",
      "createdTime": "2021-11-17T07:37:05.8905955Z",
      "updatedTime": "2021-11-17T07:37:05.8905955Z",
      "createdUserId": "9c968d43-f7c2-4e28-895c-1f6bcefcd8be",
      "updatedUserId": "9c968d43-f7c2-4e28-895c-1f6bcefcd8be"
    },
    {
      "channelContent": {
        "web": {
          "contentFormat": "Markdown",
          "content": "[在頻道的對話中藉由@團隊](https://support.microsoft.com/en-us/office/use-mentions-to-get-someone-s-attention-in-teams-eb4f059d-320e-454e-b111-03361d4d6855), 所有團隊成員都會收到通知。 [_通知的類型取決於每個人的設定_](https://support.microsoft.com/en-us/office/six-things-to-know-about-notifications-abb62c60-3d15-4968-b86a-42fea9c22cf4)"
        }
      },
      "id": "2a484618-c12a-4e05-8b14-ff00e3fac8dd",
      "createdTime": "2021-11-17T07:37:21.508Z",
      "updatedTime": "2021-11-17T07:37:21.508Z",
      "createdUserId": "user-0",
      "updatedUserId": "user-0"
    }
  ]
}