{
  "intents": [
    {
      "endUserOverrideName": "釘選或回覆特定訊息",
      "triggerQueries": [
        "引用特定訊息",
        "引用訊息",
        "reply a chat",
        "ping a chat",
        "釘選訊息",
        "回覆訊息",
        "chat 回特定訊息",
        "回覆chat特定訊息",
        "回覆Teams特定訊息"
      ],
      "dialogId": "new_topic_9a392c31e8bc4264badddf1a50351305",
      "isTriggeringEnabled": true,
      "id": "new_topic_9a392c31e8bc4264badddf1a50351305",
      "displayName": "釘選或回覆特定訊息",
      "description": "",
      "createdTime": "2021-11-22T09:25:43.7190535Z",
      "updatedTime": "2021-11-22T15:23:12.4200566Z",
      "createdUserId": "9c968d43-f7c2-4e28-895c-1f6bcefcd8be",
      "updatedUserId": "9c968d43-f7c2-4e28-895c-1f6bcefcd8be"
    }
  ],
  "dialogs": [
    {
      "rootNodeId": "886e4a1c-4888-4520-a7d7-c0dfaf467e82",
      "messageNodes": [
        {
          "botMessageId": "d5025789-f3b4-446f-ae48-cca291580981",
          "nodeType": "BotMessageNode",
          "id": "886e4a1c-4888-4520-a7d7-c0dfaf467e82",
          "defaultTargetNodeId": "b2508727-cfd6-482b-8cc9-917878dfcf14"
        }
      ],
      "dialogChangeNodes": [
        {
          "targetDialogId": "new_topic_e2d1671328b941dbb60fa7150059b1ee_aeabea4d071f415c8c107e1cb7af5424_assumedsuccess",
          "nodeType": "DialogChangeNode",
          "id": "b2508727-cfd6-482b-8cc9-917878dfcf14"
        }
      ],
      "id": "new_topic_9a392c31e8bc4264badddf1a50351305",
      "displayName": "Dialog for 回覆Teams特定訊息",
      "createdTime": "2021-11-22T09:25:43.7190535Z",
      "updatedTime": "2021-11-22T15:23:12.4200566Z",
      "createdUserId": "9c968d43-f7c2-4e28-895c-1f6bcefcd8be",
      "updatedUserId": "9c968d43-f7c2-4e28-895c-1f6bcefcd8be"
    }
  ],
  "botMessages": [
    {
      "channelContent": {
        "web": {
          "contentFormat": "Markdown",
          "content": "[釘選特定訊息](https://news.microsoft.com/zh-tw/features/teams-2021-9/)\n\n您可以輕鬆釘選聊天訊息，以做為提醒之用，並讓聊天室中的成員快速存取重要內容。釘選功能可望協助您的團隊及時同步相關資訊。\n\n**步驟:**\n\n\\- 將游標停留在您想要釘選的訊息上\n\n\\- 選取 **其他選項**  > **釘選**\n\n\\- 您釘選的訊息預覽會顯示在聊天室上方。\n\n[回覆聊天中的特定訊息](https://techcommunity.microsoft.com/t5/microsoft-teams-public-preview/now-in-public-preview-quoted-reply-for-desktop-web-coming-soon/m-p/2761594)\n\n引用原始訊息進行，讓聊天室中的所有人輕鬆掌握訊息德上下文。\n\n**步驟:**\n\n\\- 將游標停留在您想要回覆的訊息上\n\n\\- 選取 **其他選項**  > **回覆**\n\n\\- 您回覆的訊息會顯示在想要回覆的訊息上。"
        }
      },
      "id": "d5025789-f3b4-446f-ae48-cca291580981",
      "createdTime": "2021-11-22T09:25:43.7190535Z",
      "updatedTime": "2021-11-22T09:25:43.7190535Z",
      "createdUserId": "9c968d43-f7c2-4e28-895c-1f6bcefcd8be",
      "updatedUserId": "9c968d43-f7c2-4e28-895c-1f6bcefcd8be"
    }
  ]
}