{
  "intents": [
    {
      "endUserOverrideName": "bestand openen mobiel",
      "triggerQueries": [
        "bestand op mobiel openen",
        "Hoe open ik een bestand van Teams op mijn telefoon?"
      ],
      "dialogId": "new_topic_53d4d7b0ab2d42c988128e03231b87a4",
      "isTriggeringEnabled": true,
      "canTriggeringBeDisabled": true,
      "id": "new_topic_53d4d7b0ab2d42c988128e03231b87a4",
      "displayName": "Hoe open ik een bestand van Teams op mijn telefoon?",
      "description": "",
      "createdTime": "2021-03-22T08:30:31.5084404Z",
      "updatedTime": "2021-03-22T08:30:31.5084404Z",
      "createdUserId": "c1e90dc0-1df0-459d-8164-0dcb7915deaf",
      "isManaged": false,
      "isCustomizable": true,
      "etag": "W/\"930395\"",
      "versionNumber": 930395,
      "componentId": "25d5bedc-e88a-eb11-b1ac-000d3a4cdb28"
    }
  ],
  "dialogs": [
    {
      "rootNodeId": "2a77af09-a8de-4230-82d9-a04d4b57a780",
      "messageNodes": [
        {
          "botMessageId": "a1511f3d-73d2-4016-beb4-6c26635a6986",
          "nodeType": "BotMessageNode",
          "id": "2a77af09-a8de-4230-82d9-a04d4b57a780",
          "defaultTargetNodeId": "bb67abea-b1e5-488a-94c8-f3bb9a73497b"
        },
        {
          "botMessageId": "b4bd6085-c5d9-42db-b06c-a5511ae4080b",
          "nodeType": "BotMessageNode",
          "id": "bb67abea-b1e5-488a-94c8-f3bb9a73497b",
          "defaultTargetNodeId": "82279fa9-8936-43ef-b7d2-73e46b30bea6"
        }
      ],
      "dialogChangeNodes": [
        {
          "targetDialogId": "new_topic_9d295c394a47419da3b4d205b7ed4c20_aeabea4d071f415c8c107e1cb7af5424_assumedsuccess",
          "nodeType": "DialogChangeNode",
          "id": "82279fa9-8936-43ef-b7d2-73e46b30bea6"
        }
      ],
      "id": "new_topic_53d4d7b0ab2d42c988128e03231b87a4",
      "displayName": "Dialog for Hoe open ik een bestand van Teams op mijn telefoon?",
      "createdTime": "2021-03-22T08:30:31.5084404Z",
      "updatedTime": "2021-03-22T08:32:16.1831699Z",
      "createdUserId": "c1e90dc0-1df0-459d-8164-0dcb7915deaf",
      "updatedUserId": "c1e90dc0-1df0-459d-8164-0dcb7915deaf",
      "versionNumber": 0,
      "componentId": "00000000-0000-0000-0000-000000000000"
    }
  ],
  "botMessages": [
    {
      "channelContent": {
        "web": {
          "contentFormat": "Markdown",
          "content": "1.  Selecteer Teams\n2.  Selecteer het Team waar het bestand staat.\n3.  Klik bestanden\n4.  Selecteer juiste bestand."
        }
      },
      "id": "a1511f3d-73d2-4016-beb4-6c26635a6986",
      "createdTime": "2021-03-22T08:30:31.5084404Z",
      "updatedTime": "2021-03-22T08:30:31.5084404Z",
      "createdUserId": "c1e90dc0-1df0-459d-8164-0dcb7915deaf",
      "updatedUserId": "c1e90dc0-1df0-459d-8164-0dcb7915deaf",
      "versionNumber": 0,
      "componentId": "00000000-0000-0000-0000-000000000000"
    },
    {
      "channelContent": {
        "web": {
          "contentFormat": "Markdown",
          "content": "Of klik op de 3 puntjes **Meer** in de app. Klik **bestanden.** Selecteer juiste bestand."
        }
      },
      "id": "b4bd6085-c5d9-42db-b06c-a5511ae4080b",
      "createdTime": "2021-03-22T08:31:41.22Z",
      "updatedTime": "2021-03-22T08:31:41.22Z",
      "createdUserId": "user-0",
      "updatedUserId": "user-0",
      "versionNumber": 0,
      "componentId": "00000000-0000-0000-0000-000000000000"
    }
  ],
  "createdUtc": "0001-01-01T00:00:00Z"
}