{
  "intents": [
    {
      "intentType": "Regular",
      "endUserOverrideName": "Lägg till teamägare",
      "triggerQueries": [
        "Är det möjligt att ändra någons roll från medlem till ägare av ett team?",
        "Skapa ny teamägare",
        "Lägg till en till teamägare",
        "Jag vill lägga till en teamägare?",
        "Hur lägger jag till fler teamägare?"
      ],
      "dialogId": "new_topic_fea31e61b0ff49abaec921c5720c6e97",
      "isTriggeringEnabled": true,
      "id": "new_topic_fea31e61b0ff49abaec921c5720c6e97",
      "displayName": "Hur lägger jag till fler teamägare?",
      "description": "",
      "createdTime": "2020-11-24T14:37:53.8230909Z",
      "updatedTime": "2020-12-11T11:15:17.6002892Z",
      "createdUserId": "f04d3cd9-b73d-4ba9-a1ed-9319eba29b21",
      "updatedUserId": "f04d3cd9-b73d-4ba9-a1ed-9319eba29b21"
    }
  ],
  "dialogs": [
    {
      "rootNodeId": "1cf03683-42db-4b5d-b1a1-4dbc804c94a2",
      "messageNodes": [
        {
          "botMessageId": "7575bda3-307b-414b-8a94-b400c23580a3",
          "nodeType": "BotMessageNode",
          "id": "1cf03683-42db-4b5d-b1a1-4dbc804c94a2",
          "defaultTargetNodeId": "8efccebe-b6fb-47f8-8251-a0f75a8a7309"
        }
      ],
      "dialogChangeNodes": [
        {
          "targetDialogId": "new_topic_84ec227c19784e7ba25cb34f4638f91e_aeabea4d071f415c8c107e1cb7af5424_assumedsuccess",
          "nodeType": "DialogChangeNode",
          "id": "8efccebe-b6fb-47f8-8251-a0f75a8a7309"
        }
      ],
      "id": "new_topic_fea31e61b0ff49abaec921c5720c6e97",
      "displayName": "Dialog for Hur lägger jag till fler teamägare?",
      "createdTime": "2020-11-24T14:37:53.8230909Z",
      "updatedTime": "2020-12-11T11:15:58.5790836Z",
      "createdUserId": "f04d3cd9-b73d-4ba9-a1ed-9319eba29b21",
      "updatedUserId": "f04d3cd9-b73d-4ba9-a1ed-9319eba29b21"
    }
  ],
  "botMessages": [
    {
      "channelContent": {
        "web": {
          "contentFormat": "Markdown",
          "content": "Hitta det team som du har skapat, klicka på Fler alternativ> Hantera team.\n\nGå sedan till fliken Medlemmar. \n\nHitta de personer du vill utse till teamägare.\n\nKlicka på Ägare under Roll.\n\n  \n**💡Tips:** Se till att ha minst två ägare per team. Detta skapar en backup-kontakt ifall en av ägarna är otillgänglig."
        }
      },
      "id": "7575bda3-307b-414b-8a94-b400c23580a3",
      "createdTime": "2020-11-24T14:37:53.8230909Z",
      "updatedTime": "2020-11-24T14:37:53.8230909Z",
      "createdUserId": "f04d3cd9-b73d-4ba9-a1ed-9319eba29b21",
      "updatedUserId": "f04d3cd9-b73d-4ba9-a1ed-9319eba29b21"
    }
  ]
}