{
  "intents": [
    {
      "endUserOverrideName": "Gesprek in Teams",
      "triggerQueries": [
        "hoe reageer ik in teams op een bericht",
        "hoe plaats ik een bericht in een kanaal",
        "hoe plaats ike en bericht voor mijnt eam",
        "hoe typ ik een bericht voor mijn team",
        "hoe deel ik een bericht met mijn team",
        "hoe post ik een bericht",
        "hoe plaats ik een bericht",
        "hoe deel ik een bericht met mijn team",
        "hoe deel ik een bericht in Teams",
        "Hoe plaats ik een bericht in Teams",
        "Hoe begin ik een gesprek in een team?"
      ],
      "dialogId": "new_topic_dc487f35f13f42a4bd81f0de5bd51654",
      "isTriggeringEnabled": true,
      "id": "new_topic_dc487f35f13f42a4bd81f0de5bd51654",
      "displayName": "Gesprek in Teams",
      "description": "",
      "createdTime": "2021-03-22T18:49:22.1664423Z",
      "updatedTime": "2021-03-29T21:15:45.7273458Z",
      "createdUserId": "c1e90dc0-1df0-459d-8164-0dcb7915deaf",
      "updatedUserId": "c1e90dc0-1df0-459d-8164-0dcb7915deaf"
    }
  ],
  "dialogs": [
    {
      "rootNodeId": "c1e2a5d8-bb12-4a45-849b-a1adcd4acea5",
      "messageNodes": [
        {
          "botMessageId": "e89b91c0-9b30-40e3-99cf-e7fceb4dfb02",
          "nodeType": "BotMessageNode",
          "id": "c1e2a5d8-bb12-4a45-849b-a1adcd4acea5",
          "defaultTargetNodeId": "0094ec48-f33a-41d1-beea-4be9c7ad508f"
        },
        {
          "botMessageId": "cbcaf2e3-99e2-44ef-a65d-fae9d84ce025",
          "nodeType": "BotMessageNode",
          "id": "0094ec48-f33a-41d1-beea-4be9c7ad508f",
          "defaultTargetNodeId": "63d403de-a1ac-44e5-a4f0-e928f0f6a114"
        },
        {
          "botMessageId": "6aee3b46-ec71-43fb-9b74-809befe37230",
          "nodeType": "BotMessageNode",
          "id": "63d403de-a1ac-44e5-a4f0-e928f0f6a114",
          "defaultTargetNodeId": "3a366cab-5aa5-44da-9e0b-896a6fdcfdb4"
        }
      ],
      "dialogChangeNodes": [
        {
          "targetDialogId": "new_topic_9d295c394a47419da3b4d205b7ed4c20_aeabea4d071f415c8c107e1cb7af5424_assumedsuccess",
          "nodeType": "DialogChangeNode",
          "id": "3a366cab-5aa5-44da-9e0b-896a6fdcfdb4"
        }
      ],
      "id": "new_topic_dc487f35f13f42a4bd81f0de5bd51654",
      "displayName": "Dialog for Gesprek in Teams",
      "createdTime": "2021-03-22T18:49:22.1664423Z",
      "updatedTime": "2021-03-29T21:15:14.7574965Z",
      "createdUserId": "c1e90dc0-1df0-459d-8164-0dcb7915deaf",
      "updatedUserId": "c1e90dc0-1df0-459d-8164-0dcb7915deaf"
    }
  ],
  "botMessages": [
    {
      "channelContent": {
        "web": {
          "contentFormat": "Markdown",
          "content": "In elk kanaal in Teams is het allereerste tabblad \"**Berichten**\". Zie dit als één grote groepschat. Iedereen die toegang heeft tot het team kan berichten zien op het tabblad **Berichten.**"
        }
      },
      "id": "e89b91c0-9b30-40e3-99cf-e7fceb4dfb02",
      "createdTime": "2021-03-22T18:49:22.1664423Z",
      "updatedTime": "2021-03-22T18:49:22.1664423Z",
      "createdUserId": "c1e90dc0-1df0-459d-8164-0dcb7915deaf",
      "updatedUserId": "c1e90dc0-1df0-459d-8164-0dcb7915deaf"
    },
    {
      "channelContent": {
        "web": {
          "contentFormat": "Markdown",
          "content": "[Volg de stappen om een bericht naar iedereen in het kanaal te](https://support.microsoft.com/nl-nl/office/skicka-ett-meddelande-till-en-kanal-i-teams-5c8131ce-eaad-4798-bc73-e33f4652a9c4) sturen:\n\n*   Selecteer eerst het juiste kanaal voor uw bericht.\n*   Klik op '**Beantwoorden**' om te reageren op de bestaande berichten of druk op de knop '**Nieuw gesprek**’ om een nieuwe te starten.\n*   Typ uw bericht in het vak en selecteer **Verzenden**."
        }
      },
      "id": "cbcaf2e3-99e2-44ef-a65d-fae9d84ce025",
      "createdTime": "2021-03-22T18:50:16.115Z",
      "updatedTime": "2021-03-22T18:50:16.115Z",
      "createdUserId": "user-0",
      "updatedUserId": "user-0"
    },
    {
      "channelContent": {
        "web": {
          "contentFormat": "Markdown",
          "content": "[Een bericht verzenden naar een kanaal in teams - Office-ondersteuning (microsoft.com)](https://support.microsoft.com/nl-nl/office/een-bericht-verzenden-naar-een-kanaal-in-teams-5c8131ce-eaad-4798-bc73-e33f4652a9c4?ui=nl-NL&rs=nl-NL&ad=NL)"
        }
      },
      "id": "6aee3b46-ec71-43fb-9b74-809befe37230",
      "createdTime": "2021-03-22T18:51:20.019Z",
      "updatedTime": "2021-03-22T18:51:20.019Z",
      "createdUserId": "user-0",
      "updatedUserId": "user-0"
    }
  ],
  "createdUtc": "0001-01-01T00:00:00Z"
}