{
  "intents": [
    {
      "triggerQueries": [
        "어디서나 원격 작업",
        "Microsoft 365 마이크로소프트 365 원격 일 작업",
        "Team 팀 Microsoft 365 마이크로소프트 365 연결",
        "집 일할 때 어떤 도구",
        "Microsoft 365 마이크로소프트 365 재택 근무",
        "위치 관계 없이 원격 작업",
        "Office 365 원격 작업",
        "어디서나 원격 작업 방법",
        "어디서나 원격 작업하는 방법은 무엇입니까?"
      ],
      "dialogId": "new_topic_c35b5bfeb58c468babc19f5311138964",
      "isTriggeringEnabled": true,
      "id": "new_topic_c35b5bfeb58c468babc19f5311138964",
      "displayName": "어디서나 원격 작업하는 방법은 무엇입니까?",
      "description": "https://adoptbotv2kb.blob.core.windows.net/%24web/adoptbot2021-Korean.docx",
      "createdTime": "2021-03-18T03:39:18.7476571Z",
      "updatedTime": "2021-04-03T12:32:23.2316228Z",
      "createdUserId": "e47109d8-0300-4e59-a90d-56bb29886c9e",
      "updatedUserId": "e47109d8-0300-4e59-a90d-56bb29886c9e"
    }
  ],
  "dialogs": [
    {
      "rootNodeId": "cd432272-62fe-40f9-ab89-a538997566c3",
      "messageNodes": [
        {
          "botMessageId": "29d1b334-0d8d-4954-a250-b554fae0927d",
          "nodeType": "BotMessageNode",
          "id": "cd432272-62fe-40f9-ab89-a538997566c3",
          "defaultTargetNodeId": "a69c69ac-7147-49fb-8c2f-ca1b38c7eec6"
        }
      ],
      "dialogChangeNodes": [
        {
          "targetDialogId": "new_topic_2bf23930c1d146129dfe38bacb94ccd0_aeabea4d071f415c8c107e1cb7af5424_assumedsuccess",
          "nodeType": "DialogChangeNode",
          "id": "a69c69ac-7147-49fb-8c2f-ca1b38c7eec6"
        }
      ],
      "id": "new_topic_c35b5bfeb58c468babc19f5311138964",
      "displayName": "Dialog for 어디서나 원격 작업하는 방법은 무엇입니까?",
      "createdTime": "2021-03-18T03:39:18.7476571Z",
      "updatedTime": "2021-03-18T03:39:18.7476571Z",
      "createdUserId": "e47109d8-0300-4e59-a90d-56bb29886c9e",
      "updatedUserId": "e47109d8-0300-4e59-a90d-56bb29886c9e"
    }
  ],
  "botMessages": [
    {
      "channelContent": {
        "web": {
          "contentFormat": "Markdown",
          "content": "[Microsoft 365와 공동 작업](https://support.microsoft.com/ko-kr/office/microsoft-365%eb%a5%bc-%ec%82%ac%ec%9a%a9-%ed%95%98-%ec%97%ac-%ec%96%b4%eb%94%94%ec%84%9c-%eb%82%98-%ea%b3%b5%eb%8f%99-%ec%9e%91%ec%97%85-ac05a41e-0b49-4420-9ebc-190ee4e744f4?ui=ko-KR&rs=ko-KR&ad=KR) - 모든 Microsoft 365 워크로드에서 더 잘 작동하는 방법."
        }
      },
      "id": "29d1b334-0d8d-4954-a250-b554fae0927d",
      "createdTime": "2021-03-18T03:39:18.7476571Z",
      "updatedTime": "2021-03-18T03:39:18.7476571Z",
      "createdUserId": "e47109d8-0300-4e59-a90d-56bb29886c9e",
      "updatedUserId": "e47109d8-0300-4e59-a90d-56bb29886c9e"
    }
  ],
  "createdUtc": "0001-01-01T00:00:00Z"
}