{
  "intents": [
    {
      "endUserOverrideName": "Varsel når brukere blir med eller avbryter et møte",
      "triggerQueries": [
        "Varsel når en deltager forlater møtet",
        "Varsel når en deltager blir med i møte",
        "Varsel når brukere blir med eller avbryter et møte",
        "Vil deltakerne få et varsel når en bruker blir med eller avbryter et møte?"
      ],
      "dialogId": "new_topic_9a2099fcb2ae4299a4b456f23dfb2c4c",
      "isTriggeringEnabled": true,
      "id": "new_topic_9a2099fcb2ae4299a4b456f23dfb2c4c",
      "displayName": "Vil deltakerne få et varsel når en bruker blir med eller avbryter et møte?",
      "description": "",
      "createdTime": "2021-04-12T15:31:37.1871758Z",
      "updatedTime": "2021-04-16T06:29:21.9977044Z",
      "createdUserId": "ef0c8b9a-eff1-49f8-92fa-fd1d3e15e1ba",
      "updatedUserId": "ef0c8b9a-eff1-49f8-92fa-fd1d3e15e1ba"
    }
  ],
  "dialogs": [
    {
      "rootNodeId": "34163eba-7574-4349-9fff-f41d8940865f",
      "messageNodes": [
        {
          "botMessageId": "d56350d0-91cb-4e89-ac54-c335a8513bee",
          "nodeType": "BotMessageNode",
          "id": "34163eba-7574-4349-9fff-f41d8940865f",
          "defaultTargetNodeId": "cc390074-8d06-4c3e-baf8-0d528eb78986"
        }
      ],
      "dialogChangeNodes": [
        {
          "targetDialogId": "new_topic_89c49d37fd4c4c1c9144396960733ce1_aeabea4d071f415c8c107e1cb7af5424_assumedsuccess",
          "nodeType": "DialogChangeNode",
          "id": "cc390074-8d06-4c3e-baf8-0d528eb78986"
        }
      ],
      "id": "new_topic_9a2099fcb2ae4299a4b456f23dfb2c4c",
      "displayName": "Dialog for Vil deltakerne få et varsel når en bruker blir med eller avbryter et møte?",
      "createdTime": "2021-04-12T15:31:37.1871758Z",
      "updatedTime": "2021-04-12T15:31:53.7758346Z",
      "createdUserId": "ef0c8b9a-eff1-49f8-92fa-fd1d3e15e1ba",
      "updatedUserId": "ef0c8b9a-eff1-49f8-92fa-fd1d3e15e1ba"
    }
  ],
  "botMessages": [
    {
      "channelContent": {
        "web": {
          "contentFormat": "Markdown",
          "content": "Som standard blir deltakere varslet når brukere kobler til. Hvis du vil endre disse innstillingene, kan se [Endre deltakerinnstillinger for et Teams-møte](https://support.microsoft.com/nb-no/office/endre-deltakerinnstillinger-for-et-teams-møte-53261366-dbd5-45f9-aae9-a70e6354f88e?ui=nb-NO&rs=nb-NO&ad=NO)."
        }
      },
      "id": "d56350d0-91cb-4e89-ac54-c335a8513bee",
      "createdTime": "2021-04-12T15:31:37.1871758Z",
      "updatedTime": "2021-04-12T15:31:37.1871758Z",
      "createdUserId": "ef0c8b9a-eff1-49f8-92fa-fd1d3e15e1ba",
      "updatedUserId": "ef0c8b9a-eff1-49f8-92fa-fd1d3e15e1ba"
    }
  ],
  "createdUtc": "0001-01-01T00:00:00Z"
}