{
  "intents": [
    {
      "intentType": "Regular",
      "endUserOverrideName": "@nämna Team",
      "triggerQueries": [
        "Jag vill att alla i teamet ska få en notifiering hur gör jag?",
        "Hur får jag en notifiering till hela teamet?",
        "Hur uppmärksammar jag hela teamet?",
        "Hur gör jag @nämna teamet?"
      ],
      "dialogId": "new_topic_0e133fb70a0344e98ea724e910cd5026",
      "isTriggeringEnabled": true,
      "id": "new_topic_0e133fb70a0344e98ea724e910cd5026",
      "displayName": "Hur gör jag @nämna teamet?",
      "description": "https://intranat.helsingborg.se/wp-content/uploads/2020/11/svenska-fracc8agor-till-adoptbot-pva.docx",
      "createdTime": "2020-11-24T14:37:53.8230909Z",
      "updatedTime": "2020-12-10T07:19:26.4625222Z",
      "createdUserId": "f04d3cd9-b73d-4ba9-a1ed-9319eba29b21",
      "updatedUserId": "844fcc91-8b17-49d9-9824-79f412da094a"
    }
  ],
  "dialogs": [
    {
      "rootNodeId": "b3cb54d7-e7ee-48ca-b646-b6f730238ad4",
      "messageNodes": [
        {
          "botMessageId": "3c196789-8471-4f3c-8374-757ce00a9aaf",
          "nodeType": "BotMessageNode",
          "id": "b3cb54d7-e7ee-48ca-b646-b6f730238ad4",
          "defaultTargetNodeId": "dce3f976-bfa7-4ab2-ac51-7f88e402460e"
        }
      ],
      "dialogChangeNodes": [
        {
          "targetDialogId": "new_topic_84ec227c19784e7ba25cb34f4638f91e_aeabea4d071f415c8c107e1cb7af5424_assumedsuccess",
          "nodeType": "DialogChangeNode",
          "id": "dce3f976-bfa7-4ab2-ac51-7f88e402460e"
        }
      ],
      "id": "new_topic_0e133fb70a0344e98ea724e910cd5026",
      "displayName": "Dialog for Hur gör jag @nämna teamet?",
      "createdTime": "2020-11-24T14:37:53.8230909Z",
      "updatedTime": "2020-11-24T14:37:53.8230909Z",
      "createdUserId": "f04d3cd9-b73d-4ba9-a1ed-9319eba29b21",
      "updatedUserId": "f04d3cd9-b73d-4ba9-a1ed-9319eba29b21"
    }
  ],
  "botMessages": [
    {
      "channelContent": {
        "web": {
          "contentFormat": "Markdown",
          "content": "För att få allas uppmärksamhet i ett team @nämn teamnamnet.Skriv bara @ före\r\n\r\nteamets namn och välj sedan teamet på menyn som visas.\r\n\r\nGenom @team\r\n\r\nnamn får alla medlemmar i teamet en notis.\r\n\r\nTyp av\r\n\r\nnotis beror på varje individs inställning.\r\n\r\nAnvänd det här alternativet sparsamt eftersom det liknar svara alla i e-post."
        }
      },
      "id": "3c196789-8471-4f3c-8374-757ce00a9aaf",
      "createdTime": "2020-11-24T14:37:53.8230909Z",
      "updatedTime": "2020-11-24T14:37:53.8230909Z",
      "createdUserId": "f04d3cd9-b73d-4ba9-a1ed-9319eba29b21",
      "updatedUserId": "f04d3cd9-b73d-4ba9-a1ed-9319eba29b21"
    }
  ]
}