{
  "intents": [
    {
      "endUserOverrideName": "編輯已發送的訊息",
      "triggerQueries": [
        "修改訊息",
        "Edit a sent message",
        "How can I edit a sent message?",
        "Can I change a sent message?",
        "I want to change something I sent",
        "How do I edit messages",
        "How do I edit a sent message?",
        "編輯已發送的訊息",
        "如何編輯已發送的訊息？",
        "我可以更改發送的訊息嗎？",
        "我想編輯我發送的訊息",
        "如何編輯訊息？"
      ],
      "dialogId": "new_topic_04fdeb40e5de448aa5c27ae48fe62dd8",
      "isTriggeringEnabled": true,
      "id": "new_topic_04fdeb40e5de448aa5c27ae48fe62dd8",
      "displayName": "如何編輯已發送的訊息？",
      "description": "https://adoptbotv2kb.blob.core.windows.net/%24web/AdoptBot2021-English.docx",
      "createdTime": "2021-11-17T07:45:35.3827901Z",
      "updatedTime": "2021-11-17T10:44:38.6463893Z",
      "createdUserId": "9c968d43-f7c2-4e28-895c-1f6bcefcd8be",
      "updatedUserId": "9c968d43-f7c2-4e28-895c-1f6bcefcd8be"
    }
  ],
  "dialogs": [
    {
      "rootNodeId": "f3d7a8b9-9303-45e9-8492-a17d5112f245",
      "messageNodes": [
        {
          "botMessageId": "767358db-6409-4f95-8a95-63623209afba",
          "nodeType": "BotMessageNode",
          "id": "f3d7a8b9-9303-45e9-8492-a17d5112f245",
          "defaultTargetNodeId": "dd8c86c5-d3de-43de-9638-c058674f7e99"
        },
        {
          "botMessageId": "b0f388db-105a-49fb-aac9-244205663950",
          "nodeType": "BotMessageNode",
          "id": "dd8c86c5-d3de-43de-9638-c058674f7e99",
          "defaultTargetNodeId": "ab35b504-f69a-4ee5-a724-05de33b240c8"
        },
        {
          "botMessageId": "c9140947-cf61-4ed3-a346-b52c368ad6b1",
          "nodeType": "BotMessageNode",
          "id": "ab35b504-f69a-4ee5-a724-05de33b240c8",
          "defaultTargetNodeId": "773d0508-30ba-4660-995a-2ed934277971"
        }
      ],
      "dialogChangeNodes": [
        {
          "targetDialogId": "new_topic_e2d1671328b941dbb60fa7150059b1ee_aeabea4d071f415c8c107e1cb7af5424_assumedsuccess",
          "nodeType": "DialogChangeNode",
          "id": "773d0508-30ba-4660-995a-2ed934277971"
        }
      ],
      "id": "new_topic_04fdeb40e5de448aa5c27ae48fe62dd8",
      "displayName": "Dialog for 如何編輯已發送的訊息？",
      "createdTime": "2021-11-17T07:45:35.3827901Z",
      "updatedTime": "2021-11-17T07:46:01.2986607Z",
      "createdUserId": "9c968d43-f7c2-4e28-895c-1f6bcefcd8be",
      "updatedUserId": "9c968d43-f7c2-4e28-895c-1f6bcefcd8be"
    }
  ],
  "botMessages": [
    {
      "channelContent": {
        "web": {
          "contentFormat": "Markdown",
          "content": "您可以編輯您發送到聊天或頻道的任何訊息。"
        }
      },
      "id": "767358db-6409-4f95-8a95-63623209afba",
      "createdTime": "2021-11-17T07:45:35.3827901Z",
      "updatedTime": "2021-11-17T07:45:35.3827901Z",
      "createdUserId": "9c968d43-f7c2-4e28-895c-1f6bcefcd8be",
      "updatedUserId": "9c968d43-f7c2-4e28-895c-1f6bcefcd8be"
    },
    {
      "channelContent": {
        "web": {
          "contentFormat": "Markdown",
          "content": "1.  點擊訊息並選擇**更多選項**（...）>**編輯**。\n2.  更改訊息並發送以保存更新。\n\n您可以變更訊息的次數沒有限制！"
        }
      },
      "id": "b0f388db-105a-49fb-aac9-244205663950",
      "createdTime": "2021-11-17T07:45:48.279Z",
      "updatedTime": "2021-11-17T07:45:48.279Z",
      "createdUserId": "user-0",
      "updatedUserId": "user-0"
    },
    {
      "channelContent": {
        "web": {
          "contentFormat": "Markdown",
          "content": "**注意**：您的組織或某些團隊可能禁用了此選項。"
        }
      },
      "id": "c9140947-cf61-4ed3-a346-b52c368ad6b1",
      "createdTime": "2021-11-17T07:45:52.207Z",
      "updatedTime": "2021-11-17T07:45:52.207Z",
      "createdUserId": "user-0",
      "updatedUserId": "user-0"
    }
  ]
}