{
  "intents": [
    {
      "endUserOverrideName": "Together-Mode in Meetings nutzen",
      "triggerQueries": [
        "Auditorium",
        "Wie kann ich die Teilnehmer im Auditorium sehen?",
        "Wie kann ich alle eng bei einander sehen?",
        "Wie aktiviere ich den Together Mode",
        "Together Mode aktivieren",
        "Wo kann ich den Together Mode finden",
        "together mode",
        "Together Mode in Meetings",
        "Wie kann ich den Together-Mode einschalten?"
      ],
      "dialogId": "new_topic_25a00c3c24af43b58abe30a08b149c9d",
      "isTriggeringEnabled": true,
      "id": "new_topic_25a00c3c24af43b58abe30a08b149c9d",
      "displayName": "Wie kann ich den Together-Mode einschalten?",
      "description": "https://adoptbotv2kb.blob.core.windows.net/%24web/AdoptBot2021-English.docx",
      "createdTime": "2021-04-18T20:46:35.708876Z",
      "updatedTime": "2021-04-18T20:51:16.3685895Z",
      "createdUserId": "86360cd1-faa6-4d16-8a0c-ba3116c8a977"
    }
  ],
  "dialogs": [
    {
      "rootNodeId": "513d44ef-2160-4c28-b5e0-fe906d28b135",
      "messageNodes": [
        {
          "botMessageId": "af47d146-f732-4b57-9aea-c7571eb9ce99",
          "nodeType": "BotMessageNode",
          "id": "513d44ef-2160-4c28-b5e0-fe906d28b135",
          "defaultTargetNodeId": "fcc0552c-efb1-4843-a0df-f87d98209218"
        },
        {
          "botMessageId": "bb3be5f0-2498-4cba-b047-7a961497502f",
          "nodeType": "BotMessageNode",
          "id": "fcc0552c-efb1-4843-a0df-f87d98209218",
          "defaultTargetNodeId": "ca553626-f821-49eb-ae83-fb45f24ca5b8"
        },
        {
          "botMessageId": "42fb9346-e641-4783-9663-94b0c486113c",
          "nodeType": "BotMessageNode",
          "id": "ca553626-f821-49eb-ae83-fb45f24ca5b8",
          "defaultTargetNodeId": "b585acca-d29a-43c6-b2db-68ea189fffa9"
        },
        {
          "botMessageId": "993c36cc-9b52-4b9f-b4d6-0bc4b487c80c",
          "nodeType": "BotMessageNode",
          "id": "b585acca-d29a-43c6-b2db-68ea189fffa9",
          "defaultTargetNodeId": "e522684d-a1c9-4f8f-9053-66c1803840a3"
        }
      ],
      "dialogChangeNodes": [
        {
          "targetDialogId": "new_topic_30867099f4b543d3b8543a85c22c3418_aeabea4d071f415c8c107e1cb7af5424_assumedsuccess",
          "nodeType": "DialogChangeNode",
          "id": "e522684d-a1c9-4f8f-9053-66c1803840a3"
        }
      ],
      "id": "new_topic_25a00c3c24af43b58abe30a08b149c9d",
      "displayName": "Dialog for Wie kann ich den Together-Mode einschalten?",
      "createdTime": "2021-04-18T20:46:35.708876Z",
      "updatedTime": "2021-04-18T20:54:14.9962191Z",
      "createdUserId": "86360cd1-faa6-4d16-8a0c-ba3116c8a977",
      "updatedUserId": "86360cd1-faa6-4d16-8a0c-ba3116c8a977"
    }
  ],
  "botMessages": [
    {
      "channelContent": {
        "web": {
          "contentFormat": "Markdown",
          "content": "Der [**Together-Mode**](https://www.youtube.com/watch?v=MGsNmYKgeTA) erhöht das Zusammengehörigkeitsgefühl und reduziert laut Studien die kognitive Belastung in digitalen Meetings. Wahrscheinlich werden Sie in digitalen Meetings weniger müde als bei normalen Ansichten!"
        }
      },
      "id": "af47d146-f732-4b57-9aea-c7571eb9ce99",
      "createdTime": "2021-04-18T20:46:35.708876Z",
      "updatedTime": "2021-04-18T20:46:35.708876Z",
      "createdUserId": "86360cd1-faa6-4d16-8a0c-ba3116c8a977",
      "updatedUserId": "86360cd1-faa6-4d16-8a0c-ba3116c8a977"
    },
    {
      "channelContent": {
        "web": {
          "contentFormat": "Markdown",
          "content": "Gehen Sie während des Meetings zu den **Meeting-Optionen (...)** und wählen Sie den \"**Together Mode\"** aus, um diese Ansicht für Sie zu aktivieren _(dies wirkt sich nur darauf aus, wie **Sie** das Meeting sehen)_"
        }
      },
      "id": "bb3be5f0-2498-4cba-b047-7a961497502f",
      "createdTime": "2021-04-18T20:48:53.165Z",
      "updatedTime": "2021-04-18T20:48:53.165Z",
      "createdUserId": "user-0",
      "updatedUserId": "user-0"
    },
    {
      "channelContent": {
        "web": {
          "contentFormat": "Markdown",
          "content": "💡 **Tipp**: Um im Together-Modus sichtbar zu sein, müssen Sie die Kamera eingeschaltet haben. Derzeit (2021) können je nach Wahl der Szene bis zu 50 verschiedene Personen gleichzeitig im Together-Modus zu sehen sein."
        }
      },
      "id": "42fb9346-e641-4783-9663-94b0c486113c",
      "createdTime": "2021-04-18T20:50:04.755Z",
      "updatedTime": "2021-04-18T20:50:04.755Z",
      "createdUserId": "user-0",
      "updatedUserId": "user-0"
    },
    {
      "channelContent": {
        "web": {
          "contentFormat": "Markdown",
          "content": "[Verwenden von Video in Microsoft Teams](https://support.microsoft.com/de-de/office/verwenden-von-video-in-microsoft-teams-3647fc29-7b92-4c26-8c2d-8a596904cdae?ui=de-DE&rs=de-DE&ad=DE)"
        }
      },
      "id": "993c36cc-9b52-4b9f-b4d6-0bc4b487c80c",
      "createdTime": "2021-04-18T20:53:54.094Z",
      "updatedTime": "2021-04-18T20:53:54.094Z",
      "createdUserId": "user-0",
      "updatedUserId": "user-0"
    }
  ]
}