{
  "intents": [
    {
      "triggerQueries": [
        "Team  팀 더 많은 사람 추가",
        "Team 다른 사람 추가",
        "Teams 팀즈 팀 멤버 추가",
        "Team 팀 멤버 추가",
        "Team 팀 새 사람 추가",
        "많은 사람 공동 작업 초대",
        "동료 팀 초대",
        "Team 팀 새로운 사람 초대",
        "Team 팀 구성원 추가",
        "팀 멤버 추가 어떻게",
        "팀 멤버를 추가하려면 어떻게 해야 합니까?"
      ],
      "dialogId": "new_topic_6647c581748345e095f47d40c3d7662a",
      "isTriggeringEnabled": true,
      "id": "new_topic_6647c581748345e095f47d40c3d7662a",
      "displayName": "팀 멤버를 추가하려면 어떻게 해야 합니까?",
      "description": "https://adoptbotv2kb.blob.core.windows.net/%24web/adoptbot2021-Korean.docx",
      "createdTime": "2021-03-18T03:39:18.7446546Z",
      "updatedTime": "2021-04-09T07:04:01.3062187Z",
      "createdUserId": "e47109d8-0300-4e59-a90d-56bb29886c9e",
      "updatedUserId": "e47109d8-0300-4e59-a90d-56bb29886c9e"
    }
  ],
  "dialogs": [
    {
      "rootNodeId": "365e8be0-b1d4-4100-8004-abf6341f5f4f",
      "messageNodes": [
        {
          "botMessageId": "2cadbabd-7dbd-492f-b91e-4ded84ba4a77",
          "nodeType": "BotMessageNode",
          "id": "365e8be0-b1d4-4100-8004-abf6341f5f4f",
          "defaultTargetNodeId": "d6b9d2c8-e1da-4840-98c9-01f678d12347"
        }
      ],
      "dialogChangeNodes": [
        {
          "targetDialogId": "new_topic_2bf23930c1d146129dfe38bacb94ccd0_aeabea4d071f415c8c107e1cb7af5424_assumedsuccess",
          "nodeType": "DialogChangeNode",
          "id": "d6b9d2c8-e1da-4840-98c9-01f678d12347"
        }
      ],
      "id": "new_topic_6647c581748345e095f47d40c3d7662a",
      "displayName": "Dialog for 팀 멤버를 추가하려면 어떻게 해야 합니까?",
      "createdTime": "2021-03-18T03:39:18.7446546Z",
      "updatedTime": "2021-03-18T03:39:18.7446546Z",
      "createdUserId": "e47109d8-0300-4e59-a90d-56bb29886c9e",
      "updatedUserId": "e47109d8-0300-4e59-a90d-56bb29886c9e"
    }
  ],
  "botMessages": [
    {
      "channelContent": {
        "web": {
          "contentFormat": "Markdown",
          "content": "팀 소유자인 경우, 팀 이름으로 이동하여 기타 옵션을 클릭한 다음 멤버 추가 를 클릭합니다.\r\n\r\n또한, 조직 외부의 [게스트를 초대](https://support.microsoft.com/ko-kr/office/add-guests-to-a-team-in-teams-fccb4fa6-f864-4508-bdde-256e7384a14f) 할 수도 있습니다. 여러 명을 추가하려면, 연락처 그룹 이름(일명 \"메일 목록\"), 보안 그룹 또는 Microsoft 365 그룹의 이름을 입력합니다."
        }
      },
      "id": "2cadbabd-7dbd-492f-b91e-4ded84ba4a77",
      "createdTime": "2021-03-18T03:39:18.7446546Z",
      "updatedTime": "2021-03-18T03:39:18.7446546Z",
      "createdUserId": "e47109d8-0300-4e59-a90d-56bb29886c9e",
      "updatedUserId": "e47109d8-0300-4e59-a90d-56bb29886c9e"
    }
  ],
  "createdUtc": "0001-01-01T00:00:00Z"
}