{
  "intents": [
    {
      "endUserOverrideName": "Supprimer un message",
      "triggerQueries": [
        "Puis-je supprimer un message déjà envoyé",
        "Comment j'efface un message envoyé",
        "Comment j'efface un message",
        "Comment je supprime un message envoyé",
        "Comment supprimer un message envoyé",
        "supprimer un message",
        "J'ai envoyé un message et je veux le supprimer",
        "Comment je supprime un message",
        "Puis-je supprimer un message",
        "J'essaye d'effacer un message, comment faire",
        "Annuler un message",
        "Supprimer un message envoyé"
      ],
      "dialogId": "new_topic_344cae3f0db54519af5841e6728cc7f7",
      "isTriggeringEnabled": true,
      "id": "new_topic_344cae3f0db54519af5841e6728cc7f7",
      "displayName": "Supprimer un message envoyé",
      "description": "",
      "createdTime": "2021-01-13T22:20:51.2371466Z",
      "updatedTime": "2021-05-24T13:17:37.8806235Z",
      "createdUserId": "f04d3cd9-b73d-4ba9-a1ed-9319eba29b21",
      "updatedUserId": "a2c4aa2c-d830-41eb-bcf4-467a2c7e1279"
    }
  ],
  "dialogs": [
    {
      "rootNodeId": "a8910aeb-9bfc-41be-8d4a-8b3c3925000b",
      "messageNodes": [
        {
          "botMessageId": "395a5bd5-ddbf-4331-b830-eacb3e5c136c",
          "nodeType": "BotMessageNode",
          "id": "a8910aeb-9bfc-41be-8d4a-8b3c3925000b",
          "defaultTargetNodeId": "63a04b03-355b-46ea-8ea8-53e2f676a0a6"
        },
        {
          "botMessageId": "64af0788-f9f9-46be-950a-77f8d2aeb9d3",
          "nodeType": "BotMessageNode",
          "id": "63a04b03-355b-46ea-8ea8-53e2f676a0a6",
          "defaultTargetNodeId": "831d35b4-9954-42ad-aead-f7a1dd997eca"
        }
      ],
      "dialogChangeNodes": [
        {
          "targetDialogId": "new_topic_eac3f49c99664313a9d9dc19d80a79a2_aeabea4d071f415c8c107e1cb7af5424_assumedsuccess",
          "nodeType": "DialogChangeNode",
          "id": "831d35b4-9954-42ad-aead-f7a1dd997eca"
        }
      ],
      "id": "new_topic_344cae3f0db54519af5841e6728cc7f7",
      "displayName": "Dialog for Delete a sent message?",
      "createdTime": "2021-01-13T22:20:51.2371466Z",
      "updatedTime": "2021-04-17T14:32:00.3727504Z",
      "createdUserId": "f04d3cd9-b73d-4ba9-a1ed-9319eba29b21",
      "updatedUserId": "75392dcd-00bb-4588-89e9-c55bcbe40ccb"
    }
  ],
  "botMessages": [
    {
      "channelContent": {
        "web": {
          "contentFormat": "Markdown",
          "content": "Si vous avez besoin de [supprimer un message que vous venez d'envoyer :](https://support.microsoft.com/fr-fr/office/redigera-eller-ta-bort-ett-skickat-meddelande-i-teams-5f1fe604-a900-4a07-b8b7-8cf70ed6b263?ui=sv-SE&rs=sv-SE&ad=SE)\n\n1.  Aller sur le message et cliquer sur **Autres options** (...) > **Supprimer** (la poubelle)."
        }
      },
      "id": "395a5bd5-ddbf-4331-b830-eacb3e5c136c",
      "createdTime": "2021-01-13T22:20:51.2371466Z",
      "updatedTime": "2021-01-13T22:20:51.2371466Z",
      "createdUserId": "f04d3cd9-b73d-4ba9-a1ed-9319eba29b21",
      "updatedUserId": "f04d3cd9-b73d-4ba9-a1ed-9319eba29b21"
    },
    {
      "channelContent": {
        "web": {
          "contentFormat": "Markdown",
          "content": "Si vous n'avez pas encore envoyé le message, cliquer sur **Format** (A avec un crayon). Ensuite cliquer sur **Supprimer** (la poubelle)."
        }
      },
      "id": "64af0788-f9f9-46be-950a-77f8d2aeb9d3",
      "createdTime": "2021-01-27T17:15:12.927Z",
      "updatedTime": "2021-01-27T17:15:12.927Z",
      "createdUserId": "user-0",
      "updatedUserId": "user-0"
    }
  ]
}