{
  "intents": [
    {
      "triggerQueries": [
        "Was ist ein Teammitglied?",
        "Wer ist Teammitglied?",
        "Was bedeutet es, Mitglied eines Teams zu sein?",
        "wer gilt als Teammitglied?"
      ],
      "dialogId": "new_topic_d674ccd72e784475aa5f5a831f2a8f9b",
      "isTriggeringEnabled": true,
      "id": "new_topic_d674ccd72e784475aa5f5a831f2a8f9b",
      "displayName": "Was ist ein Teammitglied?",
      "description": "",
      "createdTime": "2021-04-19T07:47:16.6086138Z",
      "updatedTime": "2021-04-19T07:47:16.6086138Z",
      "createdUserId": "d4c65e50-fb5c-4311-830a-05b59a11dd48"
    }
  ],
  "dialogs": [
    {
      "rootNodeId": "262eec44-19f9-4ab0-bf16-7dc894b51a91",
      "messageNodes": [
        {
          "botMessageId": "2d239f4c-8efc-49a8-adac-79eca192c9e4",
          "nodeType": "BotMessageNode",
          "id": "262eec44-19f9-4ab0-bf16-7dc894b51a91",
          "defaultTargetNodeId": "eba802b0-23df-4588-9a3e-c562eef31720"
        }
      ],
      "dialogChangeNodes": [
        {
          "targetDialogId": "new_topic_30867099f4b543d3b8543a85c22c3418_aeabea4d071f415c8c107e1cb7af5424_assumedsuccess",
          "nodeType": "DialogChangeNode",
          "id": "eba802b0-23df-4588-9a3e-c562eef31720"
        }
      ],
      "id": "new_topic_d674ccd72e784475aa5f5a831f2a8f9b",
      "displayName": "Dialog for Was ist ein Teammitglied?",
      "createdTime": "2021-04-19T07:47:16.6086138Z",
      "updatedTime": "2021-04-19T07:48:01.1630654Z",
      "createdUserId": "d4c65e50-fb5c-4311-830a-05b59a11dd48",
      "updatedUserId": "d4c65e50-fb5c-4311-830a-05b59a11dd48"
    }
  ],
  "botMessages": [
    {
      "channelContent": {
        "web": {
          "contentFormat": "Markdown",
          "content": "Personen, die Teambesitzer einladen, ihrem Team beizutreten."
        }
      },
      "id": "2d239f4c-8efc-49a8-adac-79eca192c9e4",
      "createdTime": "2021-04-19T07:47:16.6086138Z",
      "updatedTime": "2021-04-19T07:47:16.6086138Z",
      "createdUserId": "d4c65e50-fb5c-4311-830a-05b59a11dd48",
      "updatedUserId": "d4c65e50-fb5c-4311-830a-05b59a11dd48"
    }
  ]
}