{
  "intents": [
    {
      "endUserOverrideName": "我能幫你什麼",
      "triggerQueries": [
        "可以和我聊天嗎?",
        "我想和你聊聊天",
        "你有什麼能力",
        "你的工作是什麼",
        "你可以幫什麼忙呢",
        "你可以幫我嗎",
        "你懂什麼",
        "你會做什麼?",
        "Who are you",
        "你是誰",
        "你會什麼?"
      ],
      "dialogId": "new_topic_ea15b2b8dcba4365bcee3c472dd05e97",
      "isTriggeringEnabled": true,
      "id": "new_topic_ea15b2b8dcba4365bcee3c472dd05e97",
      "displayName": "Timon的能力",
      "description": "我能幫你什麼",
      "createdTime": "2021-11-18T16:31:02.4115037Z",
      "updatedTime": "2021-11-19T18:13:17.101705Z",
      "createdUserId": "9c968d43-f7c2-4e28-895c-1f6bcefcd8be",
      "updatedUserId": "9c968d43-f7c2-4e28-895c-1f6bcefcd8be"
    }
  ],
  "dialogs": [
    {
      "rootNodeId": "ccc438c0-d9e8-4e40-b983-a0554461a05e",
      "dialogChangeNodes": [
        {
          "targetDialogId": "new_topic_e2d1671328b941dbb60fa7150059b1ee_ba7b967c97ba4c39bca58a8bb6a72d59_conversationstart",
          "nodeType": "DialogChangeNode",
          "id": "ccc438c0-d9e8-4e40-b983-a0554461a05e"
        }
      ],
      "id": "new_topic_ea15b2b8dcba4365bcee3c472dd05e97",
      "displayName": "Dialog for Timon的能力",
      "createdTime": "2021-11-18T16:31:02.4115037Z",
      "updatedTime": "2021-11-18T16:31:59.8394547Z",
      "createdUserId": "9c968d43-f7c2-4e28-895c-1f6bcefcd8be",
      "updatedUserId": "9c968d43-f7c2-4e28-895c-1f6bcefcd8be"
    }
  ]
}