{
  "intents": [
    {
      "endUserOverrideName": "Ist Office auf jeder Plattform und jedem Gerät identisch?",
      "triggerQueries": [
        "Ist Office auf einem PC, Mac und Mobilgerät identisch?",
        "Unterschied für Office auf Mobilgeräten?",
        "Gibt es einen Unterschied zwischen Office für Mac oder PC",
        "Die gleichen Funktionen im Office auf Mobilgeräten?",
        "Gleiches Office auf Mac?",
        "Ist Office auf allen Geräten gleich?",
        "Ist Office für Android und iOS gleich?",
        "Ist Teams auf PC und Handy identisch?",
        "Ist Teams im Browser und auf meinem Laptop identisch?",
        "Unterschiede zwischen den Teams-Versionen? Telefon, Mac, PC, Browser"
      ],
      "dialogId": "new_topic_c763aa2913ee40d9b5b0ae460f48c67e",
      "isTriggeringEnabled": true,
      "id": "new_topic_c763aa2913ee40d9b5b0ae460f48c67e",
      "displayName": "Ist Office auf einem PC, Mac und Mobilgerät identisch?",
      "description": "",
      "createdTime": "2021-04-19T10:12:22.5251518Z",
      "updatedTime": "2021-04-19T10:12:22.5251518Z",
      "createdUserId": "16930407-b7c9-43e8-bceb-33467ef65593"
    }
  ],
  "dialogs": [
    {
      "rootNodeId": "3b63c3f5-d971-4fac-a434-72d3ab6946f1",
      "messageNodes": [
        {
          "botMessageId": "8324c032-e5d2-4df0-921e-42df90595e8f",
          "nodeType": "BotMessageNode",
          "id": "3b63c3f5-d971-4fac-a434-72d3ab6946f1",
          "defaultTargetNodeId": "1206dbae-4ae0-4f86-b57f-34cb2c86ce03"
        }
      ],
      "dialogChangeNodes": [
        {
          "targetDialogId": "new_topic_30867099f4b543d3b8543a85c22c3418_aeabea4d071f415c8c107e1cb7af5424_assumedsuccess",
          "nodeType": "DialogChangeNode",
          "id": "1206dbae-4ae0-4f86-b57f-34cb2c86ce03"
        }
      ],
      "id": "new_topic_c763aa2913ee40d9b5b0ae460f48c67e",
      "displayName": "Dialog for Ist Office auf einem PC, Mac und Mobilgerät identisch?",
      "createdTime": "2021-04-19T10:12:22.5251518Z",
      "updatedTime": "2021-04-19T10:13:59.004464Z",
      "createdUserId": "16930407-b7c9-43e8-bceb-33467ef65593",
      "updatedUserId": "16930407-b7c9-43e8-bceb-33467ef65593"
    }
  ],
  "botMessages": [
    {
      "channelContent": {
        "web": {
          "contentFormat": "Markdown",
          "content": "Office-Anwendungen sind auf jede Plattform und jedes Gerät zugeschnitten.\n\nDie Office-Anwendungen, die Mac-Benutzern oder auf Ihrem Telefon zur Verfügung stehen, unterscheiden sich möglicherweise von denen, die PC-Benutzern zur Verfügung stehen."
        }
      },
      "id": "8324c032-e5d2-4df0-921e-42df90595e8f",
      "createdTime": "2021-04-19T10:12:22.5251518Z",
      "updatedTime": "2021-04-19T10:12:22.5251518Z",
      "createdUserId": "16930407-b7c9-43e8-bceb-33467ef65593",
      "updatedUserId": "16930407-b7c9-43e8-bceb-33467ef65593"
    }
  ]
}