{
  "intents": [
    {
      "endUserOverrideName": "Pianificare una riunione in Teams",
      "triggerQueries": [
        "Come faccio a creare una riunione?",
        "Dove posso creare riunioni in Teams?",
        "creare un nuovo incontro",
        "pianificazione di riunioni in Teams",
        "Programmare delle riunioni dei team",
        "Come si prenotano le riunioni?",
        "Come posso programmare una riunione del team?",
        "Prenotare un incontro da Outlook?",
        "Voglio creare una riunione!",
        "Prenotare la riunione direttamente in Teams?",
        "Pianificare una riunione",
        "Creare una serie di riunioni",
        "Prenotare una riunione nel calendario di Teams",
        "Prenotare un meeting dal mio calendario",
        "Pianificare una riunione in Teams",
        "Posso pianificare una riunione direttamente da Teams?"
      ],
      "dialogId": "new_topic_16b09dcf0fab41e1a62d108993c07c61",
      "isTriggeringEnabled": true,
      "id": "new_topic_16b09dcf0fab41e1a62d108993c07c61",
      "displayName": "Posso pianificare una riunione direttamente da Teams?",
      "createdTime": "2022-04-29T19:00:11.9551215Z",
      "updatedTime": "2022-04-29T19:00:11.9551215Z",
      "createdUserId": "9451fc51-e00d-4445-8ff9-efb70866dc3b",
      "updatedUserId": "9451fc51-e00d-4445-8ff9-efb70866dc3b"
    }
  ],
  "dialogs": [
    {
      "rootNodeId": "d09217c0-b89f-4488-9ffd-9075e02d7133",
      "messageNodes": [
        {
          "botMessageId": "b23e6025-b295-45d7-86f8-4c1a8846c1c6",
          "nodeType": "BotMessageNode",
          "id": "d09217c0-b89f-4488-9ffd-9075e02d7133",
          "defaultTargetNodeId": "52a4e294-50de-4f1c-8172-7ab794d33135"
        },
        {
          "botMessageId": "3a1f8a5c-f0cf-4e38-a593-045362cf5bba",
          "nodeType": "BotMessageNode",
          "id": "52a4e294-50de-4f1c-8172-7ab794d33135",
          "defaultTargetNodeId": "265b47a5-b58c-4a2e-baab-7eecdf1a3f06"
        },
        {
          "botMessageId": "95e39089-f944-4a65-acc2-8a97dd3548f7",
          "nodeType": "BotMessageNode",
          "id": "265b47a5-b58c-4a2e-baab-7eecdf1a3f06",
          "defaultTargetNodeId": "f8c3bbef-385e-4a69-b8a3-f4dae4b4dd8a"
        }
      ],
      "dialogChangeNodes": [
        {
          "targetDialogId": "new_topic_f98a24608ee04cb998de3e3e32703d5b_aeabea4d071f415c8c107e1cb7af5424_assumedsuccess",
          "nodeType": "DialogChangeNode",
          "id": "f8c3bbef-385e-4a69-b8a3-f4dae4b4dd8a"
        }
      ],
      "id": "new_topic_16b09dcf0fab41e1a62d108993c07c61",
      "displayName": "Senza titolo",
      "createdTime": "2022-04-29T19:00:11.9551215Z",
      "updatedTime": "2022-04-29T19:00:11.9551215Z",
      "createdUserId": "9451fc51-e00d-4445-8ff9-efb70866dc3b",
      "updatedUserId": "9451fc51-e00d-4445-8ff9-efb70866dc3b"
    }
  ],
  "botMessages": [
    {
      "channelContent": {
        "web": {
          "contentFormat": "Markdown",
          "content": "Le riunioni possono essere configurate tramite Microsoft Teams o Outlook. L'incontro sarà visto allo stesso modo. Prova a [pianificare la tua riunione direttamente in Teams!](https://support.microsoft.com/it-it/office/pianificare-una-riunione-in-teams-943507a9-8583-4c58-b5d2-8ec8265e04e5)"
        }
      },
      "id": "b23e6025-b295-45d7-86f8-4c1a8846c1c6",
      "createdTime": "2022-04-29T18:34:25.131Z",
      "updatedTime": "2022-04-29T18:34:25.131Z"
    },
    {
      "channelContent": {
        "web": {
          "contentFormat": "Markdown",
          "content": "**Pianifica una riunione direttamente in Teams**:\n\n*   Da Teams, vai su Calendario e fai clic su Nuova riunione.\n*   Seleziona le persone e/o il canale che desideri invitare.\n*   Usa l'Assistente di pianificazione per trovare l'orario adatto alla maggior parte delle persone.\n*   Scegli la frequenza con cui desideri che la riunione si ripeta (se si tratta di una serie di riunioni)."
        }
      },
      "id": "3a1f8a5c-f0cf-4e38-a593-045362cf5bba",
      "createdTime": "2022-04-29T18:48:10.235Z",
      "updatedTime": "2022-04-29T18:48:10.235Z",
      "createdUserId": "user-0",
      "updatedUserId": "user-0"
    },
    {
      "channelContent": {
        "web": {
          "contentFormat": "Markdown",
          "content": "**Pianifica una riunione da Outlook**:\n\n*   Nella scheda Riunione in Outlook selezionare Teams Meeting nella barra degli strumenti di Outlook.\n*   Inserisci i dettagli della riunione e utilizza l'Assistente di pianificazione per trovare l'orario appropriato.\n*   Includere una sala conferenze, se pertinente."
        }
      },
      "id": "95e39089-f944-4a65-acc2-8a97dd3548f7",
      "createdTime": "2022-04-29T18:57:32.659Z",
      "updatedTime": "2022-04-29T18:57:32.659Z",
      "createdUserId": "user-0",
      "updatedUserId": "user-0"
    }
  ]
}