{
  "intents": [
    {
      "endUserOverrideName": "samen modus inschakelen",
      "triggerQueries": [
        "ik zie niet iedereen in beeld",
        "hoe zie ik iedereen in beeld",
        "together mode aanzetten",
        "hoe zie ik meer mensen in beeld",
        "Hoe zie ik meer camera's in beeld",
        "Hoe schakel ik modus samen in?"
      ],
      "dialogId": "new_topic_4192cbad20c448a7b4cb03ef9383cef8",
      "isTriggeringEnabled": true,
      "id": "new_topic_4192cbad20c448a7b4cb03ef9383cef8",
      "displayName": "Hoe schakel ik modus samen in?",
      "description": "",
      "createdTime": "2021-03-20T08:32:30.2892202Z",
      "updatedTime": "2021-03-29T22:21:56.7297856Z",
      "createdUserId": "c1e90dc0-1df0-459d-8164-0dcb7915deaf",
      "updatedUserId": "c1e90dc0-1df0-459d-8164-0dcb7915deaf"
    }
  ],
  "dialogs": [
    {
      "rootNodeId": "3e992d2e-3425-4062-8b4f-6eb17aed4846",
      "messageNodes": [
        {
          "botMessageId": "5226a673-620a-4f84-9983-a4b762560445",
          "nodeType": "BotMessageNode",
          "id": "3e992d2e-3425-4062-8b4f-6eb17aed4846",
          "defaultTargetNodeId": "cb08e999-5feb-4233-919e-59a3ff45341a"
        },
        {
          "botMessageId": "e3f377a3-ca2a-4ca5-87aa-a01c70000e8d",
          "nodeType": "BotMessageNode",
          "id": "0c578eb5-18c6-41fc-90f4-70e7ab4ca236",
          "defaultTargetNodeId": "d6b8c6c3-a458-48d9-a5d8-9aafb176a703"
        },
        {
          "botMessageId": "eb5da61f-b443-4eb5-bdf1-ad626bbe0e47",
          "nodeType": "BotMessageNode",
          "id": "cb08e999-5feb-4233-919e-59a3ff45341a",
          "defaultTargetNodeId": "0c578eb5-18c6-41fc-90f4-70e7ab4ca236"
        },
        {
          "botMessageId": "70724659-fddd-4a00-9527-6b8d85d5561a",
          "nodeType": "BotMessageNode",
          "id": "d6b8c6c3-a458-48d9-a5d8-9aafb176a703",
          "defaultTargetNodeId": "a7544838-3743-4136-8b5a-8e06aa6cdf75"
        }
      ],
      "dialogChangeNodes": [
        {
          "targetDialogId": "new_topic_9d295c394a47419da3b4d205b7ed4c20_aeabea4d071f415c8c107e1cb7af5424_assumedsuccess",
          "nodeType": "DialogChangeNode",
          "id": "a7544838-3743-4136-8b5a-8e06aa6cdf75"
        }
      ],
      "id": "new_topic_4192cbad20c448a7b4cb03ef9383cef8",
      "displayName": "Dialog for Hoe schakel ik modus samen in?",
      "createdTime": "2021-03-20T08:32:30.2892202Z",
      "updatedTime": "2021-03-29T22:23:31.4024855Z",
      "createdUserId": "c1e90dc0-1df0-459d-8164-0dcb7915deaf",
      "updatedUserId": "c1e90dc0-1df0-459d-8164-0dcb7915deaf"
    }
  ],
  "botMessages": [
    {
      "channelContent": {
        "web": {
          "contentFormat": "Markdown",
          "content": "Voeg de video's samen in **samen modus,** op die manier krijg je iedereen in beeld."
        }
      },
      "id": "5226a673-620a-4f84-9983-a4b762560445",
      "createdTime": "2021-03-20T08:32:30.2892202Z",
      "updatedTime": "2021-03-20T08:32:30.2892202Z",
      "createdUserId": "c1e90dc0-1df0-459d-8164-0dcb7915deaf",
      "updatedUserId": "c1e90dc0-1df0-459d-8164-0dcb7915deaf"
    },
    {
      "channelContent": {
        "web": {
          "contentFormat": "Markdown",
          "content": "*   Selecteer **Meer opties (...)** in de besturingselementen voor vergaderingen.\n*   Je kunt je weergave wijzigen door **Galerie,** **Grote galerie of samen modus** te kiezen.\n*   Of je kunt **Inkomende video uitschakelen** onder aan de lijst selecteren."
        }
      },
      "id": "e3f377a3-ca2a-4ca5-87aa-a01c70000e8d",
      "createdTime": "2021-03-20T08:35:06.058Z",
      "updatedTime": "2021-03-20T08:35:06.058Z",
      "createdUserId": "user-0",
      "updatedUserId": "user-0"
    },
    {
      "channelContent": {
        "web": {
          "contentFormat": "Markdown",
          "content": "Als u zichtbaar wilt zijn in de modus **Samen**, moet u de camera hebben ingeschakeld. Momenteel (Maart 2021) kunnen maximaal 50 verschillende mensen tegelijkertijd in de samen modus worden gezien, afhankelijk van de keuze van de scène."
        }
      },
      "id": "eb5da61f-b443-4eb5-bdf1-ad626bbe0e47",
      "createdTime": "2021-03-20T08:37:28.953Z",
      "updatedTime": "2021-03-20T08:37:28.953Z",
      "createdUserId": "user-0",
      "updatedUserId": "user-0"
    },
    {
      "channelContent": {
        "web": {
          "contentFormat": "Markdown",
          "content": "[Video gebruiken in Microsoft Teams - Office-ondersteuning](https://support.microsoft.com/nl-nl/office/video-gebruiken-in-microsoft-teams-3647fc29-7b92-4c26-8c2d-8a596904cdae?ui=nl-NL&rs=nl-NL&ad=NL#bkmk_videolayout)"
        }
      },
      "id": "70724659-fddd-4a00-9527-6b8d85d5561a",
      "createdTime": "2021-03-29T22:23:26.612Z",
      "updatedTime": "2021-03-29T22:23:26.612Z",
      "createdUserId": "user-0",
      "updatedUserId": "user-0"
    }
  ],
  "createdUtc": "0001-01-01T00:00:00Z"
}