{
  "intents": [
    {
      "triggerQueries": [
        "Team 팀 얼마나 많은 멤버 추가",
        "Team 팀 멤버 팀원 최대 수",
        "모든 팀원 새 Team 팀 추가",
        "같은 Team 팀 최대 인원 수",
        "Team 팀 얼마나 커 크게 커질 수",
        "Team 팀 얼마나 많은 많이",
        "Team 팀 멤버 제한",
        "Team 팀 최대 구성원 멤버 몇 명 한도",
        "Teams 팀 최대 멤버 수 인원",
        "팀에서의 최대 멤버 수는 무엇입니까?"
      ],
      "dialogId": "new_topic_6f18c0969e664e38aa5c650a21e1ef4e",
      "isTriggeringEnabled": true,
      "id": "new_topic_6f18c0969e664e38aa5c650a21e1ef4e",
      "displayName": "팀에서의 최대 멤버 수는 무엇입니까?",
      "description": "https://adoptbotv2kb.blob.core.windows.net/%24web/adoptbot2021-Korean.docx",
      "createdTime": "2021-03-18T03:39:18.7456548Z",
      "updatedTime": "2021-04-06T12:25:47.6531777Z",
      "createdUserId": "e47109d8-0300-4e59-a90d-56bb29886c9e",
      "updatedUserId": "e47109d8-0300-4e59-a90d-56bb29886c9e"
    }
  ],
  "dialogs": [
    {
      "rootNodeId": "ef137a3b-3190-4466-93b5-79c0023a4b9b",
      "messageNodes": [
        {
          "botMessageId": "6a7e07bd-d41c-4e97-9222-d00215c3f74d",
          "nodeType": "BotMessageNode",
          "id": "ef137a3b-3190-4466-93b5-79c0023a4b9b",
          "defaultTargetNodeId": "02745177-fdca-4988-967c-ddc92bbcd7e7"
        }
      ],
      "dialogChangeNodes": [
        {
          "targetDialogId": "new_topic_2bf23930c1d146129dfe38bacb94ccd0_aeabea4d071f415c8c107e1cb7af5424_assumedsuccess",
          "nodeType": "DialogChangeNode",
          "id": "02745177-fdca-4988-967c-ddc92bbcd7e7"
        }
      ],
      "id": "new_topic_6f18c0969e664e38aa5c650a21e1ef4e",
      "displayName": "Dialog for 팀에서의 최대 멤버 수는 무엇입니까?",
      "createdTime": "2021-03-18T03:39:18.7456548Z",
      "updatedTime": "2021-04-25T09:56:30.3471335Z",
      "createdUserId": "e47109d8-0300-4e59-a90d-56bb29886c9e",
      "updatedUserId": "e47109d8-0300-4e59-a90d-56bb29886c9e"
    }
  ],
  "botMessages": [
    {
      "channelContent": {
        "web": {
          "contentFormat": "Markdown",
          "content": "[팀의 멤버의 최대 한도](https://docs.microsoft.com/ko-kr/microsoftteams/limits-specifications-teams) 는 현재 25,000입니다.(2021년 초반)\n\n💡 최신 뉴스에 대한링크를 클릭하면, 한도는 증가할 수 있습니다."
        }
      },
      "id": "6a7e07bd-d41c-4e97-9222-d00215c3f74d",
      "createdTime": "2021-03-18T03:39:18.7456548Z",
      "updatedTime": "2021-03-18T03:39:18.7456548Z",
      "createdUserId": "e47109d8-0300-4e59-a90d-56bb29886c9e",
      "updatedUserId": "e47109d8-0300-4e59-a90d-56bb29886c9e"
    }
  ],
  "createdUtc": "0001-01-01T00:00:00Z"
}