{
  "properties": {
    "connectionReferences": {},
    "definition": {
      "$schema": "https://schema.management.azure.com/providers/Microsoft.Logic/schemas/2016-06-01/workflowdefinition.json#",
      "contentVersion": "1.0.0.0",
      "parameters": {
        "$authentication": {
          "defaultValue": {},
          "type": "SecureObject"
        }
      },
      "triggers": {
        "manual": {
          "metadata": {
            "operationMetadataId": "6b4c0fc1-d367-4050-9b03-89815899e3bd"
          },
          "type": "Request",
          "kind": "VirtualAgent",
          "inputs": {
            "schema": {
              "type": "object",
              "properties": {},
              "required": []
            }
          }
        }
      },
      "actions": {
        "Return_value(s)_to_Power_Virtual_Agents": {
          "runAfter": {},
          "metadata": {
            "operationMetadataId": "a72645de-f425-4dd9-ae93-688bee1f9aa6"
          },
          "type": "Response",
          "kind": "VirtualAgent",
          "inputs": {
            "statusCode": 200,
            "body": {
              "hakuna_matata_gif": "![Hakuna Matata](https://media3.giphy.com/media/jfw9xNEouCJO/giphy.gif?cid=ecf05e4741eq3gdmvtia25ngoijqkhjgfblpma2bsmmru8va&ep=v1_gifs_related&rid=giphy.gif&ct=g)"
            },
            "schema": {
              "type": "object",
              "properties": {
                "hakuna_matata_gif": {
                  "title": "Hakuna Matata GIF",
                  "x-ms-dynamically-added": true,
                  "type": "string"
                }
              }
            }
          }
        }
      },
      "outputs": {}
    },
    "templateName": "c9cd2c4e691a4646adc8aa592c88489b"
  },
  "schemaVersion": "1.0.0.0"
}