{
  "intents": [
    {
      "endUserOverrideName": "Sharepoint openen vanuit Teams",
      "triggerQueries": [
        "kan je sharepoint in teams openen",
        "hoe open ik een sharepoint bestand in teams",
        "hoe kan ik een sharepoint bestand openen",
        "SharePoint openen",
        "SharePoint openen vanuit Teams",
        "Hoe open ik een bestand in SharePoint vanuit Teams"
      ],
      "dialogId": "new_topic_f925eb1087734239be1a42153dc75341",
      "isTriggeringEnabled": true,
      "id": "new_topic_f925eb1087734239be1a42153dc75341",
      "displayName": "Open bestand in Sharepoint vanuit Teams",
      "description": "",
      "createdTime": "2021-03-22T18:43:48.8268608Z",
      "updatedTime": "2021-03-29T21:18:34.9223027Z",
      "createdUserId": "c1e90dc0-1df0-459d-8164-0dcb7915deaf",
      "updatedUserId": "c1e90dc0-1df0-459d-8164-0dcb7915deaf"
    }
  ],
  "dialogs": [
    {
      "rootNodeId": "555b2504-6072-47be-bf42-f4a6a84c37b1",
      "messageNodes": [
        {
          "botMessageId": "17cf2813-ff54-4b34-851e-4186b1728559",
          "nodeType": "BotMessageNode",
          "id": "555b2504-6072-47be-bf42-f4a6a84c37b1",
          "defaultTargetNodeId": "67a4e904-d4e9-4b75-b9f7-b7ccad726584"
        },
        {
          "botMessageId": "32e5b330-61d7-4ecf-b881-0c225bdd6db6",
          "nodeType": "BotMessageNode",
          "id": "67a4e904-d4e9-4b75-b9f7-b7ccad726584",
          "defaultTargetNodeId": "1615f998-d128-4d21-b870-a24ff19f1055"
        }
      ],
      "dialogChangeNodes": [
        {
          "targetDialogId": "new_topic_9d295c394a47419da3b4d205b7ed4c20_aeabea4d071f415c8c107e1cb7af5424_assumedsuccess",
          "nodeType": "DialogChangeNode",
          "id": "1615f998-d128-4d21-b870-a24ff19f1055"
        }
      ],
      "id": "new_topic_f925eb1087734239be1a42153dc75341",
      "displayName": "Dialog for Open bestand in Sharepoint vanuit Teams",
      "createdTime": "2021-03-22T18:43:48.8268608Z",
      "updatedTime": "2021-03-29T21:20:55.3231412Z",
      "createdUserId": "c1e90dc0-1df0-459d-8164-0dcb7915deaf",
      "updatedUserId": "c1e90dc0-1df0-459d-8164-0dcb7915deaf"
    }
  ],
  "botMessages": [
    {
      "channelContent": {
        "web": {
          "contentFormat": "Markdown",
          "content": "1\\. Selecteer bestanden\n\n2\\. Klik het bestand\n\n3\\. Klik bovenaan de knoppenbalk op de 3 puntjes (meer opties)\n\n4\\. Selecteer openen in SharePoint."
        }
      },
      "id": "17cf2813-ff54-4b34-851e-4186b1728559",
      "createdTime": "2021-03-22T18:44:35.855Z",
      "updatedTime": "2021-03-22T18:44:35.855Z",
      "createdUserId": "user-0",
      "updatedUserId": "user-0"
    },
    {
      "channelContent": {
        "web": {
          "contentFormat": "Markdown",
          "content": "[Samenwerken met teams, SharePoint en OneDrive - Office-ondersteuning (microsoft.com)](https://support.microsoft.com/nl-nl/office/samenwerken-met-teams-sharepoint-en-onedrive-9ea6aa07-6e5e-4917-9267-d4d361da3dea)"
        }
      },
      "id": "32e5b330-61d7-4ecf-b881-0c225bdd6db6",
      "createdTime": "2021-03-29T21:20:18.69Z",
      "updatedTime": "2021-03-29T21:20:18.69Z",
      "createdUserId": "user-0",
      "updatedUserId": "user-0"
    }
  ],
  "createdUtc": "0001-01-01T00:00:00Z"
}