<botcomponent schemaname="new_topic_7c01a303c4ce4d66a7279a251a979aa5">
  <componenttype>0</componenttype>
  <description>Un sujet qui permet à un utilisateur de partager des commentaires avec l'équipe travaillant avec le bot. Détendez-vous ;) . Cette information est également dans le guide que vous lirez, espérons-le, avant d'arriver ici ... Cette rubrique est liée à un Power Automate. Première configuration: le flux doit être connecté à une équipe Teams et à un canal de votre choix. Ouvrez le flux ici dans PVA. Cela ouvrira Power Automate, où vous choisirez une équipe et un canal existants. Notre suggestion est d'appeler le canal "Timon (Commentaires des utilisateurs 💌)" dans une équipe appelée "équipe support de Timon). Voir le guide pour plus de détails.</description>
  <iscustomizable>1</iscustomizable>
  <name>Feedback - Commentaires</name>
  <statecode>0</statecode>
  <statuscode>1</statuscode>
</botcomponent>