{
  "intents": [
    {
      "endUserOverrideName": "Open file in Teams on my phone",
      "triggerQueries": [
        "How can I open a file from Teams on my phone?",
        "How do I open a file on my phone?",
        "Can I open files on my phone?",
        "Teams app to open files",
        "can you open files in the teams mobile app?",
        "Mobile app for teams and files",
        "Open files from teams on my iPhone?",
        "Open team files from my Android?",
        "How do I open a file from Teams on my phone?"
      ],
      "dialogId": "new_topic_edaed2d819e64b88800fd232c0f10d4a",
      "isTriggeringEnabled": true,
      "id": "new_topic_edaed2d819e64b88800fd232c0f10d4a",
      "displayName": "How do I open a file from Teams on my phone?",
      "description": "https://adoptbotv2kb.blob.core.windows.net/%24web/AdoptBot2021-English.docx",
      "createdTime": "2021-01-13T22:20:51.2371466Z",
      "updatedTime": "2021-01-27T12:49:22.223213Z",
      "createdUserId": "f04d3cd9-b73d-4ba9-a1ed-9319eba29b21",
      "updatedUserId": "f04d3cd9-b73d-4ba9-a1ed-9319eba29b21"
    }
  ],
  "dialogs": [
    {
      "rootNodeId": "d1dbf136-79ed-4d18-a30b-ed74172435ee",
      "messageNodes": [
        {
          "botMessageId": "7e447440-c1a3-480d-88f2-456cb4c71e45",
          "nodeType": "BotMessageNode",
          "id": "d1dbf136-79ed-4d18-a30b-ed74172435ee",
          "defaultTargetNodeId": "a36f412b-7fd2-41a1-bd8e-1da6dddd8f30"
        },
        {
          "botMessageId": "658ff755-0bca-47b7-8b0e-f097d2312e64",
          "nodeType": "BotMessageNode",
          "id": "a36f412b-7fd2-41a1-bd8e-1da6dddd8f30",
          "defaultTargetNodeId": "b5325a3d-b0e4-40e8-b200-ab619a9828c8"
        }
      ],
      "dialogChangeNodes": [
        {
          "targetDialogId": "new_topic_eac3f49c99664313a9d9dc19d80a79a2_aeabea4d071f415c8c107e1cb7af5424_assumedsuccess",
          "nodeType": "DialogChangeNode",
          "id": "b5325a3d-b0e4-40e8-b200-ab619a9828c8"
        }
      ],
      "id": "new_topic_edaed2d819e64b88800fd232c0f10d4a",
      "displayName": "Dialog for How do I open a file from Teams on my phone?",
      "createdTime": "2021-01-13T22:20:51.2371466Z",
      "updatedTime": "2021-01-27T12:50:13.2008439Z",
      "createdUserId": "f04d3cd9-b73d-4ba9-a1ed-9319eba29b21",
      "updatedUserId": "f04d3cd9-b73d-4ba9-a1ed-9319eba29b21"
    }
  ],
  "botMessages": [
    {
      "channelContent": {
        "web": {
          "contentFormat": "Markdown",
          "content": "Teams is a great place to manage files from your phone."
        }
      },
      "id": "7e447440-c1a3-480d-88f2-456cb4c71e45",
      "createdTime": "2021-01-13T22:20:51.2371466Z",
      "updatedTime": "2021-01-13T22:20:51.2371466Z",
      "createdUserId": "f04d3cd9-b73d-4ba9-a1ed-9319eba29b21",
      "updatedUserId": "f04d3cd9-b73d-4ba9-a1ed-9319eba29b21"
    },
    {
      "channelContent": {
        "web": {
          "contentFormat": "Markdown",
          "content": "If you go into a channel file on your Teams mobile app, you have the option to open it or send a copy to someone."
        }
      },
      "id": "658ff755-0bca-47b7-8b0e-f097d2312e64",
      "createdTime": "2021-01-27T12:50:07.196Z",
      "updatedTime": "2021-01-27T12:50:07.196Z",
      "createdUserId": "user-0",
      "updatedUserId": "user-0"
    }
  ]
}