{
  "intents": [
    {
      "endUserOverrideName": "",
      "triggerQueries": [
        "Was bedeutet EXO?",
        "Was bedeutet Exchage Online",
        "Exchange Online",
        "Was ist Exchange Online",
        "Beschreibe Exchange Online"
      ],
      "dialogId": "new_topic_1ff1369b7b204d8a9766dbebc08884e0",
      "isTriggeringEnabled": true,
      "id": "new_topic_1ff1369b7b204d8a9766dbebc08884e0",
      "displayName": "Was ist Exchange Online?",
      "description": "https://adoptbotv2kb.blob.core.windows.net/%24web/AdoptBot2021-English.docx",
      "createdTime": "2021-04-18T17:41:47.5061851Z",
      "updatedTime": "2021-04-18T17:41:47.5061851Z",
      "createdUserId": "86360cd1-faa6-4d16-8a0c-ba3116c8a977"
    }
  ],
  "dialogs": [
    {
      "rootNodeId": "31b6a5c8-e011-4f8d-a2cd-9bc6555bdfed",
      "messageNodes": [
        {
          "botMessageId": "08306bfa-22ed-4e7e-bea6-065fdf075e71",
          "nodeType": "BotMessageNode",
          "id": "31b6a5c8-e011-4f8d-a2cd-9bc6555bdfed",
          "defaultTargetNodeId": "fae4add9-227f-4a12-8291-e769886f0c9f"
        }
      ],
      "dialogChangeNodes": [
        {
          "targetDialogId": "new_topic_30867099f4b543d3b8543a85c22c3418_aeabea4d071f415c8c107e1cb7af5424_assumedsuccess",
          "nodeType": "DialogChangeNode",
          "id": "fae4add9-227f-4a12-8291-e769886f0c9f"
        }
      ],
      "id": "new_topic_1ff1369b7b204d8a9766dbebc08884e0",
      "displayName": "Dialog for Was ist Exchange Online?",
      "createdTime": "2021-04-18T17:41:47.5061851Z",
      "updatedTime": "2021-04-18T17:42:10.0676485Z",
      "createdUserId": "86360cd1-faa6-4d16-8a0c-ba3116c8a977",
      "updatedUserId": "86360cd1-faa6-4d16-8a0c-ba3116c8a977"
    }
  ],
  "botMessages": [
    {
      "channelContent": {
        "web": {
          "contentFormat": "Markdown",
          "content": "Exchange Online ist Teil von Microsoft 365. Es bietet E-Mail und Kalender. Klicken Sie zum Starten auf das Outlook-Symbol in Office 365."
        }
      },
      "id": "08306bfa-22ed-4e7e-bea6-065fdf075e71",
      "createdTime": "2021-04-18T17:41:47.5061851Z",
      "updatedTime": "2021-04-18T17:41:47.5061851Z",
      "createdUserId": "86360cd1-faa6-4d16-8a0c-ba3116c8a977",
      "updatedUserId": "86360cd1-faa6-4d16-8a0c-ba3116c8a977"
    }
  ],
  "createdUtc": "0001-01-01T00:00:00Z"
}