{
  "intents": [
    {
      "intentType": "Regular",
      "endUserOverrideName": "OneNote",
      "triggerQueries": [
        "Hur skaffar jag OneNote?",
        "OneNote för windows 10",
        "Jag hittar inte OneNote",
        "olika OneNotes, vilken gäller?",
        "Vilken OneNote ska jag använda?",
        "Jag har installerat Office, men jag ser inte OneNote?",
        "Hur kan jag skaffa OneNote?"
      ],
      "dialogId": "new_topic_890c2ffefcf94c76baf7a478b98c461c",
      "isTriggeringEnabled": true,
      "id": "new_topic_890c2ffefcf94c76baf7a478b98c461c",
      "displayName": "Hur skaffar jag OneNote?",
      "description": "",
      "createdTime": "2020-11-24T14:37:53.8220925Z",
      "updatedTime": "2020-12-08T13:47:39.4187129Z",
      "createdUserId": "f04d3cd9-b73d-4ba9-a1ed-9319eba29b21",
      "updatedUserId": "f04d3cd9-b73d-4ba9-a1ed-9319eba29b21"
    }
  ],
  "dialogs": [
    {
      "rootNodeId": "b5feca8c-b47b-4cc0-8ba2-0c3e1f4aa6e2",
      "messageNodes": [
        {
          "botMessageId": "5fcdb503-8631-4f1b-8048-fdfa19a189bd",
          "nodeType": "BotMessageNode",
          "id": "b5feca8c-b47b-4cc0-8ba2-0c3e1f4aa6e2",
          "defaultTargetNodeId": "e8accbda-ed4c-404c-b1ba-580426769b4b"
        }
      ],
      "dialogChangeNodes": [
        {
          "targetDialogId": "new_topic_84ec227c19784e7ba25cb34f4638f91e_aeabea4d071f415c8c107e1cb7af5424_assumedsuccess",
          "nodeType": "DialogChangeNode",
          "id": "e8accbda-ed4c-404c-b1ba-580426769b4b"
        }
      ],
      "id": "new_topic_890c2ffefcf94c76baf7a478b98c461c",
      "displayName": "Dialog for Hur kan jag skaffa OneNote?",
      "createdTime": "2020-11-24T14:37:53.8220925Z",
      "updatedTime": "2020-11-24T14:37:53.8220925Z",
      "createdUserId": "f04d3cd9-b73d-4ba9-a1ed-9319eba29b21",
      "updatedUserId": "f04d3cd9-b73d-4ba9-a1ed-9319eba29b21"
    }
  ],
  "botMessages": [
    {
      "channelContent": {
        "web": {
          "contentFormat": "Markdown",
          "content": "OneNote för Windows 10 är standardupplevelsen för OneNote för Office 365-kunder."
        }
      },
      "id": "5fcdb503-8631-4f1b-8048-fdfa19a189bd",
      "createdTime": "2020-11-24T14:37:53.8220925Z",
      "updatedTime": "2020-11-24T14:37:53.8220925Z",
      "createdUserId": "f04d3cd9-b73d-4ba9-a1ed-9319eba29b21",
      "updatedUserId": "f04d3cd9-b73d-4ba9-a1ed-9319eba29b21"
    }
  ]
}