{
  "namedEntities": [
    {
      "synonyms": [
        "home"
      ],
      "id": "ff0ca6dd-de7a-4bee-b849-16210d63f3c5",
      "displayName": "Utente domestico",
      "updatedTime": "2022-04-15T16:17:56.6043799Z",
      "updatedUserId": "9451fc51-e00d-4445-8ff9-efb70866dc3b"
    },
    {
      "synonyms": [
        "gaming"
      ],
      "id": "2ccf421b-89a6-43a8-8b4f-b8d8f63b58bf",
      "displayName": "Giocatore",
      "updatedTime": "2022-04-15T16:17:56.6043799Z",
      "updatedUserId": "9451fc51-e00d-4445-8ff9-efb70866dc3b"
    },
    {
      "synonyms": [
        "business"
      ],
      "id": "2d32734c-9552-47c5-963b-563fe1d9ea7e",
      "displayName": "Utente aziendale",
      "updatedTime": "2022-04-15T16:17:56.6043799Z",
      "updatedUserId": "9451fc51-e00d-4445-8ff9-efb70866dc3b"
    }
  ],
  "closedListTypes": [
    {
      "namedEntities": [
        "ff0ca6dd-de7a-4bee-b849-16210d63f3c5",
        "2ccf421b-89a6-43a8-8b4f-b8d8f63b58bf",
        "2d32734c-9552-47c5-963b-563fe1d9ea7e"
      ],
      "smartMatchingEnabled": true,
      "customTypeSchema": "ClosedList",
      "id": "new_customtype_f98a24608ee04cb998de3e3e32703d5b_f86fcadfd497444e91ed11c12b059d10",
      "displayName": "Tipo di utilizzo",
      "description": "Lezione 4 Entità tipo di utilizzo",
      "createdTime": "2019-10-25T14:03:43.9601778Z",
      "updatedTime": "2022-04-15T16:17:56.6043799Z",
      "createdUserId": "user0",
      "updatedUserId": "9451fc51-e00d-4445-8ff9-efb70866dc3b"
    }
  ]
}