{
  "intents": [
    {
      "intentType": "Regular",
      "endUserOverrideName": "Edit a sent message",
      "triggerQueries": [
        "Edit a sent message",
        "How can I edit a sent message?",
        "Can I change a sent message?",
        "I want to change something I sent",
        "How do I edit messages",
        "How do I edit a sent message?"
      ],
      "dialogId": "new_topic_9ccfc4f3545145ac88efa6ca889bdf01",
      "isTriggeringEnabled": true,
      "id": "new_topic_9ccfc4f3545145ac88efa6ca889bdf01",
      "displayName": "How do I edit a sent message?",
      "description": "https://adoptbotv2kb.blob.core.windows.net/%24web/AdoptBot2021-English.docx",
      "createdTime": "2021-01-13T22:20:51.2381463Z",
      "updatedTime": "2021-01-27T22:39:55.3389135Z",
      "createdUserId": "f04d3cd9-b73d-4ba9-a1ed-9319eba29b21",
      "updatedUserId": "f04d3cd9-b73d-4ba9-a1ed-9319eba29b21"
    }
  ],
  "dialogs": [
    {
      "rootNodeId": "349b30c2-239b-4dac-aa46-e5f3d0b06929",
      "messageNodes": [
        {
          "botMessageId": "58cfb10e-f6b8-4838-a40d-dc3a1f1d823c",
          "nodeType": "BotMessageNode",
          "id": "349b30c2-239b-4dac-aa46-e5f3d0b06929",
          "defaultTargetNodeId": "86f7dfa6-f124-479a-aed5-7f8a4b821342"
        },
        {
          "botMessageId": "1e1529be-65f5-4ea7-8b7f-c1ce572a19a4",
          "nodeType": "BotMessageNode",
          "id": "86f7dfa6-f124-479a-aed5-7f8a4b821342",
          "defaultTargetNodeId": "cc1421b7-b9d1-4d1e-92f2-eb6c3c3d292c"
        },
        {
          "botMessageId": "ada8f641-9326-4c94-be9c-28ad02809915",
          "nodeType": "BotMessageNode",
          "id": "cc1421b7-b9d1-4d1e-92f2-eb6c3c3d292c",
          "defaultTargetNodeId": "4ac6f616-77ca-4746-86fa-4670f615a076"
        }
      ],
      "dialogChangeNodes": [
        {
          "targetDialogId": "new_topic_eac3f49c99664313a9d9dc19d80a79a2_aeabea4d071f415c8c107e1cb7af5424_assumedsuccess",
          "nodeType": "DialogChangeNode",
          "id": "4ac6f616-77ca-4746-86fa-4670f615a076"
        }
      ],
      "id": "new_topic_9ccfc4f3545145ac88efa6ca889bdf01",
      "displayName": "Dialog for How do I edit a sent message?",
      "createdTime": "2021-01-13T22:20:51.2381463Z",
      "updatedTime": "2021-01-27T22:42:45.7520164Z",
      "createdUserId": "f04d3cd9-b73d-4ba9-a1ed-9319eba29b21",
      "updatedUserId": "f04d3cd9-b73d-4ba9-a1ed-9319eba29b21"
    }
  ],
  "botMessages": [
    {
      "channelContent": {
        "web": {
          "contentFormat": "Markdown",
          "content": "You can edit any messages you've sent to a chat or channel."
        }
      },
      "id": "58cfb10e-f6b8-4838-a40d-dc3a1f1d823c",
      "createdTime": "2021-01-13T22:20:51.2381463Z",
      "updatedTime": "2021-01-13T22:20:51.2381463Z",
      "createdUserId": "f04d3cd9-b73d-4ba9-a1ed-9319eba29b21",
      "updatedUserId": "f04d3cd9-b73d-4ba9-a1ed-9319eba29b21"
    },
    {
      "channelContent": {
        "web": {
          "contentFormat": "Markdown",
          "content": "1.  Go to the message and select **More options** (...) > **Edit**.\n2.  Make changes to your message and send to save the update.\n\nThere's no limit to the number of times you can make changes to a sent message!"
        }
      },
      "id": "1e1529be-65f5-4ea7-8b7f-c1ce572a19a4",
      "createdTime": "2021-01-27T22:40:15.323Z",
      "updatedTime": "2021-01-27T22:40:15.323Z",
      "createdUserId": "user-0",
      "updatedUserId": "user-0"
    },
    {
      "channelContent": {
        "web": {
          "contentFormat": "Markdown",
          "content": "_**Note:** Your organization or some teams may have disabled this option._"
        }
      },
      "id": "ada8f641-9326-4c94-be9c-28ad02809915",
      "createdTime": "2021-01-27T22:40:20.46Z",
      "updatedTime": "2021-01-27T22:40:20.46Z",
      "createdUserId": "user-0",
      "updatedUserId": "user-0"
    }
  ]
}