<ImportExportXml xmlns:xsi="http://www.w3.org/2001/XMLSchema-instance">
  <Entities></Entities>
  <Roles></Roles>
  <Workflows>
    <Workflow WorkflowId="{72e400f1-d0a2-eb11-b1ac-000d3a4a038e}" Name="WaveGIF">
      <JsonFileName>/Workflows/WaveGIF-72E400F1-D0A2-EB11-B1AC-000D3A4A038E.json</JsonFileName>
      <Type>1</Type>
      <Subprocess>0</Subprocess>
      <Category>5</Category>
      <Mode>0</Mode>
      <Scope>4</Scope>
      <OnDemand>0</OnDemand>
      <TriggerOnCreate>0</TriggerOnCreate>
      <TriggerOnDelete>0</TriggerOnDelete>
      <AsyncAutodelete>0</AsyncAutodelete>
      <SyncWorkflowLogOnFailure>0</SyncWorkflowLogOnFailure>
      <StateCode>1</StateCode>
      <StatusCode>2</StatusCode>
      <RunAs>1</RunAs>
      <IsTransacted>1</IsTransacted>
      <IntroducedVersion>1.0.0.2</IntroducedVersion>
      <IsCustomizable>1</IsCustomizable>
      <BusinessProcessType>0</BusinessProcessType>
      <IsCustomProcessingStepAllowedForOtherPublishers>1</IsCustomProcessingStepAllowedForOtherPublishers>
      <PrimaryEntity>none</PrimaryEntity>
      <LocalizedNames>
        <LocalizedName languagecode="1033" description="WaveGIF" />
      </LocalizedNames>
    </Workflow>
    <Workflow WorkflowId="{8a84184f-8b5d-eb11-a812-000d3a9bb82a}" Name="Fragen der Benutzenden - Teams Kanal benachrichtigen" Description="Call this flow from Power Virtual Agents.">
      <JsonFileName>/Workflows/FragenderBenutzenden-TeamsKanalbenachrichtigen-8A84184F-8B5D-EB11-A812-000D3A9BB82A.json</JsonFileName>
      <Type>1</Type>
      <Subprocess>0</Subprocess>
      <Category>5</Category>
      <Mode>0</Mode>
      <Scope>4</Scope>
      <OnDemand>0</OnDemand>
      <TriggerOnCreate>0</TriggerOnCreate>
      <TriggerOnDelete>0</TriggerOnDelete>
      <AsyncAutodelete>0</AsyncAutodelete>
      <SyncWorkflowLogOnFailure>0</SyncWorkflowLogOnFailure>
      <StateCode>1</StateCode>
      <StatusCode>2</StatusCode>
      <RunAs>1</RunAs>
      <IsTransacted>1</IsTransacted>
      <IntroducedVersion>1.0</IntroducedVersion>
      <IsCustomizable>1</IsCustomizable>
      <IsCustomProcessingStepAllowedForOtherPublishers>1</IsCustomProcessingStepAllowedForOtherPublishers>
      <PrimaryEntity>none</PrimaryEntity>
      <LocalizedNames>
        <LocalizedName languagecode="1033" description="Fragen der Benutzenden - Teams Kanal benachrichtigen" />
      </LocalizedNames>
      <Descriptions>
        <Description languagecode="1033" description="Call this flow from Power Virtual Agents." />
      </Descriptions>
    </Workflow>
    <Workflow WorkflowId="{22036560-5e5e-eb11-a812-000d3a9bb82a}" Name="Feedback der Benutzenden - Teams Kanal benachrichtigen" Description="This flow sends user feedback to a Teams channel of your choice. &#xA;&#xA;Note that the Team and the Channel MUST EXIST before they can be chosen.">
      <JsonFileName>/Workflows/FeedbackderBenutzenden-TeamsKanalbenachrichtigen-22036560-5E5E-EB11-A812-000D3A9BB82A.json</JsonFileName>
      <Type>1</Type>
      <Subprocess>0</Subprocess>
      <Category>5</Category>
      <Mode>0</Mode>
      <Scope>4</Scope>
      <OnDemand>0</OnDemand>
      <TriggerOnCreate>0</TriggerOnCreate>
      <TriggerOnDelete>0</TriggerOnDelete>
      <AsyncAutodelete>0</AsyncAutodelete>
      <SyncWorkflowLogOnFailure>0</SyncWorkflowLogOnFailure>
      <StateCode>1</StateCode>
      <StatusCode>2</StatusCode>
      <RunAs>1</RunAs>
      <IsTransacted>1</IsTransacted>
      <IntroducedVersion>1.0</IntroducedVersion>
      <IsCustomizable>1</IsCustomizable>
      <IsCustomProcessingStepAllowedForOtherPublishers>1</IsCustomProcessingStepAllowedForOtherPublishers>
      <PrimaryEntity>none</PrimaryEntity>
      <LocalizedNames>
        <LocalizedName languagecode="1033" description="Feedback der Benutzenden - Teams Kanal benachrichtigen" />
      </LocalizedNames>
      <Descriptions>
        <Description languagecode="1033" description="This flow sends user feedback to a Teams channel of your choice. &#xA;&#xA;Note that the Team and the Channel MUST EXIST before they can be chosen." />
      </Descriptions>
    </Workflow>
  </Workflows>
  <FieldSecurityProfiles></FieldSecurityProfiles>
  <Templates />
  <EntityMaps />
  <EntityRelationships />
  <OrganizationSettings />
  <optionsets />
  <CustomControls />
  <EntityDataProviders />
  <connectionreferences>
    <connectionreference connectionreferencelogicalname="new_sharedpowervirtualagents_5f1d3">
      <connectionreferencedisplayname>Power Virtual Agents</connectionreferencedisplayname>
      <connectorid>/providers/Microsoft.PowerApps/apis/shared_powervirtualagents</connectorid>
      <iscustomizable>1</iscustomizable>
      <statecode>0</statecode>
      <statuscode>1</statuscode>
    </connectionreference>
    <connectionreference connectionreferencelogicalname="new_sharedteams_87d38">
      <connectionreferencedisplayname>Microsoft Teams</connectionreferencedisplayname>
      <connectorid>/providers/Microsoft.PowerApps/apis/shared_teams</connectorid>
      <iscustomizable>1</iscustomizable>
      <statecode>0</statecode>
      <statuscode>1</statuscode>
    </connectionreference>
    <connectionreference connectionreferencelogicalname="new_sharedteams_cdbe4">
      <connectionreferencedisplayname>Microsoft Teams</connectionreferencedisplayname>
      <connectorid>/providers/Microsoft.PowerApps/apis/shared_teams</connectorid>
      <iscustomizable>1</iscustomizable>
      <statecode>0</statecode>
      <statuscode>1</statuscode>
    </connectionreference>
    <connectionreference connectionreferencelogicalname="new_sharedoffice365users_fbbb1">
      <connectionreferencedisplayname>Office 365 Users</connectionreferencedisplayname>
      <connectorid>/providers/Microsoft.PowerApps/apis/shared_office365users</connectorid>
      <iscustomizable>1</iscustomizable>
      <statecode>0</statecode>
      <statuscode>1</statuscode>
    </connectionreference>
  </connectionreferences>
  <Languages>
    <Language>1033</Language>
  </Languages>
</ImportExportXml>