{
  "intents": [
    {
      "triggerQueries": [
        "Meeting 미팅 모임 참석 가장 많은 사람",
        "모임 참가자 수 제한",
        "정기 Meeting 미팅 모임 회의 참석 인원",
        "얼마나 큰 Teams 팀 Meeting 미팅 모임",
        "얼마나 많은 회의 미팅 모임 참가자 최대",
        "Meeting 미팅 모임 참석 사람 몇 명 몇명",
        "최대 Meeting 회의 모임  최대 참가자 수",
        "일반 회의 미팅 모임 참여 인원 몇 명 몇명",
        "Meeting 모임 미팅 최대 인원수 인원",
        "팀 회의 참석자의 제한은 무엇입니까?"
      ],
      "dialogId": "new_topic_f1859bc50b65472b8757b2ae379dfe62",
      "isTriggeringEnabled": true,
      "id": "new_topic_f1859bc50b65472b8757b2ae379dfe62",
      "displayName": "팀 회의 참석자의 제한은 무엇입니까?",
      "description": "https://adoptbotv2kb.blob.core.windows.net/%24web/adoptbot2021-Korean.docx",
      "createdTime": "2021-03-18T03:39:18.7456548Z",
      "updatedTime": "2021-04-06T12:17:13.2954295Z",
      "createdUserId": "e47109d8-0300-4e59-a90d-56bb29886c9e",
      "updatedUserId": "e47109d8-0300-4e59-a90d-56bb29886c9e"
    }
  ],
  "dialogs": [
    {
      "rootNodeId": "452042de-6474-4cc3-b0c5-68648765a658",
      "messageNodes": [
        {
          "botMessageId": "11dfdd6f-f4e8-463d-958d-958c14831417",
          "nodeType": "BotMessageNode",
          "id": "452042de-6474-4cc3-b0c5-68648765a658",
          "defaultTargetNodeId": "bcc0ce83-8b7e-4463-a819-4cabba507aac"
        },
        {
          "botMessageId": "52e87cc2-c51a-4e4e-81bf-579818193d0b",
          "nodeType": "BotMessageNode",
          "id": "bcc0ce83-8b7e-4463-a819-4cabba507aac",
          "defaultTargetNodeId": "3e6a964d-278d-4d4a-86bc-96c69a0750cf"
        }
      ],
      "dialogChangeNodes": [
        {
          "targetDialogId": "new_topic_2bf23930c1d146129dfe38bacb94ccd0_aeabea4d071f415c8c107e1cb7af5424_assumedsuccess",
          "nodeType": "DialogChangeNode",
          "id": "3e6a964d-278d-4d4a-86bc-96c69a0750cf"
        }
      ],
      "id": "new_topic_f1859bc50b65472b8757b2ae379dfe62",
      "displayName": "Dialog for 팀 회의 참석자의 제한은 무엇입니까?",
      "createdTime": "2021-03-18T03:39:18.7456548Z",
      "updatedTime": "2021-04-06T12:15:53.9517456Z",
      "createdUserId": "e47109d8-0300-4e59-a90d-56bb29886c9e",
      "updatedUserId": "e47109d8-0300-4e59-a90d-56bb29886c9e"
    }
  ],
  "botMessages": [
    {
      "channelContent": {
        "web": {
          "contentFormat": "Markdown",
          "content": "[일반적 Teams 모임에서의 최대 인원수](https://docs.microsoft.com/ko-kr/microsoftteams/limits-specifications-teams)는 현재 300입니다(2021년 초반).\n\n항상 최신 뉴스에 대한 링크를 클릭하면, 한도는 올라갑니다."
        }
      },
      "id": "11dfdd6f-f4e8-463d-958d-958c14831417",
      "createdTime": "2021-03-18T03:39:18.7456548Z",
      "updatedTime": "2021-03-18T03:39:18.7456548Z",
      "createdUserId": "e47109d8-0300-4e59-a90d-56bb29886c9e",
      "updatedUserId": "e47109d8-0300-4e59-a90d-56bb29886c9e"
    },
    {
      "channelContent": {
        "web": {
          "contentFormat": "Markdown",
          "content": "2021년에는, 동일한 정규 팀 회의에서 [1,000명의 참가자](https://www.microsoft.com/ko-kr/microsoft-365/roadmap?filters=&searchterms=65951) 와 최대 [20,000명의 수동 시청자](https://www.microsoft.com/ko-kr/microsoft-365/roadmap?filters=&searchterms=65952) 로 한도가 증가/증가하게 됩니다. 참가자의 한도에 도달하면, 다음 참가자는 자동으로 보기경험이 됩니다."
        }
      },
      "id": "52e87cc2-c51a-4e4e-81bf-579818193d0b",
      "createdTime": "2021-04-06T12:14:44.465Z",
      "updatedTime": "2021-04-06T12:14:44.465Z",
      "createdUserId": "user-0",
      "updatedUserId": "user-0"
    }
  ],
  "createdUtc": "0001-01-01T00:00:00Z"
}