{
  "intents": [
    {
      "endUserOverrideName": "Slette eller arkivere et team",
      "triggerQueries": [
        "kan man gjenopprette et arkivert team?",
        "kan man gjenopprette et slettet team?",
        "Hva er forskjellen mellom å slette og arkivere et team?",
        "Hvem kan gjenopprette et team?",
        "Gjenopprett et slettet team",
        "Hva skjer med SharePoint området dersom teamet blir slettet?",
        "Hva skjer med filene dersom teamet blir slettet?",
        "Kan jeg gjenopprette et slettet team?",
        "Hva skjer hvis jeg sletter et team?",
        "Slett et team",
        "Hvordan sletter jeg et team?"
      ],
      "dialogId": "new_topic_91381b6a3f5b4e66b3b43e4fa73dc896",
      "isTriggeringEnabled": true,
      "id": "new_topic_91381b6a3f5b4e66b3b43e4fa73dc896",
      "displayName": "Hvordan sletter jeg et team?",
      "description": "https://norwegianteams.blob.core.windows.net/norwegian-container/TIMA QA P19.docx",
      "createdTime": "2021-03-24T20:09:21.5452642Z",
      "updatedTime": "2021-04-23T08:06:55.8322053Z",
      "createdUserId": "ef0c8b9a-eff1-49f8-92fa-fd1d3e15e1ba",
      "updatedUserId": "ef0c8b9a-eff1-49f8-92fa-fd1d3e15e1ba"
    }
  ],
  "dialogs": [
    {
      "rootNodeId": "a0c673d8-2564-4fd3-b3e2-3111f562f150",
      "messageNodes": [
        {
          "botMessageId": "3babdae9-3bc8-44b3-bff9-b57b5c48dd26",
          "nodeType": "BotMessageNode",
          "id": "9f7e2feb-c879-41ec-a4af-a98970c02dfd",
          "defaultTargetNodeId": "9ae8f464-3f47-40b2-9225-bdda8dde1afb"
        },
        {
          "botMessageId": "c7fddbfe-4227-4794-90dd-490ef0888428",
          "nodeType": "BotMessageNode",
          "id": "9ae8f464-3f47-40b2-9225-bdda8dde1afb",
          "defaultTargetNodeId": "da8ca2b0-da13-4f33-9cb3-ede4018edcb9"
        },
        {
          "botMessageId": "5dd9b036-8d63-4a3d-8fc1-2197ace86480",
          "nodeType": "BotMessageNode",
          "id": "6ee22de1-e41f-41d6-8638-bef9b4c63246",
          "defaultTargetNodeId": "c5a1c880-585e-4541-a6eb-c06da0090af6"
        },
        {
          "botMessageId": "2fb62c3c-4b81-4ff8-8cb4-cd36300c32e0",
          "nodeType": "BotMessageNode",
          "id": "da8ca2b0-da13-4f33-9cb3-ede4018edcb9",
          "defaultTargetNodeId": "6ee22de1-e41f-41d6-8638-bef9b4c63246"
        },
        {
          "botMessageId": "7b049828-4bdc-4b54-b598-0e8487d357ee",
          "nodeType": "BotMessageNode",
          "id": "a0c673d8-2564-4fd3-b3e2-3111f562f150",
          "defaultTargetNodeId": "9f7e2feb-c879-41ec-a4af-a98970c02dfd"
        }
      ],
      "dialogChangeNodes": [
        {
          "targetDialogId": "new_topic_89c49d37fd4c4c1c9144396960733ce1_aeabea4d071f415c8c107e1cb7af5424_assumedsuccess",
          "nodeType": "DialogChangeNode",
          "id": "c5a1c880-585e-4541-a6eb-c06da0090af6"
        }
      ],
      "id": "new_topic_91381b6a3f5b4e66b3b43e4fa73dc896",
      "displayName": "Dialog for Hvordan sletter jeg et team?",
      "createdTime": "2021-03-24T20:09:21.5452642Z",
      "updatedTime": "2021-04-23T08:07:11.589146Z",
      "createdUserId": "ef0c8b9a-eff1-49f8-92fa-fd1d3e15e1ba",
      "updatedUserId": "ef0c8b9a-eff1-49f8-92fa-fd1d3e15e1ba"
    }
  ],
  "botMessages": [
    {
      "channelContent": {
        "web": {
          "contentFormat": "Markdown",
          "content": "[Hvis du vil **slette et team**](https://support.microsoft.com/nb-no/office/slette-et-team-c386f91b-f7e6-400b-aac7-8025f74f8b41) (og du er eieren av teamet), går du til **Teamnavnet** og klikk på **Flere alternativer**… > **Slett teamet**. \n\nTeamet blir fjernet permanent."
        }
      },
      "id": "3babdae9-3bc8-44b3-bff9-b57b5c48dd26",
      "createdTime": "2021-03-24T20:09:21.5452642Z",
      "updatedTime": "2021-03-24T20:09:21.5452642Z",
      "createdUserId": "ef0c8b9a-eff1-49f8-92fa-fd1d3e15e1ba",
      "updatedUserId": "ef0c8b9a-eff1-49f8-92fa-fd1d3e15e1ba"
    },
    {
      "channelContent": {
        "web": {
          "contentFormat": "Markdown",
          "content": "💡 **Husk følgende når du sletter:**\n\n*   Hvis du sletter et team, fjernes postboksen for teamet og kalenderen fra Exchange.\n*   Det tilsvarende SharePoint-området og alle filene vil også bli slettet.\n*   Alle OneNote-notatblokker, Planner-plan, Power BI-arbeidsområde eller stream-grupper som er tilknyttet teamet, slettes også.\n*   **Teameiere og IT-administratorer** kan gjenopprette slettede team i opptil **30 dager**. Hvis du vil ha mer informasjon, kan du se [gjenopprett en slettet Microsoft 365-gruppe](https://docs.microsoft.com/en-us/microsoft-365/admin/create-groups/restore-deleted-group?redirectSourcePath=%252farticle%252fb7c66b59-657a-4e1a-8aa0-8163b1f4eb54&view=o365-worldwide&tabs=outlook)."
        }
      },
      "id": "c7fddbfe-4227-4794-90dd-490ef0888428",
      "createdTime": "2021-03-26T12:01:29.356Z",
      "updatedTime": "2021-03-26T12:01:29.356Z",
      "createdUserId": "user-0",
      "updatedUserId": "user-0"
    },
    {
      "channelContent": {
        "web": {
          "contentFormat": "Markdown",
          "content": "💡 **Husk følgende når du arkiverer:**\n\n*   Samtalene og filene i teamet blir **skrivebeskyttet** når du **arkiverer det** – det vil si at man ikke kan legge til nytt innhold.\n*   Men du kan fremdeles søke gjennom teamet etter ting du trenger. Du kan til og med feste det i Team-listen din som en favoritt.\n*   Det er mulig å [**gjenopprette et arkivert team**](https://support.microsoft.com/nb-no/office/arkivere-eller-gjenopprette-et-team-dc161cfd-b328-440f-974b-5da5bd98b5a7#:~:text=%20Arkivere%20eller%20gjenopprette%20et%20team%20%201,som%20er%20tilknyttet%20teamet%2C%20velger%20du...%20More%20)."
        }
      },
      "id": "5dd9b036-8d63-4a3d-8fc1-2197ace86480",
      "createdTime": "2021-03-26T12:01:56.268Z",
      "updatedTime": "2021-03-26T12:01:56.268Z",
      "createdUserId": "user-0",
      "updatedUserId": "user-0"
    },
    {
      "channelContent": {
        "web": {
          "contentFormat": "Markdown",
          "content": "Hvis du ønsker å beholde samtalene og filene i teamet, så burde du **arkivere** teamet istedenfor å slette det.\n\n1.  Velg **Administrer team**\\-ikonet nederst, ved siden av _Bli med i eller opprett et team-ikon._\n2.  Velg **Flere alternativer…** helt til høyre for teamnavnet.\n3.  Velg **Arkiver team** eller **Slett team**."
        }
      },
      "id": "2fb62c3c-4b81-4ff8-8cb4-cd36300c32e0",
      "createdTime": "2021-04-22T14:35:23.332Z",
      "updatedTime": "2021-04-22T14:35:23.332Z",
      "createdUserId": "user-0",
      "updatedUserId": "user-0"
    },
    {
      "channelContent": {
        "web": {
          "contentFormat": "Markdown",
          "content": "Som teameier kan man velge å [**slette**](https://support.microsoft.com/nb-no/office/slette-et-team-c386f91b-f7e6-400b-aac7-8025f74f8b41) eller [**arkivere** et team](https://support.microsoft.com/nb-no/office/arkivere-eller-gjenopprette-et-team-dc161cfd-b328-440f-974b-5da5bd98b5a7) når et team ikke lenger er aktivt."
        }
      },
      "id": "7b049828-4bdc-4b54-b598-0e8487d357ee",
      "createdTime": "2021-04-23T08:03:09.185Z",
      "updatedTime": "2021-04-23T08:03:09.185Z",
      "createdUserId": "user-0",
      "updatedUserId": "user-0"
    }
  ],
  "createdUtc": "0001-01-01T00:00:00Z"
}