{
  "intents": [
    {
      "triggerQueries": [
        "Ottenere il proprio ID conferenza?",
        "Si possono creare ID conferenza univoci?",
        "Un utente può ottenere un ID conferenza personale?"
      ],
      "dialogId": "new_topic_a5f8fbf2ddcb4183a26780fcd9af45fa",
      "isTriggeringEnabled": true,
      "id": "new_topic_a5f8fbf2ddcb4183a26780fcd9af45fa",
      "displayName": "Un utente può ottenere un ID conferenza personale?",
      "createdTime": "2022-04-29T21:22:17.4723198Z",
      "updatedTime": "2022-04-29T21:22:17.4723198Z",
      "createdUserId": "9451fc51-e00d-4445-8ff9-efb70866dc3b",
      "updatedUserId": "9451fc51-e00d-4445-8ff9-efb70866dc3b"
    }
  ],
  "dialogs": [
    {
      "rootNodeId": "de20f305-df4f-413b-91c6-c337e53ba34c",
      "messageNodes": [
        {
          "botMessageId": "76468517-3e71-4dfe-a53b-7c1a8c08e76a",
          "nodeType": "BotMessageNode",
          "id": "de20f305-df4f-413b-91c6-c337e53ba34c",
          "defaultTargetNodeId": "a1f18d65-33b1-4f8a-90a1-a4d755f5c638"
        }
      ],
      "dialogChangeNodes": [
        {
          "targetDialogId": "new_topic_f98a24608ee04cb998de3e3e32703d5b_aeabea4d071f415c8c107e1cb7af5424_assumedsuccess",
          "nodeType": "DialogChangeNode",
          "id": "a1f18d65-33b1-4f8a-90a1-a4d755f5c638"
        }
      ],
      "id": "new_topic_a5f8fbf2ddcb4183a26780fcd9af45fa",
      "displayName": "Senza titolo",
      "createdTime": "2022-04-29T21:22:17.4723198Z",
      "updatedTime": "2022-04-29T21:22:17.4723198Z",
      "createdUserId": "9451fc51-e00d-4445-8ff9-efb70866dc3b",
      "updatedUserId": "9451fc51-e00d-4445-8ff9-efb70866dc3b"
    }
  ],
  "botMessages": [
    {
      "channelContent": {
        "web": {
          "contentFormat": "Markdown",
          "content": "Agli utenti di Microsoft Teams verranno assegnati ID conferenza in modo casuale e non possono prenotare o immettere un ID conferenza statico che solo loro possono utilizzare."
        }
      },
      "id": "76468517-3e71-4dfe-a53b-7c1a8c08e76a",
      "createdTime": "2022-04-29T21:19:16.931Z",
      "updatedTime": "2022-04-29T21:19:16.931Z"
    }
  ]
}