{
  "intents": [
    {
      "triggerQueries": [
        "Teams 팀즈 Meeting 미팅 회의 경험 사용자 지정",
        "회의 나만의 앱 만들기",
        "Meeting 모임 회의 특별 기능",
        "Meeting 미팅 플러그인 목록 보기",
        "Meeting 모임 미팅 확장",
        "추가 Meeting 미팅 회의 기능",
        "Meeting 미팅 모임 경험 영향",
        "Teams 팀즈 Meeting 미팅 회의 앱",
        "Teams 팀 회의 경험 커스터마이징 사용자 지정",
        "미팅 회의 Teams 팀즈 팀 앱",
        "Teams에서 회의 경험을 사용자 지정할 수 있습니까?"
      ],
      "dialogId": "new_topic_077fc8bf648f4d8aad573181fc4efc05",
      "isTriggeringEnabled": true,
      "id": "new_topic_077fc8bf648f4d8aad573181fc4efc05",
      "displayName": "Teams에서 회의 경험을 사용자 지정할 수 있습니까?",
      "description": "https://adoptbotv2kb.blob.core.windows.net/%24web/adoptbot2021-Korean.docx",
      "createdTime": "2021-03-18T03:39:18.7476571Z",
      "updatedTime": "2021-04-03T12:40:17.6432591Z",
      "createdUserId": "e47109d8-0300-4e59-a90d-56bb29886c9e",
      "updatedUserId": "e47109d8-0300-4e59-a90d-56bb29886c9e"
    }
  ],
  "dialogs": [
    {
      "rootNodeId": "44bf2a55-ab3f-4a0f-b904-bb6a996105f7",
      "messageNodes": [
        {
          "botMessageId": "e417b4f4-515f-4ab3-bb20-2ca1ccd114f0",
          "nodeType": "BotMessageNode",
          "id": "44bf2a55-ab3f-4a0f-b904-bb6a996105f7",
          "defaultTargetNodeId": "4612b42e-7616-4dec-8f27-e1942dfe1757"
        },
        {
          "botMessageId": "88e69d2f-aa89-41c6-9bfb-26c3ff71aa87",
          "nodeType": "BotMessageNode",
          "id": "4612b42e-7616-4dec-8f27-e1942dfe1757",
          "defaultTargetNodeId": "f313e592-a90c-42b9-9d25-a0e5aaca123e"
        }
      ],
      "dialogChangeNodes": [
        {
          "targetDialogId": "new_topic_2bf23930c1d146129dfe38bacb94ccd0_aeabea4d071f415c8c107e1cb7af5424_assumedsuccess",
          "nodeType": "DialogChangeNode",
          "id": "f313e592-a90c-42b9-9d25-a0e5aaca123e"
        }
      ],
      "id": "new_topic_077fc8bf648f4d8aad573181fc4efc05",
      "displayName": "Dialog for Teams에서 회의 경험을 사용자 지정할 수 있습니까?",
      "createdTime": "2021-03-18T03:39:18.7476571Z",
      "updatedTime": "2021-04-03T12:40:09.0108191Z",
      "createdUserId": "e47109d8-0300-4e59-a90d-56bb29886c9e",
      "updatedUserId": "e47109d8-0300-4e59-a90d-56bb29886c9e"
    }
  ],
  "botMessages": [
    {
      "channelContent": {
        "web": {
          "contentFormat": "Markdown",
          "content": "팀 회의에 사용할 수 있는 여러 앱이 있습니다. 이를 통해 회의 경험을 필요에 맞게 사용자 지정할 수 있습니다. [Teams 회의를 개선하기 위한 앱을 봅시다](https://www.microsoft.com/ko-kr/microsoft-teams/meetings-apps) ."
        }
      },
      "id": "e417b4f4-515f-4ab3-bb20-2ca1ccd114f0",
      "createdTime": "2021-03-18T03:39:18.7476571Z",
      "updatedTime": "2021-03-18T03:39:18.7476571Z",
      "createdUserId": "e47109d8-0300-4e59-a90d-56bb29886c9e",
      "updatedUserId": "e47109d8-0300-4e59-a90d-56bb29886c9e"
    },
    {
      "channelContent": {
        "web": {
          "contentFormat": "Markdown",
          "content": "개발자인 경우 [Teams 미팅에 대한 고유한 앱을 빌드](https://docs.microsoft.com/ko-kr/microsoftteams/platform/apps-in-teams-meetings/teams-apps-in-meetings) 할 수 있습니다."
        }
      },
      "id": "88e69d2f-aa89-41c6-9bfb-26c3ff71aa87",
      "createdTime": "2021-04-03T12:39:57.463Z",
      "updatedTime": "2021-04-03T12:39:57.463Z",
      "createdUserId": "user-0",
      "updatedUserId": "user-0"
    }
  ],
  "createdUtc": "0001-01-01T00:00:00Z"
}