{
  "intents": [
    {
      "triggerQueries": [
        "Teams kjører automatisk i bakgrunnen",
        "Deaktiver automatisk start av Teams",
        "Skru av automatisk kjøring av Teams",
        "Teams automatisk på",
        "Bestemme om Teams skal automatisk kjøres når man starter maskinen"
      ],
      "dialogId": "new_topic_0737653024944295bd74194acb205691",
      "isTriggeringEnabled": true,
      "id": "new_topic_0737653024944295bd74194acb205691",
      "displayName": "Bestemme om Teams skal automatisk kjøres når man starter maskinen",
      "description": "https://norwegianteams.blob.core.windows.net/norwegian-container/TIMA QA P19.docx",
      "createdTime": "2021-03-24T20:10:57.7048049Z",
      "updatedTime": "2021-04-07T08:05:25.8145238Z",
      "createdUserId": "ef0c8b9a-eff1-49f8-92fa-fd1d3e15e1ba",
      "updatedUserId": "ef0c8b9a-eff1-49f8-92fa-fd1d3e15e1ba"
    }
  ],
  "dialogs": [
    {
      "rootNodeId": "5db2f167-908f-4b94-adbd-ee7e67799064",
      "messageNodes": [
        {
          "botMessageId": "e3d7b3e0-6f8e-4f64-bef8-811855ede477",
          "nodeType": "BotMessageNode",
          "id": "5db2f167-908f-4b94-adbd-ee7e67799064",
          "defaultTargetNodeId": "4f94a11b-bb72-4512-9a97-60713e3c9571"
        },
        {
          "botMessageId": "0d1cb263-ea22-433b-ba9f-224c04c96ba1",
          "nodeType": "BotMessageNode",
          "id": "4f94a11b-bb72-4512-9a97-60713e3c9571",
          "defaultTargetNodeId": "b491a5cd-c414-41ba-be4d-6dd887e0489e"
        }
      ],
      "dialogChangeNodes": [
        {
          "targetDialogId": "new_topic_89c49d37fd4c4c1c9144396960733ce1_aeabea4d071f415c8c107e1cb7af5424_assumedsuccess",
          "nodeType": "DialogChangeNode",
          "id": "b491a5cd-c414-41ba-be4d-6dd887e0489e"
        }
      ],
      "id": "new_topic_0737653024944295bd74194acb205691",
      "displayName": "Dialog for Bestemme om Teams skal automatisk kjøres når man starter maskinen",
      "createdTime": "2021-03-24T20:10:57.7048049Z",
      "updatedTime": "2021-04-07T08:05:16.8232625Z",
      "createdUserId": "ef0c8b9a-eff1-49f8-92fa-fd1d3e15e1ba",
      "updatedUserId": "ef0c8b9a-eff1-49f8-92fa-fd1d3e15e1ba"
    }
  ],
  "botMessages": [
    {
      "channelContent": {
        "web": {
          "contentFormat": "Markdown",
          "content": "Teams er satt til å automatisk åpne og kjøre i bakgrunnen så snart du starter enheten din. Hvis du lukker appen, vil Teams fortsette å kjøre i bakgrunnen."
        }
      },
      "id": "e3d7b3e0-6f8e-4f64-bef8-811855ede477",
      "createdTime": "2021-03-24T20:10:57.7048049Z",
      "updatedTime": "2021-03-24T20:10:57.7048049Z",
      "createdUserId": "ef0c8b9a-eff1-49f8-92fa-fd1d3e15e1ba",
      "updatedUserId": "ef0c8b9a-eff1-49f8-92fa-fd1d3e15e1ba"
    },
    {
      "channelContent": {
        "web": {
          "contentFormat": "Markdown",
          "content": "Du kan endre disse innstillingene når som helst:\n\n1.  Klikk på profilbildet ditt øverst i appen, og deretter velge **Innstillinger** > **Generelt**.\n2.  I **Program** kan du deaktivere automatisk start. Du kan også endre innstillingene slik at appen ikke kjører i bakgrunnen, eller fortsetter å kjøre etter at du har lukket vinduet."
        }
      },
      "id": "0d1cb263-ea22-433b-ba9f-224c04c96ba1",
      "createdTime": "2021-04-07T08:05:00.325Z",
      "updatedTime": "2021-04-07T08:05:00.325Z",
      "createdUserId": "user-0",
      "updatedUserId": "user-0"
    }
  ],
  "createdUtc": "0001-01-01T00:00:00Z"
}