{
  "intents": [
    {
      "endUserOverrideName": "max. aantal per team",
      "triggerQueries": [
        "hoeveel in een team",
        "max. deelnemers per team",
        "max. aantal mensen per team",
        "Hoeveel mensen in een team",
        "Wat is het maximum aantal leden dat ik in een team kan hebben?"
      ],
      "dialogId": "new_topic_313ecad8325346759bf5a69cfc6fe653",
      "isTriggeringEnabled": true,
      "canTriggeringBeDisabled": true,
      "id": "new_topic_313ecad8325346759bf5a69cfc6fe653",
      "displayName": "Wat is het maximum aantal leden dat ik in een team kan hebben?",
      "description": "",
      "createdTime": "2021-03-22T08:40:03.1882916Z",
      "updatedTime": "2021-03-22T08:40:03.1882916Z",
      "createdUserId": "c1e90dc0-1df0-459d-8164-0dcb7915deaf",
      "isManaged": false,
      "isCustomizable": true,
      "etag": "W/\"930481\"",
      "versionNumber": 930481,
      "componentId": "83ea7c31-ea8a-eb11-b1ac-000d3a4cdb28"
    }
  ],
  "dialogs": [
    {
      "rootNodeId": "912ed981-4ba0-45cc-b5c9-11d90773c793",
      "messageNodes": [
        {
          "botMessageId": "f68a7114-2557-4a37-bd29-74b366bee952",
          "nodeType": "BotMessageNode",
          "id": "912ed981-4ba0-45cc-b5c9-11d90773c793",
          "defaultTargetNodeId": "b62abe4e-0019-49d3-8865-622cf6e57d83"
        }
      ],
      "dialogChangeNodes": [
        {
          "targetDialogId": "new_topic_9d295c394a47419da3b4d205b7ed4c20_aeabea4d071f415c8c107e1cb7af5424_assumedsuccess",
          "nodeType": "DialogChangeNode",
          "id": "b62abe4e-0019-49d3-8865-622cf6e57d83"
        }
      ],
      "id": "new_topic_313ecad8325346759bf5a69cfc6fe653",
      "displayName": "Dialog for Wat is het maximum aantal leden dat ik in een team kan hebben?",
      "createdTime": "2021-03-22T08:40:03.1882916Z",
      "updatedTime": "2021-03-22T08:41:09.3493476Z",
      "createdUserId": "c1e90dc0-1df0-459d-8164-0dcb7915deaf",
      "updatedUserId": "c1e90dc0-1df0-459d-8164-0dcb7915deaf",
      "versionNumber": 0,
      "componentId": "00000000-0000-0000-0000-000000000000"
    }
  ],
  "botMessages": [
    {
      "channelContent": {
        "web": {
          "contentFormat": "Markdown",
          "content": "[Het maximum aantal leden van een team is](https://docs.microsoft.com/nl-nl/microsoftteams/limits-specifications-teams#teams-and-channels) momenteel 10.000 mensen (begin 2021). \n\n_In maart 2021 wordt verhoogt_ _tot_ [_25.000 mensen per team._](https://www.microsoft.com/nl-nl/microsoft-365/roadmap?filters=&searchterms=68723)"
        }
      },
      "id": "f68a7114-2557-4a37-bd29-74b366bee952",
      "createdTime": "2021-03-22T08:40:03.1882916Z",
      "updatedTime": "2021-03-22T08:40:03.1882916Z",
      "createdUserId": "c1e90dc0-1df0-459d-8164-0dcb7915deaf",
      "updatedUserId": "c1e90dc0-1df0-459d-8164-0dcb7915deaf",
      "versionNumber": 0,
      "componentId": "00000000-0000-0000-0000-000000000000"
    }
  ],
  "createdUtc": "0001-01-01T00:00:00Z"
}