{
  "intents": [
    {
      "endUserOverrideName": "Mettre en valeur un message",
      "triggerQueries": [
        "créer un beau message",
        "faire un beau message",
        "faire des posts visuels",
        "insérer une photo en arrière plan dans les posts",
        "ajouter une photo en arrière plan dans les posts",
        "Comment faire de beaux posts?",
        "Des titres attractifs pour les messages de canal",
        "Ajouter une image au titre d'un message de canal?",
        "Faire une annonce dans Teams",
        "Concevoir une annonce",
        "comment puis-je faire une annonce",
        "créer une nouvelle conversation avec un arrière plan",
        "Comment ajouter un arrière plan à mon post?",
        "photo arrière plan dans les posts",
        "titre photo sur les messages",
        "fond d’image pour un message",
        "J’ai vu des posts avec des arrière-plans d’image, comment puis-je les faire?",
        "cérer des beaux posts",
        "Comment faire des posts appliqués?",
        "ajouter des éléments graphiques à mon post",
        "posts visuels",
        "Comment faire un post avec une image dans le titre?",
        "Créer des post avec des arrière plans",
        "Posts avec wallpaper?"
      ],
      "dialogId": "new_topic_d25f13e1277c49b684b8d0b0a1111327",
      "isTriggeringEnabled": true,
      "id": "new_topic_d25f13e1277c49b684b8d0b0a1111327",
      "displayName": "Comment faire de beaux posts?",
      "description": "",
      "createdTime": "2021-01-13T22:20:51.2381463Z",
      "updatedTime": "2023-12-13T11:18:44.3336387Z",
      "createdUserId": "f04d3cd9-b73d-4ba9-a1ed-9319eba29b21",
      "updatedUserId": "c8d29cfd-efef-47c1-8e02-210c8be30c37"
    }
  ],
  "dialogs": [
    {
      "rootNodeId": "358997e6-d58b-4e8e-ac0e-c7a2b1fa5aab",
      "messageNodes": [
        {
          "botMessageId": "cf591f16-84be-4ed9-821d-122cda9bb43c",
          "nodeType": "BotMessageNode",
          "id": "358997e6-d58b-4e8e-ac0e-c7a2b1fa5aab",
          "defaultTargetNodeId": "b984e60e-9765-4619-82d7-f42bb24776b5"
        },
        {
          "botMessageId": "843a5652-b791-41b7-85f4-83eb219305b2",
          "nodeType": "BotMessageNode",
          "id": "07cbe564-73ca-4c38-96c1-6d9eec531cbf",
          "defaultTargetNodeId": "a31db0d9-252c-41a7-965c-5b12348c72ff"
        },
        {
          "botMessageId": "f96811fb-2656-4a0c-9d8b-65ae763953b3",
          "nodeType": "BotMessageNode",
          "id": "a31db0d9-252c-41a7-965c-5b12348c72ff",
          "defaultTargetNodeId": "fe97c87d-c8a5-4d52-8d37-2ebf66e51ba0"
        },
        {
          "botMessageId": "cb77baa7-5bb7-472e-b311-d3fd3cedd3ac",
          "nodeType": "BotMessageNode",
          "id": "b984e60e-9765-4619-82d7-f42bb24776b5",
          "defaultTargetNodeId": "07cbe564-73ca-4c38-96c1-6d9eec531cbf"
        }
      ],
      "dialogChangeNodes": [
        {
          "targetDialogId": "new_topic_eac3f49c99664313a9d9dc19d80a79a2_aeabea4d071f415c8c107e1cb7af5424_assumedsuccess",
          "nodeType": "DialogChangeNode",
          "id": "fe97c87d-c8a5-4d52-8d37-2ebf66e51ba0"
        }
      ],
      "id": "new_topic_d25f13e1277c49b684b8d0b0a1111327",
      "displayName": "Dialog for How do I make beautiful posts?",
      "createdTime": "2021-01-13T22:20:51.2381463Z",
      "updatedTime": "2023-12-13T11:18:44.3336375Z",
      "createdUserId": "f04d3cd9-b73d-4ba9-a1ed-9319eba29b21",
      "updatedUserId": "c8d29cfd-efef-47c1-8e02-210c8be30c37"
    }
  ],
  "botMessages": [
    {
      "channelContent": {
        "web": {
          "contentFormat": "Markdown",
          "content": "Vous pouvez ajouter des images, des emojis 🙂, des GIFs animés, des autocollants et plus dans un post\n\nVous pouvez également ajouter un titre pour faire ressortir votre message."
        }
      },
      "id": "cf591f16-84be-4ed9-821d-122cda9bb43c",
      "createdTime": "2021-01-13T22:20:51.2381463Z",
      "updatedTime": "2021-01-13T22:20:51.2381463Z",
      "createdUserId": "f04d3cd9-b73d-4ba9-a1ed-9319eba29b21",
      "updatedUserId": "f04d3cd9-b73d-4ba9-a1ed-9319eba29b21"
    },
    {
      "channelContent": {
        "web": {
          "contentFormat": "Markdown",
          "content": "Pour créer une annonce,\n\nCliquez sur **Démarrer une publication** et, à côté de \"Publication\", modifiez le T**ype de publication** en annonce."
        }
      },
      "id": "843a5652-b791-41b7-85f4-83eb219305b2",
      "createdTime": "2021-01-26T22:55:49.147Z",
      "updatedTime": "2021-01-26T22:55:49.147Z",
      "createdUserId": "user-0",
      "updatedUserId": "user-0"
    },
    {
      "channelContent": {
        "web": {
          "contentFormat": "Markdown",
          "content": "💡 **Conseil:** Ajoutez une image arrière plan pour plus d'impact 🚀."
        }
      },
      "id": "f96811fb-2656-4a0c-9d8b-65ae763953b3",
      "createdTime": "2021-01-26T22:55:55.102Z",
      "updatedTime": "2021-01-26T22:55:55.102Z",
      "createdUserId": "user-0",
      "updatedUserId": "user-0"
    },
    {
      "channelContent": {
        "web": {
          "contentFormat": "Markdown",
          "content": "Pour mettre en valeur un post ou une publication, vous pouvez créer des \"Annonces\"."
        }
      },
      "id": "cb77baa7-5bb7-472e-b311-d3fd3cedd3ac",
      "createdTime": "2021-01-27T07:47:33.098Z",
      "updatedTime": "2021-01-27T07:47:33.098Z",
      "createdUserId": "user-0",
      "updatedUserId": "user-0"
    }
  ]
}