{
  "intents": [
    {
      "triggerQueries": [
        "Illustra l'app Planner in Teams",
        "App Attività per Planner e To Do",
        "In che modo le app Planner e Attività sono collegate in Teams?",
        "app Attività in Microsoft Teams",
        "Compiti per Planner e Attività",
        "strumenti di pianificazione per i gruppi",
        "Planner in Teams?",
        "Voglio usare Planner",
        "spostare il nostro pianificatore in Teams",
        "lavorare con il pianificatore in Teams",
        "accedere al nostro pianificatore tramite Teams",
        "distribuire compiti in Planner",
        "utilizzare Planner in Teams?",
        "Posso usare Planner in Teams?"
      ],
      "dialogId": "new_topic_236a238ee72d43d58eede59c6b40d492",
      "isTriggeringEnabled": true,
      "id": "new_topic_236a238ee72d43d58eede59c6b40d492",
      "displayName": "Posso usare Planner in Teams?",
      "createdTime": "2022-04-28T19:12:58.4540095Z",
      "updatedTime": "2022-04-28T19:12:58.4540095Z",
      "createdUserId": "9451fc51-e00d-4445-8ff9-efb70866dc3b",
      "updatedUserId": "9451fc51-e00d-4445-8ff9-efb70866dc3b"
    }
  ],
  "dialogs": [
    {
      "rootNodeId": "a8beef6e-d280-412a-b9ba-cc5c487b7079",
      "messageNodes": [
        {
          "botMessageId": "e007820e-ae7b-4a52-8c05-93dfa7587890",
          "nodeType": "BotMessageNode",
          "id": "a8beef6e-d280-412a-b9ba-cc5c487b7079",
          "defaultTargetNodeId": "909387cf-d5a3-4387-8f6a-962e9f564967"
        },
        {
          "botMessageId": "4d0f8b39-ecb0-4da6-a8c9-54986895af7b",
          "nodeType": "BotMessageNode",
          "id": "909387cf-d5a3-4387-8f6a-962e9f564967",
          "defaultTargetNodeId": "b93963be-a100-4040-acaf-5db46722a07d"
        },
        {
          "botMessageId": "6cb67ae7-2092-460a-be04-c7079b088c6a",
          "nodeType": "BotMessageNode",
          "id": "b93963be-a100-4040-acaf-5db46722a07d",
          "defaultTargetNodeId": "5a43557e-11cc-430e-a902-11b9024c4b76"
        },
        {
          "botMessageId": "8d40c198-4810-4d2d-a10f-7a44db1caaaf",
          "nodeType": "BotMessageNode",
          "id": "5a43557e-11cc-430e-a902-11b9024c4b76",
          "defaultTargetNodeId": "6234eb52-e264-48a8-99e2-20823d4605cd"
        }
      ],
      "dialogChangeNodes": [
        {
          "targetDialogId": "new_topic_f98a24608ee04cb998de3e3e32703d5b_aeabea4d071f415c8c107e1cb7af5424_assumedsuccess",
          "nodeType": "DialogChangeNode",
          "id": "6234eb52-e264-48a8-99e2-20823d4605cd"
        }
      ],
      "id": "new_topic_236a238ee72d43d58eede59c6b40d492",
      "displayName": "Senza titolo",
      "createdTime": "2022-04-28T19:12:58.4540095Z",
      "updatedTime": "2022-04-28T19:12:58.4540095Z",
      "createdUserId": "9451fc51-e00d-4445-8ff9-efb70866dc3b",
      "updatedUserId": "9451fc51-e00d-4445-8ff9-efb70866dc3b"
    }
  ],
  "botMessages": [
    {
      "channelContent": {
        "web": {
          "contentFormat": "Markdown",
          "content": "Buone notizie per gli appassionati di organizzazione e collaborazione. **Teams , Planner** e **To Do** vanno di pari passo!\n\nConsulta questa guida per gli aggiornamenti più recenti: [utilizzare l'app Attività in Teams (microsoft.com)](https://support.microsoft.com/it-it/office/usare-l-app-attivit%C3%A0-in-teams-e32639f3-2e07-4b62-9a8c-fd706c12c070)"
        }
      },
      "id": "e007820e-ae7b-4a52-8c05-93dfa7587890",
      "createdTime": "2022-04-28T18:59:36.774Z",
      "updatedTime": "2022-04-28T18:59:36.774Z"
    },
    {
      "channelContent": {
        "web": {
          "contentFormat": "Markdown",
          "content": "Per iniziare a usarli insieme, aggiungi una scheda Planner (Attività) a Teams. Basta fare clic su Aggiungi una scheda accanto alle tue schede nella parte superiore di un canale."
        }
      },
      "id": "4d0f8b39-ecb0-4da6-a8c9-54986895af7b",
      "createdTime": "2022-04-28T19:09:08.965Z",
      "updatedTime": "2022-04-28T19:09:08.965Z",
      "createdUserId": "user-0",
      "updatedUserId": "user-0"
    },
    {
      "channelContent": {
        "web": {
          "contentFormat": "Markdown",
          "content": "Selezionare Planner (attività), quindi eseguire una delle operazioni seguenti:\n\n*   Fare clic su Crea un nuovo piano e digitare un nome per la nuova scheda Pianificazione.\n*   Fare clic su Usa un Piano esistente e selezionare una scheda di pianificazione esistente dal menu."
        }
      },
      "id": "6cb67ae7-2092-460a-be04-c7079b088c6a",
      "createdTime": "2022-04-28T19:10:28.396Z",
      "updatedTime": "2022-04-28T19:10:28.396Z",
      "createdUserId": "user-0",
      "updatedUserId": "user-0"
    },
    {
      "channelContent": {
        "web": {
          "contentFormat": "Markdown",
          "content": "Se vuoi approfondire i dettagli per gestire le attività di Planner in Teams nell'app Attività, vedi come [usare Planner in Microsoft Teams.](https://support.microsoft.com/it-it/office/anv%C3%A4nda-planner-i-microsoft-teams-62798a9f-e8f7-4722-a700-27dd28a06ee0)"
        }
      },
      "id": "8d40c198-4810-4d2d-a10f-7a44db1caaaf",
      "createdTime": "2022-04-28T19:12:09.684Z",
      "updatedTime": "2022-04-28T19:12:09.684Z",
      "createdUserId": "user-0",
      "updatedUserId": "user-0"
    }
  ]
}