{
  "intents": [
    {
      "triggerQueries": [
        "W jaki sposób gość dołącza do zespołu?",
        "Jak goście dołączają do zespołu?",
        "W jaki sposób osoba z innej organizacji dołącza do zespołu?",
        "jakie są wrażenia gościa podczas dołączania do zespołu?",
        "aktywowanie zaproszenia gościa do zespołu",
        "Czy goście mogą dołączyć do zespołu ze swojego telefonu?",
        "Czy trudno jest dołączyć do zespołu jako gość?",
        "W jaki sposób osoby z zewnątrz dołączają do zespołu Teams?",
        "Jak goście mogą dołączyć do zespołu?"
      ],
      "dialogId": "new_topic_c7b870aa1b5b47b697a40a4dbab88030",
      "isTriggeringEnabled": true,
      "id": "new_topic_c7b870aa1b5b47b697a40a4dbab88030",
      "displayName": "Jak goście mogą dołączyć do zespołu?",
      "description": "",
      "createdTime": "2021-09-27T10:07:53.5509659Z",
      "updatedTime": "2021-10-11T14:58:22.8894925Z",
      "createdUserId": "28fac8cb-bec7-48c9-a688-5024cf318b8a",
      "updatedUserId": "28fac8cb-bec7-48c9-a688-5024cf318b8a"
    }
  ],
  "dialogs": [
    {
      "rootNodeId": "50a9ec25-1bbb-45bb-90a7-cc5f36cb49d8",
      "messageNodes": [
        {
          "botMessageId": "3d4604df-d026-4d5e-a93f-e1dd3ce1137f",
          "nodeType": "BotMessageNode",
          "id": "ce89807f-c18c-4b75-95da-f2eaae62d0c1",
          "defaultTargetNodeId": "8ffc0e3c-85ad-4baf-9e9c-5b0524ccf8d7"
        },
        {
          "botMessageId": "029cbadb-6ab1-4a07-9c94-6e03d7d80576",
          "nodeType": "BotMessageNode",
          "id": "8ffc0e3c-85ad-4baf-9e9c-5b0524ccf8d7",
          "defaultTargetNodeId": "14eb8776-c6d8-4d90-add2-313f17dfe92b"
        },
        {
          "botMessageId": "7eb13700-e5fd-4502-9a1f-9aa26e21c0e7",
          "nodeType": "BotMessageNode",
          "id": "50a9ec25-1bbb-45bb-90a7-cc5f36cb49d8",
          "defaultTargetNodeId": "51240882-f439-43ab-8ebd-887824f34c5f"
        },
        {
          "botMessageId": "4c43a735-aad8-462e-b622-973aecbd02a7",
          "nodeType": "BotMessageNode",
          "id": "51240882-f439-43ab-8ebd-887824f34c5f",
          "defaultTargetNodeId": "ce89807f-c18c-4b75-95da-f2eaae62d0c1"
        }
      ],
      "dialogChangeNodes": [
        {
          "targetDialogId": "new_topic_d4ee79ce05584b519ee7d416fda7e2a3_aeabea4d071f415c8c107e1cb7af5424_assumedsuccess",
          "nodeType": "DialogChangeNode",
          "id": "14eb8776-c6d8-4d90-add2-313f17dfe92b"
        }
      ],
      "id": "new_topic_c7b870aa1b5b47b697a40a4dbab88030",
      "displayName": "Dialog for Jak goście mogą dołączyć do zespołu?",
      "createdTime": "2021-09-27T10:07:53.5509659Z",
      "updatedTime": "2021-10-11T15:07:07.6378509Z",
      "createdUserId": "28fac8cb-bec7-48c9-a688-5024cf318b8a",
      "updatedUserId": "28fac8cb-bec7-48c9-a688-5024cf318b8a"
    }
  ],
  "botMessages": [
    {
      "channelContent": {
        "web": {
          "contentFormat": "Markdown",
          "content": "Aby dodać gościa do swojego zespołu w aplikacji Teams: z lewego menu wybierz pozycję **Zespoły** i przejdź do swojego zespołu na liście zespołów. Wybierz pozycję **...** > **Dodaj członka**. Wprowadź adres e-mail gościa."
        }
      },
      "id": "3d4604df-d026-4d5e-a93f-e1dd3ce1137f",
      "createdTime": "2021-09-27T10:07:53.5509659Z",
      "updatedTime": "2021-09-27T10:07:53.5509659Z",
      "createdUserId": "28fac8cb-bec7-48c9-a688-5024cf318b8a",
      "updatedUserId": "28fac8cb-bec7-48c9-a688-5024cf318b8a"
    },
    {
      "channelContent": {
        "web": {
          "contentFormat": "Markdown",
          "content": "**UWAGA:**\n\nAdministrator środowiska może ograniczyć możliwość dodawania gości tylko do wybranych użytkowników lub administratorów."
        }
      },
      "id": "029cbadb-6ab1-4a07-9c94-6e03d7d80576",
      "createdTime": "2021-10-11T14:59:01.433Z",
      "updatedTime": "2021-10-11T14:59:01.433Z",
      "createdUserId": "user-0",
      "updatedUserId": "user-0"
    },
    {
      "channelContent": {
        "web": {
          "contentFormat": "Markdown",
          "content": "Warto obejrzeć [poradnik video jak dołączyć jako gość](https://support.microsoft.com/pl-PL/office/join-a-team-as-a-guest-928d1eef-61e2-49ec-b754-c2fe86b34824)."
        }
      },
      "id": "7eb13700-e5fd-4502-9a1f-9aa26e21c0e7",
      "createdTime": "2021-10-11T15:01:20.957Z",
      "updatedTime": "2021-10-11T15:01:20.957Z",
      "createdUserId": "user-0",
      "updatedUserId": "user-0"
    },
    {
      "channelContent": {
        "web": {
          "contentFormat": "Markdown",
          "content": "Gość dostaje powitalnego maila, który zawiera informacje na temat dołączenia do zespołu i [jakie będą wrażenia gościa](https://docs.microsoft.com/pl-PL/MicrosoftTeams/guest-experience)."
        }
      },
      "id": "4c43a735-aad8-462e-b622-973aecbd02a7",
      "createdTime": "2021-10-11T15:04:32.189Z",
      "updatedTime": "2021-10-11T15:04:32.189Z",
      "createdUserId": "user-0",
      "updatedUserId": "user-0"
    }
  ]
}