{
  "intents": [
    {
      "endUserOverrideName": "Maila till en teamskanal",
      "triggerQueries": [
        "Hur skickar jag ett mail till en kanal i teams?",
        "mejla till en kanal i teams",
        "Hur kan jag skicka ett e-postmeddelande till en kanal i teams?",
        "Är det möjligt att skicka ett e-postmeddelande från Outlook till en kanal?",
        "lägga till kanal som mottagare av mail",
        "cc:a en kanal i ett team",
        "maila till en teamskanal",
        "vidarebefordra mail till kanal",
        "skicka kopia av epost till teamskanal",
        "maila in till teamskanal",
        "Kan jag maila till en teamskanal?",
        "maila till en kanal i teams?",
        "cc:a en teamskanal i mail",
        "Hur kan jag cc:a en Teamskanal i ett mail?"
      ],
      "dialogId": "new_topic_d223fd6723a44d04a1b3b3c5fbb5e329",
      "isTriggeringEnabled": true,
      "id": "new_topic_d223fd6723a44d04a1b3b3c5fbb5e329",
      "displayName": "Hur skickar jag ett mail till en kanal i Teams?",
      "description": "",
      "createdTime": "2020-11-24T14:37:53.8220925Z",
      "updatedTime": "2020-12-09T11:20:30.5265386Z",
      "createdUserId": "f04d3cd9-b73d-4ba9-a1ed-9319eba29b21",
      "updatedUserId": "f04d3cd9-b73d-4ba9-a1ed-9319eba29b21"
    }
  ],
  "dialogs": [
    {
      "rootNodeId": "2a547cb4-433d-44f1-aeb9-b72e688293c3",
      "messageNodes": [
        {
          "botMessageId": "ae238f64-a5e4-4bcf-9b16-84996aee3880",
          "nodeType": "BotMessageNode",
          "id": "76b1e2c3-d09a-42dd-ae06-df7498c82e78",
          "defaultTargetNodeId": "39bcefb7-fcfa-4408-9b7a-95664c2b4a4a"
        },
        {
          "botMessageId": "e0e692e9-23db-4a34-8f60-539fa5a3c5c0",
          "nodeType": "BotMessageNode",
          "id": "39bcefb7-fcfa-4408-9b7a-95664c2b4a4a",
          "defaultTargetNodeId": "2a3ea6eb-1fcb-40f4-b1d1-5d3773c19f8c"
        },
        {
          "botMessageId": "f679d5bd-4112-464b-93df-a333c0bf512a",
          "nodeType": "BotMessageNode",
          "id": "2a547cb4-433d-44f1-aeb9-b72e688293c3",
          "defaultTargetNodeId": "76b1e2c3-d09a-42dd-ae06-df7498c82e78"
        }
      ],
      "dialogChangeNodes": [
        {
          "targetDialogId": "new_topic_84ec227c19784e7ba25cb34f4638f91e_aeabea4d071f415c8c107e1cb7af5424_assumedsuccess",
          "nodeType": "DialogChangeNode",
          "id": "2a3ea6eb-1fcb-40f4-b1d1-5d3773c19f8c"
        }
      ],
      "id": "new_topic_d223fd6723a44d04a1b3b3c5fbb5e329",
      "displayName": "Dialog for Hur kan jag cc:a en Teamskanal i ett mail?",
      "createdTime": "2020-11-24T14:37:53.8220925Z",
      "updatedTime": "2020-12-09T11:23:08.0995932Z",
      "createdUserId": "f04d3cd9-b73d-4ba9-a1ed-9319eba29b21",
      "updatedUserId": "f04d3cd9-b73d-4ba9-a1ed-9319eba29b21"
    }
  ],
  "botMessages": [
    {
      "channelContent": {
        "web": {
          "contentFormat": "Markdown",
          "content": "**Om du saknar denna knapp:**\n\nVarje kanal har en e-postadress och du kan [skicka e-postmeddelanden direkt till din Teams-kanal](https://support.microsoft.com/sv-se/office/skicka-e-post-till-en-kanal-i-teams-d91db004-d9d7-4a47-82e6-fb1b16dfd51e?ui=sv-se&rs=sv-se&ad=se). För att göra detta, hitta den kanal som du skulle vilja maila och klicka på kanalens namn. Välj fler alternativ och välj Hämta e-postadress och kopiera."
        }
      },
      "id": "ae238f64-a5e4-4bcf-9b16-84996aee3880",
      "createdTime": "2020-11-24T14:37:53.8220925Z",
      "updatedTime": "2020-11-24T14:37:53.8220925Z",
      "createdUserId": "f04d3cd9-b73d-4ba9-a1ed-9319eba29b21",
      "updatedUserId": "f04d3cd9-b73d-4ba9-a1ed-9319eba29b21"
    },
    {
      "channelContent": {
        "web": {
          "contentFormat": "Markdown",
          "content": "I Outlook, vidarebefordra ditt mail till kanalens e-postadress. \n\nDu kommer att se mailet i den kanal du skickar till. Ev. bifogade filer extraheras och sparas under Filer i kanalen.  \n \n\n**💡 Tips:** Du kan spara kanalens e-postadress i Outlook för att snabbt vidarebefordra alla mottagna e-postmeddelanden till den e-postadressen."
        }
      },
      "id": "e0e692e9-23db-4a34-8f60-539fa5a3c5c0",
      "createdTime": "2020-12-08T10:08:57.536Z",
      "updatedTime": "2020-12-08T10:08:57.536Z",
      "createdUserId": "user-0",
      "updatedUserId": "user-0"
    },
    {
      "channelContent": {
        "web": {
          "contentFormat": "Markdown",
          "content": "**Bäst:** Välj knappen ”Dela till Teams” direkt från ett meddelande i Outlook."
        }
      },
      "id": "f679d5bd-4112-464b-93df-a333c0bf512a",
      "createdTime": "2020-12-08T14:07:45.939Z",
      "updatedTime": "2020-12-08T14:07:45.939Z",
      "createdUserId": "user-0",
      "updatedUserId": "user-0"
    }
  ]
}