{
  "intents": [
    {
      "intentType": "Regular",
      "triggerQueries": [
        "I want to change the display image in my Team?",
        "How do I change the picture for my Team?",
        "Change your team's image?",
        "Change your team image",
        "change team picture",
        "replace the team image",
        "change photo of the team",
        "how do I upload a picture for the team?",
        "how do I change the team picture?",
        "Change your team's picture",
        "How do I change my team picture?"
      ],
      "dialogId": "new_topic_bc37ba4fd8054b0a9afa981b4ee7e030",
      "isTriggeringEnabled": true,
      "id": "new_topic_bc37ba4fd8054b0a9afa981b4ee7e030",
      "displayName": "How do I change my team picture?",
      "description": "https://adoptbotv2kb.blob.core.windows.net/%24web/AdoptBot2021-English.docx",
      "createdTime": "2021-01-13T22:20:51.2371466Z",
      "updatedTime": "2021-01-23T14:40:34.5266955Z",
      "createdUserId": "f04d3cd9-b73d-4ba9-a1ed-9319eba29b21",
      "updatedUserId": "f04d3cd9-b73d-4ba9-a1ed-9319eba29b21"
    }
  ],
  "dialogs": [
    {
      "rootNodeId": "f222af41-e541-4fa7-98ed-11acc1040ff4",
      "messageNodes": [
        {
          "botMessageId": "23f0e4d0-260c-4b66-b6ff-d2277747d108",
          "nodeType": "BotMessageNode",
          "id": "f222af41-e541-4fa7-98ed-11acc1040ff4",
          "defaultTargetNodeId": "f6a2135f-430c-469c-9b22-f806cebffc3f"
        }
      ],
      "dialogChangeNodes": [
        {
          "targetDialogId": "new_topic_eac3f49c99664313a9d9dc19d80a79a2_aeabea4d071f415c8c107e1cb7af5424_assumedsuccess",
          "nodeType": "DialogChangeNode",
          "id": "f6a2135f-430c-469c-9b22-f806cebffc3f"
        }
      ],
      "id": "new_topic_bc37ba4fd8054b0a9afa981b4ee7e030",
      "displayName": "Dialog for How do I change my team picture?",
      "createdTime": "2021-01-13T22:20:51.2371466Z",
      "updatedTime": "2021-01-27T11:15:32.116887Z",
      "createdUserId": "f04d3cd9-b73d-4ba9-a1ed-9319eba29b21",
      "updatedUserId": "f04d3cd9-b73d-4ba9-a1ed-9319eba29b21"
    }
  ],
  "botMessages": [
    {
      "channelContent": {
        "web": {
          "contentFormat": "Markdown",
          "content": "1.  Go to the team name and click **More options** (...) > **Manage team**.\n2.  In the Settings tab, click **Team picture** > **Change Picture**."
        }
      },
      "id": "23f0e4d0-260c-4b66-b6ff-d2277747d108",
      "createdTime": "2021-01-13T22:20:51.2371466Z",
      "updatedTime": "2021-01-13T22:20:51.2371466Z",
      "createdUserId": "f04d3cd9-b73d-4ba9-a1ed-9319eba29b21",
      "updatedUserId": "f04d3cd9-b73d-4ba9-a1ed-9319eba29b21"
    }
  ]
}