{
  "intents": [
    {
      "endUserOverrideName": "Was gibt's neues?",
      "triggerQueries": [
        "Wo finde ich die neuesten Nachrichten über Teams?",
        "Neueste Nachrichten in Teams?",
        "Wann erhalten wir neue Funktionen?",
        "Gibt es bald neue Updates?",
        "Sagen Sie mir, was in Teams neu ist?",
        "Wo werden all die Nachrichten veröffentlicht?",
        "Erzählen Sie mir von einigen Neuigkeiten in Teams",
        "Neueste Nachrichten in Teams App?",
        "Erfahren Sie mehr über die neuesten Updates in Teams?",
        "Was ist neu in Teams for Surface Hub?",
        "Neuerungen für MTR",
        "Neuerungen für Microsoft Teams Rooms",
        "Woher weiß ich, ob es neue Funktionen gibt?",
        "Finden Sie alle neuen Funktionen",
        "Siehe veröffentlichte Nachrichten",
        "Es gibt so viele neue Dinge, die in Teams auftauchen. Wo sehe ich das?",
        "Wo gibt es neuigkeiten?",
        "Zeigen Sie mir alle Neuigkeiten",
        "Neuerungen für Teams unter iOS",
        "Was ist neu für Teams auf dem iPhone?",
        "Was ist neu für Teams auf Android?",
        "Was gibt es Neues für Teams auf Mobilgeräten",
        "Was gibt es Neues in Teams",
        "Woher weiß ich, wann ein neues Feature eintrifft?",
        "Wo kann ich über Neuigkeiten für Teams lesen?",
        "Wo sehe ich all die neuen Funktionen?",
        "Finden Sie die neuesten Nachrichten über Teams",
        "Wann werden die neuen Funktionen veröffentlicht?",
        "Finden Sie die neuesten Nachrichten über Teams-Funktionen?"
      ],
      "dialogId": "new_topic_b29d3fc6b7e74bb49090b1cd077979e5",
      "isTriggeringEnabled": true,
      "id": "new_topic_b29d3fc6b7e74bb49090b1cd077979e5",
      "displayName": "Wo finde ich die neuesten Nachrichten über Teams?",
      "description": "",
      "createdTime": "2021-04-15T09:23:18.6103127Z",
      "updatedTime": "2021-04-22T06:29:50.5612879Z",
      "createdUserId": "d4c65e50-fb5c-4311-830a-05b59a11dd48",
      "updatedUserId": "86360cd1-faa6-4d16-8a0c-ba3116c8a977"
    }
  ],
  "dialogs": [
    {
      "rootNodeId": "8a493ea5-b0ae-469c-8254-f057121ed47d",
      "messageNodes": [
        {
          "botMessageId": "32d04ac4-b4e9-4b5e-a700-7462faf2b02f",
          "nodeType": "BotMessageNode",
          "id": "8a493ea5-b0ae-469c-8254-f057121ed47d",
          "defaultTargetNodeId": "ed27bd0a-8acd-4fea-bf1b-23112c558861"
        },
        {
          "botMessageId": "5529ae37-99ec-4fdf-921b-4b09cf22d883",
          "nodeType": "BotMessageNode",
          "id": "ed27bd0a-8acd-4fea-bf1b-23112c558861",
          "defaultTargetNodeId": "827844b2-0303-45f4-874c-986edf53940f"
        },
        {
          "botMessageId": "e5d98805-b0fe-4d22-a6ca-1579736c314e",
          "nodeType": "BotMessageNode",
          "id": "827844b2-0303-45f4-874c-986edf53940f",
          "defaultTargetNodeId": "51492b78-31e7-400c-b798-66dbaf08e2ab"
        }
      ],
      "dialogChangeNodes": [
        {
          "targetDialogId": "new_topic_30867099f4b543d3b8543a85c22c3418_aeabea4d071f415c8c107e1cb7af5424_assumedsuccess",
          "nodeType": "DialogChangeNode",
          "id": "51492b78-31e7-400c-b798-66dbaf08e2ab"
        }
      ],
      "id": "new_topic_b29d3fc6b7e74bb49090b1cd077979e5",
      "displayName": "Dialog for Wo finde ich die neuesten Nachrichten über Teams?",
      "createdTime": "2021-04-15T09:23:18.6103127Z",
      "updatedTime": "2021-04-19T12:48:26.465631Z",
      "createdUserId": "d4c65e50-fb5c-4311-830a-05b59a11dd48",
      "updatedUserId": "d4c65e50-fb5c-4311-830a-05b59a11dd48"
    }
  ],
  "botMessages": [
    {
      "channelContent": {
        "web": {
          "contentFormat": "Markdown",
          "content": "Schön, dass Sie neugierig sind {7bd4f62b-7262-40bc-8c63-8c540568cf6c}🙂\n\nGeben Sie einfach \"**/News**\" in die Suchleiste in Teams ein!\n\nSie können auch auf die **Schaltfläche Hilfe** in der Teams Desktop klicken oder \"**Was ist neu**\" in Ihrer Teams-App 📲 auswählen."
        }
      },
      "id": "32d04ac4-b4e9-4b5e-a700-7462faf2b02f",
      "createdTime": "2021-04-15T09:23:18.6093348Z",
      "updatedTime": "2021-04-15T09:23:18.6093348Z",
      "createdUserId": "d4c65e50-fb5c-4311-830a-05b59a11dd48",
      "updatedUserId": "d4c65e50-fb5c-4311-830a-05b59a11dd48"
    },
    {
      "channelContent": {
        "web": {
          "contentFormat": "Markdown",
          "content": "_Bitte beachten Sie!_\n\n_Möglicherweise hat sich Ihre Organisation entschieden, einige Funktionen zu deaktivieren._"
        }
      },
      "id": "5529ae37-99ec-4fdf-921b-4b09cf22d883",
      "createdTime": "2021-04-15T09:23:49.64Z",
      "updatedTime": "2021-04-15T09:23:49.64Z",
      "createdUserId": "user-0",
      "updatedUserId": "user-0"
    },
    {
      "channelContent": {
        "web": {
          "contentFormat": "Markdown",
          "content": "[Alle neuen aktivierten Funktionen werden auch hier kontinuierlich im Web veröffentlicht](https://support.microsoft.com/de-de/office/nyheter-i-microsoft-teams-d7092a6d-c896-424c-b362-a472d5f105de)\n\n_Wählen Sie aus, für welches Gerät Sie Neuigkeiten sehen möchten._"
        }
      },
      "id": "e5d98805-b0fe-4d22-a6ca-1579736c314e",
      "createdTime": "2021-04-15T09:23:52.137Z",
      "updatedTime": "2021-04-15T09:23:52.137Z",
      "createdUserId": "user-0",
      "updatedUserId": "user-0"
    }
  ]
}