{
  "intents": [
    {
      "triggerQueries": [
        "What happens when I mention someone by name in Teams?",
        "mention someone with @",
        "Name anyone with @mention?",
        "what happens when someone @ mentions me?",
        "Why use @name?",
        "@mention someone",
        "@name what does that mean?",
        "How does it work if someone mentions my name in Teams?",
        "What does it mean to be @mentioned?",
        "如果我在群組中用名字呼叫某人代表什麼",
        "@某人",
        "用@別人的名字",
        "有人@我的名字是會發生什麼?",
        "為何要@名字",
        "@別人",
        "@是什麼意思",
        "如果有人標註我的名字會如何",
        "被@是什麼意思"
      ],
      "dialogId": "new_topic_98b5058fdee54510b384c2afaae97e4f",
      "isTriggeringEnabled": true,
      "id": "new_topic_98b5058fdee54510b384c2afaae97e4f",
      "displayName": "被@代表什麼",
      "description": "https://adoptbotv2kb.blob.core.windows.net/%24web/AdoptBot2021-English.docx",
      "createdTime": "2021-11-17T06:46:36.0439491Z",
      "updatedTime": "2021-11-17T06:47:18.4664399Z",
      "createdUserId": "9c968d43-f7c2-4e28-895c-1f6bcefcd8be",
      "updatedUserId": "9c968d43-f7c2-4e28-895c-1f6bcefcd8be"
    }
  ],
  "dialogs": [
    {
      "rootNodeId": "fb4d1f8e-f706-42a7-9b21-c08862135db9",
      "messageNodes": [
        {
          "botMessageId": "fbe32c80-abbe-4826-af43-ef16fe7cddda",
          "nodeType": "BotMessageNode",
          "id": "fb4d1f8e-f706-42a7-9b21-c08862135db9",
          "defaultTargetNodeId": "d80c4e1c-0d6b-419f-adaf-cd23dd79f2a4"
        },
        {
          "botMessageId": "4c5a9f80-9799-4812-9085-9fcc347c39f9",
          "nodeType": "BotMessageNode",
          "id": "d80c4e1c-0d6b-419f-adaf-cd23dd79f2a4",
          "defaultTargetNodeId": "4361e58a-3b37-4fbe-95fc-f1d738e5dba4"
        },
        {
          "botMessageId": "015efb92-ecd5-4ad0-98b5-3b7b788b6f64",
          "nodeType": "BotMessageNode",
          "id": "4361e58a-3b37-4fbe-95fc-f1d738e5dba4",
          "defaultTargetNodeId": "99464310-5233-4804-a914-eab58e063d48"
        }
      ],
      "dialogChangeNodes": [
        {
          "targetDialogId": "new_topic_e2d1671328b941dbb60fa7150059b1ee_aeabea4d071f415c8c107e1cb7af5424_assumedsuccess",
          "nodeType": "DialogChangeNode",
          "id": "99464310-5233-4804-a914-eab58e063d48"
        }
      ],
      "id": "new_topic_98b5058fdee54510b384c2afaae97e4f",
      "displayName": "Dialog for 被@代表什麼",
      "createdTime": "2021-11-17T06:46:36.0439491Z",
      "updatedTime": "2021-11-17T06:47:18.4664399Z",
      "createdUserId": "9c968d43-f7c2-4e28-895c-1f6bcefcd8be",
      "updatedUserId": "9c968d43-f7c2-4e28-895c-1f6bcefcd8be"
    }
  ],
  "botMessages": [
    {
      "channelContent": {
        "web": {
          "contentFormat": "Markdown",
          "content": "被 @ 提及就像輕輕輕拍你的肩膀，一種在頻道對話或聊天中引起您注意的方式。[使用 @ 在 Teams 中引起某人的注意](https://support.microsoft.com/zh-tw/office/%E5%9C%A8-teams-%E4%B8%AD%E4%BD%BF%E7%94%A8-%E6%8F%90%E5%8F%8A%E7%8D%B2%E5%BE%97%E6%9F%90%E4%BA%BA%E7%9A%84%E6%B3%A8%E6%84%8F-eb4f059d-320e-454e-b111-03361d4d6855)"
        }
      },
      "id": "fbe32c80-abbe-4826-af43-ef16fe7cddda",
      "createdTime": "2021-11-17T06:46:36.0439491Z",
      "updatedTime": "2021-11-17T06:46:36.0439491Z",
      "createdUserId": "9c968d43-f7c2-4e28-895c-1f6bcefcd8be",
      "updatedUserId": "9c968d43-f7c2-4e28-895c-1f6bcefcd8be"
    },
    {
      "channelContent": {
        "web": {
          "contentFormat": "Markdown",
          "content": "**如果您想要 @提及某人**\n\n1.  在對話編輯框中輸入「 @」或某人的名字。\n2.  從顯示的功能表中選擇他們的名字。"
        }
      },
      "id": "4c5a9f80-9799-4812-9085-9fcc347c39f9",
      "createdTime": "2021-11-17T06:46:51.472Z",
      "updatedTime": "2021-11-17T06:46:51.472Z",
      "createdUserId": "user-0",
      "updatedUserId": "user-0"
    },
    {
      "channelContent": {
        "web": {
          "contentFormat": "Markdown",
          "content": "如果您曾經對於大量的 @ 感到有點**不知所措**，你隨時可以[過濾您的活動摘要](https://support.microsoft.com/zh-tw/office/%E6%8E%A2%E7%B4%A2-teams-%E4%B8%AD%E7%9A%84-%E6%B4%BB%E5%8B%95-%E6%91%98%E8%A6%81-91c635a1-644a-4c60-9c98-233db3e13a56)以解決他們。"
        }
      },
      "id": "015efb92-ecd5-4ad0-98b5-3b7b788b6f64",
      "createdTime": "2021-11-17T06:46:57.157Z",
      "updatedTime": "2021-11-17T06:46:57.157Z",
      "createdUserId": "user-0",
      "updatedUserId": "user-0"
    }
  ]
}