{
  "intents": [
    {
      "endUserOverrideName": "Kanal in einem Team erstellen",
      "triggerQueries": [
        "Kann jeder Kanäle anlegen?",
        "Wie kann ich verhindern, dass Benutzer Kanäle anlegen?",
        "wer kann kanäle anlegen?",
        "Add new channel",
        "Erstellen eines Kanals",
        "Neuen Kanal anlegen",
        "Wie erstelle ich einen Kanal in einem Team?",
        "Kanal in einem Team erstellen"
      ],
      "dialogId": "new_topic_4e59dc2a993e4af58b90d6d8b2af20aa",
      "isTriggeringEnabled": true,
      "id": "new_topic_4e59dc2a993e4af58b90d6d8b2af20aa",
      "displayName": "Wie erstelle ich einen Kanal in einem Team?",
      "description": "",
      "createdTime": "2021-04-19T07:00:10.3376619Z",
      "updatedTime": "2021-04-19T07:00:10.3376619Z",
      "createdUserId": "86360cd1-faa6-4d16-8a0c-ba3116c8a977"
    }
  ],
  "dialogs": [
    {
      "rootNodeId": "35adba3b-42da-4e23-af2e-81fd415aee98",
      "messageNodes": [
        {
          "botMessageId": "08d32288-2eb1-4a4a-b617-90b37dcc319a",
          "nodeType": "BotMessageNode",
          "id": "35adba3b-42da-4e23-af2e-81fd415aee98",
          "defaultTargetNodeId": "e7a06c6f-1b5a-4e94-bbe6-107bb0d959d0"
        },
        {
          "botMessageId": "21885f69-cfb9-45cf-b1f5-cd59bbb535b3",
          "nodeType": "BotMessageNode",
          "id": "e7a06c6f-1b5a-4e94-bbe6-107bb0d959d0",
          "defaultTargetNodeId": "d3f15377-5c76-41d2-bb64-808aa99c6862"
        },
        {
          "botMessageId": "b042980e-5f3a-4921-b267-272aa97a480f",
          "nodeType": "BotMessageNode",
          "id": "d3f15377-5c76-41d2-bb64-808aa99c6862",
          "defaultTargetNodeId": "887edfcd-4d16-4054-840b-1f039f14aab5"
        }
      ],
      "dialogChangeNodes": [
        {
          "targetDialogId": "new_topic_30867099f4b543d3b8543a85c22c3418_aeabea4d071f415c8c107e1cb7af5424_assumedsuccess",
          "nodeType": "DialogChangeNode",
          "id": "887edfcd-4d16-4054-840b-1f039f14aab5"
        }
      ],
      "id": "new_topic_4e59dc2a993e4af58b90d6d8b2af20aa",
      "displayName": "Dialog for Wie erstelle ich einen Kanal in einem Team?",
      "createdTime": "2021-04-19T07:00:10.3376619Z",
      "updatedTime": "2021-04-19T07:20:42.439946Z",
      "createdUserId": "86360cd1-faa6-4d16-8a0c-ba3116c8a977",
      "updatedUserId": "86360cd1-faa6-4d16-8a0c-ba3116c8a977"
    }
  ],
  "botMessages": [
    {
      "channelContent": {
        "web": {
          "contentFormat": "Markdown",
          "content": "Standardmäßig können alle Mitglieder eines Teams Kanäle erstellen.\n\nSuchen Sie den Teamnamen und klicken Sie auf **Weitere Optionen (...) > Kanal hinzufügen.**"
        }
      },
      "id": "08d32288-2eb1-4a4a-b617-90b37dcc319a",
      "createdTime": "2021-04-19T07:00:10.3376619Z",
      "updatedTime": "2021-04-19T07:00:10.3376619Z",
      "createdUserId": "86360cd1-faa6-4d16-8a0c-ba3116c8a977",
      "updatedUserId": "86360cd1-faa6-4d16-8a0c-ba3116c8a977"
    },
    {
      "channelContent": {
        "web": {
          "contentFormat": "Markdown",
          "content": "*   Ein Standardkanal ist für alle Mitglieder offen und alles, was gepostet wird, ist für andere durchsuchbar.\n*   Als **Teameigentümer** können Sie die Möglichkeit für Mitglieder, Kanäle zu erstellen, ein- oder ausschalten. Um diese Option zu sehen, gehen Sie zur Registerkarte \"**Einstellungen**\" des Teams.\n\nErfahren Sie weitere interessante Dinge über das [Erstellen von Kanälen in Teams.](https://support.microsoft.com/de-de/office/erstellen-eines-kanals-in-teams-fda0b75e-5b90-4fb8-8857-7e102b014525?ui=de-DE&rs=de-DE&ad=DE)"
        }
      },
      "id": "21885f69-cfb9-45cf-b1f5-cd59bbb535b3",
      "createdTime": "2021-04-19T07:00:34.485Z",
      "updatedTime": "2021-04-19T07:00:34.485Z",
      "createdUserId": "user-0",
      "updatedUserId": "user-0"
    },
    {
      "channelContent": {
        "web": {
          "contentFormat": "Markdown",
          "content": "💡 **Tipp**: Fügen Sie nur Kanäle hinzu, wenn es einen klaren Zweck, Bedarf und Wunsch gibt. Zu viele vorausgefüllte Kanäle können verwirrend wirken. Der Kanal \"Allgemein\" ist für viele Teams von großem Nutzen."
        }
      },
      "id": "b042980e-5f3a-4921-b267-272aa97a480f",
      "createdTime": "2021-04-19T07:20:18.731Z",
      "updatedTime": "2021-04-19T07:20:18.731Z",
      "createdUserId": "user-0",
      "updatedUserId": "user-0"
    }
  ]
}