<ImportExportXml version="9.2.23122.190" SolutionPackageVersion="9.2" languagecode="1033" generatedBy="CrmLive" xmlns:xsi="http://www.w3.org/2001/XMLSchema-instance">
  <SolutionManifest>
    <UniqueName>Cr3e5c4</UniqueName>
    <LocalizedNames>
      <LocalizedName description="Common Data Services Default Solution" languagecode="1033" />
    </LocalizedNames>
    <Descriptions />
    <Version>1.0.0.1</Version>
    <Managed>0</Managed>
    <Publisher>
      <UniqueName>Creffa2</UniqueName>
      <LocalizedNames>
        <LocalizedName description="CDS Default Publisher" languagecode="1033" />
      </LocalizedNames>
      <Descriptions />
      <EMailAddress xsi:nil="true"></EMailAddress>
      <SupportingWebsiteUrl xsi:nil="true"></SupportingWebsiteUrl>
      <CustomizationPrefix>cr333</CustomizationPrefix>
      <CustomizationOptionValuePrefix>77846</CustomizationOptionValuePrefix>
    </Publisher>
    <RootComponents />
    <MissingDependencies />
  </SolutionManifest>
</ImportExportXml>