{
  "intents": [
    {
      "endUserOverrideName": "Teams Meeting-Erlebnis anpassen",
      "triggerQueries": [
        "Kann ich die Meeting Experience verbessen?",
        "Meeting App erstellen",
        "spezielle Funktionen für Meetings",
        "zeige mir meeting plugins",
        "Mehr Features im Meeting",
        "Wie kann ich ein strukturiertes Meeting abhalten?",
        "Wie kann ich Apps in einem Meeting nutzen?",
        "meeting apps in teams",
        "meeting apps",
        "Wie kann ich weitere Funktionen zu einem Meeting hinzufügen?",
        "Wie passe ich die Einstellungen für ein Meeting an?",
        "Kann ich die Meeting Einstellungen anpassen?",
        "Teams apps in meetings"
      ],
      "dialogId": "new_topic_2998f71192fb4ee894850d0dff66e55d",
      "isTriggeringEnabled": true,
      "id": "new_topic_2998f71192fb4ee894850d0dff66e55d",
      "displayName": "Kann ich das Meeting-Erlebnis in Teams anpassen?",
      "description": "https://adoptbotv2kb.blob.core.windows.net/%24web/AdoptBot2021-English.docx",
      "createdTime": "2021-04-18T17:31:15.2897295Z",
      "updatedTime": "2021-04-18T17:31:15.2897295Z",
      "createdUserId": "86360cd1-faa6-4d16-8a0c-ba3116c8a977"
    }
  ],
  "dialogs": [
    {
      "rootNodeId": "c8557122-fb7d-47f8-ae0b-78219e68fe82",
      "messageNodes": [
        {
          "botMessageId": "fcf2e2ac-e5bc-44a0-8075-60029ad2ad76",
          "nodeType": "BotMessageNode",
          "id": "c8557122-fb7d-47f8-ae0b-78219e68fe82",
          "defaultTargetNodeId": "86ab3ee3-26e9-4c13-81e9-046d1802558d"
        },
        {
          "botMessageId": "a08bbea4-d850-4f27-b22b-ec893571ef5d",
          "nodeType": "BotMessageNode",
          "id": "86ab3ee3-26e9-4c13-81e9-046d1802558d",
          "defaultTargetNodeId": "f113468f-a51f-4075-b7f2-96c1fa41597a"
        }
      ],
      "dialogChangeNodes": [
        {
          "targetDialogId": "new_topic_30867099f4b543d3b8543a85c22c3418_aeabea4d071f415c8c107e1cb7af5424_assumedsuccess",
          "nodeType": "DialogChangeNode",
          "id": "f113468f-a51f-4075-b7f2-96c1fa41597a"
        }
      ],
      "id": "new_topic_2998f71192fb4ee894850d0dff66e55d",
      "displayName": "Dialog for Kann ich das Meeting-Erlebnis in Teams anpassen?",
      "createdTime": "2021-04-18T17:31:15.2897295Z",
      "updatedTime": "2021-04-18T17:34:15.7641705Z",
      "createdUserId": "86360cd1-faa6-4d16-8a0c-ba3116c8a977",
      "updatedUserId": "86360cd1-faa6-4d16-8a0c-ba3116c8a977"
    }
  ],
  "botMessages": [
    {
      "channelContent": {
        "web": {
          "contentFormat": "Markdown",
          "content": "Es sind verschiedene Apps für Teams-Meetings verfügbar. Mit ihnen können Sie das Meeting-Erlebnis an Ihre Bedürfnisse anpassen. [Sehen Sie sich Apps an, die Teams-Meetings verbessern.](https://www.microsoft.com/de-de/microsoft-teams/meetings-apps)"
        }
      },
      "id": "fcf2e2ac-e5bc-44a0-8075-60029ad2ad76",
      "createdTime": "2021-04-18T17:31:15.2897295Z",
      "updatedTime": "2021-04-18T17:31:15.2897295Z",
      "createdUserId": "86360cd1-faa6-4d16-8a0c-ba3116c8a977",
      "updatedUserId": "86360cd1-faa6-4d16-8a0c-ba3116c8a977"
    },
    {
      "channelContent": {
        "web": {
          "contentFormat": "Markdown",
          "content": "**Wenn Sie ein Entwickler sind**, können Sie Ihre eigene [App für Teams-Meetings erstellen](https://docs.microsoft.com/de-de/microsoftteams/platform/apps-in-teams-meetings/teams-apps-in-meetings)."
        }
      },
      "id": "a08bbea4-d850-4f27-b22b-ec893571ef5d",
      "createdTime": "2021-04-18T17:32:09.038Z",
      "updatedTime": "2021-04-18T17:32:09.038Z",
      "createdUserId": "user-0",
      "updatedUserId": "user-0"
    }
  ],
  "createdUtc": "0001-01-01T00:00:00Z"
}