{
  "intents": [
    {
      "triggerQueries": [
        "Was ist ein Teambesitzer?",
        "Administrator für ein Team?",
        "Wie werde ich Teambesitzer?",
        "Was kann ein Teambesitzer tun?",
        "Welche Rolle spielt ein Teambesitzer?",
        "Wer ist Teambesitzer?",
        "Was bedeutet Teambesitzer?",
        "Teambesitzer"
      ],
      "dialogId": "new_topic_dc18094126f140e78277062f4db22f6b",
      "isTriggeringEnabled": true,
      "id": "new_topic_dc18094126f140e78277062f4db22f6b",
      "displayName": "Was ist ein Teambesitzer?",
      "description": "",
      "createdTime": "2021-04-16T07:40:16.28028Z",
      "updatedTime": "2021-04-16T07:40:16.28028Z",
      "createdUserId": "d4c65e50-fb5c-4311-830a-05b59a11dd48"
    }
  ],
  "dialogs": [
    {
      "rootNodeId": "0d7d46d3-791d-452c-af9a-33039e827aac",
      "messageNodes": [
        {
          "botMessageId": "e937c4e1-bf1f-49ed-a1b6-e2b44ad0e37b",
          "nodeType": "BotMessageNode",
          "id": "0d7d46d3-791d-452c-af9a-33039e827aac",
          "defaultTargetNodeId": "ac92bc04-26f6-4b34-9542-be4c47b1379b"
        },
        {
          "botMessageId": "9d46f169-23ae-4152-99b9-a0f5613130c8",
          "nodeType": "BotMessageNode",
          "id": "ac92bc04-26f6-4b34-9542-be4c47b1379b",
          "defaultTargetNodeId": "7c3a7564-e9d6-4588-9ed0-d215633112fb"
        },
        {
          "botMessageId": "4c30b886-2bc9-4698-9ef1-f67628b683f3",
          "nodeType": "BotMessageNode",
          "id": "7c3a7564-e9d6-4588-9ed0-d215633112fb",
          "defaultTargetNodeId": "e77c2369-5b0c-4964-972e-8288d15ccc57"
        },
        {
          "botMessageId": "d40a543e-335b-413a-95f1-cb0e399512c1",
          "nodeType": "BotMessageNode",
          "id": "e77c2369-5b0c-4964-972e-8288d15ccc57",
          "defaultTargetNodeId": "aedc6de8-3299-447e-a184-8bc8978ba908"
        }
      ],
      "dialogChangeNodes": [
        {
          "targetDialogId": "new_topic_30867099f4b543d3b8543a85c22c3418_aeabea4d071f415c8c107e1cb7af5424_assumedsuccess",
          "nodeType": "DialogChangeNode",
          "id": "aedc6de8-3299-447e-a184-8bc8978ba908"
        }
      ],
      "id": "new_topic_dc18094126f140e78277062f4db22f6b",
      "displayName": "Dialog for Was ist ein Teambesitzer?",
      "createdTime": "2021-04-16T07:40:16.28028Z",
      "updatedTime": "2021-04-16T07:43:04.0325145Z",
      "createdUserId": "d4c65e50-fb5c-4311-830a-05b59a11dd48",
      "updatedUserId": "d4c65e50-fb5c-4311-830a-05b59a11dd48"
    }
  ],
  "botMessages": [
    {
      "channelContent": {
        "web": {
          "contentFormat": "Markdown",
          "content": "Der **Teambesitzer** ist die Person, die das Team erstellt und/oder verwaltet. Teambesitzer können Mitglieder ihres Teams zu Teambesitzern machen, wenn sie sie zum Team einladen oder jederzeit, nachdem sie dem Team beigetreten sind."
        }
      },
      "id": "e937c4e1-bf1f-49ed-a1b6-e2b44ad0e37b",
      "createdTime": "2021-04-16T07:40:16.28028Z",
      "updatedTime": "2021-04-16T07:40:16.28028Z",
      "createdUserId": "d4c65e50-fb5c-4311-830a-05b59a11dd48",
      "updatedUserId": "d4c65e50-fb5c-4311-830a-05b59a11dd48"
    },
    {
      "channelContent": {
        "web": {
          "contentFormat": "Markdown",
          "content": "Mit mehreren Teambesitzern können Sie die Verantwortung für die Verwaltung von Einstellungen und Mitgliedschaften, einschließlich Einladungen, teilen."
        }
      },
      "id": "9d46f169-23ae-4152-99b9-a0f5613130c8",
      "createdTime": "2021-04-16T07:40:28.681Z",
      "updatedTime": "2021-04-16T07:40:28.681Z",
      "createdUserId": "user-0",
      "updatedUserId": "user-0"
    },
    {
      "channelContent": {
        "web": {
          "contentFormat": "Markdown",
          "content": "Achten Sie darauf, mindestens zwei Besitzer pro Team zu haben. Dies garantiert einen Backup-Kontakt für den Fall, dass einer der Besitzer nicht verfügbar ist."
        }
      },
      "id": "4c30b886-2bc9-4698-9ef1-f67628b683f3",
      "createdTime": "2021-04-16T07:40:31.054Z",
      "updatedTime": "2021-04-16T07:40:31.054Z",
      "createdUserId": "user-0",
      "updatedUserId": "user-0"
    },
    {
      "channelContent": {
        "web": {
          "contentFormat": "Markdown",
          "content": "💡 Tipp:\n\nAls Eigentümer können Sie:\n\n*   fügen Sie ein Teambild hinzu,\n*   Festlegen von Berechtigungen für Teammitglieder zum Erstellen von Kanälen\n*   Hinzufügen von Registerkarten\n*   @mention das gesamte Team oder den Kanal\n*   Kontrolle der Verwendung von GIFs, Aufklebern und Memes (empfohlen ON)"
        }
      },
      "id": "d40a543e-335b-413a-95f1-cb0e399512c1",
      "createdTime": "2021-04-16T07:40:33.282Z",
      "updatedTime": "2021-04-16T07:40:33.282Z",
      "createdUserId": "user-0",
      "updatedUserId": "user-0"
    }
  ]
}