{
  "intents": [
    {
      "triggerQueries": [
        "Gdzie mogę znaleźć opcję zmiany nazwy zespołu?",
        "zmień nazwę mojego zespołu",
        "zmień nazwę zespołu",
        "Chcę zmienić nazwę wyświetlaną mojego zespołu?",
        "Jak zmienić nazwę zespołu?",
        "Zmiana nazwy zespołu",
        "Jak zmienić nazwę mojego zespołu?"
      ],
      "dialogId": "new_topic_c6c4bd9ad6df44e990d1907465dabbc4",
      "isTriggeringEnabled": true,
      "id": "new_topic_c6c4bd9ad6df44e990d1907465dabbc4",
      "displayName": "Jak zmienić nazwę mojego zespołu?",
      "description": "",
      "createdTime": "2021-09-26T17:46:05.5149916Z",
      "updatedTime": "2021-10-24T19:05:16.1202669Z",
      "createdUserId": "28fac8cb-bec7-48c9-a688-5024cf318b8a",
      "updatedUserId": "28fac8cb-bec7-48c9-a688-5024cf318b8a"
    }
  ],
  "dialogs": [
    {
      "rootNodeId": "028a50a8-ae26-49dc-87e7-41a5789f0237",
      "messageNodes": [
        {
          "botMessageId": "9d52b006-5e09-47cb-b874-df15a75dcdce",
          "nodeType": "BotMessageNode",
          "id": "028a50a8-ae26-49dc-87e7-41a5789f0237",
          "defaultTargetNodeId": "834997cf-84b1-432f-a95a-99eefbb92a1b"
        },
        {
          "botMessageId": "438a8e6f-9e44-4efb-ae8e-e3c46b77d071",
          "nodeType": "BotMessageNode",
          "id": "834997cf-84b1-432f-a95a-99eefbb92a1b",
          "defaultTargetNodeId": "ca6d2d61-22a7-475b-aefd-70b5dfdcd848"
        }
      ],
      "dialogChangeNodes": [
        {
          "targetDialogId": "new_topic_d4ee79ce05584b519ee7d416fda7e2a3_aeabea4d071f415c8c107e1cb7af5424_assumedsuccess",
          "nodeType": "DialogChangeNode",
          "id": "ca6d2d61-22a7-475b-aefd-70b5dfdcd848"
        }
      ],
      "id": "new_topic_c6c4bd9ad6df44e990d1907465dabbc4",
      "displayName": "Dialog for Jak zmienić nazwę mojego zespołu?",
      "createdTime": "2021-09-26T17:46:05.5149916Z",
      "updatedTime": "2021-10-24T19:06:55.8985282Z",
      "createdUserId": "28fac8cb-bec7-48c9-a688-5024cf318b8a",
      "updatedUserId": "28fac8cb-bec7-48c9-a688-5024cf318b8a"
    }
  ],
  "botMessages": [
    {
      "channelContent": {
        "web": {
          "contentFormat": "Markdown",
          "content": "Przejdź do widoku Zespoły klienta Teams. Z listy zespołów wybierz nazwę zespołu, którego jesteś właścicielem i kliknij pozycję **...** > **Edytuj** **zespół**. Otworzy się okno dialogowe, w którym można ustawić nową nazwę zespołu, opis i ustawienia prywatności."
        }
      },
      "id": "9d52b006-5e09-47cb-b874-df15a75dcdce",
      "createdTime": "2021-09-26T17:46:05.5149916Z",
      "updatedTime": "2021-09-26T17:46:05.5149916Z",
      "createdUserId": "28fac8cb-bec7-48c9-a688-5024cf318b8a",
      "updatedUserId": "28fac8cb-bec7-48c9-a688-5024cf318b8a"
    },
    {
      "channelContent": {
        "web": {
          "contentFormat": "Markdown",
          "content": "Jeżeli w organizacji są włączone [etykiety prywatności dla Microsoft Teams](https://docs.microsoft.com/pl-PL/microsoft-365/compliance/sensitivity-labels-teams-groups-sites?view=o365-worldwide), to dodatkowo można ustawić odpowiednią etykietę dla zespołu. Nie ulegnie zmianie nazwa witryny Sharepoint powiązanej z naszym zespołem."
        }
      },
      "id": "438a8e6f-9e44-4efb-ae8e-e3c46b77d071",
      "createdTime": "2021-10-24T19:06:21.232Z",
      "updatedTime": "2021-10-24T19:06:21.232Z",
      "createdUserId": "user-0",
      "updatedUserId": "user-0"
    }
  ]
}