{
  "intents": [
    {
      "triggerQueries": [
        "Member 멤버 역할 Team 팀 소유자 관리자 승격",
        "Team 팀 멤버 팀 소유자 할당 어떻게",
        "팀 소유자 추가 어떻게",
        "다른 Team 팀 소유자 추가",
        "Team 팀 소유자 더 추가",
        "Member 멤버 소유자 변경",
        "Team 팀 소유자 관리자 추가",
        "Team 팀 두 명 소유자 관리자",
        "팀 소유자를 추가하려면 어떻게 해야 합니까?"
      ],
      "dialogId": "new_topic_7d167d6b0e05486eb5a04bfe6341b49a",
      "isTriggeringEnabled": true,
      "id": "new_topic_7d167d6b0e05486eb5a04bfe6341b49a",
      "displayName": "팀 소유자를 추가하려면 어떻게 해야 합니까?",
      "description": "https://adoptbotv2kb.blob.core.windows.net/%24web/adoptbot2021-Korean.docx",
      "createdTime": "2021-03-18T03:39:18.7466553Z",
      "updatedTime": "2021-04-06T06:04:16.7625887Z",
      "createdUserId": "e47109d8-0300-4e59-a90d-56bb29886c9e",
      "updatedUserId": "e47109d8-0300-4e59-a90d-56bb29886c9e"
    }
  ],
  "dialogs": [
    {
      "rootNodeId": "9e2f87aa-97db-4452-9227-0dae8ac490ac",
      "messageNodes": [
        {
          "botMessageId": "6e0d3751-9c71-4e63-829a-9c203c52a76b",
          "nodeType": "BotMessageNode",
          "id": "d95ec3eb-2fc7-4ac5-91e2-9d57ea15a707",
          "defaultTargetNodeId": "7aef635d-2b3d-479c-b83e-5f149b9d4202"
        },
        {
          "botMessageId": "788b1440-7715-4927-8ea0-895c7ede3a1c",
          "nodeType": "BotMessageNode",
          "id": "9e2f87aa-97db-4452-9227-0dae8ac490ac",
          "defaultTargetNodeId": "d95ec3eb-2fc7-4ac5-91e2-9d57ea15a707"
        }
      ],
      "dialogChangeNodes": [
        {
          "targetDialogId": "new_topic_2bf23930c1d146129dfe38bacb94ccd0_aeabea4d071f415c8c107e1cb7af5424_assumedsuccess",
          "nodeType": "DialogChangeNode",
          "id": "7aef635d-2b3d-479c-b83e-5f149b9d4202"
        }
      ],
      "id": "new_topic_7d167d6b0e05486eb5a04bfe6341b49a",
      "displayName": "Dialog for 팀 소유자를 추가하려면 어떻게 해야 합니까?",
      "createdTime": "2021-03-18T03:39:18.7466553Z",
      "updatedTime": "2021-04-06T06:01:04.0630435Z",
      "createdUserId": "e47109d8-0300-4e59-a90d-56bb29886c9e",
      "updatedUserId": "e47109d8-0300-4e59-a90d-56bb29886c9e"
    }
  ],
  "botMessages": [
    {
      "channelContent": {
        "web": {
          "contentFormat": "Markdown",
          "content": "💡 **팁**: 팀당 최소 두 명의 소유자가 있어야 합니다. 이렇게 하면 소유자 중 한 명이 부재 중 백업 연락처가 됩니다."
        }
      },
      "id": "6e0d3751-9c71-4e63-829a-9c203c52a76b",
      "createdTime": "2021-03-18T03:39:18.7466553Z",
      "updatedTime": "2021-03-18T03:39:18.7466553Z",
      "createdUserId": "e47109d8-0300-4e59-a90d-56bb29886c9e",
      "updatedUserId": "e47109d8-0300-4e59-a90d-56bb29886c9e"
    },
    {
      "channelContent": {
        "web": {
          "contentFormat": "Markdown",
          "content": "[**누군가를 팀 소유자로 만들기**](https://support.microsoft.com/ko-kr/office/make-someone-a-team-owner-09eb80c1-9f3b-4f6c-b6c0-45555d46ee2a)\n\n1.  당신이 만든 팀을 찾고, 기타 옵션(…) > 팀 관리 메뉴를 클릭합니다.\n2.  멤버 탭으로 이동합니다. \n3.  팀 소유자로 지정하려는 사람들을 찾습니다.\n4.  역할에서 소유자를 클릭합니다."
        }
      },
      "id": "788b1440-7715-4927-8ea0-895c7ede3a1c",
      "createdTime": "2021-04-06T05:59:02.734Z",
      "updatedTime": "2021-04-06T05:59:02.734Z",
      "createdUserId": "user-0",
      "updatedUserId": "user-0"
    }
  ],
  "createdUtc": "0001-01-01T00:00:00Z"
}