{
  "intents": [
    {
      "triggerQueries": [
        "Kan jeg gjenopprette en slettet OneDrive fil?",
        "Gjenopprett en slettet OneDrive fil i Teams"
      ],
      "dialogId": "new_topic_83d89bdd874e4baeb845bfdc9b662633",
      "isTriggeringEnabled": true,
      "id": "new_topic_83d89bdd874e4baeb845bfdc9b662633",
      "displayName": "Gjenopprett en slettet OneDrive fil i Teams",
      "description": "",
      "createdTime": "2021-04-10T08:28:10.8541152Z",
      "updatedTime": "2021-04-10T08:28:10.8541152Z",
      "createdUserId": "ef0c8b9a-eff1-49f8-92fa-fd1d3e15e1ba"
    }
  ],
  "dialogs": [
    {
      "rootNodeId": "f749e334-5697-423a-8b9c-c7677b6c7561",
      "messageNodes": [
        {
          "botMessageId": "b3758315-ee20-461a-84a8-674ffeb2f2f6",
          "nodeType": "BotMessageNode",
          "id": "f749e334-5697-423a-8b9c-c7677b6c7561",
          "defaultTargetNodeId": "a82ddb98-ee81-4315-8fa0-ca54896cf72c"
        }
      ],
      "dialogChangeNodes": [
        {
          "targetDialogId": "new_topic_89c49d37fd4c4c1c9144396960733ce1_aeabea4d071f415c8c107e1cb7af5424_assumedsuccess",
          "nodeType": "DialogChangeNode",
          "id": "a82ddb98-ee81-4315-8fa0-ca54896cf72c"
        }
      ],
      "id": "new_topic_83d89bdd874e4baeb845bfdc9b662633",
      "displayName": "Dialog for Gjenopprett en slettet OneDrive fil i Teams",
      "createdTime": "2021-04-10T08:28:10.8541152Z",
      "updatedTime": "2021-04-10T08:28:40.5111927Z",
      "createdUserId": "ef0c8b9a-eff1-49f8-92fa-fd1d3e15e1ba",
      "updatedUserId": "ef0c8b9a-eff1-49f8-92fa-fd1d3e15e1ba"
    }
  ],
  "botMessages": [
    {
      "channelContent": {
        "web": {
          "contentFormat": "Markdown",
          "content": "For å gjenopprette en slettet OneDrive-fil i Teams\n\n1.  Åpne **Filer** på venstre side av Teams, og velg deretter **OneDrive.**\n2.  Velg **Åpne i OneDrive** øverst på siden.\n3.  Velg papirkurven til venstre på siden i OneDrive, velg filen du vil gjenopprette, og velg deretter **Gjenopprett** øverst på siden."
        }
      },
      "id": "b3758315-ee20-461a-84a8-674ffeb2f2f6",
      "createdTime": "2021-04-10T08:28:10.8541152Z",
      "updatedTime": "2021-04-10T08:28:10.8541152Z",
      "createdUserId": "ef0c8b9a-eff1-49f8-92fa-fd1d3e15e1ba",
      "updatedUserId": "ef0c8b9a-eff1-49f8-92fa-fd1d3e15e1ba"
    }
  ],
  "createdUtc": "0001-01-01T00:00:00Z"
}