{
  "intents": [
    {
      "endUserOverrideName": "Meeting aufzeichnen",
      "triggerQueries": [
        "Meeting aufnehmen",
        "Meeting aufzeichnen",
        "Aufzeichnung",
        "Meeting Aufzeichnung starten",
        "Zeichne unser Meeting auf",
        "Wie starte ich die Aufnahme?",
        "I möchte mein Meeting aufzeichnen",
        "aufnehmen",
        "Wie kann ich ein Meeting aufzeichnen?"
      ],
      "dialogId": "new_topic_76760daaf0e241b797920ceddb4c37ac",
      "isTriggeringEnabled": true,
      "id": "new_topic_76760daaf0e241b797920ceddb4c37ac",
      "displayName": "Wie kann ich ein Meeting aufzeichnen?",
      "description": "https://adoptbotv2kb.blob.core.windows.net/%24web/AdoptBot2021-English.docx",
      "createdTime": "2021-04-18T20:23:03.1648712Z",
      "updatedTime": "2021-04-18T20:23:03.1648712Z",
      "createdUserId": "86360cd1-faa6-4d16-8a0c-ba3116c8a977"
    }
  ],
  "dialogs": [
    {
      "rootNodeId": "f8829ddc-bf5e-4cfa-b837-d82f38aae9f1",
      "messageNodes": [
        {
          "botMessageId": "9cc2eab1-94bf-45d1-9c83-75aab8c3fbf5",
          "nodeType": "BotMessageNode",
          "id": "f8829ddc-bf5e-4cfa-b837-d82f38aae9f1",
          "defaultTargetNodeId": "ef2ec257-f743-42ee-968a-0a8e64642c8e"
        },
        {
          "botMessageId": "84713bf3-3a06-4cf6-aa34-65484e48e128",
          "nodeType": "BotMessageNode",
          "id": "ef2ec257-f743-42ee-968a-0a8e64642c8e",
          "defaultTargetNodeId": "1e6bd25c-897f-40d4-9bf1-eec52012341c"
        }
      ],
      "dialogChangeNodes": [
        {
          "targetDialogId": "new_topic_30867099f4b543d3b8543a85c22c3418_aeabea4d071f415c8c107e1cb7af5424_assumedsuccess",
          "nodeType": "DialogChangeNode",
          "id": "1e6bd25c-897f-40d4-9bf1-eec52012341c"
        }
      ],
      "id": "new_topic_76760daaf0e241b797920ceddb4c37ac",
      "displayName": "Dialog for Wie kann ich ein Meeting aufzeichnen?",
      "createdTime": "2021-04-18T20:23:03.1648712Z",
      "updatedTime": "2021-04-18T20:24:45.6862334Z",
      "createdUserId": "86360cd1-faa6-4d16-8a0c-ba3116c8a977",
      "updatedUserId": "86360cd1-faa6-4d16-8a0c-ba3116c8a977"
    }
  ],
  "botMessages": [
    {
      "channelContent": {
        "web": {
          "contentFormat": "Markdown",
          "content": "Um ein Meeting aufzuzeichnen, müssen Sie das Meeting starten oder ihm beitreten."
        }
      },
      "id": "9cc2eab1-94bf-45d1-9c83-75aab8c3fbf5",
      "createdTime": "2021-04-18T20:23:03.1628699Z",
      "updatedTime": "2021-04-18T20:23:03.1628699Z",
      "createdUserId": "86360cd1-faa6-4d16-8a0c-ba3116c8a977",
      "updatedUserId": "86360cd1-faa6-4d16-8a0c-ba3116c8a977"
    },
    {
      "channelContent": {
        "web": {
          "contentFormat": "Markdown",
          "content": "So starten Sie die Aufzeichnung eines Meetings:\n\n1.  Wählen Sie in Ihren Meeting-Steuerelementen **\"Weitere Optionen\"** (...) und wählen Sie **\"Aufzeichnung starten\"**.\n2.  Alle Teilnehmer des Meetings werden darüber informiert, dass die Aufzeichnung begonnen hat, und eine Meldung im Chat bestätigt dies.\n3.  **Beenden Sie die Aufzeichnung** auf die gleiche Weise.\n\nLesen Sie hier mehr: [Aufzeichnen einer Besprechung in Microsoft Teams](https://support.microsoft.com/de-de/office/aufzeichnen-einer-besprechung-in-microsoft-teams-34dfbe7f-b07d-4a27-b4c6-de62f1348c24?ui=de-DE&rs=de-DE&ad=DE)"
        }
      },
      "id": "84713bf3-3a06-4cf6-aa34-65484e48e128",
      "createdTime": "2021-04-18T20:23:20.915Z",
      "updatedTime": "2021-04-18T20:23:20.915Z",
      "createdUserId": "user-0",
      "updatedUserId": "user-0"
    }
  ],
  "createdUtc": "0001-01-01T00:00:00Z"
}