{
  "intents": [
    {
      "endUserOverrideName": "Senden von E-Mails an einen Teamkanal",
      "triggerQueries": [
        "Wie sende ich eine E-Mail an einen Kanal in Teams?",
        "E-Mail an Kanal senden",
        "E-Mail an einen Kanal",
        "Wie kann ich eine E-Mail an einen Kanal in Teams senden?",
        "Kann ich E-Mails an ein Team weiterleiten?",
        "Weiterleiten von E-Mails an einen Teams-Kanal",
        "Senden von E-Mails an einen Teamkanal",
        "Freigabe für Teams-Schaltfläche",
        "Freigeben von Webinhalten für Teams",
        "Entwickler fügen Freigabe zu Teams auf Webseite hinzu",
        "Hinzufügen von Freigaben zu Teams zum Intranet",
        "Können Emails von Gmail an Teams weitergeleitet werden?"
      ],
      "dialogId": "new_topic_d19cad75f0564095b3e16d5b673b3e6b",
      "isTriggeringEnabled": true,
      "id": "new_topic_d19cad75f0564095b3e16d5b673b3e6b",
      "displayName": "Wie sende ich eine E-Mail an einen Kanal in Teams?",
      "description": "",
      "createdTime": "2021-04-19T07:37:15.3055928Z",
      "updatedTime": "2021-04-19T07:44:13.1225325Z",
      "createdUserId": "d4c65e50-fb5c-4311-830a-05b59a11dd48"
    }
  ],
  "dialogs": [
    {
      "rootNodeId": "8810d47e-df5f-4853-946f-aae3e87354c9",
      "messageNodes": [
        {
          "botMessageId": "fcd91255-d0f2-4a67-b0a3-fc6045d06248",
          "nodeType": "BotMessageNode",
          "id": "8810d47e-df5f-4853-946f-aae3e87354c9",
          "defaultTargetNodeId": "ec648ded-fa7d-4d2c-bb82-2b37a02ceb5b"
        },
        {
          "botMessageId": "01f82ade-6588-454c-9850-f61adce229be",
          "nodeType": "BotMessageNode",
          "id": "ec648ded-fa7d-4d2c-bb82-2b37a02ceb5b",
          "defaultTargetNodeId": "b00a5994-31fc-419e-9b80-93049bb88e9c"
        },
        {
          "botMessageId": "980cbc7f-b51b-4103-92b1-7bcc267e1c86",
          "nodeType": "BotMessageNode",
          "id": "b00a5994-31fc-419e-9b80-93049bb88e9c",
          "defaultTargetNodeId": "e906abfd-39e6-4964-93b0-0de30941e94a"
        },
        {
          "botMessageId": "45e9e484-92c8-468c-9673-923569383336",
          "nodeType": "BotMessageNode",
          "id": "e906abfd-39e6-4964-93b0-0de30941e94a",
          "defaultTargetNodeId": "335a8fe4-9192-4c88-a163-fdd859bd67da"
        },
        {
          "botMessageId": "dbd9dd6f-6134-4e0d-ba52-3239c7ff4400",
          "nodeType": "BotMessageNode",
          "id": "335a8fe4-9192-4c88-a163-fdd859bd67da",
          "defaultTargetNodeId": "531eaf1d-2538-4e6c-b038-d08b18f238e4"
        },
        {
          "botMessageId": "3eec1d61-f400-4e18-98db-8039a567f34f",
          "nodeType": "BotMessageNode",
          "id": "531eaf1d-2538-4e6c-b038-d08b18f238e4",
          "defaultTargetNodeId": "f585df9c-a4a4-4fa8-914d-41b0343c5efb"
        }
      ],
      "dialogChangeNodes": [
        {
          "targetDialogId": "new_topic_30867099f4b543d3b8543a85c22c3418_aeabea4d071f415c8c107e1cb7af5424_assumedsuccess",
          "nodeType": "DialogChangeNode",
          "id": "f585df9c-a4a4-4fa8-914d-41b0343c5efb"
        }
      ],
      "id": "new_topic_d19cad75f0564095b3e16d5b673b3e6b",
      "displayName": "Dialog for Wie sende ich eine E-Mail an einen Kanal in Teams?",
      "createdTime": "2021-04-19T07:37:15.3055928Z",
      "updatedTime": "2021-04-19T07:45:05.8109177Z",
      "createdUserId": "d4c65e50-fb5c-4311-830a-05b59a11dd48",
      "updatedUserId": "d4c65e50-fb5c-4311-830a-05b59a11dd48"
    }
  ],
  "botMessages": [
    {
      "channelContent": {
        "web": {
          "contentFormat": "Markdown",
          "content": "Wählen Sie die Schaltfläche \"**Freigeben für Teams**\" direkt aus einer Nachricht in Outlook aus."
        }
      },
      "id": "fcd91255-d0f2-4a67-b0a3-fc6045d06248",
      "createdTime": "2021-04-19T07:37:15.3055928Z",
      "updatedTime": "2021-04-19T07:37:15.3055928Z",
      "createdUserId": "d4c65e50-fb5c-4311-830a-05b59a11dd48",
      "updatedUserId": "d4c65e50-fb5c-4311-830a-05b59a11dd48"
    },
    {
      "channelContent": {
        "web": {
          "contentFormat": "Markdown",
          "content": "**Wenn Sie diese Schaltfläche nicht haben**:\n\nJeder Kanal hat eine E-Mail-Adresse, und Sie können [E-Mails direkt an einen Teams-Kanal senden](https://support.microsoft.com/de-de/office/skicka-e-post-till-en-kanal-i-teams-d91db004-d9d7-4a47-82e6-fb1b16dfd51e?ui=en-us&rs=en-us&ad=se)."
        }
      },
      "id": "01f82ade-6588-454c-9850-f61adce229be",
      "createdTime": "2021-04-19T07:37:26.734Z",
      "updatedTime": "2021-04-19T07:37:26.734Z",
      "createdUserId": "user-0",
      "updatedUserId": "user-0"
    },
    {
      "channelContent": {
        "web": {
          "contentFormat": "Markdown",
          "content": "Um dies zu tun\n\n*   Suchen Sie den Kanal, an den Sie per E-Mail senden möchten, und klicken Sie auf den Kanalnamen.\n*   Wählen Sie **Weitere Optionen (...)** **E-Mail-Adresse abrufen** aus. Kopieren Sie die E-Mail-Adresse.\n*   Leiten Sie Ihre E-Mail in Outlook an die E-Mail-Adresse des Kanals weiter, die Sie gerade kopiert haben."
        }
      },
      "id": "980cbc7f-b51b-4103-92b1-7bcc267e1c86",
      "createdTime": "2021-04-19T07:37:29.075Z",
      "updatedTime": "2021-04-19T07:37:29.075Z",
      "createdUserId": "user-0",
      "updatedUserId": "user-0"
    },
    {
      "channelContent": {
        "web": {
          "contentFormat": "Markdown",
          "content": "Die E-Mail wird in dem Kanal angezeigt, an den Sie sie senden. Alle Anlagen werden extrahiert und unter \"Dateien\" im Kanal gespeichert."
        }
      },
      "id": "45e9e484-92c8-468c-9673-923569383336",
      "createdTime": "2021-04-19T07:37:31.249Z",
      "updatedTime": "2021-04-19T07:37:31.249Z",
      "createdUserId": "user-0",
      "updatedUserId": "user-0"
    },
    {
      "channelContent": {
        "web": {
          "contentFormat": "Markdown",
          "content": "💡 Tipp:\n\nSpeichern Sie die E-Mail-Adresse Ihres Kanals in Outlook, um zukünftige E-Mails schnell weiterzuleiten."
        }
      },
      "id": "dbd9dd6f-6134-4e0d-ba52-3239c7ff4400",
      "createdTime": "2021-04-19T07:37:33.455Z",
      "updatedTime": "2021-04-19T07:37:33.455Z",
      "createdUserId": "user-0",
      "updatedUserId": "user-0"
    },
    {
      "channelContent": {
        "web": {
          "contentFormat": "Markdown",
          "content": "💡 Bonus-Tipp für Entwickler:\n\n[**Share to Teams**\\-Schaltfläche - Nahtloses Teilen von Webinhalten für Teams](https://developer.microsoft.com/de-de/microsoft-teams/share-to-teams)"
        }
      },
      "id": "3eec1d61-f400-4e18-98db-8039a567f34f",
      "createdTime": "2021-04-19T07:37:37.872Z",
      "updatedTime": "2021-04-19T07:37:37.872Z",
      "createdUserId": "user-0",
      "updatedUserId": "user-0"
    }
  ]
}