{
  "intents": [
    {
      "endUserOverrideName": "Tworzenie postów w kanale",
      "triggerQueries": [
        "Pisanie do wszystkich w zespole",
        "Rozpoczynanie nowej konwersacji na kanale",
        "Jak rozpocząć konwersację w aplikacji Teams?",
        "Jak odpowiedzieć na post na kanale?",
        "Odpowiedz lub napisz nowy post",
        "Tworzenie postów w kanale",
        "Jak rozpocząć współpracę w usłudze Teams?",
        "Jak komunikować się z członkami mojego zespołu?",
        "Cel zakładki Wpisy",
        "Wyjaśnienie karty postów",
        "Jak rozpocząć nowy wątek?",
        "Jak rozpocząć rozmowę w zespole?",
        "Jak mogę rozpocząć konwersację w zespole?"
      ],
      "dialogId": "new_topic_702ae9e403724019a0aaceedf4a72a96",
      "isTriggeringEnabled": true,
      "id": "new_topic_702ae9e403724019a0aaceedf4a72a96",
      "displayName": "Jak mogę rozpocząć konwersację w zespole?",
      "description": "",
      "createdTime": "2021-09-27T05:25:37.5357973Z",
      "updatedTime": "2021-10-20T09:11:23.1936393Z",
      "createdUserId": "28fac8cb-bec7-48c9-a688-5024cf318b8a",
      "updatedUserId": "28fac8cb-bec7-48c9-a688-5024cf318b8a"
    }
  ],
  "dialogs": [
    {
      "rootNodeId": "78005e8f-5cc2-4cd9-9ae1-1430ed5ec858",
      "messageNodes": [
        {
          "botMessageId": "787892de-0887-4314-9ad4-7ae5ca251dda",
          "nodeType": "BotMessageNode",
          "id": "78005e8f-5cc2-4cd9-9ae1-1430ed5ec858",
          "defaultTargetNodeId": "9c3f78a4-04ca-4269-b737-9b1a06ceafef"
        },
        {
          "botMessageId": "8a0ed881-c10e-4a2f-a523-23a4607f1f04",
          "nodeType": "BotMessageNode",
          "id": "fc02e81b-4203-4ded-a57b-194217d2f49f",
          "defaultTargetNodeId": "dae567ad-ba12-499b-a506-633b25fd996e"
        },
        {
          "botMessageId": "0fc7cc4e-b532-4739-a2a4-2bfa6b86e384",
          "nodeType": "BotMessageNode",
          "id": "9c3f78a4-04ca-4269-b737-9b1a06ceafef",
          "defaultTargetNodeId": "01e1a68b-0e29-4b28-bb2b-e94a87f33351"
        },
        {
          "botMessageId": "db121c42-8805-4329-81f2-762d79f6faa4",
          "nodeType": "BotMessageNode",
          "id": "01e1a68b-0e29-4b28-bb2b-e94a87f33351",
          "defaultTargetNodeId": "fc02e81b-4203-4ded-a57b-194217d2f49f"
        }
      ],
      "dialogChangeNodes": [
        {
          "targetDialogId": "new_topic_d4ee79ce05584b519ee7d416fda7e2a3_aeabea4d071f415c8c107e1cb7af5424_assumedsuccess",
          "nodeType": "DialogChangeNode",
          "id": "dae567ad-ba12-499b-a506-633b25fd996e"
        }
      ],
      "id": "new_topic_702ae9e403724019a0aaceedf4a72a96",
      "displayName": "Dialog for Jak mogę rozpocząć konwersację w zespole?",
      "createdTime": "2021-09-27T05:25:37.5357973Z",
      "updatedTime": "2021-10-20T09:14:30.8807065Z",
      "createdUserId": "28fac8cb-bec7-48c9-a688-5024cf318b8a",
      "updatedUserId": "28fac8cb-bec7-48c9-a688-5024cf318b8a"
    }
  ],
  "botMessages": [
    {
      "channelContent": {
        "web": {
          "contentFormat": "Markdown",
          "content": "W każdym kanale w zespołach pierwsza zakładka to \"**Wpisy**\". Pomyśl o tym jak o jednym dużym czacie grupowym. Każdy, kto ma dostęp do zespołu, może zobaczyć wiadomości na karcie **Wpisy.**"
        }
      },
      "id": "787892de-0887-4314-9ad4-7ae5ca251dda",
      "createdTime": "2021-09-27T05:25:37.5357973Z",
      "updatedTime": "2021-09-27T05:25:37.5357973Z",
      "createdUserId": "28fac8cb-bec7-48c9-a688-5024cf318b8a",
      "updatedUserId": "28fac8cb-bec7-48c9-a688-5024cf318b8a"
    },
    {
      "channelContent": {
        "web": {
          "contentFormat": "Markdown",
          "content": "💡 **Wskazówka:** Jeśli chcesz porozmawiać z jedną osobą lub małą grupą, [rozpocznij czat.](https://support.microsoft.com/pl-pl/office/rozpoczynanie-czatu-w-aplikacji-teams-0c71b32b-c050-4930-a887-5afbe742b3d8?ui=pl-PL&rs=pl-PL&ad=PL)"
        }
      },
      "id": "8a0ed881-c10e-4a2f-a523-23a4607f1f04",
      "createdTime": "2021-09-27T05:26:34.253Z",
      "updatedTime": "2021-09-27T05:26:34.253Z",
      "createdUserId": "user-0",
      "updatedUserId": "user-0"
    },
    {
      "channelContent": {
        "web": {
          "contentFormat": "Markdown",
          "content": "[Wykonaj poniższe czynności, aby wysłać wiadomość do wszystkich osób w kanale](https://support.microsoft.com/pl-pl/office/wysy%c5%82anie-wiadomo%c5%9bci-do-kana%c5%82u-w-u-us%c5%82ugi-teams-5c8131ce-eaad-4798-bc73-e33f4652a9c4):\n\n*   Najpierw wybierz kanał, na którym chcesz wpisać wiadomość.\n*   Następnie kliknij przycisk \"Odpowiedz\", aby odpowiedzieć na istniejący wątek lub naciśnij przycisk \"Nowa konwersacja\", aby rozpocząć nowy.\n*   Wpisz wiadomość w polu i wybierz pozycję Wyślij."
        }
      },
      "id": "0fc7cc4e-b532-4739-a2a4-2bfa6b86e384",
      "createdTime": "2021-10-20T09:13:29.876Z",
      "updatedTime": "2021-10-20T09:13:29.876Z",
      "createdUserId": "user-0",
      "updatedUserId": "user-0"
    },
    {
      "channelContent": {
        "web": {
          "contentFormat": "Markdown",
          "content": "Voila! Twoja wiadomość jest teraz dostępna na kanale 👍"
        }
      },
      "id": "db121c42-8805-4329-81f2-762d79f6faa4",
      "createdTime": "2021-10-20T09:13:52.314Z",
      "updatedTime": "2021-10-20T09:13:52.314Z",
      "createdUserId": "user-0",
      "updatedUserId": "user-0"
    }
  ]
}