{
  "intents": [
    {
      "triggerQueries": [
        "Hvor kan man finne filene man har lastet opp?",
        "Hvordan laster man opp en fil",
        "lagre filer i teams",
        "fillagring i teams",
        "Hvor lagres filene som blir delt eller lastet opp i Teams?",
        "Lagring av filer i Teams",
        "Fil lagring i Teams"
      ],
      "dialogId": "new_topic_75871ec8666944d1a7858c3fb4ff0934",
      "isTriggeringEnabled": true,
      "id": "new_topic_75871ec8666944d1a7858c3fb4ff0934",
      "displayName": "Fillagring i Teams",
      "description": "",
      "createdTime": "2021-04-10T08:37:11.9650821Z",
      "updatedTime": "2021-04-19T18:22:23.4463497Z",
      "createdUserId": "ef0c8b9a-eff1-49f8-92fa-fd1d3e15e1ba",
      "updatedUserId": "ef0c8b9a-eff1-49f8-92fa-fd1d3e15e1ba"
    }
  ],
  "dialogs": [
    {
      "rootNodeId": "5b9b7b8f-919e-42ec-a617-ab5fd39ad742",
      "messageNodes": [
        {
          "botMessageId": "cdc41ddd-59ca-4294-9e05-cca48e616582",
          "nodeType": "BotMessageNode",
          "id": "5b9b7b8f-919e-42ec-a617-ab5fd39ad742",
          "defaultTargetNodeId": "902bd8c7-f273-461c-ba47-852aa5b09150"
        },
        {
          "botMessageId": "1c1c0d7f-41b3-4355-ab2b-a72d623ecd64",
          "nodeType": "BotMessageNode",
          "id": "902bd8c7-f273-461c-ba47-852aa5b09150",
          "defaultTargetNodeId": "0371a8c6-400e-4a81-a0df-c280610f4b32"
        }
      ],
      "dialogChangeNodes": [
        {
          "targetDialogId": "new_topic_89c49d37fd4c4c1c9144396960733ce1_aeabea4d071f415c8c107e1cb7af5424_assumedsuccess",
          "nodeType": "DialogChangeNode",
          "id": "0371a8c6-400e-4a81-a0df-c280610f4b32"
        }
      ],
      "id": "new_topic_75871ec8666944d1a7858c3fb4ff0934",
      "displayName": "Dialog for Fil lagring i Teams",
      "createdTime": "2021-04-10T08:37:11.9650821Z",
      "updatedTime": "2021-04-10T08:38:04.6386487Z",
      "createdUserId": "ef0c8b9a-eff1-49f8-92fa-fd1d3e15e1ba",
      "updatedUserId": "ef0c8b9a-eff1-49f8-92fa-fd1d3e15e1ba"
    }
  ],
  "botMessages": [
    {
      "channelContent": {
        "web": {
          "contentFormat": "Markdown",
          "content": "Filer du deler i en kanal, lagres i gruppens SharePoint-mappe. Denne finner du i **Filer**\\-fanen øverst i hver kanal."
        }
      },
      "id": "cdc41ddd-59ca-4294-9e05-cca48e616582",
      "createdTime": "2021-04-10T08:37:11.9650821Z",
      "updatedTime": "2021-04-10T08:37:11.9650821Z",
      "createdUserId": "ef0c8b9a-eff1-49f8-92fa-fd1d3e15e1ba",
      "updatedUserId": "ef0c8b9a-eff1-49f8-92fa-fd1d3e15e1ba"
    },
    {
      "channelContent": {
        "web": {
          "contentFormat": "Markdown",
          "content": "Filer du deler i en privat eller gruppesamtaler, lagres i OneDrive for Business-mappen og deles bare med personene i denne samtalen. Disse blir funnet i **Fil**\\-fanen øverst i en chat."
        }
      },
      "id": "1c1c0d7f-41b3-4355-ab2b-a72d623ecd64",
      "createdTime": "2021-04-10T08:37:54.984Z",
      "updatedTime": "2021-04-10T08:37:54.984Z",
      "createdUserId": "user-0",
      "updatedUserId": "user-0"
    }
  ],
  "createdUtc": "0001-01-01T00:00:00Z"
}