{
  "intents": [
    {
      "triggerQueries": [
        "Avvisa tutti in un canale (@menzione canale)",
        "Come faccio a menzionare @ un canale?",
        "Come posso avvisare tutti in un canale?",
        "Come posso menzionare tutti in un canale?",
        "Come posso usare @mention in un canale?"
      ],
      "dialogId": "new_topic_b914d5a2b4d04b5ca4abe399b1d6d291",
      "isTriggeringEnabled": true,
      "id": "new_topic_b914d5a2b4d04b5ca4abe399b1d6d291",
      "displayName": "Come posso usare @mention in un canale?",
      "createdTime": "2022-04-26T19:20:30.3506748Z",
      "updatedTime": "2022-04-26T19:20:30.3506748Z",
      "createdUserId": "9451fc51-e00d-4445-8ff9-efb70866dc3b",
      "updatedUserId": "9451fc51-e00d-4445-8ff9-efb70866dc3b"
    }
  ],
  "dialogs": [
    {
      "rootNodeId": "5f3188f8-03ee-4767-9714-28fa3d9baef5",
      "messageNodes": [
        {
          "botMessageId": "46a99beb-6837-4532-86a9-264a9cfd4aba",
          "nodeType": "BotMessageNode",
          "id": "5f3188f8-03ee-4767-9714-28fa3d9baef5",
          "defaultTargetNodeId": "4cd1d9ed-86bc-45ad-976d-935ce7920d0f"
        },
        {
          "botMessageId": "c7619783-5bbb-4372-baef-21009c7eb7e0",
          "nodeType": "BotMessageNode",
          "id": "4cd1d9ed-86bc-45ad-976d-935ce7920d0f",
          "defaultTargetNodeId": "e027ac4f-8a11-4ddf-ab29-5e3798251948"
        },
        {
          "botMessageId": "bdffcc0d-bf96-41eb-9e07-173702813fd9",
          "nodeType": "BotMessageNode",
          "id": "e027ac4f-8a11-4ddf-ab29-5e3798251948",
          "defaultTargetNodeId": "3a71b20f-2273-4b15-848b-931ea5e263ad"
        }
      ],
      "dialogChangeNodes": [
        {
          "targetDialogId": "new_topic_f98a24608ee04cb998de3e3e32703d5b_aeabea4d071f415c8c107e1cb7af5424_assumedsuccess",
          "nodeType": "DialogChangeNode",
          "id": "3a71b20f-2273-4b15-848b-931ea5e263ad"
        }
      ],
      "id": "new_topic_b914d5a2b4d04b5ca4abe399b1d6d291",
      "displayName": "Senza titolo",
      "createdTime": "2022-04-26T19:20:30.3506748Z",
      "updatedTime": "2022-04-26T19:20:30.3506748Z",
      "createdUserId": "9451fc51-e00d-4445-8ff9-efb70866dc3b",
      "updatedUserId": "9451fc51-e00d-4445-8ff9-efb70866dc3b"
    }
  ],
  "botMessages": [
    {
      "channelContent": {
        "web": {
          "contentFormat": "Markdown",
          "content": "[**Per attirare l'attenzione di tutti**](https://support.microsoft.com/it-it/office/usare-le-menzioni-per-attirare-l-attenzione-in-teams-eb4f059d-320e-454e-b111-03361d4d6855) in un canale, @menzione nome del canale.\n\n*   Digitare @channel e selezionare il nome del canale dal menu che appare."
        }
      },
      "id": "46a99beb-6837-4532-86a9-264a9cfd4aba",
      "createdTime": "2022-04-26T18:57:55.689Z",
      "updatedTime": "2022-04-26T18:57:55.689Z"
    },
    {
      "channelContent": {
        "web": {
          "contentFormat": "Markdown",
          "content": "Con @channel, tutti i membri del team ricevono una notifica.\n\n[Il tipo di notifica dipende dalle impostazioni.](https://support.microsoft.com/it-it/office/informazioni-sulle-notifiche-abb62c60-3d15-4968-b86a-42fea9c22cf4)"
        }
      },
      "id": "c7619783-5bbb-4372-baef-21009c7eb7e0",
      "createdTime": "2022-04-26T19:15:18.799Z",
      "updatedTime": "2022-04-26T19:15:18.799Z",
      "createdUserId": "user-0",
      "updatedUserId": "user-0"
    },
    {
      "channelContent": {
        "web": {
          "contentFormat": "Markdown",
          "content": "💡 Suggerimento: Utilizzare questa opzione con cautela in Team grandi, perché è come usare \"rispondi a tutti\" nelle e-mail."
        }
      },
      "id": "bdffcc0d-bf96-41eb-9e07-173702813fd9",
      "createdTime": "2022-04-26T19:18:16.341Z",
      "updatedTime": "2022-04-26T19:18:16.341Z",
      "createdUserId": "user-0",
      "updatedUserId": "user-0"
    }
  ]
}