{
  "intents": [
    {
      "intentType": "Regular",
      "endUserOverrideName": "Ta bort ett skickat meddelande?",
      "triggerQueries": [
        "ångra skickat meddelande",
        "ta bort ett skickat meddelande",
        "Jag försöker ta bort ett skickat meddelande, hur gör jag?",
        "Kan jag radera ett skickat meddelande?",
        "Hur raderar jag ett skickat meddelande?",
        "Jag skickade fel, jag vill ta bort meddleandet",
        "Jag vill ta bort ett meddelande, hur gör jag?",
        "Jag försöker ta bort ett skickat meddelande, vilka är stegen?"
      ],
      "dialogId": "new_topic_638b54cf1f9c4088b83076c55ec16a03",
      "isTriggeringEnabled": true,
      "id": "new_topic_638b54cf1f9c4088b83076c55ec16a03",
      "displayName": "Hur tar jag bort ett skickat meddelande?",
      "description": "",
      "createdTime": "2020-11-24T14:37:53.8230909Z",
      "updatedTime": "2020-12-11T14:22:31.1372251Z",
      "createdUserId": "f04d3cd9-b73d-4ba9-a1ed-9319eba29b21",
      "updatedUserId": "f04d3cd9-b73d-4ba9-a1ed-9319eba29b21"
    }
  ],
  "dialogs": [
    {
      "rootNodeId": "ed6bd882-c76d-4aac-944e-e2d9dc71f03f",
      "messageNodes": [
        {
          "botMessageId": "041435b4-1da2-474b-9963-63df1006fb8e",
          "nodeType": "BotMessageNode",
          "id": "ed6bd882-c76d-4aac-944e-e2d9dc71f03f",
          "defaultTargetNodeId": "53330150-6799-417c-aa2a-3ac3e1a19c61"
        },
        {
          "botMessageId": "6d48897d-4e0f-4e08-8a3a-134f68c2cb7e",
          "nodeType": "BotMessageNode",
          "id": "53330150-6799-417c-aa2a-3ac3e1a19c61",
          "defaultTargetNodeId": "6b8c6392-d1c8-4f0d-b45b-b9ed177f08b6"
        }
      ],
      "dialogChangeNodes": [
        {
          "targetDialogId": "new_topic_84ec227c19784e7ba25cb34f4638f91e_aeabea4d071f415c8c107e1cb7af5424_assumedsuccess",
          "nodeType": "DialogChangeNode",
          "id": "6b8c6392-d1c8-4f0d-b45b-b9ed177f08b6"
        }
      ],
      "id": "new_topic_638b54cf1f9c4088b83076c55ec16a03",
      "displayName": "Dialog for Jag försöker ta bort ett skickat meddelande, vilka är stegen?",
      "createdTime": "2020-11-24T14:37:53.8230909Z",
      "updatedTime": "2020-12-11T14:24:14.1109183Z",
      "createdUserId": "f04d3cd9-b73d-4ba9-a1ed-9319eba29b21",
      "updatedUserId": "f04d3cd9-b73d-4ba9-a1ed-9319eba29b21"
    }
  ],
  "botMessages": [
    {
      "channelContent": {
        "web": {
          "contentFormat": "Markdown",
          "content": "Om du behöver [ångra och ta bort något du just skickat](https://support.microsoft.com/sv-se/office/redigera-eller-ta-bort-ett-skickat-meddelande-i-teams-5f1fe604-a900-4a07-b8b7-8cf70ed6b263?ui=sv-SE&rs=sv-SE&ad=SE) går du till meddelandet och väljer Fler alternativ på de tre prickarna \"...\" > Ta bort (på papperskorgen)."
        }
      },
      "id": "041435b4-1da2-474b-9963-63df1006fb8e",
      "createdTime": "2020-11-24T14:37:53.8230909Z",
      "updatedTime": "2020-11-24T14:37:53.8230909Z",
      "createdUserId": "f04d3cd9-b73d-4ba9-a1ed-9319eba29b21",
      "updatedUserId": "f04d3cd9-b73d-4ba9-a1ed-9319eba29b21"
    },
    {
      "channelContent": {
        "web": {
          "contentFormat": "Markdown",
          "content": "Om du inte har skickat meddelandet ännu, väljer du Formatera (A med penna) för att expandera rutan.\n\nSedan väljer du Ta bort (på papperskorgen)."
        }
      },
      "id": "6d48897d-4e0f-4e08-8a3a-134f68c2cb7e",
      "createdTime": "2020-12-11T14:22:02.864Z",
      "updatedTime": "2020-12-11T14:22:02.864Z",
      "createdUserId": "user-0",
      "updatedUserId": "user-0"
    }
  ]
}