{
  "intents": [
    {
      "intentType": "Regular",
      "endUserOverrideName": "Nämn någon med @Omnämnanden?",
      "triggerQueries": [
        "Hur funkar det om någon nämner mitt namn i Teams?",
        "@namn vad innebär det?",
        "nämn någon med snabel-a",
        "@mention någon",
        "Varför använda @namn?",
        "vad händer när någon @ nämner mig?",
        "Nämn någon med @Omnämnanden?",
        "Vad innebär det att vara @nämnd?"
      ],
      "dialogId": "new_topic_012b17ea8baa4b01943cc86947eab69e",
      "isTriggeringEnabled": true,
      "id": "new_topic_012b17ea8baa4b01943cc86947eab69e",
      "displayName": "Vad innebär det att vara @nämnd?",
      "description": "https://faqtimafiles.blob.core.windows.net/filesfortima-adoptbot/svenska frågor till adoptbot PVA (Swedish QnA for AdoptBot).docx",
      "createdTime": "2020-11-24T14:37:53.8220925Z",
      "updatedTime": "2021-01-14T16:33:11.6973962Z",
      "createdUserId": "f04d3cd9-b73d-4ba9-a1ed-9319eba29b21",
      "updatedUserId": "f04d3cd9-b73d-4ba9-a1ed-9319eba29b21"
    }
  ],
  "dialogs": [
    {
      "rootNodeId": "1876e704-211b-4719-ac81-87478ca8038f",
      "messageNodes": [
        {
          "botMessageId": "a9cacf6d-6747-438a-8551-6a4ab0844443",
          "nodeType": "BotMessageNode",
          "id": "1876e704-211b-4719-ac81-87478ca8038f",
          "defaultTargetNodeId": "8071fba6-ccf8-47bc-844f-b6e3505b899e"
        },
        {
          "botMessageId": "3cddca9b-eb55-4616-aeab-fe8ca3d55272",
          "nodeType": "BotMessageNode",
          "id": "8071fba6-ccf8-47bc-844f-b6e3505b899e",
          "defaultTargetNodeId": "47332730-18e1-45fb-bc9b-1c5508719a55"
        },
        {
          "botMessageId": "68f7cf2e-c4f9-4b2c-b6a1-068dc602fd30",
          "nodeType": "BotMessageNode",
          "id": "47332730-18e1-45fb-bc9b-1c5508719a55",
          "defaultTargetNodeId": "ff2a2896-1574-4e03-8af1-f5e20ba9099c"
        }
      ],
      "dialogChangeNodes": [
        {
          "targetDialogId": "new_topic_84ec227c19784e7ba25cb34f4638f91e_aeabea4d071f415c8c107e1cb7af5424_assumedsuccess",
          "nodeType": "DialogChangeNode",
          "id": "ff2a2896-1574-4e03-8af1-f5e20ba9099c"
        }
      ],
      "id": "new_topic_012b17ea8baa4b01943cc86947eab69e",
      "displayName": "Dialog for Vad innebär det att vara @nämnd?",
      "createdTime": "2020-11-24T14:37:53.8220925Z",
      "updatedTime": "2020-12-14T13:24:10.555057Z",
      "createdUserId": "f04d3cd9-b73d-4ba9-a1ed-9319eba29b21",
      "updatedUserId": "f04d3cd9-b73d-4ba9-a1ed-9319eba29b21"
    }
  ],
  "botMessages": [
    {
      "channelContent": {
        "web": {
          "contentFormat": "Markdown",
          "content": "Att bli @nämnd är som en liten klapp på axeln, ett sätt att få din uppmärksamhet i en kanalkonversation eller chatt 🙂.\n\nNär någon @nämner dig, får du en avisering i ditt Aktivitetsflöde och du ser även ett nummer bredvid den kanal eller chatt där du @nämndes."
        }
      },
      "id": "a9cacf6d-6747-438a-8551-6a4ab0844443",
      "createdTime": "2020-11-24T14:37:53.8220925Z",
      "updatedTime": "2020-11-24T14:37:53.8220925Z",
      "createdUserId": "f04d3cd9-b73d-4ba9-a1ed-9319eba29b21",
      "updatedUserId": "f04d3cd9-b73d-4ba9-a1ed-9319eba29b21"
    },
    {
      "channelContent": {
        "web": {
          "contentFormat": "Markdown",
          "content": "Klicka på aviseringen om du vill gå direkt till den punkt i konversationen där någon nämnde dig. Om du någonsin känner dig lite överväldigad av att bli @nämnd, kan du alltid [filtrera ditt Aktivitetsflöde](https://support.microsoft.com/sv-se/office/explore-the-activity-feed-in-teams-91c635a1-644a-4c60-9c98-233db3e13a56) för att hjälpa dig reda ut dem."
        }
      },
      "id": "3cddca9b-eb55-4616-aeab-fe8ca3d55272",
      "createdTime": "2020-12-14T13:21:50.756Z",
      "updatedTime": "2020-12-14T13:21:50.756Z",
      "createdUserId": "user-0",
      "updatedUserId": "user-0"
    },
    {
      "channelContent": {
        "web": {
          "contentFormat": "Markdown",
          "content": "Om du vill @nämna någon skriver du bara @ i textrutan när du skriver ett svar eller ny konversation och väljer deras namn på menyn som visas."
        }
      },
      "id": "68f7cf2e-c4f9-4b2c-b6a1-068dc602fd30",
      "createdTime": "2020-12-14T13:21:54.888Z",
      "updatedTime": "2020-12-14T13:21:54.888Z",
      "createdUserId": "user-0",
      "updatedUserId": "user-0"
    }
  ]
}