{
  "intents": [
    {
      "endUserOverrideName": "Dela filer med teamet",
      "triggerQueries": [
        "Hur funkar fildelning i teams",
        "Hur delar jag filer i Teams",
        "Hur funkar fildelning i teamet?",
        "Hur delar jag filer i teamet?",
        "Dela dokument i vår grupp",
        "Dela dokument i vår gruppering",
        "Dela filer med gruppen",
        "Dela en fil i teams",
        "Dela dokument i vårt team",
        "Dela filer med mitt team",
        "dela dokument med medlemmarna",
        "Dela dokument med teamet",
        "Dela filer med teamet",
        "Hur kan jag dela filer med teammedlemmar?"
      ],
      "dialogId": "new_topic_1a0fcb2dc54a424fb079ac5442646c99",
      "isTriggeringEnabled": true,
      "id": "new_topic_1a0fcb2dc54a424fb079ac5442646c99",
      "displayName": "Hur delar jag filer i Teams?",
      "description": "",
      "createdTime": "2020-11-24T14:37:53.8220925Z",
      "updatedTime": "2020-12-08T10:45:03.0394373Z",
      "createdUserId": "f04d3cd9-b73d-4ba9-a1ed-9319eba29b21",
      "updatedUserId": "f04d3cd9-b73d-4ba9-a1ed-9319eba29b21"
    }
  ],
  "dialogs": [
    {
      "rootNodeId": "2efc10b3-a1f3-491a-97ed-237e27551f1e",
      "messageNodes": [
        {
          "botMessageId": "9b12ee4a-c51b-4c7d-9a4a-91ad73462987",
          "nodeType": "BotMessageNode",
          "id": "2efc10b3-a1f3-491a-97ed-237e27551f1e",
          "defaultTargetNodeId": "402b366c-feb7-467c-8b2d-064630bfbc8d"
        },
        {
          "botMessageId": "303112d9-0158-46a3-bf9d-b650d03a72c7",
          "nodeType": "BotMessageNode",
          "id": "402b366c-feb7-467c-8b2d-064630bfbc8d",
          "defaultTargetNodeId": "acd5503f-82b4-4e43-b2d5-a3b761acf445"
        }
      ],
      "dialogChangeNodes": [
        {
          "targetDialogId": "new_topic_84ec227c19784e7ba25cb34f4638f91e_aeabea4d071f415c8c107e1cb7af5424_assumedsuccess",
          "nodeType": "DialogChangeNode",
          "id": "acd5503f-82b4-4e43-b2d5-a3b761acf445"
        }
      ],
      "id": "new_topic_1a0fcb2dc54a424fb079ac5442646c99",
      "displayName": "Dialog for Hur kan jag dela filer med teammedlemmar?",
      "createdTime": "2020-11-24T14:37:53.8220925Z",
      "updatedTime": "2020-12-08T10:43:27.7887758Z",
      "createdUserId": "f04d3cd9-b73d-4ba9-a1ed-9319eba29b21",
      "updatedUserId": "f04d3cd9-b73d-4ba9-a1ed-9319eba29b21"
    }
  ],
  "botMessages": [
    {
      "channelContent": {
        "web": {
          "contentFormat": "Markdown",
          "content": "Varje kanal har en flik som heter **\"Filer\"**. Där kan du [ladda upp filer i Teams](https://support.microsoft.com/sv-se/office/dela-en-fil-i-teams-0c4d34ee-5dd8-46d5-ab35-0d227b5e6eb5).  \nDu kan även dela filer i kanalens chatt. Dessa hamnar då automatiskt under kanalens flik **\"Filer\"**.\n\n  \nFiler som delas i en privat chatt eller gruppchatt kan delas med personerna i den konversationen.\n\nDu kan skriva ut, dela eller samarbeta i dokument i realtid utan att lämna Teams-plattformen."
        }
      },
      "id": "9b12ee4a-c51b-4c7d-9a4a-91ad73462987",
      "createdTime": "2020-11-24T14:37:53.8220925Z",
      "updatedTime": "2020-11-24T14:37:53.8220925Z",
      "createdUserId": "f04d3cd9-b73d-4ba9-a1ed-9319eba29b21",
      "updatedUserId": "f04d3cd9-b73d-4ba9-a1ed-9319eba29b21"
    },
    {
      "channelContent": {
        "web": {
          "contentFormat": "Markdown",
          "content": "💡**Tips:** Du kan se filer du har tillgång till via knappen \"Filer\" i sidomenyn, oavsett i vilket av dina team som filerna ligger.    \n  \n_**Är du tekniskt intresserad?**_ \n\nI bakgrunden:  \nVarje team har en modern SharePoint-webbplats kopplad till sig, där kanaldokument lagras."
        }
      },
      "id": "303112d9-0158-46a3-bf9d-b650d03a72c7",
      "createdTime": "2020-12-08T10:29:25.551Z",
      "updatedTime": "2020-12-08T10:29:25.551Z",
      "createdUserId": "user-0",
      "updatedUserId": "user-0"
    }
  ]
}