{
  "intents": [
    {
      "endUserOverrideName": "",
      "triggerQueries": [
        "rydde opp i team listen",
        "kan man skjule en team gruppe?",
        "finne et team som jeg har skjult",
        "finne en kanal som har blitt skjult",
        "vise et skjult team",
        "vise en skjult kanal",
        "Ikke vis alle kanalene",
        "Ikke vis alle teamene",
        "Skjul en kanal",
        "Skjul et team",
        "Skjule et team eller en kanal"
      ],
      "dialogId": "new_topic_08e6e59dabf4471e9e2e5bcda590548a",
      "isTriggeringEnabled": true,
      "id": "new_topic_08e6e59dabf4471e9e2e5bcda590548a",
      "displayName": "Skjule et team eller en kanal",
      "description": "https://norwegianteams.blob.core.windows.net/norwegian-container/TIMA QA P19.docx",
      "createdTime": "2021-03-24T20:09:21.5452642Z",
      "updatedTime": "2021-04-21T15:08:22.2848471Z",
      "createdUserId": "ef0c8b9a-eff1-49f8-92fa-fd1d3e15e1ba",
      "updatedUserId": "ef0c8b9a-eff1-49f8-92fa-fd1d3e15e1ba"
    }
  ],
  "dialogs": [
    {
      "rootNodeId": "ce83c6fa-bc2b-4abe-9375-d03d6ec5c01d",
      "messageNodes": [
        {
          "botMessageId": "ec5e1859-fdca-4b60-adfe-3fc6df12064c",
          "nodeType": "BotMessageNode",
          "id": "ce83c6fa-bc2b-4abe-9375-d03d6ec5c01d",
          "defaultTargetNodeId": "b5bd2261-49dd-459b-9631-e08634ea9b18"
        },
        {
          "botMessageId": "692ed90b-c991-4b3b-a562-25d10f9563bf",
          "nodeType": "BotMessageNode",
          "id": "b5bd2261-49dd-459b-9631-e08634ea9b18",
          "defaultTargetNodeId": "be34d01d-0327-427a-bf6a-8bc76a1db07c"
        },
        {
          "botMessageId": "52e18ea8-6398-41db-871b-49c31c2a24ab",
          "nodeType": "BotMessageNode",
          "id": "be34d01d-0327-427a-bf6a-8bc76a1db07c",
          "defaultTargetNodeId": "3bc05894-cfe2-4ab4-8123-734fb130f540"
        },
        {
          "botMessageId": "5de0dabe-2c1a-4867-bba4-577a52a26797",
          "nodeType": "BotMessageNode",
          "id": "3bc05894-cfe2-4ab4-8123-734fb130f540",
          "defaultTargetNodeId": "780dfd7c-b5fc-4b63-95bf-7321c20bedef"
        }
      ],
      "dialogChangeNodes": [
        {
          "targetDialogId": "new_topic_89c49d37fd4c4c1c9144396960733ce1_aeabea4d071f415c8c107e1cb7af5424_assumedsuccess",
          "nodeType": "DialogChangeNode",
          "id": "780dfd7c-b5fc-4b63-95bf-7321c20bedef"
        }
      ],
      "id": "new_topic_08e6e59dabf4471e9e2e5bcda590548a",
      "displayName": "Dialog for Skjule et team eller en kanal",
      "createdTime": "2021-03-24T20:09:21.5452642Z",
      "updatedTime": "2021-04-21T15:06:56.4741659Z",
      "createdUserId": "ef0c8b9a-eff1-49f8-92fa-fd1d3e15e1ba",
      "updatedUserId": "ef0c8b9a-eff1-49f8-92fa-fd1d3e15e1ba"
    }
  ],
  "botMessages": [
    {
      "channelContent": {
        "web": {
          "contentFormat": "Markdown",
          "content": "Hvis du vil at et team eller en kanal ikke skal vises i listene dine, kan man skjule den:\n\n*   Gå til **teamnavnet** eller **kanalnavnet.**\n*   Velg **Flere alternativer…** > **Skjul**."
        }
      },
      "id": "ec5e1859-fdca-4b60-adfe-3fc6df12064c",
      "createdTime": "2021-03-24T20:09:21.5452642Z",
      "updatedTime": "2021-03-24T20:09:21.5452642Z",
      "createdUserId": "ef0c8b9a-eff1-49f8-92fa-fd1d3e15e1ba",
      "updatedUserId": "ef0c8b9a-eff1-49f8-92fa-fd1d3e15e1ba"
    },
    {
      "channelContent": {
        "web": {
          "contentFormat": "Markdown",
          "content": "Slik kan du finne kanaler som du har skjult:\n\n*   Finn teamet i teamlisten.\n*   Gå til **skjulte kanaler** under kanallisten for et team.\n*   Velg **Flere alternativer…** > **Vis**."
        }
      },
      "id": "692ed90b-c991-4b3b-a562-25d10f9563bf",
      "createdTime": "2021-03-26T12:54:19.204Z",
      "updatedTime": "2021-03-26T12:54:19.204Z",
      "createdUserId": "user-0",
      "updatedUserId": "user-0"
    },
    {
      "channelContent": {
        "web": {
          "contentFormat": "Markdown",
          "content": "Slik kan du finne og flytte tilbake teams som du har skjult:\n\n*   Bla til bunnen av teamlisten din og velg **skjulte team.**\n*   Her kan du finne teamet du lette etter.\n*   Velg **Flere alternativer...** > **Vis** for å flytte teamet tilbake til hovedlisten din."
        }
      },
      "id": "52e18ea8-6398-41db-871b-49c31c2a24ab",
      "createdTime": "2021-04-21T14:47:38.814Z",
      "updatedTime": "2021-04-21T14:47:38.814Z",
      "createdUserId": "user-0",
      "updatedUserId": "user-0"
    },
    {
      "channelContent": {
        "web": {
          "contentFormat": "Markdown",
          "content": "*   Dette er en flott måte å rydde opp i listen slik at du kan fokusere på de teamene og kanalene du bruker mest. 👍\n*   Husk at disse teamene og kanalene vises for andre og at de kan være aktive selv om du har skjult de.\n*   Les mer om [skjuling og vising av team og kanaler her](https://support.microsoft.com/nb-no/office/vise-skjule-eller-feste-et-team-eller-en-kanal-i-teams-91a37043-acea-49b0-9dfc-aec37b2e92b8)."
        }
      },
      "id": "5de0dabe-2c1a-4867-bba4-577a52a26797",
      "createdTime": "2021-04-21T15:06:07.948Z",
      "updatedTime": "2021-04-21T15:06:07.948Z",
      "createdUserId": "user-0",
      "updatedUserId": "user-0"
    }
  ],
  "createdUtc": "0001-01-01T00:00:00Z"
}