{
  "intents": [
    {
      "triggerQueries": [
        "Finner det forskjellige typer Teams enheter for møter?",
        "Oversikt over sertifiserte Teams-enheter",
        "Hvor finner jeg sertifiserte Teams-produkter?"
      ],
      "dialogId": "new_topic_7af88da45cb34a4a9aeee7ee23b41934",
      "isTriggeringEnabled": true,
      "id": "new_topic_7af88da45cb34a4a9aeee7ee23b41934",
      "displayName": "Hvor finner jeg sertifiserte Teams-produkter?",
      "description": "",
      "createdTime": "2021-04-12T14:18:02.6339457Z",
      "updatedTime": "2021-04-12T14:18:02.6339457Z",
      "createdUserId": "ef0c8b9a-eff1-49f8-92fa-fd1d3e15e1ba"
    }
  ],
  "dialogs": [
    {
      "rootNodeId": "532ecad3-1d96-4f3b-a2c2-7580afdd5243",
      "messageNodes": [
        {
          "botMessageId": "1b68018f-9317-4dcf-8778-836a52a03ce5",
          "nodeType": "BotMessageNode",
          "id": "532ecad3-1d96-4f3b-a2c2-7580afdd5243",
          "defaultTargetNodeId": "c2c73476-4db8-4714-a08f-ce4e104721a3"
        },
        {
          "botMessageId": "6efc8ddd-ab8d-42b2-8f63-918b7064d4da",
          "nodeType": "BotMessageNode",
          "id": "c2c73476-4db8-4714-a08f-ce4e104721a3",
          "defaultTargetNodeId": "80fb6b7d-1835-4185-95a8-fd80aaae8240"
        }
      ],
      "dialogChangeNodes": [
        {
          "targetDialogId": "new_topic_89c49d37fd4c4c1c9144396960733ce1_aeabea4d071f415c8c107e1cb7af5424_assumedsuccess",
          "nodeType": "DialogChangeNode",
          "id": "80fb6b7d-1835-4185-95a8-fd80aaae8240"
        }
      ],
      "id": "new_topic_7af88da45cb34a4a9aeee7ee23b41934",
      "displayName": "Dialog for Hvor finner jeg sertifiserte Teams-produkter?",
      "createdTime": "2021-04-12T14:18:02.6339457Z",
      "updatedTime": "2021-04-12T14:18:34.4546838Z",
      "createdUserId": "ef0c8b9a-eff1-49f8-92fa-fd1d3e15e1ba",
      "updatedUserId": "ef0c8b9a-eff1-49f8-92fa-fd1d3e15e1ba"
    }
  ],
  "botMessages": [
    {
      "channelContent": {
        "web": {
          "contentFormat": "Markdown",
          "content": "Det finnes mange typer sertifiserte Teams-enheter for møter, samarbeid og samtaler."
        }
      },
      "id": "1b68018f-9317-4dcf-8778-836a52a03ce5",
      "createdTime": "2021-04-12T14:18:02.6339457Z",
      "updatedTime": "2021-04-12T14:18:02.6339457Z",
      "createdUserId": "ef0c8b9a-eff1-49f8-92fa-fd1d3e15e1ba",
      "updatedUserId": "ef0c8b9a-eff1-49f8-92fa-fd1d3e15e1ba"
    },
    {
      "channelContent": {
        "web": {
          "contentFormat": "Markdown",
          "content": "Bruk denne [landingssiden for oversikt over sertifiserte Teams-enheter.](https://www.microsoft.com/nb-no/microsoft-teams/across-devices/spaces) Her kan du finne produkter som passer dine behov, f.eks hodetelefoner til hjemmekontor og høyttalere for møterom."
        }
      },
      "id": "6efc8ddd-ab8d-42b2-8f63-918b7064d4da",
      "createdTime": "2021-04-12T14:18:15.892Z",
      "updatedTime": "2021-04-12T14:18:15.892Z",
      "createdUserId": "user-0",
      "updatedUserId": "user-0"
    }
  ],
  "createdUtc": "0001-01-01T00:00:00Z"
}