{
  "intents": [
    {
      "endUserOverrideName": "Durée maximale d'une réunion",
      "triggerQueries": [
        "durée maximale d'une conférence audio",
        "Quelle est la durée maximale d'une réunion",
        "Combien de temps peut durer une réunion",
        "Quelle durée pour une réunion",
        "Durée max réunion",
        "Durée maximale d'une conférence téléphonique"
      ],
      "dialogId": "new_topic_f07f7b93e4f14727bc16248a0d7d949c",
      "isTriggeringEnabled": true,
      "id": "new_topic_f07f7b93e4f14727bc16248a0d7d949c",
      "displayName": "Durée maximale d'une réunion",
      "description": "",
      "createdTime": "2021-01-13T22:20:51.2381463Z",
      "updatedTime": "2021-05-25T00:57:53.6388375Z",
      "createdUserId": "f04d3cd9-b73d-4ba9-a1ed-9319eba29b21",
      "updatedUserId": "a2c4aa2c-d830-41eb-bcf4-467a2c7e1279"
    }
  ],
  "dialogs": [
    {
      "rootNodeId": "a5782368-43a0-4843-b19f-7c8036aa8bd1",
      "messageNodes": [
        {
          "botMessageId": "c8de5c68-183c-46e6-a852-efddbc823476",
          "nodeType": "BotMessageNode",
          "id": "a5782368-43a0-4843-b19f-7c8036aa8bd1",
          "defaultTargetNodeId": "c81e2e01-91d8-4062-8753-8f7a43faff5a"
        }
      ],
      "dialogChangeNodes": [
        {
          "targetDialogId": "new_topic_eac3f49c99664313a9d9dc19d80a79a2_aeabea4d071f415c8c107e1cb7af5424_assumedsuccess",
          "nodeType": "DialogChangeNode",
          "id": "c81e2e01-91d8-4062-8753-8f7a43faff5a"
        }
      ],
      "id": "new_topic_f07f7b93e4f14727bc16248a0d7d949c",
      "displayName": "Dialog for Maximum length of a phone conference call (audio conferencing meeting)?",
      "createdTime": "2021-01-13T22:20:51.2381463Z",
      "updatedTime": "2021-04-17T13:47:24.1369999Z",
      "createdUserId": "f04d3cd9-b73d-4ba9-a1ed-9319eba29b21",
      "updatedUserId": "75392dcd-00bb-4588-89e9-c55bcbe40ccb"
    }
  ],
  "botMessages": [
    {
      "channelContent": {
        "web": {
          "contentFormat": "Markdown",
          "content": "La durée maximale d'une réunion est de 24 heures."
        }
      },
      "id": "c8de5c68-183c-46e6-a852-efddbc823476",
      "createdTime": "2021-01-13T22:20:51.2381463Z",
      "updatedTime": "2021-01-13T22:20:51.2381463Z",
      "createdUserId": "f04d3cd9-b73d-4ba9-a1ed-9319eba29b21",
      "updatedUserId": "f04d3cd9-b73d-4ba9-a1ed-9319eba29b21"
    }
  ]
}