{
  "intents": [
    {
      "triggerQueries": [
        "채널 이름 문자 단어 사용",
        "채널 명명 규칙",
        "채널 이름 특수 문자 사용",
        "채널 이름 특별 문자 포함",
        "채널 이름 아이콘 셰이프",
        "채널 이름 허용 문자",
        "채널 이름 특수 문자 사용",
        "채널 이름 제한",
        "채널 이름 지정",
        "채널 이름 이모티콘 아이콘 추가",
        "채널 이름에 특수 문자를 사용할 수 있습니까?"
      ],
      "dialogId": "new_topic_303f43a415ab4461b6ec84df4576d6ce",
      "isTriggeringEnabled": true,
      "id": "new_topic_303f43a415ab4461b6ec84df4576d6ce",
      "displayName": "채널 이름에 특수 문자를 사용할 수 있습니까?",
      "description": "https://adoptbotv2kb.blob.core.windows.net/%24web/adoptbot2021-Korean.docx",
      "createdTime": "2021-03-18T03:39:18.7466553Z",
      "updatedTime": "2021-04-06T08:29:20.476246Z",
      "createdUserId": "e47109d8-0300-4e59-a90d-56bb29886c9e",
      "updatedUserId": "e47109d8-0300-4e59-a90d-56bb29886c9e"
    }
  ],
  "dialogs": [
    {
      "rootNodeId": "6800ce26-5807-4938-8aea-60f8a132e6a3",
      "messageNodes": [
        {
          "botMessageId": "f7ec0857-c6b0-49c5-9a62-4bee54fb328c",
          "nodeType": "BotMessageNode",
          "id": "08d13ab0-89bb-44e9-bee2-ce0cafa6fe3d",
          "defaultTargetNodeId": "c5a57e74-d6b2-4724-80f3-050f37bef686"
        },
        {
          "botMessageId": "59c40e2b-8c68-42af-bfd5-df283e72ed5b",
          "nodeType": "BotMessageNode",
          "id": "6800ce26-5807-4938-8aea-60f8a132e6a3",
          "defaultTargetNodeId": "08d13ab0-89bb-44e9-bee2-ce0cafa6fe3d"
        },
        {
          "botMessageId": "d5a3b1e6-8948-4214-a9d1-bd24986966ad",
          "nodeType": "BotMessageNode",
          "id": "c5a57e74-d6b2-4724-80f3-050f37bef686",
          "defaultTargetNodeId": "d02e47ee-a19f-4da7-83f1-6a9e76a3965d"
        }
      ],
      "dialogChangeNodes": [
        {
          "targetDialogId": "new_topic_2bf23930c1d146129dfe38bacb94ccd0_aeabea4d071f415c8c107e1cb7af5424_assumedsuccess",
          "nodeType": "DialogChangeNode",
          "id": "d02e47ee-a19f-4da7-83f1-6a9e76a3965d"
        }
      ],
      "id": "new_topic_303f43a415ab4461b6ec84df4576d6ce",
      "displayName": "Dialog for 채널 이름에 특수 문자를 사용할 수 있습니까?",
      "createdTime": "2021-03-18T03:39:18.7466553Z",
      "updatedTime": "2021-04-06T08:26:26.0447844Z",
      "createdUserId": "e47109d8-0300-4e59-a90d-56bb29886c9e",
      "updatedUserId": "e47109d8-0300-4e59-a90d-56bb29886c9e"
    }
  ],
  "botMessages": [
    {
      "channelContent": {
        "web": {
          "contentFormat": "Markdown",
          "content": "그러나, 채널 이름에는 다음 문자나 단어가 포함될 수 없습니다.\n\n*   문자 : ~ # % & \\* {{ }} + / \\\\ : & > | |' ' .\n*   단어: Forms, CON, CONIN$, CONOUT$, PRN, AUX, NUL, COM1 ~ COM9, LPT1 ~ LPT9, desktop.ini, \\_vti\\_"
        }
      },
      "id": "f7ec0857-c6b0-49c5-9a62-4bee54fb328c",
      "createdTime": "2021-03-18T03:39:18.7466553Z",
      "updatedTime": "2021-03-18T03:39:18.7466553Z",
      "createdUserId": "e47109d8-0300-4e59-a90d-56bb29886c9e",
      "updatedUserId": "e47109d8-0300-4e59-a90d-56bb29886c9e"
    },
    {
      "channelContent": {
        "web": {
          "contentFormat": "Markdown",
          "content": "항상 먼저 문자로 채널의 이름을 지정합니다. 그런 다음 이름을 편집하고 아이콘을 추가하여 이해를 높일 수 있습니다 ✅"
        }
      },
      "id": "59c40e2b-8c68-42af-bfd5-df283e72ed5b",
      "createdTime": "2021-04-06T08:25:25.476Z",
      "updatedTime": "2021-04-06T08:25:25.476Z",
      "createdUserId": "user-0",
      "updatedUserId": "user-0"
    },
    {
      "channelContent": {
        "web": {
          "contentFormat": "Markdown",
          "content": "**주의**: 채널 이름은 밑줄(\\_) 또는 마침표(.)로 시작할 수 없고, 마침표(.)로 끝날 수 습니다."
        }
      },
      "id": "d5a3b1e6-8948-4214-a9d1-bd24986966ad",
      "createdTime": "2021-04-06T08:26:09.515Z",
      "updatedTime": "2021-04-06T08:26:09.515Z",
      "createdUserId": "user-0",
      "updatedUserId": "user-0"
    }
  ],
  "createdUtc": "0001-01-01T00:00:00Z"
}