{
  "intents": [
    {
      "triggerQueries": [
        "Kanalen som heter general",
        "Varför finns General-kanalen?",
        "Kan man radera kanalen allmänt?",
        "Jag vill ta bort allmäntkanalen",
        "Varför finns allmäntkanalen",
        "döpa om kanalen allmänt?",
        "kan man ta bort allmänt-kanalen?",
        "Varför finns en kanal som heter allmänt?",
        "Vad är syftet med en Allmänt-kanal?",
        "Vad används Allmänt-kanalen till?",
        "Vad är Allmänt-kanalen?"
      ],
      "dialogId": "new_topic_3f9802c4b470488c8b5071b2d42febf9",
      "isTriggeringEnabled": true,
      "id": "new_topic_3f9802c4b470488c8b5071b2d42febf9",
      "displayName": "Vad är Allmänt-kanalen?",
      "description": "",
      "createdTime": "2020-11-24T14:37:53.8230909Z",
      "updatedTime": "2020-12-08T15:41:59.0378411Z",
      "createdUserId": "f04d3cd9-b73d-4ba9-a1ed-9319eba29b21",
      "updatedUserId": "f04d3cd9-b73d-4ba9-a1ed-9319eba29b21"
    }
  ],
  "dialogs": [
    {
      "rootNodeId": "e2293aaa-8e17-48f8-bc03-eaafe7fbd1a5",
      "messageNodes": [
        {
          "botMessageId": "14ec89ce-9ffb-4029-b2e0-2180be5ebf57",
          "nodeType": "BotMessageNode",
          "id": "e2293aaa-8e17-48f8-bc03-eaafe7fbd1a5",
          "defaultTargetNodeId": "1c829136-efeb-43f1-a849-3d063b627746"
        }
      ],
      "dialogChangeNodes": [
        {
          "targetDialogId": "new_topic_84ec227c19784e7ba25cb34f4638f91e_aeabea4d071f415c8c107e1cb7af5424_assumedsuccess",
          "nodeType": "DialogChangeNode",
          "id": "1c829136-efeb-43f1-a849-3d063b627746"
        }
      ],
      "id": "new_topic_3f9802c4b470488c8b5071b2d42febf9",
      "displayName": "Dialog for Vad är Allmänt-kanalen?",
      "createdTime": "2020-11-24T14:37:53.8230909Z",
      "updatedTime": "2020-11-24T14:37:53.8230909Z",
      "createdUserId": "f04d3cd9-b73d-4ba9-a1ed-9319eba29b21",
      "updatedUserId": "f04d3cd9-b73d-4ba9-a1ed-9319eba29b21"
    }
  ],
  "botMessages": [
    {
      "channelContent": {
        "web": {
          "contentFormat": "Markdown",
          "content": "Som standard skapas kanalen Allmänt åt dig i varje team. Det finns många användbara syften med Allmänt-kanalen:\r\n\r\n- Använd den för att dela en översikt över vad teamet vill uppnå. Till exempel en projektöversikt eller vem som är vem i teamet\r\n- Använd den för nya teammedlemmars onboarding och annan information på övergripande nivå som en ny gruppmedlem skulle finna användbar\r\n- Använd den för meddelanden till alla i teamet\r\n\r\n\r\nNär du namnger kanaler, kom ihåg att kanalerna kommer att ordnas alfabetiskt efter Allmänt-kanalen. För närvarande kan du inte ta bort den kanalen Allmänt."
        }
      },
      "id": "14ec89ce-9ffb-4029-b2e0-2180be5ebf57",
      "createdTime": "2020-11-24T14:37:53.8230909Z",
      "updatedTime": "2020-11-24T14:37:53.8230909Z",
      "createdUserId": "f04d3cd9-b73d-4ba9-a1ed-9319eba29b21",
      "updatedUserId": "f04d3cd9-b73d-4ba9-a1ed-9319eba29b21"
    }
  ]
}