{
  "intents": [
    {
      "triggerQueries": [
        "Chat with external users?",
        "Chat with external people",
        "write to people outside your organization?",
        "Can I chat with people outside my organization in Teams?",
        "Write to external people through Teams?",
        "Chat externally without changing environment?",
        "Chat without being invited as a guest?",
        "Chat with others externally via Teams",
        "How do I reach others externally through Teams?",
        "Can I chat with external users in Teams?"
      ],
      "dialogId": "new_topic_833d3d9f0e664fce9226d7ec686e1dde",
      "isTriggeringEnabled": true,
      "id": "new_topic_833d3d9f0e664fce9226d7ec686e1dde",
      "displayName": "Can I chat with external users in Teams?",
      "description": "https://adoptbotv2kb.blob.core.windows.net/%24web/AdoptBot2021-English.docx",
      "createdTime": "2021-01-13T22:20:51.2381463Z",
      "updatedTime": "2021-01-24T21:04:19.3499826Z",
      "createdUserId": "f04d3cd9-b73d-4ba9-a1ed-9319eba29b21",
      "updatedUserId": "f04d3cd9-b73d-4ba9-a1ed-9319eba29b21"
    }
  ],
  "dialogs": [
    {
      "rootNodeId": "fa78cb2c-50e6-4bd3-ad69-9a2bf3bd85b6",
      "messageNodes": [
        {
          "botMessageId": "64008f18-dc3b-4ac9-aca5-47fe62865c6e",
          "nodeType": "BotMessageNode",
          "id": "fa78cb2c-50e6-4bd3-ad69-9a2bf3bd85b6",
          "defaultTargetNodeId": "4b741c70-4bf1-4dac-9941-1f636adc3bb9"
        },
        {
          "botMessageId": "a4db7941-aaba-4463-98e7-e24c06dad629",
          "nodeType": "BotMessageNode",
          "id": "4b741c70-4bf1-4dac-9941-1f636adc3bb9",
          "defaultTargetNodeId": "802a43a2-cafe-4174-aab8-0fa8f40c54ba"
        },
        {
          "botMessageId": "2a247ca1-5b38-4789-8f1a-8df4235f8a44",
          "nodeType": "BotMessageNode",
          "id": "802a43a2-cafe-4174-aab8-0fa8f40c54ba",
          "defaultTargetNodeId": "6ec33aea-ac7b-403e-8c53-c910bf3c6565"
        }
      ],
      "dialogChangeNodes": [
        {
          "targetDialogId": "new_topic_eac3f49c99664313a9d9dc19d80a79a2_aeabea4d071f415c8c107e1cb7af5424_assumedsuccess",
          "nodeType": "DialogChangeNode",
          "id": "6ec33aea-ac7b-403e-8c53-c910bf3c6565"
        }
      ],
      "id": "new_topic_833d3d9f0e664fce9226d7ec686e1dde",
      "displayName": "Dialog for Can I chat with external users in Teams?",
      "createdTime": "2021-01-13T22:20:51.2381463Z",
      "updatedTime": "2021-01-27T20:40:23.7904643Z",
      "createdUserId": "f04d3cd9-b73d-4ba9-a1ed-9319eba29b21",
      "updatedUserId": "f04d3cd9-b73d-4ba9-a1ed-9319eba29b21"
    }
  ],
  "botMessages": [
    {
      "channelContent": {
        "web": {
          "contentFormat": "Markdown",
          "content": "When you need to communicate and collaborate with people outside your organization, you can use Microsoft Teams External Access (also known as federation) to find, call, and chat with users in other domains (for example, contoso.com)."
        }
      },
      "id": "64008f18-dc3b-4ac9-aca5-47fe62865c6e",
      "createdTime": "2021-01-13T22:20:51.2381463Z",
      "updatedTime": "2021-01-13T22:20:51.2381463Z",
      "createdUserId": "f04d3cd9-b73d-4ba9-a1ed-9319eba29b21",
      "updatedUserId": "f04d3cd9-b73d-4ba9-a1ed-9319eba29b21"
    },
    {
      "channelContent": {
        "web": {
          "contentFormat": "Markdown",
          "content": "You can try typing an external user's e-mail adress in the Teams search bar.   \nIf the person shows up, select their external address, and try chatting."
        }
      },
      "id": "a4db7941-aaba-4463-98e7-e24c06dad629",
      "createdTime": "2021-01-27T20:38:39.564Z",
      "updatedTime": "2021-01-27T20:38:39.564Z",
      "createdUserId": "user-0",
      "updatedUserId": "user-0"
    },
    {
      "channelContent": {
        "web": {
          "contentFormat": "Markdown",
          "content": "**Please note!** This requires certain options to be enabled at the respective organizations:\n\n[Communicate with users from other organizations in Microsoft Teams](https://docs.microsoft.com/en-us/microsoftteams/communicate-with-users-from-other-organizations)"
        }
      },
      "id": "2a247ca1-5b38-4789-8f1a-8df4235f8a44",
      "createdTime": "2021-01-27T20:38:41.765Z",
      "updatedTime": "2021-01-27T20:38:41.765Z",
      "createdUserId": "user-0",
      "updatedUserId": "user-0"
    }
  ]
}