{
  "intents": [
    {
      "triggerQueries": [
        "채팅 파일 공유",
        "채널 멤버 파일 공유",
        "Teams 팀즈 팀 File 파일 공유 어떻게",
        "Teams에서 파일은 어떻게 공유되나요?"
      ],
      "dialogId": "new_topic_78e1f9dec1294e378e6f65a0fae07c8d",
      "isTriggeringEnabled": true,
      "id": "new_topic_78e1f9dec1294e378e6f65a0fae07c8d",
      "displayName": "Teams에서 파일은 어떻게 공유되나요?",
      "description": "https://adoptbotv2kb.blob.core.windows.net/%24web/adoptbot2021-Korean.docx",
      "createdTime": "2021-03-18T03:39:18.7466553Z",
      "updatedTime": "2021-04-05T07:09:21.5917058Z",
      "createdUserId": "e47109d8-0300-4e59-a90d-56bb29886c9e",
      "updatedUserId": "e47109d8-0300-4e59-a90d-56bb29886c9e"
    }
  ],
  "dialogs": [
    {
      "rootNodeId": "0a4ae037-71fc-42d4-a91d-517d7418068a",
      "messageNodes": [
        {
          "botMessageId": "1d6a7dc9-ff90-4b52-947c-8990dd486269",
          "nodeType": "BotMessageNode",
          "id": "a63bb1ef-386d-44a1-b169-5258a3cd5c64",
          "defaultTargetNodeId": "666d9e9a-18a2-46e9-8bff-080c44a1675f"
        },
        {
          "botMessageId": "90924ca1-35d5-4bb7-8b32-a718b26f7dc2",
          "nodeType": "BotMessageNode",
          "id": "0a4ae037-71fc-42d4-a91d-517d7418068a",
          "defaultTargetNodeId": "a28a16f0-ac5e-4dce-9573-45905a1563e9"
        },
        {
          "botMessageId": "0c59a58c-c235-43d0-b9f1-e788a8fcef96",
          "nodeType": "BotMessageNode",
          "id": "a28a16f0-ac5e-4dce-9573-45905a1563e9",
          "defaultTargetNodeId": "2c147e57-af1b-4dc0-8b73-f6ee43695893"
        },
        {
          "botMessageId": "7c2d3e7c-8996-4ed7-a457-1f58af31b0c9",
          "nodeType": "BotMessageNode",
          "id": "2c147e57-af1b-4dc0-8b73-f6ee43695893",
          "defaultTargetNodeId": "a63bb1ef-386d-44a1-b169-5258a3cd5c64"
        }
      ],
      "dialogChangeNodes": [
        {
          "targetDialogId": "new_topic_2bf23930c1d146129dfe38bacb94ccd0_aeabea4d071f415c8c107e1cb7af5424_assumedsuccess",
          "nodeType": "DialogChangeNode",
          "id": "666d9e9a-18a2-46e9-8bff-080c44a1675f"
        }
      ],
      "id": "new_topic_78e1f9dec1294e378e6f65a0fae07c8d",
      "displayName": "Dialog for Teams에서 파일은 어떻게 공유되나요?",
      "createdTime": "2021-03-18T03:39:18.7466553Z",
      "updatedTime": "2021-04-05T07:04:19.0415317Z",
      "createdUserId": "e47109d8-0300-4e59-a90d-56bb29886c9e",
      "updatedUserId": "e47109d8-0300-4e59-a90d-56bb29886c9e"
    }
  ],
  "botMessages": [
    {
      "channelContent": {
        "web": {
          "contentFormat": "Markdown",
          "content": "Teams는 Teams 플랫폼을 벗어나지 않고도 실시간으로 문서를 인쇄, 공유 또는 공동 작업을 할 수 있습니다."
        }
      },
      "id": "1d6a7dc9-ff90-4b52-947c-8990dd486269",
      "createdTime": "2021-03-18T03:39:18.7466553Z",
      "updatedTime": "2021-03-18T03:39:18.7466553Z",
      "createdUserId": "e47109d8-0300-4e59-a90d-56bb29886c9e",
      "updatedUserId": "e47109d8-0300-4e59-a90d-56bb29886c9e"
    },
    {
      "channelContent": {
        "web": {
          "contentFormat": "Markdown",
          "content": "각 채널에는 \"파일\"이라는 탭이 있습니다. 거기에서 [팀에서 파일을 업로드](https://support.microsoft.com/ko-kr/office/dela-en-fil-i-teams-0c4d34ee-5dd8-46d5-ab35-0d227b5e6eb5) 할 수 있습니다."
        }
      },
      "id": "90924ca1-35d5-4bb7-8b32-a718b26f7dc2",
      "createdTime": "2021-04-05T07:03:32.861Z",
      "updatedTime": "2021-04-05T07:03:32.861Z",
      "createdUserId": "user-0",
      "updatedUserId": "user-0"
    },
    {
      "channelContent": {
        "web": {
          "contentFormat": "Markdown",
          "content": "채널 채팅에서 파일을 공유할 수도 있습니다. 채널의 \"파일\" 탭에서 찾을 수 있습니다."
        }
      },
      "id": "0c59a58c-c235-43d0-b9f1-e788a8fcef96",
      "createdTime": "2021-04-05T07:03:44.047Z",
      "updatedTime": "2021-04-05T07:03:44.047Z",
      "createdUserId": "user-0",
      "updatedUserId": "user-0"
    },
    {
      "channelContent": {
        "web": {
          "contentFormat": "Markdown",
          "content": "비공개 또는 그룹 채팅에서 공유되는 파일은 해당 대화의 사람들과 공유할 수 있습니다."
        }
      },
      "id": "7c2d3e7c-8996-4ed7-a457-1f58af31b0c9",
      "createdTime": "2021-04-05T07:04:08.2Z",
      "updatedTime": "2021-04-05T07:04:08.2Z",
      "createdUserId": "user-0",
      "updatedUserId": "user-0"
    }
  ],
  "createdUtc": "0001-01-01T00:00:00Z"
}