{
  "intents": [
    {
      "endUserOverrideName": "Propriétaire d'équipe",
      "triggerQueries": [
        "Quels sont les droits de l'owner de l'équipe?",
        "Quels sont les droits du propriétaire de l'équipe?",
        "Comment puis-je devenir propriétaire d'une équipe?",
        "Qu'est-ce que le propriétaire de l'équipe?",
        "Qui est le propriétaire de l'équipe?",
        "Qu'est-ce que propriétaire de l'équipe signifie?",
        "Propriétaire de l'équipe",
        "Team owner",
        "Qu'est-ce que Team Owner signifie?",
        "Qui est le owner de l'équipe?",
        "Quel role joue le propriétaire de l'équipe?",
        "Que peut faire un propriétaire d'équipe?",
        "Comment puis-je devenir l'owner d'une équipe?",
        "l'administrateur d'une équipe?",
        "Qu'est-ce que l'owner de l'équipe?"
      ],
      "dialogId": "new_topic_f1334de2704249e6aefbb9a5d5a7f4e6",
      "isTriggeringEnabled": true,
      "id": "new_topic_f1334de2704249e6aefbb9a5d5a7f4e6",
      "displayName": "Qu'est-ce que l'on appelle le propriétaire d'une équipe?",
      "description": "",
      "createdTime": "2021-01-13T22:20:51.2381463Z",
      "updatedTime": "2021-05-24T21:30:28.2338267Z",
      "createdUserId": "f04d3cd9-b73d-4ba9-a1ed-9319eba29b21",
      "updatedUserId": "a2c4aa2c-d830-41eb-bcf4-467a2c7e1279"
    }
  ],
  "dialogs": [
    {
      "rootNodeId": "fc8513a1-bf56-4f13-85ee-d701f56d3a63",
      "messageNodes": [
        {
          "botMessageId": "20109061-8448-4779-82fc-fc5356670077",
          "nodeType": "BotMessageNode",
          "id": "fc8513a1-bf56-4f13-85ee-d701f56d3a63",
          "defaultTargetNodeId": "f23ba8e9-1e70-480a-8cc2-558200364669"
        },
        {
          "botMessageId": "b6e6963a-8af9-4da2-8473-d767177019b3",
          "nodeType": "BotMessageNode",
          "id": "f23ba8e9-1e70-480a-8cc2-558200364669",
          "defaultTargetNodeId": "1f43ddd4-b7a3-462b-8a75-a0b7a5a16542"
        },
        {
          "botMessageId": "74ca9ef5-f430-4502-b4ce-4620fe577375",
          "nodeType": "BotMessageNode",
          "id": "2615a937-0390-403f-8f5c-4d674ea66b35",
          "defaultTargetNodeId": "8e5f1c9e-07b8-4058-b05a-499c6ca8c3bd"
        },
        {
          "botMessageId": "7956d4e1-aea2-4b08-ba02-e125167251d6",
          "nodeType": "BotMessageNode",
          "id": "1f43ddd4-b7a3-462b-8a75-a0b7a5a16542",
          "defaultTargetNodeId": "2615a937-0390-403f-8f5c-4d674ea66b35"
        }
      ],
      "dialogChangeNodes": [
        {
          "targetDialogId": "new_topic_eac3f49c99664313a9d9dc19d80a79a2_aeabea4d071f415c8c107e1cb7af5424_assumedsuccess",
          "nodeType": "DialogChangeNode",
          "id": "8e5f1c9e-07b8-4058-b05a-499c6ca8c3bd"
        }
      ],
      "id": "new_topic_f1334de2704249e6aefbb9a5d5a7f4e6",
      "displayName": "Dialog for What is a Team Owner?",
      "createdTime": "2021-01-13T22:20:51.2381463Z",
      "updatedTime": "2021-05-24T21:31:37.6934705Z",
      "createdUserId": "f04d3cd9-b73d-4ba9-a1ed-9319eba29b21",
      "updatedUserId": "a2c4aa2c-d830-41eb-bcf4-467a2c7e1279"
    }
  ],
  "botMessages": [
    {
      "channelContent": {
        "web": {
          "contentFormat": "Markdown",
          "content": "**Le propriétaire de l'équipe** (Team owner) est la personne qui crée/administre l'équipe. Les propriétaires de l'équipe peuvent faire en sorte que des membres soient/deviennent également propriétaires lorsqu'ils les invitent à rejoindre l'équipe. Cette opération peut également être réalisée à tout moment."
        }
      },
      "id": "20109061-8448-4779-82fc-fc5356670077",
      "createdTime": "2021-01-13T22:20:51.2381463Z",
      "updatedTime": "2021-01-13T22:20:51.2381463Z",
      "createdUserId": "f04d3cd9-b73d-4ba9-a1ed-9319eba29b21",
      "updatedUserId": "f04d3cd9-b73d-4ba9-a1ed-9319eba29b21"
    },
    {
      "channelContent": {
        "web": {
          "contentFormat": "Markdown",
          "content": "Avec plusieurs propriétaires d’équipe, vous pouvez partager la responsabilité de la gestion des paramètres et des adhésions à l'équipe, y compris les invitations."
        }
      },
      "id": "b6e6963a-8af9-4da2-8473-d767177019b3",
      "createdTime": "2021-01-27T22:51:28.075Z",
      "updatedTime": "2021-01-27T22:51:28.075Z",
      "createdUserId": "user-0",
      "updatedUserId": "user-0"
    },
    {
      "channelContent": {
        "web": {
          "contentFormat": "Markdown",
          "content": "💡**Conseils :**\n\n_En tant que propriétaire d'une équipe, vous pouvez :_\n\n*   _ajouter une image à l'équipe,_\n*   _définir les permissions des membres de l'équipe sur la création des canaux,_\n*   _ajouter des onglets,_\n*   _@mentionner l'équipe entière ou une canal entier,_\n*   _contrôler l'utilisation des GIFs, autocollants, et des memes._"
        }
      },
      "id": "74ca9ef5-f430-4502-b4ce-4620fe577375",
      "createdTime": "2021-01-27T22:51:46.153Z",
      "updatedTime": "2021-01-27T22:51:46.153Z",
      "createdUserId": "user-0",
      "updatedUserId": "user-0"
    },
    {
      "channelContent": {
        "web": {
          "contentFormat": "Markdown",
          "content": "Assurez-vous d’avoir au moins deux propriétaires par équipe. Cela garantit un contact au cas où l’un des propriétaires n’est pas disponible."
        }
      },
      "id": "7956d4e1-aea2-4b08-ba02-e125167251d6",
      "createdTime": "2021-01-27T22:52:36.488Z",
      "updatedTime": "2021-01-27T22:52:36.488Z",
      "createdUserId": "user-0",
      "updatedUserId": "user-0"
    }
  ],
  "createdUtc": "0001-01-01T00:00:00Z"
}