{
  "intents": [
    {
      "endUserOverrideName": "Offline?",
      "triggerQueries": [
        "Benötigt Office Internetzugang?",
        "Benötige ich Internetzugang?",
        "Arbeiten ohne Internet mit Office",
        "Wie erreiche ich Office offline",
        "Kann ich offline arbeiten?",
        "Benötige ich Internet für Office?",
        "Offline-Zugriff auf Office?",
        "Verwenden von Teams im Offline-Modus",
        "Benötigt Teams einen Internetzugang?"
      ],
      "dialogId": "new_topic_4e62aef8134e4c309ff032a4f5fe26d2",
      "isTriggeringEnabled": true,
      "id": "new_topic_4e62aef8134e4c309ff032a4f5fe26d2",
      "displayName": "Benötigt Office Internetzugang?",
      "description": "",
      "createdTime": "2021-04-19T09:54:48.8546875Z",
      "updatedTime": "2021-04-22T06:28:20.9079501Z",
      "createdUserId": "16930407-b7c9-43e8-bceb-33467ef65593",
      "updatedUserId": "86360cd1-faa6-4d16-8a0c-ba3116c8a977"
    }
  ],
  "dialogs": [
    {
      "rootNodeId": "9d09f388-6fd0-4344-91bb-074ecc30240d",
      "messageNodes": [
        {
          "botMessageId": "6389a4ab-e92e-4734-b534-12749de2d0e6",
          "nodeType": "BotMessageNode",
          "id": "9d09f388-6fd0-4344-91bb-074ecc30240d",
          "defaultTargetNodeId": "0bfe4aee-725a-48b3-b109-8a18b55a9947"
        },
        {
          "botMessageId": "d99a5804-b650-42e1-afd4-a8308ba6a00b",
          "nodeType": "BotMessageNode",
          "id": "0bfe4aee-725a-48b3-b109-8a18b55a9947",
          "defaultTargetNodeId": "e84ff29f-060f-42b0-9f46-1e3af58086da"
        },
        {
          "botMessageId": "765566f8-de0c-4b75-b1a7-390aa63e88a8",
          "nodeType": "BotMessageNode",
          "id": "e84ff29f-060f-42b0-9f46-1e3af58086da",
          "defaultTargetNodeId": "0e5671da-b00d-453d-97d7-28d149dfdec5"
        },
        {
          "botMessageId": "73908d94-5cd4-423a-81fa-9dce0ee46550",
          "nodeType": "BotMessageNode",
          "id": "0e5671da-b00d-453d-97d7-28d149dfdec5",
          "defaultTargetNodeId": "144e14d7-b32b-409c-9db4-275a90bdbb9f"
        },
        {
          "botMessageId": "9dab4e5a-a264-4aab-ac6b-9b695e57b80b",
          "nodeType": "BotMessageNode",
          "id": "144e14d7-b32b-409c-9db4-275a90bdbb9f",
          "defaultTargetNodeId": "e36c7194-5f3a-4c55-aa94-d470fff9d657"
        },
        {
          "botMessageId": "186ab441-bfcd-4452-a1d8-50f34d37f7c1",
          "nodeType": "BotMessageNode",
          "id": "e36c7194-5f3a-4c55-aa94-d470fff9d657",
          "defaultTargetNodeId": "6954ed04-afbc-4557-b534-a9807c6eba40"
        }
      ],
      "dialogChangeNodes": [
        {
          "targetDialogId": "new_topic_30867099f4b543d3b8543a85c22c3418_aeabea4d071f415c8c107e1cb7af5424_assumedsuccess",
          "nodeType": "DialogChangeNode",
          "id": "6954ed04-afbc-4557-b534-a9807c6eba40"
        }
      ],
      "id": "new_topic_4e62aef8134e4c309ff032a4f5fe26d2",
      "displayName": "Dialog for Benötigt Office Internetzugang?",
      "createdTime": "2021-04-19T09:54:48.8546875Z",
      "updatedTime": "2021-04-21T09:43:44.2805258Z",
      "createdUserId": "16930407-b7c9-43e8-bceb-33467ef65593",
      "updatedUserId": "86360cd1-faa6-4d16-8a0c-ba3116c8a977"
    }
  ],
  "botMessages": [
    {
      "channelContent": {
        "web": {
          "contentFormat": "Markdown",
          "content": "Sie müssen nicht mit dem Internet verbunden sein, um Office-Anwendungen wie Word, Excel und PowerPoint verwenden zu können, da die Anwendungen vollständig auf Ihrem Computer installiert sind."
        }
      },
      "id": "6389a4ab-e92e-4734-b534-12749de2d0e6",
      "createdTime": "2021-04-19T09:54:48.8546875Z",
      "updatedTime": "2021-04-19T09:54:48.8546875Z",
      "createdUserId": "16930407-b7c9-43e8-bceb-33467ef65593",
      "updatedUserId": "16930407-b7c9-43e8-bceb-33467ef65593"
    },
    {
      "channelContent": {
        "web": {
          "contentFormat": "Markdown",
          "content": "Sie können Teams sogar im Offline-Modus verwenden. Das bedeutet, dass Nutzende ihre letzten Chats und Kanäle sowie diejenigen, die sie angeheftet haben, durchsuchen können. Nutzende können auch Nachrichten für später verfassen"
        }
      },
      "id": "d99a5804-b650-42e1-afd4-a8308ba6a00b",
      "createdTime": "2021-04-19T09:55:41.679Z",
      "updatedTime": "2021-04-19T09:55:41.679Z",
      "createdUserId": "user-0",
      "updatedUserId": "user-0"
    },
    {
      "channelContent": {
        "web": {
          "contentFormat": "Markdown",
          "content": "Für die Installation und Aktivierung aller aktuellen Editionen von Office Produkten und aller Microsoft 365-Abonnementpläne ist ein Internetzugang erforderlich."
        }
      },
      "id": "765566f8-de0c-4b75-b1a7-390aa63e88a8",
      "createdTime": "2021-04-19T09:57:52.205Z",
      "updatedTime": "2021-04-19T09:57:52.205Z",
      "createdUserId": "user-0",
      "updatedUserId": "user-0"
    },
    {
      "channelContent": {
        "web": {
          "contentFormat": "Markdown",
          "content": "Der Internetzugang ist auch für den Zugriff auf in OneDrive gespeicherte Dokumente erforderlich, es sei denn, Sie installieren die [OneDrive-Desktop-App.](https://go.microsoft.com/fwlink/p/?LinkID=403721)"
        }
      },
      "id": "73908d94-5cd4-423a-81fa-9dce0ee46550",
      "createdTime": "2021-04-19T09:59:32.605Z",
      "updatedTime": "2021-04-19T09:59:32.605Z",
      "createdUserId": "user-0",
      "updatedUserId": "user-0"
    },
    {
      "channelContent": {
        "web": {
          "contentFormat": "Markdown",
          "content": "Sie sollten auch regelmäßig eine Verbindung zum Internet herstellen, um Ihre Office-Version auf dem neuesten Stand zu halten und automatische Upgrades zu nutzen. Wenn Sie nicht mindestens alle 31 Tage eine Verbindung zum Internet herstellen, werden Ihre Anwendungen in den eingeschränkten Funktionsmodus versetzt."
        }
      },
      "id": "9dab4e5a-a264-4aab-ac6b-9b695e57b80b",
      "createdTime": "2021-04-19T10:00:47.189Z",
      "updatedTime": "2021-04-19T10:00:47.189Z",
      "createdUserId": "user-0",
      "updatedUserId": "user-0"
    },
    {
      "channelContent": {
        "web": {
          "contentFormat": "Markdown",
          "content": "Dieser Modus bedeutet, dass Sie Ihre Dokumente anzeigen oder drucken, aber die Dokumente nicht bearbeiten oder neue erstellen können.\n\nUm Ihre Office-Anwendungen erneut zu aktivieren, stellen Sie einfach die Verbindung zum Internet wieder her."
        }
      },
      "id": "186ab441-bfcd-4452-a1d8-50f34d37f7c1",
      "createdTime": "2021-04-19T10:01:36.079Z",
      "updatedTime": "2021-04-19T10:01:36.079Z",
      "createdUserId": "user-0",
      "updatedUserId": "user-0"
    }
  ],
  "createdUtc": "0001-01-01T00:00:00Z"
}