{
  "intents": [
    {
      "endUserOverrideName": "即時更新的班表? (Shifts in Teams)",
      "triggerQueries": [
        "What can the Shifts app do in Teams?",
        "mobile work schedule",
        "Always up-to-date work schedule?",
        "who can cover my shift?",
        "access shifts from a phone",
        "Create a schedule for my team",
        "manage shifts for my team",
        "Shifts for the firstline",
        "punch clock app",
        "time clock in teams",
        "time reports in times for a shift",
        "I need to manage frontline workers",
        "What is the shifts app?",
        "What do you use shifts in teams for?",
        "Can someone cover my shift?",
        "How can I see who's working a shift?",
        "Can we have a team schedule?",
        "Create a schedule for my team",
        "always up to date schedule",
        "shift based working",
        "Frontline workers using shifts",
        "Shifts for frontline workers",
        "Microsoft shifts app",
        "An up-to-date schedule? (Shifts in Teams)",
        "What is Shifts in Teams?",
        "Shifts 可以在teams中做什麼事?",
        "移動端班表",
        "即時更新班表",
        "誰可以覆蓋我的 shift?",
        "存取來自手機的 shifts",
        "為我的團隊創造行程表",
        "管理團隊的 shifts",
        "第一線專用的 Shifts",
        "打卡鐘應用程式",
        "Teams 中的時鐘",
        "shift 中根據時間的時間報告",
        "我需要管理前線員工",
        "什麼是 shifts 應用程式?",
        "你在 Teams 中怎麼應用 shifts",
        "有人可以覆蓋我的 shift?",
        "我該怎麼看誰在使用 shift?",
        "我們可以有團隊的行程表嗎",
        "創造團隊行程表",
        "即時更新的時程表",
        "shift 為基底的工作",
        "第一線員工使用 shifts",
        "給第一線員工的 shifts",
        "Microsoft shifts",
        "即時更新的班表? (Shifts in Teams)",
        "什麼是 Shifts in Teams?"
      ],
      "dialogId": "new_topic_8e53a04677934889916ab57bf39666c5",
      "isTriggeringEnabled": true,
      "id": "new_topic_8e53a04677934889916ab57bf39666c5",
      "displayName": "Teams 中的 Shifts",
      "description": "",
      "createdTime": "2021-11-17T06:53:33.9758784Z",
      "updatedTime": "2021-11-17T06:54:15.294794Z",
      "createdUserId": "9c968d43-f7c2-4e28-895c-1f6bcefcd8be",
      "updatedUserId": "9c968d43-f7c2-4e28-895c-1f6bcefcd8be"
    }
  ],
  "dialogs": [
    {
      "rootNodeId": "c304f372-3f4f-42c7-a935-bb4ed8df15dc",
      "messageNodes": [
        {
          "botMessageId": "4215cf2b-6e7c-4b4b-9654-02151792b03b",
          "nodeType": "BotMessageNode",
          "id": "c304f372-3f4f-42c7-a935-bb4ed8df15dc",
          "defaultTargetNodeId": "5378bcc9-e3dc-4c92-84ce-71e1f361783a"
        },
        {
          "botMessageId": "df3a72c3-5017-4b0d-a5b4-36deb5dc90cb",
          "nodeType": "BotMessageNode",
          "id": "5378bcc9-e3dc-4c92-84ce-71e1f361783a",
          "defaultTargetNodeId": "70e8b7d5-04bc-47de-bb8a-c240606554c9"
        },
        {
          "botMessageId": "1f44c375-dc27-4e49-a7ab-9148247a87ab",
          "nodeType": "BotMessageNode",
          "id": "70e8b7d5-04bc-47de-bb8a-c240606554c9",
          "defaultTargetNodeId": "6ddd5e73-4552-4cfb-b25c-b533594b3a01"
        },
        {
          "botMessageId": "4b607630-2c5f-48b4-bfac-cfabb451cfe3",
          "nodeType": "BotMessageNode",
          "id": "6ddd5e73-4552-4cfb-b25c-b533594b3a01",
          "defaultTargetNodeId": "a8e0b5ea-a962-4e28-b505-0bd670e8486b"
        },
        {
          "botMessageId": "ac03d419-a91b-4e1b-a3bb-fbab62d73052",
          "nodeType": "BotMessageNode",
          "id": "a8e0b5ea-a962-4e28-b505-0bd670e8486b",
          "defaultTargetNodeId": "a3019714-c613-423a-a3fd-5eff3171c26f"
        }
      ],
      "dialogChangeNodes": [
        {
          "targetDialogId": "new_topic_e2d1671328b941dbb60fa7150059b1ee_aeabea4d071f415c8c107e1cb7af5424_assumedsuccess",
          "nodeType": "DialogChangeNode",
          "id": "a3019714-c613-423a-a3fd-5eff3171c26f"
        }
      ],
      "id": "new_topic_8e53a04677934889916ab57bf39666c5",
      "displayName": "Dialog for Teams 中的 Shifts",
      "createdTime": "2021-11-17T06:53:33.9758784Z",
      "updatedTime": "2021-11-17T06:54:15.294794Z",
      "createdUserId": "9c968d43-f7c2-4e28-895c-1f6bcefcd8be",
      "updatedUserId": "9c968d43-f7c2-4e28-895c-1f6bcefcd8be"
    }
  ],
  "botMessages": [
    {
      "channelContent": {
        "web": {
          "contentFormat": "Markdown",
          "content": "許多人希望他們的手機上永遠有一個最新的工作日程..."
        }
      },
      "id": "4215cf2b-6e7c-4b4b-9654-02151792b03b",
      "createdTime": "2021-11-17T06:53:33.9758784Z",
      "updatedTime": "2021-11-17T06:53:33.9758784Z",
      "createdUserId": "9c968d43-f7c2-4e28-895c-1f6bcefcd8be",
      "updatedUserId": "9c968d43-f7c2-4e28-895c-1f6bcefcd8be"
    },
    {
      "channelContent": {
        "web": {
          "contentFormat": "Markdown",
          "content": "其實您可以！[Shift](https://support.microsoft.com/zh-tw/office/%E4%BB%80%E9%BA%BC%E6%98%AF%E7%8F%AD%E6%AC%A1-f8efe6e4-ddb3-4d23-b81b-bb812296b821) 是一個免費的 Teams 應用程式，讓您管理時程表並與您的團隊保持同步。 Shift 作為一個偉大的調度工具，造福任何使用者，並且特別設計為「前線工作者」最好的朋友。嗯......至少是一個偉大的排程工具😉\n\n**全都在您的手機上。**"
        }
      },
      "id": "df3a72c3-5017-4b0d-a5b4-36deb5dc90cb",
      "createdTime": "2021-11-17T06:53:45.544Z",
      "updatedTime": "2021-11-17T06:53:45.544Z",
      "createdUserId": "user-0",
      "updatedUserId": "user-0"
    },
    {
      "channelContent": {
        "web": {
          "contentFormat": "Markdown",
          "content": "🎬[觀看這個 1 分鐘的影片](https://support.microsoft.com/zh-tw/office/%E6%87%89%E7%94%A8%E7%A8%8B%E5%BC%8F%E5%92%8C%E6%9C%8D%E5%8B%99-cc1fba57-9900-4634-8306-2360a40c665b)以了解 Shift 的實際應用"
        }
      },
      "id": "1f44c375-dc27-4e49-a7ab-9148247a87ab",
      "createdTime": "2021-11-17T06:53:51.032Z",
      "updatedTime": "2021-11-17T06:53:51.032Z",
      "createdUserId": "user-0",
      "updatedUserId": "user-0"
    },
    {
      "channelContent": {
        "web": {
          "contentFormat": "Markdown",
          "content": "**管理 Shift**\n\n*   📅 Shift 時程表 - 看看其他人的工作時間。您可以看到有誰在線上以及其他人的[狀態](https://docs.microsoft.com/zh-tw/microsoftteams/presence-admins)。\n*   📲如果你需要和某人談談， 就直接聯繫他們（不用再猜測誰有空！）\n*   📝查看/添加說明，了解排班狀態的其他詳細資訊。\n*   🕓時鐘 - 打上下班卡。"
        }
      },
      "id": "4b607630-2c5f-48b4-bfac-cfabb451cfe3",
      "createdTime": "2021-11-17T06:53:56.208Z",
      "updatedTime": "2021-11-17T06:53:56.208Z",
      "createdUserId": "user-0",
      "updatedUserId": "user-0"
    },
    {
      "channelContent": {
        "web": {
          "contentFormat": "Markdown",
          "content": "💡**提示**：如果您工作時沒有辦公桌，請查看 [Teams 對講機](https://support.microsoft.com/zh-tw/office/%E9%96%8B%E5%A7%8B%E4%BD%BF%E7%94%A8-teams-%E7%84%A1%E7%B7%9A%E5%B0%8D%E8%AC%9B%E6%A9%9F-25bdc3d5-bbb2-41b7-89bf-650fae0c8e0c)功能是否有幫助。"
        }
      },
      "id": "ac03d419-a91b-4e1b-a3bb-fbab62d73052",
      "createdTime": "2021-11-17T06:54:01.78Z",
      "updatedTime": "2021-11-17T06:54:01.78Z",
      "createdUserId": "user-0",
      "updatedUserId": "user-0"
    }
  ]
}