{
  "intents": [
    {
      "triggerQueries": [
        "검색 필터링 작동",
        "검색 작동",
        "검색 팁",
        "Team 검색",
        "Teams 검색",
        "팀즈 검색",
        "팀 검색",
        "팀 검색 사용",
        "검색 표시줄 사용",
        "Teams에서 검색하려면 어떻게 해야 하나요?"
      ],
      "dialogId": "new_topic_8bc90873cbf841f5a4204fce14e85e5a",
      "isTriggeringEnabled": true,
      "id": "new_topic_8bc90873cbf841f5a4204fce14e85e5a",
      "displayName": "Teams에서 검색하려면 어떻게 해야 하나요?",
      "description": "https://adoptbotv2kb.blob.core.windows.net/%24web/adoptbot2021-Korean.docx",
      "createdTime": "2021-03-18T03:39:18.7476571Z",
      "updatedTime": "2021-03-25T04:30:27.7047743Z",
      "createdUserId": "e47109d8-0300-4e59-a90d-56bb29886c9e",
      "updatedUserId": "e47109d8-0300-4e59-a90d-56bb29886c9e"
    }
  ],
  "dialogs": [
    {
      "rootNodeId": "05eaf340-2fe7-40bb-8fe3-75ccdc4251d3",
      "messageNodes": [
        {
          "botMessageId": "417f8188-48ab-41e9-b7ba-d2170a4a8b48",
          "nodeType": "BotMessageNode",
          "id": "48c6d7cf-1328-4046-87e5-cb5fc4239945",
          "defaultTargetNodeId": "7c47b468-85eb-42c7-9df3-2b1df7a09f43"
        },
        {
          "botMessageId": "b8c23d84-dacf-4e9d-888f-ac04b17a9916",
          "nodeType": "BotMessageNode",
          "id": "05eaf340-2fe7-40bb-8fe3-75ccdc4251d3",
          "defaultTargetNodeId": "0165b15f-9a2c-462a-9694-0e2e92c29fee"
        },
        {
          "botMessageId": "bbc9168b-9c01-4b3b-b821-63beece136a6",
          "nodeType": "BotMessageNode",
          "id": "0165b15f-9a2c-462a-9694-0e2e92c29fee",
          "defaultTargetNodeId": "f21683d0-1835-413c-bc96-b9a036c4a971"
        },
        {
          "botMessageId": "3e43bdb1-264c-48f8-aaa4-941c0dffa35e",
          "nodeType": "BotMessageNode",
          "id": "f21683d0-1835-413c-bc96-b9a036c4a971",
          "defaultTargetNodeId": "2f1e135e-5536-44be-bc1a-1ddfcb78159d"
        },
        {
          "botMessageId": "59ec583f-3230-49b8-b6f2-2225680d650b",
          "nodeType": "BotMessageNode",
          "id": "2f1e135e-5536-44be-bc1a-1ddfcb78159d",
          "defaultTargetNodeId": "48c6d7cf-1328-4046-87e5-cb5fc4239945"
        }
      ],
      "dialogChangeNodes": [
        {
          "targetDialogId": "new_topic_2bf23930c1d146129dfe38bacb94ccd0_aeabea4d071f415c8c107e1cb7af5424_assumedsuccess",
          "nodeType": "DialogChangeNode",
          "id": "7c47b468-85eb-42c7-9df3-2b1df7a09f43"
        }
      ],
      "id": "new_topic_8bc90873cbf841f5a4204fce14e85e5a",
      "displayName": "Dialog for Teams에서 검색하려면 어떻게 해야 하나요?",
      "createdTime": "2021-03-18T03:39:18.7476571Z",
      "updatedTime": "2021-03-25T04:30:04.5234801Z",
      "createdUserId": "e47109d8-0300-4e59-a90d-56bb29886c9e",
      "updatedUserId": "e47109d8-0300-4e59-a90d-56bb29886c9e"
    }
  ],
  "botMessages": [
    {
      "channelContent": {
        "web": {
          "contentFormat": "Markdown",
          "content": "💡 **팁**: **CTRL+F** 또는 CMD+F(macOS)를 사용하여 _특정 채팅 또는 Teams의 채널 내에서_ 메시지를 검색합니다."
        }
      },
      "id": "417f8188-48ab-41e9-b7ba-d2170a4a8b48",
      "createdTime": "2021-03-18T03:39:18.7476571Z",
      "updatedTime": "2021-03-18T03:39:18.7476571Z",
      "createdUserId": "e47109d8-0300-4e59-a90d-56bb29886c9e",
      "updatedUserId": "e47109d8-0300-4e59-a90d-56bb29886c9e"
    },
    {
      "channelContent": {
        "web": {
          "contentFormat": "Markdown",
          "content": "[Teams에서 메시지 등을 검색](https://support.microsoft.com/ko-kr/office/search-for-messages-and-more-in-teams-4a351520-33f4-42ab-a5ee-5fc0ab88b263)"
        }
      },
      "id": "b8c23d84-dacf-4e9d-888f-ac04b17a9916",
      "createdTime": "2021-03-25T04:22:41.168Z",
      "updatedTime": "2021-03-25T04:22:41.168Z",
      "createdUserId": "user-0",
      "updatedUserId": "user-0"
    },
    {
      "channelContent": {
        "web": {
          "contentFormat": "Markdown",
          "content": "**컴퓨터에서 💻**  \n앱 상단의 검색 상자에서 검색을 시작합니다.   \n단어나 이름을 입력하면 팀은 추천 결과를 제안하기 시작합니다.\n\n제안된 항목 중 하나를 클릭하거나 Enter를 눌러 전체 결과 목록을 가져옵니다."
        }
      },
      "id": "bbc9168b-9c01-4b3b-b821-63beece136a6",
      "createdTime": "2021-03-25T04:24:01.68Z",
      "updatedTime": "2021-03-25T04:24:01.68Z",
      "createdUserId": "user-0",
      "updatedUserId": "user-0"
    },
    {
      "channelContent": {
        "web": {
          "contentFormat": "Markdown",
          "content": "**전화기에서 📲**\n\n**검색**을 탭하고 검색어 또는 구를 입력합니다. **메시지** 또는 **사람**을 탭하여 결과를 좁힐 수 있습니다."
        }
      },
      "id": "3e43bdb1-264c-48f8-aaa4-941c0dffa35e",
      "createdTime": "2021-03-25T04:25:40.886Z",
      "updatedTime": "2021-03-25T04:25:40.886Z",
      "createdUserId": "user-0",
      "updatedUserId": "user-0"
    },
    {
      "channelContent": {
        "web": {
          "contentFormat": "Markdown",
          "content": "팀에서 공유되는 메시지, 사람, 파일 및 기타 정보를 찾을 수 있도록 몇 가지 [검색 및 필터링 옵션](https://support.microsoft.com/ko-kr/office/search-for-messages-and-more-in-teams-4a351520-33f4-42ab-a5ee-5fc0ab88b263)이 있습니다."
        }
      },
      "id": "59ec583f-3230-49b8-b6f2-2225680d650b",
      "createdTime": "2021-03-25T04:26:40.399Z",
      "updatedTime": "2021-03-25T04:26:40.399Z",
      "createdUserId": "user-0",
      "updatedUserId": "user-0"
    }
  ],
  "createdUtc": "0001-01-01T00:00:00Z"
}