{
  "intents": [
    {
      "endUserOverrideName": "Sharing files in Teams",
      "triggerQueries": [
        "Sharing files in Teams",
        "How do I share files in Teams?"
      ],
      "dialogId": "new_topic_90a0f9c8a0c04aba98e3c2ad0590814a",
      "isTriggeringEnabled": true,
      "id": "new_topic_90a0f9c8a0c04aba98e3c2ad0590814a",
      "displayName": "How do I share files in Teams?",
      "description": "https://adoptbotv2kb.blob.core.windows.net/%24web/AdoptBot2021-English.docx",
      "createdTime": "2021-01-13T22:20:51.2381463Z",
      "updatedTime": "2021-01-26T23:25:24.5337657Z",
      "createdUserId": "f04d3cd9-b73d-4ba9-a1ed-9319eba29b21",
      "updatedUserId": "f04d3cd9-b73d-4ba9-a1ed-9319eba29b21"
    }
  ],
  "dialogs": [
    {
      "rootNodeId": "776936c4-8f38-4a9e-917e-8e0e7dd7f473",
      "messageNodes": [
        {
          "botMessageId": "dd9cf9fd-5cd7-4656-949a-aa9f981cf888",
          "nodeType": "BotMessageNode",
          "id": "776936c4-8f38-4a9e-917e-8e0e7dd7f473",
          "defaultTargetNodeId": "6c26eb65-66a7-4598-ad47-62875ec2931a"
        },
        {
          "botMessageId": "634e444e-b7a5-4e44-b7e1-b0397298dd3e",
          "nodeType": "BotMessageNode",
          "id": "6c26eb65-66a7-4598-ad47-62875ec2931a",
          "defaultTargetNodeId": "63f3dd92-88eb-48ac-8d51-1d88933a86c3"
        },
        {
          "botMessageId": "ff820f19-5146-4450-a8b5-66ab76f8e0fd",
          "nodeType": "BotMessageNode",
          "id": "63f3dd92-88eb-48ac-8d51-1d88933a86c3",
          "defaultTargetNodeId": "c9b2dc55-f65e-4b98-998e-3a390ac55c30"
        },
        {
          "botMessageId": "5f0c4b8d-9734-4f76-ac30-d112cdf30b1a",
          "nodeType": "BotMessageNode",
          "id": "c9b2dc55-f65e-4b98-998e-3a390ac55c30",
          "defaultTargetNodeId": "3b92fefb-1fc2-4973-a8fe-d26332020594"
        }
      ],
      "dialogChangeNodes": [
        {
          "targetDialogId": "new_topic_eac3f49c99664313a9d9dc19d80a79a2_aeabea4d071f415c8c107e1cb7af5424_assumedsuccess",
          "nodeType": "DialogChangeNode",
          "id": "3b92fefb-1fc2-4973-a8fe-d26332020594"
        }
      ],
      "id": "new_topic_90a0f9c8a0c04aba98e3c2ad0590814a",
      "displayName": "Dialog for How do I share files in Teams?",
      "createdTime": "2021-01-13T22:20:51.2381463Z",
      "updatedTime": "2021-01-26T23:27:03.7092169Z",
      "createdUserId": "f04d3cd9-b73d-4ba9-a1ed-9319eba29b21",
      "updatedUserId": "f04d3cd9-b73d-4ba9-a1ed-9319eba29b21"
    }
  ],
  "botMessages": [
    {
      "channelContent": {
        "web": {
          "contentFormat": "Markdown",
          "content": "Each channel has a tab called \"Files\". There you can [upload files in Teams.](https://support.microsoft.com/en-us/office/dela-en-fil-i-teams-0c4d34ee-5dd8-46d5-ab35-0d227b5e6eb5)"
        }
      },
      "id": "dd9cf9fd-5cd7-4656-949a-aa9f981cf888",
      "createdTime": "2021-01-13T22:20:51.2381463Z",
      "updatedTime": "2021-01-13T22:20:51.2381463Z",
      "createdUserId": "f04d3cd9-b73d-4ba9-a1ed-9319eba29b21",
      "updatedUserId": "f04d3cd9-b73d-4ba9-a1ed-9319eba29b21"
    },
    {
      "channelContent": {
        "web": {
          "contentFormat": "Markdown",
          "content": "You can also share files in your channel's chat. These will then automatically be found in the channel’s “Files” tab."
        }
      },
      "id": "634e444e-b7a5-4e44-b7e1-b0397298dd3e",
      "createdTime": "2021-01-26T23:26:02.614Z",
      "updatedTime": "2021-01-26T23:26:02.614Z",
      "createdUserId": "user-0",
      "updatedUserId": "user-0"
    },
    {
      "channelContent": {
        "web": {
          "contentFormat": "Markdown",
          "content": "Files shared in a private or group chat can be shared with the people in that conversation."
        }
      },
      "id": "ff820f19-5146-4450-a8b5-66ab76f8e0fd",
      "createdTime": "2021-01-26T23:26:06.74Z",
      "updatedTime": "2021-01-26T23:26:06.74Z",
      "createdUserId": "user-0",
      "updatedUserId": "user-0"
    },
    {
      "channelContent": {
        "web": {
          "contentFormat": "Markdown",
          "content": "You can print, share, or collaborate on documents in real time without leaving the Teams platform."
        }
      },
      "id": "5f0c4b8d-9734-4f76-ac30-d112cdf30b1a",
      "createdTime": "2021-01-26T23:26:15.986Z",
      "updatedTime": "2021-01-26T23:26:15.986Z",
      "createdUserId": "user-0",
      "updatedUserId": "user-0"
    }
  ]
}