{
  "intents": [
    {
      "triggerQueries": [
        "채널 모든 사람 언급",
        "채널 모든 사용자 알릴 알리기",
        "채널 @멘션 @mention",
        "Channel 채널 @mention @멘션 모든 사람 알리기",
        "채널을 @멘션 하려면 어떻게 하나요?"
      ],
      "dialogId": "new_topic_12217cbb2bb94c8b90c25b325bab906b",
      "isTriggeringEnabled": true,
      "id": "new_topic_12217cbb2bb94c8b90c25b325bab906b",
      "displayName": "채널을 @멘션 하려면 어떻게 하나요?",
      "description": "https://adoptbotv2kb.blob.core.windows.net/%24web/adoptbot2021-Korean.docx",
      "createdTime": "2021-03-18T03:39:18.7466553Z",
      "updatedTime": "2021-04-06T06:14:18.7208064Z",
      "createdUserId": "e47109d8-0300-4e59-a90d-56bb29886c9e",
      "updatedUserId": "e47109d8-0300-4e59-a90d-56bb29886c9e"
    }
  ],
  "dialogs": [
    {
      "rootNodeId": "d5fb5e94-ca06-44bb-825a-1ed9d1fe64b0",
      "messageNodes": [
        {
          "botMessageId": "6364c253-6398-465b-adad-dd44ff918c63",
          "nodeType": "BotMessageNode",
          "id": "d5fb5e94-ca06-44bb-825a-1ed9d1fe64b0",
          "defaultTargetNodeId": "644532cc-981f-4fa5-a546-906980532ef2"
        },
        {
          "botMessageId": "0ff79e9d-74ab-43d0-9f99-c36b43bd3c87",
          "nodeType": "BotMessageNode",
          "id": "644532cc-981f-4fa5-a546-906980532ef2",
          "defaultTargetNodeId": "97982697-e7fc-4495-9138-54be181b8242"
        },
        {
          "botMessageId": "c3b55cc2-b4ed-43a4-b53b-d2e0072743d0",
          "nodeType": "BotMessageNode",
          "id": "97982697-e7fc-4495-9138-54be181b8242",
          "defaultTargetNodeId": "27089537-b64a-4865-9169-1323e06308a3"
        }
      ],
      "dialogChangeNodes": [
        {
          "targetDialogId": "new_topic_2bf23930c1d146129dfe38bacb94ccd0_aeabea4d071f415c8c107e1cb7af5424_assumedsuccess",
          "nodeType": "DialogChangeNode",
          "id": "27089537-b64a-4865-9169-1323e06308a3"
        }
      ],
      "id": "new_topic_12217cbb2bb94c8b90c25b325bab906b",
      "displayName": "Dialog for 채널을 @멘션 하려면 어떻게 하나요?",
      "createdTime": "2021-03-18T03:39:18.7466553Z",
      "updatedTime": "2021-04-06T06:13:51.7258127Z",
      "createdUserId": "e47109d8-0300-4e59-a90d-56bb29886c9e",
      "updatedUserId": "e47109d8-0300-4e59-a90d-56bb29886c9e"
    }
  ],
  "botMessages": [
    {
      "channelContent": {
        "web": {
          "contentFormat": "Markdown",
          "content": "[채널내 모든 사람의 관심을 끌기 위해서는](https://support.microsoft.com/ko-kr/office/use-mentions-to-get-someone-s-attention-in-teams-eb4f059d-320e-454e-b111-03361d4d6855), 채널이름을 @멘션 합니다.\n\n*   채널 이름 앞에 @를 입력한 다음, 표시되는 메뉴에서 채널을 선택하기만 하면 됩니다."
        }
      },
      "id": "6364c253-6398-465b-adad-dd44ff918c63",
      "createdTime": "2021-03-18T03:39:18.7466553Z",
      "updatedTime": "2021-03-18T03:39:18.7466553Z",
      "createdUserId": "e47109d8-0300-4e59-a90d-56bb29886c9e",
      "updatedUserId": "e47109d8-0300-4e59-a90d-56bb29886c9e"
    },
    {
      "channelContent": {
        "web": {
          "contentFormat": "Markdown",
          "content": "'@채널이름'으로 멘션을 사용하면 채널의 모든 구성원이 알림을 받습니다.\n\n[알림 유형은 각 개별 설정에 따라 다릅니다](https://support.microsoft.com/ko-kr/office/six-things-to-know-about-notifications-abb62c60-3d15-4968-b86a-42fea9c22cf4)"
        }
      },
      "id": "0ff79e9d-74ab-43d0-9f99-c36b43bd3c87",
      "createdTime": "2021-04-06T06:10:57.311Z",
      "updatedTime": "2021-04-06T06:10:57.311Z",
      "createdUserId": "user-0",
      "updatedUserId": "user-0"
    },
    {
      "channelContent": {
        "web": {
          "contentFormat": "Markdown",
          "content": "💡 **팁:** 이 옵션은 이메일 전체 회신과 유사하게 신중하게 사용하십시오."
        }
      },
      "id": "c3b55cc2-b4ed-43a4-b53b-d2e0072743d0",
      "createdTime": "2021-04-06T06:12:15.26Z",
      "updatedTime": "2021-04-06T06:12:15.26Z",
      "createdUserId": "user-0",
      "updatedUserId": "user-0"
    }
  ],
  "createdUtc": "0001-01-01T00:00:00Z"
}