{
  "intents": [
    {
      "endUserOverrideName": "externe Personen",
      "triggerQueries": [
        "chat mit externen personen",
        "chat mit externen usern",
        "chat mit externen",
        "Kann ich Personen außerhalb meiner Organisation erreichen?",
        "Externe Personen über Teams kontaktieren",
        "chatten ohne die umgebung zu wechseln",
        "chatten ohne als gast eingeladen zu sein",
        "WIe kann ich mit anderen externen über Teams chatten?",
        "Wie kann ich Externe mit Teams erreichen?",
        "Kann ich mit externen Benutzern chatten?"
      ],
      "dialogId": "new_topic_347a8ee614144da9a2c3ed6ca5113741",
      "isTriggeringEnabled": true,
      "id": "new_topic_347a8ee614144da9a2c3ed6ca5113741",
      "displayName": "Kann ich mit externen Personen chatten?",
      "description": "https://adoptbotv2kb.blob.core.windows.net/%24web/AdoptBot2021-English.docx",
      "createdTime": "2021-04-18T18:03:40.8590613Z",
      "updatedTime": "2021-04-22T06:27:44.7340921Z",
      "createdUserId": "86360cd1-faa6-4d16-8a0c-ba3116c8a977",
      "updatedUserId": "86360cd1-faa6-4d16-8a0c-ba3116c8a977"
    }
  ],
  "dialogs": [
    {
      "rootNodeId": "e2245ab1-ca90-45ff-a491-216cfacce96a",
      "messageNodes": [
        {
          "botMessageId": "d7902050-f75e-416b-ad5e-46a64f68d70f",
          "nodeType": "BotMessageNode",
          "id": "e2245ab1-ca90-45ff-a491-216cfacce96a",
          "defaultTargetNodeId": "f3350d82-b947-4dcf-960b-e8eaeb97f865"
        },
        {
          "botMessageId": "5f3771f1-340e-4428-b361-08a25490f632",
          "nodeType": "BotMessageNode",
          "id": "f3350d82-b947-4dcf-960b-e8eaeb97f865",
          "defaultTargetNodeId": "81846afb-1f1c-4017-85c4-024f8fb9a116"
        },
        {
          "botMessageId": "bcb2ddb7-7d17-4929-af99-dd878b03ab74",
          "nodeType": "BotMessageNode",
          "id": "81846afb-1f1c-4017-85c4-024f8fb9a116",
          "defaultTargetNodeId": "9440084d-a35b-410d-85aa-7559c0dc304d"
        }
      ],
      "dialogChangeNodes": [
        {
          "targetDialogId": "new_topic_30867099f4b543d3b8543a85c22c3418_aeabea4d071f415c8c107e1cb7af5424_assumedsuccess",
          "nodeType": "DialogChangeNode",
          "id": "9440084d-a35b-410d-85aa-7559c0dc304d"
        }
      ],
      "id": "new_topic_347a8ee614144da9a2c3ed6ca5113741",
      "displayName": "Dialog for Kann ich mit externen Benutzern chatten?",
      "createdTime": "2021-04-18T18:03:40.8590613Z",
      "updatedTime": "2021-04-21T09:59:29.3355925Z",
      "createdUserId": "86360cd1-faa6-4d16-8a0c-ba3116c8a977",
      "updatedUserId": "86360cd1-faa6-4d16-8a0c-ba3116c8a977"
    }
  ],
  "botMessages": [
    {
      "channelContent": {
        "web": {
          "contentFormat": "Markdown",
          "content": "Wenn Sie mit Personen außerhalb Ihrer Organisation kommunizieren und zusammenarbeiten müssen, können Sie Microsoft Teams External Access (auch bekannt als Federation) verwenden, um Benutzer in anderen Domänen (z. B. contoso.com) zu finden, anzurufen und mit ihnen zu chatten."
        }
      },
      "id": "d7902050-f75e-416b-ad5e-46a64f68d70f",
      "createdTime": "2021-04-18T18:03:40.8590613Z",
      "updatedTime": "2021-04-18T18:03:40.8590613Z",
      "createdUserId": "86360cd1-faa6-4d16-8a0c-ba3116c8a977",
      "updatedUserId": "86360cd1-faa6-4d16-8a0c-ba3116c8a977"
    },
    {
      "channelContent": {
        "web": {
          "contentFormat": "Markdown",
          "content": "Sie können versuchen, die E-Mail-Adresse eines externen Nutzenden in der Teams-Suchleiste einzugeben. Wenn die Person angezeigt wird, wählen Sie ihre externe Adresse aus und versuchen Sie zu chatten."
        }
      },
      "id": "5f3771f1-340e-4428-b361-08a25490f632",
      "createdTime": "2021-04-18T18:04:04.945Z",
      "updatedTime": "2021-04-18T18:04:04.945Z",
      "createdUserId": "user-0",
      "updatedUserId": "user-0"
    },
    {
      "channelContent": {
        "web": {
          "contentFormat": "Markdown",
          "content": "Bitte beachten Sie! Dazu müssen bestimmte Optionen bei den jeweiligen Organisationen aktiviert sein:\n\n[Verwenden Sie den Gastzugriff und den externen Zugriff, um mit Personen außerhalb Ihres Unternehmens zusammenzuarbeiten](https://docs.microsoft.com/de-de/microsoftteams/communicate-with-users-from-other-organizations)"
        }
      },
      "id": "bcb2ddb7-7d17-4929-af99-dd878b03ab74",
      "createdTime": "2021-04-18T18:04:30.038Z",
      "updatedTime": "2021-04-18T18:04:30.038Z",
      "createdUserId": "user-0",
      "updatedUserId": "user-0"
    }
  ]
}