{
  "intents": [
    {
      "intentType": "Regular",
      "triggerQueries": [
        "Can I get text read aloud?",
        "Can you get the text read aloud in Teams?",
        "Get text read aloud in Teams?",
        "reading and writing difficulties",
        "Dyslexia",
        "easier to read",
        "What is the immersive reader?",
        "Immersive reader",
        "read something in other languages",
        "translate message to another language",
        "What is Immersive Reader?"
      ],
      "dialogId": "new_topic_4594f0ea931c44efa6eef356af1d2f26",
      "isTriggeringEnabled": true,
      "id": "new_topic_4594f0ea931c44efa6eef356af1d2f26",
      "displayName": "What is Immersive Reader?",
      "description": "https://adoptbotv2kb.blob.core.windows.net/%24web/AdoptBot2021-English.docx",
      "createdTime": "2021-01-13T22:20:51.2381463Z",
      "updatedTime": "2021-01-27T19:51:47.670169Z",
      "createdUserId": "f04d3cd9-b73d-4ba9-a1ed-9319eba29b21",
      "updatedUserId": "f04d3cd9-b73d-4ba9-a1ed-9319eba29b21"
    }
  ],
  "dialogs": [
    {
      "rootNodeId": "5671b1f6-872f-4f2e-8c80-d114f8f9a303",
      "messageNodes": [
        {
          "botMessageId": "5ffc1900-4451-4bb2-8968-02b9e2c60c22",
          "nodeType": "BotMessageNode",
          "id": "5671b1f6-872f-4f2e-8c80-d114f8f9a303",
          "defaultTargetNodeId": "2cfb715b-c05a-4865-b8e6-08365f57888d"
        },
        {
          "botMessageId": "5b15b5ef-ba7a-4743-bd06-a7883e9c1412",
          "nodeType": "BotMessageNode",
          "id": "2cfb715b-c05a-4865-b8e6-08365f57888d",
          "defaultTargetNodeId": "ff4ad80a-98b5-4c8e-8ff7-eb911d2a06c0"
        },
        {
          "botMessageId": "93a091e0-54aa-4269-8dbb-c2606a521b99",
          "nodeType": "BotMessageNode",
          "id": "ff4ad80a-98b5-4c8e-8ff7-eb911d2a06c0",
          "defaultTargetNodeId": "b2594069-338c-45da-ae21-ba92c2903659"
        },
        {
          "botMessageId": "d2794dcc-2922-41c7-8494-eddb79433162",
          "nodeType": "BotMessageNode",
          "id": "4b8d8485-7e33-4caa-9afc-2a1ebe9316c6",
          "defaultTargetNodeId": "01b1ad5c-a373-462b-9248-0faa1e229e20"
        },
        {
          "botMessageId": "079d6e1e-409f-42bb-b411-d5ae7bd633c8",
          "nodeType": "BotMessageNode",
          "id": "01b1ad5c-a373-462b-9248-0faa1e229e20",
          "defaultTargetNodeId": "806bb395-48bd-481a-be19-eff700a4fad9"
        },
        {
          "botMessageId": "8001e121-2c94-418c-8bcc-d28a45e68aab",
          "nodeType": "BotMessageNode",
          "id": "b2594069-338c-45da-ae21-ba92c2903659",
          "defaultTargetNodeId": "4b8d8485-7e33-4caa-9afc-2a1ebe9316c6"
        }
      ],
      "dialogChangeNodes": [
        {
          "targetDialogId": "new_topic_eac3f49c99664313a9d9dc19d80a79a2_aeabea4d071f415c8c107e1cb7af5424_assumedsuccess",
          "nodeType": "DialogChangeNode",
          "id": "806bb395-48bd-481a-be19-eff700a4fad9"
        }
      ],
      "id": "new_topic_4594f0ea931c44efa6eef356af1d2f26",
      "displayName": "Dialog for What is Immersive Reader?",
      "createdTime": "2021-01-13T22:20:51.2381463Z",
      "updatedTime": "2021-01-27T19:52:26.3948015Z",
      "createdUserId": "f04d3cd9-b73d-4ba9-a1ed-9319eba29b21",
      "updatedUserId": "f04d3cd9-b73d-4ba9-a1ed-9319eba29b21"
    }
  ],
  "botMessages": [
    {
      "channelContent": {
        "web": {
          "contentFormat": "Markdown",
          "content": "[Click here for a guide to Immersive Reader in Teams (with photos)](https://support.microsoft.com/en-us/office/anv%C3%A4nda-avancerad-l%C3%A4sare-i-microsoft-teams-a700c0d0-bc53-4696-a94d-4fbc86ac7a9a)"
        }
      },
      "id": "5ffc1900-4451-4bb2-8968-02b9e2c60c22",
      "createdTime": "2021-01-13T22:20:51.2381463Z",
      "updatedTime": "2021-01-13T22:20:51.2381463Z",
      "createdUserId": "f04d3cd9-b73d-4ba9-a1ed-9319eba29b21",
      "updatedUserId": "f04d3cd9-b73d-4ba9-a1ed-9319eba29b21"
    },
    {
      "channelContent": {
        "web": {
          "contentFormat": "Markdown",
          "content": "If you wish to have text read aloud or speak a different language, you can make text in Teams suit your needs 💗."
        }
      },
      "id": "5b15b5ef-ba7a-4743-bd06-a7883e9c1412",
      "createdTime": "2021-01-27T19:50:05.542Z",
      "updatedTime": "2021-01-27T19:50:05.542Z",
      "createdUserId": "user-0",
      "updatedUserId": "user-0"
    },
    {
      "channelContent": {
        "web": {
          "contentFormat": "Markdown",
          "content": "Colors, shape, size can all be adapted to your preferences, which for example makes it easier for people with dyslexia and learning disabilities."
        }
      },
      "id": "93a091e0-54aa-4269-8dbb-c2606a521b99",
      "createdTime": "2021-01-27T19:50:13.808Z",
      "updatedTime": "2021-01-27T19:50:13.808Z",
      "createdUserId": "user-0",
      "updatedUserId": "user-0"
    },
    {
      "channelContent": {
        "web": {
          "contentFormat": "Markdown",
          "content": "On any message in Teams, select **More options** (...) and select **Immersive Reader.**"
        }
      },
      "id": "d2794dcc-2922-41c7-8494-eddb79433162",
      "createdTime": "2021-01-27T19:50:25.728Z",
      "updatedTime": "2021-01-27T19:50:25.728Z",
      "createdUserId": "user-0",
      "updatedUserId": "user-0"
    },
    {
      "channelContent": {
        "web": {
          "contentFormat": "Markdown",
          "content": "💡Try this message for example. The settings are unique to you."
        }
      },
      "id": "079d6e1e-409f-42bb-b411-d5ae7bd633c8",
      "createdTime": "2021-01-27T19:50:30.355Z",
      "updatedTime": "2021-01-27T19:50:30.355Z",
      "createdUserId": "user-0",
      "updatedUserId": "user-0"
    },
    {
      "channelContent": {
        "web": {
          "contentFormat": "Markdown",
          "content": "Picture dictionary, line focus and word classes are also available for visual support."
        }
      },
      "id": "8001e121-2c94-418c-8bcc-d28a45e68aab",
      "createdTime": "2021-01-27T19:52:07.864Z",
      "updatedTime": "2021-01-27T19:52:07.864Z",
      "createdUserId": "user-0",
      "updatedUserId": "user-0"
    }
  ]
}