{
  "intents": [
    {
      "endUserOverrideName": "Skicka epost till en kanal?",
      "triggerQueries": [
        "skicka email till kanal",
        "maila till en kanal",
        "maila till teams",
        "Hur kan jag skicka ett e-postmeddelande till en kanal i teams?"
      ],
      "dialogId": "new_topic_4ce048b545e44351b82de4a66e076808",
      "isTriggeringEnabled": true,
      "id": "new_topic_4ce048b545e44351b82de4a66e076808",
      "displayName": "Hur kan jag skicka ett e-postmeddelande till en kanal i teams?",
      "description": "https://faqtimafiles.blob.core.windows.net/filesfortima-adoptbot/svenska frågor till adoptbot PVA (Swedish QnA for AdoptBot).docx",
      "createdTime": "2020-11-24T14:37:53.8220925Z",
      "updatedTime": "2020-12-21T10:10:23.7699965Z",
      "createdUserId": "f04d3cd9-b73d-4ba9-a1ed-9319eba29b21",
      "updatedUserId": "f04d3cd9-b73d-4ba9-a1ed-9319eba29b21"
    }
  ],
  "dialogs": [
    {
      "rootNodeId": "5d72c286-0718-4c56-a439-b9da32369640",
      "messageNodes": [
        {
          "botMessageId": "9065b3df-2df2-4e4d-b900-50c8464bb3a2",
          "nodeType": "BotMessageNode",
          "id": "5d72c286-0718-4c56-a439-b9da32369640",
          "defaultTargetNodeId": "f67b8f07-c510-495c-8d54-f6621703814e"
        }
      ],
      "dialogChangeNodes": [
        {
          "targetDialogId": "new_topic_84ec227c19784e7ba25cb34f4638f91e_aeabea4d071f415c8c107e1cb7af5424_assumedsuccess",
          "nodeType": "DialogChangeNode",
          "id": "f67b8f07-c510-495c-8d54-f6621703814e"
        }
      ],
      "id": "new_topic_4ce048b545e44351b82de4a66e076808",
      "displayName": "Dialog for Hur kan jag skicka ett e-postmeddelande till en kanal i teams?",
      "createdTime": "2020-11-24T14:37:53.8220925Z",
      "updatedTime": "2020-11-24T14:37:53.8220925Z",
      "createdUserId": "f04d3cd9-b73d-4ba9-a1ed-9319eba29b21",
      "updatedUserId": "f04d3cd9-b73d-4ba9-a1ed-9319eba29b21"
    }
  ],
  "botMessages": [
    {
      "channelContent": {
        "web": {
          "contentFormat": "Markdown",
          "content": "Snart kan du välja knappen ”Dela till Teams” direkt från ett meddelande i Outlook.\r\n\r\nTill dess:\r\n\r\nVarje kanal har en e-postadress och du kan vidarebefordra e-postmeddelanden direkt till din Teams-kanal. För att göra detta, hitta den kanal som du skulle vilja maila och klicka på kanalens namn. Välj fler alternativ och välj Hämta e-postadress och kopiera.\r\n\r\nI Outlook, vidarebefordra din e-post till den e-postadressen, och du kommer att se att mailet i den kanal du skickar till. Eventuella bifogade filer/filer extraheras och sparas under Filer för kanalen. Bra tips: Du kan spara e-postadressen till din kontakt i Outlook för att snabbt vidarebefordra alla mottagna e-postmeddelanden till den e-postadressen."
        }
      },
      "id": "9065b3df-2df2-4e4d-b900-50c8464bb3a2",
      "createdTime": "2020-11-24T14:37:53.8220925Z",
      "updatedTime": "2020-11-24T14:37:53.8220925Z",
      "createdUserId": "f04d3cd9-b73d-4ba9-a1ed-9319eba29b21",
      "updatedUserId": "f04d3cd9-b73d-4ba9-a1ed-9319eba29b21"
    }
  ]
}