{
  "intents": [
    {
      "endUserOverrideName": "",
      "triggerQueries": [
        "redigera en powerpoint i teams",
        "redigera ett word-dokument i teams",
        "redigera ett officedokument",
        "redigera office dokument i teams",
        "samredigera i ett dokument",
        "samarbeta i ett dokument med teamet",
        "Redigera en fil",
        "Editera filer i teams",
        "Redigera ett dokument i teams",
        "Hur redigerar jag en fil i Teams?"
      ],
      "dialogId": "new_topic_ad61b428de5047518ac22c99b550aab7",
      "isTriggeringEnabled": true,
      "id": "new_topic_ad61b428de5047518ac22c99b550aab7",
      "displayName": "Hur redigerar jag en fil i Teams?",
      "description": "",
      "createdTime": "2020-11-24T14:37:53.8220925Z",
      "updatedTime": "2020-12-11T13:57:54.4763199Z",
      "createdUserId": "f04d3cd9-b73d-4ba9-a1ed-9319eba29b21",
      "updatedUserId": "f04d3cd9-b73d-4ba9-a1ed-9319eba29b21"
    }
  ],
  "dialogs": [
    {
      "rootNodeId": "30eeda8c-3f6a-4194-bd37-3f4820d2d9c0",
      "messageNodes": [
        {
          "botMessageId": "840eb4b6-96cb-4669-b3b6-c7eb8dc6ccf5",
          "nodeType": "BotMessageNode",
          "id": "30eeda8c-3f6a-4194-bd37-3f4820d2d9c0",
          "defaultTargetNodeId": "8b685ca9-36e6-490c-b2a4-9eb11125c9a8"
        }
      ],
      "dialogChangeNodes": [
        {
          "targetDialogId": "new_topic_84ec227c19784e7ba25cb34f4638f91e_aeabea4d071f415c8c107e1cb7af5424_assumedsuccess",
          "nodeType": "DialogChangeNode",
          "id": "8b685ca9-36e6-490c-b2a4-9eb11125c9a8"
        }
      ],
      "id": "new_topic_ad61b428de5047518ac22c99b550aab7",
      "displayName": "Dialog for Hur redigerar jag en fil i Teams?",
      "createdTime": "2020-11-24T14:37:53.8220925Z",
      "updatedTime": "2020-11-24T14:37:53.8220925Z",
      "createdUserId": "f04d3cd9-b73d-4ba9-a1ed-9319eba29b21",
      "updatedUserId": "f04d3cd9-b73d-4ba9-a1ed-9319eba29b21"
    }
  ],
  "botMessages": [
    {
      "channelContent": {
        "web": {
          "contentFormat": "Markdown",
          "content": "Om du har ett Office-dokument i filerna för en allmän kanal i Teams kan du klicka på ellipserna för att expandera en meny med åtgärdsalternativ för den filen.\r\n\r\nNär du väljer Redigera i Teams kommer du att ha möjlighet att göra ändringar i ditt dokument och spara det."
        }
      },
      "id": "840eb4b6-96cb-4669-b3b6-c7eb8dc6ccf5",
      "createdTime": "2020-11-24T14:37:53.8220925Z",
      "updatedTime": "2020-11-24T14:37:53.8220925Z",
      "createdUserId": "f04d3cd9-b73d-4ba9-a1ed-9319eba29b21",
      "updatedUserId": "f04d3cd9-b73d-4ba9-a1ed-9319eba29b21"
    }
  ]
}