{
  "intents": [
    {
      "triggerQueries": [
        "Hvordan fortsette et anrop etter at jeg har satt det på vent",
        "blir alle varslet om jeg setter et møte på vent?",
        "putte et møte på pause",
        "Sette et møte på vent",
        "Sett en samtale på vent"
      ],
      "dialogId": "new_topic_4cbc66e2a00d442d8c740d5069de21ea",
      "isTriggeringEnabled": true,
      "id": "new_topic_4cbc66e2a00d442d8c740d5069de21ea",
      "displayName": "Sette en samtale på vent",
      "description": "https://norwegianteams.blob.core.windows.net/norwegian-container/Tima - p19 to p33.docx",
      "createdTime": "2021-04-08T06:59:37.6370184Z",
      "updatedTime": "2021-04-19T20:34:55.4005577Z",
      "createdUserId": "ef0c8b9a-eff1-49f8-92fa-fd1d3e15e1ba",
      "updatedUserId": "ef0c8b9a-eff1-49f8-92fa-fd1d3e15e1ba"
    }
  ],
  "dialogs": [
    {
      "rootNodeId": "fb25be8a-8edd-4224-b838-85b71a160662",
      "messageNodes": [
        {
          "botMessageId": "9cff17f1-f9b8-45bb-ac4f-3dc02a4e34b4",
          "nodeType": "BotMessageNode",
          "id": "fb25be8a-8edd-4224-b838-85b71a160662",
          "defaultTargetNodeId": "2a90ba94-348b-42a6-aa3a-9c9e8204fc83"
        },
        {
          "botMessageId": "716f3679-a079-4536-b207-c8fa072fb76e",
          "nodeType": "BotMessageNode",
          "id": "2a90ba94-348b-42a6-aa3a-9c9e8204fc83",
          "defaultTargetNodeId": "d196cff3-289d-44e6-be0a-12988b301ed6"
        }
      ],
      "dialogChangeNodes": [
        {
          "targetDialogId": "new_topic_89c49d37fd4c4c1c9144396960733ce1_aeabea4d071f415c8c107e1cb7af5424_assumedsuccess",
          "nodeType": "DialogChangeNode",
          "id": "d196cff3-289d-44e6-be0a-12988b301ed6"
        }
      ],
      "id": "new_topic_4cbc66e2a00d442d8c740d5069de21ea",
      "displayName": "Dialog for Sette en samtale på vent",
      "createdTime": "2021-04-08T06:59:37.6370184Z",
      "updatedTime": "2021-04-19T20:33:14.6442861Z",
      "createdUserId": "ef0c8b9a-eff1-49f8-92fa-fd1d3e15e1ba",
      "updatedUserId": "ef0c8b9a-eff1-49f8-92fa-fd1d3e15e1ba"
    }
  ],
  "botMessages": [
    {
      "channelContent": {
        "web": {
          "contentFormat": "Markdown",
          "content": "**Slik setter du en samtale på vent:**\n\n*   Velg **Flere handlinger**… i samtale vinduet, og velg **Hold**. \n*   Alle i samtalen blir varslet om at de er satt på vent. \n*   Du kan fortsette samtalen ved å klikke **Fortsett**."
        }
      },
      "id": "9cff17f1-f9b8-45bb-ac4f-3dc02a4e34b4",
      "createdTime": "2021-04-08T06:59:37.6370184Z",
      "updatedTime": "2021-04-08T06:59:37.6370184Z",
      "createdUserId": "ef0c8b9a-eff1-49f8-92fa-fd1d3e15e1ba",
      "updatedUserId": "ef0c8b9a-eff1-49f8-92fa-fd1d3e15e1ba"
    },
    {
      "channelContent": {
        "web": {
          "contentFormat": "Markdown",
          "content": "Les mer her: [Fire ting du må vite om anrop i Microsoft Teams](https://support.microsoft.com/nb-no/office/fire-ting-du-m%c3%a5-vite-om-anrop-i-microsoft-teams-2b883a81-dd15-41bd-a6ba-39deef141027?ui=nb-NO&rs=nb-NO&ad=NO)"
        }
      },
      "id": "716f3679-a079-4536-b207-c8fa072fb76e",
      "createdTime": "2021-04-19T20:32:47.605Z",
      "updatedTime": "2021-04-19T20:32:47.605Z",
      "createdUserId": "user-0",
      "updatedUserId": "user-0"
    }
  ],
  "createdUtc": "0001-01-01T00:00:00Z"
}