{
  "intents": [
    {
      "endUserOverrideName": "什麼是 Teams 頻道？",
      "triggerQueries": [
        "What is a channel in Teams?",
        "where are the channel files saved?",
        "Can you define a Teams channel?",
        "What is a channel?",
        "What's the point of channels?",
        "Why do you have different channels?",
        "describe what a channel is",
        "What the hell is a channel?",
        "What is a Teams channel?",
        "什麼是 Teams 頻道？",
        "頻道檔案保存在哪裡？",
        "你可以定義 Teams 頻道嗎？",
        "什麼是頻道？",
        "頻道有什麼意義？",
        "為什麼你有不同的頻道？",
        "描述什麼是頻道",
        "什麼是的頻道？"
      ],
      "dialogId": "new_topic_afa1521fe88f4e9b8b8e1518529b32fe",
      "isTriggeringEnabled": true,
      "id": "new_topic_afa1521fe88f4e9b8b8e1518529b32fe",
      "displayName": "什麼是 Teams 頻道？",
      "description": "https://adoptbotv2kb.blob.core.windows.net/%24web/AdoptBot2021-English.docx",
      "createdTime": "2021-11-17T03:05:04.0473534Z",
      "updatedTime": "2021-11-22T09:22:30.4501022Z",
      "createdUserId": "9c968d43-f7c2-4e28-895c-1f6bcefcd8be",
      "updatedUserId": "9c968d43-f7c2-4e28-895c-1f6bcefcd8be"
    }
  ],
  "dialogs": [
    {
      "rootNodeId": "75fd8379-52f2-4eb3-a6de-03e1208bae69",
      "messageNodes": [
        {
          "botMessageId": "59586d19-1885-49ae-8dff-9b117819f4af",
          "nodeType": "BotMessageNode",
          "id": "75fd8379-52f2-4eb3-a6de-03e1208bae69",
          "defaultTargetNodeId": "30c9c384-d1ea-4d1a-9c42-3aad710a6b2c"
        },
        {
          "botMessageId": "f952909f-71bc-46e4-a6f4-300fd6f741cd",
          "nodeType": "BotMessageNode",
          "id": "30c9c384-d1ea-4d1a-9c42-3aad710a6b2c",
          "defaultTargetNodeId": "0f2e295e-5941-47cc-9531-1daebad4210c"
        },
        {
          "botMessageId": "e0a5205a-586f-45fd-b0ff-b745712f2326",
          "nodeType": "BotMessageNode",
          "id": "0f2e295e-5941-47cc-9531-1daebad4210c",
          "defaultTargetNodeId": "d8419178-67dd-4c25-b43b-2febbc6b4de4"
        },
        {
          "botMessageId": "c54b5e7d-b9c2-4fc5-95b7-f731212bfe6e",
          "nodeType": "BotMessageNode",
          "id": "d8419178-67dd-4c25-b43b-2febbc6b4de4",
          "defaultTargetNodeId": "8fb5b8e2-eaf5-4c0f-8fb2-c6109c81a94d"
        }
      ],
      "dialogChangeNodes": [
        {
          "targetDialogId": "new_topic_e2d1671328b941dbb60fa7150059b1ee_aeabea4d071f415c8c107e1cb7af5424_assumedsuccess",
          "nodeType": "DialogChangeNode",
          "id": "8fb5b8e2-eaf5-4c0f-8fb2-c6109c81a94d"
        }
      ],
      "id": "new_topic_afa1521fe88f4e9b8b8e1518529b32fe",
      "displayName": "Dialog for 什麼是 Teams 頻道？",
      "createdTime": "2021-11-17T03:05:04.0473534Z",
      "updatedTime": "2021-11-22T09:22:30.4501022Z",
      "createdUserId": "9c968d43-f7c2-4e28-895c-1f6bcefcd8be",
      "updatedUserId": "9c968d43-f7c2-4e28-895c-1f6bcefcd8be"
    }
  ],
  "botMessages": [
    {
      "channelContent": {
        "web": {
          "contentFormat": "Markdown",
          "content": "**頻道是團隊內部的協作空間**，工作本身就是在這裡完成的。"
        }
      },
      "id": "59586d19-1885-49ae-8dff-9b117819f4af",
      "createdTime": "2021-11-17T03:05:04.0473534Z",
      "updatedTime": "2021-11-17T03:05:04.0473534Z",
      "createdUserId": "9c968d43-f7c2-4e28-895c-1f6bcefcd8be",
      "updatedUserId": "9c968d43-f7c2-4e28-895c-1f6bcefcd8be"
    },
    {
      "channelContent": {
        "web": {
          "contentFormat": "Markdown",
          "content": "這是[訊息、音訊和視頻對話](https://support.microsoft.com/zh-tw/office/teams-%E4%B8%AD%E7%9A%84%E6%9C%83%E8%AD%B0-e0b0ae21-53ee-4462-a50d-ca9b9e217b67)向整個團隊開放的地方，[共用檔案的地方](https://support.microsoft.com/zh-tw/office/%E5%9C%A8-teams-0c4d34ee-5dd8-46d5-ab35-0d227b5e6eb5)，以及[添加團隊應用程式](https://support.microsoft.com/zh-tw/office/%E6%96%B0%E5%A2%9E%E6%87%89%E7%94%A8%E7%A8%8B%E5%BC%8F%E8%87%B3microsoft-teams-b2217706-f7ed-4e64-8e96-c413afd02f77)的地方。"
        }
      },
      "id": "f952909f-71bc-46e4-a6f4-300fd6f741cd",
      "createdTime": "2021-11-17T03:05:19.923Z",
      "updatedTime": "2021-11-17T03:05:19.923Z",
      "createdUserId": "user-0",
      "updatedUserId": "user-0"
    },
    {
      "channelContent": {
        "web": {
          "contentFormat": "Markdown",
          "content": "頻道是您團隊中的每個人都可以公開交談的地方。\n\n在頻道聊天中**共用的檔案**，會在每個通道的**檔案標籤**下**自動組織**。"
        }
      },
      "id": "e0a5205a-586f-45fd-b0ff-b745712f2326",
      "createdTime": "2021-11-17T03:05:27.393Z",
      "updatedTime": "2021-11-17T03:05:27.393Z",
      "createdUserId": "user-0",
      "updatedUserId": "user-0"
    },
    {
      "channelContent": {
        "web": {
          "contentFormat": "Markdown",
          "content": "💡 **提示**：**只有**在有明確目的、必要和需要時才添加頻道。太多的預先建立的頻道會讓人感到困惑。對於大多數的團隊來說，「一般」頻道是團隊成員最常使用來協作的。"
        }
      },
      "id": "c54b5e7d-b9c2-4fc5-95b7-f731212bfe6e",
      "createdTime": "2021-11-17T03:05:33.945Z",
      "updatedTime": "2021-11-17T03:05:33.945Z",
      "createdUserId": "user-0",
      "updatedUserId": "user-0"
    }
  ]
}