{
  "intents": [
    {
      "triggerQueries": [
        "can my device run office",
        "does office work on my device?",
        "Can I use office on my phone?",
        "does office work on my mobile?",
        "does office work on your mobile?",
        "How do I know if my device can run Office?"
      ],
      "dialogId": "new_topic_87150ba0b0d84fc2aaf16fe52d861ac8",
      "isTriggeringEnabled": true,
      "id": "new_topic_87150ba0b0d84fc2aaf16fe52d861ac8",
      "displayName": "How do I know if my device can run Office?",
      "description": "https://adoptbotv2kb.blob.core.windows.net/%24web/AdoptBot2021-English.docx",
      "createdTime": "2021-01-13T22:20:51.2381463Z",
      "updatedTime": "2021-01-26T21:59:06.4317637Z",
      "createdUserId": "f04d3cd9-b73d-4ba9-a1ed-9319eba29b21",
      "updatedUserId": "f04d3cd9-b73d-4ba9-a1ed-9319eba29b21"
    }
  ],
  "dialogs": [
    {
      "rootNodeId": "0ef960d3-8276-4f1d-8aa2-b290cdb653a0",
      "messageNodes": [
        {
          "botMessageId": "c090a154-2183-4161-9cb4-8a0f168a779e",
          "nodeType": "BotMessageNode",
          "id": "0ef960d3-8276-4f1d-8aa2-b290cdb653a0",
          "defaultTargetNodeId": "cdfde58a-057e-4471-80d7-47a3830e622b"
        }
      ],
      "dialogChangeNodes": [
        {
          "targetDialogId": "new_topic_eac3f49c99664313a9d9dc19d80a79a2_aeabea4d071f415c8c107e1cb7af5424_assumedsuccess",
          "nodeType": "DialogChangeNode",
          "id": "cdfde58a-057e-4471-80d7-47a3830e622b"
        }
      ],
      "id": "new_topic_87150ba0b0d84fc2aaf16fe52d861ac8",
      "displayName": "Dialog for How do I know if my device can run Office?",
      "createdTime": "2021-01-13T22:20:51.2381463Z",
      "updatedTime": "2021-01-27T23:05:17.4539303Z",
      "createdUserId": "f04d3cd9-b73d-4ba9-a1ed-9319eba29b21",
      "updatedUserId": "f04d3cd9-b73d-4ba9-a1ed-9319eba29b21"
    }
  ],
  "botMessages": [
    {
      "channelContent": {
        "web": {
          "contentFormat": "Markdown",
          "content": "Office 365 is compatible with Windows, macOS, iPhone, Android.\n\nFor compatible versions of Windows and macOS, and for other feature requirements, see [System Requirements](https://products.office.com/en-us/office-system-requirements)"
        }
      },
      "id": "c090a154-2183-4161-9cb4-8a0f168a779e",
      "createdTime": "2021-01-13T22:20:51.2381463Z",
      "updatedTime": "2021-01-13T22:20:51.2381463Z",
      "createdUserId": "f04d3cd9-b73d-4ba9-a1ed-9319eba29b21",
      "updatedUserId": "f04d3cd9-b73d-4ba9-a1ed-9319eba29b21"
    }
  ]
}