{
  "intents": [
    {
      "intentType": "Regular",
      "endUserOverrideName": "Kanal och filer",
      "triggerQueries": [
        "Kanal och filer, hur funkar det?",
        "Filer i chatten var sparas dem?",
        "Vad är en kanal och hur sparas filerna?",
        "Var lagras filerna i en kanal?"
      ],
      "dialogId": "new_topic_52010c559e8b4bd1836ccf5bb6dd3b93",
      "isTriggeringEnabled": true,
      "id": "new_topic_52010c559e8b4bd1836ccf5bb6dd3b93",
      "displayName": "Var lagras filerna i en kanal?",
      "description": "https://intranat.helsingborg.se/wp-content/uploads/2020/11/svenska-fracc8agor-till-adoptbot-pva.docx",
      "createdTime": "2020-11-24T14:37:53.8230909Z",
      "updatedTime": "2020-12-10T07:00:55.9919508Z",
      "createdUserId": "f04d3cd9-b73d-4ba9-a1ed-9319eba29b21",
      "updatedUserId": "844fcc91-8b17-49d9-9824-79f412da094a"
    }
  ],
  "dialogs": [
    {
      "rootNodeId": "8cdb1d77-ff78-4c6d-a342-04166c389dd8",
      "messageNodes": [
        {
          "botMessageId": "e63fe675-85da-4fc7-8b37-50e7a662b347",
          "nodeType": "BotMessageNode",
          "id": "8cdb1d77-ff78-4c6d-a342-04166c389dd8",
          "defaultTargetNodeId": "61f01754-8681-49a0-bd5b-ac33d12edc2b"
        }
      ],
      "dialogChangeNodes": [
        {
          "targetDialogId": "new_topic_84ec227c19784e7ba25cb34f4638f91e_aeabea4d071f415c8c107e1cb7af5424_assumedsuccess",
          "nodeType": "DialogChangeNode",
          "id": "61f01754-8681-49a0-bd5b-ac33d12edc2b"
        }
      ],
      "id": "new_topic_52010c559e8b4bd1836ccf5bb6dd3b93",
      "displayName": "Dialog for Var lagras filerna i en kanal?",
      "createdTime": "2020-11-24T14:37:53.8230909Z",
      "updatedTime": "2020-11-24T14:37:53.8230909Z",
      "createdUserId": "f04d3cd9-b73d-4ba9-a1ed-9319eba29b21",
      "updatedUserId": "f04d3cd9-b73d-4ba9-a1ed-9319eba29b21"
    }
  ],
  "botMessages": [
    {
      "channelContent": {
        "web": {
          "contentFormat": "Markdown",
          "content": "Kanaler är samarbetsutrymmena inom ett team där själva arbetet utförs.\r\n\r\nKanaler är dedikerade sektioner inom ett team för att hålla konversationer organiserade efter specifika ämnen, projekt, discipliner, vad som än fungerar för ditt team! En kanal är den plats du går dit alla i teamet öppet kan ha konversationer.\r\n\r\nFiler som du delar i\r\n\r\nchatten i en kanal, hamnar under fliken filer i respektive kanal."
        }
      },
      "id": "e63fe675-85da-4fc7-8b37-50e7a662b347",
      "createdTime": "2020-11-24T14:37:53.8230909Z",
      "updatedTime": "2020-11-24T14:37:53.8230909Z",
      "createdUserId": "f04d3cd9-b73d-4ba9-a1ed-9319eba29b21",
      "updatedUserId": "f04d3cd9-b73d-4ba9-a1ed-9319eba29b21"
    }
  ]
}