{
  "intents": [
    {
      "triggerQueries": [
        "OneNote 원노트 어떻게 받나 얻나",
        "Windows 윈도우 10 OneNote 원노트 찾기 어디",
        "Office 오피스 다른 OneNote 원노트 사용",
        "OneNote 원노트 어떻게 사용 받을 수",
        "OneNote는 어떻게 받을 수 있나요?"
      ],
      "dialogId": "new_topic_2650da9c0656421ea3521b0102042e78",
      "isTriggeringEnabled": true,
      "id": "new_topic_2650da9c0656421ea3521b0102042e78",
      "displayName": "OneNote는 어떻게 받을 수 있나요?",
      "description": "https://adoptbotv2kb.blob.core.windows.net/%24web/adoptbot2021-Korean.docx",
      "createdTime": "2021-03-18T03:39:18.7456548Z",
      "updatedTime": "2021-04-08T06:05:09.4265373Z",
      "createdUserId": "e47109d8-0300-4e59-a90d-56bb29886c9e",
      "updatedUserId": "e47109d8-0300-4e59-a90d-56bb29886c9e"
    }
  ],
  "dialogs": [
    {
      "rootNodeId": "d6d22b66-b1a1-4dac-8eca-993959b6a4a4",
      "messageNodes": [
        {
          "botMessageId": "be110b42-6cc7-4c3c-a2e9-d07bdd5925d5",
          "nodeType": "BotMessageNode",
          "id": "d6d22b66-b1a1-4dac-8eca-993959b6a4a4",
          "defaultTargetNodeId": "befe8fa5-eca2-4d88-928d-76ff244fce8c"
        }
      ],
      "dialogChangeNodes": [
        {
          "targetDialogId": "new_topic_2bf23930c1d146129dfe38bacb94ccd0_aeabea4d071f415c8c107e1cb7af5424_assumedsuccess",
          "nodeType": "DialogChangeNode",
          "id": "befe8fa5-eca2-4d88-928d-76ff244fce8c"
        }
      ],
      "id": "new_topic_2650da9c0656421ea3521b0102042e78",
      "displayName": "Dialog for OneNote는 어떻게 받을 수 있나요?",
      "createdTime": "2021-03-18T03:39:18.7456548Z",
      "updatedTime": "2021-03-18T03:39:18.7456548Z",
      "createdUserId": "e47109d8-0300-4e59-a90d-56bb29886c9e",
      "updatedUserId": "e47109d8-0300-4e59-a90d-56bb29886c9e"
    }
  ],
  "botMessages": [
    {
      "channelContent": {
        "web": {
          "contentFormat": "Markdown",
          "content": "사용하는 장치에 따라 , [고객의 요구에 맞는 OneNote가 있습니다.](https://support.microsoft.com/ko-kr/office/what-s-the-difference-between-the-onenote-versions-a624e692-b78b-4c09-b07f-46181958118f) .\r\n\r\n- OneNote (이전 \"OneNote 2016\"라고 함)는 무료 데스크톱 앱이자  Office 2019 및 Microsoft 365의  일부입니다.\r\n- Windows 10용 OneNote는 Windows 10의 모든 버전에 사전  설치되며  [Microsoft](https://www.microsoft.com/store/productId/9WZDNCRFHVJL) [스토어](https://www.microsoft.com/store/productId/9WZDNCRFHVJL) 에서 무료로 다운로드할 수 있습니다."
        }
      },
      "id": "be110b42-6cc7-4c3c-a2e9-d07bdd5925d5",
      "createdTime": "2021-03-18T03:39:18.7456548Z",
      "updatedTime": "2021-03-18T03:39:18.7456548Z",
      "createdUserId": "e47109d8-0300-4e59-a90d-56bb29886c9e",
      "updatedUserId": "e47109d8-0300-4e59-a90d-56bb29886c9e"
    }
  ],
  "createdUtc": "0001-01-01T00:00:00Z"
}