{
  "intents": [
    {
      "triggerQueries": [
        "미팅 투게더 모드",
        "미팅에서 투게더 모드",
        "투게더 모드 켜기",
        "투게더 모드 어디",
        "대면 모드 활성화",
        "투게더 모드 활성화",
        "모임 모든 사람 만나",
        "옆 모임 모든 사람",
        "강당 회의 참석자 보기",
        "투게더 모드를 켜려면 어떻게 해야 하나요?"
      ],
      "dialogId": "new_topic_a5839c2e3e7d42f0992d5b4483285c88",
      "isTriggeringEnabled": true,
      "id": "new_topic_a5839c2e3e7d42f0992d5b4483285c88",
      "displayName": "투게더 모드를 켜려면 어떻게 해야 하나요?",
      "description": "https://adoptbotv2kb.blob.core.windows.net/%24web/adoptbot2021-Korean.docx",
      "createdTime": "2021-03-18T03:39:18.7476571Z",
      "updatedTime": "2021-04-02T06:07:28.1956397Z",
      "createdUserId": "e47109d8-0300-4e59-a90d-56bb29886c9e",
      "updatedUserId": "e47109d8-0300-4e59-a90d-56bb29886c9e"
    }
  ],
  "dialogs": [
    {
      "rootNodeId": "07fa4a30-0840-41a2-9486-d80552cb3a5a",
      "messageNodes": [
        {
          "botMessageId": "1ff42187-77ec-46bc-aef7-ef7d0215fa33",
          "nodeType": "BotMessageNode",
          "id": "fa55416d-2f62-4dce-9ce3-ec7197de930b",
          "defaultTargetNodeId": "1ce207f0-6fe9-46c7-94ad-594b8fdd21b1"
        },
        {
          "botMessageId": "c795777d-9c12-49ba-b31b-7eba7f5c9c73",
          "nodeType": "BotMessageNode",
          "id": "07fa4a30-0840-41a2-9486-d80552cb3a5a",
          "defaultTargetNodeId": "fa55416d-2f62-4dce-9ce3-ec7197de930b"
        },
        {
          "botMessageId": "7615010d-9f3d-4c05-aba4-1ed939840077",
          "nodeType": "BotMessageNode",
          "id": "1ce207f0-6fe9-46c7-94ad-594b8fdd21b1",
          "defaultTargetNodeId": "19ba0745-e3fd-440b-9dcc-73aa7f099e2f"
        },
        {
          "botMessageId": "524142c0-d27e-468a-a56a-cec967037961",
          "nodeType": "BotMessageNode",
          "id": "19ba0745-e3fd-440b-9dcc-73aa7f099e2f",
          "defaultTargetNodeId": "0e5f3989-fee5-48e1-9dde-3c459e71aee8"
        }
      ],
      "dialogChangeNodes": [
        {
          "targetDialogId": "new_topic_2bf23930c1d146129dfe38bacb94ccd0_aeabea4d071f415c8c107e1cb7af5424_assumedsuccess",
          "nodeType": "DialogChangeNode",
          "id": "0e5f3989-fee5-48e1-9dde-3c459e71aee8"
        }
      ],
      "id": "new_topic_a5839c2e3e7d42f0992d5b4483285c88",
      "displayName": "Dialog for 투게더 모드를 켜려면 어떻게 해야 하나요?",
      "createdTime": "2021-03-18T03:39:18.7476571Z",
      "updatedTime": "2021-04-02T06:33:34.5086253Z",
      "createdUserId": "e47109d8-0300-4e59-a90d-56bb29886c9e",
      "updatedUserId": "e47109d8-0300-4e59-a90d-56bb29886c9e"
    }
  ],
  "botMessages": [
    {
      "channelContent": {
        "web": {
          "contentFormat": "Markdown",
          "content": "이 보기를 활성화하려면 회의 중 **회의 옵션**\"...\" 으로 이동하여 **투게더 모드**를 클릭합니다(**당신**의 보기에만 영향을 미칩니다)."
        }
      },
      "id": "1ff42187-77ec-46bc-aef7-ef7d0215fa33",
      "createdTime": "2021-03-18T03:39:18.7476571Z",
      "updatedTime": "2021-03-18T03:39:18.7476571Z",
      "createdUserId": "e47109d8-0300-4e59-a90d-56bb29886c9e",
      "updatedUserId": "e47109d8-0300-4e59-a90d-56bb29886c9e"
    },
    {
      "channelContent": {
        "web": {
          "contentFormat": "Markdown",
          "content": "[투게더 모드](https://youtu.be/MGsNmYKgeTA)는 함께하는 느낌을 증가시킵니다, 연구에 따르면, 디지털 회의에서 우리에게 있는 인지 부담을 줄일 수 있습니다. 디지털 미팅에서 일반적인 보기보다 덜 피곤할 것입 니다!"
        }
      },
      "id": "c795777d-9c12-49ba-b31b-7eba7f5c9c73",
      "createdTime": "2021-04-02T06:31:26.737Z",
      "updatedTime": "2021-04-02T06:31:26.737Z",
      "createdUserId": "user-0",
      "updatedUserId": "user-0"
    },
    {
      "channelContent": {
        "web": {
          "contentFormat": "Markdown",
          "content": "💡 **팁:** 투게더 모드을 보려면 , 카메라를 켜야 합니다. 현재 장면 선택에 따라 투게더 모드에서 최대 50명의 다른 사람을 동시에 볼 수 있습니다."
        }
      },
      "id": "7615010d-9f3d-4c05-aba4-1ed939840077",
      "createdTime": "2021-04-02T06:32:37.52Z",
      "updatedTime": "2021-04-02T06:32:37.52Z",
      "createdUserId": "user-0",
      "updatedUserId": "user-0"
    },
    {
      "channelContent": {
        "web": {
          "contentFormat": "Markdown",
          "content": "[Teams에서 동영상 옵션에 대해 더 알아보세요.](https://support.microsoft.com/ko-kr/office/anv%c3%a4nda-video-i-microsoft-teams-3647fc29-7b92-4c26-8c2d-8a596904cdae?ui=sv-SE&rs=sv-SE&ad=SE)"
        }
      },
      "id": "524142c0-d27e-468a-a56a-cec967037961",
      "createdTime": "2021-04-02T06:33:26.346Z",
      "updatedTime": "2021-04-02T06:33:26.346Z",
      "createdUserId": "user-0",
      "updatedUserId": "user-0"
    }
  ],
  "createdUtc": "0001-01-01T00:00:00Z"
}