{
  "intents": [
    {
      "endUserOverrideName": "Pop-Out-Chat aktivieren (mehrere Chat-Fenster)",
      "triggerQueries": [
        "Wie aktiviere ich den pop-out chat?",
        "Wie schiebe ich einen chat in eigenes Fenster?",
        "Mehrere Chats gleichzeitig öffnen",
        "Mit jemandem in separatem Fenster chatten",
        "kann man mehrere Fenster in Teams haben?",
        "chat in neuem fenster öffnen",
        "Chat fenster lösen",
        "Mehrere Chat-Fenster auf einmal?",
        "Pop-Out-Chat aktivieren?",
        "mehrere Chat-Fenster"
      ],
      "dialogId": "new_topic_fe0a0b2394634dafae639a7c57ff9590",
      "isTriggeringEnabled": true,
      "id": "new_topic_fe0a0b2394634dafae639a7c57ff9590",
      "displayName": "Wie kann ich den Pop-Out-Chat aktivieren?",
      "description": "https://adoptbotv2kb.blob.core.windows.net/%24web/AdoptBot2021-English.docx",
      "createdTime": "2021-04-18T09:26:31.3350245Z",
      "updatedTime": "2021-04-18T09:26:31.3350245Z",
      "createdUserId": "86360cd1-faa6-4d16-8a0c-ba3116c8a977"
    }
  ],
  "dialogs": [
    {
      "rootNodeId": "253e6b02-8483-420e-bf0e-8f0d4dfe680e",
      "messageNodes": [
        {
          "botMessageId": "444f651d-9291-499b-89c2-4075b201ceec",
          "nodeType": "BotMessageNode",
          "id": "253e6b02-8483-420e-bf0e-8f0d4dfe680e",
          "defaultTargetNodeId": "1245ed9e-46de-464d-bdd6-663d88b1df00"
        },
        {
          "botMessageId": "bd6bbcc3-8ae9-4d6f-aa56-bbad1bcb7a10",
          "nodeType": "BotMessageNode",
          "id": "1245ed9e-46de-464d-bdd6-663d88b1df00",
          "defaultTargetNodeId": "a48d5a84-7bd3-4548-a2e7-e4299173c5ba"
        }
      ],
      "dialogChangeNodes": [
        {
          "targetDialogId": "new_topic_30867099f4b543d3b8543a85c22c3418_aeabea4d071f415c8c107e1cb7af5424_assumedsuccess",
          "nodeType": "DialogChangeNode",
          "id": "a48d5a84-7bd3-4548-a2e7-e4299173c5ba"
        }
      ],
      "id": "new_topic_fe0a0b2394634dafae639a7c57ff9590",
      "displayName": "Dialog for Wie kann ich den Pop-Out-Chat aktivieren?",
      "createdTime": "2021-04-18T09:26:31.3350245Z",
      "updatedTime": "2021-04-18T09:28:37.0465378Z",
      "createdUserId": "86360cd1-faa6-4d16-8a0c-ba3116c8a977",
      "updatedUserId": "86360cd1-faa6-4d16-8a0c-ba3116c8a977"
    }
  ],
  "botMessages": [
    {
      "channelContent": {
        "web": {
          "contentFormat": "Markdown",
          "content": "Sie können Ihren Einzel- oder Gruppen-Chat sofort in ein separates Fenster ausklappen. Anschließend können Sie die Größe des Fensters nach Belieben ändern, neu positionieren oder es schließen."
        }
      },
      "id": "444f651d-9291-499b-89c2-4075b201ceec",
      "createdTime": "2021-04-18T09:26:31.3350245Z",
      "updatedTime": "2021-04-18T09:26:31.3350245Z",
      "createdUserId": "86360cd1-faa6-4d16-8a0c-ba3116c8a977",
      "updatedUserId": "86360cd1-faa6-4d16-8a0c-ba3116c8a977"
    },
    {
      "channelContent": {
        "web": {
          "contentFormat": "Markdown",
          "content": "**Bitte beachten:** _Sie können mehrere Unterhaltungen ausblenden, aber nicht denselben Chat zweimal._\n\n[Pop-Out eines Chats in Teams](https://support.microsoft.com/de-de/office/chatten-in-teams-cff95cb0-34af-423f-8f69-fe9106973790?ui=de-DE&rs=de-DE&ad=DE)"
        }
      },
      "id": "bd6bbcc3-8ae9-4d6f-aa56-bbad1bcb7a10",
      "createdTime": "2021-04-18T09:27:01.892Z",
      "updatedTime": "2021-04-18T09:27:01.892Z",
      "createdUserId": "user-0",
      "updatedUserId": "user-0"
    }
  ]
}