{
  "intents": [
    {
      "endUserOverrideName": "Aggiungere membri a un team",
      "triggerQueries": [
        "Aggiungere membri a un team",
        "Come invitare nuove persone nel team",
        "Come posso aggiungere un membro al team?",
        "Aggiungere i membri del team",
        "Invitare i colleghi in un team",
        "Invitare più persone a collaborare",
        "Aggiungi una nuova persona al tuo team",
        "Come aggiungere membri del Team?",
        "aggiungere un membro del team al team",
        "Aggiungi qualcuno al tuo team",
        "Come posso aggiungere altre persone al team?",
        "Come posso aggiungere un membro a un team?"
      ],
      "dialogId": "new_topic_1f622897301e41bfa54cc45f04f53b8a",
      "isTriggeringEnabled": true,
      "id": "new_topic_1f622897301e41bfa54cc45f04f53b8a",
      "displayName": "Come posso aggiungere un membro a un team?",
      "createdTime": "2022-04-26T11:43:29.6351494Z",
      "updatedTime": "2022-04-26T11:44:45.0140316Z",
      "createdUserId": "9451fc51-e00d-4445-8ff9-efb70866dc3b",
      "updatedUserId": "9451fc51-e00d-4445-8ff9-efb70866dc3b"
    }
  ],
  "dialogs": [
    {
      "rootNodeId": "a92f5be4-d7b3-4df6-86cc-c880f8e13648",
      "messageNodes": [
        {
          "botMessageId": "ae4495f0-7521-46a4-97b6-940f16a1e061",
          "nodeType": "BotMessageNode",
          "id": "a92f5be4-d7b3-4df6-86cc-c880f8e13648",
          "defaultTargetNodeId": "da2a4747-2370-4dba-b6f2-11f2ee5c3488"
        },
        {
          "botMessageId": "e864f92c-91f1-431b-a6ad-fa8f96b906a6",
          "nodeType": "BotMessageNode",
          "id": "da2a4747-2370-4dba-b6f2-11f2ee5c3488",
          "defaultTargetNodeId": "31f3f06c-1c39-4c5d-a4db-df1935fd8f1d"
        }
      ],
      "dialogChangeNodes": [
        {
          "targetDialogId": "new_topic_f98a24608ee04cb998de3e3e32703d5b_aeabea4d071f415c8c107e1cb7af5424_assumedsuccess",
          "nodeType": "DialogChangeNode",
          "id": "31f3f06c-1c39-4c5d-a4db-df1935fd8f1d"
        }
      ],
      "id": "new_topic_1f622897301e41bfa54cc45f04f53b8a",
      "displayName": "Senza titolo",
      "createdTime": "2022-04-26T11:43:29.6351494Z",
      "updatedTime": "2022-04-26T11:44:45.0140316Z",
      "createdUserId": "9451fc51-e00d-4445-8ff9-efb70866dc3b",
      "updatedUserId": "9451fc51-e00d-4445-8ff9-efb70866dc3b"
    }
  ],
  "botMessages": [
    {
      "channelContent": {
        "web": {
          "contentFormat": "Markdown",
          "content": "**Se sei il proprietario di un team,**\n\n1.  Vai al nome della squadra e seleziona **Altre opzioni** (...),\n2.  Seleziona **Aggiungi membri**. Da qui puoi anche [invitare ospiti esterni alla tua organizzazione a unirsi al tuo team.](https://support.microsoft.com/it-it/office/aggiungere-guest-a-un-team-in-teams-fccb4fa6-f864-4508-bdde-256e7384a14f)"
        }
      },
      "id": "ae4495f0-7521-46a4-97b6-940f16a1e061",
      "createdTime": "2022-04-26T11:28:44.448Z",
      "updatedTime": "2022-04-26T11:28:44.448Z"
    },
    {
      "channelContent": {
        "web": {
          "contentFormat": "Markdown",
          "content": "**Per aggiungere più persone**, digitare il nome di un gruppo di contatti (noto anche come \"elenco di distribuzione\"), gruppo di sicurezza o gruppo Microsoft 365."
        }
      },
      "id": "e864f92c-91f1-431b-a6ad-fa8f96b906a6",
      "createdTime": "2022-04-26T11:43:49.898Z",
      "updatedTime": "2022-04-26T11:43:49.898Z",
      "createdUserId": "user-0",
      "updatedUserId": "user-0"
    }
  ]
}