{
  "intents": [
    {
      "triggerQueries": [
        "Posso rinominare il canale generale?",
        "Perché il canale pubblico è disponibile",
        "Posso cancellare il canale generale?",
        "A cosa serve il Canale Generale?",
        "Qual è lo scopo di un Canale Generale?",
        "Perché c'è un canale chiamato generale?",
        "Posso cancellare il canale generale?",
        "Voglio eliminare il canale pubblico",
        "Perché è disponibile il Canale Generale?",
        "Il canale chiamato Generale",
        "Che cos'è il Canale Generale?"
      ],
      "dialogId": "new_topic_ee4d5938fb77497fb72b060ee74e8450",
      "isTriggeringEnabled": true,
      "id": "new_topic_ee4d5938fb77497fb72b060ee74e8450",
      "displayName": "Che cos'è il Canale Generale?",
      "createdTime": "2022-04-26T18:52:11.7798045Z",
      "updatedTime": "2022-04-26T18:52:11.7798045Z",
      "createdUserId": "9451fc51-e00d-4445-8ff9-efb70866dc3b",
      "updatedUserId": "9451fc51-e00d-4445-8ff9-efb70866dc3b"
    }
  ],
  "dialogs": [
    {
      "rootNodeId": "4359685c-d56d-465b-8848-004eb41e9545",
      "messageNodes": [
        {
          "botMessageId": "4a6eabc9-cd45-430a-a18a-d370363766fa",
          "nodeType": "BotMessageNode",
          "id": "4359685c-d56d-465b-8848-004eb41e9545",
          "defaultTargetNodeId": "136dfaed-9144-41ed-8deb-1e3d02884910"
        },
        {
          "botMessageId": "c5f0cb96-fbdd-4caf-aac2-2e1ee05d849c",
          "nodeType": "BotMessageNode",
          "id": "136dfaed-9144-41ed-8deb-1e3d02884910",
          "defaultTargetNodeId": "56245bfe-d05e-4970-a405-78048e2b4711"
        },
        {
          "botMessageId": "9d4e25f2-ad57-4534-8028-fdd8267eadd6",
          "nodeType": "BotMessageNode",
          "id": "56245bfe-d05e-4970-a405-78048e2b4711",
          "defaultTargetNodeId": "f34cf9c0-d683-4a31-9cee-4479feb76111"
        }
      ],
      "dialogChangeNodes": [
        {
          "targetDialogId": "new_topic_f98a24608ee04cb998de3e3e32703d5b_aeabea4d071f415c8c107e1cb7af5424_assumedsuccess",
          "nodeType": "DialogChangeNode",
          "id": "f34cf9c0-d683-4a31-9cee-4479feb76111"
        }
      ],
      "id": "new_topic_ee4d5938fb77497fb72b060ee74e8450",
      "displayName": "Senza titolo",
      "createdTime": "2022-04-26T18:52:11.7798045Z",
      "updatedTime": "2022-04-26T18:52:11.7798045Z",
      "createdUserId": "9451fc51-e00d-4445-8ff9-efb70866dc3b",
      "updatedUserId": "9451fc51-e00d-4445-8ff9-efb70866dc3b"
    }
  ],
  "botMessages": [
    {
      "channelContent": {
        "web": {
          "contentFormat": "Markdown",
          "content": "Per impostazione predefinita, il canale Generale viene creato in ogni Team."
        }
      },
      "id": "4a6eabc9-cd45-430a-a18a-d370363766fa",
      "createdTime": "2022-04-26T18:07:40.221Z",
      "updatedTime": "2022-04-26T18:07:40.221Z"
    },
    {
      "channelContent": {
        "web": {
          "contentFormat": "Markdown",
          "content": "Il Canale Generale è usato in diversi modi:\n\n*   Usalo per condividere una panoramica degli obiettivi che il team vuole raggiungere. Ad esempio, una panoramica del progetto o chi fa parte del team.\n*   Usalo per l'accoglienza dei nuovi membri del team e per altre informazioni generali che un nuovo membro del team potrebbe trovare utili.\n*   Usalo per gli annunci."
        }
      },
      "id": "c5f0cb96-fbdd-4caf-aac2-2e1ee05d849c",
      "createdTime": "2022-04-26T18:17:26.652Z",
      "updatedTime": "2022-04-26T18:17:26.652Z",
      "createdUserId": "user-0",
      "updatedUserId": "user-0"
    },
    {
      "channelContent": {
        "web": {
          "contentFormat": "Markdown",
          "content": "Quando rinomini i canali, ricorda che i canali saranno ordinati in ordine alfabetico dopo il canale Generale. _Attualmente, non è possibile eliminare il canale Generale._"
        }
      },
      "id": "9d4e25f2-ad57-4534-8028-fdd8267eadd6",
      "createdTime": "2022-04-26T18:50:52.841Z",
      "updatedTime": "2022-04-26T18:50:52.841Z",
      "createdUserId": "user-0",
      "updatedUserId": "user-0"
    }
  ]
}