{
  "intents": [
    {
      "endUserOverrideName": "Assistenza operatore durante una riunione?",
      "triggerQueries": [
        "Assistenza operatore durante una riunione?",
        "assistenza dell'operatore durante una riunione?",
        "assistenza di un operatore di telecomunicazioni?",
        "assistenza da parte dei dipendenti del servizio clienti durante una riunione?",
        "aiuto dal vivo durante una riunione?",
        "supporto in tempo reale dall'agente durante una riunione?",
        "Un utente può ricevere assistenza da parte dell'operatore durante una riunione?"
      ],
      "dialogId": "new_topic_8e07999c99da4f73b1605467598da669",
      "isTriggeringEnabled": true,
      "id": "new_topic_8e07999c99da4f73b1605467598da669",
      "displayName": "Un utente può ricevere assistenza da parte dell'operatore durante una riunione?",
      "createdTime": "2022-04-29T19:29:45.3752199Z",
      "updatedTime": "2022-04-29T19:31:29.5483008Z",
      "createdUserId": "9451fc51-e00d-4445-8ff9-efb70866dc3b",
      "updatedUserId": "9451fc51-e00d-4445-8ff9-efb70866dc3b"
    }
  ],
  "dialogs": [
    {
      "rootNodeId": "200b43f3-876c-4bc2-8116-2cf33c201506",
      "messageNodes": [
        {
          "botMessageId": "1b6ca0e5-865f-463d-be5f-d0bc577d9d7d",
          "nodeType": "BotMessageNode",
          "id": "200b43f3-876c-4bc2-8116-2cf33c201506",
          "defaultTargetNodeId": "0de671c0-3d9d-430b-ab3c-80282a5d8a8b"
        },
        {
          "botMessageId": "202652c7-ff47-42d7-b13c-5be823f27a8d",
          "nodeType": "BotMessageNode",
          "id": "0de671c0-3d9d-430b-ab3c-80282a5d8a8b",
          "defaultTargetNodeId": "112df593-d3b5-4cfb-ab5d-ff23fd54250b"
        }
      ],
      "dialogChangeNodes": [
        {
          "targetDialogId": "new_topic_f98a24608ee04cb998de3e3e32703d5b_aeabea4d071f415c8c107e1cb7af5424_assumedsuccess",
          "nodeType": "DialogChangeNode",
          "id": "112df593-d3b5-4cfb-ab5d-ff23fd54250b"
        }
      ],
      "id": "new_topic_8e07999c99da4f73b1605467598da669",
      "displayName": "Senza titolo",
      "createdTime": "2022-04-29T19:29:45.3752199Z",
      "updatedTime": "2022-04-29T19:31:29.5483008Z",
      "createdUserId": "9451fc51-e00d-4445-8ff9-efb70866dc3b",
      "updatedUserId": "9451fc51-e00d-4445-8ff9-efb70866dc3b"
    }
  ],
  "botMessages": [
    {
      "channelContent": {
        "web": {
          "contentFormat": "Markdown",
          "content": "Un utente non può ottenere assistenza o supporto da parte dell'operatore premendo \\*0 durante la riunione."
        }
      },
      "id": "1b6ca0e5-865f-463d-be5f-d0bc577d9d7d",
      "createdTime": "2022-04-29T19:25:08.074Z",
      "updatedTime": "2022-04-29T19:25:08.074Z"
    },
    {
      "channelContent": {
        "web": {
          "contentFormat": "Markdown",
          "content": "In caso di problemi in audioconferenza, un amministratore dell'organizzazione può contattare il [supporto Microsoft per Office 365](https://docs.microsoft.com/it-it/microsoft-365/admin/get-help-support?redirectSourcePath=%252farticle%252fMicrosoft-support-for-Office-365-32a17ca7-6fa0-4870-8a8d-e25ba4ccfd4b&view=o365-worldwide)"
        }
      },
      "id": "202652c7-ff47-42d7-b13c-5be823f27a8d",
      "createdTime": "2022-04-29T19:26:09.651Z",
      "updatedTime": "2022-04-29T19:26:09.651Z",
      "createdUserId": "user-0",
      "updatedUserId": "user-0"
    }
  ]
}