{
  "intents": [
    {
      "triggerQueries": [
        "What is the maximum length of conference call meetings?",
        "How long can a conference call last?",
        "conference call for how long?",
        "How long can you talk in a conference call?",
        "Maximum length of teleconferences?",
        "Maximum length of a phone conference call (audio conferencing meeting)?"
      ],
      "dialogId": "new_topic_f07f7b93e4f14727bc16248a0d7d949c",
      "isTriggeringEnabled": true,
      "id": "new_topic_f07f7b93e4f14727bc16248a0d7d949c",
      "displayName": "Maximum length of a phone conference call (audio conferencing meeting)?",
      "description": "",
      "createdTime": "2021-01-13T22:20:51.2381463Z",
      "updatedTime": "2023-11-16T13:22:04.603949Z",
      "createdUserId": "f04d3cd9-b73d-4ba9-a1ed-9319eba29b21",
      "updatedUserId": "c8d29cfd-efef-47c1-8e02-210c8be30c37"
    }
  ],
  "dialogs": [
    {
      "rootNodeId": "a5782368-43a0-4843-b19f-7c8036aa8bd1",
      "messageNodes": [
        {
          "botMessageId": "c8de5c68-183c-46e6-a852-efddbc823476",
          "nodeType": "BotMessageNode",
          "id": "a5782368-43a0-4843-b19f-7c8036aa8bd1",
          "defaultTargetNodeId": "c81e2e01-91d8-4062-8753-8f7a43faff5a"
        }
      ],
      "dialogChangeNodes": [
        {
          "targetDialogId": "new_topic_eac3f49c99664313a9d9dc19d80a79a2_aeabea4d071f415c8c107e1cb7af5424_assumedsuccess",
          "nodeType": "DialogChangeNode",
          "id": "c81e2e01-91d8-4062-8753-8f7a43faff5a"
        }
      ],
      "id": "new_topic_f07f7b93e4f14727bc16248a0d7d949c",
      "displayName": "Dialog for Maximum length of a phone conference call (audio conferencing meeting)?",
      "createdTime": "2021-01-13T22:20:51.2381463Z",
      "updatedTime": "2023-11-16T13:22:04.6039482Z",
      "createdUserId": "f04d3cd9-b73d-4ba9-a1ed-9319eba29b21",
      "updatedUserId": "c8d29cfd-efef-47c1-8e02-210c8be30c37"
    }
  ],
  "botMessages": [
    {
      "channelContent": {
        "web": {
          "contentFormat": "Markdown",
          "content": "The meeting ends after 24 hours."
        }
      },
      "id": "c8de5c68-183c-46e6-a852-efddbc823476",
      "createdTime": "2021-01-13T22:20:51.2381463Z",
      "updatedTime": "2021-01-13T22:20:51.2381463Z",
      "createdUserId": "f04d3cd9-b73d-4ba9-a1ed-9319eba29b21",
      "updatedUserId": "f04d3cd9-b73d-4ba9-a1ed-9319eba29b21"
    }
  ]
}