{
  "intents": [
    {
      "triggerQueries": [
        "Kutt ut bakgrunnsstøyen",
        "Hvordan man kan redusere bakgrunnsstøy i møter",
        "De hører meg ikke bra under møtet",
        "Bedre møtelyd",
        "Hører mye rart i bakgrunnen",
        "Redusere bråk",
        "Hører masse støy i bakgrunnen",
        "Det bråker mye i bakgrunnen",
        "Hvorfor ble innstillingen på demping av støy endret?",
        "Kan jeg skru på demping av støy fra møtevinduet?",
        "Innstilling for demping av støy",
        "Hvor kan jeg finne innstilling for bakgrunnsstøy?",
        "Slå av demping av støy",
        "Skru på demping av støy",
        "Kan jeg dempe bakgrunnsstøy mens jeg er i møte?",
        "Demping av støy",
        "Reduser bakgrunnsstøy i møte"
      ],
      "dialogId": "new_topic_1c5f2f708cfc4a21bbdcbed7183536f5",
      "isTriggeringEnabled": true,
      "id": "new_topic_1c5f2f708cfc4a21bbdcbed7183536f5",
      "displayName": "Reduser bakgrunnsstøy i møter",
      "description": "",
      "createdTime": "2021-04-09T14:10:44.2613474Z",
      "updatedTime": "2021-04-23T09:54:52.4680287Z",
      "createdUserId": "ef0c8b9a-eff1-49f8-92fa-fd1d3e15e1ba",
      "updatedUserId": "ef0c8b9a-eff1-49f8-92fa-fd1d3e15e1ba"
    }
  ],
  "dialogs": [
    {
      "rootNodeId": "1c121289-ebe3-41f8-bf28-5892a6328f17",
      "messageNodes": [
        {
          "botMessageId": "5185c653-f222-4f36-9512-75e5831eab27",
          "nodeType": "BotMessageNode",
          "id": "60d89019-318d-4338-b2ac-34b38fc4e131",
          "defaultTargetNodeId": "0db83cee-3e8a-491a-887a-7ed5d46ccde1"
        },
        {
          "botMessageId": "ed8398cd-5856-4dd1-8c60-1d8dd543d342",
          "nodeType": "BotMessageNode",
          "id": "0db83cee-3e8a-491a-887a-7ed5d46ccde1",
          "defaultTargetNodeId": "ae296e3c-ed81-45fc-ad27-08a5bf1d2e06"
        },
        {
          "botMessageId": "ac98db60-4500-4569-ae49-15289cd7ee0f",
          "nodeType": "BotMessageNode",
          "id": "ae296e3c-ed81-45fc-ad27-08a5bf1d2e06",
          "defaultTargetNodeId": "34ba9b4d-91a9-41fd-9183-8d43568026bb"
        },
        {
          "botMessageId": "6afc8a80-1436-4d8a-b081-d3438ac0b5e4",
          "nodeType": "BotMessageNode",
          "id": "34ba9b4d-91a9-41fd-9183-8d43568026bb",
          "defaultTargetNodeId": "1e11b325-1a74-4a1d-9a17-f87be885d3b7"
        },
        {
          "botMessageId": "d3e29e6c-c5bb-4a0e-b508-2e98caa7f1c0",
          "nodeType": "BotMessageNode",
          "id": "1c121289-ebe3-41f8-bf28-5892a6328f17",
          "defaultTargetNodeId": "60d89019-318d-4338-b2ac-34b38fc4e131"
        }
      ],
      "dialogChangeNodes": [
        {
          "targetDialogId": "new_topic_89c49d37fd4c4c1c9144396960733ce1_aeabea4d071f415c8c107e1cb7af5424_assumedsuccess",
          "nodeType": "DialogChangeNode",
          "id": "1e11b325-1a74-4a1d-9a17-f87be885d3b7"
        }
      ],
      "id": "new_topic_1c5f2f708cfc4a21bbdcbed7183536f5",
      "displayName": "Dialog for Reduser bakgrunnsstøy i møte",
      "createdTime": "2021-04-09T14:10:44.2613474Z",
      "updatedTime": "2021-04-23T09:55:24.6278234Z",
      "createdUserId": "ef0c8b9a-eff1-49f8-92fa-fd1d3e15e1ba",
      "updatedUserId": "ef0c8b9a-eff1-49f8-92fa-fd1d3e15e1ba"
    }
  ],
  "botMessages": [
    {
      "channelContent": {
        "web": {
          "contentFormat": "Markdown",
          "content": "Du kan endre denne innstillingen når som helst. Når den er endret, beholdes innstillingen frem til du endrer den igjen. \n\nHvis du vil endre innstillingene mens du er i et møte, kan du bruke fremgangsmåten **\"Fra et møtevindu\"**."
        }
      },
      "id": "5185c653-f222-4f36-9512-75e5831eab27",
      "createdTime": "2021-04-09T14:10:44.2613474Z",
      "updatedTime": "2021-04-09T14:10:44.2613474Z",
      "createdUserId": "ef0c8b9a-eff1-49f8-92fa-fd1d3e15e1ba",
      "updatedUserId": "ef0c8b9a-eff1-49f8-92fa-fd1d3e15e1ba"
    },
    {
      "channelContent": {
        "web": {
          "contentFormat": "Markdown",
          "content": "**Fra Teams:**\n\n1.  Velg profilbildet ditt øverst til høyre i Teams, og velg deretter **Innstillinger**.\n2.  Velg **Enheter** til venstre, og velg et alternativ under **Demping av støy**.\n    *   **Automatisk (standard) -** Teams bestemmer på det beste nivået av støy som skjules basert på lokal støy.\n    *   **Høy -** skjuler alle bakgrunns lyder som ikke er tale. Vær oppmerksom på at dette alternativet må datamaskinens prosessor støtte avanserte Vector extensions 2 (AVX2). Dette alternativet er for øyeblikket ikke tilgjengelig hvis direkteteksting er aktivert. Aktivering av dette alternativet bruker mer datamaskin kapasitet.\n    *   **Lav -** skjuler lave nivåer av bakgrunnsstøy, for eksempel en datavifte eller et klimaanlegg. Bruk denne innstillingen for å spille av musikk.\n    *   **Av -** demping deaktiveres. Bruk denne innstillingen for mikrofoner med høy kvalitet i miljøer med lavt støynivå."
        }
      },
      "id": "ed8398cd-5856-4dd1-8c60-1d8dd543d342",
      "createdTime": "2021-04-09T14:12:54.382Z",
      "updatedTime": "2021-04-09T14:12:54.382Z",
      "createdUserId": "user-0",
      "updatedUserId": "user-0"
    },
    {
      "channelContent": {
        "web": {
          "contentFormat": "Markdown",
          "content": "**Fra et møtevindu:**\n\n1.  Velg **Flere handlinger…** i møtekontrollene, og velg deretter **Enhetsinnstillinger**.\n2.  Velg et alternativ under **Demping av støy**."
        }
      },
      "id": "ac98db60-4500-4569-ae49-15289cd7ee0f",
      "createdTime": "2021-04-09T14:13:54.216Z",
      "updatedTime": "2021-04-09T14:13:54.216Z",
      "createdUserId": "user-0",
      "updatedUserId": "user-0"
    },
    {
      "channelContent": {
        "web": {
          "contentFormat": "Markdown",
          "content": "**Obs!:** Hvis enheten bruker for mye minnekapasitet i løpet av en samtale, kan det hende at innstillingen går tilbake til **Lav**."
        }
      },
      "id": "6afc8a80-1436-4d8a-b081-d3438ac0b5e4",
      "createdTime": "2021-04-09T14:14:15.266Z",
      "updatedTime": "2021-04-09T14:14:15.266Z",
      "createdUserId": "user-0",
      "updatedUserId": "user-0"
    },
    {
      "channelContent": {
        "web": {
          "contentFormat": "Markdown",
          "content": "Bråker det mye rundt deg under et møte? Det er mulig å [redusere din egen bakgrunnsstøy ved å endre innstillingen **\"Demping av støy**](https://support.microsoft.com/nb-no/office/redusere-bakgrunns-st%c3%b8y-i-team-m%c3%b8ter-1a9c6819-137d-4b3b-a1c8-4ab20b234c0d?ui=nb-NO&rs=nb-NO&ad=NO)**\"**."
        }
      },
      "id": "d3e29e6c-c5bb-4a0e-b508-2e98caa7f1c0",
      "createdTime": "2021-04-14T18:39:06.254Z",
      "updatedTime": "2021-04-14T18:39:06.254Z",
      "createdUserId": "user-0",
      "updatedUserId": "user-0"
    }
  ],
  "createdUtc": "0001-01-01T00:00:00Z"
}