{
  "intents": [
    {
      "endUserOverrideName": "",
      "triggerQueries": [
        "Join as guest without using Teams?",
        "how do external people join a team?",
        "Is it hard to join a team as a guest?",
        "activate a guest invite to a team",
        "Can guests join a team from their phone?",
        "what is the guest experience when joining a team?",
        "How does a person from another organization join a team?",
        "How do guests join a team?",
        "How does a guest join a team?"
      ],
      "dialogId": "new_topic_666fcb8a190a46459298b659cef5d5a9",
      "isTriggeringEnabled": true,
      "id": "new_topic_666fcb8a190a46459298b659cef5d5a9",
      "displayName": "How do guests join a team?",
      "description": "",
      "createdTime": "2021-01-27T10:51:11.9050095Z",
      "updatedTime": "2021-01-27T10:51:11.9050095Z",
      "createdUserId": "f04d3cd9-b73d-4ba9-a1ed-9319eba29b21"
    }
  ],
  "dialogs": [
    {
      "rootNodeId": "cd48863d-f975-4416-b3b7-dc4fa08b5dd0",
      "messageNodes": [
        {
          "botMessageId": "a4d816e4-233f-4bc4-98f1-d717b5ad2ea3",
          "nodeType": "BotMessageNode",
          "id": "cd48863d-f975-4416-b3b7-dc4fa08b5dd0",
          "defaultTargetNodeId": "77d415f5-9267-4bde-a53c-cbdcdc1b4c55"
        },
        {
          "botMessageId": "344e5930-6c03-4d9b-9b3e-80a7d5c3ff4b",
          "nodeType": "BotMessageNode",
          "id": "77d415f5-9267-4bde-a53c-cbdcdc1b4c55",
          "defaultTargetNodeId": "f2dfca5f-a383-4fac-8fb5-6989469916bb"
        }
      ],
      "dialogChangeNodes": [
        {
          "targetDialogId": "new_topic_eac3f49c99664313a9d9dc19d80a79a2_aeabea4d071f415c8c107e1cb7af5424_assumedsuccess",
          "nodeType": "DialogChangeNode",
          "id": "f2dfca5f-a383-4fac-8fb5-6989469916bb"
        }
      ],
      "id": "new_topic_666fcb8a190a46459298b659cef5d5a9",
      "displayName": "Dialog for How do guests join a team?",
      "createdTime": "2021-01-27T10:51:11.9050095Z",
      "updatedTime": "2021-01-27T10:59:06.8345566Z",
      "createdUserId": "f04d3cd9-b73d-4ba9-a1ed-9319eba29b21",
      "updatedUserId": "f04d3cd9-b73d-4ba9-a1ed-9319eba29b21"
    }
  ],
  "botMessages": [
    {
      "channelContent": {
        "web": {
          "contentFormat": "Markdown",
          "content": "Guests receive a welcome email invitation that includes some information about joining Teams and [what the guest experience is like](https://docs.microsoft.com/en-us/MicrosoftTeams/guest-experience)[.](https://support.microsoft.com/en-us/office/join-a-team-as-a-guest-928d1eef-61e2-49ec-b754-c2fe86b34824)"
        }
      },
      "id": "a4d816e4-233f-4bc4-98f1-d717b5ad2ea3",
      "createdTime": "2021-01-27T10:51:11.9050095Z",
      "updatedTime": "2021-01-27T10:51:11.9050095Z",
      "createdUserId": "f04d3cd9-b73d-4ba9-a1ed-9319eba29b21",
      "updatedUserId": "f04d3cd9-b73d-4ba9-a1ed-9319eba29b21"
    },
    {
      "channelContent": {
        "web": {
          "contentFormat": "Markdown",
          "content": "You can share or watch this [video guide on how to join as a guest](https://support.microsoft.com/en-us/office/join-a-team-as-a-guest-928d1eef-61e2-49ec-b754-c2fe86b34824)."
        }
      },
      "id": "344e5930-6c03-4d9b-9b3e-80a7d5c3ff4b",
      "createdTime": "2021-01-27T10:57:06.626Z",
      "updatedTime": "2021-01-27T10:57:06.626Z",
      "createdUserId": "user-0",
      "updatedUserId": "user-0"
    }
  ]
}