{"properties":{"connectionReferences":{"shared_office365users":{"runtimeSource":"embedded","connection":{"connectionReferenceLogicalName":"cr461_sharedoffice365users_7675a"},"api":{"name":"shared_office365users"}},"shared_teams":{"runtimeSource":"embedded","connection":{"connectionReferenceLogicalName":"cr461_sharedteams_058a9"},"api":{"name":"shared_teams"}}},"definition":{"$schema":"https://schema.management.azure.com/providers/Microsoft.Logic/schemas/2016-06-01/workflowdefinition.json#","contentVersion":"1.0.0.0","parameters":{"$connections":{"defaultValue":{},"type":"Object"},"$authentication":{"defaultValue":{},"type":"SecureObject"}},"triggers":{"manual":{"metadata":{"operationMetadataId":"abccc023-4fb3-42dc-9d73-e9fbc53f574a"},"type":"Request","kind":"VirtualAgent","inputs":{"schema":{"type":"object","properties":{"text":{"title":"User Display name","type":"string","x-ms-dynamically-added":true,"description":"The user's display name in Microsoft Teams","x-ms-content-hint":"TEXT"},"text_1":{"title":"UPN (UserID)","type":"string","x-ms-dynamically-added":true,"description":"Unique user ID","x-ms-content-hint":"TEXT"},"text_2":{"title":"User feedback","type":"string","x-ms-dynamically-added":true,"description":"The feedback the user wrote to the bot","x-ms-content-hint":"TEXT"},"text_3":{"title":"Title of user feedback","type":"string","x-ms-dynamically-added":true,"description":"The title the user gave his or her feedback","x-ms-content-hint":"TEXT"},"text_4":{"title":"Feedback type","type":"string","x-ms-dynamically-added":true,"description":"The type of feedback provided by the user","x-ms-content-hint":"TEXT"}},"required":["text","text_1","text_2","text_3","text_4"]}}}},"actions":{"Return_value(s)_to_Power_Virtual_Agents":{"runAfter":{"Post_adaptive_card_in_a_chat_or_channel":["Succeeded"]},"metadata":{"operationMetadataId":"ca5cbf13-1332-4230-bfd8-62e3cc932376"},"type":"Response","kind":"VirtualAgent","inputs":{"statusCode":200,"body":{},"schema":{"type":"object","properties":{}}}},"Get_user_profile_(V2)":{"runAfter":{},"metadata":{"operationMetadataId":"9abef5dc-9780-452c-8d8a-e5dc7b67fea1"},"type":"OpenApiConnection","inputs":{"host":{"apiId":"/providers/Microsoft.PowerApps/apis/shared_office365users","connectionName":"shared_office365users","operationId":"UserProfile_V2"},"parameters":{"id":"@triggerBody()['text_1']"},"authentication":"@parameters('$authentication')"}},"Post_adaptive_card_in_a_chat_or_channel":{"runAfter":{"Get_user_profile_(V2)":["Succeeded"]},"metadata":{"operationMetadataId":"265e35e6-a5b0-4232-8f74-c488f4440947"},"type":"OpenApiConnection","inputs":{"host":{"apiId":"/providers/Microsoft.PowerApps/apis/shared_teams","connectionName":"shared_teams","operationId":"PostCardToConversation"},"parameters":{"poster":"Flow bot","location":"Channel","body/recipient/groupId":"b325a6fa-a057-4cc4-80c9-dd7073c6647b","body/recipient/channelId":"19:f22a0754b1514fe48d0e9f400b3172ff@thread.tacv2","body/messageBody":"{ \n    \"type\": \"AdaptiveCard\",\n    \"body\": [\n        {\n            \"type\": \"TextBlock\",\n            \"size\": \"Large\",\n            \"weight\": \"Bolder\",\n            \"text\": \"回饋標題: @{triggerBody()['text_3']}\",\n            \"wrap\": true\n        },\n        {\n            \"type\": \"ColumnSet\",\n            \"columns\": [\n                {\n                    \"type\": \"Column\",\n                    \"items\": [\n                        {\n                            \"type\": \"TextBlock\",\n                            \"text\": \"@{triggerBody()['text']} 提供了回饋.\",\n                            \"wrap\": true\n                        }\n                    ],\n                    \"width\": \"stretch\"\n                }\n            ]\n        },\n   {\n            \"type\": \"TextBlock\",\n            \"weight\": \"Bolder\",\n            \"text\": \"回饋類型: @{triggerBody()['text_4']}\",\n            \"wrap\": true\n        },\n        {\n            \"type\": \"TextBlock\",\n            \"text\": \"回饋內容:\n@{triggerBody()['text_2']} \",\n            \"wrap\": true\n        }\n    ],\n    \"$schema\": \"http://adaptivecards.io/schemas/adaptive-card.json\",\n    \"version\": \"1.2\",\n    \"actions\": [\n        {\n            \"type\": \"Action.OpenUrl\",\n            \"title\": \"與 @{outputs('Get_user_profile_(V2)')?['body/displayName']} 對談\",\n            \"url\": \"https://teams.microsoft.com/l/chat/0/0?users=@{outputs('Get_user_profile_(V2)')?['body/userPrincipalName']}\"\n        }\n    ]\n}"},"authentication":"@parameters('$authentication')"}}},"outputs":{}}},"schemaVersion":"1.0.0.0"}