{
  "intents": [
    {
      "endUserOverrideName": "會議中有人加入時的通知",
      "triggerQueries": [
        "加入時顯示",
        "會顯示有人連結嗎？",
        "加入會議時的通知",
        "當有人連結時更改聲音？",
        "當使用者加入或取消會議時，出席者會收到通知嗎？",
        "當某人參加會議時通知",
        "Notification when someone joins a meeting",
        "Does it show when someone connects?",
        "Notification when joining meeting",
        "change the sound when someone connects?",
        "Will attendees hear a notification when a user joins or cancels a meeting?"
      ],
      "dialogId": "new_topic_0e93a6c32ddb431fb2e7fc86d5191cac",
      "isTriggeringEnabled": true,
      "id": "new_topic_0e93a6c32ddb431fb2e7fc86d5191cac",
      "displayName": "當來電者加入或離開時收到通知",
      "description": "https://adoptbotv2kb.blob.core.windows.net/%24web/AdoptBot2021-English.docx",
      "createdTime": "2021-11-17T03:15:42.315578Z",
      "updatedTime": "2021-11-18T17:43:41.4209789Z",
      "createdUserId": "9c968d43-f7c2-4e28-895c-1f6bcefcd8be",
      "updatedUserId": "9c968d43-f7c2-4e28-895c-1f6bcefcd8be"
    }
  ],
  "dialogs": [
    {
      "rootNodeId": "44b821f2-66a0-410b-9067-1c29793dc835",
      "messageNodes": [
        {
          "botMessageId": "e0807ef3-cc9f-4679-9c09-017080b7a255",
          "nodeType": "BotMessageNode",
          "id": "44b821f2-66a0-410b-9067-1c29793dc835",
          "defaultTargetNodeId": "54c4c4cd-3a4b-43ac-8127-c884175d3838"
        }
      ],
      "dialogChangeNodes": [
        {
          "targetDialogId": "new_topic_e2d1671328b941dbb60fa7150059b1ee_aeabea4d071f415c8c107e1cb7af5424_assumedsuccess",
          "nodeType": "DialogChangeNode",
          "id": "54c4c4cd-3a4b-43ac-8127-c884175d3838"
        }
      ],
      "id": "new_topic_0e93a6c32ddb431fb2e7fc86d5191cac",
      "displayName": "Dialog for 當使用者加入或取消會議時，出席者會收到通知嗎？",
      "createdTime": "2021-11-17T03:15:42.315578Z",
      "updatedTime": "2021-11-18T17:42:00.8947756Z",
      "createdUserId": "9c968d43-f7c2-4e28-895c-1f6bcefcd8be",
      "updatedUserId": "9c968d43-f7c2-4e28-895c-1f6bcefcd8be"
    }
  ],
  "botMessages": [
    {
      "channelContent": {
        "web": {
          "contentFormat": "Markdown",
          "content": "當有人透過電話撥入會議時，預設會通知出席者。要更改或了解更多的設置，請參閱[更改會選項配置](https://support.microsoft.com/zh-tw/office/%E8%AE%8A%E6%9B%B4%E6%9C%83%E8%AD%B0%E5%8F%83%E8%88%87%E8%80%85teams%E8%A8%AD%E5%AE%9A-53261366-dbd5-45f9-aae9-a70e6354f88e)"
        }
      },
      "id": "e0807ef3-cc9f-4679-9c09-017080b7a255",
      "createdTime": "2021-11-17T03:15:42.315578Z",
      "updatedTime": "2021-11-17T03:15:42.315578Z",
      "createdUserId": "9c968d43-f7c2-4e28-895c-1f6bcefcd8be",
      "updatedUserId": "9c968d43-f7c2-4e28-895c-1f6bcefcd8be"
    }
  ]
}