{
  "intents": [
    {
      "triggerQueries": [
        "Gdzie mogę zmienić ustawienia zespołu?",
        "Zmiana ustawień zespołu",
        "Jak mogę dojść do ustawień zespołu?",
        "gdzie mogę znaleźć ustawienia zespołu?",
        "zmienianie ustawień dla członków mojego zespołu",
        "Zmienianie ustawień zespołu",
        "Gdzie jest opcja zmiany ustawień zespołu?",
        "Zmienianie ustawień dla mojego zespołu",
        "Gdzie mogę zmienić ustawienia zespołu?"
      ],
      "dialogId": "new_topic_09b8a86d44a64588b3538214cae82a6a",
      "isTriggeringEnabled": true,
      "id": "new_topic_09b8a86d44a64588b3538214cae82a6a",
      "displayName": "Gdzie mogę zmienić ustawienia zespołu?",
      "description": "",
      "createdTime": "2021-09-27T10:01:29.6719478Z",
      "updatedTime": "2021-10-15T12:44:30.6717573Z",
      "createdUserId": "28fac8cb-bec7-48c9-a688-5024cf318b8a",
      "updatedUserId": "28fac8cb-bec7-48c9-a688-5024cf318b8a"
    }
  ],
  "dialogs": [
    {
      "rootNodeId": "dcfa436c-60be-4e8e-ad09-c9dc300c40b6",
      "messageNodes": [
        {
          "botMessageId": "63a668f1-f1fe-468b-b7fe-fac14ac72edd",
          "nodeType": "BotMessageNode",
          "id": "dcfa436c-60be-4e8e-ad09-c9dc300c40b6",
          "defaultTargetNodeId": "5855fee2-8f84-4d86-a6c5-827411471979"
        }
      ],
      "dialogChangeNodes": [
        {
          "targetDialogId": "new_topic_d4ee79ce05584b519ee7d416fda7e2a3_aeabea4d071f415c8c107e1cb7af5424_assumedsuccess",
          "nodeType": "DialogChangeNode",
          "id": "5855fee2-8f84-4d86-a6c5-827411471979"
        }
      ],
      "id": "new_topic_09b8a86d44a64588b3538214cae82a6a",
      "displayName": "Dialog for Gdzie mogę zmienić ustawienia zespołu?",
      "createdTime": "2021-09-27T10:01:29.6719478Z",
      "updatedTime": "2021-10-15T12:45:23.3891923Z",
      "createdUserId": "28fac8cb-bec7-48c9-a688-5024cf318b8a",
      "updatedUserId": "28fac8cb-bec7-48c9-a688-5024cf318b8a"
    }
  ],
  "botMessages": [
    {
      "channelContent": {
        "web": {
          "contentFormat": "Markdown",
          "content": "Przejdź do nazwy zespołu i kliknij pozycję **...** > **Zarządzaj zespołem**. Stamtąd możesz uzyskać dostęp do ustawień swojego zespołu, które pozwalają:\n\n*   Zmienić obraz zespołu.\n*   Ustawić uprawnienia członkowskie.\n*   Włączyć wzmiankowanie @team w kanale.\n*   Umożliwić członkom zespołu wysyłanie gifów, emotikonów i naklejek. I więcej"
        }
      },
      "id": "63a668f1-f1fe-468b-b7fe-fac14ac72edd",
      "createdTime": "2021-09-27T10:01:29.6719478Z",
      "updatedTime": "2021-09-27T10:01:29.6719478Z",
      "createdUserId": "28fac8cb-bec7-48c9-a688-5024cf318b8a",
      "updatedUserId": "28fac8cb-bec7-48c9-a688-5024cf318b8a"
    }
  ]
}