{
  "intents": [
    {
      "endUserOverrideName": "Move files between channels?",
      "triggerQueries": [
        "Move files between channels?",
        "move a file in teams",
        "How to move files between channels in Teams?",
        "Moving files between channels?",
        "Move one file from one team to another?",
        "Move files between your team",
        "Move a file from a channel",
        "My file ended up wrong, how can I move it?",
        "Move across a file to another location in Teams?",
        "Move documents between different channels?",
        "How do I move documents from one channel to another?",
        "How do I move files between channels in Teams?"
      ],
      "dialogId": "new_topic_92b513d418fa4309a79cc884f530072c",
      "isTriggeringEnabled": true,
      "id": "new_topic_92b513d418fa4309a79cc884f530072c",
      "displayName": "How do I move files between channels in Teams?",
      "description": "https://adoptbotv2kb.blob.core.windows.net/%24web/AdoptBot2021-English.docx",
      "createdTime": "2021-01-13T22:20:51.2381463Z",
      "updatedTime": "2021-01-24T21:00:39.2569638Z",
      "createdUserId": "f04d3cd9-b73d-4ba9-a1ed-9319eba29b21",
      "updatedUserId": "f04d3cd9-b73d-4ba9-a1ed-9319eba29b21"
    }
  ],
  "dialogs": [
    {
      "rootNodeId": "7017450a-6a5c-42df-9fd3-d8ace09b6570",
      "messageNodes": [
        {
          "botMessageId": "c340ce2e-ab1f-4b82-ab21-a48e96b970c3",
          "nodeType": "BotMessageNode",
          "id": "7017450a-6a5c-42df-9fd3-d8ace09b6570",
          "defaultTargetNodeId": "ec1d2b7d-7d05-4868-895a-b8efdbf093ad"
        }
      ],
      "dialogChangeNodes": [
        {
          "targetDialogId": "new_topic_eac3f49c99664313a9d9dc19d80a79a2_aeabea4d071f415c8c107e1cb7af5424_assumedsuccess",
          "nodeType": "DialogChangeNode",
          "id": "ec1d2b7d-7d05-4868-895a-b8efdbf093ad"
        }
      ],
      "id": "new_topic_92b513d418fa4309a79cc884f530072c",
      "displayName": "Dialog for How do I move files between channels in Teams?",
      "createdTime": "2021-01-13T22:20:51.2381463Z",
      "updatedTime": "2021-01-27T20:31:25.2727492Z",
      "createdUserId": "f04d3cd9-b73d-4ba9-a1ed-9319eba29b21",
      "updatedUserId": "f04d3cd9-b73d-4ba9-a1ed-9319eba29b21"
    }
  ],
  "botMessages": [
    {
      "channelContent": {
        "web": {
          "contentFormat": "Markdown",
          "content": "You can move files via the tab \"Files\" in the respective channel.\n\nCheck this out if you want a **step-by-step guide** to [Move or copy files in Teams](https://support.office.com/en-us/article/move-or-copy-files-in-teams-f83ed547-359b-4fc8-bf5a-60467f53dd60)"
        }
      },
      "id": "c340ce2e-ab1f-4b82-ab21-a48e96b970c3",
      "createdTime": "2021-01-13T22:20:51.2381463Z",
      "updatedTime": "2021-01-13T22:20:51.2381463Z",
      "createdUserId": "f04d3cd9-b73d-4ba9-a1ed-9319eba29b21",
      "updatedUserId": "f04d3cd9-b73d-4ba9-a1ed-9319eba29b21"
    }
  ]
}