{
  "intents": [
    {
      "endUserOverrideName": "Ändra till ägare",
      "triggerQueries": [
        "Hur kan jag tilldela en teammedlem till ägare av teamet?",
        "Hur gör jag en teammedlem till ägare",
        "Hur gör jag en gruppmedlem till ägare",
        "Hur kan jag tilldela en gruppmedlem som Ägare av teamet?"
      ],
      "dialogId": "new_topic_ae7f12717cf7468ba97ce034190a4620",
      "isTriggeringEnabled": true,
      "id": "new_topic_ae7f12717cf7468ba97ce034190a4620",
      "displayName": "Hur kan jag tilldela en gruppmedlem som Ägare av teamet?",
      "description": "https://intranat.helsingborg.se/wp-content/uploads/2020/11/svenska-fracc8agor-till-adoptbot-pva.docx",
      "createdTime": "2020-11-24T14:37:53.8230909Z",
      "updatedTime": "2020-12-10T07:11:49.808087Z",
      "createdUserId": "f04d3cd9-b73d-4ba9-a1ed-9319eba29b21",
      "updatedUserId": "844fcc91-8b17-49d9-9824-79f412da094a"
    }
  ],
  "dialogs": [
    {
      "rootNodeId": "19e905ae-072d-493f-b463-1e9fed3196ff",
      "messageNodes": [
        {
          "botMessageId": "a7e8e25c-c821-4970-b008-e1e9d2dbcf85",
          "nodeType": "BotMessageNode",
          "id": "19e905ae-072d-493f-b463-1e9fed3196ff",
          "defaultTargetNodeId": "43701cb8-5ea6-45cc-8904-d1802147c39f"
        }
      ],
      "dialogChangeNodes": [
        {
          "targetDialogId": "new_topic_84ec227c19784e7ba25cb34f4638f91e_aeabea4d071f415c8c107e1cb7af5424_assumedsuccess",
          "nodeType": "DialogChangeNode",
          "id": "43701cb8-5ea6-45cc-8904-d1802147c39f"
        }
      ],
      "id": "new_topic_ae7f12717cf7468ba97ce034190a4620",
      "displayName": "Dialog for Hur kan jag tilldela en gruppmedlem som Ägare av teamet?",
      "createdTime": "2020-11-24T14:37:53.8230909Z",
      "updatedTime": "2020-11-24T14:37:53.8230909Z",
      "createdUserId": "f04d3cd9-b73d-4ba9-a1ed-9319eba29b21",
      "updatedUserId": "f04d3cd9-b73d-4ba9-a1ed-9319eba29b21"
    }
  ],
  "botMessages": [
    {
      "channelContent": {
        "web": {
          "contentFormat": "Markdown",
          "content": "Hitta det team som du har skapat, klicka på Fler alternativ&gt; Hantera team.\r\n\r\nGå sedan till fliken Medlemmar. Hitta de personer du vill utse till teamägare.\r\n\r\nKlicka på Ägare under Roll.\r\n\r\nTips: Se till att ha minst två ägare per team. Detta garanterar en backup-kontakt ifall en av ägarna är otillgänglig."
        }
      },
      "id": "a7e8e25c-c821-4970-b008-e1e9d2dbcf85",
      "createdTime": "2020-11-24T14:37:53.8230909Z",
      "updatedTime": "2020-11-24T14:37:53.8230909Z",
      "createdUserId": "f04d3cd9-b73d-4ba9-a1ed-9319eba29b21",
      "updatedUserId": "f04d3cd9-b73d-4ba9-a1ed-9319eba29b21"
    }
  ]
}