{
  "intents": [
    {
      "intentType": "Regular",
      "triggerQueries": [
        "I'm trying to delete a sent message, what are the steps?",
        "want to delete a message, how do I do?",
        "I sent a message and I want to remove it",
        "How do I delete a sent message?",
        "Can I delete a sent message?",
        "I'm trying to delete a sent message, how do I do it?",
        "deleting a sent message",
        "undoing sent message",
        "Delete a sent message?"
      ],
      "dialogId": "new_topic_344cae3f0db54519af5841e6728cc7f7",
      "isTriggeringEnabled": true,
      "id": "new_topic_344cae3f0db54519af5841e6728cc7f7",
      "displayName": "Delete a sent message?",
      "description": "https://adoptbotv2kb.blob.core.windows.net/%24web/AdoptBot2021-English.docx",
      "createdTime": "2021-01-13T22:20:51.2371466Z",
      "updatedTime": "2021-01-24T15:18:53.0116985Z",
      "createdUserId": "f04d3cd9-b73d-4ba9-a1ed-9319eba29b21",
      "updatedUserId": "f04d3cd9-b73d-4ba9-a1ed-9319eba29b21"
    }
  ],
  "dialogs": [
    {
      "rootNodeId": "a8910aeb-9bfc-41be-8d4a-8b3c3925000b",
      "messageNodes": [
        {
          "botMessageId": "395a5bd5-ddbf-4331-b830-eacb3e5c136c",
          "nodeType": "BotMessageNode",
          "id": "a8910aeb-9bfc-41be-8d4a-8b3c3925000b",
          "defaultTargetNodeId": "63a04b03-355b-46ea-8ea8-53e2f676a0a6"
        },
        {
          "botMessageId": "64af0788-f9f9-46be-950a-77f8d2aeb9d3",
          "nodeType": "BotMessageNode",
          "id": "63a04b03-355b-46ea-8ea8-53e2f676a0a6",
          "defaultTargetNodeId": "831d35b4-9954-42ad-aead-f7a1dd997eca"
        }
      ],
      "dialogChangeNodes": [
        {
          "targetDialogId": "new_topic_eac3f49c99664313a9d9dc19d80a79a2_aeabea4d071f415c8c107e1cb7af5424_assumedsuccess",
          "nodeType": "DialogChangeNode",
          "id": "831d35b4-9954-42ad-aead-f7a1dd997eca"
        }
      ],
      "id": "new_topic_344cae3f0db54519af5841e6728cc7f7",
      "displayName": "Dialog for Delete a sent message?",
      "createdTime": "2021-01-13T22:20:51.2371466Z",
      "updatedTime": "2021-01-27T17:15:43.58015Z",
      "createdUserId": "f04d3cd9-b73d-4ba9-a1ed-9319eba29b21",
      "updatedUserId": "f04d3cd9-b73d-4ba9-a1ed-9319eba29b21"
    }
  ],
  "botMessages": [
    {
      "channelContent": {
        "web": {
          "contentFormat": "Markdown",
          "content": "If you need to [undo and delete something you just sent:](https://support.microsoft.com/en-us/office/redigera-eller-ta-bort-ett-skickat-meddelande-i-teams-5f1fe604-a900-4a07-b8b7-8cf70ed6b263?ui=sv-SE&rs=sv-SE&ad=SE)\n\n1.  Go to the message and select **More options** (...) > **Delete** (the trashcan)."
        }
      },
      "id": "395a5bd5-ddbf-4331-b830-eacb3e5c136c",
      "createdTime": "2021-01-13T22:20:51.2371466Z",
      "updatedTime": "2021-01-13T22:20:51.2371466Z",
      "createdUserId": "f04d3cd9-b73d-4ba9-a1ed-9319eba29b21",
      "updatedUserId": "f04d3cd9-b73d-4ba9-a1ed-9319eba29b21"
    },
    {
      "channelContent": {
        "web": {
          "contentFormat": "Markdown",
          "content": "If you haven't sent the message yet, select **Format** (A with pen) to expand the box. Then select **Delete** (the trashcan)."
        }
      },
      "id": "64af0788-f9f9-46be-950a-77f8d2aeb9d3",
      "createdTime": "2021-01-27T17:15:12.927Z",
      "updatedTime": "2021-01-27T17:15:12.927Z",
      "createdUserId": "user-0",
      "updatedUserId": "user-0"
    }
  ]
}