{
  "intents": [
    {
      "endUserOverrideName": "Knappvalskommandon?",
      "triggerQueries": [
        "stöd för snabbval med knappsats?",
        "Knappvalskommandon?",
        "Vilka knappsatskommandon under mötet stöds?"
      ],
      "dialogId": "new_topic_c88f0cebca574658a6e5f2fc434517f3",
      "isTriggeringEnabled": true,
      "id": "new_topic_c88f0cebca574658a6e5f2fc434517f3",
      "displayName": "Vilka knappsatskommandon under mötet stöds?",
      "description": "",
      "createdTime": "2020-11-24T14:37:53.8220925Z",
      "updatedTime": "2020-12-11T16:55:32.4804995Z",
      "createdUserId": "f04d3cd9-b73d-4ba9-a1ed-9319eba29b21",
      "updatedUserId": "f04d3cd9-b73d-4ba9-a1ed-9319eba29b21"
    }
  ],
  "dialogs": [
    {
      "rootNodeId": "f061c1dd-8aae-41a1-b51f-2fe2ba0309e2",
      "messageNodes": [
        {
          "botMessageId": "59e4fc9c-13b5-4599-902e-c756b2d4ec81",
          "nodeType": "BotMessageNode",
          "id": "f061c1dd-8aae-41a1-b51f-2fe2ba0309e2",
          "defaultTargetNodeId": "e2851ad6-5028-4777-a76c-43b46da1e44b"
        }
      ],
      "dialogChangeNodes": [
        {
          "targetDialogId": "new_topic_84ec227c19784e7ba25cb34f4638f91e_aeabea4d071f415c8c107e1cb7af5424_assumedsuccess",
          "nodeType": "DialogChangeNode",
          "id": "e2851ad6-5028-4777-a76c-43b46da1e44b"
        }
      ],
      "id": "new_topic_c88f0cebca574658a6e5f2fc434517f3",
      "displayName": "Dialog for Vilka knappsatskommandon under mötet stöds?",
      "createdTime": "2020-11-24T14:37:53.8220925Z",
      "updatedTime": "2020-11-24T14:37:53.8220925Z",
      "createdUserId": "f04d3cd9-b73d-4ba9-a1ed-9319eba29b21",
      "updatedUserId": "f04d3cd9-b73d-4ba9-a1ed-9319eba29b21"
    }
  ],
  "botMessages": [
    {
      "channelContent": {
        "web": {
          "contentFormat": "Markdown",
          "content": "\\*6 (Stäng av/slå på ljudet själv)\r\n\r\n\\*1 (Spelar beskrivningarna av knappsatskommandon som är tillgängliga)"
        }
      },
      "id": "59e4fc9c-13b5-4599-902e-c756b2d4ec81",
      "createdTime": "2020-11-24T14:37:53.8220925Z",
      "updatedTime": "2020-11-24T14:37:53.8220925Z",
      "createdUserId": "f04d3cd9-b73d-4ba9-a1ed-9319eba29b21",
      "updatedUserId": "f04d3cd9-b73d-4ba9-a1ed-9319eba29b21"
    }
  ]
}