{
  "intents": [
    {
      "endUserOverrideName": "Ottimizzare la rete per Teams? (Amministratori)",
      "triggerQueries": [
        "aumentare la qualità delle riunioni in Teams",
        "migliorare la qualità delle riunioni",
        "aumentare la larghezza di banda per Microsoft 365",
        "migliore larghezza di banda per Teams",
        "Posso ottimizzare la rete per Microsoft Teams?",
        "Ottimizzare le reti per Teams",
        "Ottimizza la rete della tua organizzazione per Teams",
        "qualità della rete in Teams",
        "ottimizzazione delle prestazioni di rete",
        "Preparare la nostra VPN per Teams",
        "Impostazioni di Teams e VPN",
        "impostazioni di rete",
        "Come ottenere una migliore qualità in Teams?",
        "Migliorare la qualità di Teams",
        "La nostra VPN può gestire Teams?",
        "Ottimizza la tua rete",
        "Impostazioni di rete di Teams",
        "Possiamo ottimizzare la nostra rete per Microsoft Teams?"
      ],
      "dialogId": "new_topic_23017e7a7bdd44b598c5ddc5d42a5833",
      "isTriggeringEnabled": true,
      "id": "new_topic_23017e7a7bdd44b598c5ddc5d42a5833",
      "displayName": "Possiamo ottimizzare la nostra rete per Microsoft Teams?",
      "createdTime": "2022-04-27T17:01:04.2222837Z",
      "updatedTime": "2022-04-27T17:01:04.2222837Z",
      "createdUserId": "9451fc51-e00d-4445-8ff9-efb70866dc3b",
      "updatedUserId": "9451fc51-e00d-4445-8ff9-efb70866dc3b"
    }
  ],
  "dialogs": [
    {
      "rootNodeId": "b7bc6207-1c38-4ed2-933e-1d53d357fc1c",
      "messageNodes": [
        {
          "botMessageId": "eaf900c8-e3af-405d-9095-73cab205b158",
          "nodeType": "BotMessageNode",
          "id": "b7bc6207-1c38-4ed2-933e-1d53d357fc1c",
          "defaultTargetNodeId": "277f9aff-9afd-4751-b267-0a07f03d7cd3"
        },
        {
          "botMessageId": "194b88ff-f181-4e9c-8234-b321039af84d",
          "nodeType": "BotMessageNode",
          "id": "277f9aff-9afd-4751-b267-0a07f03d7cd3",
          "defaultTargetNodeId": "0b3d2978-1a54-4e51-805f-fb4967333438"
        },
        {
          "botMessageId": "d58a096f-227a-44f9-9d5d-770bc746f45c",
          "nodeType": "BotMessageNode",
          "id": "0b3d2978-1a54-4e51-805f-fb4967333438",
          "defaultTargetNodeId": "67e4c23a-1825-4646-a1c0-27eb2d2b4547"
        }
      ],
      "dialogChangeNodes": [
        {
          "targetDialogId": "new_topic_f98a24608ee04cb998de3e3e32703d5b_aeabea4d071f415c8c107e1cb7af5424_assumedsuccess",
          "nodeType": "DialogChangeNode",
          "id": "67e4c23a-1825-4646-a1c0-27eb2d2b4547"
        }
      ],
      "id": "new_topic_23017e7a7bdd44b598c5ddc5d42a5833",
      "displayName": "Senza titolo",
      "createdTime": "2022-04-27T17:01:04.2222837Z",
      "updatedTime": "2022-04-27T17:01:04.2222837Z",
      "createdUserId": "9451fc51-e00d-4445-8ff9-efb70866dc3b",
      "updatedUserId": "9451fc51-e00d-4445-8ff9-efb70866dc3b"
    }
  ],
  "botMessages": [
    {
      "channelContent": {
        "web": {
          "contentFormat": "Markdown",
          "content": "[Segui questa guida per preparare e ottimizzare la rete della tua azienda per Teams](https://docs.microsoft.com/it-it/microsoftteams/prepare-network)."
        }
      },
      "id": "eaf900c8-e3af-405d-9095-73cab205b158",
      "createdTime": "2022-04-27T16:47:53.546Z",
      "updatedTime": "2022-04-27T16:47:53.546Z"
    },
    {
      "channelContent": {
        "web": {
          "contentFormat": "Markdown",
          "content": "È importante ottimizzare le prestazioni, soprattutto se molti nella tua organizzazione lavorano da remoto."
        }
      },
      "id": "194b88ff-f181-4e9c-8234-b321039af84d",
      "createdTime": "2022-04-27T16:58:51.077Z",
      "updatedTime": "2022-04-27T16:58:51.077Z",
      "createdUserId": "user-0",
      "updatedUserId": "user-0"
    },
    {
      "channelContent": {
        "web": {
          "contentFormat": "Markdown",
          "content": "**Per gli amministratori,** c'è un [breve corso (23 min) sull'ottimizzazione della rete su Microsoft Learn.](https://docs.microsoft.com/it-it/learn/modules/m365-teams-rooms-optimize-network/)"
        }
      },
      "id": "d58a096f-227a-44f9-9d5d-770bc746f45c",
      "createdTime": "2022-04-27T16:59:19.659Z",
      "updatedTime": "2022-04-27T16:59:19.659Z",
      "createdUserId": "user-0",
      "updatedUserId": "user-0"
    }
  ]
}