{
  "intents": [
    {
      "triggerQueries": [
        "直播電腦的系統規格",
        "直播的系統要求",
        "即時活動系統要求？",
        "Teams 即時活動對系統要求是哪些？",
        "即時活動的系統規格",
        "Teams 即時活動的系統要求？",
        "我可以使用哪些作業系統進行即時活動？",
        "Which operating systems can I run live events on?",
        "System requirements for Teams Live Events?",
        "system specs for live events",
        "What are the system requirements for Teams Live Events?",
        "Live Event system requirements?"
      ],
      "dialogId": "new_topic_5e308bb0be874e71b3f0ef374097b4cc",
      "isTriggeringEnabled": true,
      "id": "new_topic_5e308bb0be874e71b3f0ef374097b4cc",
      "displayName": "即時活動系統要求？",
      "description": "https://adoptbotv2kb.blob.core.windows.net/%24web/AdoptBot2021-English.docx",
      "createdTime": "2021-11-17T02:59:57.7806888Z",
      "updatedTime": "2021-11-22T09:18:32.1527139Z",
      "createdUserId": "9c968d43-f7c2-4e28-895c-1f6bcefcd8be",
      "updatedUserId": "9c968d43-f7c2-4e28-895c-1f6bcefcd8be"
    }
  ],
  "dialogs": [
    {
      "rootNodeId": "dd0daeb8-30e4-4db5-8abe-791ca780cdc5",
      "messageNodes": [
        {
          "botMessageId": "f2260432-8692-4a62-95d8-0394bc528c2d",
          "nodeType": "BotMessageNode",
          "id": "dd0daeb8-30e4-4db5-8abe-791ca780cdc5",
          "defaultTargetNodeId": "7a07ea7d-7d67-4f34-ac4b-7dffb551d53b"
        }
      ],
      "dialogChangeNodes": [
        {
          "targetDialogId": "new_topic_e2d1671328b941dbb60fa7150059b1ee_aeabea4d071f415c8c107e1cb7af5424_assumedsuccess",
          "nodeType": "DialogChangeNode",
          "id": "7a07ea7d-7d67-4f34-ac4b-7dffb551d53b"
        }
      ],
      "id": "new_topic_5e308bb0be874e71b3f0ef374097b4cc",
      "displayName": "Dialog for 即時活動系統要求？",
      "createdTime": "2021-11-17T02:59:57.7806888Z",
      "updatedTime": "2021-11-22T09:18:32.1527139Z",
      "createdUserId": "9c968d43-f7c2-4e28-895c-1f6bcefcd8be",
      "updatedUserId": "9c968d43-f7c2-4e28-895c-1f6bcefcd8be"
    }
  ],
  "botMessages": [
    {
      "channelContent": {
        "web": {
          "contentFormat": "Markdown",
          "content": "即時活動(直播)系統需求與支援的平台\n\n*   **支援的作業系統：** Windows 7 及更新版本 (32 位元和 64 位元)、macOS X 10.10 及更新版本\n*   **支援的行動裝置作業系統：** Android 4.4 及更新版本、iOS 10 及更新版本\n*   **支援網頁瀏覽器：** Chrome (最近的 3 個版本)、Microsoft Edge RS2 和更新版本、Firefox (最近的 3 個版本)、Internet Explorer 11、Safari\n\n最新的資訊請看 : [開始使用 Microsoft Teams 即時活動](https://support.microsoft.com/zh-tw/office/%E9%96%8B%E5%A7%8B%E4%BD%BF%E7%94%A8-microsoft-teams-%E5%8D%B3%E6%99%82%E6%B4%BB%E5%8B%95-d077fec2-a058-483e-9ab5-1494afda578a)"
        }
      },
      "id": "f2260432-8692-4a62-95d8-0394bc528c2d",
      "createdTime": "2021-11-17T02:59:57.7806888Z",
      "updatedTime": "2021-11-17T02:59:57.7806888Z",
      "createdUserId": "9c968d43-f7c2-4e28-895c-1f6bcefcd8be",
      "updatedUserId": "9c968d43-f7c2-4e28-895c-1f6bcefcd8be"
    }
  ]
}