{
  "intents": [
    {
      "triggerQueries": [
        "Når kommer det nye funkasjonaliteter?",
        "Nyheter i Microsoft Teams",
        "Følge med på nye funksjonaliteter",
        "Følge med på Teams oppdateringer",
        "Hvordan kan jeg finne ut av når nye ting kommer?",
        "Hva er nytt på Teams?",
        "Hvordan kan man følge med på det nye i Teams?",
        "Hvor finner jeg nye funksjonaliteter om Teams?",
        "Finn nyheter om Teams"
      ],
      "dialogId": "new_topic_96a66e0a27a74d04b412ae1ad62d8fa5",
      "isTriggeringEnabled": true,
      "id": "new_topic_96a66e0a27a74d04b412ae1ad62d8fa5",
      "displayName": "Finn nyheter om Teams",
      "description": "",
      "createdTime": "2021-04-12T14:38:15.4000936Z",
      "updatedTime": "2021-04-19T16:00:28.2791377Z",
      "createdUserId": "ef0c8b9a-eff1-49f8-92fa-fd1d3e15e1ba",
      "updatedUserId": "ef0c8b9a-eff1-49f8-92fa-fd1d3e15e1ba"
    }
  ],
  "dialogs": [
    {
      "rootNodeId": "3145d6ee-4cae-40bf-acee-0ad981efcaec",
      "messageNodes": [
        {
          "botMessageId": "7ba6ec99-814c-4d1c-b977-1ec033efc27e",
          "nodeType": "BotMessageNode",
          "id": "3145d6ee-4cae-40bf-acee-0ad981efcaec",
          "defaultTargetNodeId": "e1c9cca1-d780-45b7-9d65-a1dcc3735bc4"
        },
        {
          "botMessageId": "b5c2e759-208c-47a0-a63f-2532fab7be6d",
          "nodeType": "BotMessageNode",
          "id": "ceffb9e9-0c5a-4df1-9d28-c3f0513fa880",
          "defaultTargetNodeId": "40068c6a-3466-489c-bf11-4ebe891fe9be"
        },
        {
          "botMessageId": "480df198-901b-4915-a2f6-12f96f01335a",
          "nodeType": "BotMessageNode",
          "id": "e1c9cca1-d780-45b7-9d65-a1dcc3735bc4",
          "defaultTargetNodeId": "9c88e3fc-327f-4a2e-be06-350963182bb2"
        },
        {
          "botMessageId": "5198b201-e32e-4bb4-9675-8ebe31214532",
          "nodeType": "BotMessageNode",
          "id": "9c88e3fc-327f-4a2e-be06-350963182bb2",
          "defaultTargetNodeId": "ceffb9e9-0c5a-4df1-9d28-c3f0513fa880"
        }
      ],
      "dialogChangeNodes": [
        {
          "targetDialogId": "new_topic_89c49d37fd4c4c1c9144396960733ce1_aeabea4d071f415c8c107e1cb7af5424_assumedsuccess",
          "nodeType": "DialogChangeNode",
          "id": "40068c6a-3466-489c-bf11-4ebe891fe9be"
        }
      ],
      "id": "new_topic_96a66e0a27a74d04b412ae1ad62d8fa5",
      "displayName": "Dialog for Finn nyheter om Teams",
      "createdTime": "2021-04-12T14:38:15.4000936Z",
      "updatedTime": "2021-04-20T08:39:06.682708Z",
      "createdUserId": "ef0c8b9a-eff1-49f8-92fa-fd1d3e15e1ba",
      "updatedUserId": "ef0c8b9a-eff1-49f8-92fa-fd1d3e15e1ba"
    }
  ],
  "botMessages": [
    {
      "channelContent": {
        "web": {
          "contentFormat": "Markdown",
          "content": "Så fint at du er nysgjerrig, {7bd4f62b-7262-40bc-8c63-8c540568cf6c}😀!"
        }
      },
      "id": "7ba6ec99-814c-4d1c-b977-1ec033efc27e",
      "createdTime": "2021-04-12T14:38:15.4000936Z",
      "updatedTime": "2021-04-12T14:38:15.4000936Z",
      "createdUserId": "ef0c8b9a-eff1-49f8-92fa-fd1d3e15e1ba",
      "updatedUserId": "ef0c8b9a-eff1-49f8-92fa-fd1d3e15e1ba"
    },
    {
      "channelContent": {
        "web": {
          "contentFormat": "Markdown",
          "content": "💡 Man finner [også oversikten på nett.](https://support.microsoft.com/nb-no/office/nyheter-i-microsoft-teams-d7092a6d-c896-424c-b362-a472d5f105de#PickTab=Desktop_and_web)"
        }
      },
      "id": "b5c2e759-208c-47a0-a63f-2532fab7be6d",
      "createdTime": "2021-04-12T14:38:28.693Z",
      "updatedTime": "2021-04-12T14:38:28.693Z",
      "createdUserId": "user-0",
      "updatedUserId": "user-0"
    },
    {
      "channelContent": {
        "web": {
          "contentFormat": "Markdown",
          "content": "Du kan enkelt finne oversikten over alt nytt i Teams ved å skrive **/Nyheter** i søkefeltet på Teams!\n\nDu kan også klikke på **Hjelp-knappen** i Teams Desktop eller velge \"**Hva er nytt**\" i Teams-appen din 📲."
        }
      },
      "id": "480df198-901b-4915-a2f6-12f96f01335a",
      "createdTime": "2021-04-19T15:56:12.588Z",
      "updatedTime": "2021-04-19T15:56:12.588Z",
      "createdUserId": "user-0",
      "updatedUserId": "user-0"
    },
    {
      "channelContent": {
        "web": {
          "contentFormat": "Markdown",
          "content": "_Merk at administrator for din organisasjon kan ha skrudd av denne funksjonaliteten._"
        }
      },
      "id": "5198b201-e32e-4bb4-9675-8ebe31214532",
      "createdTime": "2021-04-19T15:58:00.349Z",
      "updatedTime": "2021-04-19T15:58:00.349Z",
      "createdUserId": "user-0",
      "updatedUserId": "user-0"
    }
  ],
  "createdUtc": "0001-01-01T00:00:00Z"
}