<ImportExportXml xmlns:xsi="http://www.w3.org/2001/XMLSchema-instance">
  <Entities></Entities>
  <Roles></Roles>
  <Workflows>
    <Workflow WorkflowId="{03c857c8-3e2f-eb11-a813-000d3a98dbb4}" Name="Swedish - Skicka frågor till en Teams-kanal" Description="Låter flow vara avsändare istället för en person.">
      <JsonFileName>/Workflows/Swedish-SkickafrgortillenTeams-kanal-03C857C8-3E2F-EB11-A813-000D3A98DBB4.json</JsonFileName>
      <Type>1</Type>
      <Subprocess>0</Subprocess>
      <Category>5</Category>
      <Mode>0</Mode>
      <Scope>4</Scope>
      <OnDemand>0</OnDemand>
      <TriggerOnCreate>0</TriggerOnCreate>
      <TriggerOnDelete>0</TriggerOnDelete>
      <AsyncAutodelete>0</AsyncAutodelete>
      <SyncWorkflowLogOnFailure>0</SyncWorkflowLogOnFailure>
      <StateCode>1</StateCode>
      <StatusCode>2</StatusCode>
      <RunAs>1</RunAs>
      <IsTransacted>1</IsTransacted>
      <IntroducedVersion>1.0</IntroducedVersion>
      <IsCustomizable>1</IsCustomizable>
      <IsCustomProcessingStepAllowedForOtherPublishers>1</IsCustomProcessingStepAllowedForOtherPublishers>
      <PrimaryEntity>none</PrimaryEntity>
      <LocalizedNames>
        <LocalizedName languagecode="1033" description="Swedish - Skicka frågor till en Teams-kanal" />
      </LocalizedNames>
      <Descriptions>
        <Description languagecode="1033" description="Låter flow vara avsändare istället för en person." />
      </Descriptions>
    </Workflow>
    <Workflow WorkflowId="{c9579f47-cb2f-eb11-a813-000d3a98dbb4}" Name="Wave GIF" Description="English: A small waving GIF to say hello.&#xA;&#xA;&#xA;&#xA;Svenska (Swe): En liten hälsningsvink (GIF)">
      <JsonFileName>/Workflows/WaveGIF-C9579F47-CB2F-EB11-A813-000D3A98DBB4.json</JsonFileName>
      <Type>1</Type>
      <Subprocess>0</Subprocess>
      <Category>5</Category>
      <Mode>0</Mode>
      <Scope>4</Scope>
      <OnDemand>0</OnDemand>
      <TriggerOnCreate>0</TriggerOnCreate>
      <TriggerOnDelete>0</TriggerOnDelete>
      <AsyncAutodelete>0</AsyncAutodelete>
      <SyncWorkflowLogOnFailure>0</SyncWorkflowLogOnFailure>
      <StateCode>1</StateCode>
      <StatusCode>2</StatusCode>
      <RunAs>1</RunAs>
      <IsTransacted>1</IsTransacted>
      <IntroducedVersion>1.0</IntroducedVersion>
      <IsCustomizable>1</IsCustomizable>
      <IsCustomProcessingStepAllowedForOtherPublishers>1</IsCustomProcessingStepAllowedForOtherPublishers>
      <PrimaryEntity>none</PrimaryEntity>
      <LocalizedNames>
        <LocalizedName languagecode="1033" description="Wave GIF" />
      </LocalizedNames>
      <Descriptions>
        <Description languagecode="1033" description="English: A small waving GIF to say hello.&#xA;&#xA;&#xA;&#xA;Svenska (Swe): En liten hälsningsvink (GIF)" />
      </Descriptions>
    </Workflow>
    <Workflow WorkflowId="{20dc14c3-c230-eb11-a813-000d3a98dbb4}" Name="Bild sensitive" Description="Bild på blockerad info i Teams">
      <JsonFileName>/Workflows/Bildsensitive-20DC14C3-C230-EB11-A813-000D3A98DBB4.json</JsonFileName>
      <Type>1</Type>
      <Subprocess>0</Subprocess>
      <Category>5</Category>
      <Mode>0</Mode>
      <Scope>4</Scope>
      <OnDemand>0</OnDemand>
      <TriggerOnCreate>0</TriggerOnCreate>
      <TriggerOnDelete>0</TriggerOnDelete>
      <AsyncAutodelete>0</AsyncAutodelete>
      <SyncWorkflowLogOnFailure>0</SyncWorkflowLogOnFailure>
      <StateCode>1</StateCode>
      <StatusCode>2</StatusCode>
      <RunAs>1</RunAs>
      <IsTransacted>1</IsTransacted>
      <IntroducedVersion>1.0</IntroducedVersion>
      <IsCustomizable>1</IsCustomizable>
      <IsCustomProcessingStepAllowedForOtherPublishers>1</IsCustomProcessingStepAllowedForOtherPublishers>
      <PrimaryEntity>none</PrimaryEntity>
      <LocalizedNames>
        <LocalizedName languagecode="1033" description="Bild sensitive" />
      </LocalizedNames>
      <Descriptions>
        <Description languagecode="1033" description="Bild på blockerad info i Teams" />
      </Descriptions>
    </Workflow>
    <Workflow WorkflowId="{0165efbb-1b62-eb11-a812-000d3a9bb512}" Name="Swedish - Skicka feedback till en Teams-kanal" Description="Detta flöde skickar feedback från användare till en Teams-kanal som du väljer. Observera att både Teamet och kanalen MÅSTE existera/skapas innan de kan väljas.">
      <JsonFileName>/Workflows/Swedish-SkickafeedbacktillenTeams-kanal-0165EFBB-1B62-EB11-A812-000D3A9BB512.json</JsonFileName>
      <Type>1</Type>
      <Subprocess>0</Subprocess>
      <Category>5</Category>
      <Mode>0</Mode>
      <Scope>4</Scope>
      <OnDemand>0</OnDemand>
      <TriggerOnCreate>0</TriggerOnCreate>
      <TriggerOnDelete>0</TriggerOnDelete>
      <AsyncAutodelete>0</AsyncAutodelete>
      <SyncWorkflowLogOnFailure>0</SyncWorkflowLogOnFailure>
      <StateCode>1</StateCode>
      <StatusCode>2</StatusCode>
      <RunAs>1</RunAs>
      <IsTransacted>1</IsTransacted>
      <IntroducedVersion>1.0</IntroducedVersion>
      <IsCustomizable>1</IsCustomizable>
      <IsCustomProcessingStepAllowedForOtherPublishers>1</IsCustomProcessingStepAllowedForOtherPublishers>
      <PrimaryEntity>none</PrimaryEntity>
      <LocalizedNames>
        <LocalizedName languagecode="1033" description="Swedish - Skicka feedback till en Teams-kanal" />
      </LocalizedNames>
      <Descriptions>
        <Description languagecode="1033" description="Detta flöde skickar feedback från användare till en Teams-kanal som du väljer. Observera att både Teamet och kanalen MÅSTE existera/skapas innan de kan väljas." />
      </Descriptions>
    </Workflow>
    <Workflow WorkflowId="{cb5b6f71-c830-eb11-a813-002248204388}" Name="Folkhälsomyndigheten" Description="Bild på skydd och viruset">
      <JsonFileName>/Workflows/Folkhlsomyndigheten-CB5B6F71-C830-EB11-A813-002248204388.json</JsonFileName>
      <Type>1</Type>
      <Subprocess>0</Subprocess>
      <Category>5</Category>
      <Mode>0</Mode>
      <Scope>4</Scope>
      <OnDemand>0</OnDemand>
      <TriggerOnCreate>0</TriggerOnCreate>
      <TriggerOnDelete>0</TriggerOnDelete>
      <AsyncAutodelete>0</AsyncAutodelete>
      <SyncWorkflowLogOnFailure>0</SyncWorkflowLogOnFailure>
      <StateCode>1</StateCode>
      <StatusCode>2</StatusCode>
      <RunAs>1</RunAs>
      <IsTransacted>1</IsTransacted>
      <IntroducedVersion>1.0</IntroducedVersion>
      <IsCustomizable>1</IsCustomizable>
      <IsCustomProcessingStepAllowedForOtherPublishers>1</IsCustomProcessingStepAllowedForOtherPublishers>
      <PrimaryEntity>none</PrimaryEntity>
      <LocalizedNames>
        <LocalizedName languagecode="1033" description="Folkhälsomyndigheten" />
      </LocalizedNames>
      <Descriptions>
        <Description languagecode="1033" description="Bild på skydd och viruset" />
      </Descriptions>
    </Workflow>
  </Workflows>
  <FieldSecurityProfiles></FieldSecurityProfiles>
  <Templates />
  <EntityMaps />
  <EntityRelationships />
  <OrganizationSettings />
  <optionsets />
  <CustomControls />
  <EntityDataProviders />
  <connectionreferences>
    <connectionreference connectionreferencelogicalname="new_sharedteams_cdbe4">
      <connectionreferencedisplayname>Microsoft Teams</connectionreferencedisplayname>
      <connectorid>/providers/Microsoft.PowerApps/apis/shared_teams</connectorid>
      <iscustomizable>1</iscustomizable>
      <statecode>0</statecode>
      <statuscode>1</statuscode>
    </connectionreference>
    <connectionreference connectionreferencelogicalname="new_sharedoffice365users_fbbb1">
      <connectionreferencedisplayname>Office 365 Users</connectionreferencedisplayname>
      <connectorid>/providers/Microsoft.PowerApps/apis/shared_office365users</connectorid>
      <iscustomizable>1</iscustomizable>
      <statecode>0</statecode>
      <statuscode>1</statuscode>
    </connectionreference>
    <connectionreference connectionreferencelogicalname="new_sharedteams_87d38">
      <connectionreferencedisplayname>Microsoft Teams</connectionreferencedisplayname>
      <connectorid>/providers/Microsoft.PowerApps/apis/shared_teams</connectorid>
      <iscustomizable>1</iscustomizable>
      <statecode>0</statecode>
      <statuscode>1</statuscode>
    </connectionreference>
  </connectionreferences>
  <Languages>
    <Language>1033</Language>
  </Languages>
</ImportExportXml>