<ImportExportXml version="9.1.21012.151" SolutionPackageVersion="9.1" languagecode="1033" generatedBy="CrmLive" xmlns:xsi="http://www.w3.org/2001/XMLSchema-instance">
  <SolutionManifest>
    <UniqueName>TimaDinFAQbotOmTeams</UniqueName>
    <LocalizedNames>
      <LocalizedName description="Tima - Din FAQ-bot om Teams (Svenska)" languagecode="1033" />
    </LocalizedNames>
    <Descriptions>
      <Description description="Tima är en svensktalande bot, som svarar på frågor om hur du använder Microsoft Teams.&#xA;&#xA;🔎Om Tima inte vet svaret får du hjälp att skicka din fråga och/eller feedback till interna experter.&#xA;&#xA;❗Tillhandahålls i &quot;befintligt skick&quot; (as is) utan vare sig support eller garantier. Används på egen risk och får ej ompaketeras eller säljas vidare kommersiellt. Mallen är tänkt att kunna nyttjas som den är, men framför allt för att kunna underhållas av andra som gör den till sin egen. Installeras i egen miljö/tenant (Power Virtual Agents webb-app).&#xA;&#xA;🐱‍👤Tima skapades 2021 av: Erik Olsson&#xA;&#xA;Bidrag från: Erika Åberg&#xA;&#xA;🌍🌎Särskilt tack till Henrik Wilhelmsson och Nina Dahlström (Helsingborg), Denniz Svens (Botkyrka), Mattias Kressmark (Microsoft) för test/utvärdering. Även tack till: Michael Bohlin, Johan Rebeling, Ann-Sophie Ebenfors, Matt Hickey för deras entusiasm kring denna idé.&#xA;&#xA;💡Byggd i Power Virtual Agents (Online). En färdig bot för alla som använder Teams, att använda och redigera som de vill.&#xA;&#xA;🧑‍🎓Timas kunskap bygger på officiell information från Microsoft. Länkar i svar pekar mot ”evergreen”-källor.&#xA;&#xA;✅ Nybörjarguide: Hur man importerar Tima på 10–60 min, till sin organisations Teams-miljö (tenant).&#xA;&#xA;🔗aka.ms/TimaGuide (Svenska) - För engelsk version se: aka.ms/TimonGuide&#xA;&#xA;[Omfattar Power Platform, Teams och licensiering]&#xA;&#xA;Timas bild är designad av vectorpouch / Freepik - https://www.freepik.com/vectorpouch&#xA;&#xA;✨ Inspirerad av Matt Hickeys AdoptBot-koncept - aka.ms/adoptbot" languagecode="1033" />
    </Descriptions>
    <Version>1.3.0.4</Version>
    <Managed>0</Managed>
    <Publisher>
      <UniqueName>ErikOlsson</UniqueName>
      <LocalizedNames>
        <LocalizedName description="Erik Olsson" languagecode="1033" />
      </LocalizedNames>
      <Descriptions>
        <Description description="Erik Olsson is an awesome Teams Ninja and currently works for Microsoft.&#xA;He may or may not have written this text himself ;-)&#xA;&#xA;Please note that no support is available on any of Erik's solutions." languagecode="1033" />
      </Descriptions>
      <EMailAddress>eriko@microsoft.com</EMailAddress>
      <SupportingWebsiteUrl>https://www.microsoft.com</SupportingWebsiteUrl>
      <CustomizationPrefix>new</CustomizationPrefix>
      <CustomizationOptionValuePrefix>10000</CustomizationOptionValuePrefix>
      <Addresses>
        <Address>
          <AddressNumber>1</AddressNumber>
          <AddressTypeCode>1</AddressTypeCode>
          <City xsi:nil="true"></City>
          <County xsi:nil="true"></County>
          <Country xsi:nil="true"></Country>
          <Fax xsi:nil="true"></Fax>
          <FreightTermsCode xsi:nil="true"></FreightTermsCode>
          <ImportSequenceNumber xsi:nil="true"></ImportSequenceNumber>
          <Latitude xsi:nil="true"></Latitude>
          <Line1 xsi:nil="true"></Line1>
          <Line2 xsi:nil="true"></Line2>
          <Line3 xsi:nil="true"></Line3>
          <Longitude xsi:nil="true"></Longitude>
          <Name xsi:nil="true"></Name>
          <PostalCode xsi:nil="true"></PostalCode>
          <PostOfficeBox xsi:nil="true"></PostOfficeBox>
          <PrimaryContactName xsi:nil="true"></PrimaryContactName>
          <ShippingMethodCode>1</ShippingMethodCode>
          <StateOrProvince xsi:nil="true"></StateOrProvince>
          <Telephone1>+46734082916</Telephone1>
          <Telephone2 xsi:nil="true"></Telephone2>
          <Telephone3 xsi:nil="true"></Telephone3>
          <TimeZoneRuleVersionNumber xsi:nil="true"></TimeZoneRuleVersionNumber>
          <UPSZone xsi:nil="true"></UPSZone>
          <UTCOffset xsi:nil="true"></UTCOffset>
          <UTCConversionTimeZoneCode xsi:nil="true"></UTCConversionTimeZoneCode>
        </Address>
        <Address>
          <AddressNumber>2</AddressNumber>
          <AddressTypeCode>1</AddressTypeCode>
          <City xsi:nil="true"></City>
          <County xsi:nil="true"></County>
          <Country xsi:nil="true"></Country>
          <Fax xsi:nil="true"></Fax>
          <FreightTermsCode xsi:nil="true"></FreightTermsCode>
          <ImportSequenceNumber xsi:nil="true"></ImportSequenceNumber>
          <Latitude xsi:nil="true"></Latitude>
          <Line1 xsi:nil="true"></Line1>
          <Line2 xsi:nil="true"></Line2>
          <Line3 xsi:nil="true"></Line3>
          <Longitude xsi:nil="true"></Longitude>
          <Name xsi:nil="true"></Name>
          <PostalCode xsi:nil="true"></PostalCode>
          <PostOfficeBox xsi:nil="true"></PostOfficeBox>
          <PrimaryContactName xsi:nil="true"></PrimaryContactName>
          <ShippingMethodCode>1</ShippingMethodCode>
          <StateOrProvince xsi:nil="true"></StateOrProvince>
          <Telephone1 xsi:nil="true"></Telephone1>
          <Telephone2 xsi:nil="true"></Telephone2>
          <Telephone3 xsi:nil="true"></Telephone3>
          <TimeZoneRuleVersionNumber xsi:nil="true"></TimeZoneRuleVersionNumber>
          <UPSZone xsi:nil="true"></UPSZone>
          <UTCOffset xsi:nil="true"></UTCOffset>
          <UTCConversionTimeZoneCode xsi:nil="true"></UTCConversionTimeZoneCode>
        </Address>
      </Addresses>
    </Publisher>
    <RootComponents>
      <RootComponent type="29" id="{0165efbb-1b62-eb11-a812-000d3a9bb512}" behavior="0" />
      <RootComponent type="29" id="{03c857c8-3e2f-eb11-a813-000d3a98dbb4}" behavior="0" />
      <RootComponent type="29" id="{20dc14c3-c230-eb11-a813-000d3a98dbb4}" behavior="0" />
      <RootComponent type="29" id="{c9579f47-cb2f-eb11-a813-000d3a98dbb4}" behavior="0" />
      <RootComponent type="29" id="{cb5b6f71-c830-eb11-a813-002248204388}" behavior="0" />
    </RootComponents>
    <MissingDependencies />
  </SolutionManifest>
</ImportExportXml>