{
  "intents": [
    {
      "endUserOverrideName": "internationaal telefoonnummer bellen",
      "triggerQueries": [
        "kan ik een telefoonnummer toevoegen aan een teams vergadering",
        "Kunnen deelnemers telefoonnummers bellen vanuit een teams vergadering",
        "is het toegestaan internationaal te bellen voor een Microsoft teams vergadering?",
        "Kunnen deelnemers internationale telefoonnummers bellen wanneer ze deelnemen aan een Vergadering van Microsoft Teams?"
      ],
      "dialogId": "new_topic_726ebc58caba497fa8c7cbd4701a80df",
      "isTriggeringEnabled": true,
      "id": "new_topic_726ebc58caba497fa8c7cbd4701a80df",
      "displayName": "Kunnen deelnemers internationale telefoonnummers bellen wanneer ze deelnemen aan een Vergadering van Microsoft Teams?",
      "description": "",
      "createdTime": "2021-03-22T20:38:58.7983646Z",
      "updatedTime": "2021-03-29T20:21:39.8629826Z",
      "createdUserId": "c1e90dc0-1df0-459d-8164-0dcb7915deaf",
      "updatedUserId": "c1e90dc0-1df0-459d-8164-0dcb7915deaf"
    }
  ],
  "dialogs": [
    {
      "rootNodeId": "b04f33fa-7ce4-4074-8978-5452d6dcc817",
      "messageNodes": [
        {
          "botMessageId": "1a6142ec-bc55-4b19-ad85-5fcb7bfc29bd",
          "nodeType": "BotMessageNode",
          "id": "19025d6b-a7b8-453e-9d9e-bd13473ba947",
          "defaultTargetNodeId": "9bb35b00-9bc1-414c-8c27-0a2f496b10a1"
        },
        {
          "botMessageId": "f56e1deb-e011-4f3b-af38-534ec9d2dc24",
          "nodeType": "BotMessageNode",
          "id": "b04f33fa-7ce4-4074-8978-5452d6dcc817",
          "defaultTargetNodeId": "19025d6b-a7b8-453e-9d9e-bd13473ba947"
        }
      ],
      "dialogChangeNodes": [
        {
          "targetDialogId": "new_topic_9d295c394a47419da3b4d205b7ed4c20_aeabea4d071f415c8c107e1cb7af5424_assumedsuccess",
          "nodeType": "DialogChangeNode",
          "id": "9bb35b00-9bc1-414c-8c27-0a2f496b10a1"
        }
      ],
      "id": "new_topic_726ebc58caba497fa8c7cbd4701a80df",
      "displayName": "Dialog for Kunnen deelnemers internationale telefoonnummers bellen wanneer ze deelnemen aan een Vergadering van Microsoft Teams?",
      "createdTime": "2021-03-22T20:38:58.7983646Z",
      "updatedTime": "2021-03-22T20:40:17.5667372Z",
      "createdUserId": "c1e90dc0-1df0-459d-8164-0dcb7915deaf",
      "updatedUserId": "c1e90dc0-1df0-459d-8164-0dcb7915deaf"
    }
  ],
  "botMessages": [
    {
      "channelContent": {
        "web": {
          "contentFormat": "Markdown",
          "content": "Ja, deelnemers kunnen internationaal bellen en andere bellers uitnodigen voor een Microsoft Teams-vergadering. Zie: [Kies uit vanaf](https://docs.microsoft.com/nl-nl/microsoftteams/dialing-out-from-a-teams-meeting-so-other-people-can-join-it) een [Microsoft Teams-vergadering, zodat andere mensen kunnen deelnemen.](https://docs.microsoft.com/nl-nl/microsoftteams/dialing-out-from-a-teams-meeting-so-other-people-can-join-it)"
        }
      },
      "id": "1a6142ec-bc55-4b19-ad85-5fcb7bfc29bd",
      "createdTime": "2021-03-22T20:38:58.7983646Z",
      "updatedTime": "2021-03-22T20:38:58.7983646Z",
      "createdUserId": "c1e90dc0-1df0-459d-8164-0dcb7915deaf",
      "updatedUserId": "c1e90dc0-1df0-459d-8164-0dcb7915deaf"
    },
    {
      "channelContent": {
        "web": {
          "contentFormat": "Markdown",
          "content": "_Let op: het kan zijn dat de bel functionaliteiten niet aan staan in uw organisatie._"
        }
      },
      "id": "f56e1deb-e011-4f3b-af38-534ec9d2dc24",
      "createdTime": "2021-03-22T20:39:57.394Z",
      "updatedTime": "2021-03-22T20:39:57.394Z",
      "createdUserId": "user-0",
      "updatedUserId": "user-0"
    }
  ],
  "createdUtc": "0001-01-01T00:00:00Z"
}