{
  "intents": [
    {
      "endUserOverrideName": "Wat is SharePoint?",
      "triggerQueries": [
        "is teams sharepoint?",
        "hoe werken sharepoint en teams samen",
        "Wat doet SharePoint",
        "Wat kan SharePoint",
        "Wat is SharePoint?"
      ],
      "dialogId": "new_topic_d3756317125649868fa0e5ad2c1c5a0b",
      "isTriggeringEnabled": true,
      "id": "new_topic_d3756317125649868fa0e5ad2c1c5a0b",
      "displayName": "Wat is SharePoint?",
      "description": "",
      "createdTime": "2021-03-22T08:49:08.0129911Z",
      "updatedTime": "2021-03-29T21:24:34.141356Z",
      "createdUserId": "c1e90dc0-1df0-459d-8164-0dcb7915deaf",
      "updatedUserId": "c1e90dc0-1df0-459d-8164-0dcb7915deaf"
    }
  ],
  "dialogs": [
    {
      "rootNodeId": "72ecd01b-edae-4a5e-ada5-c045fc7f9b85",
      "messageNodes": [
        {
          "botMessageId": "fe391936-560f-451f-b03d-2994dc9376d5",
          "nodeType": "BotMessageNode",
          "id": "72ecd01b-edae-4a5e-ada5-c045fc7f9b85",
          "defaultTargetNodeId": "80efce1d-94fb-44f1-a53c-0f171012757f"
        },
        {
          "botMessageId": "6e75b814-faf4-479e-8fd9-7ab317b99e1c",
          "nodeType": "BotMessageNode",
          "id": "80efce1d-94fb-44f1-a53c-0f171012757f",
          "defaultTargetNodeId": "71cc8528-0e5a-48da-8587-0e837e0820b6"
        },
        {
          "botMessageId": "d79b5ce6-450a-4380-aff8-2aa6511f9121",
          "nodeType": "BotMessageNode",
          "id": "71cc8528-0e5a-48da-8587-0e837e0820b6",
          "defaultTargetNodeId": "a7cb1446-6bee-43a9-9654-5d8345340cf9"
        }
      ],
      "dialogChangeNodes": [
        {
          "targetDialogId": "new_topic_9d295c394a47419da3b4d205b7ed4c20_aeabea4d071f415c8c107e1cb7af5424_assumedsuccess",
          "nodeType": "DialogChangeNode",
          "id": "a7cb1446-6bee-43a9-9654-5d8345340cf9"
        }
      ],
      "id": "new_topic_d3756317125649868fa0e5ad2c1c5a0b",
      "displayName": "Dialog for Wat is SharePoint?",
      "createdTime": "2021-03-22T08:49:08.0129911Z",
      "updatedTime": "2021-03-29T21:25:21.0784266Z",
      "createdUserId": "c1e90dc0-1df0-459d-8164-0dcb7915deaf",
      "updatedUserId": "c1e90dc0-1df0-459d-8164-0dcb7915deaf"
    }
  ],
  "botMessages": [
    {
      "channelContent": {
        "web": {
          "contentFormat": "Markdown",
          "content": "SharePoint wordt door organisaties gebruikt om websites te maken. U SharePoint gebruiken als een veilige plek om informatie op te slaan, te ordenen, te delen en toegang te krijgen vanaf bijna elk apparaat. Alles wat je nodig hebt is een webbrowser.\n\n[Bekijk de volledige lijst met SharePoint-mogelijkheden .](https://support.office.com/en-za/article/What-is-SharePoint--97b915e6-651b-43b2-827d-fb25777f446f)"
        }
      },
      "id": "fe391936-560f-451f-b03d-2994dc9376d5",
      "createdTime": "2021-03-22T08:49:08.0129911Z",
      "updatedTime": "2021-03-22T08:49:08.0129911Z",
      "createdUserId": "c1e90dc0-1df0-459d-8164-0dcb7915deaf",
      "updatedUserId": "c1e90dc0-1df0-459d-8164-0dcb7915deaf"
    },
    {
      "channelContent": {
        "web": {
          "contentFormat": "Markdown",
          "content": "[Samenwerken met teams, SharePoint en OneDrive - Office-ondersteuning (microsoft.com)](https://support.microsoft.com/nl-nl/office/samenwerken-met-teams-sharepoint-en-onedrive-9ea6aa07-6e5e-4917-9267-d4d361da3dea)"
        }
      },
      "id": "6e75b814-faf4-479e-8fd9-7ab317b99e1c",
      "createdTime": "2021-03-29T21:24:44.716Z",
      "updatedTime": "2021-03-29T21:24:44.716Z",
      "createdUserId": "user-0",
      "updatedUserId": "user-0"
    },
    {
      "channelContent": {
        "web": {
          "contentFormat": "Markdown",
          "content": "[Een Microsoft-team maken van SharePoint - SharePoint](https://support.microsoft.com/nl-nl/office/een-microsoft-team-maken-van-sharepoint-545973b6-c38f-426a-b2b6-16405a561628)"
        }
      },
      "id": "d79b5ce6-450a-4380-aff8-2aa6511f9121",
      "createdTime": "2021-03-29T21:25:13.125Z",
      "updatedTime": "2021-03-29T21:25:13.125Z",
      "createdUserId": "user-0",
      "updatedUserId": "user-0"
    }
  ],
  "createdUtc": "0001-01-01T00:00:00Z"
}