{
  "intents": [
    {
      "endUserOverrideName": "Operator assistance during a meeting?",
      "triggerQueries": [
        "Operator assistance during a meeting?",
        "assistance of the operator during a meeting?",
        "assistance from a telecommunications operator?",
        "assistance from customer service employees during a meeting?",
        "live help during a meeting?",
        "live support from agent during a meeting?",
        "Can a user receive operator assistance during a meeting?"
      ],
      "dialogId": "new_topic_e583e0a6faa745a99e63b481984203e3",
      "isTriggeringEnabled": true,
      "id": "new_topic_e583e0a6faa745a99e63b481984203e3",
      "displayName": "Can a user receive operator assistance during a meeting?",
      "description": "https://adoptbotv2kb.blob.core.windows.net/%24web/AdoptBot2021-English.docx",
      "createdTime": "2021-01-13T22:20:51.2381463Z",
      "updatedTime": "2021-01-26T23:41:44.6884971Z",
      "createdUserId": "f04d3cd9-b73d-4ba9-a1ed-9319eba29b21",
      "updatedUserId": "f04d3cd9-b73d-4ba9-a1ed-9319eba29b21"
    }
  ],
  "dialogs": [
    {
      "rootNodeId": "02e35d4d-b41f-48f1-932c-6c8174d34dc0",
      "messageNodes": [
        {
          "botMessageId": "f21b0eb6-ae19-44bd-a29c-9d83ec40c8c5",
          "nodeType": "BotMessageNode",
          "id": "02e35d4d-b41f-48f1-932c-6c8174d34dc0",
          "defaultTargetNodeId": "17659e85-1810-499b-abeb-416e8e782c50"
        },
        {
          "botMessageId": "8fd960f7-1e12-4405-b678-a6fc9e7bd0fb",
          "nodeType": "BotMessageNode",
          "id": "17659e85-1810-499b-abeb-416e8e782c50",
          "defaultTargetNodeId": "f164a19d-7879-4cc9-8a4f-a6a0b685e642"
        }
      ],
      "dialogChangeNodes": [
        {
          "targetDialogId": "new_topic_eac3f49c99664313a9d9dc19d80a79a2_aeabea4d071f415c8c107e1cb7af5424_assumedsuccess",
          "nodeType": "DialogChangeNode",
          "id": "f164a19d-7879-4cc9-8a4f-a6a0b685e642"
        }
      ],
      "id": "new_topic_e583e0a6faa745a99e63b481984203e3",
      "displayName": "Dialog for Can a user receive operator assistance during a meeting?",
      "createdTime": "2021-01-13T22:20:51.2381463Z",
      "updatedTime": "2021-01-26T23:42:02.4532866Z",
      "createdUserId": "f04d3cd9-b73d-4ba9-a1ed-9319eba29b21",
      "updatedUserId": "f04d3cd9-b73d-4ba9-a1ed-9319eba29b21"
    }
  ],
  "botMessages": [
    {
      "channelContent": {
        "web": {
          "contentFormat": "Markdown",
          "content": "A user cannot get operator help or support by pressing \\*0 during the meeting."
        }
      },
      "id": "f21b0eb6-ae19-44bd-a29c-9d83ec40c8c5",
      "createdTime": "2021-01-13T22:20:51.2381463Z",
      "updatedTime": "2021-01-13T22:20:51.2381463Z",
      "createdUserId": "f04d3cd9-b73d-4ba9-a1ed-9319eba29b21",
      "updatedUserId": "f04d3cd9-b73d-4ba9-a1ed-9319eba29b21"
    },
    {
      "channelContent": {
        "web": {
          "contentFormat": "Markdown",
          "content": "If there are audio conferencing issues, an organization administrator can contact [Microsoft Support for Office 365](https://docs.microsoft.com/en-us/microsoft-365/admin/contact-support-for-business-products?redirectSourcePath=%252farticle%252fMicrosoft-support-for-Office-365-32a17ca7-6fa0-4870-8a8d-e25ba4ccfd4b&view=o365-worldwide)"
        }
      },
      "id": "8fd960f7-1e12-4405-b678-a6fc9e7bd0fb",
      "createdTime": "2021-01-26T23:41:57.855Z",
      "updatedTime": "2021-01-26T23:41:57.855Z",
      "createdUserId": "user-0",
      "updatedUserId": "user-0"
    }
  ]
}