{
  "intents": [
    {
      "endUserOverrideName": "為貼文取標題",
      "triggerQueries": [
        "為貼文添加標題",
        "在我的訊息上寫標題？",
        "在我的貼文上加標題",
        "我為什麼要為我的貼文命名？",
        "我如何為貼文添加標題？",
        "我的貼文可以有標題嗎？",
        "我如何為我的貼文製作標題？",
        "我如何為我的貼文命名？",
        "貼文頭條",
        "貼文標題",
        "add title to a post",
        "Writing titles on my messages?",
        "Putting a headline on my post",
        "Why should I title my posts?",
        "How do I add a title to a post?",
        "Can my posts have headlines?",
        "How do I make a headline for my post?",
        "How can I title my posts?"
      ],
      "dialogId": "new_topic_11295733124f4953a3875cdcd23fd927",
      "isTriggeringEnabled": true,
      "id": "new_topic_11295733124f4953a3875cdcd23fd927",
      "displayName": "為貼文取標題",
      "description": "https://adoptbotv2kb.blob.core.windows.net/%24web/AdoptBot2021-English.docx",
      "createdTime": "2021-11-17T07:46:56.1144794Z",
      "updatedTime": "2021-11-18T17:47:46.5076461Z",
      "createdUserId": "9c968d43-f7c2-4e28-895c-1f6bcefcd8be",
      "updatedUserId": "9c968d43-f7c2-4e28-895c-1f6bcefcd8be"
    }
  ],
  "dialogs": [
    {
      "rootNodeId": "5b1cf60a-b632-4ba0-bff9-c2ab1ba42c41",
      "messageNodes": [
        {
          "botMessageId": "1dba1f37-afb7-44cc-a11c-774179422deb",
          "nodeType": "BotMessageNode",
          "id": "5b1cf60a-b632-4ba0-bff9-c2ab1ba42c41",
          "defaultTargetNodeId": "b198f43b-e4ae-47bc-9ccc-61fce595f466"
        },
        {
          "botMessageId": "cb4894f3-9708-440f-b8a6-928389f29c6d",
          "nodeType": "BotMessageNode",
          "id": "b198f43b-e4ae-47bc-9ccc-61fce595f466",
          "defaultTargetNodeId": "4f1144fe-f94e-4764-80e6-13c1f6208ad1"
        }
      ],
      "dialogChangeNodes": [
        {
          "targetDialogId": "new_topic_e2d1671328b941dbb60fa7150059b1ee_aeabea4d071f415c8c107e1cb7af5424_assumedsuccess",
          "nodeType": "DialogChangeNode",
          "id": "4f1144fe-f94e-4764-80e6-13c1f6208ad1"
        }
      ],
      "id": "new_topic_11295733124f4953a3875cdcd23fd927",
      "displayName": "Dialog for 為貼文取標題",
      "createdTime": "2021-11-17T07:46:56.1144794Z",
      "updatedTime": "2021-11-18T17:47:46.5076461Z",
      "createdUserId": "9c968d43-f7c2-4e28-895c-1f6bcefcd8be",
      "updatedUserId": "9c968d43-f7c2-4e28-895c-1f6bcefcd8be"
    }
  ],
  "botMessages": [
    {
      "channelContent": {
        "web": {
          "contentFormat": "Markdown",
          "content": "您可以利用標題或小標題來讓文章更顯眼。也能幫助您日後搜尋。"
        }
      },
      "id": "1dba1f37-afb7-44cc-a11c-774179422deb",
      "createdTime": "2021-11-17T07:46:56.1144794Z",
      "updatedTime": "2021-11-17T07:46:56.1144794Z",
      "createdUserId": "9c968d43-f7c2-4e28-895c-1f6bcefcd8be",
      "updatedUserId": "9c968d43-f7c2-4e28-895c-1f6bcefcd8be"
    },
    {
      "channelContent": {
        "web": {
          "contentFormat": "Markdown",
          "content": "選擇格式功能，增加標題。\n\n[設定訊息格式](https://support.microsoft.com/zh-tw/office/%E8%A8%AD%E5%AE%9A%E8%A8%8A%E6%81%AF%E6%A0%BC%E5%BC%8F-6af2a2d6-e875-49a2-81e5-016f423d23ff)"
        }
      },
      "id": "cb4894f3-9708-440f-b8a6-928389f29c6d",
      "createdTime": "2021-11-17T07:47:14.32Z",
      "updatedTime": "2021-11-17T07:47:14.32Z",
      "createdUserId": "user-0",
      "updatedUserId": "user-0"
    }
  ]
}