{
  "intents": [
    {
      "endUserOverrideName": "Operatorunterstützung während eines Meetings?",
      "triggerQueries": [
        "Kann ein Benutzer während einer Besprechung Unterstützung durch den Operator erhalten?",
        "Live-Support von Agenten während eines Meetings?",
        "Live-Hilfe während eines Meetings?",
        "Unterstützung durch Kundendienstmitarbeiter während eines Meetings?",
        "Unterstützung durch einen Telekommunikationsbetreiber?",
        "Unterstützung des Operators während eines Meetings?",
        "Operatorunterstützung während eines Meetings?"
      ],
      "dialogId": "new_topic_33035226ef0a4f508ecb2383db38232b",
      "isTriggeringEnabled": true,
      "id": "new_topic_33035226ef0a4f508ecb2383db38232b",
      "displayName": "Kann ein Benutzer während einer Besprechung Unterstützung durch den Operator erhalten?",
      "description": "",
      "createdTime": "2021-04-19T08:01:55.1145199Z",
      "updatedTime": "2021-04-19T08:03:56.4293276Z",
      "createdUserId": "d4c65e50-fb5c-4311-830a-05b59a11dd48"
    }
  ],
  "dialogs": [
    {
      "rootNodeId": "73ea851b-b9ab-4ff4-a598-9f6ab8c99c75",
      "messageNodes": [
        {
          "botMessageId": "5015c6a4-fdf9-4e7a-840b-8dc82d7e5537",
          "nodeType": "BotMessageNode",
          "id": "73ea851b-b9ab-4ff4-a598-9f6ab8c99c75",
          "defaultTargetNodeId": "dae6f07e-f79d-42ee-9986-1658de1a7726"
        },
        {
          "botMessageId": "6c731527-b1f6-4b9a-8639-4c5abed455e1",
          "nodeType": "BotMessageNode",
          "id": "dae6f07e-f79d-42ee-9986-1658de1a7726",
          "defaultTargetNodeId": "f5c3032b-bc09-4629-a823-425a62bc08f1"
        }
      ],
      "dialogChangeNodes": [
        {
          "targetDialogId": "new_topic_30867099f4b543d3b8543a85c22c3418_aeabea4d071f415c8c107e1cb7af5424_assumedsuccess",
          "nodeType": "DialogChangeNode",
          "id": "f5c3032b-bc09-4629-a823-425a62bc08f1"
        }
      ],
      "id": "new_topic_33035226ef0a4f508ecb2383db38232b",
      "displayName": "Dialog for Kann ein Benutzer während einer Besprechung Unterstützung durch den Operator erhalten?",
      "createdTime": "2021-04-19T08:01:55.1145199Z",
      "updatedTime": "2021-04-21T09:58:18.1087289Z",
      "createdUserId": "d4c65e50-fb5c-4311-830a-05b59a11dd48",
      "updatedUserId": "86360cd1-faa6-4d16-8a0c-ba3116c8a977"
    }
  ],
  "botMessages": [
    {
      "channelContent": {
        "web": {
          "contentFormat": "Markdown",
          "content": "Anwendende können während der Besprechung keine Hilfe oder Unterstützung des Operators erhalten, indem sie \\*0 drücken."
        }
      },
      "id": "5015c6a4-fdf9-4e7a-840b-8dc82d7e5537",
      "createdTime": "2021-04-19T08:01:55.1145199Z",
      "updatedTime": "2021-04-19T08:01:55.1145199Z",
      "createdUserId": "d4c65e50-fb5c-4311-830a-05b59a11dd48",
      "updatedUserId": "d4c65e50-fb5c-4311-830a-05b59a11dd48"
    },
    {
      "channelContent": {
        "web": {
          "contentFormat": "Markdown",
          "content": "Bei Problemen mit Audiokonferenzen können sich Organisationsadmins an den [Microsoft Support für Office 365](https://docs.microsoft.com/de-de/microsoft-365/admin/contact-support-for-business-products?redirectSourcePath=%252farticle%252fMicrosoft-support-for-Office-365-32a17ca7-6fa0-4870-8a8d-e25ba4ccfd4b&view=o365-worldwide) wenden."
        }
      },
      "id": "6c731527-b1f6-4b9a-8639-4c5abed455e1",
      "createdTime": "2021-04-19T08:02:01.193Z",
      "updatedTime": "2021-04-19T08:02:01.193Z",
      "createdUserId": "user-0",
      "updatedUserId": "user-0"
    }
  ],
  "createdUtc": "0001-01-01T00:00:00Z"
}