{
  "intents": [
    {
      "endUserOverrideName": "Notification when someone joins a meeting",
      "triggerQueries": [
        "Notification when someone joins a meeting",
        "Does it show when someone connects?",
        "Notification when joining meeting",
        "change the sound when someone connects?",
        "Will attendees hear a notification when a user joins or cancels a meeting?"
      ],
      "dialogId": "new_topic_0662627c37eb487380fd1ac47c23c641",
      "isTriggeringEnabled": true,
      "id": "new_topic_0662627c37eb487380fd1ac47c23c641",
      "displayName": "Will attendees hear a notification when a user joins or cancels a meeting?",
      "description": "",
      "createdTime": "2021-01-13T22:20:51.2381463Z",
      "updatedTime": "2023-11-16T13:18:47.1028146Z",
      "createdUserId": "f04d3cd9-b73d-4ba9-a1ed-9319eba29b21",
      "updatedUserId": "c8d29cfd-efef-47c1-8e02-210c8be30c37"
    }
  ],
  "dialogs": [
    {
      "rootNodeId": "ba375f37-9192-4e8a-b21a-d89a22db5ae0",
      "messageNodes": [
        {
          "botMessageId": "2b1a922f-e8b9-41ab-8c4a-0b2565d3160e",
          "nodeType": "BotMessageNode",
          "id": "ba375f37-9192-4e8a-b21a-d89a22db5ae0",
          "defaultTargetNodeId": "dd86b5d2-bdf6-4bc0-95ab-40a3906ce4f1"
        }
      ],
      "dialogChangeNodes": [
        {
          "targetDialogId": "new_topic_eac3f49c99664313a9d9dc19d80a79a2_aeabea4d071f415c8c107e1cb7af5424_assumedsuccess",
          "nodeType": "DialogChangeNode",
          "id": "dd86b5d2-bdf6-4bc0-95ab-40a3906ce4f1"
        }
      ],
      "id": "new_topic_0662627c37eb487380fd1ac47c23c641",
      "displayName": "Dialog for Will attendees hear a notification when a user joins or cancels a meeting?",
      "createdTime": "2021-01-13T22:20:51.2381463Z",
      "updatedTime": "2023-11-16T13:18:47.1028137Z",
      "createdUserId": "f04d3cd9-b73d-4ba9-a1ed-9319eba29b21",
      "updatedUserId": "c8d29cfd-efef-47c1-8e02-210c8be30c37"
    }
  ],
  "botMessages": [
    {
      "channelContent": {
        "web": {
          "contentFormat": "Markdown",
          "content": "By default, attendees are notified when users connect. To change these settings, see [Change participant settings for a Teams meeting](https://support.microsoft.com/en-us/office/change-participant-settings-for-a-teams-meeting-53261366-dbd5-45f9-aae9-a70e6354f88e)"
        }
      },
      "id": "2b1a922f-e8b9-41ab-8c4a-0b2565d3160e",
      "createdTime": "2021-01-13T22:20:51.2381463Z",
      "updatedTime": "2021-01-13T22:20:51.2381463Z",
      "createdUserId": "f04d3cd9-b73d-4ba9-a1ed-9319eba29b21",
      "updatedUserId": "f04d3cd9-b73d-4ba9-a1ed-9319eba29b21"
    }
  ]
}