{
  "intents": [
    {
      "triggerQueries": [
        "Kan jeg gjenopprette en slettet fil som ligger i en kanal?",
        "Gjenopprett en fil fra kanalen",
        "Gjenopprett en slettet fil fra en kanal"
      ],
      "dialogId": "new_topic_82c67033278e41b2a6c6ab0044c03319",
      "isTriggeringEnabled": true,
      "id": "new_topic_82c67033278e41b2a6c6ab0044c03319",
      "displayName": "Gjenopprett en slettet fil fra en kanal",
      "description": "",
      "createdTime": "2021-04-10T08:25:18.3094198Z",
      "updatedTime": "2021-04-10T08:25:18.3094198Z",
      "createdUserId": "ef0c8b9a-eff1-49f8-92fa-fd1d3e15e1ba"
    }
  ],
  "dialogs": [
    {
      "rootNodeId": "c2509661-42c6-45f1-a51e-f452f43b9310",
      "messageNodes": [
        {
          "botMessageId": "6408cdfd-c18e-4c46-b704-24d503995e6e",
          "nodeType": "BotMessageNode",
          "id": "c2509661-42c6-45f1-a51e-f452f43b9310",
          "defaultTargetNodeId": "e141ca54-46e3-4e32-84a0-13a663762e39"
        }
      ],
      "dialogChangeNodes": [
        {
          "targetDialogId": "new_topic_89c49d37fd4c4c1c9144396960733ce1_aeabea4d071f415c8c107e1cb7af5424_assumedsuccess",
          "nodeType": "DialogChangeNode",
          "id": "e141ca54-46e3-4e32-84a0-13a663762e39"
        }
      ],
      "id": "new_topic_82c67033278e41b2a6c6ab0044c03319",
      "displayName": "Dialog for Gjenopprett en slettet fil fra en kanal",
      "createdTime": "2021-04-10T08:25:18.3094198Z",
      "updatedTime": "2021-04-10T08:26:44.469921Z",
      "createdUserId": "ef0c8b9a-eff1-49f8-92fa-fd1d3e15e1ba",
      "updatedUserId": "ef0c8b9a-eff1-49f8-92fa-fd1d3e15e1ba"
    }
  ],
  "botMessages": [
    {
      "channelContent": {
        "web": {
          "contentFormat": "Markdown",
          "content": "For å gjenopprette en slettet fil i en kanal:\n\n1.  Åpne kanalens **Filer-fane,** og velg **Åpne i SharePoint** øverst på siden.\n2.  Velg papirkurven til venstre på siden i SharePoint. Dette viser en liste over alle filer som slettes fra hver kanal i teamet.\n3.  Velg filen(e) du vil gjenopprette, og velg deretter **Gjenopprett** øverst på siden."
        }
      },
      "id": "6408cdfd-c18e-4c46-b704-24d503995e6e",
      "createdTime": "2021-04-10T08:25:18.3094198Z",
      "updatedTime": "2021-04-10T08:25:18.3094198Z",
      "createdUserId": "ef0c8b9a-eff1-49f8-92fa-fd1d3e15e1ba",
      "updatedUserId": "ef0c8b9a-eff1-49f8-92fa-fd1d3e15e1ba"
    }
  ],
  "createdUtc": "0001-01-01T00:00:00Z"
}