<botcomponent schemaname="new_topic_e2d1671328b941dbb60fa7150059b1ee_dbafebd526364487911b63a2a774389f">
  <componenttype>0</componenttype>
  <description>第 3 課 -  本課程將指導您如何使用一個條件分支、變數和實體，建立一個簡單主題。

當您在主題中使用實體時，機器人可以辨識使用者輸入的關鍵資訊，並主動將此資訊填入您的變數中。例如，如果客戶說「我想購買一輛紅色汽車」，您就不用問他們想買哪種顏色的車，因為機器人會在他們輸入的內容中識別出顏色實體。然後機器人將跳過您詢問顏色的問題。

您還可以使用實體來識別特定選項列表。在本課程中，我們將城市標識為實體，如此機器人將會識別使用者輸入的所有城市。</description>
  <iscustomizable>1</iscustomizable>
  <name>第 3 課 - 包含條件、變數和預建實體的主題</name>
  <statecode>0</statecode>
  <statuscode>1</statuscode>
</botcomponent>