{
  "intents": [
    {
      "endUserOverrideName": "Deelnemers chatgroep",
      "triggerQueries": [
        "hoe zie ik wie allemaal mijn berichten kan lezen",
        "hoe zie ik wie er allemaal in een chat zitten",
        "Kan ik deelnemers verwijderen uit een chat?",
        "Hoe zie ik wie er deelneemt?",
        "Wie zitten er in deze chat?",
        "Wie zitten er in deze groep?"
      ],
      "dialogId": "new_topic_15c203f097ba4a64824fafe1e35df04b",
      "isTriggeringEnabled": true,
      "id": "new_topic_15c203f097ba4a64824fafe1e35df04b",
      "displayName": "Wie nemen deel aan deze chat?",
      "description": "",
      "createdTime": "2021-03-17T13:12:37.6155434Z",
      "updatedTime": "2021-03-29T23:06:18.1172843Z",
      "createdUserId": "c1e90dc0-1df0-459d-8164-0dcb7915deaf",
      "updatedUserId": "c1e90dc0-1df0-459d-8164-0dcb7915deaf"
    }
  ],
  "dialogs": [
    {
      "rootNodeId": "87504cfe-a6a7-486b-ba03-b3ac327151ea",
      "messageNodes": [
        {
          "botMessageId": "78a796ab-67fd-43f2-af6b-d3ce47133474",
          "nodeType": "BotMessageNode",
          "id": "87504cfe-a6a7-486b-ba03-b3ac327151ea",
          "defaultTargetNodeId": "95ce078f-3b33-426a-b4f7-410715c81726"
        },
        {
          "botMessageId": "9d5c3a85-7542-4b53-9333-2258bbe3cac8",
          "nodeType": "BotMessageNode",
          "id": "95ce078f-3b33-426a-b4f7-410715c81726",
          "defaultTargetNodeId": "210deffa-0001-47c8-9d67-7d35de8734eb"
        }
      ],
      "dialogChangeNodes": [
        {
          "targetDialogId": "new_topic_9d295c394a47419da3b4d205b7ed4c20_aeabea4d071f415c8c107e1cb7af5424_assumedsuccess",
          "nodeType": "DialogChangeNode",
          "id": "210deffa-0001-47c8-9d67-7d35de8734eb"
        }
      ],
      "id": "new_topic_15c203f097ba4a64824fafe1e35df04b",
      "displayName": "Dialog for Wie nemen deel aan deze chat?",
      "createdTime": "2021-03-17T13:12:37.6155434Z",
      "updatedTime": "2021-03-29T23:07:00.7420774Z",
      "createdUserId": "c1e90dc0-1df0-459d-8164-0dcb7915deaf",
      "updatedUserId": "c1e90dc0-1df0-459d-8164-0dcb7915deaf"
    }
  ],
  "botMessages": [
    {
      "channelContent": {
        "web": {
          "contentFormat": "Markdown",
          "content": "Deelnemerslijst chatgroep"
        }
      },
      "id": "78a796ab-67fd-43f2-af6b-d3ce47133474",
      "createdTime": "2021-03-17T13:12:37.6155434Z",
      "updatedTime": "2021-03-17T13:12:37.6155434Z",
      "createdUserId": "c1e90dc0-1df0-459d-8164-0dcb7915deaf",
      "updatedUserId": "c1e90dc0-1df0-459d-8164-0dcb7915deaf"
    },
    {
      "channelContent": {
        "web": {
          "contentFormat": "Markdown",
          "content": "Als u wilt zien wie er in een groepschat zit, **plaatst u de muisaanwijzer 🖱op het aantal deelnemers 👨‍👩‍👦👨‍👩‍👦 in de chatkop** om een lijst met alle namen weer te geven. [Meer info](https://support.microsoft.com/nl-nl/office/chatsessie-starten-in-teams-0c71b32b-c050-4930-a887-5afbe742b3d8?ui=nl-NL&rs=nl-NL&ad=NL)"
        }
      },
      "id": "9d5c3a85-7542-4b53-9333-2258bbe3cac8",
      "createdTime": "2021-03-17T13:13:23.575Z",
      "updatedTime": "2021-03-17T13:13:23.575Z",
      "createdUserId": "user-0",
      "updatedUserId": "user-0"
    }
  ],
  "createdUtc": "0001-01-01T00:00:00Z"
}