{
  "intents": [
    {
      "endUserOverrideName": "Sinn des Lebens",
      "triggerQueries": [
        "Der Sinn des Lebens",
        "Lebenssinn",
        "Sinn des Lebens"
      ],
      "dialogId": "new_topic_28091fe6170b424392857b284e9294b2",
      "isTriggeringEnabled": true,
      "id": "new_topic_28091fe6170b424392857b284e9294b2",
      "displayName": "Der Sinn des Lebens?",
      "description": "",
      "createdTime": "2021-04-19T09:37:13.7971958Z",
      "updatedTime": "2021-04-19T09:39:48.2156005Z",
      "createdUserId": "16930407-b7c9-43e8-bceb-33467ef65593",
      "updatedUserId": "d4c65e50-fb5c-4311-830a-05b59a11dd48"
    }
  ],
  "dialogs": [
    {
      "rootNodeId": "02b26242-544e-4a0e-a783-eaff2dbb39f1",
      "messageNodes": [
        {
          "botMessageId": "c3dbc64b-5476-498c-ab2a-998053948b74",
          "nodeType": "BotMessageNode",
          "id": "02b26242-544e-4a0e-a783-eaff2dbb39f1",
          "defaultTargetNodeId": "40d897bb-3cd0-41cc-bdff-ed33d042831a"
        }
      ],
      "dialogChangeNodes": [
        {
          "targetDialogId": "new_topic_30867099f4b543d3b8543a85c22c3418_aeabea4d071f415c8c107e1cb7af5424_assumedsuccess",
          "nodeType": "DialogChangeNode",
          "id": "40d897bb-3cd0-41cc-bdff-ed33d042831a"
        }
      ],
      "id": "new_topic_28091fe6170b424392857b284e9294b2",
      "displayName": "Dialog for Der Sinn des Lebens?",
      "createdTime": "2021-04-19T09:37:13.7971958Z",
      "updatedTime": "2021-04-19T09:37:32.2885056Z",
      "createdUserId": "16930407-b7c9-43e8-bceb-33467ef65593",
      "updatedUserId": "16930407-b7c9-43e8-bceb-33467ef65593"
    }
  ],
  "botMessages": [
    {
      "channelContent": {
        "web": {
          "contentFormat": "Markdown",
          "content": "42"
        }
      },
      "id": "c3dbc64b-5476-498c-ab2a-998053948b74",
      "createdTime": "2021-04-19T09:37:13.7971958Z",
      "updatedTime": "2021-04-19T09:37:13.7971958Z",
      "createdUserId": "16930407-b7c9-43e8-bceb-33467ef65593",
      "updatedUserId": "16930407-b7c9-43e8-bceb-33467ef65593"
    }
  ],
  "createdUtc": "0001-01-01T00:00:00Z"
}