{
  "intents": [
    {
      "triggerQueries": [
        "Fjern personer i kanalen",
        "Fjern personer i teamet",
        "Fjern et medlem i en kanal",
        "Fjern et medlem i teamet",
        "Hvordan fjerne medlemmer fra et team?"
      ],
      "dialogId": "new_topic_6e466007f95042a58f3b32011ed937c2",
      "isTriggeringEnabled": true,
      "canTriggeringBeDisabled": true,
      "id": "new_topic_6e466007f95042a58f3b32011ed937c2",
      "displayName": "Hvordan fjerne medlemmer fra et team?",
      "description": "https://norwegianteams.blob.core.windows.net/norwegian-container/TIMA QA P19.docx",
      "createdTime": "2021-03-24T20:09:21.5452642Z",
      "updatedTime": "2021-03-25T21:05:16.3590659Z",
      "createdUserId": "ef0c8b9a-eff1-49f8-92fa-fd1d3e15e1ba",
      "updatedUserId": "ef0c8b9a-eff1-49f8-92fa-fd1d3e15e1ba",
      "isManaged": false,
      "isCustomizable": true,
      "etag": "W/\"1877933\"",
      "versionNumber": 1877933,
      "componentId": "d458b0de-dc8c-eb11-a812-000d3a9d9016"
    }
  ],
  "dialogs": [
    {
      "rootNodeId": "f8c6fbec-f587-448f-9b93-c6ae83a73a94",
      "messageNodes": [
        {
          "botMessageId": "fe47dceb-181f-470e-83bc-d404544206a2",
          "nodeType": "BotMessageNode",
          "id": "f8c6fbec-f587-448f-9b93-c6ae83a73a94",
          "defaultTargetNodeId": "70ddf6e5-ab3c-48be-a440-8c68c49fcaad"
        }
      ],
      "dialogChangeNodes": [
        {
          "targetDialogId": "new_topic_89c49d37fd4c4c1c9144396960733ce1_aeabea4d071f415c8c107e1cb7af5424_assumedsuccess",
          "nodeType": "DialogChangeNode",
          "id": "70ddf6e5-ab3c-48be-a440-8c68c49fcaad"
        }
      ],
      "id": "new_topic_6e466007f95042a58f3b32011ed937c2",
      "displayName": "Dialog for Hvordan fjerne medlemmer fra et team?",
      "createdTime": "2021-03-24T20:09:21.5452642Z",
      "updatedTime": "2021-03-25T21:05:06.8496428Z",
      "createdUserId": "ef0c8b9a-eff1-49f8-92fa-fd1d3e15e1ba",
      "updatedUserId": "ef0c8b9a-eff1-49f8-92fa-fd1d3e15e1ba",
      "versionNumber": 0,
      "componentId": "00000000-0000-0000-0000-000000000000"
    }
  ],
  "botMessages": [
    {
      "channelContent": {
        "web": {
          "contentFormat": "Markdown",
          "content": "For å fjerne et medlem i et team:\n\n1. Gå til teamnavnet, og velg **Flere alternativer…** > **Administrer team**.\n\n2. Velg **X**, helt til høyre for navnet på personen som du vil fjerne, under **Medlemmer**."
        }
      },
      "id": "fe47dceb-181f-470e-83bc-d404544206a2",
      "createdTime": "2021-03-24T20:09:21.5452642Z",
      "updatedTime": "2021-03-24T20:09:21.5452642Z",
      "createdUserId": "ef0c8b9a-eff1-49f8-92fa-fd1d3e15e1ba",
      "updatedUserId": "ef0c8b9a-eff1-49f8-92fa-fd1d3e15e1ba",
      "versionNumber": 0,
      "componentId": "00000000-0000-0000-0000-000000000000"
    }
  ],
  "createdUtc": "0001-01-01T00:00:00Z"
}