{
  "intents": [
    {
      "triggerQueries": [
        "aggiungere canali nel mio team",
        "creazione di canali nel Team",
        "chi può creare canali in un team?",
        "Crea canali in un team",
        "Come impedire ai membri di aggiungere canali?",
        "Tutti possono aggiungere canali in un team?",
        "Aggiungi un canale in un team",
        "Impostare un nuovo canale nel mio team",
        "Crea un nuovo canale",
        "Come faccio a creare un canale in un team?",
        "Creare un canale in un team"
      ],
      "dialogId": "new_topic_1346fdb8fe4c406c91b5488f840970cd",
      "isTriggeringEnabled": true,
      "id": "new_topic_1346fdb8fe4c406c91b5488f840970cd",
      "displayName": "Creare un canale in un team",
      "createdTime": "2022-04-28T18:40:07.9926046Z",
      "updatedTime": "2022-04-28T18:46:52.5874669Z",
      "createdUserId": "9451fc51-e00d-4445-8ff9-efb70866dc3b",
      "updatedUserId": "9451fc51-e00d-4445-8ff9-efb70866dc3b"
    }
  ],
  "dialogs": [
    {
      "rootNodeId": "8b85b0d0-4afe-4af8-9f1f-992bb6b9e365",
      "messageNodes": [
        {
          "botMessageId": "7076227c-b983-4a6d-a5c5-5c59f894dab1",
          "nodeType": "BotMessageNode",
          "id": "8b85b0d0-4afe-4af8-9f1f-992bb6b9e365",
          "defaultTargetNodeId": "e59754e9-c042-442c-90fe-223a1d0ea1e8"
        },
        {
          "botMessageId": "30910add-48a8-4602-90d9-4f9780081a97",
          "nodeType": "BotMessageNode",
          "id": "e59754e9-c042-442c-90fe-223a1d0ea1e8",
          "defaultTargetNodeId": "a1c8fe30-875b-42ff-a1d5-edd9ad221a8a"
        },
        {
          "botMessageId": "be5291fb-3a4f-49e8-8fb1-32dfb8dadf4d",
          "nodeType": "BotMessageNode",
          "id": "a1c8fe30-875b-42ff-a1d5-edd9ad221a8a"
        }
      ],
      "id": "new_topic_1346fdb8fe4c406c91b5488f840970cd",
      "displayName": "Senza titolo",
      "createdTime": "2022-04-28T18:40:07.9926046Z",
      "updatedTime": "2022-04-28T18:46:52.5874669Z",
      "createdUserId": "9451fc51-e00d-4445-8ff9-efb70866dc3b",
      "updatedUserId": "9451fc51-e00d-4445-8ff9-efb70866dc3b"
    }
  ],
  "botMessages": [
    {
      "channelContent": {
        "web": {
          "contentFormat": "Markdown",
          "content": "Per impostazione predefinita, tutti i membri di un team possono creare canali.\n\nTrova il nome del team e fai clic su **Altre opzioni** (...) > **Aggiungi canale**."
        }
      },
      "id": "7076227c-b983-4a6d-a5c5-5c59f894dab1",
      "createdTime": "2022-04-28T18:35:25.781Z",
      "updatedTime": "2022-04-28T18:35:25.781Z"
    },
    {
      "channelContent": {
        "web": {
          "contentFormat": "Markdown",
          "content": "*   Un canale standard è aperto per tutti i membri e tutto ciò che è pubblicato è ricercabile da altri.\n*   Come **proprietario di un team**, puoi attivare o disattivare la possibilità per i membri di creare canali. Per visualizzare questa opzione, vai alla scheda **Impostazioni** del team.\n\nScopri altre cose interessanti sulla creazione di canali in squadre."
        }
      },
      "id": "30910add-48a8-4602-90d9-4f9780081a97",
      "createdTime": "2022-04-28T18:42:02.175Z",
      "updatedTime": "2022-04-28T18:42:02.175Z",
      "createdUserId": "user-0",
      "updatedUserId": "user-0"
    },
    {
      "channelContent": {
        "web": {
          "contentFormat": "Markdown",
          "content": "💡 **Suggerimento**:\n\nAggiungi canali solo quando c'è un chiaro scopo, bisogno e desiderio. Troppi canali pre-popolati possono creare confusione. Il canale \"Generale\" è sufficiente per la maggior parte dei Team."
        }
      },
      "id": "be5291fb-3a4f-49e8-8fb1-32dfb8dadf4d",
      "createdTime": "2022-04-28T18:44:57.24Z",
      "updatedTime": "2022-04-28T18:44:57.24Z",
      "createdUserId": "user-0",
      "updatedUserId": "user-0"
    }
  ]
}