{
  "intents": [
    {
      "triggerQueries": [
        "Team 팀 사진 업로드",
        "Team 팀 이미지 변경 교체",
        "Team 팀 디스플레이 이미지 사진 변경 바꾸",
        "Team 팀 사진 변경 옵션",
        "팀 사진을 변경하려면 어떻게 해야 합니까?"
      ],
      "dialogId": "new_topic_d14d070176184da0ad7207abf2800073",
      "isTriggeringEnabled": true,
      "id": "new_topic_d14d070176184da0ad7207abf2800073",
      "displayName": "팀 사진을 변경하려면 어떻게 해야 합니까?",
      "description": "https://adoptbotv2kb.blob.core.windows.net/%24web/adoptbot2021-Korean.docx",
      "createdTime": "2021-03-18T03:39:18.7456548Z",
      "updatedTime": "2021-04-06T11:50:43.8080771Z",
      "createdUserId": "e47109d8-0300-4e59-a90d-56bb29886c9e",
      "updatedUserId": "e47109d8-0300-4e59-a90d-56bb29886c9e"
    }
  ],
  "dialogs": [
    {
      "rootNodeId": "d4346170-45f0-465f-86a5-a5af3e6471ce",
      "messageNodes": [
        {
          "botMessageId": "54007235-8cab-48c7-a736-1a9719bc7e22",
          "nodeType": "BotMessageNode",
          "id": "d4346170-45f0-465f-86a5-a5af3e6471ce",
          "defaultTargetNodeId": "3fe6c67a-d90f-43ca-abb6-865f120e19a5"
        }
      ],
      "dialogChangeNodes": [
        {
          "targetDialogId": "new_topic_2bf23930c1d146129dfe38bacb94ccd0_aeabea4d071f415c8c107e1cb7af5424_assumedsuccess",
          "nodeType": "DialogChangeNode",
          "id": "3fe6c67a-d90f-43ca-abb6-865f120e19a5"
        }
      ],
      "id": "new_topic_d14d070176184da0ad7207abf2800073",
      "displayName": "Dialog for 팀 사진을 변경하려면 어떻게 해야 합니까?",
      "createdTime": "2021-03-18T03:39:18.7456548Z",
      "updatedTime": "2021-04-06T11:47:52.8162701Z",
      "createdUserId": "e47109d8-0300-4e59-a90d-56bb29886c9e",
      "updatedUserId": "e47109d8-0300-4e59-a90d-56bb29886c9e"
    }
  ],
  "botMessages": [
    {
      "channelContent": {
        "web": {
          "contentFormat": "Markdown",
          "content": "1.  팀 이름으로 이동하여 **기타 옵션** > **팀 관리** 를 클릭합니다.\n2.  설정 탭에서 팀 **사진 > 사진 변경**"
        }
      },
      "id": "54007235-8cab-48c7-a736-1a9719bc7e22",
      "createdTime": "2021-03-18T03:39:18.7456548Z",
      "updatedTime": "2021-03-18T03:39:18.7456548Z",
      "createdUserId": "e47109d8-0300-4e59-a90d-56bb29886c9e",
      "updatedUserId": "e47109d8-0300-4e59-a90d-56bb29886c9e"
    }
  ],
  "createdUtc": "0001-01-01T00:00:00Z"
}