{
  "intents": [
    {
      "triggerQueries": [
        "Teilnahme Bericht",
        "Teilnahme Liste",
        "Teilnahmebericht",
        "Teilnahmeliste",
        "Anzeigen wer an einem Meeting teilgenommen hat",
        "Teilnehmerliste herunterladen",
        "Teilnahmebericht",
        "Teilnehmer Liste",
        "Teilnehmerliste",
        "Kann ich eine Teilnehmerliste bekommen?"
      ],
      "dialogId": "new_topic_b7c1865872d444f4922c54c0e63a70ea",
      "isTriggeringEnabled": true,
      "id": "new_topic_b7c1865872d444f4922c54c0e63a70ea",
      "displayName": "Kann ich einen Anwesenheitsbericht erhalten?",
      "description": "https://adoptbotv2kb.blob.core.windows.net/%24web/AdoptBot2021-English.docx",
      "createdTime": "2021-04-18T17:25:43.8942598Z",
      "updatedTime": "2021-04-18T17:25:43.8942598Z",
      "createdUserId": "86360cd1-faa6-4d16-8a0c-ba3116c8a977"
    }
  ],
  "dialogs": [
    {
      "rootNodeId": "b6a64074-ede0-48ab-ac93-646e902de33c",
      "messageNodes": [
        {
          "botMessageId": "a3381b9c-aafe-46e3-909c-779112fcf0e1",
          "nodeType": "BotMessageNode",
          "id": "b6a64074-ede0-48ab-ac93-646e902de33c",
          "defaultTargetNodeId": "1be13d23-18d9-446e-8e7a-aacfe2c01f54"
        },
        {
          "botMessageId": "0e9f44de-3750-4d21-a912-434b9f1e79cb",
          "nodeType": "BotMessageNode",
          "id": "1be13d23-18d9-446e-8e7a-aacfe2c01f54",
          "defaultTargetNodeId": "db78dd2a-8ca0-4158-9508-82cc52eb1034"
        },
        {
          "botMessageId": "1bbf2362-0153-4f5f-a1a6-3bbaf17eff77",
          "nodeType": "BotMessageNode",
          "id": "db78dd2a-8ca0-4158-9508-82cc52eb1034",
          "defaultTargetNodeId": "7107f27a-8073-4d59-96fc-300e898d184a"
        }
      ],
      "dialogChangeNodes": [
        {
          "targetDialogId": "new_topic_30867099f4b543d3b8543a85c22c3418_aeabea4d071f415c8c107e1cb7af5424_assumedsuccess",
          "nodeType": "DialogChangeNode",
          "id": "7107f27a-8073-4d59-96fc-300e898d184a"
        }
      ],
      "id": "new_topic_b7c1865872d444f4922c54c0e63a70ea",
      "displayName": "Dialog for Kann ich einen Anwesenheitsbericht erhalten?",
      "createdTime": "2021-04-18T17:25:43.8932673Z",
      "updatedTime": "2021-04-18T17:27:54.2025667Z",
      "createdUserId": "86360cd1-faa6-4d16-8a0c-ba3116c8a977",
      "updatedUserId": "86360cd1-faa6-4d16-8a0c-ba3116c8a977"
    }
  ],
  "botMessages": [
    {
      "channelContent": {
        "web": {
          "contentFormat": "Markdown",
          "content": "Besprechungsorganisatoren können einen [Besprechungsanwesenheitsbericht anzeigen und herunterladen](https://support.microsoft.com/de-de/office/anwesenheitsberichte-in-teams-herunterladen-ae7cf170-530c-47d3-84c1-3aedac74d310?ui=de-DE&rs=de-DE&ad=DE). Sie finden diesen Bericht im Bereich \"Teilnehmer\" des Meetings, indem Sie auf den Download-Pfeil klicken."
        }
      },
      "id": "a3381b9c-aafe-46e3-909c-779112fcf0e1",
      "createdTime": "2021-04-18T17:25:43.8932673Z",
      "updatedTime": "2021-04-18T17:25:43.8932673Z",
      "createdUserId": "86360cd1-faa6-4d16-8a0c-ba3116c8a977",
      "updatedUserId": "86360cd1-faa6-4d16-8a0c-ba3116c8a977"
    },
    {
      "channelContent": {
        "web": {
          "contentFormat": "Markdown",
          "content": "Sie können den Bericht als .CSV-Datei herunterladen (kann in Excel geöffnet werden)."
        }
      },
      "id": "0e9f44de-3750-4d21-a912-434b9f1e79cb",
      "createdTime": "2021-04-18T17:26:52.855Z",
      "updatedTime": "2021-04-18T17:26:52.855Z",
      "createdUserId": "user-0",
      "updatedUserId": "user-0"
    },
    {
      "channelContent": {
        "web": {
          "contentFormat": "Markdown",
          "content": "**Für Admins**: Siehe diesen Artikel für Details: [Microsoft Teams – Anwesenheitsbericht zu einer Besprechung - Microsoft Teams](https://docs.microsoft.com/de-de/microsoftteams/teams-analytics-and-reports/meeting-attendance-report)"
        }
      },
      "id": "1bbf2362-0153-4f5f-a1a6-3bbaf17eff77",
      "createdTime": "2021-04-18T17:26:57.623Z",
      "updatedTime": "2021-04-18T17:26:57.623Z",
      "createdUserId": "user-0",
      "updatedUserId": "user-0"
    }
  ]
}