{
  "intents": [
    {
      "endUserOverrideName": "Customize Teams meeting experience?",
      "triggerQueries": [
        "Teams apps for meetings",
        "Can I customize the Team meeting experience?",
        "Customize Teams meetings with extra features?",
        "meeting apps",
        "meeting apps in teams",
        "How do I use meeting apps in teams?",
        "where can I find Teams Apps for meetings?",
        "How do you create a structured meeting?",
        "Can I influence the meeting experience?",
        "Extra meeting features",
        "meeting extensions",
        "View a list of meeting plugins",
        "special functions for meetings",
        "build your own app for meetings",
        "Can I customize the meeting experience in Teams?"
      ],
      "dialogId": "new_topic_b9a504ed568f440da2ba2528d2794d20",
      "isTriggeringEnabled": true,
      "id": "new_topic_b9a504ed568f440da2ba2528d2794d20",
      "displayName": "Can I customize the meeting experience in Teams?",
      "description": "https://adoptbotv2kb.blob.core.windows.net/%24web/AdoptBot2021-English.docx",
      "createdTime": "2021-01-13T22:20:51.2381463Z",
      "updatedTime": "2021-01-24T21:09:46.2157609Z",
      "createdUserId": "f04d3cd9-b73d-4ba9-a1ed-9319eba29b21",
      "updatedUserId": "f04d3cd9-b73d-4ba9-a1ed-9319eba29b21"
    }
  ],
  "dialogs": [
    {
      "rootNodeId": "2f215cdf-80c4-4ca0-a15b-d0546ffb17af",
      "messageNodes": [
        {
          "botMessageId": "fb931c4f-f9c9-4f9c-ad60-89ec1c4f9c1c",
          "nodeType": "BotMessageNode",
          "id": "2f215cdf-80c4-4ca0-a15b-d0546ffb17af",
          "defaultTargetNodeId": "4bae1a4d-c5af-4472-b91c-6e6a0fd708e7"
        },
        {
          "botMessageId": "7e74ccc0-a947-4938-aad8-a9c66ab808c5",
          "nodeType": "BotMessageNode",
          "id": "4bae1a4d-c5af-4472-b91c-6e6a0fd708e7",
          "defaultTargetNodeId": "fd1c5422-8c75-438c-9788-979ad12f28c6"
        }
      ],
      "dialogChangeNodes": [
        {
          "targetDialogId": "new_topic_eac3f49c99664313a9d9dc19d80a79a2_aeabea4d071f415c8c107e1cb7af5424_assumedsuccess",
          "nodeType": "DialogChangeNode",
          "id": "fd1c5422-8c75-438c-9788-979ad12f28c6"
        }
      ],
      "id": "new_topic_b9a504ed568f440da2ba2528d2794d20",
      "displayName": "Dialog for Can I customize the meeting experience in Teams?",
      "createdTime": "2021-01-13T22:20:51.2381463Z",
      "updatedTime": "2021-01-27T20:51:35.3531624Z",
      "createdUserId": "f04d3cd9-b73d-4ba9-a1ed-9319eba29b21",
      "updatedUserId": "f04d3cd9-b73d-4ba9-a1ed-9319eba29b21"
    }
  ],
  "botMessages": [
    {
      "channelContent": {
        "web": {
          "contentFormat": "Markdown",
          "content": "There are several apps for Teams meetings available. They allow you to customize the meeting experience to fit your needs. [View apps designed to improve Teams meetings](https://www.microsoft.com/en-us/microsoft-teams/meetings-apps)."
        }
      },
      "id": "fb931c4f-f9c9-4f9c-ad60-89ec1c4f9c1c",
      "createdTime": "2021-01-13T22:20:51.2381463Z",
      "updatedTime": "2021-01-13T22:20:51.2381463Z",
      "createdUserId": "f04d3cd9-b73d-4ba9-a1ed-9319eba29b21",
      "updatedUserId": "f04d3cd9-b73d-4ba9-a1ed-9319eba29b21"
    },
    {
      "channelContent": {
        "web": {
          "contentFormat": "Markdown",
          "content": "**If you’re a developer**, you can [build your very own app for Teams meetings.](https://docs.microsoft.com/en-us/microsoftteams/platform/apps-in-teams-meetings/teams-apps-in-meetings)"
        }
      },
      "id": "7e74ccc0-a947-4938-aad8-a9c66ab808c5",
      "createdTime": "2021-01-27T20:51:17.957Z",
      "updatedTime": "2021-01-27T20:51:17.957Z",
      "createdUserId": "user-0",
      "updatedUserId": "user-0"
    }
  ]
}