{
  "intents": [
    {
      "intentType": "Regular",
      "triggerQueries": [
        "Måste jag ha internetuppkoppling?",
        "Arbeta utan internet med office",
        "Hur når jag office offline",
        "Kan jag jobba offline?",
        "offlineåtkomst till office?",
        "Måste jag ha internet för office?",
        "Krävs Internet-åtkomst för Office?"
      ],
      "dialogId": "new_topic_c0e813ccb50b48b5ba3cad41bf1cd4a8",
      "isTriggeringEnabled": true,
      "id": "new_topic_c0e813ccb50b48b5ba3cad41bf1cd4a8",
      "displayName": "Krävs Internet-åtkomst för Office?",
      "description": "",
      "createdTime": "2020-11-24T14:37:53.8220925Z",
      "updatedTime": "2020-12-11T10:43:56.9591855Z",
      "createdUserId": "f04d3cd9-b73d-4ba9-a1ed-9319eba29b21",
      "updatedUserId": "f04d3cd9-b73d-4ba9-a1ed-9319eba29b21"
    }
  ],
  "dialogs": [
    {
      "rootNodeId": "5899f482-260e-4676-8bb3-21443b7f501b",
      "messageNodes": [
        {
          "botMessageId": "46edbef3-0172-40f6-b548-a305b230b80b",
          "nodeType": "BotMessageNode",
          "id": "5899f482-260e-4676-8bb3-21443b7f501b",
          "defaultTargetNodeId": "8ab891c2-a93f-4820-8f54-acec69b37a48"
        }
      ],
      "dialogChangeNodes": [
        {
          "targetDialogId": "new_topic_84ec227c19784e7ba25cb34f4638f91e_aeabea4d071f415c8c107e1cb7af5424_assumedsuccess",
          "nodeType": "DialogChangeNode",
          "id": "8ab891c2-a93f-4820-8f54-acec69b37a48"
        }
      ],
      "id": "new_topic_c0e813ccb50b48b5ba3cad41bf1cd4a8",
      "displayName": "Dialog for Krävs Internet-åtkomst för Office?",
      "createdTime": "2020-11-24T14:37:53.8220925Z",
      "updatedTime": "2020-11-24T14:37:53.8220925Z",
      "createdUserId": "f04d3cd9-b73d-4ba9-a1ed-9319eba29b21",
      "updatedUserId": "f04d3cd9-b73d-4ba9-a1ed-9319eba29b21"
    }
  ],
  "botMessages": [
    {
      "channelContent": {
        "web": {
          "contentFormat": "Markdown",
          "content": "Internetåtkomst krävs för att installera och aktivera alla de senaste utgåvorna av Office-sviter och alla Office 365-prenumerationsplaner.Internetåtkomst krävs också för att få åtkomst till dokument som\r\n\r\nlagras på OneDrive, såvida du inte installerar [OneDrive-skrivbordsappen](https://go.microsoft.com/fwlink/p/?LinkID=403721) .Du bör också ansluta till Internet regelbundet för att hålla din version av Office uppdaterad och dra nytta av automatiska uppgraderingar. Om du inte ansluter till\r\n\r\nInternet minst var 31:e dag kommer dina program att gå in i läget nedsatt funktionalitet, vilket innebär att du kan visa eller skriva ut dina dokument, men kan inte redigera dokumenten eller skapa nya. Om du vill återaktivera dina Office-program, är det bara att återansluta till Internet.\r\n\r\nDu behöver inte vara ansluten till Internet för att använda Office-programmen, till exempel Word, Excel och PowerPoint, eftersom programmen är helt installerade på datorn."
        }
      },
      "id": "46edbef3-0172-40f6-b548-a305b230b80b",
      "createdTime": "2020-11-24T14:37:53.8220925Z",
      "updatedTime": "2020-11-24T14:37:53.8220925Z",
      "createdUserId": "f04d3cd9-b73d-4ba9-a1ed-9319eba29b21",
      "updatedUserId": "f04d3cd9-b73d-4ba9-a1ed-9319eba29b21"
    }
  ]
}