{
  "intents": [
    {
      "endUserOverrideName": "Få tilgang eller endre PIN-koden",
      "triggerQueries": [
        "Hvordan jeg få tilgang til eller endre PIN-koden min?"
      ],
      "dialogId": "new_topic_d00b6b86eff84102a47f297b501e6a16",
      "isTriggeringEnabled": true,
      "id": "new_topic_d00b6b86eff84102a47f297b501e6a16",
      "displayName": "Hvordan får jeg tilgang til eller endre PIN-koden min?",
      "description": "",
      "createdTime": "2021-04-12T15:42:02.5669905Z",
      "updatedTime": "2021-04-12T15:42:02.5669905Z",
      "createdUserId": "ef0c8b9a-eff1-49f8-92fa-fd1d3e15e1ba"
    }
  ],
  "dialogs": [
    {
      "rootNodeId": "3938d05e-44c0-49df-8405-6a23573d77ab",
      "messageNodes": [
        {
          "botMessageId": "a5b3107f-7186-4d03-94af-38f24d90cefc",
          "nodeType": "BotMessageNode",
          "id": "3938d05e-44c0-49df-8405-6a23573d77ab",
          "defaultTargetNodeId": "b849ff3c-875e-4ea2-b75e-d6749b9eee07"
        }
      ],
      "dialogChangeNodes": [
        {
          "targetDialogId": "new_topic_89c49d37fd4c4c1c9144396960733ce1_aeabea4d071f415c8c107e1cb7af5424_assumedsuccess",
          "nodeType": "DialogChangeNode",
          "id": "b849ff3c-875e-4ea2-b75e-d6749b9eee07"
        }
      ],
      "id": "new_topic_d00b6b86eff84102a47f297b501e6a16",
      "displayName": "Dialog for Hvordan får jeg tilgang til eller endre PIN-koden min?",
      "createdTime": "2021-04-12T15:42:02.5669905Z",
      "updatedTime": "2021-04-12T15:42:16.702678Z",
      "createdUserId": "ef0c8b9a-eff1-49f8-92fa-fd1d3e15e1ba",
      "updatedUserId": "ef0c8b9a-eff1-49f8-92fa-fd1d3e15e1ba"
    }
  ],
  "botMessages": [
    {
      "channelContent": {
        "web": {
          "contentFormat": "Markdown",
          "content": "PIN-koden kan kun tilbakestilles av en administrator for organisasjonen."
        }
      },
      "id": "a5b3107f-7186-4d03-94af-38f24d90cefc",
      "createdTime": "2021-04-12T15:42:02.5669905Z",
      "updatedTime": "2021-04-12T15:42:02.5669905Z",
      "createdUserId": "ef0c8b9a-eff1-49f8-92fa-fd1d3e15e1ba",
      "updatedUserId": "ef0c8b9a-eff1-49f8-92fa-fd1d3e15e1ba"
    }
  ],
  "createdUtc": "0001-01-01T00:00:00Z"
}