{
  "intents": [
    {
      "triggerQueries": [
        "Teams 팀 회의 통화 인증 장치",
        "회의 통화 Teams 팀 디바이스 장치",
        "Teams 팀 회의실 디바이스 장치",
        "인증 Teams 팀 디바이스 장치 목록",
        "개인 공간 Teams 팀 장치 디바이스",
        "공유 공간 Teams 팀 장치 디바이스",
        "Teams 장치 디바이스 범주",
        "Teams 팀즈 회의 적합 회의 디바이스 장치",
        "소규모 회의실 Teams 팀 디바이스 장치",
        "대형 회의실 Teams 팀 디바이스 장치",
        "오픈 오피스 개방형 오피스 Teams 팀즈 디바이스 장치",
        "Teams 팀 인증 웹 카메라",
        "Teams 팀즈 웹캠",
        "공동 작업 회의 통화 Teams 팀 디바이스 장치",
        "협업 팀 디바이스 장치",
        "인증된 MTR",
        "MTR 팀 미팅룸 회의실",
        "MTR Microsoft 마이크로소프트 Teams 팀즈 Room 룸 시스템",
        "Teams 팀 사용 스피커폰",
        "Teams 팀 집 재택 작업 장치",
        "원격 작업 Teams 팀 장비",
        "집 재택 일하기 Teams 팀 디바이스 장치",
        "Teams 팀즈 기기 범주",
        "Teams 팀즈 인증 장치",
        "Teams 팀즈 인증 전화",
        "Teams 팀즈 인증 전화",
        "Teams 팀즈 룸 유형",
        "Hybrid 하이브리드 회의실",
        "Teams 팀즈 지원 Webcam 웹캠",
        "Meeting 미팅 Headset 헤드셋",
        "Teams 팀즈 Meeting 미팅 회의 룸",
        "인증 Teams 팀즈 액세서리",
        "Teams 팀 회의실 회의 장비",
        "Surface Hub 2 서피스 허브 2",
        "Teams Meeting Room 팀즈 미팅 룸",
        "Teams 디바이스 장치 허들 공간 만들기",
        "인증된 Teams 액세서리",
        "Teams 팀즈 인증된 디바이스 장치",
        "Microsoft 마이크로소프트 Surface 서피스 Hub 허브",
        "Teams  회의실 장비"
      ],
      "dialogId": "new_topic_08295564b5dc4902a95db0c7b7b7f534",
      "isTriggeringEnabled": true,
      "id": "new_topic_08295564b5dc4902a95db0c7b7b7f534",
      "displayName": "Teams 인증된 디바이스는 어디서 확인하나요?",
      "description": "",
      "createdTime": "2021-04-09T07:36:33.8222201Z",
      "updatedTime": "2021-04-12T07:32:43.4552236Z",
      "createdUserId": "e47109d8-0300-4e59-a90d-56bb29886c9e",
      "updatedUserId": "e47109d8-0300-4e59-a90d-56bb29886c9e"
    }
  ],
  "dialogs": [
    {
      "rootNodeId": "4d3ff992-24e3-409b-a472-e3f52e293e2f",
      "messageNodes": [
        {
          "botMessageId": "a6b9082f-7fff-4a34-b770-138cf9490b62",
          "nodeType": "BotMessageNode",
          "id": "4d3ff992-24e3-409b-a472-e3f52e293e2f",
          "defaultTargetNodeId": "45ff975c-b185-4b6a-93f0-d62dd2630cca"
        },
        {
          "botMessageId": "ab9e54ff-94ee-47c3-ae2e-ba9af039fb6b",
          "nodeType": "BotMessageNode",
          "id": "45ff975c-b185-4b6a-93f0-d62dd2630cca",
          "defaultTargetNodeId": "d166ecfa-a1f2-40e9-8abf-79d0fe09f9f0"
        },
        {
          "botMessageId": "aa5963d1-86c5-4b90-8023-c38396b127c8",
          "nodeType": "BotMessageNode",
          "id": "d166ecfa-a1f2-40e9-8abf-79d0fe09f9f0",
          "defaultTargetNodeId": "42d1dfd8-e753-45f9-aa2d-d1e6de1726be"
        },
        {
          "botMessageId": "239d7a3d-d8dd-4ee4-9bce-4e0d01c82abf",
          "nodeType": "BotMessageNode",
          "id": "42d1dfd8-e753-45f9-aa2d-d1e6de1726be",
          "defaultTargetNodeId": "b00a5e78-87f8-4421-9348-8907eca86b1c"
        },
        {
          "botMessageId": "b7262a6c-3e06-44d1-92f5-334912f7f2ba",
          "nodeType": "BotMessageNode",
          "id": "b00a5e78-87f8-4421-9348-8907eca86b1c",
          "defaultTargetNodeId": "b7c581b8-dc16-4ea8-a7ea-94e74a72e60f"
        }
      ],
      "dialogChangeNodes": [
        {
          "targetDialogId": "new_topic_2bf23930c1d146129dfe38bacb94ccd0_aeabea4d071f415c8c107e1cb7af5424_assumedsuccess",
          "nodeType": "DialogChangeNode",
          "id": "b7c581b8-dc16-4ea8-a7ea-94e74a72e60f"
        }
      ],
      "id": "new_topic_08295564b5dc4902a95db0c7b7b7f534",
      "displayName": "Dialog for Where can I find certified Teams devices?",
      "createdTime": "2021-04-09T07:36:33.8222201Z",
      "updatedTime": "2021-04-12T07:32:30.3226066Z",
      "createdUserId": "e47109d8-0300-4e59-a90d-56bb29886c9e",
      "updatedUserId": "e47109d8-0300-4e59-a90d-56bb29886c9e"
    }
  ],
  "botMessages": [
    {
      "channelContent": {
        "web": {
          "contentFormat": "Markdown",
          "content": "포괄적인 회의, 협업 및 통화를 위한 인증된 Teams 장치에는 여러 유형이 있습니다."
        }
      },
      "id": "a6b9082f-7fff-4a34-b770-138cf9490b62",
      "createdTime": "2021-04-09T07:36:33.8222201Z",
      "updatedTime": "2021-04-09T07:36:33.8222201Z",
      "createdUserId": "e47109d8-0300-4e59-a90d-56bb29886c9e",
      "updatedUserId": "e47109d8-0300-4e59-a90d-56bb29886c9e"
    },
    {
      "channelContent": {
        "web": {
          "contentFormat": "Markdown",
          "content": "인증된 [Teams 장치를 보려면 다음 방문 페이지를 사용](https://www.microsoft.com/ko-kr/microsoft-teams/across-devices/devices/category?devicetype=20&page=1&filterIds=)합니다."
        }
      },
      "id": "ab9e54ff-94ee-47c3-ae2e-ba9af039fb6b",
      "createdTime": "2021-04-12T07:21:24.073Z",
      "updatedTime": "2021-04-12T07:21:24.073Z",
      "createdUserId": "user-0",
      "updatedUserId": "user-0"
    },
    {
      "channelContent": {
        "web": {
          "contentFormat": "Markdown",
          "content": "[공간 유형별](https://www.microsoft.com/ko-kr/microsoft-teams/across-devices/spaces)  \n(홈 오피스, 소규모에서 대규모 미팅 룸, 공공 장소, 대중 교통, 오픈 오피스, 허들 공간, 이그제큐티브 오피스, 폰부스, 포커스 룸 및 기타 회의 공간)"
        }
      },
      "id": "aa5963d1-86c5-4b90-8023-c38396b127c8",
      "createdTime": "2021-04-12T07:28:12.439Z",
      "updatedTime": "2021-04-12T07:28:12.439Z",
      "createdUserId": "user-0",
      "updatedUserId": "user-0"
    },
    {
      "channelContent": {
        "web": {
          "contentFormat": "Markdown",
          "content": "[장치 유형별](https://www.microsoft.com/ko-kr/microsoft-teams/across-devices/devices/category?devicetype=20&page=1&filterIds=)  \nTeams Room, Room System 액세서리, 헤드셋, 웹 카메라, 스피커폰, 데스크 폰, 팀 디스플레이, 협업 bar 등)"
        }
      },
      "id": "239d7a3d-d8dd-4ee4-9bce-4e0d01c82abf",
      "createdTime": "2021-04-12T07:28:26.041Z",
      "updatedTime": "2021-04-12T07:28:26.041Z",
      "createdUserId": "user-0",
      "updatedUserId": "user-0"
    },
    {
      "channelContent": {
        "web": {
          "contentFormat": "Markdown",
          "content": "_**노트:**_\n\n*   모든 국가에서 모든 Teams 디바이스를 사용할 수 있는 것은 아닙니다."
        }
      },
      "id": "b7262a6c-3e06-44d1-92f5-334912f7f2ba",
      "createdTime": "2021-04-12T07:31:37.538Z",
      "updatedTime": "2021-04-12T07:31:37.538Z",
      "createdUserId": "user-0",
      "updatedUserId": "user-0"
    }
  ],
  "createdUtc": "0001-01-01T00:00:00Z"
}