{
  "intents": [
    {
      "triggerQueries": [
        "I have Office, but I don't see OneNote?",
        "Which OneNote should I use?",
        "different OneNotes, which applies?",
        "I can't find OneNote",
        "OneNote for windows 10",
        "How do I get OneNote?",
        "How can I get OneNote?"
      ],
      "dialogId": "new_topic_72abe3aa1aa24fee8008809254d3301b",
      "isTriggeringEnabled": true,
      "id": "new_topic_72abe3aa1aa24fee8008809254d3301b",
      "displayName": "How can I get OneNote?",
      "description": "",
      "createdTime": "2021-01-13T22:20:51.2381463Z",
      "updatedTime": "2023-11-16T13:21:27.5048726Z",
      "createdUserId": "f04d3cd9-b73d-4ba9-a1ed-9319eba29b21",
      "updatedUserId": "c8d29cfd-efef-47c1-8e02-210c8be30c37"
    }
  ],
  "dialogs": [
    {
      "rootNodeId": "feb5479f-f905-4b75-b49b-140fdc5401f3",
      "messageNodes": [
        {
          "botMessageId": "09daf90a-2404-4c3b-bfae-00793132af62",
          "nodeType": "BotMessageNode",
          "id": "feb5479f-f905-4b75-b49b-140fdc5401f3",
          "defaultTargetNodeId": "9e59a5b0-e9b8-40ac-8f63-88e4c59b880e"
        }
      ],
      "dialogChangeNodes": [
        {
          "targetDialogId": "new_topic_eac3f49c99664313a9d9dc19d80a79a2_aeabea4d071f415c8c107e1cb7af5424_assumedsuccess",
          "nodeType": "DialogChangeNode",
          "id": "9e59a5b0-e9b8-40ac-8f63-88e4c59b880e"
        }
      ],
      "id": "new_topic_72abe3aa1aa24fee8008809254d3301b",
      "displayName": "Dialog for How can I get OneNote?",
      "createdTime": "2021-01-13T22:20:51.2381463Z",
      "updatedTime": "2023-11-16T13:21:27.504872Z",
      "createdUserId": "f04d3cd9-b73d-4ba9-a1ed-9319eba29b21",
      "updatedUserId": "c8d29cfd-efef-47c1-8e02-210c8be30c37"
    }
  ],
  "botMessages": [
    {
      "channelContent": {
        "web": {
          "contentFormat": "Markdown",
          "content": "Depending on which device you use, [there’s a OneNote to fit your needs](https://support.microsoft.com/en-us/office/what-s-the-difference-between-the-onenote-versions-a624e692-b78b-4c09-b07f-46181958118f) .\n\n*   OneNote (formerly called “OneNote 2016”) is a free desktop app and part of Office 2019 and Microsoft 365.\n*   OneNote for Windows 10 , is pre-installed on all editions of Windows 10, and can be downloaded for free in the [Microsoft Store](https://www.microsoft.com/store/productId/9WZDNCRFHVJL)"
        }
      },
      "id": "09daf90a-2404-4c3b-bfae-00793132af62",
      "createdTime": "2021-01-13T22:20:51.2381463Z",
      "updatedTime": "2021-01-13T22:20:51.2381463Z",
      "createdUserId": "f04d3cd9-b73d-4ba9-a1ed-9319eba29b21",
      "updatedUserId": "f04d3cd9-b73d-4ba9-a1ed-9319eba29b21"
    }
  ]
}