{
  "intents": [
    {
      "endUserOverrideName": "Utiliser l'app Tâches (Planificateur et ToDo)",
      "triggerQueries": [
        "qu'est ce que l'application Tâches",
        "comment utiliser l'application Taches",
        "quelle est la différence entre Tâches et Planner",
        "j'aimerais utiliser l'application Tâches",
        "j'aimerais utiliser Tasks",
        "affecter des tâches dans planner",
        "accéder à Planificateur depuis Teams",
        "accéder à Planner depuis Teams",
        "outils de planification pour les groupes",
        "utiliser Planner dans une équipe?",
        "Je veux utiliser Planificateur",
        "Application Tasks pour Planificateur et To Do",
        "Tasks par Planificateur et To Do",
        "Comment Planner et to do sont-ils connectés dans Teams?",
        "Puis-je utiliser Planner dans Teams?",
        "travailler avec planner dans Teams",
        "Déplacer notre planner dans Teams",
        "Application Tasks dans Microsoft Teams",
        "J'aimerais utiliser Planner",
        "Je veux utiliser Planner",
        "Planner dans Teams?",
        "Application Tasks pour Planner et To Do",
        "Qu'est-ce que l'application Tasks dans Teams?"
      ],
      "dialogId": "new_topic_868c068928df4611b43d4c294432a180",
      "isTriggeringEnabled": true,
      "id": "new_topic_868c068928df4611b43d4c294432a180",
      "displayName": "Puis-je utiliser Planner dans Teams?",
      "description": "",
      "createdTime": "2021-01-13T22:20:51.2371466Z",
      "updatedTime": "2021-05-24T10:06:25.5374979Z",
      "createdUserId": "f04d3cd9-b73d-4ba9-a1ed-9319eba29b21",
      "updatedUserId": "a2c4aa2c-d830-41eb-bcf4-467a2c7e1279"
    }
  ],
  "dialogs": [
    {
      "rootNodeId": "484088c5-abe6-4d73-82dc-f1ed97ae164f",
      "messageNodes": [
        {
          "botMessageId": "909ae7e3-ead4-472d-a3bf-4b7d31687513",
          "nodeType": "BotMessageNode",
          "id": "484088c5-abe6-4d73-82dc-f1ed97ae164f",
          "defaultTargetNodeId": "903b1eba-008b-4d4f-934d-286936534e64"
        },
        {
          "botMessageId": "d38e5ab5-f612-47a1-b5ef-7e75f727dbe8",
          "nodeType": "BotMessageNode",
          "id": "903b1eba-008b-4d4f-934d-286936534e64",
          "defaultTargetNodeId": "e718f01e-31dc-4415-8ba3-69af943004af"
        },
        {
          "botMessageId": "4f49788b-198f-445f-8e62-8e8621d427db",
          "nodeType": "BotMessageNode",
          "id": "e718f01e-31dc-4415-8ba3-69af943004af",
          "defaultTargetNodeId": "4ee0671a-f922-4c24-abbc-38803f3df647"
        },
        {
          "botMessageId": "b2d5c27b-56e0-4ab7-9102-7b82151e6265",
          "nodeType": "BotMessageNode",
          "id": "4ee0671a-f922-4c24-abbc-38803f3df647",
          "defaultTargetNodeId": "7bec9a96-0b07-46cc-bf66-6bbc98888b2e"
        }
      ],
      "dialogChangeNodes": [
        {
          "targetDialogId": "new_topic_eac3f49c99664313a9d9dc19d80a79a2_aeabea4d071f415c8c107e1cb7af5424_assumedsuccess",
          "nodeType": "DialogChangeNode",
          "id": "7bec9a96-0b07-46cc-bf66-6bbc98888b2e"
        }
      ],
      "id": "new_topic_868c068928df4611b43d4c294432a180",
      "displayName": "Dialog for Can I use Planner in Teams?",
      "createdTime": "2021-01-13T22:20:51.2371466Z",
      "updatedTime": "2021-05-24T21:42:05.8770385Z",
      "createdUserId": "f04d3cd9-b73d-4ba9-a1ed-9319eba29b21",
      "updatedUserId": "a2c4aa2c-d830-41eb-bcf4-467a2c7e1279"
    }
  ],
  "botMessages": [
    {
      "channelContent": {
        "web": {
          "contentFormat": "Markdown",
          "content": "Bonne nouvelle pour les fans d'organisation et de collaboration. **Teams**, **Planner** et **To Do** vont de pair!  \nVoir le guide pour les dernières mises à jour:  \n[Utiliser l’application Tâches (Tasks) dans Teams](https://support.microsoft.com/fr-fr/office/utiliser-l-application-t%c3%a2ches-dans-teams-e32639f3-2e07-4b62-9a8c-fd706c12c070?ui=fr-FR&rs=fr-FR&ad=FR)"
        }
      },
      "id": "909ae7e3-ead4-472d-a3bf-4b7d31687513",
      "createdTime": "2021-01-13T22:20:51.2371466Z",
      "updatedTime": "2021-01-13T22:20:51.2371466Z",
      "createdUserId": "f04d3cd9-b73d-4ba9-a1ed-9319eba29b21",
      "updatedUserId": "f04d3cd9-b73d-4ba9-a1ed-9319eba29b21"
    },
    {
      "channelContent": {
        "web": {
          "contentFormat": "Markdown",
          "content": "Pour commencer à les utiliser ensemble, ajouter l'onglet Planner (Tasks) à Teams.   \nCliquer juste sur Ajouter un onglet en haut dans un canal."
        }
      },
      "id": "d38e5ab5-f612-47a1-b5ef-7e75f727dbe8",
      "createdTime": "2021-01-27T12:51:02.989Z",
      "updatedTime": "2021-01-27T12:51:02.989Z",
      "createdUserId": "user-0",
      "updatedUserId": "user-0"
    },
    {
      "channelContent": {
        "web": {
          "contentFormat": "Markdown",
          "content": "Sélectionner Planificateur (tasks), ensuite faire une des étapes suivantes:\n\n*   Cliquer sur **Créer un nouveau** **plan** Planner et entrer le nom de votre nouveau plan Planner.\n*   Cliquer sur **Utiliser un plan Existant** et sélectionner un plan existant à partir du menu."
        }
      },
      "id": "4f49788b-198f-445f-8e62-8e8621d427db",
      "createdTime": "2021-01-27T12:51:12.33Z",
      "updatedTime": "2021-01-27T12:51:12.33Z",
      "createdUserId": "user-0",
      "updatedUserId": "user-0"
    },
    {
      "channelContent": {
        "web": {
          "contentFormat": "Markdown",
          "content": "Si vous souhaitez en savoir plus sur la gestion de vos tâches Planner dans Teams via l'application Tâches (Tasks), découvrez [comment utiliser Planner (Planificateur) dans Microsoft Teams.](https://support.microsoft.com/fr-fr/office/utiliser-le-planificateur-dans-microsoft-teams-62798a9f-e8f7-4722-a700-27dd28a06ee0?ui=fr-FR&rs=fr-FR&ad=FR)"
        }
      },
      "id": "b2d5c27b-56e0-4ab7-9102-7b82151e6265",
      "createdTime": "2021-01-27T12:51:44.653Z",
      "updatedTime": "2021-01-27T12:51:44.653Z",
      "createdUserId": "user-0",
      "updatedUserId": "user-0"
    }
  ]
}