{
  "intents": [
    {
      "endUserOverrideName": "Schichtpläne in Teams",
      "triggerQueries": [
        "Stundenplan",
        "Arbeitsplan",
        "Arbeiter, die Schichten nutzen",
        "Was kann die Shifts-App in Teams tun?",
        "Mobiler Arbeitsplan",
        "Immer auf dem neuesten Stand?",
        "Wer kann meine Schicht abdecken?",
        "Zugriffsverschiebungen von einem Telefon",
        "Erstellen eines Zeitplans für mein Team",
        "Verwalten von Schichten für mein Team",
        "Stempeluhr App",
        "Schichten für die erste Linie",
        "Zeituhr in Teams",
        "Zeitberichte in Zeiten für eine Schicht",
        "Ich muss Arbeiter verwalten",
        "Was ist die Shifts App?",
        "Wofür verwenden Sie Schichten in Teams?",
        "Kann jemand meine Schicht abdecken?",
        "Wie kann ich sehen, wer eine Schicht arbeitet?",
        "Können wir einen Teamplan haben?",
        "Erstellen eines Zeitplans für mein Team",
        "immer auf dem neuesten Stand",
        "Schichtbasiertes Arbeiten",
        "Schichten für Arbeiter",
        "Microsoft verschiebt App",
        "Ein aktueller Zeitplan? (Verschiebungen in Teams)",
        "Was ist Shifts in Teams?"
      ],
      "dialogId": "new_topic_bdcd96fce8414c1784174ce7025ca78d",
      "isTriggeringEnabled": true,
      "id": "new_topic_bdcd96fce8414c1784174ce7025ca78d",
      "displayName": "Was ist Shifts in Teams?",
      "description": "",
      "createdTime": "2021-04-14T14:20:28.4098547Z",
      "updatedTime": "2021-04-22T06:33:51.409551Z",
      "createdUserId": "d4c65e50-fb5c-4311-830a-05b59a11dd48",
      "updatedUserId": "86360cd1-faa6-4d16-8a0c-ba3116c8a977"
    }
  ],
  "dialogs": [
    {
      "rootNodeId": "fe521296-d6e8-4bff-bb8c-93e9939e0afc",
      "messageNodes": [
        {
          "botMessageId": "706f234b-28ca-4e54-b13b-2dc37bbe70d8",
          "nodeType": "BotMessageNode",
          "id": "fe521296-d6e8-4bff-bb8c-93e9939e0afc",
          "defaultTargetNodeId": "6e3bf352-0b3e-4958-91d7-9930a242c88e"
        },
        {
          "botMessageId": "b8264ab2-b4cb-4100-8b87-296578eb731d",
          "nodeType": "BotMessageNode",
          "id": "6e3bf352-0b3e-4958-91d7-9930a242c88e",
          "defaultTargetNodeId": "2ee60674-65a5-4486-a67e-5ca334788976"
        },
        {
          "botMessageId": "912fe1db-16af-4a65-9085-252d89ce5a61",
          "nodeType": "BotMessageNode",
          "id": "2ee60674-65a5-4486-a67e-5ca334788976",
          "defaultTargetNodeId": "29277611-5e89-47f1-aa8a-aed034663c42"
        },
        {
          "botMessageId": "ccf0397d-59ee-4130-9c21-42398a42ffd5",
          "nodeType": "BotMessageNode",
          "id": "29277611-5e89-47f1-aa8a-aed034663c42",
          "defaultTargetNodeId": "5caa14e3-a256-439e-ae5f-10234ef45f2f"
        },
        {
          "botMessageId": "4d9a7d6f-4d59-4b34-bc70-03cef20bc43b",
          "nodeType": "BotMessageNode",
          "id": "5caa14e3-a256-439e-ae5f-10234ef45f2f",
          "defaultTargetNodeId": "eba84725-7669-4e54-a9e7-38b553631bf0"
        }
      ],
      "dialogChangeNodes": [
        {
          "targetDialogId": "new_topic_30867099f4b543d3b8543a85c22c3418_aeabea4d071f415c8c107e1cb7af5424_assumedsuccess",
          "nodeType": "DialogChangeNode",
          "id": "eba84725-7669-4e54-a9e7-38b553631bf0"
        }
      ],
      "id": "new_topic_bdcd96fce8414c1784174ce7025ca78d",
      "displayName": "Dialog for Was ist Shifts in Teams?",
      "createdTime": "2021-04-14T14:20:28.4098547Z",
      "updatedTime": "2021-04-19T09:34:30.2722682Z",
      "createdUserId": "d4c65e50-fb5c-4311-830a-05b59a11dd48",
      "updatedUserId": "d4c65e50-fb5c-4311-830a-05b59a11dd48"
    }
  ],
  "botMessages": [
    {
      "channelContent": {
        "web": {
          "contentFormat": "Markdown",
          "content": "Viele wünschen sich einen stets aktuellen Arbeitsplan am Telefon"
        }
      },
      "id": "706f234b-28ca-4e54-b13b-2dc37bbe70d8",
      "createdTime": "2021-04-14T14:20:28.4098547Z",
      "updatedTime": "2021-04-14T14:20:28.4098547Z",
      "createdUserId": "d4c65e50-fb5c-4311-830a-05b59a11dd48",
      "updatedUserId": "d4c65e50-fb5c-4311-830a-05b59a11dd48"
    },
    {
      "channelContent": {
        "web": {
          "contentFormat": "Markdown",
          "content": "[Shifts in Teams](https://support.microsoft.com/de-de/office/what-is-shifts-f8efe6e4-ddb3-4d23-b81b-bb812296b821) ist eine kostenlose Teams-App, um Zeitpläne zu verwalten und mit Ihrem Team synchron zu bleiben. Ein großartiges Planungstool für jedermann und speziell entwickelt, um \"Frontline-Arbeiter\\*innen\" bester Freund zu sein. Nun, zumindest ein toller Zeitplan 😉\n\n**Alles auf Ihrem Telefon.**"
        }
      },
      "id": "b8264ab2-b4cb-4100-8b87-296578eb731d",
      "createdTime": "2021-04-14T14:22:52.55Z",
      "updatedTime": "2021-04-14T14:22:52.55Z",
      "createdUserId": "user-0",
      "updatedUserId": "user-0"
    },
    {
      "channelContent": {
        "web": {
          "contentFormat": "Markdown",
          "content": "🎬 [Sehen Sie sich dieses 1 min Video](https://support.microsoft.com/de-de/office/shifts-for-firstline-workers-74f47ad2-7b6a-4605-8cf4-2b6ceb1cdcae) an, um Shifts in Aktion zu sehen."
        }
      },
      "id": "912fe1db-16af-4a65-9085-252d89ce5a61",
      "createdTime": "2021-04-14T14:22:56.586Z",
      "updatedTime": "2021-04-14T14:22:56.586Z",
      "createdUserId": "user-0",
      "updatedUserId": "user-0"
    },
    {
      "channelContent": {
        "web": {
          "contentFormat": "Markdown",
          "content": "**Verwalten von Schichten**\n\n*   📅Zeitpläne - Sehen Sie immer, wer welche Schicht arbeitet. Sie werden sehen, wer online ist, basierend auf ihrer [Anwesenheit](https://docs.microsoft.com/de-de/microsoftteams/presence-admins).\n*   📲Wenn Sie mit jemandem sprechen müssen, wählen Sie diese einfach aus (keine veralteten Zahlen mehr und raten Sie, wer verfügbar ist!).\n*   📝Überprüfen/Hinzufügen von Notizen für zusätzliche Details zu einer Schicht.\n*   🕓Zeituhr - Uhr in oder Uhr aus Ihrer Schicht."
        }
      },
      "id": "ccf0397d-59ee-4130-9c21-42398a42ffd5",
      "createdTime": "2021-04-14T14:23:02.1Z",
      "updatedTime": "2021-04-14T14:23:02.1Z",
      "createdUserId": "user-0",
      "updatedUserId": "user-0"
    },
    {
      "channelContent": {
        "web": {
          "contentFormat": "Markdown",
          "content": "💡 **Tipp**: Wenn Sie nicht am Schreibtisch sind, prüfen Sie, ob die [Funktion \"Teams Walkie Talkie\"](https://support.microsoft.com/de-de/office/get-started-with-teams-walkie-talkie-25bdc3d5-bbb2-41b7-89bf-650fae0c8e0c) nützlich sein könnte."
        }
      },
      "id": "4d9a7d6f-4d59-4b34-bc70-03cef20bc43b",
      "createdTime": "2021-04-14T14:23:05.505Z",
      "updatedTime": "2021-04-14T14:23:05.505Z",
      "createdUserId": "user-0",
      "updatedUserId": "user-0"
    }
  ]
}