{
  "intents": [
    {
      "triggerQueries": [
        "Outlook 일정 Teams 회의 미팅 보기 어떻게",
        "약속 어디 보기",
        "Teams 팀즈 팀 Outlook 아웃룩 동일 캘린더 같은",
        "예약 모임 어디 보기",
        "Calendar 캘린더 일정 Team Meeting 미팅 모임 보기",
        "Outlook 아웃룩 Meeting 미팅 모임 보기",
        "Team 팀즈 팀 회의 모임 보기",
        "Outlook에서 내 Teams 회의가 표시됩니까?"
      ],
      "dialogId": "new_topic_bf73cb4aea6a4b6191bc3104190a784f",
      "isTriggeringEnabled": true,
      "id": "new_topic_bf73cb4aea6a4b6191bc3104190a784f",
      "displayName": "Outlook에서 내 Teams 회의가 표시됩니까?",
      "description": "https://adoptbotv2kb.blob.core.windows.net/%24web/adoptbot2021-Korean.docx",
      "createdTime": "2021-03-18T03:39:18.7466553Z",
      "updatedTime": "2021-04-03T13:07:03.2153537Z",
      "createdUserId": "e47109d8-0300-4e59-a90d-56bb29886c9e",
      "updatedUserId": "e47109d8-0300-4e59-a90d-56bb29886c9e"
    }
  ],
  "dialogs": [
    {
      "rootNodeId": "4ca94976-4b03-4402-b5b1-ba8f77657525",
      "messageNodes": [
        {
          "botMessageId": "7d36e19c-7a91-47f6-8308-1c6502c534d0",
          "nodeType": "BotMessageNode",
          "id": "4ca94976-4b03-4402-b5b1-ba8f77657525",
          "defaultTargetNodeId": "ea5e9a85-ff63-4770-84ed-b737934625a5"
        }
      ],
      "dialogChangeNodes": [
        {
          "targetDialogId": "new_topic_2bf23930c1d146129dfe38bacb94ccd0_aeabea4d071f415c8c107e1cb7af5424_assumedsuccess",
          "nodeType": "DialogChangeNode",
          "id": "ea5e9a85-ff63-4770-84ed-b737934625a5"
        }
      ],
      "id": "new_topic_bf73cb4aea6a4b6191bc3104190a784f",
      "displayName": "Dialog for Outlook에서 내 Teams 회의가 표시됩니까?",
      "createdTime": "2021-03-18T03:39:18.7466553Z",
      "updatedTime": "2021-03-18T03:39:18.7466553Z",
      "createdUserId": "e47109d8-0300-4e59-a90d-56bb29886c9e",
      "updatedUserId": "e47109d8-0300-4e59-a90d-56bb29886c9e"
    }
  ],
  "botMessages": [
    {
      "channelContent": {
        "web": {
          "contentFormat": "Markdown",
          "content": "Teams에서 회의를 예약하면, Teams에서 “ 일정 ” 과 Outlook 일정에 표시됩니다.\r\n\r\n참고: Outlook 일정은 Teams와 Outlook 모두에 사용됩니다."
        }
      },
      "id": "7d36e19c-7a91-47f6-8308-1c6502c534d0",
      "createdTime": "2021-03-18T03:39:18.7466553Z",
      "updatedTime": "2021-03-18T03:39:18.7466553Z",
      "createdUserId": "e47109d8-0300-4e59-a90d-56bb29886c9e",
      "updatedUserId": "e47109d8-0300-4e59-a90d-56bb29886c9e"
    }
  ],
  "createdUtc": "0001-01-01T00:00:00Z"
}