{
  "intents": [
    {
      "triggerQueries": [
        "merker i chat",
        "tags i chat",
        "Kan tags brukes i chat?",
        "Kan merker brukes i chat?",
        "Lag fellesnavn til medlemmer basert på attributter",
        "Hvordan kan jeg enklest nå flere personer i en kanal eller chat?",
        "merker i teams",
        "Tags i teams",
        "Hva er merker (tags)?"
      ],
      "dialogId": "new_topic_e3c9ed7f7d004d17a99b652472c3f7c4",
      "isTriggeringEnabled": true,
      "id": "new_topic_e3c9ed7f7d004d17a99b652472c3f7c4",
      "displayName": "Hva er merker (tags)?",
      "description": "https://norwegianteams.blob.core.windows.net/norwegian-container/TIMA QA P19.docx",
      "createdTime": "2021-03-24T20:09:21.5452642Z",
      "updatedTime": "2021-04-06T18:33:45.6306989Z",
      "createdUserId": "ef0c8b9a-eff1-49f8-92fa-fd1d3e15e1ba",
      "updatedUserId": "ef0c8b9a-eff1-49f8-92fa-fd1d3e15e1ba"
    }
  ],
  "dialogs": [
    {
      "rootNodeId": "df126e59-c93d-488c-9222-1ecc7fc9cd06",
      "messageNodes": [
        {
          "botMessageId": "6dfaee69-ee68-481c-9ba9-30f76d38cad0",
          "nodeType": "BotMessageNode",
          "id": "df126e59-c93d-488c-9222-1ecc7fc9cd06",
          "defaultTargetNodeId": "5f66676a-f6df-4909-b537-89278906800a"
        },
        {
          "botMessageId": "65b0cfae-bc4a-4a29-8c68-2c93c30de745",
          "nodeType": "BotMessageNode",
          "id": "5f66676a-f6df-4909-b537-89278906800a",
          "defaultTargetNodeId": "3c2fd0df-a38c-4551-8024-1b4f43bac5bf"
        },
        {
          "botMessageId": "1f0e8319-0986-44a3-8241-0801df63b442",
          "nodeType": "BotMessageNode",
          "id": "3c2fd0df-a38c-4551-8024-1b4f43bac5bf",
          "defaultTargetNodeId": "beab0f85-d9fb-47b2-8898-a9f913d43274"
        },
        {
          "botMessageId": "4bf4a5a5-5564-4a14-a4f8-ef9e121114e5",
          "nodeType": "BotMessageNode",
          "id": "beab0f85-d9fb-47b2-8898-a9f913d43274",
          "defaultTargetNodeId": "f3a9adf2-026a-47e9-b6a0-d6a31e65a91b"
        }
      ],
      "dialogChangeNodes": [
        {
          "targetDialogId": "new_topic_89c49d37fd4c4c1c9144396960733ce1_aeabea4d071f415c8c107e1cb7af5424_assumedsuccess",
          "nodeType": "DialogChangeNode",
          "id": "f3a9adf2-026a-47e9-b6a0-d6a31e65a91b"
        }
      ],
      "id": "new_topic_e3c9ed7f7d004d17a99b652472c3f7c4",
      "displayName": "Dialog for Hva er merker (tags)?",
      "createdTime": "2021-03-24T20:09:21.5452642Z",
      "updatedTime": "2021-04-06T18:31:33.4565014Z",
      "createdUserId": "ef0c8b9a-eff1-49f8-92fa-fd1d3e15e1ba",
      "updatedUserId": "ef0c8b9a-eff1-49f8-92fa-fd1d3e15e1ba"
    }
  ],
  "botMessages": [
    {
      "channelContent": {
        "web": {
          "contentFormat": "Markdown",
          "content": "Med merker (tags) kan du raskt nå bestemte gruppemedlemmer samtidig."
        }
      },
      "id": "6dfaee69-ee68-481c-9ba9-30f76d38cad0",
      "createdTime": "2021-03-24T20:09:21.5452642Z",
      "updatedTime": "2021-03-24T20:09:21.5452642Z",
      "createdUserId": "ef0c8b9a-eff1-49f8-92fa-fd1d3e15e1ba",
      "updatedUserId": "ef0c8b9a-eff1-49f8-92fa-fd1d3e15e1ba"
    },
    {
      "channelContent": {
        "web": {
          "contentFormat": "Markdown",
          "content": "Med merker kan du kategorisere medlemmer basert på attributter som for eksempel rolle, prosjekt, kvalifikasjoner, opplæring eller sted. Eksempel nedenfor viser at ved å opprette merker kan du nå gruppemedlemmer uten å måtte skrive inn hvert enkelt navn i kanalen:\n\n*   @sykepleiere\n*   @ledere\n*   @designere"
        }
      },
      "id": "65b0cfae-bc4a-4a29-8c68-2c93c30de745",
      "createdTime": "2021-04-06T18:30:53.493Z",
      "updatedTime": "2021-04-06T18:30:53.493Z",
      "createdUserId": "user-0",
      "updatedUserId": "user-0"
    },
    {
      "channelContent": {
        "web": {
          "contentFormat": "Markdown",
          "content": "Når et merke er lagt til, kan du bare @omtale den i en kanal. Alle som har blitt tilordnet merket, mottar et varsel på samme måte som om de var @omtalt enkeltvis."
        }
      },
      "id": "1f0e8319-0986-44a3-8241-0801df63b442",
      "createdTime": "2021-04-06T18:31:15.014Z",
      "updatedTime": "2021-04-06T18:31:15.014Z",
      "createdUserId": "user-0",
      "updatedUserId": "user-0"
    },
    {
      "channelContent": {
        "web": {
          "contentFormat": "Markdown",
          "content": "En annen måte å bruke et merke på er å starte en ny chat, og deretter velge merket som er tilordnet til personene du vil nå."
        }
      },
      "id": "4bf4a5a5-5564-4a14-a4f8-ef9e121114e5",
      "createdTime": "2021-04-06T18:31:22.889Z",
      "updatedTime": "2021-04-06T18:31:22.889Z",
      "createdUserId": "user-0",
      "updatedUserId": "user-0"
    }
  ],
  "createdUtc": "0001-01-01T00:00:00Z"
}