{
  "intents": [
    {
      "endUserOverrideName": "快速鍵/撥號指令",
      "triggerQueries": [
        "Teams 熱鍵",
        "Teams 快速鍵",
        "Teams hotkey",
        "電話會議中撥號指令",
        "支援哪些電話會議中撥號指令？",
        "快速撥入的支援",
        "會議期間支援哪些鍵盤指令？",
        "撥號指令",
        "dial-pad commands",
        "What keypad commands during the meeting are supported?",
        "support for quick dial-in?",
        "Which in-meeting dial-pad commands are supported?"
      ],
      "dialogId": "new_topic_5da353d913b44df293f1431aa81af953",
      "isTriggeringEnabled": true,
      "id": "new_topic_5da353d913b44df293f1431aa81af953",
      "displayName": "Teams 快速鍵/撥號指令",
      "description": "https://adoptbotv2kb.blob.core.windows.net/%24web/AdoptBot2021-English.docx",
      "createdTime": "2021-11-17T07:44:25.1269598Z",
      "updatedTime": "2021-11-19T05:15:14.1021723Z",
      "createdUserId": "9c968d43-f7c2-4e28-895c-1f6bcefcd8be",
      "updatedUserId": "9c968d43-f7c2-4e28-895c-1f6bcefcd8be"
    }
  ],
  "dialogs": [
    {
      "rootNodeId": "2e16fd18-ffd7-4650-b157-4f97add0be75",
      "messageNodes": [
        {
          "botMessageId": "afc22d92-dd90-4dc5-b1fc-c23f2047deef",
          "nodeType": "BotMessageNode",
          "id": "2e16fd18-ffd7-4650-b157-4f97add0be75",
          "defaultTargetNodeId": "8b6d111c-0ede-467a-a227-939971323fe9"
        },
        {
          "botMessageId": "76babd03-b0d4-4d30-a2c8-34300ddbbeb9",
          "nodeType": "BotMessageNode",
          "id": "8b6d111c-0ede-467a-a227-939971323fe9",
          "defaultTargetNodeId": "c6f171de-309a-4c72-ba6d-4f173df487fb"
        }
      ],
      "dialogChangeNodes": [
        {
          "targetDialogId": "new_topic_e2d1671328b941dbb60fa7150059b1ee_aeabea4d071f415c8c107e1cb7af5424_assumedsuccess",
          "nodeType": "DialogChangeNode",
          "id": "c6f171de-309a-4c72-ba6d-4f173df487fb"
        }
      ],
      "id": "new_topic_5da353d913b44df293f1431aa81af953",
      "displayName": "Dialog for 支援哪些會議中撥號指令？",
      "createdTime": "2021-11-17T07:44:25.1269598Z",
      "updatedTime": "2021-11-19T05:13:35.4506957Z",
      "createdUserId": "9c968d43-f7c2-4e28-895c-1f6bcefcd8be",
      "updatedUserId": "9c968d43-f7c2-4e28-895c-1f6bcefcd8be"
    }
  ],
  "botMessages": [
    {
      "channelContent": {
        "web": {
          "contentFormat": "Markdown",
          "content": "電話會議的撥號指令 :\n\n\\*6 （靜音/解除靜音自己）\n\n\\*5   (舉手/放下手)\n\n\\*1（播放可用的鍵盤命令描述）"
        }
      },
      "id": "afc22d92-dd90-4dc5-b1fc-c23f2047deef",
      "createdTime": "2021-11-17T07:44:25.1269598Z",
      "updatedTime": "2021-11-17T07:44:25.1269598Z",
      "createdUserId": "9c968d43-f7c2-4e28-895c-1f6bcefcd8be",
      "updatedUserId": "9c968d43-f7c2-4e28-895c-1f6bcefcd8be"
    },
    {
      "channelContent": {
        "web": {
          "contentFormat": "Markdown",
          "content": "更多關於Teams的快速鍵請參考:\n\n[Microsoft Teams 的鍵盤快速鍵](https://support.microsoft.com/zh-tw/office/microsoft-teams-%E7%9A%84%E9%8D%B5%E7%9B%A4%E5%BF%AB%E9%80%9F%E9%8D%B5-2e8e2a70-e8d8-4a19-949b-4c36dd5292d2#bkmk_calling)"
        }
      },
      "id": "76babd03-b0d4-4d30-a2c8-34300ddbbeb9",
      "createdTime": "2021-11-19T05:13:01.286Z",
      "updatedTime": "2021-11-19T05:13:01.286Z",
      "createdUserId": "user-0",
      "updatedUserId": "user-0"
    }
  ]
}