{
  "intents": [
    {
      "triggerQueries": [
        "å sette rampelys på en video",
        "Spotlight funskjonen",
        "hva gjør rampelys funksjonen?",
        "rampelys noen",
        "spotlight i et møte",
        "Hva skjer når noen setter rampelys på en video i et møte?",
        "Hva betyr å sette rampelys i et teams møte?",
        "Fremhev en annens video i et Teams møte"
      ],
      "dialogId": "new_topic_f3d0d2e90ca2434d94f07b883d200a7d",
      "isTriggeringEnabled": true,
      "id": "new_topic_f3d0d2e90ca2434d94f07b883d200a7d",
      "displayName": "Fremhev noens video i et Teams møte",
      "description": "https://norwegianteams.blob.core.windows.net/norwegian-container/Tima - p19 to p33.docx",
      "createdTime": "2021-04-07T15:58:06.1547042Z",
      "updatedTime": "2021-04-15T14:06:14.5178603Z",
      "createdUserId": "ef0c8b9a-eff1-49f8-92fa-fd1d3e15e1ba",
      "updatedUserId": "ef0c8b9a-eff1-49f8-92fa-fd1d3e15e1ba"
    }
  ],
  "dialogs": [
    {
      "rootNodeId": "93d5811c-0039-453d-94e8-7a53881afaf6",
      "messageNodes": [
        {
          "botMessageId": "96a32f11-0ec4-4ef5-8972-32f6ae28c488",
          "nodeType": "BotMessageNode",
          "id": "93d5811c-0039-453d-94e8-7a53881afaf6",
          "defaultTargetNodeId": "31da97dc-f65e-49a4-b22c-8403ef8a9170"
        },
        {
          "botMessageId": "b801a2ea-30e8-468c-ae95-bc2746b7b03a",
          "nodeType": "BotMessageNode",
          "id": "31da97dc-f65e-49a4-b22c-8403ef8a9170",
          "defaultTargetNodeId": "491aa2b9-1dc9-47fc-9e4b-7a2c346dfacf"
        }
      ],
      "dialogChangeNodes": [
        {
          "targetDialogId": "new_topic_89c49d37fd4c4c1c9144396960733ce1_aeabea4d071f415c8c107e1cb7af5424_assumedsuccess",
          "nodeType": "DialogChangeNode",
          "id": "491aa2b9-1dc9-47fc-9e4b-7a2c346dfacf"
        }
      ],
      "id": "new_topic_f3d0d2e90ca2434d94f07b883d200a7d",
      "displayName": "Dialog for Fremhev noens video i et Teams møte",
      "createdTime": "2021-04-07T15:58:06.1547042Z",
      "updatedTime": "2021-04-07T16:00:58.0097263Z",
      "createdUserId": "ef0c8b9a-eff1-49f8-92fa-fd1d3e15e1ba",
      "updatedUserId": "ef0c8b9a-eff1-49f8-92fa-fd1d3e15e1ba"
    }
  ],
  "botMessages": [
    {
      "channelContent": {
        "web": {
          "contentFormat": "Markdown",
          "content": "Å sette rampelys på en video er som å feste den for alle i møtet. Hvis du er arrangør eller presentatør så kan du bestemme hvem sin video som skal være hovedvideoen deltakerne ser."
        }
      },
      "id": "96a32f11-0ec4-4ef5-8972-32f6ae28c488",
      "createdTime": "2021-04-07T15:58:06.1547042Z",
      "updatedTime": "2021-04-07T15:58:06.1547042Z",
      "createdUserId": "ef0c8b9a-eff1-49f8-92fa-fd1d3e15e1ba",
      "updatedUserId": "ef0c8b9a-eff1-49f8-92fa-fd1d3e15e1ba"
    },
    {
      "channelContent": {
        "web": {
          "contentFormat": "Markdown",
          "content": "Hvis du vil sette en annens video i søkelyset, høyre klikker du videoen du vil bruke, og velg **Spotlight.**\n\nHvis du vil sette din egen video i søkelyset, velger du først **Vis deltakere.** Høyre klikk på navnet ditt under **Deltakere**, og velg **Spotlight.** Du kan sette andres video i søkelyset på denne måten også."
        }
      },
      "id": "b801a2ea-30e8-468c-ae95-bc2746b7b03a",
      "createdTime": "2021-04-07T16:00:49.802Z",
      "updatedTime": "2021-04-07T16:00:49.802Z",
      "createdUserId": "user-0",
      "updatedUserId": "user-0"
    }
  ],
  "createdUtc": "0001-01-01T00:00:00Z"
}