{
  "intents": [
    {
      "endUserOverrideName": "Hur många är max för telefonmöte?",
      "triggerQueries": [
        "maxantal i telefonmöte?",
        "maxantal i möte via telefon?",
        "Hur många kan vara med i mötet via telefon?",
        "hur många kan ringa in till ett vanligt möte?",
        "max antal deltagare via telefon",
        "Hur många är max för telefonmöte?",
        "Hur många totala telefondeltagare kan jag ha i möten?"
      ],
      "dialogId": "new_topic_8e7ac29e0fe94f799be0d0774f489117",
      "isTriggeringEnabled": true,
      "id": "new_topic_8e7ac29e0fe94f799be0d0774f489117",
      "displayName": "Hur många totala telefondeltagare kan jag ha i möten?",
      "description": "",
      "createdTime": "2020-11-24T14:37:53.8220925Z",
      "updatedTime": "2020-12-08T11:14:26.0392676Z",
      "createdUserId": "f04d3cd9-b73d-4ba9-a1ed-9319eba29b21",
      "updatedUserId": "f04d3cd9-b73d-4ba9-a1ed-9319eba29b21"
    }
  ],
  "dialogs": [
    {
      "rootNodeId": "99339dc5-58a6-4614-842e-09e3654830e5",
      "messageNodes": [
        {
          "botMessageId": "364e66da-0f99-480b-a9b8-22c7f2e2ec82",
          "nodeType": "BotMessageNode",
          "id": "99339dc5-58a6-4614-842e-09e3654830e5",
          "defaultTargetNodeId": "8a6b9a75-f1bc-4b5b-bcc6-4831bdda1f94"
        }
      ],
      "dialogChangeNodes": [
        {
          "targetDialogId": "new_topic_84ec227c19784e7ba25cb34f4638f91e_aeabea4d071f415c8c107e1cb7af5424_assumedsuccess",
          "nodeType": "DialogChangeNode",
          "id": "8a6b9a75-f1bc-4b5b-bcc6-4831bdda1f94"
        }
      ],
      "id": "new_topic_8e7ac29e0fe94f799be0d0774f489117",
      "displayName": "Dialog for Hur många totala telefondeltagare kan jag ha i möten?",
      "createdTime": "2020-11-24T14:37:53.8220925Z",
      "updatedTime": "2020-12-08T11:22:43.1354818Z",
      "createdUserId": "f04d3cd9-b73d-4ba9-a1ed-9319eba29b21",
      "updatedUserId": "f04d3cd9-b73d-4ba9-a1ed-9319eba29b21"
    }
  ],
  "botMessages": [
    {
      "channelContent": {
        "web": {
          "contentFormat": "Markdown",
          "content": "[Maxantalet som deltar via telefon i ett möte](https://docs.microsoft.com/sv-se/microsoftteams/limits-specifications-teams#meetings-and-calls) är just nu 350.   \nSe länk för senaste info."
        }
      },
      "id": "364e66da-0f99-480b-a9b8-22c7f2e2ec82",
      "createdTime": "2020-11-24T14:37:53.8220925Z",
      "updatedTime": "2020-11-24T14:37:53.8220925Z",
      "createdUserId": "f04d3cd9-b73d-4ba9-a1ed-9319eba29b21",
      "updatedUserId": "f04d3cd9-b73d-4ba9-a1ed-9319eba29b21"
    }
  ]
}