{
  "intents": [
    {
      "endUserOverrideName": "Max duur telefoongesprek",
      "triggerQueries": [
        "wat is de maximale lengte van een audio gesprek of vergadering",
        "wat is de maximale duur van een audio gesprek",
        "hoe lang an een audio gesprek duren",
        "Hoe lang kan een gesprek duren",
        "Maximale duur van een telefoongesprek (vergadering over audiovergaderingen)?"
      ],
      "dialogId": "new_topic_10ef6d7caa1f43b5b83669930960e55e",
      "isTriggeringEnabled": true,
      "id": "new_topic_10ef6d7caa1f43b5b83669930960e55e",
      "displayName": "Maximale duur van een telefoongesprek (vergadering over audiovergaderingen)?",
      "description": "",
      "createdTime": "2021-03-22T20:20:01.3780306Z",
      "updatedTime": "2021-03-29T20:28:56.5603185Z",
      "createdUserId": "c1e90dc0-1df0-459d-8164-0dcb7915deaf",
      "updatedUserId": "c1e90dc0-1df0-459d-8164-0dcb7915deaf"
    }
  ],
  "dialogs": [
    {
      "rootNodeId": "860afae0-a96b-458a-a587-1653fa9c9bd7",
      "messageNodes": [
        {
          "botMessageId": "6ecd58bc-7437-420c-a2a1-d9092cd97c19",
          "nodeType": "BotMessageNode",
          "id": "860afae0-a96b-458a-a587-1653fa9c9bd7",
          "defaultTargetNodeId": "7b42fccf-8bc1-4e1a-b8c2-5fd3886a8df6"
        }
      ],
      "dialogChangeNodes": [
        {
          "targetDialogId": "new_topic_9d295c394a47419da3b4d205b7ed4c20_aeabea4d071f415c8c107e1cb7af5424_assumedsuccess",
          "nodeType": "DialogChangeNode",
          "id": "7b42fccf-8bc1-4e1a-b8c2-5fd3886a8df6"
        }
      ],
      "id": "new_topic_10ef6d7caa1f43b5b83669930960e55e",
      "displayName": "Dialog for Maximale duur van een telefoongesprek (vergadering over audiovergaderingen)?",
      "createdTime": "2021-03-22T20:20:01.3780306Z",
      "updatedTime": "2021-03-22T20:20:27.4040644Z",
      "createdUserId": "c1e90dc0-1df0-459d-8164-0dcb7915deaf",
      "updatedUserId": "c1e90dc0-1df0-459d-8164-0dcb7915deaf"
    }
  ],
  "botMessages": [
    {
      "channelContent": {
        "web": {
          "contentFormat": "Markdown",
          "content": "De vergadering eindigt na 24 uur.\n\n[Een telefoonnummer bellen vanuit Teams - Office-ondersteuning (microsoft.com)](https://support.microsoft.com/nl-nl/office/een-telefoonnummer-bellen-vanuit-teams-20d24ace-2851-4c29-8441-30dd2a5cf078)"
        }
      },
      "id": "6ecd58bc-7437-420c-a2a1-d9092cd97c19",
      "createdTime": "2021-03-22T20:20:01.3780306Z",
      "updatedTime": "2021-03-22T20:20:01.3780306Z",
      "createdUserId": "c1e90dc0-1df0-459d-8164-0dcb7915deaf",
      "updatedUserId": "c1e90dc0-1df0-459d-8164-0dcb7915deaf"
    }
  ],
  "createdUtc": "0001-01-01T00:00:00Z"
}