{
  "intents": [
    {
      "endUserOverrideName": "Öppna Teams-fil i SharePoint",
      "triggerQueries": [
        "hantera dokument i SharePoint",
        "Var kan jag komma åt mina dokument utanför teams?",
        "Komma åt teamets filer via Utforskaren",
        "Synka teamets filer till datorn",
        "Synkroniser teamets filer till utforskaren",
        "Se teamets filer i utforskaren",
        "Visa filerna i teamet i Utforskaren",
        "Jobba med dokument från SharePoint i Teamet",
        "öppna ett dokument från teams i SharePoint",
        "Öppna Teams-fil i SharePoint",
        "öppna mitt dokument i SharePoint",
        "Öppna fil från SharePoint i Teams",
        "Kan jag komma åt en fil i Teams SharePoint-webbplats?",
        "Hur kan en användare öppna en fil i SharePoint via Teams?",
        "Hur öppnar jag en fil i SharePoint från Teams?"
      ],
      "dialogId": "new_topic_0039f4a4907b44d3a5b35cbd6082ead7",
      "isTriggeringEnabled": true,
      "id": "new_topic_0039f4a4907b44d3a5b35cbd6082ead7",
      "displayName": "Hur öppnar jag en fil i SharePoint från Teams?",
      "description": "",
      "createdTime": "2020-11-24T14:37:53.8220925Z",
      "updatedTime": "2021-03-02T16:54:17.958556Z",
      "createdUserId": "f04d3cd9-b73d-4ba9-a1ed-9319eba29b21",
      "updatedUserId": "f04d3cd9-b73d-4ba9-a1ed-9319eba29b21"
    }
  ],
  "dialogs": [
    {
      "rootNodeId": "a33d4c71-4f31-4d68-ac2e-e628f5567c32",
      "messageNodes": [
        {
          "botMessageId": "8d47ecf5-c49c-40b5-a37c-349e16527daa",
          "nodeType": "BotMessageNode",
          "id": "a33d4c71-4f31-4d68-ac2e-e628f5567c32",
          "defaultTargetNodeId": "65694d91-db04-4d3e-a0ee-bff903b42ba8"
        },
        {
          "botMessageId": "9195a8f7-c2c6-4fcb-9b2d-d9601b6c849e",
          "nodeType": "BotMessageNode",
          "id": "65694d91-db04-4d3e-a0ee-bff903b42ba8",
          "defaultTargetNodeId": "df2c452f-5fb1-48cf-8328-c539e60a4434"
        }
      ],
      "dialogChangeNodes": [
        {
          "targetDialogId": "new_topic_84ec227c19784e7ba25cb34f4638f91e_aeabea4d071f415c8c107e1cb7af5424_assumedsuccess",
          "nodeType": "DialogChangeNode",
          "id": "df2c452f-5fb1-48cf-8328-c539e60a4434"
        }
      ],
      "id": "new_topic_0039f4a4907b44d3a5b35cbd6082ead7",
      "displayName": "Dialog for Hur öppnar jag en fil i SharePoint från Teams?",
      "createdTime": "2020-11-24T14:37:53.8220925Z",
      "updatedTime": "2021-03-02T16:56:43.4620987Z",
      "createdUserId": "f04d3cd9-b73d-4ba9-a1ed-9319eba29b21",
      "updatedUserId": "f04d3cd9-b73d-4ba9-a1ed-9319eba29b21"
    }
  ],
  "botMessages": [
    {
      "channelContent": {
        "web": {
          "contentFormat": "Markdown",
          "content": "Om du väljer ”Öppna i SharePoint” bland dokumentalternativen i Teams, får du ytterligare sätt att hantera dokumentet:\n\n*   Söka efter och öppna tidigare versioner av ett dokument med hjälp av dokument-historikfunktionerna\n*   Synkronisera till OneDrive för företag med hjälp av OneDrive-synkroniseringsklienten för att visa Teamets filer i Utforskaren.\n*   Visa och hantera vem som har åtkomst till ditt dokument."
        }
      },
      "id": "8d47ecf5-c49c-40b5-a37c-349e16527daa",
      "createdTime": "2020-11-24T14:37:53.8220925Z",
      "updatedTime": "2020-11-24T14:37:53.8220925Z",
      "createdUserId": "f04d3cd9-b73d-4ba9-a1ed-9319eba29b21",
      "updatedUserId": "f04d3cd9-b73d-4ba9-a1ed-9319eba29b21"
    },
    {
      "channelContent": {
        "web": {
          "contentFormat": "Markdown",
          "content": "💡 **Tips:**  \nUndvik att göra ändringar i filer eller mappar från SharePoint-vyn. Om möjligt, gör detta direkt i Teams."
        }
      },
      "id": "9195a8f7-c2c6-4fcb-9b2d-d9601b6c849e",
      "createdTime": "2021-03-02T16:52:50.424Z",
      "updatedTime": "2021-03-02T16:52:50.424Z",
      "createdUserId": "user-0",
      "updatedUserId": "user-0"
    }
  ]
}