{
  "intents": [
    {
      "intentType": "Regular",
      "endUserOverrideName": "Certifierade enheter för möten, samarbete och samtal i Teams?",
      "triggerQueries": [
        "Var kan jag hitta certifierade Teams-enheter?",
        "Certifierade enheter för Teams-möten och samtal",
        "Rumssystem för Microsoft Teams",
        "Teamsenheter för möten och samtal",
        "Videokonferens utrustning Teams",
        "Finns det en lista över certifierade teams-enheter?",
        "enheter för personlig arbetsyta",
        "Teams enheter för gemensamma utrymmen",
        "enhetskategorier för Teamsmöten",
        "Vilka enheter finns Teams på?",
        "Vilken typ av mötesenhet är bäst för Teams-möten?",
        "Enheter för att ringa in någon i ett möte?",
        "Bordstelefoner för teams?",
        "utrustning för mindre mötesrum",
        "Teams-enheter för stora mötesrum",
        "Enheter för öppet kontorslandskap",
        "webcam som funkar med Teams?",
        "Webbkameror certifierade för teams",
        "Vad är en bra webbkamera att använda teams med?",
        "Teams enheter för brainstorm",
        "Teams-enheter för samarbete, möten, samtal",
        "Microsoft Teams Rooms System",
        "Teams för konferensrum?",
        "konferensutrustning för möten",
        "fysiska mötesrum för Teams",
        "Visa mig certifierade MTR",
        "MTR? Microsoft Teams-rum",
        "högtalartelefoner för teams?",
        "Vilka headset fungerar bra med Teams?",
        "Teams-enheter för hemmakontor",
        "Enheter jag kan använda för att arbeta hemifrån i Teams",
        "Teams utrustning när man jobbar hemifrån",
        "Teams-enheter för att arbeta hemifrån?",
        "Var kan jag hitta olika enheter för Teamsmöten?",
        "Översikt av enheter certifierade för teams",
        "certifierade bordstelefoner?",
        "telefoner med Teamscertifiering?",
        "Microsoft Teams Rooms",
        "Vilka typer av Teams-rum finns för möten?",
        "Designa ett mötesrum för Teams",
        "Hybrida mötesrum",
        "webbkameror som stöder Teams?",
        "Använda headset i ett möte?",
        "Surface Hub 2",
        "Vad är ett Teams Room?",
        "skapa en samarbetsyta med Teams-enheter",
        "Finns det certifierade Teamsenheter?",
        "Microsoft Surface Hub",
        "Var hittar jag utrustning för mötesrum för Teams?",
        "Certifierade enheter för möten, samarbete och samtal i Teams?",
        "Var kan jag hitta certifierade Teams-enheter?"
      ],
      "dialogId": "new_topic_17410057281f4855b0fb9fe7c9ab44d9",
      "isTriggeringEnabled": true,
      "id": "new_topic_17410057281f4855b0fb9fe7c9ab44d9",
      "displayName": "Var kan jag hitta certifierade Teams-enheter?",
      "description": "https://faqtimafiles.blob.core.windows.net/filesfortima-adoptbot/svenska frågor till adoptbot PVA (Swedish QnA for AdoptBot).docx",
      "createdTime": "2021-02-05T12:12:35.7070828Z",
      "updatedTime": "2021-02-05T15:21:14.1510504Z",
      "createdUserId": "f04d3cd9-b73d-4ba9-a1ed-9319eba29b21",
      "updatedUserId": "f04d3cd9-b73d-4ba9-a1ed-9319eba29b21"
    }
  ],
  "dialogs": [
    {
      "rootNodeId": "8219e3a0-4b6f-4672-9ee4-d67b716a2314",
      "messageNodes": [
        {
          "botMessageId": "08c976e8-f365-4d81-9969-741de2ad2f95",
          "nodeType": "BotMessageNode",
          "id": "8219e3a0-4b6f-4672-9ee4-d67b716a2314",
          "defaultTargetNodeId": "f4729afb-8eb5-4cb4-a843-8fce6839edd6"
        },
        {
          "botMessageId": "b93713ce-5c76-489a-90bf-b853aa1f4319",
          "nodeType": "BotMessageNode",
          "id": "f4729afb-8eb5-4cb4-a843-8fce6839edd6",
          "defaultTargetNodeId": "4c088d9d-7822-4ad7-a496-2e0139e9a90e"
        },
        {
          "botMessageId": "d580a6d5-824b-4073-9154-9e367b1e6cd7",
          "nodeType": "BotMessageNode",
          "id": "4c088d9d-7822-4ad7-a496-2e0139e9a90e",
          "defaultTargetNodeId": "3f25eaf0-9457-4c9b-8f71-0a912fc42d1e"
        },
        {
          "botMessageId": "d1bdae9a-66ca-40fc-aca1-8d4be8890e08",
          "nodeType": "BotMessageNode",
          "id": "3f25eaf0-9457-4c9b-8f71-0a912fc42d1e",
          "defaultTargetNodeId": "10d8ca56-8c4e-4e73-b3ea-7f00c612ef9d"
        },
        {
          "botMessageId": "abc98e1d-6ac5-4900-ac11-d740eae19560",
          "nodeType": "BotMessageNode",
          "id": "10d8ca56-8c4e-4e73-b3ea-7f00c612ef9d",
          "defaultTargetNodeId": "1a606290-55ba-493b-81da-7d3144175998"
        }
      ],
      "dialogChangeNodes": [
        {
          "targetDialogId": "new_topic_84ec227c19784e7ba25cb34f4638f91e_aeabea4d071f415c8c107e1cb7af5424_assumedsuccess",
          "nodeType": "DialogChangeNode",
          "id": "1a606290-55ba-493b-81da-7d3144175998"
        }
      ],
      "id": "new_topic_17410057281f4855b0fb9fe7c9ab44d9",
      "displayName": "Dialog for Var kan jag hitta certifierade Teams-enheter?",
      "createdTime": "2021-02-05T12:12:35.7070828Z",
      "updatedTime": "2021-02-05T12:37:42.3706583Z",
      "createdUserId": "f04d3cd9-b73d-4ba9-a1ed-9319eba29b21",
      "updatedUserId": "f04d3cd9-b73d-4ba9-a1ed-9319eba29b21"
    }
  ],
  "botMessages": [
    {
      "channelContent": {
        "web": {
          "contentFormat": "Markdown",
          "content": "Det finns många typer av certifierade Teams-enheter för inkluderande möten, samarbete och samtal."
        }
      },
      "id": "08c976e8-f365-4d81-9969-741de2ad2f95",
      "createdTime": "2021-02-05T12:12:35.7070828Z",
      "updatedTime": "2021-02-05T12:12:35.7070828Z",
      "createdUserId": "f04d3cd9-b73d-4ba9-a1ed-9319eba29b21",
      "updatedUserId": "f04d3cd9-b73d-4ba9-a1ed-9319eba29b21"
    },
    {
      "channelContent": {
        "web": {
          "contentFormat": "Markdown",
          "content": "Använd denna [Startsida om du vill se certifierade Teams-enheter](https://www.microsoft.com/sv-se/microsoft-teams/across-devices):"
        }
      },
      "id": "b93713ce-5c76-489a-90bf-b853aa1f4319",
      "createdTime": "2021-02-05T12:35:37.349Z",
      "updatedTime": "2021-02-05T12:35:37.349Z",
      "createdUserId": "user-0",
      "updatedUserId": "user-0"
    },
    {
      "channelContent": {
        "web": {
          "contentFormat": "Markdown",
          "content": "[efter **typ av arbetsyta**](https://www.microsoft.com/sv-se/microsoft-teams/across-devices/spaces)\n\n(Hemmakontor, Små till extra stora mötesrum, På resande fot, Ute bland folk, På kontoret, Öppet kontorslandskap, Grupprum, Telefonrum, \"VD-kontor\", Fokusrum och andra typer av mötesutrymmen)"
        }
      },
      "id": "d580a6d5-824b-4073-9154-9e367b1e6cd7",
      "createdTime": "2021-02-05T12:35:39.229Z",
      "updatedTime": "2021-02-05T12:35:39.229Z",
      "createdUserId": "user-0",
      "updatedUserId": "user-0"
    },
    {
      "channelContent": {
        "web": {
          "contentFormat": "Markdown",
          "content": "[efter **typ av enhet**](https://www.microsoft.com/sv-se/microsoft-teams/across-devices/devices)\n\nRumssystem – Teams Rooms, Tillbehör till rumssystem, Headsets, Webkameror, högtalartelefoner, Bordstelefoner, med flera."
        }
      },
      "id": "d1bdae9a-66ca-40fc-aca1-8d4be8890e08",
      "createdTime": "2021-02-05T12:35:41.561Z",
      "updatedTime": "2021-02-05T12:35:41.561Z",
      "createdUserId": "user-0",
      "updatedUserId": "user-0"
    },
    {
      "channelContent": {
        "web": {
          "contentFormat": "Markdown",
          "content": "_**OBS!**_\n\n_Alla Teams-enheter är inte tillgängliga i alla länder._"
        }
      },
      "id": "abc98e1d-6ac5-4900-ac11-d740eae19560",
      "createdTime": "2021-02-05T12:36:42.018Z",
      "updatedTime": "2021-02-05T12:36:42.018Z",
      "createdUserId": "user-0",
      "updatedUserId": "user-0"
    }
  ]
}