{
  "intents": [
    {
      "endUserOverrideName": "Åpne filer fra Teams på mobilen",
      "triggerQueries": [
        "Kan jeg åpne filer fra Teams på telefonen min?"
      ],
      "dialogId": "new_topic_f7a90a0b55bb4048bd78895ae22b3999",
      "isTriggeringEnabled": true,
      "id": "new_topic_f7a90a0b55bb4048bd78895ae22b3999",
      "displayName": "Kan jeg åpne filer fra Teams på telefonen min?",
      "description": "",
      "createdTime": "2021-04-12T15:16:39.8645726Z",
      "updatedTime": "2021-04-12T15:16:39.8645726Z",
      "createdUserId": "ef0c8b9a-eff1-49f8-92fa-fd1d3e15e1ba"
    }
  ],
  "dialogs": [
    {
      "rootNodeId": "779ec38a-2167-44ec-832f-f4e36e8c32e9",
      "messageNodes": [
        {
          "botMessageId": "37ef3f11-be57-41be-b208-5f047fdcd412",
          "nodeType": "BotMessageNode",
          "id": "779ec38a-2167-44ec-832f-f4e36e8c32e9",
          "defaultTargetNodeId": "35b4fc47-6fec-4cc1-9d6f-0c31fa8bd536"
        }
      ],
      "dialogChangeNodes": [
        {
          "targetDialogId": "new_topic_89c49d37fd4c4c1c9144396960733ce1_aeabea4d071f415c8c107e1cb7af5424_assumedsuccess",
          "nodeType": "DialogChangeNode",
          "id": "35b4fc47-6fec-4cc1-9d6f-0c31fa8bd536"
        }
      ],
      "id": "new_topic_f7a90a0b55bb4048bd78895ae22b3999",
      "displayName": "Dialog for Kan jeg åpne filer fra Teams på telefonen min?",
      "createdTime": "2021-04-12T15:16:39.8645726Z",
      "updatedTime": "2021-04-12T15:16:51.1882335Z",
      "createdUserId": "ef0c8b9a-eff1-49f8-92fa-fd1d3e15e1ba",
      "updatedUserId": "ef0c8b9a-eff1-49f8-92fa-fd1d3e15e1ba"
    }
  ],
  "botMessages": [
    {
      "channelContent": {
        "web": {
          "contentFormat": "Markdown",
          "content": "Ja, det kan du."
        }
      },
      "id": "37ef3f11-be57-41be-b208-5f047fdcd412",
      "createdTime": "2021-04-12T15:16:39.8645726Z",
      "updatedTime": "2021-04-12T15:16:39.8645726Z",
      "createdUserId": "ef0c8b9a-eff1-49f8-92fa-fd1d3e15e1ba",
      "updatedUserId": "ef0c8b9a-eff1-49f8-92fa-fd1d3e15e1ba"
    }
  ],
  "createdUtc": "0001-01-01T00:00:00Z"
}