{
  "intents": [
    {
      "triggerQueries": [
        "Wie erhalte ich OneNote?",
        "OneNote für Windows 10",
        "OneNote kann nicht gefunden werden.",
        "verschiedene OneNotes, was gilt?",
        "Welches OneNote sollte ich verwenden?",
        "Ich habe Office, aber OneNote wird nicht angezeigt?"
      ],
      "dialogId": "new_topic_5013bb3764f44fa282781fc3eed6da86",
      "isTriggeringEnabled": true,
      "id": "new_topic_5013bb3764f44fa282781fc3eed6da86",
      "displayName": "Wie erhalte ich OneNote?",
      "description": "",
      "createdTime": "2021-04-19T08:55:29.0903279Z",
      "updatedTime": "2021-04-19T08:55:29.0903279Z",
      "createdUserId": "d4c65e50-fb5c-4311-830a-05b59a11dd48"
    }
  ],
  "dialogs": [
    {
      "rootNodeId": "a282e260-ad97-432e-aa20-9a31e1bfbeb3",
      "messageNodes": [
        {
          "botMessageId": "dfd90da6-de74-4ccb-b54d-4e1987c4188b",
          "nodeType": "BotMessageNode",
          "id": "a282e260-ad97-432e-aa20-9a31e1bfbeb3",
          "defaultTargetNodeId": "635e4f33-dfe1-497f-a7fd-d43e500ed426"
        }
      ],
      "dialogChangeNodes": [
        {
          "targetDialogId": "new_topic_30867099f4b543d3b8543a85c22c3418_aeabea4d071f415c8c107e1cb7af5424_assumedsuccess",
          "nodeType": "DialogChangeNode",
          "id": "635e4f33-dfe1-497f-a7fd-d43e500ed426"
        }
      ],
      "id": "new_topic_5013bb3764f44fa282781fc3eed6da86",
      "displayName": "Dialog for Wie erhalte ich OneNote?",
      "createdTime": "2021-04-19T08:55:29.0903279Z",
      "updatedTime": "2021-04-19T08:56:34.3655055Z",
      "createdUserId": "d4c65e50-fb5c-4311-830a-05b59a11dd48",
      "updatedUserId": "d4c65e50-fb5c-4311-830a-05b59a11dd48"
    }
  ],
  "botMessages": [
    {
      "channelContent": {
        "web": {
          "contentFormat": "Markdown",
          "content": "Je nachdem, welches Gerät Sie verwenden, gibt es ein OneNote, das Ihren Anforderungen entspricht.\n\n*   OneNote (früher \"OneNote 2016\" genannt) ist eine kostenlose Desktop-App und Teil von Office 2019 und Microsoft 365.\n*   OneNote für Windows 10 ist auf allen Editionen von Windows 10 vorinstalliert und kann kostenlos im Microsoft Store heruntergeladen werden"
        }
      },
      "id": "dfd90da6-de74-4ccb-b54d-4e1987c4188b",
      "createdTime": "2021-04-19T08:55:29.0903279Z",
      "updatedTime": "2021-04-19T08:55:29.0903279Z",
      "createdUserId": "d4c65e50-fb5c-4311-830a-05b59a11dd48",
      "updatedUserId": "d4c65e50-fb5c-4311-830a-05b59a11dd48"
    }
  ]
}