{
  "intents": [
    {
      "triggerQueries": [
        "Używasz wyrózniania, aby skupić się na kimś podczas spotkania?",
        "Blokowanie obrazu na prezenterze",
        "Blokowanie obrazu na innej osobie",
        "zwróć na mnie uwagę",
        "Pokazywanie mojego kanału wideo na pełnym ekranie podczas spotkania",
        "zwróć uwagę na czyjeś video",
        "korzystanie z wyróżniania w trakcie spotkań",
        "użyj wyrózniania",
        "skoncentruj uwagę na moim video",
        "przypinanie mojego wideo dla wszystkich podczas spotkania",
        "przypinanie klipu wideo prezentera dla wszystkich osób na spotkaniu",
        "Do czego służy wyróżnianie w spotkaniu?"
      ],
      "dialogId": "new_topic_4b51de8ce3bb4d2dbe05ad02b2333d20",
      "isTriggeringEnabled": true,
      "id": "new_topic_4b51de8ce3bb4d2dbe05ad02b2333d20",
      "displayName": "Do czego służy wyróżnianie w spotkaniu?",
      "description": "",
      "createdTime": "2021-09-27T10:28:14.3654583Z",
      "updatedTime": "2021-10-11T11:35:53.1206636Z",
      "createdUserId": "28fac8cb-bec7-48c9-a688-5024cf318b8a",
      "updatedUserId": "28fac8cb-bec7-48c9-a688-5024cf318b8a"
    }
  ],
  "dialogs": [
    {
      "rootNodeId": "08ff890d-a148-408d-8201-1def03a368f3",
      "messageNodes": [
        {
          "botMessageId": "f43beb5d-a165-4356-a2d9-efb7bf4abc87",
          "nodeType": "BotMessageNode",
          "id": "08ff890d-a148-408d-8201-1def03a368f3",
          "defaultTargetNodeId": "4c6c2567-6294-43ab-9c26-f6fbd0d101d6"
        },
        {
          "botMessageId": "24210e1d-6e0c-4a40-a3eb-83967688245a",
          "nodeType": "BotMessageNode",
          "id": "4c6c2567-6294-43ab-9c26-f6fbd0d101d6",
          "defaultTargetNodeId": "2d64ebe8-3653-49b0-9869-9fae9613491c"
        },
        {
          "botMessageId": "346a0512-5f8b-4f14-9e8a-1bcfa13cb7cd",
          "nodeType": "BotMessageNode",
          "id": "2d64ebe8-3653-49b0-9869-9fae9613491c",
          "defaultTargetNodeId": "ac1886c8-41f8-414e-b3b1-1848b1c39d58"
        }
      ],
      "dialogChangeNodes": [
        {
          "targetDialogId": "new_topic_d4ee79ce05584b519ee7d416fda7e2a3_aeabea4d071f415c8c107e1cb7af5424_assumedsuccess",
          "nodeType": "DialogChangeNode",
          "id": "ac1886c8-41f8-414e-b3b1-1848b1c39d58"
        }
      ],
      "id": "new_topic_4b51de8ce3bb4d2dbe05ad02b2333d20",
      "displayName": "Dialog for Do czego służy wyróżnianie w spotkaniu?",
      "createdTime": "2021-09-27T10:28:14.3654583Z",
      "updatedTime": "2021-10-11T11:53:17.4403549Z",
      "createdUserId": "28fac8cb-bec7-48c9-a688-5024cf318b8a",
      "updatedUserId": "28fac8cb-bec7-48c9-a688-5024cf318b8a"
    }
  ],
  "botMessages": [
    {
      "channelContent": {
        "web": {
          "contentFormat": "Markdown",
          "content": "[Wyróżnianie czyjegoś okna wideo](https://support.microsoft.com/pl-PL/office/spotlight-someone-s-video-in-a-teams-meeting-58be74a4-efac-4e89-a212-8d198182081e) jest jak przypinanie go dla wszystkich w spotkaniu.\n\n**Jeśli jesteś organizatorem lub prezenterem**, możesz wybrać, że film jednego z użytkowników (w tym własny) powinien być głównym filmem, który widzą uczestnicy spotkania."
        }
      },
      "id": "f43beb5d-a165-4356-a2d9-efb7bf4abc87",
      "createdTime": "2021-09-27T10:28:14.3654583Z",
      "updatedTime": "2021-09-27T10:28:14.3654583Z",
      "createdUserId": "28fac8cb-bec7-48c9-a688-5024cf318b8a",
      "updatedUserId": "28fac8cb-bec7-48c9-a688-5024cf318b8a"
    },
    {
      "channelContent": {
        "web": {
          "contentFormat": "Markdown",
          "content": "Istnieją dwa sposoby:\n\n*   Kliknij prawym przyciskiem myszy film tej osoby i wybierz z menu pozycję **Wyróżnij.**\n*   Możesz również znaleźć nazwisko osoby, którą chcesz wyróżnić w okienku uczestników. Kliknij prawym przyciskiem myszy lub kliknij nazwę uczestnika i wybierz pozycję **Wyróżnij.**"
        }
      },
      "id": "24210e1d-6e0c-4a40-a3eb-83967688245a",
      "createdTime": "2021-10-11T11:40:02.551Z",
      "updatedTime": "2021-10-11T11:40:02.551Z",
      "createdUserId": "user-0",
      "updatedUserId": "user-0"
    },
    {
      "channelContent": {
        "web": {
          "contentFormat": "Markdown",
          "content": "Gdy będziesz gotowy do wyłączenia wyróżnienia, kliknij prawym przyciskiem myszy ponownie i wybierz pozycję **Zakończ wyróżnianie**."
        }
      },
      "id": "346a0512-5f8b-4f14-9e8a-1bcfa13cb7cd",
      "createdTime": "2021-10-11T11:50:05.674Z",
      "updatedTime": "2021-10-11T11:50:05.674Z",
      "createdUserId": "user-0",
      "updatedUserId": "user-0"
    }
  ]
}