{
  "intents": [
    {
      "endUserOverrideName": "Trovare video di formazione su Microsoft Teams?",
      "triggerQueries": [
        "video learning per Microsoft Teams",
        "video su Teams",
        "Trovare video di formazione su Microsoft Teams?",
        "Voglio saperne di più su Teams",
        "formazione online su Teams",
        "formazione digitale",
        "formazione su Teams",
        "Come posso usufruire della formazione online su Teams?",
        "C'è qualche risorsa di formazione su Teams?",
        "formazione digitale su Teams?",
        "Dove posso trovare i video su Microsoft Teams?",
        "Guarda i video sulle funzionalità in Teams",
        "Guarda i video su Teams",
        "formazione online di Teams?",
        "Dove posso trovare risorse di formazione in formato digitale su Teams?"
      ],
      "dialogId": "new_topic_d34fde453ee84ea78d9b3a6d2969d71b",
      "isTriggeringEnabled": true,
      "id": "new_topic_d34fde453ee84ea78d9b3a6d2969d71b",
      "displayName": "Dove posso trovare risorse di formazione in formato digitale su Teams?",
      "createdTime": "2022-04-26T22:49:46.6158169Z",
      "updatedTime": "2022-04-26T22:49:46.6158169Z",
      "createdUserId": "9451fc51-e00d-4445-8ff9-efb70866dc3b",
      "updatedUserId": "9451fc51-e00d-4445-8ff9-efb70866dc3b"
    }
  ],
  "dialogs": [
    {
      "rootNodeId": "975db7d8-b1be-4d04-acb0-6fa1623d848d",
      "messageNodes": [
        {
          "botMessageId": "d45fea0f-fdac-4686-a8f4-f4df54f12ac4",
          "nodeType": "BotMessageNode",
          "id": "975db7d8-b1be-4d04-acb0-6fa1623d848d",
          "defaultTargetNodeId": "eb6bd8da-c015-4dd8-853a-eedbc9f55d82"
        }
      ],
      "dialogChangeNodes": [
        {
          "targetDialogId": "new_topic_f98a24608ee04cb998de3e3e32703d5b_aeabea4d071f415c8c107e1cb7af5424_assumedsuccess",
          "nodeType": "DialogChangeNode",
          "id": "eb6bd8da-c015-4dd8-853a-eedbc9f55d82"
        }
      ],
      "id": "new_topic_d34fde453ee84ea78d9b3a6d2969d71b",
      "displayName": "Senza titolo",
      "createdTime": "2022-04-26T22:49:46.6158169Z",
      "updatedTime": "2022-04-26T22:49:46.6158169Z",
      "createdUserId": "9451fc51-e00d-4445-8ff9-efb70866dc3b",
      "updatedUserId": "9451fc51-e00d-4445-8ff9-efb70866dc3b"
    }
  ],
  "botMessages": [
    {
      "channelContent": {
        "web": {
          "contentFormat": "Markdown",
          "content": "Qui è possibile usufruire di: [Formazione video per Microsoft Teams](https://support.microsoft.com/it-it/office/formazione-su-microsoft-teams-4f108e54-240b-4351-8084-b1089f0d21d7)"
        }
      },
      "id": "d45fea0f-fdac-4686-a8f4-f4df54f12ac4",
      "createdTime": "2022-04-26T22:36:15.375Z",
      "updatedTime": "2022-04-26T22:36:15.375Z"
    }
  ]
}