{
  "intents": [
    {
      "triggerQueries": [
        "can you rename the general channel?",
        "Why is the public channel available",
        "can you delete the general channel?",
        "What is the General Channel used for?",
        "What is the purpose of a General Channel?",
        "Why is there a channel called general?",
        "can you delete the general channel?",
        "I want to delete the public channel",
        "Why is the General Channel available?",
        "The channel called general",
        "What is the General Channel?"
      ],
      "dialogId": "new_topic_718b1ac24abd42e1b202e8c326855e89",
      "isTriggeringEnabled": true,
      "id": "new_topic_718b1ac24abd42e1b202e8c326855e89",
      "displayName": "What is the General Channel?",
      "description": "https://adoptbotv2kb.blob.core.windows.net/%24web/AdoptBot2021-English.docx",
      "createdTime": "2021-01-13T22:20:51.2381463Z",
      "updatedTime": "2021-01-24T22:09:17.7418883Z",
      "createdUserId": "f04d3cd9-b73d-4ba9-a1ed-9319eba29b21",
      "updatedUserId": "f04d3cd9-b73d-4ba9-a1ed-9319eba29b21"
    }
  ],
  "dialogs": [
    {
      "rootNodeId": "90edefde-57f7-4d5d-9c79-d3318f3419fd",
      "messageNodes": [
        {
          "botMessageId": "1871b51b-a006-4417-98db-dc8bc97db628",
          "nodeType": "BotMessageNode",
          "id": "90edefde-57f7-4d5d-9c79-d3318f3419fd",
          "defaultTargetNodeId": "78dd2a7b-4bd8-4e3c-b78e-bc9be20f5195"
        },
        {
          "botMessageId": "5f238df6-35cd-412f-82df-a2ee3d82211a",
          "nodeType": "BotMessageNode",
          "id": "78dd2a7b-4bd8-4e3c-b78e-bc9be20f5195",
          "defaultTargetNodeId": "bd0ecc54-59de-4289-a7cb-9d256c0485ef"
        },
        {
          "botMessageId": "dd27b0f2-3d63-4304-82e2-51aa33d30320",
          "nodeType": "BotMessageNode",
          "id": "bd0ecc54-59de-4289-a7cb-9d256c0485ef",
          "defaultTargetNodeId": "5f3e0454-9efb-421e-a5e6-f9abb4bddf37"
        }
      ],
      "dialogChangeNodes": [
        {
          "targetDialogId": "new_topic_eac3f49c99664313a9d9dc19d80a79a2_aeabea4d071f415c8c107e1cb7af5424_assumedsuccess",
          "nodeType": "DialogChangeNode",
          "id": "5f3e0454-9efb-421e-a5e6-f9abb4bddf37"
        }
      ],
      "id": "new_topic_718b1ac24abd42e1b202e8c326855e89",
      "displayName": "Dialog for What is the General Channel?",
      "createdTime": "2021-01-13T22:20:51.2381463Z",
      "updatedTime": "2021-01-27T22:50:34.5555689Z",
      "createdUserId": "f04d3cd9-b73d-4ba9-a1ed-9319eba29b21",
      "updatedUserId": "f04d3cd9-b73d-4ba9-a1ed-9319eba29b21"
    }
  ],
  "botMessages": [
    {
      "channelContent": {
        "web": {
          "contentFormat": "Markdown",
          "content": "By default, the General channel is created for you in each team."
        }
      },
      "id": "1871b51b-a006-4417-98db-dc8bc97db628",
      "createdTime": "2021-01-13T22:20:51.2381463Z",
      "updatedTime": "2021-01-13T22:20:51.2381463Z",
      "createdUserId": "f04d3cd9-b73d-4ba9-a1ed-9319eba29b21",
      "updatedUserId": "f04d3cd9-b73d-4ba9-a1ed-9319eba29b21"
    },
    {
      "channelContent": {
        "web": {
          "contentFormat": "Markdown",
          "content": "There are many useful purposes with the General Channel:\n\n*   Use it to share an overview of what the team wants to achieve. For example, a project overview or who is who on the team.\n*   Use it for new team member onboarding and other general information that a new team member would find useful.\n*   Use it for announcements."
        }
      },
      "id": "5f238df6-35cd-412f-82df-a2ee3d82211a",
      "createdTime": "2021-01-27T22:49:49.587Z",
      "updatedTime": "2021-01-27T22:49:49.587Z",
      "createdUserId": "user-0",
      "updatedUserId": "user-0"
    },
    {
      "channelContent": {
        "web": {
          "contentFormat": "Markdown",
          "content": "When naming channels, remember that the channels will be ordered alphabetically after the General channel. \n\n_Currently, you cannot delete the General channel._"
        }
      },
      "id": "dd27b0f2-3d63-4304-82e2-51aa33d30320",
      "createdTime": "2021-01-27T22:49:59.043Z",
      "updatedTime": "2021-01-27T22:49:59.043Z",
      "createdUserId": "user-0",
      "updatedUserId": "user-0"
    }
  ]
}