{
  "intents": [
    {
      "triggerQueries": [
        "Channel 내용 설명 무엇",
        "왜 다른 Channel 채널",
        "Channel File 파일 어디 저장",
        "Team 팀 Channel 채널 정의 무엇",
        "팀 채널은 무엇입니까?"
      ],
      "dialogId": "new_topic_5b552e526f7a44aa99fea9d3ed64e426",
      "isTriggeringEnabled": true,
      "id": "new_topic_5b552e526f7a44aa99fea9d3ed64e426",
      "displayName": "팀 채널은 무엇입니까?",
      "description": "https://adoptbotv2kb.blob.core.windows.net/%24web/adoptbot2021-Korean.docx",
      "createdTime": "2021-03-18T03:39:18.7466553Z",
      "updatedTime": "2021-04-05T08:59:27.7729639Z",
      "createdUserId": "e47109d8-0300-4e59-a90d-56bb29886c9e",
      "updatedUserId": "e47109d8-0300-4e59-a90d-56bb29886c9e"
    }
  ],
  "dialogs": [
    {
      "rootNodeId": "9440dd0e-7646-4674-a387-a87f307fa567",
      "messageNodes": [
        {
          "botMessageId": "488c435b-c240-45f9-86fd-53352c20a71b",
          "nodeType": "BotMessageNode",
          "id": "bdfe4e70-c602-4deb-a800-61b83008ea12",
          "defaultTargetNodeId": "74f2239c-ac3c-4085-a394-599c8aed7e05"
        },
        {
          "botMessageId": "9228b387-ab16-43b8-8b88-04ad51ef04c0",
          "nodeType": "BotMessageNode",
          "id": "9440dd0e-7646-4674-a387-a87f307fa567",
          "defaultTargetNodeId": "8a6816e8-ed61-4d40-9d4d-b3426871cc31"
        },
        {
          "botMessageId": "7fd2deae-50d7-4343-820c-0522632d3551",
          "nodeType": "BotMessageNode",
          "id": "8a6816e8-ed61-4d40-9d4d-b3426871cc31",
          "defaultTargetNodeId": "bdfe4e70-c602-4deb-a800-61b83008ea12"
        },
        {
          "botMessageId": "2f8275fc-2c73-4bd0-ac86-54eff935da24",
          "nodeType": "BotMessageNode",
          "id": "74f2239c-ac3c-4085-a394-599c8aed7e05",
          "defaultTargetNodeId": "fec3eaab-0da3-4e53-87bf-a9a0d86c5189"
        }
      ],
      "dialogChangeNodes": [
        {
          "targetDialogId": "new_topic_2bf23930c1d146129dfe38bacb94ccd0_aeabea4d071f415c8c107e1cb7af5424_assumedsuccess",
          "nodeType": "DialogChangeNode",
          "id": "fec3eaab-0da3-4e53-87bf-a9a0d86c5189"
        }
      ],
      "id": "new_topic_5b552e526f7a44aa99fea9d3ed64e426",
      "displayName": "Dialog for 팀 채널은 무엇입니까?",
      "createdTime": "2021-03-18T03:39:18.7466553Z",
      "updatedTime": "2021-04-05T08:59:04.7106564Z",
      "createdUserId": "e47109d8-0300-4e59-a90d-56bb29886c9e",
      "updatedUserId": "e47109d8-0300-4e59-a90d-56bb29886c9e"
    }
  ],
  "botMessages": [
    {
      "channelContent": {
        "web": {
          "contentFormat": "Markdown",
          "content": "채널은 팀의 모든 사람들이 공개적으로 대화를 나눌 수 있는 장소입니다.\n\n채널에서 채팅에서 **공유하는 파일**은 각 채널의 **Files 탭** 아래에 **자동으로 구성**됩니다."
        }
      },
      "id": "488c435b-c240-45f9-86fd-53352c20a71b",
      "createdTime": "2021-03-18T03:39:18.7466553Z",
      "updatedTime": "2021-03-18T03:39:18.7466553Z",
      "createdUserId": "e47109d8-0300-4e59-a90d-56bb29886c9e",
      "updatedUserId": "e47109d8-0300-4e59-a90d-56bb29886c9e"
    },
    {
      "channelContent": {
        "web": {
          "contentFormat": "Markdown",
          "content": "채널은 작업 자체가 완성되는 팀 내의 **공동 작업 공간**입니다."
        }
      },
      "id": "9228b387-ab16-43b8-8b88-04ad51ef04c0",
      "createdTime": "2021-04-05T08:50:14.835Z",
      "updatedTime": "2021-04-05T08:50:14.835Z",
      "createdUserId": "user-0",
      "updatedUserId": "user-0"
    },
    {
      "channelContent": {
        "web": {
          "contentFormat": "Markdown",
          "content": "[텍스트, 오디오 및 비디오 대화](https://support.microsoft.com/ko-kr/office/meetings-in-teams-e0b0ae21-53ee-4462-a50d-ca9b9e217b67)가 팀 전체에 열려 있고, [파일이 공유되는 곳, 팀 앱이 추가되는 위치](https://support.microsoft.com/ko-kr/office/add-an-app-to-microsoft-teams-b2217706-f7ed-4e64-8e96-c413afd02f77)입니다."
        }
      },
      "id": "7fd2deae-50d7-4343-820c-0522632d3551",
      "createdTime": "2021-04-05T08:50:46.028Z",
      "updatedTime": "2021-04-05T08:50:46.028Z",
      "createdUserId": "user-0",
      "updatedUserId": "user-0"
    },
    {
      "channelContent": {
        "web": {
          "contentFormat": "Markdown",
          "content": "💡 **Tip**: _명확한 목적, 필요 및 원하는 경우에만 채널을 추가합니다. 미리 만들어진 채널이 너무 많아서 혼란스러울 수 있습니다. \"일반\" 채널은 많은 팀에게 도움이 됩니다_"
        }
      },
      "id": "2f8275fc-2c73-4bd0-ac86-54eff935da24",
      "createdTime": "2021-04-05T08:52:44.461Z",
      "updatedTime": "2021-04-05T08:52:44.461Z",
      "createdUserId": "user-0",
      "updatedUserId": "user-0"
    }
  ],
  "createdUtc": "0001-01-01T00:00:00Z"
}