{
  "intents": [
    {
      "endUserOverrideName": "Outlook 加入Teams 會議增益集",
      "triggerQueries": [
        "button in outlook to add teams meeting",
        "Outlook add-in for Teams meetings",
        "book teams meeting in outlook",
        "Where is the Outlook add-in for Teams Meetings?",
        "Outlook Appointment Add-in",
        "Where can I find the Outlook add-in for Teams meetings?",
        "在 Outlook 中加入 Teams 會議的按鈕",
        "在Outlook 中預約 Teams meeting",
        "哪裡可以在 Outlook 中加入 Teams 會議",
        "Outlook 預約按鈕"
      ],
      "dialogId": "new_topic_62679c50f09846f199075f691fccb7e9",
      "isTriggeringEnabled": true,
      "id": "new_topic_62679c50f09846f199075f691fccb7e9",
      "displayName": "哪裡可以找到 Teams 會議的 Outlook 附加元件？",
      "description": "https://adoptbotv2kb.blob.core.windows.net/%24web/AdoptBot2021-English.docx",
      "createdTime": "2021-11-17T06:40:33.7466883Z",
      "updatedTime": "2021-11-19T16:31:51.3902304Z",
      "createdUserId": "9c968d43-f7c2-4e28-895c-1f6bcefcd8be",
      "updatedUserId": "9c968d43-f7c2-4e28-895c-1f6bcefcd8be"
    }
  ],
  "dialogs": [
    {
      "rootNodeId": "4da4c23d-8539-4e9e-ab3c-270b25ccbab1",
      "messageNodes": [
        {
          "botMessageId": "9171a9fb-c8bf-47d4-9235-c31fcdac6c47",
          "nodeType": "BotMessageNode",
          "id": "4da4c23d-8539-4e9e-ab3c-270b25ccbab1",
          "defaultTargetNodeId": "30deed40-ab89-4b01-98e6-760893ada11f"
        },
        {
          "botMessageId": "1f98396c-d7e4-4413-9228-0342130feb82",
          "nodeType": "BotMessageNode",
          "id": "30deed40-ab89-4b01-98e6-760893ada11f",
          "defaultTargetNodeId": "632d1c27-1bc0-4cce-acdc-0514978b3fcf"
        },
        {
          "botMessageId": "aab3b95d-a735-4992-9d11-176d2fec0a28",
          "nodeType": "BotMessageNode",
          "id": "632d1c27-1bc0-4cce-acdc-0514978b3fcf",
          "defaultTargetNodeId": "d5409ac5-3e2a-4f2a-a6a1-9d0980d7335b"
        }
      ],
      "dialogChangeNodes": [
        {
          "targetDialogId": "new_topic_e2d1671328b941dbb60fa7150059b1ee_aeabea4d071f415c8c107e1cb7af5424_assumedsuccess",
          "nodeType": "DialogChangeNode",
          "id": "d5409ac5-3e2a-4f2a-a6a1-9d0980d7335b"
        }
      ],
      "id": "new_topic_62679c50f09846f199075f691fccb7e9",
      "displayName": "Dialog for 哪裡可以找到 Teams 會議的 Outlook 附加元件？",
      "createdTime": "2021-11-17T06:40:33.7466883Z",
      "updatedTime": "2021-11-17T06:41:05.7137122Z",
      "createdUserId": "9c968d43-f7c2-4e28-895c-1f6bcefcd8be",
      "updatedUserId": "9c968d43-f7c2-4e28-895c-1f6bcefcd8be"
    }
  ],
  "botMessages": [
    {
      "channelContent": {
        "web": {
          "contentFormat": "Markdown",
          "content": "Teams 會議附加元件自動安裝給擁有 Microsoft 團隊的使用者，以及安裝在 Windows PC 上的 Office 2013、Office 2016 或 Office 2019 的使用者。"
        }
      },
      "id": "9171a9fb-c8bf-47d4-9235-c31fcdac6c47",
      "createdTime": "2021-11-17T06:40:33.7466883Z",
      "updatedTime": "2021-11-17T06:40:33.7466883Z",
      "createdUserId": "9c968d43-f7c2-4e28-895c-1f6bcefcd8be",
      "updatedUserId": "9c968d43-f7c2-4e28-895c-1f6bcefcd8be"
    },
    {
      "channelContent": {
        "web": {
          "contentFormat": "Markdown",
          "content": "使用者在 Outlook 日曆的欄位上看到團隊會議\"加入\"。\n\n[在 Outlook 中使用 Teams 會議增益集](https://docs.microsoft.com/zh-tw/microsoftteams/teams-add-in-for-outlook)"
        }
      },
      "id": "1f98396c-d7e4-4413-9228-0342130feb82",
      "createdTime": "2021-11-17T06:40:45.781Z",
      "updatedTime": "2021-11-17T06:40:45.781Z",
      "createdUserId": "user-0",
      "updatedUserId": "user-0"
    },
    {
      "channelContent": {
        "web": {
          "contentFormat": "Markdown",
          "content": "**對於 Web 版的 Outlook**，當參與者被邀請時，團隊會議會自動創建（可以禁用）。"
        }
      },
      "id": "aab3b95d-a735-4992-9d11-176d2fec0a28",
      "createdTime": "2021-11-17T06:40:50.455Z",
      "updatedTime": "2021-11-17T06:40:50.455Z",
      "createdUserId": "user-0",
      "updatedUserId": "user-0"
    }
  ]
}