{
  "intents": [
    {
      "triggerQueries": [
        "edytowanie prezentacji PowerPoint w Teams",
        "Jak edytować plik w aplikacji Teams?",
        "edytowanie dokumentu Office",
        "edytowanie dokumentów Office w Teams",
        "współedytowanie w dokumencie",
        "współpraca nad dokumentem z zespołem",
        "Edytowanie plików w Teams",
        "Edytowanie dokumentu w Teams",
        "edytowanie pliku programu Excel w aplikacji Teams",
        "Edycja pliku",
        "Jak wyedytować plik w Teams"
      ],
      "dialogId": "new_topic_cdf9e7e86f304f64805a4da1c5f8f3d7",
      "isTriggeringEnabled": true,
      "id": "new_topic_cdf9e7e86f304f64805a4da1c5f8f3d7",
      "displayName": "Jak wyedytować plik w Teams?",
      "description": "",
      "createdTime": "2021-09-26T17:37:13.1500672Z",
      "updatedTime": "2021-10-24T18:53:19.3580842Z",
      "createdUserId": "28fac8cb-bec7-48c9-a688-5024cf318b8a",
      "updatedUserId": "28fac8cb-bec7-48c9-a688-5024cf318b8a"
    }
  ],
  "dialogs": [
    {
      "rootNodeId": "f3472c7e-e234-4136-981b-156289de3c3a",
      "messageNodes": [
        {
          "botMessageId": "7ef3e8c5-0a7d-4842-9dd9-42f95a74c26a",
          "nodeType": "BotMessageNode",
          "id": "f3472c7e-e234-4136-981b-156289de3c3a",
          "defaultTargetNodeId": "3d94a3b0-fe3a-495f-a9a4-84a7e366918d"
        },
        {
          "botMessageId": "40e66d98-abcc-4b72-be80-5d73c87b045a",
          "nodeType": "BotMessageNode",
          "id": "3d94a3b0-fe3a-495f-a9a4-84a7e366918d",
          "defaultTargetNodeId": "9fd790de-eebd-499c-b3f5-f72f567b75b1"
        }
      ],
      "dialogChangeNodes": [
        {
          "targetDialogId": "new_topic_d4ee79ce05584b519ee7d416fda7e2a3_aeabea4d071f415c8c107e1cb7af5424_assumedsuccess",
          "nodeType": "DialogChangeNode",
          "id": "9fd790de-eebd-499c-b3f5-f72f567b75b1"
        }
      ],
      "id": "new_topic_cdf9e7e86f304f64805a4da1c5f8f3d7",
      "displayName": "Dialog for Jak wyedytować plik w Teams?",
      "createdTime": "2021-09-26T17:37:13.1500672Z",
      "updatedTime": "2021-10-24T18:57:00.0419438Z",
      "createdUserId": "28fac8cb-bec7-48c9-a688-5024cf318b8a",
      "updatedUserId": "28fac8cb-bec7-48c9-a688-5024cf318b8a"
    }
  ],
  "botMessages": [
    {
      "channelContent": {
        "web": {
          "contentFormat": "Markdown",
          "content": "Jeśli masz dokumenty pakietu Office w plikach ogólnego kanału w programie Teams, możesz kliknąć (**...**), aby rozwinąć menu opcji akcji dla tego pliku. Po wybraniu opcji **Otwórz ->** **Edytuj w aplikacji Teams** będziesz mieć możliwość wprowadzania zmian w dokumencie i zapisywania go."
        }
      },
      "id": "7ef3e8c5-0a7d-4842-9dd9-42f95a74c26a",
      "createdTime": "2021-09-26T17:37:13.1500672Z",
      "updatedTime": "2021-09-26T17:37:13.1500672Z",
      "createdUserId": "28fac8cb-bec7-48c9-a688-5024cf318b8a",
      "updatedUserId": "28fac8cb-bec7-48c9-a688-5024cf318b8a"
    },
    {
      "channelContent": {
        "web": {
          "contentFormat": "Markdown",
          "content": "Ponadto w **Ustawieniach** aplikacji Teams można wybrać, czy dokumenty Office są otwierane do edycji w aplikacji Teams, przeglądarce czy aplikacji klasycznej.\n\nWięcej informacji w [tym artykule](https://support.microsoft.com/pl-pl/office/edytowanie-pliku-pakietu-office-w-aplikacji-teams-257a5e88-205a-4fb5-bbf1-c78c3e64de86)."
        }
      },
      "id": "40e66d98-abcc-4b72-be80-5d73c87b045a",
      "createdTime": "2021-10-24T18:54:31.056Z",
      "updatedTime": "2021-10-24T18:54:31.056Z",
      "createdUserId": "user-0",
      "updatedUserId": "user-0"
    }
  ]
}