{
  "intents": [
    {
      "triggerQueries": [
        "Wie suche ich in Teams?",
        "Wie funktioniert das Suchen und Filtern?",
        "Wie funktioniert die Suche?",
        "Können Sie mir Tipps zur Suche geben?",
        "Wie kann ich effektiv in Teams suchen?",
        "Wie suche ich Teams?",
        "Suche in Teams",
        "Verwenden der Suchfilter in Teams",
        "Verwenden der Suche in Teams",
        "Wie verwende ich die Suchleiste?"
      ],
      "dialogId": "new_topic_0c3b08c50bd74cafa1e3da7af3fb9ba0",
      "isTriggeringEnabled": true,
      "id": "new_topic_0c3b08c50bd74cafa1e3da7af3fb9ba0",
      "displayName": "Wie suche ich in Teams?",
      "description": "",
      "createdTime": "2021-04-16T07:56:55.8070666Z",
      "updatedTime": "2021-04-16T07:56:55.8070666Z",
      "createdUserId": "d4c65e50-fb5c-4311-830a-05b59a11dd48"
    }
  ],
  "dialogs": [
    {
      "rootNodeId": "78a0af03-2daf-44a1-95a8-5976fa7c1927",
      "messageNodes": [
        {
          "botMessageId": "47d5434b-e531-495e-a924-cb0be76854a0",
          "nodeType": "BotMessageNode",
          "id": "78a0af03-2daf-44a1-95a8-5976fa7c1927",
          "defaultTargetNodeId": "19c0ba7e-7c54-482d-b7cd-48fd2b83fbf6"
        },
        {
          "botMessageId": "3ed7e23e-0624-438a-927b-5626f0a5f8f6",
          "nodeType": "BotMessageNode",
          "id": "19c0ba7e-7c54-482d-b7cd-48fd2b83fbf6",
          "defaultTargetNodeId": "98ed119d-9cba-4cb1-940a-d29023aa081b"
        },
        {
          "botMessageId": "b9d48031-8247-4eb5-b115-73f681a811c4",
          "nodeType": "BotMessageNode",
          "id": "98ed119d-9cba-4cb1-940a-d29023aa081b",
          "defaultTargetNodeId": "0d3c9ae6-5345-475f-8dd8-9819890b0115"
        },
        {
          "botMessageId": "75a73274-81a5-444d-b46a-cd2de867c4f7",
          "nodeType": "BotMessageNode",
          "id": "0d3c9ae6-5345-475f-8dd8-9819890b0115",
          "defaultTargetNodeId": "df5d12ad-96f0-4f04-898e-905b70923fca"
        },
        {
          "botMessageId": "0b80fc7f-eb23-4bd7-a5ab-78bac2dc11d5",
          "nodeType": "BotMessageNode",
          "id": "df5d12ad-96f0-4f04-898e-905b70923fca",
          "defaultTargetNodeId": "4908d9ae-c68d-4719-9576-4d6aabfebfd5"
        }
      ],
      "dialogChangeNodes": [
        {
          "targetDialogId": "new_topic_30867099f4b543d3b8543a85c22c3418_aeabea4d071f415c8c107e1cb7af5424_assumedsuccess",
          "nodeType": "DialogChangeNode",
          "id": "4908d9ae-c68d-4719-9576-4d6aabfebfd5"
        }
      ],
      "id": "new_topic_0c3b08c50bd74cafa1e3da7af3fb9ba0",
      "displayName": "Dialog for Wie suche ich in Teams?",
      "createdTime": "2021-04-16T07:56:55.8070666Z",
      "updatedTime": "2021-04-16T08:00:55.5490957Z",
      "createdUserId": "d4c65e50-fb5c-4311-830a-05b59a11dd48",
      "updatedUserId": "d4c65e50-fb5c-4311-830a-05b59a11dd48"
    }
  ],
  "botMessages": [
    {
      "channelContent": {
        "web": {
          "contentFormat": "Markdown",
          "content": "[Suchen nach Nachrichten und mehr in Teams](https://support.microsoft.com/de-de/office/search-for-messages-and-more-in-teams-4a351520-33f4-42ab-a5ee-5fc0ab88b263)"
        }
      },
      "id": "47d5434b-e531-495e-a924-cb0be76854a0",
      "createdTime": "2021-04-16T07:56:55.8070666Z",
      "updatedTime": "2021-04-16T07:56:55.8070666Z",
      "createdUserId": "d4c65e50-fb5c-4311-830a-05b59a11dd48",
      "updatedUserId": "d4c65e50-fb5c-4311-830a-05b59a11dd48"
    },
    {
      "channelContent": {
        "web": {
          "contentFormat": "Markdown",
          "content": "**Von einem Computer aus** 💻Starten Sie eine Suche aus dem Suchfeld oben in der App. Wenn Sie ein Wort oder einen Namen eingeben, werden Teams mit der Anzeige von Vorschlägen beginnen.\n\nKlicken Sie auf einen der Vorschläge, oder drücken Sie die Eingabetaste, um eine vollständige Liste der Ergebnisse zu erhalten.\n\n_Sie können die Ergebnisse filtern._"
        }
      },
      "id": "3ed7e23e-0624-438a-927b-5626f0a5f8f6",
      "createdTime": "2021-04-16T07:57:10.75Z",
      "updatedTime": "2021-04-16T07:57:10.75Z",
      "createdUserId": "user-0",
      "updatedUserId": "user-0"
    },
    {
      "channelContent": {
        "web": {
          "contentFormat": "Markdown",
          "content": "**Von Ihrem Telefon** 📲Tippen Sie die **Suche** und geben Sie einen Suchbegriff oder Ausdruck ein. Tippen Sie auf **Nachrichten** oder **Personen**, um ihre Ergebnisse einzugrenzen."
        }
      },
      "id": "b9d48031-8247-4eb5-b115-73f681a811c4",
      "createdTime": "2021-04-16T07:57:12.96Z",
      "updatedTime": "2021-04-16T07:57:12.96Z",
      "createdUserId": "user-0",
      "updatedUserId": "user-0"
    },
    {
      "channelContent": {
        "web": {
          "contentFormat": "Markdown",
          "content": "Sie verfügen über einige [Such- und Filteroptionen](https://support.microsoft.com/de-de/office/search-for-messages-and-more-in-teams-4a351520-33f4-42ab-a5ee-5fc0ab88b263), mit denen Sie Nachrichten, Personen, Dateien und andere informationen finden können, die in Teams freigegeben wurden."
        }
      },
      "id": "75a73274-81a5-444d-b46a-cd2de867c4f7",
      "createdTime": "2021-04-16T07:57:16.778Z",
      "updatedTime": "2021-04-16T07:57:16.778Z",
      "createdUserId": "user-0",
      "updatedUserId": "user-0"
    },
    {
      "channelContent": {
        "web": {
          "contentFormat": "Markdown",
          "content": "💡 **Tipp**: Verwenden Sie **STRG+F** oder CMD+F (macOS), um Nachrichten zu finden, die den Chat oder Kanal, in dem Sie sich gerade befinden, verwenden."
        }
      },
      "id": "0b80fc7f-eb23-4bd7-a5ab-78bac2dc11d5",
      "createdTime": "2021-04-16T07:57:19.111Z",
      "updatedTime": "2021-04-16T07:57:19.111Z",
      "createdUserId": "user-0",
      "updatedUserId": "user-0"
    }
  ]
}