{
  "intents": [
    {
      "endUserOverrideName": "Chat met externe?",
      "triggerQueries": [
        "chatten met een gast",
        "Chat met externe?",
        "Kan ik chatten met externe?",
        "Chatten met iemand van andere organisatie?"
      ],
      "dialogId": "new_topic_7d15d62e613f43a2b50243857c9a825c",
      "isTriggeringEnabled": true,
      "id": "new_topic_7d15d62e613f43a2b50243857c9a825c",
      "displayName": "Kan ik chatten met externe gebruikers?",
      "description": "",
      "createdTime": "2021-03-20T08:10:42.42518Z",
      "updatedTime": "2021-03-29T22:38:57.4830508Z",
      "createdUserId": "c1e90dc0-1df0-459d-8164-0dcb7915deaf",
      "updatedUserId": "c1e90dc0-1df0-459d-8164-0dcb7915deaf"
    }
  ],
  "dialogs": [
    {
      "rootNodeId": "ca50c620-ffb9-431f-9e4b-e3cc43392d07",
      "messageNodes": [
        {
          "botMessageId": "c51cc091-dcfb-47ef-878c-930cbd976073",
          "nodeType": "BotMessageNode",
          "id": "ca50c620-ffb9-431f-9e4b-e3cc43392d07",
          "defaultTargetNodeId": "69ba8c6e-15bf-4a48-8b14-97f396c27813"
        },
        {
          "botMessageId": "cfd2f1d9-8e3e-4049-a042-388afdcfb8a2",
          "nodeType": "BotMessageNode",
          "id": "69ba8c6e-15bf-4a48-8b14-97f396c27813",
          "defaultTargetNodeId": "313695cb-c9fa-485d-acf7-c5d55b317cea"
        },
        {
          "botMessageId": "6f9ac50c-2a34-43b3-a2e4-6faa51c84a97",
          "nodeType": "BotMessageNode",
          "id": "818b40f5-2434-4f1b-a5e2-5eb59d98c700",
          "defaultTargetNodeId": "e135bdfb-1480-44b1-a524-3a56c0fcab3a"
        },
        {
          "botMessageId": "43064cf0-343c-4afb-b9ac-ec9776fdccb3",
          "nodeType": "BotMessageNode",
          "id": "313695cb-c9fa-485d-acf7-c5d55b317cea",
          "defaultTargetNodeId": "818b40f5-2434-4f1b-a5e2-5eb59d98c700"
        }
      ],
      "dialogChangeNodes": [
        {
          "targetDialogId": "new_topic_9d295c394a47419da3b4d205b7ed4c20_aeabea4d071f415c8c107e1cb7af5424_assumedsuccess",
          "nodeType": "DialogChangeNode",
          "id": "e135bdfb-1480-44b1-a524-3a56c0fcab3a"
        }
      ],
      "id": "new_topic_7d15d62e613f43a2b50243857c9a825c",
      "displayName": "Dialog for Kan ik chatten met externe gebruikers?",
      "createdTime": "2021-03-20T08:10:42.42518Z",
      "updatedTime": "2021-03-29T22:39:35.1207216Z",
      "createdUserId": "c1e90dc0-1df0-459d-8164-0dcb7915deaf",
      "updatedUserId": "c1e90dc0-1df0-459d-8164-0dcb7915deaf"
    }
  ],
  "botMessages": [
    {
      "channelContent": {
        "web": {
          "contentFormat": "Markdown",
          "content": "Chatten met externe gebruikers is mogelijk in Teams, als uw organisatie dit toestaat."
        }
      },
      "id": "c51cc091-dcfb-47ef-878c-930cbd976073",
      "createdTime": "2021-03-20T08:10:42.42518Z",
      "updatedTime": "2021-03-20T08:10:42.42518Z",
      "createdUserId": "c1e90dc0-1df0-459d-8164-0dcb7915deaf",
      "updatedUserId": "c1e90dc0-1df0-459d-8164-0dcb7915deaf"
    },
    {
      "channelContent": {
        "web": {
          "contentFormat": "Markdown",
          "content": "Typ de e-mail van de externe gebruiker in de zoekbalk Teams. Als de persoon wordt weergegeven, selecteert u zijn of haar externe adres en probeert u te chatten."
        }
      },
      "id": "cfd2f1d9-8e3e-4049-a042-388afdcfb8a2",
      "createdTime": "2021-03-20T08:11:20.182Z",
      "updatedTime": "2021-03-20T08:11:20.182Z",
      "createdUserId": "user-0",
      "updatedUserId": "user-0"
    },
    {
      "channelContent": {
        "web": {
          "contentFormat": "Markdown",
          "content": "[Meer info](https://docs.microsoft.com/nl-nl/microsoftteams/communicate-with-users-from-other-organizations)"
        }
      },
      "id": "6f9ac50c-2a34-43b3-a2e4-6faa51c84a97",
      "createdTime": "2021-03-20T08:12:02.044Z",
      "updatedTime": "2021-03-20T08:12:02.044Z",
      "createdUserId": "user-0",
      "updatedUserId": "user-0"
    },
    {
      "channelContent": {
        "web": {
          "contentFormat": "Markdown",
          "content": "Met gasten die zijn toegevoegd aan uw team kunt u chatten. Let op de gast ontvangt deze melding in de Teams omgeving van uw organisatie en ziet deze alleen als hij/zij daarin online is."
        }
      },
      "id": "43064cf0-343c-4afb-b9ac-ec9776fdccb3",
      "createdTime": "2021-03-29T22:39:11.19Z",
      "updatedTime": "2021-03-29T22:39:11.19Z",
      "createdUserId": "user-0",
      "updatedUserId": "user-0"
    }
  ],
  "createdUtc": "0001-01-01T00:00:00Z"
}