{
  "intents": [
    {
      "endUserOverrideName": "Informationsschutz durch Teams",
      "triggerQueries": [
        "Information protection",
        "Advanced threat protection",
        "eDiscovery",
        "MAM",
        "MDM",
        "Datenschutz",
        "Datensicherheit",
        "Welche Art von Informationsschutz bietet Teams?",
        "Conditional access",
        "Archivierung in Teams",
        "Advanced Threat Protection for Microsoft 365",
        "Compliance in Teams",
        "kann man protokolle einsehen?"
      ],
      "dialogId": "new_topic_9992b89a92554502b2884d7ba71449a1",
      "isTriggeringEnabled": true,
      "id": "new_topic_9992b89a92554502b2884d7ba71449a1",
      "displayName": "Welche Art von Informationsschutz bietet Teams?",
      "description": "https://adoptbotv2kb.blob.core.windows.net/%24web/AdoptBot2021-English.docx",
      "createdTime": "2021-04-18T21:49:49.297632Z",
      "updatedTime": "2021-04-18T21:49:49.297632Z",
      "createdUserId": "86360cd1-faa6-4d16-8a0c-ba3116c8a977"
    }
  ],
  "dialogs": [
    {
      "rootNodeId": "da3047e9-986b-40cb-a742-6cc2ccf24947",
      "messageNodes": [
        {
          "botMessageId": "defda348-7d56-44fa-af2b-149482e33078",
          "nodeType": "BotMessageNode",
          "id": "da3047e9-986b-40cb-a742-6cc2ccf24947",
          "defaultTargetNodeId": "3efc106e-3e78-48c8-88a0-3d83a3a46627"
        },
        {
          "botMessageId": "beaedece-28d0-45cf-af62-d7f319cc0ad5",
          "nodeType": "BotMessageNode",
          "id": "3efc106e-3e78-48c8-88a0-3d83a3a46627",
          "defaultTargetNodeId": "e945c626-f1d2-4397-b66c-fb66a8bc025f"
        },
        {
          "botMessageId": "3b7fbd97-8401-458b-9c3d-c0b940f2e5c5",
          "nodeType": "BotMessageNode",
          "id": "e945c626-f1d2-4397-b66c-fb66a8bc025f",
          "defaultTargetNodeId": "60b1b122-e8b1-4be1-865f-1824cb956152"
        },
        {
          "botMessageId": "7f144692-7411-4cc3-b62b-1af2cdc270bc",
          "nodeType": "BotMessageNode",
          "id": "60b1b122-e8b1-4be1-865f-1824cb956152",
          "defaultTargetNodeId": "4f2146df-663c-4d62-8ca4-8ab6e4ffbf86"
        },
        {
          "botMessageId": "94a9df4d-2504-4465-a4d5-63d0d5cfdb56",
          "nodeType": "BotMessageNode",
          "id": "4f2146df-663c-4d62-8ca4-8ab6e4ffbf86",
          "defaultTargetNodeId": "8486dfc5-d9ec-48f7-b90b-a55c322f7439"
        },
        {
          "botMessageId": "9eb016ca-a183-4a81-88cf-dade375e2c3a",
          "nodeType": "BotMessageNode",
          "id": "8486dfc5-d9ec-48f7-b90b-a55c322f7439",
          "defaultTargetNodeId": "c4f511a1-fbbf-47ea-99fb-1fc987fd1f35"
        },
        {
          "botMessageId": "f6bd4b11-0ffe-4b93-94f8-e53e77a0e5c4",
          "nodeType": "BotMessageNode",
          "id": "c4f511a1-fbbf-47ea-99fb-1fc987fd1f35",
          "defaultTargetNodeId": "4351f868-291d-400d-8861-93f5160bbbcc"
        },
        {
          "botMessageId": "4be2beb2-6170-449d-8293-0323968d1186",
          "nodeType": "BotMessageNode",
          "id": "4351f868-291d-400d-8861-93f5160bbbcc",
          "defaultTargetNodeId": "503b7fb2-d111-4514-b75f-dfe01ecac933"
        },
        {
          "botMessageId": "221d7f05-7d22-48b0-be8f-594a23370448",
          "nodeType": "BotMessageNode",
          "id": "503b7fb2-d111-4514-b75f-dfe01ecac933",
          "defaultTargetNodeId": "2a6e40ad-2619-48c5-a33c-faebaa4ee93e"
        },
        {
          "botMessageId": "d0445472-4cca-43a8-832a-614024e070e3",
          "nodeType": "BotMessageNode",
          "id": "2a6e40ad-2619-48c5-a33c-faebaa4ee93e",
          "defaultTargetNodeId": "ea4588aa-7dc9-4919-ad52-e5c86401a719"
        }
      ],
      "dialogChangeNodes": [
        {
          "targetDialogId": "new_topic_30867099f4b543d3b8543a85c22c3418_aeabea4d071f415c8c107e1cb7af5424_assumedsuccess",
          "nodeType": "DialogChangeNode",
          "id": "ea4588aa-7dc9-4919-ad52-e5c86401a719"
        }
      ],
      "id": "new_topic_9992b89a92554502b2884d7ba71449a1",
      "displayName": "Dialog for Welche Art von Informationsschutz bietet Teams?",
      "createdTime": "2021-04-18T21:49:49.297632Z",
      "updatedTime": "2021-04-18T21:55:05.7532071Z",
      "createdUserId": "86360cd1-faa6-4d16-8a0c-ba3116c8a977",
      "updatedUserId": "86360cd1-faa6-4d16-8a0c-ba3116c8a977"
    }
  ],
  "botMessages": [
    {
      "channelContent": {
        "web": {
          "contentFormat": "Markdown",
          "content": "Um Ihre rechtlichen, regulatorischen und inhaltlichen Sicherheitsanforderungen zu erfüllen, bietet Teams über das [Microsoft 365 Security & Compliance Center](https://docs.microsoft.com/de-de/microsoft-365/compliance/microsoft-365-compliance-center?view=o365-worldwide) zahlreiche Funktionen zum Schutz von Informationen"
        }
      },
      "id": "defda348-7d56-44fa-af2b-149482e33078",
      "createdTime": "2021-04-18T21:49:49.297632Z",
      "updatedTime": "2021-04-18T21:49:49.297632Z",
      "createdUserId": "86360cd1-faa6-4d16-8a0c-ba3116c8a977",
      "updatedUserId": "86360cd1-faa6-4d16-8a0c-ba3116c8a977"
    },
    {
      "channelContent": {
        "web": {
          "contentFormat": "Markdown",
          "content": "**Archiv:**\n\nAlle Inhalte, die in einem Teams-bezogenen Workload gespeichert sind, müssen gemäß der Unternehmensrichtlinie unveränderbar aufbewahrt werden."
        }
      },
      "id": "beaedece-28d0-45cf-af62-d7f319cc0ad5",
      "createdTime": "2021-04-18T21:50:33.848Z",
      "updatedTime": "2021-04-18T21:50:33.848Z",
      "createdUserId": "user-0",
      "updatedUserId": "user-0"
    },
    {
      "channelContent": {
        "web": {
          "contentFormat": "Markdown",
          "content": "**Suche nach Compliance-Inhalten:**\n\nJeder Inhalt, der in einem beliebigen Workload gespeichert ist, kann durch umfangreiche Filterfunktionen durchsucht werden. Alle Inhalte können zur Unterstützung von Compliance und Rechtsstreitigkeiten in einen bestimmten Container exportiert werden."
        }
      },
      "id": "3b7fbd97-8401-458b-9c3d-c0b940f2e5c5",
      "createdTime": "2021-04-18T21:50:47.967Z",
      "updatedTime": "2021-04-18T21:50:47.967Z",
      "createdUserId": "user-0",
      "updatedUserId": "user-0"
    },
    {
      "channelContent": {
        "web": {
          "contentFormat": "Markdown",
          "content": "**eDiscovery:**\n\nUmfangreiche eDiscovery-Funktionen vor Ort, einschließlich Fallmanagement, Aufbewahrung, Suche, Analyse und Export, stehen zur Verfügung, um unseren Kunden zu helfen, den eDiscovery-Prozess zu vereinfachen und relevante Daten schnell zu identifizieren und gleichzeitig Kosten und Risiken zu senken."
        }
      },
      "id": "7f144692-7411-4cc3-b62b-1af2cdc270bc",
      "createdTime": "2021-04-18T21:51:14.704Z",
      "updatedTime": "2021-04-18T21:51:14.704Z",
      "createdUserId": "user-0",
      "updatedUserId": "user-0"
    },
    {
      "channelContent": {
        "web": {
          "contentFormat": "Markdown",
          "content": "**Rechtliche Sperre:**\n\nWenn ein Team oder eine Person auf \"In-Place Hold\" oder \"Litigation Hold\" gesetzt wird, wird die Sperrung sowohl für die primären als auch für die archivierten Nachrichten (ohne Bearbeitungen oder Löschungen) gesetzt."
        }
      },
      "id": "94a9df4d-2504-4465-a4d5-63d0d5cfdb56",
      "createdTime": "2021-04-18T21:51:42.224Z",
      "updatedTime": "2021-04-18T21:51:42.224Z",
      "createdUserId": "user-0",
      "updatedUserId": "user-0"
    },
    {
      "channelContent": {
        "web": {
          "contentFormat": "Markdown",
          "content": "**Audit-Log-Suche:**\n\nAlle Teamaktivitäten und Geschäftsereignisse müssen erfasst werden und für die Kundensuche und den Export verfügbar sein."
        }
      },
      "id": "9eb016ca-a183-4a81-88cf-dade375e2c3a",
      "createdTime": "2021-04-18T21:51:56.463Z",
      "updatedTime": "2021-04-18T21:51:56.463Z",
      "createdUserId": "user-0",
      "updatedUserId": "user-0"
    },
    {
      "channelContent": {
        "web": {
          "contentFormat": "Markdown",
          "content": "**Exchange-Online-Schutz:**\n\nE-Mail-Nachrichten, die an einen Kanal gesendet werden, werden über Exchange Online Protection und Advanced Threat Protection für Microsoft 365 auf Spam, Malware, bösartige Links, Spoofing und Phishing gefiltert."
        }
      },
      "id": "f6bd4b11-0ffe-4b93-94f8-e53e77a0e5c4",
      "createdTime": "2021-04-18T21:52:15.368Z",
      "updatedTime": "2021-04-18T21:52:15.368Z",
      "createdUserId": "user-0",
      "updatedUserId": "user-0"
    },
    {
      "channelContent": {
        "web": {
          "contentFormat": "Markdown",
          "content": "**Bedingter Zugriff (Conditional Access):**\n\nWir stellen sicher, dass der Zugriff auf Teams auf Geräte beschränkt ist, die mit den von Ihrem IT-Administrator oder der Unternehmensorganisation festgelegten Richtlinien und Sicherheitsregeln konform sind. Dies beinhaltet MDM- und MAM-Unterstützung mit Intune für iOS und Android."
        }
      },
      "id": "4be2beb2-6170-449d-8293-0323968d1186",
      "createdTime": "2021-04-18T21:52:32.014Z",
      "updatedTime": "2021-04-18T21:52:32.014Z",
      "createdUserId": "user-0",
      "updatedUserId": "user-0"
    },
    {
      "channelContent": {
        "web": {
          "contentFormat": "Markdown",
          "content": "Weitere Informationen zu diesen Compliance-Funktionen finden Sie unter [Überblick über Sicherheit und Compliance in Microsoft Teams.](https://docs.microsoft.com/de-de/microsoftteams/security-compliance-overview)"
        }
      },
      "id": "221d7f05-7d22-48b0-be8f-594a23370448",
      "createdTime": "2021-04-18T21:53:04.248Z",
      "updatedTime": "2021-04-18T21:53:04.248Z",
      "createdUserId": "user-0",
      "updatedUserId": "user-0"
    },
    {
      "channelContent": {
        "web": {
          "contentFormat": "Markdown",
          "content": "Weitere Details zu Inhaltssuchen und Teams finden Sie im Abschnitt Teams unter [Ausführen einer Inhaltssuche im Microsoft 365 Security & Compliance Center.](https://docs.microsoft.com/de-de/microsoft-365/compliance/content-search?view=o365-worldwide)"
        }
      },
      "id": "d0445472-4cca-43a8-832a-614024e070e3",
      "createdTime": "2021-04-18T21:54:16.143Z",
      "updatedTime": "2021-04-18T21:54:16.143Z",
      "createdUserId": "user-0",
      "updatedUserId": "user-0"
    }
  ]
}