{
  "intents": [
    {
      "triggerQueries": [
        "Team 팀 이름 언급 동작",
        "@이름 무슨 뜻",
        "@멘션 사람",
        "@이름 사용",
        "@ 이름 언급 멘션",
        "누군가 @ 나 언급 멘션",
        "@ 사람 언급 멘션",
        "Team  팀 이름 누군가 언급 멘션",
        "@멘션 무엇 의미",
        "@멘션한다는 것은 무엇을 의미합니까?"
      ],
      "dialogId": "new_topic_bd5634c356db476b96b9bae88c61ddd7",
      "isTriggeringEnabled": true,
      "id": "new_topic_bd5634c356db476b96b9bae88c61ddd7",
      "displayName": "@멘션한다는 것은 무엇을 의미합니까?",
      "description": "https://adoptbotv2kb.blob.core.windows.net/%24web/adoptbot2021-Korean.docx",
      "createdTime": "2021-03-18T03:39:18.7446546Z",
      "updatedTime": "2021-04-09T06:56:09.9316788Z",
      "createdUserId": "e47109d8-0300-4e59-a90d-56bb29886c9e",
      "updatedUserId": "e47109d8-0300-4e59-a90d-56bb29886c9e"
    }
  ],
  "dialogs": [
    {
      "rootNodeId": "7f1167d7-2a10-4a1a-9fa1-3edcd925bf9c",
      "messageNodes": [
        {
          "botMessageId": "9493c699-5cf6-4def-a55e-065a05900a9e",
          "nodeType": "BotMessageNode",
          "id": "e516611f-37be-4a27-a78b-ece7bed24a6e",
          "defaultTargetNodeId": "c2b8132f-0c5c-4153-9b00-bf0d25724fa0"
        },
        {
          "botMessageId": "d3d3108a-357b-463a-bc70-5d62b2f0cc36",
          "nodeType": "BotMessageNode",
          "id": "7f1167d7-2a10-4a1a-9fa1-3edcd925bf9c",
          "defaultTargetNodeId": "04b83d2e-38fe-4c32-a79a-aa3a0bf64857"
        },
        {
          "botMessageId": "87e829d9-3dad-4a61-9f98-a364ebb80e10",
          "nodeType": "BotMessageNode",
          "id": "04b83d2e-38fe-4c32-a79a-aa3a0bf64857",
          "defaultTargetNodeId": "e516611f-37be-4a27-a78b-ece7bed24a6e"
        }
      ],
      "dialogChangeNodes": [
        {
          "targetDialogId": "new_topic_2bf23930c1d146129dfe38bacb94ccd0_aeabea4d071f415c8c107e1cb7af5424_assumedsuccess",
          "nodeType": "DialogChangeNode",
          "id": "c2b8132f-0c5c-4153-9b00-bf0d25724fa0"
        }
      ],
      "id": "new_topic_bd5634c356db476b96b9bae88c61ddd7",
      "displayName": "Dialog for @멘션한다는 것은 무엇을 의미합니까?",
      "createdTime": "2021-03-18T03:39:18.7446546Z",
      "updatedTime": "2021-04-09T06:56:02.8789115Z",
      "createdUserId": "e47109d8-0300-4e59-a90d-56bb29886c9e",
      "updatedUserId": "e47109d8-0300-4e59-a90d-56bb29886c9e"
    }
  ],
  "botMessages": [
    {
      "channelContent": {
        "web": {
          "contentFormat": "Markdown",
          "content": "모든 @멘션이 조금 많다는 느낌이 들면 [활동 피드를 필터링하여](https://support.microsoft.com/ko-kr/office/explore-the-activity-feed-in-teams-91c635a1-644a-4c60-9c98-233db3e13a56) 정렬할 수 있습니다."
        }
      },
      "id": "9493c699-5cf6-4def-a55e-065a05900a9e",
      "createdTime": "2021-03-18T03:39:18.7446546Z",
      "updatedTime": "2021-03-18T03:39:18.7446546Z",
      "createdUserId": "e47109d8-0300-4e59-a90d-56bb29886c9e",
      "updatedUserId": "e47109d8-0300-4e59-a90d-56bb29886c9e"
    },
    {
      "channelContent": {
        "web": {
          "contentFormat": "Markdown",
          "content": "@멘션은 당신의 어깨를 가볍게 두드리는 것처럼, 채널 대화 또는 채팅에서 주의를 얻을 수 있는 방법입니다. [Teams에서 누군가의 주의를 얻기 위해 @멘션을 사용하세요](https://support.microsoft.com/ko-kr/office/use-mentions-to-get-someone-s-attention-in-teams-eb4f059d-320e-454e-b111-03361d4d6855)"
        }
      },
      "id": "d3d3108a-357b-463a-bc70-5d62b2f0cc36",
      "createdTime": "2021-04-09T06:53:31.536Z",
      "updatedTime": "2021-04-09T06:53:31.536Z",
      "createdUserId": "user-0",
      "updatedUserId": "user-0"
    },
    {
      "channelContent": {
        "web": {
          "contentFormat": "Markdown",
          "content": "누군가를 @멘션하기 위해, \n\n*   작성 상자에 @를 입력하고 \n*   나타나는 메뉴에서 이름을 선택하기만 하면 됩니다."
        }
      },
      "id": "87e829d9-3dad-4a61-9f98-a364ebb80e10",
      "createdTime": "2021-04-09T06:55:08.691Z",
      "updatedTime": "2021-04-09T06:55:08.691Z",
      "createdUserId": "user-0",
      "updatedUserId": "user-0"
    }
  ],
  "createdUtc": "0001-01-01T00:00:00Z"
}