{
  "intents": [
    {
      "endUserOverrideName": "Limite de participants dans une réunion",
      "triggerQueries": [
        "quelle est la capacité d'une réunion Teams",
        "quelle est la capacité maximale d'une réunion Teams",
        "quelle est la limite d'une réunion Teams",
        "Limite de participants dans une réunion",
        "Combien de personnes peuvent se connecter à une réunion",
        "Combien de participants peuvent se joindre à une réunion",
        "Combien peut-il y avoir de participants à une réunion",
        "Combien de participants maximum à une conférence téléphonique",
        "Combien de participants peuvent rejoindre une réunion",
        "Nombre de participants",
        "Participants réunions",
        "Combien de personnes peuvent rejoindre une réunion"
      ],
      "dialogId": "new_topic_57955b89c47246bb8b60691766f01c39",
      "isTriggeringEnabled": true,
      "id": "new_topic_57955b89c47246bb8b60691766f01c39",
      "displayName": "Nombre de participants à une réunion Teams",
      "description": "",
      "createdTime": "2021-01-13T22:20:51.2381463Z",
      "updatedTime": "2021-05-24T22:29:53.099153Z",
      "createdUserId": "f04d3cd9-b73d-4ba9-a1ed-9319eba29b21",
      "updatedUserId": "a2c4aa2c-d830-41eb-bcf4-467a2c7e1279"
    }
  ],
  "dialogs": [
    {
      "rootNodeId": "648b4139-4eac-4ec3-8a0c-8911f5f1c6f8",
      "messageNodes": [
        {
          "botMessageId": "a12d3e76-1b06-4d38-af54-0bc4c3d45a33",
          "nodeType": "BotMessageNode",
          "id": "648b4139-4eac-4ec3-8a0c-8911f5f1c6f8",
          "defaultTargetNodeId": "84aed11a-13e2-4a44-ac73-66e6edaae164"
        }
      ],
      "dialogChangeNodes": [
        {
          "targetDialogId": "new_topic_eac3f49c99664313a9d9dc19d80a79a2_aeabea4d071f415c8c107e1cb7af5424_assumedsuccess",
          "nodeType": "DialogChangeNode",
          "id": "84aed11a-13e2-4a44-ac73-66e6edaae164"
        }
      ],
      "id": "new_topic_57955b89c47246bb8b60691766f01c39",
      "displayName": "Dialog for How many total phone participants can I have in meetings?",
      "createdTime": "2021-01-13T22:20:51.2381463Z",
      "updatedTime": "2021-05-24T22:28:43.4697928Z",
      "createdUserId": "f04d3cd9-b73d-4ba9-a1ed-9319eba29b21",
      "updatedUserId": "a2c4aa2c-d830-41eb-bcf4-467a2c7e1279"
    }
  ],
  "botMessages": [
    {
      "channelContent": {
        "web": {
          "contentFormat": "Markdown",
          "content": "[Le nombre maximum de participants actifs dans une réunion Teams est de 1000 personnes.](https://docs.microsoft.com/fr-fr/microsoftteams/limits-specifications-teams#meetings-and-calls)"
        }
      },
      "id": "a12d3e76-1b06-4d38-af54-0bc4c3d45a33",
      "createdTime": "2021-01-13T22:20:51.2381463Z",
      "updatedTime": "2021-01-13T22:20:51.2381463Z",
      "createdUserId": "f04d3cd9-b73d-4ba9-a1ed-9319eba29b21",
      "updatedUserId": "f04d3cd9-b73d-4ba9-a1ed-9319eba29b21"
    }
  ],
  "createdUtc": "0001-01-01T00:00:00Z"
}