{
  "intents": [
    {
      "triggerQueries": [
        "Untertitel für Aufzeichnung",
        "Kann ich die aufgezeichnete Besprechung transkribieren lassen?",
        "Kann ich das Meeting in Teams aufzeichnen?",
        "Kann ich eine Besprechung in Teams aufzeichnen?",
        "Wie kann ich die Besprechung in Teams aufzeichnen?",
        "Meetings in Teams aufzeichnen",
        "Meeting-Aufzeichnung in Teams"
      ],
      "dialogId": "new_topic_cfbb88156c9c4063a03404499628ed24",
      "isTriggeringEnabled": true,
      "id": "new_topic_cfbb88156c9c4063a03404499628ed24",
      "displayName": "Meeting-Aufzeichnung in Teams",
      "description": "",
      "createdTime": "2021-04-19T09:20:37.3534735Z",
      "updatedTime": "2021-04-19T09:20:37.3534735Z",
      "createdUserId": "d4c65e50-fb5c-4311-830a-05b59a11dd48"
    }
  ],
  "dialogs": [
    {
      "rootNodeId": "6f3bd223-8a5f-45b1-b03d-2fd735122b43",
      "messageNodes": [
        {
          "botMessageId": "3f93aea2-0a3d-442a-abfa-eeca40216e56",
          "nodeType": "BotMessageNode",
          "id": "6f3bd223-8a5f-45b1-b03d-2fd735122b43",
          "defaultTargetNodeId": "e700c3ad-2601-49a2-9ce7-5d96acc5602a"
        },
        {
          "botMessageId": "d52aa99d-ca53-4cf4-82e5-7ca3ad4eec8f",
          "nodeType": "BotMessageNode",
          "id": "e700c3ad-2601-49a2-9ce7-5d96acc5602a",
          "defaultTargetNodeId": "58659383-c31a-477c-93ee-db7017e6530c"
        },
        {
          "botMessageId": "1f0c361c-7e58-4359-9257-87bf21572b3b",
          "nodeType": "BotMessageNode",
          "id": "58659383-c31a-477c-93ee-db7017e6530c",
          "defaultTargetNodeId": "3702c035-2b38-4435-a95d-a26b71fb5a51"
        },
        {
          "botMessageId": "9c45c8e5-70c5-4ca2-92c6-a223be6b2c8b",
          "nodeType": "BotMessageNode",
          "id": "3702c035-2b38-4435-a95d-a26b71fb5a51",
          "defaultTargetNodeId": "6b38ec3c-e560-4ef6-a35c-e911c531af26"
        }
      ],
      "dialogChangeNodes": [
        {
          "targetDialogId": "new_topic_30867099f4b543d3b8543a85c22c3418_aeabea4d071f415c8c107e1cb7af5424_assumedsuccess",
          "nodeType": "DialogChangeNode",
          "id": "6b38ec3c-e560-4ef6-a35c-e911c531af26"
        }
      ],
      "id": "new_topic_cfbb88156c9c4063a03404499628ed24",
      "displayName": "Dialog for Meeting-Aufzeichnung in Teams",
      "createdTime": "2021-04-19T09:20:37.3534735Z",
      "updatedTime": "2021-04-19T09:24:50.5580197Z",
      "createdUserId": "d4c65e50-fb5c-4311-830a-05b59a11dd48",
      "updatedUserId": "d4c65e50-fb5c-4311-830a-05b59a11dd48"
    }
  ],
  "botMessages": [
    {
      "channelContent": {
        "web": {
          "contentFormat": "Markdown",
          "content": "In Microsoft Teams können Sie Teams-Meetings und Gruppenanrufe aufzeichnen, um Audio-, Video- und Bildschirmfreigabeaktivitäten zu erfassen.\n\n[In diesem Handbuch erfahren Sie, wie Sie geht](https://support.microsoft.com/de-de/office/record-a-meeting-in-teams-34dfbe7f-b07d-4a27-b4c6-de62f1348c24)🎥."
        }
      },
      "id": "3f93aea2-0a3d-442a-abfa-eeca40216e56",
      "createdTime": "2021-04-19T09:20:37.3524818Z",
      "updatedTime": "2021-04-19T09:20:37.3524818Z",
      "createdUserId": "d4c65e50-fb5c-4311-830a-05b59a11dd48",
      "updatedUserId": "d4c65e50-fb5c-4311-830a-05b59a11dd48"
    },
    {
      "channelContent": {
        "web": {
          "contentFormat": "Markdown",
          "content": "Es gibt auch eine Option für Aufnahmen, um automatische Transkriptionen zu erstellen, so dass Benutzer Meeting-Aufnahmen mit Untertiteln abspielen und nach wichtigen Diskussionspunkten im Transkript suchen können."
        }
      },
      "id": "d52aa99d-ca53-4cf4-82e5-7ca3ad4eec8f",
      "createdTime": "2021-04-19T09:20:52.486Z",
      "updatedTime": "2021-04-19T09:20:52.486Z",
      "createdUserId": "user-0",
      "updatedUserId": "user-0"
    },
    {
      "channelContent": {
        "web": {
          "contentFormat": "Markdown",
          "content": "**Bitte beachten Sie!**\n\nAufzeichnungen müssen manuell gestartet werden, andernfalls wird in einer Teams-Besprechung nichts anderes als im Chat geteilte Informationen gespeichert (wenn der Chat aktiviert ist)"
        }
      },
      "id": "1f0c361c-7e58-4359-9257-87bf21572b3b",
      "createdTime": "2021-04-19T09:20:54.856Z",
      "updatedTime": "2021-04-19T09:20:54.856Z",
      "createdUserId": "user-0",
      "updatedUserId": "user-0"
    },
    {
      "channelContent": {
        "web": {
          "contentFormat": "Markdown",
          "content": "In diesem Artikel finden Sie aktuelle Anleitungen:\n\n[Meeting-Aufzeichnung in Teams](https://docs.microsoft.com/de-de/microsoftteams/cloud-recording)"
        }
      },
      "id": "9c45c8e5-70c5-4ca2-92c6-a223be6b2c8b",
      "createdTime": "2021-04-19T09:20:58.101Z",
      "updatedTime": "2021-04-19T09:20:58.101Z",
      "createdUserId": "user-0",
      "updatedUserId": "user-0"
    }
  ],
  "createdUtc": "0001-01-01T00:00:00Z"
}