<botcomponent schemaname="new_topic_84ec227c19784e7ba25cb34f4638f91e_33d5123770ba4daeafae51b361ddc80a">
  <componenttype>0</componenttype>
  <description>Lektion 1 – Under den här lektionen visar vi hur du kan skapa ett enkelt ämne med en villkorlig gren.

Under de kommande lektionerna ska vi visa hur du lägger till och definierar variabler, villkor och entiteter.

Välkommen till Power Virtual Agents!</description>
  <iscustomizable>1</iscustomizable>
  <name>Lektion 1 – Ett enkelt ämne</name>
  <statecode>0</statecode>
  <statuscode>1</statuscode>
</botcomponent>