{
  "intents": [
    {
      "intentType": "Regular",
      "triggerQueries": [
        "När stänger ni",
        "När öppnar ni",
        "Butikens öppettider",
        "Öppettider"
      ],
      "dialogId": "new_topic_84ec227c19784e7ba25cb34f4638f91e_33d5123770ba4daeafae51b361ddc80a",
      "isTriggeringEnabled": false,
      "id": "new_topic_84ec227c19784e7ba25cb34f4638f91e_33d5123770ba4daeafae51b361ddc80a",
      "displayName": "Lektion 1 – Ett enkelt ämne",
      "description": "Lektion 1 – Under den här lektionen visar vi hur du kan skapa ett enkelt ämne med en villkorlig gren.\n\nUnder de kommande lektionerna ska vi visa hur du lägger till och definierar variabler, villkor och entiteter.\n\nVälkommen till Power Virtual Agents!",
      "createdTime": "2019-01-15T00:00:00Z",
      "updatedTime": "2020-11-27T14:55:02.3688064Z",
      "createdUserId": "user0",
      "updatedUserId": "f04d3cd9-b73d-4ba9-a1ed-9319eba29b21"
    }
  ],
  "dialogs": [
    {
      "rootNodeId": "e901982c-a22d-4074-b8c7-f7842977a047",
      "messageNodes": [
        {
          "botMessageId": "159e7c92-8871-41a0-a739-9f67085f995f",
          "nodeType": "BotMessageNode",
          "id": "e901982c-a22d-4074-b8c7-f7842977a047",
          "defaultTargetNodeId": "1f6c0946-4d56-4714-96f5-15e2247e953b"
        },
        {
          "botMessageId": "614e2fa3-2cf0-42e3-a2eb-18f9fb274ee6",
          "nodeType": "BotMessageNode",
          "id": "1f6c0946-4d56-4714-96f5-15e2247e953b",
          "defaultTargetNodeId": "6e127cd1-99ff-4c5e-8f3e-9ae93c0d4777"
        }
      ],
      "dialogChangeNodes": [
        {
          "targetDialogId": "new_topic_84ec227c19784e7ba25cb34f4638f91e_aeabea4d071f415c8c107e1cb7af5424_assumedsuccess",
          "nodeType": "DialogChangeNode",
          "id": "6e127cd1-99ff-4c5e-8f3e-9ae93c0d4777"
        }
      ],
      "id": "new_topic_84ec227c19784e7ba25cb34f4638f91e_33d5123770ba4daeafae51b361ddc80a",
      "displayName": "Dialog",
      "createdTime": "2019-01-15T00:00:00Z",
      "updatedTime": "2020-11-23T17:01:47.2706368Z",
      "createdUserId": "user0",
      "updatedUserId": "f04d3cd9-b73d-4ba9-a1ed-9319eba29b21"
    }
  ],
  "botMessages": [
    {
      "channelContent": {
        "web": {
          "contentFormat": "Markdown",
          "content": "Jag hjälper dig gärna att hitta öppettider."
        }
      },
      "id": "159e7c92-8871-41a0-a739-9f67085f995f",
      "createdTime": "2019-01-15T00:00:00Z",
      "updatedTime": "2020-11-23T17:01:47.2706368Z",
      "createdUserId": "user0",
      "updatedUserId": "f04d3cd9-b73d-4ba9-a1ed-9319eba29b21"
    },
    {
      "channelContent": {
        "web": {
          "contentFormat": "Markdown",
          "content": "Öppettiderna i Örebro är:\n\n*   Mån–Fre: 09.00 till 18.00\n*   Lör: 10.00 till 16.00\n*   Sön: Stängt\n\nÖppettiderna i Karlstad är:\n\n*   Mån–Fre: 09.00 till 18.00\n*   Lör–Sön: 10.00 till 16.00"
        }
      },
      "id": "614e2fa3-2cf0-42e3-a2eb-18f9fb274ee6",
      "createdTime": "2019-10-24T04:02:13.435Z",
      "updatedTime": "2020-11-23T17:01:47.2706368Z",
      "createdUserId": "user0",
      "updatedUserId": "f04d3cd9-b73d-4ba9-a1ed-9319eba29b21"
    }
  ]
}