{
  "intents": [
    {
      "triggerQueries": [
        "What are the steps to hide a channel?",
        "Where is the option to hide a channel?",
        "Unfollow a channel",
        "I do not want to see a certain channel",
        "can I hide channels?",
        "how to remove channels you do not want to see?",
        "how do I hide channels?",
        "how do I unfollow a channel?",
        "How do you stop seeing a channel?",
        "I want to hide some channels",
        "How do I hide a channel?"
      ],
      "dialogId": "new_topic_ef243a0eaad64c9b8ef990fba20cc1bb",
      "isTriggeringEnabled": true,
      "id": "new_topic_ef243a0eaad64c9b8ef990fba20cc1bb",
      "displayName": "How do I hide a channel?",
      "description": "https://adoptbotv2kb.blob.core.windows.net/%24web/AdoptBot2021-English.docx",
      "createdTime": "2021-01-13T22:20:51.2371466Z",
      "updatedTime": "2021-01-23T14:52:54.9814927Z",
      "createdUserId": "f04d3cd9-b73d-4ba9-a1ed-9319eba29b21",
      "updatedUserId": "f04d3cd9-b73d-4ba9-a1ed-9319eba29b21"
    }
  ],
  "dialogs": [
    {
      "rootNodeId": "7cf35194-0467-4262-95da-ba91faaf6c56",
      "messageNodes": [
        {
          "botMessageId": "0deb7d15-b0ba-475a-a2de-5b083842fa44",
          "nodeType": "BotMessageNode",
          "id": "7cf35194-0467-4262-95da-ba91faaf6c56",
          "defaultTargetNodeId": "0075625a-a2e9-4631-9f6d-d78d63814259"
        }
      ],
      "dialogChangeNodes": [
        {
          "targetDialogId": "new_topic_eac3f49c99664313a9d9dc19d80a79a2_aeabea4d071f415c8c107e1cb7af5424_assumedsuccess",
          "nodeType": "DialogChangeNode",
          "id": "0075625a-a2e9-4631-9f6d-d78d63814259"
        }
      ],
      "id": "new_topic_ef243a0eaad64c9b8ef990fba20cc1bb",
      "displayName": "Dialog for How do I hide a channel?",
      "createdTime": "2021-01-13T22:20:51.2371466Z",
      "updatedTime": "2021-01-27T11:59:19.7732151Z",
      "createdUserId": "f04d3cd9-b73d-4ba9-a1ed-9319eba29b21",
      "updatedUserId": "f04d3cd9-b73d-4ba9-a1ed-9319eba29b21"
    }
  ],
  "botMessages": [
    {
      "channelContent": {
        "web": {
          "contentFormat": "Markdown",
          "content": "1.  Go to the team name\n2.  Select More options (...) > Hide."
        }
      },
      "id": "0deb7d15-b0ba-475a-a2de-5b083842fa44",
      "createdTime": "2021-01-13T22:20:51.2371466Z",
      "updatedTime": "2021-01-13T22:20:51.2371466Z",
      "createdUserId": "f04d3cd9-b73d-4ba9-a1ed-9319eba29b21",
      "updatedUserId": "f04d3cd9-b73d-4ba9-a1ed-9319eba29b21"
    }
  ]
}