{
  "intents": [
    {
      "intentType": "Regular",
      "triggerQueries": [
        "ändra mitt konferens-id",
        "ändra mitt konferensid",
        "Ändra konferensid",
        "Hur får en användare åtkomst till eller ändrar sitt konferens-ID?"
      ],
      "dialogId": "new_topic_97885a4ade73477daf02281da5611784",
      "isTriggeringEnabled": true,
      "id": "new_topic_97885a4ade73477daf02281da5611784",
      "displayName": "Hur får en användare åtkomst till eller ändrar sitt konferens-ID?",
      "description": "",
      "createdTime": "2020-11-24T14:37:53.8220925Z",
      "updatedTime": "2020-12-08T10:01:55.7511872Z",
      "createdUserId": "f04d3cd9-b73d-4ba9-a1ed-9319eba29b21",
      "updatedUserId": "f04d3cd9-b73d-4ba9-a1ed-9319eba29b21"
    }
  ],
  "dialogs": [
    {
      "rootNodeId": "adc5fd84-5ad3-4be9-bd7e-2cfd0f17640d",
      "messageNodes": [
        {
          "botMessageId": "66794cc8-2eb2-4984-ad47-542727813dea",
          "nodeType": "BotMessageNode",
          "id": "adc5fd84-5ad3-4be9-bd7e-2cfd0f17640d",
          "defaultTargetNodeId": "08fa5761-38ee-46fd-9295-63b8cca473cf"
        }
      ],
      "dialogChangeNodes": [
        {
          "targetDialogId": "new_topic_84ec227c19784e7ba25cb34f4638f91e_aeabea4d071f415c8c107e1cb7af5424_assumedsuccess",
          "nodeType": "DialogChangeNode",
          "id": "08fa5761-38ee-46fd-9295-63b8cca473cf"
        }
      ],
      "id": "new_topic_97885a4ade73477daf02281da5611784",
      "displayName": "Dialog for Hur får en användare åtkomst till eller ändrar sitt konferens-ID?",
      "createdTime": "2020-11-24T14:37:53.8220925Z",
      "updatedTime": "2020-12-08T10:03:39.4931558Z",
      "createdUserId": "f04d3cd9-b73d-4ba9-a1ed-9319eba29b21",
      "updatedUserId": "f04d3cd9-b73d-4ba9-a1ed-9319eba29b21"
    }
  ],
  "botMessages": [
    {
      "channelContent": {
        "web": {
          "contentFormat": "Markdown",
          "content": "En Microsoft Teams-användare kan hitta det konferens-ID som tilldelas dem genom att schemalägga ett möte i Teams, i Outlook och Outlook på webben. Användarna kan också hitta konferens-ID i e-postmeddelandet som kommer att skickas till dem när mötet bokats. \n\nAnvändarna kommer inte att kunna återställa sitt konferens-ID. Konferens-ID:t kan endast återställas av Admin för organisationen."
        }
      },
      "id": "66794cc8-2eb2-4984-ad47-542727813dea",
      "createdTime": "2020-11-24T14:37:53.8220925Z",
      "updatedTime": "2020-11-24T14:37:53.8220925Z",
      "createdUserId": "f04d3cd9-b73d-4ba9-a1ed-9319eba29b21",
      "updatedUserId": "f04d3cd9-b73d-4ba9-a1ed-9319eba29b21"
    }
  ]
}