{
  "intents": [
    {
      "endUserOverrideName": "Teams會議品質提昇技巧",
      "triggerQueries": [
        "Teams 提升會議品質技巧",
        "Teams meeting best pratice",
        "更好的Teams會議",
        "Teams 會議 Tips",
        "給我看Teams會議的提示？",
        "提升會議品質的Teams提示",
        "Teams中的會議提示",
        "大型會議規劃建議",
        "是否有提升會議品質的建議",
        "我該如何領導好會議？",
        "Teams會議提示",
        "給我看會議提示",
        "有什麼好的會議技巧嗎？",
        "提升會議品質的指南",
        "在數位會議上要考慮什麼？",
        "如何召開遠距會議？",
        "簡單的初學者會議技巧",
        "提升 Teams 會議品質的作法",
        "Show me tips for Teams meetings?",
        "Teams tips for better meetings",
        "meeting tips in teams",
        "Tips on how to hold meetings in teams",
        "how do you have a good meeting in teams?",
        "are there tips for better meetings?",
        "How do I lead good meetings?",
        "Tips for Meetings in Teams",
        "show me tips on meetings",
        "are there any good meeting tips?",
        "Guidance for better meetings",
        "What to consider in digital meetings?",
        "How do you hold a remote meeting?",
        "simple meeting tips for beginners",
        "Simple tips for better Teams meetings?"
      ],
      "dialogId": "new_topic_432a88c9a93e4f07a6ecfdd68bce490b",
      "isTriggeringEnabled": true,
      "id": "new_topic_432a88c9a93e4f07a6ecfdd68bce490b",
      "displayName": "Teams 會議 Tips",
      "description": "https://adoptbotv2kb.blob.core.windows.net/%24web/AdoptBot2021-English.docx",
      "createdTime": "2021-11-17T07:11:36.4438661Z",
      "updatedTime": "2021-11-23T04:27:04.0643356Z",
      "createdUserId": "9c968d43-f7c2-4e28-895c-1f6bcefcd8be",
      "updatedUserId": "9c968d43-f7c2-4e28-895c-1f6bcefcd8be"
    }
  ],
  "dialogs": [
    {
      "rootNodeId": "165298ef-341f-4b1f-a5a2-b4d28dea3771",
      "messageNodes": [
        {
          "botMessageId": "76580173-15a3-4e56-a807-ce549bc88fcb",
          "nodeType": "BotMessageNode",
          "id": "1879213c-c03b-45b2-8fec-ad4b3b58a0f9",
          "defaultTargetNodeId": "9d3f372f-422b-4cc6-9a4b-ba446f396beb"
        },
        {
          "botMessageId": "48cb4ee0-51e2-4e10-b0d8-947cea5174f1",
          "nodeType": "BotMessageNode",
          "id": "165298ef-341f-4b1f-a5a2-b4d28dea3771",
          "defaultTargetNodeId": "1879213c-c03b-45b2-8fec-ad4b3b58a0f9"
        }
      ],
      "dialogChangeNodes": [
        {
          "targetDialogId": "new_topic_e2d1671328b941dbb60fa7150059b1ee_aeabea4d071f415c8c107e1cb7af5424_assumedsuccess",
          "nodeType": "DialogChangeNode",
          "id": "9d3f372f-422b-4cc6-9a4b-ba446f396beb"
        }
      ],
      "id": "new_topic_432a88c9a93e4f07a6ecfdd68bce490b",
      "displayName": "Dialog for Teams 會議 Tips",
      "createdTime": "2021-11-17T07:11:36.4438661Z",
      "updatedTime": "2021-11-22T14:39:48.6283257Z",
      "createdUserId": "9c968d43-f7c2-4e28-895c-1f6bcefcd8be",
      "updatedUserId": "9c968d43-f7c2-4e28-895c-1f6bcefcd8be"
    }
  ],
  "botMessages": [
    {
      "channelContent": {
        "web": {
          "contentFormat": "Markdown",
          "content": "更多資訊參考:\n\n*   [大型 Teams 會議的最佳作法](https://support.microsoft.com/zh-tw/office/%E5%A4%A7%E5%9E%8B-teams-%E6%9C%83%E8%AD%B0%E7%9A%84%E6%9C%80%E4%BD%B3%E4%BD%9C%E6%B3%95-ce2cdb9a-0546-43a4-bb55-34ab98ab6b16)\n*   [高效率會議的最佳作法](https://docs.microsoft.com/zh-tw/viva/insights/tutorials/gm-meetings)\n*   [How to run effective meetings and stop wasting time](https://workplaceinsights.microsoft.com/collaboration/how-to-run-effective-meetings-and-stop-wasting-time/)"
        }
      },
      "id": "76580173-15a3-4e56-a807-ce549bc88fcb",
      "createdTime": "2021-11-17T07:11:36.4438661Z",
      "updatedTime": "2021-11-17T07:11:36.4438661Z",
      "createdUserId": "9c968d43-f7c2-4e28-895c-1f6bcefcd8be",
      "updatedUserId": "9c968d43-f7c2-4e28-895c-1f6bcefcd8be"
    },
    {
      "channelContent": {
        "web": {
          "contentFormat": "Markdown",
          "content": "這邊有些Tips能讓你的會議體驗更好:\n\n**會議前**\n\n*   [會議選項](https://support.microsoft.com/zh-tw/office/%E8%AE%8A%E6%9B%B4%E6%9C%83%E8%AD%B0%E5%8F%83%E8%88%87%E8%80%85teams%E8%A8%AD%E5%AE%9A-53261366-dbd5-45f9-aae9-a70e6354f88e)(設定大廳等候規則、出席者鏡頭關閉及靜音)\n\n**會議中**\n\n*   [開啓視訊(預覽視訊及選取背景)](https://support.microsoft.com/zh-tw/office/%E8%AE%8A%E6%9B%B4%E6%9C%83%E8%AD%B0%E7%9A%84%E8%83%8C%E6%99%AFteams%E8%83%8C%E6%99%AF-f77a2381-443a-499d-825e-509a140f4780)\n*   [使用簡報者模式與觀眾互動](https://support.microsoft.com/zh-tw/office/%E4%BD%BF%E7%94%A8%E7%B0%A1%E5%A0%B1%E8%80%85%E6%A8%A1%E5%BC%8F%E8%88%87%E8%A7%80%E7%9C%BE%E4%BA%92%E5%8B%95-a3599bcb-bb35-4e9c-8dbb-72775eb91e04)\n*   [分享內容(簡報或白板)](https://support.microsoft.com/zh-tw/office/%E5%9C%A8-teams-%E6%9C%83%E8%AD%B0%E4%B8%AD%E5%85%B1%E7%94%A8%E5%85%A7%E5%AE%B9-fcc2bf59-aecd-4481-8f99-ce55dd836ce8)\n*   [舉手及回饋反應(比讚、愛心)](https://support.microsoft.com/zh-tw/office/%E5%9C%A8%E6%9C%83%E8%AD%B0teams%E8%88%89%E6%89%8B-bb2dd8e1-e6bd-43a6-85cf-30822667b372)\n*   [使用精選焦點功能(將焦點聚焦在講者身上)](https://support.microsoft.com/zh-tw/office/%E5%B0%87%E6%9F%90%E4%BA%BA%E7%9A%84%E8%A6%96teams%E7%84%A6%E9%BB%9E-58be74a4-efac-4e89-a212-8d198182081e)\n*   [會議中進行投票](https://support.microsoft.com/zh-tw/office/%E5%9C%A8-teams-%E6%9C%83%E8%AD%B0%E6%9C%9F%E9%96%93%E7%9A%84%E6%8A%95%E7%A5%A8%E5%87%BA%E5%B8%AD%E8%80%85-9923b7d4-ea97-4aa2-b8b8-b45fefe7d454)\n*   [建立分組討論室(分組討論)](https://support.microsoft.com/zh-tw/office/%E5%9C%A8-teams-%E6%9C%83%E8%AD%B0%E4%B8%AD%E4%BD%BF%E7%94%A8%E5%88%86%E7%B5%84%E8%A8%8E%E8%AB%96%E5%8D%80-7de1f48a-da07-466c-a5ab-4ebace28e461)\n*   [選擇視訊模式(在一起模式、大型圖庫)](https://support.microsoft.com/zh-tw/office/%E5%9C%A8-microsoft-teams-%E4%B8%AD%E4%BD%BF%E7%94%A8%E8%A6%96%E8%A8%8A-3647fc29-7b92-4c26-8c2d-8a596904cdae)\n\n**會議後**\n\n*   [出席報告](https://support.microsoft.com/en-us/office/view-and-download-meeting-attendance-reports-in-teams-ae7cf170-530c-47d3-84c1-3aedac74d310)"
        }
      },
      "id": "48cb4ee0-51e2-4e10-b0d8-947cea5174f1",
      "createdTime": "2021-11-22T14:22:59.074Z",
      "updatedTime": "2021-11-22T14:22:59.074Z",
      "createdUserId": "user-0",
      "updatedUserId": "user-0"
    }
  ]
}