{
  "intents": [
    {
      "triggerQueries": [
        "start a 1:1 chat",
        "writing message to a person",
        "Write message to an external person",
        "sending message to external person",
        "Start a chat?",
        "How do I start a private chat?",
        "私訊別人",
        "私訊",
        "私人訊息",
        "寫訊息給別人",
        "一對一訊息",
        "開啟 1:1 聊天",
        "撰寫訊息",
        "撰寫給外部人士的訊息",
        "傳送訊息給外部人士",
        "開啟聊天",
        "我該如何開啟私人聊天"
      ],
      "dialogId": "new_topic_a6e1d7246441450fa34f38ee6661d62d",
      "isTriggeringEnabled": true,
      "id": "new_topic_a6e1d7246441450fa34f38ee6661d62d",
      "displayName": "開始私人訊息",
      "description": "https://adoptbotv2kb.blob.core.windows.net/%24web/AdoptBot2021-English.docx",
      "createdTime": "2021-11-17T05:12:41.864742Z",
      "updatedTime": "2021-11-22T11:04:33.0382498Z",
      "createdUserId": "9c968d43-f7c2-4e28-895c-1f6bcefcd8be",
      "updatedUserId": "9c968d43-f7c2-4e28-895c-1f6bcefcd8be"
    }
  ],
  "dialogs": [
    {
      "rootNodeId": "bc30f792-e3c8-432e-8390-7cd404a4066c",
      "messageNodes": [
        {
          "botMessageId": "f4f38fe8-062d-4155-9288-4253c0358da6",
          "nodeType": "BotMessageNode",
          "id": "bc30f792-e3c8-432e-8390-7cd404a4066c",
          "defaultTargetNodeId": "75b5245f-5193-49ee-b2a6-c479cd2337ee"
        },
        {
          "botMessageId": "079082b5-b3bf-45f8-bdda-ee81addc5648",
          "nodeType": "BotMessageNode",
          "id": "75b5245f-5193-49ee-b2a6-c479cd2337ee",
          "defaultTargetNodeId": "1d37ff4c-8b29-4d40-87e4-c831df6efc4b"
        }
      ],
      "dialogChangeNodes": [
        {
          "targetDialogId": "new_topic_e2d1671328b941dbb60fa7150059b1ee_aeabea4d071f415c8c107e1cb7af5424_assumedsuccess",
          "nodeType": "DialogChangeNode",
          "id": "1d37ff4c-8b29-4d40-87e4-c831df6efc4b"
        }
      ],
      "id": "new_topic_a6e1d7246441450fa34f38ee6661d62d",
      "displayName": "Dialog for 開始私人訊息",
      "createdTime": "2021-11-17T05:12:41.864742Z",
      "updatedTime": "2021-11-22T11:04:33.0382498Z",
      "createdUserId": "9c968d43-f7c2-4e28-895c-1f6bcefcd8be",
      "updatedUserId": "9c968d43-f7c2-4e28-895c-1f6bcefcd8be"
    }
  ],
  "botMessages": [
    {
      "channelContent": {
        "web": {
          "contentFormat": "Markdown",
          "content": "在搜尋欄尋找您想私訊的對象。點選對象，輸入訊息，並點擊傳送。"
        }
      },
      "id": "f4f38fe8-062d-4155-9288-4253c0358da6",
      "createdTime": "2021-11-17T05:12:41.864742Z",
      "updatedTime": "2021-11-17T05:12:41.864742Z",
      "createdUserId": "9c968d43-f7c2-4e28-895c-1f6bcefcd8be",
      "updatedUserId": "9c968d43-f7c2-4e28-895c-1f6bcefcd8be"
    },
    {
      "channelContent": {
        "web": {
          "contentFormat": "Markdown",
          "content": "若要與組織外部人員傳訊，需要輸入完整的郵件信箱做搜尋。\n\n請注意:  此功能視組織管理政策是否開放或有限度的開放。詳情請見:\n\n[用Teams與組織外部的人員聯絡](https://docs.microsoft.com/zh-tw/microsoftteams/communicate-with-users-from-other-organizations)"
        }
      },
      "id": "079082b5-b3bf-45f8-bdda-ee81addc5648",
      "createdTime": "2021-11-17T05:12:53.655Z",
      "updatedTime": "2021-11-17T05:12:53.655Z",
      "createdUserId": "user-0",
      "updatedUserId": "user-0"
    }
  ]
}