{
  "intents": [
    {
      "triggerQueries": [
        "Alle lagret meldinger",
        "Hvor finner jeg mine lagrede meldinger?",
        "Merk som ulest",
        "Lagre en melding",
        "Marker en melding som lagret eller ulest"
      ],
      "dialogId": "new_topic_bd8e4045e2084c95889d869a27090d3a",
      "isTriggeringEnabled": true,
      "id": "new_topic_bd8e4045e2084c95889d869a27090d3a",
      "displayName": "Marker en melding som lagret eller ulest",
      "description": "https://norwegianteams.blob.core.windows.net/norwegian-container/Tima - p19 to p33.docx",
      "createdTime": "2021-04-07T15:04:03.6297774Z",
      "updatedTime": "2021-04-07T15:05:44.582598Z",
      "createdUserId": "ef0c8b9a-eff1-49f8-92fa-fd1d3e15e1ba",
      "updatedUserId": "ef0c8b9a-eff1-49f8-92fa-fd1d3e15e1ba"
    }
  ],
  "dialogs": [
    {
      "rootNodeId": "fc5846fd-0f68-42a6-944e-1dd724071c68",
      "messageNodes": [
        {
          "botMessageId": "141bcefe-9219-4a50-82f6-2c5777985255",
          "nodeType": "BotMessageNode",
          "id": "fc5846fd-0f68-42a6-944e-1dd724071c68",
          "defaultTargetNodeId": "0e789582-17a3-4111-bf30-631ff7d9b63c"
        },
        {
          "botMessageId": "65900a34-2c7c-490c-81bb-b4e296ba8fc6",
          "nodeType": "BotMessageNode",
          "id": "0e789582-17a3-4111-bf30-631ff7d9b63c",
          "defaultTargetNodeId": "e60f608d-95c4-4476-8ff9-96573f6ca814"
        }
      ],
      "dialogChangeNodes": [
        {
          "targetDialogId": "new_topic_89c49d37fd4c4c1c9144396960733ce1_aeabea4d071f415c8c107e1cb7af5424_assumedsuccess",
          "nodeType": "DialogChangeNode",
          "id": "e60f608d-95c4-4476-8ff9-96573f6ca814"
        }
      ],
      "id": "new_topic_bd8e4045e2084c95889d869a27090d3a",
      "displayName": "Dialog for Marker en melding som lagret eller ulest",
      "createdTime": "2021-04-07T15:04:03.6297774Z",
      "updatedTime": "2021-04-07T15:05:36.2405188Z",
      "createdUserId": "ef0c8b9a-eff1-49f8-92fa-fd1d3e15e1ba",
      "updatedUserId": "ef0c8b9a-eff1-49f8-92fa-fd1d3e15e1ba"
    }
  ],
  "botMessages": [
    {
      "channelContent": {
        "web": {
          "contentFormat": "Markdown",
          "content": "Hvis du vil huske å lese en melding senere, kan du merke den som ulest eller lagret. Gå til øverst i meldingen, og velg **Flere alternativer**… > **Lagre denne meldingen** eller **Merk som ulest**."
        }
      },
      "id": "141bcefe-9219-4a50-82f6-2c5777985255",
      "createdTime": "2021-04-07T15:04:03.6297774Z",
      "updatedTime": "2021-04-07T15:04:03.6297774Z",
      "createdUserId": "ef0c8b9a-eff1-49f8-92fa-fd1d3e15e1ba",
      "updatedUserId": "ef0c8b9a-eff1-49f8-92fa-fd1d3e15e1ba"
    },
    {
      "channelContent": {
        "web": {
          "contentFormat": "Markdown",
          "content": "Hvis du vil se en liste over lagrede meldinger, velger du profilbildet ditt øverst i Teams, og deretter velger du **Lagret**."
        }
      },
      "id": "65900a34-2c7c-490c-81bb-b4e296ba8fc6",
      "createdTime": "2021-04-07T15:05:27.675Z",
      "updatedTime": "2021-04-07T15:05:27.675Z",
      "createdUserId": "user-0",
      "updatedUserId": "user-0"
    }
  ],
  "createdUtc": "0001-01-01T00:00:00Z"
}