{
  "intents": [
    {
      "endUserOverrideName": "Who can attend a conference call?",
      "triggerQueries": [
        "Who can I hear in a phone conference?",
        "Who can attend a conference call? And who can I hear?",
        "Who can call in to a meeting?",
        "Who can attend a conference call?",
        "Who's in a conference call?",
        "Who can attend a phone conference call? And who can I hear?"
      ],
      "dialogId": "new_topic_1ca991a36e464c9fa29505e2779c7ccc",
      "isTriggeringEnabled": true,
      "id": "new_topic_1ca991a36e464c9fa29505e2779c7ccc",
      "displayName": "Who can attend a conference call?",
      "description": "https://adoptbotv2kb.blob.core.windows.net/%24web/AdoptBot2021-English.docx",
      "createdTime": "2021-01-13T22:20:51.2381463Z",
      "updatedTime": "2021-01-26T23:37:58.7794786Z",
      "createdUserId": "f04d3cd9-b73d-4ba9-a1ed-9319eba29b21",
      "updatedUserId": "f04d3cd9-b73d-4ba9-a1ed-9319eba29b21"
    }
  ],
  "dialogs": [
    {
      "rootNodeId": "1da85c95-bbbf-4922-9f9a-50dd61093a05",
      "messageNodes": [
        {
          "botMessageId": "056f5b42-f51d-4682-ba1b-984db553b05a",
          "nodeType": "BotMessageNode",
          "id": "1da85c95-bbbf-4922-9f9a-50dd61093a05",
          "defaultTargetNodeId": "947251ab-52e1-48ac-b5f1-243486664693"
        }
      ],
      "dialogChangeNodes": [
        {
          "targetDialogId": "new_topic_eac3f49c99664313a9d9dc19d80a79a2_aeabea4d071f415c8c107e1cb7af5424_assumedsuccess",
          "nodeType": "DialogChangeNode",
          "id": "947251ab-52e1-48ac-b5f1-243486664693"
        }
      ],
      "id": "new_topic_1ca991a36e464c9fa29505e2779c7ccc",
      "displayName": "Dialog for Who can attend a phone conference call? And who can I hear?",
      "createdTime": "2021-01-13T22:20:51.2381463Z",
      "updatedTime": "2021-01-13T22:20:51.2381463Z",
      "createdUserId": "f04d3cd9-b73d-4ba9-a1ed-9319eba29b21",
      "updatedUserId": "f04d3cd9-b73d-4ba9-a1ed-9319eba29b21"
    }
  ],
  "botMessages": [
    {
      "channelContent": {
        "web": {
          "contentFormat": "Markdown",
          "content": "Anyone who has the dial-in number and conference ID can join a Microsoft Teams meeting, unless the meeting organizer has locked the meeting.\r\n\r\nWhether you are calling in using a phone or the Microsoft Teams apps, you will be able to hear everyone else on the call, and they can hear you. The meeting organizer has the ability to mute meeting attendees if they do not want to hear them."
        }
      },
      "id": "056f5b42-f51d-4682-ba1b-984db553b05a",
      "createdTime": "2021-01-13T22:20:51.2381463Z",
      "updatedTime": "2021-01-13T22:20:51.2381463Z",
      "createdUserId": "f04d3cd9-b73d-4ba9-a1ed-9319eba29b21",
      "updatedUserId": "f04d3cd9-b73d-4ba9-a1ed-9319eba29b21"
    }
  ]
}