{
  "intents": [
    {
      "intentType": "Regular",
      "endUserOverrideName": "Use Together Mode in meetings",
      "triggerQueries": [
        "See meeting attendees in an auditorium",
        "see everyone in a meeting sitting next to each other",
        "activate together mode",
        "How do I activate together mode?",
        "Enable together mode",
        "Use face-to-face together mode",
        "Where can I find together mode?",
        "Together mode",
        "Together mode in meetings",
        "How do I turn on Together mode?"
      ],
      "dialogId": "new_topic_2c11c5db21ba4da2bd28c8f7e5d41cdc",
      "isTriggeringEnabled": true,
      "id": "new_topic_2c11c5db21ba4da2bd28c8f7e5d41cdc",
      "displayName": "How do I turn on Together mode?",
      "description": "https://adoptbotv2kb.blob.core.windows.net/%24web/AdoptBot2021-English.docx",
      "createdTime": "2021-01-13T22:20:51.2381463Z",
      "updatedTime": "2021-01-27T19:45:46.2945245Z",
      "createdUserId": "f04d3cd9-b73d-4ba9-a1ed-9319eba29b21",
      "updatedUserId": "f04d3cd9-b73d-4ba9-a1ed-9319eba29b21"
    }
  ],
  "dialogs": [
    {
      "rootNodeId": "d8a42964-daa4-43ed-a7f4-d12d700ef577",
      "messageNodes": [
        {
          "botMessageId": "7dda3c87-68fa-416b-9139-5153b8a0669d",
          "nodeType": "BotMessageNode",
          "id": "d8a42964-daa4-43ed-a7f4-d12d700ef577",
          "defaultTargetNodeId": "a85ce462-f6c7-4c2c-80fa-c9c2e52ea423"
        },
        {
          "botMessageId": "e3194490-7423-4cd3-a50e-18c8e9f96873",
          "nodeType": "BotMessageNode",
          "id": "a85ce462-f6c7-4c2c-80fa-c9c2e52ea423",
          "defaultTargetNodeId": "21931ad5-a339-4865-b68f-4ff8574de3a7"
        },
        {
          "botMessageId": "7d75361f-f95e-4f42-b79f-d0c78e4eaff8",
          "nodeType": "BotMessageNode",
          "id": "21931ad5-a339-4865-b68f-4ff8574de3a7",
          "defaultTargetNodeId": "1bc25e9a-e82c-43ed-a6b6-1096644740d1"
        },
        {
          "botMessageId": "29d88777-ec56-4f8a-ba2f-a28a70a5dd9e",
          "nodeType": "BotMessageNode",
          "id": "1bc25e9a-e82c-43ed-a6b6-1096644740d1",
          "defaultTargetNodeId": "c3aee1b7-1a70-43ac-9818-a6b969f31295"
        }
      ],
      "dialogChangeNodes": [
        {
          "targetDialogId": "new_topic_eac3f49c99664313a9d9dc19d80a79a2_aeabea4d071f415c8c107e1cb7af5424_assumedsuccess",
          "nodeType": "DialogChangeNode",
          "id": "c3aee1b7-1a70-43ac-9818-a6b969f31295"
        }
      ],
      "id": "new_topic_2c11c5db21ba4da2bd28c8f7e5d41cdc",
      "displayName": "Dialog for How do I turn on Together mode?",
      "createdTime": "2021-01-13T22:20:51.2381463Z",
      "updatedTime": "2021-01-27T19:49:15.9401545Z",
      "createdUserId": "f04d3cd9-b73d-4ba9-a1ed-9319eba29b21",
      "updatedUserId": "f04d3cd9-b73d-4ba9-a1ed-9319eba29b21"
    }
  ],
  "botMessages": [
    {
      "channelContent": {
        "web": {
          "contentFormat": "Markdown",
          "content": "[**Together mode**](https://youtu.be/MGsNmYKgeTA) increases the feeling of being together and, according to studies, reduces the cognitive burden on us in digital meetings. You're likely to get less tired than from regular views in digital meetings!"
        }
      },
      "id": "7dda3c87-68fa-416b-9139-5153b8a0669d",
      "createdTime": "2021-01-27T19:43:55.332Z",
      "updatedTime": "2021-01-27T19:43:55.332Z",
      "createdUserId": "user-0",
      "updatedUserId": "user-0"
    },
    {
      "channelContent": {
        "web": {
          "contentFormat": "Markdown",
          "content": "Go to the **meeting options** during the meeting (...) and select **Together mode** to enable this view for you   \n_(This only impacts how **you** see the meeting)_"
        }
      },
      "id": "e3194490-7423-4cd3-a50e-18c8e9f96873",
      "createdTime": "2021-01-27T19:44:21.547Z",
      "updatedTime": "2021-01-27T19:44:21.547Z",
      "createdUserId": "user-0",
      "updatedUserId": "user-0"
    },
    {
      "channelContent": {
        "web": {
          "contentFormat": "Markdown",
          "content": "💡 **Tip:** To be visible in Together mode, you must have your camera turned on. _Currently (2021), up to 50 different people can be seen in Together mode at the same time depending on the choice of scene._"
        }
      },
      "id": "7d75361f-f95e-4f42-b79f-d0c78e4eaff8",
      "createdTime": "2021-01-27T19:44:52.53Z",
      "updatedTime": "2021-01-27T19:44:52.53Z",
      "createdUserId": "user-0",
      "updatedUserId": "user-0"
    },
    {
      "channelContent": {
        "web": {
          "contentFormat": "Markdown",
          "content": "[Learn more about your video options in Teams.](https://support.microsoft.com/en-us/office/anv%c3%a4nda-video-i-microsoft-teams-3647fc29-7b92-4c26-8c2d-8a596904cdae?ui=sv-SE&rs=sv-SE&ad=SE)"
        }
      },
      "id": "29d88777-ec56-4f8a-ba2f-a28a70a5dd9e",
      "createdTime": "2021-01-27T19:45:41.193Z",
      "updatedTime": "2021-01-27T19:45:41.193Z",
      "createdUserId": "user-0",
      "updatedUserId": "user-0"
    }
  ]
}