{
  "intents": [
    {
      "triggerQueries": [
        "빠른 전화 접속",
        "Meeting 미팅 모임 키패드 명령 지원",
        "다이얼 패드 명령",
        "모임에서 다이얼 패드 명령어가 지원됩니까?"
      ],
      "dialogId": "new_topic_c310cfb49a4b410da4601f3f56a53dc0",
      "isTriggeringEnabled": true,
      "id": "new_topic_c310cfb49a4b410da4601f3f56a53dc0",
      "displayName": "모임에서 다이얼 패드 명령어가 지원됩니까?",
      "description": "https://adoptbotv2kb.blob.core.windows.net/%24web/adoptbot2021-Korean.docx",
      "createdTime": "2021-03-18T03:39:18.7466553Z",
      "updatedTime": "2021-04-03T12:56:20.6252822Z",
      "createdUserId": "e47109d8-0300-4e59-a90d-56bb29886c9e",
      "updatedUserId": "e47109d8-0300-4e59-a90d-56bb29886c9e"
    }
  ],
  "dialogs": [
    {
      "rootNodeId": "93012a73-c1e7-4e4c-9aa3-1c230d98d247",
      "messageNodes": [
        {
          "botMessageId": "a5a23cf0-8ead-4ef5-ab7e-87a6d28fe530",
          "nodeType": "BotMessageNode",
          "id": "93012a73-c1e7-4e4c-9aa3-1c230d98d247",
          "defaultTargetNodeId": "52b221c0-4488-45a3-bed4-2f8680a95ab7"
        }
      ],
      "dialogChangeNodes": [
        {
          "targetDialogId": "new_topic_2bf23930c1d146129dfe38bacb94ccd0_aeabea4d071f415c8c107e1cb7af5424_assumedsuccess",
          "nodeType": "DialogChangeNode",
          "id": "52b221c0-4488-45a3-bed4-2f8680a95ab7"
        }
      ],
      "id": "new_topic_c310cfb49a4b410da4601f3f56a53dc0",
      "displayName": "Dialog for 모임에서 다이얼 패드 명령어가 지원됩니까?",
      "createdTime": "2021-03-18T03:39:18.7466553Z",
      "updatedTime": "2021-03-18T03:39:18.7466553Z",
      "createdUserId": "e47109d8-0300-4e59-a90d-56bb29886c9e",
      "updatedUserId": "e47109d8-0300-4e59-a90d-56bb29886c9e"
    }
  ],
  "botMessages": [
    {
      "channelContent": {
        "web": {
          "contentFormat": "Markdown",
          "content": "\\*6 (자체 음소거/음소거해제)\\*1 (\r\n\r\n사용할 수 있는 다이얼 패드 명령어의 설명을 재생)"
        }
      },
      "id": "a5a23cf0-8ead-4ef5-ab7e-87a6d28fe530",
      "createdTime": "2021-03-18T03:39:18.7466553Z",
      "updatedTime": "2021-03-18T03:39:18.7466553Z",
      "createdUserId": "e47109d8-0300-4e59-a90d-56bb29886c9e",
      "updatedUserId": "e47109d8-0300-4e59-a90d-56bb29886c9e"
    }
  ],
  "createdUtc": "0001-01-01T00:00:00Z"
}