{
  "intents": [
    {
      "endUserOverrideName": "Is office hetzelfde op elk apparaat?",
      "triggerQueries": [
        "werkt office hetzelfde op elk apparaat?",
        "Is Office identiek op een pc, Mac en mobiel apparaat?",
        "Is office hetzelfde op elk apparaat?"
      ],
      "dialogId": "new_topic_e96929f4b60b443fbedf8132caed14ff",
      "isTriggeringEnabled": true,
      "id": "new_topic_e96929f4b60b443fbedf8132caed14ff",
      "displayName": "Is office hetzelfde op elk apparaat?",
      "description": "",
      "createdTime": "2021-03-22T08:51:23.1440072Z",
      "updatedTime": "2021-03-22T08:51:56.5352541Z",
      "createdUserId": "c1e90dc0-1df0-459d-8164-0dcb7915deaf"
    }
  ],
  "dialogs": [
    {
      "rootNodeId": "5dbeb810-0475-418f-97dd-edac2b96ecaa",
      "messageNodes": [
        {
          "botMessageId": "a7f0f20b-59ec-4428-bfac-581623651fb8",
          "nodeType": "BotMessageNode",
          "id": "5dbeb810-0475-418f-97dd-edac2b96ecaa",
          "defaultTargetNodeId": "c37a16bc-9f51-4b20-9703-1653655a7235"
        }
      ],
      "dialogChangeNodes": [
        {
          "targetDialogId": "new_topic_9d295c394a47419da3b4d205b7ed4c20_aeabea4d071f415c8c107e1cb7af5424_assumedsuccess",
          "nodeType": "DialogChangeNode",
          "id": "c37a16bc-9f51-4b20-9703-1653655a7235"
        }
      ],
      "id": "new_topic_e96929f4b60b443fbedf8132caed14ff",
      "displayName": "Dialog for Is office hetzelfde op elk apparaat?",
      "createdTime": "2021-03-22T08:51:23.1440072Z",
      "updatedTime": "2021-03-29T21:48:17.7909789Z",
      "createdUserId": "c1e90dc0-1df0-459d-8164-0dcb7915deaf",
      "updatedUserId": "c1e90dc0-1df0-459d-8164-0dcb7915deaf"
    }
  ],
  "botMessages": [
    {
      "channelContent": {
        "web": {
          "contentFormat": "Markdown",
          "content": "Office-toepassingen zijn afgestemd op wat het beste werkt voor uw apparaat. De Office-toepassingen die beschikbaar zijn voor Mac-gebruikers, of op uw telefoon kunnen afwijken van de Office-toepassingen die beschikbaar zijn voor pc-gebruikers."
        }
      },
      "id": "a7f0f20b-59ec-4428-bfac-581623651fb8",
      "createdTime": "2021-03-22T08:51:23.1440072Z",
      "updatedTime": "2021-03-22T08:51:23.1440072Z",
      "createdUserId": "c1e90dc0-1df0-459d-8164-0dcb7915deaf",
      "updatedUserId": "c1e90dc0-1df0-459d-8164-0dcb7915deaf"
    }
  ],
  "createdUtc": "0001-01-01T00:00:00Z"
}