{
  "intents": [
    {
      "endUserOverrideName": "Mettre un titre sur un message",
      "triggerQueries": [
        "comment est-ce que je rajoute un titre à un message",
        "Comment ajouter un titre à un message",
        "Mettre un titre sur mes messages",
        "ajouter un titre à un post",
        "rajouter un titre à un post",
        "rajouter un titre à un message",
        "Ajouter un titre à un message",
        "Écrire un titre sur un message",
        "Publier un message avec un titre"
      ],
      "dialogId": "new_topic_747766fa239343ebae41fe72bce959b2",
      "isTriggeringEnabled": true,
      "id": "new_topic_747766fa239343ebae41fe72bce959b2",
      "displayName": "Titre de message dans Teams",
      "description": "",
      "createdTime": "2021-01-13T22:20:51.2381463Z",
      "updatedTime": "2021-05-24T13:12:19.311351Z",
      "createdUserId": "f04d3cd9-b73d-4ba9-a1ed-9319eba29b21",
      "updatedUserId": "a2c4aa2c-d830-41eb-bcf4-467a2c7e1279"
    }
  ],
  "dialogs": [
    {
      "rootNodeId": "0bc3c364-7ec2-488f-83fe-0f761cf6bb90",
      "messageNodes": [
        {
          "botMessageId": "cbbfdb3e-1c70-4a79-9481-f7f98810f0f3",
          "nodeType": "BotMessageNode",
          "id": "0bc3c364-7ec2-488f-83fe-0f761cf6bb90",
          "defaultTargetNodeId": "af111f0d-d672-4604-8346-5c6591165a10"
        },
        {
          "botMessageId": "e0be195f-556a-41a9-a105-3d349902a458",
          "nodeType": "BotMessageNode",
          "id": "af111f0d-d672-4604-8346-5c6591165a10",
          "defaultTargetNodeId": "aa05ef8b-d629-433f-83d1-4657597924b8"
        }
      ],
      "dialogChangeNodes": [
        {
          "targetDialogId": "new_topic_eac3f49c99664313a9d9dc19d80a79a2_aeabea4d071f415c8c107e1cb7af5424_assumedsuccess",
          "nodeType": "DialogChangeNode",
          "id": "aa05ef8b-d629-433f-83d1-4657597924b8"
        }
      ],
      "id": "new_topic_747766fa239343ebae41fe72bce959b2",
      "displayName": "Dialog for How can I title my posts?",
      "createdTime": "2021-01-13T22:20:51.2381463Z",
      "updatedTime": "2021-05-24T13:13:10.3148063Z",
      "createdUserId": "f04d3cd9-b73d-4ba9-a1ed-9319eba29b21",
      "updatedUserId": "a2c4aa2c-d830-41eb-bcf4-467a2c7e1279"
    }
  ],
  "botMessages": [
    {
      "channelContent": {
        "web": {
          "contentFormat": "Markdown",
          "content": "Vous pouvez rajouter un titre et un sous-titre pour mettre en avant le sujet d'un message.\n\nCela peut aussi faciliter la recherche."
        }
      },
      "id": "cbbfdb3e-1c70-4a79-9481-f7f98810f0f3",
      "createdTime": "2021-01-13T22:20:51.2381463Z",
      "updatedTime": "2021-01-13T22:20:51.2381463Z",
      "createdUserId": "f04d3cd9-b73d-4ba9-a1ed-9319eba29b21",
      "updatedUserId": "f04d3cd9-b73d-4ba9-a1ed-9319eba29b21"
    },
    {
      "channelContent": {
        "web": {
          "contentFormat": "Markdown",
          "content": "Pour cela, cliquer sur le bouton de formatage du texte (ressemble à un A avec un crayon) et rajouter un titre."
        }
      },
      "id": "e0be195f-556a-41a9-a105-3d349902a458",
      "createdTime": "2021-01-26T21:40:33.169Z",
      "updatedTime": "2021-01-26T21:40:33.169Z",
      "createdUserId": "user-0",
      "updatedUserId": "user-0"
    }
  ],
  "createdUtc": "0001-01-01T00:00:00Z"
}