{
  "intents": [
    {
      "systemIntentTypes": [
        "Goodbye"
      ],
      "intentType": "System",
      "triggerQueries": [
        "Tot ziens",
        "Tot ziens en nogmaals bedankt",
        "Voorlopig tot ziens",
        "Tot ziens maar weer",
        "Tot ziens. Zie u later!",
        "Tot ziens. Zie je later!",
        "Ook blij om met u gesproken te hebben. Een mooie dag gewenst.",
        "Ook blij om met jou gesproken te hebben. Een mooie dag gewenst.",
        "Een goede dag gewenst",
        "Een goeie dag gewenst",
        "Goedenavond gewenst",
        "Goeienavond gewenst",
        "Een fantastische dag gewenst",
        "Een fantastische dag gewenst. U doet het prima.",
        "Een fantastische dag gewenst. Je doet het prima.",
        "Een mooie dag gewenst",
        "Een prachtige dag gewenst :)",
        "Ik heb geen problemen. Tot ziens.",
        "Ik zal later iets doen. Bedankt, tot ziens",
        "Ik zal later met u moeten praten.",
        "Ik zal later met je moeten praten.",
        "Ook leuk om met u gesproken te hebben. Tot ziens.",
        "Ook leuk om met je gesproken te hebben. Tot ziens.",
        "Nee bedankt en goedenavond gewenst",
        "Nee bedankt en goeienavond gewenst",
        "Nee bedankt en tot ziens",
        "Nee bedankt. Tot ziens",
        "Nee bedankt. Tot ziens.",
        "Nee dankuwel. Tot ziens.",
        "Nee dankjewel. Tot ziens.",
        "Nee bedankt! Een mooie dag gewenst!",
        "Nee bedankt. Een mooie dag gewenst!",
        "Nee, bedankt voor uw hulp en tot ziens.",
        "Nee, bedankt voor je hulp en tot ziens.",
        "Nee, hartelijk dank. Een mooie dag gewenst.",
        "Geen van de bovenstaande. Tot ziens",
        "Nee, alles goed. Bedankt en tot ziens",
        "Nee, bedankt. Een mooie dag gewenst en tot ziens",
        "Nee. Tot ziens.",
        "Op het moment niet. Bedankt en een mooie dag gewenst.",
        "Niet nuttig. Tot ziens.",
        "Oké, bedankt en een mooie dag gewenst",
        "Oké, bedankt en tot later",
        "Perfect! Een fantastische dag gewenst!",
        "Insgelijks. Een fantastische dag gewenst",
        "Insgelijks. Voorlopig tot ziens…",
        "Tot later",
        "Ik spreek u later",
        "Ik spreek je later",
        "Sorry, tot ziens. Bedankt voor de hulp",
        "Ik moet helaas weer aan het werk. Een fantastische dag gewenst",
        "Ik moet er helaas vandoor. Tot ziens",
        "Het ga u goed en een fantastische dag gewenst",
        "Het ga je goed en een fantastische dag gewenst",
        "Hartelijk dank voor het gesprek. Een mooie dag gewenst",
        "Bedankt en tot ziens",
        "Bedankt en tot ziens!",
        "Hartelijk dank en een fantastische dag gewenst",
        "Hartelijk dank. Tot ziens voor nu en bedankt voor je hulp,",
        "Hartelijk dank. Tot ziens voor nu en bedankt voor uw hulp,",
        "Hartelijk dank voor uw hulp! Tot ziens!",
        "Hartelijk dank voor je hulp! Tot ziens!",
        "Hartelijk dank en een mooie dag gewenst",
        "Hartelijk dank. Ik zal even kijken",
        "Heel hartelijk dank. Tot ziens",
        "Heel hartelijk dank. Een mooie dag gewenst!",
        "Hartelijk dank en een mooie dag gewenst.",
        "Hartelijk dank. Ik spreek u later.",
        "Hartelijk dank. Ik spreek je later.",
        "Hartelijk dank. Tot ziens",
        "Hartelijk dank. Tot ziens.",
        "Bedankt voor de hulp en tot ziens",
        "Bedankt voor het helpen en tot ziens",
        "Bedankt voor je hulp. Tot ziens…",
        "Bedankt voor uw hulp. Tot ziens…",
        "Bedankt voor uw hulp. Een fantastische dag gewenst!!",
        "Bedankt voor je hulp. Een fantastische dag gewenst!!",
        "Bedankt, tot ziens",
        "Bedankt en goedenavond",
        "Hartelijk dank. Ik ga de chat nu beëindigen.",
        "Hartelijk dank. Alles is prima nu. Een goede dag gewenst.",
        "Bedankt. Tot ziens"
      ],
      "dialogId": "new_topic_9d295c394a47419da3b4d205b7ed4c20_f56d1a3e522740c78f9fac0939332dbd_goodbye",
      "isTriggeringEnabled": true,
      "canTriggeringBeDisabled": true,
      "id": "new_topic_9d295c394a47419da3b4d205b7ed4c20_f56d1a3e522740c78f9fac0939332dbd_goodbye",
      "displayName": "Tot ziens",
      "description": "Systeembedoeling - Tot ziens",
      "createdTime": "2019-01-15T00:00:00Z",
      "updatedTime": "2019-01-15T00:00:00Z",
      "createdUserId": "user0",
      "updatedUserId": "user0",
      "versionNumber": 0,
      "componentId": "00000000-0000-0000-0000-000000000000"
    }
  ],
  "dialogs": [
    {
      "rootNodeId": "3ce2158c-ebd3-4e2f-9e15-74432e415182",
      "dialogType": "System",
      "messageNodes": [
        {
          "botMessageId": "026a85be-8cca-4b87-b39f-3639fcfe3383",
          "nodeType": "BotMessageNode",
          "id": "3ce2158c-ebd3-4e2f-9e15-74432e415182"
        }
      ],
      "id": "new_topic_9d295c394a47419da3b4d205b7ed4c20_f56d1a3e522740c78f9fac0939332dbd_goodbye",
      "displayName": "Dialoogvenster voor Afscheid nemen",
      "createdTime": "2019-01-15T00:00:00Z",
      "updatedTime": "2019-01-15T00:00:00Z",
      "createdUserId": "user0",
      "updatedUserId": "user0",
      "versionNumber": 0,
      "componentId": "00000000-0000-0000-0000-000000000000"
    }
  ],
  "botMessages": [
    {
      "channelContent": {
        "web": {
          "contentFormat": "Markdown",
          "content": "Bedankt dat u met me chat. Tot ziens!"
        }
      },
      "id": "026a85be-8cca-4b87-b39f-3639fcfe3383",
      "createdTime": "2019-01-15T00:00:00Z",
      "updatedTime": "2019-01-15T00:00:00Z",
      "createdUserId": "user0",
      "updatedUserId": "user0",
      "versionNumber": 0,
      "componentId": "00000000-0000-0000-0000-000000000000"
    }
  ],
  "createdUtc": "0001-01-01T00:00:00Z"
}