{
  "intents": [
    {
      "endUserOverrideName": "Vorteile von Audiokonferenzen in Teams?",
      "triggerQueries": [
        "Was sind die Vorteile von Audiokonferenzen?",
        "Was sind die Vorteile von Telefonkonferenzen?",
        "Was sind die Vorteile von Telefonkonferenzen (Audiokonferenzen)?",
        "Warum sollte ich zu einer Besprechung einladen?",
        "Vorteile von Audio-Meetings in Teams?",
        "Warum sollte ich eine Telefonkonferenz durchführen?",
        "Warum sollte ich eine Telefonkonferenz abhalten?",
        "Warum Telefonkonferenzen in Teams verwenden",
        "Was sind die Vorteile einer Telefonkonferenz?",
        "Vorteile des Hinzufügens zu einer Besprechung in Teams",
        "Warum Sprachbesprechungen in Teams verwenden",
        "Warum Audiobesprechungen in Teams verwenden",
        "Vorteile des Hinzurufens zu einer Besprechung in Teams"
      ],
      "dialogId": "new_topic_2627c720d7bd40feb8d7197798e13119",
      "isTriggeringEnabled": true,
      "id": "new_topic_2627c720d7bd40feb8d7197798e13119",
      "displayName": "Was sind die Vorteile von Telefonkonferenzen (Audiokonferenzen)?",
      "description": "",
      "createdTime": "2021-04-19T09:27:12.3123408Z",
      "updatedTime": "2021-04-19T09:27:12.3123408Z",
      "createdUserId": "16930407-b7c9-43e8-bceb-33467ef65593"
    }
  ],
  "dialogs": [
    {
      "rootNodeId": "8bf578fc-14e8-4047-ba16-c1b45c0872d7",
      "messageNodes": [
        {
          "botMessageId": "98caf213-6fe0-4ae1-9cb3-43861b66d80a",
          "nodeType": "BotMessageNode",
          "id": "8bf578fc-14e8-4047-ba16-c1b45c0872d7",
          "defaultTargetNodeId": "a5a7b5eb-bd17-49ae-aeaf-44d3a8fdedc8"
        },
        {
          "botMessageId": "d23aff91-2984-4e32-b663-f3868f2a9744",
          "nodeType": "BotMessageNode",
          "id": "a5a7b5eb-bd17-49ae-aeaf-44d3a8fdedc8",
          "defaultTargetNodeId": "19bafcb4-d9b5-4583-b31c-48f6d78c5a46"
        },
        {
          "botMessageId": "e3eacce5-1483-4db7-ac8b-831518e91a1a",
          "nodeType": "BotMessageNode",
          "id": "19bafcb4-d9b5-4583-b31c-48f6d78c5a46",
          "defaultTargetNodeId": "c375db80-87f7-4164-ac64-44e9cbe663e8"
        }
      ],
      "dialogChangeNodes": [
        {
          "targetDialogId": "new_topic_30867099f4b543d3b8543a85c22c3418_aeabea4d071f415c8c107e1cb7af5424_assumedsuccess",
          "nodeType": "DialogChangeNode",
          "id": "c375db80-87f7-4164-ac64-44e9cbe663e8"
        }
      ],
      "id": "new_topic_2627c720d7bd40feb8d7197798e13119",
      "displayName": "Dialog for Was sind die Vorteile von Telefonkonferenzen (Audiokonferenzen)?",
      "createdTime": "2021-04-19T09:27:12.3123408Z",
      "updatedTime": "2021-04-19T09:36:01.5279629Z",
      "createdUserId": "16930407-b7c9-43e8-bceb-33467ef65593",
      "updatedUserId": "16930407-b7c9-43e8-bceb-33467ef65593"
    }
  ],
  "botMessages": [
    {
      "channelContent": {
        "web": {
          "contentFormat": "Markdown",
          "content": "Das Einrufen von Besprechungen ist besonders nützlich, wenn Personen beispielsweise unterwegs sind und nicht an einer Besprechung mit der Microsoft Teams-App auf ihrem Laptop oder mobilen Geräten teilnehmen können."
        }
      },
      "id": "98caf213-6fe0-4ae1-9cb3-43861b66d80a",
      "createdTime": "2021-04-19T09:27:12.3123408Z",
      "updatedTime": "2021-04-19T09:27:12.3123408Z",
      "createdUserId": "16930407-b7c9-43e8-bceb-33467ef65593",
      "updatedUserId": "16930407-b7c9-43e8-bceb-33467ef65593"
    },
    {
      "channelContent": {
        "web": {
          "contentFormat": "Markdown",
          "content": "Es gibt jedoch andere Szenarien, in denen die Verwendung eines Telefons zur Teilnahme an einer Microsoft Teams-Besprechung eine bessere Option sein kann als die Verwendung einer App auf einem Computer:\n\n*   Die Internetverbindung ist begrenzt,\n*   eine Besprechung ist nur Audio,\n*   die Anrufqualität ist besser, wenn sie sich einwählen,\n*   und Menschen können freihändig an einem Meeting teilnehmen, indem sie Bluetooth-Geräte verwenden."
        }
      },
      "id": "d23aff91-2984-4e32-b663-f3868f2a9744",
      "createdTime": "2021-04-19T09:34:17.211Z",
      "updatedTime": "2021-04-19T09:34:17.211Z",
      "createdUserId": "user-0",
      "updatedUserId": "user-0"
    },
    {
      "channelContent": {
        "web": {
          "contentFormat": "Markdown",
          "content": "Einige Leute finden es vielleicht einfacher und bequemer für ihre Situation."
        }
      },
      "id": "e3eacce5-1483-4db7-ac8b-831518e91a1a",
      "createdTime": "2021-04-19T09:34:20.09Z",
      "updatedTime": "2021-04-19T09:34:20.09Z",
      "createdUserId": "user-0",
      "updatedUserId": "user-0"
    }
  ],
  "createdUtc": "0001-01-01T00:00:00Z"
}