{
  "intents": [
    {
      "triggerQueries": [
        "Ograniczenia dotyczące tworzenia zespołów Teams",
        "Uniemożliwienie użytkownikom tworzenia zespołów",
        "wyłącz tworzenie nowych zespołów",
        "Czy możemy ograniczyć liczbę osób, które mogą tworzyć zespoły?",
        "proces zatwierdzania do tworzenia zespołów Teams",
        "Ograniczanie, kto może tworzyć zespoły Teams",
        "Ogranicz tworzenie nowych zespołów Teams",
        "Ogranicz liczbę osób, które mogą tworzyć zespoły Teams?",
        "Jak ograniczyć tworzenie nowych zespołów Teams?",
        "Czy można ograniczyć, kto może zakładać zespoły Teams?"
      ],
      "dialogId": "new_topic_eb485526c2d749f3ac22e9eb41116b5b",
      "isTriggeringEnabled": true,
      "id": "new_topic_eb485526c2d749f3ac22e9eb41116b5b",
      "displayName": "Czy można ograniczyć, kto może zakładać zespoły?",
      "description": "",
      "createdTime": "2021-09-27T10:24:20.7157862Z",
      "updatedTime": "2021-10-11T12:16:53.5183002Z",
      "createdUserId": "28fac8cb-bec7-48c9-a688-5024cf318b8a",
      "updatedUserId": "28fac8cb-bec7-48c9-a688-5024cf318b8a"
    }
  ],
  "dialogs": [
    {
      "rootNodeId": "86c49331-f08d-4b85-9d13-2e39fb1c90cb",
      "messageNodes": [
        {
          "botMessageId": "2822a574-aec8-4742-b6e7-1df151aaf8d0",
          "nodeType": "BotMessageNode",
          "id": "d0e20316-5bd8-4c89-bd96-c77a3294889c",
          "defaultTargetNodeId": "f0224d96-80d8-4634-b33e-70adf73b2789"
        },
        {
          "botMessageId": "1cf11efc-2046-44ba-b958-f26898c63ad8",
          "nodeType": "BotMessageNode",
          "id": "afc73083-5855-4ceb-919f-74e29269c063",
          "defaultTargetNodeId": "f486d0f7-1a97-4982-8a0c-3ca9acfbe0b3"
        },
        {
          "botMessageId": "d0a99b14-4c05-45e9-a527-5137408d89b3",
          "nodeType": "BotMessageNode",
          "id": "86c49331-f08d-4b85-9d13-2e39fb1c90cb",
          "defaultTargetNodeId": "d0e20316-5bd8-4c89-bd96-c77a3294889c"
        },
        {
          "botMessageId": "48e8f863-4746-4a12-b9aa-4335f25c528f",
          "nodeType": "BotMessageNode",
          "id": "f0224d96-80d8-4634-b33e-70adf73b2789",
          "defaultTargetNodeId": "83fd9104-1f2c-4ab4-b545-de0f59ca590b"
        },
        {
          "botMessageId": "c52d8e79-7c63-493d-80c8-c5b58a6ebce9",
          "nodeType": "BotMessageNode",
          "id": "83fd9104-1f2c-4ab4-b545-de0f59ca590b",
          "defaultTargetNodeId": "afc73083-5855-4ceb-919f-74e29269c063"
        }
      ],
      "dialogChangeNodes": [
        {
          "targetDialogId": "new_topic_d4ee79ce05584b519ee7d416fda7e2a3_aeabea4d071f415c8c107e1cb7af5424_assumedsuccess",
          "nodeType": "DialogChangeNode",
          "id": "f486d0f7-1a97-4982-8a0c-3ca9acfbe0b3"
        }
      ],
      "id": "new_topic_eb485526c2d749f3ac22e9eb41116b5b",
      "displayName": "Dialog for Czy można ograniczyć, kto może zakładać zespoły?",
      "createdTime": "2021-09-27T10:24:20.7157862Z",
      "updatedTime": "2021-10-11T12:21:05.7959468Z",
      "createdUserId": "28fac8cb-bec7-48c9-a688-5024cf318b8a",
      "updatedUserId": "28fac8cb-bec7-48c9-a688-5024cf318b8a"
    }
  ],
  "botMessages": [
    {
      "channelContent": {
        "web": {
          "contentFormat": "Markdown",
          "content": "Domyślnie wszyscy użytkownicy ze skrzynką pocztową usługi Exchange Online mają uprawnienia do tworzenia grup usługi Microsoft 365, a co za tym idzie również tworzenia zespołu w usłudze Microsoft Teams."
        }
      },
      "id": "2822a574-aec8-4742-b6e7-1df151aaf8d0",
      "createdTime": "2021-09-27T10:24:20.7157862Z",
      "updatedTime": "2021-09-27T10:24:20.7157862Z",
      "createdUserId": "28fac8cb-bec7-48c9-a688-5024cf318b8a",
      "updatedUserId": "28fac8cb-bec7-48c9-a688-5024cf318b8a"
    },
    {
      "channelContent": {
        "web": {
          "contentFormat": "Markdown",
          "content": "💡 **Wskazówka:**\n\nSprawdź przykładową aplikację Teams \"Poproś o zespół\"\n\n[Request-a-team](https://docs.microsoft.com/en-us/microsoftteams/platform/samples/app-templates#request-a-team)"
        }
      },
      "id": "1cf11efc-2046-44ba-b958-f26898c63ad8",
      "createdTime": "2021-09-27T10:25:11.159Z",
      "updatedTime": "2021-09-27T10:25:11.159Z",
      "createdUserId": "user-0",
      "updatedUserId": "user-0"
    },
    {
      "channelContent": {
        "web": {
          "contentFormat": "Markdown",
          "content": "_Temat dedykowany dla administratorów_"
        }
      },
      "id": "d0a99b14-4c05-45e9-a527-5137408d89b3",
      "createdTime": "2021-10-11T12:18:41.687Z",
      "updatedTime": "2021-10-11T12:18:41.687Z",
      "createdUserId": "user-0",
      "updatedUserId": "user-0"
    },
    {
      "channelContent": {
        "web": {
          "contentFormat": "Markdown",
          "content": "Możesz mieć ściślejszą kontrolę i ograniczyć tworzenie nowych zespołów, a tym samym tworzenie nowych grup usługi Microsoft 365, delegując prawa do tworzenia grup i zarządzania do zestawu użytkowników."
        }
      },
      "id": "48e8f863-4746-4a12-b9aa-4335f25c528f",
      "createdTime": "2021-10-11T12:19:54.062Z",
      "updatedTime": "2021-10-11T12:19:54.062Z",
      "createdUserId": "user-0",
      "updatedUserId": "user-0"
    },
    {
      "channelContent": {
        "web": {
          "contentFormat": "Markdown",
          "content": "Aby uzyskać instrukcje, zobacz artykuł [Zarządzanie tym, kto może tworzyć grupy microsoftu 365](https://docs.microsoft.com/en-us/microsoft-365/solutions/manage-creation-of-groups?view=o365-worldwide)."
        }
      },
      "id": "c52d8e79-7c63-493d-80c8-c5b58a6ebce9",
      "createdTime": "2021-10-11T12:20:36.643Z",
      "updatedTime": "2021-10-11T12:20:36.643Z",
      "createdUserId": "user-0",
      "updatedUserId": "user-0"
    }
  ]
}