{
  "intents": [
    {
      "endUserOverrideName": "Changer le logo d'équipe",
      "triggerQueries": [
        "Mettre un logo à mon équipe",
        "Comment télécharger l'image mon l'équipe?",
        "Je veux changer le logo de mon équipe",
        "Je veux changer l'image de mon équipe",
        "Comment changer l'image de mon équipe?",
        "Changer l'image d'une équipe?",
        "Changer l'image de l'équipe",
        "remplacer l'image de l'équipe",
        "changer la photo de l'équipe",
        "Comment télécharger l'image de l'équipe?",
        "how do I change the team picture?",
        "Comment changer l'image d'une équipe?"
      ],
      "dialogId": "new_topic_bc37ba4fd8054b0a9afa981b4ee7e030",
      "isTriggeringEnabled": true,
      "id": "new_topic_bc37ba4fd8054b0a9afa981b4ee7e030",
      "displayName": "Comment changer l'image de mon équipe?",
      "description": "",
      "createdTime": "2021-01-13T22:20:51.2371466Z",
      "updatedTime": "2021-05-24T23:27:33.2068266Z",
      "createdUserId": "f04d3cd9-b73d-4ba9-a1ed-9319eba29b21",
      "updatedUserId": "a2c4aa2c-d830-41eb-bcf4-467a2c7e1279"
    }
  ],
  "dialogs": [
    {
      "rootNodeId": "f222af41-e541-4fa7-98ed-11acc1040ff4",
      "messageNodes": [
        {
          "botMessageId": "23f0e4d0-260c-4b66-b6ff-d2277747d108",
          "nodeType": "BotMessageNode",
          "id": "f222af41-e541-4fa7-98ed-11acc1040ff4",
          "defaultTargetNodeId": "f6a2135f-430c-469c-9b22-f806cebffc3f"
        }
      ],
      "dialogChangeNodes": [
        {
          "targetDialogId": "new_topic_eac3f49c99664313a9d9dc19d80a79a2_aeabea4d071f415c8c107e1cb7af5424_assumedsuccess",
          "nodeType": "DialogChangeNode",
          "id": "f6a2135f-430c-469c-9b22-f806cebffc3f"
        }
      ],
      "id": "new_topic_bc37ba4fd8054b0a9afa981b4ee7e030",
      "displayName": "Dialog for How do I change my team picture?",
      "createdTime": "2021-01-13T22:20:51.2371466Z",
      "updatedTime": "2021-04-23T06:36:18.1030807Z",
      "createdUserId": "f04d3cd9-b73d-4ba9-a1ed-9319eba29b21",
      "updatedUserId": "137976d8-62f4-4f81-b357-122fb8bb440c"
    }
  ],
  "botMessages": [
    {
      "channelContent": {
        "web": {
          "contentFormat": "Markdown",
          "content": "1.  Rendez vous au niveau du nom de l'équipe et cliquez sur **Plus d'options** (...) > **Gérer l'équipe.**\n2.  Dans les **Paramètres** de l'équipe, cliquez sur **l'image de l'équipe** > **Changer l'image.**"
        }
      },
      "id": "23f0e4d0-260c-4b66-b6ff-d2277747d108",
      "createdTime": "2021-01-13T22:20:51.2371466Z",
      "updatedTime": "2021-01-13T22:20:51.2371466Z",
      "createdUserId": "f04d3cd9-b73d-4ba9-a1ed-9319eba29b21",
      "updatedUserId": "f04d3cd9-b73d-4ba9-a1ed-9319eba29b21"
    }
  ]
}