{
  "intents": [
    {
      "triggerQueries": [
        "Teams可以把文字大聲朗讀出來嗎",
        "在Teams中大聲朗讀文字",
        "讀寫困難",
        "閱讀障礙",
        "更好閱讀",
        "沉浸式閱讀器",
        "把文字用其他語言唸出來",
        "把訊息翻譯成其他語言",
        "什麼是沉浸式閱讀器",
        "可以把文字朗讀出來嗎",
        "Can you get the text read aloud in Teams?",
        "Get text read aloud in Teams?",
        "reading and writing difficulties",
        "Dyslexia",
        "easier to read",
        "What is the immersive reader?",
        "Immersive reader",
        "read something in other languages",
        "translate message to another language",
        "What is Immersive Reader?"
      ],
      "dialogId": "new_topic_abb58e0da43b4c59bb16a6c4c3788e45",
      "isTriggeringEnabled": true,
      "id": "new_topic_abb58e0da43b4c59bb16a6c4c3788e45",
      "displayName": "什麼是沉浸式閱讀器",
      "description": "https://adoptbotv2kb.blob.core.windows.net/%24web/AdoptBot2021-English.docx",
      "createdTime": "2021-11-17T05:03:28.664898Z",
      "updatedTime": "2021-11-17T05:04:06.4151474Z",
      "createdUserId": "9c968d43-f7c2-4e28-895c-1f6bcefcd8be",
      "updatedUserId": "9c968d43-f7c2-4e28-895c-1f6bcefcd8be"
    }
  ],
  "dialogs": [
    {
      "rootNodeId": "0b465c6f-15aa-4019-8ff0-157f4092f0e1",
      "messageNodes": [
        {
          "botMessageId": "4d75fc5b-15f8-445d-981a-c6249cd26d12",
          "nodeType": "BotMessageNode",
          "id": "0b465c6f-15aa-4019-8ff0-157f4092f0e1",
          "defaultTargetNodeId": "226be60f-76a2-4ff0-80e1-fd85bb8f46eb"
        },
        {
          "botMessageId": "7c09abaf-a8d7-45cc-93fd-934f910f79b4",
          "nodeType": "BotMessageNode",
          "id": "226be60f-76a2-4ff0-80e1-fd85bb8f46eb",
          "defaultTargetNodeId": "36e2820f-8ee0-48d7-afb7-646f8cfeb945"
        },
        {
          "botMessageId": "b8f6f02e-9853-4d3f-9d83-8328d1544791",
          "nodeType": "BotMessageNode",
          "id": "36e2820f-8ee0-48d7-afb7-646f8cfeb945",
          "defaultTargetNodeId": "551ac110-5c3b-484a-9f01-aeadaa412da2"
        },
        {
          "botMessageId": "d2a3a1a0-cd5d-4faf-a1ce-2cc228c0e8de",
          "nodeType": "BotMessageNode",
          "id": "551ac110-5c3b-484a-9f01-aeadaa412da2",
          "defaultTargetNodeId": "791f431d-eed8-470e-a02f-ca952fadcb34"
        },
        {
          "botMessageId": "dbc2bf81-5447-4509-8260-fe4ce8067887",
          "nodeType": "BotMessageNode",
          "id": "791f431d-eed8-470e-a02f-ca952fadcb34",
          "defaultTargetNodeId": "59423993-8fa8-4485-bc56-733c2d7deb41"
        },
        {
          "botMessageId": "46a38407-9a21-4dd4-9fc6-5c5698ae1a99",
          "nodeType": "BotMessageNode",
          "id": "59423993-8fa8-4485-bc56-733c2d7deb41",
          "defaultTargetNodeId": "1aea5fca-1202-4d70-a974-d5baef005acc"
        }
      ],
      "dialogChangeNodes": [
        {
          "targetDialogId": "new_topic_e2d1671328b941dbb60fa7150059b1ee_aeabea4d071f415c8c107e1cb7af5424_assumedsuccess",
          "nodeType": "DialogChangeNode",
          "id": "1aea5fca-1202-4d70-a974-d5baef005acc"
        }
      ],
      "id": "new_topic_abb58e0da43b4c59bb16a6c4c3788e45",
      "displayName": "Dialog for 什麼是沉浸式閱讀器",
      "createdTime": "2021-11-17T05:03:28.664898Z",
      "updatedTime": "2021-11-17T05:04:06.4151474Z",
      "createdUserId": "9c968d43-f7c2-4e28-895c-1f6bcefcd8be",
      "updatedUserId": "9c968d43-f7c2-4e28-895c-1f6bcefcd8be"
    }
  ],
  "botMessages": [
    {
      "channelContent": {
        "web": {
          "contentFormat": "Markdown",
          "content": "[點擊這裡檢視 Teams 中的沉浸式閱讀器指南（附照片）](https://support.microsoft.com/zh-tw/topic/%E5%9C%A8-microsoft-teams-%E4%B8%AD%E4%BD%BF%E7%94%A8%E6%B2%89%E6%B5%B8%E5%BC%8F%E9%96%B1%E8%AE%80%E7%A8%8B%E5%BC%8F-a700c0d0-bc53-4696-a94d-4fbc86ac7a9a)"
        }
      },
      "id": "4d75fc5b-15f8-445d-981a-c6249cd26d12",
      "createdTime": "2021-11-17T05:03:28.664898Z",
      "updatedTime": "2021-11-17T05:03:28.664898Z",
      "createdUserId": "9c968d43-f7c2-4e28-895c-1f6bcefcd8be",
      "updatedUserId": "9c968d43-f7c2-4e28-895c-1f6bcefcd8be"
    },
    {
      "channelContent": {
        "web": {
          "contentFormat": "Markdown",
          "content": "如果您希望大聲朗讀文字或說不同的語言，Teams 可以滿足您的需求💗。"
        }
      },
      "id": "7c09abaf-a8d7-45cc-93fd-934f910f79b4",
      "createdTime": "2021-11-17T05:03:37.824Z",
      "updatedTime": "2021-11-17T05:03:37.824Z",
      "createdUserId": "user-0",
      "updatedUserId": "user-0"
    },
    {
      "channelContent": {
        "web": {
          "contentFormat": "Markdown",
          "content": "文字的顏色、形狀、尺寸都可以依照您的偏好調整，這會使閱讀障礙和學習障礙患者更容易理解內容。"
        }
      },
      "id": "b8f6f02e-9853-4d3f-9d83-8328d1544791",
      "createdTime": "2021-11-17T05:03:44.556Z",
      "updatedTime": "2021-11-17T05:03:44.556Z",
      "createdUserId": "user-0",
      "updatedUserId": "user-0"
    },
    {
      "channelContent": {
        "web": {
          "contentFormat": "Markdown",
          "content": "圖片字典、行聚焦和單詞類也都於視覺支援提供。"
        }
      },
      "id": "d2a3a1a0-cd5d-4faf-a1ce-2cc228c0e8de",
      "createdTime": "2021-11-17T05:03:48.597Z",
      "updatedTime": "2021-11-17T05:03:48.597Z",
      "createdUserId": "user-0",
      "updatedUserId": "user-0"
    },
    {
      "channelContent": {
        "web": {
          "contentFormat": "Markdown",
          "content": "在 Teams 中的任何訊息，選擇**更多選項** （...）， 並選擇**沉浸式閱讀器**。"
        }
      },
      "id": "dbc2bf81-5447-4509-8260-fe4ce8067887",
      "createdTime": "2021-11-17T05:03:52.908Z",
      "updatedTime": "2021-11-17T05:03:52.908Z",
      "createdUserId": "user-0",
      "updatedUserId": "user-0"
    },
    {
      "channelContent": {
        "web": {
          "contentFormat": "Markdown",
          "content": "💡嘗試編輯此訊息，建立您獨有的設定。"
        }
      },
      "id": "46a38407-9a21-4dd4-9fc6-5c5698ae1a99",
      "createdTime": "2021-11-17T05:03:56.008Z",
      "updatedTime": "2021-11-17T05:03:56.008Z",
      "createdUserId": "user-0",
      "updatedUserId": "user-0"
    }
  ]
}