{
  "intents": [
    {
      "endUserOverrideName": "Hinzufügen von Mitgliedern zu einem Team",
      "triggerQueries": [
        "Wie füge ich ein Mitglied zu einem Team hinzu?",
        "Wie füge ich dem Team weitere Personen hinzu?",
        "Hinzufügen einer Person zu Ihrem Team",
        "Hinzufügen eines Teammitglieds zum Team",
        "Teammitglieder hinzufügen?",
        "Hinzufügen einer neuen Person zu Ihrem Team",
        "Mehr Personen zur Zusammenarbeit einladen",
        "Kollegen ins Team einladen",
        "Hinzufügen von Teammitgliedern",
        "Wie füge ich ein Mitglied zum Team hinzu?",
        "So laden Sie neue Personen ins Team ein",
        "Hinzufügen von Mitgliedern zu einem Team"
      ],
      "dialogId": "new_topic_9235e663dab5499395acad0b03a4be4a",
      "isTriggeringEnabled": true,
      "id": "new_topic_9235e663dab5499395acad0b03a4be4a",
      "displayName": "Wie füge ich ein Mitglied zu einem Team hinzu?",
      "description": "",
      "createdTime": "2021-04-15T11:29:49.2053494Z",
      "updatedTime": "2021-04-15T11:31:52.7237076Z",
      "createdUserId": "d4c65e50-fb5c-4311-830a-05b59a11dd48"
    }
  ],
  "dialogs": [
    {
      "rootNodeId": "dc208497-25e3-440d-8e49-fcb39be69b7a",
      "messageNodes": [
        {
          "botMessageId": "285fb402-b231-42bf-a484-30421e41e819",
          "nodeType": "BotMessageNode",
          "id": "dc208497-25e3-440d-8e49-fcb39be69b7a",
          "defaultTargetNodeId": "c9c1873b-0ed0-4c03-803f-d1b3bb8b2e84"
        },
        {
          "botMessageId": "ee5defa8-8077-4241-9ea2-0180d3e25ebe",
          "nodeType": "BotMessageNode",
          "id": "c9c1873b-0ed0-4c03-803f-d1b3bb8b2e84",
          "defaultTargetNodeId": "67e85daa-28b3-4eef-a83b-e1ca728c8f4a"
        }
      ],
      "dialogChangeNodes": [
        {
          "targetDialogId": "new_topic_30867099f4b543d3b8543a85c22c3418_aeabea4d071f415c8c107e1cb7af5424_assumedsuccess",
          "nodeType": "DialogChangeNode",
          "id": "67e85daa-28b3-4eef-a83b-e1ca728c8f4a"
        }
      ],
      "id": "new_topic_9235e663dab5499395acad0b03a4be4a",
      "displayName": "Dialog for Wie füge ich ein Mitglied zu einem Team hinzu?",
      "createdTime": "2021-04-15T11:29:49.2053494Z",
      "updatedTime": "2021-04-19T09:50:16.3111673Z",
      "createdUserId": "d4c65e50-fb5c-4311-830a-05b59a11dd48",
      "updatedUserId": "d4c65e50-fb5c-4311-830a-05b59a11dd48"
    }
  ],
  "botMessages": [
    {
      "channelContent": {
        "web": {
          "contentFormat": "Markdown",
          "content": "**Wenn Sie ein Teambesitzer sind,**\n\n*   Gehen Sie zum Teamnamen und wählen Sie **Weitere Optionen** (...), **Elemente hinzufügen** aus. Hier können Sie auch Gäste außerhalb Ihrer Organisation einladen, ihrem Team beizutreten."
        }
      },
      "id": "285fb402-b231-42bf-a484-30421e41e819",
      "createdTime": "2021-04-15T11:29:49.2053494Z",
      "updatedTime": "2021-04-15T11:29:49.2053494Z",
      "createdUserId": "d4c65e50-fb5c-4311-830a-05b59a11dd48",
      "updatedUserId": "d4c65e50-fb5c-4311-830a-05b59a11dd48"
    },
    {
      "channelContent": {
        "web": {
          "contentFormat": "Markdown",
          "content": "**Um mehrere Personen hinzuzufügen**, geben Sie den Namen einer Kontaktgruppe (auch als \"Verteilerliste\" bezeichnet), der Sicherheitsgruppe oder der Microsoft 365 Gruppe ein."
        }
      },
      "id": "ee5defa8-8077-4241-9ea2-0180d3e25ebe",
      "createdTime": "2021-04-15T11:30:00.696Z",
      "updatedTime": "2021-04-15T11:30:00.696Z",
      "createdUserId": "user-0",
      "updatedUserId": "user-0"
    }
  ]
}