<botcomponent schemaname="new_topic_e2d1671328b941dbb60fa7150059b1ee_33d5123770ba4daeafae51b361ddc80a">
  <componenttype>0</componenttype>
  <description>第 1 課 - 本課程將指導您如何使用一個條件分支建立一個簡單主題。

在接下來的幾堂課程中，我們將指導您如何新增和定義變數、條件和實體。

歡迎使用 Power Virtual Agents！</description>
  <iscustomizable>1</iscustomizable>
  <name>第 1 課 - 簡單主題</name>
  <statecode>0</statecode>
  <statuscode>1</statuscode>
</botcomponent>