{
  "intents": [
    {
      "triggerQueries": [
        "你什麼時候關門",
        "請問你們何時關門",
        "關門時間是幾點",
        "什麼時候開店",
        "請問你們何時開門",
        "什麼時候開門",
        "營業時間",
        "每日營業時間"
      ],
      "dialogId": "new_topic_e2d1671328b941dbb60fa7150059b1ee_33d5123770ba4daeafae51b361ddc80a",
      "isTriggeringEnabled": false,
      "id": "new_topic_e2d1671328b941dbb60fa7150059b1ee_33d5123770ba4daeafae51b361ddc80a",
      "displayName": "第 1 課 - 簡單主題",
      "description": "第 1 課 - 本課程將指導您如何使用一個條件分支建立一個簡單主題。\n\n在接下來的幾堂課程中，我們將指導您如何新增和定義變數、條件和實體。\n\n歡迎使用 Power Virtual Agents！",
      "createdTime": "2019-01-15T00:00:00Z",
      "updatedTime": "2021-11-16T07:34:24.208335Z",
      "createdUserId": "user0",
      "updatedUserId": "9c968d43-f7c2-4e28-895c-1f6bcefcd8be"
    }
  ],
  "dialogs": [
    {
      "rootNodeId": "e901982c-a22d-4074-b8c7-f7842977a047",
      "messageNodes": [
        {
          "botMessageId": "159e7c92-8871-41a0-a739-9f67085f995f",
          "nodeType": "BotMessageNode",
          "id": "e901982c-a22d-4074-b8c7-f7842977a047",
          "defaultTargetNodeId": "1f6c0946-4d56-4714-96f5-15e2247e953b"
        },
        {
          "botMessageId": "614e2fa3-2cf0-42e3-a2eb-18f9fb274ee6",
          "nodeType": "BotMessageNode",
          "id": "1f6c0946-4d56-4714-96f5-15e2247e953b",
          "defaultTargetNodeId": "6e127cd1-99ff-4c5e-8f3e-9ae93c0d4777"
        }
      ],
      "dialogChangeNodes": [
        {
          "targetDialogId": "new_topic_e2d1671328b941dbb60fa7150059b1ee_aeabea4d071f415c8c107e1cb7af5424_assumedsuccess",
          "nodeType": "DialogChangeNode",
          "id": "6e127cd1-99ff-4c5e-8f3e-9ae93c0d4777"
        }
      ],
      "id": "new_topic_e2d1671328b941dbb60fa7150059b1ee_33d5123770ba4daeafae51b361ddc80a",
      "displayName": "對話",
      "createdTime": "2019-01-15T00:00:00Z",
      "updatedTime": "2021-11-16T00:57:31.9541825Z",
      "createdUserId": "user0",
      "updatedUserId": "9c968d43-f7c2-4e28-895c-1f6bcefcd8be"
    }
  ],
  "botMessages": [
    {
      "channelContent": {
        "web": {
          "contentFormat": "Markdown",
          "content": "我很樂意在營業時間內協助您。"
        }
      },
      "id": "159e7c92-8871-41a0-a739-9f67085f995f",
      "createdTime": "2019-01-15T00:00:00Z",
      "updatedTime": "2021-11-16T00:57:31.9541825Z",
      "createdUserId": "user0",
      "updatedUserId": "9c968d43-f7c2-4e28-895c-1f6bcefcd8be"
    },
    {
      "channelContent": {
        "web": {
          "contentFormat": "Markdown",
          "content": "雷德蒙的營業時間為：\n\n*   週一至週五：上午 9 點至下午 6 點\n*   週六：上午 10 點至下午 4 點\n*  週日：不營業\n\n西雅圖的營業時間為：\n\n*   週一至週五：上午 9 點至下午 6 點\n*   週六至週日：上午 10 點至下午 4 點"
        }
      },
      "id": "614e2fa3-2cf0-42e3-a2eb-18f9fb274ee6",
      "createdTime": "2019-10-24T04:02:13.435Z",
      "updatedTime": "2021-11-16T00:57:31.9541825Z",
      "createdUserId": "user0",
      "updatedUserId": "9c968d43-f7c2-4e28-895c-1f6bcefcd8be"
    }
  ]
}