{
  "intents": [
    {
      "triggerQueries": [
        "Hva skjer når jeg fjerner noen fra gruppechatten?",
        "Hva skjer når jeg fjerner noen fra gruppesamtale?",
        "fjern en person fra gruppechat",
        "Fjern personer fra en gruppesamtale"
      ],
      "dialogId": "new_topic_ccc02107ab1d4bffbb73aa4f040bc454",
      "isTriggeringEnabled": true,
      "id": "new_topic_ccc02107ab1d4bffbb73aa4f040bc454",
      "displayName": "Fjerne personer fra en gruppesamtale",
      "description": "https://norwegianteams.blob.core.windows.net/norwegian-container/Tima - p19 to p33.docx",
      "createdTime": "2021-04-07T15:30:55.151003Z",
      "updatedTime": "2021-04-07T15:32:59.4707612Z",
      "createdUserId": "ef0c8b9a-eff1-49f8-92fa-fd1d3e15e1ba",
      "updatedUserId": "ef0c8b9a-eff1-49f8-92fa-fd1d3e15e1ba"
    }
  ],
  "dialogs": [
    {
      "rootNodeId": "b0a7577d-f24e-4141-817f-3763882f3d9d",
      "messageNodes": [
        {
          "botMessageId": "60f84fcb-49f1-43b5-bb8d-fc91462819fe",
          "nodeType": "BotMessageNode",
          "id": "b0a7577d-f24e-4141-817f-3763882f3d9d",
          "defaultTargetNodeId": "be2fb1b3-71f3-4b0e-875e-d54a71fbb6b3"
        },
        {
          "botMessageId": "129c2085-a00e-4993-a94b-ab16ac2a5c00",
          "nodeType": "BotMessageNode",
          "id": "be2fb1b3-71f3-4b0e-875e-d54a71fbb6b3",
          "defaultTargetNodeId": "40d2b5c7-3ba0-43a6-9681-db8347566dc1"
        },
        {
          "botMessageId": "5e7b2893-fb05-4137-b192-ee299843c807",
          "nodeType": "BotMessageNode",
          "id": "40d2b5c7-3ba0-43a6-9681-db8347566dc1",
          "defaultTargetNodeId": "b484fad0-0753-41b5-a658-4d7465489ed2"
        },
        {
          "botMessageId": "d53a2a71-acba-4b5f-ba5e-e0791cdee4a6",
          "nodeType": "BotMessageNode",
          "id": "b484fad0-0753-41b5-a658-4d7465489ed2",
          "defaultTargetNodeId": "bc8bc837-2086-48fc-89a7-fd76e19a5997"
        }
      ],
      "dialogChangeNodes": [
        {
          "targetDialogId": "new_topic_89c49d37fd4c4c1c9144396960733ce1_aeabea4d071f415c8c107e1cb7af5424_assumedsuccess",
          "nodeType": "DialogChangeNode",
          "id": "bc8bc837-2086-48fc-89a7-fd76e19a5997"
        }
      ],
      "id": "new_topic_ccc02107ab1d4bffbb73aa4f040bc454",
      "displayName": "Dialog for Fjerne personer fra en gruppetekstsamtale",
      "createdTime": "2021-04-07T15:30:55.151003Z",
      "updatedTime": "2021-04-07T15:32:51.0007574Z",
      "createdUserId": "ef0c8b9a-eff1-49f8-92fa-fd1d3e15e1ba",
      "updatedUserId": "ef0c8b9a-eff1-49f8-92fa-fd1d3e15e1ba"
    }
  ],
  "botMessages": [
    {
      "channelContent": {
        "web": {
          "contentFormat": "Markdown",
          "content": "Vær oppmerksom på at administrator må slå på denne innstillingen for å tillate at medlemmer kan fjerne hverandre fra en gruppesamtale."
        }
      },
      "id": "60f84fcb-49f1-43b5-bb8d-fc91462819fe",
      "createdTime": "2021-04-07T15:30:55.151003Z",
      "updatedTime": "2021-04-07T15:30:55.151003Z",
      "createdUserId": "ef0c8b9a-eff1-49f8-92fa-fd1d3e15e1ba",
      "updatedUserId": "ef0c8b9a-eff1-49f8-92fa-fd1d3e15e1ba"
    },
    {
      "channelContent": {
        "web": {
          "contentFormat": "Markdown",
          "content": "Hvis du vil [fjerne personer fra en gruppesamtale](https://support.microsoft.com/nb-no/office/l%c3%a4mna-eller-ta-bort-n%c3%a5gon-fr%c3%a5n-en-gruppchatt-7db55a67-0ba4-4409-a399-5ed502a1d094?ui=nb-no&rs=nb-no&ad=se) i Teams, følger du disse trinnene:\n\n1.  Åpne en gruppesamtale med tre eller flere personer, og gå til toppen av chatten der den forteller deg antall deltakere.\n2.  Hold markøren over antall deltakere, og hold deretter musepekeren over navnet til personen som du vil fjerne.\n3.  Velg **X**, og deretter **Fjern** for å bekrefte at du vil fjerne deltakeren fra chat."
        }
      },
      "id": "129c2085-a00e-4993-a94b-ab16ac2a5c00",
      "createdTime": "2021-04-07T15:32:11.295Z",
      "updatedTime": "2021-04-07T15:32:11.295Z",
      "createdUserId": "user-0",
      "updatedUserId": "user-0"
    },
    {
      "channelContent": {
        "web": {
          "contentFormat": "Markdown",
          "content": "Deltagere i gruppesamtalen vil bli informert i chatten om at du har fjernet personen."
        }
      },
      "id": "5e7b2893-fb05-4137-b192-ee299843c807",
      "createdTime": "2021-04-07T15:32:34.16Z",
      "updatedTime": "2021-04-07T15:32:34.16Z",
      "createdUserId": "user-0",
      "updatedUserId": "user-0"
    },
    {
      "channelContent": {
        "web": {
          "contentFormat": "Markdown",
          "content": "Personer som er fjernet fra en chat, kan se den tidligere chatteloggen, men kan ikke sende nye meldinger, reagere på meldinger og kan ikke se nye samtaler eller filer som deles av gruppen."
        }
      },
      "id": "d53a2a71-acba-4b5f-ba5e-e0791cdee4a6",
      "createdTime": "2021-04-07T15:32:42.76Z",
      "updatedTime": "2021-04-07T15:32:42.76Z",
      "createdUserId": "user-0",
      "updatedUserId": "user-0"
    }
  ],
  "createdUtc": "0001-01-01T00:00:00Z"
}