{
  "intents": [
    {
      "triggerQueries": [
        "Najnowsze wiadomości o usłudze Teams",
        "Czy wkrótce pojawią się jakieś nowe aktualizacje?",
        "Kiedy otrzymujemy nowe funkcje?",
        "Gdzie mogę znaleźć najnowsze wiadomości o usłudze Teams?",
        "Opowiedz mi o nowościach w usłudze Teams",
        "Skąd mam wiedzieć, czy są nowe funkcje?",
        "Co nowego w pokojach Microsoft Teams",
        "Co nowego w MTR",
        "Dowiedz się więcej o najnowszych aktualizacjach w usłudze Teams",
        "Gdzie są wszystkie nowości w usłudze Teams?",
        "Co nowego w aplikacji Teams w systemie iOS?",
        "Co nowego w aplikacji Teams na iPhonie?",
        "Co nowego w aplikacji Teams na Androida?",
        "Skąd mam wiedzieć, kiedy pojawi się nowa funkcja?",
        "Gdzie mogę zobaczyć wszystkie nowe funkcje?",
        "Gdzie mogę przeczytać o nowościach dla Teams?",
        "Kiedy zostaną wydane nowe funkcje?",
        "bądź na bieżąco z nowymi funkcjami",
        "Co nowego w usłudze Teams?",
        "Co nowego?",
        "Gdzie mogę znaleźć najświeższe wiadomości dotyczące Teams?"
      ],
      "dialogId": "new_topic_bc97faced3334deb8cb4c37cc222d6fe",
      "isTriggeringEnabled": true,
      "id": "new_topic_bc97faced3334deb8cb4c37cc222d6fe",
      "displayName": "Gdzie mogę znaleźć najświeższe wiadomości dotyczące Teams?",
      "description": "",
      "createdTime": "2021-09-27T10:40:54.8694175Z",
      "updatedTime": "2021-10-07T10:10:23.4479398Z",
      "createdUserId": "28fac8cb-bec7-48c9-a688-5024cf318b8a",
      "updatedUserId": "28fac8cb-bec7-48c9-a688-5024cf318b8a"
    }
  ],
  "dialogs": [
    {
      "rootNodeId": "26466d0a-c738-4254-9bb1-07cc2db254cb",
      "messageNodes": [
        {
          "botMessageId": "6a274157-627f-4d0c-aacc-4de735436fd1",
          "nodeType": "BotMessageNode",
          "id": "26466d0a-c738-4254-9bb1-07cc2db254cb",
          "defaultTargetNodeId": "963af7df-2770-4d1f-ac95-ef40963160f2"
        },
        {
          "botMessageId": "38ced273-dcd6-4542-965a-b7c3e8e9921d",
          "nodeType": "BotMessageNode",
          "id": "963af7df-2770-4d1f-ac95-ef40963160f2",
          "defaultTargetNodeId": "f1328a8a-e260-4e01-8f20-429c62e96b19"
        },
        {
          "botMessageId": "36a88eab-3845-45f9-ba92-04f1e9494246",
          "nodeType": "BotMessageNode",
          "id": "f1328a8a-e260-4e01-8f20-429c62e96b19",
          "defaultTargetNodeId": "115a7293-176d-4482-9215-d03d163fdd9a"
        }
      ],
      "dialogChangeNodes": [
        {
          "targetDialogId": "new_topic_d4ee79ce05584b519ee7d416fda7e2a3_aeabea4d071f415c8c107e1cb7af5424_assumedsuccess",
          "nodeType": "DialogChangeNode",
          "id": "115a7293-176d-4482-9215-d03d163fdd9a"
        }
      ],
      "id": "new_topic_bc97faced3334deb8cb4c37cc222d6fe",
      "displayName": "Dialog for Gdzie mogę znaleźć najświeższe wiadomości dotyczące Teams?",
      "createdTime": "2021-09-27T10:40:54.8694175Z",
      "updatedTime": "2021-10-07T10:13:20.3370781Z",
      "createdUserId": "28fac8cb-bec7-48c9-a688-5024cf318b8a",
      "updatedUserId": "28fac8cb-bec7-48c9-a688-5024cf318b8a"
    }
  ],
  "botMessages": [
    {
      "channelContent": {
        "web": {
          "contentFormat": "Markdown",
          "content": "Cieszę się, że jesteś ciekawy 🙂! Wystarczy wpisać \"**/Co nowego**\" w polu wyszukiwania Teams!\n\nMożesz również kliknąć przycisk Pomoc w aplikacji Teams i wybrać opcję \"Co nowego\"."
        }
      },
      "id": "6a274157-627f-4d0c-aacc-4de735436fd1",
      "createdTime": "2021-09-27T10:40:54.8694175Z",
      "updatedTime": "2021-09-27T10:40:54.8694175Z",
      "createdUserId": "28fac8cb-bec7-48c9-a688-5024cf318b8a",
      "updatedUserId": "28fac8cb-bec7-48c9-a688-5024cf318b8a"
    },
    {
      "channelContent": {
        "web": {
          "contentFormat": "Markdown",
          "content": "**Uwaga:** _Być może organizacja zdecydowała się wyłączyć_ _niektóre_ _funkcje._"
        }
      },
      "id": "38ced273-dcd6-4542-965a-b7c3e8e9921d",
      "createdTime": "2021-10-07T10:13:00.17Z",
      "updatedTime": "2021-10-07T10:13:00.17Z",
      "createdUserId": "user-0",
      "updatedUserId": "user-0"
    },
    {
      "channelContent": {
        "web": {
          "contentFormat": "Markdown",
          "content": "[Wszystkie nowe funkcje są również publikowane w sposób ciągły na stronach pomocy technicznej](https://support.microsoft.com/pl-pl/office/nowo%C5%9Bci-w-aplikacji-microsoft-teams-d7092a6d-c896-424c-b362-a472d5f105de#PickTab=Desktop_and_web)\n\nWybierz urządzenie, dla którego chcesz wyświetlać wiadomości."
        }
      },
      "id": "36a88eab-3845-45f9-ba92-04f1e9494246",
      "createdTime": "2021-10-07T10:13:14.521Z",
      "updatedTime": "2021-10-07T10:13:14.521Z",
      "createdUserId": "user-0",
      "updatedUserId": "user-0"
    }
  ],
  "createdUtc": "0001-01-01T00:00:00Z"
}