{
  "intents": [
    {
      "endUserOverrideName": "Notifications Teams",
      "triggerQueries": [
        "Paramétrez mes notifications",
        "Régler les notifications",
        "Comment changer les paramètres de mes notifications?",
        "Gérer les paramètres de mes alertes",
        "Paramétrez mes notifications Teams",
        "Régler les notifications Teams",
        "Gérer les notifications de mes équipes",
        "Paramétrez mes notifications Teams",
        "Comment changer les paramètres des notifications Teams?",
        "Comment paramétrer mes notifcations dans Teams?",
        "Comment changer mes notifications?",
        "Changer les notifications Teams",
        "Comment changer les notifications?",
        "Comment changer les notifcation Teams?"
      ],
      "dialogId": "new_topic_748fff42d305440fbec83bf9e83c2051",
      "isTriggeringEnabled": true,
      "id": "new_topic_748fff42d305440fbec83bf9e83c2051",
      "displayName": "Comment changer les paramètres des notifications Teams?",
      "description": "",
      "createdTime": "2021-01-13T22:20:51.2381463Z",
      "updatedTime": "2021-05-24T11:40:01.2978049Z",
      "createdUserId": "f04d3cd9-b73d-4ba9-a1ed-9319eba29b21",
      "updatedUserId": "75392dcd-00bb-4588-89e9-c55bcbe40ccb"
    }
  ],
  "dialogs": [
    {
      "rootNodeId": "5228c907-89eb-4e5e-ad48-a5413fa1f86f",
      "messageNodes": [
        {
          "botMessageId": "18ba10e4-07bd-485c-884a-bdd3a5fff323",
          "nodeType": "BotMessageNode",
          "id": "5228c907-89eb-4e5e-ad48-a5413fa1f86f",
          "defaultTargetNodeId": "d3b7a3e6-fa75-40c0-8af8-979a2c84ee4c"
        },
        {
          "botMessageId": "592ac5e8-ca1b-4bcb-ae4d-f50869283055",
          "nodeType": "BotMessageNode",
          "id": "d3b7a3e6-fa75-40c0-8af8-979a2c84ee4c",
          "defaultTargetNodeId": "5c1f5a79-5606-4b08-82f4-5d1369da47ad"
        },
        {
          "botMessageId": "71bb6e59-4f64-4fb0-a78f-9a474c3c468e",
          "nodeType": "BotMessageNode",
          "id": "5c1f5a79-5606-4b08-82f4-5d1369da47ad",
          "defaultTargetNodeId": "8362d040-5a36-4b58-8f07-9fa734e678f0"
        },
        {
          "botMessageId": "81d05c2e-2078-4ed7-9a9e-78ba4b32abe3",
          "nodeType": "BotMessageNode",
          "id": "8362d040-5a36-4b58-8f07-9fa734e678f0",
          "defaultTargetNodeId": "816f6606-4bda-4796-bf6e-243e9b993f0c"
        }
      ],
      "dialogChangeNodes": [
        {
          "targetDialogId": "new_topic_eac3f49c99664313a9d9dc19d80a79a2_aeabea4d071f415c8c107e1cb7af5424_assumedsuccess",
          "nodeType": "DialogChangeNode",
          "id": "816f6606-4bda-4796-bf6e-243e9b993f0c"
        }
      ],
      "id": "new_topic_748fff42d305440fbec83bf9e83c2051",
      "displayName": "Dialog for How do I Change Teams notifications?",
      "createdTime": "2021-01-13T22:20:51.2381463Z",
      "updatedTime": "2021-05-24T23:29:48.7572644Z",
      "createdUserId": "f04d3cd9-b73d-4ba9-a1ed-9319eba29b21",
      "updatedUserId": "a2c4aa2c-d830-41eb-bcf4-467a2c7e1279"
    }
  ],
  "botMessages": [
    {
      "channelContent": {
        "web": {
          "contentFormat": "Markdown",
          "content": "Microsoft Teams propose différentes manières d'accéder, de recevoir et de gérer les notifications.\n\nVoir les détails sur [Gérer les notifications dans Microsoft Teams sur tout vos appareils](https://support.microsoft.com/fr-fr/office/g%c3%a9rer-les-notifications-dans-teams-1cc31834-5fe5-412b-8edb-43fecc78413d?ui=fr-FR&rs=fr-FR&ad=FR)."
        }
      },
      "id": "18ba10e4-07bd-485c-884a-bdd3a5fff323",
      "createdTime": "2021-01-13T22:20:51.2381463Z",
      "updatedTime": "2021-01-13T22:20:51.2381463Z",
      "createdUserId": "f04d3cd9-b73d-4ba9-a1ed-9319eba29b21",
      "updatedUserId": "f04d3cd9-b73d-4ba9-a1ed-9319eba29b21"
    },
    {
      "channelContent": {
        "web": {
          "contentFormat": "Markdown",
          "content": "Ces paramètres incluent comment, quand et où vos notifications apparaissent, les paramètres personnalisés pour les canaux et le chat, l'apparence et les sons, la désactivation de messages spécifiques, etc..."
        }
      },
      "id": "592ac5e8-ca1b-4bcb-ae4d-f50869283055",
      "createdTime": "2021-01-27T21:32:51.369Z",
      "updatedTime": "2021-01-27T21:32:51.369Z",
      "createdUserId": "user-0",
      "updatedUserId": "user-0"
    },
    {
      "channelContent": {
        "web": {
          "contentFormat": "Markdown",
          "content": "**Pour gérer vos notifications :**\n\n1.  Cliquer sur votre photo de profil dans Teams. (ou sur les **\"...\"** selon la version)\n2.  Sélectionner **Paramètres** \\> **Notifications**."
        }
      },
      "id": "71bb6e59-4f64-4fb0-a78f-9a474c3c468e",
      "createdTime": "2021-01-27T21:33:28.219Z",
      "updatedTime": "2021-01-27T21:33:28.219Z",
      "createdUserId": "user-0",
      "updatedUserId": "user-0"
    },
    {
      "channelContent": {
        "web": {
          "contentFormat": "Markdown",
          "content": "💡 **Conseil** : [_Les astuces à connaitre sur les notifications_](https://support.microsoft.com/fr-fr/office/six-choses-%c3%a0-savoir-sur-les-notifications-abb62c60-3d15-4968-b86a-42fea9c22cf4?ui=fr-FR&rs=fr-FR&ad=FR)"
        }
      },
      "id": "81d05c2e-2078-4ed7-9a9e-78ba4b32abe3",
      "createdTime": "2021-01-27T21:35:51.899Z",
      "updatedTime": "2021-01-27T21:35:51.899Z",
      "createdUserId": "user-0",
      "updatedUserId": "user-0"
    }
  ],
  "createdUtc": "0001-01-01T00:00:00Z"
}