{
  "intents": [
    {
      "endUserOverrideName": "Office e Teams richiedono l'accesso a Internet?",
      "triggerQueries": [
        "Teams richiede l'accesso a Internet?",
        "usare Teams in modalità offline",
        "accesso offline a office?",
        "Ho bisogno di internet per Office?",
        "Posso lavorare offline?",
        "Come collegarsi a Office offline",
        "Lavorare senza internet con Office",
        "Ho bisogno di un accesso a Internet?",
        "Office richiede l'accesso a Internet?"
      ],
      "dialogId": "new_topic_f5bfc870227646b4b05931810fa24a7b",
      "isTriggeringEnabled": true,
      "id": "new_topic_f5bfc870227646b4b05931810fa24a7b",
      "displayName": "Office richiede l'accesso a Internet?",
      "createdTime": "2022-04-29T21:30:51.5048503Z",
      "updatedTime": "2022-04-29T21:30:51.5048503Z",
      "createdUserId": "9451fc51-e00d-4445-8ff9-efb70866dc3b",
      "updatedUserId": "9451fc51-e00d-4445-8ff9-efb70866dc3b"
    }
  ],
  "dialogs": [
    {
      "rootNodeId": "2bd6080a-e7b1-4976-8a19-975bc3778a76",
      "messageNodes": [
        {
          "botMessageId": "91b5504e-6738-4134-bc5e-1e7e4ebe6054",
          "nodeType": "BotMessageNode",
          "id": "2bd6080a-e7b1-4976-8a19-975bc3778a76",
          "defaultTargetNodeId": "0ed76452-0bfa-4969-af3f-4f78936b60f8"
        },
        {
          "botMessageId": "3c088e9a-7a6e-4cb6-827e-e606032c15d2",
          "nodeType": "BotMessageNode",
          "id": "0ed76452-0bfa-4969-af3f-4f78936b60f8",
          "defaultTargetNodeId": "ec27bb90-08ee-4d88-b728-84cecfdf01c3"
        },
        {
          "botMessageId": "00f7365d-58fe-48b8-8e43-ba17ee654cd3",
          "nodeType": "BotMessageNode",
          "id": "ec27bb90-08ee-4d88-b728-84cecfdf01c3",
          "defaultTargetNodeId": "6a0995c7-3171-454e-a9c0-250cc0aa0f5f"
        },
        {
          "botMessageId": "21c20754-16c9-45f5-a577-1433015593cf",
          "nodeType": "BotMessageNode",
          "id": "6a0995c7-3171-454e-a9c0-250cc0aa0f5f",
          "defaultTargetNodeId": "dda43250-593b-40c0-bcc2-89ccaee9b5af"
        },
        {
          "botMessageId": "f846060e-4ea8-407e-8987-400d7dd085c2",
          "nodeType": "BotMessageNode",
          "id": "dda43250-593b-40c0-bcc2-89ccaee9b5af",
          "defaultTargetNodeId": "d7e90fc0-72a0-4fda-8149-b98bc0d6e22b"
        },
        {
          "botMessageId": "bcb20f6c-f411-4841-b28f-c4c8a6805d3a",
          "nodeType": "BotMessageNode",
          "id": "d7e90fc0-72a0-4fda-8149-b98bc0d6e22b",
          "defaultTargetNodeId": "faa5e561-926e-4204-9b6a-23e92371c370"
        }
      ],
      "dialogChangeNodes": [
        {
          "targetDialogId": "new_topic_f98a24608ee04cb998de3e3e32703d5b_aeabea4d071f415c8c107e1cb7af5424_assumedsuccess",
          "nodeType": "DialogChangeNode",
          "id": "faa5e561-926e-4204-9b6a-23e92371c370"
        }
      ],
      "id": "new_topic_f5bfc870227646b4b05931810fa24a7b",
      "displayName": "Senza titolo",
      "createdTime": "2022-04-29T21:30:51.5048503Z",
      "updatedTime": "2022-04-29T21:30:51.5048503Z",
      "createdUserId": "9451fc51-e00d-4445-8ff9-efb70866dc3b",
      "updatedUserId": "9451fc51-e00d-4445-8ff9-efb70866dc3b"
    }
  ],
  "botMessages": [
    {
      "channelContent": {
        "web": {
          "contentFormat": "Markdown",
          "content": "Non è necessario essere connessi a Internet per utilizzare le applicazioni per ufficio, come Word, Excel e PowerPoint, poiché le applicazioni sono completamente installate sul computer."
        }
      },
      "id": "91b5504e-6738-4134-bc5e-1e7e4ebe6054",
      "createdTime": "2022-04-29T21:22:26.621Z",
      "updatedTime": "2022-04-29T21:22:26.621Z"
    },
    {
      "channelContent": {
        "web": {
          "contentFormat": "Markdown",
          "content": "Puoi anche usare Teams in modalità offline. Ciò significa che gli utenti possono sfogliare le loro chat e canali recenti, nonché quelli che hanno bloccato. Gli utenti possono anche comporre messaggi da inviare in seguito"
        }
      },
      "id": "3c088e9a-7a6e-4cb6-827e-e606032c15d2",
      "createdTime": "2022-04-29T21:26:28.573Z",
      "updatedTime": "2022-04-29T21:26:28.573Z",
      "createdUserId": "user-0",
      "updatedUserId": "user-0"
    },
    {
      "channelContent": {
        "web": {
          "contentFormat": "Markdown",
          "content": "È necessario l'accesso a Internet per installare e attivare tutte le ultime edizioni di Office Suites e tutti i piani di abbonamento a Microsoft 365."
        }
      },
      "id": "00f7365d-58fe-48b8-8e43-ba17ee654cd3",
      "createdTime": "2022-04-29T21:26:52.876Z",
      "updatedTime": "2022-04-29T21:26:52.876Z",
      "createdUserId": "user-0",
      "updatedUserId": "user-0"
    },
    {
      "channelContent": {
        "web": {
          "contentFormat": "Markdown",
          "content": "L'accesso a Internet è necessario anche per accedere ai documenti archiviati in OneDrive, a meno che non si installi [l'App desktop OneDrive](https://support.microsoft.com/it-it/office/app-desktop-onedrive-per-le-versioni-precedenti-di-windows-850703dd-ea56-4c7a-bff5-6c2e4da227cf)."
        }
      },
      "id": "21c20754-16c9-45f5-a577-1433015593cf",
      "createdTime": "2022-04-29T21:27:14.733Z",
      "updatedTime": "2022-04-29T21:27:14.733Z",
      "createdUserId": "user-0",
      "updatedUserId": "user-0"
    },
    {
      "channelContent": {
        "web": {
          "contentFormat": "Markdown",
          "content": "Dovresti anche connetterti regolarmente a Internet per mantenere aggiornata la tua versione di Office e sfruttare gli aggiornamenti automatici. Se non ti connetti a Internet almeno ogni 31 giorni, le tue applicazioni entreranno in modalità con funzionalità ridotte."
        }
      },
      "id": "f846060e-4ea8-407e-8987-400d7dd085c2",
      "createdTime": "2022-04-29T21:27:48.372Z",
      "updatedTime": "2022-04-29T21:27:48.372Z",
      "createdUserId": "user-0",
      "updatedUserId": "user-0"
    },
    {
      "channelContent": {
        "web": {
          "contentFormat": "Markdown",
          "content": "Questa modalità significa che puoi visualizzare o stampare i tuoi documenti ma non puoi modificare i documenti o crearne di nuovi.\n\nPer riattivare le applicazioni di Office, è sufficiente riconnettersi a Internet."
        }
      },
      "id": "bcb20f6c-f411-4841-b28f-c4c8a6805d3a",
      "createdTime": "2022-04-29T21:29:39.052Z",
      "updatedTime": "2022-04-29T21:29:39.052Z",
      "createdUserId": "user-0",
      "updatedUserId": "user-0"
    }
  ]
}