<bot_botcomponentset>
  <bot_botcomponent botcomponentid.schemaname="new_customtype_84ec227c19784e7ba25cb34f4638f91e_92610204747047ac8f788f7eecd91118" botid.schemaname="new_bot_84ec227c19784e7ba25cb34f4638f91e">
    <iscustomizable>1</iscustomizable>
  </bot_botcomponent>
  <bot_botcomponent botcomponentid.schemaname="new_customtype_84ec227c19784e7ba25cb34f4638f91e_f86fcadfd497444e91ed11c12b059d10" botid.schemaname="new_bot_84ec227c19784e7ba25cb34f4638f91e">
    <iscustomizable>1</iscustomizable>
  </bot_botcomponent>
  <bot_botcomponent botcomponentid.schemaname="new_topic_0039f4a4907b44d3a5b35cbd6082ead7" botid.schemaname="new_bot_84ec227c19784e7ba25cb34f4638f91e">
    <iscustomizable>1</iscustomizable>
  </bot_botcomponent>
  <bot_botcomponent botcomponentid.schemaname="new_topic_012b17ea8baa4b01943cc86947eab69e" botid.schemaname="new_bot_84ec227c19784e7ba25cb34f4638f91e">
    <iscustomizable>1</iscustomizable>
  </bot_botcomponent>
  <bot_botcomponent botcomponentid.schemaname="new_topic_0671f01a8c0545cf9acec136fb62ff5d" botid.schemaname="new_bot_84ec227c19784e7ba25cb34f4638f91e">
    <iscustomizable>1</iscustomizable>
  </bot_botcomponent>
  <bot_botcomponent botcomponentid.schemaname="new_topic_096953af59bf4ca6a9c2c55386c8a62b" botid.schemaname="new_bot_84ec227c19784e7ba25cb34f4638f91e">
    <iscustomizable>1</iscustomizable>
  </bot_botcomponent>
  <bot_botcomponent botcomponentid.schemaname="new_topic_0a3ab600ccb540268d975b1430a9250c" botid.schemaname="new_bot_84ec227c19784e7ba25cb34f4638f91e">
    <iscustomizable>1</iscustomizable>
  </bot_botcomponent>
  <bot_botcomponent botcomponentid.schemaname="new_topic_0c9c28a8d2344589a48d78fbd7eedfcd" botid.schemaname="new_bot_84ec227c19784e7ba25cb34f4638f91e">
    <iscustomizable>1</iscustomizable>
  </bot_botcomponent>
  <bot_botcomponent botcomponentid.schemaname="new_topic_0d16815c615c4b1cbec50d8a9dc1c51b" botid.schemaname="new_bot_84ec227c19784e7ba25cb34f4638f91e">
    <iscustomizable>1</iscustomizable>
  </bot_botcomponent>
  <bot_botcomponent botcomponentid.schemaname="new_topic_0d358d8868084298b35f4079c1d504a0" botid.schemaname="new_bot_84ec227c19784e7ba25cb34f4638f91e">
    <iscustomizable>1</iscustomizable>
  </bot_botcomponent>
  <bot_botcomponent botcomponentid.schemaname="new_topic_0e133fb70a0344e98ea724e910cd5026" botid.schemaname="new_bot_84ec227c19784e7ba25cb34f4638f91e">
    <iscustomizable>1</iscustomizable>
  </bot_botcomponent>
  <bot_botcomponent botcomponentid.schemaname="new_topic_13ec88d4effa4ddaaea26f3f02699894" botid.schemaname="new_bot_84ec227c19784e7ba25cb34f4638f91e">
    <iscustomizable>1</iscustomizable>
  </bot_botcomponent>
  <bot_botcomponent botcomponentid.schemaname="new_topic_140e5ed486f44136a2abd648d225a5e6" botid.schemaname="new_bot_84ec227c19784e7ba25cb34f4638f91e">
    <iscustomizable>1</iscustomizable>
  </bot_botcomponent>
  <bot_botcomponent botcomponentid.schemaname="new_topic_14272b31c3bc486ea5b3cf42bc117bb1" botid.schemaname="new_bot_84ec227c19784e7ba25cb34f4638f91e">
    <iscustomizable>1</iscustomizable>
  </bot_botcomponent>
  <bot_botcomponent botcomponentid.schemaname="new_topic_17410057281f4855b0fb9fe7c9ab44d9" botid.schemaname="new_bot_84ec227c19784e7ba25cb34f4638f91e">
    <iscustomizable>1</iscustomizable>
  </bot_botcomponent>
  <bot_botcomponent botcomponentid.schemaname="new_topic_195dc3d5514e4fecad26d6da105f4f28" botid.schemaname="new_bot_84ec227c19784e7ba25cb34f4638f91e">
    <iscustomizable>1</iscustomizable>
  </bot_botcomponent>
  <bot_botcomponent botcomponentid.schemaname="new_topic_1a0fcb2dc54a424fb079ac5442646c99" botid.schemaname="new_bot_84ec227c19784e7ba25cb34f4638f91e">
    <iscustomizable>1</iscustomizable>
  </bot_botcomponent>
  <bot_botcomponent botcomponentid.schemaname="new_topic_1ad449d946ad4d7188bfbb0489233904" botid.schemaname="new_bot_84ec227c19784e7ba25cb34f4638f91e">
    <iscustomizable>1</iscustomizable>
  </bot_botcomponent>
  <bot_botcomponent botcomponentid.schemaname="new_topic_1b42c3f11d4a41ddad3ebadac5c882b5" botid.schemaname="new_bot_84ec227c19784e7ba25cb34f4638f91e">
    <iscustomizable>1</iscustomizable>
  </bot_botcomponent>
  <bot_botcomponent botcomponentid.schemaname="new_topic_1e508cee5f014fdbbabccec7cb1e4882" botid.schemaname="new_bot_84ec227c19784e7ba25cb34f4638f91e">
    <iscustomizable>1</iscustomizable>
  </bot_botcomponent>
  <bot_botcomponent botcomponentid.schemaname="new_topic_211f4a476f3244b294352377b6a42fd9" botid.schemaname="new_bot_84ec227c19784e7ba25cb34f4638f91e">
    <iscustomizable>1</iscustomizable>
  </bot_botcomponent>
  <bot_botcomponent botcomponentid.schemaname="new_topic_22640bcba72e4bef8ee313d37b678dea" botid.schemaname="new_bot_84ec227c19784e7ba25cb34f4638f91e">
    <iscustomizable>1</iscustomizable>
  </bot_botcomponent>
  <bot_botcomponent botcomponentid.schemaname="new_topic_24948944961146258a8c1e46b0ea0323" botid.schemaname="new_bot_84ec227c19784e7ba25cb34f4638f91e">
    <iscustomizable>1</iscustomizable>
  </bot_botcomponent>
  <bot_botcomponent botcomponentid.schemaname="new_topic_2539ca4eaa60473094f7423fbd2b2d16" botid.schemaname="new_bot_84ec227c19784e7ba25cb34f4638f91e">
    <iscustomizable>1</iscustomizable>
  </bot_botcomponent>
  <bot_botcomponent botcomponentid.schemaname="new_topic_254a4d75159a43d597f5961fd1447566" botid.schemaname="new_bot_84ec227c19784e7ba25cb34f4638f91e">
    <iscustomizable>1</iscustomizable>
  </bot_botcomponent>
  <bot_botcomponent botcomponentid.schemaname="new_topic_2582bb496b7f4abcbbc65625dc4d8e30" botid.schemaname="new_bot_84ec227c19784e7ba25cb34f4638f91e">
    <iscustomizable>1</iscustomizable>
  </bot_botcomponent>
  <bot_botcomponent botcomponentid.schemaname="new_topic_2ead6aee9f6c4c12a31706f3e61da5c2" botid.schemaname="new_bot_84ec227c19784e7ba25cb34f4638f91e">
    <iscustomizable>1</iscustomizable>
  </bot_botcomponent>
  <bot_botcomponent botcomponentid.schemaname="new_topic_3013fbdbfa4b46aaa1003132ba82ba6c" botid.schemaname="new_bot_84ec227c19784e7ba25cb34f4638f91e">
    <iscustomizable>1</iscustomizable>
  </bot_botcomponent>
  <bot_botcomponent botcomponentid.schemaname="new_topic_3073a913d6824cceb7da48526da22589" botid.schemaname="new_bot_84ec227c19784e7ba25cb34f4638f91e">
    <iscustomizable>1</iscustomizable>
  </bot_botcomponent>
  <bot_botcomponent botcomponentid.schemaname="new_topic_308e57d8421a45f69ae387fccbe675a9" botid.schemaname="new_bot_84ec227c19784e7ba25cb34f4638f91e">
    <iscustomizable>1</iscustomizable>
  </bot_botcomponent>
  <bot_botcomponent botcomponentid.schemaname="new_topic_34b0fb851bef44e1b3130625cf7267f8" botid.schemaname="new_bot_84ec227c19784e7ba25cb34f4638f91e">
    <iscustomizable>1</iscustomizable>
  </bot_botcomponent>
  <bot_botcomponent botcomponentid.schemaname="new_topic_3657595e0bfa47f2b5cc90e82e8eee43" botid.schemaname="new_bot_84ec227c19784e7ba25cb34f4638f91e">
    <iscustomizable>1</iscustomizable>
  </bot_botcomponent>
  <bot_botcomponent botcomponentid.schemaname="new_topic_387fff03376d4f30886ae18d9088f58f" botid.schemaname="new_bot_84ec227c19784e7ba25cb34f4638f91e">
    <iscustomizable>1</iscustomizable>
  </bot_botcomponent>
  <bot_botcomponent botcomponentid.schemaname="new_topic_390a5fc136654f0e9c584a99d42866bd" botid.schemaname="new_bot_84ec227c19784e7ba25cb34f4638f91e">
    <iscustomizable>1</iscustomizable>
  </bot_botcomponent>
  <bot_botcomponent botcomponentid.schemaname="new_topic_3987f127ad364ec5b44229ec8c67cf52" botid.schemaname="new_bot_84ec227c19784e7ba25cb34f4638f91e">
    <iscustomizable>1</iscustomizable>
  </bot_botcomponent>
  <bot_botcomponent botcomponentid.schemaname="new_topic_3bdcc14930164f73a9bc678ab1f07112" botid.schemaname="new_bot_84ec227c19784e7ba25cb34f4638f91e">
    <iscustomizable>1</iscustomizable>
  </bot_botcomponent>
  <bot_botcomponent botcomponentid.schemaname="new_topic_3d9fd2d3b9504851a65c647dabadb4db" botid.schemaname="new_bot_84ec227c19784e7ba25cb34f4638f91e">
    <iscustomizable>1</iscustomizable>
  </bot_botcomponent>
  <bot_botcomponent botcomponentid.schemaname="new_topic_3ea0c57a1e544667968334d1e5e621dc" botid.schemaname="new_bot_84ec227c19784e7ba25cb34f4638f91e">
    <iscustomizable>1</iscustomizable>
  </bot_botcomponent>
  <bot_botcomponent botcomponentid.schemaname="new_topic_3f9802c4b470488c8b5071b2d42febf9" botid.schemaname="new_bot_84ec227c19784e7ba25cb34f4638f91e">
    <iscustomizable>1</iscustomizable>
  </bot_botcomponent>
  <bot_botcomponent botcomponentid.schemaname="new_topic_3fe52b593d024edc9e0fa4bc1d37646a" botid.schemaname="new_bot_84ec227c19784e7ba25cb34f4638f91e">
    <iscustomizable>1</iscustomizable>
  </bot_botcomponent>
  <bot_botcomponent botcomponentid.schemaname="new_topic_4426f3838fe348fa8af7194a9ea88f1c" botid.schemaname="new_bot_84ec227c19784e7ba25cb34f4638f91e">
    <iscustomizable>1</iscustomizable>
  </bot_botcomponent>
  <bot_botcomponent botcomponentid.schemaname="new_topic_46def5f8545d414da819b29873321a1a" botid.schemaname="new_bot_84ec227c19784e7ba25cb34f4638f91e">
    <iscustomizable>1</iscustomizable>
  </bot_botcomponent>
  <bot_botcomponent botcomponentid.schemaname="new_topic_4790393d3b6b417b827ae888b18b50f1" botid.schemaname="new_bot_84ec227c19784e7ba25cb34f4638f91e">
    <iscustomizable>1</iscustomizable>
  </bot_botcomponent>
  <bot_botcomponent botcomponentid.schemaname="new_topic_4906861606cc443ca533312d22a0c740" botid.schemaname="new_bot_84ec227c19784e7ba25cb34f4638f91e">
    <iscustomizable>1</iscustomizable>
  </bot_botcomponent>
  <bot_botcomponent botcomponentid.schemaname="new_topic_4a1c6a6c91f34848ad31ecef09c8bddd" botid.schemaname="new_bot_84ec227c19784e7ba25cb34f4638f91e">
    <iscustomizable>1</iscustomizable>
  </bot_botcomponent>
  <bot_botcomponent botcomponentid.schemaname="new_topic_4c765930614d485aad0de99407030798" botid.schemaname="new_bot_84ec227c19784e7ba25cb34f4638f91e">
    <iscustomizable>1</iscustomizable>
  </bot_botcomponent>
  <bot_botcomponent botcomponentid.schemaname="new_topic_4ce048b545e44351b82de4a66e076808" botid.schemaname="new_bot_84ec227c19784e7ba25cb34f4638f91e">
    <iscustomizable>1</iscustomizable>
  </bot_botcomponent>
  <bot_botcomponent botcomponentid.schemaname="new_topic_4d05ba9a21094c4db147171a8b0f8123" botid.schemaname="new_bot_84ec227c19784e7ba25cb34f4638f91e">
    <iscustomizable>1</iscustomizable>
  </bot_botcomponent>
  <bot_botcomponent botcomponentid.schemaname="new_topic_50351d3a570840c297809377e0734afa" botid.schemaname="new_bot_84ec227c19784e7ba25cb34f4638f91e">
    <iscustomizable>1</iscustomizable>
  </bot_botcomponent>
  <bot_botcomponent botcomponentid.schemaname="new_topic_50ce3418d6ad4105b25a95d88d8a9aa2" botid.schemaname="new_bot_84ec227c19784e7ba25cb34f4638f91e">
    <iscustomizable>1</iscustomizable>
  </bot_botcomponent>
  <bot_botcomponent botcomponentid.schemaname="new_topic_51af7ef753534bcdada983637eb02b11" botid.schemaname="new_bot_84ec227c19784e7ba25cb34f4638f91e">
    <iscustomizable>1</iscustomizable>
  </bot_botcomponent>
  <bot_botcomponent botcomponentid.schemaname="new_topic_52010c559e8b4bd1836ccf5bb6dd3b93" botid.schemaname="new_bot_84ec227c19784e7ba25cb34f4638f91e">
    <iscustomizable>1</iscustomizable>
  </bot_botcomponent>
  <bot_botcomponent botcomponentid.schemaname="new_topic_580aed07ea214445be1305f1b7c38c94" botid.schemaname="new_bot_84ec227c19784e7ba25cb34f4638f91e">
    <iscustomizable>1</iscustomizable>
  </bot_botcomponent>
  <bot_botcomponent botcomponentid.schemaname="new_topic_583bfd0164ee4caa8c92efc28e0852b6" botid.schemaname="new_bot_84ec227c19784e7ba25cb34f4638f91e">
    <iscustomizable>1</iscustomizable>
  </bot_botcomponent>
  <bot_botcomponent botcomponentid.schemaname="new_topic_5a2370f6b0ac452b81ad2195b49c0ffc" botid.schemaname="new_bot_84ec227c19784e7ba25cb34f4638f91e">
    <iscustomizable>1</iscustomizable>
  </bot_botcomponent>
  <bot_botcomponent botcomponentid.schemaname="new_topic_5d39032f2b304a198222ddab2a13da49" botid.schemaname="new_bot_84ec227c19784e7ba25cb34f4638f91e">
    <iscustomizable>1</iscustomizable>
  </bot_botcomponent>
  <bot_botcomponent botcomponentid.schemaname="new_topic_600863993cb143978022244c7987a555" botid.schemaname="new_bot_84ec227c19784e7ba25cb34f4638f91e">
    <iscustomizable>1</iscustomizable>
  </bot_botcomponent>
  <bot_botcomponent botcomponentid.schemaname="new_topic_622c41d2376e4881a479aa95965864b2" botid.schemaname="new_bot_84ec227c19784e7ba25cb34f4638f91e">
    <iscustomizable>1</iscustomizable>
  </bot_botcomponent>
  <bot_botcomponent botcomponentid.schemaname="new_topic_638b54cf1f9c4088b83076c55ec16a03" botid.schemaname="new_bot_84ec227c19784e7ba25cb34f4638f91e">
    <iscustomizable>1</iscustomizable>
  </bot_botcomponent>
  <bot_botcomponent botcomponentid.schemaname="new_topic_640b8787acf646d79dafad8b82fadbbd" botid.schemaname="new_bot_84ec227c19784e7ba25cb34f4638f91e">
    <iscustomizable>1</iscustomizable>
  </bot_botcomponent>
  <bot_botcomponent botcomponentid.schemaname="new_topic_66b6b0c05e9148a48ff65e5c0af42d36" botid.schemaname="new_bot_84ec227c19784e7ba25cb34f4638f91e">
    <iscustomizable>1</iscustomizable>
  </bot_botcomponent>
  <bot_botcomponent botcomponentid.schemaname="new_topic_6d0e93ccdff74a6e84e6d6cc08211819" botid.schemaname="new_bot_84ec227c19784e7ba25cb34f4638f91e">
    <iscustomizable>1</iscustomizable>
  </bot_botcomponent>
  <bot_botcomponent botcomponentid.schemaname="new_topic_6e3f11b3cee5445e928095371fbfc081" botid.schemaname="new_bot_84ec227c19784e7ba25cb34f4638f91e">
    <iscustomizable>1</iscustomizable>
  </bot_botcomponent>
  <bot_botcomponent botcomponentid.schemaname="new_topic_6ea3a3c0d32a455bb6275570244d8db1" botid.schemaname="new_bot_84ec227c19784e7ba25cb34f4638f91e">
    <iscustomizable>1</iscustomizable>
  </bot_botcomponent>
  <bot_botcomponent botcomponentid.schemaname="new_topic_6f1edbd35c754a228822d88be97edcdd" botid.schemaname="new_bot_84ec227c19784e7ba25cb34f4638f91e">
    <iscustomizable>1</iscustomizable>
  </bot_botcomponent>
  <bot_botcomponent botcomponentid.schemaname="new_topic_7313bdc2268847dca75f5c9cdafd3fe9" botid.schemaname="new_bot_84ec227c19784e7ba25cb34f4638f91e">
    <iscustomizable>1</iscustomizable>
  </bot_botcomponent>
  <bot_botcomponent botcomponentid.schemaname="new_topic_7520200631f2417a88f05effc85e5ea0" botid.schemaname="new_bot_84ec227c19784e7ba25cb34f4638f91e">
    <iscustomizable>1</iscustomizable>
  </bot_botcomponent>
  <bot_botcomponent botcomponentid.schemaname="new_topic_753a20abf7dd4e1f820d9675bd4918e2" botid.schemaname="new_bot_84ec227c19784e7ba25cb34f4638f91e">
    <iscustomizable>1</iscustomizable>
  </bot_botcomponent>
  <bot_botcomponent botcomponentid.schemaname="new_topic_7667d34ef2e74d7ba8b1cbc8bdac29a1" botid.schemaname="new_bot_84ec227c19784e7ba25cb34f4638f91e">
    <iscustomizable>1</iscustomizable>
  </bot_botcomponent>
  <bot_botcomponent botcomponentid.schemaname="new_topic_800ea99eb59148eb84f766d209627cc8" botid.schemaname="new_bot_84ec227c19784e7ba25cb34f4638f91e">
    <iscustomizable>1</iscustomizable>
  </bot_botcomponent>
  <bot_botcomponent botcomponentid.schemaname="new_topic_809fad1f5ae943a086401942b0bd4d35" botid.schemaname="new_bot_84ec227c19784e7ba25cb34f4638f91e">
    <iscustomizable>1</iscustomizable>
  </bot_botcomponent>
  <bot_botcomponent botcomponentid.schemaname="new_topic_84ec227c19784e7ba25cb34f4638f91e_3d2584ec30914684839527e05e7be172_thankyou" botid.schemaname="new_bot_84ec227c19784e7ba25cb34f4638f91e">
    <iscustomizable>1</iscustomizable>
  </bot_botcomponent>
  <bot_botcomponent botcomponentid.schemaname="new_topic_84ec227c19784e7ba25cb34f4638f91e_8a4964498f83424bb3a86295bf7d0952_startover" botid.schemaname="new_bot_84ec227c19784e7ba25cb34f4638f91e">
    <iscustomizable>1</iscustomizable>
  </bot_botcomponent>
  <bot_botcomponent botcomponentid.schemaname="new_topic_84ec227c19784e7ba25cb34f4638f91e_954135cafcd647eaae5999ad91fc08cf_talktoagent" botid.schemaname="new_bot_84ec227c19784e7ba25cb34f4638f91e">
    <iscustomizable>1</iscustomizable>
  </bot_botcomponent>
  <bot_botcomponent botcomponentid.schemaname="new_topic_84ec227c19784e7ba25cb34f4638f91e_aeabea4d071f415c8c107e1cb7af5424_assumedsuccess" botid.schemaname="new_bot_84ec227c19784e7ba25cb34f4638f91e">
    <iscustomizable>1</iscustomizable>
  </bot_botcomponent>
  <bot_botcomponent botcomponentid.schemaname="new_topic_84ec227c19784e7ba25cb34f4638f91e_ba7b967c97ba4c39bca58a8bb6a72d59_conversationstart" botid.schemaname="new_bot_84ec227c19784e7ba25cb34f4638f91e">
    <iscustomizable>1</iscustomizable>
  </bot_botcomponent>
  <bot_botcomponent botcomponentid.schemaname="new_topic_84ec227c19784e7ba25cb34f4638f91e_d2198a5ee41a48a5bf70ab8970145a9f_confirmedfailure" botid.schemaname="new_bot_84ec227c19784e7ba25cb34f4638f91e">
    <iscustomizable>1</iscustomizable>
  </bot_botcomponent>
  <bot_botcomponent botcomponentid.schemaname="new_topic_84ec227c19784e7ba25cb34f4638f91e_db1f76b081dc43389df9dd2df7518737_confirmedsuccess" botid.schemaname="new_bot_84ec227c19784e7ba25cb34f4638f91e">
    <iscustomizable>1</iscustomizable>
  </bot_botcomponent>
  <bot_botcomponent botcomponentid.schemaname="new_topic_84ec227c19784e7ba25cb34f4638f91e_f56d1a3e522740c78f9fac0939332dbd_goodbye" botid.schemaname="new_bot_84ec227c19784e7ba25cb34f4638f91e">
    <iscustomizable>1</iscustomizable>
  </bot_botcomponent>
  <bot_botcomponent botcomponentid.schemaname="new_topic_8548317936404a7f893f44bb23f2ab23" botid.schemaname="new_bot_84ec227c19784e7ba25cb34f4638f91e">
    <iscustomizable>1</iscustomizable>
  </bot_botcomponent>
  <bot_botcomponent botcomponentid.schemaname="new_topic_862abd95a48e4b8dabda1603f13c26ad" botid.schemaname="new_bot_84ec227c19784e7ba25cb34f4638f91e">
    <iscustomizable>1</iscustomizable>
  </bot_botcomponent>
  <bot_botcomponent botcomponentid.schemaname="new_topic_87e990e9707e47e880e045b996bdbfd5" botid.schemaname="new_bot_84ec227c19784e7ba25cb34f4638f91e">
    <iscustomizable>1</iscustomizable>
  </bot_botcomponent>
  <bot_botcomponent botcomponentid.schemaname="new_topic_88c5c2e169024fb1a90ec818f9a924f2" botid.schemaname="new_bot_84ec227c19784e7ba25cb34f4638f91e">
    <iscustomizable>1</iscustomizable>
  </bot_botcomponent>
  <bot_botcomponent botcomponentid.schemaname="new_topic_890c2ffefcf94c76baf7a478b98c461c" botid.schemaname="new_bot_84ec227c19784e7ba25cb34f4638f91e">
    <iscustomizable>1</iscustomizable>
  </bot_botcomponent>
  <bot_botcomponent botcomponentid.schemaname="new_topic_8e7ac29e0fe94f799be0d0774f489117" botid.schemaname="new_bot_84ec227c19784e7ba25cb34f4638f91e">
    <iscustomizable>1</iscustomizable>
  </bot_botcomponent>
  <bot_botcomponent botcomponentid.schemaname="new_topic_8f91cbba5ffd4d23b08e0b595a088d20" botid.schemaname="new_bot_84ec227c19784e7ba25cb34f4638f91e">
    <iscustomizable>1</iscustomizable>
  </bot_botcomponent>
  <bot_botcomponent botcomponentid.schemaname="new_topic_919dfb99701a4958bc4f26ae14a27304" botid.schemaname="new_bot_84ec227c19784e7ba25cb34f4638f91e">
    <iscustomizable>1</iscustomizable>
  </bot_botcomponent>
  <bot_botcomponent botcomponentid.schemaname="new_topic_92e48a841e654908a7dbd354bbc3d39a" botid.schemaname="new_bot_84ec227c19784e7ba25cb34f4638f91e">
    <iscustomizable>1</iscustomizable>
  </bot_botcomponent>
  <bot_botcomponent botcomponentid.schemaname="new_topic_972215a2b7f844ba8fc51e2fadacd8bf" botid.schemaname="new_bot_84ec227c19784e7ba25cb34f4638f91e">
    <iscustomizable>1</iscustomizable>
  </bot_botcomponent>
  <bot_botcomponent botcomponentid.schemaname="new_topic_97885a4ade73477daf02281da5611784" botid.schemaname="new_bot_84ec227c19784e7ba25cb34f4638f91e">
    <iscustomizable>1</iscustomizable>
  </bot_botcomponent>
  <bot_botcomponent botcomponentid.schemaname="new_topic_98712f5cb3034c91b9aaf8e208e9c442" botid.schemaname="new_bot_84ec227c19784e7ba25cb34f4638f91e">
    <iscustomizable>1</iscustomizable>
  </bot_botcomponent>
  <bot_botcomponent botcomponentid.schemaname="new_topic_9bc686bae10c4db18e9f09f1eb421f0f" botid.schemaname="new_bot_84ec227c19784e7ba25cb34f4638f91e">
    <iscustomizable>1</iscustomizable>
  </bot_botcomponent>
  <bot_botcomponent botcomponentid.schemaname="new_topic_a30a6f32be4b4278aa4305901464565f" botid.schemaname="new_bot_84ec227c19784e7ba25cb34f4638f91e">
    <iscustomizable>1</iscustomizable>
  </bot_botcomponent>
  <bot_botcomponent botcomponentid.schemaname="new_topic_ab4305cac3f44c2b9f30cd5edc0b9da4" botid.schemaname="new_bot_84ec227c19784e7ba25cb34f4638f91e">
    <iscustomizable>1</iscustomizable>
  </bot_botcomponent>
  <bot_botcomponent botcomponentid.schemaname="new_topic_acb3aca9a96d42e1ab65d3cc52676cb8" botid.schemaname="new_bot_84ec227c19784e7ba25cb34f4638f91e">
    <iscustomizable>1</iscustomizable>
  </bot_botcomponent>
  <bot_botcomponent botcomponentid.schemaname="new_topic_ad5da36ba3184365ae243ac847b3e224" botid.schemaname="new_bot_84ec227c19784e7ba25cb34f4638f91e">
    <iscustomizable>1</iscustomizable>
  </bot_botcomponent>
  <bot_botcomponent botcomponentid.schemaname="new_topic_ad61b428de5047518ac22c99b550aab7" botid.schemaname="new_bot_84ec227c19784e7ba25cb34f4638f91e">
    <iscustomizable>1</iscustomizable>
  </bot_botcomponent>
  <bot_botcomponent botcomponentid.schemaname="new_topic_ae7f12717cf7468ba97ce034190a4620" botid.schemaname="new_bot_84ec227c19784e7ba25cb34f4638f91e">
    <iscustomizable>1</iscustomizable>
  </bot_botcomponent>
  <bot_botcomponent botcomponentid.schemaname="new_topic_ae9fac26d40144b8bf525c9745ee3462" botid.schemaname="new_bot_84ec227c19784e7ba25cb34f4638f91e">
    <iscustomizable>1</iscustomizable>
  </bot_botcomponent>
  <bot_botcomponent botcomponentid.schemaname="new_topic_afbdefb5c547447eab3610f6811852b2" botid.schemaname="new_bot_84ec227c19784e7ba25cb34f4638f91e">
    <iscustomizable>1</iscustomizable>
  </bot_botcomponent>
  <bot_botcomponent botcomponentid.schemaname="new_topic_b20fe3397c16447294f1b1433a403fb3" botid.schemaname="new_bot_84ec227c19784e7ba25cb34f4638f91e">
    <iscustomizable>1</iscustomizable>
  </bot_botcomponent>
  <bot_botcomponent botcomponentid.schemaname="new_topic_b6e199e7847d4d0c97401eaa121b013b" botid.schemaname="new_bot_84ec227c19784e7ba25cb34f4638f91e">
    <iscustomizable>1</iscustomizable>
  </bot_botcomponent>
  <bot_botcomponent botcomponentid.schemaname="new_topic_b90e68ca532a4991b515d99e027665f8" botid.schemaname="new_bot_84ec227c19784e7ba25cb34f4638f91e">
    <iscustomizable>1</iscustomizable>
  </bot_botcomponent>
  <bot_botcomponent botcomponentid.schemaname="new_topic_c0e813ccb50b48b5ba3cad41bf1cd4a8" botid.schemaname="new_bot_84ec227c19784e7ba25cb34f4638f91e">
    <iscustomizable>1</iscustomizable>
  </bot_botcomponent>
  <bot_botcomponent botcomponentid.schemaname="new_topic_c34650e24c1446278891f1cedad6d74b" botid.schemaname="new_bot_84ec227c19784e7ba25cb34f4638f91e">
    <iscustomizable>1</iscustomizable>
  </bot_botcomponent>
  <bot_botcomponent botcomponentid.schemaname="new_topic_c88f0cebca574658a6e5f2fc434517f3" botid.schemaname="new_bot_84ec227c19784e7ba25cb34f4638f91e">
    <iscustomizable>1</iscustomizable>
  </bot_botcomponent>
  <bot_botcomponent botcomponentid.schemaname="new_topic_c94a2ce8cdbb4f759d197db594b97e24" botid.schemaname="new_bot_84ec227c19784e7ba25cb34f4638f91e">
    <iscustomizable>1</iscustomizable>
  </bot_botcomponent>
  <bot_botcomponent botcomponentid.schemaname="new_topic_cb7697da5afa43fc83cff24d1ac3744f" botid.schemaname="new_bot_84ec227c19784e7ba25cb34f4638f91e">
    <iscustomizable>1</iscustomizable>
  </bot_botcomponent>
  <bot_botcomponent botcomponentid.schemaname="new_topic_d0900edc3f7741b59abaa956aaf4b94a" botid.schemaname="new_bot_84ec227c19784e7ba25cb34f4638f91e">
    <iscustomizable>1</iscustomizable>
  </bot_botcomponent>
  <bot_botcomponent botcomponentid.schemaname="new_topic_d1e5b1fecad548a4b278960219263f44" botid.schemaname="new_bot_84ec227c19784e7ba25cb34f4638f91e">
    <iscustomizable>1</iscustomizable>
  </bot_botcomponent>
  <bot_botcomponent botcomponentid.schemaname="new_topic_d223fd6723a44d04a1b3b3c5fbb5e329" botid.schemaname="new_bot_84ec227c19784e7ba25cb34f4638f91e">
    <iscustomizable>1</iscustomizable>
  </bot_botcomponent>
  <bot_botcomponent botcomponentid.schemaname="new_topic_d8b4184119064fe9b6e0936132cb1869" botid.schemaname="new_bot_84ec227c19784e7ba25cb34f4638f91e">
    <iscustomizable>1</iscustomizable>
  </bot_botcomponent>
  <bot_botcomponent botcomponentid.schemaname="new_topic_d9c7f1e8d7c44e3cac6a9661cdb23fa0" botid.schemaname="new_bot_84ec227c19784e7ba25cb34f4638f91e">
    <iscustomizable>1</iscustomizable>
  </bot_botcomponent>
  <bot_botcomponent botcomponentid.schemaname="new_topic_dc8c5b24f64d44c7bc981522cb9cff3d" botid.schemaname="new_bot_84ec227c19784e7ba25cb34f4638f91e">
    <iscustomizable>1</iscustomizable>
  </bot_botcomponent>
  <bot_botcomponent botcomponentid.schemaname="new_topic_df3ba121938b4b36b59decdad02744ac" botid.schemaname="new_bot_84ec227c19784e7ba25cb34f4638f91e">
    <iscustomizable>1</iscustomizable>
  </bot_botcomponent>
  <bot_botcomponent botcomponentid.schemaname="new_topic_e039bacb0acd4bc5875e39667e7c1cce" botid.schemaname="new_bot_84ec227c19784e7ba25cb34f4638f91e">
    <iscustomizable>1</iscustomizable>
  </bot_botcomponent>
  <bot_botcomponent botcomponentid.schemaname="new_topic_e4d727a525f0456caa3e89c5be9d6270" botid.schemaname="new_bot_84ec227c19784e7ba25cb34f4638f91e">
    <iscustomizable>1</iscustomizable>
  </bot_botcomponent>
  <bot_botcomponent botcomponentid.schemaname="new_topic_e79110959cdc45f0b25827462c050dc6" botid.schemaname="new_bot_84ec227c19784e7ba25cb34f4638f91e">
    <iscustomizable>1</iscustomizable>
  </bot_botcomponent>
  <bot_botcomponent botcomponentid.schemaname="new_topic_ea5180b7c2e94e9eb2d2d2e53d92778d" botid.schemaname="new_bot_84ec227c19784e7ba25cb34f4638f91e">
    <iscustomizable>1</iscustomizable>
  </bot_botcomponent>
  <bot_botcomponent botcomponentid.schemaname="new_topic_eb344c0516374f138dbbd2361bd8f779" botid.schemaname="new_bot_84ec227c19784e7ba25cb34f4638f91e">
    <iscustomizable>1</iscustomizable>
  </bot_botcomponent>
  <bot_botcomponent botcomponentid.schemaname="new_topic_f221c9bf9b614dfdb505e13faa239c8f" botid.schemaname="new_bot_84ec227c19784e7ba25cb34f4638f91e">
    <iscustomizable>1</iscustomizable>
  </bot_botcomponent>
  <bot_botcomponent botcomponentid.schemaname="new_topic_f24f7b1b416a4ec59b6c828fdc8f4905" botid.schemaname="new_bot_84ec227c19784e7ba25cb34f4638f91e">
    <iscustomizable>1</iscustomizable>
  </bot_botcomponent>
  <bot_botcomponent botcomponentid.schemaname="new_topic_f31aa848d26040e4b80daf2cee6b9e3f" botid.schemaname="new_bot_84ec227c19784e7ba25cb34f4638f91e">
    <iscustomizable>1</iscustomizable>
  </bot_botcomponent>
  <bot_botcomponent botcomponentid.schemaname="new_topic_fea31e61b0ff49abaec921c5720c6e97" botid.schemaname="new_bot_84ec227c19784e7ba25cb34f4638f91e">
    <iscustomizable>1</iscustomizable>
  </bot_botcomponent>
</bot_botcomponentset>