<botcomponent_workflowset>
  <botcomponent_workflow botcomponentid.schemaname="new_topic_3657595e0bfa47f2b5cc90e82e8eee43" workflowid.workflowid="0165efbb-1b62-eb11-a812-000d3a9bb512">
    <iscustomizable>1</iscustomizable>
  </botcomponent_workflow>
  <botcomponent_workflow botcomponentid.schemaname="new_topic_3bdcc14930164f73a9bc678ab1f07112" workflowid.workflowid="0f943b71-9684-ee11-8179-0022482014ea">
    <iscustomizable>1</iscustomizable>
  </botcomponent_workflow>
  <botcomponent_workflow botcomponentid.schemaname="new_topic_84ec227c19784e7ba25cb34f4638f91e_954135cafcd647eaae5999ad91fc08cf_talktoagent" workflowid.workflowid="03c857c8-3e2f-eb11-a813-000d3a98dbb4">
    <iscustomizable>1</iscustomizable>
  </botcomponent_workflow>
  <botcomponent_workflow botcomponentid.schemaname="new_topic_84ec227c19784e7ba25cb34f4638f91e_ba7b967c97ba4c39bca58a8bb6a72d59_conversationstart" workflowid.workflowid="c9579f47-cb2f-eb11-a813-000d3a98dbb4">
    <iscustomizable>1</iscustomizable>
  </botcomponent_workflow>
  <botcomponent_workflow botcomponentid.schemaname="new_topic_862abd95a48e4b8dabda1603f13c26ad" workflowid.workflowid="b6e07155-9484-ee11-8179-0022482014ea">
    <iscustomizable>1</iscustomizable>
  </botcomponent_workflow>
</botcomponent_workflowset>