{
  "intents": [
    {
      "triggerQueries": [
        "Forlat en gruppesamtale",
        "Slutt å være med på en gruppechat",
        "Forlat en gruppechat"
      ],
      "dialogId": "new_topic_6333f7408cd64cc88fd043eed40c0f49",
      "isTriggeringEnabled": true,
      "id": "new_topic_6333f7408cd64cc88fd043eed40c0f49",
      "displayName": "Forlate en gruppechat",
      "description": "https://norwegianteams.blob.core.windows.net/norwegian-container/Tima - p19 to p33.docx",
      "createdTime": "2021-04-07T15:28:47.1722779Z",
      "updatedTime": "2021-04-07T15:33:12.4424146Z",
      "createdUserId": "ef0c8b9a-eff1-49f8-92fa-fd1d3e15e1ba",
      "updatedUserId": "ef0c8b9a-eff1-49f8-92fa-fd1d3e15e1ba"
    }
  ],
  "dialogs": [
    {
      "rootNodeId": "00392599-113f-42bc-92d7-94913ce7119f",
      "messageNodes": [
        {
          "botMessageId": "88c70460-228c-4219-8d8d-f028d1ef3bb7",
          "nodeType": "BotMessageNode",
          "id": "00392599-113f-42bc-92d7-94913ce7119f",
          "defaultTargetNodeId": "beb442aa-2325-480a-806c-c3a0922faab9"
        },
        {
          "botMessageId": "7e1b8460-b54e-43a9-95b0-ca9372040520",
          "nodeType": "BotMessageNode",
          "id": "beb442aa-2325-480a-806c-c3a0922faab9",
          "defaultTargetNodeId": "e7a6300e-78b9-4e34-9fc3-ef9f69628a60"
        }
      ],
      "dialogChangeNodes": [
        {
          "targetDialogId": "new_topic_89c49d37fd4c4c1c9144396960733ce1_aeabea4d071f415c8c107e1cb7af5424_assumedsuccess",
          "nodeType": "DialogChangeNode",
          "id": "e7a6300e-78b9-4e34-9fc3-ef9f69628a60"
        }
      ],
      "id": "new_topic_6333f7408cd64cc88fd043eed40c0f49",
      "displayName": "Dialog for Forlate en gruppechat",
      "createdTime": "2021-04-07T15:28:47.1722779Z",
      "updatedTime": "2021-04-07T15:30:22.567132Z",
      "createdUserId": "ef0c8b9a-eff1-49f8-92fa-fd1d3e15e1ba",
      "updatedUserId": "ef0c8b9a-eff1-49f8-92fa-fd1d3e15e1ba"
    }
  ],
  "botMessages": [
    {
      "channelContent": {
        "web": {
          "contentFormat": "Markdown",
          "content": "Hvis du bestemmer deg for å forlate en gruppesamtale i Teams, følger du disse trinnene:\n\n1.  Velg **Chat** for å åpne chatlisten.\n2.  Finn navnet på gruppen du vil forlate.\n3.  Velg **Flere alternativer…** > **Forlat**."
        }
      },
      "id": "88c70460-228c-4219-8d8d-f028d1ef3bb7",
      "createdTime": "2021-04-07T15:28:47.1722779Z",
      "updatedTime": "2021-04-07T15:28:47.1722779Z",
      "createdUserId": "ef0c8b9a-eff1-49f8-92fa-fd1d3e15e1ba",
      "updatedUserId": "ef0c8b9a-eff1-49f8-92fa-fd1d3e15e1ba"
    },
    {
      "channelContent": {
        "web": {
          "contentFormat": "Markdown",
          "content": "Hvis du ombestemmer deg, kan du bare be noen om å invitere deg til gruppen på nytt."
        }
      },
      "id": "7e1b8460-b54e-43a9-95b0-ca9372040520",
      "createdTime": "2021-04-07T15:30:15.552Z",
      "updatedTime": "2021-04-07T15:30:15.552Z",
      "createdUserId": "user-0",
      "updatedUserId": "user-0"
    }
  ],
  "createdUtc": "0001-01-01T00:00:00Z"
}