{
  "intents": [
    {
      "endUserOverrideName": "Unterschied zwischen Team und Kanal",
      "triggerQueries": [
        "unterschied team und kanal",
        "unterschied kanal und team",
        "Team oder Kanal - was soll ich nutzen?",
        "Wann nutzt man eine Team und wann einen Kanal?",
        "team vs kanal",
        "Sind Teams und Kanäle unteschiedlich?",
        "Was ist der Unterschied zwischen einem Team und einem Kanal?",
        "Was ist ein Team und was ist ein Kanal?",
        "Was unterscheidet ein Team von einem Kanal?",
        "Unterschied zwischen Team und Kanal"
      ],
      "dialogId": "new_topic_0ca5e45ccb1f4b638bd81de1b02db20e",
      "isTriggeringEnabled": true,
      "id": "new_topic_0ca5e45ccb1f4b638bd81de1b02db20e",
      "displayName": "Was ist der Unterschied zwischen einem Team und einem Kanal?",
      "description": "https://adoptbotv2kb.blob.core.windows.net/%24web/AdoptBot2021-English.docx",
      "createdTime": "2021-04-18T17:37:18.6879959Z",
      "updatedTime": "2021-04-18T17:37:18.6879959Z",
      "createdUserId": "86360cd1-faa6-4d16-8a0c-ba3116c8a977"
    }
  ],
  "dialogs": [
    {
      "rootNodeId": "00a3b6c2-6f16-4eef-9481-369b762552ec",
      "messageNodes": [
        {
          "botMessageId": "d094d712-253a-436f-a3dc-e49039d1ba3f",
          "nodeType": "BotMessageNode",
          "id": "00a3b6c2-6f16-4eef-9481-369b762552ec",
          "defaultTargetNodeId": "1c6d820b-cd70-4a0a-b6cd-4d97e9ef2816"
        },
        {
          "botMessageId": "12ca6630-f5a1-4c7c-970d-58d5cd8baeda",
          "nodeType": "BotMessageNode",
          "id": "1c6d820b-cd70-4a0a-b6cd-4d97e9ef2816",
          "defaultTargetNodeId": "f85b7bcd-7ff8-4f09-9977-ac130e09a76e"
        },
        {
          "botMessageId": "23956e6a-a7a6-4b95-9ab2-1013db9efb72",
          "nodeType": "BotMessageNode",
          "id": "f85b7bcd-7ff8-4f09-9977-ac130e09a76e",
          "defaultTargetNodeId": "d8cb07bd-9fa8-43ea-8403-3969ac09dad7"
        },
        {
          "botMessageId": "bc72496e-a17f-44bb-8bc8-9d13d681745f",
          "nodeType": "BotMessageNode",
          "id": "d8cb07bd-9fa8-43ea-8403-3969ac09dad7",
          "defaultTargetNodeId": "b886c81b-230a-4502-967f-76174940ae99"
        },
        {
          "botMessageId": "9c8be015-6058-45cc-9446-c0be7a4f7e50",
          "nodeType": "BotMessageNode",
          "id": "b886c81b-230a-4502-967f-76174940ae99",
          "defaultTargetNodeId": "3cb6e04f-9474-4c46-ac40-de77d753177c"
        }
      ],
      "dialogChangeNodes": [
        {
          "targetDialogId": "new_topic_30867099f4b543d3b8543a85c22c3418_aeabea4d071f415c8c107e1cb7af5424_assumedsuccess",
          "nodeType": "DialogChangeNode",
          "id": "3cb6e04f-9474-4c46-ac40-de77d753177c"
        }
      ],
      "id": "new_topic_0ca5e45ccb1f4b638bd81de1b02db20e",
      "displayName": "Dialog for Was ist der Unterschied zwischen einem Team und einem Kanal?",
      "createdTime": "2021-04-18T17:37:18.6879959Z",
      "updatedTime": "2021-04-18T17:40:26.589216Z",
      "createdUserId": "86360cd1-faa6-4d16-8a0c-ba3116c8a977",
      "updatedUserId": "86360cd1-faa6-4d16-8a0c-ba3116c8a977"
    }
  ],
  "botMessages": [
    {
      "channelContent": {
        "web": {
          "contentFormat": "Markdown",
          "content": "**Ein Team** ist eine Gruppe von Menschen, die zusammenkommen, um in Ihrer Organisation etwas Großes zu erreichen. Manchmal ist es Ihre gesamte Organisation."
        }
      },
      "id": "d094d712-253a-436f-a3dc-e49039d1ba3f",
      "createdTime": "2021-04-18T17:37:18.6879959Z",
      "updatedTime": "2021-04-18T17:37:18.6879959Z",
      "createdUserId": "86360cd1-faa6-4d16-8a0c-ba3116c8a977",
      "updatedUserId": "86360cd1-faa6-4d16-8a0c-ba3116c8a977"
    },
    {
      "channelContent": {
        "web": {
          "contentFormat": "Markdown",
          "content": "**Kanalunterhaltungen sind öffentlich,** aber C**hats sind nur zwischen Ihnen und einer anderen Person (oder einer Gruppe von Personen)**. Stellen Sie sich letztere wie Sofortnachrichten in Skype for Business oder anderen Messaging-Apps vor."
        }
      },
      "id": "12ca6630-f5a1-4c7c-970d-58d5cd8baeda",
      "createdTime": "2021-04-18T17:37:40.631Z",
      "updatedTime": "2021-04-18T17:37:40.631Z",
      "createdUserId": "user-0",
      "updatedUserId": "user-0"
    },
    {
      "channelContent": {
        "web": {
          "contentFormat": "Markdown",
          "content": "**Ein Team besteht aus Kanälen**, in denen Sie mit Ihren Teammitgliedern zusammenarbeiten und kommunizieren. Jeder Kanal ist einem bestimmten Thema, einer Abteilung oder einem Projekt gewidmet."
        }
      },
      "id": "23956e6a-a7a6-4b95-9ab2-1013db9efb72",
      "createdTime": "2021-04-18T17:38:13.086Z",
      "updatedTime": "2021-04-18T17:38:13.086Z",
      "createdUserId": "user-0",
      "updatedUserId": "user-0"
    },
    {
      "channelContent": {
        "web": {
          "contentFormat": "Markdown",
          "content": "Ein Team kann **zum Beispiel** allgemeine, Marketing-, Inspirations- und weitere Kanäle haben. Alle Unterhaltungen, Meetings, Dateien und Apps in Ihrem Marketing-Kanal haben mit Marketing zu tun, und alles in diesem Kanal ist für jeden in Ihrem Team sichtbar."
        }
      },
      "id": "bc72496e-a17f-44bb-8bc8-9d13d681745f",
      "createdTime": "2021-04-18T17:38:39.702Z",
      "updatedTime": "2021-04-18T17:38:39.702Z",
      "createdUserId": "user-0",
      "updatedUserId": "user-0"
    },
    {
      "channelContent": {
        "web": {
          "contentFormat": "Markdown",
          "content": "Kanäle sind der Ort, an dem die eigentliche Arbeit stattfindet, an dem [Text-, Audio- und Videokonversationen](https://support.microsoft.com/de-de/office/besprechungen-in-microsoft-teams-e0b0ae21-53ee-4462-a50d-ca9b9e217b67?ui=de-DE&rs=de-DE&ad=DE) für das gesamte Team offen stattfinden, an dem Dateien geteilt werden und an dem [Apps hinzugefügt werden.](https://support.microsoft.com/de-de/office/hinzuf%c3%bcgen-einer-app-zu-microsoft-teams-b2217706-f7ed-4e64-8e96-c413afd02f77?ui=de-DE&rs=de-DE&ad=DE)"
        }
      },
      "id": "9c8be015-6058-45cc-9446-c0be7a4f7e50",
      "createdTime": "2021-04-18T17:39:10.062Z",
      "updatedTime": "2021-04-18T17:39:10.062Z",
      "createdUserId": "user-0",
      "updatedUserId": "user-0"
    }
  ],
  "createdUtc": "0001-01-01T00:00:00Z"
}