{
  "intents": [
    {
      "triggerQueries": [
        "Rimuovere qualcuno da una chat di gruppo?",
        "Rimuovere una persona dalla chat di gruppo",
        "Rimuovere qualcuno da una chat di gruppo?",
        "Rimuovere un partecipante da una chat",
        "cambiare i membri di una chat di gruppo",
        "personalizzare chi è in una chat di gruppo",
        "rimozione di una persona dal gruppo di chat",
        "Butta qualcuno fuori dalla chat",
        "rimuovere qualcuno dalla chat di gruppo",
        "Come faccio a rimuovere qualcuno da una chat di gruppo?"
      ],
      "dialogId": "new_topic_1a3dafddfdd84f17900dd17442eb3b71",
      "isTriggeringEnabled": true,
      "id": "new_topic_1a3dafddfdd84f17900dd17442eb3b71",
      "displayName": "Come faccio a rimuovere qualcuno da una chat di gruppo?",
      "createdTime": "2022-04-28T12:34:00.8594225Z",
      "updatedTime": "2022-04-28T12:34:00.8594225Z",
      "createdUserId": "9451fc51-e00d-4445-8ff9-efb70866dc3b",
      "updatedUserId": "9451fc51-e00d-4445-8ff9-efb70866dc3b"
    }
  ],
  "dialogs": [
    {
      "rootNodeId": "cafbbeb5-72a2-4502-90ba-8380126c0780",
      "messageNodes": [
        {
          "botMessageId": "59e70a2c-4d36-4428-9d68-08d3c55e46bd",
          "nodeType": "BotMessageNode",
          "id": "cafbbeb5-72a2-4502-90ba-8380126c0780",
          "defaultTargetNodeId": "1cf63213-c826-443c-921f-ba57e5e91816"
        }
      ],
      "dialogChangeNodes": [
        {
          "targetDialogId": "new_topic_f98a24608ee04cb998de3e3e32703d5b_aeabea4d071f415c8c107e1cb7af5424_assumedsuccess",
          "nodeType": "DialogChangeNode",
          "id": "1cf63213-c826-443c-921f-ba57e5e91816"
        }
      ],
      "id": "new_topic_1a3dafddfdd84f17900dd17442eb3b71",
      "displayName": "Senza titolo",
      "createdTime": "2022-04-28T12:34:00.8594225Z",
      "updatedTime": "2022-04-28T12:34:00.8594225Z",
      "createdUserId": "9451fc51-e00d-4445-8ff9-efb70866dc3b",
      "updatedUserId": "9451fc51-e00d-4445-8ff9-efb70866dc3b"
    }
  ],
  "botMessages": [
    {
      "channelContent": {
        "web": {
          "contentFormat": "Markdown",
          "content": "Si può [lasciare una chat di gruppo o rimuovere gli altri partecipanti](https://support.microsoft.com/it-it/office/lasciare-o-rimuovere-un-utente-da-una-chat-di-gruppo-7db55a67-0ba4-4409-a399-5ed502a1d094) .\n\n1.  Apri una chat di gruppo con tre o più persone.\n2.  Fare clic sul numero di membri, quindi passare il mouse sopra la persona che si desidera rimuovere.\n3.  Selezionare X e confermare che si desidera rimuovere il partecipante dalla chat."
        }
      },
      "id": "59e70a2c-4d36-4428-9d68-08d3c55e46bd",
      "createdTime": "2022-04-28T12:26:15.19Z",
      "updatedTime": "2022-04-28T12:26:15.19Z"
    }
  ]
}