{
  "intents": [
    {
      "endUserOverrideName": "Comment rejoindre une équipe en invité",
      "triggerQueries": [
        "Comment rejoindre une équipe en invité",
        "quelle est l'expérience pour les invités externes?",
        "Comment des invités externes rejoignent-ils une équipe?",
        "Envoyer une invitation à des externes pour rejoindre une équipe",
        "Quelle est l'expérience des invités lorsqu'ils rejoignent une équipe?",
        "Est-ce difficile de rejoindre une équipe en tant qu'invité?",
        "Activer une invitation pour invités externes à une équipe",
        "Comment les personnes externes rejoignent une équipe?",
        "Est-ce que les personnes externes peuvent rejoindre une équipe depuis leur téléphone?",
        "Comment des personnes externes peuvent rejoindre une équipe?",
        "Comment collaborer avec des personnes externe dans Teams?",
        "Comment inviter des personnes externes à mon organisation à une équipe Teams?",
        "Comment inviter une personne externe à mon organisation à une équipe?",
        "Comment inviter des externes à une équipe?",
        "Comment une personne d'une autre organisation rejoint une équipe?"
      ],
      "dialogId": "new_topic_666fcb8a190a46459298b659cef5d5a9",
      "isTriggeringEnabled": true,
      "id": "new_topic_666fcb8a190a46459298b659cef5d5a9",
      "displayName": "Comment des invités externes rejoignent-ils une équipe",
      "description": "",
      "createdTime": "2021-01-27T10:51:11.9050095Z",
      "updatedTime": "2021-05-25T00:15:22.2326489Z",
      "createdUserId": "f04d3cd9-b73d-4ba9-a1ed-9319eba29b21",
      "updatedUserId": "a2c4aa2c-d830-41eb-bcf4-467a2c7e1279"
    }
  ],
  "dialogs": [
    {
      "rootNodeId": "cd48863d-f975-4416-b3b7-dc4fa08b5dd0",
      "messageNodes": [
        {
          "botMessageId": "a4d816e4-233f-4bc4-98f1-d717b5ad2ea3",
          "nodeType": "BotMessageNode",
          "id": "cd48863d-f975-4416-b3b7-dc4fa08b5dd0",
          "defaultTargetNodeId": "77d415f5-9267-4bde-a53c-cbdcdc1b4c55"
        },
        {
          "botMessageId": "344e5930-6c03-4d9b-9b3e-80a7d5c3ff4b",
          "nodeType": "BotMessageNode",
          "id": "77d415f5-9267-4bde-a53c-cbdcdc1b4c55",
          "defaultTargetNodeId": "f2dfca5f-a383-4fac-8fb5-6989469916bb"
        }
      ],
      "dialogChangeNodes": [
        {
          "targetDialogId": "new_topic_eac3f49c99664313a9d9dc19d80a79a2_aeabea4d071f415c8c107e1cb7af5424_assumedsuccess",
          "nodeType": "DialogChangeNode",
          "id": "f2dfca5f-a383-4fac-8fb5-6989469916bb"
        }
      ],
      "id": "new_topic_666fcb8a190a46459298b659cef5d5a9",
      "displayName": "Dialog for How do guests join a team?",
      "createdTime": "2021-01-27T10:51:11.9050095Z",
      "updatedTime": "2021-05-24T09:56:31.3802624Z",
      "createdUserId": "f04d3cd9-b73d-4ba9-a1ed-9319eba29b21",
      "updatedUserId": "a2c4aa2c-d830-41eb-bcf4-467a2c7e1279"
    }
  ],
  "botMessages": [
    {
      "channelContent": {
        "web": {
          "contentFormat": "Markdown",
          "content": "Les invités externes reçoivent une invitation de bienvenue par e-mail contenant des informations sur comment rejoindre l'équipe Teams et [l'expérience utilisateur en tant qu'invité](https://docs.microsoft.com/fr-fr/MicrosoftTeams/guest-experience)?"
        }
      },
      "id": "a4d816e4-233f-4bc4-98f1-d717b5ad2ea3",
      "createdTime": "2021-01-27T10:51:11.9050095Z",
      "updatedTime": "2021-01-27T10:51:11.9050095Z",
      "createdUserId": "f04d3cd9-b73d-4ba9-a1ed-9319eba29b21",
      "updatedUserId": "f04d3cd9-b73d-4ba9-a1ed-9319eba29b21"
    },
    {
      "channelContent": {
        "web": {
          "contentFormat": "Markdown",
          "content": "Vous pouvez partager ou regarder cette vidéo: [Rejoindre une équipe en tant qu'invité](https://docs.microsoft.com/fr-fr/microsoft-365/business-video/join-team-guest?redirectSourcePath=%252fen-us%252foffice%252fjoin-a-team-as-a-guest-928d1eef-61e2-49ec-b754-c2fe86b34824&view=o365-worldwide)."
        }
      },
      "id": "344e5930-6c03-4d9b-9b3e-80a7d5c3ff4b",
      "createdTime": "2021-01-27T10:57:06.626Z",
      "updatedTime": "2021-01-27T10:57:06.626Z",
      "createdUserId": "user-0",
      "updatedUserId": "user-0"
    }
  ],
  "createdUtc": "0001-01-01T00:00:00Z"
}