{
  "intents": [
    {
      "endUserOverrideName": "Condividere file in Teams",
      "triggerQueries": [
        "Condivisione di file in Teams",
        "Come faccio a condividere i file in Teams?"
      ],
      "dialogId": "new_topic_cdbe28c02a6f4f4aaca23bb865582df9",
      "isTriggeringEnabled": true,
      "id": "new_topic_cdbe28c02a6f4f4aaca23bb865582df9",
      "displayName": "Come faccio a condividere i file in Teams?",
      "createdTime": "2022-04-29T20:37:06.4901697Z",
      "updatedTime": "2022-04-29T20:37:06.4901697Z",
      "createdUserId": "9451fc51-e00d-4445-8ff9-efb70866dc3b",
      "updatedUserId": "9451fc51-e00d-4445-8ff9-efb70866dc3b"
    }
  ],
  "dialogs": [
    {
      "rootNodeId": "113cdacc-7922-4ec7-a3a4-ddfe5cc9e7f0",
      "messageNodes": [
        {
          "botMessageId": "d2133f22-6ebc-493b-b878-da046c79290b",
          "nodeType": "BotMessageNode",
          "id": "113cdacc-7922-4ec7-a3a4-ddfe5cc9e7f0",
          "defaultTargetNodeId": "75597d68-7030-4f90-92e2-124b3a064eb8"
        },
        {
          "botMessageId": "d530baf7-2408-4a4b-aa2b-cfb607071f50",
          "nodeType": "BotMessageNode",
          "id": "75597d68-7030-4f90-92e2-124b3a064eb8",
          "defaultTargetNodeId": "cfc977f9-2bdc-4071-aa70-2b524ccadcf7"
        },
        {
          "botMessageId": "c617f1f7-18d1-431d-9758-757db5e4b942",
          "nodeType": "BotMessageNode",
          "id": "cfc977f9-2bdc-4071-aa70-2b524ccadcf7",
          "defaultTargetNodeId": "cf60d37b-2a86-422e-bae1-75a2ff27e355"
        },
        {
          "botMessageId": "6ccbbd44-cf5a-49b5-b323-fbb821c2d736",
          "nodeType": "BotMessageNode",
          "id": "cf60d37b-2a86-422e-bae1-75a2ff27e355",
          "defaultTargetNodeId": "346aedec-75b1-4544-8074-f8e1b48bf15e"
        }
      ],
      "dialogChangeNodes": [
        {
          "targetDialogId": "new_topic_f98a24608ee04cb998de3e3e32703d5b_aeabea4d071f415c8c107e1cb7af5424_assumedsuccess",
          "nodeType": "DialogChangeNode",
          "id": "346aedec-75b1-4544-8074-f8e1b48bf15e"
        }
      ],
      "id": "new_topic_cdbe28c02a6f4f4aaca23bb865582df9",
      "displayName": "Senza titolo",
      "createdTime": "2022-04-29T20:37:06.4901697Z",
      "updatedTime": "2022-04-29T20:37:06.4901697Z",
      "createdUserId": "9451fc51-e00d-4445-8ff9-efb70866dc3b",
      "updatedUserId": "9451fc51-e00d-4445-8ff9-efb70866dc3b"
    }
  ],
  "botMessages": [
    {
      "channelContent": {
        "web": {
          "contentFormat": "Markdown",
          "content": "Ogni canale ha una scheda chiamata \"File\", usala per [caricare file in Teams](https://support.microsoft.com/it-it/office/condividere-file-in-teams-0c4d34ee-5dd8-46d5-ab35-0d227b5e6eb5)."
        }
      },
      "id": "d2133f22-6ebc-493b-b878-da046c79290b",
      "createdTime": "2022-04-29T20:30:53.211Z",
      "updatedTime": "2022-04-29T20:30:53.211Z"
    },
    {
      "channelContent": {
        "web": {
          "contentFormat": "Markdown",
          "content": "Puoi anche condividere file nella chat del tuo canale. Questi verranno quindi caricati automaticamente nella scheda \"File\" del canale."
        }
      },
      "id": "d530baf7-2408-4a4b-aa2b-cfb607071f50",
      "createdTime": "2022-04-29T20:32:01.957Z",
      "updatedTime": "2022-04-29T20:32:01.957Z",
      "createdUserId": "user-0",
      "updatedUserId": "user-0"
    },
    {
      "channelContent": {
        "web": {
          "contentFormat": "Markdown",
          "content": "I file condivisi in una chat privata o di gruppo possono essere condivisi con le persone in quella conversazione."
        }
      },
      "id": "c617f1f7-18d1-431d-9758-757db5e4b942",
      "createdTime": "2022-04-29T20:34:09.3Z",
      "updatedTime": "2022-04-29T20:34:09.3Z",
      "createdUserId": "user-0",
      "updatedUserId": "user-0"
    },
    {
      "channelContent": {
        "web": {
          "contentFormat": "Markdown",
          "content": "Puoi stampare, condividere o collaborare su documenti in tempo reale senza uscire dalla piattaforma Teams."
        }
      },
      "id": "6ccbbd44-cf5a-49b5-b323-fbb821c2d736",
      "createdTime": "2022-04-29T20:35:09.052Z",
      "updatedTime": "2022-04-29T20:35:09.052Z",
      "createdUserId": "user-0",
      "updatedUserId": "user-0"
    }
  ]
}