{
  "intents": [
    {
      "triggerQueries": [
        "將最愛的聊天或頻道置頂",
        "我可以把頻道釘選起來嗎？",
        "我可以把聊天釘選起來嗎？",
        "如何將聊天標記為「我的最愛」？",
        "如何將頻道標記為我的最愛？",
        "釘選聊天或釘選頻道",
        "如何釘選聊天？",
        "如何釘選頻道？",
        "將頻道置頂",
        "釘選不同的聊天",
        "標記重要的聊天？",
        "選擇重要頻道？",
        "釘選聊天或頻道",
        "如何釘選聊天或頻道？",
        "Pin a favorite chat or channel to the top in Teams",
        "Can you pin channels?",
        "can you pin a chat?",
        "how to mark a chat as Favorite?",
        "how to mark channels as favorites?",
        "Pin a chat or pin a channel?",
        "How do I pin a chat?",
        "How do I pin a channel?",
        "pin channels at the top",
        "pin different chats",
        "Mark important chats?",
        "Select important channels?",
        "Pin a chat or channel?",
        "How do I Pin a chat or channel?"
      ],
      "dialogId": "new_topic_e09f295c72554dc09d17389474a72340",
      "isTriggeringEnabled": true,
      "id": "new_topic_e09f295c72554dc09d17389474a72340",
      "displayName": "我如何釘選聊天或頻道？",
      "description": "https://adoptbotv2kb.blob.core.windows.net/%24web/AdoptBot2021-English.docx",
      "createdTime": "2021-11-17T05:25:45.1676604Z",
      "updatedTime": "2021-11-17T05:26:16.0196073Z",
      "createdUserId": "9c968d43-f7c2-4e28-895c-1f6bcefcd8be",
      "updatedUserId": "9c968d43-f7c2-4e28-895c-1f6bcefcd8be"
    }
  ],
  "dialogs": [
    {
      "rootNodeId": "b83e4202-e5aa-48d4-af0d-d231285e6dbb",
      "messageNodes": [
        {
          "botMessageId": "3ad9c1e0-6bdd-4299-b987-da61a9c60500",
          "nodeType": "BotMessageNode",
          "id": "b83e4202-e5aa-48d4-af0d-d231285e6dbb",
          "defaultTargetNodeId": "9ed541c8-c48d-42e8-8e88-4f0e196a62c7"
        },
        {
          "botMessageId": "3235a015-0aef-45c3-954c-4218a564d84d",
          "nodeType": "BotMessageNode",
          "id": "9ed541c8-c48d-42e8-8e88-4f0e196a62c7",
          "defaultTargetNodeId": "dcdbb539-00ec-4da0-bdcd-45e08ebfa5e0"
        },
        {
          "botMessageId": "acdf229e-1a60-4caa-9040-40e899682033",
          "nodeType": "BotMessageNode",
          "id": "dcdbb539-00ec-4da0-bdcd-45e08ebfa5e0",
          "defaultTargetNodeId": "205424ce-d87a-486b-b6e1-ce37bf75db83"
        }
      ],
      "dialogChangeNodes": [
        {
          "targetDialogId": "new_topic_e2d1671328b941dbb60fa7150059b1ee_aeabea4d071f415c8c107e1cb7af5424_assumedsuccess",
          "nodeType": "DialogChangeNode",
          "id": "205424ce-d87a-486b-b6e1-ce37bf75db83"
        }
      ],
      "id": "new_topic_e09f295c72554dc09d17389474a72340",
      "displayName": "Dialog for 我如何釘選聊天或頻道？",
      "createdTime": "2021-11-17T05:25:45.1676604Z",
      "updatedTime": "2021-11-17T05:26:16.0196073Z",
      "createdUserId": "9c968d43-f7c2-4e28-895c-1f6bcefcd8be",
      "updatedUserId": "9c968d43-f7c2-4e28-895c-1f6bcefcd8be"
    }
  ],
  "botMessages": [
    {
      "channelContent": {
        "web": {
          "contentFormat": "Markdown",
          "content": "您可以[將聊天或頻道釘選](https://support.microsoft.com/zh-tw/office/%E5%9C%A8%E9%A0%BB%E9%81%93%E4%B8%AD%E9%A1%AF%E7%A4%BA-%E9%9A%B1%E8%97%8F%E6%88%96%E9%87%98teams-91a37043-acea-49b0-9dfc-aec37b2e92b8)在聊天清單或團隊清單的頂部。"
        }
      },
      "id": "3ad9c1e0-6bdd-4299-b987-da61a9c60500",
      "createdTime": "2021-11-17T05:25:45.1676604Z",
      "updatedTime": "2021-11-17T05:25:45.1676604Z",
      "createdUserId": "9c968d43-f7c2-4e28-895c-1f6bcefcd8be",
      "updatedUserId": "9c968d43-f7c2-4e28-895c-1f6bcefcd8be"
    },
    {
      "channelContent": {
        "web": {
          "contentFormat": "Markdown",
          "content": "1.  選擇聊天或團隊。\n2.  查看要釘選的對話或頻道的名稱。\n3.  選擇更多選項 （...） >釘選。\n\n這可以確保聊天或頻道保持置頂。"
        }
      },
      "id": "3235a015-0aef-45c3-954c-4218a564d84d",
      "createdTime": "2021-11-17T05:26:02.668Z",
      "updatedTime": "2021-11-17T05:26:02.668Z",
      "createdUserId": "user-0",
      "updatedUserId": "user-0"
    },
    {
      "channelContent": {
        "web": {
          "contentFormat": "Markdown",
          "content": "如果您改變主意，只需從釘選清單中再次選擇，然後點選「取消釘選」。"
        }
      },
      "id": "acdf229e-1a60-4caa-9040-40e899682033",
      "createdTime": "2021-11-17T05:26:06.148Z",
      "updatedTime": "2021-11-17T05:26:06.148Z",
      "createdUserId": "user-0",
      "updatedUserId": "user-0"
    }
  ]
}