{
  "intents": [
    {
      "endUserOverrideName": "啟用現代化會議體驗",
      "triggerQueries": [
        "看不到together mode",
        "找不到together mode",
        "沒有together mode",
        "看不到在一起模式",
        "找不到在一起模式",
        "沒有在一起模式",
        "看不到大型圖庫",
        "找不到大型圖庫",
        "在分離視窗開啟會議",
        "在新視窗開啟會議",
        "新會議設計",
        "使用新會議設計",
        "啟用新會議設計",
        "如何啟用新的會議設義",
        "新會議體驗",
        "新的會議體驗",
        "在Teams中啟用新的會議體驗",
        "使用現代化會議體驗?",
        "使用現代化會議體驗",
        "啟用現代化會議體驗?",
        "啟用現代化會議體驗",
        "Enable modern meeting experience",
        "Enable modern meeting experience?",
        "Enable the new meeting experience in Teams",
        "New meeting experience",
        "How do I turn on new meeting design",
        "How do I get meetings in separate window?",
        "how do I open meetings in a new window?",
        "I do not see the big gallery",
        "I don't see together mode",
        "Enable the modern meeting experience?"
      ],
      "dialogId": "new_topic_0fbae9917e4f44c399d7b3dc5fe760d8",
      "isTriggeringEnabled": true,
      "id": "new_topic_0fbae9917e4f44c399d7b3dc5fe760d8",
      "displayName": "啟用現代化會議體驗",
      "description": "https://adoptbotv2kb.blob.core.windows.net/%24web/AdoptBot2021-English.docx",
      "createdTime": "2021-11-17T04:51:46.4402598Z",
      "updatedTime": "2021-11-17T04:52:04.2542096Z",
      "createdUserId": "9c968d43-f7c2-4e28-895c-1f6bcefcd8be",
      "updatedUserId": "9c968d43-f7c2-4e28-895c-1f6bcefcd8be"
    }
  ],
  "dialogs": [
    {
      "rootNodeId": "0ced2dfb-ba15-4ead-a01b-0757be05be71",
      "messageNodes": [
        {
          "botMessageId": "7b639ff8-8a3b-48af-b013-684c8ad5d553",
          "nodeType": "BotMessageNode",
          "id": "0ced2dfb-ba15-4ead-a01b-0757be05be71",
          "defaultTargetNodeId": "d4cbf8fc-a787-4aea-9116-94c7243e5aa8"
        },
        {
          "botMessageId": "5e03556b-357f-43dd-8784-fc404e671e82",
          "nodeType": "BotMessageNode",
          "id": "d4cbf8fc-a787-4aea-9116-94c7243e5aa8",
          "defaultTargetNodeId": "4f3036ef-dc3d-4abd-b60d-7f0f8f6ea859"
        }
      ],
      "dialogChangeNodes": [
        {
          "targetDialogId": "new_topic_e2d1671328b941dbb60fa7150059b1ee_aeabea4d071f415c8c107e1cb7af5424_assumedsuccess",
          "nodeType": "DialogChangeNode",
          "id": "4f3036ef-dc3d-4abd-b60d-7f0f8f6ea859"
        }
      ],
      "id": "new_topic_0fbae9917e4f44c399d7b3dc5fe760d8",
      "displayName": "Dialog for 啟用現代化會議體驗",
      "createdTime": "2021-11-17T04:51:46.4402598Z",
      "updatedTime": "2021-11-17T04:52:04.2542096Z",
      "createdUserId": "9c968d43-f7c2-4e28-895c-1f6bcefcd8be",
      "updatedUserId": "9c968d43-f7c2-4e28-895c-1f6bcefcd8be"
    }
  ],
  "botMessages": [
    {
      "channelContent": {
        "web": {
          "contentFormat": "Markdown",
          "content": "啟用現代化/新式的會議體驗，步驟如下：\n\n1.  在 Teams 中點選 **設定** > **一般**\n2.  開啟新會議體驗\n3.  按右鍵點選 Teams 圖標，點選**結束**，以重啟 Teams"
        }
      },
      "id": "7b639ff8-8a3b-48af-b013-684c8ad5d553",
      "createdTime": "2021-11-17T04:51:46.4402598Z",
      "updatedTime": "2021-11-17T04:51:46.4402598Z",
      "createdUserId": "9c968d43-f7c2-4e28-895c-1f6bcefcd8be",
      "updatedUserId": "9c968d43-f7c2-4e28-895c-1f6bcefcd8be"
    },
    {
      "channelContent": {
        "web": {
          "contentFormat": "Markdown",
          "content": "此選項已被設為預設，未來不需要再做設定。"
        }
      },
      "id": "5e03556b-357f-43dd-8784-fc404e671e82",
      "createdTime": "2021-11-17T04:51:55.83Z",
      "updatedTime": "2021-11-17T04:51:55.83Z",
      "createdUserId": "user-0",
      "updatedUserId": "user-0"
    }
  ]
}