{
  "intents": [
    {
      "endUserOverrideName": "Öppna en fil från Teams i mobilen?",
      "triggerQueries": [
        "Öppna teamsfiler från min Android?",
        "Öppna filer från team på min iPhone?",
        "Mobilappen för teams och filer",
        "kan man öppna filer i teamsappen?",
        "Teamsappen för att öppna filer",
        "Kan jag öppna filer på mobilen?",
        "Hur öppnar jag en fil från Teams i mobilen?",
        "Hur kan jag öppna en fil från Teams i mobilen?"
      ],
      "dialogId": "new_topic_0a3ab600ccb540268d975b1430a9250c",
      "isTriggeringEnabled": true,
      "id": "new_topic_0a3ab600ccb540268d975b1430a9250c",
      "displayName": "Hur öppnar jag en fil från Teams i mobilen?",
      "description": "",
      "createdTime": "2020-11-24T14:37:53.8220925Z",
      "updatedTime": "2020-12-11T14:01:54.2294149Z",
      "createdUserId": "f04d3cd9-b73d-4ba9-a1ed-9319eba29b21",
      "updatedUserId": "f04d3cd9-b73d-4ba9-a1ed-9319eba29b21"
    }
  ],
  "dialogs": [
    {
      "rootNodeId": "6cff703d-ae28-4b0c-b146-ec5df6a3b779",
      "messageNodes": [
        {
          "botMessageId": "2ac18846-3ba8-4205-858c-466d23d5a9c3",
          "nodeType": "BotMessageNode",
          "id": "6cff703d-ae28-4b0c-b146-ec5df6a3b779",
          "defaultTargetNodeId": "0dbd0494-701d-4dea-b3da-99dbb8cbcf63"
        }
      ],
      "dialogChangeNodes": [
        {
          "targetDialogId": "new_topic_84ec227c19784e7ba25cb34f4638f91e_aeabea4d071f415c8c107e1cb7af5424_assumedsuccess",
          "nodeType": "DialogChangeNode",
          "id": "0dbd0494-701d-4dea-b3da-99dbb8cbcf63"
        }
      ],
      "id": "new_topic_0a3ab600ccb540268d975b1430a9250c",
      "displayName": "Dialog for Hur kan jag öppna en fil från Teams i mobilen?",
      "createdTime": "2020-11-24T14:37:53.8220925Z",
      "updatedTime": "2020-11-24T14:37:53.8220925Z",
      "createdUserId": "f04d3cd9-b73d-4ba9-a1ed-9319eba29b21",
      "updatedUserId": "f04d3cd9-b73d-4ba9-a1ed-9319eba29b21"
    }
  ],
  "botMessages": [
    {
      "channelContent": {
        "web": {
          "contentFormat": "Markdown",
          "content": "Teams är ett bra ställe att hantera filer på från mobilen. Om du går in i en kanalfil från din Teams-app i mobilen, har du möjlighet att öppna eller skicka en kopia till någon."
        }
      },
      "id": "2ac18846-3ba8-4205-858c-466d23d5a9c3",
      "createdTime": "2020-11-24T14:37:53.8220925Z",
      "updatedTime": "2020-11-24T14:37:53.8220925Z",
      "createdUserId": "f04d3cd9-b73d-4ba9-a1ed-9319eba29b21",
      "updatedUserId": "f04d3cd9-b73d-4ba9-a1ed-9319eba29b21"
    }
  ]
}