{
  "intents": [
    {
      "triggerQueries": [
        "Pokoje typu breakout",
        "Jak tworzyć mniejsze pokoje?",
        "podziel spotkanie na mniejsze sale",
        "Chcę utworzyć pokoje przed spotkaniem",
        "mniejsze sale na spotkaniach",
        "małe grupy na spotkaniach",
        "Podział spotkania na pokoje",
        "Pokoje spotkań w Teams",
        "Jak korzystać z pomieszczeń typu breakout?",
        "Jak korzystać z pokojów konferencyjnych?"
      ],
      "dialogId": "new_topic_ec0058c62d604ac2bee1fc7d229f601d",
      "isTriggeringEnabled": true,
      "id": "new_topic_ec0058c62d604ac2bee1fc7d229f601d",
      "displayName": "Jak korzystać z pokojów konferencyjnych?",
      "description": "",
      "createdTime": "2021-09-27T10:41:59.0309347Z",
      "updatedTime": "2021-10-07T10:03:20.4266154Z",
      "createdUserId": "28fac8cb-bec7-48c9-a688-5024cf318b8a",
      "updatedUserId": "28fac8cb-bec7-48c9-a688-5024cf318b8a"
    }
  ],
  "dialogs": [
    {
      "rootNodeId": "81a7b06d-83c4-4689-be78-c2c450d6edb1",
      "messageNodes": [
        {
          "botMessageId": "d80ed222-3cc4-43f5-ab56-abcb5af17b99",
          "nodeType": "BotMessageNode",
          "id": "81a7b06d-83c4-4689-be78-c2c450d6edb1",
          "defaultTargetNodeId": "d9372026-21a8-4418-a7c5-f5929726de2c"
        }
      ],
      "dialogChangeNodes": [
        {
          "targetDialogId": "new_topic_d4ee79ce05584b519ee7d416fda7e2a3_aeabea4d071f415c8c107e1cb7af5424_assumedsuccess",
          "nodeType": "DialogChangeNode",
          "id": "d9372026-21a8-4418-a7c5-f5929726de2c"
        }
      ],
      "id": "new_topic_ec0058c62d604ac2bee1fc7d229f601d",
      "displayName": "Dialog for Jak korzystać z pokojów konferencyjnych?",
      "createdTime": "2021-09-27T10:41:59.0309347Z",
      "updatedTime": "2021-09-27T10:42:22.7352638Z",
      "createdUserId": "28fac8cb-bec7-48c9-a688-5024cf318b8a",
      "updatedUserId": "28fac8cb-bec7-48c9-a688-5024cf318b8a"
    }
  ],
  "botMessages": [
    {
      "channelContent": {
        "web": {
          "contentFormat": "Markdown",
          "content": "Pokoje są pomocne w wielu scenariuszach organizacji spotkań w większych grupach. Tylko organizatorzy spotkań mogą tworzyć osobne pokoje i zarządzać nimi. [Sprawdź przewodnik, jak korzystać z osobnych pokojów podczas spotkań](https://support.microsoft.com/pl-pl/office/u%C5%BCywanie-osobnych-pokoj%C3%B3w-podczas-spotka%C5%84-w-us%C5%82udze-teams-7de1f48a-da07-466c-a5ab-4ebace28e461)."
        }
      },
      "id": "d80ed222-3cc4-43f5-ab56-abcb5af17b99",
      "createdTime": "2021-09-27T10:41:59.0309347Z",
      "updatedTime": "2021-09-27T10:41:59.0309347Z",
      "createdUserId": "28fac8cb-bec7-48c9-a688-5024cf318b8a",
      "updatedUserId": "28fac8cb-bec7-48c9-a688-5024cf318b8a"
    }
  ],
  "createdUtc": "0001-01-01T00:00:00Z"
}