{
  "intents": [
    {
      "endUserOverrideName": "",
      "triggerQueries": [
        "Anzeige Bild des Teams ändern",
        "Team Bild ersetzen",
        "Team Bild ändern",
        "Wie kann ich das Bild meines Teams ändern?",
        "Wie ändere ich mein Team-Bild?"
      ],
      "dialogId": "new_topic_533eb1182a49493cb24f0c059b82ac25",
      "isTriggeringEnabled": true,
      "id": "new_topic_533eb1182a49493cb24f0c059b82ac25",
      "displayName": "Wie ändere ich mein Team-Bild?",
      "description": "https://adoptbotv2kb.blob.core.windows.net/%24web/AdoptBot2021-English.docx",
      "createdTime": "2021-04-19T09:15:17.7521991Z",
      "updatedTime": "2021-04-19T09:15:17.7521991Z",
      "createdUserId": "86360cd1-faa6-4d16-8a0c-ba3116c8a977"
    }
  ],
  "dialogs": [
    {
      "rootNodeId": "dcdd7847-c2f9-482e-b00e-002b44883341",
      "messageNodes": [
        {
          "botMessageId": "52e0a74a-c895-48ac-8ef8-6354729c7027",
          "nodeType": "BotMessageNode",
          "id": "dcdd7847-c2f9-482e-b00e-002b44883341",
          "defaultTargetNodeId": "55fdaa96-5093-4ca9-881d-59a442446775"
        }
      ],
      "dialogChangeNodes": [
        {
          "targetDialogId": "new_topic_30867099f4b543d3b8543a85c22c3418_aeabea4d071f415c8c107e1cb7af5424_assumedsuccess",
          "nodeType": "DialogChangeNode",
          "id": "55fdaa96-5093-4ca9-881d-59a442446775"
        }
      ],
      "id": "new_topic_533eb1182a49493cb24f0c059b82ac25",
      "displayName": "Dialog for Wie ändere ich mein Team-Bild?",
      "createdTime": "2021-04-19T09:15:17.7521991Z",
      "updatedTime": "2021-04-19T09:15:53.5857643Z",
      "createdUserId": "86360cd1-faa6-4d16-8a0c-ba3116c8a977",
      "updatedUserId": "86360cd1-faa6-4d16-8a0c-ba3116c8a977"
    }
  ],
  "botMessages": [
    {
      "channelContent": {
        "web": {
          "contentFormat": "Markdown",
          "content": "1.  Gehen Sie auf den Teamnamen und klicken Sie auf **Weitere Optionen (...) > Team verwalten**.\n2.  Klicken Sie auf der Registerkarte Einstellungen auf **Teambild > Bild ändern**."
        }
      },
      "id": "52e0a74a-c895-48ac-8ef8-6354729c7027",
      "createdTime": "2021-04-19T09:15:17.7521991Z",
      "updatedTime": "2021-04-19T09:15:17.7521991Z",
      "createdUserId": "86360cd1-faa6-4d16-8a0c-ba3116c8a977",
      "updatedUserId": "86360cd1-faa6-4d16-8a0c-ba3116c8a977"
    }
  ]
}