{
  "intents": [
    {
      "endUserOverrideName": "Max de participants",
      "triggerQueries": [
        "Nombre max de participants",
        "Nombre maximum de personnes dans une réunion?",
        "combien de personnes peuvent rejoindre une réunion ?",
        "combien peuvent rejoindre une réunion ?",
        "Nombre maximum de participants à une réunion",
        "Quelle est la limite du nombre de participants aux réunions ?",
        "Nombre maximum de participants à la réunion?",
        "Combien de personne peuvent être dans la même réunion ?",
        "Combien pouvons-nous être dans une réunion Teams?",
        "Nombre maximum dans une réunion ?",
        "combien de participants maximum dans une réunion ?",
        "Quelle est la taille maximum des réunions Teams ?",
        "Combien de personnes peuvent participer à une réunion?",
        "Combien pouvons-nous être dans une réunion récurrente?",
        "Pouvons-nous organiser de grandes réunions en équipe?",
        "Quelle est la limite du nombre de participants à une réunion?"
      ],
      "dialogId": "new_topic_047856d4cd014c9b9b76603025b6d56d",
      "isTriggeringEnabled": true,
      "id": "new_topic_047856d4cd014c9b9b76603025b6d56d",
      "displayName": "Quelle est la limite du nombre de participants à une réunion?",
      "description": "",
      "createdTime": "2021-01-13T22:20:51.2371466Z",
      "updatedTime": "2021-05-24T14:02:11.5261242Z",
      "createdUserId": "f04d3cd9-b73d-4ba9-a1ed-9319eba29b21",
      "updatedUserId": "a2c4aa2c-d830-41eb-bcf4-467a2c7e1279"
    }
  ],
  "dialogs": [
    {
      "rootNodeId": "4ad700d6-c43f-45ff-b252-8d68b746c864",
      "messageNodes": [
        {
          "botMessageId": "d574cc70-df8c-46d9-ac73-3c8130725441",
          "nodeType": "BotMessageNode",
          "id": "4ad700d6-c43f-45ff-b252-8d68b746c864",
          "defaultTargetNodeId": "83d6de9b-a7f6-41f0-bf96-7751cf08bb63"
        },
        {
          "botMessageId": "cc1da4aa-75a4-4edf-bb75-5165fc115876",
          "nodeType": "BotMessageNode",
          "id": "83d6de9b-a7f6-41f0-bf96-7751cf08bb63",
          "defaultTargetNodeId": "3b31b8d6-aa12-4a5b-a267-007e2645d5e1"
        }
      ],
      "dialogChangeNodes": [
        {
          "targetDialogId": "new_topic_eac3f49c99664313a9d9dc19d80a79a2_aeabea4d071f415c8c107e1cb7af5424_assumedsuccess",
          "nodeType": "DialogChangeNode",
          "id": "3b31b8d6-aa12-4a5b-a267-007e2645d5e1"
        }
      ],
      "id": "new_topic_047856d4cd014c9b9b76603025b6d56d",
      "displayName": "Dialog for What is the limit for number of participants in a meeting?",
      "createdTime": "2021-01-13T22:20:51.2371466Z",
      "updatedTime": "2021-05-24T14:03:47.2570066Z",
      "createdUserId": "f04d3cd9-b73d-4ba9-a1ed-9319eba29b21",
      "updatedUserId": "a2c4aa2c-d830-41eb-bcf4-467a2c7e1279"
    }
  ],
  "botMessages": [
    {
      "channelContent": {
        "web": {
          "contentFormat": "Markdown",
          "content": "Le nombre maximum de participants à une réunion Teams est de [1000 pour tous les utilisateurs de Microsoft Teams.](https://docs.microsoft.com/fr-fr/microsoftteams/limits-specifications-teams#meetings-and-calls)\n\n_ℹ Cliquez toujours sur le lien pour obtenir les dernières informations, car la limite peut avoir été augmentée._"
        }
      },
      "id": "d574cc70-df8c-46d9-ac73-3c8130725441",
      "createdTime": "2021-01-13T22:20:51.2371466Z",
      "updatedTime": "2021-01-13T22:20:51.2371466Z",
      "createdUserId": "f04d3cd9-b73d-4ba9-a1ed-9319eba29b21",
      "updatedUserId": "f04d3cd9-b73d-4ba9-a1ed-9319eba29b21"
    },
    {
      "channelContent": {
        "web": {
          "contentFormat": "Markdown",
          "content": "Au-delà, les utilisateurs pourront rejoindre la réunion [en affichage seul](https://docs.microsoft.com/fr-fr/microsoftteams/view-only-meeting-experience) avec un maximum de 10 000 participants (si la fonctionnalité est activée par l'administrateur informatique de votre organisation)."
        }
      },
      "id": "cc1da4aa-75a4-4edf-bb75-5165fc115876",
      "createdTime": "2021-01-27T12:01:07.36Z",
      "updatedTime": "2021-01-27T12:01:07.36Z",
      "createdUserId": "user-0",
      "updatedUserId": "user-0"
    }
  ]
}