{
  "namedEntities": [
    {
      "synonyms": [
        "home"
      ],
      "id": "ff0ca6dd-de7a-4bee-b849-16210d63f3c5",
      "displayName": "Hemdator",
      "updatedTime": "2020-11-23T17:01:47.2706368Z",
      "updatedUserId": "f04d3cd9-b73d-4ba9-a1ed-9319eba29b21"
    },
    {
      "synonyms": [
        "gaming"
      ],
      "id": "2ccf421b-89a6-43a8-8b4f-b8d8f63b58bf",
      "displayName": "Spelare",
      "updatedTime": "2020-11-23T17:01:47.2706368Z",
      "updatedUserId": "f04d3cd9-b73d-4ba9-a1ed-9319eba29b21"
    },
    {
      "synonyms": [
        "business"
      ],
      "id": "2d32734c-9552-47c5-963b-563fe1d9ea7e",
      "displayName": "Företagsanvändare",
      "updatedTime": "2020-11-23T17:01:47.2706368Z",
      "updatedUserId": "f04d3cd9-b73d-4ba9-a1ed-9319eba29b21"
    }
  ],
  "closedListTypes": [
    {
      "namedEntities": [
        "ff0ca6dd-de7a-4bee-b849-16210d63f3c5",
        "2ccf421b-89a6-43a8-8b4f-b8d8f63b58bf",
        "2d32734c-9552-47c5-963b-563fe1d9ea7e"
      ],
      "smartMatchingEnabled": true,
      "customTypeSchema": "ClosedList",
      "id": "new_customtype_84ec227c19784e7ba25cb34f4638f91e_f86fcadfd497444e91ed11c12b059d10",
      "displayName": "Användningstyp",
      "description": "Lektion 4 – Entiteten Användningstyp",
      "createdTime": "2019-10-25T14:03:43.9601778Z",
      "updatedTime": "2020-11-23T17:01:47.2706368Z",
      "createdUserId": "user0",
      "updatedUserId": "f04d3cd9-b73d-4ba9-a1ed-9319eba29b21"
    }
  ]
}