{
  "intents": [
    {
      "endUserOverrideName": "Quanti membri può avere un Team?",
      "triggerQueries": [
        "Quanti membri può avere un Team?",
        "Qual è il limite di membri per un Team?",
        "Qual è il numero massimo di membri che posso avere in un Team?",
        "numero massimo di membri in un Team",
        "Quanti possono essere inclusi in un Team?",
        "Quanto può essere grande un Team?",
        "dimensione del Team",
        "limite massimo di membri",
        "Quanti membri posso aggiungere al mio Team?",
        "Numero massimo consentito nello stesso Team?",
        "Posso aggiungere tutti i membri del mio team al nuovo Team?",
        "numero massimo di membri della squadra?",
        "Qual è il numero massimo di membri consentito in un team"
      ],
      "dialogId": "new_topic_97bac628eff5416ea311c805b563d34f",
      "isTriggeringEnabled": true,
      "id": "new_topic_97bac628eff5416ea311c805b563d34f",
      "displayName": "Qual è il numero massimo di membri consentito in un team?",
      "createdTime": "2022-04-25T10:55:17.4067111Z",
      "updatedTime": "2022-04-25T10:55:17.4067111Z",
      "createdUserId": "9451fc51-e00d-4445-8ff9-efb70866dc3b",
      "updatedUserId": "9451fc51-e00d-4445-8ff9-efb70866dc3b"
    }
  ],
  "dialogs": [
    {
      "rootNodeId": "fdaa94ba-c878-47a0-8fcf-4e18a8fd7f20",
      "messageNodes": [
        {
          "botMessageId": "e8b9d246-4c79-4b86-9cac-d4524dd6d810",
          "nodeType": "BotMessageNode",
          "id": "fdaa94ba-c878-47a0-8fcf-4e18a8fd7f20",
          "defaultTargetNodeId": "ed395c6e-6bb7-44d2-80d0-7f1eb5c1fcab"
        },
        {
          "botMessageId": "f60a251a-ea80-4e0c-92e7-a4b7405486b1",
          "nodeType": "BotMessageNode",
          "id": "ed395c6e-6bb7-44d2-80d0-7f1eb5c1fcab",
          "defaultTargetNodeId": "7195e443-a960-41fb-a433-edf49757e78f"
        }
      ],
      "dialogChangeNodes": [
        {
          "targetDialogId": "new_topic_f98a24608ee04cb998de3e3e32703d5b_aeabea4d071f415c8c107e1cb7af5424_assumedsuccess",
          "nodeType": "DialogChangeNode",
          "id": "7195e443-a960-41fb-a433-edf49757e78f"
        }
      ],
      "id": "new_topic_97bac628eff5416ea311c805b563d34f",
      "displayName": "Senza titolo",
      "createdTime": "2022-04-25T10:55:17.4067111Z",
      "updatedTime": "2022-04-25T10:55:17.4067111Z",
      "createdUserId": "9451fc51-e00d-4445-8ff9-efb70866dc3b",
      "updatedUserId": "9451fc51-e00d-4445-8ff9-efb70866dc3b"
    }
  ],
  "botMessages": [
    {
      "channelContent": {
        "web": {
          "contentFormat": "Markdown",
          "content": "[Il numero massimo di membri di un team](https://docs.microsoft.com/it-it/microsoftteams/limits-specifications-teams) è di 25.000 persone (inizio 2021)."
        }
      },
      "id": "e8b9d246-4c79-4b86-9cac-d4524dd6d810",
      "createdTime": "2022-04-25T10:39:27.454Z",
      "updatedTime": "2022-04-25T10:39:27.454Z"
    },
    {
      "channelContent": {
        "web": {
          "contentFormat": "Markdown",
          "content": "💡 Fare sempre clic sul link per le ultime informazioni aggiornate e i dettagli, perchè i limiti potrebbero essere stati aumentati."
        }
      },
      "id": "f60a251a-ea80-4e0c-92e7-a4b7405486b1",
      "createdTime": "2022-04-25T10:52:50.221Z",
      "updatedTime": "2022-04-25T10:52:50.221Z",
      "createdUserId": "user-0",
      "updatedUserId": "user-0"
    }
  ]
}