{
  "intents": [
    {
      "endUserOverrideName": "為 Teams 優化網路？ （管理員）",
      "triggerQueries": [
        "提升Teams中的會議品質",
        "提升會議品質",
        "增加Microsoft 365的頻寬",
        "為Teams提供更好的頻寬",
        "我可以為Microsoft Teams優化網路嗎？",
        "為Teams優化網路",
        "為Teams優化組織的網路",
        "Teams 中的網路品質",
        "優化網路性能",
        "為Teams準備我們的VPN",
        "VPN和Teams的設定",
        "網路設定",
        "我們如何在Teams中獲得更好的品質？",
        "提升Teams的品質",
        "我們的VPN可以運行Teams嗎？",
        "優化我的網路",
        "網路設定",
        "我們可以為Microsoft Teams優化我們的網路嗎？",
        "increase meeting quality in Teams",
        "improve meeting quality",
        "increase bandwidth for Microsoft 365",
        "better bandwidth for Teams",
        "Can I optimize the network for Microsoft Teams?",
        "Optimize networks for Teams",
        "Optimize your organization's network for Teams",
        "network quality in Teams",
        "optimizing network performance",
        "Preparing our VPN for Teams",
        "VPN and Teams Settings",
        "network settings",
        "How do we get better quality in Teams?",
        "Improve the quality of Teams",
        "Can our VPN run Teams?",
        "Optimize your network",
        "Teams network settings Teams",
        "Can we optimize our network for Microsoft Teams?"
      ],
      "dialogId": "new_topic_71ee8235b0184325a593620bd2d01b2d",
      "isTriggeringEnabled": true,
      "id": "new_topic_71ee8235b0184325a593620bd2d01b2d",
      "displayName": "我們可以為 Microsoft Teams 優化我們的網路嗎？",
      "description": "https://adoptbotv2kb.blob.core.windows.net/%24web/AdoptBot2021-English.docx",
      "createdTime": "2021-11-17T03:38:20.0576785Z",
      "updatedTime": "2021-11-17T03:38:53.5570672Z",
      "createdUserId": "9c968d43-f7c2-4e28-895c-1f6bcefcd8be",
      "updatedUserId": "9c968d43-f7c2-4e28-895c-1f6bcefcd8be"
    }
  ],
  "dialogs": [
    {
      "rootNodeId": "e2bde024-a75b-4645-b6c3-2c2442baf6d1",
      "messageNodes": [
        {
          "botMessageId": "6209e35f-890e-4e0b-b510-5f867bcbe447",
          "nodeType": "BotMessageNode",
          "id": "e2bde024-a75b-4645-b6c3-2c2442baf6d1",
          "defaultTargetNodeId": "5e11b7e4-8fa1-4615-8a39-72d7cc87092f"
        },
        {
          "botMessageId": "c01f7115-a0c1-4efb-9eca-2361132f3bdf",
          "nodeType": "BotMessageNode",
          "id": "5e11b7e4-8fa1-4615-8a39-72d7cc87092f",
          "defaultTargetNodeId": "171c171e-fb7b-4a99-8199-1c531ab38df7"
        },
        {
          "botMessageId": "c2e28f8b-c503-4b1a-808e-ddf37851bc03",
          "nodeType": "BotMessageNode",
          "id": "171c171e-fb7b-4a99-8199-1c531ab38df7",
          "defaultTargetNodeId": "494b937f-379c-438e-8e30-0a1e2429e538"
        }
      ],
      "dialogChangeNodes": [
        {
          "targetDialogId": "new_topic_e2d1671328b941dbb60fa7150059b1ee_aeabea4d071f415c8c107e1cb7af5424_assumedsuccess",
          "nodeType": "DialogChangeNode",
          "id": "494b937f-379c-438e-8e30-0a1e2429e538"
        }
      ],
      "id": "new_topic_71ee8235b0184325a593620bd2d01b2d",
      "displayName": "Dialog for 我們可以為 Microsoft Teams 優化我們的網路嗎？",
      "createdTime": "2021-11-17T03:38:20.0576785Z",
      "updatedTime": "2021-11-17T03:38:53.5570672Z",
      "createdUserId": "9c968d43-f7c2-4e28-895c-1f6bcefcd8be",
      "updatedUserId": "9c968d43-f7c2-4e28-895c-1f6bcefcd8be"
    }
  ],
  "botMessages": [
    {
      "channelContent": {
        "web": {
          "contentFormat": "Markdown",
          "content": "[按照本指南為 Teams 準備和優化組織的網路。](https://docs.microsoft.com/zh-tw/microsoftteams/prepare-network)"
        }
      },
      "id": "6209e35f-890e-4e0b-b510-5f867bcbe447",
      "createdTime": "2021-11-17T03:38:20.0576785Z",
      "updatedTime": "2021-11-17T03:38:20.0576785Z",
      "createdUserId": "9c968d43-f7c2-4e28-895c-1f6bcefcd8be",
      "updatedUserId": "9c968d43-f7c2-4e28-895c-1f6bcefcd8be"
    },
    {
      "channelContent": {
        "web": {
          "contentFormat": "Markdown",
          "content": "優化性能很重要，尤其是當您組織中的許多人遠距工作時。"
        }
      },
      "id": "c01f7115-a0c1-4efb-9eca-2361132f3bdf",
      "createdTime": "2021-11-17T03:38:29.226Z",
      "updatedTime": "2021-11-17T03:38:29.226Z",
      "createdUserId": "user-0",
      "updatedUserId": "user-0"
    },
    {
      "channelContent": {
        "web": {
          "contentFormat": "Markdown",
          "content": "**對於管理員**，有一個[關於在 Microsoft Learn 上優化網路的簡短（23 分鐘）的課程](https://docs.microsoft.com/zh-tw/learn/modules/m365-teams-rooms-optimize-network/)。"
        }
      },
      "id": "c2e28f8b-c503-4b1a-808e-ddf37851bc03",
      "createdTime": "2021-11-17T03:38:34.698Z",
      "updatedTime": "2021-11-17T03:38:34.698Z",
      "createdUserId": "user-0",
      "updatedUserId": "user-0"
    }
  ]
}