{
  "properties": {
    "connectionReferences": {
      "shared_office365users": {
        "runtimeSource": "embedded",
        "connection": {
          "connectionReferenceLogicalName": "creb4_sharedoffice365users_d7df0"
        },
        "api": {
          "name": "shared_office365users"
        }
      },
      "shared_teams": {
        "runtimeSource": "embedded",
        "connection": {
          "connectionReferenceLogicalName": "creb4_sharedteams_8f93f"
        },
        "api": {
          "name": "shared_teams"
        }
      }
    },
    "definition": {
      "$schema": "https://schema.management.azure.com/providers/Microsoft.Logic/schemas/2016-06-01/workflowdefinition.json#",
      "contentVersion": "1.0.0.0",
      "parameters": {
        "$connections": {
          "defaultValue": {},
          "type": "Object"
        },
        "$authentication": {
          "defaultValue": {},
          "type": "SecureObject"
        }
      },
      "triggers": {
        "manual": {
          "metadata": {
            "operationMetadataId": "e17d5b60-e1da-4c00-bf45-a99fd187e70a"
          },
          "type": "Request",
          "kind": "VirtualAgent",
          "inputs": {
            "schema": {
              "type": "object",
              "properties": {
                "text": {
                  "title": "Nome Utente",
                  "type": "string",
                  "x-ms-dynamically-added": true,
                  "description": "Il nome dell'utente visualizzato in Microsoft Teams",
                  "x-ms-content-hint": "TEXT"
                },
                "text_1": {
                  "title": "UPN (IDutente)",
                  "type": "string",
                  "x-ms-dynamically-added": true,
                  "description": "IDutente univoco",
                  "x-ms-content-hint": "TEXT"
                },
                "text_2": {
                  "title": "Feedback utente",
                  "type": "string",
                  "x-ms-dynamically-added": true,
                  "description": "Il feedback che l'utente ha scritto al bot",
                  "x-ms-content-hint": "TEXT"
                },
                "text_3": {
                  "title": "Titolo feedback utente",
                  "type": "string",
                  "x-ms-dynamically-added": true,
                  "description": "Il titolo che l'utente ha dato al suo feedback",
                  "x-ms-content-hint": "TEXT"
                },
                "text_4": {
                  "title": "Tipo feedback",
                  "type": "string",
                  "x-ms-dynamically-added": true,
                  "description": "Tipo di feedback fornito dall'utente",
                  "x-ms-content-hint": "TEXT"
                }
              },
              "required": [
                "text",
                "text_1",
                "text_2",
                "text_3",
                "text_4"
              ]
            }
          }
        }
      },
      "actions": {
        "Return_value(s)_to_Power_Virtual_Agents": {
          "runAfter": {
            "Pubblica_scheda_adattiva_in_una_chat_o_un_canale": [
              "Succeeded"
            ]
          },
          "metadata": {
            "operationMetadataId": "cab0fcbe-fffb-41ee-a3e8-ae3984cb6aa8"
          },
          "type": "Response",
          "kind": "VirtualAgent",
          "inputs": {
            "statusCode": 200,
            "body": {},
            "schema": {
              "type": "object",
              "properties": {}
            }
          }
        },
        "Recupera_profilo_utente_(V2)": {
          "runAfter": {},
          "metadata": {
            "operationMetadataId": "9230101e-811e-4b49-a436-6979dca02bc6"
          },
          "type": "OpenApiConnection",
          "inputs": {
            "host": {
              "connectionName": "shared_office365users",
              "operationId": "UserProfile_V2",
              "apiId": "/providers/Microsoft.PowerApps/apis/shared_office365users"
            },
            "parameters": {
              "id": "@triggerBody()['text_1']"
            },
            "authentication": "@parameters('$authentication')"
          }
        },
        "Pubblica_scheda_adattiva_in_una_chat_o_un_canale": {
          "runAfter": {
            "Recupera_profilo_utente_(V2)": [
              "Succeeded"
            ]
          },
          "metadata": {
            "operationMetadataId": "e5967a6f-25c5-4b5f-be96-410ca9857858"
          },
          "type": "OpenApiConnection",
          "inputs": {
            "host": {
              "connectionName": "shared_teams",
              "operationId": "PostCardToConversation",
              "apiId": "/providers/Microsoft.PowerApps/apis/shared_teams"
            },
            "parameters": {
              "poster": "Flow bot",
              "location": "Channel",
              "body/recipient/groupId": "a66296b0-92f9-4d3f-b96a-54ced9147b7c",
              "body/recipient/channelId": "19:74419546f6bb4ef5ac04c36a7eeaaf9c@thread.tacv2",
              "body/messageBody": "{ \n    \"type\": \"AdaptiveCard\",\n    \"body\": [\n        {\n            \"type\": \"TextBlock\",\n            \"size\": \"Large\",\n            \"weight\": \"Bolder\",\n            \"text\": \"Titolo del feedback: @{triggerBody()['text_3']}\",\n            \"wrap\": true\n        },\n        {\n            \"type\": \"ColumnSet\",\n            \"columns\": [\n                {\n                    \"type\": \"Column\",\n                    \"items\": [\n                        {\n                            \"type\": \"TextBlock\",\n                            \"text\": \"Feedback condiviso @{triggerBody()['text']}.\",\n                            \"wrap\": true\n                        }\n                    ],\n                    \"width\": \"stretch\"\n                }\n            ]\n        },\n   {\n            \"type\": \"TextBlock\",\n            \"weight\": \"Bolder\",\n            \"text\": \"Tipo: @{triggerBody()['text_4']}\",\n            \"wrap\": true\n        },\n        {\n            \"type\": \"TextBlock\",\n            \"text\": \"Feedback:\n @{triggerBody()['text_2']}\",\n            \"wrap\": true\n        }\n    ],\n    \"$schema\": \"http://adaptivecards.io/schemas/adaptive-card.json\",\n    \"version\": \"1.2\",\n    \"actions\": [\n        {\n            \"type\": \"Action.OpenUrl\",\n            \"title\": \"Chatta con @{outputs('Recupera_profilo_utente_(V2)')?['body/displayName']}\",\n            \"url\": \"https://teams.microsoft.com/l/chat/0/0?users=@{outputs('Recupera_profilo_utente_(V2)')?['body/userPrincipalName']}\"\n        }\n    ]\n}"
            },
            "authentication": "@parameters('$authentication')"
          }
        }
      },
      "outputs": {}
    }
  },
  "schemaVersion": "1.0.0.0"
}