{
  "properties": {
    "connectionReferences": {
      "shared_office365users": {
        "runtimeSource": "embedded",
        "connection": {
          "connectionReferenceLogicalName": "new_sharedoffice365users_fbbb1"
        },
        "api": {
          "name": "shared_office365users"
        }
      },
      "shared_teams": {
        "runtimeSource": "embedded",
        "connection": {
          "connectionReferenceLogicalName": "new_sharedteams_cdbe4"
        },
        "api": {
          "name": "shared_teams"
        }
      }
    },
    "definition": {
      "$schema": "https://schema.management.azure.com/providers/Microsoft.Logic/schemas/2016-06-01/workflowdefinition.json#",
      "contentVersion": "1.0.0.0",
      "parameters": {
        "$connections": {
          "defaultValue": {},
          "type": "Object"
        },
        "$authentication": {
          "defaultValue": {},
          "type": "SecureObject"
        }
      },
      "triggers": {
        "manual": {
          "metadata": {
            "operationMetadataId": "b5119c73-c898-48b9-947f-327e90fa2015"
          },
          "type": "Request",
          "kind": "VirtualAgent",
          "inputs": {
            "schema": {
              "type": "object",
              "properties": {
                "text": {
                  "title": "Nome Utente",
                  "type": "string",
                  "x-ms-dynamically-added": true,
                  "description": "Il nome utente visualizzato in Microsoft Teams",
                  "x-ms-content-hint": "TEXT"
                },
                "text_1": {
                  "title": "UPN (IDUtente)",
                  "type": "string",
                  "x-ms-dynamically-added": true,
                  "description": " ID Utente Univoco",
                  "x-ms-content-hint": "TEXT"
                },
                "text_2": {
                  "title": "Richiesta utente",
                  "type": "string",
                  "x-ms-dynamically-added": true,
                  "description": "La domanda che l'utente ha posto al bot",
                  "x-ms-content-hint": "TEXT"
                },
                "text_3": {
                  "title": "Titolo della richiesta",
                  "type": "string",
                  "x-ms-dynamically-added": true,
                  "description": "Il titolo che l'utente ha assegnato alla domanda",
                  "x-ms-content-hint": "TEXT"
                }
              },
              "required": [
                "text",
                "text_1",
                "text_2",
                "text_3"
              ]
            }
          }
        }
      },
      "actions": {
        "Return_value(s)_to_Power_Virtual_Agents": {
          "runAfter": {
            "Pubblica_scheda_adattiva_in_una_chat_o_un_canale": [
              "Succeeded"
            ]
          },
          "metadata": {
            "operationMetadataId": "b99d5749-c3a1-4276-8cfe-814ec885d75f"
          },
          "type": "Response",
          "kind": "VirtualAgent",
          "inputs": {
            "statusCode": 200,
            "body": {},
            "schema": {
              "type": "object",
              "properties": {}
            }
          }
        },
        "Recupera_profilo_utente_(V2)": {
          "runAfter": {},
          "metadata": {
            "operationMetadataId": "62772cb8-d4f4-4b44-9a55-bd2db4cfb21c"
          },
          "type": "OpenApiConnection",
          "inputs": {
            "host": {
              "connectionName": "shared_office365users",
              "operationId": "UserProfile_V2",
              "apiId": "/providers/Microsoft.PowerApps/apis/shared_office365users"
            },
            "parameters": {
              "id": "@triggerBody()['text_1']"
            },
            "authentication": "@parameters('$authentication')"
          }
        },
        "Pubblica_scheda_adattiva_in_una_chat_o_un_canale": {
          "runAfter": {
            "Recupera_profilo_utente_(V2)": [
              "Succeeded"
            ]
          },
          "metadata": {
            "operationMetadataId": "0ff80167-43c3-4baa-ba6e-ce859cff84b8"
          },
          "type": "OpenApiConnection",
          "inputs": {
            "host": {
              "connectionName": "shared_teams",
              "operationId": "PostCardToConversation",
              "apiId": "/providers/Microsoft.PowerApps/apis/shared_teams"
            },
            "parameters": {
              "poster": "Flow bot",
              "location": "Channel",
              "body/recipient/groupId": "a66296b0-92f9-4d3f-b96a-54ced9147b7c",
              "body/recipient/channelId": "19:78c99c74759140c49fe6680376e824f7@thread.tacv2",
              "body/messageBody": "{\n   \"type\": \"AdaptiveCard\",\n   \"body\": [\n       {\n           \"type\": \"TextBlock\",\n           \"size\": \"Large\",\n           \"weight\": \"Bolder\",\n           \"text\": \"Ho bisogno di aiuto per: @{triggerBody()['text_3']}\",\n           \"wrap\": true\n       },\n       {\n           \"type\": \"ColumnSet\",\n           \"columns\": [\n               {\n                   \"type\": \"Column\",\n                   \"items\": [\n                       {\n                           \"type\": \"TextBlock\",\n                           \"text\": \"@{triggerBody()['text']} sta chiedendo aiuto.\",\n                           \"wrap\": true\n                       }\n                   ],\n                   \"width\": \"stretch\"\n               }\n           ]\n       },\n       {\n           \"type\": \"TextBlock\",\n           \"weight\": \"Bolder\",\n           \"text\": \"Scrivi la domanda: @{triggerBody()['text_2']}\",\n           \"wrap\": true\n       }\n   ],\n   \"$schema\": \"http://adaptivecards.io/schemas/adaptive-card.json\",\n   \"version\": \"1.2\",\n   \"actions\": [\n       {\n           \"type\": \"Action.OpenUrl\",\n           \"title\": \"Chatta con @{outputs('Recupera_profilo_utente_(V2)')?['body/displayName']}\",\n           \"url\": \"https://teams.microsoft.com/l/chat/0/0?users=@{outputs('Recupera_profilo_utente_(V2)')?['body/userPrincipalName']}\"\n       }\n   ]\n}"
            },
            "authentication": "@parameters('$authentication')"
          }
        }
      },
      "outputs": {}
    }
  },
  "schemaVersion": "1.0.0.0"
}