{
  "intents": [
    {
      "triggerQueries": [
        "Har Teams noen spesifikasjoner?",
        "Har Teams noen begrensninger?",
        "Hva er begrensninger i Teams",
        "hvor mange merker per team",
        "antall merker per team",
        "antall tags per team",
        "Max antall timer på et direktesendt arrangement",
        "Maks antall timer på et direktesendt arrangement",
        "Max antall timer på et Live event",
        "Maks antall timer på et Live event",
        "Varighet på et direktesendt arrangement",
        "Varighet på et Live event",
        "når utløper et møte?",
        "Max antall filer vedlagt",
        "Maks antall filer vedlagt",
        "Antall filer vedlagt",
        "Maks antall eiere i et team",
        "Maks størrelse på Office 365 groups som kan importeres i et team",
        "antall private kanaler i per team",
        "spesifikasjoner i Teams",
        "Begrensninger i Teams"
      ],
      "dialogId": "new_topic_2c55f65d202c4c7d8ecb82efdcc759a6",
      "isTriggeringEnabled": true,
      "id": "new_topic_2c55f65d202c4c7d8ecb82efdcc759a6",
      "displayName": "Begrensninger i Teams",
      "description": "",
      "createdTime": "2021-04-16T12:52:20.6966722Z",
      "updatedTime": "2021-04-16T12:52:20.6966722Z",
      "createdUserId": "ef0c8b9a-eff1-49f8-92fa-fd1d3e15e1ba"
    }
  ],
  "dialogs": [
    {
      "rootNodeId": "49523193-fb9a-4eb6-8d9a-4774e3d0411c",
      "messageNodes": [
        {
          "botMessageId": "508376a1-22f1-4ca3-8434-a091b5572766",
          "nodeType": "BotMessageNode",
          "id": "49523193-fb9a-4eb6-8d9a-4774e3d0411c",
          "defaultTargetNodeId": "a8917e37-5ac1-4ced-849d-18050b49bf0d"
        }
      ],
      "dialogChangeNodes": [
        {
          "targetDialogId": "new_topic_89c49d37fd4c4c1c9144396960733ce1_aeabea4d071f415c8c107e1cb7af5424_assumedsuccess",
          "nodeType": "DialogChangeNode",
          "id": "a8917e37-5ac1-4ced-849d-18050b49bf0d"
        }
      ],
      "id": "new_topic_2c55f65d202c4c7d8ecb82efdcc759a6",
      "displayName": "Dialog for Begrensninger i Teams",
      "createdTime": "2021-04-16T12:52:20.6966722Z",
      "updatedTime": "2021-04-16T12:54:11.4007031Z",
      "createdUserId": "ef0c8b9a-eff1-49f8-92fa-fd1d3e15e1ba",
      "updatedUserId": "ef0c8b9a-eff1-49f8-92fa-fd1d3e15e1ba"
    }
  ],
  "botMessages": [
    {
      "channelContent": {
        "web": {
          "contentFormat": "Markdown",
          "content": "Her får du oversikt over alle begresninger, spesifikasjoner og andre krav som gjelder Teams: [Limits and specifications for Microsoft Teams - Microsoft Teams | Microsoft Docs.](https://docs.microsoft.com/nb-no/microsoftteams/limits-specifications-teams)"
        }
      },
      "id": "508376a1-22f1-4ca3-8434-a091b5572766",
      "createdTime": "2021-04-16T12:52:20.695672Z",
      "updatedTime": "2021-04-16T12:52:20.695672Z",
      "createdUserId": "ef0c8b9a-eff1-49f8-92fa-fd1d3e15e1ba",
      "updatedUserId": "ef0c8b9a-eff1-49f8-92fa-fd1d3e15e1ba"
    }
  ],
  "createdUtc": "0001-01-01T00:00:00Z"
}