{
  "intents": [
    {
      "triggerQueries": [
        "quanto può essere grande un file in Teams?",
        "Limiti delle dimensioni dei file in Microsoft Teams?",
        "Limite di caricamento file in Teams",
        "Qualche restrizione per i file in Teams?",
        "Dimensione dei file nei team?",
        "Quanto possono essere grandi i file che posso caricare in Teams",
        "Quanto può essere grande un file?",
        "Qual è la dimensione massima del file?",
        "Quanto sono grandi i file che Teams può gestire?",
        "Quali file di grandi dimensioni posso salvare in Teams?",
        "filtraggio per dimensione del file",
        "Teams può gestire file di grandi dimensioni?",
        "quanto grandi possono essere i file che posso caricare?",
        "Esistono restrizioni sui file archiviati in Teams?"
      ],
      "dialogId": "new_topic_d9e87b4fb69f46f98e8863734f556815",
      "isTriggeringEnabled": true,
      "id": "new_topic_d9e87b4fb69f46f98e8863734f556815",
      "displayName": "Esistono restrizioni sui file archiviati in Teams?",
      "createdTime": "2022-04-28T22:46:19.0925972Z",
      "updatedTime": "2022-04-28T22:46:19.0925972Z",
      "createdUserId": "9451fc51-e00d-4445-8ff9-efb70866dc3b",
      "updatedUserId": "9451fc51-e00d-4445-8ff9-efb70866dc3b"
    }
  ],
  "dialogs": [
    {
      "rootNodeId": "d2b8fac5-c75a-457d-91ff-072284f27d58",
      "messageNodes": [
        {
          "botMessageId": "8b1a6c32-4cc2-499f-832c-d87b8f2f5f60",
          "nodeType": "BotMessageNode",
          "id": "d2b8fac5-c75a-457d-91ff-072284f27d58",
          "defaultTargetNodeId": "2462a681-33e7-4cc9-8d26-e33cefbf8eb0"
        },
        {
          "botMessageId": "12b09eb9-f2ed-4c80-96b4-d16c4c4cc5f7",
          "nodeType": "BotMessageNode",
          "id": "2462a681-33e7-4cc9-8d26-e33cefbf8eb0",
          "defaultTargetNodeId": "9e2097b5-e58c-43df-9dfd-ef90ebfba26b"
        }
      ],
      "dialogChangeNodes": [
        {
          "targetDialogId": "new_topic_f98a24608ee04cb998de3e3e32703d5b_aeabea4d071f415c8c107e1cb7af5424_assumedsuccess",
          "nodeType": "DialogChangeNode",
          "id": "9e2097b5-e58c-43df-9dfd-ef90ebfba26b"
        }
      ],
      "id": "new_topic_d9e87b4fb69f46f98e8863734f556815",
      "displayName": "Senza titolo",
      "createdTime": "2022-04-28T22:46:19.0925972Z",
      "updatedTime": "2022-04-28T22:46:19.0925972Z",
      "createdUserId": "9451fc51-e00d-4445-8ff9-efb70866dc3b",
      "updatedUserId": "9451fc51-e00d-4445-8ff9-efb70866dc3b"
    }
  ],
  "botMessages": [
    {
      "channelContent": {
        "web": {
          "contentFormat": "Markdown",
          "content": "[Il limite di caricamento dei file in Teams](https://docs.microsoft.com/it-it/microsoftteams/limits-specifications-teams#storage) è attualmente di 250 GB per file (inizio 2022).\n\n💡 Clicca sempre sul link per conoscere i limiti aggiornati"
        }
      },
      "id": "8b1a6c32-4cc2-499f-832c-d87b8f2f5f60",
      "createdTime": "2022-04-28T22:38:23.981Z",
      "updatedTime": "2022-04-28T22:38:23.981Z"
    },
    {
      "channelContent": {
        "web": {
          "contentFormat": "Markdown",
          "content": "  \n \n\nPoiché Teams viene eseguito su un backend online di SharePoint per la condivisione di file, le limitazioni di SharePoint si applicano alla sezione File all'interno di un team."
        }
      },
      "id": "12b09eb9-f2ed-4c80-96b4-d16c4c4cc5f7",
      "createdTime": "2022-04-28T22:44:55.958Z",
      "updatedTime": "2022-04-28T22:44:55.958Z",
      "createdUserId": "user-0",
      "updatedUserId": "user-0"
    }
  ]
}