{
  "intents": [
    {
      "triggerQueries": [
        "Fjern personer fra en kontaktgruppe",
        "Fjern noen fra kontaktgruppe",
        "Slett en kontaktgruppe",
        "Gi nytt navn eller rediger navnet til en kontaktgruppe",
        "Nytt navn til kontaktgruppe",
        "Endre navn til kontaktgruppe",
        "Legg til personer i en kontaktgruppe",
        "Legg til flere i kontaktgruppen",
        "Lag en kontaktgruppe",
        "Opprett en kontaktgruppe"
      ],
      "dialogId": "new_topic_d16392cb9db34d84a82131e7cb0c7fbf",
      "isTriggeringEnabled": true,
      "id": "new_topic_d16392cb9db34d84a82131e7cb0c7fbf",
      "displayName": "Kontaktgrupper",
      "description": "https://norwegianteams.blob.core.windows.net/norwegian-container/Tima - p19 to p33.docx",
      "createdTime": "2021-04-07T15:18:09.8504078Z",
      "updatedTime": "2021-04-22T14:50:45.2578992Z",
      "createdUserId": "ef0c8b9a-eff1-49f8-92fa-fd1d3e15e1ba",
      "updatedUserId": "ef0c8b9a-eff1-49f8-92fa-fd1d3e15e1ba"
    }
  ],
  "dialogs": [
    {
      "rootNodeId": "cd5df126-bba4-4de1-9d46-efba574a58e6",
      "messageNodes": [
        {
          "botMessageId": "7221c9f3-c1ee-43b8-bef9-325a18ff0903",
          "nodeType": "BotMessageNode",
          "id": "ca029510-22e3-4054-8faa-fbd2c58f76a7",
          "defaultTargetNodeId": "3a3902a2-4d59-43e9-9e5b-3e13e7b5592c"
        },
        {
          "botMessageId": "d8b16200-3037-4dd3-a537-142fa4369d48",
          "nodeType": "BotMessageNode",
          "id": "3a3902a2-4d59-43e9-9e5b-3e13e7b5592c",
          "defaultTargetNodeId": "f66d36db-b12e-4dab-a1e4-06ec89c04e2d"
        },
        {
          "botMessageId": "190209fa-f882-4a66-a3a5-70c74d3123ad",
          "nodeType": "BotMessageNode",
          "id": "ed2dc5c1-5622-4d01-8c3e-14824cb0da6b",
          "defaultTargetNodeId": "40e08870-0f67-482e-8d6d-e6ace37a7c3e"
        },
        {
          "botMessageId": "55292e93-705a-4751-a6d5-1874ac0f0a2d",
          "nodeType": "BotMessageNode",
          "id": "3a0b8bc1-ad40-4c76-aff6-3f357012ac24",
          "defaultTargetNodeId": "ed2dc5c1-5622-4d01-8c3e-14824cb0da6b"
        },
        {
          "botMessageId": "82c99aeb-8813-41b9-8e69-128e212e88ba",
          "nodeType": "BotMessageNode",
          "id": "f66d36db-b12e-4dab-a1e4-06ec89c04e2d",
          "defaultTargetNodeId": "3a0b8bc1-ad40-4c76-aff6-3f357012ac24"
        },
        {
          "botMessageId": "10b09f95-93d9-43de-9707-7ab56d0b635b",
          "nodeType": "BotMessageNode",
          "id": "cd5df126-bba4-4de1-9d46-efba574a58e6",
          "defaultTargetNodeId": "ca029510-22e3-4054-8faa-fbd2c58f76a7"
        }
      ],
      "dialogChangeNodes": [
        {
          "targetDialogId": "new_topic_89c49d37fd4c4c1c9144396960733ce1_aeabea4d071f415c8c107e1cb7af5424_assumedsuccess",
          "nodeType": "DialogChangeNode",
          "id": "40e08870-0f67-482e-8d6d-e6ace37a7c3e"
        }
      ],
      "id": "new_topic_d16392cb9db34d84a82131e7cb0c7fbf",
      "displayName": "Dialog for Opprette en kontaktgruppe",
      "createdTime": "2021-04-07T15:18:09.8504078Z",
      "updatedTime": "2021-04-22T14:52:22.6370955Z",
      "createdUserId": "ef0c8b9a-eff1-49f8-92fa-fd1d3e15e1ba",
      "updatedUserId": "ef0c8b9a-eff1-49f8-92fa-fd1d3e15e1ba"
    }
  ],
  "botMessages": [
    {
      "channelContent": {
        "web": {
          "contentFormat": "Markdown",
          "content": "**Slik lager man en ny kontaktgruppe:**\n\n1.  Klikk på **Chat >Kontakter**, og deretter **Opprett en ny kontaktgruppe** nederst på fanen. \n2.  Gi gruppen et navn, og klikk på **Opprett**. \n3.  Du kan alltid gi nytt navn til eller slette gruppen senere."
        }
      },
      "id": "7221c9f3-c1ee-43b8-bef9-325a18ff0903",
      "createdTime": "2021-04-07T15:18:09.8504078Z",
      "updatedTime": "2021-04-07T15:18:09.8504078Z",
      "createdUserId": "ef0c8b9a-eff1-49f8-92fa-fd1d3e15e1ba",
      "updatedUserId": "ef0c8b9a-eff1-49f8-92fa-fd1d3e15e1ba"
    },
    {
      "channelContent": {
        "web": {
          "contentFormat": "Markdown",
          "content": "**For å legge til personer i kontaktgruppen:**\n\n1.  Velg **Chat** > **Kontakter**, og klikk deretter **Flere alternativer…** ved siden av gruppens navn.\n2.  Velg **Legg til en kontakt i denne gruppen**.\n3.  Skriv inn navnet på et teammedlem, og velg deretter **Legg til**."
        }
      },
      "id": "d8b16200-3037-4dd3-a537-142fa4369d48",
      "createdTime": "2021-04-22T14:45:50.802Z",
      "updatedTime": "2021-04-22T14:45:50.802Z",
      "createdUserId": "user-0",
      "updatedUserId": "user-0"
    },
    {
      "channelContent": {
        "web": {
          "contentFormat": "Markdown",
          "content": "**Slik sletter du gruppen når du ikke trenger den lenger:**\n\n*   Velg **Chat** > **Kontakter**, og velg deretter **Flere alternativer…** ved siden av gruppens navn. \n*   Klikk **Slett denne gruppen**."
        }
      },
      "id": "190209fa-f882-4a66-a3a5-70c74d3123ad",
      "createdTime": "2021-04-22T14:47:19.581Z",
      "updatedTime": "2021-04-22T14:47:19.581Z",
      "createdUserId": "user-0",
      "updatedUserId": "user-0"
    },
    {
      "channelContent": {
        "web": {
          "contentFormat": "Markdown",
          "content": "**For å redigere navnet til en eksisterende kontaktgruppe:**\n\n1.  Velg **Chat** > **Kontakter**, og velg deretter **Flere alternativer**… ved siden av gruppens navn.\n2.  Velg **Gi nytt navn til denne gruppen**. \n3.  Skriv inn et nytt navn, og velg **Lagre**.\n4.  **Obs!:** Du kan ikke endre navnet på **Favoritter**\\-gruppen."
        }
      },
      "id": "55292e93-705a-4751-a6d5-1874ac0f0a2d",
      "createdTime": "2021-04-22T14:48:22.018Z",
      "updatedTime": "2021-04-22T14:48:22.018Z",
      "createdUserId": "user-0",
      "updatedUserId": "user-0"
    },
    {
      "channelContent": {
        "web": {
          "contentFormat": "Markdown",
          "content": "**For å fjerne noen fra gruppen:**\n\n1.  Velg **Chat** > **Kontakter**, og velg **Flere alternativer**… ved siden av navnet på personen. \n2.  Velg deretter **Fjern fra denne gruppen**."
        }
      },
      "id": "82c99aeb-8813-41b9-8e69-128e212e88ba",
      "createdTime": "2021-04-22T14:50:20.948Z",
      "updatedTime": "2021-04-22T14:50:20.948Z",
      "createdUserId": "user-0",
      "updatedUserId": "user-0"
    },
    {
      "channelContent": {
        "web": {
          "contentFormat": "Markdown",
          "content": "Organiser [kontaktene dine i grupper](https://support.microsoft.com/nb-no/office/opprette-redigere-eller-slette-en-kontakt-gruppe-i-teams-f66f2e30-df9b-459e-871d-9bc8f025cd3a) for å finne dem enklere.\n\nGruppene er tilgjengelige på alle enheter, men du kan bare administrere dem fra skrivebordet eller nettappen."
        }
      },
      "id": "10b09f95-93d9-43de-9707-7ab56d0b635b",
      "createdTime": "2021-04-22T14:51:24.319Z",
      "updatedTime": "2021-04-22T14:51:24.319Z",
      "createdUserId": "user-0",
      "updatedUserId": "user-0"
    }
  ],
  "createdUtc": "0001-01-01T00:00:00Z"
}