<botcomponent schemaname="new_topic_2bf23930c1d146129dfe38bacb94ccd0_7620a288bb3e455984cace1ade5e259c_fallback">
  <componenttype>0</componenttype>
  <description>봇이 사용자의 의도를 파악할 수 없을 때의 콘텐츠 또는 동작을 포함하는 시스템 항목입니다. 또한 식별되지 않은 입력을 캡처하기 위한 변수 UnrecognizedTriggerPhrase도 포함됩니다.</description>
  <iscustomizable>1</iscustomizable>
  <name>대체</name>
  <statecode>0</statecode>
  <statuscode>1</statuscode>
</botcomponent>