{
  "version": "287d139b-222b-e911-a956-000d3a37f702",
  "intents": [
    {
      "systemIntentTypes": [
        "Fallback"
      ],
      "intentType": "System",
      "dialogId": "new_topic_2bf23930c1d146129dfe38bacb94ccd0_7620a288bb3e455984cace1ade5e259c_fallback",
      "isTriggeringEnabled": true,
      "canTriggeringBeDisabled": true,
      "id": "new_topic_2bf23930c1d146129dfe38bacb94ccd0_7620a288bb3e455984cace1ade5e259c_fallback",
      "displayName": "대체",
      "description": "봇이 사용자의 의도를 파악할 수 없을 때의 콘텐츠 또는 동작을 포함하는 시스템 항목입니다. 또한 식별되지 않은 입력을 캡처하기 위한 변수 UnrecognizedTriggerPhrase도 포함됩니다.",
      "createdTime": "2020-02-07T00:00:00Z",
      "updatedTime": "2020-02-07T00:00:00Z",
      "createdUserId": "user0",
      "updatedUserId": "user0",
      "versionNumber": 0,
      "componentId": "00000000-0000-0000-0000-000000000000"
    }
  ],
  "dialogs": [
    {
      "rootNodeId": "5d90057f-e569-4f54-afda-bf5d04365cb0",
      "dialogType": "System",
      "messageNodes": [
        {
          "botMessageId": "8aa457c4-a0e0-4247-88d0-d89fcd3c26e9",
          "nodeType": "BotMessageNode",
          "id": "5d90057f-e569-4f54-afda-bf5d04365cb0",
          "defaultTargetNodeId": "260d76be-f093-4db1-8a3c-4ef27ad72529"
        }
      ],
      "dialogChangeNodes": [
        {
          "targetDialogId": "new_topic_2bf23930c1d146129dfe38bacb94ccd0_954135cafcd647eaae5999ad91fc08cf_talktoagent",
          "nodeType": "DialogChangeNode",
          "id": "260d76be-f093-4db1-8a3c-4ef27ad72529"
        }
      ],
      "id": "new_topic_2bf23930c1d146129dfe38bacb94ccd0_7620a288bb3e455984cace1ade5e259c_fallback",
      "displayName": "Fallback",
      "createdTime": "2020-02-07T00:00:00Z",
      "updatedTime": "2020-02-07T00:00:00Z",
      "createdUserId": "user0",
      "updatedUserId": "user0",
      "versionNumber": 0,
      "componentId": "00000000-0000-0000-0000-000000000000"
    }
  ],
  "botMessages": [
    {
      "channelContent": {
        "web": {
          "contentFormat": "Markdown",
          "content": "잠시만요, 추가로 도움을 드리겠습니다.\n\n {new\\_variable\\_2bf23930c1d146129dfe38bacb94ccd0\\_340aefff448e492eac88d718fbdf56ac}"
        }
      },
      "id": "8aa457c4-a0e0-4247-88d0-d89fcd3c26e9",
      "createdTime": "2020-02-07T00:00:00Z",
      "updatedTime": "2020-02-07T00:00:00Z",
      "createdUserId": "user0",
      "updatedUserId": "user0",
      "versionNumber": 0,
      "componentId": "00000000-0000-0000-0000-000000000000"
    }
  ],
  "createdUtc": "0001-01-01T00:00:00Z"
}