{
  "intents": [
    {
      "endUserOverrideName": "Skjul en chat",
      "triggerQueries": [
        "hvordan ikke vise en chat lenger?",
        "Fjerne chat fra listen",
        "Gjemme vekk en chat",
        "Vis en gjemt chat",
        "Se en skjult chat på nytt",
        "Vis en skjult chat",
        "Få tilgang til skjult chat",
        "Se på tidligere skjult chat",
        "Fjern gruppechatten",
        "Fjern chatten",
        "Fjern en chat",
        "Fjern en gruppesamtale",
        "Slett gruppesamtale",
        "Slett chatten",
        "Slett gruppechatten",
        "Kan jeg slette en gruppechat?",
        "Kan jeg slette en gruppesamtale?",
        "Kan jeg slette en chat?",
        "Går det an å slette en gruppechat?",
        "Går det an å slette en gruppesamtale?",
        "Går det an å slette en chat?",
        "Går det an å slette en samtale?",
        "Slett en chat",
        "Ikke vise samtalen i chatlisten",
        "Skjule samtalelogg",
        "Slette en gammel samtalelogg",
        "Fjerne en chat fra chattelisten",
        "Gjemme en chat",
        "Ikke vis en chat",
        "Skjul en chat"
      ],
      "dialogId": "new_topic_b237b450e2714bfa8f5db73be54d5953",
      "isTriggeringEnabled": true,
      "id": "new_topic_b237b450e2714bfa8f5db73be54d5953",
      "displayName": "Skjul og vis en chat",
      "description": "https://norwegianteams.blob.core.windows.net/norwegian-container/Tima - p19 to p33.docx",
      "createdTime": "2021-04-07T14:34:49.7478569Z",
      "updatedTime": "2021-04-22T13:52:08.0949637Z",
      "createdUserId": "ef0c8b9a-eff1-49f8-92fa-fd1d3e15e1ba",
      "updatedUserId": "ef0c8b9a-eff1-49f8-92fa-fd1d3e15e1ba"
    }
  ],
  "dialogs": [
    {
      "rootNodeId": "3f3b5d84-ae22-4471-bb55-49b83c1c7e2f",
      "messageNodes": [
        {
          "botMessageId": "a352c892-438f-4d7e-8cb5-091270da0736",
          "nodeType": "BotMessageNode",
          "id": "3f3b5d84-ae22-4471-bb55-49b83c1c7e2f",
          "defaultTargetNodeId": "e67c8e34-298a-466b-b5fa-3b7b24896302"
        },
        {
          "botMessageId": "6389ec9a-163f-4b4f-bf2f-4041d8a358e0",
          "nodeType": "BotMessageNode",
          "id": "c92b07d8-b0b3-45f8-90e3-efd760e181c6",
          "defaultTargetNodeId": "7d3ffb56-c8c5-4cb1-8707-a8c29adb36b8"
        },
        {
          "botMessageId": "d86d153c-e0df-4d37-9321-7edde4bcb7f6",
          "nodeType": "BotMessageNode",
          "id": "e67c8e34-298a-466b-b5fa-3b7b24896302",
          "defaultTargetNodeId": "c92b07d8-b0b3-45f8-90e3-efd760e181c6"
        }
      ],
      "dialogChangeNodes": [
        {
          "targetDialogId": "new_topic_89c49d37fd4c4c1c9144396960733ce1_aeabea4d071f415c8c107e1cb7af5424_assumedsuccess",
          "nodeType": "DialogChangeNode",
          "id": "7d3ffb56-c8c5-4cb1-8707-a8c29adb36b8"
        }
      ],
      "id": "new_topic_b237b450e2714bfa8f5db73be54d5953",
      "displayName": "Dialog for Skjul en chat",
      "createdTime": "2021-04-07T14:34:49.7478569Z",
      "updatedTime": "2021-04-22T13:50:49.9448354Z",
      "createdUserId": "ef0c8b9a-eff1-49f8-92fa-fd1d3e15e1ba",
      "updatedUserId": "ef0c8b9a-eff1-49f8-92fa-fd1d3e15e1ba"
    }
  ],
  "botMessages": [
    {
      "channelContent": {
        "web": {
          "contentFormat": "Markdown",
          "content": "Selv om du ikke kan slette en hel chat, så kan du [skjule en chat fra chatlisten](https://support.microsoft.com/nb-no/office/skjule-vise-dempe-eller-feste-en-chat-i-teams-9aee02ef-713d-495b-8a73-9762d8e4b066) hvis den ikke lenger er relevant for deg.\n\n*   **Obs!:** Du kan [slette enkeltmeldinger](https://support.microsoft.com/nb-no/office/rediger-eller-slett-en-sendt-melding-i-teams-5f1fe604-a900-4a07-b8b7-8cf70ed6b263) du har sendt."
        }
      },
      "id": "a352c892-438f-4d7e-8cb5-091270da0736",
      "createdTime": "2021-04-07T14:34:49.7478569Z",
      "updatedTime": "2021-04-07T14:34:49.7478569Z",
      "createdUserId": "ef0c8b9a-eff1-49f8-92fa-fd1d3e15e1ba",
      "updatedUserId": "ef0c8b9a-eff1-49f8-92fa-fd1d3e15e1ba"
    },
    {
      "channelContent": {
        "web": {
          "contentFormat": "Markdown",
          "content": "Trenger du å se en skjult chat på nytt? **Slik finner du en chat som du har skjult før, ved hjelp av søk:**\n\n1.  I «**søke»-tekstboksen** øverst i Teams, skriver du inn et ord eller uttrykk som er inkludert i chatten som du vil vise, for eksempel avsenderen eller en deltakers navn.\n2.  Velg den skjulte chatten du vil vise, og velg deretter **Chat** på den venstre verktøylinjen. Chatten vises i chat- **feeden** på nytt.\n3.  Velg **Flere alternativer…** > **Vis.**"
        }
      },
      "id": "6389ec9a-163f-4b4f-bf2f-4041d8a358e0",
      "createdTime": "2021-04-07T14:35:49.405Z",
      "updatedTime": "2021-04-07T14:35:49.405Z",
      "createdUserId": "user-0",
      "updatedUserId": "user-0"
    },
    {
      "channelContent": {
        "web": {
          "contentFormat": "Markdown",
          "content": "**Slik skjuler du en chat:**\n\n1.  Velg **Chat** for å åpne chatlisten\n2.  Ved siden av chatten du vil skjule, velger du **Flere alternativer…** > **Skjul**.\n3.  Chatten blir skjult helt til noen legger inn en ny melding i den."
        }
      },
      "id": "d86d153c-e0df-4d37-9321-7edde4bcb7f6",
      "createdTime": "2021-04-19T20:37:19.594Z",
      "updatedTime": "2021-04-19T20:37:19.594Z",
      "createdUserId": "user-0",
      "updatedUserId": "user-0"
    }
  ],
  "createdUtc": "0001-01-01T00:00:00Z"
}