{
  "intents": [
    {
      "endUserOverrideName": "Max antal mötesdeltagare?",
      "triggerQueries": [
        "Maxantal mötesdeltagare?",
        "Kan vi hålla stora möten i teams?",
        "Hur många kan vi vara i ett vanligt möte?",
        "Hur många får plats i ett möte?",
        "Hur stora vanliga teamsmöten kan vi ha?",
        "hur många mötesdeltagare är max?",
        "Maxantal i möte?",
        "Hur många kan vi vara i ett teamsmöte?",
        "Hur många kan vara i samma möte?",
        "Max antal mötesdeltagare?",
        "Vad är gränsen för antal deltagare i möten?"
      ],
      "dialogId": "new_topic_3073a913d6824cceb7da48526da22589",
      "isTriggeringEnabled": true,
      "id": "new_topic_3073a913d6824cceb7da48526da22589",
      "displayName": "Vad är gränsen för antal deltagare i möten?",
      "description": "https://faqtimafiles.blob.core.windows.net/filesfortima-adoptbot/svenska frågor till adoptbot PVA (Swedish QnA for AdoptBot).docx",
      "createdTime": "2020-11-24T14:37:53.8220925Z",
      "updatedTime": "2023-11-15T15:55:53.8727781Z",
      "createdUserId": "f04d3cd9-b73d-4ba9-a1ed-9319eba29b21",
      "updatedUserId": "f04d3cd9-b73d-4ba9-a1ed-9319eba29b21"
    }
  ],
  "dialogs": [
    {
      "rootNodeId": "ad76db35-a6e4-43be-a328-64e9c13ad156",
      "messageNodes": [
        {
          "botMessageId": "8172b9fd-7862-4ef4-af09-73d6cf8f43a9",
          "nodeType": "BotMessageNode",
          "id": "ad76db35-a6e4-43be-a328-64e9c13ad156",
          "defaultTargetNodeId": "d23c46a1-f3c0-46eb-9a68-d5e17e18f12d"
        },
        {
          "botMessageId": "fcf570bf-73d4-4c59-887c-ab08f53bde6e",
          "nodeType": "BotMessageNode",
          "id": "d23c46a1-f3c0-46eb-9a68-d5e17e18f12d",
          "defaultTargetNodeId": "5da1982b-c8df-440f-8c33-ed75b895b510"
        }
      ],
      "dialogChangeNodes": [
        {
          "targetDialogId": "new_topic_84ec227c19784e7ba25cb34f4638f91e_aeabea4d071f415c8c107e1cb7af5424_assumedsuccess",
          "nodeType": "DialogChangeNode",
          "id": "5da1982b-c8df-440f-8c33-ed75b895b510"
        }
      ],
      "id": "new_topic_3073a913d6824cceb7da48526da22589",
      "displayName": "Dialog for Vad är gränsen för antal deltagare i möten?",
      "createdTime": "2020-11-24T14:37:53.8220925Z",
      "updatedTime": "2023-11-15T15:55:53.8727769Z",
      "createdUserId": "f04d3cd9-b73d-4ba9-a1ed-9319eba29b21",
      "updatedUserId": "f04d3cd9-b73d-4ba9-a1ed-9319eba29b21"
    }
  ],
  "botMessages": [
    {
      "channelContent": {
        "web": {
          "contentFormat": "Markdown",
          "content": "[Maxgränsen för antalet personer i ett Teams-möte är](https://docs.microsoft.com/sv-se/microsoftteams/limits-specifications-teams#meetings-and-calls) 1000 (2024).\n\n**Klicka alltid på länken för senaste nytt**, då gränsen kan ha höjts och är beroende av licenstyp."
        }
      },
      "id": "8172b9fd-7862-4ef4-af09-73d6cf8f43a9",
      "createdTime": "2020-11-24T14:37:53.8220925Z",
      "updatedTime": "2020-11-24T14:37:53.8220925Z",
      "createdUserId": "f04d3cd9-b73d-4ba9-a1ed-9319eba29b21",
      "updatedUserId": "f04d3cd9-b73d-4ba9-a1ed-9319eba29b21"
    },
    {
      "channelContent": {
        "web": {
          "contentFormat": "Markdown",
          "content": "💡 _Utöver 1000 aktiva deltagare finns möjlighet att vara upp till totalt_ [_10 000 deltagare_](https://learn.microsoft.com/sv-se/microsoftteams/overview-meetings-webinars-town-halls)_. När maxgräns för aktiva deltagare uppnås, får nästkommande personer automatiskt en passiv tittar-upplevelse._"
        }
      },
      "id": "fcf570bf-73d4-4c59-887c-ab08f53bde6e",
      "createdTime": "2020-12-21T10:42:01.639Z",
      "updatedTime": "2020-12-21T10:42:01.639Z",
      "createdUserId": "user-0",
      "updatedUserId": "user-0"
    }
  ]
}