{
  "intents": [
    {
      "endUserOverrideName": "OneNote in Teams",
      "triggerQueries": [
        "hoe werkt onenote in teams",
        "wanneer gebruik je onenote",
        "kan onenote in teams",
        "hoe gebruik ik onenote in Teams",
        "onenote toevoegen aan Teams",
        "OneNote",
        "Hoe kan ik OneNote krijgen?"
      ],
      "dialogId": "new_topic_da826b0bba464d85b5d12d427b58d5c6",
      "isTriggeringEnabled": true,
      "id": "new_topic_da826b0bba464d85b5d12d427b58d5c6",
      "displayName": "OneNote",
      "description": "",
      "createdTime": "2021-03-22T18:33:30.5982606Z",
      "updatedTime": "2021-03-29T21:23:51.1909117Z",
      "createdUserId": "c1e90dc0-1df0-459d-8164-0dcb7915deaf",
      "updatedUserId": "c1e90dc0-1df0-459d-8164-0dcb7915deaf"
    }
  ],
  "dialogs": [
    {
      "rootNodeId": "bd29e5da-9dcc-46f6-8507-550e9ff86758",
      "messageNodes": [
        {
          "botMessageId": "be07c921-f759-4491-8779-5dbaae2c58b7",
          "nodeType": "BotMessageNode",
          "id": "bd29e5da-9dcc-46f6-8507-550e9ff86758",
          "defaultTargetNodeId": "b9bd81d5-e4ba-4480-8125-d9033c83da81"
        },
        {
          "botMessageId": "0c158735-c56c-400c-a4ea-9ccbc85f6bbc",
          "nodeType": "BotMessageNode",
          "id": "b9bd81d5-e4ba-4480-8125-d9033c83da81",
          "defaultTargetNodeId": "fcf62faf-e696-408c-8898-89c535b5adbb"
        },
        {
          "botMessageId": "7c7a0037-050d-4034-8571-005369ef6e8f",
          "nodeType": "BotMessageNode",
          "id": "fcf62faf-e696-408c-8898-89c535b5adbb",
          "defaultTargetNodeId": "fa738ff2-c6b3-4d8f-bfd5-4bd65f442344"
        },
        {
          "botMessageId": "2ae3a340-fdb2-472c-9738-1ce63a5a08de",
          "nodeType": "BotMessageNode",
          "id": "fa738ff2-c6b3-4d8f-bfd5-4bd65f442344",
          "defaultTargetNodeId": "c6226cc0-256e-4e06-80b5-033227d085c1"
        },
        {
          "botMessageId": "bf3ece68-4213-45da-88a7-b591515b808d",
          "nodeType": "BotMessageNode",
          "id": "c6226cc0-256e-4e06-80b5-033227d085c1",
          "defaultTargetNodeId": "188c0119-7899-4e19-8ba1-b04a83cc512e"
        },
        {
          "botMessageId": "fbd982f5-979a-49c4-b880-c78f4a5c4aed",
          "nodeType": "BotMessageNode",
          "id": "188c0119-7899-4e19-8ba1-b04a83cc512e",
          "defaultTargetNodeId": "ea6b7317-7f44-49a1-be1b-5e2657a89ed1"
        }
      ],
      "dialogChangeNodes": [
        {
          "targetDialogId": "new_topic_9d295c394a47419da3b4d205b7ed4c20_aeabea4d071f415c8c107e1cb7af5424_assumedsuccess",
          "nodeType": "DialogChangeNode",
          "id": "ea6b7317-7f44-49a1-be1b-5e2657a89ed1"
        }
      ],
      "id": "new_topic_da826b0bba464d85b5d12d427b58d5c6",
      "displayName": "Dialog for OneNote",
      "createdTime": "2021-03-22T18:33:30.5982606Z",
      "updatedTime": "2021-03-22T18:35:08.8077028Z",
      "createdUserId": "c1e90dc0-1df0-459d-8164-0dcb7915deaf",
      "updatedUserId": "c1e90dc0-1df0-459d-8164-0dcb7915deaf"
    }
  ],
  "botMessages": [
    {
      "channelContent": {
        "web": {
          "contentFormat": "Markdown",
          "content": "Als u een nieuw of bestaand OneNote-notitieblok wilt toevoegen aan een kanaal in Microsoft teams, selecteert u **\\+ tabblad toevoegen** boven aan het kanaal en selecteert u **OneNote**."
        }
      },
      "id": "be07c921-f759-4491-8779-5dbaae2c58b7",
      "createdTime": "2021-03-22T18:33:30.5982606Z",
      "updatedTime": "2021-03-22T18:33:30.5982606Z",
      "createdUserId": "c1e90dc0-1df0-459d-8164-0dcb7915deaf",
      "updatedUserId": "c1e90dc0-1df0-459d-8164-0dcb7915deaf"
    },
    {
      "channelContent": {
        "web": {
          "contentFormat": "Markdown",
          "content": "Als u helemaal opnieuw wilt beginnen, selecteert u **een nieuw notitieblok maken**, voegt u een naam toe aan het veld **naam van notitieblok** en klikt u op **Opslaan**."
        }
      },
      "id": "0c158735-c56c-400c-a4ea-9ccbc85f6bbc",
      "createdTime": "2021-03-22T18:34:03.512Z",
      "updatedTime": "2021-03-22T18:34:03.512Z",
      "createdUserId": "user-0",
      "updatedUserId": "user-0"
    },
    {
      "channelContent": {
        "web": {
          "contentFormat": "Markdown",
          "content": "Als u een bestaand notitieblok wilt toevoegen, selecteert u **door notitieblokken bladeren**, kiest u het notitieblok en de sectie en selecteert u **Opslaan**."
        }
      },
      "id": "7c7a0037-050d-4034-8571-005369ef6e8f",
      "createdTime": "2021-03-22T18:34:12.7Z",
      "updatedTime": "2021-03-22T18:34:12.7Z",
      "createdUserId": "user-0",
      "updatedUserId": "user-0"
    },
    {
      "channelContent": {
        "web": {
          "contentFormat": "Markdown",
          "content": "Als u een koppeling naar een bestaand notitieblok wilt toevoegen, selecteert u **een koppeling van OneNote plakken**, voegt u het adres toe en selecteert u **Opslaan**."
        }
      },
      "id": "2ae3a340-fdb2-472c-9738-1ce63a5a08de",
      "createdTime": "2021-03-22T18:34:19.767Z",
      "updatedTime": "2021-03-22T18:34:19.767Z",
      "createdUserId": "user-0",
      "updatedUserId": "user-0"
    },
    {
      "channelContent": {
        "web": {
          "contentFormat": "Markdown",
          "content": "Wanneer u het tabblad **OneNote** hebt toegevoegd, kan iedereen in het kanaal wijzigingen weergeven en bewerken (mits zij toegang hebben tot het notitieblok). Iedereen die voor het weergeven van het notitieblok is geblokkeerd, kan toegang vragen op het tabblad."
        }
      },
      "id": "bf3ece68-4213-45da-88a7-b591515b808d",
      "createdTime": "2021-03-22T18:34:45.209Z",
      "updatedTime": "2021-03-22T18:34:45.209Z",
      "createdUserId": "user-0",
      "updatedUserId": "user-0"
    },
    {
      "channelContent": {
        "web": {
          "contentFormat": "Markdown",
          "content": "[Meer info.](https://support.microsoft.com/nl-nl/office/een-onenote-notitieblok-toevoegen-aan-teams-0ec78cc3-ba3b-4279-a88e-aa40af9865c2)"
        }
      },
      "id": "fbd982f5-979a-49c4-b880-c78f4a5c4aed",
      "createdTime": "2021-03-22T18:34:48.503Z",
      "updatedTime": "2021-03-22T18:34:48.503Z",
      "createdUserId": "user-0",
      "updatedUserId": "user-0"
    }
  ],
  "createdUtc": "0001-01-01T00:00:00Z"
}