{
  "intents": [
    {
      "endUserOverrideName": "Kann ich einen ganzen Chat löschen?",
      "triggerQueries": [
        "chat nachricht löschen",
        "Kann ich den Chat löschen?",
        "Lösche meinen Chatverlauf",
        "Kann ich den Chat mit jemanden löschen?",
        "Chatverlauf löschen",
        "Chat Verlauf löschen",
        "Kann ich einen ganzen Chat löschen?",
        "Kann ich einen alten Chat löschen?"
      ],
      "dialogId": "new_topic_e28775d9150d4206924e43c5bbc98e65",
      "isTriggeringEnabled": true,
      "id": "new_topic_e28775d9150d4206924e43c5bbc98e65",
      "displayName": "Kann ich einen alten Chat löschen?",
      "description": "https://adoptbotv2kb.blob.core.windows.net/%24web/AdoptBot2021-English.docx",
      "createdTime": "2021-04-18T21:16:06.5877305Z",
      "updatedTime": "2021-04-18T21:18:19.4146816Z",
      "createdUserId": "86360cd1-faa6-4d16-8a0c-ba3116c8a977",
      "updatedUserId": "86360cd1-faa6-4d16-8a0c-ba3116c8a977"
    }
  ],
  "dialogs": [
    {
      "rootNodeId": "346003e5-304c-49a4-a2d3-a69bd2d3f44d",
      "messageNodes": [
        {
          "botMessageId": "3148699b-ac60-4c7d-b484-c5a044b35b28",
          "nodeType": "BotMessageNode",
          "id": "346003e5-304c-49a4-a2d3-a69bd2d3f44d",
          "defaultTargetNodeId": "30219444-1db9-46be-9834-a09a6ac5f9a4"
        }
      ],
      "dialogChangeNodes": [
        {
          "targetDialogId": "new_topic_30867099f4b543d3b8543a85c22c3418_aeabea4d071f415c8c107e1cb7af5424_assumedsuccess",
          "nodeType": "DialogChangeNode",
          "id": "30219444-1db9-46be-9834-a09a6ac5f9a4"
        }
      ],
      "id": "new_topic_e28775d9150d4206924e43c5bbc98e65",
      "displayName": "Dialog for Kann ich einen alten Chat löschen?",
      "createdTime": "2021-04-18T21:16:06.5877305Z",
      "updatedTime": "2021-04-18T21:16:59.0022134Z",
      "createdUserId": "86360cd1-faa6-4d16-8a0c-ba3116c8a977",
      "updatedUserId": "86360cd1-faa6-4d16-8a0c-ba3116c8a977"
    }
  ],
  "botMessages": [
    {
      "channelContent": {
        "web": {
          "contentFormat": "Markdown",
          "content": "Sie können zwar nicht einen ganzen Chat löschen, aber Sie können ihn ausblenden, um ihn aus Ihrer Chatliste zu entfernen.\n\nUnd Sie können auch [einzelne Nachrichten löschen, die Sie gesendet haben.](https://support.microsoft.com/de-de/office/bearbeiten-oder-l%c3%b6schen-einer-gesendeten-nachricht-in-teams-5f1fe604-a900-4a07-b8b7-8cf70ed6b263?ui=de-DE&rs=de-DE&ad=DE)"
        }
      },
      "id": "3148699b-ac60-4c7d-b484-c5a044b35b28",
      "createdTime": "2021-04-18T21:16:06.5877305Z",
      "updatedTime": "2021-04-18T21:16:06.5877305Z",
      "createdUserId": "86360cd1-faa6-4d16-8a0c-ba3116c8a977",
      "updatedUserId": "86360cd1-faa6-4d16-8a0c-ba3116c8a977"
    }
  ]
}