{
  "intents": [
    {
      "endUserOverrideName": "Massimo numero di partecipanti a una riunione",
      "triggerQueries": [
        "quanti in una riunione?",
        "Numero massimo di persone in una riunione?",
        "in quanti possono partecipare alle riunioni normali?",
        "in quanti possono partecipare a una riunione?",
        "Numero massimo di partecipanti a una riunione",
        "Qual è il limite per il numero di partecipanti alle riunioni?",
        "Numero massimo di partecipanti alla riunione?",
        "In quanti possono essere nella stessa riunione?",
        "In quanti possiamo essere in una riunione di Teams?",
        "Numero massimo in una riunione?",
        "qual è il massimo dei partecipanti alla riunione?",
        "Quanto possono essere grandi le riunioni di Teams?",
        "Quante persone possono entrare in una riunione?",
        "Quanti possiamo essere in una riunione standard?",
        "Possiamo tenere riunioni di grandi dimensioni su Teams?",
        "Qual è il limite per il numero di partecipanti a una riunione?"
      ],
      "dialogId": "new_topic_aaec4baca1b04be48d14ababc4b262ac",
      "isTriggeringEnabled": true,
      "id": "new_topic_aaec4baca1b04be48d14ababc4b262ac",
      "displayName": "Qual è il limite per il numero di partecipanti a una riunione?",
      "createdTime": "2022-04-15T23:50:37.5556356Z",
      "updatedTime": "2022-04-15T23:52:37.7374145Z",
      "createdUserId": "9451fc51-e00d-4445-8ff9-efb70866dc3b",
      "updatedUserId": "9451fc51-e00d-4445-8ff9-efb70866dc3b"
    }
  ],
  "dialogs": [
    {
      "rootNodeId": "dcb3dd5a-5890-4e95-99d2-8fae7561aa42",
      "messageNodes": [
        {
          "botMessageId": "048c70d3-0bba-410e-b79d-dde6fc73f0f6",
          "nodeType": "BotMessageNode",
          "id": "dcb3dd5a-5890-4e95-99d2-8fae7561aa42",
          "defaultTargetNodeId": "a47952ed-a217-4e25-9a7d-99b360d3bf0f"
        },
        {
          "botMessageId": "257c777c-5b24-4cc1-861b-3a83635cbeba",
          "nodeType": "BotMessageNode",
          "id": "a47952ed-a217-4e25-9a7d-99b360d3bf0f",
          "defaultTargetNodeId": "240667c5-fc3f-47c0-b747-b29103ed30e7"
        },
        {
          "botMessageId": "9b2afaf1-adcb-4f3f-a93f-3738e6f8df08",
          "nodeType": "BotMessageNode",
          "id": "240667c5-fc3f-47c0-b747-b29103ed30e7",
          "defaultTargetNodeId": "7eb4f939-44d0-4659-a0d4-7d6c270c4994"
        },
        {
          "botMessageId": "5015e2c3-7b96-4c0f-836a-3864c9e0c2e5",
          "nodeType": "BotMessageNode",
          "id": "7eb4f939-44d0-4659-a0d4-7d6c270c4994",
          "defaultTargetNodeId": "8e8a6156-0634-4f5f-8462-7082454aa728"
        }
      ],
      "dialogChangeNodes": [
        {
          "targetDialogId": "new_topic_f98a24608ee04cb998de3e3e32703d5b_aeabea4d071f415c8c107e1cb7af5424_assumedsuccess",
          "nodeType": "DialogChangeNode",
          "id": "8e8a6156-0634-4f5f-8462-7082454aa728"
        }
      ],
      "id": "new_topic_aaec4baca1b04be48d14ababc4b262ac",
      "displayName": "Senza titolo",
      "createdTime": "2022-04-15T23:50:37.5556356Z",
      "updatedTime": "2022-04-15T23:52:37.7374145Z",
      "createdUserId": "9451fc51-e00d-4445-8ff9-efb70866dc3b",
      "updatedUserId": "9451fc51-e00d-4445-8ff9-efb70866dc3b"
    }
  ],
  "botMessages": [
    {
      "channelContent": {
        "web": {
          "contentFormat": "Markdown",
          "content": "[Il numero massimo di partecipanti a un riunione standard di Teams](https://docs.microsoft.com/it-it/microsoftteams/limits-specifications-teams#meetings-and-calls) è 10000"
        }
      },
      "id": "048c70d3-0bba-410e-b79d-dde6fc73f0f6",
      "createdTime": "2022-04-15T22:57:53.839Z",
      "updatedTime": "2022-04-15T22:57:53.839Z"
    },
    {
      "channelContent": {
        "web": {
          "contentFormat": "Markdown",
          "content": "💡 Consulta [questo link](https://docs.microsoft.com/it-it/microsoftteams/limits-specifications-teams#meetings-and-calls) per gli ultimi aggiornamenti e dettagli, i limiti potrebbero essere aumentati!"
        }
      },
      "id": "257c777c-5b24-4cc1-861b-3a83635cbeba",
      "createdTime": "2022-04-15T23:09:38.68Z",
      "updatedTime": "2022-04-15T23:09:38.68Z",
      "createdUserId": "user-0",
      "updatedUserId": "user-0"
    },
    {
      "channelContent": {
        "web": {
          "contentFormat": "Markdown",
          "content": "*   Fino a 10000 possono partecipare a una riunione  in modalità [sola visualizzazione](https://support.microsoft.com/it-it/office/partecipare-a-una-riunione-come-partecipante-di-sola-visualizzazione-3639f64d-e017-4ead-a4c1-e9b6785fd915), se abilitata a livello aziendale.\n*   Quando si partecipa a una riunione dopo i i primi 1000 partecipanti, si potrà partecipare come [partecipante di sola visualizzazione](https://support.microsoft.com/it-it/office/partecipare-a-una-riunione-come-partecipante-di-sola-visualizzazione-3639f64d-e017-4ead-a4c1-e9b6785fd915)  \n    _(se l'opzione è abilitata)_."
        }
      },
      "id": "9b2afaf1-adcb-4f3f-a93f-3738e6f8df08",
      "createdTime": "2022-04-15T23:15:15.16Z",
      "updatedTime": "2022-04-15T23:15:15.16Z",
      "createdUserId": "user-0",
      "updatedUserId": "user-0"
    },
    {
      "channelContent": {
        "web": {
          "contentFormat": "Markdown",
          "content": "💡 Stai pianificando una riunione di grandi dimensioni?\n\n*   [Procedure consigliate per una riunione di Teams di grandi dimensioni](https://support.microsoft.com/it-it/office/procedure-consigliate-per-una-riunione-di-teams-di-grandi-dimensioni-ce2cdb9a-0546-43a4-bb55-34ab98ab6b16)\n*   Per gli Amministratori: [Esperienza di sola visualizzazione nelle riunioni di Teams](https://docs.microsoft.com/it-it/microsoftteams/view-only-meeting-experience)"
        }
      },
      "id": "5015e2c3-7b96-4c0f-836a-3864c9e0c2e5",
      "createdTime": "2022-04-15T23:45:28.039Z",
      "updatedTime": "2022-04-15T23:45:28.039Z",
      "createdUserId": "user-0",
      "updatedUserId": "user-0"
    }
  ]
}