{
  "intents": [
    {
      "endUserOverrideName": "Avisering vid anslutning till möte",
      "triggerQueries": [
        "Hör man när någon ansluter till mötet",
        "ändra ljud när någon ansluter?",
        "Avisering vid anslutning till möte",
        "Märks det när någon ansluter?",
        "Kommer deltagarna att höra en avisering när en användare ansluter till eller avslutar ett möte?"
      ],
      "dialogId": "new_topic_4426f3838fe348fa8af7194a9ea88f1c",
      "isTriggeringEnabled": true,
      "id": "new_topic_4426f3838fe348fa8af7194a9ea88f1c",
      "displayName": "Kommer deltagarna att höra en avisering när en användare ansluter till eller avslutar ett möte?",
      "description": "https://faqtimafiles.blob.core.windows.net/filesfortima-adoptbot/svenska frågor till adoptbot PVA (Swedish QnA for AdoptBot).docx",
      "createdTime": "2020-11-24T14:37:53.8220925Z",
      "updatedTime": "2021-01-22T15:36:08.5449969Z",
      "createdUserId": "f04d3cd9-b73d-4ba9-a1ed-9319eba29b21",
      "updatedUserId": "f04d3cd9-b73d-4ba9-a1ed-9319eba29b21"
    }
  ],
  "dialogs": [
    {
      "rootNodeId": "00811e9d-1d47-430a-9337-7657de79c517",
      "messageNodes": [
        {
          "botMessageId": "936581e6-189b-4317-8a6b-f1ab45f97758",
          "nodeType": "BotMessageNode",
          "id": "00811e9d-1d47-430a-9337-7657de79c517",
          "defaultTargetNodeId": "8fcc8d2e-0b3d-407d-a193-79b1cec71e40"
        }
      ],
      "dialogChangeNodes": [
        {
          "targetDialogId": "new_topic_84ec227c19784e7ba25cb34f4638f91e_aeabea4d071f415c8c107e1cb7af5424_assumedsuccess",
          "nodeType": "DialogChangeNode",
          "id": "8fcc8d2e-0b3d-407d-a193-79b1cec71e40"
        }
      ],
      "id": "new_topic_4426f3838fe348fa8af7194a9ea88f1c",
      "displayName": "Dialog for Kommer deltagarna att höra en avisering när en användare ansluter till eller avslutar ett möte?",
      "createdTime": "2020-11-24T14:37:53.8220925Z",
      "updatedTime": "2020-12-11T16:38:17.6737422Z",
      "createdUserId": "f04d3cd9-b73d-4ba9-a1ed-9319eba29b21",
      "updatedUserId": "f04d3cd9-b73d-4ba9-a1ed-9319eba29b21"
    }
  ],
  "botMessages": [
    {
      "channelContent": {
        "web": {
          "contentFormat": "Markdown",
          "content": "Som standard hörs en avisering när användare ansluter. Om du vill ändra dessa inställningar, se [Ändra deltagarinställningar för ett Teams-möte](https://support.microsoft.com/sv-se/office/change-participant-settings-for-a-teams-meeting-53261366-dbd5-45f9-aae9-a70e6354f88e)"
        }
      },
      "id": "936581e6-189b-4317-8a6b-f1ab45f97758",
      "createdTime": "2020-11-24T14:37:53.8220925Z",
      "updatedTime": "2020-11-24T14:37:53.8220925Z",
      "createdUserId": "f04d3cd9-b73d-4ba9-a1ed-9319eba29b21",
      "updatedUserId": "f04d3cd9-b73d-4ba9-a1ed-9319eba29b21"
    }
  ]
}