{
  "intents": [
    {
      "endUserOverrideName": "Använda grupprum under möten?",
      "triggerQueries": [
        "dela upp mötet i mindre rum",
        "jag vill skapa grupprum innan mötet",
        "breakout sessioner",
        "Hur göra breakouts?",
        "hur skapar jag grupprum?",
        "dela in mötet i mindre grupper",
        "smågrupper i möten",
        "grupprum",
        "grupprum i möten",
        "grupprum i teams",
        "breakouts rooms",
        "Använda grupprum under möten?",
        "Hur använder jag grupprum i Teams?"
      ],
      "dialogId": "new_topic_8f91cbba5ffd4d23b08e0b595a088d20",
      "isTriggeringEnabled": true,
      "id": "new_topic_8f91cbba5ffd4d23b08e0b595a088d20",
      "displayName": "Hur använder jag grupprum i Teams?",
      "description": "https://faqtimafiles.blob.core.windows.net/filesfortima-adoptbot/svenska frågor till adoptbot PVA (Swedish QnA for AdoptBot).docx",
      "createdTime": "2021-01-13T18:47:12.3917411Z",
      "updatedTime": "2021-01-13T18:51:14.0084804Z",
      "createdUserId": "f04d3cd9-b73d-4ba9-a1ed-9319eba29b21",
      "updatedUserId": "f04d3cd9-b73d-4ba9-a1ed-9319eba29b21"
    }
  ],
  "dialogs": [
    {
      "rootNodeId": "82844d20-081a-497d-b4e6-52275d698a0b",
      "messageNodes": [
        {
          "botMessageId": "0cd9c36f-b73e-40e3-96f2-b0d0ead90878",
          "nodeType": "BotMessageNode",
          "id": "82844d20-081a-497d-b4e6-52275d698a0b",
          "defaultTargetNodeId": "565ce56e-4fb9-4682-b3b1-bc89a9daa0d9"
        }
      ],
      "dialogChangeNodes": [
        {
          "targetDialogId": "new_topic_84ec227c19784e7ba25cb34f4638f91e_aeabea4d071f415c8c107e1cb7af5424_assumedsuccess",
          "nodeType": "DialogChangeNode",
          "id": "565ce56e-4fb9-4682-b3b1-bc89a9daa0d9"
        }
      ],
      "id": "new_topic_8f91cbba5ffd4d23b08e0b595a088d20",
      "displayName": "Dialog for Hur använder jag grupprum i Teams?",
      "createdTime": "2021-01-13T18:47:12.3917411Z",
      "updatedTime": "2021-01-13T18:50:53.830571Z",
      "createdUserId": "f04d3cd9-b73d-4ba9-a1ed-9319eba29b21",
      "updatedUserId": "f04d3cd9-b73d-4ba9-a1ed-9319eba29b21"
    }
  ],
  "botMessages": [
    {
      "channelContent": {
        "web": {
          "contentFormat": "Markdown",
          "content": "Grupprum (breakout rooms) är perfekt för att dela upp mötesdeltagare i mindre grupper. \n\nDet finns många olika syften med grupprum och nya funktioner kommer ständigt. \n\nDärför är det bäst att kika här för en [alltid uppdaterad guide om grupprum i Teams](https://support.microsoft.com/sv-se/office/anv%c3%a4nda-%c3%b6versiktenrum-i-teams-m%c3%b6ten-7de1f48a-da07-466c-a5ab-4ebace28e461?ui=sv-SE&rs=sv-SE&ad=SE)"
        }
      },
      "id": "0cd9c36f-b73e-40e3-96f2-b0d0ead90878",
      "createdTime": "2021-01-13T18:47:12.3917411Z",
      "updatedTime": "2021-01-13T18:47:12.3917411Z",
      "createdUserId": "f04d3cd9-b73d-4ba9-a1ed-9319eba29b21",
      "updatedUserId": "f04d3cd9-b73d-4ba9-a1ed-9319eba29b21"
    }
  ]
}