{
  "intents": [
    {
      "endUserOverrideName": "Profielfoto wijzigen",
      "triggerQueries": [
        "waar zie ik mijn profiel foto",
        "wie ziet mijn profiel foto",
        "hoe verander ik mijn profiel foto",
        "foto wijzigen",
        "foto toevoegen",
        "foto uploaden",
        "profielfoto uploaden",
        "Profielfoto wijzigen",
        "Hoe verander ik mijn foto"
      ],
      "dialogId": "new_topic_520bd7979b874bb7b93bd37281c1cd5f",
      "isTriggeringEnabled": true,
      "id": "new_topic_520bd7979b874bb7b93bd37281c1cd5f",
      "displayName": "Hoe verander ik mijn profielfoto?",
      "description": "",
      "createdTime": "2021-03-17T14:31:39.9835649Z",
      "updatedTime": "2021-03-29T22:55:03.1947993Z",
      "createdUserId": "c1e90dc0-1df0-459d-8164-0dcb7915deaf",
      "updatedUserId": "c1e90dc0-1df0-459d-8164-0dcb7915deaf"
    }
  ],
  "dialogs": [
    {
      "rootNodeId": "4409e82d-fa8e-4c47-baff-ef2f3b016fb5",
      "messageNodes": [
        {
          "botMessageId": "70c67513-94a9-40f4-aa0c-f247b77e6074",
          "nodeType": "BotMessageNode",
          "id": "4409e82d-fa8e-4c47-baff-ef2f3b016fb5",
          "defaultTargetNodeId": "95e30af3-e457-4caa-a0c1-300e607e1ce8"
        }
      ],
      "dialogChangeNodes": [
        {
          "targetDialogId": "new_topic_9d295c394a47419da3b4d205b7ed4c20_aeabea4d071f415c8c107e1cb7af5424_assumedsuccess",
          "nodeType": "DialogChangeNode",
          "id": "95e30af3-e457-4caa-a0c1-300e607e1ce8"
        }
      ],
      "id": "new_topic_520bd7979b874bb7b93bd37281c1cd5f",
      "displayName": "Dialog for Hoe verander ik mijn profielfoto?",
      "createdTime": "2021-03-17T14:31:39.9835649Z",
      "updatedTime": "2021-03-29T22:55:13.196373Z",
      "createdUserId": "c1e90dc0-1df0-459d-8164-0dcb7915deaf",
      "updatedUserId": "c1e90dc0-1df0-459d-8164-0dcb7915deaf"
    }
  ],
  "botMessages": [
    {
      "channelContent": {
        "web": {
          "contentFormat": "Markdown",
          "content": "Klik op uw huidige afbeelding in het scherm en selecteer 📷 **Afbeelding wijzigen**. [Meer info](https://support.microsoft.com/nl-nl/office/uw-profielfoto-wijzigen-in-teams-7a711943-9248-420e-b814-c071aa8d9b9c?ui=nl-NL&rs=nl-NL&ad=NL)"
        }
      },
      "id": "70c67513-94a9-40f4-aa0c-f247b77e6074",
      "createdTime": "2021-03-17T14:31:39.9835649Z",
      "updatedTime": "2021-03-17T14:31:39.9835649Z",
      "createdUserId": "c1e90dc0-1df0-459d-8164-0dcb7915deaf",
      "updatedUserId": "c1e90dc0-1df0-459d-8164-0dcb7915deaf"
    }
  ],
  "createdUtc": "0001-01-01T00:00:00Z"
}