{
  "version": "287d139b-222b-e911-a956-000d3a37f702",
  "contextVariables": [
    {
      "contextVariableType": "System",
      "systemVariableTypes": [
        "UnrecognizedTriggerPhrase"
      ],
      "systemType": "String",
      "initializerType": "UserTriggerPhrase",
      "scope": "Session",
      "greedySlotFillingEnabled": false,
      "isInput": false,
      "externalInitializationAllowed": false,
      "isGlobal": true,
      "id": "new_variable_2bf23930c1d146129dfe38bacb94ccd0_340aefff448e492eac88d718fbdf56ac",
      "displayName": "UnrecognizedTriggerPhrase",
      "createdTime": "2020-02-07T00:00:00Z",
      "updatedTime": "2020-02-07T00:00:00Z",
      "createdUserId": "user0",
      "updatedUserId": "user0",
      "versionNumber": 0,
      "componentId": "00000000-0000-0000-0000-000000000000"
    }
  ],
  "createdUtc": "0001-01-01T00:00:00Z"
}