{
  "intents": [
    {
      "triggerQueries": [
        "il mio dispositivo può eseguire Office",
        "funziona Office sul mio dispositivo?",
        "Posso usare Office sul telefono?",
        "Office funziona sul mio cellulare?",
        "funziona Office sul tuo cellulare?",
        "Come faccio a sapere se il mio dispositivo può eseguire Office?"
      ],
      "dialogId": "new_topic_5006794d52c04665b0efde5372ab5924",
      "isTriggeringEnabled": true,
      "id": "new_topic_5006794d52c04665b0efde5372ab5924",
      "displayName": "Come verifico se il mio dispositivo può eseguire Office?",
      "createdTime": "2022-04-26T14:11:34.92348Z",
      "updatedTime": "2022-04-26T14:17:49.190744Z",
      "createdUserId": "9451fc51-e00d-4445-8ff9-efb70866dc3b",
      "updatedUserId": "9451fc51-e00d-4445-8ff9-efb70866dc3b"
    }
  ],
  "dialogs": [
    {
      "rootNodeId": "db431afa-e06b-4fca-872b-67b3d586a83d",
      "messageNodes": [
        {
          "botMessageId": "083ab88c-3188-4f1f-bd8e-fb80b22a07c5",
          "nodeType": "BotMessageNode",
          "id": "db431afa-e06b-4fca-872b-67b3d586a83d",
          "defaultTargetNodeId": "d45d0a19-281f-46dc-8c82-2423a9564df7"
        }
      ],
      "dialogChangeNodes": [
        {
          "targetDialogId": "new_topic_f98a24608ee04cb998de3e3e32703d5b_aeabea4d071f415c8c107e1cb7af5424_assumedsuccess",
          "nodeType": "DialogChangeNode",
          "id": "d45d0a19-281f-46dc-8c82-2423a9564df7"
        }
      ],
      "id": "new_topic_5006794d52c04665b0efde5372ab5924",
      "displayName": "Senza titolo",
      "createdTime": "2022-04-26T14:11:34.92348Z",
      "updatedTime": "2022-04-26T14:17:49.190744Z",
      "createdUserId": "9451fc51-e00d-4445-8ff9-efb70866dc3b",
      "updatedUserId": "9451fc51-e00d-4445-8ff9-efb70866dc3b"
    }
  ],
  "botMessages": [
    {
      "channelContent": {
        "web": {
          "contentFormat": "Markdown",
          "content": "Office 365 è compatibile con Windows, macOS, iPhone, Android. \n\nPer versioni compatibili di Windows e macOS e per altri requisiti di funzionalità, consultare i [Requisiti di sistema](https://www.microsoft.com/it-it/microsoft-365/microsoft-365-and-office-resources)"
        }
      },
      "id": "083ab88c-3188-4f1f-bd8e-fb80b22a07c5",
      "createdTime": "2022-04-26T11:55:48.456Z",
      "updatedTime": "2022-04-26T11:55:48.456Z"
    }
  ]
}