{
  "intents": [
    {
      "endUserOverrideName": "Limite de taille des fichiers",
      "triggerQueries": [
        "Y a-t-il une limite sur les fichiers stockés dans Teams?",
        "Y a-t-il une restriction sur les fichiers stockés dans Teams?",
        "quelle peut être la taille d’un fichier dans Teams?",
        "Limites de taille de fichiers dans Microsoft Teams?",
        "Limite de téléchargement de fichiers dans Teams",
        "Des restrictions pour les fichiers dans Teams?",
        "Des limites pour les fichiers dans Teams?",
        "Taille des fichiers dans Teams?",
        "Quelle taille de fichiers puis-je télécharger dans Teams",
        "Quelle peut être la taille d’un fichier ?",
        "Quelle est la taille maximale du fichier?",
        "Quelle est la taille des fichiers que Teams peut gérer?",
        "Quelle taille de fichiers puis-je enregistrer dans Teams?",
        "filtrage pour la taille du fichier",
        "Est-ce que Teams peut gérer des fichiers volumineux ?",
        "quelle est la taille des fichiers que je peux télécharger ?"
      ],
      "dialogId": "new_topic_5b3ca231e4c54e1a8eaffb383fa97466",
      "isTriggeringEnabled": true,
      "id": "new_topic_5b3ca231e4c54e1a8eaffb383fa97466",
      "displayName": "Y a-t-il une limite sur les fichiers stockés dans Teams?",
      "description": "",
      "createdTime": "2021-01-13T22:20:51.2371466Z",
      "updatedTime": "2021-05-24T13:00:25.8446152Z",
      "createdUserId": "f04d3cd9-b73d-4ba9-a1ed-9319eba29b21",
      "updatedUserId": "a2c4aa2c-d830-41eb-bcf4-467a2c7e1279"
    }
  ],
  "dialogs": [
    {
      "rootNodeId": "90f61a0c-e955-4190-b3da-f6532e73d275",
      "messageNodes": [
        {
          "botMessageId": "786c799c-0629-45c5-99f4-ecb7b088a63a",
          "nodeType": "BotMessageNode",
          "id": "90f61a0c-e955-4190-b3da-f6532e73d275",
          "defaultTargetNodeId": "07f0e30a-a77f-46d7-b6d9-a19628d74cd1"
        },
        {
          "botMessageId": "b6ee6182-9f26-4e0e-aa3e-b613c280a9e0",
          "nodeType": "BotMessageNode",
          "id": "6e23910f-ab9b-4adf-a190-8b7a087b1672",
          "defaultTargetNodeId": "478102f2-e7f8-47e9-ad2b-dbf02dbf7c3c"
        },
        {
          "botMessageId": "2e1d65eb-4411-4deb-9b86-7133687ed4c7",
          "nodeType": "BotMessageNode",
          "id": "07f0e30a-a77f-46d7-b6d9-a19628d74cd1",
          "defaultTargetNodeId": "6e23910f-ab9b-4adf-a190-8b7a087b1672"
        }
      ],
      "dialogChangeNodes": [
        {
          "targetDialogId": "new_topic_eac3f49c99664313a9d9dc19d80a79a2_aeabea4d071f415c8c107e1cb7af5424_assumedsuccess",
          "nodeType": "DialogChangeNode",
          "id": "478102f2-e7f8-47e9-ad2b-dbf02dbf7c3c"
        }
      ],
      "id": "new_topic_5b3ca231e4c54e1a8eaffb383fa97466",
      "displayName": "Dialog for Is there any restriction on files stored in Teams?",
      "createdTime": "2021-01-13T22:20:51.2371466Z",
      "updatedTime": "2021-05-24T13:01:24.2868081Z",
      "createdUserId": "f04d3cd9-b73d-4ba9-a1ed-9319eba29b21",
      "updatedUserId": "a2c4aa2c-d830-41eb-bcf4-467a2c7e1279"
    }
  ],
  "botMessages": [
    {
      "channelContent": {
        "web": {
          "contentFormat": "Markdown",
          "content": "La [limite de téléchargement de fichiers dans Teams](https://docs.microsoft.com/fr-fr/microsoftteams/limits-specifications-teams#storage) est actuellement de 100 Go par fichier (début 2021).\n\n💡 [_cliquez toujours sur le lien pour connaitre les dernières mises à jour sur les limitations._](https://docs.microsoft.com/fr-fr/microsoftteams/limits-specifications-teams#storage)"
        }
      },
      "id": "786c799c-0629-45c5-99f4-ecb7b088a63a",
      "createdTime": "2021-01-13T22:20:51.2371466Z",
      "updatedTime": "2021-01-13T22:20:51.2371466Z",
      "createdUserId": "f04d3cd9-b73d-4ba9-a1ed-9319eba29b21",
      "updatedUserId": "f04d3cd9-b73d-4ba9-a1ed-9319eba29b21"
    },
    {
      "channelContent": {
        "web": {
          "contentFormat": "Markdown",
          "content": "En 2021, la limite a été/augmentera/passera à 250 Go par fichier."
        }
      },
      "id": "b6ee6182-9f26-4e0e-aa3e-b613c280a9e0",
      "createdTime": "2021-01-27T11:09:26.242Z",
      "updatedTime": "2021-01-27T11:09:26.242Z",
      "createdUserId": "user-0",
      "updatedUserId": "user-0"
    },
    {
      "channelContent": {
        "web": {
          "contentFormat": "Markdown",
          "content": "Étant donné que Teams s’exécute sur un backend SharePoint Online pour le partage de fichiers, les limitations SharePoint s’appliquent à la section Fichiers au sein d’une équipe."
        }
      },
      "id": "2e1d65eb-4411-4deb-9b86-7133687ed4c7",
      "createdTime": "2021-01-27T11:12:05.79Z",
      "updatedTime": "2021-01-27T11:12:05.79Z",
      "createdUserId": "user-0",
      "updatedUserId": "user-0"
    }
  ],
  "createdUtc": "0001-01-01T00:00:00Z"
}