{
  "intents": [
    {
      "triggerQueries": [
        "Hvordan oppretter jeg et Teams møte fra Outlook?",
        "Lag nytt Teams møte fra Outlook",
        "Opprett nytt Teams møte fra Outlook",
        "Planlegg et Teams møte fra Outlook"
      ],
      "dialogId": "new_topic_3c32bda5d1c6406ca48ea8ae885d5fc5",
      "isTriggeringEnabled": true,
      "id": "new_topic_3c32bda5d1c6406ca48ea8ae885d5fc5",
      "displayName": "Planlegg et Teams møte fra Outlook",
      "description": "",
      "createdTime": "2021-04-10T07:46:13.3186531Z",
      "updatedTime": "2021-04-10T07:46:13.3186531Z",
      "createdUserId": "ef0c8b9a-eff1-49f8-92fa-fd1d3e15e1ba"
    }
  ],
  "dialogs": [
    {
      "rootNodeId": "d6aa07a1-5b1f-497b-a9f5-1b0214937363",
      "messageNodes": [
        {
          "botMessageId": "a47b1d31-5f10-4916-b922-30cb06636d36",
          "nodeType": "BotMessageNode",
          "id": "d6aa07a1-5b1f-497b-a9f5-1b0214937363",
          "defaultTargetNodeId": "362fc7ca-d9dd-456a-91fb-86c2827e3d66"
        },
        {
          "botMessageId": "e16509e7-cd57-418e-b99f-6ccb3fea7c12",
          "nodeType": "BotMessageNode",
          "id": "362fc7ca-d9dd-456a-91fb-86c2827e3d66",
          "defaultTargetNodeId": "944ecebf-b00e-4429-bae2-97e7f67c1e2b"
        },
        {
          "botMessageId": "ec54d436-ab8e-4049-8681-62e22a1f53df",
          "nodeType": "BotMessageNode",
          "id": "944ecebf-b00e-4429-bae2-97e7f67c1e2b",
          "defaultTargetNodeId": "f6aa20d5-eceb-4557-8c24-9a2d820402b4"
        },
        {
          "botMessageId": "a447fd7d-c4ac-425f-a2d1-562a64be15cc",
          "nodeType": "BotMessageNode",
          "id": "f6aa20d5-eceb-4557-8c24-9a2d820402b4",
          "defaultTargetNodeId": "a102f1a9-6e83-418d-9162-2c6c5f90e06e"
        }
      ],
      "dialogChangeNodes": [
        {
          "targetDialogId": "new_topic_89c49d37fd4c4c1c9144396960733ce1_aeabea4d071f415c8c107e1cb7af5424_assumedsuccess",
          "nodeType": "DialogChangeNode",
          "id": "a102f1a9-6e83-418d-9162-2c6c5f90e06e"
        }
      ],
      "id": "new_topic_3c32bda5d1c6406ca48ea8ae885d5fc5",
      "displayName": "Dialog for Planlegg et Teams møte fra Outlook",
      "createdTime": "2021-04-10T07:46:13.3186531Z",
      "updatedTime": "2021-04-10T07:47:05.5033979Z",
      "createdUserId": "ef0c8b9a-eff1-49f8-92fa-fd1d3e15e1ba",
      "updatedUserId": "ef0c8b9a-eff1-49f8-92fa-fd1d3e15e1ba"
    }
  ],
  "botMessages": [
    {
      "channelContent": {
        "web": {
          "contentFormat": "Markdown",
          "content": "Microsoft Teams inkluderer Outlook-tillegget, som lar deg opprette nye Teams-møter direkte fra Outlook. Det gjør det også mulig for brukere å vise, godta eller bli med i møter i begge appene."
        }
      },
      "id": "a47b1d31-5f10-4916-b922-30cb06636d36",
      "createdTime": "2021-04-10T07:46:13.3185885Z",
      "updatedTime": "2021-04-10T07:46:13.3185885Z",
      "createdUserId": "ef0c8b9a-eff1-49f8-92fa-fd1d3e15e1ba",
      "updatedUserId": "ef0c8b9a-eff1-49f8-92fa-fd1d3e15e1ba"
    },
    {
      "channelContent": {
        "web": {
          "contentFormat": "Markdown",
          "content": "Vær oppmerksom på at du for øyeblikket kan planlegge Teams møter fra Outlook, men ikke velge en kanal å ha dem i."
        }
      },
      "id": "e16509e7-cd57-418e-b99f-6ccb3fea7c12",
      "createdTime": "2021-04-10T07:46:23.95Z",
      "updatedTime": "2021-04-10T07:46:23.95Z",
      "createdUserId": "user-0",
      "updatedUserId": "user-0"
    },
    {
      "channelContent": {
        "web": {
          "contentFormat": "Markdown",
          "content": "Hvis du vil planlegge et møte, åpner du Outlook og bytter til kalender-visningen. Klikk på **Nytt Teams-møte** øverst i visningen.\n\n1.  Legg til de inviterte i de **Obligatoriske** eller **Valgfrie** feltene.\n2.  Legg til møtets emne, plassering, starttidspunkt og sluttidspunkt.\n3.  Opprett meldingen.\n4.  Klikk deretter på **Send**."
        }
      },
      "id": "ec54d436-ab8e-4049-8681-62e22a1f53df",
      "createdTime": "2021-04-10T07:46:30.09Z",
      "updatedTime": "2021-04-10T07:46:30.09Z",
      "createdUserId": "user-0",
      "updatedUserId": "user-0"
    },
    {
      "channelContent": {
        "web": {
          "contentFormat": "Markdown",
          "content": "Telefonnumrene og konferanse-IDene for innringing legges automatisk til i møte invitasjonen."
        }
      },
      "id": "a447fd7d-c4ac-425f-a2d1-562a64be15cc",
      "createdTime": "2021-04-10T07:46:52.602Z",
      "updatedTime": "2021-04-10T07:46:52.602Z",
      "createdUserId": "user-0",
      "updatedUserId": "user-0"
    }
  ],
  "createdUtc": "0001-01-01T00:00:00Z"
}