{
  "intents": [
    {
      "endUserOverrideName": "自動錄製會議",
      "triggerQueries": [
        "自動錄製",
        "自動錄影",
        "record automatically",
        "如何自動錄製會議",
        "會議自動錄製",
        "會議自動錄影",
        "會議開始後錄影"
      ],
      "dialogId": "new_topic_97006bd94c6b4bd2bfcd92170bae1ce3",
      "isTriggeringEnabled": false,
      "id": "new_topic_97006bd94c6b4bd2bfcd92170bae1ce3",
      "displayName": "自動錄製會議",
      "description": "",
      "createdTime": "2021-11-22T11:26:29.2982856Z",
      "updatedTime": "2021-11-22T12:24:01.7580906Z",
      "createdUserId": "9c968d43-f7c2-4e28-895c-1f6bcefcd8be",
      "updatedUserId": "9c968d43-f7c2-4e28-895c-1f6bcefcd8be"
    }
  ],
  "dialogs": [
    {
      "rootNodeId": "c3eca04f-118c-43d8-b608-9f989262f201",
      "messageNodes": [
        {
          "botMessageId": "5f8f0d94-2cb7-4f56-b328-b2293dbd3be1",
          "nodeType": "BotMessageNode",
          "id": "c3eca04f-118c-43d8-b608-9f989262f201",
          "defaultTargetNodeId": "03245e0f-7ea9-4f2c-8644-c66730228842"
        },
        {
          "botMessageId": "230fa53f-f212-4f97-943b-9701557a4dd9",
          "nodeType": "BotMessageNode",
          "id": "03245e0f-7ea9-4f2c-8644-c66730228842",
          "defaultTargetNodeId": "d79e3a50-3ff6-4280-b45a-d685fcf6b24d"
        }
      ],
      "dialogChangeNodes": [
        {
          "targetDialogId": "new_topic_e2d1671328b941dbb60fa7150059b1ee_aeabea4d071f415c8c107e1cb7af5424_assumedsuccess",
          "nodeType": "DialogChangeNode",
          "id": "d79e3a50-3ff6-4280-b45a-d685fcf6b24d"
        }
      ],
      "id": "new_topic_97006bd94c6b4bd2bfcd92170bae1ce3",
      "displayName": "Dialog for 會議中的新功能",
      "createdTime": "2021-11-22T09:56:14.8438004Z",
      "updatedTime": "2021-11-22T12:24:01.7580906Z",
      "createdUserId": "9c968d43-f7c2-4e28-895c-1f6bcefcd8be",
      "updatedUserId": "9c968d43-f7c2-4e28-895c-1f6bcefcd8be"
    }
  ],
  "botMessages": [
    {
      "channelContent": {
        "web": {
          "contentFormat": "Markdown",
          "content": "如果需要，會議召集人可以在會議前設定**自動錄**製會議，設定後在會議第一個人加入時會議將自動啓動錄製。設定方式:\n\n*   請在會議建立後至[**會議選項**](https://support.microsoft.com/zh-tw/office/%E8%AE%8A%E6%9B%B4%E6%9C%83%E8%AD%B0%E5%8F%83%E8%88%87%E8%80%85teams%E8%A8%AD%E5%AE%9A-53261366-dbd5-45f9-aae9-a70e6354f88e)設定\n*   勾選自動錄製\n\n啟動自動錄製，同組織內的首位與會者加入會議後，系統便自動開始錄製會議。"
        }
      },
      "id": "5f8f0d94-2cb7-4f56-b328-b2293dbd3be1",
      "createdTime": "2021-11-22T09:56:14.8438004Z",
      "updatedTime": "2021-11-22T09:56:14.8438004Z",
      "createdUserId": "9c968d43-f7c2-4e28-895c-1f6bcefcd8be",
      "updatedUserId": "9c968d43-f7c2-4e28-895c-1f6bcefcd8be"
    },
    {
      "channelContent": {
        "web": {
          "contentFormat": "Markdown",
          "content": "會議召集人/簡報者可以隨時停止已啓動的錄制。\n\n如會後沒有人按停止錄製，一旦所有人都離開會議，系統便會自動停止錄製。 如果有人忘記離開，錄製將會在四小時後自動結束。\n\n關於會議錄製請參考 [在 Teams 中錄製會議](https://support.microsoft.com/zh-tw/office/%E5%9C%A8-teams-%E4%B8%AD%E9%8C%84%E8%A3%BD%E6%9C%83%E8%AD%B0-34dfbe7f-b07d-4a27-b4c6-de62f1348c24)"
        }
      },
      "id": "230fa53f-f212-4f97-943b-9701557a4dd9",
      "createdTime": "2021-11-22T12:21:14.039Z",
      "updatedTime": "2021-11-22T12:21:14.039Z",
      "createdUserId": "user-0",
      "updatedUserId": "user-0"
    }
  ]
}