{
  "intents": [
    {
      "triggerQueries": [
        "Hvordan lager jeg kunngjøringer i Teams?",
        "Kan jeg lage kunngjøringer i chat?",
        "kunngjøring i kanalen",
        "Lag kunngjøring i en kanal",
        "Send en kunngjøring til en kanal"
      ],
      "dialogId": "new_topic_49eba101363d41568dd96730c653ea9e",
      "isTriggeringEnabled": true,
      "id": "new_topic_49eba101363d41568dd96730c653ea9e",
      "displayName": "Send en kunngjøring til en kanal",
      "description": "https://norwegianteams.blob.core.windows.net/norwegian-container/TIMA QA P19.docx",
      "createdTime": "2021-03-24T20:09:21.5452642Z",
      "updatedTime": "2021-04-06T18:06:09.7612714Z",
      "createdUserId": "ef0c8b9a-eff1-49f8-92fa-fd1d3e15e1ba",
      "updatedUserId": "ef0c8b9a-eff1-49f8-92fa-fd1d3e15e1ba"
    }
  ],
  "dialogs": [
    {
      "rootNodeId": "d6bf5d7e-cdb2-432c-9734-0af74fdcfaed",
      "messageNodes": [
        {
          "botMessageId": "6abc9ff3-a599-41ac-9c92-50f1fbd8f61f",
          "nodeType": "BotMessageNode",
          "id": "d6bf5d7e-cdb2-432c-9734-0af74fdcfaed",
          "defaultTargetNodeId": "9a0d647b-679f-478f-b302-dee407e90e54"
        },
        {
          "botMessageId": "75f72510-be25-4bb7-8d40-561f272218de",
          "nodeType": "BotMessageNode",
          "id": "9a0d647b-679f-478f-b302-dee407e90e54",
          "defaultTargetNodeId": "6ffa289b-595d-4a78-b304-74a51af5ec5c"
        }
      ],
      "dialogChangeNodes": [
        {
          "targetDialogId": "new_topic_89c49d37fd4c4c1c9144396960733ce1_aeabea4d071f415c8c107e1cb7af5424_assumedsuccess",
          "nodeType": "DialogChangeNode",
          "id": "6ffa289b-595d-4a78-b304-74a51af5ec5c"
        }
      ],
      "id": "new_topic_49eba101363d41568dd96730c653ea9e",
      "displayName": "Dialog for Send en kunngjøring til en kanal",
      "createdTime": "2021-03-24T20:09:21.5452642Z",
      "updatedTime": "2021-04-06T18:05:54.2855099Z",
      "createdUserId": "ef0c8b9a-eff1-49f8-92fa-fd1d3e15e1ba",
      "updatedUserId": "ef0c8b9a-eff1-49f8-92fa-fd1d3e15e1ba"
    }
  ],
  "botMessages": [
    {
      "channelContent": {
        "web": {
          "contentFormat": "Markdown",
          "content": "For å opprette en kunngjøring i en kanal:\n\n1.  I kanalen velger du **Formater** knappen under tekstboksen der du skriver inn meldingen.\n2.  Klikk på pilen ved siden av **Ny samtale** > **Kunngjøring** øverst i tekstboksen som vises.\n3.  Skriv inn en overskrift, endre bakgrunnsfargen eller legg til et bakgrunnsbilde for overskriftsområdet.\n4.  Skriv inn emnet for kunngjøringen i **Skriv inn tittel**, deretter **legg til undertittel** ved behov. Begynn å skrive teksten, og deretter **Send**."
        }
      },
      "id": "6abc9ff3-a599-41ac-9c92-50f1fbd8f61f",
      "createdTime": "2021-03-24T20:09:21.5452642Z",
      "updatedTime": "2021-03-24T20:09:21.5452642Z",
      "createdUserId": "ef0c8b9a-eff1-49f8-92fa-fd1d3e15e1ba",
      "updatedUserId": "ef0c8b9a-eff1-49f8-92fa-fd1d3e15e1ba"
    },
    {
      "channelContent": {
        "web": {
          "contentFormat": "Markdown",
          "content": "**Obs!:** Kunngjøringsmeldinger er bare tilgjengelige i kanaler – ikke i gruppe- eller 1:1-chatter."
        }
      },
      "id": "75f72510-be25-4bb7-8d40-561f272218de",
      "createdTime": "2021-04-06T18:05:41.932Z",
      "updatedTime": "2021-04-06T18:05:41.932Z",
      "createdUserId": "user-0",
      "updatedUserId": "user-0"
    }
  ],
  "createdUtc": "0001-01-01T00:00:00Z"
}