{
  "intents": [
    {
      "triggerQueries": [
        "Systemkrav for Office 365",
        "Hvordan vet jeg om enheten min kan kjøre Office?"
      ],
      "dialogId": "new_topic_c6c90f445c084d738e5f353777d94962",
      "isTriggeringEnabled": true,
      "id": "new_topic_c6c90f445c084d738e5f353777d94962",
      "displayName": "Hvordan vet jeg om enheten min kan kjøre Office?",
      "description": "",
      "createdTime": "2021-04-12T15:21:08.0967022Z",
      "updatedTime": "2021-04-12T15:21:08.0967022Z",
      "createdUserId": "ef0c8b9a-eff1-49f8-92fa-fd1d3e15e1ba"
    }
  ],
  "dialogs": [
    {
      "rootNodeId": "36832019-2213-40a3-9d15-e1870c17ffb9",
      "messageNodes": [
        {
          "botMessageId": "c8af3fc2-1dd2-404c-ae2d-77add448c9b7",
          "nodeType": "BotMessageNode",
          "id": "36832019-2213-40a3-9d15-e1870c17ffb9",
          "defaultTargetNodeId": "8c2b8183-344e-4f90-bf10-8226259cf512"
        }
      ],
      "dialogChangeNodes": [
        {
          "targetDialogId": "new_topic_89c49d37fd4c4c1c9144396960733ce1_aeabea4d071f415c8c107e1cb7af5424_assumedsuccess",
          "nodeType": "DialogChangeNode",
          "id": "8c2b8183-344e-4f90-bf10-8226259cf512"
        }
      ],
      "id": "new_topic_c6c90f445c084d738e5f353777d94962",
      "displayName": "Dialog for Hvordan vet jeg om enheten min kan kjøre Office?",
      "createdTime": "2021-04-12T15:21:08.0967022Z",
      "updatedTime": "2021-04-12T15:21:20.1343498Z",
      "createdUserId": "ef0c8b9a-eff1-49f8-92fa-fd1d3e15e1ba",
      "updatedUserId": "ef0c8b9a-eff1-49f8-92fa-fd1d3e15e1ba"
    }
  ],
  "botMessages": [
    {
      "channelContent": {
        "web": {
          "contentFormat": "Markdown",
          "content": "Office 365 er kompatibel med Windows, Mac, iPhone, Android. Hvis du vil ha kompatible versjoner av Windows og macOS, og for andre funksjonskrav, kan du [se Systemkrav](https://products.office.com/nb-no/office-system-requirements)."
        }
      },
      "id": "c8af3fc2-1dd2-404c-ae2d-77add448c9b7",
      "createdTime": "2021-04-12T15:21:08.0967022Z",
      "updatedTime": "2021-04-12T15:21:08.0967022Z",
      "createdUserId": "ef0c8b9a-eff1-49f8-92fa-fd1d3e15e1ba",
      "updatedUserId": "ef0c8b9a-eff1-49f8-92fa-fd1d3e15e1ba"
    }
  ],
  "createdUtc": "0001-01-01T00:00:00Z"
}