{
  "intents": [
    {
      "endUserOverrideName": "Avantages de l'audioconférence dans Teams?",
      "triggerQueries": [
        "Avantages d'appeler une réunion Teams",
        "Pourquoi utiliser les ponts de conférence audio dans Teams",
        "Quels sont les avantages d'une réunion avec pont de conférence?",
        "Pourquoi devrais-je avoir une conférence téléphonique?",
        "Avantages des réunions audio dans Teams?",
        "Pourquoi devrais-je appeler à une réunion?",
        "Quels sont les avantages des conférences téléphoniques (audioconférence)?"
      ],
      "dialogId": "new_topic_00ef7ba7894142f8a29f53031b3cf303",
      "isTriggeringEnabled": true,
      "id": "new_topic_00ef7ba7894142f8a29f53031b3cf303",
      "displayName": "Quels sont les avantages des conférences avec pont téléphonique (audioconférence)?",
      "description": "",
      "createdTime": "2021-01-13T22:20:51.2381463Z",
      "updatedTime": "2021-05-12T21:07:37.1002567Z",
      "createdUserId": "f04d3cd9-b73d-4ba9-a1ed-9319eba29b21",
      "updatedUserId": "a2c4aa2c-d830-41eb-bcf4-467a2c7e1279"
    }
  ],
  "dialogs": [
    {
      "rootNodeId": "1b91f847-94ac-4bf9-b7b0-d5b0256afe9e",
      "messageNodes": [
        {
          "botMessageId": "a3412253-60cd-47b0-b4a6-f9ea89a8e43f",
          "nodeType": "BotMessageNode",
          "id": "1b91f847-94ac-4bf9-b7b0-d5b0256afe9e",
          "defaultTargetNodeId": "9e982ae6-c7c0-4a04-a766-90eb347f760b"
        },
        {
          "botMessageId": "b33a94f5-0dbc-4608-be94-34efa527940e",
          "nodeType": "BotMessageNode",
          "id": "9e982ae6-c7c0-4a04-a766-90eb347f760b",
          "defaultTargetNodeId": "d7260a01-1388-49dd-93db-4f055b4b84d3"
        },
        {
          "botMessageId": "2750a986-0d39-4104-bd08-cd4ebab682af",
          "nodeType": "BotMessageNode",
          "id": "d7260a01-1388-49dd-93db-4f055b4b84d3",
          "defaultTargetNodeId": "c725bd14-5eb0-449c-9b98-68bb6d58de2e"
        }
      ],
      "dialogChangeNodes": [
        {
          "targetDialogId": "new_topic_eac3f49c99664313a9d9dc19d80a79a2_aeabea4d071f415c8c107e1cb7af5424_assumedsuccess",
          "nodeType": "DialogChangeNode",
          "id": "c725bd14-5eb0-449c-9b98-68bb6d58de2e"
        }
      ],
      "id": "new_topic_00ef7ba7894142f8a29f53031b3cf303",
      "displayName": "Dialog for What are the benefits of phone conferences (audio conferencing)?",
      "createdTime": "2021-01-13T22:20:51.2381463Z",
      "updatedTime": "2021-05-24T13:51:59.9137645Z",
      "createdUserId": "f04d3cd9-b73d-4ba9-a1ed-9319eba29b21",
      "updatedUserId": "a2c4aa2c-d830-41eb-bcf4-467a2c7e1279"
    }
  ],
  "botMessages": [
    {
      "channelContent": {
        "web": {
          "contentFormat": "Markdown",
          "content": "Le pont d'audioconférence pour appeler des réunions Teams est particulièrement utile lorsque des personnes sont en déplacement par exemple, et ne peuvent pas assister à une réunion à l'aide de l'application Microsoft Teams sur leur ordinateur portable ou leurs appareils mobiles."
        }
      },
      "id": "a3412253-60cd-47b0-b4a6-f9ea89a8e43f",
      "createdTime": "2021-01-13T22:20:51.2381463Z",
      "updatedTime": "2021-01-13T22:20:51.2381463Z",
      "createdUserId": "f04d3cd9-b73d-4ba9-a1ed-9319eba29b21",
      "updatedUserId": "f04d3cd9-b73d-4ba9-a1ed-9319eba29b21"
    },
    {
      "channelContent": {
        "web": {
          "contentFormat": "Markdown",
          "content": "Par exemple:\n\n*   la connectivité Internet est limitée,\n*   une réunion est uniquement en audio,\n*   la qualité de l'appel est meilleure s'ils se connectent par téléphone\n*   les participants peuvent rejoindre une réunion avec un kit mains libres à l'aide du Bluetooth."
        }
      },
      "id": "b33a94f5-0dbc-4608-be94-34efa527940e",
      "createdTime": "2021-01-26T22:36:13.346Z",
      "updatedTime": "2021-01-26T22:36:13.346Z",
      "createdUserId": "user-0",
      "updatedUserId": "user-0"
    },
    {
      "channelContent": {
        "web": {
          "contentFormat": "Markdown",
          "content": "Certaines personnes peuvent aussi trouver cela plus facile et plus pratique pour leurs usages."
        }
      },
      "id": "2750a986-0d39-4104-bd08-cd4ebab682af",
      "createdTime": "2021-01-26T22:37:03.749Z",
      "updatedTime": "2021-01-26T22:37:03.749Z",
      "createdUserId": "user-0",
      "updatedUserId": "user-0"
    }
  ],
  "createdUtc": "0001-01-01T00:00:00Z"
}