{
  "intents": [
    {
      "endUserOverrideName": "",
      "triggerQueries": [
        "TERMINATE BOT",
        "bot aufhalten",
        "bot deinstallieren",
        "chatbot blockieren",
        "chatbot blocken",
        "Bot entfernen",
        "wie kann ich einen Bot verhindern?",
        "Keine Benachrichtigungen von Bots bekommen",
        "Wie blocke ich einen Bot?",
        "Wie blockiere ich einen Bot?"
      ],
      "dialogId": "new_topic_b86b2033f513474493698761b51051ac",
      "isTriggeringEnabled": true,
      "id": "new_topic_b86b2033f513474493698761b51051ac",
      "displayName": "Wie blockiere ich einen Bot?",
      "description": "https://adoptbotv2kb.blob.core.windows.net/%24web/AdoptBot2021-English.docx",
      "createdTime": "2021-04-18T21:26:01.2116793Z",
      "updatedTime": "2021-04-18T21:26:01.2116793Z",
      "createdUserId": "86360cd1-faa6-4d16-8a0c-ba3116c8a977"
    }
  ],
  "dialogs": [
    {
      "rootNodeId": "cf0f1ae0-5880-45f2-8902-f0981bcfaaf0",
      "messageNodes": [
        {
          "botMessageId": "575369c4-ed85-4ec0-ac5d-59d1fddca19d",
          "nodeType": "BotMessageNode",
          "id": "cf0f1ae0-5880-45f2-8902-f0981bcfaaf0",
          "defaultTargetNodeId": "917956ab-025f-484b-84ea-2cf046483616"
        }
      ],
      "dialogChangeNodes": [
        {
          "targetDialogId": "new_topic_30867099f4b543d3b8543a85c22c3418_aeabea4d071f415c8c107e1cb7af5424_assumedsuccess",
          "nodeType": "DialogChangeNode",
          "id": "917956ab-025f-484b-84ea-2cf046483616"
        }
      ],
      "id": "new_topic_b86b2033f513474493698761b51051ac",
      "displayName": "Dialog for Wie blockiere ich einen Bot?",
      "createdTime": "2021-04-18T21:26:01.2116793Z",
      "updatedTime": "2021-04-18T21:26:48.1131483Z",
      "createdUserId": "86360cd1-faa6-4d16-8a0c-ba3116c8a977",
      "updatedUserId": "86360cd1-faa6-4d16-8a0c-ba3116c8a977"
    }
  ],
  "botMessages": [
    {
      "channelContent": {
        "web": {
          "contentFormat": "Markdown",
          "content": "Wenn Sie es leid sind, von einem Bot zu hören, entspannen Sie sich einfach. Hier gibt es eine einfache Lösung: [Blockieren oder entfernen Sie einen Bot in Teams](https://support.microsoft.com/de-de/office/blockieren-oder-entfernen-einer-bot-in-teams-28c13adc-f647-4448-81d9-985ba6c17b98?ui=de-DE&rs=de-DE&ad=DE)"
        }
      },
      "id": "575369c4-ed85-4ec0-ac5d-59d1fddca19d",
      "createdTime": "2021-04-18T21:26:01.2116793Z",
      "updatedTime": "2021-04-18T21:26:01.2116793Z",
      "createdUserId": "86360cd1-faa6-4d16-8a0c-ba3116c8a977",
      "updatedUserId": "86360cd1-faa6-4d16-8a0c-ba3116c8a977"
    }
  ],
  "createdUtc": "0001-01-01T00:00:00Z"
}