{
  "intents": [
    {
      "intentType": "Regular",
      "endUserOverrideName": "Visa en dold kanal",
      "triggerQueries": [
        "visa en dold kanal igen",
        "ångra dold kanal",
        "jag vill visa en kanal jag tidigare dolt",
        "Hur tar jag fram en dold kanal?",
        "ångra att jag dolt en kanal",
        "jag vill se alla dolda kanaler",
        "jag vill visa en dold kanal",
        "Visa dold kanal",
        "Vilka är stegen för att visa en kanal?"
      ],
      "dialogId": "new_topic_ea5180b7c2e94e9eb2d2d2e53d92778d",
      "isTriggeringEnabled": true,
      "id": "new_topic_ea5180b7c2e94e9eb2d2d2e53d92778d",
      "displayName": "Hur visar jag en dold kanal?",
      "description": "Manuell update Erik\n(wordfil uppdaterad)",
      "createdTime": "2020-11-24T14:37:53.8220925Z",
      "updatedTime": "2020-12-08T13:21:47.3156422Z",
      "createdUserId": "f04d3cd9-b73d-4ba9-a1ed-9319eba29b21",
      "updatedUserId": "f04d3cd9-b73d-4ba9-a1ed-9319eba29b21"
    }
  ],
  "dialogs": [
    {
      "rootNodeId": "0d5b7e06-34d2-4ca5-9af7-127ff920d89b",
      "messageNodes": [
        {
          "botMessageId": "8384c2d3-8d0c-4cf0-a56e-42387239a2d0",
          "nodeType": "BotMessageNode",
          "id": "0d5b7e06-34d2-4ca5-9af7-127ff920d89b",
          "defaultTargetNodeId": "a0c627c2-a407-4ef6-92ee-fcfc59a10317"
        }
      ],
      "dialogChangeNodes": [
        {
          "targetDialogId": "new_topic_84ec227c19784e7ba25cb34f4638f91e_aeabea4d071f415c8c107e1cb7af5424_assumedsuccess",
          "nodeType": "DialogChangeNode",
          "id": "a0c627c2-a407-4ef6-92ee-fcfc59a10317"
        }
      ],
      "id": "new_topic_ea5180b7c2e94e9eb2d2d2e53d92778d",
      "displayName": "Dialog for Vilka är stegen för att visa en kanal?",
      "createdTime": "2020-11-24T14:37:53.8220925Z",
      "updatedTime": "2020-11-24T14:37:53.8220925Z",
      "createdUserId": "f04d3cd9-b73d-4ba9-a1ed-9319eba29b21",
      "updatedUserId": "f04d3cd9-b73d-4ba9-a1ed-9319eba29b21"
    }
  ],
  "botMessages": [
    {
      "channelContent": {
        "web": {
          "contentFormat": "Markdown",
          "content": "Gå till teamets namn och klicka på Dolda kanaler &gt; Fler alternativ &gt; Visa."
        }
      },
      "id": "8384c2d3-8d0c-4cf0-a56e-42387239a2d0",
      "createdTime": "2020-11-24T14:37:53.8220925Z",
      "updatedTime": "2020-11-24T14:37:53.8220925Z",
      "createdUserId": "f04d3cd9-b73d-4ba9-a1ed-9319eba29b21",
      "updatedUserId": "f04d3cd9-b73d-4ba9-a1ed-9319eba29b21"
    }
  ]
}