{
  "intents": [
    {
      "triggerQueries": [
        "Team owner",
        "What does Team Owner mean?",
        "Who is a team owner",
        "which role does a team owner play?",
        "What can a team owner do",
        "How do I become a team owner?",
        "administrator for a team?",
        "What is a Team Owner?"
      ],
      "dialogId": "new_topic_f1334de2704249e6aefbb9a5d5a7f4e6",
      "isTriggeringEnabled": true,
      "id": "new_topic_f1334de2704249e6aefbb9a5d5a7f4e6",
      "displayName": "What is a Team Owner?",
      "description": "https://adoptbotv2kb.blob.core.windows.net/%24web/AdoptBot2021-English.docx",
      "createdTime": "2021-01-13T22:20:51.2381463Z",
      "updatedTime": "2021-01-24T22:12:06.6780098Z",
      "createdUserId": "f04d3cd9-b73d-4ba9-a1ed-9319eba29b21",
      "updatedUserId": "f04d3cd9-b73d-4ba9-a1ed-9319eba29b21"
    }
  ],
  "dialogs": [
    {
      "rootNodeId": "fc8513a1-bf56-4f13-85ee-d701f56d3a63",
      "messageNodes": [
        {
          "botMessageId": "20109061-8448-4779-82fc-fc5356670077",
          "nodeType": "BotMessageNode",
          "id": "fc8513a1-bf56-4f13-85ee-d701f56d3a63",
          "defaultTargetNodeId": "f23ba8e9-1e70-480a-8cc2-558200364669"
        },
        {
          "botMessageId": "b6e6963a-8af9-4da2-8473-d767177019b3",
          "nodeType": "BotMessageNode",
          "id": "f23ba8e9-1e70-480a-8cc2-558200364669",
          "defaultTargetNodeId": "1f43ddd4-b7a3-462b-8a75-a0b7a5a16542"
        },
        {
          "botMessageId": "74ca9ef5-f430-4502-b4ce-4620fe577375",
          "nodeType": "BotMessageNode",
          "id": "2615a937-0390-403f-8f5c-4d674ea66b35",
          "defaultTargetNodeId": "8e5f1c9e-07b8-4058-b05a-499c6ca8c3bd"
        },
        {
          "botMessageId": "7956d4e1-aea2-4b08-ba02-e125167251d6",
          "nodeType": "BotMessageNode",
          "id": "1f43ddd4-b7a3-462b-8a75-a0b7a5a16542",
          "defaultTargetNodeId": "2615a937-0390-403f-8f5c-4d674ea66b35"
        }
      ],
      "dialogChangeNodes": [
        {
          "targetDialogId": "new_topic_eac3f49c99664313a9d9dc19d80a79a2_aeabea4d071f415c8c107e1cb7af5424_assumedsuccess",
          "nodeType": "DialogChangeNode",
          "id": "8e5f1c9e-07b8-4058-b05a-499c6ca8c3bd"
        }
      ],
      "id": "new_topic_f1334de2704249e6aefbb9a5d5a7f4e6",
      "displayName": "Dialog for What is a Team Owner?",
      "createdTime": "2021-01-13T22:20:51.2381463Z",
      "updatedTime": "2021-01-27T22:55:00.9845322Z",
      "createdUserId": "f04d3cd9-b73d-4ba9-a1ed-9319eba29b21",
      "updatedUserId": "f04d3cd9-b73d-4ba9-a1ed-9319eba29b21"
    }
  ],
  "botMessages": [
    {
      "channelContent": {
        "web": {
          "contentFormat": "Markdown",
          "content": "**The team owner is** the person who creates and/or administers the team. Team owners can make members of their team into team owners when they invite them to the team or at any time after they have joined the team."
        }
      },
      "id": "20109061-8448-4779-82fc-fc5356670077",
      "createdTime": "2021-01-13T22:20:51.2381463Z",
      "updatedTime": "2021-01-13T22:20:51.2381463Z",
      "createdUserId": "f04d3cd9-b73d-4ba9-a1ed-9319eba29b21",
      "updatedUserId": "f04d3cd9-b73d-4ba9-a1ed-9319eba29b21"
    },
    {
      "channelContent": {
        "web": {
          "contentFormat": "Markdown",
          "content": "With multiple team owners, you can share responsibility for managing settings and memberships, including invitations."
        }
      },
      "id": "b6e6963a-8af9-4da2-8473-d767177019b3",
      "createdTime": "2021-01-27T22:51:28.075Z",
      "updatedTime": "2021-01-27T22:51:28.075Z",
      "createdUserId": "user-0",
      "updatedUserId": "user-0"
    },
    {
      "channelContent": {
        "web": {
          "contentFormat": "Markdown",
          "content": "💡 **Tip:**\n\n_As an owner, you can:_\n\n*   _add a team picture,_\n*   _set permissions for team members to create channels_\n*   _add tabs_\n*   _@mention the entire team or channel_\n*   _control the use of GIFs, stickers, and memes (recommended ON)_"
        }
      },
      "id": "74ca9ef5-f430-4502-b4ce-4620fe577375",
      "createdTime": "2021-01-27T22:51:46.153Z",
      "updatedTime": "2021-01-27T22:51:46.153Z",
      "createdUserId": "user-0",
      "updatedUserId": "user-0"
    },
    {
      "channelContent": {
        "web": {
          "contentFormat": "Markdown",
          "content": "Be sure to have at least two owners per team. This guarantees a backup contact in case one of the owners is unavailable."
        }
      },
      "id": "7956d4e1-aea2-4b08-ba02-e125167251d6",
      "createdTime": "2021-01-27T22:52:36.488Z",
      "updatedTime": "2021-01-27T22:52:36.488Z",
      "createdUserId": "user-0",
      "updatedUserId": "user-0"
    }
  ]
}