{
  "intents": [
    {
      "endUserOverrideName": "",
      "triggerQueries": [
        "Se gjester i teamet",
        "Hvordan vet jeg at det er gjester i teamet?",
        "Se om det er gjester i teamet",
        "Hvordan identifiserer jeg en gjest i et team?"
      ],
      "dialogId": "new_topic_b020692f172547bfa308e447a47124b5",
      "isTriggeringEnabled": true,
      "canTriggeringBeDisabled": true,
      "id": "new_topic_b020692f172547bfa308e447a47124b5",
      "displayName": "Hvordan identifiserer jeg en gjest i et team?",
      "description": "https://norwegianteams.blob.core.windows.net/norwegian-container/TIMA QA P19.docx",
      "createdTime": "2021-03-24T20:09:21.5452642Z",
      "updatedTime": "2021-03-26T12:23:08.5932691Z",
      "createdUserId": "ef0c8b9a-eff1-49f8-92fa-fd1d3e15e1ba",
      "updatedUserId": "ef0c8b9a-eff1-49f8-92fa-fd1d3e15e1ba",
      "isManaged": false,
      "isCustomizable": true,
      "etag": "W/\"1878380\"",
      "versionNumber": 1878380,
      "componentId": "4262b2e4-dc8c-eb11-a812-000d3a9d9016"
    }
  ],
  "dialogs": [
    {
      "rootNodeId": "ce99e53c-a2f4-4b89-9a52-5e4b2e2af9e4",
      "messageNodes": [
        {
          "botMessageId": "64defa53-d31e-446e-ad27-ee630c2a9d6c",
          "nodeType": "BotMessageNode",
          "id": "ce99e53c-a2f4-4b89-9a52-5e4b2e2af9e4",
          "defaultTargetNodeId": "bb2a3941-054b-44b7-ba00-732c399efc47"
        },
        {
          "botMessageId": "7eee5f02-3f40-468c-b99f-bc3ebda83652",
          "nodeType": "BotMessageNode",
          "id": "bb2a3941-054b-44b7-ba00-732c399efc47",
          "defaultTargetNodeId": "ea6fc6a1-2324-4e77-8a76-93796414dc37"
        }
      ],
      "dialogChangeNodes": [
        {
          "targetDialogId": "new_topic_89c49d37fd4c4c1c9144396960733ce1_aeabea4d071f415c8c107e1cb7af5424_assumedsuccess",
          "nodeType": "DialogChangeNode",
          "id": "ea6fc6a1-2324-4e77-8a76-93796414dc37"
        }
      ],
      "id": "new_topic_b020692f172547bfa308e447a47124b5",
      "displayName": "Dialog for Hvordan identifiserer jeg en gjest i et team?",
      "createdTime": "2021-03-24T20:09:21.5452642Z",
      "updatedTime": "2021-03-26T12:23:00.1084473Z",
      "createdUserId": "ef0c8b9a-eff1-49f8-92fa-fd1d3e15e1ba",
      "updatedUserId": "ef0c8b9a-eff1-49f8-92fa-fd1d3e15e1ba",
      "versionNumber": 0,
      "componentId": "00000000-0000-0000-0000-000000000000"
    }
  ],
  "botMessages": [
    {
      "channelContent": {
        "web": {
          "contentFormat": "Markdown",
          "content": "Hvis du vil se om et team har gjester, trenger du bare se nedenfor overskriften der gruppenavnet vises."
        }
      },
      "id": "64defa53-d31e-446e-ad27-ee630c2a9d6c",
      "createdTime": "2021-03-24T20:09:21.5452642Z",
      "updatedTime": "2021-03-24T20:09:21.5452642Z",
      "createdUserId": "ef0c8b9a-eff1-49f8-92fa-fd1d3e15e1ba",
      "updatedUserId": "ef0c8b9a-eff1-49f8-92fa-fd1d3e15e1ba",
      "versionNumber": 0,
      "componentId": "00000000-0000-0000-0000-000000000000"
    },
    {
      "channelContent": {
        "web": {
          "contentFormat": "Markdown",
          "content": "Samtidig vil du kunne se ordet «**Gjest**» ved siden av navnet til personen. Du kan også se rollene alle har i **Medlemmer**\\-fanen til teamet. Gå til teamnavnet, og velg **Flere alternativer…** > **Administrer team** og deretter **Medlemmer**."
        }
      },
      "id": "7eee5f02-3f40-468c-b99f-bc3ebda83652",
      "createdTime": "2021-03-26T12:22:48.093Z",
      "updatedTime": "2021-03-26T12:22:48.093Z",
      "createdUserId": "user-0",
      "updatedUserId": "user-0",
      "versionNumber": 0,
      "componentId": "00000000-0000-0000-0000-000000000000"
    }
  ],
  "createdUtc": "0001-01-01T00:00:00Z"
}