{
  "intents": [
    {
      "endUserOverrideName": "File upload limit or restrictions for files in Teams?",
      "triggerQueries": [
        "how large can a file in Teams be?",
        "File size limits in Microsoft Teams?",
        "File upload limit in Teams",
        "Any restrictions for files in Teams?",
        "Size of files in teams?",
        "How big files can I upload in Teams",
        "How big can a file be?",
        "What is the max file size?",
        "How big files can Teams handle?",
        "How large files can I save in Teams?",
        "filtering for file size",
        "can teams handle large files?",
        "how large files can I upload?",
        "Is there any restriction on files stored in Teams?"
      ],
      "dialogId": "new_topic_5b3ca231e4c54e1a8eaffb383fa97466",
      "isTriggeringEnabled": true,
      "id": "new_topic_5b3ca231e4c54e1a8eaffb383fa97466",
      "displayName": "Is there any restriction on files stored in Teams?",
      "description": "https://adoptbotv2kb.blob.core.windows.net/%24web/AdoptBot2021-English.docx",
      "createdTime": "2021-01-13T22:20:51.2371466Z",
      "updatedTime": "2021-01-27T11:14:21.3238292Z",
      "createdUserId": "f04d3cd9-b73d-4ba9-a1ed-9319eba29b21",
      "updatedUserId": "f04d3cd9-b73d-4ba9-a1ed-9319eba29b21"
    }
  ],
  "dialogs": [
    {
      "rootNodeId": "90f61a0c-e955-4190-b3da-f6532e73d275",
      "messageNodes": [
        {
          "botMessageId": "786c799c-0629-45c5-99f4-ecb7b088a63a",
          "nodeType": "BotMessageNode",
          "id": "90f61a0c-e955-4190-b3da-f6532e73d275",
          "defaultTargetNodeId": "07f0e30a-a77f-46d7-b6d9-a19628d74cd1"
        },
        {
          "botMessageId": "b6ee6182-9f26-4e0e-aa3e-b613c280a9e0",
          "nodeType": "BotMessageNode",
          "id": "6e23910f-ab9b-4adf-a190-8b7a087b1672",
          "defaultTargetNodeId": "478102f2-e7f8-47e9-ad2b-dbf02dbf7c3c"
        },
        {
          "botMessageId": "2e1d65eb-4411-4deb-9b86-7133687ed4c7",
          "nodeType": "BotMessageNode",
          "id": "07f0e30a-a77f-46d7-b6d9-a19628d74cd1",
          "defaultTargetNodeId": "6e23910f-ab9b-4adf-a190-8b7a087b1672"
        }
      ],
      "dialogChangeNodes": [
        {
          "targetDialogId": "new_topic_eac3f49c99664313a9d9dc19d80a79a2_aeabea4d071f415c8c107e1cb7af5424_assumedsuccess",
          "nodeType": "DialogChangeNode",
          "id": "478102f2-e7f8-47e9-ad2b-dbf02dbf7c3c"
        }
      ],
      "id": "new_topic_5b3ca231e4c54e1a8eaffb383fa97466",
      "displayName": "Dialog for Is there any restriction on files stored in Teams?",
      "createdTime": "2021-01-13T22:20:51.2371466Z",
      "updatedTime": "2021-01-27T11:12:25.7133091Z",
      "createdUserId": "f04d3cd9-b73d-4ba9-a1ed-9319eba29b21",
      "updatedUserId": "f04d3cd9-b73d-4ba9-a1ed-9319eba29b21"
    }
  ],
  "botMessages": [
    {
      "channelContent": {
        "web": {
          "contentFormat": "Markdown",
          "content": "[File upload limit in Teams](https://docs.microsoft.com/en-us/microsoftteams/limits-specifications-teams#storage) is currently 100 GB per file (early 2021). \n\n💡 Always click the link for updated limits"
        }
      },
      "id": "786c799c-0629-45c5-99f4-ecb7b088a63a",
      "createdTime": "2021-01-13T22:20:51.2371466Z",
      "updatedTime": "2021-01-13T22:20:51.2371466Z",
      "createdUserId": "f04d3cd9-b73d-4ba9-a1ed-9319eba29b21",
      "updatedUserId": "f04d3cd9-b73d-4ba9-a1ed-9319eba29b21"
    },
    {
      "channelContent": {
        "web": {
          "contentFormat": "Markdown",
          "content": "In 2021, the limit was/will increased/increase to [250 GB per file](https://www.microsoft.com/en-us/microsoft-365/roadmap?filters=&searchterms=250%2CGB)."
        }
      },
      "id": "b6ee6182-9f26-4e0e-aa3e-b613c280a9e0",
      "createdTime": "2021-01-27T11:09:26.242Z",
      "updatedTime": "2021-01-27T11:09:26.242Z",
      "createdUserId": "user-0",
      "updatedUserId": "user-0"
    },
    {
      "channelContent": {
        "web": {
          "contentFormat": "Markdown",
          "content": "Because Teams runs on a SharePoint online backend for file sharing, SharePoint limitations apply to the Files section within a team."
        }
      },
      "id": "2e1d65eb-4411-4deb-9b86-7133687ed4c7",
      "createdTime": "2021-01-27T11:12:05.79Z",
      "updatedTime": "2021-01-27T11:12:05.79Z",
      "createdUserId": "user-0",
      "updatedUserId": "user-0"
    }
  ]
}