{
  "intents": [
    {
      "endUserOverrideName": "Protezione delle informazioni offerte da Teams",
      "triggerQueries": [
        "Protezione delle informazioni offerta da Teams",
        "regole di conformità in Teams",
        "funzionalità di conformità in Teams",
        "Protezione avanzata dalle minacce",
        "eDiscovery in Teams",
        "sospensione legale",
        "Supporto MAM",
        "Supporto MDM tramite Intune",
        "Che tipo di protezione delle informazioni offre Teams?",
        "protezione delle informazioni in Teams?",
        "Proteggere le proprie informazioni in Teams",
        "Quali tipi di protezione delle informazioni sono disponibili in Teams?",
        "Accesso condizionato",
        "archiviazione in Teams",
        "Protezione avanzata dalle minacce per Microsoft 365",
        "Conformità in Teams?",
        "si possono rivedere i log in Teams?"
      ],
      "dialogId": "new_topic_72b1641d20274b649ef38fecbde77fb3",
      "isTriggeringEnabled": true,
      "id": "new_topic_72b1641d20274b649ef38fecbde77fb3",
      "displayName": "Che tipo di protezione delle informazioni offre Teams?",
      "createdTime": "2022-04-28T13:17:18.5510686Z",
      "updatedTime": "2022-04-28T13:18:04.1663864Z",
      "createdUserId": "9451fc51-e00d-4445-8ff9-efb70866dc3b",
      "updatedUserId": "9451fc51-e00d-4445-8ff9-efb70866dc3b"
    }
  ],
  "dialogs": [
    {
      "rootNodeId": "af72014a-db21-4a07-bc73-b271cbb68d4b",
      "messageNodes": [
        {
          "botMessageId": "33cf9663-0b7b-46a6-b55c-6e1c6e57be0c",
          "nodeType": "BotMessageNode",
          "id": "af72014a-db21-4a07-bc73-b271cbb68d4b",
          "defaultTargetNodeId": "2333bce2-ded5-4ec0-ae96-f1568c8e31aa"
        },
        {
          "botMessageId": "e9c8e829-0184-45cf-a078-9a62bc81887c",
          "nodeType": "BotMessageNode",
          "id": "2333bce2-ded5-4ec0-ae96-f1568c8e31aa",
          "defaultTargetNodeId": "f818a071-abfc-40af-9893-6dd36c3b5f1b"
        },
        {
          "botMessageId": "a038a35f-6a47-4b12-9d87-38416a7016b5",
          "nodeType": "BotMessageNode",
          "id": "f818a071-abfc-40af-9893-6dd36c3b5f1b",
          "defaultTargetNodeId": "6ed77d12-e8c9-4027-b489-00a81b8179c8"
        },
        {
          "botMessageId": "620494b3-8b72-4f3b-a6cd-22681741147b",
          "nodeType": "BotMessageNode",
          "id": "6ed77d12-e8c9-4027-b489-00a81b8179c8",
          "defaultTargetNodeId": "65690011-79de-4b06-bd14-ed54a460a1e0"
        },
        {
          "botMessageId": "fd077210-13e6-4258-99c4-46869d9b4d95",
          "nodeType": "BotMessageNode",
          "id": "65690011-79de-4b06-bd14-ed54a460a1e0",
          "defaultTargetNodeId": "b6150d99-0992-4d11-a7a9-99ebd48e1297"
        },
        {
          "botMessageId": "4e2400b9-dcce-470f-b5b8-fe136d7dfc20",
          "nodeType": "BotMessageNode",
          "id": "b6150d99-0992-4d11-a7a9-99ebd48e1297",
          "defaultTargetNodeId": "ffb322b7-bbb1-4a5a-b7ff-39f4ee54a0a1"
        },
        {
          "botMessageId": "aad4b592-811f-46d5-901d-6cfcac6c5e12",
          "nodeType": "BotMessageNode",
          "id": "ffb322b7-bbb1-4a5a-b7ff-39f4ee54a0a1",
          "defaultTargetNodeId": "39176154-817b-4d85-a19b-0133ad38055b"
        },
        {
          "botMessageId": "e27e3901-39dd-4346-9afc-c078d341fdcb",
          "nodeType": "BotMessageNode",
          "id": "39176154-817b-4d85-a19b-0133ad38055b",
          "defaultTargetNodeId": "c34ac5be-0b63-440f-8b62-99dbd9a61226"
        },
        {
          "botMessageId": "fded4f0b-eb6f-494d-9afb-13f685e428fb",
          "nodeType": "BotMessageNode",
          "id": "c34ac5be-0b63-440f-8b62-99dbd9a61226",
          "defaultTargetNodeId": "5c71849d-bf5d-42ff-9ac3-eb4e1193f74e"
        },
        {
          "botMessageId": "2e6511fc-b953-4867-b368-e3236ff9244b",
          "nodeType": "BotMessageNode",
          "id": "5c71849d-bf5d-42ff-9ac3-eb4e1193f74e",
          "defaultTargetNodeId": "fb675fe8-09a8-4597-a9cb-f7742eeb40c0"
        },
        {
          "botMessageId": "522e01a1-db8d-4014-a02f-886048f49bc7",
          "nodeType": "BotMessageNode",
          "id": "fb675fe8-09a8-4597-a9cb-f7742eeb40c0",
          "defaultTargetNodeId": "3daabdce-bfc6-4d5e-8729-edb1889cf902"
        }
      ],
      "dialogChangeNodes": [
        {
          "targetDialogId": "new_topic_f98a24608ee04cb998de3e3e32703d5b_aeabea4d071f415c8c107e1cb7af5424_assumedsuccess",
          "nodeType": "DialogChangeNode",
          "id": "3daabdce-bfc6-4d5e-8729-edb1889cf902"
        }
      ],
      "id": "new_topic_72b1641d20274b649ef38fecbde77fb3",
      "displayName": "Senza titolo",
      "createdTime": "2022-04-28T13:17:18.5510686Z",
      "updatedTime": "2022-04-28T13:18:04.1663864Z",
      "createdUserId": "9451fc51-e00d-4445-8ff9-efb70866dc3b",
      "updatedUserId": "9451fc51-e00d-4445-8ff9-efb70866dc3b"
    }
  ],
  "botMessages": [
    {
      "channelContent": {
        "web": {
          "contentFormat": "Markdown",
          "content": "Per soddisfare le esigenze legali, normative e di sicurezza dei contenuti, Teams offre molte funzionalità di protezione delle informazioni tramite [il Centro sicurezza e conformità di Microsoft 365](https://docs.microsoft.com/it-it/microsoft-365/compliance/microsoft-365-compliance-center?view=o365-worldwide)"
        }
      },
      "id": "33cf9663-0b7b-46a6-b55c-6e1c6e57be0c",
      "createdTime": "2022-04-28T12:52:25.038Z",
      "updatedTime": "2022-04-28T12:52:25.038Z"
    },
    {
      "channelContent": {
        "web": {
          "contentFormat": "Markdown",
          "content": "**Archivio :**\n\nQualsiasi contenuto archiviato in qualsiasi carico di lavoro relativo a Teams deve essere preservato in modo immutabile in base alla politica aziendale."
        }
      },
      "id": "e9c8e829-0184-45cf-a078-9a62bc81887c",
      "createdTime": "2022-04-28T12:55:04.073Z",
      "updatedTime": "2022-04-28T12:55:04.073Z",
      "createdUserId": "user-0",
      "updatedUserId": "user-0"
    },
    {
      "channelContent": {
        "web": {
          "contentFormat": "Markdown",
          "content": "**Ricerca dei contenuti di conformità:** Qualsiasi contenuto memorizzato in qualsiasi carico di lavoro può essere cercato attraverso funzionalità di filtraggio ricco. Tutti i contenuti possono essere esportati in un contenitore specifico per il supporto di conformità e contenzioso."
        }
      },
      "id": "a038a35f-6a47-4b12-9d87-38416a7016b5",
      "createdTime": "2022-04-28T12:55:38.705Z",
      "updatedTime": "2022-04-28T12:55:38.705Z",
      "createdUserId": "user-0",
      "updatedUserId": "user-0"
    },
    {
      "channelContent": {
        "web": {
          "contentFormat": "Markdown",
          "content": "**eDiscovery**:\n\nSono disponibili ricche funzionalità di eDiscovery, tra cui la gestione dei casi, la conservazione, la ricerca, l'analisi e l'esportazione, per aiutare i nostri clienti a semplificare il processo di eDiscovery e identificare rapidamente i dati rilevanti riducendo costi e rischi."
        }
      },
      "id": "620494b3-8b72-4f3b-a6cd-22681741147b",
      "createdTime": "2022-04-28T12:58:27.777Z",
      "updatedTime": "2022-04-28T12:58:27.777Z",
      "createdUserId": "user-0",
      "updatedUserId": "user-0"
    },
    {
      "channelContent": {
        "web": {
          "contentFormat": "Markdown",
          "content": "**Sospensione legale:**\n\nQuando un team o un individuo viene messo in attesa o in attesa di contenzioso, la sospensione è posta su entrambi i messaggi primari e archiviati (non sono comprese le modifiche o cancellazioni)."
        }
      },
      "id": "fd077210-13e6-4258-99c4-46869d9b4d95",
      "createdTime": "2022-04-28T13:00:33.048Z",
      "updatedTime": "2022-04-28T13:00:33.048Z",
      "createdUserId": "user-0",
      "updatedUserId": "user-0"
    },
    {
      "channelContent": {
        "web": {
          "contentFormat": "Markdown",
          "content": "**Ricerca del registro di controllo**:\n\nTutte le attività del team e gli eventi aziendali devono essere catturati e resi disponibili per la ricerca e l'esportazione dei clienti."
        }
      },
      "id": "4e2400b9-dcce-470f-b5b8-fe136d7dfc20",
      "createdTime": "2022-04-28T13:03:56.48Z",
      "updatedTime": "2022-04-28T13:03:56.48Z",
      "createdUserId": "user-0",
      "updatedUserId": "user-0"
    },
    {
      "channelContent": {
        "web": {
          "contentFormat": "Markdown",
          "content": "**Protezione di Exchange online:**\n\nI messaggi e-mail inviati a un canale vengono filtrati per spam, malware, link dannosi, spoofing e phishing tramite Exchange Online Protection e Advanced Threat Protection per Microsoft 365."
        }
      },
      "id": "aad4b592-811f-46d5-901d-6cfcac6c5e12",
      "createdTime": "2022-04-28T13:06:17.023Z",
      "updatedTime": "2022-04-28T13:06:17.023Z",
      "createdUserId": "user-0",
      "updatedUserId": "user-0"
    },
    {
      "channelContent": {
        "web": {
          "contentFormat": "Markdown",
          "content": "**Accesso condizionale**:\n\nGarantiamo che l'accesso a Teams è limitato ai dispositivi conformi alle policy e alle regole di sicurezza stabilite dall'amministratore IT o dall'organizzazione aziendale. Questo include il supporto MDM e MAM con Intune per iOS e Android."
        }
      },
      "id": "e27e3901-39dd-4346-9afc-c078d341fdcb",
      "createdTime": "2022-04-28T13:07:10.176Z",
      "updatedTime": "2022-04-28T13:07:10.176Z",
      "createdUserId": "user-0",
      "updatedUserId": "user-0"
    },
    {
      "channelContent": {
        "web": {
          "contentFormat": "Markdown",
          "content": "Per ulteriori informazioni su queste funzionalità di conformità, vedere [Panoramica della sicurezza e della conformità in Microsoft 365](https://docs.microsoft.com/it-it/microsoft-365/?view=o365-worldwide) ."
        }
      },
      "id": "fded4f0b-eb6f-494d-9afb-13f685e428fb",
      "createdTime": "2022-04-28T13:09:19.967Z",
      "updatedTime": "2022-04-28T13:09:19.967Z",
      "createdUserId": "user-0",
      "updatedUserId": "user-0"
    },
    {
      "channelContent": {
        "web": {
          "contentFormat": "Markdown",
          "content": "Per ulteriori dettagli sulle ricerche di contenuto e sui team, vedere la sezione Team di [eseguire una ricerca di contenuto nel Centro sicurezza e conformità di Microsoft 365](https://docs.microsoft.com/it-it/microsoft-365/compliance/content-search?view=o365-worldwide) ."
        }
      },
      "id": "2e6511fc-b953-4867-b368-e3236ff9244b",
      "createdTime": "2022-04-28T13:09:48.719Z",
      "updatedTime": "2022-04-28T13:09:48.719Z",
      "createdUserId": "user-0",
      "updatedUserId": "user-0"
    },
    {
      "channelContent": {
        "web": {
          "contentFormat": "Markdown",
          "content": "Questa è una risposta molto lunga. Potrebbe essere necessario scorrere verso l'alto 🔼"
        }
      },
      "id": "522e01a1-db8d-4014-a02f-886048f49bc7",
      "createdTime": "2022-04-28T13:09:54.055Z",
      "updatedTime": "2022-04-28T13:09:54.055Z",
      "createdUserId": "user-0",
      "updatedUserId": "user-0"
    }
  ]
}