{
  "intents": [
    {
      "endUserOverrideName": "Max antal i samma team?",
      "triggerQueries": [
        "max antal teammedlemmar?",
        "Kan jag lägga till alla mina teammedlemmar i det nya Teamet?",
        "Max antal i samma team?",
        "Hur många medlemmar kan jag lägga till i mitt Team?",
        "maxgräns för medlemmar",
        "storlek på team",
        "hur stort kan ett team vara?",
        "hur många kan man vara i ett team?",
        "max antal medlemmar i ett team",
        "Vad är det högsta antalet medlemmar jag kan ha i ett team?"
      ],
      "dialogId": "new_topic_6e3f11b3cee5445e928095371fbfc081",
      "isTriggeringEnabled": true,
      "id": "new_topic_6e3f11b3cee5445e928095371fbfc081",
      "displayName": "Vad är högsta antal medlemmar jag kan ha i ett team?",
      "description": "",
      "createdTime": "2020-11-24T14:37:53.8220925Z",
      "updatedTime": "2023-11-16T15:01:16.1265453Z",
      "createdUserId": "f04d3cd9-b73d-4ba9-a1ed-9319eba29b21",
      "updatedUserId": "c8d29cfd-efef-47c1-8e02-210c8be30c37"
    }
  ],
  "dialogs": [
    {
      "rootNodeId": "6372ea54-c44e-404d-a3e2-cd6bf214f753",
      "messageNodes": [
        {
          "botMessageId": "ebb9e577-67c1-42e3-9b05-0239b15bcaad",
          "nodeType": "BotMessageNode",
          "id": "6372ea54-c44e-404d-a3e2-cd6bf214f753",
          "defaultTargetNodeId": "4d03dcde-2354-4568-92bb-e66b553ec59f"
        }
      ],
      "dialogChangeNodes": [
        {
          "targetDialogId": "new_topic_84ec227c19784e7ba25cb34f4638f91e_aeabea4d071f415c8c107e1cb7af5424_assumedsuccess",
          "nodeType": "DialogChangeNode",
          "id": "4d03dcde-2354-4568-92bb-e66b553ec59f"
        }
      ],
      "id": "new_topic_6e3f11b3cee5445e928095371fbfc081",
      "displayName": "Dialog for Vad är det högsta antalet medlemmar jag kan ha i ett team?",
      "createdTime": "2020-11-24T14:37:53.8220925Z",
      "updatedTime": "2023-11-16T15:01:16.1265444Z",
      "createdUserId": "f04d3cd9-b73d-4ba9-a1ed-9319eba29b21",
      "updatedUserId": "c8d29cfd-efef-47c1-8e02-210c8be30c37"
    }
  ],
  "botMessages": [
    {
      "channelContent": {
        "web": {
          "contentFormat": "Markdown",
          "content": "[Maxgränsen för antal medlemmar i ett team](https://docs.microsoft.com/sv-se/microsoftteams/limits-specifications-teams#teams-and-channels) är/var 25 000 personer (2024).\n\nKlicka alltid på länken för senaste nytt, då gränsen kan ha höjts."
        }
      },
      "id": "ebb9e577-67c1-42e3-9b05-0239b15bcaad",
      "createdTime": "2020-11-24T14:37:53.8220925Z",
      "updatedTime": "2020-11-24T14:37:53.8220925Z",
      "createdUserId": "f04d3cd9-b73d-4ba9-a1ed-9319eba29b21",
      "updatedUserId": "f04d3cd9-b73d-4ba9-a1ed-9319eba29b21"
    }
  ]
}