{
  "intents": [
    {
      "triggerQueries": [
        "Gdzie mogę znaleźć certyfikowane urządzenia Teams?",
        "Pokoje Microsoft Teams (MTR)",
        "Pokoje Microsoft Teams",
        "Na jakich urządzeniach mogę korzystać z aplikacji Teams?",
        "Jaka jest dobra kamera internetowa do korzystania z Teams?",
        "Urządzenia teams do małych sal konferencyjnych",
        "Urządzenia teams do dużych sal konferencyjnych",
        "Urządzenia Teams do otwartego biura",
        "Urządzenia usługi Teams do współpracy, spotkań, dzwonienia",
        "Systemy Microsoft Teams Rooms",
        "Pokaż mi certyfikowane MTR",
        "MTR? Sale konferencyjne dla zespołów",
        "MTR? Pokoje Microsoft Teams",
        "zestawy głośnomówiące do użytku z Teams",
        "Które zestawy słuchawkowe działają dobrze z usługą Teams?",
        "Urządzenia Teams dla mojego biura domowego",
        "Gdzie mogę znaleźć kategorie urządzeń Teams",
        "Omówienie urządzeń certyfikowanych dla usługi Teams",
        "telefony z certyfikacją Teams",
        "Jakie typy pokoi Teams mogą być użyte dla spotkań",
        "Projektowanie sali konferencyjnej dla usługi Teams",
        "Hybrydowe sale konferencyjne",
        "kamery internetowe obsługujące usługę Teams",
        "Używasz zestawu słuchawkowego podczas spotkania?",
        "Co to jest sala konferencyjna usługi Teams?",
        "Czy są dostępne certyfikowane akcesoria Teams?",
        "Urządzenie Surface Hub 2",
        "Microsoft Surface Hub",
        "Gdzie znaleźć wyposażenie sal konferencyjnych dla Teams?",
        "Gdzie mogę znaleźć certyfikowane urządzenia Teams?"
      ],
      "dialogId": "new_topic_cc87ce25b30f43cb9a83367a53779bb3",
      "isTriggeringEnabled": true,
      "id": "new_topic_cc87ce25b30f43cb9a83367a53779bb3",
      "displayName": "Gdzie mogę znaleźć certyfikowane urządzenia Teams?",
      "description": "",
      "createdTime": "2021-09-27T10:49:02.6275622Z",
      "updatedTime": "2021-09-29T15:13:49.1340029Z",
      "createdUserId": "28fac8cb-bec7-48c9-a688-5024cf318b8a",
      "updatedUserId": "28fac8cb-bec7-48c9-a688-5024cf318b8a"
    }
  ],
  "dialogs": [
    {
      "rootNodeId": "96b7eec4-626d-4f93-a670-cf95be445d01",
      "messageNodes": [
        {
          "botMessageId": "91264076-fc82-4cd5-ac53-82dc1884d7e0",
          "nodeType": "BotMessageNode",
          "id": "96b7eec4-626d-4f93-a670-cf95be445d01",
          "defaultTargetNodeId": "8ba3f79f-98ae-4434-ad3e-e447cb189423"
        }
      ],
      "dialogChangeNodes": [
        {
          "targetDialogId": "new_topic_d4ee79ce05584b519ee7d416fda7e2a3_aeabea4d071f415c8c107e1cb7af5424_assumedsuccess",
          "nodeType": "DialogChangeNode",
          "id": "8ba3f79f-98ae-4434-ad3e-e447cb189423"
        }
      ],
      "id": "new_topic_cc87ce25b30f43cb9a83367a53779bb3",
      "displayName": "Dialog for Gdzie mogę znaleźć certyfikowane urządzenia Teams?",
      "createdTime": "2021-09-27T10:49:02.6275622Z",
      "updatedTime": "2021-09-27T10:49:25.0843224Z",
      "createdUserId": "28fac8cb-bec7-48c9-a688-5024cf318b8a",
      "updatedUserId": "28fac8cb-bec7-48c9-a688-5024cf318b8a"
    }
  ],
  "botMessages": [
    {
      "channelContent": {
        "web": {
          "contentFormat": "Markdown",
          "content": "Na [stronie poświęconej urządzeniom dostarczanym do Teams przez partnerów technologicznych](https://www.microsoft.com/pl-pl/microsoft-teams/across-devices/devices) można znaleźć informacje zarówno o zestawach słuchawkowych, głośnomówiących, kamerach jak i bardziej zaawansowanym rozwiązaniom, wykorzystywanym w trakcie spotkań Teams."
        }
      },
      "id": "91264076-fc82-4cd5-ac53-82dc1884d7e0",
      "createdTime": "2021-09-27T10:49:02.6275622Z",
      "updatedTime": "2021-09-27T10:49:02.6275622Z",
      "createdUserId": "28fac8cb-bec7-48c9-a688-5024cf318b8a",
      "updatedUserId": "28fac8cb-bec7-48c9-a688-5024cf318b8a"
    }
  ],
  "createdUtc": "0001-01-01T00:00:00Z"
}