{
  "intents": [
    {
      "intentType": "Regular",
      "endUserOverrideName": "Automatically remove inactive Teams (Admin)",
      "triggerQueries": [
        "automatic cleanup of unused teams?",
        "Can a Teams be automatically deleted when it is inactive for a certain number of days or months?",
        "If inactive teams can be automatically deleted after a certain number of days or months",
        "Clean up inactive teams",
        "automatically delete old teams",
        "deleting inactive teams",
        "clean up unused teams",
        "Remove teams that are no longer in use?",
        "Delete inactive teams after a certain amount of time",
        "best before date for teams not in use",
        "I'm part of too many teams that aren't in use",
        "Too many inactive teams",
        "Automatically delete all old teams?",
        "automatically removes inactive teams?",
        "Can inactive teams be automatically deleted after a certain number of days or months?"
      ],
      "dialogId": "new_topic_4b806a5a36ea48c3a2b7a11ce53b77a3",
      "isTriggeringEnabled": true,
      "id": "new_topic_4b806a5a36ea48c3a2b7a11ce53b77a3",
      "displayName": "Can inactive teams be automatically deleted after a certain number of days or months?",
      "description": "https://adoptbotv2kb.blob.core.windows.net/%24web/AdoptBot2021-English.docx",
      "createdTime": "2021-01-13T22:20:51.2381463Z",
      "updatedTime": "2021-01-26T23:39:28.6609856Z",
      "createdUserId": "f04d3cd9-b73d-4ba9-a1ed-9319eba29b21",
      "updatedUserId": "f04d3cd9-b73d-4ba9-a1ed-9319eba29b21"
    }
  ],
  "dialogs": [
    {
      "rootNodeId": "3931b1c6-21ae-4227-965b-cb05463350fd",
      "messageNodes": [
        {
          "botMessageId": "12eaf92d-84f9-48b1-96ca-f9c3b8c26cb9",
          "nodeType": "BotMessageNode",
          "id": "3931b1c6-21ae-4227-965b-cb05463350fd",
          "defaultTargetNodeId": "7661158f-4495-4ff6-8d50-b128cc81b87f"
        },
        {
          "botMessageId": "be1610b4-e692-42b7-8007-5b2c0b971799",
          "nodeType": "BotMessageNode",
          "id": "7661158f-4495-4ff6-8d50-b128cc81b87f",
          "defaultTargetNodeId": "dcb2b9fe-6422-41eb-9b86-b2b02ff70d2b"
        }
      ],
      "dialogChangeNodes": [
        {
          "targetDialogId": "new_topic_eac3f49c99664313a9d9dc19d80a79a2_aeabea4d071f415c8c107e1cb7af5424_assumedsuccess",
          "nodeType": "DialogChangeNode",
          "id": "dcb2b9fe-6422-41eb-9b86-b2b02ff70d2b"
        }
      ],
      "id": "new_topic_4b806a5a36ea48c3a2b7a11ce53b77a3",
      "displayName": "Dialog for Can inactive teams be automatically deleted after a certain number of days or months?",
      "createdTime": "2021-01-13T22:20:51.2381463Z",
      "updatedTime": "2021-01-26T23:40:43.6895922Z",
      "createdUserId": "f04d3cd9-b73d-4ba9-a1ed-9319eba29b21",
      "updatedUserId": "f04d3cd9-b73d-4ba9-a1ed-9319eba29b21"
    }
  ],
  "botMessages": [
    {
      "channelContent": {
        "web": {
          "contentFormat": "Markdown",
          "content": "Automatic removal of inactive teams can be managed using Teams’ expiration policy. It's a wonderful way to clean up inactive teams that aren't in use and it removes clutter!"
        }
      },
      "id": "12eaf92d-84f9-48b1-96ca-f9c3b8c26cb9",
      "createdTime": "2021-01-13T22:20:51.2381463Z",
      "updatedTime": "2021-01-13T22:20:51.2381463Z",
      "createdUserId": "f04d3cd9-b73d-4ba9-a1ed-9319eba29b21",
      "updatedUserId": "f04d3cd9-b73d-4ba9-a1ed-9319eba29b21"
    },
    {
      "channelContent": {
        "web": {
          "contentFormat": "Markdown",
          "content": "See this [article about expiration dates and automatic renewal of teams](https://docs.microsoft.com/en-us/microsoftteams/team-expiration-renewal)"
        }
      },
      "id": "be1610b4-e692-42b7-8007-5b2c0b971799",
      "createdTime": "2021-01-26T23:40:29.241Z",
      "updatedTime": "2021-01-26T23:40:29.241Z",
      "createdUserId": "user-0",
      "updatedUserId": "user-0"
    }
  ]
}