{
  "intents": [
    {
      "triggerQueries": [
        "Videosamtale med noen",
        "Ring noen i Teams"
      ],
      "dialogId": "new_topic_0fbdcf19c310425fba7de5a3956eb7da",
      "isTriggeringEnabled": true,
      "id": "new_topic_0fbdcf19c310425fba7de5a3956eb7da",
      "displayName": "Ring noen i Teams",
      "description": "https://norwegianteams.blob.core.windows.net/norwegian-container/Tima - p19 to p33.docx",
      "createdTime": "2021-04-07T14:44:39.2030133Z",
      "updatedTime": "2021-04-07T14:46:29.5765023Z",
      "createdUserId": "ef0c8b9a-eff1-49f8-92fa-fd1d3e15e1ba",
      "updatedUserId": "ef0c8b9a-eff1-49f8-92fa-fd1d3e15e1ba"
    }
  ],
  "dialogs": [
    {
      "rootNodeId": "579cdd9d-ac6a-4095-ab58-75439c481bee",
      "messageNodes": [
        {
          "botMessageId": "3dde2525-9cc9-4463-a39b-7ecc24340945",
          "nodeType": "BotMessageNode",
          "id": "579cdd9d-ac6a-4095-ab58-75439c481bee",
          "defaultTargetNodeId": "b4cd3e89-2d63-49fb-8a4e-fb4a77e78b82"
        },
        {
          "botMessageId": "0feb907a-13f7-4141-ae42-209eac78e50a",
          "nodeType": "BotMessageNode",
          "id": "b4cd3e89-2d63-49fb-8a4e-fb4a77e78b82",
          "defaultTargetNodeId": "e5f28c11-a391-42b3-a7a8-5089925c6821"
        }
      ],
      "dialogChangeNodes": [
        {
          "targetDialogId": "new_topic_89c49d37fd4c4c1c9144396960733ce1_aeabea4d071f415c8c107e1cb7af5424_assumedsuccess",
          "nodeType": "DialogChangeNode",
          "id": "e5f28c11-a391-42b3-a7a8-5089925c6821"
        }
      ],
      "id": "new_topic_0fbdcf19c310425fba7de5a3956eb7da",
      "displayName": "Dialog for Ring noen i Teams",
      "createdTime": "2021-04-07T14:44:39.2030133Z",
      "updatedTime": "2021-04-07T14:46:21.4566965Z",
      "createdUserId": "ef0c8b9a-eff1-49f8-92fa-fd1d3e15e1ba",
      "updatedUserId": "ef0c8b9a-eff1-49f8-92fa-fd1d3e15e1ba"
    }
  ],
  "botMessages": [
    {
      "channelContent": {
        "web": {
          "contentFormat": "Markdown",
          "content": "Start 1:1- eller gruppesamtale med hvem som helst i organisasjonen – uansett hvor du er i Microsoft Teams."
        }
      },
      "id": "3dde2525-9cc9-4463-a39b-7ecc24340945",
      "createdTime": "2021-04-07T14:44:39.2030133Z",
      "updatedTime": "2021-04-07T14:44:39.2030133Z",
      "createdUserId": "ef0c8b9a-eff1-49f8-92fa-fd1d3e15e1ba",
      "updatedUserId": "ef0c8b9a-eff1-49f8-92fa-fd1d3e15e1ba"
    },
    {
      "channelContent": {
        "web": {
          "contentFormat": "Markdown",
          "content": "For å ringe noen:\n\n*   Velg **Lydsamtale** eller **Videosamtale** for å ringe noen fra en chat.\n*   I kommandoboksen skriver du inn /ring og velg personen du ønsker å nå.\n*   Beveg musepeker over en persons profilbilde hvor som helst i Teams, og velg **Lydsamtale** fra kontaktkortet."
        }
      },
      "id": "0feb907a-13f7-4141-ae42-209eac78e50a",
      "createdTime": "2021-04-07T14:45:51.896Z",
      "updatedTime": "2021-04-07T14:45:51.896Z",
      "createdUserId": "user-0",
      "updatedUserId": "user-0"
    }
  ],
  "createdUtc": "0001-01-01T00:00:00Z"
}