{
  "intents": [
    {
      "endUserOverrideName": "Rename a Team?",
      "triggerQueries": [
        "How do I change my team name?",
        "I want to change the display name of my Team?",
        "How do I rename my team?",
        "change team name",
        "rename my team",
        "Where can I find the option to change my team's name?",
        "I want to rename our team",
        "Rename your team",
        "How do I rename the team?"
      ],
      "dialogId": "new_topic_e365893fa3a64bfd9312e55c0ded1d8f",
      "isTriggeringEnabled": true,
      "id": "new_topic_e365893fa3a64bfd9312e55c0ded1d8f",
      "displayName": "How do I rename the team?",
      "description": "https://adoptbotv2kb.blob.core.windows.net/%24web/AdoptBot2021-English.docx",
      "createdTime": "2021-01-13T22:20:51.2371466Z",
      "updatedTime": "2021-01-27T16:51:12.7220288Z",
      "createdUserId": "f04d3cd9-b73d-4ba9-a1ed-9319eba29b21",
      "updatedUserId": "f04d3cd9-b73d-4ba9-a1ed-9319eba29b21"
    }
  ],
  "dialogs": [
    {
      "rootNodeId": "5fa7a6fa-d3c6-4b3e-bc73-85d582ea2277",
      "messageNodes": [
        {
          "botMessageId": "bb934245-ca5f-4baf-b438-129b3b328134",
          "nodeType": "BotMessageNode",
          "id": "5fa7a6fa-d3c6-4b3e-bc73-85d582ea2277",
          "defaultTargetNodeId": "6232b218-8bdf-4638-9abd-b79e37b44c75"
        },
        {
          "botMessageId": "3a5f2cfb-88af-4852-ba01-7924ca312e3f",
          "nodeType": "BotMessageNode",
          "id": "6232b218-8bdf-4638-9abd-b79e37b44c75",
          "defaultTargetNodeId": "979e3326-7251-4d73-8f3d-fc1b251554b1"
        }
      ],
      "dialogChangeNodes": [
        {
          "targetDialogId": "new_topic_eac3f49c99664313a9d9dc19d80a79a2_aeabea4d071f415c8c107e1cb7af5424_assumedsuccess",
          "nodeType": "DialogChangeNode",
          "id": "979e3326-7251-4d73-8f3d-fc1b251554b1"
        }
      ],
      "id": "new_topic_e365893fa3a64bfd9312e55c0ded1d8f",
      "displayName": "Dialog for How do I rename the team?",
      "createdTime": "2021-01-13T22:20:51.2371466Z",
      "updatedTime": "2021-01-27T16:51:46.3341272Z",
      "createdUserId": "f04d3cd9-b73d-4ba9-a1ed-9319eba29b21",
      "updatedUserId": "f04d3cd9-b73d-4ba9-a1ed-9319eba29b21"
    }
  ],
  "botMessages": [
    {
      "channelContent": {
        "web": {
          "contentFormat": "Markdown",
          "content": "Go to the team name and click More options (...) > Edit team."
        }
      },
      "id": "bb934245-ca5f-4baf-b438-129b3b328134",
      "createdTime": "2021-01-13T22:20:51.2371466Z",
      "updatedTime": "2021-01-13T22:20:51.2371466Z",
      "createdUserId": "f04d3cd9-b73d-4ba9-a1ed-9319eba29b21",
      "updatedUserId": "f04d3cd9-b73d-4ba9-a1ed-9319eba29b21"
    },
    {
      "channelContent": {
        "web": {
          "contentFormat": "Markdown",
          "content": "From there, you can set the team name, description, and privacy settings, if necessary."
        }
      },
      "id": "3a5f2cfb-88af-4852-ba01-7924ca312e3f",
      "createdTime": "2021-01-27T16:51:37.836Z",
      "updatedTime": "2021-01-27T16:51:37.836Z",
      "createdUserId": "user-0",
      "updatedUserId": "user-0"
    }
  ]
}