{
  "intents": [
    {
      "triggerQueries": [
        "Posting 헤드라인",
        "Posting 헤드라인",
        "포스팅 headline",
        "포스팅 헤드라인",
        "포스트 headline",
        "Post headline",
        "Post 헤드라인",
        "포스트 헤드라인",
        "포스트 타이틀",
        "포스트 제목",
        "Post title",
        "Post 제목",
        "게시물 타이틀",
        "게시물 title",
        "게시물 제목"
      ],
      "dialogId": "new_topic_9dc5a362d8984fb8a90f98c9e73e42bf",
      "isTriggeringEnabled": true,
      "id": "new_topic_9dc5a362d8984fb8a90f98c9e73e42bf",
      "displayName": "게시물에 제목을 넣는 방법은 무엇입니까?",
      "description": "https://adoptbotv2kb.blob.core.windows.net/%24web/adoptbot2021-Korean.docx",
      "createdTime": "2021-03-18T03:39:18.7476571Z",
      "updatedTime": "2021-03-25T04:11:23.0831638Z",
      "createdUserId": "e47109d8-0300-4e59-a90d-56bb29886c9e",
      "updatedUserId": "e47109d8-0300-4e59-a90d-56bb29886c9e"
    }
  ],
  "dialogs": [
    {
      "rootNodeId": "01480815-9046-4cdb-a663-e06ed96ab4f0",
      "messageNodes": [
        {
          "botMessageId": "140729ec-5142-4f52-8d68-b6c5822b2919",
          "nodeType": "BotMessageNode",
          "id": "01480815-9046-4cdb-a663-e06ed96ab4f0",
          "defaultTargetNodeId": "700bd2b0-7771-4877-b14b-19c564de2f5c"
        },
        {
          "botMessageId": "73fd080d-6156-4642-9a53-a289091696ea",
          "nodeType": "BotMessageNode",
          "id": "700bd2b0-7771-4877-b14b-19c564de2f5c",
          "defaultTargetNodeId": "461bafe6-cc38-47ee-9cfb-0148a4a6c574"
        }
      ],
      "dialogChangeNodes": [
        {
          "targetDialogId": "new_topic_2bf23930c1d146129dfe38bacb94ccd0_aeabea4d071f415c8c107e1cb7af5424_assumedsuccess",
          "nodeType": "DialogChangeNode",
          "id": "461bafe6-cc38-47ee-9cfb-0148a4a6c574"
        }
      ],
      "id": "new_topic_9dc5a362d8984fb8a90f98c9e73e42bf",
      "displayName": "Dialog for 채팅에 헤드라인을 작성할 수 있는 방법은 무엇입니까?",
      "createdTime": "2021-03-18T03:39:18.7476571Z",
      "updatedTime": "2021-03-18T13:37:19.5791152Z",
      "createdUserId": "e47109d8-0300-4e59-a90d-56bb29886c9e",
      "updatedUserId": "e47109d8-0300-4e59-a90d-56bb29886c9e"
    }
  ],
  "botMessages": [
    {
      "channelContent": {
        "web": {
          "contentFormat": "Markdown",
          "content": "제목과 소제목을 사용하여 주제를 돋보이게 할 수 있습니다. 나중에 검색하는 데 도움이 됩니다."
        }
      },
      "id": "140729ec-5142-4f52-8d68-b6c5822b2919",
      "createdTime": "2021-03-18T03:39:18.7476571Z",
      "updatedTime": "2021-03-18T03:39:18.7476571Z",
      "createdUserId": "e47109d8-0300-4e59-a90d-56bb29886c9e",
      "updatedUserId": "e47109d8-0300-4e59-a90d-56bb29886c9e"
    },
    {
      "channelContent": {
        "web": {
          "contentFormat": "Markdown",
          "content": "서식 단추(펜이 있는 A처럼 보이는 것)를 선택하고 제목을 추가합니다."
        }
      },
      "id": "73fd080d-6156-4642-9a53-a289091696ea",
      "createdTime": "2021-03-18T13:36:45.352Z",
      "updatedTime": "2021-03-18T13:36:45.352Z",
      "createdUserId": "user-0",
      "updatedUserId": "user-0"
    }
  ],
  "createdUtc": "0001-01-01T00:00:00Z"
}