{
  "intents": [
    {
      "endUserOverrideName": "Activer la conversation contextuelle",
      "triggerQueries": [
        "plusieurs fenêtres de discussions",
        "Éclatez un chat",
        "Plusieurs fenêtres de discussion à la fois?",
        "Avoir plusieurs conversation",
        "ouverture du chat dans de nouvelles fenêtres",
        "ouverture de la conversation dans de nouvelles fenêtres",
        "Peut on avoir plusieurs fenetres dans Teams ?",
        "Discutez avec quelqu'un dans une fenêtre séparée",
        "Ouvrez plusieurs conversation à la fois",
        "Comment activer le chat contextuel?"
      ],
      "dialogId": "new_topic_1d17cb93109841fa97f281dea4652072",
      "isTriggeringEnabled": true,
      "id": "new_topic_1d17cb93109841fa97f281dea4652072",
      "displayName": "Comment activer la conversation contextuelle?",
      "description": "",
      "createdTime": "2021-01-13T22:20:51.2381463Z",
      "updatedTime": "2021-05-21T11:54:17.7886542Z",
      "createdUserId": "f04d3cd9-b73d-4ba9-a1ed-9319eba29b21",
      "updatedUserId": "137976d8-62f4-4f81-b357-122fb8bb440c"
    }
  ],
  "dialogs": [
    {
      "rootNodeId": "03373c86-fdce-4cee-b449-25a18a82a11d",
      "messageNodes": [
        {
          "botMessageId": "4e61516c-60ff-4d40-8107-c90b0dead6ec",
          "nodeType": "BotMessageNode",
          "id": "03373c86-fdce-4cee-b449-25a18a82a11d",
          "defaultTargetNodeId": "7bfa719c-d791-412f-af7e-7a75084898bc"
        },
        {
          "botMessageId": "1858451b-f9dc-481b-b168-93a3210457c5",
          "nodeType": "BotMessageNode",
          "id": "7bfa719c-d791-412f-af7e-7a75084898bc",
          "defaultTargetNodeId": "84c0dda7-8030-4e47-8e8f-1285a885e71e"
        },
        {
          "botMessageId": "ed9be24a-f443-4fc9-91e0-2aeaae3fd2dd",
          "nodeType": "BotMessageNode",
          "id": "84c0dda7-8030-4e47-8e8f-1285a885e71e",
          "defaultTargetNodeId": "ec6e49d6-6ff2-4bc2-8e32-94334b9604ce"
        }
      ],
      "dialogChangeNodes": [
        {
          "targetDialogId": "new_topic_eac3f49c99664313a9d9dc19d80a79a2_aeabea4d071f415c8c107e1cb7af5424_assumedsuccess",
          "nodeType": "DialogChangeNode",
          "id": "ec6e49d6-6ff2-4bc2-8e32-94334b9604ce"
        }
      ],
      "id": "new_topic_1d17cb93109841fa97f281dea4652072",
      "displayName": "Dialog for How do I Enable pop-out chat?",
      "createdTime": "2021-01-13T22:20:51.2381463Z",
      "updatedTime": "2021-04-16T16:29:56.1034401Z",
      "createdUserId": "f04d3cd9-b73d-4ba9-a1ed-9319eba29b21",
      "updatedUserId": "e0b2a139-a3df-4f92-b6af-6b0d3038fe4b"
    }
  ],
  "botMessages": [
    {
      "channelContent": {
        "web": {
          "contentFormat": "Markdown",
          "content": "Vous pouvez instantanément afficher votre discussion individuelle ou en groupe dans une fenêtre séparée. Ensuite, redimensionnez, repositionnez ou fermez la fenêtre à votre guise."
        }
      },
      "id": "4e61516c-60ff-4d40-8107-c90b0dead6ec",
      "createdTime": "2021-01-13T22:20:51.2381463Z",
      "updatedTime": "2021-01-13T22:20:51.2381463Z",
      "createdUserId": "f04d3cd9-b73d-4ba9-a1ed-9319eba29b21",
      "updatedUserId": "f04d3cd9-b73d-4ba9-a1ed-9319eba29b21"
    },
    {
      "channelContent": {
        "web": {
          "contentFormat": "Markdown",
          "content": "C'est un excellent moyen de faire plusieurs choses en même temps lorsque vous êtes en réunion ou au téléphone."
        }
      },
      "id": "1858451b-f9dc-481b-b168-93a3210457c5",
      "createdTime": "2021-01-27T22:24:31.269Z",
      "updatedTime": "2021-01-27T22:24:31.269Z",
      "createdUserId": "user-0",
      "updatedUserId": "user-0"
    },
    {
      "channelContent": {
        "web": {
          "contentFormat": "Markdown",
          "content": "**Remarque:** _Vous pouvez afficher plusieurs conversations, mais pas la même conversation deux fois._\n\n[Sortir une conversation dans Teams](https://support.microsoft.com/fr-fr/office/sortir-d-une-conversation-dans-teams-cff95cb0-34af-423f-8f69-fe9106973790?ui=fr-FR&rs=fr-FR&ad=FR)"
        }
      },
      "id": "ed9be24a-f443-4fc9-91e0-2aeaae3fd2dd",
      "createdTime": "2021-01-27T22:24:37.583Z",
      "updatedTime": "2021-01-27T22:24:37.583Z",
      "createdUserId": "user-0",
      "updatedUserId": "user-0"
    }
  ]
}