{
  "intents": [
    {
      "triggerQueries": [
        "Partecipare a una riunione di Teams da un telefono",
        "Come faccio a partecipare a una riunione in Teams dal mio telefono?"
      ],
      "dialogId": "new_topic_415436d1795f4d8c9b6cded02cd227c8",
      "isTriggeringEnabled": true,
      "id": "new_topic_415436d1795f4d8c9b6cded02cd227c8",
      "displayName": "Come faccio a partecipare a una riunione in Teams dal mio telefono?",
      "createdTime": "2022-04-29T20:02:56.8336203Z",
      "updatedTime": "2022-04-29T20:02:56.8336203Z",
      "createdUserId": "9451fc51-e00d-4445-8ff9-efb70866dc3b",
      "updatedUserId": "9451fc51-e00d-4445-8ff9-efb70866dc3b"
    }
  ],
  "dialogs": [
    {
      "rootNodeId": "307b9c0f-5571-4336-b87d-4e06082bdade",
      "messageNodes": [
        {
          "botMessageId": "123c1242-ad6f-418f-a9d6-72e36a93490f",
          "nodeType": "BotMessageNode",
          "id": "307b9c0f-5571-4336-b87d-4e06082bdade",
          "defaultTargetNodeId": "3d4b3d70-2fa6-4953-bc22-104abc2db397"
        }
      ],
      "dialogChangeNodes": [
        {
          "targetDialogId": "new_topic_f98a24608ee04cb998de3e3e32703d5b_aeabea4d071f415c8c107e1cb7af5424_assumedsuccess",
          "nodeType": "DialogChangeNode",
          "id": "3d4b3d70-2fa6-4953-bc22-104abc2db397"
        }
      ],
      "id": "new_topic_415436d1795f4d8c9b6cded02cd227c8",
      "displayName": "Senza titolo",
      "createdTime": "2022-04-29T20:02:56.8336203Z",
      "updatedTime": "2022-04-29T20:02:56.8336203Z",
      "createdUserId": "9451fc51-e00d-4445-8ff9-efb70866dc3b",
      "updatedUserId": "9451fc51-e00d-4445-8ff9-efb70866dc3b"
    }
  ],
  "botMessages": [
    {
      "channelContent": {
        "web": {
          "contentFormat": "Markdown",
          "content": "Dal tuo dispositivo mobile, apri l'app Teams e tocca il **Calendario**.\n\nQuindi fare clic sul pulsante Partecipa per la riunione desiderata.\n\n[Vedere questo collegamento per ulteriori opzioni](https://support.microsoft.com/it-it/office/ansluta-till-ett-m%C3%B6te-i-teams-1613bb53-f3fa-431e-85a9-d6a91e3468c9)"
        }
      },
      "id": "123c1242-ad6f-418f-a9d6-72e36a93490f",
      "createdTime": "2022-04-29T19:59:26.923Z",
      "updatedTime": "2022-04-29T19:59:26.923Z"
    }
  ]
}