{
  "intents": [
    {
      "endUserOverrideName": "Modificare le notifiche di Teams",
      "triggerQueries": [
        "gestire le notifiche del mio team",
        "gestire le impostazioni per i miei avvisi",
        "notifiche di regolazione",
        "Modificare le mie notifiche in Teams",
        "Modificare le notifiche di Teams",
        "Come posso configurare le mie notifiche Teams?",
        "Come posso modificare le notifiche?",
        "Cambiare le notifiche di Teams?",
        "Come faccio a cambiare le notifiche",
        "Come faccio a modificare le notifiche di Teams?"
      ],
      "dialogId": "new_topic_e9820b512c414c04a0f7defe1bddc25a",
      "isTriggeringEnabled": true,
      "id": "new_topic_e9820b512c414c04a0f7defe1bddc25a",
      "displayName": "Come faccio a modificare le notifiche di Teams?",
      "createdTime": "2022-04-27T09:05:28.8654669Z",
      "updatedTime": "2022-04-27T09:11:20.3016333Z",
      "createdUserId": "9451fc51-e00d-4445-8ff9-efb70866dc3b",
      "updatedUserId": "9451fc51-e00d-4445-8ff9-efb70866dc3b"
    }
  ],
  "dialogs": [
    {
      "rootNodeId": "dc7bf16b-3aa9-4a12-bd76-bb0c70f784bb",
      "messageNodes": [
        {
          "botMessageId": "6426e186-11e3-4b6d-a623-40e6e2e1b355",
          "nodeType": "BotMessageNode",
          "id": "dc7bf16b-3aa9-4a12-bd76-bb0c70f784bb",
          "defaultTargetNodeId": "1596939f-9bcc-4657-a503-d13672d4e1f9"
        },
        {
          "botMessageId": "659762d0-a5e1-425d-b164-9c598a699c58",
          "nodeType": "BotMessageNode",
          "id": "1596939f-9bcc-4657-a503-d13672d4e1f9",
          "defaultTargetNodeId": "9a1ce016-8ddd-4336-bc2b-67114699652a"
        },
        {
          "botMessageId": "9cbcf712-7b68-4dea-bc98-009c4eb75a11",
          "nodeType": "BotMessageNode",
          "id": "9a1ce016-8ddd-4336-bc2b-67114699652a",
          "defaultTargetNodeId": "7f09eb01-d2b3-43fb-91fe-45ad2da86cd5"
        },
        {
          "botMessageId": "b56983ef-39c1-4b23-b59c-ea853049e343",
          "nodeType": "BotMessageNode",
          "id": "7f09eb01-d2b3-43fb-91fe-45ad2da86cd5",
          "defaultTargetNodeId": "dd71e73b-7d8f-4a87-9446-03f5d19d9777"
        }
      ],
      "dialogChangeNodes": [
        {
          "targetDialogId": "new_topic_f98a24608ee04cb998de3e3e32703d5b_aeabea4d071f415c8c107e1cb7af5424_assumedsuccess",
          "nodeType": "DialogChangeNode",
          "id": "dd71e73b-7d8f-4a87-9446-03f5d19d9777"
        }
      ],
      "id": "new_topic_e9820b512c414c04a0f7defe1bddc25a",
      "displayName": "Senza titolo",
      "createdTime": "2022-04-27T09:05:28.8654669Z",
      "updatedTime": "2022-04-27T09:11:20.3016333Z",
      "createdUserId": "9451fc51-e00d-4445-8ff9-efb70866dc3b",
      "updatedUserId": "9451fc51-e00d-4445-8ff9-efb70866dc3b"
    }
  ],
  "botMessages": [
    {
      "channelContent": {
        "web": {
          "contentFormat": "Markdown",
          "content": "Microsoft Teams offre diversi modi per accedere, ricevere e gestire le notifiche. Visualizza tutti i dettagli sulla [gestione delle notifiche in Microsoft Teams su qualsiasi dispositivo.](https://support.microsoft.com/it-it/office/gestire-le-notifiche-in-teams-1cc31834-5fe5-412b-8edb-43fecc78413d)"
        }
      },
      "id": "6426e186-11e3-4b6d-a623-40e6e2e1b355",
      "createdTime": "2022-04-27T08:59:04.777Z",
      "updatedTime": "2022-04-27T08:59:04.777Z"
    },
    {
      "channelContent": {
        "web": {
          "contentFormat": "Markdown",
          "content": "Queste impostazioni includono come, quando e dove appaiono le notifiche, impostazioni personalizzate per i canali e la chat, aspetto e suoni, disattivazione di messaggi specifici e così via."
        }
      },
      "id": "659762d0-a5e1-425d-b164-9c598a699c58",
      "createdTime": "2022-04-27T09:04:50.773Z",
      "updatedTime": "2022-04-27T09:04:50.773Z",
      "createdUserId": "user-0",
      "updatedUserId": "user-0"
    },
    {
      "channelContent": {
        "web": {
          "contentFormat": "Markdown",
          "content": "**Per gestire le tue notifiche**,\n\n1.  Seleziona l'immagine del tuo profilo in Squadre.\n2.  Selezionare Impostazioni > Notifiche."
        }
      },
      "id": "9cbcf712-7b68-4dea-bc98-009c4eb75a11",
      "createdTime": "2022-04-27T09:06:09.044Z",
      "updatedTime": "2022-04-27T09:06:09.044Z",
      "createdUserId": "user-0",
      "updatedUserId": "user-0"
    },
    {
      "channelContent": {
        "web": {
          "contentFormat": "Markdown",
          "content": "💡 Suggerimento: [informazioni da sapere sulle notifiche nei team](https://support.microsoft.com/it-it/office/informazioni-sulle-notifiche-abb62c60-3d15-4968-b86a-42fea9c22cf4)"
        }
      },
      "id": "b56983ef-39c1-4b23-b59c-ea853049e343",
      "createdTime": "2022-04-27T09:09:16.796Z",
      "updatedTime": "2022-04-27T09:09:16.796Z",
      "createdUserId": "user-0",
      "updatedUserId": "user-0"
    }
  ]
}