{
  "intents": [
    {
      "intentType": "Regular",
      "endUserOverrideName": "Spela in ett möte?",
      "triggerQueries": [
        "önskar spela in våra möten",
        "jag vill spela in mitt möte",
        "Hur startar jag inspelning av mötet",
        "Starta en mötesinspelning",
        "Spela in ett möte?",
        "Hur spelar jag in ett möte?"
      ],
      "dialogId": "new_topic_308e57d8421a45f69ae387fccbe675a9",
      "isTriggeringEnabled": true,
      "id": "new_topic_308e57d8421a45f69ae387fccbe675a9",
      "displayName": "Hur spelar jag in ett möte?",
      "description": "",
      "createdTime": "2020-11-24T14:37:53.8230909Z",
      "updatedTime": "2020-12-10T14:27:19.5473485Z",
      "createdUserId": "f04d3cd9-b73d-4ba9-a1ed-9319eba29b21",
      "updatedUserId": "f04d3cd9-b73d-4ba9-a1ed-9319eba29b21"
    }
  ],
  "dialogs": [
    {
      "rootNodeId": "179916bb-6603-46af-9c48-1e1f1f5a6610",
      "messageNodes": [
        {
          "botMessageId": "c7058505-1e87-4105-b5b5-8a482ba7428f",
          "nodeType": "BotMessageNode",
          "id": "179916bb-6603-46af-9c48-1e1f1f5a6610",
          "defaultTargetNodeId": "34b05a76-9efa-4fa5-8d2f-8bdbaa3d5faf"
        }
      ],
      "dialogChangeNodes": [
        {
          "targetDialogId": "new_topic_84ec227c19784e7ba25cb34f4638f91e_aeabea4d071f415c8c107e1cb7af5424_assumedsuccess",
          "nodeType": "DialogChangeNode",
          "id": "34b05a76-9efa-4fa5-8d2f-8bdbaa3d5faf"
        }
      ],
      "id": "new_topic_308e57d8421a45f69ae387fccbe675a9",
      "displayName": "Dialog for Hur spelar jag in ett möte?",
      "createdTime": "2020-11-24T14:37:53.8230909Z",
      "updatedTime": "2020-12-10T14:27:47.1453304Z",
      "createdUserId": "f04d3cd9-b73d-4ba9-a1ed-9319eba29b21",
      "updatedUserId": "f04d3cd9-b73d-4ba9-a1ed-9319eba29b21"
    }
  ],
  "botMessages": [
    {
      "channelContent": {
        "web": {
          "contentFormat": "Markdown",
          "content": "Starta eller gå med i mötet.\n\nOm du vill starta inspelningen går du till mötesalternativen under flera alternativ ”…” och väljer Starta inspelning. Alla i mötet informeras om att inspelning har startats och även ett meddelande i chatten bekräftar detta. Avsluta inspelningen på samma sätt.\n\nLäs mer här: [Så spelar du in ett möte i Teams](https://support.microsoft.com/sv-se/office/spela-in-ett-m%C3%B6te-i-teams-34dfbe7f-b07d-4a27-b4c6-de62f1348c24)"
        }
      },
      "id": "c7058505-1e87-4105-b5b5-8a482ba7428f",
      "createdTime": "2020-11-24T14:37:53.8230909Z",
      "updatedTime": "2020-11-24T14:37:53.8230909Z",
      "createdUserId": "f04d3cd9-b73d-4ba9-a1ed-9319eba29b21",
      "updatedUserId": "f04d3cd9-b73d-4ba9-a1ed-9319eba29b21"
    }
  ]
}