{
  "intents": [
    {
      "endUserOverrideName": "Registrare una riunione?",
      "triggerQueries": [
        "Registrare una riunione?",
        "iniziare a registrare la riunione?",
        "registrare le nostre riunioni",
        "Registrare un incontro?",
        "Avviare una registrazione di riunione",
        "Come iniziare a registrare la riunione",
        "Voglio registrare il mio incontro",
        "Come posso registrare una riunione?"
      ],
      "dialogId": "new_topic_e936a9717d1940aaaeee35619e7c6282",
      "isTriggeringEnabled": true,
      "id": "new_topic_e936a9717d1940aaaeee35619e7c6282",
      "displayName": "Come posso registrare una riunione?",
      "createdTime": "2022-04-27T23:40:45.0298955Z",
      "updatedTime": "2022-04-27T23:40:45.0298955Z",
      "createdUserId": "9451fc51-e00d-4445-8ff9-efb70866dc3b",
      "updatedUserId": "9451fc51-e00d-4445-8ff9-efb70866dc3b"
    }
  ],
  "dialogs": [
    {
      "rootNodeId": "909ee386-13f1-4202-ad22-f8610b0a18ec",
      "messageNodes": [
        {
          "botMessageId": "166696a7-22e3-43a9-9f64-b92ef6d8e33c",
          "nodeType": "BotMessageNode",
          "id": "909ee386-13f1-4202-ad22-f8610b0a18ec",
          "defaultTargetNodeId": "6cd27810-f100-4b1e-8b1a-785fc8eac2e8"
        },
        {
          "botMessageId": "df389968-6f3c-4098-943f-9613fcba4d8a",
          "nodeType": "BotMessageNode",
          "id": "6cd27810-f100-4b1e-8b1a-785fc8eac2e8",
          "defaultTargetNodeId": "ec5cc174-813c-4898-985a-4775dd0c7a63"
        }
      ],
      "dialogChangeNodes": [
        {
          "targetDialogId": "new_topic_f98a24608ee04cb998de3e3e32703d5b_aeabea4d071f415c8c107e1cb7af5424_assumedsuccess",
          "nodeType": "DialogChangeNode",
          "id": "ec5cc174-813c-4898-985a-4775dd0c7a63"
        }
      ],
      "id": "new_topic_e936a9717d1940aaaeee35619e7c6282",
      "displayName": "Senza titolo",
      "createdTime": "2022-04-27T23:40:45.0298955Z",
      "updatedTime": "2022-04-27T23:40:45.0298955Z",
      "createdUserId": "9451fc51-e00d-4445-8ff9-efb70866dc3b",
      "updatedUserId": "9451fc51-e00d-4445-8ff9-efb70866dc3b"
    }
  ],
  "botMessages": [
    {
      "channelContent": {
        "web": {
          "contentFormat": "Markdown",
          "content": "Per registrare una riunione, è necessario avviare o partecipare alla riunione."
        }
      },
      "id": "166696a7-22e3-43a9-9f64-b92ef6d8e33c",
      "createdTime": "2022-04-27T23:32:50.643Z",
      "updatedTime": "2022-04-27T23:32:50.643Z"
    },
    {
      "channelContent": {
        "web": {
          "contentFormat": "Markdown",
          "content": "**Per iniziare a registrare una riunione**,\n\n1.  Selezionare **Altre opzioni** (...) nei controlli della riunione e selezionare **Avvia registrazione**.\n2.  Tutti i partecipanti alla riunione sono informati che la registrazione è iniziata e un messaggio nella chat lo conferma.\n3.  **Termina la registrazione** nello stesso modo.\n\nPer saperne di più: [Come registrare una riunione in Teams](https://support.microsoft.com/it-it/office/registrare-una-riunione-in-teams-34dfbe7f-b07d-4a27-b4c6-de62f1348c24)"
        }
      },
      "id": "df389968-6f3c-4098-943f-9613fcba4d8a",
      "createdTime": "2022-04-27T23:37:09.322Z",
      "updatedTime": "2022-04-27T23:37:09.322Z",
      "createdUserId": "user-0",
      "updatedUserId": "user-0"
    }
  ]
}