{
  "intents": [
    {
      "triggerQueries": [
        "게시물 포스팅 제목 어떻게",
        "포스팅 게시물 헤드라인 만들 만들기 만드",
        "포스팅 게시물 제목 이유",
        "메시지 메세지 제목 작성 추가",
        "포스팅 게시물 제목 추가",
        "대화의 제목은 어떻게 하나요?"
      ],
      "dialogId": "new_topic_2c7ae2df8b0349468ba735a0a9a6769a",
      "isTriggeringEnabled": true,
      "id": "new_topic_2c7ae2df8b0349468ba735a0a9a6769a",
      "displayName": "대화의 제목은 어떻게 하나요?",
      "description": "https://adoptbotv2kb.blob.core.windows.net/%24web/adoptbot2021-Korean.docx",
      "createdTime": "2021-03-18T03:39:18.7466553Z",
      "updatedTime": "2021-04-06T08:43:47.0871401Z",
      "createdUserId": "e47109d8-0300-4e59-a90d-56bb29886c9e",
      "updatedUserId": "e47109d8-0300-4e59-a90d-56bb29886c9e"
    }
  ],
  "dialogs": [
    {
      "rootNodeId": "508039bd-7946-45a5-afdc-f736f00329e2",
      "messageNodes": [
        {
          "botMessageId": "0510e738-6181-4f2d-b5e6-fb83384b9de1",
          "nodeType": "BotMessageNode",
          "id": "17f4c698-7231-4abc-9004-3bb547994cde",
          "defaultTargetNodeId": "13c00599-5bb2-48f4-9f21-b8dd49892b2c"
        },
        {
          "botMessageId": "126bf787-120b-4c44-bfa9-e5e594deed4a",
          "nodeType": "BotMessageNode",
          "id": "508039bd-7946-45a5-afdc-f736f00329e2",
          "defaultTargetNodeId": "17f4c698-7231-4abc-9004-3bb547994cde"
        }
      ],
      "dialogChangeNodes": [
        {
          "targetDialogId": "new_topic_2bf23930c1d146129dfe38bacb94ccd0_aeabea4d071f415c8c107e1cb7af5424_assumedsuccess",
          "nodeType": "DialogChangeNode",
          "id": "13c00599-5bb2-48f4-9f21-b8dd49892b2c"
        }
      ],
      "id": "new_topic_2c7ae2df8b0349468ba735a0a9a6769a",
      "displayName": "Dialog for 대화의 제목은 어떻게 하나요?",
      "createdTime": "2021-03-18T03:39:18.7466553Z",
      "updatedTime": "2021-04-06T08:43:32.4018668Z",
      "createdUserId": "e47109d8-0300-4e59-a90d-56bb29886c9e",
      "updatedUserId": "e47109d8-0300-4e59-a90d-56bb29886c9e"
    }
  ],
  "botMessages": [
    {
      "channelContent": {
        "web": {
          "contentFormat": "Markdown",
          "content": "제목을 추가하려면 서식 단추(펜이 있는 A처럼 보임)를 선택하고 제목 줄에 제목을 추가합니다."
        }
      },
      "id": "0510e738-6181-4f2d-b5e6-fb83384b9de1",
      "createdTime": "2021-03-18T03:39:18.7466553Z",
      "updatedTime": "2021-03-18T03:39:18.7466553Z",
      "createdUserId": "e47109d8-0300-4e59-a90d-56bb29886c9e",
      "updatedUserId": "e47109d8-0300-4e59-a90d-56bb29886c9e"
    },
    {
      "channelContent": {
        "web": {
          "contentFormat": "Markdown",
          "content": "제목과 소제목을 사용하여 주제를 돋보이게 할 수 있습니다. 나중에 검색하는 데 도움이 됩니다."
        }
      },
      "id": "126bf787-120b-4c44-bfa9-e5e594deed4a",
      "createdTime": "2021-04-06T08:43:06.433Z",
      "updatedTime": "2021-04-06T08:43:06.433Z",
      "createdUserId": "user-0",
      "updatedUserId": "user-0"
    }
  ],
  "createdUtc": "0001-01-01T00:00:00Z"
}