{
  "intents": [
    {
      "triggerQueries": [
        "Proprietario di un Team",
        "Cosa significa Proprietario di un Team?",
        "Chi è il proprietario di un Team",
        "Quale ruolo svolge il proprietario di un Team?",
        "Cosa può fare il proprietario di un Team",
        "Come posso diventare proprietario di un team?",
        "Amministratore di un Team?",
        "Cosa fa il Proprietario di un Team?"
      ],
      "dialogId": "new_topic_6908bad0b94044b3a8f2d98cae6d3b1d",
      "isTriggeringEnabled": true,
      "id": "new_topic_6908bad0b94044b3a8f2d98cae6d3b1d",
      "displayName": "Cosa fa il Proprietario di un Team?",
      "createdTime": "2022-04-26T17:46:05.0534533Z",
      "updatedTime": "2022-04-26T18:06:55.1078489Z",
      "createdUserId": "9451fc51-e00d-4445-8ff9-efb70866dc3b",
      "updatedUserId": "9451fc51-e00d-4445-8ff9-efb70866dc3b"
    }
  ],
  "dialogs": [
    {
      "rootNodeId": "480a3faa-2096-43c9-a2bd-9f8f8769f0ea",
      "messageNodes": [
        {
          "botMessageId": "7fb2505b-8020-4ef4-9e9a-a5f01d98a59f",
          "nodeType": "BotMessageNode",
          "id": "480a3faa-2096-43c9-a2bd-9f8f8769f0ea",
          "defaultTargetNodeId": "09f763f5-3135-4ba9-a3ba-038dcdde53b0"
        },
        {
          "botMessageId": "4a7ebaab-4589-4375-a126-5bd2297adcb5",
          "nodeType": "BotMessageNode",
          "id": "09f763f5-3135-4ba9-a3ba-038dcdde53b0",
          "defaultTargetNodeId": "6376075c-08f4-4fde-857f-5a7a28104f97"
        },
        {
          "botMessageId": "794733a8-50b7-43ef-8ece-fc3b89a70be8",
          "nodeType": "BotMessageNode",
          "id": "6376075c-08f4-4fde-857f-5a7a28104f97",
          "defaultTargetNodeId": "ce69a540-d3e3-43ad-8bad-6707363b7ea9"
        },
        {
          "botMessageId": "9795bc60-bbad-4132-9a3f-761b5d5df8ee",
          "nodeType": "BotMessageNode",
          "id": "ce69a540-d3e3-43ad-8bad-6707363b7ea9",
          "defaultTargetNodeId": "71ed138b-e070-49e3-80a7-4988b70c0a8a"
        }
      ],
      "dialogChangeNodes": [
        {
          "targetDialogId": "new_topic_f98a24608ee04cb998de3e3e32703d5b_aeabea4d071f415c8c107e1cb7af5424_assumedsuccess",
          "nodeType": "DialogChangeNode",
          "id": "71ed138b-e070-49e3-80a7-4988b70c0a8a"
        }
      ],
      "id": "new_topic_6908bad0b94044b3a8f2d98cae6d3b1d",
      "displayName": "Senza titolo",
      "createdTime": "2022-04-26T17:46:05.0534533Z",
      "updatedTime": "2022-04-26T18:06:55.1078489Z",
      "createdUserId": "9451fc51-e00d-4445-8ff9-efb70866dc3b",
      "updatedUserId": "9451fc51-e00d-4445-8ff9-efb70866dc3b"
    }
  ],
  "botMessages": [
    {
      "channelContent": {
        "web": {
          "contentFormat": "Markdown",
          "content": "**Il proprietario di un team è** la persona che crea e/o amministra il team. I proprietari dei team possono trasformare i membri del loro team in proprietari quando li invitano nel team o in qualsiasi momento dopo che si sono uniti al team."
        }
      },
      "id": "7fb2505b-8020-4ef4-9e9a-a5f01d98a59f",
      "createdTime": "2022-04-26T17:23:09.953Z",
      "updatedTime": "2022-04-26T17:23:09.953Z"
    },
    {
      "channelContent": {
        "web": {
          "contentFormat": "Markdown",
          "content": "Con più proprietari di team, puoi condividere la responsabilità per la gestione delle impostazioni e delle iscrizioni, inclusi gli inviti."
        }
      },
      "id": "4a7ebaab-4589-4375-a126-5bd2297adcb5",
      "createdTime": "2022-04-26T17:39:59.295Z",
      "updatedTime": "2022-04-26T17:39:59.295Z",
      "createdUserId": "user-0",
      "updatedUserId": "user-0"
    },
    {
      "channelContent": {
        "web": {
          "contentFormat": "Markdown",
          "content": "Assicurati di avere almeno due proprietari per Team. Questo garantisce un contatto di backup nel caso in cui uno dei proprietari non sia disponibile."
        }
      },
      "id": "794733a8-50b7-43ef-8ece-fc3b89a70be8",
      "createdTime": "2022-04-26T17:41:32.383Z",
      "updatedTime": "2022-04-26T17:41:32.383Z",
      "createdUserId": "user-0",
      "updatedUserId": "user-0"
    },
    {
      "channelContent": {
        "web": {
          "contentFormat": "Markdown",
          "content": "💡 Suggerimento:\n\nCome proprietario, è possibile:\n\n*   aggiungere un'immagine al Team,\n*   impostare le autorizzazioni per i membri del team per creare canali\n*   aggiungere schede\n*   @mention l'intero team o canale\n*   controllare l'uso di GIF, adesivi e meme (raccomandato ON)"
        }
      },
      "id": "9795bc60-bbad-4132-9a3f-761b5d5df8ee",
      "createdTime": "2022-04-26T17:41:47.695Z",
      "updatedTime": "2022-04-26T17:41:47.695Z",
      "createdUserId": "user-0",
      "updatedUserId": "user-0"
    }
  ]
}