{
  "intents": [
    {
      "triggerQueries": [
        "Jak mogę stworzyć ogłoszenie?"
      ],
      "dialogId": "new_topic_fe6b04e225bd40388297a16e31b924d5",
      "isTriggeringEnabled": true,
      "id": "new_topic_fe6b04e225bd40388297a16e31b924d5",
      "displayName": "Jak mogę stworzyć ogłoszenie?",
      "description": "",
      "createdTime": "2021-09-27T10:06:57.3082595Z",
      "updatedTime": "2021-09-27T10:06:57.3082595Z",
      "createdUserId": "28fac8cb-bec7-48c9-a688-5024cf318b8a"
    }
  ],
  "dialogs": [
    {
      "rootNodeId": "6bef164c-70a9-4ee6-95ba-91ad972aac9d",
      "messageNodes": [
        {
          "botMessageId": "c9292ebe-9cff-489a-a799-c97ad0321422",
          "nodeType": "BotMessageNode",
          "id": "6bef164c-70a9-4ee6-95ba-91ad972aac9d",
          "defaultTargetNodeId": "155ac6d1-8a96-4a00-946b-417a9a5aeb91"
        }
      ],
      "dialogChangeNodes": [
        {
          "targetDialogId": "new_topic_d4ee79ce05584b519ee7d416fda7e2a3_aeabea4d071f415c8c107e1cb7af5424_assumedsuccess",
          "nodeType": "DialogChangeNode",
          "id": "155ac6d1-8a96-4a00-946b-417a9a5aeb91"
        }
      ],
      "id": "new_topic_fe6b04e225bd40388297a16e31b924d5",
      "displayName": "Dialog for Jak mogę stworzyć ogłoszenie?",
      "createdTime": "2021-09-27T10:06:57.3082595Z",
      "updatedTime": "2021-09-27T10:07:23.6414571Z",
      "createdUserId": "28fac8cb-bec7-48c9-a688-5024cf318b8a",
      "updatedUserId": "28fac8cb-bec7-48c9-a688-5024cf318b8a"
    }
  ],
  "botMessages": [
    {
      "channelContent": {
        "web": {
          "contentFormat": "Markdown",
          "content": "Możesz zrobić ogłoszenie, które wyróżnia się od reszty rozmów i naprawdę łatwo go zauważyć.\n\nAby utworzyć ogłoszenie, wybierz przycisk formatowania (wygląda jak A za pomocą pióra) i menu rozwijane | Nowa konwersacja i wybierz pozycję Ogłoszenie.\n\nDodatkowo można wybrać obraz tła dla większego efektu."
        }
      },
      "id": "c9292ebe-9cff-489a-a799-c97ad0321422",
      "createdTime": "2021-09-27T10:06:57.3082595Z",
      "updatedTime": "2021-09-27T10:06:57.3082595Z",
      "createdUserId": "28fac8cb-bec7-48c9-a688-5024cf318b8a",
      "updatedUserId": "28fac8cb-bec7-48c9-a688-5024cf318b8a"
    }
  ],
  "createdUtc": "0001-01-01T00:00:00Z"
}