{
  "intents": [
    {
      "triggerQueries": [
        "can you rename the general channel?",
        "Why is the public channel available",
        "can you delete the general channel?",
        "What is the General Channel used for?",
        "What is the purpose of a General Channel?",
        "Why is there a channel called general?",
        "can you delete the general channel?",
        "I want to delete the public channel",
        "Why is the General Channel available?",
        "The channel called general",
        "What is the General Channel?",
        "可以重新命名一般頻道嗎？",
        "為什麼一般頻道可以使用？",
        "可以刪除一般頻道嗎？",
        "一般頻道是用來做什麼的？",
        "一般頻道的目的是什麼？",
        "為什麼有一個頻道叫一般頻道？",
        "我想刪除一般頻道",
        "為什麼一般頻道預先建立好了？",
        "稱為一般的頻道",
        "什麼是一般頻道？"
      ],
      "dialogId": "new_topic_ac54ef4f35534542bb28548ecf24d989",
      "isTriggeringEnabled": true,
      "id": "new_topic_ac54ef4f35534542bb28548ecf24d989",
      "displayName": "什麼是一般頻道？",
      "description": "https://adoptbotv2kb.blob.core.windows.net/%24web/AdoptBot2021-English.docx",
      "createdTime": "2021-11-17T05:22:38.9413747Z",
      "updatedTime": "2021-11-17T05:23:07.6660004Z",
      "createdUserId": "9c968d43-f7c2-4e28-895c-1f6bcefcd8be",
      "updatedUserId": "9c968d43-f7c2-4e28-895c-1f6bcefcd8be"
    }
  ],
  "dialogs": [
    {
      "rootNodeId": "7f94200b-7679-4b6f-b361-37eb0e8b7a8a",
      "messageNodes": [
        {
          "botMessageId": "24a3469f-c338-4525-9255-d7f70a8d0bc9",
          "nodeType": "BotMessageNode",
          "id": "7f94200b-7679-4b6f-b361-37eb0e8b7a8a",
          "defaultTargetNodeId": "6a396f3d-9655-4a3b-aff2-0bfc2fbf0919"
        },
        {
          "botMessageId": "f08e5976-5666-4189-9038-a66437a88397",
          "nodeType": "BotMessageNode",
          "id": "6a396f3d-9655-4a3b-aff2-0bfc2fbf0919",
          "defaultTargetNodeId": "68dac5ed-b33b-4e9b-8ff5-e05763c9db9f"
        },
        {
          "botMessageId": "a0a43ce0-08b2-49ee-a28a-54d4d101c2e4",
          "nodeType": "BotMessageNode",
          "id": "68dac5ed-b33b-4e9b-8ff5-e05763c9db9f",
          "defaultTargetNodeId": "bb54a085-5151-42ab-b4e0-80310482c305"
        }
      ],
      "dialogChangeNodes": [
        {
          "targetDialogId": "new_topic_e2d1671328b941dbb60fa7150059b1ee_aeabea4d071f415c8c107e1cb7af5424_assumedsuccess",
          "nodeType": "DialogChangeNode",
          "id": "bb54a085-5151-42ab-b4e0-80310482c305"
        }
      ],
      "id": "new_topic_ac54ef4f35534542bb28548ecf24d989",
      "displayName": "Dialog for 什麼是一般頻道？",
      "createdTime": "2021-11-17T05:22:38.9413747Z",
      "updatedTime": "2021-11-17T05:23:07.6660004Z",
      "createdUserId": "9c968d43-f7c2-4e28-895c-1f6bcefcd8be",
      "updatedUserId": "9c968d43-f7c2-4e28-895c-1f6bcefcd8be"
    }
  ],
  "botMessages": [
    {
      "channelContent": {
        "web": {
          "contentFormat": "Markdown",
          "content": "默認情況下，每個團隊都會為您創建一般頻道。"
        }
      },
      "id": "24a3469f-c338-4525-9255-d7f70a8d0bc9",
      "createdTime": "2021-11-17T05:22:38.9413747Z",
      "updatedTime": "2021-11-17T05:22:38.9413747Z",
      "createdUserId": "9c968d43-f7c2-4e28-895c-1f6bcefcd8be",
      "updatedUserId": "9c968d43-f7c2-4e28-895c-1f6bcefcd8be"
    },
    {
      "channelContent": {
        "web": {
          "contentFormat": "Markdown",
          "content": "一般頻道有許多有用的目的：\n\n*   使用它來分享團隊想要實現的目標概述。例如，專案概述或團隊中誰是什樣的角色。\n*   將其用於新團隊成員加入和其他新團隊成員會發現有用的一般資訊。\n*   將其用於公告。"
        }
      },
      "id": "f08e5976-5666-4189-9038-a66437a88397",
      "createdTime": "2021-11-17T05:22:52.224Z",
      "updatedTime": "2021-11-17T05:22:52.224Z",
      "createdUserId": "user-0",
      "updatedUserId": "user-0"
    },
    {
      "channelContent": {
        "web": {
          "contentFormat": "Markdown",
          "content": "命名頻道時，請記住，頻道將按字母順序排列在一般頻道之後。\n\n_您目前無法刪除一般通道。_"
        }
      },
      "id": "a0a43ce0-08b2-49ee-a28a-54d4d101c2e4",
      "createdTime": "2021-11-17T05:22:56.035Z",
      "updatedTime": "2021-11-17T05:22:56.035Z",
      "createdUserId": "user-0",
      "updatedUserId": "user-0"
    }
  ]
}