<botcomponent schemaname="new_topic_304e0e56af45400d9814aafbaac09d8e">
  <componenttype>0</componenttype>
  <description>Ein Thema, das es einem Benutzer ermöglicht, Feedback an das Team zu geben, das mit dem Bot arbeitet.

FYI: Entspannen Sie sich. Diese Info finden Sie auch im Leitfaden, den Sie hoffentlich lesen, bevor Sie hier angekommen sind...

Dieses Thema hat einen Flow. 

Erstmalige Einrichtung:
Der Flow muss mit einem Team und einem Kanal Ihrer Wahl verbunden werden. Öffnen Sie den Flow von der "Authoring Canvas" hier in PVA.

Dadurch wird Power Automate geöffnet, wo Sie ein vorhandenes Team und einen vorhandenen Kanal auswählen.

Vorschlag ist ein Kanal namens "Timon (User feedback 💌)" in einem Team namens "Timon es Support Team"). Weitere Informationen finden Sie in der Anleitung.</description>
  <iscustomizable>1</iscustomizable>
  <name>Feedback</name>
  <statecode>0</statecode>
  <statuscode>1</statuscode>
</botcomponent>