{
  "intents": [
    {
      "triggerQueries": [
        "Innstillinger for møtearrangøren",
        "deltakerinnstillinger som møtearrangøren",
        "møtealternativer",
        "innstillinger i møte",
        "deltager innstillinger",
        "Innstillinger i et Teams møte",
        "deltaker innstillinger i et Teams møte",
        "Møteinnstillinger i Teams"
      ],
      "dialogId": "new_topic_828176fc3fec4d37925b5bcf5de69a1c",
      "isTriggeringEnabled": true,
      "id": "new_topic_828176fc3fec4d37925b5bcf5de69a1c",
      "displayName": "Møteinnstillinger i Teams",
      "description": "",
      "createdTime": "2021-04-15T13:39:27.3563147Z",
      "updatedTime": "2021-04-15T13:53:29.016497Z",
      "createdUserId": "ef0c8b9a-eff1-49f8-92fa-fd1d3e15e1ba",
      "updatedUserId": "ef0c8b9a-eff1-49f8-92fa-fd1d3e15e1ba"
    }
  ],
  "dialogs": [
    {
      "rootNodeId": "225c3d63-8dde-493e-987b-ad1db1b5e6d9",
      "messageNodes": [
        {
          "botMessageId": "f7b1bb5a-e05d-413d-be3e-e0700675a27c",
          "nodeType": "BotMessageNode",
          "id": "225c3d63-8dde-493e-987b-ad1db1b5e6d9",
          "defaultTargetNodeId": "77916959-f779-4dc2-a904-9ed9e7a82dca"
        },
        {
          "botMessageId": "d04f7387-bdcb-4b3d-8d6f-45aa76658962",
          "nodeType": "BotMessageNode",
          "id": "77916959-f779-4dc2-a904-9ed9e7a82dca",
          "defaultTargetNodeId": "15d830ca-727e-4077-bd60-d76ec33ae7b6"
        },
        {
          "botMessageId": "ee15b744-d6bf-488e-aaea-34caa59ba744",
          "nodeType": "BotMessageNode",
          "id": "15d830ca-727e-4077-bd60-d76ec33ae7b6",
          "defaultTargetNodeId": "311f57a3-0923-4517-9c06-d1cdddab6081"
        }
      ],
      "dialogChangeNodes": [
        {
          "targetDialogId": "new_topic_89c49d37fd4c4c1c9144396960733ce1_aeabea4d071f415c8c107e1cb7af5424_assumedsuccess",
          "nodeType": "DialogChangeNode",
          "id": "311f57a3-0923-4517-9c06-d1cdddab6081"
        }
      ],
      "id": "new_topic_828176fc3fec4d37925b5bcf5de69a1c",
      "displayName": "Dialog for Møteinnstillinger i Teams",
      "createdTime": "2021-04-15T13:39:27.3563147Z",
      "updatedTime": "2021-04-19T15:29:53.3576976Z",
      "createdUserId": "ef0c8b9a-eff1-49f8-92fa-fd1d3e15e1ba",
      "updatedUserId": "ef0c8b9a-eff1-49f8-92fa-fd1d3e15e1ba"
    }
  ],
  "botMessages": [
    {
      "channelContent": {
        "web": {
          "contentFormat": "Markdown",
          "content": "Selv om standard deltakerinnstillinger bestemmes av organisasjonens IT-administrator, kan det hende at en møtearrangør vil endre dem for et bestemt møte."
        }
      },
      "id": "f7b1bb5a-e05d-413d-be3e-e0700675a27c",
      "createdTime": "2021-04-15T13:39:27.3563147Z",
      "updatedTime": "2021-04-15T13:39:27.3563147Z",
      "createdUserId": "ef0c8b9a-eff1-49f8-92fa-fd1d3e15e1ba",
      "updatedUserId": "ef0c8b9a-eff1-49f8-92fa-fd1d3e15e1ba"
    },
    {
      "channelContent": {
        "web": {
          "contentFormat": "Markdown",
          "content": "[Det finnes flere forskjellige måter å gå til **Møtealternativer** for et planlagt møte på](https://support.microsoft.com/nb-no/office/endre-deltakerinnstillinger-for-et-teams-m%C3%B8te-53261366-dbd5-45f9-aae9-a70e6354f88e):\n\n1.  Gå til **Kalender** i Teams, velg et møte og deretter **Alternativer for møter**.\n2.  Velg **Alternativer for møte** i en møteinvitasjon.\n3.  Under et møte velger du **Vis** i møtekontrollene. Deretter velg **Behandle tillatelser** over listen over deltakere.\n4.  En annen måte å komme dit på under et møte, er å velge **Flerehandlinger** øverst i møtevinduet og deretter **Møtealternativer**. Et panel åpnes til høyre, og du kan endre alternativene direkte derfra."
        }
      },
      "id": "d04f7387-bdcb-4b3d-8d6f-45aa76658962",
      "createdTime": "2021-04-15T13:49:48.586Z",
      "updatedTime": "2021-04-15T13:49:48.586Z",
      "createdUserId": "user-0",
      "updatedUserId": "user-0"
    },
    {
      "channelContent": {
        "web": {
          "contentFormat": "Markdown",
          "content": "Det finnes flere forskjellige deltakerinnstillinger som møtearrangøren kan endre:\n\n*   Velg hvem som kan omgå lobbyen\n*   La alltid anroperen gå utenom lobbyen\n*   Annonser når anropere blir med i eller forlater møtet\n*   Hvem kan presentere?\n*   Administrert modus (deltakerne kan bare se delt innhold og videoer av personer du setter i rampelyset)\n*   Tillat at deltakere opphever dempingen\n*   Tillat at deltakere aktiverer video\n*   Ta opp automatisk (møtearrangøren og den første personen i organisasjonen som skal bli med vil eie møteinnspillingen)\n*   Tillat møtesamtale\n*   Tillat reaksjoner"
        }
      },
      "id": "ee15b744-d6bf-488e-aaea-34caa59ba744",
      "createdTime": "2021-04-15T13:51:23.464Z",
      "updatedTime": "2021-04-15T13:51:23.464Z",
      "createdUserId": "user-0",
      "updatedUserId": "user-0"
    }
  ],
  "createdUtc": "0001-01-01T00:00:00Z"
}