{
  "intents": [
    {
      "endUserOverrideName": "Whiteboard in Teams?",
      "triggerQueries": [
        "Microsoft Whiteboard",
        "use a whiteboard in a meeting",
        "How can I use a Whiteboard in Teams?",
        "Whiteboard in Teams?",
        "How do I draw with others in a meeting?",
        "whiteboard session i teams?",
        "how do I start a whiteboard?",
        "Can you draw together in meetings?",
        "drawing in a meeting",
        "post-it notes in a meeting?",
        "is there a whiteboard?",
        "How do I use Whiteboard in Teams?"
      ],
      "dialogId": "new_topic_89878725627f4ea3ad142390d0f36448",
      "isTriggeringEnabled": true,
      "id": "new_topic_89878725627f4ea3ad142390d0f36448",
      "displayName": "How do I use Whiteboard in Teams?",
      "description": "",
      "createdTime": "2021-01-13T22:20:51.2381463Z",
      "updatedTime": "2023-11-16T13:42:41.795276Z",
      "createdUserId": "f04d3cd9-b73d-4ba9-a1ed-9319eba29b21",
      "updatedUserId": "c8d29cfd-efef-47c1-8e02-210c8be30c37"
    }
  ],
  "dialogs": [
    {
      "rootNodeId": "bd51644e-dc0a-43d2-93b9-d38cb2b957b3",
      "messageNodes": [
        {
          "botMessageId": "40ea3d63-6154-46d9-a888-e00ef04fc763",
          "nodeType": "BotMessageNode",
          "id": "bd51644e-dc0a-43d2-93b9-d38cb2b957b3",
          "defaultTargetNodeId": "1c0bb3a6-8679-4f52-9e2c-2968947751de"
        },
        {
          "botMessageId": "e8b34b71-ce76-4bfe-b7f2-cea7202cdaef",
          "nodeType": "BotMessageNode",
          "id": "1c0bb3a6-8679-4f52-9e2c-2968947751de",
          "defaultTargetNodeId": "21224adc-12ef-4fc9-b91a-469558ed7b1c"
        },
        {
          "botMessageId": "eff8c481-1b1f-4730-b5bd-935a51e29ed9",
          "nodeType": "BotMessageNode",
          "id": "21224adc-12ef-4fc9-b91a-469558ed7b1c",
          "defaultTargetNodeId": "7cd369f4-0851-4a0f-af79-a9cbf60ccc8a"
        }
      ],
      "dialogChangeNodes": [
        {
          "targetDialogId": "new_topic_eac3f49c99664313a9d9dc19d80a79a2_aeabea4d071f415c8c107e1cb7af5424_assumedsuccess",
          "nodeType": "DialogChangeNode",
          "id": "7cd369f4-0851-4a0f-af79-a9cbf60ccc8a"
        }
      ],
      "id": "new_topic_89878725627f4ea3ad142390d0f36448",
      "displayName": "Dialog for How do I use Whiteboard in Teams?",
      "createdTime": "2021-01-13T22:20:51.2381463Z",
      "updatedTime": "2023-11-16T13:42:41.7952755Z",
      "createdUserId": "f04d3cd9-b73d-4ba9-a1ed-9319eba29b21",
      "updatedUserId": "c8d29cfd-efef-47c1-8e02-210c8be30c37"
    }
  ],
  "botMessages": [
    {
      "channelContent": {
        "web": {
          "contentFormat": "Markdown",
          "content": "Each Teams meeting has a dedicated whiteboard where participants have space to sketch together.\n\nFor detailed info about using Whiteboard in Teams, see [Use Whiteboard in Microsoft Teams](https://support.microsoft.com/en-us/office/7a6e7218-e9dc-4ccc-89aa-b1a0bb9c31ee)."
        }
      },
      "id": "40ea3d63-6154-46d9-a888-e00ef04fc763",
      "createdTime": "2021-01-27T21:43:12.455Z",
      "updatedTime": "2021-01-27T21:43:12.455Z",
      "createdUserId": "user-0",
      "updatedUserId": "user-0"
    },
    {
      "channelContent": {
        "web": {
          "contentFormat": "Markdown",
          "content": "**Once you've shared a whiteboard, the meeting will have a whiteboard tab** so participants can easily reference it later."
        }
      },
      "id": "e8b34b71-ce76-4bfe-b7f2-cea7202cdaef",
      "createdTime": "2021-01-27T21:51:34.815Z",
      "updatedTime": "2021-01-27T21:51:34.815Z",
      "createdUserId": "user-0",
      "updatedUserId": "user-0"
    },
    {
      "channelContent": {
        "web": {
          "contentFormat": "Markdown",
          "content": "_**Note:**_\n\n_This feature is only available if an admin has enabled it._"
        }
      },
      "id": "eff8c481-1b1f-4730-b5bd-935a51e29ed9",
      "createdTime": "2021-01-27T21:51:50.928Z",
      "updatedTime": "2021-01-27T21:51:50.928Z",
      "createdUserId": "user-0",
      "updatedUserId": "user-0"
    }
  ]
}