{
  "intents": [
    {
      "intentType": "Regular",
      "endUserOverrideName": "Find video training on Microsoft Teams?",
      "triggerQueries": [
        "video learning for microsoft teams",
        "videos about teams",
        "Find video training on Microsoft Teams?",
        "I want to learn more about Teams",
        "online training about Teams",
        "digital training",
        "training about Teams",
        "How can I take advantage of online training about Teams?",
        "Is there any training about Teams?",
        "digital training about Teams?",
        "Where can I find videos about Microsoft Teams?",
        "See videos about Features in Teams",
        "See videos about Teams",
        "Team's online training?",
        "Where can I find digital training on Teams?"
      ],
      "dialogId": "new_topic_d3969b478bc1472bbbb0624e69b5bafd",
      "isTriggeringEnabled": true,
      "id": "new_topic_d3969b478bc1472bbbb0624e69b5bafd",
      "displayName": "Where can I find digital training on Teams?",
      "description": "https://adoptbotv2kb.blob.core.windows.net/%24web/AdoptBot2021-English.docx",
      "createdTime": "2021-01-13T22:20:51.2381463Z",
      "updatedTime": "2021-01-27T22:00:14.9977372Z",
      "createdUserId": "f04d3cd9-b73d-4ba9-a1ed-9319eba29b21",
      "updatedUserId": "f04d3cd9-b73d-4ba9-a1ed-9319eba29b21"
    }
  ],
  "dialogs": [
    {
      "rootNodeId": "630b8e3f-dce2-43cc-8c5a-1906fb5cc7ed",
      "messageNodes": [
        {
          "botMessageId": "0d5906c8-15bd-4dba-bebe-7189ec8296f1",
          "nodeType": "BotMessageNode",
          "id": "630b8e3f-dce2-43cc-8c5a-1906fb5cc7ed",
          "defaultTargetNodeId": "362ab7b5-eece-4434-8c1c-f09fdaffeb73"
        }
      ],
      "dialogChangeNodes": [
        {
          "targetDialogId": "new_topic_eac3f49c99664313a9d9dc19d80a79a2_aeabea4d071f415c8c107e1cb7af5424_assumedsuccess",
          "nodeType": "DialogChangeNode",
          "id": "362ab7b5-eece-4434-8c1c-f09fdaffeb73"
        }
      ],
      "id": "new_topic_d3969b478bc1472bbbb0624e69b5bafd",
      "displayName": "Dialog for Where can I find digital training on Teams?",
      "createdTime": "2021-01-13T22:20:51.2381463Z",
      "updatedTime": "2021-01-13T22:20:51.2381463Z",
      "createdUserId": "f04d3cd9-b73d-4ba9-a1ed-9319eba29b21",
      "updatedUserId": "f04d3cd9-b73d-4ba9-a1ed-9319eba29b21"
    }
  ],
  "botMessages": [
    {
      "channelContent": {
        "web": {
          "contentFormat": "Markdown",
          "content": "Here you can take advantage of:\r\n\r\n[Video Training for Microsoft Teams](https://support.microsoft.com/en-us/office/microsoft-teams-video-training-4f108e54-240b-4351-8084-b1089f0d21d7?ui=en-US&rs=en-US&ad=US)"
        }
      },
      "id": "0d5906c8-15bd-4dba-bebe-7189ec8296f1",
      "createdTime": "2021-01-13T22:20:51.2381463Z",
      "updatedTime": "2021-01-13T22:20:51.2381463Z",
      "createdUserId": "f04d3cd9-b73d-4ba9-a1ed-9319eba29b21",
      "updatedUserId": "f04d3cd9-b73d-4ba9-a1ed-9319eba29b21"
    }
  ]
}