{
  "intents": [
    {
      "endUserOverrideName": "Benachrichtigung, bei Beitritt/Verlassen",
      "triggerQueries": [
        "Benachrichtigung, wenn jemand an einer Besprechung teilnimmt",
        "wird angezeigt, wenn jemand eine Verbindung herstellt?",
        "Benachrichtigung beim Beitritt zur Besprechung",
        "den Ton ändern, wenn sich jemand verbindet?",
        "Werden Teilnehmer eine Benachrichtigung hören, wenn ein Benutzer einer Besprechung beitritt oder sie abbricht?"
      ],
      "dialogId": "new_topic_fcbbc55624dc43e8a220f20ef82a000a",
      "isTriggeringEnabled": true,
      "id": "new_topic_fcbbc55624dc43e8a220f20ef82a000a",
      "displayName": "Werden Teilnehmer eine Benachrichtigung hören, wenn eine Person einer Besprechung beitritt oder sie abbricht?",
      "description": "",
      "createdTime": "2021-04-19T08:22:58.8355144Z",
      "updatedTime": "2021-04-22T06:29:19.4940314Z",
      "createdUserId": "d4c65e50-fb5c-4311-830a-05b59a11dd48",
      "updatedUserId": "86360cd1-faa6-4d16-8a0c-ba3116c8a977"
    }
  ],
  "dialogs": [
    {
      "rootNodeId": "9617e4a0-042b-43b5-b320-4c9241b8b9d9",
      "messageNodes": [
        {
          "botMessageId": "566e2547-9209-4398-8050-b68b4425dd88",
          "nodeType": "BotMessageNode",
          "id": "9617e4a0-042b-43b5-b320-4c9241b8b9d9",
          "defaultTargetNodeId": "d1fa49c1-62a4-47cb-bc06-9451b671ce2a"
        }
      ],
      "dialogChangeNodes": [
        {
          "targetDialogId": "new_topic_30867099f4b543d3b8543a85c22c3418_aeabea4d071f415c8c107e1cb7af5424_assumedsuccess",
          "nodeType": "DialogChangeNode",
          "id": "d1fa49c1-62a4-47cb-bc06-9451b671ce2a"
        }
      ],
      "id": "new_topic_fcbbc55624dc43e8a220f20ef82a000a",
      "displayName": "Dialog for Werden Teilnehmer eine Benachrichtigung hören, wenn ein Benutzer einer Besprechung beitritt oder sie abbricht?",
      "createdTime": "2021-04-19T08:22:58.8355144Z",
      "updatedTime": "2021-04-21T09:45:44.0835003Z",
      "createdUserId": "d4c65e50-fb5c-4311-830a-05b59a11dd48",
      "updatedUserId": "86360cd1-faa6-4d16-8a0c-ba3116c8a977"
    }
  ],
  "botMessages": [
    {
      "channelContent": {
        "web": {
          "contentFormat": "Markdown",
          "content": "Standardmäßig werden teilnehmende Personen benachrichtigt, wenn wietere Personen eine Verbindung herstellen. Informationen zum Ändern dieser Einstellungen finden Sie unter [Ändern der Teilnehmereinstellungen für eine Teams-Besprechung](https://support.microsoft.com/de-de/office/change-participant-settings-for-a-teams-meeting-53261366-dbd5-45f9-aae9-a70e6354f88e)"
        }
      },
      "id": "566e2547-9209-4398-8050-b68b4425dd88",
      "createdTime": "2021-04-19T08:22:58.8355144Z",
      "updatedTime": "2021-04-19T08:22:58.8355144Z",
      "createdUserId": "d4c65e50-fb5c-4311-830a-05b59a11dd48",
      "updatedUserId": "d4c65e50-fb5c-4311-830a-05b59a11dd48"
    }
  ]
}