{
  "intents": [
    {
      "endUserOverrideName": "Umstieg von Skype for Business auf Teams",
      "triggerQueries": [
        "Skype ist besser",
        "Ich mag Skype",
        "Von Skype zu Teams",
        "Teams vs Skype",
        "Skype for Business zu Teams",
        "Unterschiede Teams und Skype",
        "skype vs teams",
        "unterschied skype vs teams",
        "Warum soll ich zu Teams wechseln?",
        "Ich nöchte nicht von skype wechseln",
        "Ich möchte Skype for Business behalten",
        "Ich wechsle von Skype for Business"
      ],
      "dialogId": "new_topic_9a9292208b1d48a3b0a3ef879f64692a",
      "isTriggeringEnabled": true,
      "id": "new_topic_9a9292208b1d48a3b0a3ef879f64692a",
      "displayName": "Ich wechsle von Skype for Business",
      "description": "https://adoptbotv2kb.blob.core.windows.net/%24web/AdoptBot2021-English.docx",
      "createdTime": "2021-04-18T20:58:24.5345366Z",
      "updatedTime": "2021-04-18T20:58:24.5345366Z",
      "createdUserId": "86360cd1-faa6-4d16-8a0c-ba3116c8a977"
    }
  ],
  "dialogs": [
    {
      "rootNodeId": "8f558600-3f52-4615-8079-8c9321901d1f",
      "messageNodes": [
        {
          "botMessageId": "d2bc22de-f843-485d-837a-1e76f9d9fdc9",
          "nodeType": "BotMessageNode",
          "id": "8f558600-3f52-4615-8079-8c9321901d1f",
          "defaultTargetNodeId": "8ac3a99b-5e3d-4b30-b992-07a7ff10d3f2"
        },
        {
          "botMessageId": "0a830835-74eb-4f11-8cca-82479dcb9b78",
          "nodeType": "BotMessageNode",
          "id": "8ac3a99b-5e3d-4b30-b992-07a7ff10d3f2",
          "defaultTargetNodeId": "e775791d-439a-419d-b9cf-ac8a2523e721"
        },
        {
          "botMessageId": "94b9d82b-a7ba-4df7-ad1a-30610ad6c80f",
          "nodeType": "BotMessageNode",
          "id": "e775791d-439a-419d-b9cf-ac8a2523e721",
          "defaultTargetNodeId": "63b13f39-afa2-47f7-a178-da935c2db961"
        }
      ],
      "dialogChangeNodes": [
        {
          "targetDialogId": "new_topic_30867099f4b543d3b8543a85c22c3418_aeabea4d071f415c8c107e1cb7af5424_assumedsuccess",
          "nodeType": "DialogChangeNode",
          "id": "63b13f39-afa2-47f7-a178-da935c2db961"
        }
      ],
      "id": "new_topic_9a9292208b1d48a3b0a3ef879f64692a",
      "displayName": "Dialog for Ich wechsle von Skype for Business",
      "createdTime": "2021-04-18T20:58:24.5345366Z",
      "updatedTime": "2021-04-18T21:00:12.4794166Z",
      "createdUserId": "86360cd1-faa6-4d16-8a0c-ba3116c8a977",
      "updatedUserId": "86360cd1-faa6-4d16-8a0c-ba3116c8a977"
    }
  ],
  "botMessages": [
    {
      "channelContent": {
        "web": {
          "contentFormat": "Markdown",
          "content": "Bei der Umstellung von **Skype for Business auf Microsoft Teams** werden Sie viele vertraute Funktionen finden, aber auch einige neue Dinge, die Ihnen hoffentlich gefallen werden!"
        }
      },
      "id": "d2bc22de-f843-485d-837a-1e76f9d9fdc9",
      "createdTime": "2021-04-18T20:58:24.5345366Z",
      "updatedTime": "2021-04-18T20:58:24.5345366Z",
      "createdUserId": "86360cd1-faa6-4d16-8a0c-ba3116c8a977",
      "updatedUserId": "86360cd1-faa6-4d16-8a0c-ba3116c8a977"
    },
    {
      "channelContent": {
        "web": {
          "contentFormat": "Markdown",
          "content": "**Teams bietet außerdem:**\n\n*   Teams und Kanäle für Projekte, Unterhaltungen, Dateien und Meetings an einem Ort\n*   Integration von Office-Apps\n*   Anpassbare Apps und Bots (wie mich 🙂 )\n*   @Mentions, um die Aufmerksamkeit von jemandem zu bekommen"
        }
      },
      "id": "0a830835-74eb-4f11-8cca-82479dcb9b78",
      "createdTime": "2021-04-18T20:59:08.655Z",
      "updatedTime": "2021-04-18T20:59:08.655Z",
      "createdUserId": "user-0",
      "updatedUserId": "user-0"
    },
    {
      "channelContent": {
        "web": {
          "contentFormat": "Markdown",
          "content": "Wenn Sie dies hilfreich fanden, gibt es einen ganzen [Leitfaden für den Übergang zu Teams von Skype for Business.](https://support.microsoft.com/de-de/office/umstieg-von-skype-for-business-auf-teams-6295a0ae-4e8e-4bba-a100-64cc951cc964?ui=de-DE&rs=de-DE&ad=DE)"
        }
      },
      "id": "94b9d82b-a7ba-4df7-ad1a-30610ad6c80f",
      "createdTime": "2021-04-18T20:59:44.343Z",
      "updatedTime": "2021-04-18T20:59:44.343Z",
      "createdUserId": "user-0",
      "updatedUserId": "user-0"
    }
  ],
  "createdUtc": "0001-01-01T00:00:00Z"
}