{
  "intents": [
    {
      "endUserOverrideName": "Sonderzeichen im Kanalnamen",
      "triggerQueries": [
        "Hinzufügen von Emojis oder Symbolen zum Kanalnamen",
        "Gibt es Beschränkungen für Kanalnamen?",
        "Sonderzeichen in einem Kanalnamen?",
        "welche Zeichen sind im Kanalnamen erlaubt",
        "Emojis in Kanal namen?",
        "Emojis in Kanalnamen?",
        "Icons oder Formen im Kanalnamen?",
        "Name des Kanals, welche Zeichen?",
        "Können Kanalnamen Sonderzeichen oder nur Buchstaben enthalten?",
        "Sonderzeichen im Kanalnamen",
        "Kann ich Sonderzeichen für meinen Kanalnamen verwenden?"
      ],
      "dialogId": "new_topic_a28d27820e5647db9343d9a2dddcc98f",
      "isTriggeringEnabled": true,
      "id": "new_topic_a28d27820e5647db9343d9a2dddcc98f",
      "displayName": "Kann ich Sonderzeichen für meinen Kanalnamen verwenden?",
      "description": "https://adoptbotv2kb.blob.core.windows.net/%24web/AdoptBot2021-English.docx",
      "createdTime": "2021-04-19T10:21:26.3104514Z",
      "updatedTime": "2021-04-19T10:21:26.3104514Z",
      "createdUserId": "86360cd1-faa6-4d16-8a0c-ba3116c8a977"
    }
  ],
  "dialogs": [
    {
      "rootNodeId": "748e2a6d-7335-475a-80af-129f8b92ca07",
      "messageNodes": [
        {
          "botMessageId": "f75c9a66-f08f-4e22-8c88-918b6069dff2",
          "nodeType": "BotMessageNode",
          "id": "748e2a6d-7335-475a-80af-129f8b92ca07",
          "defaultTargetNodeId": "41072c9c-22d7-492d-a988-532cfbce9d73"
        },
        {
          "botMessageId": "e04cca79-3d14-414b-a660-5eb700d008ab",
          "nodeType": "BotMessageNode",
          "id": "41072c9c-22d7-492d-a988-532cfbce9d73",
          "defaultTargetNodeId": "a905e71b-8335-4a49-88c6-b52cb4b9fd35"
        },
        {
          "botMessageId": "93fdf34c-f9f3-4982-91f2-675b99dccf8c",
          "nodeType": "BotMessageNode",
          "id": "a905e71b-8335-4a49-88c6-b52cb4b9fd35",
          "defaultTargetNodeId": "cc6389b3-369c-4170-9333-891e841699ef"
        }
      ],
      "dialogChangeNodes": [
        {
          "targetDialogId": "new_topic_30867099f4b543d3b8543a85c22c3418_aeabea4d071f415c8c107e1cb7af5424_assumedsuccess",
          "nodeType": "DialogChangeNode",
          "id": "cc6389b3-369c-4170-9333-891e841699ef"
        }
      ],
      "id": "new_topic_a28d27820e5647db9343d9a2dddcc98f",
      "displayName": "Dialog for Kann ich Sonderzeichen für meinen Kanalnamen verwenden?",
      "createdTime": "2021-04-19T10:21:26.3104514Z",
      "updatedTime": "2021-04-19T10:24:57.9987992Z",
      "createdUserId": "86360cd1-faa6-4d16-8a0c-ba3116c8a977",
      "updatedUserId": "86360cd1-faa6-4d16-8a0c-ba3116c8a977"
    }
  ],
  "botMessages": [
    {
      "channelContent": {
        "web": {
          "contentFormat": "Markdown",
          "content": "Benennen Sie den Kanal immer zuerst nur in Buchstaben. Sie können den Namen dann bearbeiten und Symbole und/oder Emojis zum besseren Verständnis hinzufügen ✅."
        }
      },
      "id": "f75c9a66-f08f-4e22-8c88-918b6069dff2",
      "createdTime": "2021-04-19T10:21:26.3104514Z",
      "updatedTime": "2021-04-19T10:21:26.3104514Z",
      "createdUserId": "86360cd1-faa6-4d16-8a0c-ba3116c8a977",
      "updatedUserId": "86360cd1-faa6-4d16-8a0c-ba3116c8a977"
    },
    {
      "channelContent": {
        "web": {
          "contentFormat": "Markdown",
          "content": "Kanalnamen dürfen jedoch die folgenden Zeichen oder Wörter nicht enthalten.\n\n*   **Zeichen**: ~ # % & \\* {{ }} + / \\\\ : < > ? |' ' .\n*   **Wörter**: CON, CONIN$, CONOUT$, PRN, AUX, NUL, COM1 bis COM9, LPT1 bis LPT9, desktop.ini, \\_vti\\_"
        }
      },
      "id": "e04cca79-3d14-414b-a660-5eb700d008ab",
      "createdTime": "2021-04-19T10:21:47.391Z",
      "updatedTime": "2021-04-19T10:21:47.391Z",
      "createdUserId": "user-0",
      "updatedUserId": "user-0"
    },
    {
      "channelContent": {
        "web": {
          "contentFormat": "Markdown",
          "content": "**Bitte beachten**: Kanalnamen dürfen nicht mit einem Unterstrich (\\_) oder Punkt (.) beginnen oder mit einem Punkt(.) enden."
        }
      },
      "id": "93fdf34c-f9f3-4982-91f2-675b99dccf8c",
      "createdTime": "2021-04-19T10:23:09.513Z",
      "updatedTime": "2021-04-19T10:23:09.513Z",
      "createdUserId": "user-0",
      "updatedUserId": "user-0"
    }
  ]
}