{
  "intents": [
    {
      "triggerQueries": [
        "최신 미팅 경험",
        "최신 회의 경험",
        "투게더 모드",
        "대형 갤러리 사용 활성화",
        "새 창 회의",
        "별도 창 회의",
        "팀즈 새 Meeting 경험",
        "Teams 팀즈 팀 새 새로운 Meeting 미팅 모임 경험",
        "Team 새 Meeting 모임 미팅 경험",
        "최신 Meeting 미팅 모임 경험",
        "최신 회의 경험",
        "최신 회의 경험을 활성화?"
      ],
      "dialogId": "new_topic_97850c81070349039f296baf839745b6",
      "isTriggeringEnabled": true,
      "id": "new_topic_97850c81070349039f296baf839745b6",
      "displayName": "최신 회의 경험을 활성화?",
      "description": "https://adoptbotv2kb.blob.core.windows.net/%24web/adoptbot2021-Korean.docx",
      "createdTime": "2021-03-18T03:39:18.7476571Z",
      "updatedTime": "2021-04-06T12:09:47.5071983Z",
      "createdUserId": "e47109d8-0300-4e59-a90d-56bb29886c9e",
      "updatedUserId": "e47109d8-0300-4e59-a90d-56bb29886c9e"
    }
  ],
  "dialogs": [
    {
      "rootNodeId": "c38ef983-2cc5-4bfb-a616-c794f5c5c595",
      "messageNodes": [
        {
          "botMessageId": "e6a1e9e8-8811-4eb0-a659-d9697fe09318",
          "nodeType": "BotMessageNode",
          "id": "a4f71f18-3f6a-458a-98e1-d625b26c3697",
          "defaultTargetNodeId": "52211609-3063-4cf4-b0dc-9104e78fd01a"
        },
        {
          "botMessageId": "8c593767-615a-44e3-9f79-2a86e9070f15",
          "nodeType": "BotMessageNode",
          "id": "c38ef983-2cc5-4bfb-a616-c794f5c5c595",
          "defaultTargetNodeId": "a4f71f18-3f6a-458a-98e1-d625b26c3697"
        }
      ],
      "dialogChangeNodes": [
        {
          "targetDialogId": "new_topic_2bf23930c1d146129dfe38bacb94ccd0_aeabea4d071f415c8c107e1cb7af5424_assumedsuccess",
          "nodeType": "DialogChangeNode",
          "id": "52211609-3063-4cf4-b0dc-9104e78fd01a"
        }
      ],
      "id": "new_topic_97850c81070349039f296baf839745b6",
      "displayName": "Dialog for 최신 회의 경험을 활성화?",
      "createdTime": "2021-03-18T03:39:18.7476571Z",
      "updatedTime": "2021-03-25T06:47:22.9342367Z",
      "createdUserId": "e47109d8-0300-4e59-a90d-56bb29886c9e",
      "updatedUserId": "e47109d8-0300-4e59-a90d-56bb29886c9e"
    }
  ],
  "botMessages": [
    {
      "channelContent": {
        "web": {
          "contentFormat": "Markdown",
          "content": "이 선택은 앞으로 기본이 되었/될 것이기에 변경할 필요가 없습니다."
        }
      },
      "id": "e6a1e9e8-8811-4eb0-a659-d9697fe09318",
      "createdTime": "2021-03-18T03:39:18.7476571Z",
      "updatedTime": "2021-03-18T03:39:18.7476571Z",
      "createdUserId": "e47109d8-0300-4e59-a90d-56bb29886c9e",
      "updatedUserId": "e47109d8-0300-4e59-a90d-56bb29886c9e"
    },
    {
      "channelContent": {
        "web": {
          "contentFormat": "Markdown",
          "content": "새로운 미팅 경험을 활성화하려면:\n\n1.  Teams에서 프로필 그림을 선택한 다음 설정을 엽니다.\n2.  설정을 클릭합니다.\n3.  새 모임 경험을 설정을 선택하여 켭니다.\n4.  Teams아이콘을 마우스 오른쪽 단추로 클릭하고 종료를 선택하여 Teams 다시 시작합니다."
        }
      },
      "id": "8c593767-615a-44e3-9f79-2a86e9070f15",
      "createdTime": "2021-03-25T06:29:40.946Z",
      "updatedTime": "2021-03-25T06:29:40.946Z",
      "createdUserId": "user-0",
      "updatedUserId": "user-0"
    }
  ],
  "createdUtc": "0001-01-01T00:00:00Z"
}