{
  "intents": [
    {
      "endUserOverrideName": "會議中共用內容",
      "triggerQueries": [
        "PowerPoint Live是什麼",
        "會議中分享音效",
        "分享電腦音效",
        "怎麼分享聲音",
        "什麼是分享視窗",
        "Share Screen",
        "Share your desktop",
        "Power Point Live 是什麼",
        "簡報分享",
        "會議中投影",
        "桌面分享",
        "會議中分享畫面"
      ],
      "dialogId": "new_topic_4901ac23f09f4a54b75f881ba268d8fb",
      "isTriggeringEnabled": true,
      "id": "new_topic_4901ac23f09f4a54b75f881ba268d8fb",
      "displayName": "在Teams會議中共用內容",
      "description": "",
      "createdTime": "2021-11-17T12:09:00.6306885Z",
      "updatedTime": "2021-11-17T12:36:32.3888083Z",
      "createdUserId": "9c968d43-f7c2-4e28-895c-1f6bcefcd8be",
      "updatedUserId": "9c968d43-f7c2-4e28-895c-1f6bcefcd8be"
    }
  ],
  "dialogs": [
    {
      "rootNodeId": "260fc280-c558-40fd-96f0-caa323868217",
      "messageNodes": [
        {
          "botMessageId": "57e79723-0b8d-4552-a630-1c593f3d1ced",
          "nodeType": "BotMessageNode",
          "id": "260fc280-c558-40fd-96f0-caa323868217",
          "defaultTargetNodeId": "8a04682a-3034-4b6a-b5af-690bfc16e152"
        },
        {
          "botMessageId": "3dcd36ea-2338-44a3-aaa2-73761197644c",
          "nodeType": "BotMessageNode",
          "id": "44d42ebf-e8b1-49f9-9e5b-28ab9e0c3694",
          "defaultTargetNodeId": "d328433c-0dcf-4667-89b7-dd9e208fcab4"
        },
        {
          "botMessageId": "b3b9d9ae-006c-49a8-9148-56bd2bcfa508",
          "nodeType": "BotMessageNode",
          "id": "8a04682a-3034-4b6a-b5af-690bfc16e152",
          "defaultTargetNodeId": "44d42ebf-e8b1-49f9-9e5b-28ab9e0c3694"
        }
      ],
      "dialogChangeNodes": [
        {
          "targetDialogId": "new_topic_e2d1671328b941dbb60fa7150059b1ee_aeabea4d071f415c8c107e1cb7af5424_assumedsuccess",
          "nodeType": "DialogChangeNode",
          "id": "d328433c-0dcf-4667-89b7-dd9e208fcab4"
        }
      ],
      "id": "new_topic_4901ac23f09f4a54b75f881ba268d8fb",
      "displayName": "Dialog for 在Teams會議中共用內容",
      "createdTime": "2021-11-17T12:09:00.6306885Z",
      "updatedTime": "2021-11-17T12:34:45.2443116Z",
      "createdUserId": "9c968d43-f7c2-4e28-895c-1f6bcefcd8be",
      "updatedUserId": "9c968d43-f7c2-4e28-895c-1f6bcefcd8be"
    }
  ],
  "botMessages": [
    {
      "channelContent": {
        "web": {
          "contentFormat": "Markdown",
          "content": "您可以在會議中，使用不同裝置分享顯示您的桌面、特定應用程式、白板或簡報內容。\n\n[如何在 Teams 會議中共用內容](https://support.microsoft.com/zh-tw/office/%E5%9C%A8-teams-%E6%9C%83%E8%AD%B0%E4%B8%AD%E5%85%B1%E7%94%A8%E5%85%A7%E5%AE%B9-fcc2bf59-aecd-4481-8f99-ce55dd836ce8)  \n  \n可以共用的項目有：\n\n*   **\\[螢幕\\]** 可讓您顯示螢幕上的所有內容。\n*   [**\\[PowerPoint Live\\]**](https://support.microsoft.com/zh-tw/office/%E5%9C%A8powerpoint%E4%B8%AD%E5%85%B1%E7%94%A8teams%E5%B9%BB%E7%87%88%E7%89%87-fc5a5394-2159-419c-bc59-1f64c1f4e470) 可讓您共用　PowerPoint 簡報。\n*   [**\\[Microsoft Whiteboard\\]**](https://support.microsoft.com/zh-hk/office/%E4%BD%BF%E7%94%A8-microsoft-teams-%E4%B8%AD%E7%9A%84%E7%99%BD%E6%9D%BF-7a6e7218-e9dc-4ccc-89aa-b1a0bb9c31ee) 讓您共用白板讓參與者可以一起繪圖。\n*   **\\[Window\\]** 讓您共用開啟的視窗，例如您開啟的特定應用程式。\n\n選取 **\\[停止共用\\]** 即可停止顯示螢幕。"
        }
      },
      "id": "57e79723-0b8d-4552-a630-1c593f3d1ced",
      "createdTime": "2021-11-17T12:09:00.6306885Z",
      "updatedTime": "2021-11-17T12:09:00.6306885Z",
      "createdUserId": "9c968d43-f7c2-4e28-895c-1f6bcefcd8be",
      "updatedUserId": "9c968d43-f7c2-4e28-895c-1f6bcefcd8be"
    },
    {
      "channelContent": {
        "web": {
          "contentFormat": "Markdown",
          "content": "更多資訊:\n\n*   [使用簡報者模式與觀眾互動](https://support.microsoft.com/zh-tw/office/%E4%BD%BF%E7%94%A8%E7%B0%A1%E5%A0%B1%E8%80%85%E6%A8%A1%E5%BC%8F%E8%88%87%E8%A7%80%E7%9C%BE%E4%BA%92%E5%8B%95-a3599bcb-bb35-4e9c-8dbb-72775eb91e04) \n*   [在 Teams 會議中使用即時字幕](https://support.microsoft.com/zh-tw/office/%E5%9C%A8-teams-%E6%9C%83%E8%AD%B0%E4%B8%AD%E4%BD%BF%E7%94%A8%E5%8D%B3%E6%99%82%E5%AD%97%E5%B9%95-4be2d304-f675-4b57-8347-cbd000a21260)"
        }
      },
      "id": "3dcd36ea-2338-44a3-aaa2-73761197644c",
      "createdTime": "2021-11-17T12:25:11.092Z",
      "updatedTime": "2021-11-17T12:25:11.092Z",
      "createdUserId": "user-0",
      "updatedUserId": "user-0"
    },
    {
      "channelContent": {
        "web": {
          "contentFormat": "Markdown",
          "content": "如果您要共用您的電腦音訊, 請在分享時勾選 **包含電腦音效**\n\n[在會議中分享您電腦音效](https://support.microsoft.com/zh-tw/office/%E5%9C%A8%E6%9C%83%E8%AD%B0%E6%88%96%E5%8D%B3%E6%99%82%E6%B4%BB%E5%8B%95%E4%B8%ADteams%E6%82%A8%E9%9B%BB%E8%85%A6%E7%9A%84%E8%81%B2%E9%9F%B3-dddede9f-e3d0-4330-873a-fa061a0d8e3b)"
        }
      },
      "id": "b3b9d9ae-006c-49a8-9148-56bd2bcfa508",
      "createdTime": "2021-11-17T12:33:40.588Z",
      "updatedTime": "2021-11-17T12:33:40.588Z",
      "createdUserId": "user-0",
      "updatedUserId": "user-0"
    }
  ]
}