{
  "intents": [
    {
      "endUserOverrideName": "Teams 線上學習",
      "triggerQueries": [
        "我想學習更多Teams的功能",
        "我想了解更多Teams的功能",
        "Teams 線上學習",
        "videos about teams",
        "Find video training on Microsoft Teams?",
        "I want to learn more about Teams",
        "online training about Teams",
        "digital training",
        "training about Teams",
        "How can I take advantage of online training about Teams?",
        "Is there any training about Teams?",
        "digital training about Teams?",
        "Where can I find videos about Microsoft Teams?",
        "See videos about Features in Teams",
        "See videos about Teams",
        "Team's online training?",
        "Where can I find digital training on Teams?",
        "Microsoft Teams 的影片學習",
        "關於 Teams 的影片",
        "想在 Microsoft Teams 上找到影片教學嗎?",
        "我想學習更多關於 Teams 的內容",
        "關於 Teams 的線上教學",
        "數位教學",
        "關於 Teams 的教學",
        "我要如何善用關於 Teams 的線上教學?",
        "有任何關於 Teams 的教學嗎?",
        "關於 Teams 的數位教學",
        "我從哪裡可以找到關於 Teams 的影片?",
        "觀看關於 Teams 特色的影片",
        "觀看關於 Teams 的影片",
        "Teams 的線上教學?",
        "我從 Teams 的哪裡可以找到數位教學?"
      ],
      "dialogId": "new_topic_ad2e932bb88c4367ac95929ac6cae404",
      "isTriggeringEnabled": true,
      "id": "new_topic_ad2e932bb88c4367ac95929ac6cae404",
      "displayName": "Teams線上學習資源",
      "description": "https://adoptbotv2kb.blob.core.windows.net/%24web/AdoptBot2021-Chinese.docx",
      "createdTime": "2021-11-17T03:57:24.4213708Z",
      "updatedTime": "2021-11-17T13:38:25.7997141Z",
      "createdUserId": "9c968d43-f7c2-4e28-895c-1f6bcefcd8be",
      "updatedUserId": "9c968d43-f7c2-4e28-895c-1f6bcefcd8be"
    }
  ],
  "dialogs": [
    {
      "rootNodeId": "e0d67038-2e48-42e5-9932-a225df1dff0d",
      "messageNodes": [
        {
          "botMessageId": "8ee61c78-d2f4-4877-97c9-e6042fa40675",
          "nodeType": "BotMessageNode",
          "id": "e0d67038-2e48-42e5-9932-a225df1dff0d",
          "defaultTargetNodeId": "fd17ad99-9bff-4a41-a700-17d3ddaa0477"
        }
      ],
      "dialogChangeNodes": [
        {
          "targetDialogId": "new_topic_e2d1671328b941dbb60fa7150059b1ee_aeabea4d071f415c8c107e1cb7af5424_assumedsuccess",
          "nodeType": "DialogChangeNode",
          "id": "fd17ad99-9bff-4a41-a700-17d3ddaa0477"
        }
      ],
      "id": "new_topic_ad2e932bb88c4367ac95929ac6cae404",
      "displayName": "Dialog for 我從 Teams 的哪裡可以找到數位教學?",
      "createdTime": "2021-11-17T03:57:24.4213708Z",
      "updatedTime": "2021-11-17T13:38:25.7997141Z",
      "createdUserId": "9c968d43-f7c2-4e28-895c-1f6bcefcd8be",
      "updatedUserId": "9c968d43-f7c2-4e28-895c-1f6bcefcd8be"
    }
  ],
  "botMessages": [
    {
      "channelContent": {
        "web": {
          "contentFormat": "Markdown",
          "content": "hi, {7bd4f62b-7262-40bc-8c63-8c540568cf6c}\n\n您能夠善用以下資源來取得更多Teams知識喔~ \n\n[Video Training for Microsoft Teams](https://support.microsoft.com/zh-tw/office/microsoft-teams-video-training-4f108e54-240b-4351-8084-b1089f0d21d7?ui=en-US&rs=en-US&ad=US)"
        }
      },
      "id": "8ee61c78-d2f4-4877-97c9-e6042fa40675",
      "createdTime": "2021-11-17T03:57:24.4213708Z",
      "updatedTime": "2021-11-17T03:57:24.4213708Z",
      "createdUserId": "9c968d43-f7c2-4e28-895c-1f6bcefcd8be",
      "updatedUserId": "9c968d43-f7c2-4e28-895c-1f6bcefcd8be"
    }
  ]
}