{
  "intents": [
    {
      "endUserOverrideName": "Wie nutze ich Breakout-Räume?",
      "triggerQueries": [
        "kleine Gruppen",
        "Wie kann ich die Teilnehmer in kleine Gruppen aufteilen?",
        "wie erzeuge ich breakout rooms?",
        "wie erzeuge ich kleine räume?",
        "wie lege ich breakout rooms an?",
        "breakout sessions",
        "Ich mächte breakout rooms vor dem meeting erstellen",
        "Das Meeting in kleine Räume aufteilen",
        "Wie verwende ich Pausenräume?",
        "Wie verwende ich Breakout Rooms?",
        "smaller rooms",
        "Breakoout room",
        "Pausenraum"
      ],
      "dialogId": "new_topic_3d7f4ff69fc24ff7ab6fd6fa692b6fa5",
      "isTriggeringEnabled": true,
      "id": "new_topic_3d7f4ff69fc24ff7ab6fd6fa692b6fa5",
      "displayName": "Wie nutze ich Breakout-Räume?",
      "description": "https://adoptbotv2kb.blob.core.windows.net/%24web/AdoptBot2021-English.docx",
      "createdTime": "2021-04-18T20:01:35.9945703Z",
      "updatedTime": "2021-04-18T20:01:35.9945703Z",
      "createdUserId": "86360cd1-faa6-4d16-8a0c-ba3116c8a977"
    }
  ],
  "dialogs": [
    {
      "rootNodeId": "5ea701d5-36d4-44ae-8f79-58b933f4884d",
      "messageNodes": [
        {
          "botMessageId": "9febddbf-2900-4289-9720-8ac20ab8c94b",
          "nodeType": "BotMessageNode",
          "id": "5ea701d5-36d4-44ae-8f79-58b933f4884d",
          "defaultTargetNodeId": "63853813-eef1-44f6-a99a-2576eb134e5e"
        }
      ],
      "dialogChangeNodes": [
        {
          "targetDialogId": "new_topic_30867099f4b543d3b8543a85c22c3418_aeabea4d071f415c8c107e1cb7af5424_assumedsuccess",
          "nodeType": "DialogChangeNode",
          "id": "63853813-eef1-44f6-a99a-2576eb134e5e"
        }
      ],
      "id": "new_topic_3d7f4ff69fc24ff7ab6fd6fa692b6fa5",
      "displayName": "Dialog for Wie nutze ich Breakout-Räume?",
      "createdTime": "2021-04-18T20:01:35.9945703Z",
      "updatedTime": "2021-04-18T20:02:22.4171208Z",
      "createdUserId": "86360cd1-faa6-4d16-8a0c-ba3116c8a977",
      "updatedUserId": "86360cd1-faa6-4d16-8a0c-ba3116c8a977"
    }
  ],
  "botMessages": [
    {
      "channelContent": {
        "web": {
          "contentFormat": "Markdown",
          "content": "Breakout-Räume sind in vielen Meeting-Szenarien hilfreich.\n\n[In diesem Evergreen-Leitfaden erfahren Sie, wie Sie Breakout-Räume in Teams nutzen können.](https://support.microsoft.com/de-de/office/verwenden-von-pausenr%c3%a4umen-in-teambesprechungen-7de1f48a-da07-466c-a5ab-4ebace28e461?ui=de-DE&rs=de-DE&ad=DE)"
        }
      },
      "id": "9febddbf-2900-4289-9720-8ac20ab8c94b",
      "createdTime": "2021-04-18T20:01:35.9945703Z",
      "updatedTime": "2021-04-18T20:01:35.9945703Z",
      "createdUserId": "86360cd1-faa6-4d16-8a0c-ba3116c8a977",
      "updatedUserId": "86360cd1-faa6-4d16-8a0c-ba3116c8a977"
    }
  ]
}