{
  "intents": [
    {
      "endUserOverrideName": "Planer und Aufgaben (Aufgaben-App in Teams)",
      "triggerQueries": [
        "Kann ich Planner in Teams verwenden?",
        "Einsatzplaner im Team?",
        "Verteilen von Aufgaben im Planer",
        "Zugriff auf unseren Planer über Teams",
        "Arbeiten mit Planer in Teams",
        "unseren Planer in Teams zu verlagern",
        "Ich möchte Planner verwenden",
        "Planer in Teams?",
        "Planungstools für Gruppen",
        "Aufgaben nach Planer und Aufgaben",
        "Aufgaben-App in Microsoft Teams",
        "Wie sind Planer und Aufgaben in Teams verbunden?",
        "Aufgaben-App für Planer und Aufgaben",
        "Erläutern der Aufgaben-App in Teams"
      ],
      "dialogId": "new_topic_cc38f75c4e2f44fa8b436c7b34ec2418",
      "isTriggeringEnabled": true,
      "id": "new_topic_cc38f75c4e2f44fa8b436c7b34ec2418",
      "displayName": "Kann ich Planner in Teams verwenden?",
      "description": "",
      "createdTime": "2021-04-19T07:16:10.5386506Z",
      "updatedTime": "2021-04-19T07:16:10.5386506Z",
      "createdUserId": "d4c65e50-fb5c-4311-830a-05b59a11dd48"
    }
  ],
  "dialogs": [
    {
      "rootNodeId": "fc7cb203-e054-4c8f-9d34-601cd616f100",
      "messageNodes": [
        {
          "botMessageId": "6522c696-bd28-4a9c-a0b1-3e0fa5f5fd43",
          "nodeType": "BotMessageNode",
          "id": "fc7cb203-e054-4c8f-9d34-601cd616f100",
          "defaultTargetNodeId": "af0d8967-4fa1-4c2b-9ab5-2dd670ed0132"
        },
        {
          "botMessageId": "d196eff0-cf5d-4dcf-8a63-7a5ff41c2dcb",
          "nodeType": "BotMessageNode",
          "id": "af0d8967-4fa1-4c2b-9ab5-2dd670ed0132",
          "defaultTargetNodeId": "f3d8aa5e-6872-4a04-b3f4-96d209a2b966"
        },
        {
          "botMessageId": "6345fad3-89d5-43e8-8dba-f07b3e7eeac4",
          "nodeType": "BotMessageNode",
          "id": "f3d8aa5e-6872-4a04-b3f4-96d209a2b966",
          "defaultTargetNodeId": "adaf4c0c-b0b2-4aee-abc2-f8274e559131"
        },
        {
          "botMessageId": "e9bfe389-a882-4921-bf7b-94b0d93aa5f3",
          "nodeType": "BotMessageNode",
          "id": "adaf4c0c-b0b2-4aee-abc2-f8274e559131",
          "defaultTargetNodeId": "563f457e-af1c-4aca-a57e-b374272513cd"
        }
      ],
      "dialogChangeNodes": [
        {
          "targetDialogId": "new_topic_30867099f4b543d3b8543a85c22c3418_aeabea4d071f415c8c107e1cb7af5424_assumedsuccess",
          "nodeType": "DialogChangeNode",
          "id": "563f457e-af1c-4aca-a57e-b374272513cd"
        }
      ],
      "id": "new_topic_cc38f75c4e2f44fa8b436c7b34ec2418",
      "displayName": "Dialog for Kann ich Planner in Teams verwenden?",
      "createdTime": "2021-04-19T07:16:10.5386506Z",
      "updatedTime": "2021-04-19T07:20:24.7417877Z",
      "createdUserId": "d4c65e50-fb5c-4311-830a-05b59a11dd48",
      "updatedUserId": "d4c65e50-fb5c-4311-830a-05b59a11dd48"
    }
  ],
  "botMessages": [
    {
      "channelContent": {
        "web": {
          "contentFormat": "Markdown",
          "content": "Gute Nachrichten für Fans von Organisation und Zusammenarbeit. Teams, Planer und To Do gehen Hand in Hand! In diesem Handbuch finden Sie die neuesten Updates:\n\n[Verwenden der Tasks-App in Teams (microsoft.com)](https://support.microsoft.com/de-de/office/use-the-tasks-app-in-teams-e32639f3-2e07-4b62-9a8c-fd706c12c070)"
        }
      },
      "id": "6522c696-bd28-4a9c-a0b1-3e0fa5f5fd43",
      "createdTime": "2021-04-19T07:16:10.5386506Z",
      "updatedTime": "2021-04-19T07:16:10.5386506Z",
      "createdUserId": "d4c65e50-fb5c-4311-830a-05b59a11dd48",
      "updatedUserId": "d4c65e50-fb5c-4311-830a-05b59a11dd48"
    },
    {
      "channelContent": {
        "web": {
          "contentFormat": "Markdown",
          "content": "Um sie zusammen zu verwenden, fügen Sie Teams eine Registerkarte Planer (Aufgaben) hinzu. Klicken Sie einfach auf Eine Registerkarte neben Ihren Registerkarten am oberen Rand eines Kanals hinzufügen."
        }
      },
      "id": "d196eff0-cf5d-4dcf-8a63-7a5ff41c2dcb",
      "createdTime": "2021-04-19T07:16:17.208Z",
      "updatedTime": "2021-04-19T07:16:17.208Z",
      "createdUserId": "user-0",
      "updatedUserId": "user-0"
    },
    {
      "channelContent": {
        "web": {
          "contentFormat": "Markdown",
          "content": "Wählen Sie Planer (Aufgaben) aus, und führen Sie dann eine der folgenden Schritte aus:\n\n*   Klicken Sie auf Einen neuen Plan erstellen, und geben Sie einen Namen für das neue Planer-Board ein.\n*   Klicken Sie auf Einen vorhandenen Plan verwenden, und wählen Sie im Menü eine vorhandene Planerkarte aus."
        }
      },
      "id": "6345fad3-89d5-43e8-8dba-f07b3e7eeac4",
      "createdTime": "2021-04-19T07:16:19.796Z",
      "updatedTime": "2021-04-19T07:16:19.796Z",
      "createdUserId": "user-0",
      "updatedUserId": "user-0"
    },
    {
      "channelContent": {
        "web": {
          "contentFormat": "Markdown",
          "content": "Wenn Sie näher in die Details zum Verwalten Ihrer Planer Aufgaben in Teams in der Aufgaben-App eintauchen möchten, erfahren Sie hier, wie Sie [Planner in Microsoft Teams verwenden](https://support.microsoft.com/de-de/office/anv%C3%A4nda-planner-i-microsoft-teams-62798a9f-e8f7-4722-a700-27dd28a06ee0)."
        }
      },
      "id": "e9bfe389-a882-4921-bf7b-94b0d93aa5f3",
      "createdTime": "2021-04-19T07:16:22.242Z",
      "updatedTime": "2021-04-19T07:16:22.242Z",
      "createdUserId": "user-0",
      "updatedUserId": "user-0"
    }
  ],
  "createdUtc": "0001-01-01T00:00:00Z"
}