{
  "intents": [
    {
      "endUserOverrideName": "Mentionner un canal",
      "triggerQueries": [
        "Notifier tout le monde dans un canal (@mentionner un canal)",
        "Comment puis-je @ un canal ?",
        "Comment puis-je informer tout le monde dans un canal ?",
        "Comment puis-je mentionner tout le monde sur un seul canal?",
        "Comment puis-je @mentionner un canal?"
      ],
      "dialogId": "new_topic_213a612b7b7648068781dbfcb1ccdd90",
      "isTriggeringEnabled": true,
      "id": "new_topic_213a612b7b7648068781dbfcb1ccdd90",
      "displayName": "Comment @mentionner un canal?",
      "description": "",
      "createdTime": "2021-01-13T22:20:51.2381463Z",
      "updatedTime": "2021-05-24T23:11:15.9052411Z",
      "createdUserId": "f04d3cd9-b73d-4ba9-a1ed-9319eba29b21",
      "updatedUserId": "a2c4aa2c-d830-41eb-bcf4-467a2c7e1279"
    }
  ],
  "dialogs": [
    {
      "rootNodeId": "c9666905-4d7f-4a94-aacc-d48f7b9d204f",
      "messageNodes": [
        {
          "botMessageId": "9a59d111-3316-4e70-9d9f-dc6fea0e91bb",
          "nodeType": "BotMessageNode",
          "id": "c9666905-4d7f-4a94-aacc-d48f7b9d204f",
          "defaultTargetNodeId": "071f7a17-93c3-480b-a39d-d4bcbc67df44"
        },
        {
          "botMessageId": "8c28d2f1-019c-4be6-a2d1-4debffaa45db",
          "nodeType": "BotMessageNode",
          "id": "071f7a17-93c3-480b-a39d-d4bcbc67df44",
          "defaultTargetNodeId": "a63a1de1-fe32-4631-9357-335a78b27ae4"
        },
        {
          "botMessageId": "3eced1b2-d96b-4f9e-b698-9c47cad4cb12",
          "nodeType": "BotMessageNode",
          "id": "a63a1de1-fe32-4631-9357-335a78b27ae4",
          "defaultTargetNodeId": "c8c8a70f-73fc-4979-90d4-f62e0e838a0f"
        }
      ],
      "dialogChangeNodes": [
        {
          "targetDialogId": "new_topic_eac3f49c99664313a9d9dc19d80a79a2_aeabea4d071f415c8c107e1cb7af5424_assumedsuccess",
          "nodeType": "DialogChangeNode",
          "id": "c8c8a70f-73fc-4979-90d4-f62e0e838a0f"
        }
      ],
      "id": "new_topic_213a612b7b7648068781dbfcb1ccdd90",
      "displayName": "Dialog for How do I @mention a channel?",
      "createdTime": "2021-01-13T22:20:51.2381463Z",
      "updatedTime": "2021-05-24T12:32:17.2582646Z",
      "createdUserId": "f04d3cd9-b73d-4ba9-a1ed-9319eba29b21",
      "updatedUserId": "75392dcd-00bb-4588-89e9-c55bcbe40ccb"
    }
  ],
  "botMessages": [
    {
      "channelContent": {
        "web": {
          "contentFormat": "Markdown",
          "content": "Pour [attirer l’attention d’une personne](https://support.microsoft.com/fr-fr/office/utiliser-des-mentions-pour-attirer-l-attention-d-une-personne-dans-microsoft-teams-eb4f059d-320e-454e-b111-03361d4d6855?ui=fr-FR&rs=fr-FR&ad=FR) dans une conversation de canal ou une discussion, @mentionnez-la. Tapez simplement **@** avant son nom, puis sélectionnez-la dans le menu qui s’affiche."
        }
      },
      "id": "9a59d111-3316-4e70-9d9f-dc6fea0e91bb",
      "createdTime": "2021-01-27T22:45:12.907Z",
      "updatedTime": "2021-01-27T22:45:12.907Z",
      "createdUserId": "user-0",
      "updatedUserId": "user-0"
    },
    {
      "channelContent": {
        "web": {
          "contentFormat": "Markdown",
          "content": "Par @canal, tous les membres de l'équipe reçoivent une notification.\n\n[Six choses à savoir sur les notifications](https://support.microsoft.com/fr-fr/office/six-choses-%c3%a0-savoir-sur-les-notifications-abb62c60-3d15-4968-b86a-42fea9c22cf4?ui=fr-FR&rs=fr-FR&ad=FR)"
        }
      },
      "id": "8c28d2f1-019c-4be6-a2d1-4debffaa45db",
      "createdTime": "2021-01-27T22:45:15.062Z",
      "updatedTime": "2021-01-27T22:45:15.062Z",
      "createdUserId": "user-0",
      "updatedUserId": "user-0"
    },
    {
      "channelContent": {
        "web": {
          "contentFormat": "Markdown",
          "content": "💡 **Astuce :** _Utilisez cette option avec précaution dans de grandes équipes, car c'est comme utiliser «répondre à tous» dans les e-mails._"
        }
      },
      "id": "3eced1b2-d96b-4f9e-b698-9c47cad4cb12",
      "createdTime": "2021-01-27T22:47:21.876Z",
      "updatedTime": "2021-01-27T22:47:21.876Z",
      "createdUserId": "user-0",
      "updatedUserId": "user-0"
    }
  ],
  "createdUtc": "0001-01-01T00:00:00Z"
}