{
  "intents": [
    {
      "endUserOverrideName": "Ankündigungen\n(toll aussehende Beiträge)",
      "triggerQueries": [
        "Was sind ankündigungen?",
        "grafiken in einer ankündigung",
        "Wie erstelle ich gut aussehende Ankündigungen?",
        "Wie erstelle ich gut aussehende Posts?",
        "Ankündigung erstellen",
        "Ankündigung designen",
        "Hintergrundbild für Nachricht",
        "Ich habe Posts mit Bildern gesehen - wie geht das?",
        "schöne posts erstellen",
        "grafiken im post",
        "visuelle posts",
        "Wie poste ich mit Bildern im Titel",
        "Beiträge mit Hintergrund erstellen",
        "Posts mit Hintergrund erstellen",
        "Posts mit Wallpaper",
        "Posts mit Hintergrundbild?",
        "Wie erstelle ich schöne Posts?"
      ],
      "dialogId": "new_topic_911b3637600245e2904c651e49dd70ad",
      "isTriggeringEnabled": true,
      "id": "new_topic_911b3637600245e2904c651e49dd70ad",
      "displayName": "Wie erstelle ich gut aussehende Posts?",
      "description": "https://adoptbotv2kb.blob.core.windows.net/%24web/AdoptBot2021-English.docx",
      "createdTime": "2021-04-19T10:15:43.6012489Z",
      "updatedTime": "2021-04-22T06:25:41.313209Z",
      "createdUserId": "86360cd1-faa6-4d16-8a0c-ba3116c8a977",
      "updatedUserId": "86360cd1-faa6-4d16-8a0c-ba3116c8a977"
    }
  ],
  "dialogs": [
    {
      "rootNodeId": "0fc2bbc3-29a5-4aaf-9c85-51d9a1d081b7",
      "messageNodes": [
        {
          "botMessageId": "11590fc3-4973-4037-b864-b18a9d24d7d0",
          "nodeType": "BotMessageNode",
          "id": "0fc2bbc3-29a5-4aaf-9c85-51d9a1d081b7",
          "defaultTargetNodeId": "26a0834e-5574-4160-8e14-dba784b53502"
        },
        {
          "botMessageId": "2aef3b5f-22b3-4611-9638-36f74a790cb0",
          "nodeType": "BotMessageNode",
          "id": "26a0834e-5574-4160-8e14-dba784b53502",
          "defaultTargetNodeId": "ce803ccb-01dd-4f6a-857c-7a62aa7c6d18"
        },
        {
          "botMessageId": "3c001cb8-e202-4f7e-9b2f-8e285c0a4dc0",
          "nodeType": "BotMessageNode",
          "id": "ce803ccb-01dd-4f6a-857c-7a62aa7c6d18",
          "defaultTargetNodeId": "db2f104a-c34c-476c-88ec-c7c1e7364125"
        },
        {
          "botMessageId": "9c6e8cf4-72b8-43d1-bea5-dd4b25ff84a9",
          "nodeType": "BotMessageNode",
          "id": "db2f104a-c34c-476c-88ec-c7c1e7364125",
          "defaultTargetNodeId": "4a6a26f7-5284-4194-b191-a421c8f7140d"
        }
      ],
      "dialogChangeNodes": [
        {
          "targetDialogId": "new_topic_30867099f4b543d3b8543a85c22c3418_aeabea4d071f415c8c107e1cb7af5424_assumedsuccess",
          "nodeType": "DialogChangeNode",
          "id": "4a6a26f7-5284-4194-b191-a421c8f7140d"
        }
      ],
      "id": "new_topic_911b3637600245e2904c651e49dd70ad",
      "displayName": "Dialog for Wie erstelle ich gut aussehende Posts?",
      "createdTime": "2021-04-19T10:15:43.6012489Z",
      "updatedTime": "2021-04-19T10:18:03.3203449Z",
      "createdUserId": "86360cd1-faa6-4d16-8a0c-ba3116c8a977",
      "updatedUserId": "86360cd1-faa6-4d16-8a0c-ba3116c8a977"
    }
  ],
  "botMessages": [
    {
      "channelContent": {
        "web": {
          "contentFormat": "Markdown",
          "content": "Sie können Bilder, Emojis 🙂 , animierte GIFs, Sticker und mehr zu einem Beitrag hinzufügen.\n\nSie können auch einen Titel verwenden, um Ihren Beitrag hervorzuheben."
        }
      },
      "id": "11590fc3-4973-4037-b864-b18a9d24d7d0",
      "createdTime": "2021-04-19T10:15:43.6012489Z",
      "updatedTime": "2021-04-19T10:15:43.6012489Z",
      "createdUserId": "86360cd1-faa6-4d16-8a0c-ba3116c8a977",
      "updatedUserId": "86360cd1-faa6-4d16-8a0c-ba3116c8a977"
    },
    {
      "channelContent": {
        "web": {
          "contentFormat": "Markdown",
          "content": "Was Sie jedoch für großartig aussehende Beiträge wirklich verwenden sollten, ist eine \"**Ankündigung**\"."
        }
      },
      "id": "2aef3b5f-22b3-4611-9638-36f74a790cb0",
      "createdTime": "2021-04-19T10:16:07.074Z",
      "updatedTime": "2021-04-19T10:16:07.074Z",
      "createdUserId": "user-0",
      "updatedUserId": "user-0"
    },
    {
      "channelContent": {
        "web": {
          "contentFormat": "Markdown",
          "content": "Um eine Ankündigung zu erstellen, wählen Sie die Formatierungsschaltfläche (sieht aus wie ein A mit einem Stift).\n\nKlicken Sie in der Dropdown-Liste oben links auf **Neue Unterhaltung** und ändern Sie in **Ankündigung**."
        }
      },
      "id": "3c001cb8-e202-4f7e-9b2f-8e285c0a4dc0",
      "createdTime": "2021-04-19T10:17:04.142Z",
      "updatedTime": "2021-04-19T10:17:04.142Z",
      "createdUserId": "user-0",
      "updatedUserId": "user-0"
    },
    {
      "channelContent": {
        "web": {
          "contentFormat": "Markdown",
          "content": "💡 **Tipp**: Wählen Sie ein Hintergrundbild für eine noch größere Wirkung 🚀."
        }
      },
      "id": "9c6e8cf4-72b8-43d1-bea5-dd4b25ff84a9",
      "createdTime": "2021-04-19T10:17:44.531Z",
      "updatedTime": "2021-04-19T10:17:44.531Z",
      "createdUserId": "user-0",
      "updatedUserId": "user-0"
    }
  ],
  "createdUtc": "0001-01-01T00:00:00Z"
}