<botcomponent_workflowset>
  <botcomponent_workflow workflowid.workflowid="da63e765-5991-eb11-b1ac-000d3ac2903b" botcomponentid.schemaname="new_topic_9d295c394a47419da3b4d205b7ed4c20_ba7b967c97ba4c39bca58a8bb6a72d59_conversationstart">
    <iscustomizable>1</iscustomizable>
  </botcomponent_workflow>
  <botcomponent_workflow workflowid.workflowid="12a8dda4-c78b-eb11-b1ac-000d3a4cdb28" botcomponentid.schemaname="new_topic_85015ecdb02f408c90ed449630b5cbc6">
    <iscustomizable>1</iscustomizable>
  </botcomponent_workflow>
  <botcomponent_workflow workflowid.workflowid="bcf829f3-5691-eb11-b1ac-000d3ac2903b" botcomponentid.schemaname="new_topic_9d295c394a47419da3b4d205b7ed4c20_954135cafcd647eaae5999ad91fc08cf_talktoagent">
    <iscustomizable>1</iscustomizable>
  </botcomponent_workflow>
</botcomponent_workflowset>