<botcomponent_botcomponentset>
  <botcomponent_botcomponent botcomponentidtwo.schemaname="new_topic_9d295c394a47419da3b4d205b7ed4c20_aeabea4d071f415c8c107e1cb7af5424_assumedsuccess" botcomponentidone.schemaname="new_topic_943069dbb3034c6f9283dc603cb2b985">
    <iscustomizable>1</iscustomizable>
  </botcomponent_botcomponent>
  <botcomponent_botcomponent botcomponentidtwo.schemaname="new_topic_3f3e859dfbdb41bbaf2926384fdf0e46" botcomponentidone.schemaname="new_topic_c14f42a51ed549b0b978b08dcf42e6e3">
    <iscustomizable>1</iscustomizable>
  </botcomponent_botcomponent>
  <botcomponent_botcomponent botcomponentidtwo.schemaname="new_topic_9d295c394a47419da3b4d205b7ed4c20_aeabea4d071f415c8c107e1cb7af5424_assumedsuccess" botcomponentidone.schemaname="new_topic_8d95513a11e04b4fadb5c71af1df2fb6">
    <iscustomizable>1</iscustomizable>
  </botcomponent_botcomponent>
  <botcomponent_botcomponent botcomponentidtwo.schemaname="new_topic_9d295c394a47419da3b4d205b7ed4c20_aeabea4d071f415c8c107e1cb7af5424_assumedsuccess" botcomponentidone.schemaname="new_topic_12dd555da4264b30b699ef2c35f0e0ed">
    <iscustomizable>1</iscustomizable>
  </botcomponent_botcomponent>
  <botcomponent_botcomponent botcomponentidone.schemaname="new_topic_823f9edab20042ccb0510f5b1c166227" botcomponentidtwo.schemaname="new_topic_9d295c394a47419da3b4d205b7ed4c20_aeabea4d071f415c8c107e1cb7af5424_assumedsuccess">
    <iscustomizable>1</iscustomizable>
  </botcomponent_botcomponent>
  <botcomponent_botcomponent botcomponentidone.schemaname="new_topic_53d4d7b0ab2d42c988128e03231b87a4" botcomponentidtwo.schemaname="new_topic_9d295c394a47419da3b4d205b7ed4c20_aeabea4d071f415c8c107e1cb7af5424_assumedsuccess">
    <iscustomizable>1</iscustomizable>
  </botcomponent_botcomponent>
  <botcomponent_botcomponent botcomponentidtwo.schemaname="new_topic_9d295c394a47419da3b4d205b7ed4c20_aeabea4d071f415c8c107e1cb7af5424_assumedsuccess" botcomponentidone.schemaname="new_topic_54f3e3126a4f4aeea5b2d817082d0b19">
    <iscustomizable>1</iscustomizable>
  </botcomponent_botcomponent>
  <botcomponent_botcomponent botcomponentidtwo.schemaname="new_topic_3766a19a2bca431eb1dc7c3159eba059" botcomponentidone.schemaname="new_topic_bc6d1d266f7a41f5ae96f408dd3323e5">
    <iscustomizable>1</iscustomizable>
  </botcomponent_botcomponent>
  <botcomponent_botcomponent botcomponentidone.schemaname="new_topic_bc6d1d266f7a41f5ae96f408dd3323e5" botcomponentidtwo.schemaname="new_topic_f925eb1087734239be1a42153dc75341">
    <iscustomizable>1</iscustomizable>
  </botcomponent_botcomponent>
  <botcomponent_botcomponent botcomponentidone.schemaname="new_topic_6d1f0708da364380a56ab9e8f00d44ef" botcomponentidtwo.schemaname="new_topic_9d295c394a47419da3b4d205b7ed4c20_aeabea4d071f415c8c107e1cb7af5424_assumedsuccess">
    <iscustomizable>1</iscustomizable>
  </botcomponent_botcomponent>
  <botcomponent_botcomponent botcomponentidtwo.schemaname="new_topic_9d295c394a47419da3b4d205b7ed4c20_aeabea4d071f415c8c107e1cb7af5424_assumedsuccess" botcomponentidone.schemaname="new_topic_1c4e6416fefc4cc49ec6658ee3525887">
    <iscustomizable>1</iscustomizable>
  </botcomponent_botcomponent>
  <botcomponent_botcomponent botcomponentidtwo.schemaname="new_topic_9d295c394a47419da3b4d205b7ed4c20_aeabea4d071f415c8c107e1cb7af5424_assumedsuccess" botcomponentidone.schemaname="new_topic_4a32de59e7f5456a884a3b97eb241c13">
    <iscustomizable>1</iscustomizable>
  </botcomponent_botcomponent>
  <botcomponent_botcomponent botcomponentidone.schemaname="new_topic_e96929f4b60b443fbedf8132caed14ff" botcomponentidtwo.schemaname="new_topic_9d295c394a47419da3b4d205b7ed4c20_aeabea4d071f415c8c107e1cb7af5424_assumedsuccess">
    <iscustomizable>1</iscustomizable>
  </botcomponent_botcomponent>
  <botcomponent_botcomponent botcomponentidone.schemaname="new_topic_90bff74dbb954de497f1666647f2ac73" botcomponentidtwo.schemaname="new_topic_9d295c394a47419da3b4d205b7ed4c20_aeabea4d071f415c8c107e1cb7af5424_assumedsuccess">
    <iscustomizable>1</iscustomizable>
  </botcomponent_botcomponent>
  <botcomponent_botcomponent botcomponentidone.schemaname="new_topic_f15c1926b3124f03ace7b3e8d48bc14f" botcomponentidtwo.schemaname="new_topic_9d295c394a47419da3b4d205b7ed4c20_aeabea4d071f415c8c107e1cb7af5424_assumedsuccess">
    <iscustomizable>1</iscustomizable>
  </botcomponent_botcomponent>
  <botcomponent_botcomponent botcomponentidtwo.schemaname="new_topic_9d295c394a47419da3b4d205b7ed4c20_aeabea4d071f415c8c107e1cb7af5424_assumedsuccess" botcomponentidone.schemaname="new_topic_52af78c2a34f4d069a9cafe533dac47f">
    <iscustomizable>1</iscustomizable>
  </botcomponent_botcomponent>
  <botcomponent_botcomponent botcomponentidone.schemaname="new_topic_ff6f305ab59943708e50f79ff144411a" botcomponentidtwo.schemaname="new_topic_9d295c394a47419da3b4d205b7ed4c20_aeabea4d071f415c8c107e1cb7af5424_assumedsuccess">
    <iscustomizable>1</iscustomizable>
  </botcomponent_botcomponent>
  <botcomponent_botcomponent botcomponentidone.schemaname="new_topic_74d780fc52c348a79d506b6413c43787" botcomponentidtwo.schemaname="new_topic_9d295c394a47419da3b4d205b7ed4c20_aeabea4d071f415c8c107e1cb7af5424_assumedsuccess">
    <iscustomizable>1</iscustomizable>
  </botcomponent_botcomponent>
  <botcomponent_botcomponent botcomponentidtwo.schemaname="new_topic_9d295c394a47419da3b4d205b7ed4c20_aeabea4d071f415c8c107e1cb7af5424_assumedsuccess" botcomponentidone.schemaname="new_topic_10ef6d7caa1f43b5b83669930960e55e">
    <iscustomizable>1</iscustomizable>
  </botcomponent_botcomponent>
  <botcomponent_botcomponent botcomponentidtwo.schemaname="new_topic_9d295c394a47419da3b4d205b7ed4c20_aeabea4d071f415c8c107e1cb7af5424_assumedsuccess" botcomponentidone.schemaname="new_topic_7d15d62e613f43a2b50243857c9a825c">
    <iscustomizable>1</iscustomizable>
  </botcomponent_botcomponent>
  <botcomponent_botcomponent botcomponentidtwo.schemaname="new_topic_9d295c394a47419da3b4d205b7ed4c20_aeabea4d071f415c8c107e1cb7af5424_assumedsuccess" botcomponentidone.schemaname="new_topic_dc487f35f13f42a4bd81f0de5bd51654">
    <iscustomizable>1</iscustomizable>
  </botcomponent_botcomponent>
  <botcomponent_botcomponent botcomponentidone.schemaname="new_topic_d819ceb75c91433ca6570f03ba917a4b" botcomponentidtwo.schemaname="new_topic_9d295c394a47419da3b4d205b7ed4c20_aeabea4d071f415c8c107e1cb7af5424_assumedsuccess">
    <iscustomizable>1</iscustomizable>
  </botcomponent_botcomponent>
  <botcomponent_botcomponent botcomponentidtwo.schemaname="new_topic_9d295c394a47419da3b4d205b7ed4c20_aeabea4d071f415c8c107e1cb7af5424_assumedsuccess" botcomponentidone.schemaname="new_topic_52e6969d1dd947e6afd6a4900750a09e">
    <iscustomizable>1</iscustomizable>
  </botcomponent_botcomponent>
  <botcomponent_botcomponent botcomponentidone.schemaname="new_topic_0e9db1b41f49434ab064bba03dfd85d8" botcomponentidtwo.schemaname="new_topic_9d295c394a47419da3b4d205b7ed4c20_aeabea4d071f415c8c107e1cb7af5424_assumedsuccess">
    <iscustomizable>1</iscustomizable>
  </botcomponent_botcomponent>
  <botcomponent_botcomponent botcomponentidone.schemaname="new_topic_d8486b6c656f4d12bad8d2fafb36d764" botcomponentidtwo.schemaname="new_topic_9d295c394a47419da3b4d205b7ed4c20_aeabea4d071f415c8c107e1cb7af5424_assumedsuccess">
    <iscustomizable>1</iscustomizable>
  </botcomponent_botcomponent>
  <botcomponent_botcomponent botcomponentidone.schemaname="new_topic_4d099165ab7d4cdb9be00aff96baebf1" botcomponentidtwo.schemaname="new_topic_3942e59bd91340c090d3a3322df36203">
    <iscustomizable>1</iscustomizable>
  </botcomponent_botcomponent>
  <botcomponent_botcomponent botcomponentidone.schemaname="new_topic_ebdc00d64c704f29bf95a06d9092476d" botcomponentidtwo.schemaname="new_topic_9d295c394a47419da3b4d205b7ed4c20_aeabea4d071f415c8c107e1cb7af5424_assumedsuccess">
    <iscustomizable>1</iscustomizable>
  </botcomponent_botcomponent>
  <botcomponent_botcomponent botcomponentidone.schemaname="new_topic_bc6d1d266f7a41f5ae96f408dd3323e5" botcomponentidtwo.schemaname="new_topic_53d4d7b0ab2d42c988128e03231b87a4">
    <iscustomizable>1</iscustomizable>
  </botcomponent_botcomponent>
  <botcomponent_botcomponent botcomponentidone.schemaname="new_topic_bc6d1d266f7a41f5ae96f408dd3323e5" botcomponentidtwo.schemaname="new_topic_ff6f305ab59943708e50f79ff144411a">
    <iscustomizable>1</iscustomizable>
  </botcomponent_botcomponent>
  <botcomponent_botcomponent botcomponentidone.schemaname="new_topic_dc9fccb3b8cf4feeb9195eb759e5d36f" botcomponentidtwo.schemaname="new_topic_9d295c394a47419da3b4d205b7ed4c20_aeabea4d071f415c8c107e1cb7af5424_assumedsuccess">
    <iscustomizable>1</iscustomizable>
  </botcomponent_botcomponent>
  <botcomponent_botcomponent botcomponentidtwo.schemaname="new_topic_2af91e92196242f4a5d7740228390a6d" botcomponentidone.schemaname="new_topic_74d780fc52c348a79d506b6413c43787">
    <iscustomizable>1</iscustomizable>
  </botcomponent_botcomponent>
  <botcomponent_botcomponent botcomponentidone.schemaname="new_topic_c08c8174ddc94a038cabdef85c2740fe" botcomponentidtwo.schemaname="new_topic_9d295c394a47419da3b4d205b7ed4c20_aeabea4d071f415c8c107e1cb7af5424_assumedsuccess">
    <iscustomizable>1</iscustomizable>
  </botcomponent_botcomponent>
  <botcomponent_botcomponent botcomponentidtwo.schemaname="new_topic_9d295c394a47419da3b4d205b7ed4c20_aeabea4d071f415c8c107e1cb7af5424_assumedsuccess" botcomponentidone.schemaname="new_topic_cd465a43ad9743c9a9f7459e81dc9ff2">
    <iscustomizable>1</iscustomizable>
  </botcomponent_botcomponent>
  <botcomponent_botcomponent botcomponentidone.schemaname="new_topic_cd465a43ad9743c9a9f7459e81dc9ff2" botcomponentidtwo.schemaname="new_topic_53444e9a5aaf4433ae2fbccee83ed5cd">
    <iscustomizable>1</iscustomizable>
  </botcomponent_botcomponent>
  <botcomponent_botcomponent botcomponentidtwo.schemaname="new_topic_9d295c394a47419da3b4d205b7ed4c20_aeabea4d071f415c8c107e1cb7af5424_assumedsuccess" botcomponentidone.schemaname="new_topic_313ecad8325346759bf5a69cfc6fe653">
    <iscustomizable>1</iscustomizable>
  </botcomponent_botcomponent>
  <botcomponent_botcomponent botcomponentidone.schemaname="new_topic_3f3e859dfbdb41bbaf2926384fdf0e46" botcomponentidtwo.schemaname="new_topic_9d295c394a47419da3b4d205b7ed4c20_aeabea4d071f415c8c107e1cb7af5424_assumedsuccess">
    <iscustomizable>1</iscustomizable>
  </botcomponent_botcomponent>
  <botcomponent_botcomponent botcomponentidtwo.schemaname="new_topic_9d295c394a47419da3b4d205b7ed4c20_aeabea4d071f415c8c107e1cb7af5424_assumedsuccess" botcomponentidone.schemaname="new_topic_ae3b7803bc3b4f2f9a1d2edc6ca63db6">
    <iscustomizable>1</iscustomizable>
  </botcomponent_botcomponent>
  <botcomponent_botcomponent botcomponentidone.schemaname="new_topic_1a6195ae052f4f54a05311c0e0c68a76" botcomponentidtwo.schemaname="new_topic_9d295c394a47419da3b4d205b7ed4c20_aeabea4d071f415c8c107e1cb7af5424_assumedsuccess">
    <iscustomizable>1</iscustomizable>
  </botcomponent_botcomponent>
  <botcomponent_botcomponent botcomponentidone.schemaname="new_topic_3afc02a3d48448a9a944e64d15666ac3" botcomponentidtwo.schemaname="new_topic_9d295c394a47419da3b4d205b7ed4c20_aeabea4d071f415c8c107e1cb7af5424_assumedsuccess">
    <iscustomizable>1</iscustomizable>
  </botcomponent_botcomponent>
  <botcomponent_botcomponent botcomponentidone.schemaname="new_topic_0b7433a5ca074c4a8728e5a9aa6d1f2b" botcomponentidtwo.schemaname="new_topic_9d295c394a47419da3b4d205b7ed4c20_aeabea4d071f415c8c107e1cb7af5424_assumedsuccess">
    <iscustomizable>1</iscustomizable>
  </botcomponent_botcomponent>
  <botcomponent_botcomponent botcomponentidone.schemaname="new_topic_2b926a279b9148118f15557f86ec593c" botcomponentidtwo.schemaname="new_topic_9d295c394a47419da3b4d205b7ed4c20_aeabea4d071f415c8c107e1cb7af5424_assumedsuccess">
    <iscustomizable>1</iscustomizable>
  </botcomponent_botcomponent>
  <botcomponent_botcomponent botcomponentidtwo.schemaname="new_topic_9d295c394a47419da3b4d205b7ed4c20_aeabea4d071f415c8c107e1cb7af5424_assumedsuccess" botcomponentidone.schemaname="new_topic_081b7360e8f34fd09c090ef73b2a22de">
    <iscustomizable>1</iscustomizable>
  </botcomponent_botcomponent>
  <botcomponent_botcomponent botcomponentidone.schemaname="new_topic_56f26a057a5149b2a6264e8addc035c4" botcomponentidtwo.schemaname="new_topic_9d295c394a47419da3b4d205b7ed4c20_aeabea4d071f415c8c107e1cb7af5424_assumedsuccess">
    <iscustomizable>1</iscustomizable>
  </botcomponent_botcomponent>
  <botcomponent_botcomponent botcomponentidone.schemaname="new_topic_f6d2b3e184b84c7ba3805acf7e6fdc3a" botcomponentidtwo.schemaname="new_topic_9d295c394a47419da3b4d205b7ed4c20_aeabea4d071f415c8c107e1cb7af5424_assumedsuccess">
    <iscustomizable>1</iscustomizable>
  </botcomponent_botcomponent>
  <botcomponent_botcomponent botcomponentidtwo.schemaname="new_topic_9d295c394a47419da3b4d205b7ed4c20_aeabea4d071f415c8c107e1cb7af5424_assumedsuccess" botcomponentidone.schemaname="new_topic_9d295c394a47419da3b4d205b7ed4c20_954135cafcd647eaae5999ad91fc08cf_talktoagent">
    <iscustomizable>1</iscustomizable>
  </botcomponent_botcomponent>
  <botcomponent_botcomponent botcomponentidone.schemaname="new_topic_8bc8bda4049c466989b315da89b0f7d7" botcomponentidtwo.schemaname="new_topic_9d295c394a47419da3b4d205b7ed4c20_aeabea4d071f415c8c107e1cb7af5424_assumedsuccess">
    <iscustomizable>1</iscustomizable>
  </botcomponent_botcomponent>
  <botcomponent_botcomponent botcomponentidtwo.schemaname="new_topic_9d295c394a47419da3b4d205b7ed4c20_aeabea4d071f415c8c107e1cb7af5424_assumedsuccess" botcomponentidone.schemaname="new_topic_2d949bacb3524f50b499d9a5d8ee22cb">
    <iscustomizable>1</iscustomizable>
  </botcomponent_botcomponent>
  <botcomponent_botcomponent botcomponentidone.schemaname="new_topic_bf28dc87bd3a4b4280423ec3ce8695d4" botcomponentidtwo.schemaname="new_topic_9d295c394a47419da3b4d205b7ed4c20_aeabea4d071f415c8c107e1cb7af5424_assumedsuccess">
    <iscustomizable>1</iscustomizable>
  </botcomponent_botcomponent>
  <botcomponent_botcomponent botcomponentidone.schemaname="new_topic_4192cbad20c448a7b4cb03ef9383cef8" botcomponentidtwo.schemaname="new_topic_9d295c394a47419da3b4d205b7ed4c20_aeabea4d071f415c8c107e1cb7af5424_assumedsuccess">
    <iscustomizable>1</iscustomizable>
  </botcomponent_botcomponent>
  <botcomponent_botcomponent botcomponentidtwo.schemaname="new_topic_9d295c394a47419da3b4d205b7ed4c20_aeabea4d071f415c8c107e1cb7af5424_assumedsuccess" botcomponentidone.schemaname="new_topic_85015ecdb02f408c90ed449630b5cbc6">
    <iscustomizable>1</iscustomizable>
  </botcomponent_botcomponent>
  <botcomponent_botcomponent botcomponentidtwo.schemaname="new_topic_9d295c394a47419da3b4d205b7ed4c20_aeabea4d071f415c8c107e1cb7af5424_assumedsuccess" botcomponentidone.schemaname="new_topic_8b893070e3cb4cd7ba8f8d6567a9a399">
    <iscustomizable>1</iscustomizable>
  </botcomponent_botcomponent>
  <botcomponent_botcomponent botcomponentidone.schemaname="new_topic_2d5a4205185d49519a0e5c88987682e8" botcomponentidtwo.schemaname="new_topic_9d295c394a47419da3b4d205b7ed4c20_aeabea4d071f415c8c107e1cb7af5424_assumedsuccess">
    <iscustomizable>1</iscustomizable>
  </botcomponent_botcomponent>
  <botcomponent_botcomponent botcomponentidtwo.schemaname="new_topic_9d295c394a47419da3b4d205b7ed4c20_aeabea4d071f415c8c107e1cb7af5424_assumedsuccess" botcomponentidone.schemaname="new_topic_d862a747873b4cf591b561649200d2e7">
    <iscustomizable>1</iscustomizable>
  </botcomponent_botcomponent>
  <botcomponent_botcomponent botcomponentidone.schemaname="new_topic_05e86f7c772d4570bd3e29b205426a4f" botcomponentidtwo.schemaname="new_topic_9d295c394a47419da3b4d205b7ed4c20_aeabea4d071f415c8c107e1cb7af5424_assumedsuccess">
    <iscustomizable>1</iscustomizable>
  </botcomponent_botcomponent>
  <botcomponent_botcomponent botcomponentidtwo.schemaname="new_topic_9d295c394a47419da3b4d205b7ed4c20_aeabea4d071f415c8c107e1cb7af5424_assumedsuccess" botcomponentidone.schemaname="new_topic_60c2e3f3f4d54b978e44e2f4291d8a67">
    <iscustomizable>1</iscustomizable>
  </botcomponent_botcomponent>
  <botcomponent_botcomponent botcomponentidtwo.schemaname="new_topic_9d295c394a47419da3b4d205b7ed4c20_aeabea4d071f415c8c107e1cb7af5424_assumedsuccess" botcomponentidone.schemaname="new_topic_95b302f1d16b45eea8858d20661a65bb">
    <iscustomizable>1</iscustomizable>
  </botcomponent_botcomponent>
  <botcomponent_botcomponent botcomponentidtwo.schemaname="new_topic_9d295c394a47419da3b4d205b7ed4c20_aeabea4d071f415c8c107e1cb7af5424_assumedsuccess" botcomponentidone.schemaname="new_topic_cd9be9d9946b433ea1991fdc0d3a5e75">
    <iscustomizable>1</iscustomizable>
  </botcomponent_botcomponent>
  <botcomponent_botcomponent botcomponentidtwo.schemaname="new_topic_9d295c394a47419da3b4d205b7ed4c20_aeabea4d071f415c8c107e1cb7af5424_assumedsuccess" botcomponentidone.schemaname="new_topic_bc776f2db7f1421b8eac0af4d30763cc">
    <iscustomizable>1</iscustomizable>
  </botcomponent_botcomponent>
  <botcomponent_botcomponent botcomponentidone.schemaname="new_topic_3766a19a2bca431eb1dc7c3159eba059" botcomponentidtwo.schemaname="new_topic_9d295c394a47419da3b4d205b7ed4c20_aeabea4d071f415c8c107e1cb7af5424_assumedsuccess">
    <iscustomizable>1</iscustomizable>
  </botcomponent_botcomponent>
  <botcomponent_botcomponent botcomponentidone.schemaname="new_topic_7a54409ba4854a839a68f97e57dca1ad" botcomponentidtwo.schemaname="new_topic_9d295c394a47419da3b4d205b7ed4c20_aeabea4d071f415c8c107e1cb7af5424_assumedsuccess">
    <iscustomizable>1</iscustomizable>
  </botcomponent_botcomponent>
  <botcomponent_botcomponent botcomponentidone.schemaname="new_topic_2af91e92196242f4a5d7740228390a6d" botcomponentidtwo.schemaname="new_topic_9d295c394a47419da3b4d205b7ed4c20_aeabea4d071f415c8c107e1cb7af5424_assumedsuccess">
    <iscustomizable>1</iscustomizable>
  </botcomponent_botcomponent>
  <botcomponent_botcomponent botcomponentidone.schemaname="new_topic_cf7da7217efd4d2b9adfcab59bdc107c" botcomponentidtwo.schemaname="new_topic_9d295c394a47419da3b4d205b7ed4c20_aeabea4d071f415c8c107e1cb7af5424_assumedsuccess">
    <iscustomizable>1</iscustomizable>
  </botcomponent_botcomponent>
  <botcomponent_botcomponent botcomponentidone.schemaname="new_topic_4d099165ab7d4cdb9be00aff96baebf1" botcomponentidtwo.schemaname="new_topic_9d295c394a47419da3b4d205b7ed4c20_aeabea4d071f415c8c107e1cb7af5424_assumedsuccess">
    <iscustomizable>1</iscustomizable>
  </botcomponent_botcomponent>
  <botcomponent_botcomponent botcomponentidtwo.schemaname="new_topic_9d295c394a47419da3b4d205b7ed4c20_aeabea4d071f415c8c107e1cb7af5424_assumedsuccess" botcomponentidone.schemaname="new_topic_c14f42a51ed549b0b978b08dcf42e6e3">
    <iscustomizable>1</iscustomizable>
  </botcomponent_botcomponent>
  <botcomponent_botcomponent botcomponentidone.schemaname="new_topic_3d3ec422ad9e4bc98218d88456e008eb" botcomponentidtwo.schemaname="new_topic_9d295c394a47419da3b4d205b7ed4c20_aeabea4d071f415c8c107e1cb7af5424_assumedsuccess">
    <iscustomizable>1</iscustomizable>
  </botcomponent_botcomponent>
  <botcomponent_botcomponent botcomponentidone.schemaname="new_topic_1a929d8c993f4eeaa01c0a9a17c60307" botcomponentidtwo.schemaname="new_topic_9d295c394a47419da3b4d205b7ed4c20_aeabea4d071f415c8c107e1cb7af5424_assumedsuccess">
    <iscustomizable>1</iscustomizable>
  </botcomponent_botcomponent>
  <botcomponent_botcomponent botcomponentidone.schemaname="new_topic_eebd9b845a72468db74102a92ac799bc" botcomponentidtwo.schemaname="new_topic_9d295c394a47419da3b4d205b7ed4c20_aeabea4d071f415c8c107e1cb7af5424_assumedsuccess">
    <iscustomizable>1</iscustomizable>
  </botcomponent_botcomponent>
  <botcomponent_botcomponent botcomponentidtwo.schemaname="new_topic_9d295c394a47419da3b4d205b7ed4c20_aeabea4d071f415c8c107e1cb7af5424_assumedsuccess" botcomponentidone.schemaname="new_topic_be9f0af8daba4197b2fa577a70fdc01e">
    <iscustomizable>1</iscustomizable>
  </botcomponent_botcomponent>
  <botcomponent_botcomponent botcomponentidone.schemaname="new_topic_a9550e02bdd84f05874d6cb54e7bba84" botcomponentidtwo.schemaname="new_topic_9d295c394a47419da3b4d205b7ed4c20_aeabea4d071f415c8c107e1cb7af5424_assumedsuccess">
    <iscustomizable>1</iscustomizable>
  </botcomponent_botcomponent>
  <botcomponent_botcomponent botcomponentidtwo.schemaname="new_topic_f6d2b3e184b84c7ba3805acf7e6fdc3a" botcomponentidone.schemaname="new_topic_4d2f457bd8134803bce15e2e962f220b">
    <iscustomizable>1</iscustomizable>
  </botcomponent_botcomponent>
  <botcomponent_botcomponent botcomponentidtwo.schemaname="new_topic_9d295c394a47419da3b4d205b7ed4c20_aeabea4d071f415c8c107e1cb7af5424_assumedsuccess" botcomponentidone.schemaname="new_topic_166a5bdd2f5749f08129bc0eebb75ed9">
    <iscustomizable>1</iscustomizable>
  </botcomponent_botcomponent>
  <botcomponent_botcomponent botcomponentidone.schemaname="new_topic_726ebc58caba497fa8c7cbd4701a80df" botcomponentidtwo.schemaname="new_topic_9d295c394a47419da3b4d205b7ed4c20_aeabea4d071f415c8c107e1cb7af5424_assumedsuccess">
    <iscustomizable>1</iscustomizable>
  </botcomponent_botcomponent>
  <botcomponent_botcomponent botcomponentidone.schemaname="new_topic_62f71c8cf5cb43ccb304bd08cb2923e0" botcomponentidtwo.schemaname="new_topic_9d295c394a47419da3b4d205b7ed4c20_aeabea4d071f415c8c107e1cb7af5424_assumedsuccess">
    <iscustomizable>1</iscustomizable>
  </botcomponent_botcomponent>
  <botcomponent_botcomponent botcomponentidtwo.schemaname="new_topic_0ccfaf78c80c44a887220d69879e860e" botcomponentidone.schemaname="new_topic_52e6969d1dd947e6afd6a4900750a09e">
    <iscustomizable>1</iscustomizable>
  </botcomponent_botcomponent>
  <botcomponent_botcomponent botcomponentidtwo.schemaname="new_topic_9d295c394a47419da3b4d205b7ed4c20_aeabea4d071f415c8c107e1cb7af5424_assumedsuccess" botcomponentidone.schemaname="new_topic_7b8fd21d12ef4439a22112bfa50994e3">
    <iscustomizable>1</iscustomizable>
  </botcomponent_botcomponent>
  <botcomponent_botcomponent botcomponentidtwo.schemaname="new_topic_9d295c394a47419da3b4d205b7ed4c20_aeabea4d071f415c8c107e1cb7af5424_assumedsuccess" botcomponentidone.schemaname="new_topic_5a4f2fd6436c4a7d8833f581d7aa59f2">
    <iscustomizable>1</iscustomizable>
  </botcomponent_botcomponent>
  <botcomponent_botcomponent botcomponentidtwo.schemaname="new_topic_9d295c394a47419da3b4d205b7ed4c20_aeabea4d071f415c8c107e1cb7af5424_assumedsuccess" botcomponentidone.schemaname="new_topic_f925eb1087734239be1a42153dc75341">
    <iscustomizable>1</iscustomizable>
  </botcomponent_botcomponent>
  <botcomponent_botcomponent botcomponentidone.schemaname="new_topic_9243544df03f432d8bbcf9ad75b842e8" botcomponentidtwo.schemaname="new_topic_9d295c394a47419da3b4d205b7ed4c20_aeabea4d071f415c8c107e1cb7af5424_assumedsuccess">
    <iscustomizable>1</iscustomizable>
  </botcomponent_botcomponent>
  <botcomponent_botcomponent botcomponentidone.schemaname="new_topic_bc6d1d266f7a41f5ae96f408dd3323e5" botcomponentidtwo.schemaname="new_topic_9d295c394a47419da3b4d205b7ed4c20_aeabea4d071f415c8c107e1cb7af5424_assumedsuccess">
    <iscustomizable>1</iscustomizable>
  </botcomponent_botcomponent>
  <botcomponent_botcomponent botcomponentidone.schemaname="new_topic_abb9c170e519483cbb2f438765dc603d" botcomponentidtwo.schemaname="new_topic_9d295c394a47419da3b4d205b7ed4c20_aeabea4d071f415c8c107e1cb7af5424_assumedsuccess">
    <iscustomizable>1</iscustomizable>
  </botcomponent_botcomponent>
  <botcomponent_botcomponent botcomponentidone.schemaname="new_topic_abb9c170e519483cbb2f438765dc603d" botcomponentidtwo.schemaname="new_topic_cd5d43220d3b4da3866cb72ef63e70ba">
    <iscustomizable>1</iscustomizable>
  </botcomponent_botcomponent>
  <botcomponent_botcomponent botcomponentidtwo.schemaname="new_topic_9d295c394a47419da3b4d205b7ed4c20_aeabea4d071f415c8c107e1cb7af5424_assumedsuccess" botcomponentidone.schemaname="new_topic_9565ca1186624002902407acb7958d0e">
    <iscustomizable>1</iscustomizable>
  </botcomponent_botcomponent>
  <botcomponent_botcomponent botcomponentidtwo.schemaname="new_topic_9d295c394a47419da3b4d205b7ed4c20_aeabea4d071f415c8c107e1cb7af5424_assumedsuccess" botcomponentidone.schemaname="new_topic_7d97585e8f8f4b55bd282673ea4c9ba9">
    <iscustomizable>1</iscustomizable>
  </botcomponent_botcomponent>
  <botcomponent_botcomponent botcomponentidtwo.schemaname="new_topic_9d295c394a47419da3b4d205b7ed4c20_aeabea4d071f415c8c107e1cb7af5424_assumedsuccess" botcomponentidone.schemaname="new_topic_cbbe0a5c5ba94d90a1638b49dd1c1d70">
    <iscustomizable>1</iscustomizable>
  </botcomponent_botcomponent>
  <botcomponent_botcomponent botcomponentidtwo.schemaname="new_topic_9d295c394a47419da3b4d205b7ed4c20_aeabea4d071f415c8c107e1cb7af5424_assumedsuccess" botcomponentidone.schemaname="new_topic_69ae961ae34243b89c02e39d18b0522e">
    <iscustomizable>1</iscustomizable>
  </botcomponent_botcomponent>
  <botcomponent_botcomponent botcomponentidtwo.schemaname="new_topic_9d295c394a47419da3b4d205b7ed4c20_aeabea4d071f415c8c107e1cb7af5424_assumedsuccess" botcomponentidone.schemaname="new_topic_cd98b811bce94ab49b738ad580ae05b4">
    <iscustomizable>1</iscustomizable>
  </botcomponent_botcomponent>
  <botcomponent_botcomponent botcomponentidtwo.schemaname="new_topic_9d295c394a47419da3b4d205b7ed4c20_aeabea4d071f415c8c107e1cb7af5424_assumedsuccess" botcomponentidone.schemaname="new_topic_cd5d43220d3b4da3866cb72ef63e70ba">
    <iscustomizable>1</iscustomizable>
  </botcomponent_botcomponent>
  <botcomponent_botcomponent botcomponentidone.schemaname="new_topic_d727fcd396744e0ba992b83ba6fbdadf" botcomponentidtwo.schemaname="new_topic_9d295c394a47419da3b4d205b7ed4c20_aeabea4d071f415c8c107e1cb7af5424_assumedsuccess">
    <iscustomizable>1</iscustomizable>
  </botcomponent_botcomponent>
  <botcomponent_botcomponent botcomponentidone.schemaname="new_topic_63e499546f8f43b094045656b284a697" botcomponentidtwo.schemaname="new_topic_9d295c394a47419da3b4d205b7ed4c20_aeabea4d071f415c8c107e1cb7af5424_assumedsuccess">
    <iscustomizable>1</iscustomizable>
  </botcomponent_botcomponent>
  <botcomponent_botcomponent botcomponentidtwo.schemaname="new_topic_cd5d43220d3b4da3866cb72ef63e70ba" botcomponentidone.schemaname="new_topic_166a5bdd2f5749f08129bc0eebb75ed9">
    <iscustomizable>1</iscustomizable>
  </botcomponent_botcomponent>
  <botcomponent_botcomponent botcomponentidtwo.schemaname="new_topic_abb9c170e519483cbb2f438765dc603d" botcomponentidone.schemaname="new_topic_166a5bdd2f5749f08129bc0eebb75ed9">
    <iscustomizable>1</iscustomizable>
  </botcomponent_botcomponent>
  <botcomponent_botcomponent botcomponentidtwo.schemaname="new_topic_9d295c394a47419da3b4d205b7ed4c20_aeabea4d071f415c8c107e1cb7af5424_assumedsuccess" botcomponentidone.schemaname="new_topic_b23b57bd65054e84ac6623d876035e48">
    <iscustomizable>1</iscustomizable>
  </botcomponent_botcomponent>
  <botcomponent_botcomponent botcomponentidtwo.schemaname="new_topic_8d95513a11e04b4fadb5c71af1df2fb6" botcomponentidone.schemaname="new_topic_b23b57bd65054e84ac6623d876035e48">
    <iscustomizable>1</iscustomizable>
  </botcomponent_botcomponent>
  <botcomponent_botcomponent botcomponentidone.schemaname="new_topic_abb9c170e519483cbb2f438765dc603d" botcomponentidtwo.schemaname="new_topic_166a5bdd2f5749f08129bc0eebb75ed9">
    <iscustomizable>1</iscustomizable>
  </botcomponent_botcomponent>
  <botcomponent_botcomponent botcomponentidtwo.schemaname="new_topic_9d295c394a47419da3b4d205b7ed4c20_aeabea4d071f415c8c107e1cb7af5424_assumedsuccess" botcomponentidone.schemaname="new_topic_520bd7979b874bb7b93bd37281c1cd5f">
    <iscustomizable>1</iscustomizable>
  </botcomponent_botcomponent>
  <botcomponent_botcomponent botcomponentidtwo.schemaname="new_topic_9d295c394a47419da3b4d205b7ed4c20_aeabea4d071f415c8c107e1cb7af5424_assumedsuccess" botcomponentidone.schemaname="new_topic_d3756317125649868fa0e5ad2c1c5a0b">
    <iscustomizable>1</iscustomizable>
  </botcomponent_botcomponent>
  <botcomponent_botcomponent botcomponentidtwo.schemaname="new_topic_9d295c394a47419da3b4d205b7ed4c20_aeabea4d071f415c8c107e1cb7af5424_assumedsuccess" botcomponentidone.schemaname="new_topic_3942e59bd91340c090d3a3322df36203">
    <iscustomizable>1</iscustomizable>
  </botcomponent_botcomponent>
  <botcomponent_botcomponent botcomponentidtwo.schemaname="new_topic_ae3b7803bc3b4f2f9a1d2edc6ca63db6" botcomponentidone.schemaname="new_topic_3942e59bd91340c090d3a3322df36203">
    <iscustomizable>1</iscustomizable>
  </botcomponent_botcomponent>
  <botcomponent_botcomponent botcomponentidone.schemaname="new_topic_0ccfaf78c80c44a887220d69879e860e" botcomponentidtwo.schemaname="new_topic_9d295c394a47419da3b4d205b7ed4c20_aeabea4d071f415c8c107e1cb7af5424_assumedsuccess">
    <iscustomizable>1</iscustomizable>
  </botcomponent_botcomponent>
  <botcomponent_botcomponent botcomponentidtwo.schemaname="new_topic_52e6969d1dd947e6afd6a4900750a09e" botcomponentidone.schemaname="new_topic_0ccfaf78c80c44a887220d69879e860e">
    <iscustomizable>1</iscustomizable>
  </botcomponent_botcomponent>
  <botcomponent_botcomponent botcomponentidone.schemaname="new_topic_f05ea6b32ba84251932d8a949b2b49bb" botcomponentidtwo.schemaname="new_topic_9d295c394a47419da3b4d205b7ed4c20_aeabea4d071f415c8c107e1cb7af5424_assumedsuccess">
    <iscustomizable>1</iscustomizable>
  </botcomponent_botcomponent>
  <botcomponent_botcomponent botcomponentidtwo.schemaname="new_topic_9d295c394a47419da3b4d205b7ed4c20_aeabea4d071f415c8c107e1cb7af5424_assumedsuccess" botcomponentidone.schemaname="new_topic_53444e9a5aaf4433ae2fbccee83ed5cd">
    <iscustomizable>1</iscustomizable>
  </botcomponent_botcomponent>
  <botcomponent_botcomponent botcomponentidtwo.schemaname="new_topic_9d295c394a47419da3b4d205b7ed4c20_aeabea4d071f415c8c107e1cb7af5424_assumedsuccess" botcomponentidone.schemaname="new_topic_a3a9a1d972ae4fcb863782a400cc38e6">
    <iscustomizable>1</iscustomizable>
  </botcomponent_botcomponent>
  <botcomponent_botcomponent botcomponentidone.schemaname="new_topic_dc2f740fa3624cd2b540f327e2aeebd2" botcomponentidtwo.schemaname="new_topic_9d295c394a47419da3b4d205b7ed4c20_aeabea4d071f415c8c107e1cb7af5424_assumedsuccess">
    <iscustomizable>1</iscustomizable>
  </botcomponent_botcomponent>
  <botcomponent_botcomponent botcomponentidtwo.schemaname="new_topic_9d295c394a47419da3b4d205b7ed4c20_aeabea4d071f415c8c107e1cb7af5424_assumedsuccess" botcomponentidone.schemaname="new_topic_6aa9a9a3411b407aa37e6c39392423fc">
    <iscustomizable>1</iscustomizable>
  </botcomponent_botcomponent>
  <botcomponent_botcomponent botcomponentidtwo.schemaname="new_topic_9d295c394a47419da3b4d205b7ed4c20_aeabea4d071f415c8c107e1cb7af5424_assumedsuccess" botcomponentidone.schemaname="new_topic_43a1aa04725b45d1b22432f03b293143">
    <iscustomizable>1</iscustomizable>
  </botcomponent_botcomponent>
  <botcomponent_botcomponent botcomponentidtwo.schemaname="new_topic_9d295c394a47419da3b4d205b7ed4c20_aeabea4d071f415c8c107e1cb7af5424_assumedsuccess" botcomponentidone.schemaname="new_topic_5bef2177a91142acbd3fc450924c0829">
    <iscustomizable>1</iscustomizable>
  </botcomponent_botcomponent>
  <botcomponent_botcomponent botcomponentidtwo.schemaname="new_topic_9d295c394a47419da3b4d205b7ed4c20_aeabea4d071f415c8c107e1cb7af5424_assumedsuccess" botcomponentidone.schemaname="new_topic_5c4e1ebb4bf54d2895d44e7e6d1e95c1">
    <iscustomizable>1</iscustomizable>
  </botcomponent_botcomponent>
  <botcomponent_botcomponent botcomponentidone.schemaname="new_topic_15c203f097ba4a64824fafe1e35df04b" botcomponentidtwo.schemaname="new_topic_9d295c394a47419da3b4d205b7ed4c20_aeabea4d071f415c8c107e1cb7af5424_assumedsuccess">
    <iscustomizable>1</iscustomizable>
  </botcomponent_botcomponent>
  <botcomponent_botcomponent botcomponentidone.schemaname="new_topic_4d2f457bd8134803bce15e2e962f220b" botcomponentidtwo.schemaname="new_topic_9d295c394a47419da3b4d205b7ed4c20_aeabea4d071f415c8c107e1cb7af5424_assumedsuccess">
    <iscustomizable>1</iscustomizable>
  </botcomponent_botcomponent>
  <botcomponent_botcomponent botcomponentidone.schemaname="new_topic_da826b0bba464d85b5d12d427b58d5c6" botcomponentidtwo.schemaname="new_topic_9d295c394a47419da3b4d205b7ed4c20_aeabea4d071f415c8c107e1cb7af5424_assumedsuccess">
    <iscustomizable>1</iscustomizable>
  </botcomponent_botcomponent>
  <botcomponent_botcomponent botcomponentidtwo.schemaname="new_topic_1c4e6416fefc4cc49ec6658ee3525887" botcomponentidone.schemaname="new_topic_175e49623ad5433b8363f5e98f957727">
    <iscustomizable>1</iscustomizable>
  </botcomponent_botcomponent>
  <botcomponent_botcomponent botcomponentidtwo.schemaname="new_topic_9d295c394a47419da3b4d205b7ed4c20_aeabea4d071f415c8c107e1cb7af5424_assumedsuccess" botcomponentidone.schemaname="new_topic_6a34ce6a52de41869a2a6084ee183bad">
    <iscustomizable>1</iscustomizable>
  </botcomponent_botcomponent>
  <botcomponent_botcomponent botcomponentidone.schemaname="new_topic_943069dbb3034c6f9283dc603cb2b985" botcomponentidtwo.schemaname="new_topic_dc2f740fa3624cd2b540f327e2aeebd2">
    <iscustomizable>1</iscustomizable>
  </botcomponent_botcomponent>
</botcomponent_botcomponentset>