{
  "intents": [
    {
      "endUserOverrideName": "更改團隊設定",
      "triggerQueries": [
        "Change settings for my team",
        "Where is the option to change my Team settings?",
        "change my team's settings",
        "Change your team's settings",
        "adjust the settings for the team",
        "change settings for my team members",
        "where can I find the team's settings?",
        "how do I reach the team's settings?",
        "Change team settings",
        "Where can I change my Team settings?",
        "調整設定",
        "更改設定",
        "設定",
        "更改團隊設定",
        "調整團隊設定",
        "團隊設定",
        "幫我團隊修改設定",
        "在哪裡找更換團隊設定的選項",
        "變更團隊設定",
        "更換團隊的設定",
        "變更團隊的設定",
        "團隊成員更換設定",
        "團隊設定在哪裡",
        "前往團隊設定",
        "更換團隊設定",
        "我可以在哪裡做團隊設定"
      ],
      "dialogId": "new_topic_6a42d67131df4da1b2dfb6230dda7d5e",
      "isTriggeringEnabled": true,
      "id": "new_topic_6a42d67131df4da1b2dfb6230dda7d5e",
      "displayName": "更改團隊設定",
      "description": "https://adoptbotv2kb.blob.core.windows.net/%24web/AdoptBot2021-English.docx",
      "createdTime": "2021-11-17T08:03:13.6127135Z",
      "updatedTime": "2021-11-17T08:18:03.9297074Z",
      "createdUserId": "9c968d43-f7c2-4e28-895c-1f6bcefcd8be",
      "updatedUserId": "9c968d43-f7c2-4e28-895c-1f6bcefcd8be"
    }
  ],
  "dialogs": [
    {
      "rootNodeId": "75d30178-56f1-4e14-bda2-f71bd5f7a08d",
      "messageNodes": [
        {
          "botMessageId": "35ced0c0-2cbe-496c-8428-5cc46ff28487",
          "nodeType": "BotMessageNode",
          "id": "75d30178-56f1-4e14-bda2-f71bd5f7a08d",
          "defaultTargetNodeId": "cd87f95e-1699-4af7-adec-57f981469863"
        },
        {
          "botMessageId": "f3b9caf2-c966-418b-a688-f046b78b9e2d",
          "nodeType": "BotMessageNode",
          "id": "cd87f95e-1699-4af7-adec-57f981469863",
          "defaultTargetNodeId": "cab9f366-166d-441f-8b78-fbbf838d9252"
        }
      ],
      "dialogChangeNodes": [
        {
          "targetDialogId": "new_topic_e2d1671328b941dbb60fa7150059b1ee_aeabea4d071f415c8c107e1cb7af5424_assumedsuccess",
          "nodeType": "DialogChangeNode",
          "id": "cab9f366-166d-441f-8b78-fbbf838d9252"
        }
      ],
      "id": "new_topic_6a42d67131df4da1b2dfb6230dda7d5e",
      "displayName": "Dialog for 更改 Teams 設定",
      "createdTime": "2021-11-17T08:03:13.6127135Z",
      "updatedTime": "2021-11-17T08:03:35.707315Z",
      "createdUserId": "9c968d43-f7c2-4e28-895c-1f6bcefcd8be",
      "updatedUserId": "9c968d43-f7c2-4e28-895c-1f6bcefcd8be"
    }
  ],
  "botMessages": [
    {
      "channelContent": {
        "web": {
          "contentFormat": "Markdown",
          "content": "找到團隊名稱，點選**更多選項(...) > 管理團隊**"
        }
      },
      "id": "35ced0c0-2cbe-496c-8428-5cc46ff28487",
      "createdTime": "2021-11-17T08:03:13.6127135Z",
      "updatedTime": "2021-11-17T08:03:13.6127135Z",
      "createdUserId": "9c968d43-f7c2-4e28-895c-1f6bcefcd8be",
      "updatedUserId": "9c968d43-f7c2-4e28-895c-1f6bcefcd8be"
    },
    {
      "channelContent": {
        "web": {
          "contentFormat": "Markdown",
          "content": "您便可調整關於團隊的設定:\n\n*   更改圖片\n*   設定權限\n*   開啟@標註功能\n*   以及更多"
        }
      },
      "id": "f3b9caf2-c966-418b-a688-f046b78b9e2d",
      "createdTime": "2021-11-17T08:03:23.736Z",
      "updatedTime": "2021-11-17T08:03:23.736Z",
      "createdUserId": "user-0",
      "updatedUserId": "user-0"
    }
  ]
}