{
  "intents": [
    {
      "triggerQueries": [
        "Chiamare in uscita da una riunione di Microsoft Teams in modo che altre persone possano parteciparvi",
        "invitare altri chiamanti a una riunione di Teams",
        "posso effettuare chiamate internazionali e invitare altri chiamanti?",
        "Chiamare numeri internazionali durante una riunione?",
        "Chiamate internazionali in Teams?",
        "Effettuare chiamate al di fuori del mio paese?",
        "Effettua chiamate internazionali",
        "chiamare in riunione partecipanti con numeri stranieri",
        "Telefonate internazionali in riunione?",
        "Invito tramite numero di telefono al di fuori del Regno Unito?",
        "Invito per numero di telefono estero?",
        "Invitare per numero di telefono fuori dal paese?",
        "Invito tramite numero di telefono al di fuori degli Stati Uniti?",
        "Chiamare partecipanti internazionali",
        "Come possiamo chiamare alla riunione qualcuno da un altro paese?",
        "Chiamate ospiti dall'estero alla riunione",
        "I partecipanti possono chiamare numeri di telefono internazionali quando partecipano a una riunione di Microsoft Teams?"
      ],
      "dialogId": "new_topic_55e548f5f4b74d699103f61851c93aba",
      "isTriggeringEnabled": true,
      "id": "new_topic_55e548f5f4b74d699103f61851c93aba",
      "displayName": "I partecipanti possono chiamare numeri di telefono internazionali quando partecipano a una riunione di Microsoft Teams?",
      "createdTime": "2022-04-28T23:42:58.8599381Z",
      "updatedTime": "2022-04-28T23:42:58.8599381Z",
      "createdUserId": "9451fc51-e00d-4445-8ff9-efb70866dc3b",
      "updatedUserId": "9451fc51-e00d-4445-8ff9-efb70866dc3b"
    }
  ],
  "dialogs": [
    {
      "rootNodeId": "14257732-2631-439a-a865-20f773cdddfc",
      "messageNodes": [
        {
          "botMessageId": "61580d0e-7084-49d3-80d1-02ef818557cb",
          "nodeType": "BotMessageNode",
          "id": "14257732-2631-439a-a865-20f773cdddfc",
          "defaultTargetNodeId": "4fa5252b-4d4c-47b4-be61-d6e72551cd08"
        }
      ],
      "dialogChangeNodes": [
        {
          "targetDialogId": "new_topic_f98a24608ee04cb998de3e3e32703d5b_aeabea4d071f415c8c107e1cb7af5424_assumedsuccess",
          "nodeType": "DialogChangeNode",
          "id": "4fa5252b-4d4c-47b4-be61-d6e72551cd08"
        }
      ],
      "id": "new_topic_55e548f5f4b74d699103f61851c93aba",
      "displayName": "Senza titolo",
      "createdTime": "2022-04-28T23:42:58.8599381Z",
      "updatedTime": "2022-04-28T23:42:58.8599381Z",
      "createdUserId": "9451fc51-e00d-4445-8ff9-efb70866dc3b",
      "updatedUserId": "9451fc51-e00d-4445-8ff9-efb70866dc3b"
    }
  ],
  "botMessages": [
    {
      "channelContent": {
        "web": {
          "contentFormat": "Markdown",
          "content": "I partecipanti possono effettuare chiamate internazionali n uscita e invitare altri chiamanti a una riunione di Microsoft Teams. Vedere: [effettuare chiamate in uscita da una riunione di Microsoft Teams in modo che altre persone possano parteciparvi.](https://docs.microsoft.com/it-it/microsoftteams/dialing-out-from-a-teams-meeting-so-other-people-can-join-it)"
        }
      },
      "id": "61580d0e-7084-49d3-80d1-02ef818557cb",
      "createdTime": "2022-04-28T23:37:41.752Z",
      "updatedTime": "2022-04-28T23:37:41.752Z"
    }
  ]
}