<ImportExportXml version="9.2.21053.136" SolutionPackageVersion="9.2" languagecode="1033" generatedBy="CrmLive" xmlns:xsi="http://www.w3.org/2001/XMLSchema-instance">
  <SolutionManifest>
    <UniqueName>TimonYourFAQbotforTeams</UniqueName>
    <LocalizedNames>
      <LocalizedName description="Timon - Your FAQ bot for Teams" languagecode="1033" />
    </LocalizedNames>
    <Descriptions>
      <Description description="Timon is an English-speaking bot, who answers questions about using Microsoft Teams.&#xA;&#xA;🔎If Timon doesn’t know the answer, you'll get help sending your question and/or feedback to internal experts.&#xA;&#xA;❗Please note that the Timon Bot is provided &quot;as is&quot; without any warranties or support. It is not allowed to sell this solution or re-package in any commercial offer. Timon can be used directly as is, but is intended to be maintained and updated/edited by organizations who wish to make it their own.&#xA;&#xA;🐱‍👤 Timon was created in 2021 by: Erik Olsson (Microsoft)&#xA;&#xA;🌎🌍🌏 Thanks to: Nina Pierre, Patricia Zemer, Max Baldt, Sanne Postma, Matt Hickey, Karen Peck, Jong Hoon Moon, Jace Moreno, Nick Combellack, Angela Thai Thien Nghia, Nidhi Shandilya, Pawan Gulati, Na-Young Kwon, Johan Rebeling, Belinda Parker, Donald Donais, Prasanna Bhat for their support of this idea/concept.&#xA;&#xA;Special thanks to Erika Åberg, Henrik Wilhelmsson, Nina Dahlström, Denniz Svens, Mattias Kressmark for their help on the original Tima 🔗aka.ms/TimaGuide (Swedish)&#xA;&#xA;💡Built in Power Virtual Agents. A ready-to-go bot for anyone using Teams, to use and edit as they wish.&#xA;&#xA;Timon's knowledge is based on official Microsoft information. Links in answers point to evergreen sources.&#xA;&#xA;✅Public Beginner's Guide. How to deploy Timon in 15-60 min, to any tenant.&#xA;&#xA;🔗aka.ms/Timon&#xA;&#xA;[Covers Power Platform, Teams and Licensing]&#xA;&#xA;Timon's image is designed by vectorpouch / Freepik - https://www.freepik.com/vectorpouch&#xA;&#xA;✨Inspired by the AdoptBot concept - aka.ms/adoptbot" languagecode="1033" />
    </Descriptions>
    <Version>1.3.0.5</Version>
    <Managed>0</Managed>
    <Publisher>
      <UniqueName>ErikOlsson</UniqueName>
      <LocalizedNames>
        <LocalizedName description="Erik Olsson" languagecode="1033" />
      </LocalizedNames>
      <Descriptions>
        <Description description="Erik Olsson is an awesome Teams Ninja and currently works for Microsoft.&#xA;He may or may not have written this text himself ;-)&#xA;&#xA;Please note that no support is available on any of Erik's solutions." languagecode="1033" />
      </Descriptions>
      <EMailAddress>eriko@microsoft.com</EMailAddress>
      <SupportingWebsiteUrl>https://www.microsoft.com</SupportingWebsiteUrl>
      <CustomizationPrefix>new</CustomizationPrefix>
      <CustomizationOptionValuePrefix>10000</CustomizationOptionValuePrefix>
      <Addresses>
        <Address>
          <AddressNumber>1</AddressNumber>
          <AddressTypeCode>1</AddressTypeCode>
          <City xsi:nil="true"></City>
          <County xsi:nil="true"></County>
          <Country xsi:nil="true"></Country>
          <Fax xsi:nil="true"></Fax>
          <FreightTermsCode xsi:nil="true"></FreightTermsCode>
          <ImportSequenceNumber xsi:nil="true"></ImportSequenceNumber>
          <Latitude xsi:nil="true"></Latitude>
          <Line1 xsi:nil="true"></Line1>
          <Line2 xsi:nil="true"></Line2>
          <Line3 xsi:nil="true"></Line3>
          <Longitude xsi:nil="true"></Longitude>
          <Name xsi:nil="true"></Name>
          <PostalCode xsi:nil="true"></PostalCode>
          <PostOfficeBox xsi:nil="true"></PostOfficeBox>
          <PrimaryContactName xsi:nil="true"></PrimaryContactName>
          <ShippingMethodCode>1</ShippingMethodCode>
          <StateOrProvince xsi:nil="true"></StateOrProvince>
          <Telephone1>+46734082916</Telephone1>
          <Telephone2 xsi:nil="true"></Telephone2>
          <Telephone3 xsi:nil="true"></Telephone3>
          <TimeZoneRuleVersionNumber xsi:nil="true"></TimeZoneRuleVersionNumber>
          <UPSZone xsi:nil="true"></UPSZone>
          <UTCOffset xsi:nil="true"></UTCOffset>
          <UTCConversionTimeZoneCode xsi:nil="true"></UTCConversionTimeZoneCode>
        </Address>
        <Address>
          <AddressNumber>2</AddressNumber>
          <AddressTypeCode>1</AddressTypeCode>
          <City xsi:nil="true"></City>
          <County xsi:nil="true"></County>
          <Country xsi:nil="true"></Country>
          <Fax xsi:nil="true"></Fax>
          <FreightTermsCode xsi:nil="true"></FreightTermsCode>
          <ImportSequenceNumber xsi:nil="true"></ImportSequenceNumber>
          <Latitude xsi:nil="true"></Latitude>
          <Line1 xsi:nil="true"></Line1>
          <Line2 xsi:nil="true"></Line2>
          <Line3 xsi:nil="true"></Line3>
          <Longitude xsi:nil="true"></Longitude>
          <Name xsi:nil="true"></Name>
          <PostalCode xsi:nil="true"></PostalCode>
          <PostOfficeBox xsi:nil="true"></PostOfficeBox>
          <PrimaryContactName xsi:nil="true"></PrimaryContactName>
          <ShippingMethodCode>1</ShippingMethodCode>
          <StateOrProvince xsi:nil="true"></StateOrProvince>
          <Telephone1 xsi:nil="true"></Telephone1>
          <Telephone2 xsi:nil="true"></Telephone2>
          <Telephone3 xsi:nil="true"></Telephone3>
          <TimeZoneRuleVersionNumber xsi:nil="true"></TimeZoneRuleVersionNumber>
          <UPSZone xsi:nil="true"></UPSZone>
          <UTCOffset xsi:nil="true"></UTCOffset>
          <UTCConversionTimeZoneCode xsi:nil="true"></UTCConversionTimeZoneCode>
        </Address>
      </Addresses>
    </Publisher>
    <RootComponents>
      <RootComponent type="29" id="{22036560-5e5e-eb11-a812-000d3a9bb82a}" behavior="0" />
      <RootComponent type="29" id="{8a84184f-8b5d-eb11-a812-000d3a9bb82a}" behavior="0" />
      <RootComponent type="29" id="{c9579f47-cb2f-eb11-a813-000d3a98dbb4}" behavior="0" />
    </RootComponents>
    <MissingDependencies />
  </SolutionManifest>
</ImportExportXml>