{
  "intents": [
    {
      "intentType": "Regular",
      "endUserOverrideName": "Planner i Teams?",
      "triggerQueries": [
        "planeringsverktyg för grupper",
        "nyttja planner i teamet?",
        "dela ut uppgifter i Planner",
        "komma åt vår planner via teams",
        "jobba med planner i Teams",
        "flytta vår planner till teams",
        "jag vill använda Planner",
        "Planner i Teams?",
        "Kan jag använda Planner i Teams?"
      ],
      "dialogId": "new_topic_3ea0c57a1e544667968334d1e5e621dc",
      "isTriggeringEnabled": true,
      "id": "new_topic_3ea0c57a1e544667968334d1e5e621dc",
      "displayName": "Kan jag använda Planner i Teams?",
      "description": "",
      "createdTime": "2020-11-24T14:37:53.8220925Z",
      "updatedTime": "2020-12-11T17:06:38.2702349Z",
      "createdUserId": "f04d3cd9-b73d-4ba9-a1ed-9319eba29b21",
      "updatedUserId": "f04d3cd9-b73d-4ba9-a1ed-9319eba29b21"
    }
  ],
  "dialogs": [
    {
      "rootNodeId": "cd7896b0-28da-41e8-95b3-7487397a93d8",
      "messageNodes": [
        {
          "botMessageId": "0f28cc74-4717-4e31-8655-a234408b86e5",
          "nodeType": "BotMessageNode",
          "id": "cd7896b0-28da-41e8-95b3-7487397a93d8",
          "defaultTargetNodeId": "bba7143b-1671-44fd-897d-3ba9552845f3"
        }
      ],
      "dialogChangeNodes": [
        {
          "targetDialogId": "new_topic_84ec227c19784e7ba25cb34f4638f91e_aeabea4d071f415c8c107e1cb7af5424_assumedsuccess",
          "nodeType": "DialogChangeNode",
          "id": "bba7143b-1671-44fd-897d-3ba9552845f3"
        }
      ],
      "id": "new_topic_3ea0c57a1e544667968334d1e5e621dc",
      "displayName": "Dialog for Kan jag använda Planner i Teams?",
      "createdTime": "2020-11-24T14:37:53.8220925Z",
      "updatedTime": "2020-11-24T14:37:53.8220925Z",
      "createdUserId": "f04d3cd9-b73d-4ba9-a1ed-9319eba29b21",
      "updatedUserId": "f04d3cd9-b73d-4ba9-a1ed-9319eba29b21"
    }
  ],
  "botMessages": [
    {
      "channelContent": {
        "web": {
          "contentFormat": "Markdown",
          "content": "Goda nyheter för fans av organisation och samarbete! Teams och Planner går hand i hand! Om du vill börja använda dem tillsammans lägger du till en Planner-flik i Teams. Klicka bara på Lägg till en flik bredvid dina flikar högst upp på en kanal. Välj Planner , gör sedan något av följande:\r\n\r\n- Klicka på Skapa en ny plan och skriv ett namn på den nya Planner-tavlan.\r\n- Klicka på Använd en befintlig plan och välj en befintlig Planner-tavla på menyn.\r\n\r\n\r\nOm du vill dyka djupare i detaljerna för att hantera dina Planner-uppgifter i team, se\r\n\r\n[Microsoft Teams: Använda Planner för att hålla ordning .](https://support.microsoft.com/sv-se/office/anv%C3%A4nda-planner-i-microsoft-teams-62798a9f-e8f7-4722-a700-27dd28a06ee0)"
        }
      },
      "id": "0f28cc74-4717-4e31-8655-a234408b86e5",
      "createdTime": "2020-11-24T14:37:53.8220925Z",
      "updatedTime": "2020-11-24T14:37:53.8220925Z",
      "createdUserId": "f04d3cd9-b73d-4ba9-a1ed-9319eba29b21",
      "updatedUserId": "f04d3cd9-b73d-4ba9-a1ed-9319eba29b21"
    }
  ]
}