{
  "intents": [
    {
      "intentType": "Regular",
      "triggerQueries": [
        "dial-pad commands",
        "What keypad commands during the meeting are supported?",
        "support for quick dial-in?",
        "Which in-meeting dial-pad commands are supported?"
      ],
      "dialogId": "new_topic_4e7a18f63ab3497d94e674de568db332",
      "isTriggeringEnabled": true,
      "id": "new_topic_4e7a18f63ab3497d94e674de568db332",
      "displayName": "Which in-meeting dial-pad commands are supported?",
      "description": "https://adoptbotv2kb.blob.core.windows.net/%24web/AdoptBot2021-English.docx",
      "createdTime": "2021-01-13T22:20:51.2381463Z",
      "updatedTime": "2021-01-26T23:19:39.2258465Z",
      "createdUserId": "f04d3cd9-b73d-4ba9-a1ed-9319eba29b21",
      "updatedUserId": "f04d3cd9-b73d-4ba9-a1ed-9319eba29b21"
    }
  ],
  "dialogs": [
    {
      "rootNodeId": "b506ee4d-11ec-4851-810b-cdf1e5a80072",
      "messageNodes": [
        {
          "botMessageId": "bb7c0779-6240-49ac-b4ce-b6bd81765d7b",
          "nodeType": "BotMessageNode",
          "id": "b506ee4d-11ec-4851-810b-cdf1e5a80072",
          "defaultTargetNodeId": "768f4b9b-9cc5-4017-922a-0264ec1a120d"
        }
      ],
      "dialogChangeNodes": [
        {
          "targetDialogId": "new_topic_eac3f49c99664313a9d9dc19d80a79a2_aeabea4d071f415c8c107e1cb7af5424_assumedsuccess",
          "nodeType": "DialogChangeNode",
          "id": "768f4b9b-9cc5-4017-922a-0264ec1a120d"
        }
      ],
      "id": "new_topic_4e7a18f63ab3497d94e674de568db332",
      "displayName": "Dialog for Which in-meeting dial-pad commands are supported?",
      "createdTime": "2021-01-13T22:20:51.2381463Z",
      "updatedTime": "2021-01-13T22:20:51.2381463Z",
      "createdUserId": "f04d3cd9-b73d-4ba9-a1ed-9319eba29b21",
      "updatedUserId": "f04d3cd9-b73d-4ba9-a1ed-9319eba29b21"
    }
  ],
  "botMessages": [
    {
      "channelContent": {
        "web": {
          "contentFormat": "Markdown",
          "content": "\\*6 (Mute/Unmute Yourself)\r\n\r\n\\*1 (Plays the keypad commands descriptions available)"
        }
      },
      "id": "bb7c0779-6240-49ac-b4ce-b6bd81765d7b",
      "createdTime": "2021-01-13T22:20:51.2381463Z",
      "updatedTime": "2021-01-13T22:20:51.2381463Z",
      "createdUserId": "f04d3cd9-b73d-4ba9-a1ed-9319eba29b21",
      "updatedUserId": "f04d3cd9-b73d-4ba9-a1ed-9319eba29b21"
    }
  ]
}