{
  "intents": [
    {
      "triggerQueries": [
        "Overview of Microsoft 365",
        "Office 365 or Microsoft 365?",
        "What is Microsoft Office 365?",
        "What is office 365?",
        "Is Microsoft 365 the same as Office 365?",
        "What does Microsoft 365 mean",
        "What is M365?",
        "What is Microsoft 365?"
      ],
      "dialogId": "new_topic_45c8f81415654643b9cbfa495cb48187",
      "isTriggeringEnabled": true,
      "id": "new_topic_45c8f81415654643b9cbfa495cb48187",
      "displayName": "What is Microsoft 365?",
      "description": "https://adoptbotv2kb.blob.core.windows.net/%24web/AdoptBot2021-English.docx",
      "createdTime": "2021-01-13T22:20:51.2381463Z",
      "updatedTime": "2021-01-27T22:59:52.118739Z",
      "createdUserId": "f04d3cd9-b73d-4ba9-a1ed-9319eba29b21",
      "updatedUserId": "f04d3cd9-b73d-4ba9-a1ed-9319eba29b21"
    }
  ],
  "dialogs": [
    {
      "rootNodeId": "c31613ce-0d6f-4e19-8ae0-7154ce53a635",
      "messageNodes": [
        {
          "botMessageId": "26947edb-253a-41be-a54a-3ed328086de4",
          "nodeType": "BotMessageNode",
          "id": "c31613ce-0d6f-4e19-8ae0-7154ce53a635",
          "defaultTargetNodeId": "60b21d34-2998-4e03-8db0-0452e1608eb7"
        }
      ],
      "dialogChangeNodes": [
        {
          "targetDialogId": "new_topic_eac3f49c99664313a9d9dc19d80a79a2_aeabea4d071f415c8c107e1cb7af5424_assumedsuccess",
          "nodeType": "DialogChangeNode",
          "id": "60b21d34-2998-4e03-8db0-0452e1608eb7"
        }
      ],
      "id": "new_topic_45c8f81415654643b9cbfa495cb48187",
      "displayName": "Dialog for What is Microsoft 365?",
      "createdTime": "2021-01-13T22:20:51.2381463Z",
      "updatedTime": "2021-01-13T22:20:51.2381463Z",
      "createdUserId": "f04d3cd9-b73d-4ba9-a1ed-9319eba29b21",
      "updatedUserId": "f04d3cd9-b73d-4ba9-a1ed-9319eba29b21"
    }
  ],
  "botMessages": [
    {
      "channelContent": {
        "web": {
          "contentFormat": "Markdown",
          "content": "Microsoft 365 is the universal toolkit for collaboration.  [Read more here!](https://www.microsoft.com/en-us/microsoft-365)"
        }
      },
      "id": "26947edb-253a-41be-a54a-3ed328086de4",
      "createdTime": "2021-01-13T22:20:51.2381463Z",
      "updatedTime": "2021-01-13T22:20:51.2381463Z",
      "createdUserId": "f04d3cd9-b73d-4ba9-a1ed-9319eba29b21",
      "updatedUserId": "f04d3cd9-b73d-4ba9-a1ed-9319eba29b21"
    }
  ]
}