<botcomponent schemaname="new_topic_9d295c394a47419da3b4d205b7ed4c20_21a34f1673a24096a99ba0effb63cc1d">
  <componenttype>0</componenttype>
  <description>Les 2 - In deze les leert u hoe u een eenvoudig onderwerp kunt maken met één voorwaardelijke branche en een variabele.

Een variabele is een naam voor een item dat verderop in de stroom van het onderwerp zal worden gebruikt.  In dit voorbeeld is "pva_StoreLocation" de naam voor de variabele als u de gebruiker naar zijn of haar favoriete winkellocatie vraagt.</description>
  <iscustomizable>1</iscustomizable>
  <name>Les 2 - Een eenvoudig onderwerp met een voorwaarde en variabele</name>
  <statecode>0</statecode>
  <statuscode>1</statuscode>
</botcomponent>