{
  "intents": [
    {
      "triggerQueries": [
        "evidenzia il video del presentatore per tutti i partecipanti alla riunione",
        "evidenzia il mio video per tutti durante la riunione",
        "focalizzare l'attenzione sul mio video",
        "usare metti in evidenza",
        "metti in evidenza",
        "prestare attenzione al video di qualcuno",
        "Mostra il mio feed video a schermo intero durante la riunione",
        "mettere in evidenza il proprio video",
        "Bloccare l'attenzione sul video di qualcuno",
        "Bloccare l'attenzione sulla persona che parla per tutti",
        "Bloccare l'attenzione sul presentatore",
        "Usare metti in evidenza per concentrarsi su qualcuno durante una riunione?"
      ],
      "dialogId": "new_topic_564cafc1df16422095e0f8382b728b05",
      "isTriggeringEnabled": true,
      "id": "new_topic_564cafc1df16422095e0f8382b728b05",
      "displayName": "Mettere in evidenza  per attirare l'attenzione di qualcuno durante una riunione?",
      "createdTime": "2022-04-28T00:05:30.1972827Z",
      "updatedTime": "2022-04-28T00:05:30.1972827Z",
      "createdUserId": "9451fc51-e00d-4445-8ff9-efb70866dc3b",
      "updatedUserId": "9451fc51-e00d-4445-8ff9-efb70866dc3b"
    }
  ],
  "dialogs": [
    {
      "rootNodeId": "0bb86837-c3c5-478d-8455-3b2554289f42",
      "messageNodes": [
        {
          "botMessageId": "27ca22a0-cc3c-4e37-8774-e291f4be8298",
          "nodeType": "BotMessageNode",
          "id": "0bb86837-c3c5-478d-8455-3b2554289f42",
          "defaultTargetNodeId": "b39c1d36-d07e-436c-a7ef-8b389b91f59e"
        },
        {
          "botMessageId": "f1128663-81ac-4941-9726-9166c2d58df0",
          "nodeType": "BotMessageNode",
          "id": "b39c1d36-d07e-436c-a7ef-8b389b91f59e",
          "defaultTargetNodeId": "528217ba-3043-413e-8c1b-989dae69a531"
        },
        {
          "botMessageId": "1ce3829c-c5db-4f7a-b6d7-18c063cc5518",
          "nodeType": "BotMessageNode",
          "id": "528217ba-3043-413e-8c1b-989dae69a531",
          "defaultTargetNodeId": "a25b1848-9a2b-4033-a29c-21cca4780b7c"
        }
      ],
      "dialogChangeNodes": [
        {
          "targetDialogId": "new_topic_f98a24608ee04cb998de3e3e32703d5b_aeabea4d071f415c8c107e1cb7af5424_assumedsuccess",
          "nodeType": "DialogChangeNode",
          "id": "a25b1848-9a2b-4033-a29c-21cca4780b7c"
        }
      ],
      "id": "new_topic_564cafc1df16422095e0f8382b728b05",
      "displayName": "Senza titolo",
      "createdTime": "2022-04-28T00:05:30.1972827Z",
      "updatedTime": "2022-04-28T00:05:30.1972827Z",
      "createdUserId": "9451fc51-e00d-4445-8ff9-efb70866dc3b",
      "updatedUserId": "9451fc51-e00d-4445-8ff9-efb70866dc3b"
    }
  ],
  "botMessages": [
    {
      "channelContent": {
        "web": {
          "contentFormat": "Markdown",
          "content": "[Mettere in evidenza il video di qualcuno](https://support.microsoft.com/it-it/office/mettere-in-evidenza-il-video-di-qualcuno-in-una-teams-riunione-58be74a4-efac-4e89-a212-8d198182081e) è come selezionarlo per tutti durante la riunione.\n\n**Se sei un organizzatore o un presentatore**, puoi scegliere se il video di qualsiasi utente (incluso il tuo) debba essere il video principale che tutti i partecipanti vedono."
        }
      },
      "id": "27ca22a0-cc3c-4e37-8774-e291f4be8298",
      "createdTime": "2022-04-27T23:41:23.183Z",
      "updatedTime": "2022-04-27T23:41:23.183Z"
    },
    {
      "channelContent": {
        "web": {
          "contentFormat": "Markdown",
          "content": "Ci sono due modi:\n\n1.  Fare clic con il pulsante destro del mouse/ toccare il feed video della persona e scegliere **Metti in evidenza** dal menu.\n2.  O scegliere la persona che si desidera mettere in evidenza nel **riquadro Partecipanti**. Tasto destro del mouse/ toccare il **partecipante** > **Metti in evidenza**."
        }
      },
      "id": "f1128663-81ac-4941-9726-9166c2d58df0",
      "createdTime": "2022-04-28T00:01:24.4Z",
      "updatedTime": "2022-04-28T00:01:24.4Z",
      "createdUserId": "user-0",
      "updatedUserId": "user-0"
    },
    {
      "channelContent": {
        "web": {
          "contentFormat": "Markdown",
          "content": "Quando sei pronto per uscire da **Metti in evidenza**, seleziona di nuovo la persona e **Interrompi in evidenza**."
        }
      },
      "id": "1ce3829c-c5db-4f7a-b6d7-18c063cc5518",
      "createdTime": "2022-04-28T00:03:49.736Z",
      "updatedTime": "2022-04-28T00:03:49.736Z",
      "createdUserId": "user-0",
      "updatedUserId": "user-0"
    }
  ]
}