{
  "intents": [
    {
      "endUserOverrideName": "Waar vind ik de Outlook add-in voor Teams meetings?",
      "triggerQueries": [
        "hoe maak ik een teams vergadering in outlook",
        "waar is de teamsvergader knop in outlook",
        "Teams in outlook",
        "hoe kan ik outlook en teams koppelen?",
        "outlook add-in in teams",
        "Hoe zet ik de outlook add-in aan voor Teams",
        "Waar vind ik de Outlook add-in voor Teams?",
        "Waar vind ik de Outlook add-in voor Teams vergaderingen?"
      ],
      "dialogId": "new_topic_be9f0af8daba4197b2fa577a70fdc01e",
      "isTriggeringEnabled": true,
      "id": "new_topic_be9f0af8daba4197b2fa577a70fdc01e",
      "displayName": "Waar vind ik de Outlook add-in voor Teams meetings?",
      "description": "",
      "createdTime": "2021-03-22T20:11:23.2521284Z",
      "updatedTime": "2021-03-29T20:42:18.7349429Z",
      "createdUserId": "c1e90dc0-1df0-459d-8164-0dcb7915deaf",
      "updatedUserId": "c1e90dc0-1df0-459d-8164-0dcb7915deaf"
    }
  ],
  "dialogs": [
    {
      "rootNodeId": "d730edf3-7f4e-4c16-9a2d-4a81ddc96ad1",
      "messageNodes": [
        {
          "botMessageId": "62058d76-c608-4526-9497-3545eebac024",
          "nodeType": "BotMessageNode",
          "id": "dbfccf04-348b-433b-950c-dcede20ac90f",
          "defaultTargetNodeId": "eb9549ca-6c3d-4f89-9ee8-b6d2c9e9209c"
        },
        {
          "botMessageId": "b6927832-9b63-4fcc-bfe0-d64ae89ac5f5",
          "nodeType": "BotMessageNode",
          "id": "eb9549ca-6c3d-4f89-9ee8-b6d2c9e9209c",
          "defaultTargetNodeId": "d22bc88c-e73c-4edb-b078-c7ef15ec0049"
        },
        {
          "botMessageId": "a83d4a46-45af-4200-9a08-6237835eca3b",
          "nodeType": "BotMessageNode",
          "id": "d22bc88c-e73c-4edb-b078-c7ef15ec0049",
          "defaultTargetNodeId": "1cf85fa7-ff45-4252-b41f-f3236cc185e8"
        },
        {
          "botMessageId": "07a5ad93-7ec0-4848-ae5c-dc050b646687",
          "nodeType": "BotMessageNode",
          "id": "d730edf3-7f4e-4c16-9a2d-4a81ddc96ad1",
          "defaultTargetNodeId": "dbfccf04-348b-433b-950c-dcede20ac90f"
        }
      ],
      "dialogChangeNodes": [
        {
          "targetDialogId": "new_topic_9d295c394a47419da3b4d205b7ed4c20_aeabea4d071f415c8c107e1cb7af5424_assumedsuccess",
          "nodeType": "DialogChangeNode",
          "id": "1cf85fa7-ff45-4252-b41f-f3236cc185e8"
        }
      ],
      "id": "new_topic_be9f0af8daba4197b2fa577a70fdc01e",
      "displayName": "Dialog for Waar vind ik de Outlook add-in voor Teams meetings?",
      "createdTime": "2021-03-22T20:11:23.2521284Z",
      "updatedTime": "2021-03-29T20:42:52.0503599Z",
      "createdUserId": "c1e90dc0-1df0-459d-8164-0dcb7915deaf",
      "updatedUserId": "c1e90dc0-1df0-459d-8164-0dcb7915deaf"
    }
  ],
  "botMessages": [
    {
      "channelContent": {
        "web": {
          "contentFormat": "Markdown",
          "content": "De invoegtoepassing Teams vergadering wordt automatisch geïnstalleerd voor gebruikers die Microsoft Teams en Office 2013, Office 2016 of Office 2019 op hun Windows-pc hebben geïnstalleerd. Gebruikers zien de teams vergadering 'add-in' op het lint in de Outlook-agenda.\n\nDe [invoegtoepassing Teams-vergadering gebruiken in Outlook](https://docs.microsoft.com/nl-nl/microsoftteams/teams-add-in-for-outlook)"
        }
      },
      "id": "62058d76-c608-4526-9497-3545eebac024",
      "createdTime": "2021-03-22T20:11:23.2521284Z",
      "updatedTime": "2021-03-22T20:11:23.2521284Z",
      "createdUserId": "c1e90dc0-1df0-459d-8164-0dcb7915deaf",
      "updatedUserId": "c1e90dc0-1df0-459d-8164-0dcb7915deaf"
    },
    {
      "channelContent": {
        "web": {
          "contentFormat": "Markdown",
          "content": "Voor de webversie van Outlook worden Teams vergaderingen automatisch gemaakt wanneer deelnemers worden uitgenodigd (kan worden uitgeschakeld)."
        }
      },
      "id": "b6927832-9b63-4fcc-bfe0-d64ae89ac5f5",
      "createdTime": "2021-03-22T20:12:22.505Z",
      "updatedTime": "2021-03-22T20:12:22.505Z",
      "createdUserId": "user-0",
      "updatedUserId": "user-0"
    },
    {
      "channelContent": {
        "web": {
          "contentFormat": "Markdown",
          "content": "_**Opmerking:** Teams vergaderknop niet zichtbaar in Outlook? Dan kan het zijn dat dit in uw organisatie nog niet mogelijk is._"
        }
      },
      "id": "a83d4a46-45af-4200-9a08-6237835eca3b",
      "createdTime": "2021-03-29T20:40:19.925Z",
      "updatedTime": "2021-03-29T20:40:19.925Z",
      "createdUserId": "user-0",
      "updatedUserId": "user-0"
    },
    {
      "channelContent": {
        "web": {
          "contentFormat": "Markdown",
          "content": "[Bekijk: Vergaderingen in Teams plannen via Outlook - Office-ondersteuning (microsoft.com)](https://support.microsoft.com/nl-nl/office/vergaderingen-in-teams-plannen-via-outlook-883cc15c-580f-441a-92ea-0992c00a9b0f#:~:text=Open%20Outlook%20en%20schakel%20over%20naar%20de%20agendaweergave,ook%20hele%20groepen%20contactpersonen%20%28voorheen%20distributielijsten%20genoemd%29%20uitnodigen.)"
        }
      },
      "id": "07a5ad93-7ec0-4848-ae5c-dc050b646687",
      "createdTime": "2021-03-29T20:42:39.171Z",
      "updatedTime": "2021-03-29T20:42:39.171Z",
      "createdUserId": "user-0",
      "updatedUserId": "user-0"
    }
  ],
  "createdUtc": "0001-01-01T00:00:00Z"
}