{
  "intents": [
    {
      "endUserOverrideName": "Umbenennen eines Team?",
      "triggerQueries": [
        "Wie benenne ich das Team um?",
        "Umbenennen Ihres Teams",
        "Ich möchte unser Team umbenennen",
        "Wo finde ich die Möglichkeit, den Namen meines Teams zu ändern?",
        "Mein Team umbenennen",
        "Ändern des Teamnamens",
        "Wie benenne ich mein Team um?",
        "Ich möchte den Anzeigenamen meines Teams ändern?",
        "Wie ändere ich meinen Teamnamen?"
      ],
      "dialogId": "new_topic_fad87475397047ecb8d6b3b67314664d",
      "isTriggeringEnabled": true,
      "id": "new_topic_fad87475397047ecb8d6b3b67314664d",
      "displayName": "Wie benenne ich das Team um?",
      "description": "",
      "createdTime": "2021-04-19T07:12:00.6360786Z",
      "updatedTime": "2021-04-19T07:12:00.6360786Z",
      "createdUserId": "d4c65e50-fb5c-4311-830a-05b59a11dd48"
    }
  ],
  "dialogs": [
    {
      "rootNodeId": "da1077d5-2972-4783-bc4c-f2ddb216b1b0",
      "messageNodes": [
        {
          "botMessageId": "b1c0d231-2eda-4b93-a5e2-d24141d2a8bd",
          "nodeType": "BotMessageNode",
          "id": "da1077d5-2972-4783-bc4c-f2ddb216b1b0",
          "defaultTargetNodeId": "144ba54a-259a-415c-92cc-3e770e0e4f99"
        },
        {
          "botMessageId": "6bd9e470-b0f1-43f4-8660-1be881e8268a",
          "nodeType": "BotMessageNode",
          "id": "144ba54a-259a-415c-92cc-3e770e0e4f99",
          "defaultTargetNodeId": "df96c578-ca42-4455-a308-fae96845f81b"
        }
      ],
      "dialogChangeNodes": [
        {
          "targetDialogId": "new_topic_30867099f4b543d3b8543a85c22c3418_aeabea4d071f415c8c107e1cb7af5424_assumedsuccess",
          "nodeType": "DialogChangeNode",
          "id": "df96c578-ca42-4455-a308-fae96845f81b"
        }
      ],
      "id": "new_topic_fad87475397047ecb8d6b3b67314664d",
      "displayName": "Dialog for Wie benenne ich das Team um?",
      "createdTime": "2021-04-19T07:12:00.6360786Z",
      "updatedTime": "2021-04-19T07:12:52.4878947Z",
      "createdUserId": "d4c65e50-fb5c-4311-830a-05b59a11dd48",
      "updatedUserId": "d4c65e50-fb5c-4311-830a-05b59a11dd48"
    }
  ],
  "botMessages": [
    {
      "channelContent": {
        "web": {
          "contentFormat": "Markdown",
          "content": "Wechseln Sie zum Teamnamen und klicken Sie auf **Weitere Optionen (...) > Bearbeiten**."
        }
      },
      "id": "b1c0d231-2eda-4b93-a5e2-d24141d2a8bd",
      "createdTime": "2021-04-19T07:12:00.6350795Z",
      "updatedTime": "2021-04-19T07:12:00.6350795Z",
      "createdUserId": "d4c65e50-fb5c-4311-830a-05b59a11dd48",
      "updatedUserId": "d4c65e50-fb5c-4311-830a-05b59a11dd48"
    },
    {
      "channelContent": {
        "web": {
          "contentFormat": "Markdown",
          "content": "Von dort aus können Sie bei Bedarf den Teamnamen, die Beschreibung und die Datenschutzeinstellungen festlegen."
        }
      },
      "id": "6bd9e470-b0f1-43f4-8660-1be881e8268a",
      "createdTime": "2021-04-19T07:12:07.029Z",
      "updatedTime": "2021-04-19T07:12:07.029Z",
      "createdUserId": "user-0",
      "updatedUserId": "user-0"
    }
  ]
}