{
  "intents": [
    {
      "intentType": "Regular",
      "triggerQueries": [
        "Can anyone create live events in Teams?",
        "Can anyone create a Teams live events?",
        "Who can do events in Teams?",
        "Who can do a live event?",
        "Who can do a live event?",
        "Who can create live events?"
      ],
      "dialogId": "new_topic_b96c5caf4c4e41518e43f90df74fcad2",
      "isTriggeringEnabled": true,
      "id": "new_topic_b96c5caf4c4e41518e43f90df74fcad2",
      "displayName": "Who can create live events?",
      "description": "https://adoptbotv2kb.blob.core.windows.net/%24web/AdoptBot2021-English.docx",
      "createdTime": "2021-01-13T22:20:51.2381463Z",
      "updatedTime": "2021-01-27T20:35:36.7533283Z",
      "createdUserId": "f04d3cd9-b73d-4ba9-a1ed-9319eba29b21",
      "updatedUserId": "f04d3cd9-b73d-4ba9-a1ed-9319eba29b21"
    }
  ],
  "dialogs": [
    {
      "rootNodeId": "c1fac7e2-44d7-417b-8d73-78437ec23c1f",
      "messageNodes": [
        {
          "botMessageId": "5fa0c578-cd35-42a3-95d6-6c999cb4ac9f",
          "nodeType": "BotMessageNode",
          "id": "c1fac7e2-44d7-417b-8d73-78437ec23c1f",
          "defaultTargetNodeId": "d55342c7-eaa6-4f3e-bcfe-e264d9c40109"
        }
      ],
      "dialogChangeNodes": [
        {
          "targetDialogId": "new_topic_eac3f49c99664313a9d9dc19d80a79a2_aeabea4d071f415c8c107e1cb7af5424_assumedsuccess",
          "nodeType": "DialogChangeNode",
          "id": "d55342c7-eaa6-4f3e-bcfe-e264d9c40109"
        }
      ],
      "id": "new_topic_b96c5caf4c4e41518e43f90df74fcad2",
      "displayName": "Dialog for Who can create live events?",
      "createdTime": "2021-01-13T22:20:51.2381463Z",
      "updatedTime": "2021-01-27T20:37:26.7072143Z",
      "createdUserId": "f04d3cd9-b73d-4ba9-a1ed-9319eba29b21",
      "updatedUserId": "f04d3cd9-b73d-4ba9-a1ed-9319eba29b21"
    }
  ],
  "botMessages": [
    {
      "channelContent": {
        "web": {
          "contentFormat": "Markdown",
          "content": "For full details see:   \n[Who can attend, create, and schedule live events in Teams?](https://docs.microsoft.com/en-us/microsoftteams/teams-live-events/plan-for-teams-live-events#who-can-attend-create-and-schedule-live-events)  \nTo create a live event, a person needs to have:\n\n*   A Microsoft/Office 365 Enterprise E3/A3, or E5/A5 license.\n*   _Your IT administrator can provide more information._"
        }
      },
      "id": "5fa0c578-cd35-42a3-95d6-6c999cb4ac9f",
      "createdTime": "2021-01-13T22:20:51.2381463Z",
      "updatedTime": "2021-01-13T22:20:51.2381463Z",
      "createdUserId": "f04d3cd9-b73d-4ba9-a1ed-9319eba29b21",
      "updatedUserId": "f04d3cd9-b73d-4ba9-a1ed-9319eba29b21"
    }
  ]
}