{
  "intents": [
    {
      "endUserOverrideName": "Optimera organisationens nätverk för Teams (Admin)",
      "triggerQueries": [
        "nätverksinställningar för Teams",
        "Optimera nätverket",
        "Klarar vår VPN att köra Teams?",
        "Förbättra kvalitén i Teams",
        "Öka kvalitén i våra möten",
        "Hur får vi bättre kvalitet i Teams?",
        "Bättre bandbredd för Microsoft 365",
        "Bättre bandbredd för Teams",
        "Jag vill optimera Teams i vårt nätverk",
        "Nätverksinställningar",
        "Inställningar för VPN och Teams",
        "Förbereda vår VPN för Teams",
        "optimera prestanda i nätverket",
        "Nätverkskvalité i Teams",
        "Optimera organisationens nätverk för Teams",
        "Optimera nätverk för Teams",
        "Kan vi optimera vårt nätverk för Microsoft Teams?"
      ],
      "dialogId": "new_topic_66b6b0c05e9148a48ff65e5c0af42d36",
      "isTriggeringEnabled": true,
      "id": "new_topic_66b6b0c05e9148a48ff65e5c0af42d36",
      "displayName": "Kan vi optimera vårt nätverk för Microsoft Teams?",
      "description": "https://faqtimafiles.blob.core.windows.net/filesfortima-adoptbot/svenska frågor till adoptbot PVA (Swedish QnA for AdoptBot).docx",
      "createdTime": "2021-01-13T18:47:12.3917411Z",
      "updatedTime": "2021-01-14T16:01:10.928241Z",
      "createdUserId": "f04d3cd9-b73d-4ba9-a1ed-9319eba29b21",
      "updatedUserId": "f04d3cd9-b73d-4ba9-a1ed-9319eba29b21"
    }
  ],
  "dialogs": [
    {
      "rootNodeId": "0349169a-8a30-4f7a-9057-9acd70628265",
      "messageNodes": [
        {
          "botMessageId": "53f33810-3d52-4266-8593-3008007432ec",
          "nodeType": "BotMessageNode",
          "id": "0349169a-8a30-4f7a-9057-9acd70628265",
          "defaultTargetNodeId": "dd435a73-57d8-465a-b632-e693fcae5e6e"
        },
        {
          "botMessageId": "16e6cec8-b23d-46cf-a796-6564a849b7f8",
          "nodeType": "BotMessageNode",
          "id": "dd435a73-57d8-465a-b632-e693fcae5e6e",
          "defaultTargetNodeId": "b31bdd48-fef9-49bf-9ed3-bd4fd592ff14"
        }
      ],
      "dialogChangeNodes": [
        {
          "targetDialogId": "new_topic_84ec227c19784e7ba25cb34f4638f91e_aeabea4d071f415c8c107e1cb7af5424_assumedsuccess",
          "nodeType": "DialogChangeNode",
          "id": "b31bdd48-fef9-49bf-9ed3-bd4fd592ff14"
        }
      ],
      "id": "new_topic_66b6b0c05e9148a48ff65e5c0af42d36",
      "displayName": "Dialog for Kan vi optimera vårt nätverk för Microsoft Teams?",
      "createdTime": "2021-01-13T18:47:12.3917411Z",
      "updatedTime": "2021-01-14T16:00:55.9222798Z",
      "createdUserId": "f04d3cd9-b73d-4ba9-a1ed-9319eba29b21",
      "updatedUserId": "f04d3cd9-b73d-4ba9-a1ed-9319eba29b21"
    }
  ],
  "botMessages": [
    {
      "channelContent": {
        "web": {
          "contentFormat": "Markdown",
          "content": "Följ denna [guide för att förbereda och optimera din organisations nätverk för Teams](https://docs.microsoft.com/sv-se/microsoftteams/prepare-network)."
        }
      },
      "id": "53f33810-3d52-4266-8593-3008007432ec",
      "createdTime": "2021-01-13T18:47:12.3917411Z",
      "updatedTime": "2021-01-13T18:47:12.3917411Z",
      "createdUserId": "f04d3cd9-b73d-4ba9-a1ed-9319eba29b21",
      "updatedUserId": "f04d3cd9-b73d-4ba9-a1ed-9319eba29b21"
    },
    {
      "channelContent": {
        "web": {
          "contentFormat": "Markdown",
          "content": "Det är viktigt att optimera prestandan, särskilt om många i organisationen arbetar på distans. \n\n**För administratörer** finns det en [kort kurs om hur du optimerar nätverket för Teams på Microsoft Learn](https://docs.microsoft.com/sv-se/learn/modules/m365-teams-rooms-optimize-network/) ."
        }
      },
      "id": "16e6cec8-b23d-46cf-a796-6564a849b7f8",
      "createdTime": "2021-01-14T16:00:29.86Z",
      "updatedTime": "2021-01-14T16:00:29.86Z",
      "createdUserId": "user-0",
      "updatedUserId": "user-0"
    }
  ]
}