{
  "intents": [
    {
      "endUserOverrideName": "Varför använda Teams?",
      "triggerQueries": [
        "Varför använda Teams?",
        "Vad kan man göra i Teams?",
        "Vad ska teams vara bra för?",
        "Varför ska man använda teams",
        "Vad är teams?",
        "Varför ska jag använda Teams?",
        "Vad är Microsoft Teams och varför ska jag använda det?"
      ],
      "dialogId": "new_topic_0d16815c615c4b1cbec50d8a9dc1c51b",
      "isTriggeringEnabled": true,
      "id": "new_topic_0d16815c615c4b1cbec50d8a9dc1c51b",
      "displayName": "Vad är Microsoft Teams och varför ska jag använda det?",
      "description": "",
      "createdTime": "2020-11-24T14:37:53.8220925Z",
      "updatedTime": "2020-12-10T14:24:24.4669979Z",
      "createdUserId": "f04d3cd9-b73d-4ba9-a1ed-9319eba29b21",
      "updatedUserId": "f04d3cd9-b73d-4ba9-a1ed-9319eba29b21"
    }
  ],
  "dialogs": [
    {
      "rootNodeId": "c8d6b69e-1fae-4b00-8d68-f94f75475ca9",
      "messageNodes": [
        {
          "botMessageId": "a9feab3a-827c-429c-86e9-78255ec8798f",
          "nodeType": "BotMessageNode",
          "id": "c8d6b69e-1fae-4b00-8d68-f94f75475ca9",
          "defaultTargetNodeId": "e4b67bbb-866f-48f5-b6b9-fd9d16a3b928"
        }
      ],
      "dialogChangeNodes": [
        {
          "targetDialogId": "new_topic_84ec227c19784e7ba25cb34f4638f91e_aeabea4d071f415c8c107e1cb7af5424_assumedsuccess",
          "nodeType": "DialogChangeNode",
          "id": "e4b67bbb-866f-48f5-b6b9-fd9d16a3b928"
        }
      ],
      "id": "new_topic_0d16815c615c4b1cbec50d8a9dc1c51b",
      "displayName": "Dialog for Vad är Microsoft Teams och varför ska jag använda det?",
      "createdTime": "2020-11-24T14:37:53.8220925Z",
      "updatedTime": "2020-11-24T14:37:53.8220925Z",
      "createdUserId": "f04d3cd9-b73d-4ba9-a1ed-9319eba29b21",
      "updatedUserId": "f04d3cd9-b73d-4ba9-a1ed-9319eba29b21"
    }
  ],
  "botMessages": [
    {
      "channelContent": {
        "web": {
          "contentFormat": "Markdown",
          "content": "Microsoft Teams är den ultimata meddelandeappen för din organisation; en arbetsyta för samarbete och kommunikation i realtid, möten, fil- och appdelning, till och med emojis och gif:ar! Allt på ett ställe och tillgängligt för alla.\r\n\r\nVarför du bör använda Teams:\r\n\r\n- Modern chatt med text, ljud, video och fildelning.\r\n- [Ha en privat chatt](https://support.microsoft.com/sv-se/office/start-a-chat-in-teams-0c71b32b-c050-4930-a887-5afbe742b3d8) för att utveckla en idé, [sedan dela den med hela org](https://support.microsoft.com/sv-se/office/learn-about-teams-and-channels-5e4fd702-85f5-48d7-ae14-98821a1f90d3) .\r\n- Lagra dina filer, dokument och mer [på ett ställe](https://support.microsoft.com/sv-se/office/explore-the-files-list-in-teams-287ba970-2bdf-473d-a2da-76247ea4cf8f) .\r\n- [Integrera dina favoritappar](https://support.microsoft.com/sv-se/office/five-things-to-know-about-apps-in-microsoft-teams-747492ee-7cdd-4115-a993-8c7e7f98a3d0) Planner, Trello, GitHub, och många fler."
        }
      },
      "id": "a9feab3a-827c-429c-86e9-78255ec8798f",
      "createdTime": "2020-11-24T14:37:53.8220925Z",
      "updatedTime": "2020-11-24T14:37:53.8220925Z",
      "createdUserId": "f04d3cd9-b73d-4ba9-a1ed-9319eba29b21",
      "updatedUserId": "f04d3cd9-b73d-4ba9-a1ed-9319eba29b21"
    }
  ]
}