{
  "intents": [
    {
      "triggerQueries": [
        "Ho Office, ma non vedo OneNote?",
        "Quale OneNote dovrei usare?",
        "Versioni di OneNote diverse, quale si applica?",
        "Non riesco a trovare OneNote",
        "OneNote per Windows 10",
        "Come ottengo OneNote?",
        "Come posso ottenere OneNote?"
      ],
      "dialogId": "new_topic_7e919fe1387a49e9ba14c4e87813ae3e",
      "isTriggeringEnabled": true,
      "id": "new_topic_7e919fe1387a49e9ba14c4e87813ae3e",
      "displayName": "Come posso ottenere OneNote?",
      "createdTime": "2022-04-29T22:05:53.9317314Z",
      "updatedTime": "2022-04-29T22:05:53.9317314Z",
      "createdUserId": "9451fc51-e00d-4445-8ff9-efb70866dc3b",
      "updatedUserId": "9451fc51-e00d-4445-8ff9-efb70866dc3b"
    }
  ],
  "dialogs": [
    {
      "rootNodeId": "942eafd1-b876-47e2-902a-8ebf44eb2985",
      "messageNodes": [
        {
          "botMessageId": "4a702771-a37b-4cf3-8c1a-ee35ce7d1260",
          "nodeType": "BotMessageNode",
          "id": "942eafd1-b876-47e2-902a-8ebf44eb2985",
          "defaultTargetNodeId": "81c0f2f6-90fc-401d-a956-35adb6bf3123"
        }
      ],
      "dialogChangeNodes": [
        {
          "targetDialogId": "new_topic_f98a24608ee04cb998de3e3e32703d5b_aeabea4d071f415c8c107e1cb7af5424_assumedsuccess",
          "nodeType": "DialogChangeNode",
          "id": "81c0f2f6-90fc-401d-a956-35adb6bf3123"
        }
      ],
      "id": "new_topic_7e919fe1387a49e9ba14c4e87813ae3e",
      "displayName": "Senza titolo",
      "createdTime": "2022-04-29T22:05:53.9317314Z",
      "updatedTime": "2022-04-29T22:05:53.9317314Z",
      "createdUserId": "9451fc51-e00d-4445-8ff9-efb70866dc3b",
      "updatedUserId": "9451fc51-e00d-4445-8ff9-efb70866dc3b"
    }
  ],
  "botMessages": [
    {
      "channelContent": {
        "web": {
          "contentFormat": "Markdown",
          "content": "A seconda del dispositivo che usi, [c'è un OneNote adatto alle tue esigenze](https://support.microsoft.com/it-it/office/what-s-the-difference-between-the-onenote-versions-a624e692-b78b-4c09-b07f-46181958118f).\n\n*   OneNote (precedentemente chiamato \"OneNote 2016\") è un'app desktop gratuita e parte di Office 2019 e Microsoft 365.\n*   OneNote per Windows 10 è preinstallato su tutte le edizioni di Windows 10 e può essere scaricato gratuitamente in [Microsoft Store](https://apps.microsoft.com/store/detail/onenote/9WZDNCRFHVJL?hl=it-it&gl=IT)"
        }
      },
      "id": "4a702771-a37b-4cf3-8c1a-ee35ce7d1260",
      "createdTime": "2022-04-29T22:01:09.732Z",
      "updatedTime": "2022-04-29T22:01:09.732Z"
    }
  ]
}