{
  "intents": [
    {
      "endUserOverrideName": "",
      "triggerQueries": [
        "how do I use the search bar?",
        "use the search in Teams",
        "use the search filters in Teams",
        "search in Teams",
        "How do I search teams?",
        "How can I search effectively in Teams?",
        "Can you give me tips on searching?",
        "How does search work?",
        "How does search and filtering work?",
        "How do I search in Teams?"
      ],
      "dialogId": "new_topic_0e32ece102dc43fc9d2b2a58d8059187",
      "isTriggeringEnabled": true,
      "id": "new_topic_0e32ece102dc43fc9d2b2a58d8059187",
      "displayName": "How do I search in Teams?",
      "description": "https://adoptbotv2kb.blob.core.windows.net/%24web/AdoptBot2021-English.docx",
      "createdTime": "2021-01-13T22:20:51.2381463Z",
      "updatedTime": "2021-01-27T22:32:18.9630213Z",
      "createdUserId": "f04d3cd9-b73d-4ba9-a1ed-9319eba29b21",
      "updatedUserId": "f04d3cd9-b73d-4ba9-a1ed-9319eba29b21"
    }
  ],
  "dialogs": [
    {
      "rootNodeId": "f728f3c8-21e4-4ad5-b345-b16557e3a4be",
      "messageNodes": [
        {
          "botMessageId": "5b81a749-2c42-409d-8146-c4995e99f515",
          "nodeType": "BotMessageNode",
          "id": "f728f3c8-21e4-4ad5-b345-b16557e3a4be",
          "defaultTargetNodeId": "e19351ef-66c3-400f-b14f-971057ec8da5"
        },
        {
          "botMessageId": "4ba2cbf0-b774-4fe6-9eb2-516db3a0533f",
          "nodeType": "BotMessageNode",
          "id": "e19351ef-66c3-400f-b14f-971057ec8da5",
          "defaultTargetNodeId": "8733d92f-39e2-45d7-9a25-5a3ed7dded42"
        },
        {
          "botMessageId": "2766a211-9063-4cc4-a27f-aeb95a0bd7dc",
          "nodeType": "BotMessageNode",
          "id": "e8c253ba-505f-475e-a862-3d51ca62ff86",
          "defaultTargetNodeId": "8a5c0969-3e19-47ee-beb2-2ffe6e5aa592"
        },
        {
          "botMessageId": "b502e4d7-86f2-448d-abd2-1a7f761911f6",
          "nodeType": "BotMessageNode",
          "id": "8a5c0969-3e19-47ee-beb2-2ffe6e5aa592",
          "defaultTargetNodeId": "3d13cc9e-3b5f-4ccf-8f4c-a8ca604a2c0d"
        },
        {
          "botMessageId": "ecc31b9d-1929-426e-8202-aefa08860624",
          "nodeType": "BotMessageNode",
          "id": "8733d92f-39e2-45d7-9a25-5a3ed7dded42",
          "defaultTargetNodeId": "e8c253ba-505f-475e-a862-3d51ca62ff86"
        }
      ],
      "dialogChangeNodes": [
        {
          "targetDialogId": "new_topic_eac3f49c99664313a9d9dc19d80a79a2_aeabea4d071f415c8c107e1cb7af5424_assumedsuccess",
          "nodeType": "DialogChangeNode",
          "id": "3d13cc9e-3b5f-4ccf-8f4c-a8ca604a2c0d"
        }
      ],
      "id": "new_topic_0e32ece102dc43fc9d2b2a58d8059187",
      "displayName": "Dialog for How do I search in Teams?",
      "createdTime": "2021-01-13T22:20:51.2381463Z",
      "updatedTime": "2021-01-27T22:39:03.3345306Z",
      "createdUserId": "f04d3cd9-b73d-4ba9-a1ed-9319eba29b21",
      "updatedUserId": "f04d3cd9-b73d-4ba9-a1ed-9319eba29b21"
    }
  ],
  "botMessages": [
    {
      "channelContent": {
        "web": {
          "contentFormat": "Markdown",
          "content": "[Search for messages and more in Teams](https://support.microsoft.com/en-us/office/search-for-messages-and-more-in-teams-4a351520-33f4-42ab-a5ee-5fc0ab88b263)"
        }
      },
      "id": "5b81a749-2c42-409d-8146-c4995e99f515",
      "createdTime": "2021-01-13T22:20:51.2381463Z",
      "updatedTime": "2021-01-13T22:20:51.2381463Z",
      "createdUserId": "f04d3cd9-b73d-4ba9-a1ed-9319eba29b21",
      "updatedUserId": "f04d3cd9-b73d-4ba9-a1ed-9319eba29b21"
    },
    {
      "channelContent": {
        "web": {
          "contentFormat": "Markdown",
          "content": "**From a computer 💻**  \nStart a search from the search box at the top of the app.  \nWhen you type a word or name, Teams will start showing suggestions.\n\nClick one of the suggestions, or press Enter to get a complete list of results. _You can filter the results._"
        }
      },
      "id": "4ba2cbf0-b774-4fe6-9eb2-516db3a0533f",
      "createdTime": "2021-01-27T22:27:41.847Z",
      "updatedTime": "2021-01-27T22:27:41.847Z",
      "createdUserId": "user-0",
      "updatedUserId": "user-0"
    },
    {
      "channelContent": {
        "web": {
          "contentFormat": "Markdown",
          "content": "You've got a few [search and filtering options](https://support.microsoft.com/en-us/office/search-for-messages-and-more-in-teams-4a351520-33f4-42ab-a5ee-5fc0ab88b263) to help you find messages, people, files, and other information shared in Teams."
        }
      },
      "id": "2766a211-9063-4cc4-a27f-aeb95a0bd7dc",
      "createdTime": "2021-01-27T22:28:38.94Z",
      "updatedTime": "2021-01-27T22:28:38.94Z",
      "createdUserId": "user-0",
      "updatedUserId": "user-0"
    },
    {
      "channelContent": {
        "web": {
          "contentFormat": "Markdown",
          "content": "💡 **Tip:** _Use **CTRL+F** or CMD+F (macOS) to find messages withing the chat or channel you're currently in._"
        }
      },
      "id": "b502e4d7-86f2-448d-abd2-1a7f761911f6",
      "createdTime": "2021-01-27T22:28:53.914Z",
      "updatedTime": "2021-01-27T22:28:53.914Z",
      "createdUserId": "user-0",
      "updatedUserId": "user-0"
    },
    {
      "channelContent": {
        "web": {
          "contentFormat": "Markdown",
          "content": "**From your phone 📲**  \nTap **Search** and enter a search term or phrase. Tap **Messages** or **People** to narrow your results."
        }
      },
      "id": "ecc31b9d-1929-426e-8202-aefa08860624",
      "createdTime": "2021-01-27T22:33:46.707Z",
      "updatedTime": "2021-01-27T22:33:46.707Z",
      "createdUserId": "user-0",
      "updatedUserId": "user-0"
    }
  ]
}