{
  "intents": [
    {
      "triggerQueries": [
        "Teams 팀즈 네트웍 네트워크 설정",
        "VPN Teams 팀즈 팀 실행",
        "Teams 팀즈 팀 품질 향상",
        "Teams 팀즈 팀 더 나은 품질",
        "Teams 팀즈 팀 VPN 설정",
        "Teams 팀즈 팀 네트웍 네트워크 품질",
        "Teams 팀즈 조직 네트워크 네트웍 최적화",
        "Microsoft Teams 마이크로소프트 팀즈 네트웍 최적화",
        "Teams 팀즈 더 나은 대역폭 Bandwidth",
        "Microsoft 365 마이크로소프트 365 대역폭 확대 증가",
        "Teams 팀즈 팀 Meeting 미팅 회의 품질 향상",
        "Microsoft 팀을 위해 네트워크를 최적화할 수 있습니다?"
      ],
      "dialogId": "new_topic_542acfececaa436289e8c6632be05e8e",
      "isTriggeringEnabled": true,
      "id": "new_topic_542acfececaa436289e8c6632be05e8e",
      "displayName": "Microsoft 팀을 위해 네트워크를 최적화할 수 있습니다?",
      "description": "https://adoptbotv2kb.blob.core.windows.net/%24web/adoptbot2021-Korean.docx",
      "createdTime": "2021-03-18T03:39:18.7476571Z",
      "updatedTime": "2021-04-03T12:46:15.4782925Z",
      "createdUserId": "e47109d8-0300-4e59-a90d-56bb29886c9e",
      "updatedUserId": "e47109d8-0300-4e59-a90d-56bb29886c9e"
    }
  ],
  "dialogs": [
    {
      "rootNodeId": "75df2800-3076-454e-99ad-72a414362b21",
      "messageNodes": [
        {
          "botMessageId": "ec4e4946-801e-4b8b-a597-d9840ec11aa6",
          "nodeType": "BotMessageNode",
          "id": "75df2800-3076-454e-99ad-72a414362b21",
          "defaultTargetNodeId": "90c6ce6d-9253-414f-ba94-34128031afce"
        },
        {
          "botMessageId": "a798739e-fd00-4ace-8128-1a55bf53fbb6",
          "nodeType": "BotMessageNode",
          "id": "90c6ce6d-9253-414f-ba94-34128031afce",
          "defaultTargetNodeId": "a5521b88-a34c-48d2-82b9-a064fabb1c08"
        },
        {
          "botMessageId": "7e7a5ff6-2ece-4fe4-a605-248856fbd739",
          "nodeType": "BotMessageNode",
          "id": "a5521b88-a34c-48d2-82b9-a064fabb1c08",
          "defaultTargetNodeId": "ad73c143-2ad9-46c3-a12d-86430347aba5"
        }
      ],
      "dialogChangeNodes": [
        {
          "targetDialogId": "new_topic_2bf23930c1d146129dfe38bacb94ccd0_aeabea4d071f415c8c107e1cb7af5424_assumedsuccess",
          "nodeType": "DialogChangeNode",
          "id": "ad73c143-2ad9-46c3-a12d-86430347aba5"
        }
      ],
      "id": "new_topic_542acfececaa436289e8c6632be05e8e",
      "displayName": "Dialog for Microsoft 팀을 위해 네트워크를 최적화할 수 있습니다?",
      "createdTime": "2021-03-18T03:39:18.7476571Z",
      "updatedTime": "2021-04-03T12:45:59.3770391Z",
      "createdUserId": "e47109d8-0300-4e59-a90d-56bb29886c9e",
      "updatedUserId": "e47109d8-0300-4e59-a90d-56bb29886c9e"
    }
  ],
  "botMessages": [
    {
      "channelContent": {
        "web": {
          "contentFormat": "Markdown",
          "content": "[이 가이드를 따라 Teams를 위한 조직의 네트워크를 준비하고 최적화합니다.](https://docs.microsoft.com/ko-kr/microsoftteams/prepare-network)"
        }
      },
      "id": "ec4e4946-801e-4b8b-a597-d9840ec11aa6",
      "createdTime": "2021-03-18T03:39:18.7476571Z",
      "updatedTime": "2021-03-18T03:39:18.7476571Z",
      "createdUserId": "e47109d8-0300-4e59-a90d-56bb29886c9e",
      "updatedUserId": "e47109d8-0300-4e59-a90d-56bb29886c9e"
    },
    {
      "channelContent": {
        "web": {
          "contentFormat": "Markdown",
          "content": "특히 조직의 많은 사람들이 원격으로 작업하는 경우 성능을 최적화하는 것이 중요합니다."
        }
      },
      "id": "a798739e-fd00-4ace-8128-1a55bf53fbb6",
      "createdTime": "2021-04-03T12:45:26.305Z",
      "updatedTime": "2021-04-03T12:45:26.305Z",
      "createdUserId": "user-0",
      "updatedUserId": "user-0"
    },
    {
      "channelContent": {
        "web": {
          "contentFormat": "Markdown",
          "content": "**관리자의 경우** [Microsoft Learn에서 네트워크를 최적화하는 방법에 대한 짧은 코스가 있습니다.](https://docs.microsoft.com/ko-kr/learn/modules/m365-teams-rooms-optimize-network/)"
        }
      },
      "id": "7e7a5ff6-2ece-4fe4-a605-248856fbd739",
      "createdTime": "2021-04-03T12:45:46.877Z",
      "updatedTime": "2021-04-03T12:45:46.877Z",
      "createdUserId": "user-0",
      "updatedUserId": "user-0"
    }
  ],
  "createdUtc": "0001-01-01T00:00:00Z"
}