{
  "intents": [
    {
      "endUserOverrideName": "Åpne chat i nytt vindu",
      "triggerQueries": [
        "pop up chat",
        "Få chat i eget vindu",
        "Løsne chat",
        "gruppechat i eget vindu",
        "Samtaler i eget vindu",
        "skrive til flere chatter samtidig",
        "Vise flere samtalevinduer samtidig",
        "Flere samtalevinduer på en gang",
        "Åpne chat i ny vindu",
        "Har mer enn en chat åpen på samme tid",
        "Lese flere chatter samtidig",
        "Skrive på flere chatter samtidig",
        "Flere chatter åpne på en gang",
        "Kan man åpne flere chatter samtidig?",
        "popup samtale",
        "Hvordan åpner jeg en popup-chat?"
      ],
      "dialogId": "new_topic_51b258800efb4999a824bef3299f525e",
      "isTriggeringEnabled": true,
      "id": "new_topic_51b258800efb4999a824bef3299f525e",
      "displayName": "Hvordan åpner jeg en popup-chat?",
      "description": "",
      "createdTime": "2021-04-12T14:56:39.2590776Z",
      "updatedTime": "2021-04-22T13:47:10.5111965Z",
      "createdUserId": "ef0c8b9a-eff1-49f8-92fa-fd1d3e15e1ba",
      "updatedUserId": "ef0c8b9a-eff1-49f8-92fa-fd1d3e15e1ba"
    }
  ],
  "dialogs": [
    {
      "rootNodeId": "f1c2ac6c-abae-4fa5-b868-293c5a3dd562",
      "messageNodes": [
        {
          "botMessageId": "9e9ba1b0-7d52-450d-ab40-ce3009a510ce",
          "nodeType": "BotMessageNode",
          "id": "f1c2ac6c-abae-4fa5-b868-293c5a3dd562",
          "defaultTargetNodeId": "bd698b20-795a-472b-8edc-974812ba4f9d"
        },
        {
          "botMessageId": "d2da3c7f-330c-42e7-881f-1a742b57a1ab",
          "nodeType": "BotMessageNode",
          "id": "836ce6d6-50e1-47e1-b5ee-0549c98dde84",
          "defaultTargetNodeId": "eb99ee3d-9816-49e7-81ef-6c85d503b928"
        },
        {
          "botMessageId": "721e9b8a-2825-492a-b074-3c6d4e820f5c",
          "nodeType": "BotMessageNode",
          "id": "eb99ee3d-9816-49e7-81ef-6c85d503b928",
          "defaultTargetNodeId": "0f34bca6-b4cd-49fc-8cf2-bf6757318a05"
        },
        {
          "botMessageId": "016cefc0-f84b-480f-a5fd-b917cc96cbb4",
          "nodeType": "BotMessageNode",
          "id": "bd698b20-795a-472b-8edc-974812ba4f9d",
          "defaultTargetNodeId": "74f1a8ea-c8b1-49a3-b5be-38e4f5570c36"
        },
        {
          "botMessageId": "cac1c61c-0285-4d25-8c3a-8fe3f41606c8",
          "nodeType": "BotMessageNode",
          "id": "74f1a8ea-c8b1-49a3-b5be-38e4f5570c36",
          "defaultTargetNodeId": "8618529e-82bb-4c66-ac6d-cb67b9a445d1"
        },
        {
          "botMessageId": "83792e26-69ab-4f78-a980-ef4db3cf9c85",
          "nodeType": "BotMessageNode",
          "id": "8618529e-82bb-4c66-ac6d-cb67b9a445d1",
          "defaultTargetNodeId": "836ce6d6-50e1-47e1-b5ee-0549c98dde84"
        }
      ],
      "dialogChangeNodes": [
        {
          "targetDialogId": "new_topic_89c49d37fd4c4c1c9144396960733ce1_aeabea4d071f415c8c107e1cb7af5424_assumedsuccess",
          "nodeType": "DialogChangeNode",
          "id": "0f34bca6-b4cd-49fc-8cf2-bf6757318a05"
        }
      ],
      "id": "new_topic_51b258800efb4999a824bef3299f525e",
      "displayName": "Dialog for Hvordan åpner jeg  en popup-chat?",
      "createdTime": "2021-04-12T14:56:39.2590776Z",
      "updatedTime": "2021-04-22T13:45:47.4212712Z",
      "createdUserId": "ef0c8b9a-eff1-49f8-92fa-fd1d3e15e1ba",
      "updatedUserId": "ef0c8b9a-eff1-49f8-92fa-fd1d3e15e1ba"
    }
  ],
  "botMessages": [
    {
      "channelContent": {
        "web": {
          "contentFormat": "Markdown",
          "content": "Det er flere måter man kan [åpne en chat eller gruppechat i et eget vindu.](https://support.microsoft.com/nb-no/office/pop-out-a-chat-in-teams-cff95cb0-34af-423f-8f69-fe9106973790)"
        }
      },
      "id": "9e9ba1b0-7d52-450d-ab40-ce3009a510ce",
      "createdTime": "2021-04-12T14:56:39.2590776Z",
      "updatedTime": "2021-04-12T14:56:39.2590776Z",
      "createdUserId": "ef0c8b9a-eff1-49f8-92fa-fd1d3e15e1ba",
      "updatedUserId": "ef0c8b9a-eff1-49f8-92fa-fd1d3e15e1ba"
    },
    {
      "channelContent": {
        "web": {
          "contentFormat": "Markdown",
          "content": "Dette er en fin måte å jobbe med flere ting samtidig. 👍"
        }
      },
      "id": "d2da3c7f-330c-42e7-881f-1a742b57a1ab",
      "createdTime": "2021-04-12T14:56:54.068Z",
      "updatedTime": "2021-04-12T14:56:54.068Z",
      "createdUserId": "user-0",
      "updatedUserId": "user-0"
    },
    {
      "channelContent": {
        "web": {
          "contentFormat": "Markdown",
          "content": "**Merk**: Du kan åpne flere chatter samtidig, men ikke den samme chatten to ganger."
        }
      },
      "id": "721e9b8a-2825-492a-b074-3c6d4e820f5c",
      "createdTime": "2021-04-12T14:57:11.395Z",
      "updatedTime": "2021-04-12T14:57:11.395Z",
      "createdUserId": "user-0",
      "updatedUserId": "user-0"
    },
    {
      "channelContent": {
        "web": {
          "contentFormat": "Markdown",
          "content": "**Ved å holde pekeren over en chat:**\n\n*   Når du holder musepekeren over en av chattene, vises **Løsne chat** ved siden av _**Flere alternativer…**_. \n*   Velg dette alternativet og et nytt vindu for samtaler åpnes."
        }
      },
      "id": "016cefc0-f84b-480f-a5fd-b917cc96cbb4",
      "createdTime": "2021-04-22T13:44:26.543Z",
      "updatedTime": "2021-04-22T13:44:26.543Z",
      "createdUserId": "user-0",
      "updatedUserId": "user-0"
    },
    {
      "channelContent": {
        "web": {
          "contentFormat": "Markdown",
          "content": "**Fra selve chatten:**\n\n*   Gå til øvre høyre hjørne av tekstsamtalen, og velg **Løsne chat**."
        }
      },
      "id": "cac1c61c-0285-4d25-8c3a-8fe3f41606c8",
      "createdTime": "2021-04-22T13:44:32.521Z",
      "updatedTime": "2021-04-22T13:44:32.521Z",
      "createdUserId": "user-0",
      "updatedUserId": "user-0"
    },
    {
      "channelContent": {
        "web": {
          "contentFormat": "Markdown",
          "content": "**Fra et profilbilde:**\n\n*   Dobbeltklikk på profilbildet til personen du vil ha en samtale med."
        }
      },
      "id": "83792e26-69ab-4f78-a980-ef4db3cf9c85",
      "createdTime": "2021-04-22T13:44:43.148Z",
      "updatedTime": "2021-04-22T13:44:43.148Z",
      "createdUserId": "user-0",
      "updatedUserId": "user-0"
    }
  ],
  "createdUtc": "0001-01-01T00:00:00Z"
}