{
  "intents": [
    {
      "endUserOverrideName": "Enregistrement de réunion",
      "triggerQueries": [
        "Qu'est-ce que l'enregistrement de réunion?",
        "Puis-je avoir la transcription d'une réunion enregistrée?",
        "Puis-je faire transcrire une réunion enregistrée?",
        "Puis-je enregistrer la réunion dans Teams?",
        "Puis-je enregistrer une réunion dans Teams?",
        "comment enregistrer une réunion dans Teams?",
        "Comment enregistrer la réunion dans Teams?",
        "Enregistrer des réunions dans Teams?",
        "Enregistrement de réunion dans Teams?"
      ],
      "dialogId": "new_topic_9cc5b529a85247dc9482a36d45e95f2b",
      "isTriggeringEnabled": true,
      "id": "new_topic_9cc5b529a85247dc9482a36d45e95f2b",
      "displayName": "Qu'est-ce que l'enregistrement de réunion Teams?",
      "description": "",
      "createdTime": "2021-01-13T22:20:51.2381463Z",
      "updatedTime": "2021-05-24T21:33:43.5759781Z",
      "createdUserId": "f04d3cd9-b73d-4ba9-a1ed-9319eba29b21",
      "updatedUserId": "a2c4aa2c-d830-41eb-bcf4-467a2c7e1279"
    }
  ],
  "dialogs": [
    {
      "rootNodeId": "8ad4744f-2042-42bf-b85e-f8066436fdea",
      "messageNodes": [
        {
          "botMessageId": "6c774730-443f-40ec-977b-9fc0125be7d8",
          "nodeType": "BotMessageNode",
          "id": "8ad4744f-2042-42bf-b85e-f8066436fdea",
          "defaultTargetNodeId": "3a025519-5a13-4b30-a426-ef6980a26e0a"
        },
        {
          "botMessageId": "137acc29-97c8-4cc1-8aae-514c9b247aad",
          "nodeType": "BotMessageNode",
          "id": "3a025519-5a13-4b30-a426-ef6980a26e0a",
          "defaultTargetNodeId": "7c18a9cb-91c5-4e2b-8b79-e7d4bb88676a"
        },
        {
          "botMessageId": "a5bd2dfc-ff8f-4547-a16d-6b5a72eb66c1",
          "nodeType": "BotMessageNode",
          "id": "7c18a9cb-91c5-4e2b-8b79-e7d4bb88676a",
          "defaultTargetNodeId": "2397d3fc-e59b-408e-a1f4-c28f5ba51dbb"
        },
        {
          "botMessageId": "e1a216d8-4fee-41d3-bbfc-f9b92061c529",
          "nodeType": "BotMessageNode",
          "id": "722e137e-5894-462b-a8a4-e01a53e82ed1",
          "defaultTargetNodeId": "1025e932-4ce0-4de8-8c96-e0bb6471212e"
        },
        {
          "botMessageId": "ce618521-2c1d-45bf-85e6-05060f0d0bae",
          "nodeType": "BotMessageNode",
          "id": "2397d3fc-e59b-408e-a1f4-c28f5ba51dbb",
          "defaultTargetNodeId": "722e137e-5894-462b-a8a4-e01a53e82ed1"
        }
      ],
      "dialogChangeNodes": [
        {
          "targetDialogId": "new_topic_eac3f49c99664313a9d9dc19d80a79a2_aeabea4d071f415c8c107e1cb7af5424_assumedsuccess",
          "nodeType": "DialogChangeNode",
          "id": "1025e932-4ce0-4de8-8c96-e0bb6471212e"
        }
      ],
      "id": "new_topic_9cc5b529a85247dc9482a36d45e95f2b",
      "displayName": "Dialog for Meeting recording in Teams?",
      "createdTime": "2021-01-13T22:20:51.2381463Z",
      "updatedTime": "2021-05-24T21:34:41.1521165Z",
      "createdUserId": "f04d3cd9-b73d-4ba9-a1ed-9319eba29b21",
      "updatedUserId": "a2c4aa2c-d830-41eb-bcf4-467a2c7e1279"
    }
  ],
  "botMessages": [
    {
      "channelContent": {
        "web": {
          "contentFormat": "Markdown",
          "content": "Dans Microsoft Teams, vous pouvez enregistrer des réunions Teams et des appels de groupe. Cela enregistre aussi les activités audio, video et partage d'écran\n\nVoici [Un Guide rapide pour comment faire 🎥.](https://support.microsoft.com/fr-fr/office/enregistrer-une-r%c3%a9union-dans-teams-34dfbe7f-b07d-4a27-b4c6-de62f1348c24?ui=fr-FR&rs=fr-FR&ad=FR)"
        }
      },
      "id": "6c774730-443f-40ec-977b-9fc0125be7d8",
      "createdTime": "2021-01-13T22:20:51.2381463Z",
      "updatedTime": "2021-01-13T22:20:51.2381463Z",
      "createdUserId": "f04d3cd9-b73d-4ba9-a1ed-9319eba29b21",
      "updatedUserId": "f04d3cd9-b73d-4ba9-a1ed-9319eba29b21"
    },
    {
      "channelContent": {
        "web": {
          "contentFormat": "Markdown",
          "content": "Il existe également une option permettant aux enregistrements d'avoir une transcription automatique, afin que les utilisateurs puissent lire les enregistrements de réunion avec des sous-titres et rechercher des éléments de discussion importants dans la transcription."
        }
      },
      "id": "137acc29-97c8-4cc1-8aae-514c9b247aad",
      "createdTime": "2021-01-26T23:13:58.575Z",
      "updatedTime": "2021-01-26T23:13:58.575Z",
      "createdUserId": "user-0",
      "updatedUserId": "user-0"
    },
    {
      "channelContent": {
        "web": {
          "contentFormat": "Markdown",
          "content": "**A noter!**\n\nLes enregistrements doivent être démarrés manuellement, sinon rien n'est enregistré dans une réunion Teams autre que les informations partagées dans le chat (si le chat est activé)."
        }
      },
      "id": "a5bd2dfc-ff8f-4547-a16d-6b5a72eb66c1",
      "createdTime": "2021-01-26T23:14:06.87Z",
      "updatedTime": "2021-01-26T23:14:06.87Z",
      "createdUserId": "user-0",
      "updatedUserId": "user-0"
    },
    {
      "channelContent": {
        "web": {
          "contentFormat": "Markdown",
          "content": "Pour plus de détails, vous pouvez [consulter cet article](https://docs.microsoft.com/fr-fr/microsoftteams/cloud-recording)"
        }
      },
      "id": "e1a216d8-4fee-41d3-bbfc-f9b92061c529",
      "createdTime": "2021-01-26T23:16:15.946Z",
      "updatedTime": "2021-01-26T23:16:15.946Z",
      "createdUserId": "user-0",
      "updatedUserId": "user-0"
    },
    {
      "channelContent": {
        "web": {
          "contentFormat": "Markdown",
          "content": "💡 Il est possible de demander le **démarrage automatique** de **l'enregistrement** en début de réunion via les options de réunion."
        }
      },
      "id": "ce618521-2c1d-45bf-85e6-05060f0d0bae",
      "createdTime": "2021-04-28T08:16:42.738Z",
      "updatedTime": "2021-04-28T08:16:42.738Z",
      "createdUserId": "user-0",
      "updatedUserId": "user-0"
    }
  ],
  "createdUtc": "0001-01-01T00:00:00Z"
}