{
  "intents": [
    {
      "endUserOverrideName": "Nombre maximum de membres",
      "triggerQueries": [
        "nombre maximum de personnes dans une équipe",
        "Quelle est la limite du nombre de membres pour une équipe Teams?",
        "Combien de membres une équipe peut-elle avoir?",
        "Quelle est la limite du nombre de membres pour une équipe?",
        "nombre maximum de membres dans une équipe",
        "combien de membres peuvent  être dans une équipe?",
        "Quelle peut être la taille d'une équipe?",
        "taille de l'équipe",
        "limite maximale de membres",
        "Combien de membres puis-je ajouter à mon équipe?",
        "Nombre maximum dans la même équipe?",
        "Puis-je ajouter tous les membres de mon équipe à la nouvelle équipe?",
        "nombre maximum de membres de l'équipe?",
        "limite maximale de personnes dans une équipe"
      ],
      "dialogId": "new_topic_7321abdb8bbe4c62bfe401624d24868e",
      "isTriggeringEnabled": true,
      "id": "new_topic_7321abdb8bbe4c62bfe401624d24868e",
      "displayName": "Quel est le nombre maximum de membres dans une équipe Teams?",
      "description": "",
      "createdTime": "2021-01-13T22:20:51.2371466Z",
      "updatedTime": "2023-12-13T11:25:36.059319Z",
      "createdUserId": "f04d3cd9-b73d-4ba9-a1ed-9319eba29b21",
      "updatedUserId": "c8d29cfd-efef-47c1-8e02-210c8be30c37"
    }
  ],
  "dialogs": [
    {
      "rootNodeId": "ddf12bbd-9e02-4866-addd-d8c5addf1c3b",
      "messageNodes": [
        {
          "botMessageId": "39778632-9268-4f57-878a-f67027c13794",
          "nodeType": "BotMessageNode",
          "id": "ddf12bbd-9e02-4866-addd-d8c5addf1c3b",
          "defaultTargetNodeId": "ddd671cd-6931-46c9-a987-466a9e841e5c"
        }
      ],
      "dialogChangeNodes": [
        {
          "targetDialogId": "new_topic_eac3f49c99664313a9d9dc19d80a79a2_aeabea4d071f415c8c107e1cb7af5424_assumedsuccess",
          "nodeType": "DialogChangeNode",
          "id": "ddd671cd-6931-46c9-a987-466a9e841e5c"
        }
      ],
      "id": "new_topic_7321abdb8bbe4c62bfe401624d24868e",
      "displayName": "Dialog for What is the maximum number of members I can have in a team?",
      "createdTime": "2021-01-13T22:20:51.2371466Z",
      "updatedTime": "2023-12-13T11:25:36.0593184Z",
      "createdUserId": "f04d3cd9-b73d-4ba9-a1ed-9319eba29b21",
      "updatedUserId": "c8d29cfd-efef-47c1-8e02-210c8be30c37"
    }
  ],
  "botMessages": [
    {
      "channelContent": {
        "web": {
          "contentFormat": "Markdown",
          "content": "Le nombre maximum de personnes par équipe Teams est de [25 000 personnes.](https://docs.microsoft.com/fr-fr/microsoftteams/limits-specifications-teams)\n\n💡 _Cliquez toujours sur le lien pour obtenir les dernières informations, car la limite peut avoir été augmentée._"
        }
      },
      "id": "39778632-9268-4f57-878a-f67027c13794",
      "createdTime": "2021-01-13T22:20:51.2371466Z",
      "updatedTime": "2021-01-13T22:20:51.2371466Z",
      "createdUserId": "f04d3cd9-b73d-4ba9-a1ed-9319eba29b21",
      "updatedUserId": "f04d3cd9-b73d-4ba9-a1ed-9319eba29b21"
    }
  ]
}