{
  "intents": [
    {
      "triggerQueries": [
        "Jak zmienić uprawnienia gościa?",
        "zmiana ustawień dla gościa",
        "zmień to, co mogą zrobić goście",
        "dostosowywanie uprawnień gości",
        "Jak ustawić uprawnienia gościa?",
        "Zmienianie uprawnień gościa",
        "Czy mogę ograniczyć to, co goście mogą robić w naszym zespole?",
        "Jak mogę zmienić uprawnienia gościa?"
      ],
      "dialogId": "new_topic_5d65e0bd6c604091bd500608907c780f",
      "isTriggeringEnabled": true,
      "id": "new_topic_5d65e0bd6c604091bd500608907c780f",
      "displayName": "Jak mogę zmienić uprawnienia gościa?",
      "description": "",
      "createdTime": "2021-09-26T17:18:29.5261265Z",
      "updatedTime": "2021-10-21T12:40:46.1637683Z",
      "createdUserId": "28fac8cb-bec7-48c9-a688-5024cf318b8a",
      "updatedUserId": "28fac8cb-bec7-48c9-a688-5024cf318b8a"
    }
  ],
  "dialogs": [
    {
      "rootNodeId": "f1bdd81c-b0a9-4812-88f5-8cd7d4876714",
      "messageNodes": [
        {
          "botMessageId": "a9cdb353-02cf-4a42-b08d-628ce540ac99",
          "nodeType": "BotMessageNode",
          "id": "f1bdd81c-b0a9-4812-88f5-8cd7d4876714",
          "defaultTargetNodeId": "baa33d34-c8a8-4d20-a2d3-2e693453fbcd"
        },
        {
          "botMessageId": "2c48f36f-978f-4a1d-9060-ee125c906a16",
          "nodeType": "BotMessageNode",
          "id": "baa33d34-c8a8-4d20-a2d3-2e693453fbcd",
          "defaultTargetNodeId": "2f5839b6-0708-45f9-a050-687fc286092b"
        }
      ],
      "dialogChangeNodes": [
        {
          "targetDialogId": "new_topic_d4ee79ce05584b519ee7d416fda7e2a3_aeabea4d071f415c8c107e1cb7af5424_assumedsuccess",
          "nodeType": "DialogChangeNode",
          "id": "2f5839b6-0708-45f9-a050-687fc286092b"
        }
      ],
      "id": "new_topic_5d65e0bd6c604091bd500608907c780f",
      "displayName": "Dialog for Jak mogę zmienić uprawnienia gościa?",
      "createdTime": "2021-09-26T17:18:29.5261265Z",
      "updatedTime": "2021-10-21T12:45:20.5568779Z",
      "createdUserId": "28fac8cb-bec7-48c9-a688-5024cf318b8a",
      "updatedUserId": "28fac8cb-bec7-48c9-a688-5024cf318b8a"
    }
  ],
  "botMessages": [
    {
      "channelContent": {
        "web": {
          "contentFormat": "Markdown",
          "content": "Jeśli **jesteś właścicielem zespołu**, możesz z[mienić ustawienia uprawnień gościa](https://support.microsoft.com/pl-pl/office/ustawianie-uprawnie%C5%84-go%C5%9Bcia-do-kana%C5%82%C3%B3w-w-aplikacji-teams-4756c468-2746-4bfd-a582-736d55fcc169), \n\n1.  Przejść do nazwy zespołu\n2.  Kliknij **Więcej** **opcji (...),**\n3.  Kliknij **Zarządzaj zespołem**.\n4.  Na karcie **Ustawienia** kliknij pozycję **Uprawnienia gościa**."
        }
      },
      "id": "a9cdb353-02cf-4a42-b08d-628ce540ac99",
      "createdTime": "2021-09-26T17:18:29.5261265Z",
      "updatedTime": "2021-09-26T17:18:29.5261265Z",
      "createdUserId": "28fac8cb-bec7-48c9-a688-5024cf318b8a",
      "updatedUserId": "28fac8cb-bec7-48c9-a688-5024cf318b8a"
    },
    {
      "channelContent": {
        "web": {
          "contentFormat": "Markdown",
          "content": "Jeśli jesteście ciekawi, oto podsumowanie [tego, co goście mogą robić w zespole Teams.](https://support.microsoft.com/pl-pl/office/funkcje-w%c5%82a%c5%9bciciela-zespo%c5%82u-cz%c5%82onka-oraz-go%c5%9bcia-w-us%c5%82udze-teams-d03fdf5b-1a6e-48e4-8e07-b13e1350ec7b?ui=pl-PL&rs=pl-PL&ad=PL)"
        }
      },
      "id": "2c48f36f-978f-4a1d-9060-ee125c906a16",
      "createdTime": "2021-10-21T12:45:00.579Z",
      "updatedTime": "2021-10-21T12:45:00.579Z",
      "createdUserId": "user-0",
      "updatedUserId": "user-0"
    }
  ]
}