{
  "intents": [
    {
      "endUserOverrideName": "Come usare i gruppi di lavoro?",
      "triggerQueries": [
        "Come usare i gruppi di lavoro?",
        "breakout rooms in Teams",
        "gruppo di lavoro",
        "gruppi più piccoli",
        "Come posso utilizzare le stanze di lavoro in Teams?",
        "Usare le stanze di lavoro durante le riunioni?",
        "stanze di lavoro",
        "gruppi più piccoli nelle riunioni",
        "gruppi piccoli nelle riunioni",
        "dividere l'incontro in gruppi più piccoli",
        "Come posso creare delle stanze di lavoro?",
        "Come posso creare stanze di lavoro più piccole?",
        "Come iniziare con i gruppi di lavoro?",
        "sessioni di lavoro",
        "Voglio creare dei gruppi di lavoro prima della riunione",
        "dividere la riunione in gruppi più piccoli",
        "Come posso usare i gruppi di lavoro?"
      ],
      "dialogId": "new_topic_49a163897e2c4534bbf5629c9efa3dc2",
      "isTriggeringEnabled": true,
      "id": "new_topic_49a163897e2c4534bbf5629c9efa3dc2",
      "displayName": "Come posso usare i gruppi di lavoro?",
      "createdTime": "2022-04-27T17:55:53.496004Z",
      "updatedTime": "2022-04-27T17:55:53.496004Z",
      "createdUserId": "9451fc51-e00d-4445-8ff9-efb70866dc3b",
      "updatedUserId": "9451fc51-e00d-4445-8ff9-efb70866dc3b"
    }
  ],
  "dialogs": [
    {
      "rootNodeId": "9244c567-a885-44cd-84bb-b43e6b9dae7b",
      "messageNodes": [
        {
          "botMessageId": "e14d5446-5884-49ba-9d5e-6695d4a96a43",
          "nodeType": "BotMessageNode",
          "id": "9244c567-a885-44cd-84bb-b43e6b9dae7b",
          "defaultTargetNodeId": "9102d977-5c88-4eb0-bdb1-48cfd8117463"
        }
      ],
      "dialogChangeNodes": [
        {
          "targetDialogId": "new_topic_f98a24608ee04cb998de3e3e32703d5b_aeabea4d071f415c8c107e1cb7af5424_assumedsuccess",
          "nodeType": "DialogChangeNode",
          "id": "9102d977-5c88-4eb0-bdb1-48cfd8117463"
        }
      ],
      "id": "new_topic_49a163897e2c4534bbf5629c9efa3dc2",
      "displayName": "Senza titolo",
      "createdTime": "2022-04-27T17:55:53.496004Z",
      "updatedTime": "2022-04-27T17:55:53.496004Z",
      "createdUserId": "9451fc51-e00d-4445-8ff9-efb70866dc3b",
      "updatedUserId": "9451fc51-e00d-4445-8ff9-efb70866dc3b"
    }
  ],
  "botMessages": [
    {
      "channelContent": {
        "web": {
          "contentFormat": "Markdown",
          "content": "I gruppi di lavoro sono utili in molti scenari di riunione.\n\n[Consulta questa guida su come utilizzare i gruppi di lavoro in Teams.](https://support.microsoft.com/it-it/office/usare-i-gruppi-di-lavoro-nelle-riunioni-teams-7de1f48a-da07-466c-a5ab-4ebace28e461)"
        }
      },
      "id": "e14d5446-5884-49ba-9d5e-6695d4a96a43",
      "createdTime": "2022-04-27T17:34:09.239Z",
      "updatedTime": "2022-04-27T17:34:09.239Z"
    }
  ]
}