{
  "intents": [
    {
      "endUserOverrideName": "限制團隊的建立權限",
      "triggerQueries": [
        "限制團隊的創造",
        "限制誰可以創造團隊",
        "限制新團隊的創造",
        "管理誰可以創造團隊",
        "在我的組織中限制團隊的創造",
        "創造團隊的核可流程",
        "創造團隊的限制",
        "防止使用者創造團隊",
        "停止創造新團隊",
        "停用創造新團隊的功能",
        "我們可以限制誰能創造團隊嗎",
        "Limit creation of new teams?",
        "Limit who can create Teams?",
        "Manage who can create teams",
        "Limit team creation within your organization",
        "approval process to create teams",
        "Restrictions on creating a team",
        "Stop creating new teams",
        "disable the creation of new teams",
        "Can we limit who can create Teams?"
      ],
      "dialogId": "new_topic_c3f51ce005914d64a6795d653079b420",
      "isTriggeringEnabled": true,
      "id": "new_topic_c3f51ce005914d64a6795d653079b420",
      "displayName": "我們可以限制誰可以創造團隊嗎",
      "description": "https://adoptbotv2kb.blob.core.windows.net/%24web/AdoptBot2021-English.docx",
      "createdTime": "2021-11-17T06:42:58.9655186Z",
      "updatedTime": "2021-11-18T17:44:50.2963825Z",
      "createdUserId": "9c968d43-f7c2-4e28-895c-1f6bcefcd8be",
      "updatedUserId": "9c968d43-f7c2-4e28-895c-1f6bcefcd8be"
    }
  ],
  "dialogs": [
    {
      "rootNodeId": "137dcd5b-3919-4172-92dc-443a02a18b01",
      "messageNodes": [
        {
          "botMessageId": "46044886-5909-4d9d-bcdc-7bb012e5b10d",
          "nodeType": "BotMessageNode",
          "id": "137dcd5b-3919-4172-92dc-443a02a18b01",
          "defaultTargetNodeId": "9fcd74e0-a455-4d6b-84b3-3c4ee9fae6e3"
        },
        {
          "botMessageId": "97e292f4-3fae-4168-9c6c-0d563f5270c3",
          "nodeType": "BotMessageNode",
          "id": "9fcd74e0-a455-4d6b-84b3-3c4ee9fae6e3",
          "defaultTargetNodeId": "af8e093a-bfe7-4fb8-bc06-9275880371e5"
        },
        {
          "botMessageId": "3b74e11d-d3b0-4912-be6d-9f0e6fbeb6e9",
          "nodeType": "BotMessageNode",
          "id": "af8e093a-bfe7-4fb8-bc06-9275880371e5",
          "defaultTargetNodeId": "e0579ba3-6858-4f48-9d46-31da764d6f3c"
        },
        {
          "botMessageId": "9b4d8256-e260-4ce3-993d-79a7259a627a",
          "nodeType": "BotMessageNode",
          "id": "e0579ba3-6858-4f48-9d46-31da764d6f3c",
          "defaultTargetNodeId": "8f5265e8-4983-4aa9-bb3f-bbb9747bd33e"
        },
        {
          "botMessageId": "0580362a-a2a7-4d5d-baa5-2ef7832154de",
          "nodeType": "BotMessageNode",
          "id": "8f5265e8-4983-4aa9-bb3f-bbb9747bd33e",
          "defaultTargetNodeId": "4b2ee329-d5bd-4a9f-9b6b-6027300bf7f6"
        }
      ],
      "dialogChangeNodes": [
        {
          "targetDialogId": "new_topic_e2d1671328b941dbb60fa7150059b1ee_aeabea4d071f415c8c107e1cb7af5424_assumedsuccess",
          "nodeType": "DialogChangeNode",
          "id": "4b2ee329-d5bd-4a9f-9b6b-6027300bf7f6"
        }
      ],
      "id": "new_topic_c3f51ce005914d64a6795d653079b420",
      "displayName": "Dialog for 我們可以限制誰可以創造團隊嗎",
      "createdTime": "2021-11-17T06:42:58.9655186Z",
      "updatedTime": "2021-11-17T06:43:44.4962475Z",
      "createdUserId": "9c968d43-f7c2-4e28-895c-1f6bcefcd8be",
      "updatedUserId": "9c968d43-f7c2-4e28-895c-1f6bcefcd8be"
    }
  ],
  "botMessages": [
    {
      "channelContent": {
        "web": {
          "contentFormat": "Markdown",
          "content": "_這個主題專為管理員設計_"
        }
      },
      "id": "46044886-5909-4d9d-bcdc-7bb012e5b10d",
      "createdTime": "2021-11-17T06:42:58.9655186Z",
      "updatedTime": "2021-11-17T06:42:58.9655186Z",
      "createdUserId": "9c968d43-f7c2-4e28-895c-1f6bcefcd8be",
      "updatedUserId": "9c968d43-f7c2-4e28-895c-1f6bcefcd8be"
    },
    {
      "channelContent": {
        "web": {
          "contentFormat": "Markdown",
          "content": "默認情況下，所有使用 Exchange Online 的使用者都有權在  Microsoft Teams 創建團隊。"
        }
      },
      "id": "97e292f4-3fae-4168-9c6c-0d563f5270c3",
      "createdTime": "2021-11-17T06:43:10.669Z",
      "updatedTime": "2021-11-17T06:43:10.669Z",
      "createdUserId": "user-0",
      "updatedUserId": "user-0"
    },
    {
      "channelContent": {
        "web": {
          "contentFormat": "Markdown",
          "content": "組織可以通過將團隊建立和管理權限授權給特定使用者來更嚴格地控制和限制新團隊的創建。"
        }
      },
      "id": "3b74e11d-d3b0-4912-be6d-9f0e6fbeb6e9",
      "createdTime": "2021-11-17T06:43:15.367Z",
      "updatedTime": "2021-11-17T06:43:15.367Z",
      "createdUserId": "user-0",
      "updatedUserId": "user-0"
    },
    {
      "channelContent": {
        "web": {
          "contentFormat": "Markdown",
          "content": "有關說明，請參閱「[管理誰可以創建 Microsoft 365 群組](https://docs.microsoft.com/zh-tw/microsoft-365/solutions/manage-creation-of-groups?view=o365-worldwide)」。"
        }
      },
      "id": "9b4d8256-e260-4ce3-993d-79a7259a627a",
      "createdTime": "2021-11-17T06:43:20.739Z",
      "updatedTime": "2021-11-17T06:43:20.739Z",
      "createdUserId": "user-0",
      "updatedUserId": "user-0"
    },
    {
      "channelContent": {
        "web": {
          "contentFormat": "Markdown",
          "content": "💡**Tip**：查看 Teams 應用程式「請求團隊」[請求團隊 - 免費應用範本](https://docs.microsoft.com/zh-tw/microsoftteams/platform/samples/app-templates)。"
        }
      },
      "id": "0580362a-a2a7-4d5d-baa5-2ef7832154de",
      "createdTime": "2021-11-17T06:43:27.368Z",
      "updatedTime": "2021-11-17T06:43:27.368Z",
      "createdUserId": "user-0",
      "updatedUserId": "user-0"
    }
  ]
}