{
  "intents": [
    {
      "endUserOverrideName": "Start a chat group",
      "triggerQueries": [
        "Start a chat group",
        "a chat group without a team",
        "starting group chat",
        "chat group",
        "creating a chat group",
        "creating private chat group",
        "Start group chat?",
        "how to fix a group chat",
        "Add people to a chat",
        "How do I start a group chat?"
      ],
      "dialogId": "new_topic_f1dbdc9959ee43afb1c765cf6ef00929",
      "isTriggeringEnabled": true,
      "id": "new_topic_f1dbdc9959ee43afb1c765cf6ef00929",
      "displayName": "How do I start a group chat?",
      "description": "https://adoptbotv2kb.blob.core.windows.net/%24web/AdoptBot2021-English.docx",
      "createdTime": "2021-01-13T22:20:51.2371466Z",
      "updatedTime": "2021-01-27T19:32:39.502078Z",
      "createdUserId": "f04d3cd9-b73d-4ba9-a1ed-9319eba29b21",
      "updatedUserId": "f04d3cd9-b73d-4ba9-a1ed-9319eba29b21"
    }
  ],
  "dialogs": [
    {
      "rootNodeId": "2cd9e077-293e-4d7b-82e3-1c9f82246d90",
      "messageNodes": [
        {
          "botMessageId": "dd9483bf-ce57-405e-aebe-286130ac5552",
          "nodeType": "BotMessageNode",
          "id": "2cd9e077-293e-4d7b-82e3-1c9f82246d90",
          "defaultTargetNodeId": "8071e047-a609-47f2-813f-27a7da479636"
        },
        {
          "botMessageId": "4ac0f1e0-c460-48dd-99d6-7853d9dbe036",
          "nodeType": "BotMessageNode",
          "id": "8071e047-a609-47f2-813f-27a7da479636",
          "defaultTargetNodeId": "e396f419-ac7a-4b27-b9ad-ee1f09d20d71"
        },
        {
          "botMessageId": "8f7b53cc-eab3-405e-912f-3d790f231793",
          "nodeType": "BotMessageNode",
          "id": "e396f419-ac7a-4b27-b9ad-ee1f09d20d71",
          "defaultTargetNodeId": "ce5a267e-97f8-463b-b113-984af6b75257"
        }
      ],
      "dialogChangeNodes": [
        {
          "targetDialogId": "new_topic_eac3f49c99664313a9d9dc19d80a79a2_aeabea4d071f415c8c107e1cb7af5424_assumedsuccess",
          "nodeType": "DialogChangeNode",
          "id": "ce5a267e-97f8-463b-b113-984af6b75257"
        }
      ],
      "id": "new_topic_f1dbdc9959ee43afb1c765cf6ef00929",
      "displayName": "Dialog for How do I start a group chat?",
      "createdTime": "2021-01-13T22:20:51.2371466Z",
      "updatedTime": "2021-01-27T19:34:00.837903Z",
      "createdUserId": "f04d3cd9-b73d-4ba9-a1ed-9319eba29b21",
      "updatedUserId": "f04d3cd9-b73d-4ba9-a1ed-9319eba29b21"
    }
  ],
  "botMessages": [
    {
      "channelContent": {
        "web": {
          "contentFormat": "Markdown",
          "content": "**To send a private message:**\n\n1.  From the Chat icon, Select **New chat** at the top of the app to start a new conversation.\n2.  In the To field, **type the name of the person or people you want to chat with**.\n3.  Compose your message and click Send."
        }
      },
      "id": "dd9483bf-ce57-405e-aebe-286130ac5552",
      "createdTime": "2021-01-13T22:20:51.2371466Z",
      "updatedTime": "2021-01-13T22:20:51.2371466Z",
      "createdUserId": "f04d3cd9-b73d-4ba9-a1ed-9319eba29b21",
      "updatedUserId": "f04d3cd9-b73d-4ba9-a1ed-9319eba29b21"
    },
    {
      "channelContent": {
        "web": {
          "contentFormat": "Markdown",
          "content": "**To add someone to a chat already in progress:**\n\n1.  Just click **Add people**.\n\nA group chat is then automatically created.\n\nYou choose whether the new person can see all, some, or no chat history."
        }
      },
      "id": "4ac0f1e0-c460-48dd-99d6-7853d9dbe036",
      "createdTime": "2021-01-27T19:30:18.921Z",
      "updatedTime": "2021-01-27T19:30:18.921Z",
      "createdUserId": "user-0",
      "updatedUserId": "user-0"
    },
    {
      "channelContent": {
        "web": {
          "contentFormat": "Markdown",
          "content": "💡 **Tip:** _Remember to name your group chat. It’ll be easier to find, and everyone understands what the topic is._"
        }
      },
      "id": "8f7b53cc-eab3-405e-912f-3d790f231793",
      "createdTime": "2021-01-27T19:30:48.156Z",
      "updatedTime": "2021-01-27T19:30:48.156Z",
      "createdUserId": "user-0",
      "updatedUserId": "user-0"
    }
  ]
}