{
  "intents": [
    {
      "endUserOverrideName": "Gäste zu einem Team hinzufügen",
      "triggerQueries": [
        "Wie kann ich einen Gast zu einem Team hinzufügen?",
        "externe Mitglieder zu einem Team hinzufügen",
        "Wie kann ich jemanden außerhalb meines Unternehmens zu einem Team hinzufügen?",
        "Kann keine Gäste hinzufügen",
        "Gäste zum Team hinzufügen",
        "Ich kann keine Gäste einladen!",
        "Wie kann ich Gäste zu einem Team hinzufügen?"
      ],
      "dialogId": "new_topic_62a81302187a4d04aed65428fd08c1bb",
      "isTriggeringEnabled": true,
      "id": "new_topic_62a81302187a4d04aed65428fd08c1bb",
      "displayName": "Wie kann ich Gäste zu einem Team hinzufügen?",
      "description": "https://adoptbotv2kb.blob.core.windows.net/%24web/AdoptBot2021-English.docx",
      "createdTime": "2021-04-19T09:45:38.6781848Z",
      "updatedTime": "2021-04-19T09:51:45.7867798Z",
      "createdUserId": "86360cd1-faa6-4d16-8a0c-ba3116c8a977"
    }
  ],
  "dialogs": [
    {
      "rootNodeId": "afff44bd-1a0b-4b02-84ba-3df7f3dc80e4",
      "messageNodes": [
        {
          "botMessageId": "d0369975-8b48-4298-a0a7-d0bcffc0d67a",
          "nodeType": "BotMessageNode",
          "id": "afff44bd-1a0b-4b02-84ba-3df7f3dc80e4",
          "defaultTargetNodeId": "8493a11a-1a0d-4332-9c63-3d1ba5cfcf5e"
        },
        {
          "botMessageId": "658f2e28-88a3-42af-af65-25cd971cb604",
          "nodeType": "BotMessageNode",
          "id": "8493a11a-1a0d-4332-9c63-3d1ba5cfcf5e",
          "defaultTargetNodeId": "38ff3363-22a7-42f0-91db-4b1733331951"
        },
        {
          "botMessageId": "5a79048b-92af-48ef-b614-d86eecd23a68",
          "nodeType": "BotMessageNode",
          "id": "38ff3363-22a7-42f0-91db-4b1733331951",
          "defaultTargetNodeId": "c9102cde-a9fe-451e-865a-b95b6acde101"
        },
        {
          "botMessageId": "d9c73977-342c-4441-abf9-5809abe21fa7",
          "nodeType": "BotMessageNode",
          "id": "c9102cde-a9fe-451e-865a-b95b6acde101",
          "defaultTargetNodeId": "7927413f-a419-49aa-bec3-827ddc246ca8"
        },
        {
          "botMessageId": "20486af1-370e-453c-988d-1df22b3d5693",
          "nodeType": "BotMessageNode",
          "id": "7927413f-a419-49aa-bec3-827ddc246ca8",
          "defaultTargetNodeId": "0887c0b4-aa19-4d1a-824d-f3cc81eb1c8f"
        }
      ],
      "dialogChangeNodes": [
        {
          "targetDialogId": "new_topic_30867099f4b543d3b8543a85c22c3418_aeabea4d071f415c8c107e1cb7af5424_assumedsuccess",
          "nodeType": "DialogChangeNode",
          "id": "0887c0b4-aa19-4d1a-824d-f3cc81eb1c8f"
        }
      ],
      "id": "new_topic_62a81302187a4d04aed65428fd08c1bb",
      "displayName": "Dialog for Wie kann ich Gäste zu einem Team hinzufügen?",
      "createdTime": "2021-04-19T09:45:38.6781848Z",
      "updatedTime": "2021-04-19T09:52:56.589237Z",
      "createdUserId": "86360cd1-faa6-4d16-8a0c-ba3116c8a977",
      "updatedUserId": "86360cd1-faa6-4d16-8a0c-ba3116c8a977"
    }
  ],
  "botMessages": [
    {
      "channelContent": {
        "web": {
          "contentFormat": "Markdown",
          "content": "Wenn Sie ein **Teambesitzer** sind, können Sie externe Gäste in Ihr Team einladen."
        }
      },
      "id": "d0369975-8b48-4298-a0a7-d0bcffc0d67a",
      "createdTime": "2021-04-19T09:45:38.6781848Z",
      "updatedTime": "2021-04-19T09:45:38.6781848Z",
      "createdUserId": "86360cd1-faa6-4d16-8a0c-ba3116c8a977",
      "updatedUserId": "86360cd1-faa6-4d16-8a0c-ba3116c8a977"
    },
    {
      "channelContent": {
        "web": {
          "contentFormat": "Markdown",
          "content": "_**Hinweis**: Wenn Sie beim Versuch, einen Gast hinzuzufügen, eine Fehlermeldung erhalten, lässt Ihr Unternehmen keine Gäste zu._"
        }
      },
      "id": "658f2e28-88a3-42af-af65-25cd971cb604",
      "createdTime": "2021-04-19T09:46:08.343Z",
      "updatedTime": "2021-04-19T09:46:08.343Z",
      "createdUserId": "user-0",
      "updatedUserId": "user-0"
    },
    {
      "channelContent": {
        "web": {
          "contentFormat": "Markdown",
          "content": "[Hinzufügen eines Gastes zu Ihrem Team](https://support.microsoft.com/de-de/office/hinzuf%c3%bcgen-von-g%c3%a4sten-zu-einem-team-in-teams-fccb4fa6-f864-4508-bdde-256e7384a14f?ui=de-DE&rs=de-DE&ad=DE)\n\n1.  Wählen Sie **Teams** und suchen Sie Ihr Team in der Teamliste.\n2.  Wählen Sie **Weitere Optionen** **(...)**\n3.  Wählen Sie **Mitglieder hinzufügen**\n4.  Geben Sie die E-Mail des Gastes ein und wählen Sie X als Gast hinzufügen.\n5.  Klicken Sie auf das Stiftsymbol, um Ihrem Gast einen ansprechenden Namen wie \"Vorname Nachname\" zu geben, **bevor** Sie auf **Hinzufügen** klicken."
        }
      },
      "id": "5a79048b-92af-48ef-b614-d86eecd23a68",
      "createdTime": "2021-04-19T09:46:53.357Z",
      "updatedTime": "2021-04-19T09:46:53.357Z",
      "createdUserId": "user-0",
      "updatedUserId": "user-0"
    },
    {
      "channelContent": {
        "web": {
          "contentFormat": "Markdown",
          "content": "**💡 Tipp:** Seien Sie nett zu Ihren Gästen. Ein sprechender Name wie \"Vorname Nachname\" ermöglicht es Ihnen auch, Gäste namentlich zu @erwähnen."
        }
      },
      "id": "d9c73977-342c-4441-abf9-5809abe21fa7",
      "createdTime": "2021-04-19T09:50:35.334Z",
      "updatedTime": "2021-04-19T09:50:35.334Z",
      "createdUserId": "user-0",
      "updatedUserId": "user-0"
    },
    {
      "channelContent": {
        "web": {
          "contentFormat": "Markdown",
          "content": "Wenn Sie Gäste in Ihrem Team haben, sind Sie vielleicht neugierig, [was Ihr Gast tun kann](https://support.microsoft.com/de-de/office/funktionen-f%c3%bcr-teambesitzer-mitglieder-und-g%c3%a4ste-in-teams-d03fdf5b-1a6e-48e4-8e07-b13e1350ec7b?ui=de-DE&rs=de-DE&ad=DE), während er/sie hier ist, oder [welche Einstellungen Sie für Ihre Gäste ändern können](https://support.microsoft.com/de-de/office/einrichten-von-gastberechtigungen-f%c3%bcr-kan%c3%a4le-in-teams-4756c468-2746-4bfd-a582-736d55fcc169?ui=de-DE&rs=de-DE&ad=DE)."
        }
      },
      "id": "20486af1-370e-453c-988d-1df22b3d5693",
      "createdTime": "2021-04-19T09:51:40.094Z",
      "updatedTime": "2021-04-19T09:51:40.094Z",
      "createdUserId": "user-0",
      "updatedUserId": "user-0"
    }
  ],
  "createdUtc": "0001-01-01T00:00:00Z"
}