{
  "intents": [
    {
      "endUserOverrideName": "Max. Mitglieder im Team",
      "triggerQueries": [
        "Wie viele Mitglieder kann ich maximal in einem Team haben?",
        "maximale Anzahl von Teammitgliedern?",
        "Kann ich alle meine Teammitglieder zum neuen Team hinzufügen?",
        "Maximale Anzahl im selben Team?",
        "Wie viele Mitglieder kann ich meinem Team hinzufügen?",
        "Maximale Anzahl der Mitglieder",
        "Größe des Teams",
        "Wie groß kann ein Team sein?",
        "Wie viele können Sie in einem Team sein?",
        "maximale Anzahl von Mitgliedern in einem Team",
        "Wie viele Mitglieder kann ich maximal in einem Team haben?",
        "Was ist das Mitgliederlimit für ein Team?",
        "Wie viele Mitglieder kann ein Team haben?"
      ],
      "dialogId": "new_topic_2dfbc338dd5149539ba6cb6812b017fb",
      "isTriggeringEnabled": true,
      "id": "new_topic_2dfbc338dd5149539ba6cb6812b017fb",
      "displayName": "Wie viele Mitglieder kann ich maximal in einem Team haben?",
      "description": "",
      "createdTime": "2021-04-15T11:35:21.7055445Z",
      "updatedTime": "2021-04-22T06:26:08.0096253Z",
      "createdUserId": "d4c65e50-fb5c-4311-830a-05b59a11dd48",
      "updatedUserId": "86360cd1-faa6-4d16-8a0c-ba3116c8a977"
    }
  ],
  "dialogs": [
    {
      "rootNodeId": "5bbf9ac6-09e1-46ea-ba68-396ad150ff64",
      "messageNodes": [
        {
          "botMessageId": "7898c6b3-bc63-41c2-8756-cde374beb7af",
          "nodeType": "BotMessageNode",
          "id": "5bbf9ac6-09e1-46ea-ba68-396ad150ff64",
          "defaultTargetNodeId": "0ca679ba-0084-4bd4-8a6c-8d5b46636067"
        }
      ],
      "dialogChangeNodes": [
        {
          "targetDialogId": "new_topic_30867099f4b543d3b8543a85c22c3418_aeabea4d071f415c8c107e1cb7af5424_assumedsuccess",
          "nodeType": "DialogChangeNode",
          "id": "0ca679ba-0084-4bd4-8a6c-8d5b46636067"
        }
      ],
      "id": "new_topic_2dfbc338dd5149539ba6cb6812b017fb",
      "displayName": "Dialog for Wie viele Mitglieder kann ich maximal in einem Team haben?",
      "createdTime": "2021-04-15T11:35:21.7055445Z",
      "updatedTime": "2021-04-21T18:19:45.42141Z",
      "createdUserId": "d4c65e50-fb5c-4311-830a-05b59a11dd48",
      "updatedUserId": "86360cd1-faa6-4d16-8a0c-ba3116c8a977"
    }
  ],
  "botMessages": [
    {
      "channelContent": {
        "web": {
          "contentFormat": "Markdown",
          "content": "[Die maximale Anzahl von Mitgliedern eines Teams](https://docs.microsoft.com/de-de/microsoftteams/limits-specifications-teams) beträgt 25.000 Personen (Anfang 2021).\n\n💡 Klicken Sie immer auf den Link um die neuesten Informationen zu erfahren. Das Limit wurde möglicherweise angehoben."
        }
      },
      "id": "7898c6b3-bc63-41c2-8756-cde374beb7af",
      "createdTime": "2021-04-15T11:35:21.7055445Z",
      "updatedTime": "2021-04-15T11:35:21.7055445Z",
      "createdUserId": "d4c65e50-fb5c-4311-830a-05b59a11dd48",
      "updatedUserId": "d4c65e50-fb5c-4311-830a-05b59a11dd48"
    }
  ]
}