{
  "intents": [
    {
      "endUserOverrideName": "Planner 和 To Do (Teams 中的任務管理應用程式)",
      "triggerQueries": [
        "Explain the tasks app in teams",
        "Tasks app for Planner and To Do",
        "How are planner and todo connected in Teams?",
        "tasks app in Microsoft Teams",
        "Tasks by planner and To Do",
        "planning tools for groups",
        "Planner i Teams?",
        "I want to use Planner",
        "move our planner to teams",
        "work with planner in Teams",
        "access our planner via teams",
        "handing out tasks in Planner",
        "use planner in the team?",
        "從Teams開planner",
        "把planner移到Teams",
        "群組planner",
        "To Do 和 Teams",
        "planner and teams",
        "todo",
        "planner",
        "task",
        "Teams task app",
        "Teams工作程式",
        "工作程式",
        "簡述Teams中工作安排應用程式",
        "To Do和Planner工作安排工具",
        "Planner和To Do怎麼和Teams連結",
        "Teams中工作應用程式",
        "使用Planner和To Do的工作",
        "團體排程工具",
        "Teams裡的Planner",
        "我要使用Planner",
        "將Planner移至Teams",
        "在Teams中使用Planner",
        "用Teams查看Planner",
        "用Planner分配工作",
        "在團隊中使用Planner",
        "我可以在Teams中使用Planner嗎"
      ],
      "dialogId": "new_topic_5216a1ef13b24dee84863272b7f21f4f",
      "isTriggeringEnabled": true,
      "id": "new_topic_5216a1ef13b24dee84863272b7f21f4f",
      "displayName": "在Teams中使用Planner",
      "description": "https://adoptbotv2kb.blob.core.windows.net/%24web/AdoptBot2021-English.docx",
      "createdTime": "2021-11-17T03:33:52.6566864Z",
      "updatedTime": "2021-11-17T03:35:07.086909Z",
      "createdUserId": "9c968d43-f7c2-4e28-895c-1f6bcefcd8be",
      "updatedUserId": "9c968d43-f7c2-4e28-895c-1f6bcefcd8be"
    }
  ],
  "dialogs": [
    {
      "rootNodeId": "0e357d2f-5e66-4323-8c25-a27ea77f448f",
      "messageNodes": [
        {
          "botMessageId": "24ece2b9-3d15-4ec3-a29f-d42612e69715",
          "nodeType": "BotMessageNode",
          "id": "0e357d2f-5e66-4323-8c25-a27ea77f448f",
          "defaultTargetNodeId": "f438a084-7458-43cc-95aa-26c7177454a1"
        },
        {
          "botMessageId": "ea717485-6fb5-4b9a-812f-e560cea62c77",
          "nodeType": "BotMessageNode",
          "id": "f438a084-7458-43cc-95aa-26c7177454a1",
          "defaultTargetNodeId": "4f085035-188f-4db3-ae75-d1014e2f3e31"
        },
        {
          "botMessageId": "240cc6d6-b8d3-4ab7-ac07-09e34b14e25d",
          "nodeType": "BotMessageNode",
          "id": "4f085035-188f-4db3-ae75-d1014e2f3e31",
          "defaultTargetNodeId": "becd0869-c8dd-4c31-9783-67edd28ffa5f"
        },
        {
          "botMessageId": "7ba10e82-0a81-4421-b45d-10b01a82c7e9",
          "nodeType": "BotMessageNode",
          "id": "becd0869-c8dd-4c31-9783-67edd28ffa5f",
          "defaultTargetNodeId": "632a0834-6195-4358-a43b-00b68a9a5f01"
        }
      ],
      "dialogChangeNodes": [
        {
          "targetDialogId": "new_topic_e2d1671328b941dbb60fa7150059b1ee_aeabea4d071f415c8c107e1cb7af5424_assumedsuccess",
          "nodeType": "DialogChangeNode",
          "id": "632a0834-6195-4358-a43b-00b68a9a5f01"
        }
      ],
      "id": "new_topic_5216a1ef13b24dee84863272b7f21f4f",
      "displayName": "Dialog for 在Teams中使用Planner",
      "createdTime": "2021-11-17T03:33:52.6566864Z",
      "updatedTime": "2021-11-17T03:35:07.086909Z",
      "createdUserId": "9c968d43-f7c2-4e28-895c-1f6bcefcd8be",
      "updatedUserId": "9c968d43-f7c2-4e28-895c-1f6bcefcd8be"
    }
  ],
  "botMessages": [
    {
      "channelContent": {
        "web": {
          "contentFormat": "Markdown",
          "content": "好消息，Teams、Planner 和 To Do 可以做融合使用。詳情請見[在Teams中使用工作應用程式](https://support.microsoft.com/zh-tw/office/use-the-tasks-app-in-teams-e32639f3-2e07-4b62-9a8c-fd706c12c070)。"
        }
      },
      "id": "24ece2b9-3d15-4ec3-a29f-d42612e69715",
      "createdTime": "2021-11-17T03:33:52.6566864Z",
      "updatedTime": "2021-11-17T03:33:52.6566864Z",
      "createdUserId": "9c968d43-f7c2-4e28-895c-1f6bcefcd8be",
      "updatedUserId": "9c968d43-f7c2-4e28-895c-1f6bcefcd8be"
    },
    {
      "channelContent": {
        "web": {
          "contentFormat": "Markdown",
          "content": "若要使用此功能，請新增 Planner 索引標籤到 Teams 中。"
        }
      },
      "id": "ea717485-6fb5-4b9a-812f-e560cea62c77",
      "createdTime": "2021-11-17T03:34:30.495Z",
      "updatedTime": "2021-11-17T03:34:30.495Z",
      "createdUserId": "user-0",
      "updatedUserId": "user-0"
    },
    {
      "channelContent": {
        "web": {
          "contentFormat": "Markdown",
          "content": "選擇 Planner 並完成下列其中之一:\n\n*   點擊新增計畫，並編輯名稱和計畫版。\n*   點擊使用現有計畫，並從計畫版中選取現有的計畫。"
        }
      },
      "id": "240cc6d6-b8d3-4ab7-ac07-09e34b14e25d",
      "createdTime": "2021-11-17T03:34:34.892Z",
      "updatedTime": "2021-11-17T03:34:34.892Z",
      "createdUserId": "user-0",
      "updatedUserId": "user-0"
    },
    {
      "channelContent": {
        "web": {
          "contentFormat": "Markdown",
          "content": "若您想了解更多關於管理 Planner 的功能，請見[在Teams中使用Planner](https://support.microsoft.com/zh-tw/office/anv%C3%A4nda-planner-i-microsoft-teams-62798a9f-e8f7-4722-a700-27dd28a06ee0)。"
        }
      },
      "id": "7ba10e82-0a81-4421-b45d-10b01a82c7e9",
      "createdTime": "2021-11-17T03:34:41.973Z",
      "updatedTime": "2021-11-17T03:34:41.973Z",
      "createdUserId": "user-0",
      "updatedUserId": "user-0"
    }
  ]
}