{
  "intents": [
    {
      "endUserOverrideName": "Tableau blanc dans Teams",
      "triggerQueries": [
        "Tableau blanc",
        "Microsoft Whiteboard",
        "utiliser le tableau blanc dans une réunion",
        "Comment utiliser le tableau blanc dans une réunion",
        "Tableau blanc dans Teams",
        "Comment faire une session de brainstorming avec un tableau blanc",
        "Partager un tableau blanc",
        "Comment démarrer un tableau blanc",
        "Comment dessiner tous ensemble dans Teams",
        "Dessiner durant une réunion",
        "Post-it dans une réunion",
        "Y a-t-il un tableau blanc",
        "Comment utiliser le tableau blanc"
      ],
      "dialogId": "new_topic_89878725627f4ea3ad142390d0f36448",
      "isTriggeringEnabled": true,
      "id": "new_topic_89878725627f4ea3ad142390d0f36448",
      "displayName": "Whiteboard dans Teams?",
      "description": "",
      "createdTime": "2021-01-13T22:20:51.2381463Z",
      "updatedTime": "2023-12-13T11:29:16.0613835Z",
      "createdUserId": "f04d3cd9-b73d-4ba9-a1ed-9319eba29b21",
      "updatedUserId": "c8d29cfd-efef-47c1-8e02-210c8be30c37"
    }
  ],
  "dialogs": [
    {
      "rootNodeId": "bd51644e-dc0a-43d2-93b9-d38cb2b957b3",
      "messageNodes": [
        {
          "botMessageId": "40ea3d63-6154-46d9-a888-e00ef04fc763",
          "nodeType": "BotMessageNode",
          "id": "bd51644e-dc0a-43d2-93b9-d38cb2b957b3",
          "defaultTargetNodeId": "1c0bb3a6-8679-4f52-9e2c-2968947751de"
        },
        {
          "botMessageId": "e8b34b71-ce76-4bfe-b7f2-cea7202cdaef",
          "nodeType": "BotMessageNode",
          "id": "1c0bb3a6-8679-4f52-9e2c-2968947751de",
          "defaultTargetNodeId": "f6876dc3-1e6b-4ab4-9680-5f8bd10b0519"
        }
      ],
      "dialogChangeNodes": [
        {
          "targetDialogId": "new_topic_eac3f49c99664313a9d9dc19d80a79a2_aeabea4d071f415c8c107e1cb7af5424_assumedsuccess",
          "nodeType": "DialogChangeNode",
          "id": "f6876dc3-1e6b-4ab4-9680-5f8bd10b0519"
        }
      ],
      "id": "new_topic_89878725627f4ea3ad142390d0f36448",
      "displayName": "Dialog for How do I use Whiteboard in Teams?",
      "createdTime": "2021-01-13T22:20:51.2381463Z",
      "updatedTime": "2023-12-13T11:29:16.0613831Z",
      "createdUserId": "f04d3cd9-b73d-4ba9-a1ed-9319eba29b21",
      "updatedUserId": "c8d29cfd-efef-47c1-8e02-210c8be30c37"
    }
  ],
  "botMessages": [
    {
      "channelContent": {
        "web": {
          "contentFormat": "Markdown",
          "content": "**Utiliser le tableau blanc Microsoft**\n\nChaque réunion Teams a un tableau blanc dédié où les participants peuvent dessiner ensemble et ajouter des post-its.\n\nVous trouverez plus d'informations au lien ci-contre : [Utiliser le tableau blanc dans Teams](https://support.microsoft.com/fr-fr/office/7a6e7218-e9dc-4ccc-89aa-b1a0bb9c31ee)."
        }
      },
      "id": "40ea3d63-6154-46d9-a888-e00ef04fc763",
      "createdTime": "2021-01-27T21:43:12.455Z",
      "updatedTime": "2021-01-27T21:43:12.455Z",
      "createdUserId": "user-0",
      "updatedUserId": "user-0"
    },
    {
      "channelContent": {
        "web": {
          "contentFormat": "Markdown",
          "content": "**Lorsque vous avez partagé un tableau blanc,** la réunion aura un nouvel onglet associé pour que les participants puissent le retrouver plus tard."
        }
      },
      "id": "e8b34b71-ce76-4bfe-b7f2-cea7202cdaef",
      "createdTime": "2021-01-27T21:51:34.815Z",
      "updatedTime": "2021-01-27T21:51:34.815Z",
      "createdUserId": "user-0",
      "updatedUserId": "user-0"
    }
  ]
}