{
  "intents": [
    {
      "intentType": "Regular",
      "endUserOverrideName": "Öppna filer från 365 i gamla Office-versioner?",
      "triggerQueries": [
        "Öppna nya filer från 365 i gamla Office-versioner?",
        "Öppna nya filer i gamla versioner av Office?",
        "Öppna nya dokument i gamla versioner av office?",
        "Kan jag jobba med någon som har gamla office?",
        "Öppna mina dokument i gamla versioner av office",
        "Kan gamla office öppna nya filer?",
        "Kan personer med tidigare versioner av Office öppna dokument som jag har skapat med hjälp av Office 365?"
      ],
      "dialogId": "new_topic_195dc3d5514e4fecad26d6da105f4f28",
      "isTriggeringEnabled": true,
      "id": "new_topic_195dc3d5514e4fecad26d6da105f4f28",
      "displayName": "Kan personer med tidigare versioner av Office öppna dokument som jag har skapat med hjälp av Office 365?",
      "description": "",
      "createdTime": "2020-11-24T14:37:53.8220925Z",
      "updatedTime": "2020-12-11T10:47:06.6044083Z",
      "createdUserId": "f04d3cd9-b73d-4ba9-a1ed-9319eba29b21",
      "updatedUserId": "f04d3cd9-b73d-4ba9-a1ed-9319eba29b21"
    }
  ],
  "dialogs": [
    {
      "rootNodeId": "47b961a5-0546-4da8-b55f-87a4d7a9acac",
      "messageNodes": [
        {
          "botMessageId": "0a7d3cb1-cab8-4886-871c-c33941e07525",
          "nodeType": "BotMessageNode",
          "id": "47b961a5-0546-4da8-b55f-87a4d7a9acac",
          "defaultTargetNodeId": "39e09e3d-3ee6-4e2e-af26-e085ba9eeb74"
        }
      ],
      "dialogChangeNodes": [
        {
          "targetDialogId": "new_topic_84ec227c19784e7ba25cb34f4638f91e_aeabea4d071f415c8c107e1cb7af5424_assumedsuccess",
          "nodeType": "DialogChangeNode",
          "id": "39e09e3d-3ee6-4e2e-af26-e085ba9eeb74"
        }
      ],
      "id": "new_topic_195dc3d5514e4fecad26d6da105f4f28",
      "displayName": "Dialog for Kan personer med tidigare versioner av Office öppna dokument som jag har skapat med hjälp av Office 365?",
      "createdTime": "2020-11-24T14:37:53.8220925Z",
      "updatedTime": "2020-11-24T14:37:53.8220925Z",
      "createdUserId": "f04d3cd9-b73d-4ba9-a1ed-9319eba29b21",
      "updatedUserId": "f04d3cd9-b73d-4ba9-a1ed-9319eba29b21"
    }
  ],
  "botMessages": [
    {
      "channelContent": {
        "web": {
          "contentFormat": "Markdown",
          "content": "Personer som använder Office 365-, Office 2019-, Office 2016-, Office 2013- och Office 2010-program kan öppna dokument som skapats med hjälp av Microsoft 365 utan någon ytterligare åtgärd."
        }
      },
      "id": "0a7d3cb1-cab8-4886-871c-c33941e07525",
      "createdTime": "2020-11-24T14:37:53.8220925Z",
      "updatedTime": "2020-11-24T14:37:53.8220925Z",
      "createdUserId": "f04d3cd9-b73d-4ba9-a1ed-9319eba29b21",
      "updatedUserId": "f04d3cd9-b73d-4ba9-a1ed-9319eba29b21"
    }
  ]
}