{
  "intents": [
    {
      "triggerQueries": [
        "se hvem som er med i gruppesamtalen",
        "deltager i gruppesamtalen",
        "medlemmer i gruppesamtalen",
        "medlemmer i gruppechat",
        "deltager i gruppechat",
        "Se hvem som er med i en gruppechat"
      ],
      "dialogId": "new_topic_7caf7d2f97c543f1be26cbf09cf5bde1",
      "isTriggeringEnabled": true,
      "id": "new_topic_7caf7d2f97c543f1be26cbf09cf5bde1",
      "displayName": "Se hvem som er med i en gruppechat",
      "description": "https://norwegianteams.blob.core.windows.net/norwegian-container/Tima - p19 to p33.docx",
      "createdTime": "2021-04-07T14:32:00.931304Z",
      "updatedTime": "2021-04-07T15:33:59.6571355Z",
      "createdUserId": "ef0c8b9a-eff1-49f8-92fa-fd1d3e15e1ba",
      "updatedUserId": "ef0c8b9a-eff1-49f8-92fa-fd1d3e15e1ba"
    }
  ],
  "dialogs": [
    {
      "rootNodeId": "563fc6bb-61bc-4e51-af3c-ac99d33d39bd",
      "messageNodes": [
        {
          "botMessageId": "ad9a7af9-36e9-4e0d-870a-e6e7d88fb4e8",
          "nodeType": "BotMessageNode",
          "id": "563fc6bb-61bc-4e51-af3c-ac99d33d39bd",
          "defaultTargetNodeId": "ff254b86-75b0-4b9e-b28e-7f0b32013cef"
        }
      ],
      "dialogChangeNodes": [
        {
          "targetDialogId": "new_topic_89c49d37fd4c4c1c9144396960733ce1_aeabea4d071f415c8c107e1cb7af5424_assumedsuccess",
          "nodeType": "DialogChangeNode",
          "id": "ff254b86-75b0-4b9e-b28e-7f0b32013cef"
        }
      ],
      "id": "new_topic_7caf7d2f97c543f1be26cbf09cf5bde1",
      "displayName": "Dialog for Se hvem som er med i en gruppechat",
      "createdTime": "2021-04-07T14:32:00.931304Z",
      "updatedTime": "2021-04-07T14:32:51.5974318Z",
      "createdUserId": "ef0c8b9a-eff1-49f8-92fa-fd1d3e15e1ba",
      "updatedUserId": "ef0c8b9a-eff1-49f8-92fa-fd1d3e15e1ba"
    }
  ],
  "botMessages": [
    {
      "channelContent": {
        "web": {
          "contentFormat": "Markdown",
          "content": "Hvis du vil se hvem som er i en gruppechat, holder du musepekeren over antall deltakere i chattens topptekst. Da vises en liste over alles navn."
        }
      },
      "id": "ad9a7af9-36e9-4e0d-870a-e6e7d88fb4e8",
      "createdTime": "2021-04-07T14:32:00.931304Z",
      "updatedTime": "2021-04-07T14:32:00.931304Z",
      "createdUserId": "ef0c8b9a-eff1-49f8-92fa-fd1d3e15e1ba",
      "updatedUserId": "ef0c8b9a-eff1-49f8-92fa-fd1d3e15e1ba"
    }
  ],
  "createdUtc": "0001-01-01T00:00:00Z"
}