{
  "intents": [
    {
      "triggerQueries": [
        "보낸 메세지 메시지 취소",
        "메세지 메시지 보내 보냈 제거 삭제",
        "메세지 메시지 삭제",
        "보낸 메세지 메시지 삭제 단계",
        "보낸 메시지를 삭제하려고 합니다. 다음 단계는 무엇입니까?"
      ],
      "dialogId": "new_topic_7bc47a48b64d49758886930dfe8a321d",
      "isTriggeringEnabled": true,
      "id": "new_topic_7bc47a48b64d49758886930dfe8a321d",
      "displayName": "보낸 메시지를 삭제하려고 합니다. 다음 단계는 무엇입니까?",
      "description": "https://adoptbotv2kb.blob.core.windows.net/%24web/adoptbot2021-Korean.docx",
      "createdTime": "2021-03-18T03:39:18.7466553Z",
      "updatedTime": "2021-04-06T08:18:14.4603764Z",
      "createdUserId": "e47109d8-0300-4e59-a90d-56bb29886c9e",
      "updatedUserId": "e47109d8-0300-4e59-a90d-56bb29886c9e"
    }
  ],
  "dialogs": [
    {
      "rootNodeId": "b5eb7981-05e8-4e5c-96d8-5693d124e88a",
      "messageNodes": [
        {
          "botMessageId": "5ffe777d-a6be-4b32-bfa8-1c8ba5c27edc",
          "nodeType": "BotMessageNode",
          "id": "0df2d296-8413-4c19-8cac-376da82dffdf",
          "defaultTargetNodeId": "d03ff637-2aaf-4fe5-aa8c-b6d06cb891f9"
        },
        {
          "botMessageId": "3aebe054-57d7-47bc-8c68-609535afb7ee",
          "nodeType": "BotMessageNode",
          "id": "b5eb7981-05e8-4e5c-96d8-5693d124e88a",
          "defaultTargetNodeId": "0df2d296-8413-4c19-8cac-376da82dffdf"
        }
      ],
      "dialogChangeNodes": [
        {
          "targetDialogId": "new_topic_2bf23930c1d146129dfe38bacb94ccd0_aeabea4d071f415c8c107e1cb7af5424_assumedsuccess",
          "nodeType": "DialogChangeNode",
          "id": "d03ff637-2aaf-4fe5-aa8c-b6d06cb891f9"
        }
      ],
      "id": "new_topic_7bc47a48b64d49758886930dfe8a321d",
      "displayName": "Dialog for 보낸 메시지를 삭제하려고 합니다. 다음 단계는 무엇입니까?",
      "createdTime": "2021-03-18T03:39:18.7466553Z",
      "updatedTime": "2021-04-06T08:17:57.6349835Z",
      "createdUserId": "e47109d8-0300-4e59-a90d-56bb29886c9e",
      "updatedUserId": "e47109d8-0300-4e59-a90d-56bb29886c9e"
    }
  ],
  "botMessages": [
    {
      "channelContent": {
        "web": {
          "contentFormat": "Markdown",
          "content": "아직 메시지를 보내지 않은 경우 입력 창 하단의 **서식**(펜이 있는 A)을 선택하여 상자를 확장한 다음 우측 상단의 **삭제**를 선택합니다."
        }
      },
      "id": "5ffe777d-a6be-4b32-bfa8-1c8ba5c27edc",
      "createdTime": "2021-03-18T03:39:18.7466553Z",
      "updatedTime": "2021-03-18T03:39:18.7466553Z",
      "createdUserId": "e47109d8-0300-4e59-a90d-56bb29886c9e",
      "updatedUserId": "e47109d8-0300-4e59-a90d-56bb29886c9e"
    },
    {
      "channelContent": {
        "web": {
          "contentFormat": "Markdown",
          "content": "[방금 보낸 메시지를 삭제해야 하는 경우](https://support.microsoft.com/ko-kr/office/redigera-eller-ta-bort-ett-skickat-meddelande-i-teams-5f1fe604-a900-4a07-b8b7-8cf70ed6b263?ui=sv-SE&rs=sv-SE&ad=SE),\n\n1.  메시지로 이동하여 **기타 옵션**(…) > **삭제**(휴지통)를 선택합니다."
        }
      },
      "id": "3aebe054-57d7-47bc-8c68-609535afb7ee",
      "createdTime": "2021-04-06T08:15:15.034Z",
      "updatedTime": "2021-04-06T08:15:15.034Z",
      "createdUserId": "user-0",
      "updatedUserId": "user-0"
    }
  ],
  "createdUtc": "0001-01-01T00:00:00Z"
}