{
  "intents": [
    {
      "triggerQueries": [
        "Teams 팀즈 팀 파일 편집 단계",
        "Teams 팀즈 팀 파일 편집",
        "Teams 팀즈 팀  Powerpoint 파워포인트 문서 편집",
        "Teams 팀즈 팀 워드 Word 문서 편집",
        "Teams 팀즈 Office 오피스 문서 편집",
        "Teams 팀 문서 공동 작업 편집",
        "Teams 팀 Excel 엑셀 파일 편집",
        "Teams 팀즈 팀 파일 편집",
        "Teams에서 파일을 편집하려면 어떻게 해야 합니까?"
      ],
      "dialogId": "new_topic_baeb48dfde9747e1a572f52e282e2c32",
      "isTriggeringEnabled": true,
      "id": "new_topic_baeb48dfde9747e1a572f52e282e2c32",
      "displayName": "Teams에서 파일을 편집하려면 어떻게 해야 합니까?",
      "description": "https://adoptbotv2kb.blob.core.windows.net/%24web/adoptbot2021-Korean.docx",
      "createdTime": "2021-03-18T03:39:18.7456548Z",
      "updatedTime": "2021-04-06T11:18:55.5521702Z",
      "createdUserId": "e47109d8-0300-4e59-a90d-56bb29886c9e",
      "updatedUserId": "e47109d8-0300-4e59-a90d-56bb29886c9e"
    }
  ],
  "dialogs": [
    {
      "rootNodeId": "493db9e9-f645-43b3-9792-cdddf0596438",
      "messageNodes": [
        {
          "botMessageId": "b2f5d589-8cc2-4832-bc8a-009a74fb00bf",
          "nodeType": "BotMessageNode",
          "id": "0dc0154f-96d6-4c72-8d5e-ee67ee71b5c3",
          "defaultTargetNodeId": "f8dd3b85-299d-4c43-8a3e-f4985eb07897"
        },
        {
          "botMessageId": "d1306ab1-0ad4-4c8b-8e9d-b5fee92a0d37",
          "nodeType": "BotMessageNode",
          "id": "493db9e9-f645-43b3-9792-cdddf0596438",
          "defaultTargetNodeId": "0dc0154f-96d6-4c72-8d5e-ee67ee71b5c3"
        }
      ],
      "dialogChangeNodes": [
        {
          "targetDialogId": "new_topic_2bf23930c1d146129dfe38bacb94ccd0_aeabea4d071f415c8c107e1cb7af5424_assumedsuccess",
          "nodeType": "DialogChangeNode",
          "id": "f8dd3b85-299d-4c43-8a3e-f4985eb07897"
        }
      ],
      "id": "new_topic_baeb48dfde9747e1a572f52e282e2c32",
      "displayName": "Dialog for Teams에서 파일을 편집하려면 어떻게 해야 합니까?",
      "createdTime": "2021-03-18T03:39:18.7456548Z",
      "updatedTime": "2021-04-06T11:16:47.6565097Z",
      "createdUserId": "e47109d8-0300-4e59-a90d-56bb29886c9e",
      "updatedUserId": "e47109d8-0300-4e59-a90d-56bb29886c9e"
    }
  ],
  "botMessages": [
    {
      "channelContent": {
        "web": {
          "contentFormat": "Markdown",
          "content": "이 작업 옵션에서 **편집**을 선택하면, 문서를 변경하고 저장할 수 있습니다.\n\n더 알고 싶으면 [Teams에서 Office 파일 편집](https://support.microsoft.com/ko-kr/office/edit-a-file-in-teams-257a5e88-205a-4fb5-bbf1-c78c3e64de86)을 클릭하세요"
        }
      },
      "id": "b2f5d589-8cc2-4832-bc8a-009a74fb00bf",
      "createdTime": "2021-03-18T03:39:18.7456548Z",
      "updatedTime": "2021-03-18T03:39:18.7456548Z",
      "createdUserId": "e47109d8-0300-4e59-a90d-56bb29886c9e",
      "updatedUserId": "e47109d8-0300-4e59-a90d-56bb29886c9e"
    },
    {
      "channelContent": {
        "web": {
          "contentFormat": "Markdown",
          "content": "Teams의 채널에 **파일 tab**에 Office 문서가 있는 경우 **작업표시**…를 선택합니다."
        }
      },
      "id": "d1306ab1-0ad4-4c8b-8e9d-b5fee92a0d37",
      "createdTime": "2021-04-06T11:10:26.646Z",
      "updatedTime": "2021-04-06T11:10:26.646Z",
      "createdUserId": "user-0",
      "updatedUserId": "user-0"
    }
  ],
  "createdUtc": "0001-01-01T00:00:00Z"
}