{
  "intents": [
    {
      "triggerQueries": [
        "Quali sono i passaggi per visualizzare un canale nascosto?",
        "Mostra canale nascosto",
        "Voglio mostrare un canale nascosto",
        "Voglio vedere tutti i canali nascosti",
        "annullare visualizzazione dopo  aver nascosto un canale",
        "Come faccio a vedere un canale nascosto?",
        "Voglio mostrare un canale che ho precedentemente nascosto",
        "annullare visualizzazione canale nascosto",
        "visualizzazione di un canale nascosto",
        "Come posso visualizzare un canale nascosto?"
      ],
      "dialogId": "new_topic_c99320db8d6142b2bb2c961e9d297ed3",
      "isTriggeringEnabled": true,
      "id": "new_topic_c99320db8d6142b2bb2c961e9d297ed3",
      "displayName": "Come posso visualizzare un canale nascosto?",
      "createdTime": "2022-04-26T17:19:58.1901058Z",
      "updatedTime": "2022-04-26T17:19:58.1901058Z",
      "createdUserId": "9451fc51-e00d-4445-8ff9-efb70866dc3b",
      "updatedUserId": "9451fc51-e00d-4445-8ff9-efb70866dc3b"
    }
  ],
  "dialogs": [
    {
      "rootNodeId": "b47ea82c-07fc-4753-823e-3dfbc9bf573f",
      "messageNodes": [
        {
          "botMessageId": "e6edeab1-8082-48bb-b687-31a1aa6eaba4",
          "nodeType": "BotMessageNode",
          "id": "b47ea82c-07fc-4753-823e-3dfbc9bf573f",
          "defaultTargetNodeId": "e1630abb-ac99-4f5e-a4d4-e10b9f09b2ce"
        }
      ],
      "dialogChangeNodes": [
        {
          "targetDialogId": "new_topic_f98a24608ee04cb998de3e3e32703d5b_aeabea4d071f415c8c107e1cb7af5424_assumedsuccess",
          "nodeType": "DialogChangeNode",
          "id": "e1630abb-ac99-4f5e-a4d4-e10b9f09b2ce"
        }
      ],
      "id": "new_topic_c99320db8d6142b2bb2c961e9d297ed3",
      "displayName": "Senza titolo",
      "createdTime": "2022-04-26T17:19:58.1901058Z",
      "updatedTime": "2022-04-26T17:19:58.1901058Z",
      "createdUserId": "9451fc51-e00d-4445-8ff9-efb70866dc3b",
      "updatedUserId": "9451fc51-e00d-4445-8ff9-efb70866dc3b"
    }
  ],
  "botMessages": [
    {
      "channelContent": {
        "web": {
          "contentFormat": "Markdown",
          "content": "Seleziona il nome del tuo team e fai clic su Canali nascosti. Seleziona Mostra su qualsiasi canale che desideri visualizzare nell'elenco dei canali."
        }
      },
      "id": "e6edeab1-8082-48bb-b687-31a1aa6eaba4",
      "createdTime": "2022-04-26T15:06:57.558Z",
      "updatedTime": "2022-04-26T15:06:57.558Z"
    }
  ]
}