{
  "intents": [
    {
      "endUserOverrideName": "",
      "triggerQueries": [
        "Pin a favorite chat or channel to the top in Teams",
        "Can you pin channels?",
        "can you pin a chat?",
        "how to mark a chat as Favorite?",
        "how to mark channels as favorites?",
        "Pin a chat or pin a channel?",
        "How do I pin a chat?",
        "How do I pin a channel?",
        "pin channels at the top",
        "pin different chats",
        "Mark important chats?",
        "Select important channels?",
        "Pin a chat or channel?",
        "How do I Pin a chat or channel?"
      ],
      "dialogId": "new_topic_b223716b31a44c268c9b130ac0110ec1",
      "isTriggeringEnabled": true,
      "id": "new_topic_b223716b31a44c268c9b130ac0110ec1",
      "displayName": "How do I Pin a chat or channel?",
      "description": "https://adoptbotv2kb.blob.core.windows.net/%24web/AdoptBot2021-English.docx",
      "createdTime": "2021-01-13T22:20:51.2381463Z",
      "updatedTime": "2021-01-27T20:27:57.7001533Z",
      "createdUserId": "f04d3cd9-b73d-4ba9-a1ed-9319eba29b21",
      "updatedUserId": "f04d3cd9-b73d-4ba9-a1ed-9319eba29b21"
    }
  ],
  "dialogs": [
    {
      "rootNodeId": "33a15e40-ca28-494d-961f-f8b652c1e2f1",
      "messageNodes": [
        {
          "botMessageId": "9bbb2429-0750-4381-be56-f32a143ab1cb",
          "nodeType": "BotMessageNode",
          "id": "33a15e40-ca28-494d-961f-f8b652c1e2f1",
          "defaultTargetNodeId": "157fbf03-10c3-4e0c-93b4-92f5ed05e5fe"
        },
        {
          "botMessageId": "bae3cae4-1e38-4d2a-9d0e-6ac0f323a06f",
          "nodeType": "BotMessageNode",
          "id": "157fbf03-10c3-4e0c-93b4-92f5ed05e5fe",
          "defaultTargetNodeId": "9a6b7c25-3038-45ce-bd4b-b7cf86065d54"
        },
        {
          "botMessageId": "d301cc2d-a40c-4625-9265-3933298e7460",
          "nodeType": "BotMessageNode",
          "id": "9a6b7c25-3038-45ce-bd4b-b7cf86065d54",
          "defaultTargetNodeId": "79d6690c-4d4e-4b33-a7f3-b25e2e1a33fb"
        }
      ],
      "dialogChangeNodes": [
        {
          "targetDialogId": "new_topic_eac3f49c99664313a9d9dc19d80a79a2_aeabea4d071f415c8c107e1cb7af5424_assumedsuccess",
          "nodeType": "DialogChangeNode",
          "id": "79d6690c-4d4e-4b33-a7f3-b25e2e1a33fb"
        }
      ],
      "id": "new_topic_b223716b31a44c268c9b130ac0110ec1",
      "displayName": "Dialog for How do I Pin a chat or channel?",
      "createdTime": "2021-01-13T22:20:51.2381463Z",
      "updatedTime": "2021-01-27T20:28:28.3630273Z",
      "createdUserId": "f04d3cd9-b73d-4ba9-a1ed-9319eba29b21",
      "updatedUserId": "f04d3cd9-b73d-4ba9-a1ed-9319eba29b21"
    }
  ],
  "botMessages": [
    {
      "channelContent": {
        "web": {
          "contentFormat": "Markdown",
          "content": "[You can pin chats or channels](https://support.microsoft.com/en-us/office/show-hide-or-pin-a-team-or-channel-in-teams-91a37043-acea-49b0-9dfc-aec37b2e92b8) to the top of your chat or list of teams."
        }
      },
      "id": "9bbb2429-0750-4381-be56-f32a143ab1cb",
      "createdTime": "2021-01-13T22:20:51.2381463Z",
      "updatedTime": "2021-01-13T22:20:51.2381463Z",
      "createdUserId": "f04d3cd9-b73d-4ba9-a1ed-9319eba29b21",
      "updatedUserId": "f04d3cd9-b73d-4ba9-a1ed-9319eba29b21"
    },
    {
      "channelContent": {
        "web": {
          "contentFormat": "Markdown",
          "content": "1.  Select Chat or Teams.\n2.  Find the name of the conversation or channel you want to pin.\n3.  Select More options (...) > Pin.\n\nThis ensures that the chat or channel stays at the top of your list."
        }
      },
      "id": "bae3cae4-1e38-4d2a-9d0e-6ac0f323a06f",
      "createdTime": "2021-01-27T20:26:13.396Z",
      "updatedTime": "2021-01-27T20:26:13.396Z",
      "createdUserId": "user-0",
      "updatedUserId": "user-0"
    },
    {
      "channelContent": {
        "web": {
          "contentFormat": "Markdown",
          "content": "If you change your mind, just select it again from your Pinned list and select **Unpin**."
        }
      },
      "id": "d301cc2d-a40c-4625-9265-3933298e7460",
      "createdTime": "2021-01-27T20:27:32.19Z",
      "updatedTime": "2021-01-27T20:27:32.19Z",
      "createdUserId": "user-0",
      "updatedUserId": "user-0"
    }
  ]
}