<botcomponent_workflowset>
  <botcomponent_workflow workflowid.workflowid="8a84184f-8b5d-eb11-a812-000d3a9bb82a" botcomponentid.schemaname="new_topic_30867099f4b543d3b8543a85c22c3418_954135cafcd647eaae5999ad91fc08cf_talktoagent">
    <iscustomizable>1</iscustomizable>
  </botcomponent_workflow>
  <botcomponent_workflow botcomponentid.schemaname="new_topic_304e0e56af45400d9814aafbaac09d8e" workflowid.workflowid="22036560-5e5e-eb11-a812-000d3a9bb82a">
    <iscustomizable>1</iscustomizable>
  </botcomponent_workflow>
</botcomponent_workflowset>