{
  "intents": [
    {
      "endUserOverrideName": "Spostare i file tra i canali?",
      "triggerQueries": [
        "Spostare i file tra i canali?",
        "spostare un file in Teams",
        "Come spostare i file tra i canali in Teams?",
        "Spostare i file tra i canali?",
        "Spostare un file da un Team a un altro Team?",
        "Spostare i file nel tuo Team",
        "Spostare un file da un canale",
        "Il mio file è finito nel posto sbagliato, come posso spostarlo?",
        "Spostare un file in un'altra posizione in Teams?",
        "Spostare i documenti tra canali diversi?",
        "Come posso spostare i documenti da un canale all'altro?",
        "Come posso spostare i file tra i canali in Teams?"
      ],
      "dialogId": "new_topic_7b31a1756f5847e9b10845fd2f119be1",
      "isTriggeringEnabled": true,
      "id": "new_topic_7b31a1756f5847e9b10845fd2f119be1",
      "displayName": "Come posso spostare i file tra i canali in Teams?",
      "createdTime": "2022-04-27T17:33:41.6335708Z",
      "updatedTime": "2022-04-27T17:33:41.6335708Z",
      "createdUserId": "9451fc51-e00d-4445-8ff9-efb70866dc3b",
      "updatedUserId": "9451fc51-e00d-4445-8ff9-efb70866dc3b"
    }
  ],
  "dialogs": [
    {
      "rootNodeId": "66427dc7-a7c4-43b2-a544-f91b1963bc0b",
      "messageNodes": [
        {
          "botMessageId": "f5b1ac33-d51c-43a1-8257-5c8f4f44bbbc",
          "nodeType": "BotMessageNode",
          "id": "66427dc7-a7c4-43b2-a544-f91b1963bc0b",
          "defaultTargetNodeId": "49b0a795-ff82-4df7-8943-bc321bb83768"
        }
      ],
      "dialogChangeNodes": [
        {
          "targetDialogId": "new_topic_f98a24608ee04cb998de3e3e32703d5b_aeabea4d071f415c8c107e1cb7af5424_assumedsuccess",
          "nodeType": "DialogChangeNode",
          "id": "49b0a795-ff82-4df7-8943-bc321bb83768"
        }
      ],
      "id": "new_topic_7b31a1756f5847e9b10845fd2f119be1",
      "displayName": "Senza titolo",
      "createdTime": "2022-04-27T17:33:41.6335708Z",
      "updatedTime": "2022-04-27T17:33:41.6335708Z",
      "createdUserId": "9451fc51-e00d-4445-8ff9-efb70866dc3b",
      "updatedUserId": "9451fc51-e00d-4445-8ff9-efb70866dc3b"
    }
  ],
  "botMessages": [
    {
      "channelContent": {
        "web": {
          "contentFormat": "Markdown",
          "content": "È possibile spostare i file tramite la scheda \"File\" nel rispettivo canale.\n\nDai un'occhiata se vuoi una **guida passo-passo** per [Spostare o copiare i file in Teams](https://support.microsoft.com/it-it/office/spostare-o-copiare-file-in-teams-f83ed547-359b-4fc8-bf5a-60467f53dd60)"
        }
      },
      "id": "f5b1ac33-d51c-43a1-8257-5c8f4f44bbbc",
      "createdTime": "2022-04-27T17:23:18.346Z",
      "updatedTime": "2022-04-27T17:23:18.346Z"
    }
  ]
}