{
  "properties": {
    "connectionReferences": {
      "shared_teams": {
        "runtimeSource": "embedded",
        "connection": {
          "connectionReferenceLogicalName": "new_sharedteams_87d38"
        },
        "api": {
          "name": "shared_teams"
        }
      },
      "shared_office365users_1": {
        "runtimeSource": "embedded",
        "connection": {
          "connectionReferenceLogicalName": "new_sharedoffice365users_fbbb1"
        },
        "api": {
          "name": "shared_office365users"
        }
      }
    },
    "definition": {
      "$schema": "https://schema.management.azure.com/providers/Microsoft.Logic/schemas/2016-06-01/workflowdefinition.json#",
      "contentVersion": "1.0.0.0",
      "parameters": {
        "$authentication": {
          "defaultValue": {},
          "type": "SecureObject"
        },
        "$connections": {
          "defaultValue": {},
          "type": "Object"
        }
      },
      "triggers": {
        "manual": {
          "type": "Request",
          "kind": "VirtualAgent",
          "inputs": {
            "schema": {
              "type": "object",
              "properties": {
                "text": {
                  "title": "Användarnamn",
                  "type": "string",
                  "x-ms-dynamically-added": true,
                  "description": "Användarens visningsnamn i Teams",
                  "x-ms-content-hint": "TEXT"
                },
                "text_1": {
                  "title": "UPN (AnvändarID)",
                  "type": "string",
                  "x-ms-dynamically-added": true,
                  "description": "Unikt Användar-ID",
                  "x-ms-content-hint": "TEXT"
                },
                "text_2": {
                  "title": "AnvändarensFråga",
                  "type": "string",
                  "x-ms-dynamically-added": true,
                  "description": "Frågan användaren skrev till boten",
                  "x-ms-content-hint": "TEXT"
                },
                "text_3": {
                  "title": "RubrikAnvändarfråga",
                  "type": "string",
                  "x-ms-dynamically-added": true,
                  "description": "Användarens angivna rubrik till frågan",
                  "x-ms-content-hint": "TEXT"
                }
              },
              "required": [
                "text",
                "text_1",
                "text_2",
                "text_3"
              ]
            }
          }
        }
      },
      "actions": {
        "Return_value(s)_to_Power_Virtual_Agents": {
          "runAfter": {
            "Post_card_in_a_chat_or_channel": [
              "Succeeded"
            ]
          },
          "type": "Response",
          "kind": "VirtualAgent",
          "inputs": {
            "schema": {
              "type": "object",
              "properties": {},
              "additionalProperties": {}
            },
            "statusCode": 200,
            "body": {}
          }
        },
        "Post_card_in_a_chat_or_channel": {
          "runAfter": {
            "Get_user_profile_(V2)": [
              "Succeeded"
            ]
          },
          "type": "OpenApiConnection",
          "inputs": {
            "parameters": {
              "poster": "Flow bot",
              "location": "Channel",
              "body/recipient/groupId": "d10d2991-1b5c-4dd6-ae9d-c866697700e4",
              "body/recipient/channelId": "19:022c54c81a30496aaf05c8a0171f4dbf@thread.tacv2",
              "body/messageBody": "{ \n    \"type\": \"AdaptiveCard\",\n    \"body\": [\n        {\n            \"type\": \"TextBlock\",\n            \"size\": \"Large\",\n            \"weight\": \"Bolder\",\n            \"text\": \"Hjälp önskas med: @{triggerBody()['text_3']}\",\n            \"wrap\": true\n        },\n        {\n            \"type\": \"ColumnSet\",\n            \"columns\": [\n                {\n                    \"type\": \"Column\",\n                    \"items\": [\n                        {\n                            \"type\": \"TextBlock\",\n                            \"text\": \"@{triggerBody()['text']} önskar svar på sin fråga.\",\n                            \"wrap\": true\n                        }\n                    ],\n                    \"width\": \"stretch\"\n                }\n            ]\n        },\n        {\n            \"type\": \"TextBlock\",\n            \"text\": \"Rubrik: @{triggerBody()['text_3']}\",\n            \"wrap\": true\n        },\n        {\n            \"type\": \"TextBlock\",\n            \"text\": \"Fråga: @{triggerBody()['text_2']}\",\n            \"wrap\": true\n        }\n    ],\n    \"$schema\": \"http://adaptivecards.io/schemas/adaptive-card.json\",\n    \"version\": \"1.2\",\n    \"actions\": [\n        {\n            \"type\": \"Action.OpenUrl\",\n            \"title\": \"Chatta med @{triggerBody()['text']}\",\n            \"url\": \"https://teams.microsoft.com/l/chat/0/0?users=@{outputs('Get_user_profile_(V2)')?['body/userPrincipalName']}\"\n        }\n    ]\n}"
            },
            "host": {
              "apiId": "/providers/Microsoft.PowerApps/apis/shared_teams",
              "operationId": "PostCardToConversation",
              "connectionName": "shared_teams"
            }
          }
        },
        "Get_user_profile_(V2)": {
          "runAfter": {},
          "type": "OpenApiConnection",
          "inputs": {
            "parameters": {
              "id": "@triggerBody()?['text_1']"
            },
            "host": {
              "apiId": "/providers/Microsoft.PowerApps/apis/shared_office365users",
              "operationId": "UserProfile_V2",
              "connectionName": "shared_office365users_1"
            }
          }
        }
      },
      "outputs": {}
    },
    "templateName": null
  },
  "schemaVersion": "1.0.0.0"
}