{
  "intents": [
    {
      "endUserOverrideName": "Chatta med externa användare?",
      "triggerQueries": [
        "Hur når jag andra externt via Teams?",
        "Chatta med andra externt via Teams",
        "Chatta utan att bli inbjuden som gäst?",
        "Chatta externt utan att byta miljö?",
        "Skriva till externa personer via Teams?",
        "Kan jag chatta med personer utanför min organisation i Teams?",
        "skriva till personer utanför organisationen?",
        "Chatta med externa personer",
        "Chatta med externa användare?",
        "Kan jag chatta med externa användare i Teams?"
      ],
      "dialogId": "new_topic_3987f127ad364ec5b44229ec8c67cf52",
      "isTriggeringEnabled": true,
      "id": "new_topic_3987f127ad364ec5b44229ec8c67cf52",
      "displayName": "Kan jag chatta med externa användare i Teams?",
      "description": "",
      "createdTime": "2020-11-24T14:37:53.8230909Z",
      "updatedTime": "2020-12-14T14:39:57.9594897Z",
      "createdUserId": "f04d3cd9-b73d-4ba9-a1ed-9319eba29b21",
      "updatedUserId": "f04d3cd9-b73d-4ba9-a1ed-9319eba29b21"
    }
  ],
  "dialogs": [
    {
      "rootNodeId": "29fb7e7a-7658-4a21-9e53-02b30d5cf262",
      "messageNodes": [
        {
          "botMessageId": "dace6f43-7ecc-464d-b73e-6e616ca2ec52",
          "nodeType": "BotMessageNode",
          "id": "29fb7e7a-7658-4a21-9e53-02b30d5cf262",
          "defaultTargetNodeId": "8c9924f1-18f8-476b-b574-375ed3b58273"
        },
        {
          "botMessageId": "b7ae74bc-0919-4804-9552-94c2f0fb520b",
          "nodeType": "BotMessageNode",
          "id": "041da7ad-6e30-473d-9cd7-55dcdadece0a",
          "defaultTargetNodeId": "e9fda3a4-d7c5-4be9-b022-604fbfd281bb"
        },
        {
          "botMessageId": "efd1ba3c-a67f-4a1e-8286-8b46c3f72934",
          "nodeType": "BotMessageNode",
          "id": "8c9924f1-18f8-476b-b574-375ed3b58273",
          "defaultTargetNodeId": "041da7ad-6e30-473d-9cd7-55dcdadece0a"
        }
      ],
      "dialogChangeNodes": [
        {
          "targetDialogId": "new_topic_84ec227c19784e7ba25cb34f4638f91e_aeabea4d071f415c8c107e1cb7af5424_assumedsuccess",
          "nodeType": "DialogChangeNode",
          "id": "e9fda3a4-d7c5-4be9-b022-604fbfd281bb"
        }
      ],
      "id": "new_topic_3987f127ad364ec5b44229ec8c67cf52",
      "displayName": "Dialog for Kan jag chatta med externa användare i Teams?",
      "createdTime": "2020-11-24T14:37:53.8230909Z",
      "updatedTime": "2020-12-14T14:37:43.1289093Z",
      "createdUserId": "f04d3cd9-b73d-4ba9-a1ed-9319eba29b21",
      "updatedUserId": "f04d3cd9-b73d-4ba9-a1ed-9319eba29b21"
    }
  ],
  "botMessages": [
    {
      "channelContent": {
        "web": {
          "contentFormat": "Markdown",
          "content": "När du behöver kommunicera och samarbeta med personer utanför organisationen kan du med Microsoft Teams Extern Access (även känt som federering) hitta, ringa och chatta med användare i andra domäner (till exempel contoso.com)."
        }
      },
      "id": "dace6f43-7ecc-464d-b73e-6e616ca2ec52",
      "createdTime": "2020-11-24T14:37:53.8230909Z",
      "updatedTime": "2020-11-24T14:37:53.8230909Z",
      "createdUserId": "f04d3cd9-b73d-4ba9-a1ed-9319eba29b21",
      "updatedUserId": "f04d3cd9-b73d-4ba9-a1ed-9319eba29b21"
    },
    {
      "channelContent": {
        "web": {
          "contentFormat": "Markdown",
          "content": "_**OBS!** Detta kräver tekniska förutsättningar i respektive organisationer:_   \n[_Kommunicera med användare från andra organisationer i Microsoft Teams_](https://docs.microsoft.com/sv-se/microsoftteams/communicate-with-users-from-other-organizations)"
        }
      },
      "id": "b7ae74bc-0919-4804-9552-94c2f0fb520b",
      "createdTime": "2020-12-14T14:36:59.11Z",
      "updatedTime": "2020-12-14T14:36:59.11Z",
      "createdUserId": "user-0",
      "updatedUserId": "user-0"
    },
    {
      "channelContent": {
        "web": {
          "contentFormat": "Markdown",
          "content": "Du kan prova att skriva in den externa användarens e-postadressen i sökfältet för Teams. \n\nDyker personen upp väljer du dennes externa adress och provar att chatta."
        }
      },
      "id": "efd1ba3c-a67f-4a1e-8286-8b46c3f72934",
      "createdTime": "2020-12-14T14:37:12.61Z",
      "updatedTime": "2020-12-14T14:37:12.61Z",
      "createdUserId": "user-0",
      "updatedUserId": "user-0"
    }
  ]
}