{
  "intents": [
    {
      "triggerQueries": [
        "使用者如何更改或設置其會議ID？",
        "更改會議ID",
        "更改我的會議ID",
        "使用者如何存取或更改其會議ID？",
        "How does a user change or set their conference ID?",
        "Change a conference ID",
        "change conference id",
        "change my conference ID",
        "How does a user access or change their conference ID?"
      ],
      "dialogId": "new_topic_4582f68314b74660b90c0724b4846fdb",
      "isTriggeringEnabled": true,
      "id": "new_topic_4582f68314b74660b90c0724b4846fdb",
      "displayName": "使用者如何存取或更改其會議ID？",
      "description": "https://adoptbotv2kb.blob.core.windows.net/%24web/AdoptBot2021-English.docx",
      "createdTime": "2021-11-17T05:13:47.7876387Z",
      "updatedTime": "2021-11-17T05:14:03.5054304Z",
      "createdUserId": "9c968d43-f7c2-4e28-895c-1f6bcefcd8be",
      "updatedUserId": "9c968d43-f7c2-4e28-895c-1f6bcefcd8be"
    }
  ],
  "dialogs": [
    {
      "rootNodeId": "02815003-69df-4e08-b404-452c3f3c89f3",
      "messageNodes": [
        {
          "botMessageId": "dfb575c6-9fd1-4fc4-ab46-882e058c6999",
          "nodeType": "BotMessageNode",
          "id": "02815003-69df-4e08-b404-452c3f3c89f3",
          "defaultTargetNodeId": "6893e999-230f-4f42-9104-8a726f78cdec"
        }
      ],
      "dialogChangeNodes": [
        {
          "targetDialogId": "new_topic_e2d1671328b941dbb60fa7150059b1ee_aeabea4d071f415c8c107e1cb7af5424_assumedsuccess",
          "nodeType": "DialogChangeNode",
          "id": "6893e999-230f-4f42-9104-8a726f78cdec"
        }
      ],
      "id": "new_topic_4582f68314b74660b90c0724b4846fdb",
      "displayName": "Dialog for 使用者如何存取或更改其會議ID？",
      "createdTime": "2021-11-17T05:13:47.7876387Z",
      "updatedTime": "2021-11-17T05:14:03.5054304Z",
      "createdUserId": "9c968d43-f7c2-4e28-895c-1f6bcefcd8be",
      "updatedUserId": "9c968d43-f7c2-4e28-895c-1f6bcefcd8be"
    }
  ],
  "botMessages": [
    {
      "channelContent": {
        "web": {
          "contentFormat": "Markdown",
          "content": "Microsoft Teams 使用者可以通過在團隊、Outlook 和 Web 上的 Outlook 中安排會議來查找分配給他們的會議 ID。使用者還可以在預訂會議時發送給他們的電子郵件中找到會議 ID。\n\n使用者將無法恢復其會議ID。會議 ID 只能由您的組織的管理員重置。"
        }
      },
      "id": "dfb575c6-9fd1-4fc4-ab46-882e058c6999",
      "createdTime": "2021-11-17T05:13:47.7876387Z",
      "updatedTime": "2021-11-17T05:13:47.7876387Z",
      "createdUserId": "9c968d43-f7c2-4e28-895c-1f6bcefcd8be",
      "updatedUserId": "9c968d43-f7c2-4e28-895c-1f6bcefcd8be"
    }
  ]
}