{
  "intents": [
    {
      "intentType": "Regular",
      "endUserOverrideName": "Optimize network for Teams? (Admins)",
      "triggerQueries": [
        "increase meeting quality in Teams",
        "improve meeting quality",
        "increase bandwidth for Microsoft 365",
        "better bandwidth for Teams",
        "Can I optimize the network for Microsoft Teams?",
        "Optimize networks for Teams",
        "Optimize your organization's network for Teams",
        "network quality in Teams",
        "optimizing network performance",
        "Preparing our VPN for Teams",
        "VPN and Teams Settings",
        "network settings",
        "How do we get better quality in Teams?",
        "Improve the quality of Teams",
        "Can our VPN run Teams?",
        "Optimize your network",
        "Teams network settings",
        "Can we optimize our network for Microsoft Teams?"
      ],
      "dialogId": "new_topic_08efd0f76e2e4292aa715991b0254217",
      "isTriggeringEnabled": true,
      "id": "new_topic_08efd0f76e2e4292aa715991b0254217",
      "displayName": "Can we optimize our network for Microsoft Teams?",
      "description": "https://adoptbotv2kb.blob.core.windows.net/%24web/AdoptBot2021-English.docx",
      "createdTime": "2021-01-13T22:20:51.2381463Z",
      "updatedTime": "2021-01-24T22:37:05.7296955Z",
      "createdUserId": "f04d3cd9-b73d-4ba9-a1ed-9319eba29b21",
      "updatedUserId": "f04d3cd9-b73d-4ba9-a1ed-9319eba29b21"
    }
  ],
  "dialogs": [
    {
      "rootNodeId": "83bdf970-cdf3-4996-92aa-6c0887872e48",
      "messageNodes": [
        {
          "botMessageId": "cab09488-00bc-408d-839f-00d2a44a9984",
          "nodeType": "BotMessageNode",
          "id": "83bdf970-cdf3-4996-92aa-6c0887872e48",
          "defaultTargetNodeId": "b4c628cb-0d99-41b5-9f69-4449709ab2ca"
        },
        {
          "botMessageId": "b1213077-4f1d-4816-9193-3c1536c2ff81",
          "nodeType": "BotMessageNode",
          "id": "b4c628cb-0d99-41b5-9f69-4449709ab2ca",
          "defaultTargetNodeId": "efe09b99-540a-4aa5-887a-3f8cbcb82c0e"
        },
        {
          "botMessageId": "b998c309-5970-4484-82ce-747f109d06a8",
          "nodeType": "BotMessageNode",
          "id": "efe09b99-540a-4aa5-887a-3f8cbcb82c0e",
          "defaultTargetNodeId": "70050c3f-2379-42f2-a5b6-08536271dcd6"
        }
      ],
      "dialogChangeNodes": [
        {
          "targetDialogId": "new_topic_eac3f49c99664313a9d9dc19d80a79a2_aeabea4d071f415c8c107e1cb7af5424_assumedsuccess",
          "nodeType": "DialogChangeNode",
          "id": "70050c3f-2379-42f2-a5b6-08536271dcd6"
        }
      ],
      "id": "new_topic_08efd0f76e2e4292aa715991b0254217",
      "displayName": "Dialog for Can we optimize our network for Microsoft Teams?",
      "createdTime": "2021-01-13T22:20:51.2381463Z",
      "updatedTime": "2021-01-27T20:44:17.7096541Z",
      "createdUserId": "f04d3cd9-b73d-4ba9-a1ed-9319eba29b21",
      "updatedUserId": "f04d3cd9-b73d-4ba9-a1ed-9319eba29b21"
    }
  ],
  "botMessages": [
    {
      "channelContent": {
        "web": {
          "contentFormat": "Markdown",
          "content": "[Follow this guide to prepare and optimize your organization’s network for Teams](https://docs.microsoft.com/en-us/microsoftteams/prepare-network)."
        }
      },
      "id": "cab09488-00bc-408d-839f-00d2a44a9984",
      "createdTime": "2021-01-13T22:20:51.2381463Z",
      "updatedTime": "2021-01-13T22:20:51.2381463Z",
      "createdUserId": "f04d3cd9-b73d-4ba9-a1ed-9319eba29b21",
      "updatedUserId": "f04d3cd9-b73d-4ba9-a1ed-9319eba29b21"
    },
    {
      "channelContent": {
        "web": {
          "contentFormat": "Markdown",
          "content": "It’s important to optimize the performance, especially if many in your organization work remotely."
        }
      },
      "id": "b1213077-4f1d-4816-9193-3c1536c2ff81",
      "createdTime": "2021-01-27T20:43:08.971Z",
      "updatedTime": "2021-01-27T20:43:08.971Z",
      "createdUserId": "user-0",
      "updatedUserId": "user-0"
    },
    {
      "channelContent": {
        "web": {
          "contentFormat": "Markdown",
          "content": "**For administrators**, there’s a [short (23 min) course about optimizing your network on Microsoft Learn](https://docs.microsoft.com/en-us/learn/modules/m365-teams-rooms-optimize-network/)."
        }
      },
      "id": "b998c309-5970-4484-82ce-747f109d06a8",
      "createdTime": "2021-01-27T20:43:15.493Z",
      "updatedTime": "2021-01-27T20:43:15.493Z",
      "createdUserId": "user-0",
      "updatedUserId": "user-0"
    }
  ]
}