{
  "intents": [
    {
      "intentType": "Regular",
      "endUserOverrideName": "Teamsmöten syns i Outlook",
      "triggerQueries": [
        "se mina teamsmöten",
        "visas möten här även i outlook",
        "Visas teamsmöten i kalendern?",
        "Vilken kalender är det som gäller?",
        "Kan jag se teamsmöten i min vanliga kalender?",
        "Var hittar jag mina möten?",
        "Är det samma kalender i Teams och Outlook?",
        "Var ser jag mina bokade möten?",
        "Hur kan jag se Teams-möten i min Outlook-kalender?",
        "Syns mina Teams-möten även i Outlook?"
      ],
      "dialogId": "new_topic_6ea3a3c0d32a455bb6275570244d8db1",
      "isTriggeringEnabled": true,
      "id": "new_topic_6ea3a3c0d32a455bb6275570244d8db1",
      "displayName": "Syns mina Teams-möten även i Outlook?",
      "description": "",
      "createdTime": "2020-11-24T14:37:53.8220925Z",
      "updatedTime": "2020-12-08T10:55:43.8563568Z",
      "createdUserId": "f04d3cd9-b73d-4ba9-a1ed-9319eba29b21",
      "updatedUserId": "f04d3cd9-b73d-4ba9-a1ed-9319eba29b21"
    }
  ],
  "dialogs": [
    {
      "rootNodeId": "a568c29e-d80a-4d1f-aab6-3cf4843972b9",
      "messageNodes": [
        {
          "botMessageId": "dde30a3d-5d32-4da2-be9e-4337500245ab",
          "nodeType": "BotMessageNode",
          "id": "a568c29e-d80a-4d1f-aab6-3cf4843972b9",
          "defaultTargetNodeId": "c5776991-bc31-4587-acf7-8c837d8adf23"
        }
      ],
      "dialogChangeNodes": [
        {
          "targetDialogId": "new_topic_84ec227c19784e7ba25cb34f4638f91e_aeabea4d071f415c8c107e1cb7af5424_assumedsuccess",
          "nodeType": "DialogChangeNode",
          "id": "c5776991-bc31-4587-acf7-8c837d8adf23"
        }
      ],
      "id": "new_topic_6ea3a3c0d32a455bb6275570244d8db1",
      "displayName": "Dialog for Ser mina team möten även i Outlook?",
      "createdTime": "2020-11-24T14:37:53.8220925Z",
      "updatedTime": "2020-12-08T10:59:15.7013323Z",
      "createdUserId": "f04d3cd9-b73d-4ba9-a1ed-9319eba29b21",
      "updatedUserId": "f04d3cd9-b73d-4ba9-a1ed-9319eba29b21"
    }
  ],
  "botMessages": [
    {
      "channelContent": {
        "web": {
          "contentFormat": "Markdown",
          "content": "Om du schemalägger ett möte i Teams visas det under \"Kalender\" i Teams och syns även i din Outlook-kalender.\n\n  \nOBS! Outlook-kalendern används för både Teams och Outlook 👍"
        }
      },
      "id": "dde30a3d-5d32-4da2-be9e-4337500245ab",
      "createdTime": "2020-11-24T14:37:53.8220925Z",
      "updatedTime": "2020-11-24T14:37:53.8220925Z",
      "createdUserId": "f04d3cd9-b73d-4ba9-a1ed-9319eba29b21",
      "updatedUserId": "f04d3cd9-b73d-4ba9-a1ed-9319eba29b21"
    }
  ]
}