{
  "intents": [
    {
      "intentType": "Regular",
      "endUserOverrideName": "Anslut till möte från mobil",
      "triggerQueries": [
        "Är det möjligt att gå med i ett möte från mobilen?",
        "delta via mobilen?",
        "vara med i mötet från mobilen",
        "anslut till mötet från iPhone",
        "joina mötet från iPhone",
        "gå med i mötet från min android",
        "anslut till mötet från smartphone",
        "joina möte från mobilen",
        "Anslut till möte från mobil",
        "Kan jag ansluta till ett möte från mobilen?",
        "Hur ansluter jag till ett möte på Teams mobil?"
      ],
      "dialogId": "new_topic_46def5f8545d414da819b29873321a1a",
      "isTriggeringEnabled": true,
      "id": "new_topic_46def5f8545d414da819b29873321a1a",
      "displayName": "Hur ansluter jag till ett möte från mobilen?",
      "description": "",
      "createdTime": "2020-11-24T14:37:53.8230909Z",
      "updatedTime": "2020-12-08T14:24:04.4317287Z",
      "createdUserId": "f04d3cd9-b73d-4ba9-a1ed-9319eba29b21",
      "updatedUserId": "f04d3cd9-b73d-4ba9-a1ed-9319eba29b21"
    }
  ],
  "dialogs": [
    {
      "rootNodeId": "16da9a9a-2dc5-4fe3-a6e4-1352ad381352",
      "messageNodes": [
        {
          "botMessageId": "a88625b2-5db8-483c-a2ee-4f0c324c0bf2",
          "nodeType": "BotMessageNode",
          "id": "16da9a9a-2dc5-4fe3-a6e4-1352ad381352",
          "defaultTargetNodeId": "7808a44d-adb4-460c-b071-939a46c30500"
        }
      ],
      "dialogChangeNodes": [
        {
          "targetDialogId": "new_topic_84ec227c19784e7ba25cb34f4638f91e_aeabea4d071f415c8c107e1cb7af5424_assumedsuccess",
          "nodeType": "DialogChangeNode",
          "id": "7808a44d-adb4-460c-b071-939a46c30500"
        }
      ],
      "id": "new_topic_46def5f8545d414da819b29873321a1a",
      "displayName": "Dialog for Hur ansluter jag till ett möte på Teams mobil?",
      "createdTime": "2020-11-24T14:37:53.8230909Z",
      "updatedTime": "2020-12-08T14:24:32.4473984Z",
      "createdUserId": "f04d3cd9-b73d-4ba9-a1ed-9319eba29b21",
      "updatedUserId": "f04d3cd9-b73d-4ba9-a1ed-9319eba29b21"
    }
  ],
  "botMessages": [
    {
      "channelContent": {
        "web": {
          "contentFormat": "Markdown",
          "content": "Från din mobila enhet öppnar du Teams-appen och trycker på fliken Möten som visar din möteskalender, Klicka sedan på Anslut-knappen för önskat möte.   \n[Se länk för fler alternativ](https://support.microsoft.com/sv-se/office/ansluta-till-ett-m%C3%B6te-i-teams-1613bb53-f3fa-431e-85a9-d6a91e3468c9#ID0EAACAAA=Mobil)"
        }
      },
      "id": "a88625b2-5db8-483c-a2ee-4f0c324c0bf2",
      "createdTime": "2020-11-24T14:37:53.8230909Z",
      "updatedTime": "2020-11-24T14:37:53.8230909Z",
      "createdUserId": "f04d3cd9-b73d-4ba9-a1ed-9319eba29b21",
      "updatedUserId": "f04d3cd9-b73d-4ba9-a1ed-9319eba29b21"
    }
  ]
}