{
  "intents": [
    {
      "triggerQueries": [
        "얼마나 많은 OneDrive 원드라이브 공간 Microsoft 마이크로소프트 365",
        "OneDrive 원드라이브 Storage 스토리지",
        "얼마나 많은 Office 오피스 365 파일 문서 저장 공간",
        "Microsoft 마이크로소프트 365 Storage 스토리지",
        "OneDrive 원드라이브 얼마나 많은 공간",
        "Office 오피스 365 OneDrive 원드라이 저장소 얼마나 확보",
        "Office 365에서 OneDrive 저장소를 얼마나 확보할 수 있습니까?"
      ],
      "dialogId": "new_topic_a16ab5a3c94b4d8f9611ff02aa67faf3",
      "isTriggeringEnabled": true,
      "id": "new_topic_a16ab5a3c94b4d8f9611ff02aa67faf3",
      "displayName": "Office 365에서 OneDrive 저장소를 얼마나 확보할 수 있습니까?",
      "description": "https://adoptbotv2kb.blob.core.windows.net/%24web/adoptbot2021-Korean.docx",
      "createdTime": "2021-03-18T03:39:18.7456548Z",
      "updatedTime": "2021-04-08T05:46:24.4271412Z",
      "createdUserId": "e47109d8-0300-4e59-a90d-56bb29886c9e",
      "updatedUserId": "e47109d8-0300-4e59-a90d-56bb29886c9e"
    }
  ],
  "dialogs": [
    {
      "rootNodeId": "da2e7e85-659d-4872-836e-9eab8c83cb15",
      "messageNodes": [
        {
          "botMessageId": "fc5d835e-8873-45c9-a30d-80fb7539b242",
          "nodeType": "BotMessageNode",
          "id": "da2e7e85-659d-4872-836e-9eab8c83cb15",
          "defaultTargetNodeId": "5229d385-2491-4946-950c-ac9d600fe9de"
        }
      ],
      "dialogChangeNodes": [
        {
          "targetDialogId": "new_topic_2bf23930c1d146129dfe38bacb94ccd0_aeabea4d071f415c8c107e1cb7af5424_assumedsuccess",
          "nodeType": "DialogChangeNode",
          "id": "5229d385-2491-4946-950c-ac9d600fe9de"
        }
      ],
      "id": "new_topic_a16ab5a3c94b4d8f9611ff02aa67faf3",
      "displayName": "Dialog for Office 365에서 OneDrive 저장소를 얼마나 확보할 수 있습니까?",
      "createdTime": "2021-03-18T03:39:18.7456548Z",
      "updatedTime": "2021-03-18T03:39:18.7456548Z",
      "createdUserId": "e47109d8-0300-4e59-a90d-56bb29886c9e",
      "updatedUserId": "e47109d8-0300-4e59-a90d-56bb29886c9e"
    }
  ],
  "botMessages": [
    {
      "channelContent": {
        "web": {
          "contentFormat": "Markdown",
          "content": "사용자는 OneDrive 저장소 1TB를 받습니다.\r\n\r\n[여러분의 라이선스에 따라](https://docs.microsoft.com/ko-kr/onedrive/set-default-storage-space) 사용자당 5 TB (5,000 GB)까지 늘어날 수 있습니다."
        }
      },
      "id": "fc5d835e-8873-45c9-a30d-80fb7539b242",
      "createdTime": "2021-03-18T03:39:18.7456548Z",
      "updatedTime": "2021-03-18T03:39:18.7456548Z",
      "createdUserId": "e47109d8-0300-4e59-a90d-56bb29886c9e",
      "updatedUserId": "e47109d8-0300-4e59-a90d-56bb29886c9e"
    }
  ],
  "createdUtc": "0001-01-01T00:00:00Z"
}