{
  "intents": [
    {
      "endUserOverrideName": "Wie viel Speicherplatz habe ich in (OneDrive)?",
      "triggerQueries": [
        "Speicher M365",
        "Speicher in M365",
        "Wie viel OneDrive-Speicherplatz bekomme ich mit Microsoft 365?",
        "Onedrive-Speicher",
        "Speicher in 365?",
        "Wie viele Dokumente passen in Microsoft 365?",
        "Wie viele Dateien kann ich speichern?",
        "Speicher in Microsoft 365",
        "Wie viel Speicherplatz habe ich in OneDrive?",
        "Wie viele Dateien kann ich in OneDrive speichern?",
        "Wie viel Speicher ist in M365 enthalten?",
        "Wie viel OneDrive-Speicher bekomme ich mit Office 365?",
        "Wie viel Speicherplatz habe ich?"
      ],
      "dialogId": "new_topic_c4aeb275d91b4914a04b495c2fdfd0be",
      "isTriggeringEnabled": true,
      "id": "new_topic_c4aeb275d91b4914a04b495c2fdfd0be",
      "displayName": "Wie viel OneDrive-Speicherplatz bekomme ich mit Microsoft 365?",
      "description": "",
      "createdTime": "2021-04-19T09:15:32.2087533Z",
      "updatedTime": "2021-04-19T09:15:32.2087533Z",
      "createdUserId": "16930407-b7c9-43e8-bceb-33467ef65593"
    }
  ],
  "dialogs": [
    {
      "rootNodeId": "77556bb8-c4ae-4251-9cc3-b5f549054282",
      "messageNodes": [
        {
          "botMessageId": "dabd6d9d-4b92-4337-b031-2f22b8d88b7e",
          "nodeType": "BotMessageNode",
          "id": "77556bb8-c4ae-4251-9cc3-b5f549054282",
          "defaultTargetNodeId": "d0b9445c-56a9-4215-8731-b8200c3bb208"
        }
      ],
      "dialogChangeNodes": [
        {
          "targetDialogId": "new_topic_30867099f4b543d3b8543a85c22c3418_aeabea4d071f415c8c107e1cb7af5424_assumedsuccess",
          "nodeType": "DialogChangeNode",
          "id": "d0b9445c-56a9-4215-8731-b8200c3bb208"
        }
      ],
      "id": "new_topic_c4aeb275d91b4914a04b495c2fdfd0be",
      "displayName": "Dialog for Wie viel OneDrive-Speicherplatz bekomme ich mit Microsoft 365?",
      "createdTime": "2021-04-19T09:15:32.2087533Z",
      "updatedTime": "2021-04-19T09:19:01.2678029Z",
      "createdUserId": "16930407-b7c9-43e8-bceb-33467ef65593",
      "updatedUserId": "16930407-b7c9-43e8-bceb-33467ef65593"
    }
  ],
  "botMessages": [
    {
      "channelContent": {
        "web": {
          "contentFormat": "Markdown",
          "content": "Benutzer erhalten 1 TB (1.000 GB) Speicherplatz in OneDrive.\n\n[Basierend auf Ihrer Lizenzierung](https://docs.microsoft.com/de-de/onedrive/set-default-storage-space) kann dies auf 5 TB (5.000 GB) pro Benutzer erhöht werden."
        }
      },
      "id": "dabd6d9d-4b92-4337-b031-2f22b8d88b7e",
      "createdTime": "2021-04-19T09:15:32.2087533Z",
      "updatedTime": "2021-04-19T09:15:32.2087533Z",
      "createdUserId": "16930407-b7c9-43e8-bceb-33467ef65593",
      "updatedUserId": "16930407-b7c9-43e8-bceb-33467ef65593"
    }
  ],
  "createdUtc": "0001-01-01T00:00:00Z"
}