{
  "intents": [
    {
      "intentType": "Regular",
      "triggerQueries": [
        "Describe Exchange Online",
        "What does Exchange online mean?",
        "What does online exchange mean?",
        "What is Exchange Online?"
      ],
      "dialogId": "new_topic_0928ad0fbb5c4c69af0fc8e7ba525b7e",
      "isTriggeringEnabled": true,
      "id": "new_topic_0928ad0fbb5c4c69af0fc8e7ba525b7e",
      "displayName": "What is Exchange Online?",
      "description": "https://adoptbotv2kb.blob.core.windows.net/%24web/AdoptBot2021-English.docx",
      "createdTime": "2021-01-13T22:20:51.2381463Z",
      "updatedTime": "2021-01-27T20:46:05.0118206Z",
      "createdUserId": "f04d3cd9-b73d-4ba9-a1ed-9319eba29b21",
      "updatedUserId": "f04d3cd9-b73d-4ba9-a1ed-9319eba29b21"
    }
  ],
  "dialogs": [
    {
      "rootNodeId": "74b8f201-3bcf-4289-88bb-9089c9f9cc26",
      "messageNodes": [
        {
          "botMessageId": "768175c5-e499-4cc0-a927-5710af681509",
          "nodeType": "BotMessageNode",
          "id": "74b8f201-3bcf-4289-88bb-9089c9f9cc26",
          "defaultTargetNodeId": "7974b6ba-1eb3-4b2a-93d4-d76b5e791c53"
        }
      ],
      "dialogChangeNodes": [
        {
          "targetDialogId": "new_topic_eac3f49c99664313a9d9dc19d80a79a2_aeabea4d071f415c8c107e1cb7af5424_assumedsuccess",
          "nodeType": "DialogChangeNode",
          "id": "7974b6ba-1eb3-4b2a-93d4-d76b5e791c53"
        }
      ],
      "id": "new_topic_0928ad0fbb5c4c69af0fc8e7ba525b7e",
      "displayName": "Dialog for What is Exchange Online?",
      "createdTime": "2021-01-13T22:20:51.2381463Z",
      "updatedTime": "2021-01-13T22:20:51.2381463Z",
      "createdUserId": "f04d3cd9-b73d-4ba9-a1ed-9319eba29b21",
      "updatedUserId": "f04d3cd9-b73d-4ba9-a1ed-9319eba29b21"
    }
  ],
  "botMessages": [
    {
      "channelContent": {
        "web": {
          "contentFormat": "Markdown",
          "content": "Exchange Online is part of Microsoft 365. It provides email and calendar. Click the Outlook icon in Office 365 to launch."
        }
      },
      "id": "768175c5-e499-4cc0-a927-5710af681509",
      "createdTime": "2021-01-13T22:20:51.2381463Z",
      "updatedTime": "2021-01-13T22:20:51.2381463Z",
      "createdUserId": "f04d3cd9-b73d-4ba9-a1ed-9319eba29b21",
      "updatedUserId": "f04d3cd9-b73d-4ba9-a1ed-9319eba29b21"
    }
  ]
}