{
  "intents": [
    {
      "triggerQueries": [
        "Jak mogę użyć OneNote?",
        "OneNote dla systemu Windows 10",
        "Jak uzyskać program OneNote?",
        "Nie mogę znaleźć programu OneNote",
        "Mam pakiet Office, ale nie widzę programu OneNote?",
        "Którego programu OneNote należy używać?",
        "Jak mogę pobrać OneNote?"
      ],
      "dialogId": "new_topic_34ca2ad5411d4e51a036231bbca9b632",
      "isTriggeringEnabled": true,
      "id": "new_topic_34ca2ad5411d4e51a036231bbca9b632",
      "displayName": "Jak mogę pobrać OneNote?",
      "description": "",
      "createdTime": "2021-09-26T18:11:45.6911699Z",
      "updatedTime": "2021-10-20T11:59:36.2910807Z",
      "createdUserId": "28fac8cb-bec7-48c9-a688-5024cf318b8a",
      "updatedUserId": "28fac8cb-bec7-48c9-a688-5024cf318b8a"
    }
  ],
  "dialogs": [
    {
      "rootNodeId": "c516cd2d-8a31-44ed-b618-6d9e29707659",
      "messageNodes": [
        {
          "botMessageId": "93e92dbf-b6ff-4627-b383-c881cf750b01",
          "nodeType": "BotMessageNode",
          "id": "c516cd2d-8a31-44ed-b618-6d9e29707659",
          "defaultTargetNodeId": "615fe010-2837-4af8-9cbb-28f0255b7e47"
        }
      ],
      "dialogChangeNodes": [
        {
          "targetDialogId": "new_topic_d4ee79ce05584b519ee7d416fda7e2a3_aeabea4d071f415c8c107e1cb7af5424_assumedsuccess",
          "nodeType": "DialogChangeNode",
          "id": "615fe010-2837-4af8-9cbb-28f0255b7e47"
        }
      ],
      "id": "new_topic_34ca2ad5411d4e51a036231bbca9b632",
      "displayName": "Dialog for Jak mogę pobrać OneNote?",
      "createdTime": "2021-09-26T18:11:45.6911699Z",
      "updatedTime": "2021-10-20T12:00:27.9978124Z",
      "createdUserId": "28fac8cb-bec7-48c9-a688-5024cf318b8a",
      "updatedUserId": "28fac8cb-bec7-48c9-a688-5024cf318b8a"
    }
  ],
  "botMessages": [
    {
      "channelContent": {
        "web": {
          "contentFormat": "Markdown",
          "content": "W zależności od używanego urządzenia [program OneNote jest dostosowany do Twoich](https://support.microsoft.com/pl-PL/office/what-s-the-difference-between-the-onenote-versions-a624e692-b78b-4c09-b07f-46181958118f) potrzeb.\n\n*   **OneNote** (dawniej nazywany \"OneNote 2016\") to bezpłatna aplikacja klasyczna i część pakietu Office 2019 i Microsoft 365.\n*   **Program OneNote dla systemu Windows 10** jest wstępnie zainstalowany we wszystkich wersjach systemu Windows 10 i można go pobrać za darmo w sklepie [Microsoft Store](https://www.microsoft.com/store/productId/9WZDNCRFHVJL)"
        }
      },
      "id": "93e92dbf-b6ff-4627-b383-c881cf750b01",
      "createdTime": "2021-09-26T18:11:45.6911699Z",
      "updatedTime": "2021-09-26T18:11:45.6911699Z",
      "createdUserId": "28fac8cb-bec7-48c9-a688-5024cf318b8a",
      "updatedUserId": "28fac8cb-bec7-48c9-a688-5024cf318b8a"
    }
  ]
}