{
  "intents": [
    {
      "endUserOverrideName": "Lista dei presenti",
      "triggerQueries": [
        "Posso avere l'elenco dei presenti?",
        "lista delle presenze?",
        "report delle presenze?",
        "Scarica il rapporto delle presenze?",
        "Vedi rapporto di partecipazione alla riunione",
        "Teams può dirmi chi c'era alla riunione?",
        "Vedere chi ha partecipato a una riunione",
        "Si può avere un rapporto delle presenze?"
      ],
      "dialogId": "new_topic_0d38bf65f80a4f9c96e784dc1f473b9a",
      "isTriggeringEnabled": true,
      "id": "new_topic_0d38bf65f80a4f9c96e784dc1f473b9a",
      "displayName": "Si può avere l'elenco dei presenti?",
      "createdTime": "2022-04-27T09:50:47.117356Z",
      "updatedTime": "2022-04-27T09:50:47.117356Z",
      "createdUserId": "9451fc51-e00d-4445-8ff9-efb70866dc3b",
      "updatedUserId": "9451fc51-e00d-4445-8ff9-efb70866dc3b"
    }
  ],
  "dialogs": [
    {
      "rootNodeId": "089f4e3a-f299-412d-bd49-5b6e23fd7259",
      "messageNodes": [
        {
          "botMessageId": "974dbf98-5b12-4ded-a7d9-a429352c2d9b",
          "nodeType": "BotMessageNode",
          "id": "089f4e3a-f299-412d-bd49-5b6e23fd7259",
          "defaultTargetNodeId": "f1d5ffbc-87b3-47db-94ae-71cf165a2ab3"
        },
        {
          "botMessageId": "6fa20a62-0afa-4f20-a256-f14b597c9647",
          "nodeType": "BotMessageNode",
          "id": "f1d5ffbc-87b3-47db-94ae-71cf165a2ab3",
          "defaultTargetNodeId": "45d38001-23a6-4782-9d8e-42d9418247d5"
        },
        {
          "botMessageId": "6188713e-fc1e-4dae-91bf-a53bd6e05237",
          "nodeType": "BotMessageNode",
          "id": "45d38001-23a6-4782-9d8e-42d9418247d5",
          "defaultTargetNodeId": "88f49036-05a4-4e35-bc23-d9ee3b2b8c94"
        }
      ],
      "dialogChangeNodes": [
        {
          "targetDialogId": "new_topic_f98a24608ee04cb998de3e3e32703d5b_aeabea4d071f415c8c107e1cb7af5424_assumedsuccess",
          "nodeType": "DialogChangeNode",
          "id": "88f49036-05a4-4e35-bc23-d9ee3b2b8c94"
        }
      ],
      "id": "new_topic_0d38bf65f80a4f9c96e784dc1f473b9a",
      "displayName": "Senza titolo",
      "createdTime": "2022-04-27T09:50:47.117356Z",
      "updatedTime": "2022-04-27T09:50:47.117356Z",
      "createdUserId": "9451fc51-e00d-4445-8ff9-efb70866dc3b",
      "updatedUserId": "9451fc51-e00d-4445-8ff9-efb70866dc3b"
    }
  ],
  "botMessages": [
    {
      "channelContent": {
        "web": {
          "contentFormat": "Markdown",
          "content": "Gli organizzatori della riunione possono [visualizzare e scaricare un rapporto di partecipazione alla riunione.](https://support.microsoft.com/it-it/office/visualizzare-e-scaricare-i-report-sulle-presenze-delle-riunioni-in-teams-ae7cf170-530c-47d3-84c1-3aedac74d310) Trovi questo report nel riquadro Partecipanti della riunione, facendo clic sulla freccia di download."
        }
      },
      "id": "974dbf98-5b12-4ded-a7d9-a429352c2d9b",
      "createdTime": "2022-04-27T09:35:49.885Z",
      "updatedTime": "2022-04-27T09:35:49.885Z"
    },
    {
      "channelContent": {
        "web": {
          "contentFormat": "Markdown",
          "content": "È possibile scaricare il report come un . CSV (può essere aperto in Excel)."
        }
      },
      "id": "6fa20a62-0afa-4f20-a256-f14b597c9647",
      "createdTime": "2022-04-27T09:46:48.682Z",
      "updatedTime": "2022-04-27T09:46:48.682Z",
      "createdUserId": "user-0",
      "updatedUserId": "user-0"
    },
    {
      "channelContent": {
        "web": {
          "contentFormat": "Markdown",
          "content": "**Per gli amministratori**: vedere questo articolo per ulteriori dettagli [Report sulle presenze alle riunioni di Microsoft Teams](https://docs.microsoft.com/it-it/microsoftteams/teams-analytics-and-reports/meeting-attendance-report)"
        }
      },
      "id": "6188713e-fc1e-4dae-91bf-a53bd6e05237",
      "createdTime": "2022-04-27T09:47:40.425Z",
      "updatedTime": "2022-04-27T09:47:40.425Z",
      "createdUserId": "user-0",
      "updatedUserId": "user-0"
    }
  ]
}