{
  "intents": [
    {
      "intentType": "Regular",
      "endUserOverrideName": "Ta bort någon ur en gruppchatt?",
      "triggerQueries": [
        "ta bort någon från chattgrupen",
        "Kicka någon ur chatten",
        "ta bort person ur chattgrupp",
        "anpassa vilka som är med i en chattgrupp",
        "ändra medlemmar för en gruppchatt",
        "Ta bort en deltagare från en chatt",
        "Ta bort någon ur en gruppchatt?",
        "Ta bort en person ur gruppchatten",
        "Ta bort någon från en gruppchatt?",
        "Hur tar jag bort någon från en gruppchatt?"
      ],
      "dialogId": "new_topic_7520200631f2417a88f05effc85e5ea0",
      "isTriggeringEnabled": true,
      "id": "new_topic_7520200631f2417a88f05effc85e5ea0",
      "displayName": "Hur tar jag bort någon från en gruppchatt?",
      "description": "https://faqtimafiles.blob.core.windows.net/filesfortima-adoptbot/svenska frågor till adoptbot PVA (Swedish QnA for AdoptBot).docx",
      "createdTime": "2020-11-24T14:37:53.8220925Z",
      "updatedTime": "2021-01-14T16:32:52.5196406Z",
      "createdUserId": "f04d3cd9-b73d-4ba9-a1ed-9319eba29b21",
      "updatedUserId": "f04d3cd9-b73d-4ba9-a1ed-9319eba29b21"
    }
  ],
  "dialogs": [
    {
      "rootNodeId": "bcff59ed-c5ff-4792-aa65-919f2324a9a6",
      "messageNodes": [
        {
          "botMessageId": "1196a19b-ea48-44a1-af23-5e202fdcfc03",
          "nodeType": "BotMessageNode",
          "id": "bcff59ed-c5ff-4792-aa65-919f2324a9a6",
          "defaultTargetNodeId": "1284d3a9-f310-4e4d-a1e1-ce8c8cf21f70"
        }
      ],
      "dialogChangeNodes": [
        {
          "targetDialogId": "new_topic_84ec227c19784e7ba25cb34f4638f91e_aeabea4d071f415c8c107e1cb7af5424_assumedsuccess",
          "nodeType": "DialogChangeNode",
          "id": "1284d3a9-f310-4e4d-a1e1-ce8c8cf21f70"
        }
      ],
      "id": "new_topic_7520200631f2417a88f05effc85e5ea0",
      "displayName": "Dialog for Hur tar jag bort någon från en gruppchatt?",
      "createdTime": "2020-11-24T14:37:53.8220925Z",
      "updatedTime": "2020-11-24T14:37:53.8220925Z",
      "createdUserId": "f04d3cd9-b73d-4ba9-a1ed-9319eba29b21",
      "updatedUserId": "f04d3cd9-b73d-4ba9-a1ed-9319eba29b21"
    }
  ],
  "botMessages": [
    {
      "channelContent": {
        "web": {
          "contentFormat": "Markdown",
          "content": "Du kan själv [lämna en gruppchatt eller ta bort andra från den](https://support.microsoft.com/sv-se/office/l%c3%a4mna-eller-ta-bort-n%c3%a5gon-fr%c3%a5n-en-gruppchatt-7db55a67-0ba4-4409-a399-5ed502a1d094?ui=sv-se&rs=sv-se&ad=se) .\r\n\r\n1. Öppna en gruppchatt med tre eller fler personer\r\n2. Klicka på antalet deltagare och hovra sedan över den personens namn du vill ta bort.\r\n3. Välj X och bekräfta att du vill ta bort deltagaren från chatten."
        }
      },
      "id": "1196a19b-ea48-44a1-af23-5e202fdcfc03",
      "createdTime": "2020-11-24T14:37:53.8220925Z",
      "updatedTime": "2020-11-24T14:37:53.8220925Z",
      "createdUserId": "f04d3cd9-b73d-4ba9-a1ed-9319eba29b21",
      "updatedUserId": "f04d3cd9-b73d-4ba9-a1ed-9319eba29b21"
    }
  ]
}