{
  "intents": [
    {
      "endUserOverrideName": "Apps in Teams",
      "triggerQueries": [
        "kanban toevoegen aan teams?",
        "scrumgenius",
        "mindmeister",
        "trello",
        "kan ik miro toevoegena aan teams",
        "kan ik toevoegen aan Teams",
        "welke apps integreren met teams",
        "Welke apps kan ik allemaal in Teams gebruiken?"
      ],
      "dialogId": "new_topic_8b893070e3cb4cd7ba8f8d6567a9a399",
      "isTriggeringEnabled": true,
      "id": "new_topic_8b893070e3cb4cd7ba8f8d6567a9a399",
      "displayName": "Welke apps kan ik allemaal in Teams gebruiken?",
      "description": "",
      "createdTime": "2021-03-29T23:07:53.154627Z",
      "updatedTime": "2021-03-29T23:10:30.7069147Z",
      "createdUserId": "c1e90dc0-1df0-459d-8164-0dcb7915deaf",
      "updatedUserId": "c1e90dc0-1df0-459d-8164-0dcb7915deaf"
    }
  ],
  "dialogs": [
    {
      "rootNodeId": "95b47fc0-fd83-408e-a3a0-97c2f2884160",
      "messageNodes": [
        {
          "botMessageId": "cb150bdd-bd0d-41e8-aaee-661ba9bc5330",
          "nodeType": "BotMessageNode",
          "id": "5145ba1c-5650-40d6-9751-3b2c3ebed90a",
          "defaultTargetNodeId": "9d91023d-d042-49b8-b100-91e5e29ffab7"
        },
        {
          "botMessageId": "7953a2d3-684d-4823-b656-5d30bc2eb83e",
          "nodeType": "BotMessageNode",
          "id": "95b47fc0-fd83-408e-a3a0-97c2f2884160",
          "defaultTargetNodeId": "5145ba1c-5650-40d6-9751-3b2c3ebed90a"
        }
      ],
      "dialogChangeNodes": [
        {
          "targetDialogId": "new_topic_9d295c394a47419da3b4d205b7ed4c20_aeabea4d071f415c8c107e1cb7af5424_assumedsuccess",
          "nodeType": "DialogChangeNode",
          "id": "9d91023d-d042-49b8-b100-91e5e29ffab7"
        }
      ],
      "id": "new_topic_8b893070e3cb4cd7ba8f8d6567a9a399",
      "displayName": "Dialog for Welke apps kan ik allemaal in Teams gebruiken?",
      "createdTime": "2021-03-29T23:07:53.154627Z",
      "updatedTime": "2021-03-29T23:12:13.5655189Z",
      "createdUserId": "c1e90dc0-1df0-459d-8164-0dcb7915deaf",
      "updatedUserId": "c1e90dc0-1df0-459d-8164-0dcb7915deaf"
    }
  ],
  "botMessages": [
    {
      "channelContent": {
        "web": {
          "contentFormat": "Markdown",
          "content": "Nieuwsgierig naar de mogelijkheden?**Open** [App integraties](https://appsource.microsoft.com/nl-NL/marketplace/apps?product=teams) en typ in de zoekbalk rechtsboven🔎 _Appsource apps zoeken_. Hier vind je alle mogelijke app integraties met Teams."
        }
      },
      "id": "cb150bdd-bd0d-41e8-aaee-661ba9bc5330",
      "createdTime": "2021-03-29T23:08:58.38Z",
      "updatedTime": "2021-03-29T23:08:58.38Z",
      "createdUserId": "user-0",
      "updatedUserId": "user-0"
    },
    {
      "channelContent": {
        "web": {
          "contentFormat": "Markdown",
          "content": "**Let op:** het kan zijn dat uw organisatie het niet toestaat om apps of tools te integreren met Teams."
        }
      },
      "id": "7953a2d3-684d-4823-b656-5d30bc2eb83e",
      "createdTime": "2021-03-29T23:11:33.153Z",
      "updatedTime": "2021-03-29T23:11:33.153Z",
      "createdUserId": "user-0",
      "updatedUserId": "user-0"
    }
  ],
  "createdUtc": "0001-01-01T00:00:00Z"
}