{
  "intents": [
    {
      "endUserOverrideName": "An einer Besprechung in Teams teilnehmen",
      "triggerQueries": [
        "Wie kann ich an einem Team meeting teilnehmen?",
        "vor dem Start am Meeting teilnehmen?",
        "Wann kann ich einer Besprechung teilnehmen?",
        "Kann ich vor dem Start an einem Meeting teilnehmen?",
        "Wie kann ich an einem Meeting teilnehmen?",
        "an teams sitzung teilnehmen",
        "teams meeting beitreten",
        "an meeting teilnehmen",
        "Meeting beitreten",
        "an einer geschlossenen Sitzung teilnehmen?",
        "Wie kann ich an den Meetings teilnehmen?",
        "jetzt besprechen",
        "Sofortbesprechung starten",
        "An Ad-hoc-Meetings teilnehmen"
      ],
      "dialogId": "new_topic_887d6fe82fad4db0964e5b41ecba685d",
      "isTriggeringEnabled": true,
      "id": "new_topic_887d6fe82fad4db0964e5b41ecba685d",
      "displayName": "Wie nehme ich an einem Teams-Meeting teil?",
      "description": "https://adoptbotv2kb.blob.core.windows.net/%24web/AdoptBot2021-English.docx",
      "createdTime": "2021-04-18T09:34:31.5904523Z",
      "updatedTime": "2021-04-18T09:37:09.476282Z",
      "createdUserId": "86360cd1-faa6-4d16-8a0c-ba3116c8a977"
    }
  ],
  "dialogs": [
    {
      "rootNodeId": "7ae7e9ad-e9e6-477b-aca2-f9eb8ced4524",
      "messageNodes": [
        {
          "botMessageId": "cb0fc402-2917-4c9b-ac95-ba7fc97f39fe",
          "nodeType": "BotMessageNode",
          "id": "7ae7e9ad-e9e6-477b-aca2-f9eb8ced4524",
          "defaultTargetNodeId": "1820303e-93d4-48a6-9212-1c2ecd169d8a"
        },
        {
          "botMessageId": "e7f8425f-8659-4f79-b32f-16d0468749bc",
          "nodeType": "BotMessageNode",
          "id": "1820303e-93d4-48a6-9212-1c2ecd169d8a",
          "defaultTargetNodeId": "4b2bfc2a-6277-436b-aab0-dc6fb9f727b1"
        },
        {
          "botMessageId": "26c9421c-5c92-4861-a018-61dcb7eaf6d1",
          "nodeType": "BotMessageNode",
          "id": "4b2bfc2a-6277-436b-aab0-dc6fb9f727b1",
          "defaultTargetNodeId": "70f45642-85c9-47cb-8d64-6527c7e5ad60"
        }
      ],
      "dialogChangeNodes": [
        {
          "targetDialogId": "new_topic_30867099f4b543d3b8543a85c22c3418_aeabea4d071f415c8c107e1cb7af5424_assumedsuccess",
          "nodeType": "DialogChangeNode",
          "id": "70f45642-85c9-47cb-8d64-6527c7e5ad60"
        }
      ],
      "id": "new_topic_887d6fe82fad4db0964e5b41ecba685d",
      "displayName": "Dialog for Wie nehme ich an einem Teams-Meeting teil?",
      "createdTime": "2021-04-18T09:34:31.5904523Z",
      "updatedTime": "2021-04-18T09:37:24.6898959Z",
      "createdUserId": "86360cd1-faa6-4d16-8a0c-ba3116c8a977",
      "updatedUserId": "86360cd1-faa6-4d16-8a0c-ba3116c8a977"
    }
  ],
  "botMessages": [
    {
      "channelContent": {
        "web": {
          "contentFormat": "Markdown",
          "content": "[Sie können jederzeit einem geplanten Teams-Meeting beitreten](https://support.microsoft.com/de-de/office/teilnehmen-an-einer-besprechung-in-microsoft-teams-1613bb53-f3fa-431e-85a9-d6a91e3468c9?ui=de-DE&rs=de-DE&ad=DE). Klicken Sie auf den Link in Ihrer Besprechungseinladung oder wählen Sie direkt in Teams **Beitreten**."
        }
      },
      "id": "cb0fc402-2917-4c9b-ac95-ba7fc97f39fe",
      "createdTime": "2021-04-18T09:34:31.5904523Z",
      "updatedTime": "2021-04-18T09:34:31.5904523Z",
      "createdUserId": "86360cd1-faa6-4d16-8a0c-ba3116c8a977",
      "updatedUserId": "86360cd1-faa6-4d16-8a0c-ba3116c8a977"
    },
    {
      "channelContent": {
        "web": {
          "contentFormat": "Markdown",
          "content": "Über den **Kalender** in Teams können Sie Ihren Kalender einsehen und Teams-Besprechungen beitreten und/oder planen.\n\nHier können auch sofortige \"[Meet Now](https://support.microsoft.com/de-de/office/starten-sie-eine-sofortbesprechung-in-teams-ff95e53f-8231-4739-87fa-00b9723f4ef5?ui=de-DE&rs=de-DE&ad=DE)\"-Besprechungen gestartet werden."
        }
      },
      "id": "e7f8425f-8659-4f79-b32f-16d0468749bc",
      "createdTime": "2021-04-18T09:35:58.496Z",
      "updatedTime": "2021-04-18T09:35:58.496Z",
      "createdUserId": "user-0",
      "updatedUserId": "user-0"
    },
    {
      "channelContent": {
        "web": {
          "contentFormat": "Markdown",
          "content": "_Wenn Ihre Organisation Audiokonferenzen als Option anbietet, wird in der Meeting-Einladung eine Einwahlnummer angezeigt._"
        }
      },
      "id": "26c9421c-5c92-4861-a018-61dcb7eaf6d1",
      "createdTime": "2021-04-18T09:37:06.004Z",
      "updatedTime": "2021-04-18T09:37:06.004Z",
      "createdUserId": "user-0",
      "updatedUserId": "user-0"
    }
  ]
}