{
  "intents": [
    {
      "systemIntentTypes": [
        "Goodbye"
      ],
      "intentType": "System",
      "triggerQueries": [
        "Ciao ciao",
        "Ciao e grazie ancora",
        "Ciao per ora",
        "Ciao per adesso",
        "Ciao e a più tardi!",
        "Anche per me è stato un piacere. Buona giornata.",
        "Arrivederci",
        "Buona giornata",
        "Buona serata",
        "Passa una bellissima giornata",
        "Passa una bellissima giornata. Stai andando bene.",
        "Passa una buona giornata",
        "Passa una magnifica giornata :)",
        "Nessun problema. Arrivederci.",
        "Penserò a qualcosa più tardi. Grazie e arrivederci",
        "Dovrò parlarti più tardi.",
        "È stato un piacere parlare con te. Ciao.",
        "No, grazie. Buonanotte",
        "No, grazie e arrivederci",
        "No, grazie. Ciao",
        "No, grazie. Arrivederci.",
        "No, grazie! Buona giornata!",
        "No, grazie. Passa una buona giornata!",
        "No, grazie per l'aiuto, arrivederci.",
        "No, grazie mille. Buona giornata.",
        "Niente di tutto ciò. Arrivederci",
        "Niente, è tutto a posto. Grazie mille e arrivederci",
        "No, grazie e buona giornata. Ciao",
        "No, ciao ciao.",
        "Per ora no. Grazie e buona giornata.",
        "Niente di utile. Arrivederci.",
        "Ok, grazie e buona giornata",
        "Ok, grazie e a più tardi",
        "Perfetto! Buona giornata!",
        "Anche qui. Buona giornata",
        "Anche qui. Ciao per il momento...",
        "Ci rivediamo",
        "A più tardi",
        "Scusa. Ciao e grazie per l'aiuto",
        "Scusa, devo tornare al lavoro, buona giornata",
        "Scusa, devo andare. Ciao",
        "Stammi bene e buona giornata",
        "Grazie per avermi parlato, buona giornata",
        "Grazie e ciao",
        "Grazie e arrivederci!",
        "Grazie e buona giornata",
        "Per adesso, grazie tante per l'aiuto,",
        "Grazie per l'aiuto! Arrivederci!",
        "Grazie, darò un'occhiata",
        "Grazie mille, ciao ciao",
        "Grazie mille. Buona giornata!",
        "Grazie, a più tardi.",
        "Grazie. Arrivederci",
        "Ti ringrazio. Ciao.",
        "Grazie per l'aiuto e arrivederci",
        "Ti ringrazio per l'aiuto e arrivederci",
        "Ti ringrazio per l'aiuto. Arrivederci.",
        "Grazie per l'aiuto. Buona giornata!!",
        "Grazie arrivederci",
        "Ti ringrazio, arrivederci",
        "Grazie, buonanotte",
        "Grazie, arrivederci",
        "Grazie. Chiudo la chat adesso.",
        "Grazie. Ora va bene. Buona giornata.",
        "Ti ringrazio. Arrivederci",
        "Thanks. I'm fine now. Have a good day.",
        "Thx. Goodbye"
      ],
      "dialogId": "new_topic_f98a24608ee04cb998de3e3e32703d5b_f56d1a3e522740c78f9fac0939332dbd_goodbye",
      "isTriggeringEnabled": true,
      "id": "new_topic_f98a24608ee04cb998de3e3e32703d5b_f56d1a3e522740c78f9fac0939332dbd_goodbye",
      "displayName": "Saluti di chiusura",
      "description": "Saluti di chiusura intento di sistema",
      "createdTime": "2019-01-15T00:00:00Z",
      "updatedTime": "2022-05-22T20:41:44.7645035Z",
      "createdUserId": "user0",
      "updatedUserId": "9451fc51-e00d-4445-8ff9-efb70866dc3b"
    }
  ],
  "dialogs": [
    {
      "rootNodeId": "3ce2158c-ebd3-4e2f-9e15-74432e415182",
      "dialogType": "System",
      "messageNodes": [
        {
          "botMessageId": "026a85be-8cca-4b87-b39f-3639fcfe3383",
          "nodeType": "BotMessageNode",
          "id": "3ce2158c-ebd3-4e2f-9e15-74432e415182"
        }
      ],
      "id": "new_topic_f98a24608ee04cb998de3e3e32703d5b_f56d1a3e522740c78f9fac0939332dbd_goodbye",
      "displayName": "Finestra di dialogo per i saluti di chiusura",
      "createdTime": "2019-01-15T00:00:00Z",
      "updatedTime": "2022-05-22T20:41:44.7645035Z",
      "createdUserId": "user0",
      "updatedUserId": "9451fc51-e00d-4445-8ff9-efb70866dc3b"
    }
  ],
  "botMessages": [
    {
      "channelContent": {
        "web": {
          "contentFormat": "Markdown",
          "content": "Grazie per aver chattato con me. Arrivederci!"
        }
      },
      "id": "026a85be-8cca-4b87-b39f-3639fcfe3383",
      "createdTime": "2019-01-15T00:00:00Z",
      "updatedTime": "2019-01-15T00:00:00Z",
      "createdUserId": "user0",
      "updatedUserId": "user0"
    }
  ]
}