{
  "intents": [
    {
      "triggerQueries": [
        "Hva er klistremerke knappen?",
        "Hva er gif?",
        "Hva er meme?",
        "Hva er emoji?",
        "Hva er emoji, meme og GIF?"
      ],
      "dialogId": "new_topic_11063f24e50d4bf88661a0a258c4b915",
      "isTriggeringEnabled": true,
      "canTriggeringBeDisabled": true,
      "id": "new_topic_11063f24e50d4bf88661a0a258c4b915",
      "displayName": "Hva er emoji, meme og GIF?",
      "description": "https://norwegianteams.blob.core.windows.net/norwegian-container/TIMA QA P19.docx",
      "createdTime": "2021-03-24T20:09:21.5442661Z",
      "updatedTime": "2021-03-25T11:07:02.1270916Z",
      "createdUserId": "ef0c8b9a-eff1-49f8-92fa-fd1d3e15e1ba",
      "updatedUserId": "ef0c8b9a-eff1-49f8-92fa-fd1d3e15e1ba",
      "isManaged": false,
      "isCustomizable": true,
      "etag": "W/\"1877581\"",
      "versionNumber": 1877581,
      "componentId": "9be1a1d8-dc8c-eb11-a812-000d3a9d9016"
    }
  ],
  "dialogs": [
    {
      "rootNodeId": "8ec034ab-9508-4a52-94e3-3df4e0237c7f",
      "messageNodes": [
        {
          "botMessageId": "de906644-8c9d-47d6-853c-ed96fb502b59",
          "nodeType": "BotMessageNode",
          "id": "8ec034ab-9508-4a52-94e3-3df4e0237c7f",
          "defaultTargetNodeId": "1239ab11-7b26-4ec2-9a91-b00cc3be504e"
        }
      ],
      "dialogChangeNodes": [
        {
          "targetDialogId": "new_topic_89c49d37fd4c4c1c9144396960733ce1_aeabea4d071f415c8c107e1cb7af5424_assumedsuccess",
          "nodeType": "DialogChangeNode",
          "id": "1239ab11-7b26-4ec2-9a91-b00cc3be504e"
        }
      ],
      "id": "new_topic_11063f24e50d4bf88661a0a258c4b915",
      "displayName": "Dialog for Hva er emoji, meme og GIF?",
      "createdTime": "2021-03-24T20:09:21.5442661Z",
      "updatedTime": "2021-03-25T11:21:44.787811Z",
      "createdUserId": "ef0c8b9a-eff1-49f8-92fa-fd1d3e15e1ba",
      "updatedUserId": "ef0c8b9a-eff1-49f8-92fa-fd1d3e15e1ba",
      "versionNumber": 0,
      "componentId": "00000000-0000-0000-0000-000000000000"
    }
  ],
  "botMessages": [
    {
      "channelContent": {
        "web": {
          "contentFormat": "Markdown",
          "content": "**Klistremerke**\\-knappen inneholder en rekke klistremerker og memer som kan tilpasses – du kan til og med laste opp dine egne!\n\n**Emoji**\\-knappen viser forskjellige smileansikt.\n\n**GIF**\\-knappen er for animerte GIF-er."
        }
      },
      "id": "de906644-8c9d-47d6-853c-ed96fb502b59",
      "createdTime": "2021-03-24T20:09:21.5442661Z",
      "updatedTime": "2021-03-24T20:09:21.5442661Z",
      "createdUserId": "ef0c8b9a-eff1-49f8-92fa-fd1d3e15e1ba",
      "updatedUserId": "ef0c8b9a-eff1-49f8-92fa-fd1d3e15e1ba",
      "versionNumber": 0,
      "componentId": "00000000-0000-0000-0000-000000000000"
    }
  ],
  "createdUtc": "0001-01-01T00:00:00Z"
}