{
  "intents": [
    {
      "endUserOverrideName": "ID de conférence personnel",
      "triggerQueries": [
        "Avoir votre propre ID de conférence?",
        "Peut-on créer un unique ID de conférence?",
        "Un utilisateur peut-il avoir un ID de conférence personnel?"
      ],
      "dialogId": "new_topic_008f6d05ee844f66b3072303efd1d64b",
      "isTriggeringEnabled": true,
      "id": "new_topic_008f6d05ee844f66b3072303efd1d64b",
      "displayName": "Est-ce qu'un utilisateur peut avoir un ID de conférence personnel?",
      "description": "",
      "createdTime": "2021-01-13T22:20:51.2381463Z",
      "updatedTime": "2021-05-24T12:07:49.3127138Z",
      "createdUserId": "f04d3cd9-b73d-4ba9-a1ed-9319eba29b21",
      "updatedUserId": "75392dcd-00bb-4588-89e9-c55bcbe40ccb"
    }
  ],
  "dialogs": [
    {
      "rootNodeId": "bdddf947-e01b-4f9f-bb3d-1b0447ec1527",
      "messageNodes": [
        {
          "botMessageId": "0a1d2eb5-e833-40bc-abfa-a48be8904df3",
          "nodeType": "BotMessageNode",
          "id": "bdddf947-e01b-4f9f-bb3d-1b0447ec1527",
          "defaultTargetNodeId": "da4af5aa-d695-4f66-b98d-39a4ae9825bc"
        }
      ],
      "dialogChangeNodes": [
        {
          "targetDialogId": "new_topic_eac3f49c99664313a9d9dc19d80a79a2_aeabea4d071f415c8c107e1cb7af5424_assumedsuccess",
          "nodeType": "DialogChangeNode",
          "id": "da4af5aa-d695-4f66-b98d-39a4ae9825bc"
        }
      ],
      "id": "new_topic_008f6d05ee844f66b3072303efd1d64b",
      "displayName": "Dialog for Can a user get a personal conference ID?",
      "createdTime": "2021-01-13T22:20:51.2381463Z",
      "updatedTime": "2021-05-24T23:07:09.9811245Z",
      "createdUserId": "f04d3cd9-b73d-4ba9-a1ed-9319eba29b21",
      "updatedUserId": "a2c4aa2c-d830-41eb-bcf4-467a2c7e1279"
    }
  ],
  "botMessages": [
    {
      "channelContent": {
        "web": {
          "contentFormat": "Markdown",
          "content": "Les utilisateurs de Microsoft Teams se voient attribuer des identifiants de conférence au hasard et ne peuvent pas réserver ou entrer un identifiant de conférence statique que seuls eux peuvent utiliser."
        }
      },
      "id": "0a1d2eb5-e833-40bc-abfa-a48be8904df3",
      "createdTime": "2021-01-13T22:20:51.2381463Z",
      "updatedTime": "2021-01-13T22:20:51.2381463Z",
      "createdUserId": "f04d3cd9-b73d-4ba9-a1ed-9319eba29b21",
      "updatedUserId": "f04d3cd9-b73d-4ba9-a1ed-9319eba29b21"
    }
  ]
}