{
  "intents": [
    {
      "endUserOverrideName": "Neue Dokumente, die mit alten Office-Versionen kompatibel sind?",
      "triggerQueries": [
        "Können Personen mit früheren Versionen von Office Dokumente öffnen, die ich mit Office 365 erstellt habe?",
        "Öffnen Sie neue Dateien von 365 in alten Versionen von Office?",
        "Neue Dateien in alten Office-Versionen öffnen?",
        "Neue Dokumente in alten Office-Versionen öffnen?",
        "Kann ich mit jemandem arbeiten, der ein altes Office hat?",
        "Öffnen Sie meine Dokumente in alten Versionen von Office",
        "Kann altes Office neue Dateien öffnen?",
        "können neu erstellte Dateien in Teams in älteren Office-Versionen geöffnet werden?"
      ],
      "dialogId": "new_topic_7851d76e4ba049069d7ae1baf659cb93",
      "isTriggeringEnabled": true,
      "id": "new_topic_7851d76e4ba049069d7ae1baf659cb93",
      "displayName": "Können Personen mit früheren Versionen von Office Dokumente öffnen, die ich mit Office 365 erstellt habe?",
      "description": "",
      "createdTime": "2021-04-15T11:43:08.2393025Z",
      "updatedTime": "2021-04-15T11:43:08.2393025Z",
      "createdUserId": "d4c65e50-fb5c-4311-830a-05b59a11dd48"
    }
  ],
  "dialogs": [
    {
      "rootNodeId": "f76cabd7-1801-4fb9-9f5b-e7c2ea73e83d",
      "messageNodes": [
        {
          "botMessageId": "a2024876-092b-4c12-9163-9199cba8d503",
          "nodeType": "BotMessageNode",
          "id": "f76cabd7-1801-4fb9-9f5b-e7c2ea73e83d",
          "defaultTargetNodeId": "8369d2e1-8c97-4349-bcb5-703820468d0f"
        }
      ],
      "dialogChangeNodes": [
        {
          "targetDialogId": "new_topic_30867099f4b543d3b8543a85c22c3418_aeabea4d071f415c8c107e1cb7af5424_assumedsuccess",
          "nodeType": "DialogChangeNode",
          "id": "8369d2e1-8c97-4349-bcb5-703820468d0f"
        }
      ],
      "id": "new_topic_7851d76e4ba049069d7ae1baf659cb93",
      "displayName": "Dialog for Können Personen mit früheren Versionen von Office Dokumente öffnen, die ich mit Office 365 erstellt habe?",
      "createdTime": "2021-04-15T11:43:08.2393025Z",
      "updatedTime": "2021-04-15T11:43:47.6576086Z",
      "createdUserId": "d4c65e50-fb5c-4311-830a-05b59a11dd48",
      "updatedUserId": "d4c65e50-fb5c-4311-830a-05b59a11dd48"
    }
  ],
  "botMessages": [
    {
      "channelContent": {
        "web": {
          "contentFormat": "Markdown",
          "content": "Personen, die Office 365-, Office 2019-, Office 2016-, Office 2013- und Office 2010-Anwendungen verwenden, können Dokumente, die mit Microsoft 365 erstellt wurden, ohne weitere Aktionen öffnen."
        }
      },
      "id": "a2024876-092b-4c12-9163-9199cba8d503",
      "createdTime": "2021-04-15T11:43:08.2393025Z",
      "updatedTime": "2021-04-15T11:43:08.2393025Z",
      "createdUserId": "d4c65e50-fb5c-4311-830a-05b59a11dd48",
      "updatedUserId": "d4c65e50-fb5c-4311-830a-05b59a11dd48"
    }
  ],
  "createdUtc": "0001-01-01T00:00:00Z"
}