{
  "intents": [
    {
      "endUserOverrideName": "Ringa samtal utanför Sverige?",
      "triggerQueries": [
        "Ringa in gäster från utlandet i mötet",
        "Hur kan vi ringa in någon i mötet från ett annat land?",
        "Ringa in internationella deltagare",
        "Bjuda in via telefonnummer utanför Sverige?",
        "Ringa in internationella telefonnumer i mötet?",
        "ringa in mötesdeltagare på utländska nummer",
        "Ringa internationella samtal",
        "Ringa samtal utanför Sverige?",
        "Kan deltagare ringa ut till internationella telefonnummer när de är i ett Microsoft Teams-möte?"
      ],
      "dialogId": "new_topic_640b8787acf646d79dafad8b82fadbbd",
      "isTriggeringEnabled": true,
      "id": "new_topic_640b8787acf646d79dafad8b82fadbbd",
      "displayName": "Kan deltagare ringa ut till internationella telefonnummer när de är i ett Microsoft Teams-möte?",
      "description": "",
      "createdTime": "2020-11-24T14:37:53.8220925Z",
      "updatedTime": "2020-12-11T16:58:25.9365498Z",
      "createdUserId": "f04d3cd9-b73d-4ba9-a1ed-9319eba29b21",
      "updatedUserId": "f04d3cd9-b73d-4ba9-a1ed-9319eba29b21"
    }
  ],
  "dialogs": [
    {
      "rootNodeId": "4f7993c8-2283-48d9-a53e-2bbbf8182c92",
      "messageNodes": [
        {
          "botMessageId": "b57b029a-f8c6-47e9-aabd-097e92de6f88",
          "nodeType": "BotMessageNode",
          "id": "4f7993c8-2283-48d9-a53e-2bbbf8182c92",
          "defaultTargetNodeId": "697dd4fa-9020-4ee3-a561-ddd889d080fa"
        }
      ],
      "dialogChangeNodes": [
        {
          "targetDialogId": "new_topic_84ec227c19784e7ba25cb34f4638f91e_aeabea4d071f415c8c107e1cb7af5424_assumedsuccess",
          "nodeType": "DialogChangeNode",
          "id": "697dd4fa-9020-4ee3-a561-ddd889d080fa"
        }
      ],
      "id": "new_topic_640b8787acf646d79dafad8b82fadbbd",
      "displayName": "Dialog for Kan deltagare ringa ut till internationella telefonnummer när de är i ett Microsoft Teams-möte?",
      "createdTime": "2020-11-24T14:37:53.8220925Z",
      "updatedTime": "2020-11-24T14:37:53.8220925Z",
      "createdUserId": "f04d3cd9-b73d-4ba9-a1ed-9319eba29b21",
      "updatedUserId": "f04d3cd9-b73d-4ba9-a1ed-9319eba29b21"
    }
  ],
  "botMessages": [
    {
      "channelContent": {
        "web": {
          "contentFormat": "Markdown",
          "content": "Ja, deltagare kan ringa ut internationellt och bjuda in andra som ringer till ett Microsoft Teams-möte.\r\n\r\nSe\r\n\r\n[Ringa ut från ett Microsoft Teams-möte så att andra personer kan ansluta till det.](https://docs.microsoft.com/sv-se/microsoftteams/dialing-out-from-a-teams-meeting-so-other-people-can-join-it)"
        }
      },
      "id": "b57b029a-f8c6-47e9-aabd-097e92de6f88",
      "createdTime": "2020-11-24T14:37:53.8220925Z",
      "updatedTime": "2020-11-24T14:37:53.8220925Z",
      "createdUserId": "f04d3cd9-b73d-4ba9-a1ed-9319eba29b21",
      "updatedUserId": "f04d3cd9-b73d-4ba9-a1ed-9319eba29b21"
    }
  ]
}