{
  "intents": [
    {
      "systemIntentTypes": [
        "Thankyou"
      ],
      "intentType": "System",
      "triggerQueries": [
        "謝了",
        "謝謝",
        "非常感謝",
        "謝啦"
      ],
      "dialogId": "new_topic_e2d1671328b941dbb60fa7150059b1ee_3d2584ec30914684839527e05e7be172_thankyou",
      "isTriggeringEnabled": true,
      "id": "new_topic_e2d1671328b941dbb60fa7150059b1ee_3d2584ec30914684839527e05e7be172_thankyou",
      "displayName": "謝謝你",
      "description": "系統意圖道謝",
      "createdTime": "2019-01-15T00:00:00Z",
      "updatedTime": "2019-01-15T00:00:00Z",
      "createdUserId": "user0",
      "updatedUserId": "user0"
    }
  ],
  "dialogs": [
    {
      "rootNodeId": "6c46869b-e8cd-4e1a-a80c-9d73e61d71b5",
      "dialogType": "System",
      "messageNodes": [
        {
          "botMessageId": "cff8bb49-7ed4-4552-a6e6-714279f5f24c",
          "nodeType": "BotMessageNode",
          "id": "6c46869b-e8cd-4e1a-a80c-9d73e61d71b5"
        }
      ],
      "id": "new_topic_e2d1671328b941dbb60fa7150059b1ee_3d2584ec30914684839527e05e7be172_thankyou",
      "displayName": "道謝對話",
      "createdTime": "2019-01-15T00:00:00Z",
      "updatedTime": "2019-01-15T00:00:00Z",
      "createdUserId": "user0",
      "updatedUserId": "user0"
    }
  ],
  "botMessages": [
    {
      "channelContent": {
        "web": {
          "contentFormat": "Markdown",
          "content": "不客氣！"
        }
      },
      "id": "cff8bb49-7ed4-4552-a6e6-714279f5f24c",
      "createdTime": "2019-01-15T00:00:00Z",
      "updatedTime": "2019-01-15T00:00:00Z",
      "createdUserId": "user0",
      "updatedUserId": "user0"
    }
  ]
}