{
  "intents": [
    {
      "triggerQueries": [
        "Jeg vil se et møte senere",
        "Kan andre se at det blir gjort opptak?",
        "Hvordan vet man om det blir gjort opptak av et møte?",
        "Kan man lagre et møte?",
        "Kan man lage video av et møte?",
        "Hvem skan stoppe opptaket?",
        "Hvem kan avslutte opptaket?",
        "Hvem kan starte et opptak?",
        "Kan eksterne stoppe opptaket?",
        "Kan gjester stoppe opptaket?",
        "Kan eksterne ta opptak?",
        "Kan gjester ta opptak?",
        "Hva skjer når alle forlater møtet og ingen har stoppet opptaket?",
        "Kan hvem som helst starte eller stoppe et opptak?",
        "Start eller stopp et opptak i møte"
      ],
      "dialogId": "new_topic_48312a6ac72c4646a095af26f10cc208",
      "isTriggeringEnabled": true,
      "id": "new_topic_48312a6ac72c4646a095af26f10cc208",
      "displayName": "Start eller stopp et opptak i møte",
      "description": "",
      "createdTime": "2021-04-10T07:59:33.7523707Z",
      "updatedTime": "2021-04-14T18:37:36.4414069Z",
      "createdUserId": "ef0c8b9a-eff1-49f8-92fa-fd1d3e15e1ba",
      "updatedUserId": "ef0c8b9a-eff1-49f8-92fa-fd1d3e15e1ba"
    }
  ],
  "dialogs": [
    {
      "rootNodeId": "94fdc377-f57a-4980-9d53-115628c60dbf",
      "messageNodes": [
        {
          "botMessageId": "90dca517-f71e-44f9-87a5-8f015726c023",
          "nodeType": "BotMessageNode",
          "id": "94fdc377-f57a-4980-9d53-115628c60dbf",
          "defaultTargetNodeId": "dcb2b654-8564-44ed-9585-116c5a456df3"
        },
        {
          "botMessageId": "b8d40436-cf23-41d9-a677-2f5d9ac0475c",
          "nodeType": "BotMessageNode",
          "id": "dcb2b654-8564-44ed-9585-116c5a456df3",
          "defaultTargetNodeId": "803a1ac7-b4de-463b-be96-77d1f81e1331"
        },
        {
          "botMessageId": "6302df61-6181-419e-bf34-2863b8b53d69",
          "nodeType": "BotMessageNode",
          "id": "39017e1f-0b60-4aac-b9bf-c7432539b9fe",
          "defaultTargetNodeId": "187724ee-250a-426b-b205-756f6fb07381"
        },
        {
          "botMessageId": "111fbbc8-9af4-4faa-9711-c58499edfdb8",
          "nodeType": "BotMessageNode",
          "id": "803a1ac7-b4de-463b-be96-77d1f81e1331",
          "defaultTargetNodeId": "39017e1f-0b60-4aac-b9bf-c7432539b9fe"
        }
      ],
      "dialogChangeNodes": [
        {
          "targetDialogId": "new_topic_89c49d37fd4c4c1c9144396960733ce1_aeabea4d071f415c8c107e1cb7af5424_assumedsuccess",
          "nodeType": "DialogChangeNode",
          "id": "187724ee-250a-426b-b205-756f6fb07381"
        }
      ],
      "id": "new_topic_48312a6ac72c4646a095af26f10cc208",
      "displayName": "Dialog for Start eller stopp et opptak i møte",
      "createdTime": "2021-04-10T07:59:33.7523707Z",
      "updatedTime": "2021-04-14T18:36:53.0484408Z",
      "createdUserId": "ef0c8b9a-eff1-49f8-92fa-fd1d3e15e1ba",
      "updatedUserId": "ef0c8b9a-eff1-49f8-92fa-fd1d3e15e1ba"
    }
  ],
  "botMessages": [
    {
      "channelContent": {
        "web": {
          "contentFormat": "Markdown",
          "content": "Alle som oppfyller følgende kriterier kan starte eller stoppe opptaket, selv om møtearrangøren ikke er til stede, så lenge man:\n\n*   Har en Office 365 Enterprise E1-, E3- eller E5-lisens.\n*   Har innspilling aktivert av en IT-administrator.\n*   Ikke er en gjest eller fra en annen organisasjon."
        }
      },
      "id": "90dca517-f71e-44f9-87a5-8f015726c023",
      "createdTime": "2021-04-10T07:59:33.7523707Z",
      "updatedTime": "2021-04-10T07:59:33.7523707Z",
      "createdUserId": "ef0c8b9a-eff1-49f8-92fa-fd1d3e15e1ba",
      "updatedUserId": "ef0c8b9a-eff1-49f8-92fa-fd1d3e15e1ba"
    },
    {
      "channelContent": {
        "web": {
          "contentFormat": "Markdown",
          "content": "**Vær oppmerksom på følgende:**\n\n*   Innspillingen fortsetter selv om personen som startet innspillingen har forlatt møtet.\n*   Opptaket stopper automatisk når alle forlater møtet.\n*   Hvis noen glemmer å forlate møtet, slutter opptaket automatisk etter fire timer.\n*   Hvis en av deltakerne har en policy for compliance, spilles møtet inn i henhold til policyen selv om deltakeren er fra en annen organisasjon eller firma."
        }
      },
      "id": "b8d40436-cf23-41d9-a677-2f5d9ac0475c",
      "createdTime": "2021-04-10T07:59:55.163Z",
      "updatedTime": "2021-04-10T07:59:55.163Z",
      "createdUserId": "user-0",
      "updatedUserId": "user-0"
    },
    {
      "channelContent": {
        "web": {
          "contentFormat": "Markdown",
          "content": "💡 Les mer her: [Slik spiller du inn et møte i Teams](https://support.microsoft.com/nb-no/office/spela-in-ett-m%C3%B6te-i-teams-34dfbe7f-b07d-4a27-b4c6-de62f1348c24)"
        }
      },
      "id": "6302df61-6181-419e-bf34-2863b8b53d69",
      "createdTime": "2021-04-10T08:00:12.611Z",
      "updatedTime": "2021-04-10T08:00:12.611Z",
      "createdUserId": "user-0",
      "updatedUserId": "user-0"
    },
    {
      "channelContent": {
        "web": {
          "contentFormat": "Markdown",
          "content": "Når noen skrur på et opptak, får resten av deltakerne som regel et varsel i møtet at opptaket har startet."
        }
      },
      "id": "111fbbc8-9af4-4faa-9711-c58499edfdb8",
      "createdTime": "2021-04-14T18:33:35.277Z",
      "updatedTime": "2021-04-14T18:33:35.277Z",
      "createdUserId": "user-0",
      "updatedUserId": "user-0"
    }
  ],
  "createdUtc": "0001-01-01T00:00:00Z"
}