{
  "intents": [
    {
      "endUserOverrideName": "팀에 게스트 추가",
      "triggerQueries": [
        "게스트 마이크로소프트 Teams 추가",
        "게스트 팀 초대",
        "게스트 Team 초대",
        "게스트 액세스 비활성화",
        "팀 Guest 추가",
        "Team 게스트 추가",
        "Team Guest 추가",
        "팀 게스트 추가",
        "외부사람 팀 초대",
        "외부사람 Team 초대",
        "팀 외부 인력 추가",
        "Team 외부 인력 추가",
        "조직 외부 사람 팀 추가",
        "조직 외부 사람 Team 추가",
        "팀 외부 멤버 추가",
        "Team 외부 멤버 추가",
        "조직 외부 사람 팀 추가",
        "조직 외부 사람 Team 추가",
        "왜 손님 초대",
        "왜 Guest 초대",
        "왜 게스트 초대",
        "팀 게스트 액세스",
        "팀 Guest 액세스",
        "Team 게스트 액세스",
        "Team Guest 액세스",
        "손님을 초대",
        "게스트 초대",
        "Guest 초대",
        "게스트 추가",
        "Guest 추가",
        "팀 게스트 추가",
        "Team 게스트 추가",
        "게스트를 마이크로소프트 Teams에 추가하려면 어떻게 해야 합니까?"
      ],
      "dialogId": "new_topic_5f41d24b6bcd416eae1165b7348f3945",
      "isTriggeringEnabled": true,
      "id": "new_topic_5f41d24b6bcd416eae1165b7348f3945",
      "displayName": "게스트를 마이크로소프트 Teams에 추가하려면 어떻게 해야 합니까?",
      "description": "https://adoptbotv2kb.blob.core.windows.net/%24web/adoptbot2021-Korean.docx",
      "createdTime": "2021-03-18T03:39:18.7476571Z",
      "updatedTime": "2021-03-25T02:44:30.5428658Z",
      "createdUserId": "e47109d8-0300-4e59-a90d-56bb29886c9e",
      "updatedUserId": "e47109d8-0300-4e59-a90d-56bb29886c9e"
    }
  ],
  "dialogs": [
    {
      "rootNodeId": "19572304-526f-4782-b961-295632b7ed97",
      "messageNodes": [
        {
          "botMessageId": "c0b8f751-c66d-4572-bdf7-b43abea1634a",
          "nodeType": "BotMessageNode",
          "id": "c982c73e-e2c2-4cae-ab06-85930eab58d1",
          "defaultTargetNodeId": "d9df96e0-db11-431f-9ff0-5d9ebd7acc74"
        },
        {
          "botMessageId": "8c0a20f1-31e2-4c0e-8135-c73a7e577b76",
          "nodeType": "BotMessageNode",
          "id": "19572304-526f-4782-b961-295632b7ed97",
          "defaultTargetNodeId": "12bb934f-e3ff-4990-807e-d489008feacc"
        },
        {
          "botMessageId": "1c0f3d3e-430f-4424-b7a8-65b8d79dd1a6",
          "nodeType": "BotMessageNode",
          "id": "12bb934f-e3ff-4990-807e-d489008feacc",
          "defaultTargetNodeId": "c982c73e-e2c2-4cae-ab06-85930eab58d1"
        },
        {
          "botMessageId": "10d8da9e-d9b8-41e5-bea0-857fa2b1ad6e",
          "nodeType": "BotMessageNode",
          "id": "d9df96e0-db11-431f-9ff0-5d9ebd7acc74",
          "defaultTargetNodeId": "9c8257e7-2874-4bdf-8d68-6d66cb38f59b"
        },
        {
          "botMessageId": "b7a7cdb1-3278-4d5c-beaa-bd3f4e21b26a",
          "nodeType": "BotMessageNode",
          "id": "9c8257e7-2874-4bdf-8d68-6d66cb38f59b",
          "defaultTargetNodeId": "566a9506-ad01-44b3-aae0-d6748dcee3bb"
        }
      ],
      "dialogChangeNodes": [
        {
          "targetDialogId": "new_topic_2bf23930c1d146129dfe38bacb94ccd0_aeabea4d071f415c8c107e1cb7af5424_assumedsuccess",
          "nodeType": "DialogChangeNode",
          "id": "566a9506-ad01-44b3-aae0-d6748dcee3bb"
        }
      ],
      "id": "new_topic_5f41d24b6bcd416eae1165b7348f3945",
      "displayName": "Dialog for 게스트를 마이크로소프트 Teams에 추가하려면 어떻게 해야 합니까?",
      "createdTime": "2021-03-18T03:39:18.7476571Z",
      "updatedTime": "2021-03-25T08:11:20.4196495Z",
      "createdUserId": "e47109d8-0300-4e59-a90d-56bb29886c9e",
      "updatedUserId": "e47109d8-0300-4e59-a90d-56bb29886c9e"
    }
  ],
  "botMessages": [
    {
      "channelContent": {
        "web": {
          "contentFormat": "Markdown",
          "content": "[**Teams에서 팀에 게스트 추가**](https://support.microsoft.com/ko-kr/office/add-guests-to-a-team-in-teams-fccb4fa6-f864-4508-bdde-256e7384a14f?ui=en-US&rs=en-US&ad=US)\n\n1.  **팀**을 선택하고 팀 목록에서 팀을 찾습니다.\n2.  **기타 옵션** 선택(...)\n3.  **멤버 추가** 선택\n4.  게스트의 이메일을 입력하고 게스트로 X를 추가합니다.\n5.  **추가**를 클릭하기 **전에** 게스트에게 \"이름 성\"과 같은 친숙한 이름을 지정하려면 펜 아이콘을 클릭합니다."
        }
      },
      "id": "c0b8f751-c66d-4572-bdf7-b43abea1634a",
      "createdTime": "2021-03-18T03:39:18.7476571Z",
      "updatedTime": "2021-03-18T03:39:18.7476571Z",
      "createdUserId": "e47109d8-0300-4e59-a90d-56bb29886c9e",
      "updatedUserId": "e47109d8-0300-4e59-a90d-56bb29886c9e"
    },
    {
      "channelContent": {
        "web": {
          "contentFormat": "Markdown",
          "content": "**팀 소유자인 경우**, 외부 게스트를 Team에 초대할 수 있습니다."
        }
      },
      "id": "8c0a20f1-31e2-4c0e-8135-c73a7e577b76",
      "createdTime": "2021-03-21T02:21:33.922Z",
      "updatedTime": "2021-03-21T02:21:33.922Z",
      "createdUserId": "user-0",
      "updatedUserId": "user-0"
    },
    {
      "channelContent": {
        "web": {
          "contentFormat": "Markdown",
          "content": "_**참고**_: 게스트를 추가하려고 하는 동안 오류가 발생하면 조직에서 게스트를 허용하지 않는 것입니다."
        }
      },
      "id": "1c0f3d3e-430f-4424-b7a8-65b8d79dd1a6",
      "createdTime": "2021-03-21T02:22:20.578Z",
      "updatedTime": "2021-03-21T02:22:20.578Z",
      "createdUserId": "user-0",
      "updatedUserId": "user-0"
    },
    {
      "channelContent": {
        "web": {
          "contentFormat": "Markdown",
          "content": "💡 **팁:** 게스트에게 친절하게 대하십시오. \"성 이름\"과 같은 친숙한 이름은 게스트의 이름을 @mention 수 있습니다."
        }
      },
      "id": "10d8da9e-d9b8-41e5-bea0-857fa2b1ad6e",
      "createdTime": "2021-03-21T02:26:41.517Z",
      "updatedTime": "2021-03-21T02:26:41.517Z",
      "createdUserId": "user-0",
      "updatedUserId": "user-0"
    },
    {
      "channelContent": {
        "web": {
          "contentFormat": "Markdown",
          "content": "팀에 게스트가 있는 경우 [게스트가 이곳에 있는 동안 무엇을 할 수 있는지](https://support.microsoft.com/ko-kr/office/team-owner-member-and-guest-capabilities-in-teams-d03fdf5b-1a6e-48e4-8e07-b13e1350ec7b), [게스트에게 어떤 설정을 변경할 수 있는지](https://support.microsoft.com/ko-kr/office/set-guest-permissions-for-channels-in-teams-4756c468-2746-4bfd-a582-736d55fcc169) 궁금할 수 있습니다."
        }
      },
      "id": "b7a7cdb1-3278-4d5c-beaa-bd3f4e21b26a",
      "createdTime": "2021-03-21T02:27:59.738Z",
      "updatedTime": "2021-03-21T02:27:59.738Z",
      "createdUserId": "user-0",
      "updatedUserId": "user-0"
    }
  ],
  "createdUtc": "0001-01-01T00:00:00Z"
}