{
  "intents": [
    {
      "endUserOverrideName": "Configuration système pour Live Event",
      "triggerQueries": [
        "quels sont les prérequis systèmes pour Live Event",
        "quels sont les prérequis systèmes pour les événements en direct",
        "quelle Configuration matérielle est nécessaire pour Live Event",
        "quelle Configuration matérielle est nécessaire pour les événements en direct",
        "Sur quels systèmes d'exploitation puis-je exécuter Teams Live Events?",
        "Sur quels systèmes d'exploitation puis-je exécuter des événements en direct?",
        "Configuration système requise pour Teams Live Events?",
        "spécifications système pour les événements en direct (Live Events)",
        "Quelle est la configuration système requise pour Teams Live Events?",
        "Configuration système requise pour les événements en direct?"
      ],
      "dialogId": "new_topic_e3e6efc2a25f413b8d33b38fe428a48d",
      "isTriggeringEnabled": true,
      "id": "new_topic_e3e6efc2a25f413b8d33b38fe428a48d",
      "displayName": "Configuration système requise pour live Events ?",
      "description": "",
      "createdTime": "2021-01-13T22:20:51.2381463Z",
      "updatedTime": "2021-05-25T00:53:07.3310794Z",
      "createdUserId": "f04d3cd9-b73d-4ba9-a1ed-9319eba29b21",
      "updatedUserId": "a2c4aa2c-d830-41eb-bcf4-467a2c7e1279"
    }
  ],
  "dialogs": [
    {
      "rootNodeId": "09d03b0c-57e8-49b6-a086-65fb30efb623",
      "messageNodes": [
        {
          "botMessageId": "8beca6af-5fe8-468c-947b-50d2bb05bccd",
          "nodeType": "BotMessageNode",
          "id": "09d03b0c-57e8-49b6-a086-65fb30efb623",
          "defaultTargetNodeId": "d3decbe3-d7eb-4d4e-b814-56b4fd568e85"
        },
        {
          "botMessageId": "684d9b83-cf79-4aaf-ba5f-4cc9952256a5",
          "nodeType": "BotMessageNode",
          "id": "d3decbe3-d7eb-4d4e-b814-56b4fd568e85",
          "defaultTargetNodeId": "089ab0cd-f12c-456a-bfdb-e867300c278d"
        }
      ],
      "dialogChangeNodes": [
        {
          "targetDialogId": "new_topic_eac3f49c99664313a9d9dc19d80a79a2_aeabea4d071f415c8c107e1cb7af5424_assumedsuccess",
          "nodeType": "DialogChangeNode",
          "id": "089ab0cd-f12c-456a-bfdb-e867300c278d"
        }
      ],
      "id": "new_topic_e3e6efc2a25f413b8d33b38fe428a48d",
      "displayName": "Dialog for Live Event system requirements?",
      "createdTime": "2021-01-13T22:20:51.2381463Z",
      "updatedTime": "2021-05-25T00:53:48.3351658Z",
      "createdUserId": "f04d3cd9-b73d-4ba9-a1ed-9319eba29b21",
      "updatedUserId": "a2c4aa2c-d830-41eb-bcf4-467a2c7e1279"
    }
  ],
  "botMessages": [
    {
      "channelContent": {
        "web": {
          "contentFormat": "Markdown",
          "content": "*   **Systèmes d'exploitation pris en charge :**  \n    Windows 7 et versions ultérieures (32 bits et 64 bits), macOS 10.10 et versions ultérieures.\n*   **Systèmes d'exploitation mobiles pris en charge:**  \n    Android 4.4 et versions ultérieures, iOS 10 et versions ultérieures\n*   **Navigateurs :**  \n    Microsoft Edge RS2 et versions ultérieures, Chrome (3 dernières versions), Firefox (3 dernières versions), Internet Explorer 11, Safari."
        }
      },
      "id": "8beca6af-5fe8-468c-947b-50d2bb05bccd",
      "createdTime": "2021-01-13T22:20:51.2381463Z",
      "updatedTime": "2021-01-13T22:20:51.2381463Z",
      "createdUserId": "f04d3cd9-b73d-4ba9-a1ed-9319eba29b21",
      "updatedUserId": "f04d3cd9-b73d-4ba9-a1ed-9319eba29b21"
    },
    {
      "channelContent": {
        "web": {
          "contentFormat": "Markdown",
          "content": "Pour plus d'informations: [Présentation des événements en direct Microsoft Teams](https://docs.microsoft.com/fr-fr/microsoftteams/teams-live-events/what-are-teams-live-events)"
        }
      },
      "id": "684d9b83-cf79-4aaf-ba5f-4cc9952256a5",
      "createdTime": "2021-04-16T16:02:52.458Z",
      "updatedTime": "2021-04-16T16:02:52.458Z",
      "createdUserId": "user-0",
      "updatedUserId": "user-0"
    }
  ],
  "createdUtc": "0001-01-01T00:00:00Z"
}