{
  "intents": [
    {
      "endUserOverrideName": "如何在Teams中搜尋",
      "triggerQueries": [
        "how do I use the search bar?",
        "use the search in Teams",
        "use the search filters in Teams",
        "search in Teams",
        "How do I search teams?",
        "How can I search effectively in Teams?",
        "Can you give me tips on searching?",
        "How does search work?",
        "How does search and filtering work?",
        "How do I search in Teams?",
        "搜尋",
        "搜尋和篩選怎麼運作",
        "搜尋功能怎麼運作",
        "搜尋技巧",
        "如何有效的搜尋",
        "該如何搜尋",
        "在Teams中使用搜尋篩選",
        "在Teams中搜尋",
        "如何使用搜尋欄",
        "how do I use the search bar?",
        "use the search in Teams",
        "use the search filters in Teams",
        "search in Teams",
        "How do I search teams?",
        "How can I search effectively in Teams?",
        "Can you give me tips on searching?",
        "How does search work?",
        "How does search and filtering work?",
        "How do I search in Teams?"
      ],
      "dialogId": "new_topic_b307942687574cbba238fbf9c541e5d5",
      "isTriggeringEnabled": true,
      "id": "new_topic_b307942687574cbba238fbf9c541e5d5",
      "displayName": "如何在Teams中搜尋",
      "description": "https://adoptbotv2kb.blob.core.windows.net/%24web/AdoptBot2021-English.docx",
      "createdTime": "2021-11-17T07:40:40.1736949Z",
      "updatedTime": "2021-11-17T07:41:30.4396573Z",
      "createdUserId": "9c968d43-f7c2-4e28-895c-1f6bcefcd8be",
      "updatedUserId": "9c968d43-f7c2-4e28-895c-1f6bcefcd8be"
    }
  ],
  "dialogs": [
    {
      "rootNodeId": "fb72a07e-5f8e-4762-b96d-5475172f58ea",
      "messageNodes": [
        {
          "botMessageId": "b1279afd-6a0a-418f-9c6d-f558d4935ed4",
          "nodeType": "BotMessageNode",
          "id": "fb72a07e-5f8e-4762-b96d-5475172f58ea",
          "defaultTargetNodeId": "be5f31d9-462b-48f6-b0bb-76b5f50c1798"
        },
        {
          "botMessageId": "fa012a56-30f7-41dc-8d3a-58fb5b2ec589",
          "nodeType": "BotMessageNode",
          "id": "be5f31d9-462b-48f6-b0bb-76b5f50c1798",
          "defaultTargetNodeId": "45aad865-7b0b-453c-bccc-040c28804004"
        },
        {
          "botMessageId": "cba5ec1c-34f0-49fd-8d47-68c287f3f7e4",
          "nodeType": "BotMessageNode",
          "id": "45aad865-7b0b-453c-bccc-040c28804004",
          "defaultTargetNodeId": "6c2a08a9-ce99-4e5b-9610-a7bd6cea4a8a"
        },
        {
          "botMessageId": "efc93db4-99a0-497e-a7d4-6c29c3c6d3b9",
          "nodeType": "BotMessageNode",
          "id": "6c2a08a9-ce99-4e5b-9610-a7bd6cea4a8a",
          "defaultTargetNodeId": "1d1f1ffa-83d5-4737-8f1a-e6468e917c8c"
        },
        {
          "botMessageId": "b2b6a0f1-8dfd-45ae-ad32-9880874b832f",
          "nodeType": "BotMessageNode",
          "id": "1d1f1ffa-83d5-4737-8f1a-e6468e917c8c",
          "defaultTargetNodeId": "3a1d4f50-1ba2-4b1d-b95b-0bd205556c86"
        }
      ],
      "dialogChangeNodes": [
        {
          "targetDialogId": "new_topic_e2d1671328b941dbb60fa7150059b1ee_aeabea4d071f415c8c107e1cb7af5424_assumedsuccess",
          "nodeType": "DialogChangeNode",
          "id": "3a1d4f50-1ba2-4b1d-b95b-0bd205556c86"
        }
      ],
      "id": "new_topic_b307942687574cbba238fbf9c541e5d5",
      "displayName": "Dialog for 如何在Teams中搜尋",
      "createdTime": "2021-11-17T07:40:40.1736949Z",
      "updatedTime": "2021-11-17T07:41:30.4396573Z",
      "createdUserId": "9c968d43-f7c2-4e28-895c-1f6bcefcd8be",
      "updatedUserId": "9c968d43-f7c2-4e28-895c-1f6bcefcd8be"
    }
  ],
  "botMessages": [
    {
      "channelContent": {
        "web": {
          "contentFormat": "Markdown",
          "content": "[在 Team 中搜尋訊息和更多內容](https://support.microsoft.com/zh-tw/office/search-for-messages-and-more-in-teams-4a351520-33f4-42ab-a5ee-5fc0ab88b263)"
        }
      },
      "id": "b1279afd-6a0a-418f-9c6d-f558d4935ed4",
      "createdTime": "2021-11-17T07:40:40.1736949Z",
      "updatedTime": "2021-11-17T07:40:40.1736949Z",
      "createdUserId": "9c968d43-f7c2-4e28-895c-1f6bcefcd8be",
      "updatedUserId": "9c968d43-f7c2-4e28-895c-1f6bcefcd8be"
    },
    {
      "channelContent": {
        "web": {
          "contentFormat": "Markdown",
          "content": "**從電腦💻**\n\n從 Teams 頂部的搜索框開始搜索。Teams 將在您輸入單詞或名稱時開始顯示建議。\n\n點選其中一個建議，或按「輸入」以獲取完整的結果清單。您便可以篩選結果。"
        }
      },
      "id": "fa012a56-30f7-41dc-8d3a-58fb5b2ec589",
      "createdTime": "2021-11-17T07:40:57.672Z",
      "updatedTime": "2021-11-17T07:40:57.672Z",
      "createdUserId": "user-0",
      "updatedUserId": "user-0"
    },
    {
      "channelContent": {
        "web": {
          "contentFormat": "Markdown",
          "content": "**從您的手機📲**\n\n點選**搜索**，並輸入搜索詞或語句。點選**訊息**或**人員**以縮小結果範圍。"
        }
      },
      "id": "cba5ec1c-34f0-49fd-8d47-68c287f3f7e4",
      "createdTime": "2021-11-17T07:41:03.235Z",
      "updatedTime": "2021-11-17T07:41:03.235Z",
      "createdUserId": "user-0",
      "updatedUserId": "user-0"
    },
    {
      "channelContent": {
        "web": {
          "contentFormat": "Markdown",
          "content": "您得到了一些[搜索和過濾選項](https://support.microsoft.com/zh-tw/office/%E5%9C%A8-team-%E4%B8%AD%E6%90%9C%E5%B0%8B%E8%A8%8A%E6%81%AF%E5%92%8C%E6%9B%B4%E5%A4%9A%E5%85%A7%E5%AE%B9-4a351520-33f4-42ab-a5ee-5fc0ab88b263)，以協助您找到在團隊中共用的訊息、人員、檔和其他資訊。"
        }
      },
      "id": "efc93db4-99a0-497e-a7d4-6c29c3c6d3b9",
      "createdTime": "2021-11-17T07:41:09.865Z",
      "updatedTime": "2021-11-17T07:41:09.865Z",
      "createdUserId": "user-0",
      "updatedUserId": "user-0"
    },
    {
      "channelContent": {
        "web": {
          "contentFormat": "Markdown",
          "content": "💡 **提示**：_使用 **CTRL+F** 或是 CMD+F (macOS) 以尋找您現在所在的頻道或聊天室的訊息。_"
        }
      },
      "id": "b2b6a0f1-8dfd-45ae-ad32-9880874b832f",
      "createdTime": "2021-11-17T07:41:16.545Z",
      "updatedTime": "2021-11-17T07:41:16.545Z",
      "createdUserId": "user-0",
      "updatedUserId": "user-0"
    }
  ]
}