{
  "intents": [
    {
      "triggerQueries": [
        "Team 팀 Channel 채널 email 이메일 보내기 전달",
        "Teams Team 팀즈 팀 웹 컨텐츠 공유",
        "웹페이지 개발자 Team 팀 공유 추가",
        "Teams 팀즈 팀 인트라넷 공유 추가",
        "gmail 메일 Teams 팀즈 팀 채널 전달",
        "팀 채널에 이메일을 보내려면 어떻게 해야 하나요?"
      ],
      "dialogId": "new_topic_e0006d7da6d443fcb6cb8640b359613e",
      "isTriggeringEnabled": true,
      "id": "new_topic_e0006d7da6d443fcb6cb8640b359613e",
      "displayName": "팀 채널에 이메일을 보내려면 어떻게 해야 하나요?",
      "description": "https://adoptbotv2kb.blob.core.windows.net/%24web/adoptbot2021-Korean.docx",
      "createdTime": "2021-03-18T03:39:18.7466553Z",
      "updatedTime": "2021-04-05T07:37:31.4133926Z",
      "createdUserId": "e47109d8-0300-4e59-a90d-56bb29886c9e",
      "updatedUserId": "e47109d8-0300-4e59-a90d-56bb29886c9e"
    }
  ],
  "dialogs": [
    {
      "rootNodeId": "0d257db6-b1d4-4707-8969-3c94bd1141dd",
      "messageNodes": [
        {
          "botMessageId": "62aea599-e5fc-43be-87da-63da700a8497",
          "nodeType": "BotMessageNode",
          "id": "7de0ab60-3058-4fd5-ae36-cc46026c3921",
          "defaultTargetNodeId": "3fd51bba-cfd9-411e-b968-5b9eb011f575"
        },
        {
          "botMessageId": "a161623d-9c37-48b8-ad5b-fdf256b49326",
          "nodeType": "BotMessageNode",
          "id": "0d257db6-b1d4-4707-8969-3c94bd1141dd",
          "defaultTargetNodeId": "7de0ab60-3058-4fd5-ae36-cc46026c3921"
        },
        {
          "botMessageId": "834cb56f-a810-4d6e-bc13-201f3831dbd3",
          "nodeType": "BotMessageNode",
          "id": "3fd51bba-cfd9-411e-b968-5b9eb011f575",
          "defaultTargetNodeId": "9bda900e-edb5-4371-ab48-2487a5ebebaf"
        },
        {
          "botMessageId": "1d3e8b6e-9041-475e-94a5-a94f0121920d",
          "nodeType": "BotMessageNode",
          "id": "9bda900e-edb5-4371-ab48-2487a5ebebaf",
          "defaultTargetNodeId": "a8d68f1c-c4df-4abe-9bba-2db837c5d8d7"
        },
        {
          "botMessageId": "dd7abb72-5469-4870-bc40-24497f85f2d4",
          "nodeType": "BotMessageNode",
          "id": "a8d68f1c-c4df-4abe-9bba-2db837c5d8d7",
          "defaultTargetNodeId": "d50b94ea-1d7d-453c-8e00-d039d8afc031"
        },
        {
          "botMessageId": "348dfd51-4932-4544-aa52-446331f69b41",
          "nodeType": "BotMessageNode",
          "id": "d50b94ea-1d7d-453c-8e00-d039d8afc031",
          "defaultTargetNodeId": "9bc85ee0-75bd-4c9b-b2bb-b79c35058ac0"
        }
      ],
      "dialogChangeNodes": [
        {
          "targetDialogId": "new_topic_2bf23930c1d146129dfe38bacb94ccd0_aeabea4d071f415c8c107e1cb7af5424_assumedsuccess",
          "nodeType": "DialogChangeNode",
          "id": "9bc85ee0-75bd-4c9b-b2bb-b79c35058ac0"
        }
      ],
      "id": "new_topic_e0006d7da6d443fcb6cb8640b359613e",
      "displayName": "Dialog for 팀 채널에 이메일을 보내려면 어떻게 해야 하나요?",
      "createdTime": "2021-03-18T03:39:18.7466553Z",
      "updatedTime": "2021-04-05T07:37:17.0235393Z",
      "createdUserId": "e47109d8-0300-4e59-a90d-56bb29886c9e",
      "updatedUserId": "e47109d8-0300-4e59-a90d-56bb29886c9e"
    }
  ],
  "botMessages": [
    {
      "channelContent": {
        "web": {
          "contentFormat": "Markdown",
          "content": "**이 버튼이 없는 경우:**\n\n각 채널에는 이메일 주소가 있으며 [팀 채널에서 직접 이메일을 보낼 수](https://support.microsoft.com/ko-kr/office/skicka-e-post-till-en-kanal-i-teams-d91db004-d9d7-4a47-82e6-fb1b16dfd51e?ui=en-us&rs=en-us&ad=se) 있습니다."
        }
      },
      "id": "62aea599-e5fc-43be-87da-63da700a8497",
      "createdTime": "2021-03-18T03:39:18.7466553Z",
      "updatedTime": "2021-03-18T03:39:18.7466553Z",
      "createdUserId": "e47109d8-0300-4e59-a90d-56bb29886c9e",
      "updatedUserId": "e47109d8-0300-4e59-a90d-56bb29886c9e"
    },
    {
      "channelContent": {
        "web": {
          "contentFormat": "Markdown",
          "content": "**베스트**:\n\nOutlook의 메시지에서 직접 \"Teams에 공유\" 버튼을 선택합니다."
        }
      },
      "id": "a161623d-9c37-48b8-ad5b-fdf256b49326",
      "createdTime": "2021-04-05T07:32:27.369Z",
      "updatedTime": "2021-04-05T07:32:27.369Z",
      "createdUserId": "user-0",
      "updatedUserId": "user-0"
    },
    {
      "channelContent": {
        "web": {
          "contentFormat": "Markdown",
          "content": "이렇게 하려면\n\n*   이메일을 보내려는 채널을 찾아 채널 이름을 클릭합니다.\n*   기타 옵션 을 선택하고 **전자 메일 주소 가져오기** 를 선택합니다.\n*   **Outlook에서는**, 이메일을 채널의 이메일 주소로 전달합니다."
        }
      },
      "id": "834cb56f-a810-4d6e-bc13-201f3831dbd3",
      "createdTime": "2021-04-05T07:32:51.112Z",
      "updatedTime": "2021-04-05T07:32:51.112Z",
      "createdUserId": "user-0",
      "updatedUserId": "user-0"
    },
    {
      "channelContent": {
        "web": {
          "contentFormat": "Markdown",
          "content": "전달하는 채널에 이메일이 표시됩니다. 모든 첨부 파일은 채널의 파일아래에 추출되고 저장됩니다."
        }
      },
      "id": "1d3e8b6e-9041-475e-94a5-a94f0121920d",
      "createdTime": "2021-04-05T07:33:28.781Z",
      "updatedTime": "2021-04-05T07:33:28.781Z",
      "createdUserId": "user-0",
      "updatedUserId": "user-0"
    },
    {
      "channelContent": {
        "web": {
          "contentFormat": "Markdown",
          "content": "💡 **팁:**\n\nOutlook에 채널의 이메일 주소를 저장하여 수신된 모든 이메일을 해당 이메일 주소로 신속하게 전달할 수 있습니다."
        }
      },
      "id": "dd7abb72-5469-4870-bc40-24497f85f2d4",
      "createdTime": "2021-04-05T07:34:02.027Z",
      "updatedTime": "2021-04-05T07:34:02.027Z",
      "createdUserId": "user-0",
      "updatedUserId": "user-0"
    },
    {
      "channelContent": {
        "web": {
          "contentFormat": "Markdown",
          "content": "💡 _개발자를 위한 보너스 팁 :_  \n[**Teams에 공유** 버튼 - 웹 컨텐츠를 Teams에 공유하기](https://developer.microsoft.com/ko-kr/microsoft-teams/share-to-teams)"
        }
      },
      "id": "348dfd51-4932-4544-aa52-446331f69b41",
      "createdTime": "2021-04-05T07:34:18.37Z",
      "updatedTime": "2021-04-05T07:34:18.37Z",
      "createdUserId": "user-0",
      "updatedUserId": "user-0"
    }
  ],
  "createdUtc": "0001-01-01T00:00:00Z"
}