{
  "intents": [
    {
      "endUserOverrideName": "Travailler à distance",
      "triggerQueries": [
        "Quels outils utiliser pour télétravailler?",
        "Quels outils utiliser pour travailler à distance?",
        "Quels outils dois-je utiliser pour travailler depuis chez moi?",
        "Comment travailler à distance quel que soit ma localisation?",
        "travailler depuis la maison avec Office 365",
        "Télétravailler avec Microsoft 365",
        "Télétravailler avec Office 365",
        "Comment travailler à distance depuis n'importe où?",
        "travail à distance avec office 365",
        "Comment travailler à distance quel que soit l'emplacement?",
        "travailler depuis la maison avec Microsoft 365",
        "Quels outils utiliser pour travailler depuis chez moi?",
        "Travailler à distance avec Microsoft 365",
        "Comment travailler à distance depuis n'importe où?"
      ],
      "dialogId": "new_topic_ce8a5bf07d2747a98232be8d1e4ee4a1",
      "isTriggeringEnabled": true,
      "id": "new_topic_ce8a5bf07d2747a98232be8d1e4ee4a1",
      "displayName": "Comment travailler à distance depuis n'importe où?",
      "description": "",
      "createdTime": "2021-01-13T22:20:51.2381463Z",
      "updatedTime": "2021-05-24T11:46:15.5601112Z",
      "createdUserId": "f04d3cd9-b73d-4ba9-a1ed-9319eba29b21",
      "updatedUserId": "75392dcd-00bb-4588-89e9-c55bcbe40ccb"
    }
  ],
  "dialogs": [
    {
      "rootNodeId": "9c80ad37-0d7d-4d67-98fe-037dd7e6a422",
      "messageNodes": [
        {
          "botMessageId": "72d8db9d-e73f-47a2-b6c7-7f4a1d412b3b",
          "nodeType": "BotMessageNode",
          "id": "9c80ad37-0d7d-4d67-98fe-037dd7e6a422",
          "defaultTargetNodeId": "3214b089-a22d-4274-b91c-7a0b797ce8d6"
        }
      ],
      "dialogChangeNodes": [
        {
          "targetDialogId": "new_topic_eac3f49c99664313a9d9dc19d80a79a2_aeabea4d071f415c8c107e1cb7af5424_assumedsuccess",
          "nodeType": "DialogChangeNode",
          "id": "3214b089-a22d-4274-b91c-7a0b797ce8d6"
        }
      ],
      "id": "new_topic_ce8a5bf07d2747a98232be8d1e4ee4a1",
      "displayName": "Dialog for How to Remote work from anywhere?",
      "createdTime": "2021-01-13T22:20:51.2381463Z",
      "updatedTime": "2021-04-19T09:34:33.0117324Z",
      "createdUserId": "f04d3cd9-b73d-4ba9-a1ed-9319eba29b21",
      "updatedUserId": "137976d8-62f4-4f81-b357-122fb8bb440c"
    }
  ],
  "botMessages": [
    {
      "channelContent": {
        "web": {
          "contentFormat": "Markdown",
          "content": "[Collaborer avec Microsoft 365](https://support.microsoft.com/fr-fr/office/collaborer-o%c3%b9-que-vous-soyez-%c3%a0-l-aide-de-microsoft-365-ac05a41e-0b49-4420-9ebc-190ee4e744f4?ui=fr-FR&rs=fr-FR&ad=FR)  \n\\- Collaborer où que vous soyez à l’aide de Microsoft 365 (qui inclut Teams)."
        }
      },
      "id": "72d8db9d-e73f-47a2-b6c7-7f4a1d412b3b",
      "createdTime": "2021-01-13T22:20:51.2381463Z",
      "updatedTime": "2021-01-13T22:20:51.2381463Z",
      "createdUserId": "f04d3cd9-b73d-4ba9-a1ed-9319eba29b21",
      "updatedUserId": "f04d3cd9-b73d-4ba9-a1ed-9319eba29b21"
    }
  ],
  "createdUtc": "0001-01-01T00:00:00Z"
}