{
  "intents": [
    {
      "endUserOverrideName": "Aanwezigheidslijst Teams vergadering",
      "triggerQueries": [
        "overzicht van wie er aanwezig was tijdens de vergadering",
        "overzicht van wie er aanwezig",
        "overzicht van wie er aanwezig was tijdens het overleg",
        "hoe kan ik zien wie er aanwezig was bij mijn vergadering",
        "presentielijst Teams vergadering",
        "Hoe zie ik wie er aanwezig waren?",
        "Aanwezigheidsrapport beschikbaar?",
        "Kan ik een aanwezigheidsrapport krijgen?"
      ],
      "dialogId": "new_topic_cd9be9d9946b433ea1991fdc0d3a5e75",
      "isTriggeringEnabled": true,
      "id": "new_topic_cd9be9d9946b433ea1991fdc0d3a5e75",
      "displayName": "Kan ik een aanwezigheidsrapport krijgen?",
      "description": "",
      "createdTime": "2021-03-17T15:27:04.9520258Z",
      "updatedTime": "2021-03-29T22:47:07.2012154Z",
      "createdUserId": "c1e90dc0-1df0-459d-8164-0dcb7915deaf",
      "updatedUserId": "c1e90dc0-1df0-459d-8164-0dcb7915deaf"
    }
  ],
  "dialogs": [
    {
      "rootNodeId": "24e761af-0bcc-4eb5-aa0a-654f059cf88c",
      "messageNodes": [
        {
          "botMessageId": "243df0f2-296a-44e2-8187-9d233fe9ba4a",
          "nodeType": "BotMessageNode",
          "id": "24e761af-0bcc-4eb5-aa0a-654f059cf88c",
          "defaultTargetNodeId": "8581715d-470a-4b2a-9663-1175a1228a73"
        },
        {
          "botMessageId": "613e2b80-3926-4f01-abdb-92af97be7d9c",
          "nodeType": "BotMessageNode",
          "id": "8581715d-470a-4b2a-9663-1175a1228a73",
          "defaultTargetNodeId": "8a839fa0-931c-480f-be35-d269dec509a1"
        }
      ],
      "dialogChangeNodes": [
        {
          "targetDialogId": "new_topic_9d295c394a47419da3b4d205b7ed4c20_aeabea4d071f415c8c107e1cb7af5424_assumedsuccess",
          "nodeType": "DialogChangeNode",
          "id": "8a839fa0-931c-480f-be35-d269dec509a1"
        }
      ],
      "id": "new_topic_cd9be9d9946b433ea1991fdc0d3a5e75",
      "displayName": "Dialog for Kan ik een aanwezigheidsrapport krijgen?",
      "createdTime": "2021-03-17T15:27:04.9520258Z",
      "updatedTime": "2021-03-29T22:47:25.6174992Z",
      "createdUserId": "c1e90dc0-1df0-459d-8164-0dcb7915deaf",
      "updatedUserId": "c1e90dc0-1df0-459d-8164-0dcb7915deaf"
    }
  ],
  "botMessages": [
    {
      "channelContent": {
        "web": {
          "contentFormat": "Markdown",
          "content": "Organisatoren van vergaderingen kunnen een aanwezigheidsrapport voor vergaderingen bekijken en downloaden."
        }
      },
      "id": "243df0f2-296a-44e2-8187-9d233fe9ba4a",
      "createdTime": "2021-03-17T15:27:04.9520258Z",
      "updatedTime": "2021-03-17T15:27:04.9520258Z",
      "createdUserId": "c1e90dc0-1df0-459d-8164-0dcb7915deaf",
      "updatedUserId": "c1e90dc0-1df0-459d-8164-0dcb7915deaf"
    },
    {
      "channelContent": {
        "web": {
          "contentFormat": "Markdown",
          "content": "Klik tijdens de vergadering op de deelnemers knop (poppetjes)\n\nVervolgens op de downloadpijl\n\nU het rapport downloaden als een. CSV (kan worden geopend in Excel).\n\n[Meer info.](https://docs.microsoft.com/nl-nl/microsoftteams/teams-analytics-and-reports/meeting-attendance-report)"
        }
      },
      "id": "613e2b80-3926-4f01-abdb-92af97be7d9c",
      "createdTime": "2021-03-17T15:27:43.179Z",
      "updatedTime": "2021-03-17T15:27:43.179Z",
      "createdUserId": "user-0",
      "updatedUserId": "user-0"
    }
  ],
  "createdUtc": "0001-01-01T00:00:00Z"
}