{
  "intents": [
    {
      "triggerQueries": [
        "Wysłałem(am) wiadomość i chcę ją usunąć",
        "usuwanie wysłanej wiadomości",
        "cofanie wysłanej wiadomości",
        "Czy mogę usunąć wysłaną wiadomość?",
        "chcę usunąć wiadomość, jak to zrobić?",
        "Próbuję usunąć wysłaną wiadomość, jakie są kroki?",
        "Usuwanie wiadomości",
        "Jak usunąć wysłaną wiadomość?"
      ],
      "dialogId": "new_topic_4a00e8dbdbff4243be02dbece46ef05c",
      "isTriggeringEnabled": true,
      "id": "new_topic_4a00e8dbdbff4243be02dbece46ef05c",
      "displayName": "Jak usunąć wysłaną wiadomość?",
      "description": "",
      "createdTime": "2021-09-26T17:43:31.2774257Z",
      "updatedTime": "2021-10-21T12:54:12.2670438Z",
      "createdUserId": "28fac8cb-bec7-48c9-a688-5024cf318b8a",
      "updatedUserId": "28fac8cb-bec7-48c9-a688-5024cf318b8a"
    }
  ],
  "dialogs": [
    {
      "rootNodeId": "71ffd684-7cf3-4cc0-8f7c-e2b891b760c5",
      "messageNodes": [
        {
          "botMessageId": "a80e9033-7fa5-4ba3-a612-c741b8a28a6e",
          "nodeType": "BotMessageNode",
          "id": "71ffd684-7cf3-4cc0-8f7c-e2b891b760c5",
          "defaultTargetNodeId": "877e5032-b9d8-4567-a097-6ed7168b4728"
        },
        {
          "botMessageId": "2bda8934-e3ba-4592-b0d6-07312889311b",
          "nodeType": "BotMessageNode",
          "id": "877e5032-b9d8-4567-a097-6ed7168b4728",
          "defaultTargetNodeId": "05ec0c7f-2a52-4be1-a94a-06d9df2ea898"
        }
      ],
      "dialogChangeNodes": [
        {
          "targetDialogId": "new_topic_d4ee79ce05584b519ee7d416fda7e2a3_aeabea4d071f415c8c107e1cb7af5424_assumedsuccess",
          "nodeType": "DialogChangeNode",
          "id": "05ec0c7f-2a52-4be1-a94a-06d9df2ea898"
        }
      ],
      "id": "new_topic_4a00e8dbdbff4243be02dbece46ef05c",
      "displayName": "Dialog for Jak usunąć wysłaną wiadomość?",
      "createdTime": "2021-09-26T17:43:31.2774257Z",
      "updatedTime": "2021-10-21T13:03:28.054319Z",
      "createdUserId": "28fac8cb-bec7-48c9-a688-5024cf318b8a",
      "updatedUserId": "28fac8cb-bec7-48c9-a688-5024cf318b8a"
    }
  ],
  "botMessages": [
    {
      "channelContent": {
        "web": {
          "contentFormat": "Markdown",
          "content": "Jeśli musisz [cofnąć i usunąć wiadomość, którą właśnie wysłałeś,](https://support.microsoft.com/pl-pl/office/edytowanie-lub-usuwanie-wys%c5%82anej-wiadomo%c5%9bci-w-us%c5%82udze-teams-5f1fe604-a900-4a07-b8b7-8cf70ed6b263?ui=pl-PL&rs=pl-PL&ad=PL) przejdź do wiadomości i wybierz **Więcej** **opcji** (**\"...\"**) > **Usuń** (kosz)."
        }
      },
      "id": "a80e9033-7fa5-4ba3-a612-c741b8a28a6e",
      "createdTime": "2021-09-26T17:43:31.2774257Z",
      "updatedTime": "2021-09-26T17:43:31.2774257Z",
      "createdUserId": "28fac8cb-bec7-48c9-a688-5024cf318b8a",
      "updatedUserId": "28fac8cb-bec7-48c9-a688-5024cf318b8a"
    },
    {
      "channelContent": {
        "web": {
          "contentFormat": "Markdown",
          "content": "Jeśli wiadomość nie została jeszcze wysłana, wybierz pozycję **Formatuj** (A z ołówkiem), aby rozwinąć pole. Następnie wybierz pozycję **Usuń** (kosz na śmieci)."
        }
      },
      "id": "2bda8934-e3ba-4592-b0d6-07312889311b",
      "createdTime": "2021-10-21T12:54:56.955Z",
      "updatedTime": "2021-10-21T12:54:56.955Z",
      "createdUserId": "user-0",
      "updatedUserId": "user-0"
    }
  ]
}