{
  "intents": [
    {
      "intentType": "Regular",
      "endUserOverrideName": "Change guest permissions",
      "triggerQueries": [
        "Can I limit what guests can do in our team?",
        "Change guest permissions",
        "How do I set guest permissions?",
        "adjusting guests' permissions",
        "change what guests can do",
        "changing settings for a guest",
        "How do I change guest permissions?"
      ],
      "dialogId": "new_topic_cb2b7cbf311a408f97d5bb3495348958",
      "isTriggeringEnabled": true,
      "id": "new_topic_cb2b7cbf311a408f97d5bb3495348958",
      "displayName": "How do I change guest permissions?",
      "description": "https://adoptbotv2kb.blob.core.windows.net/%24web/AdoptBot2021-English.docx",
      "createdTime": "2021-01-13T22:20:51.2371466Z",
      "updatedTime": "2021-01-27T17:49:40.7442814Z",
      "createdUserId": "f04d3cd9-b73d-4ba9-a1ed-9319eba29b21",
      "updatedUserId": "f04d3cd9-b73d-4ba9-a1ed-9319eba29b21"
    }
  ],
  "dialogs": [
    {
      "rootNodeId": "dcffac06-92d6-46f1-ac96-d18891082bf7",
      "messageNodes": [
        {
          "botMessageId": "65eec611-87be-4051-a91f-d8aedd1ccc24",
          "nodeType": "BotMessageNode",
          "id": "dcffac06-92d6-46f1-ac96-d18891082bf7",
          "defaultTargetNodeId": "f71d2c69-16c8-4c5f-9d07-8d99ea3ea8a3"
        },
        {
          "botMessageId": "0ab04c82-8d0e-457c-9ea1-5ef77bcdc800",
          "nodeType": "BotMessageNode",
          "id": "f71d2c69-16c8-4c5f-9d07-8d99ea3ea8a3",
          "defaultTargetNodeId": "96b81090-3213-4da1-b129-38474f7e9e31"
        }
      ],
      "dialogChangeNodes": [
        {
          "targetDialogId": "new_topic_eac3f49c99664313a9d9dc19d80a79a2_aeabea4d071f415c8c107e1cb7af5424_assumedsuccess",
          "nodeType": "DialogChangeNode",
          "id": "96b81090-3213-4da1-b129-38474f7e9e31"
        }
      ],
      "id": "new_topic_cb2b7cbf311a408f97d5bb3495348958",
      "displayName": "Dialog for How do I change guest permissions?",
      "createdTime": "2021-01-13T22:20:51.2371466Z",
      "updatedTime": "2021-01-27T17:51:08.4354365Z",
      "createdUserId": "f04d3cd9-b73d-4ba9-a1ed-9319eba29b21",
      "updatedUserId": "f04d3cd9-b73d-4ba9-a1ed-9319eba29b21"
    }
  ],
  "botMessages": [
    {
      "channelContent": {
        "web": {
          "contentFormat": "Markdown",
          "content": "**If you're a team owner**, you can [change guest permissions.](https://support.microsoft.com/en-us/office/set-guest-permissions-for-channels-in-teams-4756c468-2746-4bfd-a582-736d55fcc169)   \n \n\n1.  Go to the team name in your teams list. \n2.  Select **More options** (...).\n3.  Select **Manage team**.\n4.  On the Settings tab, select **Guest permissions**."
        }
      },
      "id": "65eec611-87be-4051-a91f-d8aedd1ccc24",
      "createdTime": "2021-01-13T22:20:51.2371466Z",
      "updatedTime": "2021-01-13T22:20:51.2371466Z",
      "createdUserId": "f04d3cd9-b73d-4ba9-a1ed-9319eba29b21",
      "updatedUserId": "f04d3cd9-b73d-4ba9-a1ed-9319eba29b21"
    },
    {
      "channelContent": {
        "web": {
          "contentFormat": "Markdown",
          "content": "If you're curious, here's a rundown of [what guests can do in Teams.](https://support.microsoft.com/en-us/office/team-owner-member-and-guest-capabilities-in-teams-d03fdf5b-1a6e-48e4-8e07-b13e1350ec7b)"
        }
      },
      "id": "0ab04c82-8d0e-457c-9ea1-5ef77bcdc800",
      "createdTime": "2021-01-27T17:47:58.727Z",
      "updatedTime": "2021-01-27T17:47:58.727Z",
      "createdUserId": "user-0",
      "updatedUserId": "user-0"
    }
  ]
}