{
  "intents": [
    {
      "triggerQueries": [
        "Quali sono i passaggi per nascondere un canale?",
        "Dov'è l'opzione per nascondere un canale?",
        "Smetti di seguire un canale",
        "Non voglio vedere un certo canale",
        "posso nascondere i canali?",
        "come rimuovere i canali che non vuoi vedere?",
        "come faccio a nascondere i canali?",
        "come faccio a smettere di seguire un canale?",
        "Come si smette di vedere un canale?",
        "Voglio nascondere alcuni canali",
        "Come nascondo un canale?"
      ],
      "dialogId": "new_topic_b81eee08a33c4b218b0a8746adf01dc8",
      "isTriggeringEnabled": true,
      "id": "new_topic_b81eee08a33c4b218b0a8746adf01dc8",
      "displayName": "Come nascondo un canale?",
      "createdTime": "2022-04-28T21:55:07.4604102Z",
      "updatedTime": "2022-04-28T21:55:07.4604102Z",
      "createdUserId": "9451fc51-e00d-4445-8ff9-efb70866dc3b",
      "updatedUserId": "9451fc51-e00d-4445-8ff9-efb70866dc3b"
    }
  ],
  "dialogs": [
    {
      "rootNodeId": "bbf0fc8c-078b-46ed-99f6-febd1cd761fa",
      "messageNodes": [
        {
          "botMessageId": "74398f34-3146-472a-a88c-d86b6c2ac3a2",
          "nodeType": "BotMessageNode",
          "id": "bbf0fc8c-078b-46ed-99f6-febd1cd761fa",
          "defaultTargetNodeId": "3691dd9a-bdf6-4d4a-af14-2ae183cce195"
        }
      ],
      "dialogChangeNodes": [
        {
          "targetDialogId": "new_topic_f98a24608ee04cb998de3e3e32703d5b_aeabea4d071f415c8c107e1cb7af5424_assumedsuccess",
          "nodeType": "DialogChangeNode",
          "id": "3691dd9a-bdf6-4d4a-af14-2ae183cce195"
        }
      ],
      "id": "new_topic_b81eee08a33c4b218b0a8746adf01dc8",
      "displayName": "Senza titolo",
      "createdTime": "2022-04-28T21:55:07.4604102Z",
      "updatedTime": "2022-04-28T21:55:07.4604102Z",
      "createdUserId": "9451fc51-e00d-4445-8ff9-efb70866dc3b",
      "updatedUserId": "9451fc51-e00d-4445-8ff9-efb70866dc3b"
    }
  ],
  "botMessages": [
    {
      "channelContent": {
        "web": {
          "contentFormat": "Markdown",
          "content": "1.  Seleziona il nome del team\n2.  Selezionare Altre opzioni (...) > Nascondi."
        }
      },
      "id": "74398f34-3146-472a-a88c-d86b6c2ac3a2",
      "createdTime": "2022-04-28T21:52:07.372Z",
      "updatedTime": "2022-04-28T21:52:07.372Z"
    }
  ]
}