{
  "intents": [
    {
      "triggerQueries": [
        "참석자 Microsoft 마이크로소프트 Teams 팀즈 국제 전화 번호",
        "해외 Guest 게스트 전화 Meeting 미팅",
        "다른 나라 Meeting 미팅 회의 전화 호출",
        "국제 참가자 전화",
        "해외 전화 번호 초대",
        "외국 번호 전화 걸기",
        "외국 국제 전화 걸기",
        "다른 사람 참여 Microsoft 마이크로소프트 Teams 미팅 회의 전화",
        "국제 전화 Teams 팀즈 팀 미팅 조인 참여",
        "참석자가 Microsoft Teams 회의에 참석할 때 국제 전화 번호로 전화를 걸 수 있습니까?"
      ],
      "dialogId": "new_topic_88919224471747b6bff371ab8112241b",
      "isTriggeringEnabled": true,
      "id": "new_topic_88919224471747b6bff371ab8112241b",
      "displayName": "참석자가 Microsoft Teams 회의에 참석할 때 국제 전화 번호로 전화를 걸 수 있습니까?",
      "description": "https://adoptbotv2kb.blob.core.windows.net/%24web/adoptbot2021-Korean.docx",
      "createdTime": "2021-03-18T03:39:18.7466553Z",
      "updatedTime": "2021-04-03T13:01:57.3567535Z",
      "createdUserId": "e47109d8-0300-4e59-a90d-56bb29886c9e",
      "updatedUserId": "e47109d8-0300-4e59-a90d-56bb29886c9e"
    }
  ],
  "dialogs": [
    {
      "rootNodeId": "c2c4585d-ebe6-4367-8bb4-76120207d74e",
      "messageNodes": [
        {
          "botMessageId": "aaedce02-cff1-45e0-8a43-98fa10055dbe",
          "nodeType": "BotMessageNode",
          "id": "c2c4585d-ebe6-4367-8bb4-76120207d74e",
          "defaultTargetNodeId": "b7b0cf43-6e13-41bd-9a8a-9382fd2c5801"
        }
      ],
      "dialogChangeNodes": [
        {
          "targetDialogId": "new_topic_2bf23930c1d146129dfe38bacb94ccd0_aeabea4d071f415c8c107e1cb7af5424_assumedsuccess",
          "nodeType": "DialogChangeNode",
          "id": "b7b0cf43-6e13-41bd-9a8a-9382fd2c5801"
        }
      ],
      "id": "new_topic_88919224471747b6bff371ab8112241b",
      "displayName": "Dialog for 참석자가 Microsoft Teams 회의에 참석할 때 국제 전화 번호로 전화를 걸 수 있습니까?",
      "createdTime": "2021-03-18T03:39:18.7466553Z",
      "updatedTime": "2021-03-18T03:39:18.7466553Z",
      "createdUserId": "e47109d8-0300-4e59-a90d-56bb29886c9e",
      "updatedUserId": "e47109d8-0300-4e59-a90d-56bb29886c9e"
    }
  ],
  "botMessages": [
    {
      "channelContent": {
        "web": {
          "contentFormat": "Markdown",
          "content": "예. 참석자는 국제 전화를 걸어 다른 사람들을 Microsoft Teams 회의에 초대할 수 있습니다.\r\n\r\n[다른 사용자가 참여할 수 있도록 Microsoft Teams 모임에서 전화 걸기를 참조하십시오.](https://docs.microsoft.com/ko-kr/microsoftteams/dialing-out-from-a-teams-meeting-so-other-people-can-join-it)"
        }
      },
      "id": "aaedce02-cff1-45e0-8a43-98fa10055dbe",
      "createdTime": "2021-03-18T03:39:18.7466553Z",
      "updatedTime": "2021-03-18T03:39:18.7466553Z",
      "createdUserId": "e47109d8-0300-4e59-a90d-56bb29886c9e",
      "updatedUserId": "e47109d8-0300-4e59-a90d-56bb29886c9e"
    }
  ],
  "createdUtc": "0001-01-01T00:00:00Z"
}