{
  "intents": [
    {
      "endUserOverrideName": "Teams Geräte für Zusammenarbeit, Meetings, Anrufe",
      "triggerQueries": [
        "Zertifizierte Geräte für Teams-Meetings und -Anrufe",
        "Wo finde ich zertifizierte Teams-Geräte?",
        "Teams Geräte für Meetings und Anrufe",
        "Microsoft Teams-Räume",
        "Besprechungsräume Geräte für Teams",
        "Gibt es eine Liste zertifizierter Teams-Geräte?",
        "Teams-Geräte für persönliche Räume",
        "Teams von Geräten für freigegebene Räume",
        "Gerätekategorien für Teams",
        "Auf welchen Geräten kann ich Teams verwenden?",
        "Welches Meetinggerät eignet sich am besten für Teams-Meetings?",
        "Schreibtischtelefone für Teams",
        "Was ist ein Teams-Display?",
        "Teams Geräte für kleine Besprechungsräume",
        "Teams-Geräte für große Besprechungsräume",
        "Teams-Geräte für open office",
        "Webkameras zertifiziert für Teams",
        "Was ist eine gute Webcam, mit der Sie Teams verwenden können?",
        "Teams-Geräte für die Zusammenarbeit",
        "Teams Geräte für Zusammenarbeit, Meetings, Anrufe",
        "Microsoft Teams Rooms-Systeme",
        "Zeige mir zertifizierte MTRs",
        "Mtr? Teams Besprechungsräume",
        "Mtr? Microsoft Teams-Räume",
        "Freisprecheinrichtungen zur Verwendung mit Teams",
        "Welche Headsets funktionieren gut mit Teams?",
        "Teams Geräte für mein Home Office",
        "Geräte, die ich für Teams verwenden kann, um von zu Hause aus zu arbeiten",
        "Teams Geräte für die Arbeit aus der Ferne",
        "Teams Geräte für die Arbeit von zu Hause?",
        "Wo finde ich Kategorien von Teams",
        "Übersicht der für Teams zertifizierten Geräte",
        "Telefone mit Teams-Zertifizierung?",
        "Welche Arten von Teams-Räumen gibt es für Besprechungen?",
        "Entwerfen eines Besprechungsraums für Teams",
        "Hybride Besprechungsräume",
        "Webcams, die Teams unterstützen?",
        "Verwenden von Headsets in einer Besprechung?",
        "Surface Hub 2",
        "Was ist ein Teams-Meetingraum?",
        "Erstellen eines Huddle-Bereichs mit Teams-Geräten",
        "Gibt es zertifiziertes Teams-Zubehör?",
        "Microsoft Surface Hub",
        "Wo finden Sie Besprechungsraum Geräte für Teams?"
      ],
      "dialogId": "new_topic_a9eba999dbd84f02842a566685a72e56",
      "isTriggeringEnabled": true,
      "id": "new_topic_a9eba999dbd84f02842a566685a72e56",
      "displayName": "Wo finde ich zertifizierte Teams-Geräte?",
      "description": "",
      "createdTime": "2021-04-15T09:45:37.3008919Z",
      "updatedTime": "2021-04-15T09:45:37.3008919Z",
      "createdUserId": "d4c65e50-fb5c-4311-830a-05b59a11dd48"
    }
  ],
  "dialogs": [
    {
      "rootNodeId": "9a880ca0-d378-480c-822e-4bd71e2ba55a",
      "messageNodes": [
        {
          "botMessageId": "e81b9080-8f91-4ae9-9204-1093dc6599dc",
          "nodeType": "BotMessageNode",
          "id": "9a880ca0-d378-480c-822e-4bd71e2ba55a",
          "defaultTargetNodeId": "4d5a60d7-3e81-4fc1-a1c4-96fbed0be266"
        },
        {
          "botMessageId": "2493de78-dceb-45ef-8c12-1f6a6202cde0",
          "nodeType": "BotMessageNode",
          "id": "4d5a60d7-3e81-4fc1-a1c4-96fbed0be266",
          "defaultTargetNodeId": "0233c02c-5e2a-48d3-a39a-54b07c1fa465"
        },
        {
          "botMessageId": "134554e4-87b9-41ad-8a59-7f8f1bbc908a",
          "nodeType": "BotMessageNode",
          "id": "0233c02c-5e2a-48d3-a39a-54b07c1fa465",
          "defaultTargetNodeId": "c549dc3b-ab8e-48f0-9593-adee62362740"
        },
        {
          "botMessageId": "26d72c85-c6b9-4daf-bc3e-fae4a2ba5a60",
          "nodeType": "BotMessageNode",
          "id": "c549dc3b-ab8e-48f0-9593-adee62362740",
          "defaultTargetNodeId": "78937d3f-ff43-4caf-bda6-fa431de52c68"
        },
        {
          "botMessageId": "bc994c40-b042-484f-8384-1583136b6c1d",
          "nodeType": "BotMessageNode",
          "id": "78937d3f-ff43-4caf-bda6-fa431de52c68",
          "defaultTargetNodeId": "e6fb5308-58e3-4695-842a-f7bb63337fe5"
        }
      ],
      "dialogChangeNodes": [
        {
          "targetDialogId": "new_topic_30867099f4b543d3b8543a85c22c3418_aeabea4d071f415c8c107e1cb7af5424_assumedsuccess",
          "nodeType": "DialogChangeNode",
          "id": "e6fb5308-58e3-4695-842a-f7bb63337fe5"
        }
      ],
      "id": "new_topic_a9eba999dbd84f02842a566685a72e56",
      "displayName": "Dialog for Wo finde ich zertifizierte Teams-Geräte?",
      "createdTime": "2021-04-15T09:45:37.3008919Z",
      "updatedTime": "2021-04-15T09:52:31.5112905Z",
      "createdUserId": "d4c65e50-fb5c-4311-830a-05b59a11dd48",
      "updatedUserId": "d4c65e50-fb5c-4311-830a-05b59a11dd48"
    }
  ],
  "botMessages": [
    {
      "channelContent": {
        "web": {
          "contentFormat": "Markdown",
          "content": "Es gibt viele Arten von zertifizierten Teams-Geräten für inklusive Meetings, Zusammenarbeit und Anrufe."
        }
      },
      "id": "e81b9080-8f91-4ae9-9204-1093dc6599dc",
      "createdTime": "2021-04-15T09:45:37.3008919Z",
      "updatedTime": "2021-04-15T09:45:37.3008919Z",
      "createdUserId": "d4c65e50-fb5c-4311-830a-05b59a11dd48",
      "updatedUserId": "d4c65e50-fb5c-4311-830a-05b59a11dd48"
    },
    {
      "channelContent": {
        "web": {
          "contentFormat": "Markdown",
          "content": "Verwenden Sie diese [Webseite](https://www.microsoft.com/de-de/microsoft-teams/across-devices/devices/category?devicetype=20&page=1&filterIds=), wenn Sie zertifizierte Teams-Geräte anzeigen möchten:"
        }
      },
      "id": "2493de78-dceb-45ef-8c12-1f6a6202cde0",
      "createdTime": "2021-04-15T09:46:02.376Z",
      "updatedTime": "2021-04-15T09:46:02.376Z",
      "createdUserId": "user-0",
      "updatedUserId": "user-0"
    },
    {
      "channelContent": {
        "web": {
          "contentFormat": "Markdown",
          "content": "[nach Art des Raumes](https://www.microsoft.com/de-de/microsoft-teams/across-devices/spaces)\n\n(Home Office, Kleine bis Extra große besprechungsräume, In der Öffentlichkeit, Unterwegs, Offenes Büro, Huddle-Raum, Executive Office, Phonebooth, Focus-Räume und andere Besprechungsräume)"
        }
      },
      "id": "134554e4-87b9-41ad-8a59-7f8f1bbc908a",
      "createdTime": "2021-04-15T09:46:04.699Z",
      "updatedTime": "2021-04-15T09:46:04.699Z",
      "createdUserId": "user-0",
      "updatedUserId": "user-0"
    },
    {
      "channelContent": {
        "web": {
          "contentFormat": "Markdown",
          "content": "[nach Gerätetyp](https://www.microsoft.com/de-de/microsoft-teams/across-devices/spaces)\n\n(Teams Räume, Raumsystemzubehör, Headsets, Webkameras, Freisprecheinrichtungen, Schreibtischtelefone, Teams-Displays, Collaboration-Bars und andere)"
        }
      },
      "id": "26d72c85-c6b9-4daf-bc3e-fae4a2ba5a60",
      "createdTime": "2021-04-15T09:46:07.071Z",
      "updatedTime": "2021-04-15T09:46:07.071Z",
      "createdUserId": "user-0",
      "updatedUserId": "user-0"
    },
    {
      "channelContent": {
        "web": {
          "contentFormat": "Markdown",
          "content": "**Bitte beachten Sie:**\n\n*   Nicht alle Teams-Geräte sind in allen Ländern verfügbar."
        }
      },
      "id": "bc994c40-b042-484f-8384-1583136b6c1d",
      "createdTime": "2021-04-15T09:46:09.44Z",
      "updatedTime": "2021-04-15T09:46:09.44Z",
      "createdUserId": "user-0",
      "updatedUserId": "user-0"
    }
  ],
  "createdUtc": "0001-01-01T00:00:00Z"
}