{
  "intents": [
    {
      "endUserOverrideName": "",
      "triggerQueries": [
        "Excel in Teams bearbeiten",
        "Dokument in Teams bearbeiten",
        "Dateien in Teams bearbeiten",
        "Datei bearbeiten",
        "zusammenarbeit in Teams",
        "Office Dokument in Teams bearbeiten",
        "Word Dokument in Teams bearbeiten",
        "Powerpoint in Teams bearbeiten",
        "Wie kann ich eine Datei in Teams bearbeiten?"
      ],
      "dialogId": "new_topic_44685be86a244694893d9894980fcc34",
      "isTriggeringEnabled": true,
      "id": "new_topic_44685be86a244694893d9894980fcc34",
      "displayName": "Wie kann ich eine Datei in Teams bearbeiten?",
      "description": "https://adoptbotv2kb.blob.core.windows.net/%24web/AdoptBot2021-English.docx",
      "createdTime": "2021-04-18T21:58:44.4286771Z",
      "updatedTime": "2021-04-18T21:58:44.4286771Z",
      "createdUserId": "86360cd1-faa6-4d16-8a0c-ba3116c8a977"
    }
  ],
  "dialogs": [
    {
      "rootNodeId": "e1643ace-2d2f-4a43-a371-ad1afcb8cbcd",
      "messageNodes": [
        {
          "botMessageId": "db9d21a9-f096-4116-92ef-5449d9dbe5f9",
          "nodeType": "BotMessageNode",
          "id": "e1643ace-2d2f-4a43-a371-ad1afcb8cbcd",
          "defaultTargetNodeId": "a2ee5a4e-17ee-419b-9b61-3387e9e0e89e"
        },
        {
          "botMessageId": "13fe3747-cfd0-4060-8248-7bab8b08f60b",
          "nodeType": "BotMessageNode",
          "id": "a2ee5a4e-17ee-419b-9b61-3387e9e0e89e",
          "defaultTargetNodeId": "01c170f0-3912-4bd7-85fe-fe7f9173c321"
        }
      ],
      "dialogChangeNodes": [
        {
          "targetDialogId": "new_topic_30867099f4b543d3b8543a85c22c3418_aeabea4d071f415c8c107e1cb7af5424_assumedsuccess",
          "nodeType": "DialogChangeNode",
          "id": "01c170f0-3912-4bd7-85fe-fe7f9173c321"
        }
      ],
      "id": "new_topic_44685be86a244694893d9894980fcc34",
      "displayName": "Dialog for Wie kann ich eine Datei in Teams bearbeiten?",
      "createdTime": "2021-04-18T21:58:44.4286771Z",
      "updatedTime": "2021-04-18T22:00:32.960266Z",
      "createdUserId": "86360cd1-faa6-4d16-8a0c-ba3116c8a977",
      "updatedUserId": "86360cd1-faa6-4d16-8a0c-ba3116c8a977"
    }
  ],
  "botMessages": [
    {
      "channelContent": {
        "web": {
          "contentFormat": "Markdown",
          "content": "Wenn Sie in einem Teamkanal Office-Dokumente auf der **Registerkarte Dateien** haben, können Sie für jede Datei **Weitere Optionen (...)** auswählen."
        }
      },
      "id": "db9d21a9-f096-4116-92ef-5449d9dbe5f9",
      "createdTime": "2021-04-18T21:58:44.4276292Z",
      "updatedTime": "2021-04-18T21:58:44.4276292Z",
      "createdUserId": "86360cd1-faa6-4d16-8a0c-ba3116c8a977",
      "updatedUserId": "86360cd1-faa6-4d16-8a0c-ba3116c8a977"
    },
    {
      "channelContent": {
        "web": {
          "contentFormat": "Markdown",
          "content": "Wählen Sie dann in diesen Optionen die Option In Teams **bearbeiten** aus, und Sie haben die Möglichkeit, Änderungen an Ihrem Dokument vorzunehmen und es zu speichern. Klicken Sie hier, um mehr über die [Bearbeitung einer Datei in Teams zu erfahren.](https://support.microsoft.com/de-de/office/bearbeiten-einer-office-datei-in-teams-257a5e88-205a-4fb5-bbf1-c78c3e64de86?ui=de-DE&rs=de-DE&ad=DE)"
        }
      },
      "id": "13fe3747-cfd0-4060-8248-7bab8b08f60b",
      "createdTime": "2021-04-18T21:59:32.889Z",
      "updatedTime": "2021-04-18T21:59:32.889Z",
      "createdUserId": "user-0",
      "updatedUserId": "user-0"
    }
  ]
}