{
  "intents": [
    {
      "endUserOverrideName": "一個團隊最多可以有幾個人",
      "triggerQueries": [
        "How many members can a team have?",
        "What's the member limit for a team?",
        "What's the maximum number of members I can have in a team?",
        "maximum number of members in a team",
        "how many can you be in a team?",
        "how big can a team be?",
        "size of team",
        "maximum limit of members",
        "How many members can I add to my Team?",
        "Maximum number in the same team?",
        "Can I add all my team members to the new Team?",
        "maximum number of team members?",
        "一個團隊可以有多少人",
        "一個團隊的成員有哪些限制",
        "我在 Teams 最多可以有幾個成員",
        "一個團隊最多可以有幾人",
        "團隊可以有多少人",
        "團隊可以多大",
        "團隊的大小",
        "成員人數的最高限制",
        "我可以新增多少成員到我的團隊",
        "在相同團隊最多的人數",
        "我是否可以把我的全部團隊成員加到新的團隊",
        "團隊成員的最高人數",
        "在團隊中我最多可以有多少人"
      ],
      "dialogId": "new_topic_2e8e1df700f94c56896b476585878a7a",
      "isTriggeringEnabled": true,
      "id": "new_topic_2e8e1df700f94c56896b476585878a7a",
      "displayName": "我在 Teams 最多可以有幾個成員",
      "description": "https://adoptbotv2kb.blob.core.windows.net/%24web/AdoptBot2021-English.docx",
      "createdTime": "2021-11-17T05:01:58.4864075Z",
      "updatedTime": "2021-11-17T05:02:27.1446565Z",
      "createdUserId": "9c968d43-f7c2-4e28-895c-1f6bcefcd8be",
      "updatedUserId": "9c968d43-f7c2-4e28-895c-1f6bcefcd8be"
    }
  ],
  "dialogs": [
    {
      "rootNodeId": "6096b828-72ca-4d50-a681-42c030eb5eed",
      "messageNodes": [
        {
          "botMessageId": "714062c0-28f5-488a-99c6-45b6a58bab05",
          "nodeType": "BotMessageNode",
          "id": "6096b828-72ca-4d50-a681-42c030eb5eed",
          "defaultTargetNodeId": "7be17869-b74f-4455-9e0c-8ce79b5908ea"
        },
        {
          "botMessageId": "cca9f471-66e2-4957-8d24-9fe3dc6221fc",
          "nodeType": "BotMessageNode",
          "id": "7be17869-b74f-4455-9e0c-8ce79b5908ea",
          "defaultTargetNodeId": "67508ba6-a9a5-4f7d-a576-7014a82cf509"
        }
      ],
      "dialogChangeNodes": [
        {
          "targetDialogId": "new_topic_e2d1671328b941dbb60fa7150059b1ee_aeabea4d071f415c8c107e1cb7af5424_assumedsuccess",
          "nodeType": "DialogChangeNode",
          "id": "67508ba6-a9a5-4f7d-a576-7014a82cf509"
        }
      ],
      "id": "new_topic_2e8e1df700f94c56896b476585878a7a",
      "displayName": "Dialog for 我在 Teams 最多可以有幾個成員",
      "createdTime": "2021-11-17T05:01:58.4864075Z",
      "updatedTime": "2021-11-17T05:02:27.1446565Z",
      "createdUserId": "9c968d43-f7c2-4e28-895c-1f6bcefcd8be",
      "updatedUserId": "9c968d43-f7c2-4e28-895c-1f6bcefcd8be"
    }
  ],
  "botMessages": [
    {
      "channelContent": {
        "web": {
          "contentFormat": "Markdown",
          "content": "[團隊最多可擁有 25000 位成員](https://docs.microsoft.com/zh-tw/microsoftteams/limits-specifications-teams)（2021 年初）。"
        }
      },
      "id": "714062c0-28f5-488a-99c6-45b6a58bab05",
      "createdTime": "2021-11-17T05:01:58.4864075Z",
      "updatedTime": "2021-11-17T05:01:58.4864075Z",
      "createdUserId": "9c968d43-f7c2-4e28-895c-1f6bcefcd8be",
      "updatedUserId": "9c968d43-f7c2-4e28-895c-1f6bcefcd8be"
    },
    {
      "channelContent": {
        "web": {
          "contentFormat": "Markdown",
          "content": "💡始終點選連結查看最新的資訊和詳細內容，因為可能已提高上限。"
        }
      },
      "id": "cca9f471-66e2-4957-8d24-9fe3dc6221fc",
      "createdTime": "2021-11-17T05:02:09.898Z",
      "updatedTime": "2021-11-17T05:02:09.898Z",
      "createdUserId": "user-0",
      "updatedUserId": "user-0"
    }
  ]
}