{
  "intents": [
    {
      "triggerQueries": [
        "Qual è la durata massima delle riunioni in teleconferenza?",
        "Quanto può durare un'audioconferenza?",
        "quanto tempo può durare una teleconferenza?",
        "Per quanto tempo puoi parlare in una teleconferenza?",
        "Durata massima delle audioconferenze?",
        "Durata massima di una conferenza telefonica (riunione in audioconferenza)?"
      ],
      "dialogId": "new_topic_56199b70d116422c8848da206adfc027",
      "isTriggeringEnabled": true,
      "id": "new_topic_56199b70d116422c8848da206adfc027",
      "displayName": "Durata massima di una conferenza telefonica (riunione in audioconferenza)?",
      "createdTime": "2022-04-29T21:52:13.6344362Z",
      "updatedTime": "2022-04-29T21:52:13.6344362Z",
      "createdUserId": "9451fc51-e00d-4445-8ff9-efb70866dc3b",
      "updatedUserId": "9451fc51-e00d-4445-8ff9-efb70866dc3b"
    }
  ],
  "dialogs": [
    {
      "rootNodeId": "68f820d1-d722-429b-8508-977ee7ff97e2",
      "messageNodes": [
        {
          "botMessageId": "f2bd417b-220d-427e-bab0-eae5debca818",
          "nodeType": "BotMessageNode",
          "id": "68f820d1-d722-429b-8508-977ee7ff97e2",
          "defaultTargetNodeId": "6a7c5468-ad94-42ae-8c65-6029709137c8"
        }
      ],
      "dialogChangeNodes": [
        {
          "targetDialogId": "new_topic_f98a24608ee04cb998de3e3e32703d5b_aeabea4d071f415c8c107e1cb7af5424_assumedsuccess",
          "nodeType": "DialogChangeNode",
          "id": "6a7c5468-ad94-42ae-8c65-6029709137c8"
        }
      ],
      "id": "new_topic_56199b70d116422c8848da206adfc027",
      "displayName": "Senza titolo",
      "createdTime": "2022-04-29T21:52:13.6344362Z",
      "updatedTime": "2022-04-29T21:52:13.6344362Z",
      "createdUserId": "9451fc51-e00d-4445-8ff9-efb70866dc3b",
      "updatedUserId": "9451fc51-e00d-4445-8ff9-efb70866dc3b"
    }
  ],
  "botMessages": [
    {
      "channelContent": {
        "web": {
          "contentFormat": "Markdown",
          "content": "L'incontro termina dopo 24 ore."
        }
      },
      "id": "f2bd417b-220d-427e-bab0-eae5debca818",
      "createdTime": "2022-04-29T21:41:41.056Z",
      "updatedTime": "2022-04-29T21:41:41.056Z"
    }
  ]
}