{
  "intents": [
    {
      "endUserOverrideName": "會議中聚焦特定人(焦點精選)",
      "triggerQueries": [
        "讓我成為焦點精選",
        "為所有人釘選",
        "什麼是焦點精選",
        "精選是什麼",
        "讓我成為精選",
        "為所有參與者釘選簡報者的影片",
        "為所有參與者釘選我的視訊畫面",
        "使用聚光燈",
        "聚光燈效果",
        "專注在某人的影片",
        "把我的影片在會議中用全螢幕展示",
        "聚焦在我身上",
        "鎖定某人的視訊",
        "鎖定正在說話的人的視訊",
        "鎖定簡報者的影像視訊",
        "pin the presenter's video for everyone in the meeting",
        "pin the presenter's video for everyone in the meeting",
        "pin my video for everyone during meeting",
        "focus attention on my video",
        "use spotlight",
        "using spotlight",
        "pay attention to someone's video",
        "Show my video feed in fullscreen during meeting",
        "put spotlight on me",
        "Lock the picture on someone's video",
        "Lock the picture on the person who speaks for everyone",
        "Lock the picture on the presenter",
        "Use spotlight to focus on someone during a meeting?"
      ],
      "dialogId": "new_topic_3be03feaef0140e9bd97fd72c41d773b",
      "isTriggeringEnabled": true,
      "id": "new_topic_3be03feaef0140e9bd97fd72c41d773b",
      "displayName": "在會議中聚焦特定人",
      "description": "https://adoptbotv2kb.blob.core.windows.net/%24web/AdoptBot2021-English.docx",
      "createdTime": "2021-11-17T07:55:11.3400881Z",
      "updatedTime": "2021-11-17T13:01:13.349307Z",
      "createdUserId": "9c968d43-f7c2-4e28-895c-1f6bcefcd8be",
      "updatedUserId": "9c968d43-f7c2-4e28-895c-1f6bcefcd8be"
    }
  ],
  "dialogs": [
    {
      "rootNodeId": "d704690a-f2c4-4056-acf5-0fef64f79c3e",
      "messageNodes": [
        {
          "botMessageId": "aa00005a-fcb0-41cc-8722-78b8ba68473f",
          "nodeType": "BotMessageNode",
          "id": "d704690a-f2c4-4056-acf5-0fef64f79c3e",
          "defaultTargetNodeId": "708850fe-56c0-47de-8c99-d9fc344e7cf0"
        },
        {
          "botMessageId": "7d07c733-3d8c-40db-8ce0-ee00c5889201",
          "nodeType": "BotMessageNode",
          "id": "708850fe-56c0-47de-8c99-d9fc344e7cf0",
          "defaultTargetNodeId": "1de28b7e-fb42-4437-b887-a5535c26f23a"
        },
        {
          "botMessageId": "c82c5e4b-1723-4522-b8a4-9da648bfe0b7",
          "nodeType": "BotMessageNode",
          "id": "1de28b7e-fb42-4437-b887-a5535c26f23a",
          "defaultTargetNodeId": "3020bb4a-09e4-4ccf-a1d0-9146062ee6f3"
        },
        {
          "botMessageId": "b33e2020-4fb9-4e46-af18-e67a27b78d1f",
          "nodeType": "BotMessageNode",
          "id": "3020bb4a-09e4-4ccf-a1d0-9146062ee6f3",
          "defaultTargetNodeId": "10ff885e-83cc-41a4-87ea-630951c26918"
        }
      ],
      "dialogChangeNodes": [
        {
          "targetDialogId": "new_topic_e2d1671328b941dbb60fa7150059b1ee_aeabea4d071f415c8c107e1cb7af5424_assumedsuccess",
          "nodeType": "DialogChangeNode",
          "id": "10ff885e-83cc-41a4-87ea-630951c26918"
        }
      ],
      "id": "new_topic_3be03feaef0140e9bd97fd72c41d773b",
      "displayName": "Dialog for 在會議中聚焦特定人",
      "createdTime": "2021-11-17T07:55:11.3400881Z",
      "updatedTime": "2021-11-17T13:01:13.349307Z",
      "createdUserId": "9c968d43-f7c2-4e28-895c-1f6bcefcd8be",
      "updatedUserId": "9c968d43-f7c2-4e28-895c-1f6bcefcd8be"
    }
  ],
  "botMessages": [
    {
      "channelContent": {
        "web": {
          "contentFormat": "Markdown",
          "content": "[聚焦某人的視訊](https://support.microsoft.com/zh-tw/office/%E5%B0%87%E6%9F%90%E4%BA%BA%E7%9A%84%E8%A6%96teams%E7%84%A6%E9%BB%9E-58be74a4-efac-4e89-a212-8d198182081e)就像是將其固定在會議中每個人的畫面上。\n\n如果您是召集人或簡報者，您可以選擇將任何使用者的視訊（包括您自己的視訊）設為所有參與者看到的主要畫面。"
        }
      },
      "id": "aa00005a-fcb0-41cc-8722-78b8ba68473f",
      "createdTime": "2021-11-17T07:55:11.3400881Z",
      "updatedTime": "2021-11-17T07:55:11.3400881Z",
      "createdUserId": "9c968d43-f7c2-4e28-895c-1f6bcefcd8be",
      "updatedUserId": "9c968d43-f7c2-4e28-895c-1f6bcefcd8be"
    },
    {
      "channelContent": {
        "web": {
          "contentFormat": "Markdown",
          "content": "這裡提供兩種方法：\n\n1.  右鍵點擊用戶的視訊，從功能表中選擇**聚光燈**。\n2.  或者選擇您希望在畫面中聚焦的人，右鍵點擊**參與者>聚光燈**。"
        }
      },
      "id": "7d07c733-3d8c-40db-8ce0-ee00c5889201",
      "createdTime": "2021-11-17T07:55:20.709Z",
      "updatedTime": "2021-11-17T07:55:20.709Z",
      "createdUserId": "user-0",
      "updatedUserId": "user-0"
    },
    {
      "channelContent": {
        "web": {
          "contentFormat": "Markdown",
          "content": "當您準備好退出聚光燈時，請再次選擇此人並**退出聚光燈**。"
        }
      },
      "id": "c82c5e4b-1723-4522-b8a4-9da648bfe0b7",
      "createdTime": "2021-11-17T07:55:25.717Z",
      "updatedTime": "2021-11-17T07:55:25.717Z",
      "createdUserId": "user-0",
      "updatedUserId": "user-0"
    },
    {
      "channelContent": {
        "web": {
          "contentFormat": "Markdown",
          "content": "更多相關功能請參考:\n\n[在 Microsoft Teams 中使用視訊](https://support.microsoft.com/zh-tw/office/%E5%9C%A8-microsoft-teams-%E4%B8%AD%E4%BD%BF%E7%94%A8%E8%A6%96%E8%A8%8A-3647fc29-7b92-4c26-8c2d-8a596904cdae#bkmk_spotlightvideo)"
        }
      },
      "id": "b33e2020-4fb9-4e46-af18-e67a27b78d1f",
      "createdTime": "2021-11-17T12:59:42.557Z",
      "updatedTime": "2021-11-17T12:59:42.557Z",
      "createdUserId": "user-0",
      "updatedUserId": "user-0"
    }
  ]
}