{
  "intents": [
    {
      "intentType": "Regular",
      "endUserOverrideName": "Ändra PIN-kod",
      "triggerQueries": [
        "Kan jag återställa eller byta pinkod?",
        "hur återställer man pinkoden",
        "Vem kan återställa pinkoden?",
        "Återställa PIN-kod för Teams",
        "Hur kommer en användare åt eller ändrar sin PIN-kod?"
      ],
      "dialogId": "new_topic_600863993cb143978022244c7987a555",
      "isTriggeringEnabled": true,
      "id": "new_topic_600863993cb143978022244c7987a555",
      "displayName": "Hur kommer en användare åt eller ändrar sin PIN-kod?",
      "description": "",
      "createdTime": "2020-11-24T14:37:53.8220925Z",
      "updatedTime": "2020-12-09T10:55:05.7581173Z",
      "createdUserId": "f04d3cd9-b73d-4ba9-a1ed-9319eba29b21",
      "updatedUserId": "f04d3cd9-b73d-4ba9-a1ed-9319eba29b21"
    }
  ],
  "dialogs": [
    {
      "rootNodeId": "4994a909-eb78-458e-8c40-f145bcf8c76a",
      "messageNodes": [
        {
          "botMessageId": "2fd4413f-7910-4fdf-ae8d-0ad6ea543064",
          "nodeType": "BotMessageNode",
          "id": "4994a909-eb78-458e-8c40-f145bcf8c76a",
          "defaultTargetNodeId": "e4ca512e-54da-4e27-8d17-bfe34ae8bfea"
        }
      ],
      "dialogChangeNodes": [
        {
          "targetDialogId": "new_topic_84ec227c19784e7ba25cb34f4638f91e_aeabea4d071f415c8c107e1cb7af5424_assumedsuccess",
          "nodeType": "DialogChangeNode",
          "id": "e4ca512e-54da-4e27-8d17-bfe34ae8bfea"
        }
      ],
      "id": "new_topic_600863993cb143978022244c7987a555",
      "displayName": "Dialog for Hur kommer en användare åt eller ändrar sin PIN-kod?",
      "createdTime": "2020-11-24T14:37:53.8220925Z",
      "updatedTime": "2020-12-09T10:53:57.2323593Z",
      "createdUserId": "f04d3cd9-b73d-4ba9-a1ed-9319eba29b21",
      "updatedUserId": "f04d3cd9-b73d-4ba9-a1ed-9319eba29b21"
    }
  ],
  "botMessages": [
    {
      "channelContent": {
        "web": {
          "contentFormat": "Markdown",
          "content": "Microsoft Teams-användaren kan hitta PIN-koden i ett e-postmeddelande som skickas till dem när de har konfigurerats. En Microsoft Teams-användare kommer inte att kunna återställa sin PIN-kod. PIN-koden kan bara återställas av din admin. \n\nNär en PIN-kod återställs skickas ett e-postmeddelande till användaren."
        }
      },
      "id": "2fd4413f-7910-4fdf-ae8d-0ad6ea543064",
      "createdTime": "2020-11-24T14:37:53.8220925Z",
      "updatedTime": "2020-11-24T14:37:53.8220925Z",
      "createdUserId": "f04d3cd9-b73d-4ba9-a1ed-9319eba29b21",
      "updatedUserId": "f04d3cd9-b73d-4ba9-a1ed-9319eba29b21"
    }
  ]
}