{
  "intents": [
    {
      "intentType": "Regular",
      "triggerQueries": [
        "Mapp för mina filer?",
        "Förklara vad onedrive är",
        "Vad är min smarta mapp",
        "spara filer i onedrive",
        "Vad betyder onedrive",
        "Vad är OneDrive?"
      ],
      "dialogId": "new_topic_753a20abf7dd4e1f820d9675bd4918e2",
      "isTriggeringEnabled": true,
      "id": "new_topic_753a20abf7dd4e1f820d9675bd4918e2",
      "displayName": "Vad är OneDrive?",
      "description": "",
      "createdTime": "2020-11-24T14:37:53.8220925Z",
      "updatedTime": "2020-12-11T10:41:47.5778676Z",
      "createdUserId": "f04d3cd9-b73d-4ba9-a1ed-9319eba29b21",
      "updatedUserId": "f04d3cd9-b73d-4ba9-a1ed-9319eba29b21"
    }
  ],
  "dialogs": [
    {
      "rootNodeId": "7af1f5c8-2893-4cb9-a950-0a123c79854c",
      "messageNodes": [
        {
          "botMessageId": "1b24dccb-bcc5-443f-8628-91e24f6683a5",
          "nodeType": "BotMessageNode",
          "id": "7af1f5c8-2893-4cb9-a950-0a123c79854c",
          "defaultTargetNodeId": "b5d8371b-4bcc-4f51-a5a0-e8d4f2bd048f"
        }
      ],
      "dialogChangeNodes": [
        {
          "targetDialogId": "new_topic_84ec227c19784e7ba25cb34f4638f91e_aeabea4d071f415c8c107e1cb7af5424_assumedsuccess",
          "nodeType": "DialogChangeNode",
          "id": "b5d8371b-4bcc-4f51-a5a0-e8d4f2bd048f"
        }
      ],
      "id": "new_topic_753a20abf7dd4e1f820d9675bd4918e2",
      "displayName": "Dialog for Vad är OneDrive?",
      "createdTime": "2020-11-24T14:37:53.8220925Z",
      "updatedTime": "2020-11-24T14:37:53.8220925Z",
      "createdUserId": "f04d3cd9-b73d-4ba9-a1ed-9319eba29b21",
      "updatedUserId": "f04d3cd9-b73d-4ba9-a1ed-9319eba29b21"
    }
  ],
  "botMessages": [
    {
      "channelContent": {
        "web": {
          "contentFormat": "Markdown",
          "content": "OneDrive är en lagringstjänst online som du kan använda för att spara dokument, anteckningar, foton, musik, videoklipp eller andra typer av filer. Med OneDrive kan du komma åt dina filer från nästan vilken enhet som helst och du kan dela dem med andra."
        }
      },
      "id": "1b24dccb-bcc5-443f-8628-91e24f6683a5",
      "createdTime": "2020-11-24T14:37:53.8220925Z",
      "updatedTime": "2020-11-24T14:37:53.8220925Z",
      "createdUserId": "f04d3cd9-b73d-4ba9-a1ed-9319eba29b21",
      "updatedUserId": "f04d3cd9-b73d-4ba9-a1ed-9319eba29b21"
    }
  ]
}