{
  "intents": [
    {
      "endUserOverrideName": "Rechercher dans Teams",
      "triggerQueries": [
        "Comment chercher dans teams",
        "comment utiliser la barre de recherche?",
        "utiliser la recherche dans Teams",
        "utiliser les filtres de recherche dans Teams",
        "rechercher dans les équipes Teams",
        "Comment rechercher des équipes?",
        "Comment puis-je effectuer une recherche efficace dans Teams?",
        "Pouvez-vous me donner des conseils sur la recherche?",
        "Comment fonctionne la recherche?",
        "Comment fonctionnent la recherche et le filtrage?",
        "Comment effectuer une recherche dans Teams?"
      ],
      "dialogId": "new_topic_0e32ece102dc43fc9d2b2a58d8059187",
      "isTriggeringEnabled": true,
      "id": "new_topic_0e32ece102dc43fc9d2b2a58d8059187",
      "displayName": "Comment effectuer une recherche dans Teams?",
      "description": "",
      "createdTime": "2021-01-13T22:20:51.2381463Z",
      "updatedTime": "2021-05-24T23:41:10.1063079Z",
      "createdUserId": "f04d3cd9-b73d-4ba9-a1ed-9319eba29b21",
      "updatedUserId": "a2c4aa2c-d830-41eb-bcf4-467a2c7e1279"
    }
  ],
  "dialogs": [
    {
      "rootNodeId": "f728f3c8-21e4-4ad5-b345-b16557e3a4be",
      "messageNodes": [
        {
          "botMessageId": "5b81a749-2c42-409d-8146-c4995e99f515",
          "nodeType": "BotMessageNode",
          "id": "f728f3c8-21e4-4ad5-b345-b16557e3a4be",
          "defaultTargetNodeId": "e19351ef-66c3-400f-b14f-971057ec8da5"
        },
        {
          "botMessageId": "4ba2cbf0-b774-4fe6-9eb2-516db3a0533f",
          "nodeType": "BotMessageNode",
          "id": "e19351ef-66c3-400f-b14f-971057ec8da5",
          "defaultTargetNodeId": "8733d92f-39e2-45d7-9a25-5a3ed7dded42"
        },
        {
          "botMessageId": "2766a211-9063-4cc4-a27f-aeb95a0bd7dc",
          "nodeType": "BotMessageNode",
          "id": "e8c253ba-505f-475e-a862-3d51ca62ff86",
          "defaultTargetNodeId": "8a5c0969-3e19-47ee-beb2-2ffe6e5aa592"
        },
        {
          "botMessageId": "b502e4d7-86f2-448d-abd2-1a7f761911f6",
          "nodeType": "BotMessageNode",
          "id": "8a5c0969-3e19-47ee-beb2-2ffe6e5aa592",
          "defaultTargetNodeId": "3d13cc9e-3b5f-4ccf-8f4c-a8ca604a2c0d"
        },
        {
          "botMessageId": "ecc31b9d-1929-426e-8202-aefa08860624",
          "nodeType": "BotMessageNode",
          "id": "8733d92f-39e2-45d7-9a25-5a3ed7dded42",
          "defaultTargetNodeId": "e8c253ba-505f-475e-a862-3d51ca62ff86"
        }
      ],
      "dialogChangeNodes": [
        {
          "targetDialogId": "new_topic_eac3f49c99664313a9d9dc19d80a79a2_aeabea4d071f415c8c107e1cb7af5424_assumedsuccess",
          "nodeType": "DialogChangeNode",
          "id": "3d13cc9e-3b5f-4ccf-8f4c-a8ca604a2c0d"
        }
      ],
      "id": "new_topic_0e32ece102dc43fc9d2b2a58d8059187",
      "displayName": "Dialog for How do I search in Teams?",
      "createdTime": "2021-01-13T22:20:51.2381463Z",
      "updatedTime": "2021-05-24T23:40:57.288253Z",
      "createdUserId": "f04d3cd9-b73d-4ba9-a1ed-9319eba29b21",
      "updatedUserId": "a2c4aa2c-d830-41eb-bcf4-467a2c7e1279"
    }
  ],
  "botMessages": [
    {
      "channelContent": {
        "web": {
          "contentFormat": "Markdown",
          "content": "[**Rechercher des messages et d’autres personnes dans Teams**](https://support.microsoft.com/fr-fr/office/rechercher-des-messages-et-d-autres-personnes-dans-teams-4a351520-33f4-42ab-a5ee-5fc0ab88b263?ui=fr-FR&rs=fr-FR&ad=FR)"
        }
      },
      "id": "5b81a749-2c42-409d-8146-c4995e99f515",
      "createdTime": "2021-01-13T22:20:51.2381463Z",
      "updatedTime": "2021-01-13T22:20:51.2381463Z",
      "createdUserId": "f04d3cd9-b73d-4ba9-a1ed-9319eba29b21",
      "updatedUserId": "f04d3cd9-b73d-4ba9-a1ed-9319eba29b21"
    },
    {
      "channelContent": {
        "web": {
          "contentFormat": "Markdown",
          "content": "**Depuis un ordinateur** **💻**  \nLancez une recherche à partir du champ de recherche en haut de l'application. Lorsque vous tapez un mot ou un nom, Teams commence à afficher des suggestions. Cliquez sur l'une des suggestions ou appuyez sur Entrée pour obtenir une liste complète des résultats.\n\n_Vous pouvez filtrer les résultats._"
        }
      },
      "id": "4ba2cbf0-b774-4fe6-9eb2-516db3a0533f",
      "createdTime": "2021-01-27T22:27:41.847Z",
      "updatedTime": "2021-01-27T22:27:41.847Z",
      "createdUserId": "user-0",
      "updatedUserId": "user-0"
    },
    {
      "channelContent": {
        "web": {
          "contentFormat": "Markdown",
          "content": "Vous disposez de [quelques options de recherche et de filtrage](https://support.microsoft.com/fr-fr/office/rechercher-des-messages-et-d-autres-personnes-dans-teams-4a351520-33f4-42ab-a5ee-5fc0ab88b263?ui=fr-FR&rs=fr-FR&ad=FR) pour vous aider à trouver des messages, des personnes, des fichiers et d'autres informations partagées dans Teams."
        }
      },
      "id": "2766a211-9063-4cc4-a27f-aeb95a0bd7dc",
      "createdTime": "2021-01-27T22:28:38.94Z",
      "updatedTime": "2021-01-27T22:28:38.94Z",
      "createdUserId": "user-0",
      "updatedUserId": "user-0"
    },
    {
      "channelContent": {
        "web": {
          "contentFormat": "Markdown",
          "content": "💡 **Astuce :** _Utilisez **CTRL+F** ou **CMD+F** (mac OS) pour rechercher des messages dans la conversation ou dans le canal dans lequel vous êtes actuellement._"
        }
      },
      "id": "b502e4d7-86f2-448d-abd2-1a7f761911f6",
      "createdTime": "2021-01-27T22:28:53.914Z",
      "updatedTime": "2021-01-27T22:28:53.914Z",
      "createdUserId": "user-0",
      "updatedUserId": "user-0"
    },
    {
      "channelContent": {
        "web": {
          "contentFormat": "Markdown",
          "content": "**Depuis votre téléphone 📲**  \nAppuyez sur **Rechercher** et entrez un terme ou une expression de recherche. Appuyez sur **Messages** ou **Contacts** pour affiner vos résultats."
        }
      },
      "id": "ecc31b9d-1929-426e-8202-aefa08860624",
      "createdTime": "2021-01-27T22:33:46.707Z",
      "updatedTime": "2021-01-27T22:33:46.707Z",
      "createdUserId": "user-0",
      "updatedUserId": "user-0"
    }
  ]
}