{
  "intents": [
    {
      "triggerQueries": [
        "cofanie usuniętego zespołu",
        "cofanie usuniętych kanałów",
        "resetowanie usuniętego zespołu",
        "Przypadkowo usunąłem kanał",
        "Przywracanie usuniętego kanału",
        "Przywróć usunięty zespół",
        "Mój stary zespół został usunięty",
        "Jak odzyskać usunięty zespół?",
        "Czy mogę odzyskać usunięty zespół?",
        "odzyskiwanie usuniętego kanału",
        "odzyskaj usunięty kanał",
        "odzyskaj mój usunięty zespół",
        "mój zespół został usunięty",
        "Jeden z moich kanałów zniknął",
        "Czy mogę odzyskać stary kanał?",
        "Jak przywrócić kanał?",
        "Jak przywrócić zespół?",
        "Czy mogę przywrócić usunięty zespół lub kanał?"
      ],
      "dialogId": "new_topic_500c1910e20745b29f22c8e171f79f9f",
      "isTriggeringEnabled": true,
      "id": "new_topic_500c1910e20745b29f22c8e171f79f9f",
      "displayName": "Czy mogę przywrócić usunięty zespół lub kanał?",
      "description": "",
      "createdTime": "2021-09-26T17:28:59.6326964Z",
      "updatedTime": "2021-10-21T11:42:14.7578995Z",
      "createdUserId": "28fac8cb-bec7-48c9-a688-5024cf318b8a",
      "updatedUserId": "28fac8cb-bec7-48c9-a688-5024cf318b8a"
    }
  ],
  "dialogs": [
    {
      "rootNodeId": "9edc46e3-126a-477d-9f4a-01e0d061f34b",
      "messageNodes": [
        {
          "botMessageId": "37d66119-e8e1-4295-90b8-00e8544a0f3d",
          "nodeType": "BotMessageNode",
          "id": "9edc46e3-126a-477d-9f4a-01e0d061f34b",
          "defaultTargetNodeId": "e4f06662-9c56-4484-bb3a-63e7976178b1"
        },
        {
          "botMessageId": "4c449963-58ce-40b4-b04c-665d85ea626c",
          "nodeType": "BotMessageNode",
          "id": "e4f06662-9c56-4484-bb3a-63e7976178b1",
          "defaultTargetNodeId": "4d6d27b9-7ba6-4dc4-bca4-6b46ffc1acb2"
        }
      ],
      "dialogChangeNodes": [
        {
          "targetDialogId": "new_topic_d4ee79ce05584b519ee7d416fda7e2a3_aeabea4d071f415c8c107e1cb7af5424_assumedsuccess",
          "nodeType": "DialogChangeNode",
          "id": "4d6d27b9-7ba6-4dc4-bca4-6b46ffc1acb2"
        }
      ],
      "id": "new_topic_500c1910e20745b29f22c8e171f79f9f",
      "displayName": "Dialog for Czy mogę przywrócić usunięty zespół lub kanał?",
      "createdTime": "2021-09-26T17:28:59.6326964Z",
      "updatedTime": "2021-10-21T11:45:24.8627437Z",
      "createdUserId": "28fac8cb-bec7-48c9-a688-5024cf318b8a",
      "updatedUserId": "28fac8cb-bec7-48c9-a688-5024cf318b8a"
    }
  ],
  "botMessages": [
    {
      "channelContent": {
        "web": {
          "contentFormat": "Markdown",
          "content": "**Aby przywrócić usunięty zespół**, skontaktuj się z administratorem IT. Możesz udostępnić [ten wpis w blogu,](http://pepugmaster.blogspot.com/2020/10/jak-odzyskac-skasowany-zespo-teams.html) jeśli potrzebują instrukcji."
        }
      },
      "id": "37d66119-e8e1-4295-90b8-00e8544a0f3d",
      "createdTime": "2021-09-26T17:28:59.6326964Z",
      "updatedTime": "2021-09-26T17:28:59.6326964Z",
      "createdUserId": "28fac8cb-bec7-48c9-a688-5024cf318b8a",
      "updatedUserId": "28fac8cb-bec7-48c9-a688-5024cf318b8a"
    },
    {
      "channelContent": {
        "web": {
          "contentFormat": "Markdown",
          "content": "**Aby przywrócić usunięty kanał**\n\n1.  Przejdź do nazwy zespołu i kliknij pozycję **Więcej opcji (...)**\n2.  Kliknij pozycję **Zarządzaj zespołem**.\n3.  Przejdź do karty **Kanały** i znajdź kanał w sekcji **Usunięte.**\n4.  Kliknij przycisk **Przywróć**. Wszystkie konwersacje, pliki i karty kanału zostaną przywrócone."
        }
      },
      "id": "4c449963-58ce-40b4-b04c-665d85ea626c",
      "createdTime": "2021-10-21T11:42:37.678Z",
      "updatedTime": "2021-10-21T11:42:37.678Z",
      "createdUserId": "user-0",
      "updatedUserId": "user-0"
    }
  ]
}