{
  "intents": [
    {
      "endUserOverrideName": "Ajouter des invités dans une équipe",
      "triggerQueries": [
        "Comment inviter des personnes externes dans une équipe",
        "Est-ce qu'un accès invité peut être désactivé",
        "comment ajouter un invité dans une équipe",
        "inviter des personnes externes à rejoindre une équipe",
        "Ajouter des prestataires à une équipe",
        "Ajouter des personnes externes à une équipe",
        "Comment ajouter des invités",
        "Rajouter des personnes externes",
        "Inviter des partenaires",
        "Rajouter des partenaires externes à une équipe",
        "Je ne peux pas ajouter d'invités",
        "Comment rajouter des invités à mes équipes"
      ],
      "dialogId": "new_topic_4b1b624f302b46eebe15409499f71e5f",
      "isTriggeringEnabled": true,
      "id": "new_topic_4b1b624f302b46eebe15409499f71e5f",
      "displayName": "Comment inviter dans une équipe ?",
      "description": "",
      "createdTime": "2021-01-13T22:20:51.2381463Z",
      "updatedTime": "2021-05-24T23:48:22.9517571Z",
      "createdUserId": "f04d3cd9-b73d-4ba9-a1ed-9319eba29b21",
      "updatedUserId": "a2c4aa2c-d830-41eb-bcf4-467a2c7e1279"
    }
  ],
  "dialogs": [
    {
      "rootNodeId": "de21a7b9-7202-47f3-966a-6ef15b4f9b5c",
      "messageNodes": [
        {
          "botMessageId": "c89763ac-fc1f-4cde-8c7d-9bd55bbbb378",
          "nodeType": "BotMessageNode",
          "id": "3fe5855a-f19c-4399-b956-c38b045f33e8",
          "defaultTargetNodeId": "d32f9ceb-34a8-4248-b579-53532118e6d7"
        },
        {
          "botMessageId": "ea350e19-d57d-4514-aedb-2ed0d412bacc",
          "nodeType": "BotMessageNode",
          "id": "de21a7b9-7202-47f3-966a-6ef15b4f9b5c",
          "defaultTargetNodeId": "34ff7f3c-a349-4810-9ca1-d8e346191992"
        },
        {
          "botMessageId": "543ef491-e651-48df-b58d-84e8314f401a",
          "nodeType": "BotMessageNode",
          "id": "d32f9ceb-34a8-4248-b579-53532118e6d7",
          "defaultTargetNodeId": "d59cc81d-3003-4028-8051-7caf8cd8e460"
        },
        {
          "botMessageId": "e57ac592-6ecf-4646-88fb-37b6b66e0a38",
          "nodeType": "BotMessageNode",
          "id": "34ff7f3c-a349-4810-9ca1-d8e346191992",
          "defaultTargetNodeId": "3fe5855a-f19c-4399-b956-c38b045f33e8"
        }
      ],
      "dialogChangeNodes": [
        {
          "targetDialogId": "new_topic_eac3f49c99664313a9d9dc19d80a79a2_aeabea4d071f415c8c107e1cb7af5424_assumedsuccess",
          "nodeType": "DialogChangeNode",
          "id": "d59cc81d-3003-4028-8051-7caf8cd8e460"
        }
      ],
      "id": "new_topic_4b1b624f302b46eebe15409499f71e5f",
      "displayName": "Dialog for How do guests join a team?",
      "createdTime": "2021-01-13T22:20:51.2381463Z",
      "updatedTime": "2021-04-17T14:25:34.7865906Z",
      "createdUserId": "f04d3cd9-b73d-4ba9-a1ed-9319eba29b21",
      "updatedUserId": "75392dcd-00bb-4588-89e9-c55bcbe40ccb"
    }
  ],
  "botMessages": [
    {
      "channelContent": {
        "web": {
          "contentFormat": "Markdown",
          "content": "[**Ajouter un invité dans une équipe**](https://support.microsoft.com/fr-fr/office/add-guests-to-a-team-in-teams-fccb4fa6-f864-4508-bdde-256e7384a14f?ui=en-US&rs=en-US&ad=US)\n\n1.  Ouvrir la liste des équipes et identifier l'équipe où vous souhaitez rajouter un invité.\n2.  Choisir **Autres options** (...)\n3.  Cliquer sur **Ajouter un membre**\n4.  Entrer l'adresse e-mail de la personne à inviter et cliquer sur **Ajouter comme invité**.\n5.  Vous pouvez cliquer sur l'icône en forme de crayon pour changer le nom d'affichage de l'invité **avant** de cliquer sur **Ajouter**."
        }
      },
      "id": "c89763ac-fc1f-4cde-8c7d-9bd55bbbb378",
      "createdTime": "2021-01-13T22:20:51.2381463Z",
      "updatedTime": "2021-01-13T22:20:51.2381463Z",
      "createdUserId": "f04d3cd9-b73d-4ba9-a1ed-9319eba29b21",
      "updatedUserId": "f04d3cd9-b73d-4ba9-a1ed-9319eba29b21"
    },
    {
      "channelContent": {
        "web": {
          "contentFormat": "Markdown",
          "content": "**Si vous êtes le propriétaire d'une équipe,** vous pouvez inviter des personnes externes dans votre équipe."
        }
      },
      "id": "ea350e19-d57d-4514-aedb-2ed0d412bacc",
      "createdTime": "2021-01-27T09:37:57.429Z",
      "updatedTime": "2021-01-27T09:37:57.429Z",
      "createdUserId": "user-0",
      "updatedUserId": "user-0"
    },
    {
      "channelContent": {
        "web": {
          "contentFormat": "Markdown",
          "content": "Voici plus d'informations sur [ce que les invités peuvent faire](https://support.microsoft.com/fr-fr/office/team-owner-member-and-guest-capabilities-in-teams-d03fdf5b-1a6e-48e4-8e07-b13e1350ec7b) et [les paramètres que vous pouvez changer sur les invités](https://support.microsoft.com/fr-fr/office/set-guest-permissions-for-channels-in-teams-4756c468-2746-4bfd-a582-736d55fcc169)."
        }
      },
      "id": "543ef491-e651-48df-b58d-84e8314f401a",
      "createdTime": "2021-01-27T09:38:09.761Z",
      "updatedTime": "2021-01-27T09:38:09.761Z",
      "createdUserId": "user-0",
      "updatedUserId": "user-0"
    },
    {
      "channelContent": {
        "web": {
          "contentFormat": "Markdown",
          "content": "_**Note :** Il est possible que cela ait été désactivé par votre entreprise._"
        }
      },
      "id": "e57ac592-6ecf-4646-88fb-37b6b66e0a38",
      "createdTime": "2021-01-27T09:41:20.764Z",
      "updatedTime": "2021-01-27T09:41:20.764Z",
      "createdUserId": "user-0",
      "updatedUserId": "user-0"
    }
  ],
  "createdUtc": "0001-01-01T00:00:00Z"
}