{
  "intents": [
    {
      "endUserOverrideName": "Co to są wydarzenia na żywo?",
      "triggerQueries": [
        "Co to są wydarzenia na żywo?",
        "Czy można przesyłać strumieniowo spotkanie w Teams?",
        "Co to jest wydarzenie na żywo w Teams?",
        "Wydarzenia na żywo dla Teams",
        "Czy mogę transmitować spotkanie w Teams?",
        "Czym są Zdarzenia na żywo?"
      ],
      "dialogId": "new_topic_b390e9059629492ab32579ba3a27e6d0",
      "isTriggeringEnabled": true,
      "id": "new_topic_b390e9059629492ab32579ba3a27e6d0",
      "displayName": "Czym są Zdarzenia na żywo?",
      "description": "",
      "createdTime": "2021-09-27T10:25:50.6073889Z",
      "updatedTime": "2021-09-27T13:44:44.1070529Z",
      "createdUserId": "28fac8cb-bec7-48c9-a688-5024cf318b8a",
      "updatedUserId": "28fac8cb-bec7-48c9-a688-5024cf318b8a"
    }
  ],
  "dialogs": [
    {
      "rootNodeId": "2400ca44-09d8-4b44-a88d-8bf5d3df47d6",
      "messageNodes": [
        {
          "botMessageId": "73f01129-d28b-4807-8524-0c54ebd93a84",
          "nodeType": "BotMessageNode",
          "id": "2400ca44-09d8-4b44-a88d-8bf5d3df47d6",
          "defaultTargetNodeId": "8acd0080-69d7-431a-8ec8-de0cd625ae6b"
        }
      ],
      "dialogChangeNodes": [
        {
          "targetDialogId": "new_topic_d4ee79ce05584b519ee7d416fda7e2a3_aeabea4d071f415c8c107e1cb7af5424_assumedsuccess",
          "nodeType": "DialogChangeNode",
          "id": "8acd0080-69d7-431a-8ec8-de0cd625ae6b"
        }
      ],
      "id": "new_topic_b390e9059629492ab32579ba3a27e6d0",
      "displayName": "Dialog for Czym są Zdarzenia na żywo?",
      "createdTime": "2021-09-27T10:25:50.6073889Z",
      "updatedTime": "2021-09-27T10:26:14.0707297Z",
      "createdUserId": "28fac8cb-bec7-48c9-a688-5024cf318b8a",
      "updatedUserId": "28fac8cb-bec7-48c9-a688-5024cf318b8a"
    }
  ],
  "botMessages": [
    {
      "channelContent": {
        "web": {
          "contentFormat": "Markdown",
          "content": "Dzięki Zdarzeniom na żywo (Teams Live Events) użytkownicy w organizacji mogą emitować wideo i treści spotkań do dużych grup. Zobacz artykuł [Czym są wydarzenia na żywo w usłudze Microsoft Teams](https://docs.microsoft.com/en-us/microsoftteams/teams-live-events/what-are-teams-live-events)."
        }
      },
      "id": "73f01129-d28b-4807-8524-0c54ebd93a84",
      "createdTime": "2021-09-27T10:25:50.6073889Z",
      "updatedTime": "2021-09-27T10:25:50.6073889Z",
      "createdUserId": "28fac8cb-bec7-48c9-a688-5024cf318b8a",
      "updatedUserId": "28fac8cb-bec7-48c9-a688-5024cf318b8a"
    }
  ],
  "createdUtc": "0001-01-01T00:00:00Z"
}