{
  "intents": [
    {
      "endUserOverrideName": "Hvordan formatere innlegg",
      "triggerQueries": [
        "ATP koblinger",
        "dele url i en melding",
        "skrift med kobling i",
        "skrift med lenke",
        "Putte inn en URL i en melding",
        "Legge til en lenke i en melding",
        "Sett inn en kobling",
        "lage lengre tekster med flere avsnitt",
        "hvordan bruker man tekstboksen?",
        "skrive en lang melding",
        "Skrive lengre meldinger",
        "Nytt avsnitt i tekstboksen",
        "Hvordan begynner jeg med et nytt avsnitt i tekstboksen?",
        "font tekst",
        "farget tekst",
        "kursiv tekst",
        "tykk skrift",
        "kule tekster",
        "skrive pene tekster",
        "Formater innlegget",
        "Hvordan gjør jeg tekst og innlegg penere og mer lesevennlig?"
      ],
      "dialogId": "new_topic_fc2f7e3d53c34cf484e22a4fa05af581",
      "isTriggeringEnabled": true,
      "id": "new_topic_fc2f7e3d53c34cf484e22a4fa05af581",
      "displayName": "Hvordan gjør jeg tekst og innlegg penere og mer leservennlig?",
      "description": "",
      "createdTime": "2021-04-12T15:04:27.2662467Z",
      "updatedTime": "2021-04-22T13:12:01.4794362Z",
      "createdUserId": "ef0c8b9a-eff1-49f8-92fa-fd1d3e15e1ba",
      "updatedUserId": "ef0c8b9a-eff1-49f8-92fa-fd1d3e15e1ba"
    }
  ],
  "dialogs": [
    {
      "rootNodeId": "da4fbe8c-bd54-494c-8a13-d8095cef072b",
      "messageNodes": [
        {
          "botMessageId": "a9565fe3-2ff2-46fd-a1ac-1b22f982a904",
          "nodeType": "BotMessageNode",
          "id": "da4fbe8c-bd54-494c-8a13-d8095cef072b",
          "defaultTargetNodeId": "cb0fb464-2837-484a-9067-c68303f8a380"
        },
        {
          "botMessageId": "32dcb90f-3af6-49ac-88b9-a86bda3af541",
          "nodeType": "BotMessageNode",
          "id": "cb0fb464-2837-484a-9067-c68303f8a380",
          "defaultTargetNodeId": "bb46241d-ba81-42c2-9c70-afc8e7983a66"
        },
        {
          "botMessageId": "41d92b2a-b5e1-4cb4-bfa6-3e645bfd709c",
          "nodeType": "BotMessageNode",
          "id": "95a4bdf6-9a3f-4e35-84ef-6d33f9eb7cac",
          "defaultTargetNodeId": "c4a1bb7b-817c-46e7-bd27-ec505ad181a6"
        },
        {
          "botMessageId": "d1123e8a-72e6-4ace-b5ca-e22b4d8e9477",
          "nodeType": "BotMessageNode",
          "id": "bb46241d-ba81-42c2-9c70-afc8e7983a66",
          "defaultTargetNodeId": "30d33763-e7cb-41f9-9cb8-e9d753b804bc"
        },
        {
          "botMessageId": "fc03697f-bcf6-4c7a-96c9-705979383f37",
          "nodeType": "BotMessageNode",
          "id": "30d33763-e7cb-41f9-9cb8-e9d753b804bc",
          "defaultTargetNodeId": "95a4bdf6-9a3f-4e35-84ef-6d33f9eb7cac"
        }
      ],
      "dialogChangeNodes": [
        {
          "targetDialogId": "new_topic_89c49d37fd4c4c1c9144396960733ce1_aeabea4d071f415c8c107e1cb7af5424_assumedsuccess",
          "nodeType": "DialogChangeNode",
          "id": "c4a1bb7b-817c-46e7-bd27-ec505ad181a6"
        }
      ],
      "id": "new_topic_fc2f7e3d53c34cf484e22a4fa05af581",
      "displayName": "Dialog for Hvordan gjør jeg tekst og innlegg penere og mer lesevennlig?",
      "createdTime": "2021-04-12T15:04:27.2662467Z",
      "updatedTime": "2021-04-22T13:10:31.6231851Z",
      "createdUserId": "ef0c8b9a-eff1-49f8-92fa-fd1d3e15e1ba",
      "updatedUserId": "ef0c8b9a-eff1-49f8-92fa-fd1d3e15e1ba"
    }
  ],
  "botMessages": [
    {
      "channelContent": {
        "web": {
          "contentFormat": "Markdown",
          "content": "Det er mulig å [formatere teksten man skriver i meldinger i Teams](https://support.microsoft.com/nb-no/office/formatere-en-melding-i-teams-9f7c64e4-0316-472f-b1e8-430cebcfc1e5).\n\nHvis du vil åpne formateringsalternativene, velger du **Formater-knappen** (ser ut som en A med en penn) under boksen der du skriver inn meldingen."
        }
      },
      "id": "a9565fe3-2ff2-46fd-a1ac-1b22f982a904",
      "createdTime": "2021-04-12T15:04:27.2662467Z",
      "updatedTime": "2021-04-12T15:04:27.2662467Z",
      "createdUserId": "ef0c8b9a-eff1-49f8-92fa-fd1d3e15e1ba",
      "updatedUserId": "ef0c8b9a-eff1-49f8-92fa-fd1d3e15e1ba"
    },
    {
      "channelContent": {
        "web": {
          "contentFormat": "Markdown",
          "content": "Da kan du blant annet bruke farger og bokstaver i forskjellige størrelser i både **fet** og _kursiv_ tekst."
        }
      },
      "id": "32dcb90f-3af6-49ac-88b9-a86bda3af541",
      "createdTime": "2021-04-12T15:04:41.602Z",
      "updatedTime": "2021-04-12T15:04:41.602Z",
      "createdUserId": "user-0",
      "updatedUserId": "user-0"
    },
    {
      "channelContent": {
        "web": {
          "contentFormat": "Markdown",
          "content": "Du kan også legge til bilder, emojier, animerte GIF-er og klistremerker for å gjøre innholdet morsommere å lese!"
        }
      },
      "id": "41d92b2a-b5e1-4cb4-bfa6-3e645bfd709c",
      "createdTime": "2021-04-12T15:04:47.953Z",
      "updatedTime": "2021-04-12T15:04:47.953Z",
      "createdUserId": "user-0",
      "updatedUserId": "user-0"
    },
    {
      "channelContent": {
        "web": {
          "contentFormat": "Markdown",
          "content": "**Slik starter du et nytt avsnitt i en melding:**\n\ntrykker du på **Shift + Enter** for å sette inn linjeskift, da er du ferdig.\n\nDersom du har allerede trykket på **Formater** for å få opp formateringsalternativene, kan du trykke **Enter** for å starte en ny linje med tekst."
        }
      },
      "id": "d1123e8a-72e6-4ace-b5ca-e22b4d8e9477",
      "createdTime": "2021-04-22T12:58:38.097Z",
      "updatedTime": "2021-04-22T12:58:38.097Z",
      "createdUserId": "user-0",
      "updatedUserId": "user-0"
    },
    {
      "channelContent": {
        "web": {
          "contentFormat": "Markdown",
          "content": "**For å legge til en kobling/lenke:**\n\n1.  Velg **Format** under tekstboksen og velg deretter **Sett inn kobling**.\n2.  Legg til visningstekst og adressen, og klikk deretter på **Sett inn**, eller ganske enkelt kopier og lim inn koblingen i tekstboksen, og velg **Send**.\n3.  **Obs!:** Teams har sine egne [ATP-sikre koblinger](https://docs.microsoft.com/en-us/office365/securitycompliance/atp-safe-links) for å bekrefte at eventuelle koblinger du sender eller mottar, er trygge å klikke på. Som et ekstra lag av beskyttelse, vil vi gi deg beskjed hvis vi har identifisert en potensielt usikker kobling."
        }
      },
      "id": "fc03697f-bcf6-4c7a-96c9-705979383f37",
      "createdTime": "2021-04-22T13:03:30.124Z",
      "updatedTime": "2021-04-22T13:03:30.124Z",
      "createdUserId": "user-0",
      "updatedUserId": "user-0"
    }
  ],
  "createdUtc": "0001-01-01T00:00:00Z"
}