{
  "intents": [
    {
      "triggerQueries": [
        "Jak zmienić powiadomienia w Teams?",
        "Jak zmienić powiadomienia",
        "Zmienić powiadomienia teams?",
        "Jak mogę zmienić powiadomienia?",
        "Jak skonfigurować powiadomienia w aplikacji Teams?",
        "Dostosowywanie powiadomień w aplikacji Teams",
        "dostosowywanie powiadomień",
        "obsługa ustawień dla moich alertów",
        "obsługa powiadomień mojego zespołu",
        "Jak zmienić ustawienia powiadomień zespołu?"
      ],
      "dialogId": "new_topic_1d224ac0d12e44d7bd8f60ad54e5fa6f",
      "isTriggeringEnabled": true,
      "id": "new_topic_1d224ac0d12e44d7bd8f60ad54e5fa6f",
      "displayName": "Jak zmienić ustawienia powiadomień zespołu?",
      "description": "",
      "createdTime": "2021-09-27T05:44:13.0907024Z",
      "updatedTime": "2021-10-15T12:54:33.2070088Z",
      "createdUserId": "28fac8cb-bec7-48c9-a688-5024cf318b8a",
      "updatedUserId": "28fac8cb-bec7-48c9-a688-5024cf318b8a"
    }
  ],
  "dialogs": [
    {
      "rootNodeId": "362ab568-1358-4ef0-ae84-90782b3a664c",
      "messageNodes": [
        {
          "botMessageId": "bce3c617-0cb4-4666-9756-1407dac08674",
          "nodeType": "BotMessageNode",
          "id": "362ab568-1358-4ef0-ae84-90782b3a664c",
          "defaultTargetNodeId": "8ebddc00-c45d-411a-b58c-a53ea6074992"
        },
        {
          "botMessageId": "e4700c34-9fdd-4b32-a3f2-f091e8acc191",
          "nodeType": "BotMessageNode",
          "id": "8ebddc00-c45d-411a-b58c-a53ea6074992",
          "defaultTargetNodeId": "64e67dd7-a6b3-4ec6-986a-72a9af101860"
        },
        {
          "botMessageId": "396e01c8-b0e6-4351-83a5-1fe08300c4dc",
          "nodeType": "BotMessageNode",
          "id": "64e67dd7-a6b3-4ec6-986a-72a9af101860",
          "defaultTargetNodeId": "1bdbf398-cc54-4ced-88a3-b2c8cbe94068"
        },
        {
          "botMessageId": "b1561c7d-ed80-4e97-a26d-91500da5a528",
          "nodeType": "BotMessageNode",
          "id": "1bdbf398-cc54-4ced-88a3-b2c8cbe94068",
          "defaultTargetNodeId": "c108da04-215a-4be2-bd41-cbb2b2f0033a"
        }
      ],
      "dialogChangeNodes": [
        {
          "targetDialogId": "new_topic_d4ee79ce05584b519ee7d416fda7e2a3_aeabea4d071f415c8c107e1cb7af5424_assumedsuccess",
          "nodeType": "DialogChangeNode",
          "id": "c108da04-215a-4be2-bd41-cbb2b2f0033a"
        }
      ],
      "id": "new_topic_1d224ac0d12e44d7bd8f60ad54e5fa6f",
      "displayName": "Dialog for Jak zmienić ustawienia powiadomień zespołu?",
      "createdTime": "2021-09-27T05:44:13.0907024Z",
      "updatedTime": "2021-10-15T12:58:24.2780334Z",
      "createdUserId": "28fac8cb-bec7-48c9-a688-5024cf318b8a",
      "updatedUserId": "28fac8cb-bec7-48c9-a688-5024cf318b8a"
    }
  ],
  "botMessages": [
    {
      "channelContent": {
        "web": {
          "contentFormat": "Markdown",
          "content": "Usługa Microsoft Teams oferuje różne sposoby uzyskiwania dostępu do powiadomień, odbierania i zarządzania nimi.\n\nZobacz więcej informacji o [zarządzaniu powiadomieniami w Teams](https://support.microsoft.com/pl-pl/office/zarz%C4%85dzanie-powiadomieniami-w-aplikacji-teams-1cc31834-5fe5-412b-8edb-43fecc78413d)."
        }
      },
      "id": "bce3c617-0cb4-4666-9756-1407dac08674",
      "createdTime": "2021-09-27T05:44:13.0907024Z",
      "updatedTime": "2021-09-27T05:44:13.0907024Z",
      "createdUserId": "28fac8cb-bec7-48c9-a688-5024cf318b8a",
      "updatedUserId": "28fac8cb-bec7-48c9-a688-5024cf318b8a"
    },
    {
      "channelContent": {
        "web": {
          "contentFormat": "Markdown",
          "content": "Te ustawienia obejmują sposób, kiedy i gdzie pojawiają się powiadomienia, niestandardowe ustawienia kanałów i czatu, wygląd i dźwięki, wyłączanie określonych wiadomości itd."
        }
      },
      "id": "e4700c34-9fdd-4b32-a3f2-f091e8acc191",
      "createdTime": "2021-10-15T12:55:48.36Z",
      "updatedTime": "2021-10-15T12:55:48.36Z",
      "createdUserId": "user-0",
      "updatedUserId": "user-0"
    },
    {
      "channelContent": {
        "web": {
          "contentFormat": "Markdown",
          "content": "Aby zarządzać powiadomieniami, wybierz swoje zdjęcie profilowe w prawym górnym rogu aplikacjiTeams. Następnie wybierz Ustawienia > Powiadomienia."
        }
      },
      "id": "396e01c8-b0e6-4351-83a5-1fe08300c4dc",
      "createdTime": "2021-10-15T12:56:15.129Z",
      "updatedTime": "2021-10-15T12:56:15.129Z",
      "createdUserId": "user-0",
      "updatedUserId": "user-0"
    },
    {
      "channelContent": {
        "web": {
          "contentFormat": "Markdown",
          "content": "💡 **Wskazówka:** [Wszystko co trzeba wiedzieć o powiadomieniach w Teams](https://support.microsoft.com/pl-pl/office/pierwsze-co-nale%C5%BCy-wiedzie%C4%87-o-powiadomieniach-abb62c60-3d15-4968-b86a-42fea9c22cf4)"
        }
      },
      "id": "b1561c7d-ed80-4e97-a26d-91500da5a528",
      "createdTime": "2021-10-15T12:56:31.827Z",
      "updatedTime": "2021-10-15T12:56:31.827Z",
      "createdUserId": "user-0",
      "updatedUserId": "user-0"
    }
  ]
}