{
  "intents": [
    {
      "endUserOverrideName": "Wat is Microsoft 365?",
      "triggerQueries": [
        "wat kan office365",
        "wat is office365",
        "M365",
        "Wat kan Microsoft 365",
        "Wat is Microsoft 365?"
      ],
      "dialogId": "new_topic_05e86f7c772d4570bd3e29b205426a4f",
      "isTriggeringEnabled": true,
      "id": "new_topic_05e86f7c772d4570bd3e29b205426a4f",
      "displayName": "Wat is Microsoft 365?",
      "description": "",
      "createdTime": "2021-03-22T08:48:02.9516593Z",
      "updatedTime": "2021-03-29T21:50:42.4067279Z",
      "createdUserId": "c1e90dc0-1df0-459d-8164-0dcb7915deaf",
      "updatedUserId": "c1e90dc0-1df0-459d-8164-0dcb7915deaf"
    }
  ],
  "dialogs": [
    {
      "rootNodeId": "a7c17b99-9c95-4a46-a240-649f98dd7b8b",
      "messageNodes": [
        {
          "botMessageId": "0b491954-6e25-48bb-ae3a-b938e2e02119",
          "nodeType": "BotMessageNode",
          "id": "a7c17b99-9c95-4a46-a240-649f98dd7b8b",
          "defaultTargetNodeId": "1b5113f7-32bd-42ff-aa94-cf846e7d8cf6"
        }
      ],
      "dialogChangeNodes": [
        {
          "targetDialogId": "new_topic_9d295c394a47419da3b4d205b7ed4c20_aeabea4d071f415c8c107e1cb7af5424_assumedsuccess",
          "nodeType": "DialogChangeNode",
          "id": "1b5113f7-32bd-42ff-aa94-cf846e7d8cf6"
        }
      ],
      "id": "new_topic_05e86f7c772d4570bd3e29b205426a4f",
      "displayName": "Dialog for Wat is Microsoft 365?",
      "createdTime": "2021-03-22T08:48:02.9516593Z",
      "updatedTime": "2021-03-22T08:48:33.4630558Z",
      "createdUserId": "c1e90dc0-1df0-459d-8164-0dcb7915deaf",
      "updatedUserId": "c1e90dc0-1df0-459d-8164-0dcb7915deaf"
    }
  ],
  "botMessages": [
    {
      "channelContent": {
        "web": {
          "contentFormat": "Markdown",
          "content": "Microsoft 365 is de universele toolkit voor samenwerking. [Lees hier meer!](https://www.microsoft.com/nl-nl/microsoft-365)"
        }
      },
      "id": "0b491954-6e25-48bb-ae3a-b938e2e02119",
      "createdTime": "2021-03-22T08:48:02.9516593Z",
      "updatedTime": "2021-03-22T08:48:02.9516593Z",
      "createdUserId": "c1e90dc0-1df0-459d-8164-0dcb7915deaf",
      "updatedUserId": "c1e90dc0-1df0-459d-8164-0dcb7915deaf"
    }
  ],
  "createdUtc": "0001-01-01T00:00:00Z"
}