{
  "intents": [
    {
      "endUserOverrideName": "Applications dans Teams",
      "triggerQueries": [
        "Utiliser des applications dans Teams",
        "Qu’est-ce que les applications dans Teams?",
        "Je veux en savoir plus sur les applications dans Teams",
        "Comment fonctionnent les applications dans Teams?",
        "Applications dans Teams, comment cela fonctionne-t-il ?",
        "Pourquoi utiliser des applications dans Teams?",
        "Applications dans Teams",
        "App Store dans Teams",
        "Utiliser des applications dans Microsoft Teams",
        "Qu’est-ce que les applications dans Teams et pourquoi devrais-je les utiliser?"
      ],
      "dialogId": "new_topic_46574b3ccc844b83a13f3beffe1001d8",
      "isTriggeringEnabled": true,
      "id": "new_topic_46574b3ccc844b83a13f3beffe1001d8",
      "displayName": "Qu’est-ce que les applications dans Teams et pourquoi devrais-je les utiliser?",
      "description": "",
      "createdTime": "2021-01-13T22:20:51.2371466Z",
      "updatedTime": "2021-05-24T21:06:31.1679336Z",
      "createdUserId": "f04d3cd9-b73d-4ba9-a1ed-9319eba29b21",
      "updatedUserId": "a2c4aa2c-d830-41eb-bcf4-467a2c7e1279"
    }
  ],
  "dialogs": [
    {
      "rootNodeId": "ce6f0edd-7401-4152-940c-17c1f01d137f",
      "messageNodes": [
        {
          "botMessageId": "7674dced-4d2d-437c-a1b4-b05373578fc8",
          "nodeType": "BotMessageNode",
          "id": "ce6f0edd-7401-4152-940c-17c1f01d137f",
          "defaultTargetNodeId": "d9fd96aa-6018-4212-8d8d-727198c5d69c"
        },
        {
          "botMessageId": "0e2a5842-63d4-4b2d-a3e7-e104dda19963",
          "nodeType": "BotMessageNode",
          "id": "d9fd96aa-6018-4212-8d8d-727198c5d69c",
          "defaultTargetNodeId": "77a601ac-12d8-4c24-90e4-01b46bbdcb3c"
        },
        {
          "botMessageId": "e6ff63a9-d20e-40f2-a6d3-49c9182d2ca1",
          "nodeType": "BotMessageNode",
          "id": "77a601ac-12d8-4c24-90e4-01b46bbdcb3c",
          "defaultTargetNodeId": "a1e37692-c2b1-4378-aa62-83ad49df479c"
        },
        {
          "botMessageId": "dab72444-0586-40a2-a39d-b4d12f95f142",
          "nodeType": "BotMessageNode",
          "id": "a1e37692-c2b1-4378-aa62-83ad49df479c",
          "defaultTargetNodeId": "05144ca5-4166-4cca-ba05-46f84aa93837"
        },
        {
          "botMessageId": "145bde98-9cea-4ba8-a780-69fa55d93c60",
          "nodeType": "BotMessageNode",
          "id": "05144ca5-4166-4cca-ba05-46f84aa93837",
          "defaultTargetNodeId": "9a022a39-d6db-4064-bc94-bbce9aa98c2b"
        },
        {
          "botMessageId": "c245d081-e791-4639-8d6f-ed3ba0485091",
          "nodeType": "BotMessageNode",
          "id": "9a022a39-d6db-4064-bc94-bbce9aa98c2b",
          "defaultTargetNodeId": "2bec5c3f-5fd6-4327-934e-09c0f74c282e"
        },
        {
          "botMessageId": "d96c4c29-2544-4ae4-ace9-610c036596af",
          "nodeType": "BotMessageNode",
          "id": "2bec5c3f-5fd6-4327-934e-09c0f74c282e",
          "defaultTargetNodeId": "ccdc4a70-9350-4697-9edf-d22aaee5d203"
        }
      ],
      "dialogChangeNodes": [
        {
          "targetDialogId": "new_topic_eac3f49c99664313a9d9dc19d80a79a2_aeabea4d071f415c8c107e1cb7af5424_assumedsuccess",
          "nodeType": "DialogChangeNode",
          "id": "ccdc4a70-9350-4697-9edf-d22aaee5d203"
        }
      ],
      "id": "new_topic_46574b3ccc844b83a13f3beffe1001d8",
      "displayName": "Dialog for What are apps in Teams and why should I use them?",
      "createdTime": "2021-01-13T22:20:51.2371466Z",
      "updatedTime": "2021-05-24T21:07:34.4709294Z",
      "createdUserId": "f04d3cd9-b73d-4ba9-a1ed-9319eba29b21",
      "updatedUserId": "a2c4aa2c-d830-41eb-bcf4-467a2c7e1279"
    }
  ],
  "botMessages": [
    {
      "channelContent": {
        "web": {
          "contentFormat": "Markdown",
          "content": "Les applications vous aident à accéder au contenu provenant de vos services préférés et à le partager directement dans Teams. Voici comment :"
        }
      },
      "id": "7674dced-4d2d-437c-a1b4-b05373578fc8",
      "createdTime": "2021-01-13T22:20:51.2371466Z",
      "updatedTime": "2021-01-13T22:20:51.2371466Z",
      "createdUserId": "f04d3cd9-b73d-4ba9-a1ed-9319eba29b21",
      "updatedUserId": "f04d3cd9-b73d-4ba9-a1ed-9319eba29b21"
    },
    {
      "channelContent": {
        "web": {
          "contentFormat": "Markdown",
          "content": "**Discuter avec un bot**\n\nLes bots fournissent des réponses, des mises à jour et de l’aide dans un canal. Vous pouvez discuter avec eux pour obtenir de l’aide pour la gestion des tâches, la planification, et plus encore."
        }
      },
      "id": "0e2a5842-63d4-4b2d-a3e7-e104dda19963",
      "createdTime": "2021-01-27T18:05:13.905Z",
      "updatedTime": "2021-01-27T18:05:13.905Z",
      "createdUserId": "user-0",
      "updatedUserId": "user-0"
    },
    {
      "channelContent": {
        "web": {
          "contentFormat": "Markdown",
          "content": "**Partager du contenu dans un onglet**\n\nLes onglets vous aident à partager le contenu et les fonctionnalités d’un service dans un canal. Vous pouvez par exemple connecter des services comme Excel, SharePoint, Zendesk ou un site Web de votre choix."
        }
      },
      "id": "e6ff63a9-d20e-40f2-a6d3-49c9182d2ca1",
      "createdTime": "2021-01-27T18:05:32.783Z",
      "updatedTime": "2021-01-27T18:05:32.783Z",
      "createdUserId": "user-0",
      "updatedUserId": "user-0"
    },
    {
      "channelContent": {
        "web": {
          "contentFormat": "Markdown",
          "content": "**Obtenir des mises à jour à partir d’un connecteur**\n\nLes connecteurs envoient des mises à jour et des informations directement à un canal. Vous pouvez obtenir des mises à jour automatiques à partir de services comme Twitter, les flux RSS et GitHub."
        }
      },
      "id": "dab72444-0586-40a2-a39d-b4d12f95f142",
      "createdTime": "2021-01-27T18:05:34.95Z",
      "updatedTime": "2021-01-27T18:05:34.95Z",
      "createdUserId": "user-0",
      "updatedUserId": "user-0"
    },
    {
      "channelContent": {
        "web": {
          "contentFormat": "Markdown",
          "content": "**Ajouter du contenu enrichi à vos messages**\n\nCes applications trouvent du contenu provenant de différents services et l’envoient directement dans un message. Vous pouvez ainsi partager des choses comme par exemple les bulletins météorologiques, les nouvelles quotidiennes, les images ou les vidéos, avec les personnes à qui vous parlez."
        }
      },
      "id": "145bde98-9cea-4ba8-a780-69fa55d93c60",
      "createdTime": "2021-01-27T18:05:37.167Z",
      "updatedTime": "2021-01-27T18:05:37.167Z",
      "createdUserId": "user-0",
      "updatedUserId": "user-0"
    },
    {
      "channelContent": {
        "web": {
          "contentFormat": "Markdown",
          "content": "**Obtenir ou créer une application**\n\nRendez-vous sur le Store pour [ajouter un bot, un onglet, un connecteur ou une application de messagerie à Teams](https://support.microsoft.com/fr-fr/office/ajouter-une-application-%c3%a0-microsoft-teams-b2217706-f7ed-4e64-8e96-c413afd02f77?ui=fr-FR&rs=fr-FR&ad=FR). Si vous êtes intéressés, vous pouvez même [créer votre propre application personnalisée.](https://docs.microsoft.com/fr-fr/microsoftteams/platform/)"
        }
      },
      "id": "c245d081-e791-4639-8d6f-ed3ba0485091",
      "createdTime": "2021-01-27T18:06:15.179Z",
      "updatedTime": "2021-01-27T18:06:15.179Z",
      "createdUserId": "user-0",
      "updatedUserId": "user-0"
    },
    {
      "channelContent": {
        "web": {
          "contentFormat": "Markdown",
          "content": "_Ceci est une longue réponse._\n\n_Vous devrez peut-être faire défiler vers le haut._ 🔼"
        }
      },
      "id": "d96c4c29-2544-4ae4-ace9-610c036596af",
      "createdTime": "2021-01-27T18:06:17.286Z",
      "updatedTime": "2021-01-27T18:06:17.286Z",
      "createdUserId": "user-0",
      "updatedUserId": "user-0"
    }
  ]
}