{
  "intents": [
    {
      "endUserOverrideName": "Créer un canal dans une équipe",
      "triggerQueries": [
        "Ajouter un canal dans une équipe",
        "créer des canaux",
        "ajouter des canaux dans mon équipe",
        "créer des canaux d'équipe",
        "qui peut créer des canaux dans une équipe?",
        "Créer des canaux dans une équipe",
        "Comment empêcher les membres d'ajouter des canaux?",
        "Est-ce que tout le monde peut ajouter des canaux dans une équipe?",
        "Ajouter un canal dans une équipe Teams",
        "Créer un nouveau canal dans mon équipe",
        "Créer de nouveaux canaux",
        "Comment créer un nouveau canal dans une équipe?",
        "Créer un canal dans une équipe"
      ],
      "dialogId": "new_topic_cf7befc2beae4eb6ace73987844ca1d1",
      "isTriggeringEnabled": true,
      "id": "new_topic_cf7befc2beae4eb6ace73987844ca1d1",
      "displayName": "Comment créer un canal dans une équipe?",
      "description": "",
      "createdTime": "2021-01-27T17:17:56.2994684Z",
      "updatedTime": "2021-05-24T23:30:07.1615648Z",
      "createdUserId": "f04d3cd9-b73d-4ba9-a1ed-9319eba29b21",
      "updatedUserId": "a2c4aa2c-d830-41eb-bcf4-467a2c7e1279"
    }
  ],
  "dialogs": [
    {
      "rootNodeId": "1964eead-fd8e-45d1-ab7c-113ab1fb18b7",
      "messageNodes": [
        {
          "botMessageId": "ce1e06af-3a8a-4fcd-904e-c50c76ed3fea",
          "nodeType": "BotMessageNode",
          "id": "1964eead-fd8e-45d1-ab7c-113ab1fb18b7",
          "defaultTargetNodeId": "9ecac3f8-b0ed-4d50-967a-4c8ddba4dfae"
        },
        {
          "botMessageId": "79e12745-3d08-4a22-b001-bc387b13506b",
          "nodeType": "BotMessageNode",
          "id": "9d8fb538-9549-4f1c-80ed-0924f7d80ed8"
        },
        {
          "botMessageId": "872f945c-d6f2-40bf-ad2a-cf25d9f8ce4d",
          "nodeType": "BotMessageNode",
          "id": "9ecac3f8-b0ed-4d50-967a-4c8ddba4dfae",
          "defaultTargetNodeId": "9d8fb538-9549-4f1c-80ed-0924f7d80ed8"
        }
      ],
      "id": "new_topic_cf7befc2beae4eb6ace73987844ca1d1",
      "displayName": "Dialog for How do I create a channel in a team?",
      "createdTime": "2021-01-27T17:17:56.2994684Z",
      "updatedTime": "2021-05-24T09:48:54.2448627Z",
      "createdUserId": "f04d3cd9-b73d-4ba9-a1ed-9319eba29b21",
      "updatedUserId": "a2c4aa2c-d830-41eb-bcf4-467a2c7e1279"
    }
  ],
  "botMessages": [
    {
      "channelContent": {
        "web": {
          "contentFormat": "Markdown",
          "content": "Par défaut tous les membres d'une équipe peuvent créer des canaux. Au niveau du nom de l'équipe cliquer sur **Plus d'options** (…) > **Ajouter un canal.**"
        }
      },
      "id": "ce1e06af-3a8a-4fcd-904e-c50c76ed3fea",
      "createdTime": "2021-01-27T17:17:56.2994684Z",
      "updatedTime": "2021-01-27T17:17:56.2994684Z",
      "createdUserId": "f04d3cd9-b73d-4ba9-a1ed-9319eba29b21",
      "updatedUserId": "f04d3cd9-b73d-4ba9-a1ed-9319eba29b21"
    },
    {
      "channelContent": {
        "web": {
          "contentFormat": "Markdown",
          "content": "💡 **Conseil:** _N’ajoutez des canaux que lorsqu’il y a un but ou un besoin clair. Trop de canaux peuvent apporter de la confusion. Le canal « Général » convient pour de nombreuses équipes._"
        }
      },
      "id": "79e12745-3d08-4a22-b001-bc387b13506b",
      "createdTime": "2021-01-27T17:18:38.66Z",
      "updatedTime": "2021-01-27T17:18:38.66Z",
      "createdUserId": "user-0",
      "updatedUserId": "user-0"
    },
    {
      "channelContent": {
        "web": {
          "contentFormat": "Markdown",
          "content": "*   Une canal standard est ouvert à tous les membres et tout ce qui y est posté est accessible pour les autres.\n*   En tant que **propriétaire de l'équipe**, vous pouvez activer ou désactiver la possibilité de créer des canaux par les membres.  \n    Pour voir cette option, rendez vous dans les **Paramètres** de votre équipe.\n\nPour en savoir plus sur la [création des canaux dans Teams](https://support.microsoft.com/fr-fr/office/cr%c3%a9er-un-canal-dans-teams-fda0b75e-5b90-4fb8-8857-7e102b014525?ui=fr-FR&rs=fr-FR&ad=FR)"
        }
      },
      "id": "872f945c-d6f2-40bf-ad2a-cf25d9f8ce4d",
      "createdTime": "2021-01-27T17:20:13.898Z",
      "updatedTime": "2021-01-27T17:20:13.898Z",
      "createdUserId": "user-0",
      "updatedUserId": "user-0"
    }
  ]
}