{
  "intents": [
    {
      "triggerQueries": [
        "Team 팀 관리자 소유자 역할",
        "Team 팀 소유자 어떻게 되나 되는 방법",
        "Team 팀 소유자 수행 일",
        "누가 Team 팀 소유자",
        "Team 팀 소유자 무엇 의미",
        "팀 소유자는 무엇입니까?"
      ],
      "dialogId": "new_topic_f218e2f3d5f748a8a197a6d2f77e51cb",
      "isTriggeringEnabled": true,
      "id": "new_topic_f218e2f3d5f748a8a197a6d2f77e51cb",
      "displayName": "팀 소유자는 무엇입니까?",
      "description": "https://adoptbotv2kb.blob.core.windows.net/%24web/adoptbot2021-Korean.docx",
      "createdTime": "2021-03-18T03:39:18.7466553Z",
      "updatedTime": "2021-04-06T04:49:07.4737174Z",
      "createdUserId": "e47109d8-0300-4e59-a90d-56bb29886c9e",
      "updatedUserId": "e47109d8-0300-4e59-a90d-56bb29886c9e"
    }
  ],
  "dialogs": [
    {
      "rootNodeId": "835fd6ef-a740-429d-801b-4dbf25f884b1",
      "messageNodes": [
        {
          "botMessageId": "00d2030a-2559-48ab-908c-d38351d152e4",
          "nodeType": "BotMessageNode",
          "id": "f4d48fc2-82c3-4778-bcb4-5009fe2bd560",
          "defaultTargetNodeId": "a00c9ea3-6a71-4627-8242-0669188f7f5e"
        },
        {
          "botMessageId": "1c631f8c-b16c-4f93-90ac-8b0c85458a66",
          "nodeType": "BotMessageNode",
          "id": "835fd6ef-a740-429d-801b-4dbf25f884b1",
          "defaultTargetNodeId": "629d3dba-ce44-4705-ac80-3d692e3664fd"
        },
        {
          "botMessageId": "576e6b98-9393-4967-a7a1-9a898c713c0b",
          "nodeType": "BotMessageNode",
          "id": "629d3dba-ce44-4705-ac80-3d692e3664fd",
          "defaultTargetNodeId": "8f6d9eaf-4d55-44ec-b4d2-7f1b2be47632"
        },
        {
          "botMessageId": "68e58e1e-d3b8-450f-b227-1ad70926056d",
          "nodeType": "BotMessageNode",
          "id": "8f6d9eaf-4d55-44ec-b4d2-7f1b2be47632",
          "defaultTargetNodeId": "f4d48fc2-82c3-4778-bcb4-5009fe2bd560"
        }
      ],
      "dialogChangeNodes": [
        {
          "targetDialogId": "new_topic_2bf23930c1d146129dfe38bacb94ccd0_aeabea4d071f415c8c107e1cb7af5424_assumedsuccess",
          "nodeType": "DialogChangeNode",
          "id": "a00c9ea3-6a71-4627-8242-0669188f7f5e"
        }
      ],
      "id": "new_topic_f218e2f3d5f748a8a197a6d2f77e51cb",
      "displayName": "Dialog for 팀 소유자는 무엇입니까?",
      "createdTime": "2021-03-18T03:39:18.7466553Z",
      "updatedTime": "2021-04-06T04:47:37.044993Z",
      "createdUserId": "e47109d8-0300-4e59-a90d-56bb29886c9e",
      "updatedUserId": "e47109d8-0300-4e59-a90d-56bb29886c9e"
    }
  ],
  "botMessages": [
    {
      "channelContent": {
        "web": {
          "contentFormat": "Markdown",
          "content": "**💡 팁:**\n\n소유자로서, \n\n*   팀 사진을 추가하고, \n*   채널 만들기, \n*   탭 추가, \n*   전체 팀 또는 채널 @멘션, \n*   GIF, 스티커 및 meme 사용에 대한 팀 구성원 간에 권한을 설정할 수 있습니다."
        }
      },
      "id": "00d2030a-2559-48ab-908c-d38351d152e4",
      "createdTime": "2021-03-18T03:39:18.7466553Z",
      "updatedTime": "2021-03-18T03:39:18.7466553Z",
      "createdUserId": "e47109d8-0300-4e59-a90d-56bb29886c9e",
      "updatedUserId": "e47109d8-0300-4e59-a90d-56bb29886c9e"
    },
    {
      "channelContent": {
        "web": {
          "contentFormat": "Markdown",
          "content": "**팀 소유자는** 팀을 만들고 관리하는 사람입니다. 팀 소유자는 팀에 초대할 때 또 는 팀에 합류한 후 언제든지 멤버를 팀 소유자로 구성할 수 있습니다."
        }
      },
      "id": "1c631f8c-b16c-4f93-90ac-8b0c85458a66",
      "createdTime": "2021-04-06T04:45:53.71Z",
      "updatedTime": "2021-04-06T04:45:53.71Z",
      "createdUserId": "user-0",
      "updatedUserId": "user-0"
    },
    {
      "channelContent": {
        "web": {
          "contentFormat": "Markdown",
          "content": "여러 팀 소유자를 사용하면 초대장을 포함하여 설정 및 멤버십 관리에 대한 책임을 공유할 수 있습니다."
        }
      },
      "id": "576e6b98-9393-4967-a7a1-9a898c713c0b",
      "createdTime": "2021-04-06T04:46:10.175Z",
      "updatedTime": "2021-04-06T04:46:10.175Z",
      "createdUserId": "user-0",
      "updatedUserId": "user-0"
    },
    {
      "channelContent": {
        "web": {
          "contentFormat": "Markdown",
          "content": "팀당 최소 두 명의 소유자가 있어야 합니다. 이렇게 하면 소유자 중 하나를 사용할 수 없는 경우 백업 연락이 보장됩니다."
        }
      },
      "id": "68e58e1e-d3b8-450f-b227-1ad70926056d",
      "createdTime": "2021-04-06T04:46:42.235Z",
      "updatedTime": "2021-04-06T04:46:42.235Z",
      "createdUserId": "user-0",
      "updatedUserId": "user-0"
    }
  ],
  "createdUtc": "0001-01-01T00:00:00Z"
}