{
  "namedEntities": [
    {
      "synonyms": [
        "home"
      ],
      "id": "ff0ca6dd-de7a-4bee-b849-16210d63f3c5",
      "displayName": "居家使用者",
      "updatedTime": "2021-11-16T00:57:31.9541825Z",
      "updatedUserId": "9c968d43-f7c2-4e28-895c-1f6bcefcd8be"
    },
    {
      "synonyms": [
        "gaming"
      ],
      "id": "2ccf421b-89a6-43a8-8b4f-b8d8f63b58bf",
      "displayName": "玩家",
      "updatedTime": "2021-11-16T00:57:31.9541825Z",
      "updatedUserId": "9c968d43-f7c2-4e28-895c-1f6bcefcd8be"
    },
    {
      "synonyms": [
        "business"
      ],
      "id": "2d32734c-9552-47c5-963b-563fe1d9ea7e",
      "displayName": "商務使用者",
      "updatedTime": "2021-11-16T00:57:31.9541825Z",
      "updatedUserId": "9c968d43-f7c2-4e28-895c-1f6bcefcd8be"
    }
  ],
  "closedListTypes": [
    {
      "namedEntities": [
        "ff0ca6dd-de7a-4bee-b849-16210d63f3c5",
        "2ccf421b-89a6-43a8-8b4f-b8d8f63b58bf",
        "2d32734c-9552-47c5-963b-563fe1d9ea7e"
      ],
      "smartMatchingEnabled": true,
      "customTypeSchema": "ClosedList",
      "id": "new_customtype_e2d1671328b941dbb60fa7150059b1ee_f86fcadfd497444e91ed11c12b059d10",
      "displayName": "使用類型",
      "description": "第 4 課使用類型實體",
      "createdTime": "2019-10-25T14:03:43.9601778Z",
      "updatedTime": "2021-11-16T00:57:31.9541825Z",
      "createdUserId": "user0",
      "updatedUserId": "9c968d43-f7c2-4e28-895c-1f6bcefcd8be"
    }
  ]
}