{
  "intents": [
    {
      "endUserOverrideName": "",
      "triggerQueries": [
        "Vad är M365?",
        "Vad betyder Microsoft 365",
        "Är Microsoft 365 samma sak som Office 365?",
        "Vad innebär Microsoft 365?",
        "Vad är office 365?",
        "Vad är Microsoft Office 365?"
      ],
      "dialogId": "new_topic_6d0e93ccdff74a6e84e6d6cc08211819",
      "isTriggeringEnabled": true,
      "id": "new_topic_6d0e93ccdff74a6e84e6d6cc08211819",
      "displayName": "Vad är Microsoft 365?",
      "description": "",
      "createdTime": "2020-11-24T14:37:53.8220925Z",
      "updatedTime": "2020-12-11T11:04:55.0081472Z",
      "createdUserId": "f04d3cd9-b73d-4ba9-a1ed-9319eba29b21",
      "updatedUserId": "f04d3cd9-b73d-4ba9-a1ed-9319eba29b21"
    }
  ],
  "dialogs": [
    {
      "rootNodeId": "40a14075-99c3-4398-ab1e-49077398b47c",
      "messageNodes": [
        {
          "botMessageId": "bb0bcb3c-a56f-4611-a167-72c5a2aa5199",
          "nodeType": "BotMessageNode",
          "id": "40a14075-99c3-4398-ab1e-49077398b47c",
          "defaultTargetNodeId": "335859c6-e9ee-444a-aa4b-27395aa079d3"
        }
      ],
      "dialogChangeNodes": [
        {
          "targetDialogId": "new_topic_84ec227c19784e7ba25cb34f4638f91e_aeabea4d071f415c8c107e1cb7af5424_assumedsuccess",
          "nodeType": "DialogChangeNode",
          "id": "335859c6-e9ee-444a-aa4b-27395aa079d3"
        }
      ],
      "id": "new_topic_6d0e93ccdff74a6e84e6d6cc08211819",
      "displayName": "Dialog for Vad är Microsoft Office 365?",
      "createdTime": "2020-11-24T14:37:53.8220925Z",
      "updatedTime": "2020-12-11T11:06:11.7922491Z",
      "createdUserId": "f04d3cd9-b73d-4ba9-a1ed-9319eba29b21",
      "updatedUserId": "f04d3cd9-b73d-4ba9-a1ed-9319eba29b21"
    }
  ],
  "botMessages": [
    {
      "channelContent": {
        "web": {
          "contentFormat": "Markdown",
          "content": "Microsoft Office 365 är den universella verktygslådan för samarbete. \n\n[Läs mer här!](https://www.microsoft.com/sv-se/microsoft-365) 👍"
        }
      },
      "id": "bb0bcb3c-a56f-4611-a167-72c5a2aa5199",
      "createdTime": "2020-11-24T14:37:53.8220925Z",
      "updatedTime": "2020-11-24T14:37:53.8220925Z",
      "createdUserId": "f04d3cd9-b73d-4ba9-a1ed-9319eba29b21",
      "updatedUserId": "f04d3cd9-b73d-4ba9-a1ed-9319eba29b21"
    }
  ]
}