{
  "intents": [
    {
      "endUserOverrideName": "Video Trainings zu Teams finden.",
      "triggerQueries": [
        "Ich möchte mehr über Teams erfahren",
        "Ich möchte mehr über Teams wissen",
        "Wie kann ich etwas über Teams lernen?",
        "Teams Training",
        "Zeige mir Trainings",
        "Zeige mir Schulungen zu Teams",
        "Gibt es Schulungen zu Teams?",
        "Gibt es Trainings zu Teams?",
        "Teams Schulung",
        "Teams Schulungen",
        "Video Trainings",
        "Ich möchte mehr über Teams lernen",
        "Zeige mir Video Trainings zu Teams",
        "videos über teams",
        "video trainings für microsoft teams"
      ],
      "dialogId": "new_topic_3d0568917e4d4da393c73e5897c2edcd",
      "isTriggeringEnabled": true,
      "id": "new_topic_3d0568917e4d4da393c73e5897c2edcd",
      "displayName": "Wo kann ich digitale Schulungen zu Teams finden?",
      "description": "https://adoptbotv2kb.blob.core.windows.net/%24web/AdoptBot2021-English.docx",
      "createdTime": "2021-04-18T09:54:07.9047751Z",
      "updatedTime": "2021-04-18T09:54:07.9047751Z",
      "createdUserId": "86360cd1-faa6-4d16-8a0c-ba3116c8a977"
    }
  ],
  "dialogs": [
    {
      "rootNodeId": "99995158-a254-4583-a10b-a123e8811cc6",
      "messageNodes": [
        {
          "botMessageId": "88da491b-1272-42a2-a37a-06847fafa257",
          "nodeType": "BotMessageNode",
          "id": "99995158-a254-4583-a10b-a123e8811cc6",
          "defaultTargetNodeId": "caef74c1-b673-446f-a09a-cf6e1223c3c9"
        }
      ],
      "dialogChangeNodes": [
        {
          "targetDialogId": "new_topic_30867099f4b543d3b8543a85c22c3418_aeabea4d071f415c8c107e1cb7af5424_assumedsuccess",
          "nodeType": "DialogChangeNode",
          "id": "caef74c1-b673-446f-a09a-cf6e1223c3c9"
        }
      ],
      "id": "new_topic_3d0568917e4d4da393c73e5897c2edcd",
      "displayName": "Dialog for Wo kann ich digitale Schulungen zu Teams finden?",
      "createdTime": "2021-04-18T09:54:07.9047751Z",
      "updatedTime": "2021-04-18T09:56:56.9272262Z",
      "createdUserId": "86360cd1-faa6-4d16-8a0c-ba3116c8a977",
      "updatedUserId": "86360cd1-faa6-4d16-8a0c-ba3116c8a977"
    }
  ],
  "botMessages": [
    {
      "channelContent": {
        "web": {
          "contentFormat": "Markdown",
          "content": "Schauen Sie mal hier vorbei:\n\n🎞 [Microsoft Teams-Videoschulung](https://support.microsoft.com/de-de/office/microsoft-teams-videoschulung-4f108e54-240b-4351-8084-b1089f0d21d7?ui=de-DE&rs=de-DE&ad=DE)"
        }
      },
      "id": "88da491b-1272-42a2-a37a-06847fafa257",
      "createdTime": "2021-04-18T09:54:07.9037753Z",
      "updatedTime": "2021-04-18T09:54:07.9037753Z",
      "createdUserId": "86360cd1-faa6-4d16-8a0c-ba3116c8a977",
      "updatedUserId": "86360cd1-faa6-4d16-8a0c-ba3116c8a977"
    }
  ]
}