{
  "intents": [
    {
      "triggerQueries": [
        "Chattare con utenti esterni?",
        "Chat con persone esterne",
        "scrivere a persone al di fuori della vostra azienda?",
        "Posso chattare con persone esterne alla mia azienda in Teams?",
        "Scrivere a persone esterne tramite Teams?",
        "Chattare esternamente senza cambiare ambiente?",
        "Chattare senza essere invitato come ospite?",
        "Chattare con altri utenti esterni all'azienda tramite Teams",
        "Come posso raggiungere gli altri esternamente attraverso Teams?",
        "Posso chattare con utenti esterni in Teams?"
      ],
      "dialogId": "new_topic_67d5299ed57a447eab235f2b08b6b308",
      "isTriggeringEnabled": true,
      "id": "new_topic_67d5299ed57a447eab235f2b08b6b308",
      "displayName": "Posso chattare con utenti esterni in Teams?",
      "createdTime": "2022-04-27T17:16:00.245102Z",
      "updatedTime": "2022-04-27T17:16:00.245102Z",
      "createdUserId": "9451fc51-e00d-4445-8ff9-efb70866dc3b",
      "updatedUserId": "9451fc51-e00d-4445-8ff9-efb70866dc3b"
    }
  ],
  "dialogs": [
    {
      "rootNodeId": "d28b21ec-7187-4b11-a1fc-e9eb54d39fe2",
      "messageNodes": [
        {
          "botMessageId": "d82ed850-55f3-4dcf-88d2-561ababb32a4",
          "nodeType": "BotMessageNode",
          "id": "d28b21ec-7187-4b11-a1fc-e9eb54d39fe2",
          "defaultTargetNodeId": "ce050f05-9b44-457d-bb6d-f205667cc92f"
        },
        {
          "botMessageId": "631048c6-9ffa-46f0-ae09-e0ab262d3913",
          "nodeType": "BotMessageNode",
          "id": "ce050f05-9b44-457d-bb6d-f205667cc92f",
          "defaultTargetNodeId": "2be61ed9-7ca4-4026-87f6-d59c6bf6072b"
        },
        {
          "botMessageId": "f6379374-19cc-43be-9891-fbf915ddc115",
          "nodeType": "BotMessageNode",
          "id": "2be61ed9-7ca4-4026-87f6-d59c6bf6072b",
          "defaultTargetNodeId": "9cf5ac8a-951a-49a6-b4a4-f8d9714dabe2"
        }
      ],
      "dialogChangeNodes": [
        {
          "targetDialogId": "new_topic_f98a24608ee04cb998de3e3e32703d5b_aeabea4d071f415c8c107e1cb7af5424_assumedsuccess",
          "nodeType": "DialogChangeNode",
          "id": "9cf5ac8a-951a-49a6-b4a4-f8d9714dabe2"
        }
      ],
      "id": "new_topic_67d5299ed57a447eab235f2b08b6b308",
      "displayName": "Senza titolo",
      "createdTime": "2022-04-27T17:16:00.245102Z",
      "updatedTime": "2022-04-27T17:16:00.245102Z",
      "createdUserId": "9451fc51-e00d-4445-8ff9-efb70866dc3b",
      "updatedUserId": "9451fc51-e00d-4445-8ff9-efb70866dc3b"
    }
  ],
  "botMessages": [
    {
      "channelContent": {
        "web": {
          "contentFormat": "Markdown",
          "content": "Quando è necessario comunicare e collaborare con persone esterne all'organizzazione, è possibile utilizzare Microsoft Teams External Access (noto anche come federazione) per trovare, chiamare e chattare con utenti in altri domini (ad esempio Contoso.com)."
        }
      },
      "id": "d82ed850-55f3-4dcf-88d2-561ababb32a4",
      "createdTime": "2022-04-27T17:01:55.485Z",
      "updatedTime": "2022-04-27T17:01:55.485Z"
    },
    {
      "channelContent": {
        "web": {
          "contentFormat": "Markdown",
          "content": "Puoi provare a digitare l'indirizzo e-mail di un utente esterno nella barra di ricerca di Teams. Se la persona è presente, seleziona il suo indirizzo esterno e prova a chattare."
        }
      },
      "id": "631048c6-9ffa-46f0-ae09-e0ab262d3913",
      "createdTime": "2022-04-27T17:12:01.749Z",
      "updatedTime": "2022-04-27T17:12:01.749Z",
      "createdUserId": "user-0",
      "updatedUserId": "user-0"
    },
    {
      "channelContent": {
        "web": {
          "contentFormat": "Markdown",
          "content": "**Nota!** Questo richiede che alcune opzioni siano abilitate nelle rispettive organizzazioni:\n\n[Comunicare con gli utenti di altre organizzazioni in Microsoft Teams](https://docs.microsoft.com/it-it/microsoftteams/communicate-with-users-from-other-organizations)"
        }
      },
      "id": "f6379374-19cc-43be-9891-fbf915ddc115",
      "createdTime": "2022-04-27T17:13:24.746Z",
      "updatedTime": "2022-04-27T17:13:24.746Z",
      "createdUserId": "user-0",
      "updatedUserId": "user-0"
    }
  ]
}