{
  "intents": [
    {
      "triggerQueries": [
        "Aggiungere una chat o un canale preferito nella parte superiore in Teams",
        "Posso aggiungere i canali?",
        "Posso aggiungere una chat?",
        "come contrassegnare una chat come preferita?",
        "come contrassegnare i canali come preferiti?",
        "Mostrare una chat o un canale?",
        "Come si aggiunge una chat?",
        "Come posso aggiungere un canale?",
        "Aggiungere i canali nella parte superiore",
        "aggiungere diverse chat",
        "Segnare le chat importanti?",
        "Selezionare canali importanti?",
        "Bloccare una chat o un canale?",
        "Come posso bloccare una chat o un canale?"
      ],
      "dialogId": "new_topic_3b2fed0091bf4d5f94e39c461f66e3f0",
      "isTriggeringEnabled": true,
      "id": "new_topic_3b2fed0091bf4d5f94e39c461f66e3f0",
      "displayName": "Come posso fissare una chat o un canale?",
      "description": "Aggiungere una chat o un canale preferito nella parte superiore in Teams\nPosso aggiungere i canali?\nPosso aggiungere una chat?\ncome contrassegnare una chat come preferita?\ncome contrassegnare i canali come preferiti?\nMostrare una chat o un canale?\nCome si aggiunge una chat?\nCome posso aggiungere un canale?\nAggiungere i canali nella parte superiore\naggiungere diverse chat\nSegnare le chat importanti?\nSelezionare canali importanti?\nBloccare una chat o un canale?\nCome posso bloccare una chat o un canale?",
      "createdTime": "2022-04-27T22:39:36.5769315Z",
      "updatedTime": "2022-04-27T22:59:24.5398503Z",
      "createdUserId": "9451fc51-e00d-4445-8ff9-efb70866dc3b",
      "updatedUserId": "9451fc51-e00d-4445-8ff9-efb70866dc3b"
    }
  ],
  "dialogs": [
    {
      "rootNodeId": "5581a498-222b-469c-95aa-c4be4e930168",
      "messageNodes": [
        {
          "botMessageId": "2a04767d-61bc-4046-8290-c74812d762cb",
          "nodeType": "BotMessageNode",
          "id": "5581a498-222b-469c-95aa-c4be4e930168",
          "defaultTargetNodeId": "bceb54a7-e941-4d6e-b1b6-b50fe24fd5e3"
        },
        {
          "botMessageId": "72b2fe3d-66c0-4701-b1c7-fbe9d30bf8ac",
          "nodeType": "BotMessageNode",
          "id": "bceb54a7-e941-4d6e-b1b6-b50fe24fd5e3",
          "defaultTargetNodeId": "36cadc3a-d38d-44c8-882e-d18c8ac48700"
        },
        {
          "botMessageId": "2423b117-6474-4010-b50c-8043cb60bcc3",
          "nodeType": "BotMessageNode",
          "id": "36cadc3a-d38d-44c8-882e-d18c8ac48700",
          "defaultTargetNodeId": "982c1244-3cd8-4fb8-b8ee-9ce7d529dcd1"
        }
      ],
      "dialogChangeNodes": [
        {
          "targetDialogId": "new_topic_f98a24608ee04cb998de3e3e32703d5b_aeabea4d071f415c8c107e1cb7af5424_assumedsuccess",
          "nodeType": "DialogChangeNode",
          "id": "982c1244-3cd8-4fb8-b8ee-9ce7d529dcd1"
        }
      ],
      "id": "new_topic_3b2fed0091bf4d5f94e39c461f66e3f0",
      "displayName": "Senza titolo",
      "createdTime": "2022-04-27T22:39:36.5769315Z",
      "updatedTime": "2022-04-27T22:59:24.5398503Z",
      "createdUserId": "9451fc51-e00d-4445-8ff9-efb70866dc3b",
      "updatedUserId": "9451fc51-e00d-4445-8ff9-efb70866dc3b"
    }
  ],
  "botMessages": [
    {
      "channelContent": {
        "web": {
          "contentFormat": "Markdown",
          "content": "[Puoi aggiungere chat o canali](https://support.microsoft.com/it-it/office/mostrare-nascondere-o-aggiungere-un-team-o-un-canale-in-teams-91a37043-acea-49b0-9dfc-aec37b2e92b8) nella parte superiore della tua chat o nell'elenco di Teams."
        }
      },
      "id": "2a04767d-61bc-4046-8290-c74812d762cb",
      "createdTime": "2022-04-27T18:11:11.974Z",
      "updatedTime": "2022-04-27T18:11:11.974Z"
    },
    {
      "channelContent": {
        "web": {
          "contentFormat": "Markdown",
          "content": "1.  Seleziona Chat o Teams.\n2.  Trova il nome della chat o del canale che desideri aggiungere.\n3.  Selezionare Altre opzioni (...) > Aggiungi.\n\nQuesto assicura che la chat o il canale rimanga in cima alla tua lista."
        }
      },
      "id": "72b2fe3d-66c0-4701-b1c7-fbe9d30bf8ac",
      "createdTime": "2022-04-27T22:50:52.062Z",
      "updatedTime": "2022-04-27T22:50:52.062Z",
      "createdUserId": "user-0",
      "updatedUserId": "user-0"
    },
    {
      "channelContent": {
        "web": {
          "contentFormat": "Markdown",
          "content": "Se cambi idea, selezionalo di nuovo dalla tua lista e seleziona **Rimuovi**."
        }
      },
      "id": "2423b117-6474-4010-b50c-8043cb60bcc3",
      "createdTime": "2022-04-27T22:52:47.197Z",
      "updatedTime": "2022-04-27T22:52:47.197Z",
      "createdUserId": "user-0",
      "updatedUserId": "user-0"
    }
  ]
}