{
  "intents": [
    {
      "triggerQueries": [
        "Begynn et kanalmøte",
        "Hvordan oppretter jeg møte i en kanal?",
        "Planlegg et kanalmøte",
        "Start et kanalmøte"
      ],
      "dialogId": "new_topic_be2222fb29364a679e300bd618c77c1a",
      "isTriggeringEnabled": true,
      "id": "new_topic_be2222fb29364a679e300bd618c77c1a",
      "displayName": "Start et kanalmøte",
      "description": "",
      "createdTime": "2021-04-10T07:48:18.1494699Z",
      "updatedTime": "2021-04-10T07:48:18.1494699Z",
      "createdUserId": "ef0c8b9a-eff1-49f8-92fa-fd1d3e15e1ba"
    }
  ],
  "dialogs": [
    {
      "rootNodeId": "5e4c29e7-c03b-4fde-b2d0-8edd7c83905f",
      "messageNodes": [
        {
          "botMessageId": "effad3d0-8c99-483e-b51e-93465eb7fe54",
          "nodeType": "BotMessageNode",
          "id": "5e4c29e7-c03b-4fde-b2d0-8edd7c83905f",
          "defaultTargetNodeId": "41d02581-99ab-4ba3-b50c-7b53a4d1c93c"
        },
        {
          "botMessageId": "7d9599b4-34fc-4462-b07d-f8f2b631cf68",
          "nodeType": "BotMessageNode",
          "id": "41d02581-99ab-4ba3-b50c-7b53a4d1c93c",
          "defaultTargetNodeId": "f130d05a-aa53-45cf-b930-998ac6e5c573"
        }
      ],
      "dialogChangeNodes": [
        {
          "targetDialogId": "new_topic_89c49d37fd4c4c1c9144396960733ce1_aeabea4d071f415c8c107e1cb7af5424_assumedsuccess",
          "nodeType": "DialogChangeNode",
          "id": "f130d05a-aa53-45cf-b930-998ac6e5c573"
        }
      ],
      "id": "new_topic_be2222fb29364a679e300bd618c77c1a",
      "displayName": "Dialog for Start et kanalmøte",
      "createdTime": "2021-04-10T07:48:18.1494699Z",
      "updatedTime": "2021-04-10T07:49:02.0803745Z",
      "createdUserId": "ef0c8b9a-eff1-49f8-92fa-fd1d3e15e1ba",
      "updatedUserId": "ef0c8b9a-eff1-49f8-92fa-fd1d3e15e1ba"
    }
  ],
  "botMessages": [
    {
      "channelContent": {
        "web": {
          "contentFormat": "Markdown",
          "content": "Slik starter du et kanalmøte:\n\n1.  Gå til **Teams** på venstre side av appen. Velg kanalen du vil starte møte.\n2.  Se etter **Møt nå** i øvre høyre hjørne i Teams. Dersom hvis du vil beholde konteksten til en bestemt samtale, velger du **Svar** nedenfor et innlegg, og deretter **Møt nå** under tekstboksen.\n3.  Gi møtet en tittel, og velg om du vil inkludere video.\n4.  Når du er klar, velger du **Bli med nå**."
        }
      },
      "id": "effad3d0-8c99-483e-b51e-93465eb7fe54",
      "createdTime": "2021-04-10T07:48:18.1494699Z",
      "updatedTime": "2021-04-10T07:48:18.1494699Z",
      "createdUserId": "ef0c8b9a-eff1-49f8-92fa-fd1d3e15e1ba",
      "updatedUserId": "ef0c8b9a-eff1-49f8-92fa-fd1d3e15e1ba"
    },
    {
      "channelContent": {
        "web": {
          "contentFormat": "Markdown",
          "content": "Møtet er nå oppe og kjører, og alle i kanalen kan bli med i det."
        }
      },
      "id": "7d9599b4-34fc-4462-b07d-f8f2b631cf68",
      "createdTime": "2021-04-10T07:48:50.549Z",
      "updatedTime": "2021-04-10T07:48:50.549Z",
      "createdUserId": "user-0",
      "updatedUserId": "user-0"
    }
  ],
  "createdUtc": "0001-01-01T00:00:00Z"
}