<bot_botcomponentset>
  <bot_botcomponent botcomponentid.schemaname="new_customtype_30867099f4b543d3b8543a85c22c3418_92610204747047ac8f788f7eecd91118" botid.schemaname="new_bot_30867099f4b543d3b8543a85c22c3418">
    <iscustomizable>1</iscustomizable>
  </bot_botcomponent>
  <bot_botcomponent botcomponentid.schemaname="new_customtype_30867099f4b543d3b8543a85c22c3418_f86fcadfd497444e91ed11c12b059d10" botid.schemaname="new_bot_30867099f4b543d3b8543a85c22c3418">
    <iscustomizable>1</iscustomizable>
  </bot_botcomponent>
  <bot_botcomponent botcomponentid.schemaname="new_topic_01669e9c3def4d9b8a3189540a919ea6" botid.schemaname="new_bot_30867099f4b543d3b8543a85c22c3418">
    <iscustomizable>1</iscustomizable>
  </bot_botcomponent>
  <bot_botcomponent botcomponentid.schemaname="new_topic_01f85b5b6e1c4690ba52e30fa65ac568" botid.schemaname="new_bot_30867099f4b543d3b8543a85c22c3418">
    <iscustomizable>1</iscustomizable>
  </bot_botcomponent>
  <bot_botcomponent botcomponentid.schemaname="new_topic_02bb3112cdb547bb97e282bc2fe008b4" botid.schemaname="new_bot_30867099f4b543d3b8543a85c22c3418">
    <iscustomizable>1</iscustomizable>
  </bot_botcomponent>
  <bot_botcomponent botcomponentid.schemaname="new_topic_0439f2969af6483a884201c3b6cbcee1" botid.schemaname="new_bot_30867099f4b543d3b8543a85c22c3418">
    <iscustomizable>1</iscustomizable>
  </bot_botcomponent>
  <bot_botcomponent botcomponentid.schemaname="new_topic_044f38c8c95c49a29909b7539e3acb35" botid.schemaname="new_bot_30867099f4b543d3b8543a85c22c3418">
    <iscustomizable>1</iscustomizable>
  </bot_botcomponent>
  <bot_botcomponent botcomponentid.schemaname="new_topic_0a6867a9a37d476cba102dfc6022cfc3" botid.schemaname="new_bot_30867099f4b543d3b8543a85c22c3418">
    <iscustomizable>1</iscustomizable>
  </bot_botcomponent>
  <bot_botcomponent botcomponentid.schemaname="new_topic_0b9400655ca742ec85d3f05ec98cf2e1" botid.schemaname="new_bot_30867099f4b543d3b8543a85c22c3418">
    <iscustomizable>1</iscustomizable>
  </bot_botcomponent>
  <bot_botcomponent botcomponentid.schemaname="new_topic_0c3b08c50bd74cafa1e3da7af3fb9ba0" botid.schemaname="new_bot_30867099f4b543d3b8543a85c22c3418">
    <iscustomizable>1</iscustomizable>
  </bot_botcomponent>
  <bot_botcomponent botcomponentid.schemaname="new_topic_0ca5e45ccb1f4b638bd81de1b02db20e" botid.schemaname="new_bot_30867099f4b543d3b8543a85c22c3418">
    <iscustomizable>1</iscustomizable>
  </bot_botcomponent>
  <bot_botcomponent botcomponentid.schemaname="new_topic_114761e85c844745811140fa310f1dcf" botid.schemaname="new_bot_30867099f4b543d3b8543a85c22c3418">
    <iscustomizable>1</iscustomizable>
  </bot_botcomponent>
  <bot_botcomponent botcomponentid.schemaname="new_topic_1a4767bac464489fb5561644cb785405" botid.schemaname="new_bot_30867099f4b543d3b8543a85c22c3418">
    <iscustomizable>1</iscustomizable>
  </bot_botcomponent>
  <bot_botcomponent botcomponentid.schemaname="new_topic_1ff1369b7b204d8a9766dbebc08884e0" botid.schemaname="new_bot_30867099f4b543d3b8543a85c22c3418">
    <iscustomizable>1</iscustomizable>
  </bot_botcomponent>
  <bot_botcomponent botcomponentid.schemaname="new_topic_21e8824cacc546ad99b0307f76c0aa53" botid.schemaname="new_bot_30867099f4b543d3b8543a85c22c3418">
    <iscustomizable>1</iscustomizable>
  </bot_botcomponent>
  <bot_botcomponent botcomponentid.schemaname="new_topic_25a00c3c24af43b58abe30a08b149c9d" botid.schemaname="new_bot_30867099f4b543d3b8543a85c22c3418">
    <iscustomizable>1</iscustomizable>
  </bot_botcomponent>
  <bot_botcomponent botcomponentid.schemaname="new_topic_2627c720d7bd40feb8d7197798e13119" botid.schemaname="new_bot_30867099f4b543d3b8543a85c22c3418">
    <iscustomizable>1</iscustomizable>
  </bot_botcomponent>
  <bot_botcomponent botcomponentid.schemaname="new_topic_26ad8b03f9374a54be1ad454c166f7b7" botid.schemaname="new_bot_30867099f4b543d3b8543a85c22c3418">
    <iscustomizable>1</iscustomizable>
  </bot_botcomponent>
  <bot_botcomponent botcomponentid.schemaname="new_topic_28091fe6170b424392857b284e9294b2" botid.schemaname="new_bot_30867099f4b543d3b8543a85c22c3418">
    <iscustomizable>1</iscustomizable>
  </bot_botcomponent>
  <bot_botcomponent botcomponentid.schemaname="new_topic_298655472fe44944856584770df8838f" botid.schemaname="new_bot_30867099f4b543d3b8543a85c22c3418">
    <iscustomizable>1</iscustomizable>
  </bot_botcomponent>
  <bot_botcomponent botcomponentid.schemaname="new_topic_2998f71192fb4ee894850d0dff66e55d" botid.schemaname="new_bot_30867099f4b543d3b8543a85c22c3418">
    <iscustomizable>1</iscustomizable>
  </bot_botcomponent>
  <bot_botcomponent botcomponentid.schemaname="new_topic_2dfbc338dd5149539ba6cb6812b017fb" botid.schemaname="new_bot_30867099f4b543d3b8543a85c22c3418">
    <iscustomizable>1</iscustomizable>
  </bot_botcomponent>
  <bot_botcomponent botcomponentid.schemaname="new_topic_2e9df9ee25ec452eb763bcf2e969794b" botid.schemaname="new_bot_30867099f4b543d3b8543a85c22c3418">
    <iscustomizable>1</iscustomizable>
  </bot_botcomponent>
  <bot_botcomponent botcomponentid.schemaname="new_topic_304e0e56af45400d9814aafbaac09d8e" botid.schemaname="new_bot_30867099f4b543d3b8543a85c22c3418">
    <iscustomizable>1</iscustomizable>
  </bot_botcomponent>
  <bot_botcomponent botcomponentid.schemaname="new_topic_30867099f4b543d3b8543a85c22c3418_3d2584ec30914684839527e05e7be172_thankyou" botid.schemaname="new_bot_30867099f4b543d3b8543a85c22c3418">
    <iscustomizable>1</iscustomizable>
  </bot_botcomponent>
  <bot_botcomponent botcomponentid.schemaname="new_topic_30867099f4b543d3b8543a85c22c3418_8a4964498f83424bb3a86295bf7d0952_startover" botid.schemaname="new_bot_30867099f4b543d3b8543a85c22c3418">
    <iscustomizable>1</iscustomizable>
  </bot_botcomponent>
  <bot_botcomponent botcomponentid.schemaname="new_topic_30867099f4b543d3b8543a85c22c3418_954135cafcd647eaae5999ad91fc08cf_talktoagent" botid.schemaname="new_bot_30867099f4b543d3b8543a85c22c3418">
    <iscustomizable>1</iscustomizable>
  </bot_botcomponent>
  <bot_botcomponent botcomponentid.schemaname="new_topic_30867099f4b543d3b8543a85c22c3418_aeabea4d071f415c8c107e1cb7af5424_assumedsuccess" botid.schemaname="new_bot_30867099f4b543d3b8543a85c22c3418">
    <iscustomizable>1</iscustomizable>
  </bot_botcomponent>
  <bot_botcomponent botcomponentid.schemaname="new_topic_30867099f4b543d3b8543a85c22c3418_ba7b967c97ba4c39bca58a8bb6a72d59_conversationstart" botid.schemaname="new_bot_30867099f4b543d3b8543a85c22c3418">
    <iscustomizable>1</iscustomizable>
  </bot_botcomponent>
  <bot_botcomponent botcomponentid.schemaname="new_topic_30867099f4b543d3b8543a85c22c3418_d2198a5ee41a48a5bf70ab8970145a9f_confirmedfailure" botid.schemaname="new_bot_30867099f4b543d3b8543a85c22c3418">
    <iscustomizable>1</iscustomizable>
  </bot_botcomponent>
  <bot_botcomponent botcomponentid.schemaname="new_topic_30867099f4b543d3b8543a85c22c3418_db1f76b081dc43389df9dd2df7518737_confirmedsuccess" botid.schemaname="new_bot_30867099f4b543d3b8543a85c22c3418">
    <iscustomizable>1</iscustomizable>
  </bot_botcomponent>
  <bot_botcomponent botcomponentid.schemaname="new_topic_30867099f4b543d3b8543a85c22c3418_f56d1a3e522740c78f9fac0939332dbd_goodbye" botid.schemaname="new_bot_30867099f4b543d3b8543a85c22c3418">
    <iscustomizable>1</iscustomizable>
  </bot_botcomponent>
  <bot_botcomponent botcomponentid.schemaname="new_topic_32978b3d8d88428988d243e88304eaa9" botid.schemaname="new_bot_30867099f4b543d3b8543a85c22c3418">
    <iscustomizable>1</iscustomizable>
  </bot_botcomponent>
  <bot_botcomponent botcomponentid.schemaname="new_topic_33035226ef0a4f508ecb2383db38232b" botid.schemaname="new_bot_30867099f4b543d3b8543a85c22c3418">
    <iscustomizable>1</iscustomizable>
  </bot_botcomponent>
  <bot_botcomponent botcomponentid.schemaname="new_topic_347a8ee614144da9a2c3ed6ca5113741" botid.schemaname="new_bot_30867099f4b543d3b8543a85c22c3418">
    <iscustomizable>1</iscustomizable>
  </bot_botcomponent>
  <bot_botcomponent botcomponentid.schemaname="new_topic_39488715f90948b7833d8aa8e9a65ea4" botid.schemaname="new_bot_30867099f4b543d3b8543a85c22c3418">
    <iscustomizable>1</iscustomizable>
  </bot_botcomponent>
  <bot_botcomponent botcomponentid.schemaname="new_topic_3d0568917e4d4da393c73e5897c2edcd" botid.schemaname="new_bot_30867099f4b543d3b8543a85c22c3418">
    <iscustomizable>1</iscustomizable>
  </bot_botcomponent>
  <bot_botcomponent botcomponentid.schemaname="new_topic_3d7f4ff69fc24ff7ab6fd6fa692b6fa5" botid.schemaname="new_bot_30867099f4b543d3b8543a85c22c3418">
    <iscustomizable>1</iscustomizable>
  </bot_botcomponent>
  <bot_botcomponent botcomponentid.schemaname="new_topic_3eb91838d02d4790bd17f1ba54271951" botid.schemaname="new_bot_30867099f4b543d3b8543a85c22c3418">
    <iscustomizable>1</iscustomizable>
  </bot_botcomponent>
  <bot_botcomponent botcomponentid.schemaname="new_topic_3f2dbfbae0324b3e8ccb435ceb55298a" botid.schemaname="new_bot_30867099f4b543d3b8543a85c22c3418">
    <iscustomizable>1</iscustomizable>
  </bot_botcomponent>
  <bot_botcomponent botcomponentid.schemaname="new_topic_4292b2d6247141f3874eae9fc984e1b3" botid.schemaname="new_bot_30867099f4b543d3b8543a85c22c3418">
    <iscustomizable>1</iscustomizable>
  </bot_botcomponent>
  <bot_botcomponent botcomponentid.schemaname="new_topic_43c517b00ce5499fb8671372fdeaa702" botid.schemaname="new_bot_30867099f4b543d3b8543a85c22c3418">
    <iscustomizable>1</iscustomizable>
  </bot_botcomponent>
  <bot_botcomponent botcomponentid.schemaname="new_topic_4445c7e0a7d64e4e89125b91aff794c5" botid.schemaname="new_bot_30867099f4b543d3b8543a85c22c3418">
    <iscustomizable>1</iscustomizable>
  </bot_botcomponent>
  <bot_botcomponent botcomponentid.schemaname="new_topic_44685be86a244694893d9894980fcc34" botid.schemaname="new_bot_30867099f4b543d3b8543a85c22c3418">
    <iscustomizable>1</iscustomizable>
  </bot_botcomponent>
  <bot_botcomponent botcomponentid.schemaname="new_topic_454050c13ebf42ffb363286406d5a054" botid.schemaname="new_bot_30867099f4b543d3b8543a85c22c3418">
    <iscustomizable>1</iscustomizable>
  </bot_botcomponent>
  <bot_botcomponent botcomponentid.schemaname="new_topic_48cb569dae1849f29721e8d3c64658c2" botid.schemaname="new_bot_30867099f4b543d3b8543a85c22c3418">
    <iscustomizable>1</iscustomizable>
  </bot_botcomponent>
  <bot_botcomponent botcomponentid.schemaname="new_topic_4998d8adb9bb4499914b8b880552bca7" botid.schemaname="new_bot_30867099f4b543d3b8543a85c22c3418">
    <iscustomizable>1</iscustomizable>
  </bot_botcomponent>
  <bot_botcomponent botcomponentid.schemaname="new_topic_4e59dc2a993e4af58b90d6d8b2af20aa" botid.schemaname="new_bot_30867099f4b543d3b8543a85c22c3418">
    <iscustomizable>1</iscustomizable>
  </bot_botcomponent>
  <bot_botcomponent botcomponentid.schemaname="new_topic_4e62aef8134e4c309ff032a4f5fe26d2" botid.schemaname="new_bot_30867099f4b543d3b8543a85c22c3418">
    <iscustomizable>1</iscustomizable>
  </bot_botcomponent>
  <bot_botcomponent botcomponentid.schemaname="new_topic_5013bb3764f44fa282781fc3eed6da86" botid.schemaname="new_bot_30867099f4b543d3b8543a85c22c3418">
    <iscustomizable>1</iscustomizable>
  </bot_botcomponent>
  <bot_botcomponent botcomponentid.schemaname="new_topic_503070fa2a0e4f78b066c6ed6f1729a0" botid.schemaname="new_bot_30867099f4b543d3b8543a85c22c3418">
    <iscustomizable>1</iscustomizable>
  </bot_botcomponent>
  <bot_botcomponent botcomponentid.schemaname="new_topic_5277d765c28e4aceb467fa02ed8126c5" botid.schemaname="new_bot_30867099f4b543d3b8543a85c22c3418">
    <iscustomizable>1</iscustomizable>
  </bot_botcomponent>
  <bot_botcomponent botcomponentid.schemaname="new_topic_527fe80ae47d4cfda796042b79ba2e3f" botid.schemaname="new_bot_30867099f4b543d3b8543a85c22c3418">
    <iscustomizable>1</iscustomizable>
  </bot_botcomponent>
  <bot_botcomponent botcomponentid.schemaname="new_topic_533eb1182a49493cb24f0c059b82ac25" botid.schemaname="new_bot_30867099f4b543d3b8543a85c22c3418">
    <iscustomizable>1</iscustomizable>
  </bot_botcomponent>
  <bot_botcomponent botcomponentid.schemaname="new_topic_54e76f2cf0f8464fafe12522c7886ef2" botid.schemaname="new_bot_30867099f4b543d3b8543a85c22c3418">
    <iscustomizable>1</iscustomizable>
  </bot_botcomponent>
  <bot_botcomponent botcomponentid.schemaname="new_topic_58196de5720d4370a3cc351856fa60fe" botid.schemaname="new_bot_30867099f4b543d3b8543a85c22c3418">
    <iscustomizable>1</iscustomizable>
  </bot_botcomponent>
  <bot_botcomponent botcomponentid.schemaname="new_topic_5dbaecb5543e425d8380cf66e8e73000" botid.schemaname="new_bot_30867099f4b543d3b8543a85c22c3418">
    <iscustomizable>1</iscustomizable>
  </bot_botcomponent>
  <bot_botcomponent botcomponentid.schemaname="new_topic_60a60046f4414f158aeb2991078ee360" botid.schemaname="new_bot_30867099f4b543d3b8543a85c22c3418">
    <iscustomizable>1</iscustomizable>
  </bot_botcomponent>
  <bot_botcomponent botcomponentid.schemaname="new_topic_6122291f7b184efb90bd29b56e3644f2" botid.schemaname="new_bot_30867099f4b543d3b8543a85c22c3418">
    <iscustomizable>1</iscustomizable>
  </bot_botcomponent>
  <bot_botcomponent botcomponentid.schemaname="new_topic_62a81302187a4d04aed65428fd08c1bb" botid.schemaname="new_bot_30867099f4b543d3b8543a85c22c3418">
    <iscustomizable>1</iscustomizable>
  </bot_botcomponent>
  <bot_botcomponent botcomponentid.schemaname="new_topic_64d0b1c89d914d469953395a1f87db5d" botid.schemaname="new_bot_30867099f4b543d3b8543a85c22c3418">
    <iscustomizable>1</iscustomizable>
  </bot_botcomponent>
  <bot_botcomponent botcomponentid.schemaname="new_topic_69577a509bbd4896b3ef428724aba495" botid.schemaname="new_bot_30867099f4b543d3b8543a85c22c3418">
    <iscustomizable>1</iscustomizable>
  </bot_botcomponent>
  <bot_botcomponent botcomponentid.schemaname="new_topic_713afe8ff9894890a4cd22c1312353a0" botid.schemaname="new_bot_30867099f4b543d3b8543a85c22c3418">
    <iscustomizable>1</iscustomizable>
  </bot_botcomponent>
  <bot_botcomponent botcomponentid.schemaname="new_topic_737475a41b9b46b599528719c88734a3" botid.schemaname="new_bot_30867099f4b543d3b8543a85c22c3418">
    <iscustomizable>1</iscustomizable>
  </bot_botcomponent>
  <bot_botcomponent botcomponentid.schemaname="new_topic_76760daaf0e241b797920ceddb4c37ac" botid.schemaname="new_bot_30867099f4b543d3b8543a85c22c3418">
    <iscustomizable>1</iscustomizable>
  </bot_botcomponent>
  <bot_botcomponent botcomponentid.schemaname="new_topic_76f3513b9375455e85ebe254b04bc377" botid.schemaname="new_bot_30867099f4b543d3b8543a85c22c3418">
    <iscustomizable>1</iscustomizable>
  </bot_botcomponent>
  <bot_botcomponent botcomponentid.schemaname="new_topic_7851d76e4ba049069d7ae1baf659cb93" botid.schemaname="new_bot_30867099f4b543d3b8543a85c22c3418">
    <iscustomizable>1</iscustomizable>
  </bot_botcomponent>
  <bot_botcomponent botcomponentid.schemaname="new_topic_78870d743e4c415c8e40140ccf8cbc3e" botid.schemaname="new_bot_30867099f4b543d3b8543a85c22c3418">
    <iscustomizable>1</iscustomizable>
  </bot_botcomponent>
  <bot_botcomponent botcomponentid.schemaname="new_topic_7bc287bf6d4b4ab6ac71eb8bdc8ee751" botid.schemaname="new_bot_30867099f4b543d3b8543a85c22c3418">
    <iscustomizable>1</iscustomizable>
  </bot_botcomponent>
  <bot_botcomponent botcomponentid.schemaname="new_topic_84de6fc0acbb4346a2213df3984ef584" botid.schemaname="new_bot_30867099f4b543d3b8543a85c22c3418">
    <iscustomizable>1</iscustomizable>
  </bot_botcomponent>
  <bot_botcomponent botcomponentid.schemaname="new_topic_887d6fe82fad4db0964e5b41ecba685d" botid.schemaname="new_bot_30867099f4b543d3b8543a85c22c3418">
    <iscustomizable>1</iscustomizable>
  </bot_botcomponent>
  <bot_botcomponent botcomponentid.schemaname="new_topic_8e141e34e8e343b5a350b3682b2afb13" botid.schemaname="new_bot_30867099f4b543d3b8543a85c22c3418">
    <iscustomizable>1</iscustomizable>
  </bot_botcomponent>
  <bot_botcomponent botcomponentid.schemaname="new_topic_911b3637600245e2904c651e49dd70ad" botid.schemaname="new_bot_30867099f4b543d3b8543a85c22c3418">
    <iscustomizable>1</iscustomizable>
  </bot_botcomponent>
  <bot_botcomponent botcomponentid.schemaname="new_topic_9235e663dab5499395acad0b03a4be4a" botid.schemaname="new_bot_30867099f4b543d3b8543a85c22c3418">
    <iscustomizable>1</iscustomizable>
  </bot_botcomponent>
  <bot_botcomponent botcomponentid.schemaname="new_topic_95c416388fe64a6fb0397bfbe499ffdd" botid.schemaname="new_bot_30867099f4b543d3b8543a85c22c3418">
    <iscustomizable>1</iscustomizable>
  </bot_botcomponent>
  <bot_botcomponent botcomponentid.schemaname="new_topic_9992b89a92554502b2884d7ba71449a1" botid.schemaname="new_bot_30867099f4b543d3b8543a85c22c3418">
    <iscustomizable>1</iscustomizable>
  </bot_botcomponent>
  <bot_botcomponent botcomponentid.schemaname="new_topic_9a16a222ffc541f3a6f3f26576e16d4e" botid.schemaname="new_bot_30867099f4b543d3b8543a85c22c3418">
    <iscustomizable>1</iscustomizable>
  </bot_botcomponent>
  <bot_botcomponent botcomponentid.schemaname="new_topic_9a9292208b1d48a3b0a3ef879f64692a" botid.schemaname="new_bot_30867099f4b543d3b8543a85c22c3418">
    <iscustomizable>1</iscustomizable>
  </bot_botcomponent>
  <bot_botcomponent botcomponentid.schemaname="new_topic_a0113d70ef794c3c96bb3454d2bc338a" botid.schemaname="new_bot_30867099f4b543d3b8543a85c22c3418">
    <iscustomizable>1</iscustomizable>
  </bot_botcomponent>
  <bot_botcomponent botcomponentid.schemaname="new_topic_a28d27820e5647db9343d9a2dddcc98f" botid.schemaname="new_bot_30867099f4b543d3b8543a85c22c3418">
    <iscustomizable>1</iscustomizable>
  </bot_botcomponent>
  <bot_botcomponent botcomponentid.schemaname="new_topic_a49e731bb4f04e9ebd3ff71f0fd091d5" botid.schemaname="new_bot_30867099f4b543d3b8543a85c22c3418">
    <iscustomizable>1</iscustomizable>
  </bot_botcomponent>
  <bot_botcomponent botcomponentid.schemaname="new_topic_a9eba999dbd84f02842a566685a72e56" botid.schemaname="new_bot_30867099f4b543d3b8543a85c22c3418">
    <iscustomizable>1</iscustomizable>
  </bot_botcomponent>
  <bot_botcomponent botcomponentid.schemaname="new_topic_ac94edf202154d73b84a3583c1a9c2a3" botid.schemaname="new_bot_30867099f4b543d3b8543a85c22c3418">
    <iscustomizable>1</iscustomizable>
  </bot_botcomponent>
  <bot_botcomponent botcomponentid.schemaname="new_topic_b29d3fc6b7e74bb49090b1cd077979e5" botid.schemaname="new_bot_30867099f4b543d3b8543a85c22c3418">
    <iscustomizable>1</iscustomizable>
  </bot_botcomponent>
  <bot_botcomponent botcomponentid.schemaname="new_topic_b79a40dbea6242bb9a990554ac7c0b26" botid.schemaname="new_bot_30867099f4b543d3b8543a85c22c3418">
    <iscustomizable>1</iscustomizable>
  </bot_botcomponent>
  <bot_botcomponent botcomponentid.schemaname="new_topic_b7c1865872d444f4922c54c0e63a70ea" botid.schemaname="new_bot_30867099f4b543d3b8543a85c22c3418">
    <iscustomizable>1</iscustomizable>
  </bot_botcomponent>
  <bot_botcomponent botcomponentid.schemaname="new_topic_b86b2033f513474493698761b51051ac" botid.schemaname="new_bot_30867099f4b543d3b8543a85c22c3418">
    <iscustomizable>1</iscustomizable>
  </bot_botcomponent>
  <bot_botcomponent botcomponentid.schemaname="new_topic_b8e43d1b7a38403aa5f3e389d12c04ee" botid.schemaname="new_bot_30867099f4b543d3b8543a85c22c3418">
    <iscustomizable>1</iscustomizable>
  </bot_botcomponent>
  <bot_botcomponent botcomponentid.schemaname="new_topic_b9409ccf82b64e2386c33d9062fcf4d8" botid.schemaname="new_bot_30867099f4b543d3b8543a85c22c3418">
    <iscustomizable>1</iscustomizable>
  </bot_botcomponent>
  <bot_botcomponent botcomponentid.schemaname="new_topic_b9d4f367296a4f5aa11469dc21bf1323" botid.schemaname="new_bot_30867099f4b543d3b8543a85c22c3418">
    <iscustomizable>1</iscustomizable>
  </bot_botcomponent>
  <bot_botcomponent botcomponentid.schemaname="new_topic_bdcd96fce8414c1784174ce7025ca78d" botid.schemaname="new_bot_30867099f4b543d3b8543a85c22c3418">
    <iscustomizable>1</iscustomizable>
  </bot_botcomponent>
  <bot_botcomponent botcomponentid.schemaname="new_topic_c339ef2571604a76a02b7f51df248f3d" botid.schemaname="new_bot_30867099f4b543d3b8543a85c22c3418">
    <iscustomizable>1</iscustomizable>
  </bot_botcomponent>
  <bot_botcomponent botcomponentid.schemaname="new_topic_c4aeb275d91b4914a04b495c2fdfd0be" botid.schemaname="new_bot_30867099f4b543d3b8543a85c22c3418">
    <iscustomizable>1</iscustomizable>
  </bot_botcomponent>
  <bot_botcomponent botcomponentid.schemaname="new_topic_c763aa2913ee40d9b5b0ae460f48c67e" botid.schemaname="new_bot_30867099f4b543d3b8543a85c22c3418">
    <iscustomizable>1</iscustomizable>
  </bot_botcomponent>
  <bot_botcomponent botcomponentid.schemaname="new_topic_c822d2d077ab4b9e940d6525f84dffb2" botid.schemaname="new_bot_30867099f4b543d3b8543a85c22c3418">
    <iscustomizable>1</iscustomizable>
  </bot_botcomponent>
  <bot_botcomponent botcomponentid.schemaname="new_topic_c92e630ef3544689ba5d78417eab2aa8" botid.schemaname="new_bot_30867099f4b543d3b8543a85c22c3418">
    <iscustomizable>1</iscustomizable>
  </bot_botcomponent>
  <bot_botcomponent botcomponentid.schemaname="new_topic_cb1c43c2ed8c4499a09d8379f666be71" botid.schemaname="new_bot_30867099f4b543d3b8543a85c22c3418">
    <iscustomizable>1</iscustomizable>
  </bot_botcomponent>
  <bot_botcomponent botcomponentid.schemaname="new_topic_cc38f75c4e2f44fa8b436c7b34ec2418" botid.schemaname="new_bot_30867099f4b543d3b8543a85c22c3418">
    <iscustomizable>1</iscustomizable>
  </bot_botcomponent>
  <bot_botcomponent botcomponentid.schemaname="new_topic_cfbb88156c9c4063a03404499628ed24" botid.schemaname="new_bot_30867099f4b543d3b8543a85c22c3418">
    <iscustomizable>1</iscustomizable>
  </bot_botcomponent>
  <bot_botcomponent botcomponentid.schemaname="new_topic_d19cad75f0564095b3e16d5b673b3e6b" botid.schemaname="new_bot_30867099f4b543d3b8543a85c22c3418">
    <iscustomizable>1</iscustomizable>
  </bot_botcomponent>
  <bot_botcomponent botcomponentid.schemaname="new_topic_d3c4841fad6b4501b2eb1d9ab76f8214" botid.schemaname="new_bot_30867099f4b543d3b8543a85c22c3418">
    <iscustomizable>1</iscustomizable>
  </bot_botcomponent>
  <bot_botcomponent botcomponentid.schemaname="new_topic_d5b8bd0db7b94f2ba72f57d6070c1564" botid.schemaname="new_bot_30867099f4b543d3b8543a85c22c3418">
    <iscustomizable>1</iscustomizable>
  </bot_botcomponent>
  <bot_botcomponent botcomponentid.schemaname="new_topic_d674ccd72e784475aa5f5a831f2a8f9b" botid.schemaname="new_bot_30867099f4b543d3b8543a85c22c3418">
    <iscustomizable>1</iscustomizable>
  </bot_botcomponent>
  <bot_botcomponent botcomponentid.schemaname="new_topic_d71568d5a8b045bc961531ed2bb53185" botid.schemaname="new_bot_30867099f4b543d3b8543a85c22c3418">
    <iscustomizable>1</iscustomizable>
  </bot_botcomponent>
  <bot_botcomponent botcomponentid.schemaname="new_topic_dc18094126f140e78277062f4db22f6b" botid.schemaname="new_bot_30867099f4b543d3b8543a85c22c3418">
    <iscustomizable>1</iscustomizable>
  </bot_botcomponent>
  <bot_botcomponent botcomponentid.schemaname="new_topic_dcf7cdd12eea4a05b13319bf7bda37e1" botid.schemaname="new_bot_30867099f4b543d3b8543a85c22c3418">
    <iscustomizable>1</iscustomizable>
  </bot_botcomponent>
  <bot_botcomponent botcomponentid.schemaname="new_topic_e111db0fe4c34c65ad77d0d57a96a965" botid.schemaname="new_bot_30867099f4b543d3b8543a85c22c3418">
    <iscustomizable>1</iscustomizable>
  </bot_botcomponent>
  <bot_botcomponent botcomponentid.schemaname="new_topic_e1a74a84af2048688484c0faa133fcde" botid.schemaname="new_bot_30867099f4b543d3b8543a85c22c3418">
    <iscustomizable>1</iscustomizable>
  </bot_botcomponent>
  <bot_botcomponent botcomponentid.schemaname="new_topic_e28775d9150d4206924e43c5bbc98e65" botid.schemaname="new_bot_30867099f4b543d3b8543a85c22c3418">
    <iscustomizable>1</iscustomizable>
  </bot_botcomponent>
  <bot_botcomponent botcomponentid.schemaname="new_topic_e35c7466410040e4b99add13bfc81df4" botid.schemaname="new_bot_30867099f4b543d3b8543a85c22c3418">
    <iscustomizable>1</iscustomizable>
  </bot_botcomponent>
  <bot_botcomponent botcomponentid.schemaname="new_topic_e81be40e915543e785e135bbe9c83814" botid.schemaname="new_bot_30867099f4b543d3b8543a85c22c3418">
    <iscustomizable>1</iscustomizable>
  </bot_botcomponent>
  <bot_botcomponent botcomponentid.schemaname="new_topic_e9ae73055a734d3ca790d4082854b4dd" botid.schemaname="new_bot_30867099f4b543d3b8543a85c22c3418">
    <iscustomizable>1</iscustomizable>
  </bot_botcomponent>
  <bot_botcomponent botcomponentid.schemaname="new_topic_eb18b61ce77e4bc7b3cc71d70a9851f6" botid.schemaname="new_bot_30867099f4b543d3b8543a85c22c3418">
    <iscustomizable>1</iscustomizable>
  </bot_botcomponent>
  <bot_botcomponent botcomponentid.schemaname="new_topic_f03eaeb43119430ba12332b00a0980d3" botid.schemaname="new_bot_30867099f4b543d3b8543a85c22c3418">
    <iscustomizable>1</iscustomizable>
  </bot_botcomponent>
  <bot_botcomponent botcomponentid.schemaname="new_topic_f452e0b6e7d04cb7b8ece79316284cfd" botid.schemaname="new_bot_30867099f4b543d3b8543a85c22c3418">
    <iscustomizable>1</iscustomizable>
  </bot_botcomponent>
  <bot_botcomponent botcomponentid.schemaname="new_topic_f8478306735e48dd823712cd7d8c8dc2" botid.schemaname="new_bot_30867099f4b543d3b8543a85c22c3418">
    <iscustomizable>1</iscustomizable>
  </bot_botcomponent>
  <bot_botcomponent botcomponentid.schemaname="new_topic_f8d54e8f14fa43358fd2422bb093a3d9" botid.schemaname="new_bot_30867099f4b543d3b8543a85c22c3418">
    <iscustomizable>1</iscustomizable>
  </bot_botcomponent>
  <bot_botcomponent botcomponentid.schemaname="new_topic_fa0c0d1163d2428a846606afd8839f50" botid.schemaname="new_bot_30867099f4b543d3b8543a85c22c3418">
    <iscustomizable>1</iscustomizable>
  </bot_botcomponent>
  <bot_botcomponent botcomponentid.schemaname="new_topic_fad87475397047ecb8d6b3b67314664d" botid.schemaname="new_bot_30867099f4b543d3b8543a85c22c3418">
    <iscustomizable>1</iscustomizable>
  </bot_botcomponent>
  <bot_botcomponent botcomponentid.schemaname="new_topic_fcbbc55624dc43e8a220f20ef82a000a" botid.schemaname="new_bot_30867099f4b543d3b8543a85c22c3418">
    <iscustomizable>1</iscustomizable>
  </bot_botcomponent>
  <bot_botcomponent botcomponentid.schemaname="new_topic_fe0a0b2394634dafae639a7c57ff9590" botid.schemaname="new_bot_30867099f4b543d3b8543a85c22c3418">
    <iscustomizable>1</iscustomizable>
  </bot_botcomponent>
</bot_botcomponentset>