<botcomponent_workflowset>
  <botcomponent_workflow botcomponentid.schemaname="new_topic_304e0e56af45400d9814aafbaac09d8e" workflowid.workflowid="983c34c2-249f-ec11-b3fe-0022489f75c7">
    <iscustomizable>1</iscustomizable>
  </botcomponent_workflow>
  <botcomponent_workflow botcomponentid.schemaname="new_topic_30867099f4b543d3b8543a85c22c3418_954135cafcd647eaae5999ad91fc08cf_talktoagent" workflowid.workflowid="0ee8ac0e-269f-ec11-b3fe-0022489f75c7">
    <iscustomizable>1</iscustomizable>
  </botcomponent_workflow>
  <botcomponent_workflow botcomponentid.schemaname="new_topic_b9d4f367296a4f5aa11469dc21bf1323" workflowid.workflowid="e8e8ce27-df83-ee11-8179-6045bd006c2b">
    <iscustomizable>1</iscustomizable>
  </botcomponent_workflow>
  <botcomponent_workflow botcomponentid.schemaname="new_topic_e81be40e915543e785e135bbe9c83814" workflowid.workflowid="d095b2f1-dc83-ee11-8179-6045bd006c2b">
    <iscustomizable>1</iscustomizable>
  </botcomponent_workflow>
</botcomponent_workflowset>