{
  "intents": [
    {
      "endUserOverrideName": "Unterhaltungen im Team",
      "triggerQueries": [
        "neue Unterhaltung starten",
        "neue Unterhaltung im Kanal",
        "auf einen Beitrag antworten",
        "auf einen post antworten",
        "Beiträge im Kanal erstellen",
        "Posts im Kanal erstellen",
        "Wie kommuniziere ich mit meinen Teammitgliedern?",
        "allen im Team schreiben",
        "an alle im Team schreiben",
        "Erkläree die Registerkarte \"Beiträge",
        "neue Unterhaltung in Ihrem Team schreiben",
        "Wie kann ich ein neues Thema starten?",
        "Wie beginne ich ein Gespräch in einem Team?"
      ],
      "dialogId": "new_topic_78870d743e4c415c8e40140ccf8cbc3e",
      "isTriggeringEnabled": true,
      "id": "new_topic_78870d743e4c415c8e40140ccf8cbc3e",
      "displayName": "Wie beginne ich ein Gespräch in einem Team?",
      "description": "https://adoptbotv2kb.blob.core.windows.net/%24web/AdoptBot2021-English.docx",
      "createdTime": "2021-04-19T10:42:58.2124286Z",
      "updatedTime": "2021-04-19T10:42:58.2124286Z",
      "createdUserId": "86360cd1-faa6-4d16-8a0c-ba3116c8a977"
    }
  ],
  "dialogs": [
    {
      "rootNodeId": "739b7714-8319-4ed5-862e-a721c4393aea",
      "messageNodes": [
        {
          "botMessageId": "2714696e-0215-4cc1-8820-477ca39c2294",
          "nodeType": "BotMessageNode",
          "id": "739b7714-8319-4ed5-862e-a721c4393aea",
          "defaultTargetNodeId": "f83488fb-448a-43ab-bf6c-dc82deedf350"
        },
        {
          "botMessageId": "7dc7aab4-dfcb-4217-9c7f-4be2ee4fdcea",
          "nodeType": "BotMessageNode",
          "id": "f83488fb-448a-43ab-bf6c-dc82deedf350",
          "defaultTargetNodeId": "24e4038d-aaca-4470-9ec9-493060096db2"
        },
        {
          "botMessageId": "d852774f-aeb9-4808-adae-d916a26d2582",
          "nodeType": "BotMessageNode",
          "id": "24e4038d-aaca-4470-9ec9-493060096db2",
          "defaultTargetNodeId": "1455157b-fb35-4161-83bb-63613613cdcd"
        },
        {
          "botMessageId": "8d7dd094-b5b2-4bec-85c3-c14d6311547b",
          "nodeType": "BotMessageNode",
          "id": "1455157b-fb35-4161-83bb-63613613cdcd",
          "defaultTargetNodeId": "466f02de-94dd-4877-96af-f22f6938e92a"
        }
      ],
      "dialogChangeNodes": [
        {
          "targetDialogId": "new_topic_30867099f4b543d3b8543a85c22c3418_aeabea4d071f415c8c107e1cb7af5424_assumedsuccess",
          "nodeType": "DialogChangeNode",
          "id": "466f02de-94dd-4877-96af-f22f6938e92a"
        }
      ],
      "id": "new_topic_78870d743e4c415c8e40140ccf8cbc3e",
      "displayName": "Dialog for Wie beginne ich ein Gespräch in einem Team?",
      "createdTime": "2021-04-19T10:42:58.2124286Z",
      "updatedTime": "2021-04-19T10:46:00.0037971Z",
      "createdUserId": "86360cd1-faa6-4d16-8a0c-ba3116c8a977",
      "updatedUserId": "86360cd1-faa6-4d16-8a0c-ba3116c8a977"
    }
  ],
  "botMessages": [
    {
      "channelContent": {
        "web": {
          "contentFormat": "Markdown",
          "content": "In jedem Kanal in Teams ist die allererste Registerkarte \"Beiträge\". Stellen Sie sich das wie einen großen Gruppenchat vor, nur besser.\n\nJeder, der Zugriff auf das Team hat, kann Nachrichten auf der Registerkarte \"Beiträge\" sehen."
        }
      },
      "id": "2714696e-0215-4cc1-8820-477ca39c2294",
      "createdTime": "2021-04-19T10:42:58.2124286Z",
      "updatedTime": "2021-04-19T10:42:58.2124286Z",
      "createdUserId": "86360cd1-faa6-4d16-8a0c-ba3116c8a977",
      "updatedUserId": "86360cd1-faa6-4d16-8a0c-ba3116c8a977"
    },
    {
      "channelContent": {
        "web": {
          "contentFormat": "Markdown",
          "content": "[Gehen Sie wie folgt vor, um eine Nachricht an alle in einem Kanal zu senden:](https://support.microsoft.com/de-de/office/senden-einer-nachricht-an-einen-kanal-in-teams-5c8131ce-eaad-4798-bc73-e33f4652a9c4?ui=de-DE&rs=de-DE&ad=DE) Wählen Sie zunächst den Kanal aus, in dem Sie schreiben möchten.\n\n*   Klicken Sie dann auf \"**Antworten**\", um auf den vorhandenen Thread zu antworten, **oder** klicken Sie auf die Schaltfläche **\"Neue Unterhaltung\"**, um eine neue zu beginnen.\n*   Geben Sie Ihre Nachricht in das Feld ein und wählen Sie \"Senden\"."
        }
      },
      "id": "7dc7aab4-dfcb-4217-9c7f-4be2ee4fdcea",
      "createdTime": "2021-04-19T10:43:25.008Z",
      "updatedTime": "2021-04-19T10:43:25.008Z",
      "createdUserId": "user-0",
      "updatedUserId": "user-0"
    },
    {
      "channelContent": {
        "web": {
          "contentFormat": "Markdown",
          "content": "Voila!! Ihre Nachricht ist jetzt live im Kanal 👍."
        }
      },
      "id": "d852774f-aeb9-4808-adae-d916a26d2582",
      "createdTime": "2021-04-19T10:45:00.742Z",
      "updatedTime": "2021-04-19T10:45:00.742Z",
      "createdUserId": "user-0",
      "updatedUserId": "user-0"
    },
    {
      "channelContent": {
        "web": {
          "contentFormat": "Markdown",
          "content": "💡 **Tipp**: Wenn Sie nur mit einer Person oder einer kleinen Gruppe sprechen möchten, können Sie einen [privaten Chat starten](https://support.microsoft.com/de-de/office/starten-eines-chats-in-teams-0c71b32b-c050-4930-a887-5afbe742b3d8?ui=de-DE&rs=de-DE&ad=DE)."
        }
      },
      "id": "8d7dd094-b5b2-4bec-85c3-c14d6311547b",
      "createdTime": "2021-04-19T10:45:24.479Z",
      "updatedTime": "2021-04-19T10:45:24.479Z",
      "createdUserId": "user-0",
      "updatedUserId": "user-0"
    }
  ],
  "createdUtc": "0001-01-01T00:00:00Z"
}