{
  "intents": [
    {
      "endUserOverrideName": "Gelöschten Kanal oder Team wiederherstellen",
      "triggerQueries": [
        "mein team wurde gelöscht!",
        "kann ich einen gelöschten kanal zurück bekommen?",
        "mein team wurde gelöscht",
        "recover",
        "restore deleted channel",
        "restore deleted team",
        "ich habe ausversehen gelöscht",
        "gelöschten kanal wiederherstellen",
        "gelöschter kanal",
        "gelöschtes team",
        "gelöschtes team wiederherstellen",
        "Kann ich ein gelöschtes Team oder einen Kanal wiederherstellen?"
      ],
      "dialogId": "new_topic_298655472fe44944856584770df8838f",
      "isTriggeringEnabled": true,
      "id": "new_topic_298655472fe44944856584770df8838f",
      "displayName": "Kann ich ein gelöschtes Team oder einen Kanal wiederherstellen?",
      "description": "https://adoptbotv2kb.blob.core.windows.net/%24web/AdoptBot2021-English.docx",
      "createdTime": "2021-04-18T21:37:47.9428421Z",
      "updatedTime": "2021-04-18T21:37:47.9428421Z",
      "createdUserId": "86360cd1-faa6-4d16-8a0c-ba3116c8a977"
    }
  ],
  "dialogs": [
    {
      "rootNodeId": "52055d0f-e205-470c-85df-50ef93461e55",
      "messageNodes": [
        {
          "botMessageId": "3ba67cd1-6422-4993-8843-9cdf061a0e32",
          "nodeType": "BotMessageNode",
          "id": "52055d0f-e205-470c-85df-50ef93461e55",
          "defaultTargetNodeId": "02fd94bc-dc65-4eae-a6a1-bc03143a230f"
        },
        {
          "botMessageId": "26c694ff-bf01-4813-b328-72504a2a2f30",
          "nodeType": "BotMessageNode",
          "id": "02fd94bc-dc65-4eae-a6a1-bc03143a230f",
          "defaultTargetNodeId": "3ac0abe9-65a9-464b-890f-dfe5a1ae7b5f"
        }
      ],
      "dialogChangeNodes": [
        {
          "targetDialogId": "new_topic_30867099f4b543d3b8543a85c22c3418_aeabea4d071f415c8c107e1cb7af5424_assumedsuccess",
          "nodeType": "DialogChangeNode",
          "id": "3ac0abe9-65a9-464b-890f-dfe5a1ae7b5f"
        }
      ],
      "id": "new_topic_298655472fe44944856584770df8838f",
      "displayName": "Dialog for Kann ich ein gelöschtes Team oder einen Kanal wiederherstellen?",
      "createdTime": "2021-04-18T21:37:47.9428421Z",
      "updatedTime": "2021-04-18T21:40:56.055154Z",
      "createdUserId": "86360cd1-faa6-4d16-8a0c-ba3116c8a977",
      "updatedUserId": "86360cd1-faa6-4d16-8a0c-ba3116c8a977"
    }
  ],
  "botMessages": [
    {
      "channelContent": {
        "web": {
          "contentFormat": "Markdown",
          "content": "Um ein gelöschtes Team wiederherzustellen, sprechen Sie mit Ihrem IT-Kontakt. Sie können diesen [Blog-Beitrag](https://www.thewindowsclub.com/how-to-restore-deleted-teams-and-channels-in-microsoft-teams) weitergeben, falls Anweisungen benötigt werden."
        }
      },
      "id": "3ba67cd1-6422-4993-8843-9cdf061a0e32",
      "createdTime": "2021-04-18T21:37:47.9428421Z",
      "updatedTime": "2021-04-18T21:37:47.9428421Z",
      "createdUserId": "86360cd1-faa6-4d16-8a0c-ba3116c8a977",
      "updatedUserId": "86360cd1-faa6-4d16-8a0c-ba3116c8a977"
    },
    {
      "channelContent": {
        "web": {
          "contentFormat": "Markdown",
          "content": "**So stellen Sie einen gelöschten Kanal wieder her**\n\n1.  Gehen Sie auf den Teamnamen und wählen Sie **Weitere Optionen (...)**\n2.  Wählen Sie **Team verwalten.**\n3.  Gehen Sie zur Registerkarte Channels und suchen Sie den Channel im Abschnitt Deleted (Gelöscht).\n4.  Wählen Sie **Wiederherstellen**. Alle Kanalunterhaltungen, Dateien und Registerkarten werden wiederhergestellt."
        }
      },
      "id": "26c694ff-bf01-4813-b328-72504a2a2f30",
      "createdTime": "2021-04-18T21:39:41.967Z",
      "updatedTime": "2021-04-18T21:39:41.967Z",
      "createdUserId": "user-0",
      "updatedUserId": "user-0"
    }
  ],
  "createdUtc": "0001-01-01T00:00:00Z"
}