{
  "intents": [
    {
      "triggerQueries": [
        "Teams 팀즈 팀 미팅 Meeting Outlook '아웃룩 찾기",
        "Teams 팀즈 팀 Meeting 미팅 모임 추가 기능 애드인",
        "아웃룩 Teams 팀 미팅 예약 Add-in 애드인 추가기능",
        "Teams 팀즈 팀 Meeting 회의 미팅 추가 기능",
        "Teams 팀즈 팀 Meeting 미팅 회의 Outlook 아웃룩 버튼",
        "Teams 회의는 어디에서 찾을 수 있나요?"
      ],
      "dialogId": "new_topic_03a6b229c86c4f62a48019b1de0abfcb",
      "isTriggeringEnabled": true,
      "id": "new_topic_03a6b229c86c4f62a48019b1de0abfcb",
      "displayName": "Teams 회의는 어디에서 찾을 수 있나요?",
      "description": "https://adoptbotv2kb.blob.core.windows.net/%24web/adoptbot2021-Korean.docx",
      "createdTime": "2021-03-18T03:39:18.7466553Z",
      "updatedTime": "2021-04-03T13:17:11.9112518Z",
      "createdUserId": "e47109d8-0300-4e59-a90d-56bb29886c9e",
      "updatedUserId": "e47109d8-0300-4e59-a90d-56bb29886c9e"
    }
  ],
  "dialogs": [
    {
      "rootNodeId": "cf404f42-820f-410d-9e0d-8ac387409040",
      "messageNodes": [
        {
          "botMessageId": "02c89954-9ce3-4f43-836f-61ad065cf13b",
          "nodeType": "BotMessageNode",
          "id": "fc06a9c3-1a86-4079-8b31-4018e970f280",
          "defaultTargetNodeId": "a71a5f87-fe2e-4ca0-a5f2-270287b65fb1"
        },
        {
          "botMessageId": "56ded725-1092-48fb-8ae0-9bebbd658d2a",
          "nodeType": "BotMessageNode",
          "id": "cf404f42-820f-410d-9e0d-8ac387409040",
          "defaultTargetNodeId": "74a0ea9e-d017-4163-8fb6-f6872e07275f"
        },
        {
          "botMessageId": "8e6693c3-2e06-4c96-ba69-352715cfb27c",
          "nodeType": "BotMessageNode",
          "id": "74a0ea9e-d017-4163-8fb6-f6872e07275f",
          "defaultTargetNodeId": "fc06a9c3-1a86-4079-8b31-4018e970f280"
        }
      ],
      "dialogChangeNodes": [
        {
          "targetDialogId": "new_topic_2bf23930c1d146129dfe38bacb94ccd0_aeabea4d071f415c8c107e1cb7af5424_assumedsuccess",
          "nodeType": "DialogChangeNode",
          "id": "a71a5f87-fe2e-4ca0-a5f2-270287b65fb1"
        }
      ],
      "id": "new_topic_03a6b229c86c4f62a48019b1de0abfcb",
      "displayName": "Dialog for Teams 회의는 어디에서 찾을 수 있나요?",
      "createdTime": "2021-03-18T03:39:18.7466553Z",
      "updatedTime": "2021-04-03T13:12:13.0698996Z",
      "createdUserId": "e47109d8-0300-4e59-a90d-56bb29886c9e",
      "updatedUserId": "e47109d8-0300-4e59-a90d-56bb29886c9e"
    }
  ],
  "botMessages": [
    {
      "channelContent": {
        "web": {
          "contentFormat": "Markdown",
          "content": "**Outlook 웹의 경우** 참석자를 초대할 때 Teams Meeting이 자동으로 만들어집니다(비활성화할 수 있음)."
        }
      },
      "id": "02c89954-9ce3-4f43-836f-61ad065cf13b",
      "createdTime": "2021-03-18T03:39:18.7466553Z",
      "updatedTime": "2021-03-18T03:39:18.7466553Z",
      "createdUserId": "e47109d8-0300-4e59-a90d-56bb29886c9e",
      "updatedUserId": "e47109d8-0300-4e59-a90d-56bb29886c9e"
    },
    {
      "channelContent": {
        "web": {
          "contentFormat": "Markdown",
          "content": "**팀 회의 추가 기능**이 자동으로 Microsoft Teams와 Office 2013, Office 2016 또는 Office 2019가 설치된 Windows PC에 사용자를 위해 자동으로 설치됩니다."
        }
      },
      "id": "56ded725-1092-48fb-8ae0-9bebbd658d2a",
      "createdTime": "2021-04-03T13:08:44.892Z",
      "updatedTime": "2021-04-03T13:08:44.892Z",
      "createdUserId": "user-0",
      "updatedUserId": "user-0"
    },
    {
      "channelContent": {
        "web": {
          "contentFormat": "Markdown",
          "content": "사용자는 Outlook 캘린더의 리본에서 팀 회의 \"추가 기능\"을 볼 수 있습니다.\n\n[Outlook에서 추가 기능 으로 Teams 밑 추가 기능 사용](https://docs.microsoft.com/ko-kr/microsoftteams/teams-add-in-for-outlook)"
        }
      },
      "id": "8e6693c3-2e06-4c96-ba69-352715cfb27c",
      "createdTime": "2021-04-03T13:09:52.636Z",
      "updatedTime": "2021-04-03T13:09:52.636Z",
      "createdUserId": "user-0",
      "updatedUserId": "user-0"
    }
  ],
  "createdUtc": "0001-01-01T00:00:00Z"
}