{
  "intents": [
    {
      "endUserOverrideName": "Commandes en conférence audio Teams",
      "triggerQueries": [
        "quelles commandes sont dispo pendant une réunion Teams",
        "quelles commandes sont disponibles pendant une réunion Teams via le pavé numérique",
        "quels sont les raccourcis clavier disponibles lors d'une réunion ?",
        "quelles sont les commandes clavier lorsque l'on rejoint une réunion Teams en audio conférence?",
        "quelles sont les commandes clavier lorsque l'on rejoint une réunion via le pont de conférence Teams",
        "commandes du clavier",
        "Quelles commandes du clavier pendant la réunion sont prises en charge?",
        "quels sont les raccourcis du pavé numérique lors de réunion ?",
        "Quelles commandes du pavé numérique en cours de réunion sont prises en charge?"
      ],
      "dialogId": "new_topic_4e7a18f63ab3497d94e674de568db332",
      "isTriggeringEnabled": true,
      "id": "new_topic_4e7a18f63ab3497d94e674de568db332",
      "displayName": "Quelles commandes du pavé numérique en cours de réunion sont  prises en charge?",
      "description": "",
      "createdTime": "2021-01-13T22:20:51.2381463Z",
      "updatedTime": "2021-05-24T13:57:24.8085993Z",
      "createdUserId": "f04d3cd9-b73d-4ba9-a1ed-9319eba29b21",
      "updatedUserId": "a2c4aa2c-d830-41eb-bcf4-467a2c7e1279"
    }
  ],
  "dialogs": [
    {
      "rootNodeId": "b506ee4d-11ec-4851-810b-cdf1e5a80072",
      "messageNodes": [
        {
          "botMessageId": "bb7c0779-6240-49ac-b4ce-b6bd81765d7b",
          "nodeType": "BotMessageNode",
          "id": "b506ee4d-11ec-4851-810b-cdf1e5a80072",
          "defaultTargetNodeId": "768f4b9b-9cc5-4017-922a-0264ec1a120d"
        }
      ],
      "dialogChangeNodes": [
        {
          "targetDialogId": "new_topic_eac3f49c99664313a9d9dc19d80a79a2_aeabea4d071f415c8c107e1cb7af5424_assumedsuccess",
          "nodeType": "DialogChangeNode",
          "id": "768f4b9b-9cc5-4017-922a-0264ec1a120d"
        }
      ],
      "id": "new_topic_4e7a18f63ab3497d94e674de568db332",
      "displayName": "Dialog for Which in-meeting dial-pad commands are supported?",
      "createdTime": "2021-01-13T22:20:51.2381463Z",
      "updatedTime": "2021-05-24T13:54:36.7947626Z",
      "createdUserId": "f04d3cd9-b73d-4ba9-a1ed-9319eba29b21",
      "updatedUserId": "a2c4aa2c-d830-41eb-bcf4-467a2c7e1279"
    }
  ],
  "botMessages": [
    {
      "channelContent": {
        "web": {
          "contentFormat": "Markdown",
          "content": "Voici les commandes disponibes via le pavé numérique pendant une réunion Teams:\n\n\\*6 (Couper/Ouvrir le micro)\n\n\\*1 (Lit les descriptions des commandes du clavier disponibles)\n\n\\*2, \\*21, \\*22 (notifications d’entrée et de salle d'attente)"
        }
      },
      "id": "bb7c0779-6240-49ac-b4ce-b6bd81765d7b",
      "createdTime": "2021-01-13T22:20:51.2381463Z",
      "updatedTime": "2021-01-13T22:20:51.2381463Z",
      "createdUserId": "f04d3cd9-b73d-4ba9-a1ed-9319eba29b21",
      "updatedUserId": "f04d3cd9-b73d-4ba9-a1ed-9319eba29b21"
    }
  ],
  "createdUtc": "0001-01-01T00:00:00Z"
}