{
  "intents": [
    {
      "endUserOverrideName": "",
      "triggerQueries": [
        "Inlägg med bakgrundsbild?",
        "Skapa inlägg med bakgrund",
        "Hur gör jag inlägg med bilder i rubriken",
        "Visuella inlägg",
        "snygga meddelanden hur?",
        "Hur gör jag snygga inlägg?"
      ],
      "dialogId": "new_topic_7313bdc2268847dca75f5c9cdafd3fe9",
      "isTriggeringEnabled": true,
      "id": "new_topic_7313bdc2268847dca75f5c9cdafd3fe9",
      "displayName": "Hur gör jag snygga inlägg?",
      "description": "",
      "createdTime": "2020-11-24T14:37:53.8230909Z",
      "updatedTime": "2023-11-16T15:09:36.9951668Z",
      "createdUserId": "f04d3cd9-b73d-4ba9-a1ed-9319eba29b21",
      "updatedUserId": "c8d29cfd-efef-47c1-8e02-210c8be30c37"
    }
  ],
  "dialogs": [
    {
      "rootNodeId": "974f8fac-1e0e-412b-b82c-d9bc1597666b",
      "messageNodes": [
        {
          "botMessageId": "87d6830a-af17-4d33-a2b3-b0921d033ec6",
          "nodeType": "BotMessageNode",
          "id": "974f8fac-1e0e-412b-b82c-d9bc1597666b",
          "defaultTargetNodeId": "e5a015c4-4488-477a-8b6c-da1902a0973a"
        },
        {
          "botMessageId": "f18190ab-c165-4ba4-89cb-8ea80edadd9f",
          "nodeType": "BotMessageNode",
          "id": "30db5951-d7d6-46d4-8e1d-2eab1af4199d",
          "defaultTargetNodeId": "e80f5459-797b-410a-a42e-13064b1c0e6e"
        },
        {
          "botMessageId": "1601d1a9-ee57-415d-a529-73a7b4f0a57c",
          "nodeType": "BotMessageNode",
          "id": "e5a015c4-4488-477a-8b6c-da1902a0973a",
          "defaultTargetNodeId": "aef1f505-19c0-4921-8113-ade93474561a"
        },
        {
          "botMessageId": "00f7e1ff-55dc-4311-8ea6-d08f5d279436",
          "nodeType": "BotMessageNode",
          "id": "aef1f505-19c0-4921-8113-ade93474561a",
          "defaultTargetNodeId": "30db5951-d7d6-46d4-8e1d-2eab1af4199d"
        }
      ],
      "dialogChangeNodes": [
        {
          "targetDialogId": "new_topic_84ec227c19784e7ba25cb34f4638f91e_aeabea4d071f415c8c107e1cb7af5424_assumedsuccess",
          "nodeType": "DialogChangeNode",
          "id": "e80f5459-797b-410a-a42e-13064b1c0e6e"
        }
      ],
      "id": "new_topic_7313bdc2268847dca75f5c9cdafd3fe9",
      "displayName": "Dialog for Hur gör jag snygga inlägg?",
      "createdTime": "2020-11-24T14:37:53.8230909Z",
      "updatedTime": "2023-11-16T15:09:36.9951658Z",
      "createdUserId": "f04d3cd9-b73d-4ba9-a1ed-9319eba29b21",
      "updatedUserId": "c8d29cfd-efef-47c1-8e02-210c8be30c37"
    }
  ],
  "botMessages": [
    {
      "channelContent": {
        "web": {
          "contentFormat": "Markdown",
          "content": "Du kan använda en titel för att få ditt  inlägg att sticka ut. Det hjälper dig att söka efter det senare."
        }
      },
      "id": "87d6830a-af17-4d33-a2b3-b0921d033ec6",
      "createdTime": "2020-11-24T14:37:53.8230909Z",
      "updatedTime": "2020-11-24T14:37:53.8230909Z",
      "createdUserId": "f04d3cd9-b73d-4ba9-a1ed-9319eba29b21",
      "updatedUserId": "f04d3cd9-b73d-4ba9-a1ed-9319eba29b21"
    },
    {
      "channelContent": {
        "web": {
          "contentFormat": "Markdown",
          "content": "_Du kan dock alltid klicka på formateringsknappen (ser ut som ett A med en penna) för fler formateringsalternativ_ 👍"
        }
      },
      "id": "f18190ab-c165-4ba4-89cb-8ea80edadd9f",
      "createdTime": "2020-11-27T16:37:25.655Z",
      "updatedTime": "2020-11-27T16:37:25.655Z",
      "createdUserId": "user-0",
      "updatedUserId": "user-0"
    },
    {
      "channelContent": {
        "web": {
          "contentFormat": "Markdown",
          "content": "💡 Men! Prova att ändra inläggstyp till ”📣Tillkännagivande” (Announcement).\n\nVälj då gärna en bakgrundsbild för mer effekt.\n\nSkriv klart ditt snygga inlägg och skicka iväg som vanligt."
        }
      },
      "id": "1601d1a9-ee57-415d-a529-73a7b4f0a57c",
      "createdTime": "2020-11-27T16:37:59.993Z",
      "updatedTime": "2020-11-27T16:37:59.993Z",
      "createdUserId": "user-0",
      "updatedUserId": "user-0"
    },
    {
      "channelContent": {
        "web": {
          "contentFormat": "Markdown",
          "content": "Detta funkar endast för nya inlägg i kanaler (ej för svar i befintliga trådar)."
        }
      },
      "id": "00f7e1ff-55dc-4311-8ea6-d08f5d279436",
      "createdTime": "2020-11-27T16:46:31.081Z",
      "updatedTime": "2020-11-27T16:46:31.081Z",
      "createdUserId": "user-0",
      "updatedUserId": "user-0"
    }
  ]
}