<botcomponent schemaname="new_topic_9d295c394a47419da3b4d205b7ed4c20_33d5123770ba4daeafae51b361ddc80a">
  <componenttype>0</componenttype>
  <description>Les 1 - In deze les leert u hoe u een eenvoudig onderwerp kunt maken met één voorwaardelijke branche.

In de komende paar lessen laten we zien hoe u variabelen, voorwaarden en entiteiten toevoegt en definieert.

Welkom bij Power Virtual Agents!</description>
  <iscustomizable>1</iscustomizable>
  <name>Les 1 - Een eenvoudig onderwerp</name>
  <statecode>0</statecode>
  <statuscode>1</statuscode>
</botcomponent>