{
  "intents": [
    {
      "triggerQueries": [
        "Wanneer bent u dicht",
        "Wanneer ben je dicht",
        "Wanneer zijn jullie dicht",
        "Wanneer bent u open",
        "Wanneer ben je open",
        "Wanneer zijn jullie open",
        "Openingstijden",
        "Winkeltijden",
        "Dagelijkse openingstijden",
        "Dagelijkse winkeltijden"
      ],
      "dialogId": "new_topic_9d295c394a47419da3b4d205b7ed4c20_33d5123770ba4daeafae51b361ddc80a",
      "isTriggeringEnabled": false,
      "canTriggeringBeDisabled": true,
      "id": "new_topic_9d295c394a47419da3b4d205b7ed4c20_33d5123770ba4daeafae51b361ddc80a",
      "displayName": "Les 1 - Een eenvoudig onderwerp",
      "description": "Les 1 - In deze les leert u hoe u een eenvoudig onderwerp kunt maken met één voorwaardelijke branche.\n\nIn de komende paar lessen laten we zien hoe u variabelen, voorwaarden en entiteiten toevoegt en definieert.\n\nWelkom bij Power Virtual Agents!",
      "createdTime": "2019-01-15T00:00:00Z",
      "updatedTime": "2021-03-17T12:54:46.8188953Z",
      "createdUserId": "user0",
      "updatedUserId": "c1e90dc0-1df0-459d-8164-0dcb7915deaf",
      "versionNumber": 0,
      "componentId": "00000000-0000-0000-0000-000000000000"
    }
  ],
  "dialogs": [
    {
      "rootNodeId": "e901982c-a22d-4074-b8c7-f7842977a047",
      "messageNodes": [
        {
          "botMessageId": "159e7c92-8871-41a0-a739-9f67085f995f",
          "nodeType": "BotMessageNode",
          "id": "e901982c-a22d-4074-b8c7-f7842977a047",
          "defaultTargetNodeId": "1f6c0946-4d56-4714-96f5-15e2247e953b"
        },
        {
          "botMessageId": "614e2fa3-2cf0-42e3-a2eb-18f9fb274ee6",
          "nodeType": "BotMessageNode",
          "id": "1f6c0946-4d56-4714-96f5-15e2247e953b",
          "defaultTargetNodeId": "6e127cd1-99ff-4c5e-8f3e-9ae93c0d4777"
        }
      ],
      "dialogChangeNodes": [
        {
          "targetDialogId": "new_topic_9d295c394a47419da3b4d205b7ed4c20_aeabea4d071f415c8c107e1cb7af5424_assumedsuccess",
          "nodeType": "DialogChangeNode",
          "id": "6e127cd1-99ff-4c5e-8f3e-9ae93c0d4777"
        }
      ],
      "id": "new_topic_9d295c394a47419da3b4d205b7ed4c20_33d5123770ba4daeafae51b361ddc80a",
      "displayName": "Dialoogvenster",
      "createdTime": "2019-01-15T00:00:00Z",
      "updatedTime": "2021-03-17T12:53:49.8578941Z",
      "createdUserId": "user0",
      "updatedUserId": "c1e90dc0-1df0-459d-8164-0dcb7915deaf",
      "versionNumber": 0,
      "componentId": "00000000-0000-0000-0000-000000000000"
    }
  ],
  "botMessages": [
    {
      "channelContent": {
        "web": {
          "contentFormat": "Markdown",
          "content": "Ik help u graag met de winkeltijden."
        }
      },
      "id": "159e7c92-8871-41a0-a739-9f67085f995f",
      "createdTime": "2019-01-15T00:00:00Z",
      "updatedTime": "2021-03-17T12:53:49.8578941Z",
      "createdUserId": "user0",
      "updatedUserId": "c1e90dc0-1df0-459d-8164-0dcb7915deaf",
      "versionNumber": 0,
      "componentId": "00000000-0000-0000-0000-000000000000"
    },
    {
      "channelContent": {
        "web": {
          "contentFormat": "Markdown",
          "content": "De openingstijden in Amsterdam zijn:\n\n*   Ma-vr: 09:00 tot 18:00\n*   Za: 10:00 tot 16:00\n*   Zo: Gesloten\n\nDe openingstijden in Rotterdam zijn:\n\n*   Ma-vr: 09:00 tot 18:00\n*   Za-Zo: 10:00 tot 16:00"
        }
      },
      "id": "614e2fa3-2cf0-42e3-a2eb-18f9fb274ee6",
      "createdTime": "2019-10-24T04:02:13.435Z",
      "updatedTime": "2021-03-17T12:53:49.8578941Z",
      "createdUserId": "user0",
      "updatedUserId": "c1e90dc0-1df0-459d-8164-0dcb7915deaf",
      "versionNumber": 0,
      "componentId": "00000000-0000-0000-0000-000000000000"
    }
  ],
  "createdUtc": "0001-01-01T00:00:00Z"
}