{
  "intents": [
    {
      "endUserOverrideName": "M365 OneDrive 儲存空間",
      "triggerQueries": [
        "我有多少儲存空間?",
        "當我獲得Office 365 會有多少 OneDrive 存儲？",
        "M365 包含多少存儲空間？",
        "我可以在 OneDrive 中存儲多少個檔案",
        "我在OneDrive有多少空間？",
        "儲存在Microsoft 365",
        "我可以保存多少個檔案？",
        "我的 365 中有多少文件？",
        "儲存在365?",
        "Onedrive存儲",
        "我得到Microsoft 365會獲得多少OneDrive儲存空間 ？",
        "OneDrive空間",
        "M365 OneDrive儲存空間",
        "O365 OneDrive儲存空間",
        "OneDrive儲存空間",
        "How much storage do I have?",
        "How much OneDrive storage do I get with Office 365?",
        "How much storage is included in the M365?",
        "How many files can I store in OneDrive",
        "How much space do I have in OneDrive?",
        "Storage in Microsoft 365",
        "How many files can I save?",
        "How many documents can fit in my 365?",
        "Storage in 365?",
        "Onedrive Storage",
        "How much OneDrive space do I get with Microsoft 365?"
      ],
      "dialogId": "new_topic_9bc6c4ec70b84d83be713fa2d9f70c6c",
      "isTriggeringEnabled": true,
      "id": "new_topic_9bc6c4ec70b84d83be713fa2d9f70c6c",
      "displayName": "OneDrive儲存空間有多少",
      "description": "https://adoptbotv2kb.blob.core.windows.net/%24web/AdoptBot2021-English.docx",
      "createdTime": "2021-11-17T13:39:14.6684213Z",
      "updatedTime": "2021-11-17T13:40:13.4835019Z",
      "createdUserId": "9c968d43-f7c2-4e28-895c-1f6bcefcd8be",
      "updatedUserId": "9c968d43-f7c2-4e28-895c-1f6bcefcd8be"
    }
  ],
  "dialogs": [
    {
      "rootNodeId": "133aa4a0-0ab5-4351-837c-e6345064a804",
      "messageNodes": [
        {
          "botMessageId": "6e140838-2fca-4946-a5a2-bdbb82333efb",
          "nodeType": "BotMessageNode",
          "id": "133aa4a0-0ab5-4351-837c-e6345064a804",
          "defaultTargetNodeId": "9232370d-9886-443a-8932-17d9673b8325"
        }
      ],
      "dialogChangeNodes": [
        {
          "targetDialogId": "new_topic_e2d1671328b941dbb60fa7150059b1ee_aeabea4d071f415c8c107e1cb7af5424_assumedsuccess",
          "nodeType": "DialogChangeNode",
          "id": "9232370d-9886-443a-8932-17d9673b8325"
        }
      ],
      "id": "new_topic_9bc6c4ec70b84d83be713fa2d9f70c6c",
      "displayName": "Dialog for OneDrive儲存空間有多少",
      "createdTime": "2021-11-17T13:39:14.6684213Z",
      "updatedTime": "2021-11-17T13:40:13.4835019Z",
      "createdUserId": "9c968d43-f7c2-4e28-895c-1f6bcefcd8be",
      "updatedUserId": "9c968d43-f7c2-4e28-895c-1f6bcefcd8be"
    }
  ],
  "botMessages": [
    {
      "channelContent": {
        "web": {
          "contentFormat": "Markdown",
          "content": "使用者在 OneDrive 上擁有 1 TB 的儲存空間。\n\n[根據您的授權](https://docs.microsoft.com/zh-tw/onedrive/set-default-storage-space)，每個使用者的儲存空間可以提高至 5 TB。"
        }
      },
      "id": "6e140838-2fca-4946-a5a2-bdbb82333efb",
      "createdTime": "2021-11-17T13:39:14.6684213Z",
      "updatedTime": "2021-11-17T13:39:14.6684213Z",
      "createdUserId": "9c968d43-f7c2-4e28-895c-1f6bcefcd8be",
      "updatedUserId": "9c968d43-f7c2-4e28-895c-1f6bcefcd8be"
    }
  ]
}