{
  "intents": [
    {
      "endUserOverrideName": "Ajouter des propriétaires d'équipe",
      "triggerQueries": [
        "Comment définir plus de propriétaires à une équipe?",
        "Ajouter un nouveau propriétaire à l'équipe",
        "Définir un membre comme propriétaire",
        "Définir de nouveaux propriétaires",
        "Définir un nouveau propriétaire",
        "Créer un nouveau propriétaire",
        "Ajouter un autre propriétaire",
        "Peut-on changer le statut d'un membre en propriétaire?",
        "Ajouter plus d'un team owner",
        "Une équipe peut-elle avoir plus d'un propriétaire?",
        "Changer un membre en propriétaire",
        "Peut-on changer un membre en propriétaire?",
        "Comment ajouter plus de propritaires dans une équipe?",
        "J'aimerais ajouter un propriétaire à l'équipe?",
        "Ajouter un autre propriétaire à l'équipe",
        "Créer un nouveau propriétaire à l'équipe"
      ],
      "dialogId": "new_topic_16c57fdcaf16462a8415b89485d916da",
      "isTriggeringEnabled": true,
      "id": "new_topic_16c57fdcaf16462a8415b89485d916da",
      "displayName": "Comment ajouter plus de propriétaires à une équipe?",
      "description": "",
      "createdTime": "2021-01-13T22:20:51.2381463Z",
      "updatedTime": "2021-05-24T10:22:36.0407224Z",
      "createdUserId": "f04d3cd9-b73d-4ba9-a1ed-9319eba29b21",
      "updatedUserId": "a2c4aa2c-d830-41eb-bcf4-467a2c7e1279"
    }
  ],
  "dialogs": [
    {
      "rootNodeId": "8b1f8322-711f-40b6-af0c-f8ea80fb3aa0",
      "messageNodes": [
        {
          "botMessageId": "c25d4ab5-73f5-4b54-9554-9cd6516c6176",
          "nodeType": "BotMessageNode",
          "id": "8b1f8322-711f-40b6-af0c-f8ea80fb3aa0",
          "defaultTargetNodeId": "d74c3d47-52bd-419a-9448-683d6a490fa0"
        },
        {
          "botMessageId": "1a40b823-86c5-4f40-9991-329e3d128af5",
          "nodeType": "BotMessageNode",
          "id": "d74c3d47-52bd-419a-9448-683d6a490fa0",
          "defaultTargetNodeId": "da8b98be-a58c-4cb6-98aa-359d55379096"
        }
      ],
      "dialogChangeNodes": [
        {
          "targetDialogId": "new_topic_eac3f49c99664313a9d9dc19d80a79a2_aeabea4d071f415c8c107e1cb7af5424_assumedsuccess",
          "nodeType": "DialogChangeNode",
          "id": "da8b98be-a58c-4cb6-98aa-359d55379096"
        }
      ],
      "id": "new_topic_16c57fdcaf16462a8415b89485d916da",
      "displayName": "Dialog for How do I add more team owners?",
      "createdTime": "2021-01-13T22:20:51.2381463Z",
      "updatedTime": "2021-05-24T10:22:46.4440171Z",
      "createdUserId": "f04d3cd9-b73d-4ba9-a1ed-9319eba29b21",
      "updatedUserId": "a2c4aa2c-d830-41eb-bcf4-467a2c7e1279"
    }
  ],
  "botMessages": [
    {
      "channelContent": {
        "web": {
          "contentFormat": "Markdown",
          "content": "[Définir une personne comme propriétaire d’équipe](https://support.microsoft.com/fr-fr/office/d%c3%a9finir-une-personne-comme-propri%c3%a9taire-d-%c3%a9quipe-09eb80c1-9f3b-4f6c-b6c0-45555d46ee2a?ui=fr-FR&rs=fr-FR&ad=FR) :\n\n1.  Trouver l'équipe que vous avez créée,   \n    Selectioner **Plus d'options** (...) > **Gérer l'équipe**.\n2.  Ouvrir **l'onglet Membres**\n3.  Trouver les personnes que vous souhaitez désigner comme propriétaire de l'équipe.\n4.  **Sous Rôle**, choisissez **Propriétaire**."
        }
      },
      "id": "c25d4ab5-73f5-4b54-9554-9cd6516c6176",
      "createdTime": "2021-01-13T22:20:51.2381463Z",
      "updatedTime": "2021-01-13T22:20:51.2381463Z",
      "createdUserId": "f04d3cd9-b73d-4ba9-a1ed-9319eba29b21",
      "updatedUserId": "f04d3cd9-b73d-4ba9-a1ed-9319eba29b21"
    },
    {
      "channelContent": {
        "web": {
          "contentFormat": "Markdown",
          "content": "💡**Conseil:** _Assurez-vous d'avoir au moins deux propriétaires par équipe. Cela garantit un contact au cas où l'un des propriétaires ne serait pas disponible._"
        }
      },
      "id": "1a40b823-86c5-4f40-9991-329e3d128af5",
      "createdTime": "2021-01-27T22:03:47.023Z",
      "updatedTime": "2021-01-27T22:03:47.023Z",
      "createdUserId": "user-0",
      "updatedUserId": "user-0"
    }
  ],
  "createdUtc": "0001-01-01T00:00:00Z"
}