{
  "intents": [
    {
      "endUserOverrideName": "Demander une assistance opérateur",
      "triggerQueries": [
        "Est-il possible d'avoir une assistance avec opérateur pour les réunions avec pont de conférence",
        "Est-il possible d'avoir une assistance avec opérateur pour les conférence audio",
        "Y-a-t-il un système de conciergerie pour certaines réunions Teams?",
        "Conciergerie dans une réunion",
        "Assistance opérateur lors d'une réunion?",
        "Assistance de l'opérateur lors d'une réunion?",
        "l'assistance d'un opérateur de télécommunications?",
        "l'assistance des employés du service à la clientèle lors d'une réunion?",
        "l'aide en direct lors d'une réunion?",
        "soutien en direct de l'agent lors d'une réunion?",
        "Un utilisateur peut-il recevoir l'assistance d'un opérateur lors d'une réunion?"
      ],
      "dialogId": "new_topic_e583e0a6faa745a99e63b481984203e3",
      "isTriggeringEnabled": true,
      "id": "new_topic_e583e0a6faa745a99e63b481984203e3",
      "displayName": "Un utilisateur peut-il recevoir l'assistance d'un opérateur lors d'une réunion?",
      "description": "",
      "createdTime": "2021-01-13T22:20:51.2381463Z",
      "updatedTime": "2021-05-24T13:10:06.9099Z",
      "createdUserId": "f04d3cd9-b73d-4ba9-a1ed-9319eba29b21",
      "updatedUserId": "a2c4aa2c-d830-41eb-bcf4-467a2c7e1279"
    }
  ],
  "dialogs": [
    {
      "rootNodeId": "02e35d4d-b41f-48f1-932c-6c8174d34dc0",
      "messageNodes": [
        {
          "botMessageId": "f21b0eb6-ae19-44bd-a29c-9d83ec40c8c5",
          "nodeType": "BotMessageNode",
          "id": "02e35d4d-b41f-48f1-932c-6c8174d34dc0",
          "defaultTargetNodeId": "17659e85-1810-499b-abeb-416e8e782c50"
        },
        {
          "botMessageId": "8fd960f7-1e12-4405-b678-a6fc9e7bd0fb",
          "nodeType": "BotMessageNode",
          "id": "17659e85-1810-499b-abeb-416e8e782c50",
          "defaultTargetNodeId": "f164a19d-7879-4cc9-8a4f-a6a0b685e642"
        }
      ],
      "dialogChangeNodes": [
        {
          "targetDialogId": "new_topic_eac3f49c99664313a9d9dc19d80a79a2_aeabea4d071f415c8c107e1cb7af5424_assumedsuccess",
          "nodeType": "DialogChangeNode",
          "id": "f164a19d-7879-4cc9-8a4f-a6a0b685e642"
        }
      ],
      "id": "new_topic_e583e0a6faa745a99e63b481984203e3",
      "displayName": "Dialog for Can a user receive operator assistance during a meeting?",
      "createdTime": "2021-01-13T22:20:51.2381463Z",
      "updatedTime": "2021-05-24T13:10:48.0105975Z",
      "createdUserId": "f04d3cd9-b73d-4ba9-a1ed-9319eba29b21",
      "updatedUserId": "a2c4aa2c-d830-41eb-bcf4-467a2c7e1279"
    }
  ],
  "botMessages": [
    {
      "channelContent": {
        "web": {
          "contentFormat": "Markdown",
          "content": "Un utilisateur ne peut pas obtenir l'aide ou l'assistance d'un opérateur."
        }
      },
      "id": "f21b0eb6-ae19-44bd-a29c-9d83ec40c8c5",
      "createdTime": "2021-01-13T22:20:51.2381463Z",
      "updatedTime": "2021-01-13T22:20:51.2381463Z",
      "createdUserId": "f04d3cd9-b73d-4ba9-a1ed-9319eba29b21",
      "updatedUserId": "f04d3cd9-b73d-4ba9-a1ed-9319eba29b21"
    },
    {
      "channelContent": {
        "web": {
          "contentFormat": "Markdown",
          "content": "S'il y a des problèmes d'audioconférence, un administrateur de l'organisation peut [contacter le support Microsoft](https://docs.microsoft.com/fr-fr/microsoft-365/admin/contact-support-for-business-products?redirectSourcePath=%252farticle%252fMicrosoft-support-for-Office-365-32a17ca7-6fa0-4870-8a8d-e25ba4ccfd4b&view=o365-worldwide)\n\nVeuillez contacter votre support pour plus d'information."
        }
      },
      "id": "8fd960f7-1e12-4405-b678-a6fc9e7bd0fb",
      "createdTime": "2021-01-26T23:41:57.855Z",
      "updatedTime": "2021-01-26T23:41:57.855Z",
      "createdUserId": "user-0",
      "updatedUserId": "user-0"
    }
  ]
}