{
  "intents": [
    {
      "triggerQueries": [
        "Krever Office internett-tilgang?"
      ],
      "dialogId": "new_topic_8e34e4521e9d404d9d131d658517290f",
      "isTriggeringEnabled": true,
      "id": "new_topic_8e34e4521e9d404d9d131d658517290f",
      "displayName": "Krever Office internett-tilgang?",
      "description": "",
      "createdTime": "2021-04-12T15:24:09.1313288Z",
      "updatedTime": "2021-04-12T15:24:09.1313288Z",
      "createdUserId": "ef0c8b9a-eff1-49f8-92fa-fd1d3e15e1ba"
    }
  ],
  "dialogs": [
    {
      "rootNodeId": "b51fd209-d928-4026-a169-41ab4395a9f8",
      "messageNodes": [
        {
          "botMessageId": "5c6c6a98-2615-4a6f-b3fb-6fd64dca7bb4",
          "nodeType": "BotMessageNode",
          "id": "b51fd209-d928-4026-a169-41ab4395a9f8",
          "defaultTargetNodeId": "2d5b24ec-83c6-4345-a2df-36d62f2443ff"
        }
      ],
      "dialogChangeNodes": [
        {
          "targetDialogId": "new_topic_89c49d37fd4c4c1c9144396960733ce1_aeabea4d071f415c8c107e1cb7af5424_assumedsuccess",
          "nodeType": "DialogChangeNode",
          "id": "2d5b24ec-83c6-4345-a2df-36d62f2443ff"
        }
      ],
      "id": "new_topic_8e34e4521e9d404d9d131d658517290f",
      "displayName": "Dialog for Krever Office internett-tilgang?",
      "createdTime": "2021-04-12T15:24:09.1313288Z",
      "updatedTime": "2021-04-12T15:24:21.0474826Z",
      "createdUserId": "ef0c8b9a-eff1-49f8-92fa-fd1d3e15e1ba",
      "updatedUserId": "ef0c8b9a-eff1-49f8-92fa-fd1d3e15e1ba"
    }
  ],
  "botMessages": [
    {
      "channelContent": {
        "web": {
          "contentFormat": "Markdown",
          "content": "Hvis du allerede har office-programmene installert, for eksempel Word, Excel og PowerPoint, så trenger du ikke internett-tilgang for å bruke dem. Husk å [skru på synkronisering](https://support.microsoft.com/nb-no/office/synkronisere-filer-med-onedrive-i-windows-615391c4-2bd3-4aae-a42a-858262e42a49?ui=nb-NO&rs=nb-NO&ad=NO) for de OneDrive filene du vil ha tilgjengelig når du er frakoblet fra internett."
        }
      },
      "id": "5c6c6a98-2615-4a6f-b3fb-6fd64dca7bb4",
      "createdTime": "2021-04-12T15:24:09.1313288Z",
      "updatedTime": "2021-04-12T15:24:09.1313288Z",
      "createdUserId": "ef0c8b9a-eff1-49f8-92fa-fd1d3e15e1ba",
      "updatedUserId": "ef0c8b9a-eff1-49f8-92fa-fd1d3e15e1ba"
    }
  ],
  "createdUtc": "0001-01-01T00:00:00Z"
}