{
  "intents": [
    {
      "triggerQueries": [
        "Gjøre noen andre til team eier",
        "Få flere team rettigheter",
        "Bytte fra medlem til owner av et team",
        "endre rollen som medlem til eier",
        "endre rollen fra eier til medlem",
        "Bytte fra eier til medlem",
        "Bytte fra medlem til eier",
        "Kan jeg bytte rollen fra medlem til eier?",
        "Hvordan kan jeg bytte rollen fra medlem til eier?",
        "Kan jeg legge til flere eiere i et team?",
        "Legg til flere teameier",
        "Hvordan legger til flere teameiere?"
      ],
      "dialogId": "new_topic_3a00a424393148e6a0341262a63d8ece",
      "isTriggeringEnabled": true,
      "id": "new_topic_3a00a424393148e6a0341262a63d8ece",
      "displayName": "Hvordan legge til flere teameiere?",
      "description": "https://norwegianteams.blob.core.windows.net/norwegian-container/TIMA QA P19.docx",
      "createdTime": "2021-03-24T20:09:21.5452642Z",
      "updatedTime": "2021-04-14T16:38:15.110609Z",
      "createdUserId": "ef0c8b9a-eff1-49f8-92fa-fd1d3e15e1ba",
      "updatedUserId": "ef0c8b9a-eff1-49f8-92fa-fd1d3e15e1ba"
    }
  ],
  "dialogs": [
    {
      "rootNodeId": "c0b667f9-5bb2-4d2b-bdc6-86c702ea4cef",
      "messageNodes": [
        {
          "botMessageId": "7010f522-774f-4af4-8476-e5a81822548a",
          "nodeType": "BotMessageNode",
          "id": "c0b667f9-5bb2-4d2b-bdc6-86c702ea4cef",
          "defaultTargetNodeId": "60a6c565-6df9-4310-9aa9-12b815d09d74"
        },
        {
          "botMessageId": "ee150680-624c-43b4-b330-93d60a459987",
          "nodeType": "BotMessageNode",
          "id": "60a6c565-6df9-4310-9aa9-12b815d09d74",
          "defaultTargetNodeId": "554072e6-62ed-40a1-9926-fd9273b806cb"
        }
      ],
      "dialogChangeNodes": [
        {
          "targetDialogId": "new_topic_89c49d37fd4c4c1c9144396960733ce1_aeabea4d071f415c8c107e1cb7af5424_assumedsuccess",
          "nodeType": "DialogChangeNode",
          "id": "554072e6-62ed-40a1-9926-fd9273b806cb"
        }
      ],
      "id": "new_topic_3a00a424393148e6a0341262a63d8ece",
      "displayName": "Dialog for Hvordan legge til flere teameiere?",
      "createdTime": "2021-03-24T20:09:21.5452642Z",
      "updatedTime": "2021-04-19T22:11:57.5752575Z",
      "createdUserId": "ef0c8b9a-eff1-49f8-92fa-fd1d3e15e1ba",
      "updatedUserId": "ef0c8b9a-eff1-49f8-92fa-fd1d3e15e1ba"
    }
  ],
  "botMessages": [
    {
      "channelContent": {
        "web": {
          "contentFormat": "Markdown",
          "content": "[**For å legge til flere teameiere:**](https://support.microsoft.com/nb-no/office/make-someone-a-team-owner-09eb80c1-9f3b-4f6c-b6c0-45555d46ee2a)\n\n1.  Gå til teamnavnet, og velg **Flere alternativer…** > **Administrer team**.\n2.  Velg **Pil ned** og endre **Medlem** til **Eier** under **Rolle** i **Medlemmer**\\-fanen."
        }
      },
      "id": "7010f522-774f-4af4-8476-e5a81822548a",
      "createdTime": "2021-03-24T20:09:21.5452642Z",
      "updatedTime": "2021-03-24T20:09:21.5452642Z",
      "createdUserId": "ef0c8b9a-eff1-49f8-92fa-fd1d3e15e1ba",
      "updatedUserId": "ef0c8b9a-eff1-49f8-92fa-fd1d3e15e1ba"
    },
    {
      "channelContent": {
        "web": {
          "contentFormat": "Markdown",
          "content": "**💡 Tips:** _Man burde alltid være mer enn en teameier i et team. Da er det lettere å vedlikeholde teamet._"
        }
      },
      "id": "ee150680-624c-43b4-b330-93d60a459987",
      "createdTime": "2021-04-19T22:08:17.908Z",
      "updatedTime": "2021-04-19T22:08:17.908Z",
      "createdUserId": "user-0",
      "updatedUserId": "user-0"
    }
  ],
  "createdUtc": "0001-01-01T00:00:00Z"
}