{
  "intents": [
    {
      "intentType": "Regular",
      "endUserOverrideName": "Maxlängd för telefonmöte",
      "triggerQueries": [
        "Maximal längd på telefonkonferenser?",
        "Hur länga kan man prata i en telefonkonferens?",
        "telefonkonferens hur länge?",
        "Hur länge kan ett telefonmöte pågå?",
        "Vilken är den maximala längden på telefonkonferensmötena?"
      ],
      "dialogId": "new_topic_622c41d2376e4881a479aa95965864b2",
      "isTriggeringEnabled": true,
      "id": "new_topic_622c41d2376e4881a479aa95965864b2",
      "displayName": "Maximal längd på telefonkonferenser?",
      "description": "",
      "createdTime": "2020-11-24T14:37:53.8220925Z",
      "updatedTime": "2020-12-09T11:13:49.4451521Z",
      "createdUserId": "f04d3cd9-b73d-4ba9-a1ed-9319eba29b21",
      "updatedUserId": "f04d3cd9-b73d-4ba9-a1ed-9319eba29b21"
    }
  ],
  "dialogs": [
    {
      "rootNodeId": "8371c9bc-1ddc-4e2e-bc14-cf0fe46eb45b",
      "messageNodes": [
        {
          "botMessageId": "a18e40b1-8bec-46c4-a669-b0f6144bc012",
          "nodeType": "BotMessageNode",
          "id": "8371c9bc-1ddc-4e2e-bc14-cf0fe46eb45b",
          "defaultTargetNodeId": "645306b6-c582-4391-b894-1c739ad8efa9"
        }
      ],
      "dialogChangeNodes": [
        {
          "targetDialogId": "new_topic_84ec227c19784e7ba25cb34f4638f91e_aeabea4d071f415c8c107e1cb7af5424_assumedsuccess",
          "nodeType": "DialogChangeNode",
          "id": "645306b6-c582-4391-b894-1c739ad8efa9"
        }
      ],
      "id": "new_topic_622c41d2376e4881a479aa95965864b2",
      "displayName": "Dialog for Vilken är den maximala längden på telefonkonferensmötena?",
      "createdTime": "2020-11-24T14:37:53.8220925Z",
      "updatedTime": "2020-11-24T14:37:53.8220925Z",
      "createdUserId": "f04d3cd9-b73d-4ba9-a1ed-9319eba29b21",
      "updatedUserId": "f04d3cd9-b73d-4ba9-a1ed-9319eba29b21"
    }
  ],
  "botMessages": [
    {
      "channelContent": {
        "web": {
          "contentFormat": "Markdown",
          "content": "Mötet avslutas efter 24 timmar."
        }
      },
      "id": "a18e40b1-8bec-46c4-a669-b0f6144bc012",
      "createdTime": "2020-11-24T14:37:53.8220925Z",
      "updatedTime": "2020-11-24T14:37:53.8220925Z",
      "createdUserId": "f04d3cd9-b73d-4ba9-a1ed-9319eba29b21",
      "updatedUserId": "f04d3cd9-b73d-4ba9-a1ed-9319eba29b21"
    }
  ]
}