{
  "intents": [
    {
      "triggerQueries": [
        "welke sneltoetsen kan ik gebruiken in teams?",
        "Welke sneltoetsen zitten in Teams",
        "welke sneltoetsen zijn er",
        "Hoe mute ik mezelf",
        "Hoe demp ik mezelf",
        "Welke commando's worden ondersteund als ik inbel?"
      ],
      "dialogId": "new_topic_cf7da7217efd4d2b9adfcab59bdc107c",
      "isTriggeringEnabled": true,
      "id": "new_topic_cf7da7217efd4d2b9adfcab59bdc107c",
      "displayName": "Welke commando's worden ondersteund als ik inbel?",
      "description": "",
      "createdTime": "2021-03-22T20:36:39.41848Z",
      "updatedTime": "2021-03-29T20:23:07.1365913Z",
      "createdUserId": "c1e90dc0-1df0-459d-8164-0dcb7915deaf",
      "updatedUserId": "c1e90dc0-1df0-459d-8164-0dcb7915deaf"
    }
  ],
  "dialogs": [
    {
      "rootNodeId": "f3b9f791-08fa-4dfa-9350-d13c07caaf58",
      "messageNodes": [
        {
          "botMessageId": "40d9bb31-36ab-4ffd-80c5-200694e159c1",
          "nodeType": "BotMessageNode",
          "id": "886493fb-4df8-4c99-aa00-1e6c9aabc270",
          "defaultTargetNodeId": "f098892a-a892-4a9c-bf08-5899c15efa49"
        },
        {
          "botMessageId": "68116aaf-f8c3-4e0b-9191-70ca4a4f0217",
          "nodeType": "BotMessageNode",
          "id": "f3b9f791-08fa-4dfa-9350-d13c07caaf58",
          "defaultTargetNodeId": "886493fb-4df8-4c99-aa00-1e6c9aabc270"
        },
        {
          "botMessageId": "88b585cb-80b9-498b-ade9-5f71c5e84625",
          "nodeType": "BotMessageNode",
          "id": "f098892a-a892-4a9c-bf08-5899c15efa49",
          "defaultTargetNodeId": "b54ae221-bc60-4a49-a5c3-13b09f30e035"
        }
      ],
      "dialogChangeNodes": [
        {
          "targetDialogId": "new_topic_9d295c394a47419da3b4d205b7ed4c20_aeabea4d071f415c8c107e1cb7af5424_assumedsuccess",
          "nodeType": "DialogChangeNode",
          "id": "b54ae221-bc60-4a49-a5c3-13b09f30e035"
        }
      ],
      "id": "new_topic_cf7da7217efd4d2b9adfcab59bdc107c",
      "displayName": "Dialog for Welke commando's worden ondersteund als ik inbel?",
      "createdTime": "2021-03-22T20:36:39.41848Z",
      "updatedTime": "2021-03-29T20:22:50.5235642Z",
      "createdUserId": "c1e90dc0-1df0-459d-8164-0dcb7915deaf",
      "updatedUserId": "c1e90dc0-1df0-459d-8164-0dcb7915deaf"
    }
  ],
  "botMessages": [
    {
      "channelContent": {
        "web": {
          "contentFormat": "Markdown",
          "content": "[Audio Conferencing common questions - Microsoft Teams | Microsoft Docs](https://docs.microsoft.com/nl-nl/MicrosoftTeams/audio-conferencing-common-questions#what-in-meeting-dial-pad-commands-are-supported)"
        }
      },
      "id": "40d9bb31-36ab-4ffd-80c5-200694e159c1",
      "createdTime": "2021-03-22T20:36:39.4164812Z",
      "updatedTime": "2021-03-22T20:36:39.4164812Z",
      "createdUserId": "c1e90dc0-1df0-459d-8164-0dcb7915deaf",
      "updatedUserId": "c1e90dc0-1df0-459d-8164-0dcb7915deaf"
    },
    {
      "channelContent": {
        "web": {
          "contentFormat": "Markdown",
          "content": "\\*6 (Dempen/jezelf dempen)\n\n\\*1 (Hiermee worden de beschrijvingen van de toetsenbordopdrachten afgespeeld)"
        }
      },
      "id": "68116aaf-f8c3-4e0b-9191-70ca4a4f0217",
      "createdTime": "2021-03-22T20:37:47.323Z",
      "updatedTime": "2021-03-22T20:37:47.323Z",
      "createdUserId": "user-0",
      "updatedUserId": "user-0"
    },
    {
      "channelContent": {
        "web": {
          "contentFormat": "Markdown",
          "content": "[Sneltoetsen voor Microsoft Teams - Office-ondersteuning](https://support.microsoft.com/nl-nl/office/sneltoetsen-voor-microsoft-teams-2e8e2a70-e8d8-4a19-949b-4c36dd5292d2)"
        }
      },
      "id": "88b585cb-80b9-498b-ade9-5f71c5e84625",
      "createdTime": "2021-03-29T20:22:47.212Z",
      "updatedTime": "2021-03-29T20:22:47.212Z",
      "createdUserId": "user-0",
      "updatedUserId": "user-0"
    }
  ],
  "createdUtc": "0001-01-01T00:00:00Z"
}