{
  "intents": [
    {
      "endUserOverrideName": "Differenza tra un Team e un canale?",
      "triggerQueries": [
        "Differenza tra un Team e un canale?",
        "Cosa distingue un Team da un canale?",
        "Cos'è un Team e cos'è un canale",
        "I teams e i canali sono diversi?",
        "team vs canale qual è la differenza?",
        "differenze tra canali e team",
        "Quando usare un Team e quando usare un canale?",
        "Team o canale, cosa dovrei scegliere",
        "Cos'è un canale e cos'è un Team",
        "differenza tra canale e team",
        "Qual è la differenza tra un Team e un canale?"
      ],
      "dialogId": "new_topic_455fb716915642f695680d82203d26bf",
      "isTriggeringEnabled": true,
      "id": "new_topic_455fb716915642f695680d82203d26bf",
      "displayName": "Qual è la differenza tra un Team e un canale?",
      "createdTime": "2022-04-27T10:28:35.6039346Z",
      "updatedTime": "2022-04-27T10:28:51.7953946Z",
      "createdUserId": "9451fc51-e00d-4445-8ff9-efb70866dc3b",
      "updatedUserId": "9451fc51-e00d-4445-8ff9-efb70866dc3b"
    }
  ],
  "dialogs": [
    {
      "rootNodeId": "0ce652f6-db25-4e37-ad41-560bfa35fce8",
      "messageNodes": [
        {
          "botMessageId": "defe1bf8-6e0e-40e2-9827-3f23eefcb77a",
          "nodeType": "BotMessageNode",
          "id": "0ce652f6-db25-4e37-ad41-560bfa35fce8",
          "defaultTargetNodeId": "aa3eff36-2355-4813-bf36-457fc0b986d4"
        },
        {
          "botMessageId": "6a62722b-480c-434b-b571-60f219c0f53a",
          "nodeType": "BotMessageNode",
          "id": "aa3eff36-2355-4813-bf36-457fc0b986d4",
          "defaultTargetNodeId": "c1975f9e-a547-468e-81b8-08f1ecd570a4"
        },
        {
          "botMessageId": "b10b2d74-5a9e-4564-9681-e33b0904d86e",
          "nodeType": "BotMessageNode",
          "id": "c1975f9e-a547-468e-81b8-08f1ecd570a4",
          "defaultTargetNodeId": "20186f8b-7fde-457a-ba86-0175318e8f55"
        },
        {
          "botMessageId": "0996e54e-9c94-4ce5-823f-1229a6694518",
          "nodeType": "BotMessageNode",
          "id": "20186f8b-7fde-457a-ba86-0175318e8f55",
          "defaultTargetNodeId": "f44a1153-3f10-442d-b880-1ec3dcc226b0"
        },
        {
          "botMessageId": "61905f4e-d954-40df-9340-dd9b16fe0f25",
          "nodeType": "BotMessageNode",
          "id": "f44a1153-3f10-442d-b880-1ec3dcc226b0",
          "defaultTargetNodeId": "5b4f85a6-3bff-4ca8-8138-f1304dbd5526"
        }
      ],
      "dialogChangeNodes": [
        {
          "targetDialogId": "new_topic_f98a24608ee04cb998de3e3e32703d5b_aeabea4d071f415c8c107e1cb7af5424_assumedsuccess",
          "nodeType": "DialogChangeNode",
          "id": "5b4f85a6-3bff-4ca8-8138-f1304dbd5526"
        }
      ],
      "id": "new_topic_455fb716915642f695680d82203d26bf",
      "displayName": "Senza titolo",
      "createdTime": "2022-04-27T10:28:35.6039346Z",
      "updatedTime": "2022-04-27T10:28:51.7953946Z",
      "createdUserId": "9451fc51-e00d-4445-8ff9-efb70866dc3b",
      "updatedUserId": "9451fc51-e00d-4445-8ff9-efb70866dc3b"
    }
  ],
  "botMessages": [
    {
      "channelContent": {
        "web": {
          "contentFormat": "Markdown",
          "content": "**Un team è** un gruppo di persone che collaborano per ottenere qualcosa di grande, realizzato nella vostra azienda. A volte il team può essere l'intera azienda."
        }
      },
      "id": "defe1bf8-6e0e-40e2-9827-3f23eefcb77a",
      "createdTime": "2022-04-27T10:06:36.272Z",
      "updatedTime": "2022-04-27T10:06:36.272Z"
    },
    {
      "channelContent": {
        "web": {
          "contentFormat": "Markdown",
          "content": "**Le conversazioni di canale sono pubbliche**, ma **le chat sono messaggi solo tra te e qualcun altro (o un gruppo di persone)**. Pensa a questi ultimi come i messaggi istantanei in Skype for Business o altre app di messaggistica."
        }
      },
      "id": "6a62722b-480c-434b-b571-60f219c0f53a",
      "createdTime": "2022-04-27T10:19:33.631Z",
      "updatedTime": "2022-04-27T10:19:33.631Z",
      "createdUserId": "user-0",
      "updatedUserId": "user-0"
    },
    {
      "channelContent": {
        "web": {
          "contentFormat": "Markdown",
          "content": "**Un team è composto da canali**, in cui collabori e comunichi con i membri del tuo team. Ogni canale è dedicato a un argomento, un reparto o un progetto specifico."
        }
      },
      "id": "b10b2d74-5a9e-4564-9681-e33b0904d86e",
      "createdTime": "2022-04-27T10:21:52.429Z",
      "updatedTime": "2022-04-27T10:21:52.429Z",
      "createdUserId": "user-0",
      "updatedUserId": "user-0"
    },
    {
      "channelContent": {
        "web": {
          "contentFormat": "Markdown",
          "content": "**Ad esempio**, un team potrebbe avere i canali generale, marketing, ispirazione, e altri canali. Tutte le conversazioni, le riunioni, i file e le app nel tuo canale di marketing hanno a che fare con il marketing, e tutto in quel canale è visibile a tutti i membri del tuo team."
        }
      },
      "id": "0996e54e-9c94-4ce5-823f-1229a6694518",
      "createdTime": "2022-04-27T10:22:31.893Z",
      "updatedTime": "2022-04-27T10:22:31.893Z",
      "createdUserId": "user-0",
      "updatedUserId": "user-0"
    },
    {
      "channelContent": {
        "web": {
          "contentFormat": "Markdown",
          "content": "**I canali sono** dove il lavoro viene effettivamente svolto, dove il [testo, audio e video conversazioni](https://support.microsoft.com/it-it/office/riunioni-in-teams-e0b0ae21-53ee-4462-a50d-ca9b9e217b67) per l'intero team si svolgono apertamente, dove i file vengono condivisi, e dove [vengono aggiunte applicazioni](https://support.microsoft.com/it-it/office/aggiungere-un-app-microsoft-teams-b2217706-f7ed-4e64-8e96-c413afd02f77)."
        }
      },
      "id": "61905f4e-d954-40df-9340-dd9b16fe0f25",
      "createdTime": "2022-04-27T10:24:35.877Z",
      "updatedTime": "2022-04-27T10:24:35.877Z",
      "createdUserId": "user-0",
      "updatedUserId": "user-0"
    }
  ]
}