{
  "intents": [
    {
      "intentType": "Regular",
      "endUserOverrideName": "",
      "triggerQueries": [
        "Licenser för Microsoft Teams",
        "Behövs licens för att nyttja Teams?",
        "Finns det kostnadsfria versioner av Teams?",
        "Finns teams för personligt bruk?",
        "Kan elever använda teams?",
        "Vad krävs för att få tillgång till teams?",
        "I vilken licens ingår Teams?",
        "Kan man ha olika licenser för Teams?",
        "Vilken licens behöver man för Teams?",
        "Vem kan använda Microsoft Teams?"
      ],
      "dialogId": "new_topic_919dfb99701a4958bc4f26ae14a27304",
      "isTriggeringEnabled": true,
      "id": "new_topic_919dfb99701a4958bc4f26ae14a27304",
      "displayName": "Vem kan använda Microsoft Teams?",
      "description": "",
      "createdTime": "2020-11-24T14:37:53.8220925Z",
      "updatedTime": "2020-12-14T13:51:46.757855Z",
      "createdUserId": "f04d3cd9-b73d-4ba9-a1ed-9319eba29b21",
      "updatedUserId": "f04d3cd9-b73d-4ba9-a1ed-9319eba29b21"
    }
  ],
  "dialogs": [
    {
      "rootNodeId": "2f53f59d-5709-4217-8cf4-41b40bd0c087",
      "messageNodes": [
        {
          "botMessageId": "3d5cc459-84be-4b2f-955a-733484f9ad01",
          "nodeType": "BotMessageNode",
          "id": "2f53f59d-5709-4217-8cf4-41b40bd0c087",
          "defaultTargetNodeId": "928eb6a0-3ad2-472c-a63b-491c184137bc"
        },
        {
          "botMessageId": "d9afd5e2-4081-4a3d-ad75-2097850ed78d",
          "nodeType": "BotMessageNode",
          "id": "44b897cb-6328-45e0-994d-bfef1153874e",
          "defaultTargetNodeId": "cba05ddc-b64a-49de-a3e3-224b926e2733"
        },
        {
          "botMessageId": "9bcb8af9-6a9a-4059-ba7f-f9c17f575a08",
          "nodeType": "BotMessageNode",
          "id": "928eb6a0-3ad2-472c-a63b-491c184137bc",
          "defaultTargetNodeId": "44b897cb-6328-45e0-994d-bfef1153874e"
        }
      ],
      "dialogChangeNodes": [
        {
          "targetDialogId": "new_topic_84ec227c19784e7ba25cb34f4638f91e_aeabea4d071f415c8c107e1cb7af5424_assumedsuccess",
          "nodeType": "DialogChangeNode",
          "id": "cba05ddc-b64a-49de-a3e3-224b926e2733"
        }
      ],
      "id": "new_topic_919dfb99701a4958bc4f26ae14a27304",
      "displayName": "Dialog for Vem kan använda Microsoft Teams?",
      "createdTime": "2020-11-24T14:37:53.8220925Z",
      "updatedTime": "2020-12-14T13:48:52.1422876Z",
      "createdUserId": "f04d3cd9-b73d-4ba9-a1ed-9319eba29b21",
      "updatedUserId": "f04d3cd9-b73d-4ba9-a1ed-9319eba29b21"
    }
  ],
  "botMessages": [
    {
      "channelContent": {
        "web": {
          "contentFormat": "Markdown",
          "content": "Teams är en del av Microsoft 365, så du behöver en Microsoft 365-licens för att använda det. \n\nSpecifikt behöver du en av dessa licenser: \n\nBusiness Essentials, Business Premium, Enterprise F1, F3, E1, E3, eller E5. \n\nÄven Microsoft 365 A-licenser för utbildning/skola inkluderar Teams."
        }
      },
      "id": "3d5cc459-84be-4b2f-955a-733484f9ad01",
      "createdTime": "2020-11-24T14:37:53.8220925Z",
      "updatedTime": "2020-11-24T14:37:53.8220925Z",
      "createdUserId": "f04d3cd9-b73d-4ba9-a1ed-9319eba29b21",
      "updatedUserId": "f04d3cd9-b73d-4ba9-a1ed-9319eba29b21"
    },
    {
      "channelContent": {
        "web": {
          "contentFormat": "Markdown",
          "content": "[För privat bruk är Teams kostnadsfritt](https://www.microsoft.com/sv-se/microsoft-365/microsoft-teams/teams-for-home)\n\nÄven [för elever och lärare vid berättigade institutioner/skolor](https://www.microsoft.com/sv-se/education/products/office), kan man komma igång med Teams (och Office 365) utan kostnad."
        }
      },
      "id": "d9afd5e2-4081-4a3d-ad75-2097850ed78d",
      "createdTime": "2020-12-14T13:38:35.898Z",
      "updatedTime": "2020-12-14T13:38:35.898Z",
      "createdUserId": "user-0",
      "updatedUserId": "user-0"
    },
    {
      "channelContent": {
        "web": {
          "contentFormat": "Markdown",
          "content": "Om du behöver fler detaljer, se: \n\n[Hur får jag tillgång till Microsoft Teams?](https://support.microsoft.com/sv-se/office/how-do-i-get-access-to-microsoft-teams-fc7f1634-abd3-4f26-a597-9df16e4ca65b)  \n \n\nOm du vill lägga till någon från din organisation i Teams öppnar du bara appen och lägger till dem i ett team. De kommer automatiskt få ett email med inbjudan."
        }
      },
      "id": "9bcb8af9-6a9a-4059-ba7f-f9c17f575a08",
      "createdTime": "2020-12-14T13:41:15.976Z",
      "updatedTime": "2020-12-14T13:41:15.976Z",
      "createdUserId": "user-0",
      "updatedUserId": "user-0"
    }
  ]
}