{
  "intents": [
    {
      "triggerQueries": [
        "Hvem kan slette et opptak?",
        "Slett et møteopptak i SharePoint",
        "Slett møteopptak i Onedrive",
        "Slett et møteopptak"
      ],
      "dialogId": "new_topic_cd1875484d7f4f958877af7aeaf340b5",
      "isTriggeringEnabled": true,
      "id": "new_topic_cd1875484d7f4f958877af7aeaf340b5",
      "displayName": "Slett et møteopptak",
      "description": "",
      "createdTime": "2021-04-10T08:08:50.8080093Z",
      "updatedTime": "2021-04-10T08:08:50.8080093Z",
      "createdUserId": "ef0c8b9a-eff1-49f8-92fa-fd1d3e15e1ba"
    }
  ],
  "dialogs": [
    {
      "rootNodeId": "4fbaaa95-954f-495a-9b4b-df4b9c3afb89",
      "messageNodes": [
        {
          "botMessageId": "64c47413-a19d-470e-ae93-e32778099ddd",
          "nodeType": "BotMessageNode",
          "id": "4fbaaa95-954f-495a-9b4b-df4b9c3afb89",
          "defaultTargetNodeId": "7ea9c894-3c87-4b4a-a33b-c11c142ff96a"
        }
      ],
      "dialogChangeNodes": [
        {
          "targetDialogId": "new_topic_89c49d37fd4c4c1c9144396960733ce1_aeabea4d071f415c8c107e1cb7af5424_assumedsuccess",
          "nodeType": "DialogChangeNode",
          "id": "7ea9c894-3c87-4b4a-a33b-c11c142ff96a"
        }
      ],
      "id": "new_topic_cd1875484d7f4f958877af7aeaf340b5",
      "displayName": "Dialog for Slett et møteopptak",
      "createdTime": "2021-04-10T08:08:50.8080093Z",
      "updatedTime": "2021-04-10T08:09:14.0511224Z",
      "createdUserId": "ef0c8b9a-eff1-49f8-92fa-fd1d3e15e1ba",
      "updatedUserId": "ef0c8b9a-eff1-49f8-92fa-fd1d3e15e1ba"
    }
  ],
  "botMessages": [
    {
      "channelContent": {
        "web": {
          "contentFormat": "Markdown",
          "content": "Eiere av opptaket er enten personen som startet opptaket, eller lagt til andre eiere som kan slette opptak.\n\n*   Hvis du vil lære om hvordan du sletter et møteopptak i OneDrive for vanlig møter, går du [hit](https://support.microsoft.com/office/delete-files-or-folders-in-onedrive-21fe345a-e488-4fa7-932b-f053c1bebe8a).\n*   Hvis du vil lære om å slette et møte opptak i SharePoint for kanal møter, går du [hit](https://support.microsoft.com/office/delete-a-file-folder-or-link-from-a-sharepoint-document-library-71f3c90a-0d24-4d80-8b66-f88234b79a52)."
        }
      },
      "id": "64c47413-a19d-470e-ae93-e32778099ddd",
      "createdTime": "2021-04-10T08:08:50.8080093Z",
      "updatedTime": "2021-04-10T08:08:50.8080093Z",
      "createdUserId": "ef0c8b9a-eff1-49f8-92fa-fd1d3e15e1ba",
      "updatedUserId": "ef0c8b9a-eff1-49f8-92fa-fd1d3e15e1ba"
    }
  ],
  "createdUtc": "0001-01-01T00:00:00Z"
}