{
  "intents": [
    {
      "triggerQueries": [
        "Come faccio a cambiare l'immagine per il mio Team?",
        "Cambiare l'immagine del tuo Team?",
        "Cambia l'immagine del tuo Team",
        "cambia l'immagine del Team",
        "sostituire l'immagine del Team",
        "cambia foto del Team",
        "come faccio a caricare una foto per il Team?",
        "come faccio a cambiare l'immagine del Team?",
        "Cambia l'immagine del tuo Team",
        "Come faccio a cambiare l'immagine del mio Team?"
      ],
      "dialogId": "new_topic_5cd3e4d1de3b46a5a386cb434350c83f",
      "isTriggeringEnabled": true,
      "id": "new_topic_5cd3e4d1de3b46a5a386cb434350c83f",
      "displayName": "Come faccio a cambiare l'immagine del mio Team?",
      "createdTime": "2022-04-28T22:35:29.7124824Z",
      "updatedTime": "2022-04-28T22:35:29.7124824Z",
      "createdUserId": "9451fc51-e00d-4445-8ff9-efb70866dc3b",
      "updatedUserId": "9451fc51-e00d-4445-8ff9-efb70866dc3b"
    }
  ],
  "dialogs": [
    {
      "rootNodeId": "5a555214-ee28-49fa-824a-d5f0284fc1b8",
      "messageNodes": [
        {
          "botMessageId": "b53fde0f-bb5b-4e7d-93fa-ebffff413362",
          "nodeType": "BotMessageNode",
          "id": "5a555214-ee28-49fa-824a-d5f0284fc1b8",
          "defaultTargetNodeId": "a8d5584b-bc5b-4241-bfc1-9566b811ac2d"
        }
      ],
      "dialogChangeNodes": [
        {
          "targetDialogId": "new_topic_f98a24608ee04cb998de3e3e32703d5b_aeabea4d071f415c8c107e1cb7af5424_assumedsuccess",
          "nodeType": "DialogChangeNode",
          "id": "a8d5584b-bc5b-4241-bfc1-9566b811ac2d"
        }
      ],
      "id": "new_topic_5cd3e4d1de3b46a5a386cb434350c83f",
      "displayName": "Senza titolo",
      "createdTime": "2022-04-28T22:35:29.7124824Z",
      "updatedTime": "2022-04-28T22:35:29.7124824Z",
      "createdUserId": "9451fc51-e00d-4445-8ff9-efb70866dc3b",
      "updatedUserId": "9451fc51-e00d-4445-8ff9-efb70866dc3b"
    }
  ],
  "botMessages": [
    {
      "channelContent": {
        "web": {
          "contentFormat": "Markdown",
          "content": "Vai al nome del Team e fai clic su **Altre opzioni** (...) > **Gestisci il team**.\n\nNella scheda Impostazioni fare clic su **Immagine Team** > **Cambia immagine Team**."
        }
      },
      "id": "b53fde0f-bb5b-4e7d-93fa-ebffff413362",
      "createdTime": "2022-04-28T22:25:30.005Z",
      "updatedTime": "2022-04-28T22:25:30.005Z"
    }
  ]
}