{
  "intents": [
    {
      "triggerQueries": [
        "Last ned rapport om møtedeltagelse",
        "Finnes det en rapport om møtedeltagelse?",
        "Hvordan finner jeg rapport om deltagere i møtet?",
        "Kan jeg laste ned en rapport om et møte?",
        "Kan jeg få en oppmøterapport?"
      ],
      "dialogId": "new_topic_7e4a08dd485e4a22a02efca1247b90e8",
      "isTriggeringEnabled": true,
      "id": "new_topic_7e4a08dd485e4a22a02efca1247b90e8",
      "displayName": "Kan jeg få en oppmøterapport?",
      "description": "",
      "createdTime": "2021-04-12T14:59:54.6652322Z",
      "updatedTime": "2021-04-12T14:59:54.6652322Z",
      "createdUserId": "ef0c8b9a-eff1-49f8-92fa-fd1d3e15e1ba"
    }
  ],
  "dialogs": [
    {
      "rootNodeId": "ceb5f501-9b5c-40a6-ac3a-f72b3fec6503",
      "messageNodes": [
        {
          "botMessageId": "55d93777-5d2d-41cb-843c-362879f17f94",
          "nodeType": "BotMessageNode",
          "id": "ceb5f501-9b5c-40a6-ac3a-f72b3fec6503",
          "defaultTargetNodeId": "c02b2b8d-46bf-4969-9df9-12469e0e8607"
        },
        {
          "botMessageId": "2974ac6f-7f65-4bda-8c50-1994e507c597",
          "nodeType": "BotMessageNode",
          "id": "c02b2b8d-46bf-4969-9df9-12469e0e8607",
          "defaultTargetNodeId": "2bb99f48-d675-4578-8230-c4c9aabc8597"
        }
      ],
      "dialogChangeNodes": [
        {
          "targetDialogId": "new_topic_89c49d37fd4c4c1c9144396960733ce1_aeabea4d071f415c8c107e1cb7af5424_assumedsuccess",
          "nodeType": "DialogChangeNode",
          "id": "2bb99f48-d675-4578-8230-c4c9aabc8597"
        }
      ],
      "id": "new_topic_7e4a08dd485e4a22a02efca1247b90e8",
      "displayName": "Dialog for Kan jeg få en oppmøterapport?",
      "createdTime": "2021-04-12T14:59:54.6652322Z",
      "updatedTime": "2021-04-12T15:00:15.3408283Z",
      "createdUserId": "ef0c8b9a-eff1-49f8-92fa-fd1d3e15e1ba",
      "updatedUserId": "ef0c8b9a-eff1-49f8-92fa-fd1d3e15e1ba"
    }
  ],
  "botMessages": [
    {
      "channelContent": {
        "web": {
          "contentFormat": "Markdown",
          "content": "Møtearrangører kan vise og laste ned en rapport om et møte. Finn denne rapporten i Deltaker-panelet i møtet ved å klikke på nedlastingspilen som vist i lenken nedenfor. Du kan laste ned rapporten som en .CSV (kan åpnes i Excel)."
        }
      },
      "id": "55d93777-5d2d-41cb-843c-362879f17f94",
      "createdTime": "2021-04-12T14:59:54.6652322Z",
      "updatedTime": "2021-04-12T14:59:54.6652322Z",
      "createdUserId": "ef0c8b9a-eff1-49f8-92fa-fd1d3e15e1ba",
      "updatedUserId": "ef0c8b9a-eff1-49f8-92fa-fd1d3e15e1ba"
    },
    {
      "channelContent": {
        "web": {
          "contentFormat": "Markdown",
          "content": "Se denne artikkelen hvis du vil ha mer informasjon: [Microsoft Teams møtedeltakelsesrapport](https://docs.microsoft.com/nb-no/microsoftteams/teams-analytics-and-reports/meeting-attendance-report)"
        }
      },
      "id": "2974ac6f-7f65-4bda-8c50-1994e507c597",
      "createdTime": "2021-04-12T15:00:04.873Z",
      "updatedTime": "2021-04-12T15:00:04.873Z",
      "createdUserId": "user-0",
      "updatedUserId": "user-0"
    }
  ],
  "createdUtc": "0001-01-01T00:00:00Z"
}