{
  "intents": [
    {
      "triggerQueries": [
        "Cosa succede quando menziono qualcuno per nome in Teams?",
        "menziona qualcuno con @",
        "Nomina qualcuno con @menzione?",
        "cosa succede quando qualcuno mi menziona con @?",
        "Perché usare @nome?",
        "@menziona qualcuno",
        "@nome cosa significa?",
        "Come funziona se qualcuno menziona il mio nome in Teams?",
        "Cosa significa essere @menzionati?"
      ],
      "dialogId": "new_topic_167e7d6277b54648bab7a56cdf193232",
      "isTriggeringEnabled": true,
      "id": "new_topic_167e7d6277b54648bab7a56cdf193232",
      "displayName": "Cosa significa essere @menzionati?",
      "createdTime": "2022-04-28T09:55:57.7581295Z",
      "updatedTime": "2022-04-28T09:55:57.7581295Z",
      "createdUserId": "9451fc51-e00d-4445-8ff9-efb70866dc3b",
      "updatedUserId": "9451fc51-e00d-4445-8ff9-efb70866dc3b"
    }
  ],
  "dialogs": [
    {
      "rootNodeId": "0b65bce6-aa67-47a8-b5f9-40ee4f339ebb",
      "messageNodes": [
        {
          "botMessageId": "a482bcb5-3b41-4f68-9ee6-6bf1c8aa9472",
          "nodeType": "BotMessageNode",
          "id": "0b65bce6-aa67-47a8-b5f9-40ee4f339ebb",
          "defaultTargetNodeId": "ebcccd51-2c93-4f73-b3bf-4c1057ff01da"
        },
        {
          "botMessageId": "34e755ad-4534-4529-8c15-48686bd21056",
          "nodeType": "BotMessageNode",
          "id": "ebcccd51-2c93-4f73-b3bf-4c1057ff01da",
          "defaultTargetNodeId": "0fa1793f-733f-4f75-8a20-2e11ce0ff6d1"
        },
        {
          "botMessageId": "3a49bb88-a518-479a-88de-d65718d9aee5",
          "nodeType": "BotMessageNode",
          "id": "0fa1793f-733f-4f75-8a20-2e11ce0ff6d1",
          "defaultTargetNodeId": "0586bd7e-07f1-427c-9460-61d23bba20b2"
        }
      ],
      "dialogChangeNodes": [
        {
          "targetDialogId": "new_topic_f98a24608ee04cb998de3e3e32703d5b_aeabea4d071f415c8c107e1cb7af5424_assumedsuccess",
          "nodeType": "DialogChangeNode",
          "id": "0586bd7e-07f1-427c-9460-61d23bba20b2"
        }
      ],
      "id": "new_topic_167e7d6277b54648bab7a56cdf193232",
      "displayName": "Senza titolo",
      "createdTime": "2022-04-28T09:55:57.7581295Z",
      "updatedTime": "2022-04-28T09:55:57.7581295Z",
      "createdUserId": "9451fc51-e00d-4445-8ff9-efb70866dc3b",
      "updatedUserId": "9451fc51-e00d-4445-8ff9-efb70866dc3b"
    }
  ],
  "botMessages": [
    {
      "channelContent": {
        "web": {
          "contentFormat": "Markdown",
          "content": "Essere @menzionato è come un leggero tocco sulla tua spalla, un modo per attirare la tua attenzione in una conversazione di canale o in una chat. Usa @menzioni per attirare l'attenzione di qualcuno [in Teams](https://support.microsoft.com/it-it/office/usare-le-menzioni-per-attirare-l-attenzione-in-teams-eb4f059d-320e-454e-b111-03361d4d6855)"
        }
      },
      "id": "a482bcb5-3b41-4f68-9ee6-6bf1c8aa9472",
      "createdTime": "2022-04-28T09:49:15.911Z",
      "updatedTime": "2022-04-28T09:49:15.911Z"
    },
    {
      "channelContent": {
        "web": {
          "contentFormat": "Markdown",
          "content": "Per @menzionare qualcuno\n\n1.  Digita '@' o il nome di qualcuno nella casella di composizione.\n2.  Selezionare il nome dal menu che appare."
        }
      },
      "id": "34e755ad-4534-4529-8c15-48686bd21056",
      "createdTime": "2022-04-28T09:52:06.311Z",
      "updatedTime": "2022-04-28T09:52:06.311Z",
      "createdUserId": "user-0",
      "updatedUserId": "user-0"
    },
    {
      "channelContent": {
        "web": {
          "contentFormat": "Markdown",
          "content": "Se ti senti un po' sopraffatto da tutte le tue @menzioni, puoi sempre filtrare il feed delle tue attività per risolverle."
        }
      },
      "id": "3a49bb88-a518-479a-88de-d65718d9aee5",
      "createdTime": "2022-04-28T09:52:54.126Z",
      "updatedTime": "2022-04-28T09:52:54.126Z",
      "createdUserId": "user-0",
      "updatedUserId": "user-0"
    }
  ]
}