{
  "intents": [
    {
      "intentType": "Regular",
      "endUserOverrideName": "Join Teams meeting from a phone",
      "triggerQueries": [
        "Join Teams meeting from a phone",
        "How do I join a meeting in Teams from my phone?"
      ],
      "dialogId": "new_topic_6e0387d1d0a5439299aeec703437de4f",
      "isTriggeringEnabled": true,
      "id": "new_topic_6e0387d1d0a5439299aeec703437de4f",
      "displayName": "How do I join a meeting in Teams from my phone?",
      "description": "https://adoptbotv2kb.blob.core.windows.net/%24web/AdoptBot2021-English.docx",
      "createdTime": "2021-01-13T22:20:51.2381463Z",
      "updatedTime": "2021-01-26T23:35:39.6565731Z",
      "createdUserId": "f04d3cd9-b73d-4ba9-a1ed-9319eba29b21",
      "updatedUserId": "f04d3cd9-b73d-4ba9-a1ed-9319eba29b21"
    }
  ],
  "dialogs": [
    {
      "rootNodeId": "e45db667-f2ec-4963-b97a-ba3a24e78ff4",
      "messageNodes": [
        {
          "botMessageId": "0ef361ca-8328-45ee-b1e0-9380740590bd",
          "nodeType": "BotMessageNode",
          "id": "e45db667-f2ec-4963-b97a-ba3a24e78ff4",
          "defaultTargetNodeId": "0e70ef33-b551-4256-b8ca-901ecfdec8e8"
        }
      ],
      "dialogChangeNodes": [
        {
          "targetDialogId": "new_topic_eac3f49c99664313a9d9dc19d80a79a2_aeabea4d071f415c8c107e1cb7af5424_assumedsuccess",
          "nodeType": "DialogChangeNode",
          "id": "0e70ef33-b551-4256-b8ca-901ecfdec8e8"
        }
      ],
      "id": "new_topic_6e0387d1d0a5439299aeec703437de4f",
      "displayName": "Dialog for How do I join a meeting in Teams from my phone?",
      "createdTime": "2021-01-13T22:20:51.2381463Z",
      "updatedTime": "2021-01-26T23:36:08.2212805Z",
      "createdUserId": "f04d3cd9-b73d-4ba9-a1ed-9319eba29b21",
      "updatedUserId": "f04d3cd9-b73d-4ba9-a1ed-9319eba29b21"
    }
  ],
  "botMessages": [
    {
      "channelContent": {
        "web": {
          "contentFormat": "Markdown",
          "content": "From your mobile device, open the Teams app and tap the **Calendar**. \n\nThen click the Join button for the desired meeting. \n\n[See this link for more options](https://support.microsoft.com/en-us/office/ansluta-till-ett-m%C3%B6te-i-teams-1613bb53-f3fa-431e-85a9-d6a91e3468c9)"
        }
      },
      "id": "0ef361ca-8328-45ee-b1e0-9380740590bd",
      "createdTime": "2021-01-13T22:20:51.2381463Z",
      "updatedTime": "2021-01-13T22:20:51.2381463Z",
      "createdUserId": "f04d3cd9-b73d-4ba9-a1ed-9319eba29b21",
      "updatedUserId": "f04d3cd9-b73d-4ba9-a1ed-9319eba29b21"
    }
  ]
}