{
  "intents": [
    {
      "systemIntentTypes": [
        "Thankyou"
      ],
      "intentType": "System",
      "triggerQueries": [
        "tackar",
        "tack",
        "tack så mycket",
        "Tackar"
      ],
      "dialogId": "new_topic_84ec227c19784e7ba25cb34f4638f91e_3d2584ec30914684839527e05e7be172_thankyou",
      "isTriggeringEnabled": true,
      "id": "new_topic_84ec227c19784e7ba25cb34f4638f91e_3d2584ec30914684839527e05e7be172_thankyou",
      "displayName": "Tack",
      "description": "Systemavsikt: Tack",
      "createdTime": "2019-01-15T00:00:00Z",
      "updatedTime": "2021-02-04T12:08:00.8071983Z",
      "createdUserId": "user0",
      "updatedUserId": "user0"
    }
  ],
  "dialogs": [
    {
      "rootNodeId": "6c46869b-e8cd-4e1a-a80c-9d73e61d71b5",
      "dialogType": "System",
      "messageNodes": [
        {
          "botMessageId": "cff8bb49-7ed4-4552-a6e6-714279f5f24c",
          "nodeType": "BotMessageNode",
          "id": "6c46869b-e8cd-4e1a-a80c-9d73e61d71b5"
        }
      ],
      "id": "new_topic_84ec227c19784e7ba25cb34f4638f91e_3d2584ec30914684839527e05e7be172_thankyou",
      "displayName": "Dialog för Tack",
      "createdTime": "2019-01-15T00:00:00Z",
      "updatedTime": "2021-02-04T12:08:35.4389924Z",
      "createdUserId": "user0",
      "updatedUserId": "f04d3cd9-b73d-4ba9-a1ed-9319eba29b21"
    }
  ],
  "botMessages": [
    {
      "channelContent": {
        "web": {
          "contentFormat": "Markdown",
          "content": "Ingen orsak!   \nTack för att du frågade mig 🙂"
        }
      },
      "id": "cff8bb49-7ed4-4552-a6e6-714279f5f24c",
      "createdTime": "2019-01-15T00:00:00Z",
      "updatedTime": "2019-01-15T00:00:00Z",
      "createdUserId": "user0",
      "updatedUserId": "user0"
    }
  ]
}