{
  "intents": [
    {
      "triggerQueries": [
        "Aggiungi emoji o icone al nome del canale",
        "Non posso nominare un canale come voglio!",
        "ci sono restrizioni sui nomi dei canali?",
        "Posso usare caratteri speciali per il nome del mio canale?",
        "caratteri speciali nel nome di un canale?",
        "quali caratteri sono consentiti nei nomi dei canali",
        "Emoji nei nomi dei canali?",
        "icone o forme nel nome del canale?",
        "Nome del canale, quali caratteri?",
        "I nomi dei canali possono contenere caratteri speciali o solo lettere?",
        "Caratteri speciali nei nomi dei canali",
        "Posso usare caratteri speciali per il nome del mio canale?"
      ],
      "dialogId": "new_topic_beba58eabd5b429292e85ee33f77493d",
      "isTriggeringEnabled": true,
      "id": "new_topic_beba58eabd5b429292e85ee33f77493d",
      "displayName": "Posso usare caratteri speciali per il nome del mio canale?",
      "createdTime": "2022-04-29T10:59:01.2917848Z",
      "updatedTime": "2022-04-29T10:59:01.2917848Z",
      "createdUserId": "9451fc51-e00d-4445-8ff9-efb70866dc3b",
      "updatedUserId": "9451fc51-e00d-4445-8ff9-efb70866dc3b"
    }
  ],
  "dialogs": [
    {
      "rootNodeId": "a1addc76-1c87-4feb-bae0-145908cb3f6a",
      "messageNodes": [
        {
          "botMessageId": "c5c93a5f-ecf1-4a96-95c7-260d2024ae31",
          "nodeType": "BotMessageNode",
          "id": "a1addc76-1c87-4feb-bae0-145908cb3f6a",
          "defaultTargetNodeId": "ec78cfdb-0f69-462f-b60d-0876fea39d0f"
        },
        {
          "botMessageId": "814bc8ba-3559-4a39-abd8-67a02456db88",
          "nodeType": "BotMessageNode",
          "id": "ec78cfdb-0f69-462f-b60d-0876fea39d0f",
          "defaultTargetNodeId": "7f4b4742-e807-4319-93fa-04688743947d"
        },
        {
          "botMessageId": "ee33a90e-fbf9-42d6-a298-12913d8c8996",
          "nodeType": "BotMessageNode",
          "id": "7f4b4742-e807-4319-93fa-04688743947d"
        }
      ],
      "id": "new_topic_beba58eabd5b429292e85ee33f77493d",
      "displayName": "Senza titolo",
      "createdTime": "2022-04-29T10:59:01.2917848Z",
      "updatedTime": "2022-04-29T10:59:01.2917848Z",
      "createdUserId": "9451fc51-e00d-4445-8ff9-efb70866dc3b",
      "updatedUserId": "9451fc51-e00d-4445-8ff9-efb70866dc3b"
    }
  ],
  "botMessages": [
    {
      "channelContent": {
        "web": {
          "contentFormat": "Markdown",
          "content": "Dare sempre il nome al canale solo in lettere. È quindi possibile modificare il nome e aggiungere icone e/ o emoji per una maggiore comprensione ✅"
        }
      },
      "id": "c5c93a5f-ecf1-4a96-95c7-260d2024ae31",
      "createdTime": "2022-04-29T10:53:41.965Z",
      "updatedTime": "2022-04-29T10:53:41.965Z"
    },
    {
      "channelContent": {
        "web": {
          "contentFormat": "Markdown",
          "content": "Tuttavia, i nomi dei canali non possono contenere i seguenti caratteri o parole.\n\n*   **Caratteri**: ~ # % & \\* {{ }} + / : < > ? | ' '.\n*   **Parole**: Forms, CON, CONIN$, CONOUT$, PRN, AUX, NUL, COM1 to COM9, LPT1 to LPT9, desktop.ini, \\_vti\\_"
        }
      },
      "id": "814bc8ba-3559-4a39-abd8-67a02456db88",
      "createdTime": "2022-04-29T10:55:21.496Z",
      "updatedTime": "2022-04-29T10:55:21.496Z",
      "createdUserId": "user-0",
      "updatedUserId": "user-0"
    },
    {
      "channelContent": {
        "web": {
          "contentFormat": "Markdown",
          "content": "**Nota:**\n\ni nomi dei canali non possono iniziare con un trattino basso (\\_) o un punto (.) o terminare con un punto (.)."
        }
      },
      "id": "ee33a90e-fbf9-42d6-a298-12913d8c8996",
      "createdTime": "2022-04-29T10:55:49.72Z",
      "updatedTime": "2022-04-29T10:55:49.72Z",
      "createdUserId": "user-0",
      "updatedUserId": "user-0"
    }
  ]
}