{
  "intents": [
    {
      "endUserOverrideName": "Supprimer une conversation",
      "triggerQueries": [
        "Détruire l'historique de conversation",
        "Détruire un chat",
        "effacer un chat",
        "Supprimer un chat",
        "Puis-je supprimer une conversation",
        "Puis-je supprimer un chat",
        "Supprimer une conversation entière",
        "Puis-je supprimer mes échanges avec quelqu'un",
        "Supprimer tout mon historique de conversation",
        "Comment tout effacer d'une conversation",
        "Supprimer l'historique de conversation",
        "Supprimer un ancien message"
      ],
      "dialogId": "new_topic_dc043497331545f4a0e9701ad9d0b0f9",
      "isTriggeringEnabled": true,
      "id": "new_topic_dc043497331545f4a0e9701ad9d0b0f9",
      "displayName": "Supprimer une conversation",
      "description": "",
      "createdTime": "2021-01-13T22:20:51.2371466Z",
      "updatedTime": "2021-05-24T13:14:07.2933278Z",
      "createdUserId": "f04d3cd9-b73d-4ba9-a1ed-9319eba29b21",
      "updatedUserId": "a2c4aa2c-d830-41eb-bcf4-467a2c7e1279"
    }
  ],
  "dialogs": [
    {
      "rootNodeId": "0e87ab2e-1a18-4f22-97ae-29e93a644ea5",
      "messageNodes": [
        {
          "botMessageId": "4ef94d1f-b1b9-4c43-8ddc-c1ab3cf24e20",
          "nodeType": "BotMessageNode",
          "id": "0e87ab2e-1a18-4f22-97ae-29e93a644ea5",
          "defaultTargetNodeId": "614a3989-035e-45bf-8aa9-8f4ab284ee0e"
        }
      ],
      "dialogChangeNodes": [
        {
          "targetDialogId": "new_topic_eac3f49c99664313a9d9dc19d80a79a2_aeabea4d071f415c8c107e1cb7af5424_assumedsuccess",
          "nodeType": "DialogChangeNode",
          "id": "614a3989-035e-45bf-8aa9-8f4ab284ee0e"
        }
      ],
      "id": "new_topic_dc043497331545f4a0e9701ad9d0b0f9",
      "displayName": "Dialog for Can I delete an old chat?",
      "createdTime": "2021-01-13T22:20:51.2371466Z",
      "updatedTime": "2021-05-24T13:15:06.6416745Z",
      "createdUserId": "f04d3cd9-b73d-4ba9-a1ed-9319eba29b21",
      "updatedUserId": "a2c4aa2c-d830-41eb-bcf4-467a2c7e1279"
    }
  ],
  "botMessages": [
    {
      "channelContent": {
        "web": {
          "contentFormat": "Markdown",
          "content": "Vous pouvez supprimer un message mais vous ne pouvez pas supprimer un historique complet de conversation, néanmoins [vous pouvez le masquer.](https://support.microsoft.com/fr-fr/office/masquer-masquer-d%C3%A9sactiver-le-son-ou-%C3%A9pingler-une-conversation-dans-teams-9aee02ef-713d-495b-8a73-9762d8e4b066)  \n[Pour plus d'information pour supprimer un message.](https://support.microsoft.com/fr-fr/office/edit-or-delete-a-sent-message-in-teams-5f1fe604-a900-4a07-b8b7-8cf70ed6b263)"
        }
      },
      "id": "4ef94d1f-b1b9-4c43-8ddc-c1ab3cf24e20",
      "createdTime": "2021-01-13T22:20:51.2371466Z",
      "updatedTime": "2021-01-13T22:20:51.2371466Z",
      "createdUserId": "f04d3cd9-b73d-4ba9-a1ed-9319eba29b21",
      "updatedUserId": "f04d3cd9-b73d-4ba9-a1ed-9319eba29b21"
    }
  ],
  "createdUtc": "0001-01-01T00:00:00Z"
}