{
  "intents": [
    {
      "triggerQueries": [
        "팀 모든 사람 알림",
        "전체 팀 알림 알리기",
        "팀 전체 @ @mention @멘션",
        "전체 팀 언급 관심 주의",
        "@memtion @멘션 전체 팀",
        "모든 Team 팀 구성원 멤버 알리 알림 알리기",
        "팀을 @멘션 하려면 어떻게 하나요?"
      ],
      "dialogId": "new_topic_2d63571c0e524e43a8102a048db7d109",
      "isTriggeringEnabled": true,
      "id": "new_topic_2d63571c0e524e43a8102a048db7d109",
      "displayName": "팀을 @멘션 하려면 어떻게 하나요?",
      "description": "https://adoptbotv2kb.blob.core.windows.net/%24web/adoptbot2021-Korean.docx",
      "createdTime": "2021-03-18T03:39:18.7466553Z",
      "updatedTime": "2021-04-06T06:34:13.0309702Z",
      "createdUserId": "e47109d8-0300-4e59-a90d-56bb29886c9e",
      "updatedUserId": "e47109d8-0300-4e59-a90d-56bb29886c9e"
    }
  ],
  "dialogs": [
    {
      "rootNodeId": "ed26348f-d743-43fc-8ddf-58276d9ee6ef",
      "messageNodes": [
        {
          "botMessageId": "c8d2a29b-0575-461c-b1b6-ed3d73924f5a",
          "nodeType": "BotMessageNode",
          "id": "3772fb98-44c3-4685-bc3e-6d104c370931",
          "defaultTargetNodeId": "06d6cd4e-200e-42b4-be31-022e21a16bbc"
        },
        {
          "botMessageId": "938bf327-7b8a-49a0-bdcb-46eb03cee88a",
          "nodeType": "BotMessageNode",
          "id": "ed26348f-d743-43fc-8ddf-58276d9ee6ef",
          "defaultTargetNodeId": "3772fb98-44c3-4685-bc3e-6d104c370931"
        },
        {
          "botMessageId": "aa3ee2d2-a108-46e3-8fe2-712ae50ec52b",
          "nodeType": "BotMessageNode",
          "id": "06d6cd4e-200e-42b4-be31-022e21a16bbc",
          "defaultTargetNodeId": "f4d7416b-2740-46d5-91b6-b2f25f1de516"
        }
      ],
      "dialogChangeNodes": [
        {
          "targetDialogId": "new_topic_2bf23930c1d146129dfe38bacb94ccd0_aeabea4d071f415c8c107e1cb7af5424_assumedsuccess",
          "nodeType": "DialogChangeNode",
          "id": "f4d7416b-2740-46d5-91b6-b2f25f1de516"
        }
      ],
      "id": "new_topic_2d63571c0e524e43a8102a048db7d109",
      "displayName": "Dialog for 팀을 @멘션 하려면 어떻게 하나요?",
      "createdTime": "2021-03-18T03:39:18.7466553Z",
      "updatedTime": "2021-04-06T06:33:04.2397387Z",
      "createdUserId": "e47109d8-0300-4e59-a90d-56bb29886c9e",
      "updatedUserId": "e47109d8-0300-4e59-a90d-56bb29886c9e"
    }
  ],
  "botMessages": [
    {
      "channelContent": {
        "web": {
          "contentFormat": "Markdown",
          "content": "'@팀이름'을 사용하면, 팀내 모든 구성원이 알림을 받습니다.\n\n[알림 유형은 각 개별 설정에 따라 다릅니다.](https://support.microsoft.com/ko-kr/office/six-things-to-know-about-notifications-abb62c60-3d15-4968-b86a-42fea9c22cf4)"
        }
      },
      "id": "c8d2a29b-0575-461c-b1b6-ed3d73924f5a",
      "createdTime": "2021-03-18T03:39:18.7466553Z",
      "updatedTime": "2021-03-18T03:39:18.7466553Z",
      "createdUserId": "e47109d8-0300-4e59-a90d-56bb29886c9e",
      "updatedUserId": "e47109d8-0300-4e59-a90d-56bb29886c9e"
    },
    {
      "channelContent": {
        "web": {
          "contentFormat": "Markdown",
          "content": "[팀내 모든 사람들의 관심을 끌기 위해](https://support.microsoft.com/ko-kr/office/use-mentions-to-get-someone-s-attention-in-teams-eb4f059d-320e-454e-b111-03361d4d6855) 팀이름을 @멘션 합니다.\n\n*   팀 이름 앞에 @를 입력한 다음 나타나는 메뉴에서 팀을 선택하기만 하면 됩니다."
        }
      },
      "id": "938bf327-7b8a-49a0-bdcb-46eb03cee88a",
      "createdTime": "2021-04-06T06:30:38.554Z",
      "updatedTime": "2021-04-06T06:30:38.554Z",
      "createdUserId": "user-0",
      "updatedUserId": "user-0"
    },
    {
      "channelContent": {
        "web": {
          "contentFormat": "Markdown",
          "content": "💡 **팁:** 이 옵션은 이메일 전체 회신과 유사하게 신중하게 사용하십시오."
        }
      },
      "id": "aa3ee2d2-a108-46e3-8fe2-712ae50ec52b",
      "createdTime": "2021-04-06T06:31:54.327Z",
      "updatedTime": "2021-04-06T06:31:54.327Z",
      "createdUserId": "user-0",
      "updatedUserId": "user-0"
    }
  ],
  "createdUtc": "0001-01-01T00:00:00Z"
}