{
  "intents": [
    {
      "triggerQueries": [
        "Går det an å fokusere kun på innholdet?",
        "Når kan jeg slå på fokus i teams?",
        "Hva betyr fokus?"
      ],
      "dialogId": "new_topic_08141b76ba0d479a93d6e72e6cc308bc",
      "isTriggeringEnabled": true,
      "id": "new_topic_08141b76ba0d479a93d6e72e6cc308bc",
      "displayName": "Hva betyr fokus?",
      "description": "https://norwegianteams.blob.core.windows.net/norwegian-container/Tima - p19 to p33.docx",
      "createdTime": "2021-04-07T15:50:51.3446815Z",
      "updatedTime": "2021-04-07T15:56:35.8330156Z",
      "createdUserId": "ef0c8b9a-eff1-49f8-92fa-fd1d3e15e1ba",
      "updatedUserId": "ef0c8b9a-eff1-49f8-92fa-fd1d3e15e1ba"
    }
  ],
  "dialogs": [
    {
      "rootNodeId": "b711aef7-815c-42c9-8f46-28cf934cfadb",
      "messageNodes": [
        {
          "botMessageId": "2a963593-bee9-471f-b648-99d2dc0989ef",
          "nodeType": "BotMessageNode",
          "id": "b711aef7-815c-42c9-8f46-28cf934cfadb",
          "defaultTargetNodeId": "2aea6ff7-256c-4075-80b8-836626918f71"
        },
        {
          "botMessageId": "7dd543f9-94c6-4416-82ce-43b6a9afdeb4",
          "nodeType": "BotMessageNode",
          "id": "2aea6ff7-256c-4075-80b8-836626918f71",
          "defaultTargetNodeId": "2473dc97-9a46-4ab7-80fa-c6f9dca76240"
        }
      ],
      "dialogChangeNodes": [
        {
          "targetDialogId": "new_topic_89c49d37fd4c4c1c9144396960733ce1_aeabea4d071f415c8c107e1cb7af5424_assumedsuccess",
          "nodeType": "DialogChangeNode",
          "id": "2473dc97-9a46-4ab7-80fa-c6f9dca76240"
        }
      ],
      "id": "new_topic_08141b76ba0d479a93d6e72e6cc308bc",
      "displayName": "Dialog for Hva betyr fokus?",
      "createdTime": "2021-04-07T15:50:51.3446815Z",
      "updatedTime": "2021-04-07T15:56:24.4580013Z",
      "createdUserId": "ef0c8b9a-eff1-49f8-92fa-fd1d3e15e1ba",
      "updatedUserId": "ef0c8b9a-eff1-49f8-92fa-fd1d3e15e1ba"
    }
  ],
  "botMessages": [
    {
      "channelContent": {
        "web": {
          "contentFormat": "Markdown",
          "content": "Fokus er tilgjengelig når noen deler et innhold. Dette er visningen du kan velge når du ønsker å fokusere på innholdet, uten å bli distrahert av andres videoer."
        }
      },
      "id": "2a963593-bee9-471f-b648-99d2dc0989ef",
      "createdTime": "2021-04-07T15:50:51.3446815Z",
      "updatedTime": "2021-04-07T15:50:51.3446815Z",
      "createdUserId": "ef0c8b9a-eff1-49f8-92fa-fd1d3e15e1ba",
      "updatedUserId": "ef0c8b9a-eff1-49f8-92fa-fd1d3e15e1ba"
    },
    {
      "channelContent": {
        "web": {
          "contentFormat": "Markdown",
          "content": "**Obs!:** Du må slå på den [nye møteopplevelsen](https://support.microsoft.com/nb-no/office/f%C3%A5-en-forsmak-av-nye-m%C3%B8tefunksjoner-04533e91-3203-4530-a1c0-8f77c0731699) for å bruke stort galleri, sammen-modus og fokus."
        }
      },
      "id": "7dd543f9-94c6-4416-82ce-43b6a9afdeb4",
      "createdTime": "2021-04-07T15:56:16.496Z",
      "updatedTime": "2021-04-07T15:56:16.496Z",
      "createdUserId": "user-0",
      "updatedUserId": "user-0"
    }
  ],
  "createdUtc": "0001-01-01T00:00:00Z"
}