{
  "intents": [
    {
      "triggerQueries": [
        "Team 팀 파일 업로드 제한",
        "Team 팀 얼마나 큰 파일 처리 저장",
        "최대 파일 크기",
        "Team 팀 업로드 파일 크기 얼마나",
        "Team 팀 파일 크기",
        "Team 팀 파일 크기 얼마나 커질 클 수 제한",
        "Team 팀 저장 파일 제한",
        "Teams에 저장된 파일에 대한 제한 사항이 있습니까?"
      ],
      "dialogId": "new_topic_c8befa0547ce42e9a6dd24c9801ec52f",
      "isTriggeringEnabled": true,
      "id": "new_topic_c8befa0547ce42e9a6dd24c9801ec52f",
      "displayName": "Teams에 저장된 파일에 대한 제한 사항이 있습니까?",
      "description": "https://adoptbotv2kb.blob.core.windows.net/%24web/adoptbot2021-Korean.docx",
      "createdTime": "2021-03-18T03:39:18.7456548Z",
      "updatedTime": "2021-04-06T12:04:46.1827185Z",
      "createdUserId": "e47109d8-0300-4e59-a90d-56bb29886c9e",
      "updatedUserId": "e47109d8-0300-4e59-a90d-56bb29886c9e"
    }
  ],
  "dialogs": [
    {
      "rootNodeId": "c562941c-f515-4abc-9ce8-492dc0f7ac15",
      "messageNodes": [
        {
          "botMessageId": "fd01978f-ad1e-4337-8149-ba06ceaf4c48",
          "nodeType": "BotMessageNode",
          "id": "6fdb8410-ee81-4e03-95cd-381ec58b8440",
          "defaultTargetNodeId": "226e86d9-53e7-4a3e-9004-3b37326512df"
        },
        {
          "botMessageId": "5b6f5c48-6eb1-420d-9437-53c2c853c971",
          "nodeType": "BotMessageNode",
          "id": "c562941c-f515-4abc-9ce8-492dc0f7ac15",
          "defaultTargetNodeId": "6fdb8410-ee81-4e03-95cd-381ec58b8440"
        },
        {
          "botMessageId": "06951383-d818-4c37-9059-4c2562ab6489",
          "nodeType": "BotMessageNode",
          "id": "226e86d9-53e7-4a3e-9004-3b37326512df",
          "defaultTargetNodeId": "64ac53fa-2af5-4aa7-98da-8f9d6bff1a8e"
        }
      ],
      "dialogChangeNodes": [
        {
          "targetDialogId": "new_topic_2bf23930c1d146129dfe38bacb94ccd0_aeabea4d071f415c8c107e1cb7af5424_assumedsuccess",
          "nodeType": "DialogChangeNode",
          "id": "64ac53fa-2af5-4aa7-98da-8f9d6bff1a8e"
        }
      ],
      "id": "new_topic_c8befa0547ce42e9a6dd24c9801ec52f",
      "displayName": "Dialog for Teams에 저장된 파일에 대한 제한 사항이 있습니까?",
      "createdTime": "2021-03-18T03:39:18.7456548Z",
      "updatedTime": "2021-04-06T12:03:29.967174Z",
      "createdUserId": "e47109d8-0300-4e59-a90d-56bb29886c9e",
      "updatedUserId": "e47109d8-0300-4e59-a90d-56bb29886c9e"
    }
  ],
  "botMessages": [
    {
      "channelContent": {
        "web": {
          "contentFormat": "Markdown",
          "content": "팀이 파일 공유를 위해 SharePoint Online 백엔드에서 실행되므로, SharePoint 제한사항은 팀 내의 파일 섹션에 적용됩니다."
        }
      },
      "id": "fd01978f-ad1e-4337-8149-ba06ceaf4c48",
      "createdTime": "2021-03-18T03:39:18.7456548Z",
      "updatedTime": "2021-03-18T03:39:18.7456548Z",
      "createdUserId": "e47109d8-0300-4e59-a90d-56bb29886c9e",
      "updatedUserId": "e47109d8-0300-4e59-a90d-56bb29886c9e"
    },
    {
      "channelContent": {
        "web": {
          "contentFormat": "Markdown",
          "content": "[Teams에서 파일 업로드 한도](https://docs.microsoft.com/ko-kr/microsoftteams/limits-specifications-teams#storage)는 파일당 100GB입니다.(2021년 초)\n\n💡 항상 업데이트된 한도에 대한 링크 클릭."
        }
      },
      "id": "5b6f5c48-6eb1-420d-9437-53c2c853c971",
      "createdTime": "2021-04-06T11:58:48.479Z",
      "updatedTime": "2021-04-06T11:58:48.479Z",
      "createdUserId": "user-0",
      "updatedUserId": "user-0"
    },
    {
      "channelContent": {
        "web": {
          "contentFormat": "Markdown",
          "content": "2021년에, 이 제한은 [파일당 250 GB](https://www.microsoft.com/ko-kr/microsoft-365/roadmap?filters=&searchterms=250%2CGB) 로 늘어 납/났습 니다."
        }
      },
      "id": "06951383-d818-4c37-9059-4c2562ab6489",
      "createdTime": "2021-04-06T12:03:05.537Z",
      "updatedTime": "2021-04-06T12:03:05.537Z",
      "createdUserId": "user-0",
      "updatedUserId": "user-0"
    }
  ],
  "createdUtc": "0001-01-01T00:00:00Z"
}