{
  "intents": [
    {
      "endUserOverrideName": "Wer kann an Live-Events teilnehmen?",
      "triggerQueries": [
        "Wer kann an Live-Events teilnehmen?",
        "Teilnahme an Live-Events",
        "Nehmen Sie an einer Live-Veranstaltung in Teams teil",
        "Wer kann Live-Events sehen?",
        "Wer kann an einer Live-Veranstaltung teilnehmen?",
        "Wer kann ein Live-Event in Teams sehen?",
        "Wer kann ein Live-Event sehen?",
        "Wer kann an Live-Events teilnehmen?",
        "Teilnehmer für Live-Events"
      ],
      "dialogId": "new_topic_454050c13ebf42ffb363286406d5a054",
      "isTriggeringEnabled": true,
      "id": "new_topic_454050c13ebf42ffb363286406d5a054",
      "displayName": "Wer kann an Live-Events teilnehmen?",
      "description": "",
      "createdTime": "2021-04-19T07:50:41.3137767Z",
      "updatedTime": "2021-04-19T07:50:41.3137767Z",
      "createdUserId": "d4c65e50-fb5c-4311-830a-05b59a11dd48"
    }
  ],
  "dialogs": [
    {
      "rootNodeId": "6d83e105-0046-4472-b5d3-aea2d233f415",
      "messageNodes": [
        {
          "botMessageId": "dc94c38c-85ae-45e9-923e-00e03ce97a97",
          "nodeType": "BotMessageNode",
          "id": "6d83e105-0046-4472-b5d3-aea2d233f415",
          "defaultTargetNodeId": "60716624-55f5-4bb6-ba29-7f7f694d559e"
        },
        {
          "botMessageId": "fdb0d7ff-7297-4a3e-bea8-021668608560",
          "nodeType": "BotMessageNode",
          "id": "60716624-55f5-4bb6-ba29-7f7f694d559e",
          "defaultTargetNodeId": "299fa0e6-605a-4f22-b31b-b0ea2729a611"
        },
        {
          "botMessageId": "14079c15-3642-4f75-adbb-6010e033896b",
          "nodeType": "BotMessageNode",
          "id": "299fa0e6-605a-4f22-b31b-b0ea2729a611",
          "defaultTargetNodeId": "b2155a56-127c-4197-9940-5733ec763107"
        }
      ],
      "dialogChangeNodes": [
        {
          "targetDialogId": "new_topic_30867099f4b543d3b8543a85c22c3418_aeabea4d071f415c8c107e1cb7af5424_assumedsuccess",
          "nodeType": "DialogChangeNode",
          "id": "b2155a56-127c-4197-9940-5733ec763107"
        }
      ],
      "id": "new_topic_454050c13ebf42ffb363286406d5a054",
      "displayName": "Dialog for Wer kann an Live-Events teilnehmen?",
      "createdTime": "2021-04-19T07:50:41.3137767Z",
      "updatedTime": "2021-04-19T07:52:40.9299989Z",
      "createdUserId": "d4c65e50-fb5c-4311-830a-05b59a11dd48",
      "updatedUserId": "d4c65e50-fb5c-4311-830a-05b59a11dd48"
    }
  ],
  "botMessages": [
    {
      "channelContent": {
        "web": {
          "contentFormat": "Markdown",
          "content": "**Öffentliche Veranstaltungen**:\n\nWenn eine Veranstaltung öffentlich ist, kann jeder mit dem Link teilnehmen, ohne sich anzumelden."
        }
      },
      "id": "dc94c38c-85ae-45e9-923e-00e03ce97a97",
      "createdTime": "2021-04-19T07:50:41.3137767Z",
      "updatedTime": "2021-04-19T07:50:41.3137767Z",
      "createdUserId": "d4c65e50-fb5c-4311-830a-05b59a11dd48",
      "updatedUserId": "d4c65e50-fb5c-4311-830a-05b59a11dd48"
    },
    {
      "channelContent": {
        "web": {
          "contentFormat": "Markdown",
          "content": "**Private Veranstaltungen**:\n\nWenn die Teilnahme auf Ihre Organisation oder bestimmte Personen und Gruppen beschränkt ist, müssen sich die Teilnehmer anmelden, um beitreten zu können. Wenn das Ereignis extern erstellt wird, benötigen sie eine Lizenz, die Microsoft Stream enthält."
        }
      },
      "id": "fdb0d7ff-7297-4a3e-bea8-021668608560",
      "createdTime": "2021-04-19T07:50:46.8Z",
      "updatedTime": "2021-04-19T07:50:46.8Z",
      "createdUserId": "user-0",
      "updatedUserId": "user-0"
    },
    {
      "channelContent": {
        "web": {
          "contentFormat": "Markdown",
          "content": "Weitere Informationen finden Sie [unter Erste Schritte mit Microsoft Teams-Live-Events](https://support.microsoft.com/de-de/office/get-started-with-microsoft-teams-live-events-d077fec2-a058-483e-9ab5-1494afda578a)."
        }
      },
      "id": "14079c15-3642-4f75-adbb-6010e033896b",
      "createdTime": "2021-04-19T07:50:49.078Z",
      "updatedTime": "2021-04-19T07:50:49.078Z",
      "createdUserId": "user-0",
      "updatedUserId": "user-0"
    }
  ],
  "createdUtc": "0001-01-01T00:00:00Z"
}