{
  "intents": [
    {
      "endUserOverrideName": "Caractères spéciaux pour nom de canal",
      "triggerQueries": [
        "Puis-je utiliser des caractères spéciaux pour nommer un canal?",
        "Ajouter des emojis ou des icônes au nom du canal",
        "Je ne peux pas nommer un canal comme je veux!",
        "y a-t-il des restrictions aux noms de canaux?",
        "Puis-je utiliser des caractères spéciaux pour mon nom de canal?",
        "caractères spéciaux dans un nom de canal?",
        "quels caractères sont autorisés dans les noms de canaux?",
        "Emojis dans les noms de canaux?",
        "icônes ou formes dans le nom d'un canal?",
        "Nom de canal, quels caractères?",
        "Les noms des canaux peuvent-ils contenir des caractères spéciaux ou simplement des lettres?"
      ],
      "dialogId": "new_topic_d73bc63d4b514302b55bc965a266d5cc",
      "isTriggeringEnabled": true,
      "id": "new_topic_d73bc63d4b514302b55bc965a266d5cc",
      "displayName": "Puis-je utiliser des caractères spéciaux pour nommer un canal?",
      "description": "",
      "createdTime": "2021-01-13T22:20:51.2381463Z",
      "updatedTime": "2021-05-24T21:43:13.6143384Z",
      "createdUserId": "f04d3cd9-b73d-4ba9-a1ed-9319eba29b21",
      "updatedUserId": "a2c4aa2c-d830-41eb-bcf4-467a2c7e1279"
    }
  ],
  "dialogs": [
    {
      "rootNodeId": "45dc02c3-da5e-473e-89f1-5c6956a66733",
      "messageNodes": [
        {
          "botMessageId": "8e82cb90-e726-4fd3-a84e-21914ed40dd5",
          "nodeType": "BotMessageNode",
          "id": "45dc02c3-da5e-473e-89f1-5c6956a66733",
          "defaultTargetNodeId": "80b47d0d-350c-472e-a6b0-351d1edaa501"
        },
        {
          "botMessageId": "af432411-6e3f-41f4-95d3-b1c9db2bb189",
          "nodeType": "BotMessageNode",
          "id": "80b47d0d-350c-472e-a6b0-351d1edaa501",
          "defaultTargetNodeId": "e2d421cf-52c0-491a-86cb-091342340a16"
        },
        {
          "botMessageId": "9278da37-f1bd-4de0-b2dd-f0278c048f11",
          "nodeType": "BotMessageNode",
          "id": "e2d421cf-52c0-491a-86cb-091342340a16",
          "defaultTargetNodeId": "09039f7a-00b2-41af-a5ad-b363426c7949"
        }
      ],
      "dialogChangeNodes": [
        {
          "targetDialogId": "new_topic_eac3f49c99664313a9d9dc19d80a79a2_aeabea4d071f415c8c107e1cb7af5424_assumedsuccess",
          "nodeType": "DialogChangeNode",
          "id": "09039f7a-00b2-41af-a5ad-b363426c7949"
        }
      ],
      "id": "new_topic_d73bc63d4b514302b55bc965a266d5cc",
      "displayName": "Dialog for Can I use special characters for my channel name?",
      "createdTime": "2021-01-13T22:20:51.2381463Z",
      "updatedTime": "2021-05-24T21:44:27.061358Z",
      "createdUserId": "f04d3cd9-b73d-4ba9-a1ed-9319eba29b21",
      "updatedUserId": "a2c4aa2c-d830-41eb-bcf4-467a2c7e1279"
    }
  ],
  "botMessages": [
    {
      "channelContent": {
        "web": {
          "contentFormat": "Markdown",
          "content": "Nommez toujours le canal avec des lettres uniquement dans un premier temps. Vous pouvez ensuite modifier le nom et ajouter des icônes et/ou des emojis pour une meilleure compréhension ✅"
        }
      },
      "id": "8e82cb90-e726-4fd3-a84e-21914ed40dd5",
      "createdTime": "2021-01-13T22:20:51.2381463Z",
      "updatedTime": "2021-01-13T22:20:51.2381463Z",
      "createdUserId": "f04d3cd9-b73d-4ba9-a1ed-9319eba29b21",
      "updatedUserId": "f04d3cd9-b73d-4ba9-a1ed-9319eba29b21"
    },
    {
      "channelContent": {
        "web": {
          "contentFormat": "Markdown",
          "content": "Toutefois, les noms des canaux ne peuvent pas contenir les caractères ou mots suivants.\n\n*   **Charactères:** ~ # % & \\* {{ }} + / \\\\ : < > ? |' ' .\n*   **Mots:** Forms, CON, CONIN$, CONOUT$, PRN, AUX, NUL, COM1 to COM9, LPT1 to LPT9, desktop.ini, \\_vti\\_"
        }
      },
      "id": "af432411-6e3f-41f4-95d3-b1c9db2bb189",
      "createdTime": "2021-01-26T23:21:59.912Z",
      "updatedTime": "2021-01-26T23:21:59.912Z",
      "createdUserId": "user-0",
      "updatedUserId": "user-0"
    },
    {
      "channelContent": {
        "web": {
          "contentFormat": "Markdown",
          "content": "**Veuillez noter** que les noms des canaux ne peuvent pas commencer par un soulignement (\\_) ou un point (.), ou se terminer par un point(.)."
        }
      },
      "id": "9278da37-f1bd-4de0-b2dd-f0278c048f11",
      "createdTime": "2021-01-26T23:23:07.572Z",
      "updatedTime": "2021-01-26T23:23:07.572Z",
      "createdUserId": "user-0",
      "updatedUserId": "user-0"
    }
  ],
  "createdUtc": "0001-01-01T00:00:00Z"
}