{
  "intents": [
    {
      "endUserOverrideName": "Åpne tidligere versjoner av Office dokumenter ved hjelp av Office 365",
      "triggerQueries": [
        "Åpne tidligere versjoner av Office filer",
        "Åpne tidligere versjoner av Office dokumenter ved hjelp av Office 365",
        "Kan personer med tidligere versjoner av Office åpne dokumenter jeg har opprettet ved hjelp av Office 365?"
      ],
      "dialogId": "new_topic_6d7cb4545e634aa79ba8c48628f543c7",
      "isTriggeringEnabled": true,
      "id": "new_topic_6d7cb4545e634aa79ba8c48628f543c7",
      "displayName": "Kan personer med tidligere versjoner av Office åpne dokumenter jeg har opprettet ved hjelp av Office 365?",
      "description": "",
      "createdTime": "2021-04-12T15:22:52.5008276Z",
      "updatedTime": "2021-04-16T06:34:44.0235519Z",
      "createdUserId": "ef0c8b9a-eff1-49f8-92fa-fd1d3e15e1ba",
      "updatedUserId": "ef0c8b9a-eff1-49f8-92fa-fd1d3e15e1ba"
    }
  ],
  "dialogs": [
    {
      "rootNodeId": "06711822-65e3-4920-9097-f2ead26d8ae9",
      "messageNodes": [
        {
          "botMessageId": "f708a479-7a97-403b-99a8-bc30ade3d541",
          "nodeType": "BotMessageNode",
          "id": "06711822-65e3-4920-9097-f2ead26d8ae9",
          "defaultTargetNodeId": "a18d491d-3aa7-4f17-8a89-1d77d1701f16"
        }
      ],
      "dialogChangeNodes": [
        {
          "targetDialogId": "new_topic_89c49d37fd4c4c1c9144396960733ce1_aeabea4d071f415c8c107e1cb7af5424_assumedsuccess",
          "nodeType": "DialogChangeNode",
          "id": "a18d491d-3aa7-4f17-8a89-1d77d1701f16"
        }
      ],
      "id": "new_topic_6d7cb4545e634aa79ba8c48628f543c7",
      "displayName": "Dialog for Kan personer med tidligere versjoner av Office åpne dokumenter jeg har opprettet ved hjelp av Office 365?",
      "createdTime": "2021-04-12T15:22:52.5008276Z",
      "updatedTime": "2021-04-12T15:23:19.4615414Z",
      "createdUserId": "ef0c8b9a-eff1-49f8-92fa-fd1d3e15e1ba",
      "updatedUserId": "ef0c8b9a-eff1-49f8-92fa-fd1d3e15e1ba"
    }
  ],
  "botMessages": [
    {
      "channelContent": {
        "web": {
          "contentFormat": "Markdown",
          "content": "Personer som bruker Office 365-, Office-2019-, Office-2016-, Office-2013- og Office 2010-programmer kan åpne dokumenter som er opprettet ved hjelp av Microsoft 365 uten ytterligere handlinger."
        }
      },
      "id": "f708a479-7a97-403b-99a8-bc30ade3d541",
      "createdTime": "2021-04-12T15:22:52.5008276Z",
      "updatedTime": "2021-04-12T15:22:52.5008276Z",
      "createdUserId": "ef0c8b9a-eff1-49f8-92fa-fd1d3e15e1ba",
      "updatedUserId": "ef0c8b9a-eff1-49f8-92fa-fd1d3e15e1ba"
    }
  ],
  "createdUtc": "0001-01-01T00:00:00Z"
}