{
  "intents": [
    {
      "endUserOverrideName": "Logg inn og kom i gang med Teams",
      "triggerQueries": [
        "Finn videoopplæring for Microsoft Teams",
        "Hvor finner jeg digital opplæring på Teams?",
        "Hvor finner jeg videoopplæringer om Teams?",
        "logg inn på mobilen",
        "Kan jeg logge inn i teams på mobilen?",
        "privat bruk av teams",
        "logg inn på web",
        "teams på nett",
        "teams på web",
        "Start teams",
        "Tilgang til Teams",
        "Komme i gang med teams",
        "Teams på mobil",
        "Hvor finner jeg teams på Mac?",
        "Hvordan logger jeg på Teams?",
        "Logg inn teams",
        "Hvordan kan man logge på og komme i gang med Teams?"
      ],
      "dialogId": "new_topic_b6e2bf82381440daa1820c969259eec0",
      "isTriggeringEnabled": true,
      "id": "new_topic_b6e2bf82381440daa1820c969259eec0",
      "displayName": "Hvordan kan man logge på og komme i gang med Teams?",
      "description": "https://norwegianteams.blob.core.windows.net/norwegian-container/TIMA QA P19.docx",
      "createdTime": "2021-03-24T20:09:21.5442661Z",
      "updatedTime": "2021-04-22T14:08:07.5511785Z",
      "createdUserId": "ef0c8b9a-eff1-49f8-92fa-fd1d3e15e1ba",
      "updatedUserId": "ef0c8b9a-eff1-49f8-92fa-fd1d3e15e1ba"
    }
  ],
  "dialogs": [
    {
      "rootNodeId": "36d82faa-c8c9-433e-ac4b-fcc22dfdbdb7",
      "messageNodes": [
        {
          "botMessageId": "6e55ba4b-59a0-4f06-bad4-575b4b28138f",
          "nodeType": "BotMessageNode",
          "id": "28e73e14-16ce-4d1a-a77a-c91f11dacab6",
          "defaultTargetNodeId": "a6ba8610-32b1-4c83-8fdf-e8c715ab67b8"
        },
        {
          "botMessageId": "d8bce43a-3f20-416c-9d72-cf4b014931d3",
          "nodeType": "BotMessageNode",
          "id": "36d82faa-c8c9-433e-ac4b-fcc22dfdbdb7",
          "defaultTargetNodeId": "28e73e14-16ce-4d1a-a77a-c91f11dacab6"
        },
        {
          "botMessageId": "baf1a4c4-2055-4946-8808-57e5eb301912",
          "nodeType": "BotMessageNode",
          "id": "a6ba8610-32b1-4c83-8fdf-e8c715ab67b8",
          "defaultTargetNodeId": "d0176188-355a-40fe-9b2e-b9a73cffe1bd"
        }
      ],
      "dialogChangeNodes": [
        {
          "targetDialogId": "new_topic_89c49d37fd4c4c1c9144396960733ce1_aeabea4d071f415c8c107e1cb7af5424_assumedsuccess",
          "nodeType": "DialogChangeNode",
          "id": "d0176188-355a-40fe-9b2e-b9a73cffe1bd"
        }
      ],
      "id": "new_topic_b6e2bf82381440daa1820c969259eec0",
      "displayName": "Dialog for Hvordan kan man logge på og komme i gang med Teams?",
      "createdTime": "2021-03-24T20:09:21.5442661Z",
      "updatedTime": "2021-04-22T14:08:28.9408089Z",
      "createdUserId": "ef0c8b9a-eff1-49f8-92fa-fd1d3e15e1ba",
      "updatedUserId": "ef0c8b9a-eff1-49f8-92fa-fd1d3e15e1ba"
    }
  ],
  "botMessages": [
    {
      "channelContent": {
        "web": {
          "contentFormat": "Markdown",
          "content": "**For å logge på Teams:**\n\n*   Teams finnes som app på [Windows, Mac, iPhone og Android](https://www.microsoft.com/nb-no/microsoft-teams/download-app).\n*   Man kan også bruke Teams på nettet på [https://teams.microsoft.com](https://teams.microsoft.com)\n*   Du logger inn med ditt med **brukernavn** og **passord** for **Office 365**."
        }
      },
      "id": "6e55ba4b-59a0-4f06-bad4-575b4b28138f",
      "createdTime": "2021-03-24T20:09:21.5442661Z",
      "updatedTime": "2021-03-24T20:09:21.5442661Z",
      "createdUserId": "ef0c8b9a-eff1-49f8-92fa-fd1d3e15e1ba",
      "updatedUserId": "ef0c8b9a-eff1-49f8-92fa-fd1d3e15e1ba"
    },
    {
      "channelContent": {
        "web": {
          "contentFormat": "Markdown",
          "content": "Microsoft Teams er en samarbeidsapp som hjelper teamet ditt med å holde seg organisert og ha samtaler, alt på ett sted."
        }
      },
      "id": "d8bce43a-3f20-416c-9d72-cf4b014931d3",
      "createdTime": "2021-04-22T14:01:08.066Z",
      "updatedTime": "2021-04-22T14:01:08.066Z",
      "createdUserId": "user-0",
      "updatedUserId": "user-0"
    },
    {
      "channelContent": {
        "web": {
          "contentFormat": "Markdown",
          "content": "**💡 Lurer du på noe mer?**\n\n*   [Her finner du videoopplæring for Microsoft Teams.](https://support.microsoft.com/nb-no/office/microsoft-teams-videooppl%C3%A6ring-4f108e54-240b-4351-8084-b1089f0d21d7)\n*   Du kan også spørre meg om hjelp og tips i Teams. 😊"
        }
      },
      "id": "baf1a4c4-2055-4946-8808-57e5eb301912",
      "createdTime": "2021-04-22T14:01:50.563Z",
      "updatedTime": "2021-04-22T14:01:50.563Z",
      "createdUserId": "user-0",
      "updatedUserId": "user-0"
    }
  ],
  "createdUtc": "0001-01-01T00:00:00Z"
}