{
  "intents": [
    {
      "endUserOverrideName": "",
      "triggerQueries": [
        "Als Gast beitreten ohne Teams zu verwenden",
        "Wie kommen externe Personen in ein Team?",
        "Ist es schwer, als Gast einem Team beizutreten?",
        "eine Gasteinladung für ein Team aktivieren",
        "Können Gäste von ihrem Telefon aus einem Team beitreten?",
        "Was sieht der Gast, wenn er einem Team beitritt?",
        "Wie kann eine Person aus einem anderen Unternehmen einem Team beitreten?",
        "Wie kann eine Person aus einer anderen Organisation einem Team beitreten?",
        "Wie kann ein Gast einem Team beitreten?",
        "Wie können Gäste einem Team beitreten?"
      ],
      "dialogId": "new_topic_527fe80ae47d4cfda796042b79ba2e3f",
      "isTriggeringEnabled": true,
      "id": "new_topic_527fe80ae47d4cfda796042b79ba2e3f",
      "displayName": "Wie können Gäste einem Team beitreten?",
      "description": "",
      "createdTime": "2021-04-19T09:19:52.1867816Z",
      "updatedTime": "2021-04-19T09:19:52.1867816Z",
      "createdUserId": "86360cd1-faa6-4d16-8a0c-ba3116c8a977"
    }
  ],
  "dialogs": [
    {
      "rootNodeId": "632db9cf-47bf-43dc-9b04-dfb8ea2923ac",
      "messageNodes": [
        {
          "botMessageId": "5b363d7e-8447-46d1-b2cf-fe5e11994c3e",
          "nodeType": "BotMessageNode",
          "id": "632db9cf-47bf-43dc-9b04-dfb8ea2923ac",
          "defaultTargetNodeId": "6addd47c-e27c-4cb5-ae13-3dfd0202bf69"
        },
        {
          "botMessageId": "f077d0dc-f323-44a3-b8b9-36f6a9d748e0",
          "nodeType": "BotMessageNode",
          "id": "6addd47c-e27c-4cb5-ae13-3dfd0202bf69",
          "defaultTargetNodeId": "98f914b8-fd2b-40eb-a90b-ab1a1e850a0e"
        }
      ],
      "dialogChangeNodes": [
        {
          "targetDialogId": "new_topic_30867099f4b543d3b8543a85c22c3418_aeabea4d071f415c8c107e1cb7af5424_assumedsuccess",
          "nodeType": "DialogChangeNode",
          "id": "98f914b8-fd2b-40eb-a90b-ab1a1e850a0e"
        }
      ],
      "id": "new_topic_527fe80ae47d4cfda796042b79ba2e3f",
      "displayName": "Dialog for Wie können Gäste einem Team beitreten?",
      "createdTime": "2021-04-19T09:19:52.1867816Z",
      "updatedTime": "2021-04-19T09:22:13.4276765Z",
      "createdUserId": "86360cd1-faa6-4d16-8a0c-ba3116c8a977",
      "updatedUserId": "86360cd1-faa6-4d16-8a0c-ba3116c8a977"
    }
  ],
  "botMessages": [
    {
      "channelContent": {
        "web": {
          "contentFormat": "Markdown",
          "content": "Gäste erhalten eine Willkommens-E-Mail-Einladung, die einige Informationen über den Beitritt zu Teams enthält und wie das [Gästeerlebnis aussieht](https://docs.microsoft.com/de-de/MicrosoftTeams/guest-experience)."
        }
      },
      "id": "5b363d7e-8447-46d1-b2cf-fe5e11994c3e",
      "createdTime": "2021-04-19T09:19:52.1867816Z",
      "updatedTime": "2021-04-19T09:19:52.1867816Z",
      "createdUserId": "86360cd1-faa6-4d16-8a0c-ba3116c8a977",
      "updatedUserId": "86360cd1-faa6-4d16-8a0c-ba3116c8a977"
    },
    {
      "channelContent": {
        "web": {
          "contentFormat": "Markdown",
          "content": "Sie können [diese Videoanleitung](https://docs.microsoft.com/de-de/microsoft-365/business-video/join-team-guest?redirectSourcePath=%252fen-us%252foffice%252fjoin-a-team-as-a-guest-928d1eef-61e2-49ec-b754-c2fe86b34824&view=o365-worldwide) teilen oder ansehen, die zeigt wie Sie als Gast teilnehmen können."
        }
      },
      "id": "f077d0dc-f323-44a3-b8b9-36f6a9d748e0",
      "createdTime": "2021-04-19T09:20:51.139Z",
      "updatedTime": "2021-04-19T09:20:51.139Z",
      "createdUserId": "user-0",
      "updatedUserId": "user-0"
    }
  ],
  "createdUtc": "0001-01-01T00:00:00Z"
}