{
  "intents": [
    {
      "endUserOverrideName": "Formations sur Microsoft Teams",
      "triggerQueries": [
        "Comment me former sur Teams?",
        "Où puis-je trouver des contenus de formation en ligne sur Teams?",
        "Comment puis-je bénéficier de la formation en ligne sur Teams?",
        "Comment puis-je tirer parti de la formation en ligne sur Teams?",
        "J'ai envie d'en savoir plus sur Teams",
        "Vidéos d'apprentissage sur microsoft teams",
        "vidéos sur Teams",
        "Trouver des vidéos de formation sur Microsoft Teams?",
        "J'ai veux en savoir plus sur Teams",
        "Formation en ligne sur Teams",
        "formation numérique",
        "formation à propos de teams",
        "Comment puis-je profiter de la formation en ligne sur Teams?",
        "Existe-t-il des formations sur Teams?",
        "formation numérique sur Teams?",
        "Où puis-je trouver des vidéos de formaiton sur Teams?",
        "Voir des vidéos sur les fonctionnalités de Teams",
        "Voir des vidéos sur Teams",
        "Où puis-je trouver des formations en ligne sur Teams?"
      ],
      "dialogId": "new_topic_d3969b478bc1472bbbb0624e69b5bafd",
      "isTriggeringEnabled": true,
      "id": "new_topic_d3969b478bc1472bbbb0624e69b5bafd",
      "displayName": "Où trouver des contenus de formation sur Teams?",
      "description": "",
      "createdTime": "2021-01-13T22:20:51.2381463Z",
      "updatedTime": "2021-05-24T22:11:29.6484852Z",
      "createdUserId": "f04d3cd9-b73d-4ba9-a1ed-9319eba29b21",
      "updatedUserId": "a2c4aa2c-d830-41eb-bcf4-467a2c7e1279"
    }
  ],
  "dialogs": [
    {
      "rootNodeId": "630b8e3f-dce2-43cc-8c5a-1906fb5cc7ed",
      "messageNodes": [
        {
          "botMessageId": "0d5906c8-15bd-4dba-bebe-7189ec8296f1",
          "nodeType": "BotMessageNode",
          "id": "630b8e3f-dce2-43cc-8c5a-1906fb5cc7ed",
          "defaultTargetNodeId": "362ab7b5-eece-4434-8c1c-f09fdaffeb73"
        }
      ],
      "dialogChangeNodes": [
        {
          "targetDialogId": "new_topic_eac3f49c99664313a9d9dc19d80a79a2_aeabea4d071f415c8c107e1cb7af5424_assumedsuccess",
          "nodeType": "DialogChangeNode",
          "id": "362ab7b5-eece-4434-8c1c-f09fdaffeb73"
        }
      ],
      "id": "new_topic_d3969b478bc1472bbbb0624e69b5bafd",
      "displayName": "Dialog for Where can I find digital training on Teams?",
      "createdTime": "2021-01-13T22:20:51.2381463Z",
      "updatedTime": "2021-04-19T09:27:17.8583707Z",
      "createdUserId": "f04d3cd9-b73d-4ba9-a1ed-9319eba29b21",
      "updatedUserId": "137976d8-62f4-4f81-b357-122fb8bb440c"
    }
  ],
  "botMessages": [
    {
      "channelContent": {
        "web": {
          "contentFormat": "Markdown",
          "content": "Ici vous trouverez tout ce qu'il vous faut :\n\n[Formation vidéo Microsoft Teams](https://support.microsoft.com/fr-fr/office/formation-vid%c3%a9o-microsoft-teams-4f108e54-240b-4351-8084-b1089f0d21d7?ui=fr-FR&rs=fr-FR&ad=FR)"
        }
      },
      "id": "0d5906c8-15bd-4dba-bebe-7189ec8296f1",
      "createdTime": "2021-01-13T22:20:51.2381463Z",
      "updatedTime": "2021-01-13T22:20:51.2381463Z",
      "createdUserId": "f04d3cd9-b73d-4ba9-a1ed-9319eba29b21",
      "updatedUserId": "f04d3cd9-b73d-4ba9-a1ed-9319eba29b21"
    }
  ]
}