{
  "intents": [
    {
      "endUserOverrideName": "Aus dem Teams-Meeting herauswählen, damit andere international teilnehmen können?",
      "triggerQueries": [
        "Aus dem Teams-Meeting herauswählen, damit andere international teilnehmen können?",
        "Aus einer Microsoft Teams-Besprechung herauswählen, damit andere Personen ihr beitreten können",
        "andere Anrufer zu einer Teambesprechung einladen",
        "kann ich mich international einwählen und andere Anrufer einladen?",
        "In einer Besprechung zu internationalen Nummern wählen?",
        "Auslandsgespräche in Teams?",
        "Anrufe außerhalb meines Landes tätigen?",
        "Auslandsgespräche führen",
        "Internationale Anrufe tätigen",
        "Besprechungsteilnehmer mit fremden Nummern einladen",
        "Internationale Telefonate in der Besprechung?",
        "Einladen per Rufnummer außerhalb Deutschlands?",
        "Einladen per Auslandsrufnummer?",
        "Einladen per Rufnummer außerhalb des Landes?",
        "Einladen per Rufnummer außerhalb von Deutschland",
        "Internationale Teilnehmer einladen",
        "Wie können wir jemanden aus einem anderen Land in das Meeting rufen?",
        "Gäste aus dem Ausland in die Besprechung einbeziehen",
        "Können Teilnehmer in einem Microsoft Teams-Meeting internationale Telefonnummern anwählen?"
      ],
      "dialogId": "new_topic_3f2dbfbae0324b3e8ccb435ceb55298a",
      "isTriggeringEnabled": true,
      "id": "new_topic_3f2dbfbae0324b3e8ccb435ceb55298a",
      "displayName": "Können Teilnehmer in einem Microsoft Teams-Meeting internationale Telefonnummern anwählen?",
      "description": "https://adoptbotv2kb.blob.core.windows.net/%24web/AdoptBot2021-English.docx",
      "createdTime": "2021-04-19T10:00:17.3595031Z",
      "updatedTime": "2021-04-19T10:00:17.3595031Z",
      "createdUserId": "86360cd1-faa6-4d16-8a0c-ba3116c8a977"
    }
  ],
  "dialogs": [
    {
      "rootNodeId": "8e1f0b61-9939-4986-b6d8-345a37ee36ce",
      "messageNodes": [
        {
          "botMessageId": "dacc4f61-2142-49ce-a9db-751384dc3327",
          "nodeType": "BotMessageNode",
          "id": "8e1f0b61-9939-4986-b6d8-345a37ee36ce",
          "defaultTargetNodeId": "1c49ff92-4f2d-4722-a2cd-6c47197c5f34"
        }
      ],
      "dialogChangeNodes": [
        {
          "targetDialogId": "new_topic_30867099f4b543d3b8543a85c22c3418_aeabea4d071f415c8c107e1cb7af5424_assumedsuccess",
          "nodeType": "DialogChangeNode",
          "id": "1c49ff92-4f2d-4722-a2cd-6c47197c5f34"
        }
      ],
      "id": "new_topic_3f2dbfbae0324b3e8ccb435ceb55298a",
      "displayName": "Dialog for Können Teilnehmer in einem Microsoft Teams-Meeting internationale Telefonnummern anwählen?",
      "createdTime": "2021-04-19T10:00:17.3595031Z",
      "updatedTime": "2021-04-19T10:00:50.9928825Z",
      "createdUserId": "86360cd1-faa6-4d16-8a0c-ba3116c8a977",
      "updatedUserId": "86360cd1-faa6-4d16-8a0c-ba3116c8a977"
    }
  ],
  "botMessages": [
    {
      "channelContent": {
        "web": {
          "contentFormat": "Markdown",
          "content": "Teilnehmer können sich international herauswählen und andere Anrufer in ein Microsoft Teams-Meeting einladen. Siehe:\n\n[Auswählen aus einer Besprechung, damit andere Personen teilnehmen können](https://docs.microsoft.com/de-de/microsoftteams/dialing-out-from-a-teams-meeting-so-other-people-can-join-it)"
        }
      },
      "id": "dacc4f61-2142-49ce-a9db-751384dc3327",
      "createdTime": "2021-04-19T10:00:17.3595031Z",
      "updatedTime": "2021-04-19T10:00:17.3595031Z",
      "createdUserId": "86360cd1-faa6-4d16-8a0c-ba3116c8a977",
      "updatedUserId": "86360cd1-faa6-4d16-8a0c-ba3116c8a977"
    }
  ]
}