{
  "intents": [
    {
      "endUserOverrideName": "Ouvrir un fichier dans Sharepoint ou l'Explorateur de Fichier",
      "triggerQueries": [
        "Comment synchroniser un dossier Teams  en local",
        "Comment synchroniser un dossier Teams à votre ordinateur local",
        "Synchroniser les fichiers SharePoint et Teams avec votre ordinateur",
        "ouvrir les documents Teams dans le dossier normal?",
        "Puis-je ouvrir des documents Teams dans un dossier classique?",
        "synchroniser les documents Teams à mon ordinateur",
        "synchroniser les documents Teams sur mon ordinateur portable",
        "synchroniser les documents avec l’explorateur de fichiers",
        "afficher les fichiers dans SharePoint",
        "Ouvrir un fichier Teams dans SharePoint",
        "l’ouverture d’un document Teams de SharePoint",
        "Travailler avec les documents de SharePoint dans Teams",
        "Voir les documents Teams dans File Explorer",
        "Consulter les fichiers Teams dans Windows Explorer",
        "synchroniser les fichiers Teams dans explorer",
        "Synchroniser les fichiers Teams sur mon ordinateur",
        "Accéder aux fichiers de équipe Teams via File Explorer",
        "Où puis-je accéder à mes documents en dehors de Teams?",
        "gestion des documents dans SharePoint",
        "Comment puis-je ouvrir un fichier SharePoint à partir de Teams?"
      ],
      "dialogId": "new_topic_ce502c269b47453d881c2b1be03de764",
      "isTriggeringEnabled": true,
      "id": "new_topic_ce502c269b47453d881c2b1be03de764",
      "displayName": "Comment puis-je ouvrir un fichier SharePoint dans Teams?",
      "description": "",
      "createdTime": "2021-01-13T22:20:51.2381463Z",
      "updatedTime": "2021-05-21T07:48:52.1431671Z",
      "createdUserId": "f04d3cd9-b73d-4ba9-a1ed-9319eba29b21",
      "updatedUserId": "137976d8-62f4-4f81-b357-122fb8bb440c"
    }
  ],
  "dialogs": [
    {
      "rootNodeId": "316c2c4c-b5b4-46c7-a040-c264f704e7a6",
      "messageNodes": [
        {
          "botMessageId": "ae908d0e-ccd4-456c-a782-2df38296285c",
          "nodeType": "BotMessageNode",
          "id": "58ed419b-5aaf-4591-ad50-04e32128fc1b",
          "defaultTargetNodeId": "e7aaa8a4-65b0-43c1-9d28-aad89393ba68"
        },
        {
          "botMessageId": "53d5a924-22d0-4a68-bf83-e6e30fa5a105",
          "nodeType": "BotMessageNode",
          "id": "e7aaa8a4-65b0-43c1-9d28-aad89393ba68",
          "defaultTargetNodeId": "c3b92b0f-60b0-4a56-853c-89f629c4f3df"
        },
        {
          "botMessageId": "94f5c8df-6766-4003-8439-022b23f32d7c",
          "nodeType": "BotMessageNode",
          "id": "316c2c4c-b5b4-46c7-a040-c264f704e7a6",
          "defaultTargetNodeId": "d4d3af28-c2ea-4268-9073-651753793c93"
        },
        {
          "botMessageId": "2444d45d-fc83-4df4-8222-050a9a8bf5ca",
          "nodeType": "BotMessageNode",
          "id": "d4d3af28-c2ea-4268-9073-651753793c93",
          "defaultTargetNodeId": "58ed419b-5aaf-4591-ad50-04e32128fc1b"
        }
      ],
      "dialogChangeNodes": [
        {
          "targetDialogId": "new_topic_eac3f49c99664313a9d9dc19d80a79a2_aeabea4d071f415c8c107e1cb7af5424_assumedsuccess",
          "nodeType": "DialogChangeNode",
          "id": "c3b92b0f-60b0-4a56-853c-89f629c4f3df"
        }
      ],
      "id": "new_topic_ce502c269b47453d881c2b1be03de764",
      "displayName": "Dialog for How do I open a file in SharePoint from Teams?",
      "createdTime": "2021-01-13T22:20:51.2381463Z",
      "updatedTime": "2021-05-21T07:49:45.9838064Z",
      "createdUserId": "f04d3cd9-b73d-4ba9-a1ed-9319eba29b21",
      "updatedUserId": "137976d8-62f4-4f81-b357-122fb8bb440c"
    }
  ],
  "botMessages": [
    {
      "channelContent": {
        "web": {
          "contentFormat": "Markdown",
          "content": "*   Trouver et ouvrir les versions précédentes d’un document à l’aide de l'historique de document.\n*   Synchroniser avec OneDrive for Business pour afficher les bibliothèques de documents Teams dans l'Explorateur de Fichier (la synchronisation est aussi possible depuis l'onglet \"_Fichiers\"_ au niveau de vos équipes).\n*   Consulter et gérer qui a accès à votre document.\n*   Et d'autres réglages avancés."
        }
      },
      "id": "ae908d0e-ccd4-456c-a782-2df38296285c",
      "createdTime": "2021-01-13T22:20:51.2381463Z",
      "updatedTime": "2021-01-13T22:20:51.2381463Z",
      "createdUserId": "f04d3cd9-b73d-4ba9-a1ed-9319eba29b21",
      "updatedUserId": "f04d3cd9-b73d-4ba9-a1ed-9319eba29b21"
    },
    {
      "channelContent": {
        "web": {
          "contentFormat": "Markdown",
          "content": "💡 **Astuce:**\n\nÉvitez d’apporter des modifications aux fichiers ou aux dossiers depuis la vue SharePoint.\n\nSi possible, faites-le directement depuis Teams."
        }
      },
      "id": "53d5a924-22d0-4a68-bf83-e6e30fa5a105",
      "createdTime": "2021-01-27T08:19:15.666Z",
      "updatedTime": "2021-01-27T08:19:15.666Z",
      "createdUserId": "user-0",
      "updatedUserId": "user-0"
    },
    {
      "channelContent": {
        "web": {
          "contentFormat": "Markdown",
          "content": "[Consultez le guide officiel avec des images.](https://support.microsoft.com/fr-fr/office/synchroniser-des-fichiers-sharepoint-et-teams-avec-votre-ordinateur-6de9ede8-5b6e-4503-80b2-6190f3354a88?ui=fr-FR&rs=fr-FR&ad=FR)"
        }
      },
      "id": "94f5c8df-6766-4003-8439-022b23f32d7c",
      "createdTime": "2021-01-27T08:23:26.045Z",
      "updatedTime": "2021-01-27T08:23:26.045Z",
      "createdUserId": "user-0",
      "updatedUserId": "user-0"
    },
    {
      "channelContent": {
        "web": {
          "contentFormat": "Markdown",
          "content": "Si vous sélectionnez « **Ouvrir dans SharePoint** » parmi les options de document dans Teams, vous obtiendrez des options complémentaires pour gérer votre document :"
        }
      },
      "id": "2444d45d-fc83-4df4-8222-050a9a8bf5ca",
      "createdTime": "2021-01-27T08:33:36.225Z",
      "updatedTime": "2021-01-27T08:33:36.225Z",
      "createdUserId": "user-0",
      "updatedUserId": "user-0"
    }
  ]
}