<ImportExportXml version="9.2.21103.140" SolutionPackageVersion="9.2" languagecode="1033" generatedBy="CrmLive" xmlns:xsi="http://www.w3.org/2001/XMLSchema-instance">
  <SolutionManifest>
    <UniqueName>TimonTW</UniqueName>
    <LocalizedNames>
      <LocalizedName description="TimonTW" languagecode="1033" />
    </LocalizedNames>
    <Descriptions />
    <Version>1.0.0.0</Version>
    <Managed>0</Managed>
    <Publisher>
      <UniqueName>CSUTW</UniqueName>
      <LocalizedNames>
        <LocalizedName description="CSUTW" languagecode="1033" />
      </LocalizedNames>
      <Descriptions />
      <EMailAddress xsi:nil="true"></EMailAddress>
      <SupportingWebsiteUrl xsi:nil="true"></SupportingWebsiteUrl>
      <CustomizationPrefix>new</CustomizationPrefix>
      <CustomizationOptionValuePrefix>10000</CustomizationOptionValuePrefix>
    </Publisher>
    <RootComponents>
      <RootComponent type="29" id="{4fb2f8b6-4948-ec11-8c62-00224829fc64}" behavior="0" />
      <RootComponent type="29" id="{56a3caa0-4148-ec11-8c62-00224829fc64}" behavior="0" />
      <RootComponent type="29" id="{88c64808-3f48-ec11-8c62-00224829fc64}" behavior="0" />
    </RootComponents>
    <MissingDependencies />
  </SolutionManifest>
</ImportExportXml>