{
  "intents": [
    {
      "endUserOverrideName": "Déplacer des fichier dans un autre canal",
      "triggerQueries": [
        "Déplacer des fichiers d'un canal à un autre?",
        "déplacer un fichier dans Teams",
        "Comment déplacer des fichiers d'un canal à un autre dans  Teams?",
        "Déplacer des fichiers entre les canaux?",
        "Déplacer un fichier d’une équipe à une autre?",
        "Déplacez des fichiers entre vos équipes",
        "Déplacer un fichier d’un canal",
        "Mon fichier n'est pas au bon endroit Comment puis-je le déplacer?",
        "Déplacer un fichier dans un autre emplacement dans Teams?",
        "Déplacer des documents entre différents canaux?",
        "Comment puis-je déplacer des documents d’un canal à l’autre?",
        "Comment puis-je déplacer des fichiers entre plusieurs canaux dans Teams?"
      ],
      "dialogId": "new_topic_92b513d418fa4309a79cc884f530072c",
      "isTriggeringEnabled": true,
      "id": "new_topic_92b513d418fa4309a79cc884f530072c",
      "displayName": "Comment puis-je déplacer des fichiers d'un canal à un autre dans Teams?",
      "description": "",
      "createdTime": "2021-01-13T22:20:51.2381463Z",
      "updatedTime": "2021-05-21T11:52:36.2563742Z",
      "createdUserId": "f04d3cd9-b73d-4ba9-a1ed-9319eba29b21",
      "updatedUserId": "137976d8-62f4-4f81-b357-122fb8bb440c"
    }
  ],
  "dialogs": [
    {
      "rootNodeId": "7017450a-6a5c-42df-9fd3-d8ace09b6570",
      "messageNodes": [
        {
          "botMessageId": "c340ce2e-ab1f-4b82-ab21-a48e96b970c3",
          "nodeType": "BotMessageNode",
          "id": "7017450a-6a5c-42df-9fd3-d8ace09b6570",
          "defaultTargetNodeId": "ec1d2b7d-7d05-4868-895a-b8efdbf093ad"
        }
      ],
      "dialogChangeNodes": [
        {
          "targetDialogId": "new_topic_eac3f49c99664313a9d9dc19d80a79a2_aeabea4d071f415c8c107e1cb7af5424_assumedsuccess",
          "nodeType": "DialogChangeNode",
          "id": "ec1d2b7d-7d05-4868-895a-b8efdbf093ad"
        }
      ],
      "id": "new_topic_92b513d418fa4309a79cc884f530072c",
      "displayName": "Dialog for How do I move files between channels in Teams?",
      "createdTime": "2021-01-13T22:20:51.2381463Z",
      "updatedTime": "2021-05-25T00:20:07.1408416Z",
      "createdUserId": "f04d3cd9-b73d-4ba9-a1ed-9319eba29b21",
      "updatedUserId": "a2c4aa2c-d830-41eb-bcf4-467a2c7e1279"
    }
  ],
  "botMessages": [
    {
      "channelContent": {
        "web": {
          "contentFormat": "Markdown",
          "content": "Vous pouvez déplacer des fichiers depuis l’onglet « **Fichiers** » vers un autre canal.\n\nVous pouvez vous référer à ce guide pas à pas pour [déplacer ou copier des fichiers dans Teams.](https://support.microsoft.com/fr-fr/office/d%c3%a9placer-ou-copier-des-fichiers-dans-teams-f83ed547-359b-4fc8-bf5a-60467f53dd60?ui=fr-FR&rs=fr-FR&ad=FR)"
        }
      },
      "id": "c340ce2e-ab1f-4b82-ab21-a48e96b970c3",
      "createdTime": "2021-01-13T22:20:51.2381463Z",
      "updatedTime": "2021-01-13T22:20:51.2381463Z",
      "createdUserId": "f04d3cd9-b73d-4ba9-a1ed-9319eba29b21",
      "updatedUserId": "f04d3cd9-b73d-4ba9-a1ed-9319eba29b21"
    }
  ]
}