{
  "intents": [
    {
      "triggerQueries": [
        "Come posso aprire un file da Teams sul mio telefono?",
        "Come si apre un file sul telefono?",
        "Posso aprire file sul mio telefono?",
        "App Teams per aprire i file",
        "puoi aprire i file nell'app per dispositivi mobili di Teams?",
        "App mobile per team e file",
        "Aprire i file di Teams sul mio iPhone?",
        "Aprire i file del team dal mio Android?",
        "Come si apre un file da Teams sul telefono?"
      ],
      "dialogId": "new_topic_f532ded5f5574cf1a8e8aea13936eebd",
      "isTriggeringEnabled": true,
      "id": "new_topic_f532ded5f5574cf1a8e8aea13936eebd",
      "displayName": "Come si apre un file da Teams sul telefono?",
      "createdTime": "2022-04-28T19:19:01.4922791Z",
      "updatedTime": "2022-04-28T19:20:04.0703039Z",
      "createdUserId": "9451fc51-e00d-4445-8ff9-efb70866dc3b",
      "updatedUserId": "9451fc51-e00d-4445-8ff9-efb70866dc3b"
    }
  ],
  "dialogs": [
    {
      "rootNodeId": "b233304c-828a-4c34-9922-117d768db372",
      "messageNodes": [
        {
          "botMessageId": "e11552d4-3ca4-492c-8de1-4e264af4e63f",
          "nodeType": "BotMessageNode",
          "id": "b233304c-828a-4c34-9922-117d768db372",
          "defaultTargetNodeId": "162b3138-b08b-4263-b6a6-44a35023f310"
        },
        {
          "botMessageId": "70bacbd7-155f-4250-9876-b9ead11d32b9",
          "nodeType": "BotMessageNode",
          "id": "162b3138-b08b-4263-b6a6-44a35023f310",
          "defaultTargetNodeId": "fc14c1e5-3108-46b6-a7a6-91a782ee478f"
        }
      ],
      "dialogChangeNodes": [
        {
          "targetDialogId": "new_topic_f98a24608ee04cb998de3e3e32703d5b_aeabea4d071f415c8c107e1cb7af5424_assumedsuccess",
          "nodeType": "DialogChangeNode",
          "id": "fc14c1e5-3108-46b6-a7a6-91a782ee478f"
        }
      ],
      "id": "new_topic_f532ded5f5574cf1a8e8aea13936eebd",
      "displayName": "Senza titolo",
      "createdTime": "2022-04-28T19:19:01.4922791Z",
      "updatedTime": "2022-04-28T19:20:04.0703039Z",
      "createdUserId": "9451fc51-e00d-4445-8ff9-efb70866dc3b",
      "updatedUserId": "9451fc51-e00d-4445-8ff9-efb70866dc3b"
    }
  ],
  "botMessages": [
    {
      "channelContent": {
        "web": {
          "contentFormat": "Markdown",
          "content": "Teams è un ottimo posto per gestire i file dal tuo telefono."
        }
      },
      "id": "e11552d4-3ca4-492c-8de1-4e264af4e63f",
      "createdTime": "2022-04-28T19:13:48.623Z",
      "updatedTime": "2022-04-28T19:13:48.623Z"
    },
    {
      "channelContent": {
        "web": {
          "contentFormat": "Markdown",
          "content": "Se selezioni un file di un canale sulla tua app mobile Teams, hai la possibilità di aprirlo o inviarne una copia a qualcuno."
        }
      },
      "id": "70bacbd7-155f-4250-9876-b9ead11d32b9",
      "createdTime": "2022-04-28T19:16:26.364Z",
      "updatedTime": "2022-04-28T19:16:26.364Z",
      "createdUserId": "user-0",
      "updatedUserId": "user-0"
    }
  ]
}