<botcomponent_botcomponentset>
  <botcomponent_botcomponent botcomponentidone.schemaname="new_topic_008f6d05ee844f66b3072303efd1d64b" botcomponentidtwo.schemaname="new_topic_eac3f49c99664313a9d9dc19d80a79a2_aeabea4d071f415c8c107e1cb7af5424_assumedsuccess">
    <iscustomizable>1</iscustomizable>
  </botcomponent_botcomponent>
  <botcomponent_botcomponent botcomponentidone.schemaname="new_topic_00ef7ba7894142f8a29f53031b3cf303" botcomponentidtwo.schemaname="new_topic_eac3f49c99664313a9d9dc19d80a79a2_aeabea4d071f415c8c107e1cb7af5424_assumedsuccess">
    <iscustomizable>1</iscustomizable>
  </botcomponent_botcomponent>
  <botcomponent_botcomponent botcomponentidone.schemaname="new_topic_047856d4cd014c9b9b76603025b6d56d" botcomponentidtwo.schemaname="new_topic_eac3f49c99664313a9d9dc19d80a79a2_aeabea4d071f415c8c107e1cb7af5424_assumedsuccess">
    <iscustomizable>1</iscustomizable>
  </botcomponent_botcomponent>
  <botcomponent_botcomponent botcomponentidone.schemaname="new_topic_0662627c37eb487380fd1ac47c23c641" botcomponentidtwo.schemaname="new_topic_eac3f49c99664313a9d9dc19d80a79a2_aeabea4d071f415c8c107e1cb7af5424_assumedsuccess">
    <iscustomizable>1</iscustomizable>
  </botcomponent_botcomponent>
  <botcomponent_botcomponent botcomponentidone.schemaname="new_topic_08efd0f76e2e4292aa715991b0254217" botcomponentidtwo.schemaname="new_topic_eac3f49c99664313a9d9dc19d80a79a2_aeabea4d071f415c8c107e1cb7af5424_assumedsuccess">
    <iscustomizable>1</iscustomizable>
  </botcomponent_botcomponent>
  <botcomponent_botcomponent botcomponentidone.schemaname="new_topic_0928ad0fbb5c4c69af0fc8e7ba525b7e" botcomponentidtwo.schemaname="new_topic_eac3f49c99664313a9d9dc19d80a79a2_aeabea4d071f415c8c107e1cb7af5424_assumedsuccess">
    <iscustomizable>1</iscustomizable>
  </botcomponent_botcomponent>
  <botcomponent_botcomponent botcomponentidone.schemaname="new_topic_0ab8fc40292649d3a1b625bfa99804f7" botcomponentidtwo.schemaname="new_topic_eac3f49c99664313a9d9dc19d80a79a2_aeabea4d071f415c8c107e1cb7af5424_assumedsuccess">
    <iscustomizable>1</iscustomizable>
  </botcomponent_botcomponent>
  <botcomponent_botcomponent botcomponentidone.schemaname="new_topic_0df835f0bc6c493c91b2230458d22e79" botcomponentidtwo.schemaname="new_topic_eac3f49c99664313a9d9dc19d80a79a2_aeabea4d071f415c8c107e1cb7af5424_assumedsuccess">
    <iscustomizable>1</iscustomizable>
  </botcomponent_botcomponent>
  <botcomponent_botcomponent botcomponentidone.schemaname="new_topic_0e32ece102dc43fc9d2b2a58d8059187" botcomponentidtwo.schemaname="new_topic_eac3f49c99664313a9d9dc19d80a79a2_aeabea4d071f415c8c107e1cb7af5424_assumedsuccess">
    <iscustomizable>1</iscustomizable>
  </botcomponent_botcomponent>
  <botcomponent_botcomponent botcomponentidone.schemaname="new_topic_13ca52f2d1f140d5a8ac64b0fc30c856" botcomponentidtwo.schemaname="new_topic_eac3f49c99664313a9d9dc19d80a79a2_aeabea4d071f415c8c107e1cb7af5424_assumedsuccess">
    <iscustomizable>1</iscustomizable>
  </botcomponent_botcomponent>
  <botcomponent_botcomponent botcomponentidone.schemaname="new_topic_16c57fdcaf16462a8415b89485d916da" botcomponentidtwo.schemaname="new_topic_eac3f49c99664313a9d9dc19d80a79a2_aeabea4d071f415c8c107e1cb7af5424_assumedsuccess">
    <iscustomizable>1</iscustomizable>
  </botcomponent_botcomponent>
  <botcomponent_botcomponent botcomponentidone.schemaname="new_topic_1ca991a36e464c9fa29505e2779c7ccc" botcomponentidtwo.schemaname="new_topic_eac3f49c99664313a9d9dc19d80a79a2_aeabea4d071f415c8c107e1cb7af5424_assumedsuccess">
    <iscustomizable>1</iscustomizable>
  </botcomponent_botcomponent>
  <botcomponent_botcomponent botcomponentidone.schemaname="new_topic_1d17cb93109841fa97f281dea4652072" botcomponentidtwo.schemaname="new_topic_eac3f49c99664313a9d9dc19d80a79a2_aeabea4d071f415c8c107e1cb7af5424_assumedsuccess">
    <iscustomizable>1</iscustomizable>
  </botcomponent_botcomponent>
  <botcomponent_botcomponent botcomponentidone.schemaname="new_topic_213a612b7b7648068781dbfcb1ccdd90" botcomponentidtwo.schemaname="new_topic_eac3f49c99664313a9d9dc19d80a79a2_aeabea4d071f415c8c107e1cb7af5424_assumedsuccess">
    <iscustomizable>1</iscustomizable>
  </botcomponent_botcomponent>
  <botcomponent_botcomponent botcomponentidone.schemaname="new_topic_2c11c5db21ba4da2bd28c8f7e5d41cdc" botcomponentidtwo.schemaname="new_topic_eac3f49c99664313a9d9dc19d80a79a2_aeabea4d071f415c8c107e1cb7af5424_assumedsuccess">
    <iscustomizable>1</iscustomizable>
  </botcomponent_botcomponent>
  <botcomponent_botcomponent botcomponentidone.schemaname="new_topic_2c39bf66f5494ef4a884f9849ecfe215" botcomponentidtwo.schemaname="new_topic_eac3f49c99664313a9d9dc19d80a79a2_aeabea4d071f415c8c107e1cb7af5424_assumedsuccess">
    <iscustomizable>1</iscustomizable>
  </botcomponent_botcomponent>
  <botcomponent_botcomponent botcomponentidone.schemaname="new_topic_3154323cde184e1a9378b71876da8907" botcomponentidtwo.schemaname="new_topic_eac3f49c99664313a9d9dc19d80a79a2_aeabea4d071f415c8c107e1cb7af5424_assumedsuccess">
    <iscustomizable>1</iscustomizable>
  </botcomponent_botcomponent>
  <botcomponent_botcomponent botcomponentidone.schemaname="new_topic_3400c029419e4a6281299aec694508cd" botcomponentidtwo.schemaname="new_topic_eac3f49c99664313a9d9dc19d80a79a2_aeabea4d071f415c8c107e1cb7af5424_assumedsuccess">
    <iscustomizable>1</iscustomizable>
  </botcomponent_botcomponent>
  <botcomponent_botcomponent botcomponentidone.schemaname="new_topic_344cae3f0db54519af5841e6728cc7f7" botcomponentidtwo.schemaname="new_topic_eac3f49c99664313a9d9dc19d80a79a2_aeabea4d071f415c8c107e1cb7af5424_assumedsuccess">
    <iscustomizable>1</iscustomizable>
  </botcomponent_botcomponent>
  <botcomponent_botcomponent botcomponentidone.schemaname="new_topic_3b3f503b99504fd9893ebc86abbf1ad5" botcomponentidtwo.schemaname="new_topic_eac3f49c99664313a9d9dc19d80a79a2_aeabea4d071f415c8c107e1cb7af5424_assumedsuccess">
    <iscustomizable>1</iscustomizable>
  </botcomponent_botcomponent>
  <botcomponent_botcomponent botcomponentidone.schemaname="new_topic_3edb59878c14423aab8b4c00a6be3ccc" botcomponentidtwo.schemaname="new_topic_eac3f49c99664313a9d9dc19d80a79a2_aeabea4d071f415c8c107e1cb7af5424_assumedsuccess">
    <iscustomizable>1</iscustomizable>
  </botcomponent_botcomponent>
  <botcomponent_botcomponent botcomponentidone.schemaname="new_topic_44afbf4c37224b74b3f9e59a2d87cada" botcomponentidtwo.schemaname="new_topic_eac3f49c99664313a9d9dc19d80a79a2_aeabea4d071f415c8c107e1cb7af5424_assumedsuccess">
    <iscustomizable>1</iscustomizable>
  </botcomponent_botcomponent>
  <botcomponent_botcomponent botcomponentidone.schemaname="new_topic_4594f0ea931c44efa6eef356af1d2f26" botcomponentidtwo.schemaname="new_topic_eac3f49c99664313a9d9dc19d80a79a2_aeabea4d071f415c8c107e1cb7af5424_assumedsuccess">
    <iscustomizable>1</iscustomizable>
  </botcomponent_botcomponent>
  <botcomponent_botcomponent botcomponentidone.schemaname="new_topic_45c8f81415654643b9cbfa495cb48187" botcomponentidtwo.schemaname="new_topic_eac3f49c99664313a9d9dc19d80a79a2_aeabea4d071f415c8c107e1cb7af5424_assumedsuccess">
    <iscustomizable>1</iscustomizable>
  </botcomponent_botcomponent>
  <botcomponent_botcomponent botcomponentidone.schemaname="new_topic_46574b3ccc844b83a13f3beffe1001d8" botcomponentidtwo.schemaname="new_topic_eac3f49c99664313a9d9dc19d80a79a2_aeabea4d071f415c8c107e1cb7af5424_assumedsuccess">
    <iscustomizable>1</iscustomizable>
  </botcomponent_botcomponent>
  <botcomponent_botcomponent botcomponentidone.schemaname="new_topic_49012077f5eb49f08813f8668a4395fc" botcomponentidtwo.schemaname="new_topic_eac3f49c99664313a9d9dc19d80a79a2_aeabea4d071f415c8c107e1cb7af5424_assumedsuccess">
    <iscustomizable>1</iscustomizable>
  </botcomponent_botcomponent>
  <botcomponent_botcomponent botcomponentidone.schemaname="new_topic_4b1b624f302b46eebe15409499f71e5f" botcomponentidtwo.schemaname="new_topic_eac3f49c99664313a9d9dc19d80a79a2_aeabea4d071f415c8c107e1cb7af5424_assumedsuccess">
    <iscustomizable>1</iscustomizable>
  </botcomponent_botcomponent>
  <botcomponent_botcomponent botcomponentidone.schemaname="new_topic_4b2af1ccd0f046e6909297b20d266b1a" botcomponentidtwo.schemaname="new_topic_eac3f49c99664313a9d9dc19d80a79a2_aeabea4d071f415c8c107e1cb7af5424_assumedsuccess">
    <iscustomizable>1</iscustomizable>
  </botcomponent_botcomponent>
  <botcomponent_botcomponent botcomponentidone.schemaname="new_topic_4b806a5a36ea48c3a2b7a11ce53b77a3" botcomponentidtwo.schemaname="new_topic_eac3f49c99664313a9d9dc19d80a79a2_aeabea4d071f415c8c107e1cb7af5424_assumedsuccess">
    <iscustomizable>1</iscustomizable>
  </botcomponent_botcomponent>
  <botcomponent_botcomponent botcomponentidone.schemaname="new_topic_4e7a18f63ab3497d94e674de568db332" botcomponentidtwo.schemaname="new_topic_eac3f49c99664313a9d9dc19d80a79a2_aeabea4d071f415c8c107e1cb7af5424_assumedsuccess">
    <iscustomizable>1</iscustomizable>
  </botcomponent_botcomponent>
  <botcomponent_botcomponent botcomponentidone.schemaname="new_topic_57549904b05248c298735d62388fb29f" botcomponentidtwo.schemaname="new_topic_eac3f49c99664313a9d9dc19d80a79a2_aeabea4d071f415c8c107e1cb7af5424_assumedsuccess">
    <iscustomizable>1</iscustomizable>
  </botcomponent_botcomponent>
  <botcomponent_botcomponent botcomponentidone.schemaname="new_topic_57955b89c47246bb8b60691766f01c39" botcomponentidtwo.schemaname="new_topic_eac3f49c99664313a9d9dc19d80a79a2_aeabea4d071f415c8c107e1cb7af5424_assumedsuccess">
    <iscustomizable>1</iscustomizable>
  </botcomponent_botcomponent>
  <botcomponent_botcomponent botcomponentidone.schemaname="new_topic_5b3ca231e4c54e1a8eaffb383fa97466" botcomponentidtwo.schemaname="new_topic_eac3f49c99664313a9d9dc19d80a79a2_aeabea4d071f415c8c107e1cb7af5424_assumedsuccess">
    <iscustomizable>1</iscustomizable>
  </botcomponent_botcomponent>
  <botcomponent_botcomponent botcomponentidone.schemaname="new_topic_62fe3bc7a96248d2a07ec79eb3e26681" botcomponentidtwo.schemaname="new_topic_eac3f49c99664313a9d9dc19d80a79a2_aeabea4d071f415c8c107e1cb7af5424_assumedsuccess">
    <iscustomizable>1</iscustomizable>
  </botcomponent_botcomponent>
  <botcomponent_botcomponent botcomponentidone.schemaname="new_topic_6420e3014feb46e8910d81481f87b383" botcomponentidtwo.schemaname="new_topic_eac3f49c99664313a9d9dc19d80a79a2_aeabea4d071f415c8c107e1cb7af5424_assumedsuccess">
    <iscustomizable>1</iscustomizable>
  </botcomponent_botcomponent>
  <botcomponent_botcomponent botcomponentidone.schemaname="new_topic_666fcb8a190a46459298b659cef5d5a9" botcomponentidtwo.schemaname="new_topic_eac3f49c99664313a9d9dc19d80a79a2_aeabea4d071f415c8c107e1cb7af5424_assumedsuccess">
    <iscustomizable>1</iscustomizable>
  </botcomponent_botcomponent>
  <botcomponent_botcomponent botcomponentidone.schemaname="new_topic_67febed06ee648d5ae2f35d17312e0f7" botcomponentidtwo.schemaname="new_topic_eac3f49c99664313a9d9dc19d80a79a2_aeabea4d071f415c8c107e1cb7af5424_assumedsuccess">
    <iscustomizable>1</iscustomizable>
  </botcomponent_botcomponent>
  <botcomponent_botcomponent botcomponentidone.schemaname="new_topic_6b4471976aa0499bb208e038715c5b99" botcomponentidtwo.schemaname="new_topic_eac3f49c99664313a9d9dc19d80a79a2_aeabea4d071f415c8c107e1cb7af5424_assumedsuccess">
    <iscustomizable>1</iscustomizable>
  </botcomponent_botcomponent>
  <botcomponent_botcomponent botcomponentidone.schemaname="new_topic_6e0387d1d0a5439299aeec703437de4f" botcomponentidtwo.schemaname="new_topic_eac3f49c99664313a9d9dc19d80a79a2_aeabea4d071f415c8c107e1cb7af5424_assumedsuccess">
    <iscustomizable>1</iscustomizable>
  </botcomponent_botcomponent>
  <botcomponent_botcomponent botcomponentidone.schemaname="new_topic_718b1ac24abd42e1b202e8c326855e89" botcomponentidtwo.schemaname="new_topic_eac3f49c99664313a9d9dc19d80a79a2_aeabea4d071f415c8c107e1cb7af5424_assumedsuccess">
    <iscustomizable>1</iscustomizable>
  </botcomponent_botcomponent>
  <botcomponent_botcomponent botcomponentidone.schemaname="new_topic_72abe3aa1aa24fee8008809254d3301b" botcomponentidtwo.schemaname="new_topic_eac3f49c99664313a9d9dc19d80a79a2_aeabea4d071f415c8c107e1cb7af5424_assumedsuccess">
    <iscustomizable>1</iscustomizable>
  </botcomponent_botcomponent>
  <botcomponent_botcomponent botcomponentidone.schemaname="new_topic_7321abdb8bbe4c62bfe401624d24868e" botcomponentidtwo.schemaname="new_topic_eac3f49c99664313a9d9dc19d80a79a2_aeabea4d071f415c8c107e1cb7af5424_assumedsuccess">
    <iscustomizable>1</iscustomizable>
  </botcomponent_botcomponent>
  <botcomponent_botcomponent botcomponentidone.schemaname="new_topic_747766fa239343ebae41fe72bce959b2" botcomponentidtwo.schemaname="new_topic_eac3f49c99664313a9d9dc19d80a79a2_aeabea4d071f415c8c107e1cb7af5424_assumedsuccess">
    <iscustomizable>1</iscustomizable>
  </botcomponent_botcomponent>
  <botcomponent_botcomponent botcomponentidone.schemaname="new_topic_748fff42d305440fbec83bf9e83c2051" botcomponentidtwo.schemaname="new_topic_eac3f49c99664313a9d9dc19d80a79a2_aeabea4d071f415c8c107e1cb7af5424_assumedsuccess">
    <iscustomizable>1</iscustomizable>
  </botcomponent_botcomponent>
  <botcomponent_botcomponent botcomponentidone.schemaname="new_topic_781315f10a6148cfa1ae4d5f64765f3d" botcomponentidtwo.schemaname="new_topic_eac3f49c99664313a9d9dc19d80a79a2_aeabea4d071f415c8c107e1cb7af5424_assumedsuccess">
    <iscustomizable>1</iscustomizable>
  </botcomponent_botcomponent>
  <botcomponent_botcomponent botcomponentidone.schemaname="new_topic_795efdf830f546c0a43fff0424b763cd" botcomponentidtwo.schemaname="new_topic_eac3f49c99664313a9d9dc19d80a79a2_aeabea4d071f415c8c107e1cb7af5424_assumedsuccess">
    <iscustomizable>1</iscustomizable>
  </botcomponent_botcomponent>
  <botcomponent_botcomponent botcomponentidone.schemaname="new_topic_808bbbfb12b740199560ab21b217818e" botcomponentidtwo.schemaname="new_topic_eac3f49c99664313a9d9dc19d80a79a2_aeabea4d071f415c8c107e1cb7af5424_assumedsuccess">
    <iscustomizable>1</iscustomizable>
  </botcomponent_botcomponent>
  <botcomponent_botcomponent botcomponentidone.schemaname="new_topic_833d3d9f0e664fce9226d7ec686e1dde" botcomponentidtwo.schemaname="new_topic_eac3f49c99664313a9d9dc19d80a79a2_aeabea4d071f415c8c107e1cb7af5424_assumedsuccess">
    <iscustomizable>1</iscustomizable>
  </botcomponent_botcomponent>
  <botcomponent_botcomponent botcomponentidone.schemaname="new_topic_868c068928df4611b43d4c294432a180" botcomponentidtwo.schemaname="new_topic_eac3f49c99664313a9d9dc19d80a79a2_aeabea4d071f415c8c107e1cb7af5424_assumedsuccess">
    <iscustomizable>1</iscustomizable>
  </botcomponent_botcomponent>
  <botcomponent_botcomponent botcomponentidone.schemaname="new_topic_87150ba0b0d84fc2aaf16fe52d861ac8" botcomponentidtwo.schemaname="new_topic_eac3f49c99664313a9d9dc19d80a79a2_aeabea4d071f415c8c107e1cb7af5424_assumedsuccess">
    <iscustomizable>1</iscustomizable>
  </botcomponent_botcomponent>
  <botcomponent_botcomponent botcomponentidone.schemaname="new_topic_89878725627f4ea3ad142390d0f36448" botcomponentidtwo.schemaname="new_topic_eac3f49c99664313a9d9dc19d80a79a2_aeabea4d071f415c8c107e1cb7af5424_assumedsuccess">
    <iscustomizable>1</iscustomizable>
  </botcomponent_botcomponent>
  <botcomponent_botcomponent botcomponentidone.schemaname="new_topic_8b7dc453627744af97d8d8894367297c" botcomponentidtwo.schemaname="new_topic_eac3f49c99664313a9d9dc19d80a79a2_aeabea4d071f415c8c107e1cb7af5424_assumedsuccess">
    <iscustomizable>1</iscustomizable>
  </botcomponent_botcomponent>
  <botcomponent_botcomponent botcomponentidone.schemaname="new_topic_90a0f9c8a0c04aba98e3c2ad0590814a" botcomponentidtwo.schemaname="new_topic_eac3f49c99664313a9d9dc19d80a79a2_aeabea4d071f415c8c107e1cb7af5424_assumedsuccess">
    <iscustomizable>1</iscustomizable>
  </botcomponent_botcomponent>
  <botcomponent_botcomponent botcomponentidone.schemaname="new_topic_92b513d418fa4309a79cc884f530072c" botcomponentidtwo.schemaname="new_topic_eac3f49c99664313a9d9dc19d80a79a2_aeabea4d071f415c8c107e1cb7af5424_assumedsuccess">
    <iscustomizable>1</iscustomizable>
  </botcomponent_botcomponent>
  <botcomponent_botcomponent botcomponentidone.schemaname="new_topic_97d9255fdeb0421088be5cc1c3ea1be4" botcomponentidtwo.schemaname="new_topic_eac3f49c99664313a9d9dc19d80a79a2_aeabea4d071f415c8c107e1cb7af5424_assumedsuccess">
    <iscustomizable>1</iscustomizable>
  </botcomponent_botcomponent>
  <botcomponent_botcomponent botcomponentidone.schemaname="new_topic_98ba3030c7384031890a995c8357324c" botcomponentidtwo.schemaname="new_topic_eac3f49c99664313a9d9dc19d80a79a2_aeabea4d071f415c8c107e1cb7af5424_assumedsuccess">
    <iscustomizable>1</iscustomizable>
  </botcomponent_botcomponent>
  <botcomponent_botcomponent botcomponentidone.schemaname="new_topic_9cc5b529a85247dc9482a36d45e95f2b" botcomponentidtwo.schemaname="new_topic_eac3f49c99664313a9d9dc19d80a79a2_aeabea4d071f415c8c107e1cb7af5424_assumedsuccess">
    <iscustomizable>1</iscustomizable>
  </botcomponent_botcomponent>
  <botcomponent_botcomponent botcomponentidone.schemaname="new_topic_9ccfc4f3545145ac88efa6ca889bdf01" botcomponentidtwo.schemaname="new_topic_eac3f49c99664313a9d9dc19d80a79a2_aeabea4d071f415c8c107e1cb7af5424_assumedsuccess">
    <iscustomizable>1</iscustomizable>
  </botcomponent_botcomponent>
  <botcomponent_botcomponent botcomponentidone.schemaname="new_topic_a143ae6521d24366af9d326dc3587df1" botcomponentidtwo.schemaname="new_topic_eac3f49c99664313a9d9dc19d80a79a2_aeabea4d071f415c8c107e1cb7af5424_assumedsuccess">
    <iscustomizable>1</iscustomizable>
  </botcomponent_botcomponent>
  <botcomponent_botcomponent botcomponentidone.schemaname="new_topic_a5368c924c354f81b755955e15418e7a" botcomponentidtwo.schemaname="new_topic_eac3f49c99664313a9d9dc19d80a79a2_aeabea4d071f415c8c107e1cb7af5424_assumedsuccess">
    <iscustomizable>1</iscustomizable>
  </botcomponent_botcomponent>
  <botcomponent_botcomponent botcomponentidone.schemaname="new_topic_aa5222af020745f1b5017aacfdbe59ef" botcomponentidtwo.schemaname="new_topic_eac3f49c99664313a9d9dc19d80a79a2_aeabea4d071f415c8c107e1cb7af5424_assumedsuccess">
    <iscustomizable>1</iscustomizable>
  </botcomponent_botcomponent>
  <botcomponent_botcomponent botcomponentidone.schemaname="new_topic_b223716b31a44c268c9b130ac0110ec1" botcomponentidtwo.schemaname="new_topic_eac3f49c99664313a9d9dc19d80a79a2_aeabea4d071f415c8c107e1cb7af5424_assumedsuccess">
    <iscustomizable>1</iscustomizable>
  </botcomponent_botcomponent>
  <botcomponent_botcomponent botcomponentidone.schemaname="new_topic_b67da68834dc4d4b9ce29285b16795f9" botcomponentidtwo.schemaname="new_topic_eac3f49c99664313a9d9dc19d80a79a2_aeabea4d071f415c8c107e1cb7af5424_assumedsuccess">
    <iscustomizable>1</iscustomizable>
  </botcomponent_botcomponent>
  <botcomponent_botcomponent botcomponentidone.schemaname="new_topic_b96c5caf4c4e41518e43f90df74fcad2" botcomponentidtwo.schemaname="new_topic_eac3f49c99664313a9d9dc19d80a79a2_aeabea4d071f415c8c107e1cb7af5424_assumedsuccess">
    <iscustomizable>1</iscustomizable>
  </botcomponent_botcomponent>
  <botcomponent_botcomponent botcomponentidone.schemaname="new_topic_b9a504ed568f440da2ba2528d2794d20" botcomponentidtwo.schemaname="new_topic_eac3f49c99664313a9d9dc19d80a79a2_aeabea4d071f415c8c107e1cb7af5424_assumedsuccess">
    <iscustomizable>1</iscustomizable>
  </botcomponent_botcomponent>
  <botcomponent_botcomponent botcomponentidone.schemaname="new_topic_bb494bc741f34ddc917e8db319296cca" botcomponentidtwo.schemaname="new_topic_eac3f49c99664313a9d9dc19d80a79a2_aeabea4d071f415c8c107e1cb7af5424_assumedsuccess">
    <iscustomizable>1</iscustomizable>
  </botcomponent_botcomponent>
  <botcomponent_botcomponent botcomponentidone.schemaname="new_topic_bc37ba4fd8054b0a9afa981b4ee7e030" botcomponentidtwo.schemaname="new_topic_eac3f49c99664313a9d9dc19d80a79a2_aeabea4d071f415c8c107e1cb7af5424_assumedsuccess">
    <iscustomizable>1</iscustomizable>
  </botcomponent_botcomponent>
  <botcomponent_botcomponent botcomponentidone.schemaname="new_topic_bcfde8f32fb24c138ea7493486abebd1" botcomponentidtwo.schemaname="new_topic_eac3f49c99664313a9d9dc19d80a79a2_aeabea4d071f415c8c107e1cb7af5424_assumedsuccess">
    <iscustomizable>1</iscustomizable>
  </botcomponent_botcomponent>
  <botcomponent_botcomponent botcomponentidone.schemaname="new_topic_bfcba8b940514b07a011d971bb69637b" botcomponentidtwo.schemaname="new_topic_eac3f49c99664313a9d9dc19d80a79a2_aeabea4d071f415c8c107e1cb7af5424_assumedsuccess">
    <iscustomizable>1</iscustomizable>
  </botcomponent_botcomponent>
  <botcomponent_botcomponent botcomponentidone.schemaname="new_topic_c0b0a4727ec445a1960a805f5ae1676a" botcomponentidtwo.schemaname="new_topic_eac3f49c99664313a9d9dc19d80a79a2_aeabea4d071f415c8c107e1cb7af5424_assumedsuccess">
    <iscustomizable>1</iscustomizable>
  </botcomponent_botcomponent>
  <botcomponent_botcomponent botcomponentidone.schemaname="new_topic_c3b60cd335aa41ea8e96033f9112a940" botcomponentidtwo.schemaname="new_topic_eac3f49c99664313a9d9dc19d80a79a2_aeabea4d071f415c8c107e1cb7af5424_assumedsuccess">
    <iscustomizable>1</iscustomizable>
  </botcomponent_botcomponent>
  <botcomponent_botcomponent botcomponentidone.schemaname="new_topic_c56cd7d91f1c49d38f899318fabb4d89" botcomponentidtwo.schemaname="new_topic_eac3f49c99664313a9d9dc19d80a79a2_aeabea4d071f415c8c107e1cb7af5424_assumedsuccess">
    <iscustomizable>1</iscustomizable>
  </botcomponent_botcomponent>
  <botcomponent_botcomponent botcomponentidone.schemaname="new_topic_c6d28c05d38e40e29ad824f45058595c" botcomponentidtwo.schemaname="new_topic_eac3f49c99664313a9d9dc19d80a79a2_aeabea4d071f415c8c107e1cb7af5424_assumedsuccess">
    <iscustomizable>1</iscustomizable>
  </botcomponent_botcomponent>
  <botcomponent_botcomponent botcomponentidone.schemaname="new_topic_c89783fb36af4609a4aed8aefd209d54" botcomponentidtwo.schemaname="new_topic_eac3f49c99664313a9d9dc19d80a79a2_aeabea4d071f415c8c107e1cb7af5424_assumedsuccess">
    <iscustomizable>1</iscustomizable>
  </botcomponent_botcomponent>
  <botcomponent_botcomponent botcomponentidone.schemaname="new_topic_c9b259399b504164b9f1bf3c719d0d6d" botcomponentidtwo.schemaname="new_topic_eac3f49c99664313a9d9dc19d80a79a2_aeabea4d071f415c8c107e1cb7af5424_assumedsuccess">
    <iscustomizable>1</iscustomizable>
  </botcomponent_botcomponent>
  <botcomponent_botcomponent botcomponentidone.schemaname="new_topic_caa0e76e6f8b48548496ead2e82cbf36" botcomponentidtwo.schemaname="new_topic_eac3f49c99664313a9d9dc19d80a79a2_aeabea4d071f415c8c107e1cb7af5424_assumedsuccess">
    <iscustomizable>1</iscustomizable>
  </botcomponent_botcomponent>
  <botcomponent_botcomponent botcomponentidone.schemaname="new_topic_cb2b7cbf311a408f97d5bb3495348958" botcomponentidtwo.schemaname="new_topic_eac3f49c99664313a9d9dc19d80a79a2_aeabea4d071f415c8c107e1cb7af5424_assumedsuccess">
    <iscustomizable>1</iscustomizable>
  </botcomponent_botcomponent>
  <botcomponent_botcomponent botcomponentidone.schemaname="new_topic_cb37c55c7b79496f89b8604715b79d4c" botcomponentidtwo.schemaname="new_topic_eac3f49c99664313a9d9dc19d80a79a2_aeabea4d071f415c8c107e1cb7af5424_assumedsuccess">
    <iscustomizable>1</iscustomizable>
  </botcomponent_botcomponent>
  <botcomponent_botcomponent botcomponentidone.schemaname="new_topic_cb4215cea2744bdeb685e1001ab03995" botcomponentidtwo.schemaname="new_topic_eac3f49c99664313a9d9dc19d80a79a2_aeabea4d071f415c8c107e1cb7af5424_assumedsuccess">
    <iscustomizable>1</iscustomizable>
  </botcomponent_botcomponent>
  <botcomponent_botcomponent botcomponentidone.schemaname="new_topic_ce502c269b47453d881c2b1be03de764" botcomponentidtwo.schemaname="new_topic_eac3f49c99664313a9d9dc19d80a79a2_aeabea4d071f415c8c107e1cb7af5424_assumedsuccess">
    <iscustomizable>1</iscustomizable>
  </botcomponent_botcomponent>
  <botcomponent_botcomponent botcomponentidone.schemaname="new_topic_ce8a5bf07d2747a98232be8d1e4ee4a1" botcomponentidtwo.schemaname="new_topic_eac3f49c99664313a9d9dc19d80a79a2_aeabea4d071f415c8c107e1cb7af5424_assumedsuccess">
    <iscustomizable>1</iscustomizable>
  </botcomponent_botcomponent>
  <botcomponent_botcomponent botcomponentidone.schemaname="new_topic_d25f13e1277c49b684b8d0b0a1111327" botcomponentidtwo.schemaname="new_topic_eac3f49c99664313a9d9dc19d80a79a2_aeabea4d071f415c8c107e1cb7af5424_assumedsuccess">
    <iscustomizable>1</iscustomizable>
  </botcomponent_botcomponent>
  <botcomponent_botcomponent botcomponentidone.schemaname="new_topic_d3969b478bc1472bbbb0624e69b5bafd" botcomponentidtwo.schemaname="new_topic_eac3f49c99664313a9d9dc19d80a79a2_aeabea4d071f415c8c107e1cb7af5424_assumedsuccess">
    <iscustomizable>1</iscustomizable>
  </botcomponent_botcomponent>
  <botcomponent_botcomponent botcomponentidone.schemaname="new_topic_dac0a9c82fd94366896d2eb7ece10f52" botcomponentidtwo.schemaname="new_topic_eac3f49c99664313a9d9dc19d80a79a2_aeabea4d071f415c8c107e1cb7af5424_assumedsuccess">
    <iscustomizable>1</iscustomizable>
  </botcomponent_botcomponent>
  <botcomponent_botcomponent botcomponentidone.schemaname="new_topic_dc043497331545f4a0e9701ad9d0b0f9" botcomponentidtwo.schemaname="new_topic_eac3f49c99664313a9d9dc19d80a79a2_aeabea4d071f415c8c107e1cb7af5424_assumedsuccess">
    <iscustomizable>1</iscustomizable>
  </botcomponent_botcomponent>
  <botcomponent_botcomponent botcomponentidone.schemaname="new_topic_deb9daa32e744727967e73573031d00c" botcomponentidtwo.schemaname="new_topic_eac3f49c99664313a9d9dc19d80a79a2_aeabea4d071f415c8c107e1cb7af5424_assumedsuccess">
    <iscustomizable>1</iscustomizable>
  </botcomponent_botcomponent>
  <botcomponent_botcomponent botcomponentidone.schemaname="new_topic_df735cf3bf9b4e82b7472f8d5b040472" botcomponentidtwo.schemaname="new_topic_4b1b624f302b46eebe15409499f71e5f">
    <iscustomizable>1</iscustomizable>
  </botcomponent_botcomponent>
  <botcomponent_botcomponent botcomponentidone.schemaname="new_topic_dfc58619415f4cb7a9da872fab96a2c5" botcomponentidtwo.schemaname="new_topic_eac3f49c99664313a9d9dc19d80a79a2_aeabea4d071f415c8c107e1cb7af5424_assumedsuccess">
    <iscustomizable>1</iscustomizable>
  </botcomponent_botcomponent>
  <botcomponent_botcomponent botcomponentidone.schemaname="new_topic_e04c33aa8747425daa9bb42caa727649" botcomponentidtwo.schemaname="new_topic_eac3f49c99664313a9d9dc19d80a79a2_aeabea4d071f415c8c107e1cb7af5424_assumedsuccess">
    <iscustomizable>1</iscustomizable>
  </botcomponent_botcomponent>
  <botcomponent_botcomponent botcomponentidone.schemaname="new_topic_e365893fa3a64bfd9312e55c0ded1d8f" botcomponentidtwo.schemaname="new_topic_eac3f49c99664313a9d9dc19d80a79a2_aeabea4d071f415c8c107e1cb7af5424_assumedsuccess">
    <iscustomizable>1</iscustomizable>
  </botcomponent_botcomponent>
  <botcomponent_botcomponent botcomponentidone.schemaname="new_topic_e3e6efc2a25f413b8d33b38fe428a48d" botcomponentidtwo.schemaname="new_topic_eac3f49c99664313a9d9dc19d80a79a2_aeabea4d071f415c8c107e1cb7af5424_assumedsuccess">
    <iscustomizable>1</iscustomizable>
  </botcomponent_botcomponent>
  <botcomponent_botcomponent botcomponentidone.schemaname="new_topic_e583e0a6faa745a99e63b481984203e3" botcomponentidtwo.schemaname="new_topic_eac3f49c99664313a9d9dc19d80a79a2_aeabea4d071f415c8c107e1cb7af5424_assumedsuccess">
    <iscustomizable>1</iscustomizable>
  </botcomponent_botcomponent>
  <botcomponent_botcomponent botcomponentidone.schemaname="new_topic_e604d13bdf014d14bd1b7b419987a640" botcomponentidtwo.schemaname="new_topic_eac3f49c99664313a9d9dc19d80a79a2_aeabea4d071f415c8c107e1cb7af5424_assumedsuccess">
    <iscustomizable>1</iscustomizable>
  </botcomponent_botcomponent>
  <botcomponent_botcomponent botcomponentidone.schemaname="new_topic_eac3f49c99664313a9d9dc19d80a79a2_8a4964498f83424bb3a86295bf7d0952_startover" botcomponentidtwo.schemaname="new_topic_eac3f49c99664313a9d9dc19d80a79a2_ba7b967c97ba4c39bca58a8bb6a72d59_conversationstart">
    <iscustomizable>1</iscustomizable>
  </botcomponent_botcomponent>
  <botcomponent_botcomponent botcomponentidone.schemaname="new_topic_eac3f49c99664313a9d9dc19d80a79a2_954135cafcd647eaae5999ad91fc08cf_talktoagent" botcomponentidtwo.schemaname="new_topic_eac3f49c99664313a9d9dc19d80a79a2_aeabea4d071f415c8c107e1cb7af5424_assumedsuccess">
    <iscustomizable>1</iscustomizable>
  </botcomponent_botcomponent>
  <botcomponent_botcomponent botcomponentidone.schemaname="new_topic_eac3f49c99664313a9d9dc19d80a79a2_aeabea4d071f415c8c107e1cb7af5424_assumedsuccess" botcomponentidtwo.schemaname="new_topic_eac3f49c99664313a9d9dc19d80a79a2_d2198a5ee41a48a5bf70ab8970145a9f_confirmedfailure">
    <iscustomizable>1</iscustomizable>
  </botcomponent_botcomponent>
  <botcomponent_botcomponent botcomponentidone.schemaname="new_topic_eac3f49c99664313a9d9dc19d80a79a2_aeabea4d071f415c8c107e1cb7af5424_assumedsuccess" botcomponentidtwo.schemaname="new_topic_eac3f49c99664313a9d9dc19d80a79a2_db1f76b081dc43389df9dd2df7518737_confirmedsuccess">
    <iscustomizable>1</iscustomizable>
  </botcomponent_botcomponent>
  <botcomponent_botcomponent botcomponentidone.schemaname="new_topic_eac3f49c99664313a9d9dc19d80a79a2_d2198a5ee41a48a5bf70ab8970145a9f_confirmedfailure" botcomponentidtwo.schemaname="new_topic_25677a91946e43a9ab7196c1758c9dc3">
    <iscustomizable>1</iscustomizable>
  </botcomponent_botcomponent>
  <botcomponent_botcomponent botcomponentidone.schemaname="new_topic_eac3f49c99664313a9d9dc19d80a79a2_d2198a5ee41a48a5bf70ab8970145a9f_confirmedfailure" botcomponentidtwo.schemaname="new_topic_7c01a303c4ce4d66a7279a251a979aa5">
    <iscustomizable>1</iscustomizable>
  </botcomponent_botcomponent>
  <botcomponent_botcomponent botcomponentidone.schemaname="new_topic_eac3f49c99664313a9d9dc19d80a79a2_d2198a5ee41a48a5bf70ab8970145a9f_confirmedfailure" botcomponentidtwo.schemaname="new_topic_eac3f49c99664313a9d9dc19d80a79a2_954135cafcd647eaae5999ad91fc08cf_talktoagent">
    <iscustomizable>1</iscustomizable>
  </botcomponent_botcomponent>
  <botcomponent_botcomponent botcomponentidone.schemaname="new_topic_eac3f49c99664313a9d9dc19d80a79a2_db1f76b081dc43389df9dd2df7518737_confirmedsuccess" botcomponentidtwo.schemaname="new_customtype_eac3f49c99664313a9d9dc19d80a79a2_92610204747047ac8f788f7eecd91118">
    <iscustomizable>1</iscustomizable>
  </botcomponent_botcomponent>
  <botcomponent_botcomponent botcomponentidone.schemaname="new_topic_eac3f49c99664313a9d9dc19d80a79a2_db1f76b081dc43389df9dd2df7518737_confirmedsuccess" botcomponentidtwo.schemaname="new_topic_eac3f49c99664313a9d9dc19d80a79a2_f56d1a3e522740c78f9fac0939332dbd_goodbye">
    <iscustomizable>1</iscustomizable>
  </botcomponent_botcomponent>
  <botcomponent_botcomponent botcomponentidone.schemaname="new_topic_edaed2d819e64b88800fd232c0f10d4a" botcomponentidtwo.schemaname="new_topic_eac3f49c99664313a9d9dc19d80a79a2_aeabea4d071f415c8c107e1cb7af5424_assumedsuccess">
    <iscustomizable>1</iscustomizable>
  </botcomponent_botcomponent>
  <botcomponent_botcomponent botcomponentidone.schemaname="new_topic_ef243a0eaad64c9b8ef990fba20cc1bb" botcomponentidtwo.schemaname="new_topic_eac3f49c99664313a9d9dc19d80a79a2_aeabea4d071f415c8c107e1cb7af5424_assumedsuccess">
    <iscustomizable>1</iscustomizable>
  </botcomponent_botcomponent>
  <botcomponent_botcomponent botcomponentidone.schemaname="new_topic_f07f7b93e4f14727bc16248a0d7d949c" botcomponentidtwo.schemaname="new_topic_eac3f49c99664313a9d9dc19d80a79a2_aeabea4d071f415c8c107e1cb7af5424_assumedsuccess">
    <iscustomizable>1</iscustomizable>
  </botcomponent_botcomponent>
  <botcomponent_botcomponent botcomponentidone.schemaname="new_topic_f1334de2704249e6aefbb9a5d5a7f4e6" botcomponentidtwo.schemaname="new_topic_eac3f49c99664313a9d9dc19d80a79a2_aeabea4d071f415c8c107e1cb7af5424_assumedsuccess">
    <iscustomizable>1</iscustomizable>
  </botcomponent_botcomponent>
  <botcomponent_botcomponent botcomponentidone.schemaname="new_topic_f1dbdc9959ee43afb1c765cf6ef00929" botcomponentidtwo.schemaname="new_topic_eac3f49c99664313a9d9dc19d80a79a2_aeabea4d071f415c8c107e1cb7af5424_assumedsuccess">
    <iscustomizable>1</iscustomizable>
  </botcomponent_botcomponent>
  <botcomponent_botcomponent botcomponentidone.schemaname="new_topic_f63b9be050434e7bab64aafcfea24348" botcomponentidtwo.schemaname="new_topic_eac3f49c99664313a9d9dc19d80a79a2_aeabea4d071f415c8c107e1cb7af5424_assumedsuccess">
    <iscustomizable>1</iscustomizable>
  </botcomponent_botcomponent>
  <botcomponent_botcomponent botcomponentidone.schemaname="new_topic_f9d20c82bdf74ba3a5f189676e25999d" botcomponentidtwo.schemaname="new_topic_eac3f49c99664313a9d9dc19d80a79a2_aeabea4d071f415c8c107e1cb7af5424_assumedsuccess">
    <iscustomizable>1</iscustomizable>
  </botcomponent_botcomponent>
  <botcomponent_botcomponent botcomponentidone.schemaname="new_topic_fe63816571864c5c8d6b776b43c7af4a" botcomponentidtwo.schemaname="new_topic_eac3f49c99664313a9d9dc19d80a79a2_aeabea4d071f415c8c107e1cb7af5424_assumedsuccess">
    <iscustomizable>1</iscustomizable>
  </botcomponent_botcomponent>
  <botcomponent_botcomponent botcomponentidone.schemaname="new_topic_ffb6a499a4d947d28f919f11074b8dfa" botcomponentidtwo.schemaname="new_topic_eac3f49c99664313a9d9dc19d80a79a2_aeabea4d071f415c8c107e1cb7af5424_assumedsuccess">
    <iscustomizable>1</iscustomizable>
  </botcomponent_botcomponent>
</botcomponent_botcomponentset>