{
  "intents": [
    {
      "endUserOverrideName": "在 Teams 中聊天",
      "triggerQueries": [
        "新的頻道對話",
        "如何在Teams中開始聊天？",
        "在頻道中開始新的對話",
        "如何回應頻道中的貼文？",
        "回覆或發布新貼文",
        "在頻道中發文",
        "我如何開始在Teams中共同編輯東西？",
        "我該如何與我的團隊成員溝通？",
        "發訊息給團隊中的每個人",
        "發文選項卡在頻道中的目的是什麼？",
        "解釋發文選項卡",
        "在Teams中開啟新的交談",
        "如何開啟新的對話串？",
        "如何在Teams中開始聊天？",
        "貼文選項",
        "新貼文",
        "回覆或撰寫貼文",
        "新對話",
        "新聊天",
        "開始聊天",
        "聊天",
        "How do I start a Conversation in Teams?",
        "start a new conversation in a channel",
        "new channel conversation",
        "How do I respond to a post in a channel?",
        "reply or write new post",
        "Create posts in channel",
        "How do I start collaborating on Teams about something?",
        "how do I communicate with my team members?",
        "write to everyone on the team?",
        "the purpose of the tab \"posts\" in a channel?",
        "Explain the posts tab",
        "write new conversation in your team",
        "How do I start a new thread?",
        "How do I start a conversation in a team?"
      ],
      "dialogId": "new_topic_e3cf73b5e5564dc99855f735088cc74b",
      "isTriggeringEnabled": true,
      "id": "new_topic_e3cf73b5e5564dc99855f735088cc74b",
      "displayName": "在 Teams 中發起聊天",
      "description": "https://adoptbotv2kb.blob.core.windows.net/%24web/AdoptBot2021-English.docx",
      "createdTime": "2021-11-17T05:31:14.4764931Z",
      "updatedTime": "2021-11-17T05:31:45.5510471Z",
      "createdUserId": "9c968d43-f7c2-4e28-895c-1f6bcefcd8be",
      "updatedUserId": "9c968d43-f7c2-4e28-895c-1f6bcefcd8be"
    }
  ],
  "dialogs": [
    {
      "rootNodeId": "697d30a8-5b79-4db8-a68b-08dc83cee0bb",
      "messageNodes": [
        {
          "botMessageId": "82d7e90c-378e-465d-89f4-e564ced38692",
          "nodeType": "BotMessageNode",
          "id": "697d30a8-5b79-4db8-a68b-08dc83cee0bb",
          "defaultTargetNodeId": "d243cd55-2a55-451d-b09b-b6490f471efe"
        },
        {
          "botMessageId": "e8f3b267-a095-4d40-95b0-91ee896dae5e",
          "nodeType": "BotMessageNode",
          "id": "d243cd55-2a55-451d-b09b-b6490f471efe",
          "defaultTargetNodeId": "521df5dc-144c-4225-bb4f-3dfb7eac2a6e"
        },
        {
          "botMessageId": "7e1b0b56-47db-49dc-8f70-5db8fd591ba3",
          "nodeType": "BotMessageNode",
          "id": "521df5dc-144c-4225-bb4f-3dfb7eac2a6e",
          "defaultTargetNodeId": "f4bf7f94-d8d5-4b62-844e-c5354a0829fe"
        },
        {
          "botMessageId": "119ca05c-f945-4a58-8e32-84ed2a28a662",
          "nodeType": "BotMessageNode",
          "id": "f4bf7f94-d8d5-4b62-844e-c5354a0829fe",
          "defaultTargetNodeId": "38c40800-9416-4c82-b9bc-8ed255bc3f09"
        }
      ],
      "dialogChangeNodes": [
        {
          "targetDialogId": "new_topic_e2d1671328b941dbb60fa7150059b1ee_aeabea4d071f415c8c107e1cb7af5424_assumedsuccess",
          "nodeType": "DialogChangeNode",
          "id": "38c40800-9416-4c82-b9bc-8ed255bc3f09"
        }
      ],
      "id": "new_topic_e3cf73b5e5564dc99855f735088cc74b",
      "displayName": "Dialog for 在 Teams 中發起聊天",
      "createdTime": "2021-11-17T05:31:14.4764931Z",
      "updatedTime": "2021-11-17T05:31:45.5510471Z",
      "createdUserId": "9c968d43-f7c2-4e28-895c-1f6bcefcd8be",
      "updatedUserId": "9c968d43-f7c2-4e28-895c-1f6bcefcd8be"
    }
  ],
  "botMessages": [
    {
      "channelContent": {
        "web": {
          "contentFormat": "Markdown",
          "content": "在每個頻道中，第一個索引標籤一定是「貼文」。每個有頻道權限的人都能看到貼文。"
        }
      },
      "id": "82d7e90c-378e-465d-89f4-e564ced38692",
      "createdTime": "2021-11-17T05:31:14.4764931Z",
      "updatedTime": "2021-11-17T05:31:14.4764931Z",
      "createdUserId": "9c968d43-f7c2-4e28-895c-1f6bcefcd8be",
      "updatedUserId": "9c968d43-f7c2-4e28-895c-1f6bcefcd8be"
    },
    {
      "channelContent": {
        "web": {
          "contentFormat": "Markdown",
          "content": "[按照這些步驟向頻道中的每個人發送消息：](https://support.microsoft.com/zh-tw/office/%E5%9C%A8-teams-%E4%B8%AD%E5%B0%87%E8%A8%8A%E6%81%AF%E5%82%B3%E9%80%81%E8%87%B3%E9%A0%BB%E9%81%93-5c8131ce-eaad-4798-bc73-e33f4652a9c4)\n\n首先，選擇要輸入的頻道。\n\n*   然後按「回覆」以回覆現有的對話串或按「新對話」按鈕以啟動新的對話。\n*   在欄位中輸入訊息並選擇「發送」。"
        }
      },
      "id": "e8f3b267-a095-4d40-95b0-91ee896dae5e",
      "createdTime": "2021-11-17T05:31:27.81Z",
      "updatedTime": "2021-11-17T05:31:27.81Z",
      "createdUserId": "user-0",
      "updatedUserId": "user-0"
    },
    {
      "channelContent": {
        "web": {
          "contentFormat": "Markdown",
          "content": "瞧！您的訊息現在已發布在頻道👍"
        }
      },
      "id": "7e1b0b56-47db-49dc-8f70-5db8fd591ba3",
      "createdTime": "2021-11-17T05:31:31.07Z",
      "updatedTime": "2021-11-17T05:31:31.07Z",
      "createdUserId": "user-0",
      "updatedUserId": "user-0"
    },
    {
      "channelContent": {
        "web": {
          "contentFormat": "Markdown",
          "content": "💡提示：如您只是想與一個人或一小群人交談，您可以[開始私人聊天](https://support.microsoft.com/zh-tw/office/%E5%9C%A8-teams-%E4%B8%AD%E9%96%8B%E5%A7%8B%E8%81%8A%E5%A4%A9-0c71b32b-c050-4930-a887-5afbe742b3d8)。"
        }
      },
      "id": "119ca05c-f945-4a58-8e32-84ed2a28a662",
      "createdTime": "2021-11-17T05:31:35.537Z",
      "updatedTime": "2021-11-17T05:31:35.537Z",
      "createdUserId": "user-0",
      "updatedUserId": "user-0"
    }
  ]
}