{
  "intents": [
    {
      "endUserOverrideName": "Find latest news on Teams features?",
      "triggerQueries": [
        "what's new?",
        "stay up to date on new features",
        "Find latest news on Teams features?",
        "when will the new features be released?",
        "Find the latest news about teams",
        "Where do I see all the new features?",
        "Where can I read about news for Teams?",
        "How do I know when a new feature will arrive?",
        "What's new in Teams",
        "What's new for teams on mobile",
        "What's new for Teams on android?",
        "What's new for Teams on iPhone?",
        "What's new for Teams on iOS",
        "Show me all the news",
        "Where's all the news in Teams?",
        "There's so much new stuff coming up in Teams. Where do I see it?",
        "See released news",
        "Find all new features",
        "How do I know if there are new features?",
        "What's new for Microsoft Teams Rooms",
        "What's new for MTR",
        "What's new in Teams for Surface Hub?",
        "Learn about the latest updates in Teams?",
        "Latest news in teams app?",
        "Tell me about some news in Teams",
        "Where is all the news published?",
        "Tell me what's new in Teams?",
        "Are there any new updates coming soon?",
        "When do we get new features?",
        "Latest news in Teams?",
        "Where can I find the latest news about Teams?"
      ],
      "dialogId": "new_topic_781315f10a6148cfa1ae4d5f64765f3d",
      "isTriggeringEnabled": true,
      "id": "new_topic_781315f10a6148cfa1ae4d5f64765f3d",
      "displayName": "Where can I find the latest news about Teams?",
      "description": "",
      "createdTime": "2021-01-13T22:20:51.2381463Z",
      "updatedTime": "2023-11-16T13:28:16.358808Z",
      "createdUserId": "f04d3cd9-b73d-4ba9-a1ed-9319eba29b21",
      "updatedUserId": "c8d29cfd-efef-47c1-8e02-210c8be30c37"
    }
  ],
  "dialogs": [
    {
      "rootNodeId": "510d4b71-e996-4a20-b0b3-14f982ae9ab7",
      "messageNodes": [
        {
          "botMessageId": "1c726210-8a15-4074-88ff-972facd8d9a4",
          "nodeType": "BotMessageNode",
          "id": "510d4b71-e996-4a20-b0b3-14f982ae9ab7",
          "defaultTargetNodeId": "196103c0-a203-48e8-921b-942550f22d1f"
        },
        {
          "botMessageId": "65c56269-80e0-4cfd-ad2c-c2cbd12847bf",
          "nodeType": "BotMessageNode",
          "id": "196103c0-a203-48e8-921b-942550f22d1f",
          "defaultTargetNodeId": "1bd56451-fc58-49d9-8af9-76c6f04052fd"
        },
        {
          "botMessageId": "d9d30541-d1f6-4522-8710-1725191e055a",
          "nodeType": "BotMessageNode",
          "id": "1bd56451-fc58-49d9-8af9-76c6f04052fd",
          "defaultTargetNodeId": "670fb7a8-a70e-4dc8-8ef3-788e5f01a449"
        }
      ],
      "dialogChangeNodes": [
        {
          "targetDialogId": "new_topic_eac3f49c99664313a9d9dc19d80a79a2_aeabea4d071f415c8c107e1cb7af5424_assumedsuccess",
          "nodeType": "DialogChangeNode",
          "id": "670fb7a8-a70e-4dc8-8ef3-788e5f01a449"
        }
      ],
      "id": "new_topic_781315f10a6148cfa1ae4d5f64765f3d",
      "displayName": "Dialog for Where can I find the latest news about Teams?",
      "createdTime": "2021-01-13T22:20:51.2381463Z",
      "updatedTime": "2023-11-16T13:28:16.3588075Z",
      "createdUserId": "f04d3cd9-b73d-4ba9-a1ed-9319eba29b21",
      "updatedUserId": "c8d29cfd-efef-47c1-8e02-210c8be30c37"
    }
  ],
  "botMessages": [
    {
      "channelContent": {
        "web": {
          "contentFormat": "Markdown",
          "content": "Glad you're curious {7bd4f62b-7262-40bc-8c63-8c540568cf6c} 🙂!\n\nSearch for the **Help** app in Teams and select “What's New”."
        }
      },
      "id": "1c726210-8a15-4074-88ff-972facd8d9a4",
      "createdTime": "2021-01-13T22:20:51.2381463Z",
      "updatedTime": "2021-01-13T22:20:51.2381463Z",
      "createdUserId": "f04d3cd9-b73d-4ba9-a1ed-9319eba29b21",
      "updatedUserId": "f04d3cd9-b73d-4ba9-a1ed-9319eba29b21"
    },
    {
      "channelContent": {
        "web": {
          "contentFormat": "Markdown",
          "content": "_Please note! Your organization may have chosen to disable some features._"
        }
      },
      "id": "65c56269-80e0-4cfd-ad2c-c2cbd12847bf",
      "createdTime": "2021-01-27T20:52:19.375Z",
      "updatedTime": "2021-01-27T20:52:19.375Z",
      "createdUserId": "user-0",
      "updatedUserId": "user-0"
    },
    {
      "channelContent": {
        "web": {
          "contentFormat": "Markdown",
          "content": "[All new enabled features are also published continuously here on the web](https://support.microsoft.com/en-us/office/nyheter-i-microsoft-teams-d7092a6d-c896-424c-b362-a472d5f105de)\n\n_Choose which device you wish to see news for._"
        }
      },
      "id": "d9d30541-d1f6-4522-8710-1725191e055a",
      "createdTime": "2021-01-27T20:52:21.391Z",
      "updatedTime": "2021-01-27T20:52:21.391Z",
      "createdUserId": "user-0",
      "updatedUserId": "user-0"
    }
  ]
}