{
  "intents": [
    {
      "triggerQueries": [
        "I file in OneDrive sono accessibili Offline?",
        "I miei documenti salvati in OneDrive sono disponibili offline?",
        "Posso accedere ai miei documenti in OneDrive offline?",
        "Posso accedere ai documenti senza una connessione?",
        "Posso accedere ai documenti in OneDrive senza Wi-Fi?",
        "documenti in OneDrive disponibili offline?",
        "I file in OneDrive sono offline?",
        "I miei documenti salvati in OneDrive sono disponibili anche offline?"
      ],
      "dialogId": "new_topic_d8be186957144841a8ce68e8f0010912",
      "isTriggeringEnabled": true,
      "id": "new_topic_d8be186957144841a8ce68e8f0010912",
      "displayName": "I miei documenti salvati in OneDrive sono disponibili anche offline?",
      "createdTime": "2022-04-29T20:20:11.8811592Z",
      "updatedTime": "2022-04-29T20:20:11.8811592Z",
      "createdUserId": "9451fc51-e00d-4445-8ff9-efb70866dc3b",
      "updatedUserId": "9451fc51-e00d-4445-8ff9-efb70866dc3b"
    }
  ],
  "dialogs": [
    {
      "rootNodeId": "437e8610-94ab-45e5-ae86-b36271407114",
      "messageNodes": [
        {
          "botMessageId": "79a0c9a1-0c49-4d00-adf2-4f62dbecefd1",
          "nodeType": "BotMessageNode",
          "id": "437e8610-94ab-45e5-ae86-b36271407114",
          "defaultTargetNodeId": "447ff72e-530e-402e-a9be-dbac1ee5228e"
        },
        {
          "botMessageId": "21954ba2-6f98-414a-aa26-5a697bf8396c",
          "nodeType": "BotMessageNode",
          "id": "447ff72e-530e-402e-a9be-dbac1ee5228e",
          "defaultTargetNodeId": "fdbaa379-3168-4d61-92af-a4bee787ca8f"
        }
      ],
      "dialogChangeNodes": [
        {
          "targetDialogId": "new_topic_f98a24608ee04cb998de3e3e32703d5b_aeabea4d071f415c8c107e1cb7af5424_assumedsuccess",
          "nodeType": "DialogChangeNode",
          "id": "fdbaa379-3168-4d61-92af-a4bee787ca8f"
        }
      ],
      "id": "new_topic_d8be186957144841a8ce68e8f0010912",
      "displayName": "Senza titolo",
      "createdTime": "2022-04-29T20:20:11.8811592Z",
      "updatedTime": "2022-04-29T20:20:11.8811592Z",
      "createdUserId": "9451fc51-e00d-4445-8ff9-efb70866dc3b",
      "updatedUserId": "9451fc51-e00d-4445-8ff9-efb70866dc3b"
    }
  ],
  "botMessages": [
    {
      "channelContent": {
        "web": {
          "contentFormat": "Markdown",
          "content": "Se utilizzi Windows 10, OneDrive è preinstallato. \n\nPer accedere ai tuoi documenti quando non sei connesso a Internet, apri Esplora file sul tuo PC e vai alla cartella OneDrive."
        }
      },
      "id": "79a0c9a1-0c49-4d00-adf2-4f62dbecefd1",
      "createdTime": "2022-04-29T20:16:13.07Z",
      "updatedTime": "2022-04-29T20:16:13.07Z"
    },
    {
      "channelContent": {
        "web": {
          "contentFormat": "Markdown",
          "content": "Quando ti riconnetti, OneDrive aggiorna le versioni online con le modifiche apportate offline.\n\nVisita [OneDrive per Windows 10](https://support.microsoft.com/it-it/office/sincronizzare-i-file-con-onedrive-in-windows-615391c4-2bd3-4aae-a42a-858262e42a49) per maggiori dettagli."
        }
      },
      "id": "21954ba2-6f98-414a-aa26-5a697bf8396c",
      "createdTime": "2022-04-29T20:18:40.716Z",
      "updatedTime": "2022-04-29T20:18:40.716Z",
      "createdUserId": "user-0",
      "updatedUserId": "user-0"
    }
  ]
}