{
  "intents": [
    {
      "triggerQueries": [
        "avviare una chat 1:1",
        "scrivere un messaggio a una persona",
        "Scrivi un messaggio a una persona esterna",
        "invio messaggio a persona esterna",
        "Avviare una chat?",
        "Come faccio ad avviare una chat privata?"
      ],
      "dialogId": "new_topic_99e387a410374c2a9e6c75c2ebaf6ef6",
      "isTriggeringEnabled": true,
      "id": "new_topic_99e387a410374c2a9e6c75c2ebaf6ef6",
      "displayName": "Come faccio ad avviare una chat privata?",
      "createdTime": "2022-04-28T19:57:53.9290176Z",
      "updatedTime": "2022-04-28T19:57:53.9290176Z",
      "createdUserId": "9451fc51-e00d-4445-8ff9-efb70866dc3b",
      "updatedUserId": "9451fc51-e00d-4445-8ff9-efb70866dc3b"
    }
  ],
  "dialogs": [
    {
      "rootNodeId": "60945316-b885-4c6b-a7c2-3a245a01d6b0",
      "messageNodes": [
        {
          "botMessageId": "1f508bff-675d-44df-bb1f-18606a36b3c3",
          "nodeType": "BotMessageNode",
          "id": "60945316-b885-4c6b-a7c2-3a245a01d6b0",
          "defaultTargetNodeId": "058536d8-203a-424a-8ac6-604cdf98f89d"
        },
        {
          "botMessageId": "04d7a57f-617f-4431-acfc-560fb29d9297",
          "nodeType": "BotMessageNode",
          "id": "058536d8-203a-424a-8ac6-604cdf98f89d",
          "defaultTargetNodeId": "9979d431-4d8d-403c-92c2-e1e005958672"
        }
      ],
      "dialogChangeNodes": [
        {
          "targetDialogId": "new_topic_f98a24608ee04cb998de3e3e32703d5b_aeabea4d071f415c8c107e1cb7af5424_assumedsuccess",
          "nodeType": "DialogChangeNode",
          "id": "9979d431-4d8d-403c-92c2-e1e005958672"
        }
      ],
      "id": "new_topic_99e387a410374c2a9e6c75c2ebaf6ef6",
      "displayName": "Senza titolo",
      "createdTime": "2022-04-28T19:57:53.9290176Z",
      "updatedTime": "2022-04-28T19:57:53.9290176Z",
      "createdUserId": "9451fc51-e00d-4445-8ff9-efb70866dc3b",
      "updatedUserId": "9451fc51-e00d-4445-8ff9-efb70866dc3b"
    }
  ],
  "botMessages": [
    {
      "channelContent": {
        "web": {
          "contentFormat": "Markdown",
          "content": "Nella barra di ricerca, digitare il nome della persona con cui vuoi chattare. \n\nSelezionare la persona, quindi digitare il messaggio e fare clic sulla freccia Invia."
        }
      },
      "id": "1f508bff-675d-44df-bb1f-18606a36b3c3",
      "createdTime": "2022-04-28T19:25:11.266Z",
      "updatedTime": "2022-04-28T19:25:11.266Z"
    },
    {
      "channelContent": {
        "web": {
          "contentFormat": "Markdown",
          "content": "Se si tratta di una persona esterna, digitare l'indirizzo email completo.\n\n_**Nota.** Questo richiede prerequisiti tecnici nelle rispettive organizzazioni:_\n\n[Comunicare con gli utenti di altre organizzazioni in Microsoft Teams](https://docs.microsoft.com/it-it/microsoftteams/communicate-with-users-from-other-organizations)"
        }
      },
      "id": "04d7a57f-617f-4431-acfc-560fb29d9297",
      "createdTime": "2022-04-28T19:26:46.843Z",
      "updatedTime": "2022-04-28T19:26:46.843Z",
      "createdUserId": "user-0",
      "updatedUserId": "user-0"
    }
  ]
}