{
  "intents": [
    {
      "endUserOverrideName": "Canal général",
      "triggerQueries": [
        "peut-on renommer le canal Général?",
        "Pourquoi le canal Général est-il disponible",
        "peut-on supprimer le canal Général?",
        "À quoi sert le canal Général?",
        "Quel est l'objectif du canal Général ?",
        "Pourquoi y a-t-il un canal appelé Général?",
        "Peut-on enlever le canal Général?",
        "Pourquoi le canal général est-il disponible?",
        "Le canal appelé général",
        "Qu'est-ce que le canal général?"
      ],
      "dialogId": "new_topic_718b1ac24abd42e1b202e8c326855e89",
      "isTriggeringEnabled": true,
      "id": "new_topic_718b1ac24abd42e1b202e8c326855e89",
      "displayName": "Qu'est-ce que le canal général?",
      "description": "",
      "createdTime": "2021-01-13T22:20:51.2381463Z",
      "updatedTime": "2021-05-24T12:21:52.3095553Z",
      "createdUserId": "f04d3cd9-b73d-4ba9-a1ed-9319eba29b21",
      "updatedUserId": "75392dcd-00bb-4588-89e9-c55bcbe40ccb"
    }
  ],
  "dialogs": [
    {
      "rootNodeId": "90edefde-57f7-4d5d-9c79-d3318f3419fd",
      "messageNodes": [
        {
          "botMessageId": "1871b51b-a006-4417-98db-dc8bc97db628",
          "nodeType": "BotMessageNode",
          "id": "90edefde-57f7-4d5d-9c79-d3318f3419fd",
          "defaultTargetNodeId": "78dd2a7b-4bd8-4e3c-b78e-bc9be20f5195"
        },
        {
          "botMessageId": "5f238df6-35cd-412f-82df-a2ee3d82211a",
          "nodeType": "BotMessageNode",
          "id": "78dd2a7b-4bd8-4e3c-b78e-bc9be20f5195",
          "defaultTargetNodeId": "bd0ecc54-59de-4289-a7cb-9d256c0485ef"
        },
        {
          "botMessageId": "dd27b0f2-3d63-4304-82e2-51aa33d30320",
          "nodeType": "BotMessageNode",
          "id": "bd0ecc54-59de-4289-a7cb-9d256c0485ef",
          "defaultTargetNodeId": "5f3e0454-9efb-421e-a5e6-f9abb4bddf37"
        }
      ],
      "dialogChangeNodes": [
        {
          "targetDialogId": "new_topic_eac3f49c99664313a9d9dc19d80a79a2_aeabea4d071f415c8c107e1cb7af5424_assumedsuccess",
          "nodeType": "DialogChangeNode",
          "id": "5f3e0454-9efb-421e-a5e6-f9abb4bddf37"
        }
      ],
      "id": "new_topic_718b1ac24abd42e1b202e8c326855e89",
      "displayName": "Dialog for What is the General Channel?",
      "createdTime": "2021-01-13T22:20:51.2381463Z",
      "updatedTime": "2021-05-24T12:24:02.2958443Z",
      "createdUserId": "f04d3cd9-b73d-4ba9-a1ed-9319eba29b21",
      "updatedUserId": "75392dcd-00bb-4588-89e9-c55bcbe40ccb"
    }
  ],
  "botMessages": [
    {
      "channelContent": {
        "web": {
          "contentFormat": "Markdown",
          "content": "Par défaut, le canal Général est créé automatiquement dans chaque équipe."
        }
      },
      "id": "1871b51b-a006-4417-98db-dc8bc97db628",
      "createdTime": "2021-01-13T22:20:51.2381463Z",
      "updatedTime": "2021-01-13T22:20:51.2381463Z",
      "createdUserId": "f04d3cd9-b73d-4ba9-a1ed-9319eba29b21",
      "updatedUserId": "f04d3cd9-b73d-4ba9-a1ed-9319eba29b21"
    },
    {
      "channelContent": {
        "web": {
          "contentFormat": "Markdown",
          "content": "Il existe de nombreuses fonctions utiles au canal Général :\n\n*   Utilisez-le pour partager un aperçu de ce que l'équipe souhaite accomplir. Par exemple, un aperçu du projet ou qui est qui dans l'équipe.\n*   Utilisez-le pour l'intégration des nouveaux membres de l'équipe et d'autres informations générales qu'un nouveau membre de l'équipe trouverait utiles.\n*   Utilisez-le pour les annonces."
        }
      },
      "id": "5f238df6-35cd-412f-82df-a2ee3d82211a",
      "createdTime": "2021-01-27T22:49:49.587Z",
      "updatedTime": "2021-01-27T22:49:49.587Z",
      "createdUserId": "user-0",
      "updatedUserId": "user-0"
    },
    {
      "channelContent": {
        "web": {
          "contentFormat": "Markdown",
          "content": "Lorsque vous attribuez un nom aux canaux, n'oubliez pas que les canaux seront classés par ordre alphabétique après le canal Général.\n\n_Actuellement, vous ne pouvez pas supprimer le canal général._"
        }
      },
      "id": "dd27b0f2-3d63-4304-82e2-51aa33d30320",
      "createdTime": "2021-01-27T22:49:59.043Z",
      "updatedTime": "2021-01-27T22:49:59.043Z",
      "createdUserId": "user-0",
      "updatedUserId": "user-0"
    }
  ]
}