{
  "intents": [
    {
      "endUserOverrideName": "新增成員到團隊",
      "triggerQueries": [
        "我該怎麼新增成員到團隊",
        "Add members to a team",
        "How to invite new people to the team",
        "How do I add a member to the team?",
        "Add team members",
        "Invite colleagues to the team",
        "Invite more people to collaborate",
        "Add new person to your team",
        "Add team members?",
        "add team member to the team",
        "Add someone to your team",
        "how do I add more people to the team?",
        "How do I add a member to a team?",
        "新增成員到一個團隊",
        "怎麼邀請新的人進來團隊",
        "我該怎麼新增成員到團隊",
        "新增團隊成員",
        "邀請同事到團隊",
        "邀請更多人來共同協作",
        "增加新的人到我的團隊",
        "新增團隊成員?",
        "新增成員",
        "把其他人加到團隊",
        "我該怎麼新增更多人到團隊"
      ],
      "dialogId": "new_topic_caa594f9b8d749359d5e3eb1f30ae9dc",
      "isTriggeringEnabled": true,
      "id": "new_topic_caa594f9b8d749359d5e3eb1f30ae9dc",
      "displayName": "我該怎麼新增成員到團隊中",
      "description": "https://adoptbotv2kb.blob.core.windows.net/%24web/AdoptBot2021-English.docx",
      "createdTime": "2021-11-17T04:58:05.4319577Z",
      "updatedTime": "2021-11-17T04:58:27.0665041Z",
      "createdUserId": "9c968d43-f7c2-4e28-895c-1f6bcefcd8be",
      "updatedUserId": "9c968d43-f7c2-4e28-895c-1f6bcefcd8be"
    }
  ],
  "dialogs": [
    {
      "rootNodeId": "bd376b0d-8c3a-4ddc-a070-78a76acb5e20",
      "messageNodes": [
        {
          "botMessageId": "963357af-aa06-4b2e-aa12-b37482aa36a4",
          "nodeType": "BotMessageNode",
          "id": "bd376b0d-8c3a-4ddc-a070-78a76acb5e20",
          "defaultTargetNodeId": "2f68b4e4-c4c9-4d9d-9d28-79a78cab6efb"
        },
        {
          "botMessageId": "ec744814-4d91-4049-bdcf-714ad21022c1",
          "nodeType": "BotMessageNode",
          "id": "2f68b4e4-c4c9-4d9d-9d28-79a78cab6efb",
          "defaultTargetNodeId": "fcee2773-c8b7-4051-91df-5da99c23fc2c"
        }
      ],
      "dialogChangeNodes": [
        {
          "targetDialogId": "new_topic_e2d1671328b941dbb60fa7150059b1ee_aeabea4d071f415c8c107e1cb7af5424_assumedsuccess",
          "nodeType": "DialogChangeNode",
          "id": "fcee2773-c8b7-4051-91df-5da99c23fc2c"
        }
      ],
      "id": "new_topic_caa594f9b8d749359d5e3eb1f30ae9dc",
      "displayName": "Dialog for 我該怎麼新增成員到團隊中",
      "createdTime": "2021-11-17T04:58:05.4319577Z",
      "updatedTime": "2021-11-17T04:58:27.0665041Z",
      "createdUserId": "9c968d43-f7c2-4e28-895c-1f6bcefcd8be",
      "updatedUserId": "9c968d43-f7c2-4e28-895c-1f6bcefcd8be"
    }
  ],
  "botMessages": [
    {
      "channelContent": {
        "web": {
          "contentFormat": "Markdown",
          "content": "**若您是團隊的擁有者，**\n\n1.  到團隊名稱點選**更多選項** (...)\n2.  點選**新增成員**。您也可以[邀請在您組織外部的成員](https://support.microsoft.com/zh-tw/office/add-guests-to-a-team-in-teams-fccb4fa6-f864-4508-bdde-256e7384a14f)。"
        }
      },
      "id": "963357af-aa06-4b2e-aa12-b37482aa36a4",
      "createdTime": "2021-11-17T04:58:05.4319577Z",
      "updatedTime": "2021-11-17T04:58:05.4319577Z",
      "createdUserId": "9c968d43-f7c2-4e28-895c-1f6bcefcd8be",
      "updatedUserId": "9c968d43-f7c2-4e28-895c-1f6bcefcd8be"
    },
    {
      "channelContent": {
        "web": {
          "contentFormat": "Markdown",
          "content": "**若要新增多個人員**，請輸入聯絡人群組的名稱(又稱通訊群組清單)，安全性群組，或是 Microsoft 365 群組。"
        }
      },
      "id": "ec744814-4d91-4049-bdcf-714ad21022c1",
      "createdTime": "2021-11-17T04:58:17.921Z",
      "updatedTime": "2021-11-17T04:58:17.921Z",
      "createdUserId": "user-0",
      "updatedUserId": "user-0"
    }
  ]
}