{
  "intents": [
    {
      "triggerQueries": [
        "Hva skjer når jeg fester andre sin video i et teams møte?",
        "Fest en annen video til visning",
        "Fest andre sin video i et Teams møte"
      ],
      "dialogId": "new_topic_3a12efe3cf274ee49732a9a0f5c8abbe",
      "isTriggeringEnabled": true,
      "id": "new_topic_3a12efe3cf274ee49732a9a0f5c8abbe",
      "displayName": "Feste noens video i et Teams møte",
      "description": "https://norwegianteams.blob.core.windows.net/norwegian-container/Tima - p19 to p33.docx",
      "createdTime": "2021-04-07T15:56:48.1584741Z",
      "updatedTime": "2021-04-07T15:58:02.1255105Z",
      "createdUserId": "ef0c8b9a-eff1-49f8-92fa-fd1d3e15e1ba",
      "updatedUserId": "ef0c8b9a-eff1-49f8-92fa-fd1d3e15e1ba"
    }
  ],
  "dialogs": [
    {
      "rootNodeId": "4444e34c-d62a-411d-9865-c659cfe43575",
      "messageNodes": [
        {
          "botMessageId": "9812f031-6d74-476d-92c3-2158c150d7c6",
          "nodeType": "BotMessageNode",
          "id": "4444e34c-d62a-411d-9865-c659cfe43575",
          "defaultTargetNodeId": "738d5458-1f30-4a61-8526-8093e91bcd93"
        }
      ],
      "dialogChangeNodes": [
        {
          "targetDialogId": "new_topic_89c49d37fd4c4c1c9144396960733ce1_aeabea4d071f415c8c107e1cb7af5424_assumedsuccess",
          "nodeType": "DialogChangeNode",
          "id": "738d5458-1f30-4a61-8526-8093e91bcd93"
        }
      ],
      "id": "new_topic_3a12efe3cf274ee49732a9a0f5c8abbe",
      "displayName": "Dialog for Feste noens video i et Teams møte",
      "createdTime": "2021-04-07T15:56:48.1584741Z",
      "updatedTime": "2021-04-07T15:57:54.7759858Z",
      "createdUserId": "ef0c8b9a-eff1-49f8-92fa-fd1d3e15e1ba",
      "updatedUserId": "ef0c8b9a-eff1-49f8-92fa-fd1d3e15e1ba"
    }
  ],
  "botMessages": [
    {
      "channelContent": {
        "web": {
          "contentFormat": "Markdown",
          "content": "Hvis du vil feste en annen video til visningen uansett hvem som snakker, velger du **Flere alternativer…** i video-feeden (ved siden av navnet), og velg **Fest**."
        }
      },
      "id": "9812f031-6d74-476d-92c3-2158c150d7c6",
      "createdTime": "2021-04-07T15:56:48.1584741Z",
      "updatedTime": "2021-04-07T15:56:48.1584741Z",
      "createdUserId": "ef0c8b9a-eff1-49f8-92fa-fd1d3e15e1ba",
      "updatedUserId": "ef0c8b9a-eff1-49f8-92fa-fd1d3e15e1ba"
    }
  ],
  "createdUtc": "0001-01-01T00:00:00Z"
}