{
  "intents": [
    {
      "triggerQueries": [
        "회의를 작은 방 나누기",
        "더 작은 미팅 룸",
        "더 작은 모임 방",
        "소규모 그룹 나누기",
        "Teams 팀 소그룹 룸",
        "소그룹 회의실",
        "브레이크 아웃 룸 사용",
        "소그룹 회의실은 어떻게 사용하나요?"
      ],
      "dialogId": "new_topic_6bf2c861abec48f3ba5f75e80dec1b38",
      "isTriggeringEnabled": true,
      "id": "new_topic_6bf2c861abec48f3ba5f75e80dec1b38",
      "displayName": "소그룹 회의실은 어떻게 사용하나요?",
      "description": "https://adoptbotv2kb.blob.core.windows.net/%24web/adoptbot2021-Korean.docx",
      "createdTime": "2021-03-18T03:39:18.7476571Z",
      "updatedTime": "2021-04-03T12:17:48.8758772Z",
      "createdUserId": "e47109d8-0300-4e59-a90d-56bb29886c9e",
      "updatedUserId": "e47109d8-0300-4e59-a90d-56bb29886c9e"
    }
  ],
  "dialogs": [
    {
      "rootNodeId": "de58b2f9-640c-4e66-82c0-06665b6fed52",
      "messageNodes": [
        {
          "botMessageId": "a7855906-6e05-4496-84ed-bcca99cf634b",
          "nodeType": "BotMessageNode",
          "id": "de58b2f9-640c-4e66-82c0-06665b6fed52",
          "defaultTargetNodeId": "66df3af2-f7c9-4c2e-97da-93db3c3906f0"
        }
      ],
      "dialogChangeNodes": [
        {
          "targetDialogId": "new_topic_2bf23930c1d146129dfe38bacb94ccd0_aeabea4d071f415c8c107e1cb7af5424_assumedsuccess",
          "nodeType": "DialogChangeNode",
          "id": "66df3af2-f7c9-4c2e-97da-93db3c3906f0"
        }
      ],
      "id": "new_topic_6bf2c861abec48f3ba5f75e80dec1b38",
      "displayName": "Dialog for 소그룹 회의실은 어떻게 사용하나요?",
      "createdTime": "2021-03-18T03:39:18.7476571Z",
      "updatedTime": "2021-03-18T03:39:18.7476571Z",
      "createdUserId": "e47109d8-0300-4e59-a90d-56bb29886c9e",
      "updatedUserId": "e47109d8-0300-4e59-a90d-56bb29886c9e"
    }
  ],
  "botMessages": [
    {
      "channelContent": {
        "web": {
          "contentFormat": "Markdown",
          "content": "소그룹 회의실은 많은 시나리오에서 도움이 됩니다. [Teams에서 회의실 사용을 사용하는 방법에 대한 최신 가이드를 확인합니다.](https://support.microsoft.com/ko-kr/office/use-breakout-rooms-in-teams-meetings-7de1f48a-da07-466c-a5ab-4ebace28e461)"
        }
      },
      "id": "a7855906-6e05-4496-84ed-bcca99cf634b",
      "createdTime": "2021-03-18T03:39:18.7476571Z",
      "updatedTime": "2021-03-18T03:39:18.7476571Z",
      "createdUserId": "e47109d8-0300-4e59-a90d-56bb29886c9e",
      "updatedUserId": "e47109d8-0300-4e59-a90d-56bb29886c9e"
    }
  ],
  "createdUtc": "0001-01-01T00:00:00Z"
}