{
  "intents": [
    {
      "triggerQueries": [
        "내 File 파일 폴더",
        "OneDrive 파일 저장 스마트 폴더 무엇",
        "OneDrive 원드라이브 무엇 의미 설명",
        "OneDrive란?"
      ],
      "dialogId": "new_topic_1a881c30b29d47af82eb7641073eb378",
      "isTriggeringEnabled": true,
      "id": "new_topic_1a881c30b29d47af82eb7641073eb378",
      "displayName": "OneDrive란?",
      "description": "https://adoptbotv2kb.blob.core.windows.net/%24web/adoptbot2021-Korean.docx",
      "createdTime": "2021-03-18T03:39:18.7456548Z",
      "updatedTime": "2021-04-08T05:38:19.988412Z",
      "createdUserId": "e47109d8-0300-4e59-a90d-56bb29886c9e",
      "updatedUserId": "e47109d8-0300-4e59-a90d-56bb29886c9e"
    }
  ],
  "dialogs": [
    {
      "rootNodeId": "02c6fd89-4f3a-469a-8f52-88d0ed81eaf6",
      "messageNodes": [
        {
          "botMessageId": "2befdef7-cf40-4d43-a90a-59818445458b",
          "nodeType": "BotMessageNode",
          "id": "02c6fd89-4f3a-469a-8f52-88d0ed81eaf6",
          "defaultTargetNodeId": "bb8b654e-1a07-4aaa-a1a3-7ef1651b1ca3"
        }
      ],
      "dialogChangeNodes": [
        {
          "targetDialogId": "new_topic_2bf23930c1d146129dfe38bacb94ccd0_aeabea4d071f415c8c107e1cb7af5424_assumedsuccess",
          "nodeType": "DialogChangeNode",
          "id": "bb8b654e-1a07-4aaa-a1a3-7ef1651b1ca3"
        }
      ],
      "id": "new_topic_1a881c30b29d47af82eb7641073eb378",
      "displayName": "Dialog for OneDrive란?",
      "createdTime": "2021-03-18T03:39:18.7456548Z",
      "updatedTime": "2021-03-18T03:39:18.7456548Z",
      "createdUserId": "e47109d8-0300-4e59-a90d-56bb29886c9e",
      "updatedUserId": "e47109d8-0300-4e59-a90d-56bb29886c9e"
    }
  ],
  "botMessages": [
    {
      "channelContent": {
        "web": {
          "contentFormat": "Markdown",
          "content": "OneDrive는 문서, 메모, 사진, 음악, 비디오 또는 기타 유형의 파일을 저장하는 데 사용할 수 있는 온라인 저장소 서비스입니다. OneDrive를 사용하면 거의 모든 장치에서 파일에 액세스 할 수 있으며 다른 사람들과 공유할 수 있습니다."
        }
      },
      "id": "2befdef7-cf40-4d43-a90a-59818445458b",
      "createdTime": "2021-03-18T03:39:18.7456548Z",
      "updatedTime": "2021-03-18T03:39:18.7456548Z",
      "createdUserId": "e47109d8-0300-4e59-a90d-56bb29886c9e",
      "updatedUserId": "e47109d8-0300-4e59-a90d-56bb29886c9e"
    }
  ],
  "createdUtc": "0001-01-01T00:00:00Z"
}