{
  "intents": [
    {
      "intentType": "Regular",
      "endUserOverrideName": "Notify all team members?",
      "triggerQueries": [
        "Notify all team members?",
        "@mention entire team?",
        "How to mention the entire team?",
        "How do I get the attention from the entire team?",
        "How do I @ the entire team?",
        "How do I give a notification to the entire team?",
        "I want everyone on the team to get a notification, how do I do it?",
        "How do I @mention the entire team?"
      ],
      "dialogId": "new_topic_0ab8fc40292649d3a1b625bfa99804f7",
      "isTriggeringEnabled": true,
      "id": "new_topic_0ab8fc40292649d3a1b625bfa99804f7",
      "displayName": "How do I @mention the entire team?",
      "description": "https://adoptbotv2kb.blob.core.windows.net/%24web/AdoptBot2021-English.docx",
      "createdTime": "2021-01-13T22:20:51.2381463Z",
      "updatedTime": "2021-01-27T20:09:53.6237631Z",
      "createdUserId": "f04d3cd9-b73d-4ba9-a1ed-9319eba29b21",
      "updatedUserId": "f04d3cd9-b73d-4ba9-a1ed-9319eba29b21"
    }
  ],
  "dialogs": [
    {
      "rootNodeId": "870f5109-5331-4550-b360-006c35e55b52",
      "messageNodes": [
        {
          "botMessageId": "dea7477a-6bc4-44d4-ab85-d42d1d50bfc6",
          "nodeType": "BotMessageNode",
          "id": "870f5109-5331-4550-b360-006c35e55b52",
          "defaultTargetNodeId": "585f642f-bb7e-4ea6-baae-bcf57045b80b"
        },
        {
          "botMessageId": "26fbe36c-2036-43b4-8410-32efd809c93c",
          "nodeType": "BotMessageNode",
          "id": "585f642f-bb7e-4ea6-baae-bcf57045b80b",
          "defaultTargetNodeId": "1c62e3b6-7ca6-4736-8365-bfac33587cee"
        },
        {
          "botMessageId": "0c4d7416-c80e-4e78-9b88-ec82194d5eba",
          "nodeType": "BotMessageNode",
          "id": "1c62e3b6-7ca6-4736-8365-bfac33587cee",
          "defaultTargetNodeId": "d9a2de8f-e288-4cbb-a937-7e523d3cc783"
        }
      ],
      "dialogChangeNodes": [
        {
          "targetDialogId": "new_topic_eac3f49c99664313a9d9dc19d80a79a2_aeabea4d071f415c8c107e1cb7af5424_assumedsuccess",
          "nodeType": "DialogChangeNode",
          "id": "d9a2de8f-e288-4cbb-a937-7e523d3cc783"
        }
      ],
      "id": "new_topic_0ab8fc40292649d3a1b625bfa99804f7",
      "displayName": "Dialog for How do I @mention the entire team?",
      "createdTime": "2021-01-13T22:20:51.2381463Z",
      "updatedTime": "2021-01-27T21:30:12.1318315Z",
      "createdUserId": "f04d3cd9-b73d-4ba9-a1ed-9319eba29b21",
      "updatedUserId": "f04d3cd9-b73d-4ba9-a1ed-9319eba29b21"
    }
  ],
  "botMessages": [
    {
      "channelContent": {
        "web": {
          "contentFormat": "Markdown",
          "content": "[**To get everyone’s attention**](https://support.microsoft.com/en-us/office/use-mentions-to-get-someone-s-attention-in-teams-eb4f059d-320e-454e-b111-03361d4d6855) in the team, @mention the team's name.\n\n*   Type @team and select the team's name from the menu that appears."
        }
      },
      "id": "dea7477a-6bc4-44d4-ab85-d42d1d50bfc6",
      "createdTime": "2021-01-13T22:20:51.2381463Z",
      "updatedTime": "2021-01-13T22:20:51.2381463Z",
      "createdUserId": "f04d3cd9-b73d-4ba9-a1ed-9319eba29b21",
      "updatedUserId": "f04d3cd9-b73d-4ba9-a1ed-9319eba29b21"
    },
    {
      "channelContent": {
        "web": {
          "contentFormat": "Markdown",
          "content": "By @team, all members of the team receive a notification.\n\n[_The type of notification depends on everyone's settings._](https://support.microsoft.com/en-us/office/six-things-to-know-about-notifications-abb62c60-3d15-4968-b86a-42fea9c22cf4)"
        }
      },
      "id": "26fbe36c-2036-43b4-8410-32efd809c93c",
      "createdTime": "2021-01-27T20:02:31.051Z",
      "updatedTime": "2021-01-27T20:02:31.051Z",
      "createdUserId": "user-0",
      "updatedUserId": "user-0"
    },
    {
      "channelContent": {
        "web": {
          "contentFormat": "Markdown",
          "content": "💡 **Tip:** _Use this option sparingly in large teams, because it's like using “reply all” in e-mail._"
        }
      },
      "id": "0c4d7416-c80e-4e78-9b88-ec82194d5eba",
      "createdTime": "2021-01-27T20:08:22.811Z",
      "updatedTime": "2021-01-27T20:08:22.811Z",
      "createdUserId": "user-0",
      "updatedUserId": "user-0"
    }
  ]
}