{
  "intents": [
    {
      "endUserOverrideName": "informatiebescherming Teams",
      "triggerQueries": [
        "Is Teams AVG",
        "GDPR",
        "AVG",
        "Wat voor informatiebescherming biedt Teams?"
      ],
      "dialogId": "new_topic_d819ceb75c91433ca6570f03ba917a4b",
      "isTriggeringEnabled": true,
      "canTriggeringBeDisabled": true,
      "id": "new_topic_d819ceb75c91433ca6570f03ba917a4b",
      "displayName": "Wat voor informatiebescherming biedt Teams?",
      "description": "",
      "createdTime": "2021-03-17T14:21:26.7802373Z",
      "updatedTime": "2021-03-17T14:21:26.7802373Z",
      "createdUserId": "c1e90dc0-1df0-459d-8164-0dcb7915deaf",
      "isManaged": false,
      "isCustomizable": true,
      "etag": "W/\"752956\"",
      "versionNumber": 752956,
      "componentId": "4df85509-2c87-eb11-a812-0022487fa415"
    }
  ],
  "dialogs": [
    {
      "rootNodeId": "34d67244-11c5-4fbe-ac19-108ec5031940",
      "messageNodes": [
        {
          "botMessageId": "f8141c86-8943-4276-b3bc-bcd5febabbd3",
          "nodeType": "BotMessageNode",
          "id": "34d67244-11c5-4fbe-ac19-108ec5031940",
          "defaultTargetNodeId": "b50591ac-e09a-495f-883a-889dede1e471"
        },
        {
          "botMessageId": "c2c43564-6c4e-4251-90ad-56a3c619ea91",
          "nodeType": "BotMessageNode",
          "id": "b50591ac-e09a-495f-883a-889dede1e471",
          "defaultTargetNodeId": "fc9ae357-6596-4aad-8433-0997a7ff25e8"
        },
        {
          "botMessageId": "f2cb3faa-9c81-45e4-a0ef-aca0b0f2df55",
          "nodeType": "BotMessageNode",
          "id": "fc9ae357-6596-4aad-8433-0997a7ff25e8",
          "defaultTargetNodeId": "e9c217d7-c2a7-43a2-8e8f-fa9ecc987ce8"
        }
      ],
      "dialogChangeNodes": [
        {
          "targetDialogId": "new_topic_9d295c394a47419da3b4d205b7ed4c20_aeabea4d071f415c8c107e1cb7af5424_assumedsuccess",
          "nodeType": "DialogChangeNode",
          "id": "e9c217d7-c2a7-43a2-8e8f-fa9ecc987ce8"
        }
      ],
      "id": "new_topic_d819ceb75c91433ca6570f03ba917a4b",
      "displayName": "Dialog for Wat voor informatiebescherming biedt Teams?",
      "createdTime": "2021-03-17T14:21:26.7802373Z",
      "updatedTime": "2021-03-17T14:24:32.041417Z",
      "createdUserId": "c1e90dc0-1df0-459d-8164-0dcb7915deaf",
      "updatedUserId": "c1e90dc0-1df0-459d-8164-0dcb7915deaf",
      "versionNumber": 0,
      "componentId": "00000000-0000-0000-0000-000000000000"
    }
  ],
  "botMessages": [
    {
      "channelContent": {
        "web": {
          "contentFormat": "Markdown",
          "content": "Check de details bij uw eigen IT organisatie."
        }
      },
      "id": "f8141c86-8943-4276-b3bc-bcd5febabbd3",
      "createdTime": "2021-03-17T14:21:26.7802373Z",
      "updatedTime": "2021-03-17T14:21:26.7802373Z",
      "createdUserId": "c1e90dc0-1df0-459d-8164-0dcb7915deaf",
      "updatedUserId": "c1e90dc0-1df0-459d-8164-0dcb7915deaf",
      "versionNumber": 0,
      "componentId": "00000000-0000-0000-0000-000000000000"
    },
    {
      "channelContent": {
        "web": {
          "contentFormat": "Markdown",
          "content": "Om te voldoen aan de wettelijke, regelgeving en inhoudsbeveiligingsbehoeften, biedt Teams de volgende mogelijkheden voor informatiebescherming via het [Microsoft 365 Security & Compliance Center](https://support.microsoft.com/nl-nl/office/7e696a40-b86b-4a20-afcc-559218b7b1b8)"
        }
      },
      "id": "c2c43564-6c4e-4251-90ad-56a3c619ea91",
      "createdTime": "2021-03-17T14:22:23.007Z",
      "updatedTime": "2021-03-17T14:22:23.007Z",
      "createdUserId": "user-0",
      "updatedUserId": "user-0",
      "versionNumber": 0,
      "componentId": "00000000-0000-0000-0000-000000000000"
    },
    {
      "channelContent": {
        "web": {
          "contentFormat": "Markdown",
          "content": "Zie [Overzicht van beveiliging en compliance in Microsoft 365 voor](https://support.microsoft.com/nl-nl/office/dcb83b2c-ac66-4ced-925d-50eb9698a0b2) meer informatie."
        }
      },
      "id": "f2cb3faa-9c81-45e4-a0ef-aca0b0f2df55",
      "createdTime": "2021-03-17T14:24:00.924Z",
      "updatedTime": "2021-03-17T14:24:00.924Z",
      "createdUserId": "user-0",
      "updatedUserId": "user-0",
      "versionNumber": 0,
      "componentId": "00000000-0000-0000-0000-000000000000"
    }
  ],
  "createdUtc": "0001-01-01T00:00:00Z"
}