{
  "intents": [
    {
      "triggerQueries": [
        "Posso cancellare un'intera chat?",
        "Elimina un'intera conversazione di chat",
        "Posso cancellare l'intera chat con qualcuno?",
        "Cancellare tutta la mia cronologia chat",
        "Come faccio a rimuovere tutto da una chat?",
        "Cancella cronologia chat",
        "Posso cancellare una vecchia chat?"
      ],
      "dialogId": "new_topic_f3d6adb7500741f7a053ff1ca543af1e",
      "isTriggeringEnabled": true,
      "id": "new_topic_f3d6adb7500741f7a053ff1ca543af1e",
      "displayName": "Posso cancellare una vecchia chat?",
      "createdTime": "2022-04-17T23:24:31.5555908Z",
      "updatedTime": "2022-04-17T23:24:31.5555908Z",
      "createdUserId": "9451fc51-e00d-4445-8ff9-efb70866dc3b",
      "updatedUserId": "9451fc51-e00d-4445-8ff9-efb70866dc3b"
    }
  ],
  "dialogs": [
    {
      "rootNodeId": "4de7f116-c3f6-4ab5-b9f6-e494b02901c4",
      "messageNodes": [
        {
          "botMessageId": "1eb91cad-5ae3-4327-837c-ad101be07f2f",
          "nodeType": "BotMessageNode",
          "id": "4de7f116-c3f6-4ab5-b9f6-e494b02901c4",
          "defaultTargetNodeId": "7b9bd2d7-6c5c-4cc6-93ad-319f22ad7a72"
        }
      ],
      "dialogChangeNodes": [
        {
          "targetDialogId": "new_topic_f98a24608ee04cb998de3e3e32703d5b_aeabea4d071f415c8c107e1cb7af5424_assumedsuccess",
          "nodeType": "DialogChangeNode",
          "id": "7b9bd2d7-6c5c-4cc6-93ad-319f22ad7a72"
        }
      ],
      "id": "new_topic_f3d6adb7500741f7a053ff1ca543af1e",
      "displayName": "Senza titolo",
      "createdTime": "2022-04-17T23:24:31.5555908Z",
      "updatedTime": "2022-04-17T23:24:31.5555908Z",
      "createdUserId": "9451fc51-e00d-4445-8ff9-efb70866dc3b",
      "updatedUserId": "9451fc51-e00d-4445-8ff9-efb70866dc3b"
    }
  ],
  "botMessages": [
    {
      "channelContent": {
        "web": {
          "contentFormat": "Markdown",
          "content": "Anche se non puoi eliminare un'intera chat, puoi [nasconderla](https://support.microsoft.com/it-it/office/nascondere-scoprire-disattivare-l-audio-o-bloccare-una-chat-in-teams-9aee02ef-713d-495b-8a73-9762d8e4b066) per eliminarla dalla tua lista di chat.\n\nPuoi inoltre [eliminare i singoli messaggi che hai inviato](https://support.microsoft.com/it-it/office/modificare-o-eliminare-un-messaggio-inviato-in-teams-5f1fe604-a900-4a07-b8b7-8cf70ed6b263)."
        }
      },
      "id": "1eb91cad-5ae3-4327-837c-ad101be07f2f",
      "createdTime": "2022-04-17T23:19:51.207Z",
      "updatedTime": "2022-04-17T23:19:51.207Z"
    }
  ]
}