{
  "intents": [
    {
      "endUserOverrideName": "Come lavorare da remoto da qualsiasi luogo (M365)?",
      "triggerQueries": [
        "Come lavorare da remoto da qualsiasi luogo (M365)?",
        "lavoro remoto con ufficio 365",
        "Come si fa a lavorare in remoto indipendentemente dalla posizione?",
        "lavorare da casa con Microsoft 365",
        "Quali strumenti posso utilizzare quando lavoro da casa?",
        "connessione di Teams a Microsoft 365",
        "Lavorare in remoto con Microsoft 365?",
        "Come lavorare a distanza da qualsiasi luogo?"
      ],
      "dialogId": "new_topic_16459da3cffc4954a1fb3a3bdc47f871",
      "isTriggeringEnabled": true,
      "id": "new_topic_16459da3cffc4954a1fb3a3bdc47f871",
      "displayName": "Come lavorare a distanza da qualsiasi luogo?",
      "createdTime": "2022-04-27T08:57:54.5409044Z",
      "updatedTime": "2022-04-27T08:57:54.5409044Z",
      "createdUserId": "9451fc51-e00d-4445-8ff9-efb70866dc3b",
      "updatedUserId": "9451fc51-e00d-4445-8ff9-efb70866dc3b"
    }
  ],
  "dialogs": [
    {
      "rootNodeId": "b8c68614-f6c7-43e1-9ae8-db5ae327d628",
      "messageNodes": [
        {
          "botMessageId": "c6415686-ff82-4b53-b182-265adcf2336b",
          "nodeType": "BotMessageNode",
          "id": "b8c68614-f6c7-43e1-9ae8-db5ae327d628",
          "defaultTargetNodeId": "706943da-3e16-4fc5-a24a-bd94506c68f1"
        }
      ],
      "dialogChangeNodes": [
        {
          "targetDialogId": "new_topic_f98a24608ee04cb998de3e3e32703d5b_aeabea4d071f415c8c107e1cb7af5424_assumedsuccess",
          "nodeType": "DialogChangeNode",
          "id": "706943da-3e16-4fc5-a24a-bd94506c68f1"
        }
      ],
      "id": "new_topic_16459da3cffc4954a1fb3a3bdc47f871",
      "displayName": "Senza titolo",
      "createdTime": "2022-04-27T08:57:54.5409044Z",
      "updatedTime": "2022-04-27T08:57:54.5409044Z",
      "createdUserId": "9451fc51-e00d-4445-8ff9-efb70866dc3b",
      "updatedUserId": "9451fc51-e00d-4445-8ff9-efb70866dc3b"
    }
  ],
  "botMessages": [
    {
      "channelContent": {
        "web": {
          "contentFormat": "Markdown",
          "content": "[Collaborare con Microsoft 365](https://support.microsoft.com/it-it/office/collaborare-ovunque-con-microsoft-365-ac05a41e-0b49-4420-9ebc-190ee4e744f4) - Come lavorare meglio insieme in remoto con Microsoft 365 (che include Teams)."
        }
      },
      "id": "c6415686-ff82-4b53-b182-265adcf2336b",
      "createdTime": "2022-04-27T08:50:24.372Z",
      "updatedTime": "2022-04-27T08:50:24.372Z"
    }
  ]
}