{
  "intents": [
    {
      "triggerQueries": [
        "Was sind die Schritte zum Ausblenden eines Kanals?",
        "Wo ist die Option zum Ausblenden eines Kanals?",
        "kanal nicht mehr folgen",
        "Kanal ausblenden",
        "Ich möchte einen bestimmten Kanal nicht sehen",
        "Kann ich Kanäle ausblenden?",
        "Wie kann man Kanäle entfernen, die man nicht sehen möchte?",
        "Wie kann ich Kanäle ausblenden?",
        "Wie kann ich einem Kanal nicht mehr folgen?",
        "Wie kann man einen Kanal nicht mehr sehen?",
        "Ich möchte einige Kanäle ausblenden",
        "Wie kann ich einen Kanal ausblenden?"
      ],
      "dialogId": "new_topic_9a16a222ffc541f3a6f3f26576e16d4e",
      "isTriggeringEnabled": true,
      "id": "new_topic_9a16a222ffc541f3a6f3f26576e16d4e",
      "displayName": "Wie kann ich einen Kanal ausblenden?",
      "description": "https://adoptbotv2kb.blob.core.windows.net/%24web/AdoptBot2021-English.docx",
      "createdTime": "2021-04-19T08:51:50.4324833Z",
      "updatedTime": "2021-04-19T08:51:50.4324833Z",
      "createdUserId": "86360cd1-faa6-4d16-8a0c-ba3116c8a977"
    }
  ],
  "dialogs": [
    {
      "rootNodeId": "2293dbf2-e259-491a-b37f-1d562c9bb443",
      "messageNodes": [
        {
          "botMessageId": "895224b8-6752-45cb-976e-b04e00c1b86c",
          "nodeType": "BotMessageNode",
          "id": "2293dbf2-e259-491a-b37f-1d562c9bb443",
          "defaultTargetNodeId": "ce8b36b0-eaa6-470f-a59c-164002496711"
        }
      ],
      "dialogChangeNodes": [
        {
          "targetDialogId": "new_topic_30867099f4b543d3b8543a85c22c3418_aeabea4d071f415c8c107e1cb7af5424_assumedsuccess",
          "nodeType": "DialogChangeNode",
          "id": "ce8b36b0-eaa6-470f-a59c-164002496711"
        }
      ],
      "id": "new_topic_9a16a222ffc541f3a6f3f26576e16d4e",
      "displayName": "Dialog for Wie kann ich einen Kanal ausblenden?",
      "createdTime": "2021-04-19T08:51:50.4324833Z",
      "updatedTime": "2021-04-19T08:52:15.1267883Z",
      "createdUserId": "86360cd1-faa6-4d16-8a0c-ba3116c8a977",
      "updatedUserId": "86360cd1-faa6-4d16-8a0c-ba3116c8a977"
    }
  ],
  "botMessages": [
    {
      "channelContent": {
        "web": {
          "contentFormat": "Markdown",
          "content": "1.  Gehen Sie auf den Teamnamen\n2.  Wählen Sie Weitere Optionen (...) > Ausblenden."
        }
      },
      "id": "895224b8-6752-45cb-976e-b04e00c1b86c",
      "createdTime": "2021-04-19T08:51:50.4324833Z",
      "updatedTime": "2021-04-19T08:51:50.4324833Z",
      "createdUserId": "86360cd1-faa6-4d16-8a0c-ba3116c8a977",
      "updatedUserId": "86360cd1-faa6-4d16-8a0c-ba3116c8a977"
    }
  ]
}