{
  "intents": [
    {
      "endUserOverrideName": "Add more team owners",
      "triggerQueries": [
        "Can a team have more than one owner?",
        "Add more team owners",
        "change a member to an owner",
        "can you change a member to be an owner?",
        "How can I add more team owners?",
        "I want to add a team owner?",
        "Add another team owner",
        "Create new team owner",
        "How do I add more team owners?"
      ],
      "dialogId": "new_topic_16c57fdcaf16462a8415b89485d916da",
      "isTriggeringEnabled": true,
      "id": "new_topic_16c57fdcaf16462a8415b89485d916da",
      "displayName": "How do I add more team owners?",
      "description": "https://adoptbotv2kb.blob.core.windows.net/%24web/AdoptBot2021-English.docx",
      "createdTime": "2021-01-13T22:20:51.2381463Z",
      "updatedTime": "2021-01-27T22:01:54.2445365Z",
      "createdUserId": "f04d3cd9-b73d-4ba9-a1ed-9319eba29b21",
      "updatedUserId": "f04d3cd9-b73d-4ba9-a1ed-9319eba29b21"
    }
  ],
  "dialogs": [
    {
      "rootNodeId": "8b1f8322-711f-40b6-af0c-f8ea80fb3aa0",
      "messageNodes": [
        {
          "botMessageId": "c25d4ab5-73f5-4b54-9554-9cd6516c6176",
          "nodeType": "BotMessageNode",
          "id": "8b1f8322-711f-40b6-af0c-f8ea80fb3aa0",
          "defaultTargetNodeId": "d74c3d47-52bd-419a-9448-683d6a490fa0"
        },
        {
          "botMessageId": "1a40b823-86c5-4f40-9991-329e3d128af5",
          "nodeType": "BotMessageNode",
          "id": "d74c3d47-52bd-419a-9448-683d6a490fa0",
          "defaultTargetNodeId": "da8b98be-a58c-4cb6-98aa-359d55379096"
        }
      ],
      "dialogChangeNodes": [
        {
          "targetDialogId": "new_topic_eac3f49c99664313a9d9dc19d80a79a2_aeabea4d071f415c8c107e1cb7af5424_assumedsuccess",
          "nodeType": "DialogChangeNode",
          "id": "da8b98be-a58c-4cb6-98aa-359d55379096"
        }
      ],
      "id": "new_topic_16c57fdcaf16462a8415b89485d916da",
      "displayName": "Dialog for How do I add more team owners?",
      "createdTime": "2021-01-13T22:20:51.2381463Z",
      "updatedTime": "2021-01-27T22:05:25.3647418Z",
      "createdUserId": "f04d3cd9-b73d-4ba9-a1ed-9319eba29b21",
      "updatedUserId": "f04d3cd9-b73d-4ba9-a1ed-9319eba29b21"
    }
  ],
  "botMessages": [
    {
      "channelContent": {
        "web": {
          "contentFormat": "Markdown",
          "content": "[**Make someone a Team owner**](https://support.microsoft.com/en-us/office/make-someone-a-team-owner-09eb80c1-9f3b-4f6c-b6c0-45555d46ee2a)\n\n1.  Find the team you've created,   \n    Select **More options** (...) > **Manage Team**.\n2.  Open the **Members tab**.\n3.  Find the people you want to designate as team owners.\n4.  **Under Role**, click **Owner**."
        }
      },
      "id": "c25d4ab5-73f5-4b54-9554-9cd6516c6176",
      "createdTime": "2021-01-13T22:20:51.2381463Z",
      "updatedTime": "2021-01-13T22:20:51.2381463Z",
      "createdUserId": "f04d3cd9-b73d-4ba9-a1ed-9319eba29b21",
      "updatedUserId": "f04d3cd9-b73d-4ba9-a1ed-9319eba29b21"
    },
    {
      "channelContent": {
        "web": {
          "contentFormat": "Markdown",
          "content": "💡**Tip:** _Be sure to have at least two owners per team. This ensures a backup contact in case one of the owners are unavailable._"
        }
      },
      "id": "1a40b823-86c5-4f40-9991-329e3d128af5",
      "createdTime": "2021-01-27T22:03:47.023Z",
      "updatedTime": "2021-01-27T22:03:47.023Z",
      "createdUserId": "user-0",
      "updatedUserId": "user-0"
    }
  ]
}