{
  "intents": [
    {
      "endUserOverrideName": "Exchange Online",
      "triggerQueries": [
        "zit teams in de cloud",
        "zit ik in de cloud",
        "mail in de cloud",
        "Wat is exchange online",
        "Exchange Online",
        "Wat is mailbox in de cloud"
      ],
      "dialogId": "new_topic_8bc8bda4049c466989b315da89b0f7d7",
      "isTriggeringEnabled": true,
      "id": "new_topic_8bc8bda4049c466989b315da89b0f7d7",
      "displayName": "Wat is Exchange Online?",
      "description": "",
      "createdTime": "2021-03-20T07:44:07.7268664Z",
      "updatedTime": "2021-03-29T22:41:52.1972958Z",
      "createdUserId": "c1e90dc0-1df0-459d-8164-0dcb7915deaf",
      "updatedUserId": "c1e90dc0-1df0-459d-8164-0dcb7915deaf"
    }
  ],
  "dialogs": [
    {
      "rootNodeId": "c79a6e0d-8b32-41cb-a206-b34d87f64dba",
      "messageNodes": [
        {
          "botMessageId": "f21a3f90-cdaf-494b-ba42-adf7e41b1724",
          "nodeType": "BotMessageNode",
          "id": "c79a6e0d-8b32-41cb-a206-b34d87f64dba",
          "defaultTargetNodeId": "b743a499-e320-4a07-ab54-13b722d32f4b"
        },
        {
          "botMessageId": "c0d4fe00-6b1f-43d7-8c76-700a776be142",
          "nodeType": "BotMessageNode",
          "id": "b743a499-e320-4a07-ab54-13b722d32f4b",
          "defaultTargetNodeId": "af4994f8-56f7-405a-b529-f3d8ee915635"
        },
        {
          "botMessageId": "0679c670-44ce-4045-a8e6-c9673e38a80e",
          "nodeType": "BotMessageNode",
          "id": "af4994f8-56f7-405a-b529-f3d8ee915635",
          "defaultTargetNodeId": "546223da-c5d4-48cd-bdd2-760235ba3ebd"
        },
        {
          "botMessageId": "d1ba12c3-3fb7-42af-96e8-afd7e014bc0a",
          "nodeType": "BotMessageNode",
          "id": "546223da-c5d4-48cd-bdd2-760235ba3ebd",
          "defaultTargetNodeId": "cf4d140c-e1a5-4bff-abda-2450cdc4209d"
        }
      ],
      "dialogChangeNodes": [
        {
          "targetDialogId": "new_topic_9d295c394a47419da3b4d205b7ed4c20_aeabea4d071f415c8c107e1cb7af5424_assumedsuccess",
          "nodeType": "DialogChangeNode",
          "id": "cf4d140c-e1a5-4bff-abda-2450cdc4209d"
        }
      ],
      "id": "new_topic_8bc8bda4049c466989b315da89b0f7d7",
      "displayName": "Dialog for Wat is Exchange Online?",
      "createdTime": "2021-03-20T07:44:07.7268664Z",
      "updatedTime": "2021-03-29T22:42:30.8786639Z",
      "createdUserId": "c1e90dc0-1df0-459d-8164-0dcb7915deaf",
      "updatedUserId": "c1e90dc0-1df0-459d-8164-0dcb7915deaf"
    }
  ],
  "botMessages": [
    {
      "channelContent": {
        "web": {
          "contentFormat": "Markdown",
          "content": "Exchange Online is onderdeel van Microsoft 365. Het biedt e-mail en agenda. Klik op het Outlook-pictogram ✉ in Office 365 om te starten."
        }
      },
      "id": "f21a3f90-cdaf-494b-ba42-adf7e41b1724",
      "createdTime": "2021-03-20T07:44:07.7268664Z",
      "updatedTime": "2021-03-20T07:44:07.7268664Z",
      "createdUserId": "c1e90dc0-1df0-459d-8164-0dcb7915deaf",
      "updatedUserId": "c1e90dc0-1df0-459d-8164-0dcb7915deaf"
    },
    {
      "channelContent": {
        "web": {
          "contentFormat": "Markdown",
          "content": "Exchange Online zorgt ervoor dat uw Teams agenda en Outlook agenda synchroniseren."
        }
      },
      "id": "c0d4fe00-6b1f-43d7-8c76-700a776be142",
      "createdTime": "2021-03-20T07:45:38.3Z",
      "updatedTime": "2021-03-20T07:45:38.3Z",
      "createdUserId": "user-0",
      "updatedUserId": "user-0"
    },
    {
      "channelContent": {
        "web": {
          "contentFormat": "Markdown",
          "content": "U kunt vanuit Teams en vanuit Outlook uw vergaderingen starten in Teams."
        }
      },
      "id": "0679c670-44ce-4045-a8e6-c9673e38a80e",
      "createdTime": "2021-03-20T07:45:56.432Z",
      "updatedTime": "2021-03-20T07:45:56.432Z",
      "createdUserId": "user-0",
      "updatedUserId": "user-0"
    },
    {
      "channelContent": {
        "web": {
          "contentFormat": "Markdown",
          "content": "[Wat is een Microsoft Exchange-account? - Office-ondersteuning](https://support.microsoft.com/nl-nl/office/wat-is-een-microsoft-exchange-account-47f000aa-c2bf-48ac-9bc2-83e5c6036793)"
        }
      },
      "id": "d1ba12c3-3fb7-42af-96e8-afd7e014bc0a",
      "createdTime": "2021-03-29T22:41:44.789Z",
      "updatedTime": "2021-03-29T22:41:44.789Z",
      "createdUserId": "user-0",
      "updatedUserId": "user-0"
    }
  ],
  "createdUtc": "0001-01-01T00:00:00Z"
}