{
  "intents": [
    {
      "triggerQueries": [
        "har noen @omtalt meg?",
        "har noen @mention meg?",
        "Finn ut om noen har omtalt meg?",
        "Finn om noen har @mention meg?",
        "Hvordan ser jeg at noen har omtalt meg?",
        "Hva skjer når jeg @mention noen?",
        "Hva skjer når jeg omtaler noen?",
        "Hvor ligger @omtale varslinger?",
        "Hva er @omtale",
        "Hva er @mention",
        "Hva betyr at mention",
        "@mention",
        "@omtale",
        "Hva betyr @mention?",
        "Hva betyr det å @omtale noen?"
      ],
      "dialogId": "new_topic_6d3e72a6e6d74c858e8e1e34ff618cf4",
      "isTriggeringEnabled": true,
      "canTriggeringBeDisabled": true,
      "id": "new_topic_6d3e72a6e6d74c858e8e1e34ff618cf4",
      "displayName": "Hva betyr det å @omtale noen?",
      "description": "https://norwegianteams.blob.core.windows.net/norwegian-container/TIMA QA P19.docx",
      "createdTime": "2021-03-24T20:09:21.5442661Z",
      "updatedTime": "2021-03-26T09:21:48.5436466Z",
      "createdUserId": "ef0c8b9a-eff1-49f8-92fa-fd1d3e15e1ba",
      "updatedUserId": "ef0c8b9a-eff1-49f8-92fa-fd1d3e15e1ba",
      "isManaged": false,
      "isCustomizable": true,
      "etag": "W/\"1878218\"",
      "versionNumber": 1878218,
      "componentId": "b0e1a1d8-dc8c-eb11-a812-000d3a9d9016"
    }
  ],
  "dialogs": [
    {
      "rootNodeId": "c0407edc-457e-456c-a32c-f2030abfa2f3",
      "messageNodes": [
        {
          "botMessageId": "0a7032de-ed24-4cf3-9e41-49892647d668",
          "nodeType": "BotMessageNode",
          "id": "c0407edc-457e-456c-a32c-f2030abfa2f3",
          "defaultTargetNodeId": "38440260-569a-4992-9eb5-fc8a254d45e5"
        },
        {
          "botMessageId": "e4f005d8-f7fd-4eb7-8669-0ecea902bc99",
          "nodeType": "BotMessageNode",
          "id": "38440260-569a-4992-9eb5-fc8a254d45e5",
          "defaultTargetNodeId": "ae0c6f86-b523-464c-83a7-b8585682ba83"
        }
      ],
      "dialogChangeNodes": [
        {
          "targetDialogId": "new_topic_89c49d37fd4c4c1c9144396960733ce1_aeabea4d071f415c8c107e1cb7af5424_assumedsuccess",
          "nodeType": "DialogChangeNode",
          "id": "ae0c6f86-b523-464c-83a7-b8585682ba83"
        }
      ],
      "id": "new_topic_6d3e72a6e6d74c858e8e1e34ff618cf4",
      "displayName": "Dialog for Hva betyr det å @omtale noen?",
      "createdTime": "2021-03-24T20:09:21.5442661Z",
      "updatedTime": "2021-03-26T09:21:58.6745481Z",
      "createdUserId": "ef0c8b9a-eff1-49f8-92fa-fd1d3e15e1ba",
      "updatedUserId": "ef0c8b9a-eff1-49f8-92fa-fd1d3e15e1ba",
      "versionNumber": 0,
      "componentId": "00000000-0000-0000-0000-000000000000"
    }
  ],
  "botMessages": [
    {
      "channelContent": {
        "web": {
          "contentFormat": "Markdown",
          "content": "En @omtale er som en liten klapp på ryggen. Det er en måte å fange noens oppmerksomhet på i en kanalsamtale eller i en chat.\n\n1.  I tekstboksen skriver du inn @ og deretter de første bokstavene i personens navn. Du kan også @omtale et helt team og kanaler.\n2.  Velg personen. Gjenta for så mange du ønsker å @omtale."
        }
      },
      "id": "0a7032de-ed24-4cf3-9e41-49892647d668",
      "createdTime": "2021-03-24T20:09:21.5442661Z",
      "updatedTime": "2021-03-24T20:09:21.5442661Z",
      "createdUserId": "ef0c8b9a-eff1-49f8-92fa-fd1d3e15e1ba",
      "updatedUserId": "ef0c8b9a-eff1-49f8-92fa-fd1d3e15e1ba",
      "versionNumber": 0,
      "componentId": "00000000-0000-0000-0000-000000000000"
    },
    {
      "channelContent": {
        "web": {
          "contentFormat": "Markdown",
          "content": "Hver person som du @omtaler, blir varslet i **Aktivitetsfeeden** deres. Se etter en rød sirkel ved siden av **Aktivitet**\\-knappen for å se om noen har @omtalt deg!\n\nLes mer om denne funksjonaliteten [her](https://support.microsoft.com/nb-no/office/explore-the-activity-feed-in-teams-91c635a1-644a-4c60-9c98-233db3e13a56)."
        }
      },
      "id": "e4f005d8-f7fd-4eb7-8669-0ecea902bc99",
      "createdTime": "2021-03-26T09:21:40.13Z",
      "updatedTime": "2021-03-26T09:21:40.13Z",
      "createdUserId": "user-0",
      "updatedUserId": "user-0",
      "versionNumber": 0,
      "componentId": "00000000-0000-0000-0000-000000000000"
    }
  ],
  "createdUtc": "0001-01-01T00:00:00Z"
}