{
  "intents": [
    {
      "triggerQueries": [
        "與外部用戶聊天?",
        "與外部人員聊天",
        "寫信給組織外的人？",
        "我可以在Teams中與組織外的人聊天嗎？",
        "透過Teams寫信給外部人員？",
        "在不改變環境的情況下對外聊天？",
        "參與聊天但沒有被邀請作為來賓",
        "透過Teams與外部其他人聊天",
        "我如何透過Teams從外部聯繫其他人？",
        "我可以在Teams中與外部用戶聊天嗎？",
        "Chat with external users?",
        "Chat with external people",
        "write to people outside your organization?",
        "Can I chat with people outside my organization in Teams?",
        "Write to external people through Teams?",
        "Chat externally without changing environment?",
        "Chat without being invited as a guest?",
        "Chat with others externally via Teams",
        "How do I reach others externally through Teams?",
        "Can I chat with external users in Teams?"
      ],
      "dialogId": "new_topic_bf82458fca904a339f12c514daf2e992",
      "isTriggeringEnabled": true,
      "id": "new_topic_bf82458fca904a339f12c514daf2e992",
      "displayName": "我可以在 Teams 中與外部用戶聊天嗎？",
      "description": "https://adoptbotv2kb.blob.core.windows.net/%24web/AdoptBot2021-English.docx",
      "createdTime": "2021-11-17T05:36:48.8973251Z",
      "updatedTime": "2021-11-17T05:37:13.0934746Z",
      "createdUserId": "9c968d43-f7c2-4e28-895c-1f6bcefcd8be",
      "updatedUserId": "9c968d43-f7c2-4e28-895c-1f6bcefcd8be"
    }
  ],
  "dialogs": [
    {
      "rootNodeId": "b80bc187-e0a6-4965-9667-49fe889ade5a",
      "messageNodes": [
        {
          "botMessageId": "90e498d2-c7f7-40e1-b4f4-e13592de1dc0",
          "nodeType": "BotMessageNode",
          "id": "b80bc187-e0a6-4965-9667-49fe889ade5a",
          "defaultTargetNodeId": "ef0a5409-2b32-4451-a01f-0f6a355bf49c"
        },
        {
          "botMessageId": "31226585-7982-4758-837b-234e4db9a24c",
          "nodeType": "BotMessageNode",
          "id": "ef0a5409-2b32-4451-a01f-0f6a355bf49c",
          "defaultTargetNodeId": "0bc3a71f-be32-43a8-bc00-3110c05e1de2"
        },
        {
          "botMessageId": "44c2675f-8501-48cf-9f5d-ee716a84f6b1",
          "nodeType": "BotMessageNode",
          "id": "0bc3a71f-be32-43a8-bc00-3110c05e1de2",
          "defaultTargetNodeId": "f0c6f433-d237-4ec8-9869-f3276473d441"
        }
      ],
      "dialogChangeNodes": [
        {
          "targetDialogId": "new_topic_e2d1671328b941dbb60fa7150059b1ee_aeabea4d071f415c8c107e1cb7af5424_assumedsuccess",
          "nodeType": "DialogChangeNode",
          "id": "f0c6f433-d237-4ec8-9869-f3276473d441"
        }
      ],
      "id": "new_topic_bf82458fca904a339f12c514daf2e992",
      "displayName": "Dialog for 我可以在 Teams 中與外部用戶聊天嗎？",
      "createdTime": "2021-11-17T05:36:48.8973251Z",
      "updatedTime": "2021-11-17T05:37:13.0934746Z",
      "createdUserId": "9c968d43-f7c2-4e28-895c-1f6bcefcd8be",
      "updatedUserId": "9c968d43-f7c2-4e28-895c-1f6bcefcd8be"
    }
  ],
  "botMessages": [
    {
      "channelContent": {
        "web": {
          "contentFormat": "Markdown",
          "content": "當您需要與組織外部的人員進行交流和協作時，您可以使用 Microsoft Teams 外部訪問（也稱為聯合）來查找其他網域（例如 contoso.com）中的用戶，並和用戶通話或聊天。"
        }
      },
      "id": "90e498d2-c7f7-40e1-b4f4-e13592de1dc0",
      "createdTime": "2021-11-17T05:36:48.8973251Z",
      "updatedTime": "2021-11-17T05:36:48.8973251Z",
      "createdUserId": "9c968d43-f7c2-4e28-895c-1f6bcefcd8be",
      "updatedUserId": "9c968d43-f7c2-4e28-895c-1f6bcefcd8be"
    },
    {
      "channelContent": {
        "web": {
          "contentFormat": "Markdown",
          "content": "您可以嘗試在 Teams 搜尋欄中輸入外部用戶的電子郵件地址。 如果此人出現，請選擇他們的外部地址，然後嘗試聊天。"
        }
      },
      "id": "31226585-7982-4758-837b-234e4db9a24c",
      "createdTime": "2021-11-17T05:36:58.347Z",
      "updatedTime": "2021-11-17T05:36:58.347Z",
      "createdUserId": "user-0",
      "updatedUserId": "user-0"
    },
    {
      "channelContent": {
        "web": {
          "contentFormat": "Markdown",
          "content": "**請注意！** 這需要在各自的組織中啟用某些選項：\n\n[與 Microsoft Teams 中其他組織的用戶交流](https://docs.microsoft.com/zh-tw/microsoftteams/communicate-with-users-from-other-organizations)"
        }
      },
      "id": "44c2675f-8501-48cf-9f5d-ee716a84f6b1",
      "createdTime": "2021-11-17T05:37:02.498Z",
      "updatedTime": "2021-11-17T05:37:02.498Z",
      "createdUserId": "user-0",
      "updatedUserId": "user-0"
    }
  ]
}