{
  "intents": [
    {
      "triggerQueries": [
        "아웃룩 사용자 초대",
        "Outlook 사용자 초대",
        "지메일 사용자 초대",
        "Gmail 사용자 초대",
        "Office 365 이외의 사용자를 팀에 초대할 수 있습니까?"
      ],
      "dialogId": "new_topic_242faab41b4d4c57aa837c6ce967ab1d",
      "isTriggeringEnabled": true,
      "id": "new_topic_242faab41b4d4c57aa837c6ce967ab1d",
      "displayName": "Office 365 이외의 사용자를 팀에 초대할 수 있습니까?",
      "description": "https://adoptbotv2kb.blob.core.windows.net/%24web/adoptbot2021-Korean.docx",
      "createdTime": "2021-03-18T03:39:18.7476571Z",
      "updatedTime": "2021-03-25T07:54:01.1556256Z",
      "createdUserId": "e47109d8-0300-4e59-a90d-56bb29886c9e",
      "updatedUserId": "e47109d8-0300-4e59-a90d-56bb29886c9e"
    }
  ],
  "dialogs": [
    {
      "rootNodeId": "002f404d-2315-4ae8-8be1-7bade3540933",
      "messageNodes": [
        {
          "botMessageId": "2f33ce9d-07ff-41ff-ac73-8947da25c887",
          "nodeType": "BotMessageNode",
          "id": "002f404d-2315-4ae8-8be1-7bade3540933",
          "defaultTargetNodeId": "185ee2a4-e6ca-408e-bdb6-be7d41f7d042"
        }
      ],
      "dialogChangeNodes": [
        {
          "targetDialogId": "new_topic_2bf23930c1d146129dfe38bacb94ccd0_aeabea4d071f415c8c107e1cb7af5424_assumedsuccess",
          "nodeType": "DialogChangeNode",
          "id": "185ee2a4-e6ca-408e-bdb6-be7d41f7d042"
        }
      ],
      "id": "new_topic_242faab41b4d4c57aa837c6ce967ab1d",
      "displayName": "Dialog for Office 365 이외의 사용자를 팀에 초대할 수 있습니까?",
      "createdTime": "2021-03-18T03:39:18.7476571Z",
      "updatedTime": "2021-03-18T03:39:18.7476571Z",
      "createdUserId": "e47109d8-0300-4e59-a90d-56bb29886c9e",
      "updatedUserId": "e47109d8-0300-4e59-a90d-56bb29886c9e"
    }
  ],
  "botMessages": [
    {
      "channelContent": {
        "web": {
          "contentFormat": "Markdown",
          "content": "Outlook, Gmail 또는 기타와 같은 비즈니스 또는 소비자 이메일 계정이 있는 사람은 팀의 게스트로 참여할 수 있습니다.\r\n\r\n자세한 내용은 이 문서를 참조하십시오: [팀에 게스트 추가](https://docs.microsoft.com/ko-kr/microsoftteams/add-guests)"
        }
      },
      "id": "2f33ce9d-07ff-41ff-ac73-8947da25c887",
      "createdTime": "2021-03-18T03:39:18.7476571Z",
      "updatedTime": "2021-03-18T03:39:18.7476571Z",
      "createdUserId": "e47109d8-0300-4e59-a90d-56bb29886c9e",
      "updatedUserId": "e47109d8-0300-4e59-a90d-56bb29886c9e"
    }
  ],
  "createdUtc": "0001-01-01T00:00:00Z"
}