<botcomponent schemaname="new_topic_3b2fed0091bf4d5f94e39c461f66e3f0">
  <componenttype>0</componenttype>
  <description>Aggiungere una chat o un canale preferito nella parte superiore in Teams
Posso aggiungere i canali?
Posso aggiungere una chat?
come contrassegnare una chat come preferita?
come contrassegnare i canali come preferiti?
Mostrare una chat o un canale?
Come si aggiunge una chat?
Come posso aggiungere un canale?
Aggiungere i canali nella parte superiore
aggiungere diverse chat
Segnare le chat importanti?
Selezionare canali importanti?
Bloccare una chat o un canale?
Come posso bloccare una chat o un canale?</description>
  <iscustomizable>1</iscustomizable>
  <name>Come posso fissare una chat o un canale?</name>
  <statecode>0</statecode>
  <statuscode>1</statuscode>
</botcomponent>