{
  "intents": [
    {
      "endUserOverrideName": "Protection des informations dans Teams",
      "triggerQueries": [
        "protection des données dans Teams",
        "Protection des informations offerte par Teams",
        "Protection contre les menaces avancées",
        "Protection avancée contre les menaces pour Microsoft 365",
        "Conservation légale",
        "découverte électronique dans Teams",
        "Protection avancée contre les menaces",
        "Protection de l’information offerte par Teams",
        "règles de conformité dans Teams",
        "fonctionnalités de conformité dans Teams",
        "Advanced threat protection",
        "eDiscovery dans teams",
        "legal hold",
        "MAM support",
        "MDM support via Intune",
        "Quel type de protection de l’information Teams offre-t-il?",
        "Protection de l'information dans Teams?",
        "Protéger nos données dans Teams",
        "Quel type de protection de données  est disponible dans Teams?",
        "Accès conditionnel",
        "archivage dans Teams",
        "Advanced Threat Protection pour Microsoft 365",
        "Conformité dans Teams?",
        "pouvez-vous examiner les journaux d'audit dans Teams?"
      ],
      "dialogId": "new_topic_97d9255fdeb0421088be5cc1c3ea1be4",
      "isTriggeringEnabled": true,
      "id": "new_topic_97d9255fdeb0421088be5cc1c3ea1be4",
      "displayName": "Quel type de protection des informations Teams offre-t-il?",
      "description": "",
      "createdTime": "2021-01-13T22:20:51.2371466Z",
      "updatedTime": "2021-05-24T20:55:45.4925946Z",
      "createdUserId": "f04d3cd9-b73d-4ba9-a1ed-9319eba29b21",
      "updatedUserId": "a2c4aa2c-d830-41eb-bcf4-467a2c7e1279"
    }
  ],
  "dialogs": [
    {
      "rootNodeId": "725d3d7f-1830-4eb6-8d83-d3a026f9b66a",
      "messageNodes": [
        {
          "botMessageId": "94133fe8-4c73-4057-9007-3bc851dc9b39",
          "nodeType": "BotMessageNode",
          "id": "725d3d7f-1830-4eb6-8d83-d3a026f9b66a",
          "defaultTargetNodeId": "578232dd-8406-44d9-9c1e-20c779a5ddd2"
        },
        {
          "botMessageId": "401101ed-a305-4b86-9f22-49ccbef6bd8e",
          "nodeType": "BotMessageNode",
          "id": "578232dd-8406-44d9-9c1e-20c779a5ddd2",
          "defaultTargetNodeId": "d9f64baf-701e-4e08-8a24-4336ce05d765"
        },
        {
          "botMessageId": "713f3a85-abfe-4ea1-986b-f97bea489dff",
          "nodeType": "BotMessageNode",
          "id": "d9f64baf-701e-4e08-8a24-4336ce05d765",
          "defaultTargetNodeId": "879f6f33-bbf7-4f1c-9241-cdb0b8e4efd3"
        },
        {
          "botMessageId": "5fbd1179-80a8-4a01-b679-f54442def987",
          "nodeType": "BotMessageNode",
          "id": "879f6f33-bbf7-4f1c-9241-cdb0b8e4efd3",
          "defaultTargetNodeId": "b0e3278d-73f4-4303-bcc6-1a5bdf0b4092"
        },
        {
          "botMessageId": "914bb772-f0c9-4e70-aeb0-f061fd67b12f",
          "nodeType": "BotMessageNode",
          "id": "b0e3278d-73f4-4303-bcc6-1a5bdf0b4092",
          "defaultTargetNodeId": "70b5c7ae-fd96-42b9-9ca1-4df3c780a26e"
        },
        {
          "botMessageId": "2aaf901f-3e42-4093-b7cd-ec3eb1bc36bf",
          "nodeType": "BotMessageNode",
          "id": "70b5c7ae-fd96-42b9-9ca1-4df3c780a26e",
          "defaultTargetNodeId": "e0ff4398-6340-4dc9-b7ad-04b123e7b5a2"
        },
        {
          "botMessageId": "ad8299aa-816c-4a1e-b1f0-365b1ede5e36",
          "nodeType": "BotMessageNode",
          "id": "e0ff4398-6340-4dc9-b7ad-04b123e7b5a2",
          "defaultTargetNodeId": "e880c8a9-295f-4038-b835-b990b7186672"
        },
        {
          "botMessageId": "f22ecb15-22d7-44b3-8b82-93017299af2a",
          "nodeType": "BotMessageNode",
          "id": "e880c8a9-295f-4038-b835-b990b7186672",
          "defaultTargetNodeId": "9b829095-4755-4562-a369-8d121800ad30"
        },
        {
          "botMessageId": "a8693853-0ac9-4ef8-946f-8c45f814b89a",
          "nodeType": "BotMessageNode",
          "id": "9b829095-4755-4562-a369-8d121800ad30",
          "defaultTargetNodeId": "55590be0-d255-4a11-8583-3e51849c835a"
        },
        {
          "botMessageId": "369fdf1d-eb2a-4aac-a8f1-e267ef01913f",
          "nodeType": "BotMessageNode",
          "id": "55590be0-d255-4a11-8583-3e51849c835a",
          "defaultTargetNodeId": "d301f88c-4efd-433a-9830-0fbbdfcc8522"
        },
        {
          "botMessageId": "53f83402-004e-43fc-8b34-66524dc556c0",
          "nodeType": "BotMessageNode",
          "id": "d301f88c-4efd-433a-9830-0fbbdfcc8522",
          "defaultTargetNodeId": "0db7b964-22d8-4ecc-8137-651b76224d1d"
        }
      ],
      "dialogChangeNodes": [
        {
          "targetDialogId": "new_topic_eac3f49c99664313a9d9dc19d80a79a2_aeabea4d071f415c8c107e1cb7af5424_assumedsuccess",
          "nodeType": "DialogChangeNode",
          "id": "0db7b964-22d8-4ecc-8137-651b76224d1d"
        }
      ],
      "id": "new_topic_97d9255fdeb0421088be5cc1c3ea1be4",
      "displayName": "Dialog for What kind of information protection does Teams offer?",
      "createdTime": "2021-01-13T22:20:51.2371466Z",
      "updatedTime": "2021-05-24T20:55:26.6854827Z",
      "createdUserId": "f04d3cd9-b73d-4ba9-a1ed-9319eba29b21",
      "updatedUserId": "a2c4aa2c-d830-41eb-bcf4-467a2c7e1279"
    }
  ],
  "botMessages": [
    {
      "channelContent": {
        "web": {
          "contentFormat": "Markdown",
          "content": "Pour répondre à vos besoins juridiques, réglementaires et de sécurité du contenu, Teams offre de nombreuses fonctionnalités de protection de l’information par l’intermédiaire du [Centre de Sécurité et de conformité Microsoft 365.](https://docs.microsoft.com/fr-fr/microsoft-365/compliance/microsoft-365-compliance-center?view=o365-worldwide)"
        }
      },
      "id": "94133fe8-4c73-4057-9007-3bc851dc9b39",
      "createdTime": "2021-01-13T22:20:51.2371466Z",
      "updatedTime": "2021-01-13T22:20:51.2371466Z",
      "createdUserId": "f04d3cd9-b73d-4ba9-a1ed-9319eba29b21",
      "updatedUserId": "f04d3cd9-b73d-4ba9-a1ed-9319eba29b21"
    },
    {
      "channelContent": {
        "web": {
          "contentFormat": "Markdown",
          "content": "**Archive:**\n\nTout contenu stocké dans un emplacement lié à Teams doit être préservé de manière immuable conformément à la politique d’entreprise."
        }
      },
      "id": "401101ed-a305-4b86-9f22-49ccbef6bd8e",
      "createdTime": "2021-01-27T17:32:23.484Z",
      "updatedTime": "2021-01-27T17:32:23.484Z",
      "createdUserId": "user-0",
      "updatedUserId": "user-0"
    },
    {
      "channelContent": {
        "web": {
          "contentFormat": "Markdown",
          "content": "**Recherche de contenu de conformité:**\n\nTout contenu stocké peut être recherché grâce à des fonctionnalités avancées de filtrage. Les données résultantes peuvent être exportées vers un conteneur spécifique à des fins de conformité et d’appui pour les litiges."
        }
      },
      "id": "713f3a85-abfe-4ea1-986b-f97bea489dff",
      "createdTime": "2021-01-27T17:32:38.566Z",
      "updatedTime": "2021-01-27T17:32:38.566Z",
      "createdUserId": "user-0",
      "updatedUserId": "user-0"
    },
    {
      "channelContent": {
        "web": {
          "contentFormat": "Markdown",
          "content": "**eDiscovery:**\n\nLes fonctionnalités de la découverte automatique, ou eDiscovery, incluent la gestion de cas, la conservation, la collecte, la recherche, l’analyse et l’exportation de contenu. Ces fonctionnalités permettent de simplifier le processus eDiscovery et d'identifier rapidement les données pertinentes tout en réduisant les coûts et les risques."
        }
      },
      "id": "5fbd1179-80a8-4a01-b679-f54442def987",
      "createdTime": "2021-01-27T17:32:55.718Z",
      "updatedTime": "2021-01-27T17:32:55.718Z",
      "createdUserId": "user-0",
      "updatedUserId": "user-0"
    },
    {
      "channelContent": {
        "web": {
          "contentFormat": "Markdown",
          "content": "**Conservation légale:**\n\nUne équipe ou un utilisateur peut être mis en attente légale ou placé en conservation légale pour s’assurer que tous les messages échangés dans cette équipe (y compris les canaux privés) ou par cette personne peuvent être recherchés et analysés par les responsables de la conformité dans l’organisation ou les administrateurs Teams."
        }
      },
      "id": "914bb772-f0c9-4e70-aeb0-f061fd67b12f",
      "createdTime": "2021-01-27T17:32:57.886Z",
      "updatedTime": "2021-01-27T17:32:57.886Z",
      "createdUserId": "user-0",
      "updatedUserId": "user-0"
    },
    {
      "channelContent": {
        "web": {
          "contentFormat": "Markdown",
          "content": "**Recherche dans le journal d'audit:**\n\nLes activités de l’équipe peuvent être capturées dans le journal d'audit pour rechercher, analyser ou exporter ces données."
        }
      },
      "id": "2aaf901f-3e42-4093-b7cd-ec3eb1bc36bf",
      "createdTime": "2021-01-27T17:33:00.169Z",
      "updatedTime": "2021-01-27T17:33:00.169Z",
      "createdUserId": "user-0",
      "updatedUserId": "user-0"
    },
    {
      "channelContent": {
        "web": {
          "contentFormat": "Markdown",
          "content": "**Exchange online protection:**\n\nLes messages électroniques envoyés à un canal sont filtrés pour le spam, les logiciels malveillants, les liens malveillants, l’usurpation d’adresse et le phishing via Exchange Online Protection et Advanced Threat Protection pour Microsoft 365."
        }
      },
      "id": "ad8299aa-816c-4a1e-b1f0-365b1ede5e36",
      "createdTime": "2021-01-27T17:33:52.164Z",
      "updatedTime": "2021-01-27T17:33:52.164Z",
      "createdUserId": "user-0",
      "updatedUserId": "user-0"
    },
    {
      "channelContent": {
        "web": {
          "contentFormat": "Markdown",
          "content": "**Accès conditionnel :**\n\nNous nous assurons que l’accès aux équipes est limité aux périphériques conformes à vos règles d’administration informatique ou d’organisation d’entreprise. Cela inclut le support MDM et MAM avec Intune pour iOS et Android."
        }
      },
      "id": "f22ecb15-22d7-44b3-8b82-93017299af2a",
      "createdTime": "2021-01-27T17:34:11.759Z",
      "updatedTime": "2021-01-27T17:34:11.759Z",
      "createdUserId": "user-0",
      "updatedUserId": "user-0"
    },
    {
      "channelContent": {
        "web": {
          "contentFormat": "Markdown",
          "content": "Pour plus d’informations sur ces fonctionnalités de conformité, consulter [Sécurité et conformité dans Microsoft Teams](https://docs.microsoft.com/fr-fr/microsoftteams/security-compliance-overview)."
        }
      },
      "id": "a8693853-0ac9-4ef8-946f-8c45f814b89a",
      "createdTime": "2021-01-27T17:34:34.285Z",
      "updatedTime": "2021-01-27T17:34:34.285Z",
      "createdUserId": "user-0",
      "updatedUserId": "user-0"
    },
    {
      "channelContent": {
        "web": {
          "contentFormat": "Markdown",
          "content": "Pour plus de détails sur les recherches de contenu et Teams, consultez la section Teams dans l'article [Recherche de contenu dans Microsoft 365](https://docs.microsoft.com/fr-fr/microsoft-365/compliance/content-search?view=o365-worldwide)."
        }
      },
      "id": "369fdf1d-eb2a-4aac-a8f1-e267ef01913f",
      "createdTime": "2021-01-27T17:34:37.929Z",
      "updatedTime": "2021-01-27T17:34:37.929Z",
      "createdUserId": "user-0",
      "updatedUserId": "user-0"
    },
    {
      "channelContent": {
        "web": {
          "contentFormat": "Markdown",
          "content": "Ceci est une très longue réponse.\n\nVous devrez peut-être faire défiler vers le haut 🔼"
        }
      },
      "id": "53f83402-004e-43fc-8b34-66524dc556c0",
      "createdTime": "2021-01-27T17:35:35.347Z",
      "updatedTime": "2021-01-27T17:35:35.347Z",
      "createdUserId": "user-0",
      "updatedUserId": "user-0"
    }
  ],
  "createdUtc": "0001-01-01T00:00:00Z"
}