{
  "intents": [
    {
      "endUserOverrideName": "更改來賓權限",
      "triggerQueries": [
        "來賓共編",
        "來賓分享檔案",
        "改來賓權限",
        "如何更改來賓權限",
        "更改來賓設定",
        "更改來賓能做的事",
        "調整來賓權限",
        "設定來賓權限",
        "更改來賓權限",
        "限制來賓在團隊中能做什麼",
        "限制來賓在團隊中能做甚麼",
        "我能限制來賓在團隊中能做什麼嗎?",
        "我能限制來賓在團隊中能做甚麼嗎?",
        "Can I limit what guests can do in our team?",
        "Change guest permissions",
        "How do I set guest permissions?",
        "adjusting guests' permissions",
        "change what guests can do",
        "changing settings for a guest",
        "How do I change guest permissions?"
      ],
      "dialogId": "new_topic_1fc826f54c2c41568088e673860e6b50",
      "isTriggeringEnabled": true,
      "id": "new_topic_1fc826f54c2c41568088e673860e6b50",
      "displayName": "如何更改來賓權限?",
      "description": "https://adoptbotv2kb.blob.core.windows.net/%24web/AdoptBot2021-English.docx",
      "createdTime": "2021-11-17T04:19:33.8714132Z",
      "updatedTime": "2021-11-17T09:19:10.8987084Z",
      "createdUserId": "9c968d43-f7c2-4e28-895c-1f6bcefcd8be",
      "updatedUserId": "9c968d43-f7c2-4e28-895c-1f6bcefcd8be"
    }
  ],
  "dialogs": [
    {
      "rootNodeId": "b032bf17-7ebd-46ea-b709-fa171c5d0339",
      "messageNodes": [
        {
          "botMessageId": "4485c0c9-0bcf-400b-8898-d585a280ded0",
          "nodeType": "BotMessageNode",
          "id": "b032bf17-7ebd-46ea-b709-fa171c5d0339",
          "defaultTargetNodeId": "20f52d58-3197-4bd2-a09c-9764e1161719"
        },
        {
          "botMessageId": "bd478d87-0670-4748-a8bb-436b4edd0fa3",
          "nodeType": "BotMessageNode",
          "id": "20f52d58-3197-4bd2-a09c-9764e1161719",
          "defaultTargetNodeId": "c9429bd6-0397-4f5f-b24e-6962fb1d9fb1"
        }
      ],
      "dialogChangeNodes": [
        {
          "targetDialogId": "new_topic_e2d1671328b941dbb60fa7150059b1ee_aeabea4d071f415c8c107e1cb7af5424_assumedsuccess",
          "nodeType": "DialogChangeNode",
          "id": "c9429bd6-0397-4f5f-b24e-6962fb1d9fb1"
        }
      ],
      "id": "new_topic_1fc826f54c2c41568088e673860e6b50",
      "displayName": "Dialog for 如何更改來賓權限?",
      "createdTime": "2021-11-17T04:19:33.8714132Z",
      "updatedTime": "2021-11-17T04:20:03.1032105Z",
      "createdUserId": "9c968d43-f7c2-4e28-895c-1f6bcefcd8be",
      "updatedUserId": "9c968d43-f7c2-4e28-895c-1f6bcefcd8be"
    }
  ],
  "botMessages": [
    {
      "channelContent": {
        "web": {
          "contentFormat": "Markdown",
          "content": "**如果您是團隊擁有者**，您可以[更改來賓權限](https://support.microsoft.com/zh-tw/office/set-guest-permissions-for-channels-in-teams-4756c468-2746-4bfd-a582-736d55fcc169)。\n\n1.  到團隊名稱\n2.  選擇  **更多選項(...)**\n3.  選擇  **管理團隊**\n4.  選擇  **來賓許可權**"
        }
      },
      "id": "4485c0c9-0bcf-400b-8898-d585a280ded0",
      "createdTime": "2021-11-17T04:19:33.8714132Z",
      "updatedTime": "2021-11-17T04:19:33.8714132Z",
      "createdUserId": "9c968d43-f7c2-4e28-895c-1f6bcefcd8be",
      "updatedUserId": "9c968d43-f7c2-4e28-895c-1f6bcefcd8be"
    },
    {
      "channelContent": {
        "web": {
          "contentFormat": "Markdown",
          "content": "如果您有興趣，這邊有一個[來賓能做到的列表](https://support.microsoft.com/zh-tw/office/team-owner-member-and-guest-capabilities-in-teams-d03fdf5b-1a6e-48e4-8e07-b13e1350ec7b)。"
        }
      },
      "id": "bd478d87-0670-4748-a8bb-436b4edd0fa3",
      "createdTime": "2021-11-17T04:19:53.982Z",
      "updatedTime": "2021-11-17T04:19:53.982Z",
      "createdUserId": "user-0",
      "updatedUserId": "user-0"
    }
  ]
}