{
  "intents": [
    {
      "triggerQueries": [
        "pumbaa",
        "pumba"
      ],
      "dialogId": "new_topic_064141d8b101402cae80b2b6a4c9a3f7",
      "isTriggeringEnabled": true,
      "id": "new_topic_064141d8b101402cae80b2b6a4c9a3f7",
      "displayName": "Pumbaa (secret amusant)",
      "createdTime": "2023-11-29T14:27:11.6454061Z",
      "updatedTime": "2023-12-13T11:42:55.2239982Z",
      "createdUserId": "c8d29cfd-efef-47c1-8e02-210c8be30c37",
      "updatedUserId": "c8d29cfd-efef-47c1-8e02-210c8be30c37"
    }
  ],
  "dialogs": [
    {
      "rootNodeId": "b24d7489-51ac-422b-9373-717bc6d458e2",
      "messageNodes": [
        {
          "botMessageId": "0d8c606a-ac24-4c92-b248-57fa41a17b72",
          "nodeType": "BotMessageNode",
          "id": "b24d7489-51ac-422b-9373-717bc6d458e2",
          "defaultTargetNodeId": "6236efa2-14cd-41d7-a2c0-4b15ffbc7701"
        },
        {
          "botMessageId": "10dae9a8-2230-4a1f-9834-ac7436275626",
          "nodeType": "BotMessageNode",
          "id": "6236efa2-14cd-41d7-a2c0-4b15ffbc7701",
          "defaultTargetNodeId": "d6ab286e-3b8f-4aab-8391-b6aa4c941e66"
        },
        {
          "botMessageId": "2f6ec165-dcc4-4df0-b4f4-680f041c3225",
          "nodeType": "BotMessageNode",
          "id": "6b698ab2-38fa-409e-a216-c287d306d733"
        }
      ],
      "actionNodes": [
        {
          "contextVariableId": "2d37fa98-f130-4f8b-ad60-57cce6b90233",
          "nodeType": "ActionNode",
          "outputExpressionVariableIds": [
            "1424623c-a7b0-4d33-ab60-b34a2129ab12"
          ],
          "id": "d6ab286e-3b8f-4aab-8391-b6aa4c941e66",
          "defaultTargetNodeId": "6b698ab2-38fa-409e-a216-c287d306d733"
        }
      ],
      "id": "new_topic_064141d8b101402cae80b2b6a4c9a3f7",
      "displayName": "Untitled",
      "createdTime": "2023-11-29T14:27:11.6454052Z",
      "updatedTime": "2023-12-13T11:42:55.2239975Z",
      "createdUserId": "c8d29cfd-efef-47c1-8e02-210c8be30c37",
      "updatedUserId": "c8d29cfd-efef-47c1-8e02-210c8be30c37"
    }
  ],
  "botMessages": [
    {
      "channelContent": {
        "web": {
          "contentFormat": "Markdown",
          "content": "🐗!"
        }
      },
      "id": "0d8c606a-ac24-4c92-b248-57fa41a17b72",
      "createdTime": "2023-11-29T14:21:15.967Z",
      "updatedTime": "2023-11-29T14:21:15.967Z"
    },
    {
      "channelContent": {
        "web": {
          "contentFormat": "Markdown",
          "content": "🏆Succès débloqué🏆\n\nVous avez trouvé un secret caché.\n\nOn dirait que vous avez le sens de l’humour, et c’est toujours amusant... 😉\n\nHakuna matata"
        }
      },
      "id": "10dae9a8-2230-4a1f-9834-ac7436275626",
      "createdTime": "2023-11-29T14:21:22.917Z",
      "updatedTime": "2023-11-29T14:21:22.917Z",
      "createdUserId": "user-0",
      "updatedUserId": "user-0"
    },
    {
      "channelContent": {
        "web": {
          "contentFormat": "Markdown",
          "content": "{1424623c-a7b0-4d33-ab60-b34a2129ab12}"
        }
      },
      "id": "2f6ec165-dcc4-4df0-b4f4-680f041c3225",
      "createdTime": "2023-11-29T14:27:03.669Z",
      "updatedTime": "2023-11-29T14:27:03.669Z",
      "createdUserId": "user-0",
      "updatedUserId": "user-0"
    }
  ],
  "actionDefinitions": [
    {
      "timeoutInSeconds": 60,
      "retryCount": 1,
      "method": 2,
      "headers": {
        "accept": "application/json"
      },
      "bodyContent": "",
      "actionType": "Flow",
      "flowMetadata": {
        "id": "b65c6a47-c38e-ee11-8179-000d3a3b897a",
        "title": "Hakuna Matata GIF",
        "description": "",
        "httpMethod": 2,
        "outputParameters": [
          {
            "name": "Hakuna Matata GIF",
            "id": "hakuna_matata gif",
            "type": "String",
            "optional": true
          }
        ],
        "outputSchemaType": "Json",
        "triggerType": "Standard",
        "createdTime": "2023-11-29T14:26:28Z",
        "isEnabled": true,
        "lastModifiedTime": "2023-11-29T14:26:36Z",
        "versionNumber": 439661
      },
      "id": "e887e86a-4ced-4232-9409-685b0b31d292",
      "displayName": "Hakuna Matata GIF",
      "description": "",
      "createdTime": "2023-11-29T14:26:52.262Z",
      "updatedTime": "2023-11-29T14:26:52.262Z"
    }
  ],
  "contextVariables": [
    {
      "customTypeId": "ba894640-0d23-491a-b364-c98acd4fc127",
      "initializerType": "Action",
      "scope": "Dialog",
      "greedySlotFillingEnabled": false,
      "isInput": false,
      "externalInitializationAllowed": false,
      "actionId": "e887e86a-4ced-4232-9409-685b0b31d292",
      "isGlobal": false,
      "id": "2d37fa98-f130-4f8b-ad60-57cce6b90233",
      "displayName": "",
      "createdTime": "2023-11-29T14:27:11.6454069Z",
      "updatedTime": "2023-12-13T11:42:55.2239988Z",
      "createdUserId": "c8d29cfd-efef-47c1-8e02-210c8be30c37",
      "updatedUserId": "c8d29cfd-efef-47c1-8e02-210c8be30c37"
    },
    {
      "systemType": "String",
      "initializerType": "Expression",
      "scope": "Dialog",
      "greedySlotFillingEnabled": false,
      "isInput": false,
      "externalInitializationAllowed": false,
      "expression": "@parameters('2d37fa98-f130-4f8b-ad60-57cce6b90233')['hakuna_matata gif']",
      "isGlobal": false,
      "id": "1424623c-a7b0-4d33-ab60-b34a2129ab12",
      "displayName": "HakunaMatataGIF",
      "createdTime": "2023-11-29T14:29:10.417Z",
      "updatedTime": "2023-12-13T11:42:55.2239991Z",
      "createdUserId": "user-0",
      "updatedUserId": "c8d29cfd-efef-47c1-8e02-210c8be30c37"
    }
  ],
  "jsonTypes": [
    {
      "customTypeSchema": "Json",
      "id": "ba894640-0d23-491a-b364-c98acd4fc127",
      "displayName": "Response Json Type for Flow - Hakuna Matata GIF",
      "createdTime": "2023-11-29T14:26:52.263Z",
      "updatedTime": "2023-11-29T14:26:52.263Z"
    }
  ]
}