<botcomponent_workflowset>
  <botcomponent_workflow botcomponentid.schemaname="new_topic_ad9c9d78b96848f9a7091178afa75370" workflowid.workflowid="6274de63-31ca-ec11-a7b5-000d3aa9baed">
    <iscustomizable>1</iscustomizable>
  </botcomponent_workflow>
  <botcomponent_workflow botcomponentid.schemaname="new_topic_f98a24608ee04cb998de3e3e32703d5b_954135cafcd647eaae5999ad91fc08cf_talktoagent" workflowid.workflowid="00a71e90-25e1-ec11-bb3c-000d3adf78e4">
    <iscustomizable>1</iscustomizable>
  </botcomponent_workflow>
  <botcomponent_workflow botcomponentid.schemaname="new_topic_f98a24608ee04cb998de3e3e32703d5b_ba7b967c97ba4c39bca58a8bb6a72d59_conversationstart" workflowid.workflowid="c9579f47-cb2f-eb11-a813-000d3a98dbb4">
    <iscustomizable>1</iscustomizable>
  </botcomponent_workflow>
</botcomponent_workflowset>