{
  "intents": [
    {
      "endUserOverrideName": "自動刪除沒在使用的團隊（管理）",
      "triggerQueries": [
        "刪除團隊",
        "automatic cleanup of unused teams?",
        "Can a Teams be automatically deleted when it is inactive for a certain number of days or months?",
        "If inactive teams can be automatically deleted after a certain number of days or months",
        "Clean up inactive teams",
        "automatically delete old teams",
        "deleting inactive teams",
        "clean up unused teams",
        "Remove teams that are no longer in use?",
        "Delete inactive teams after a certain amount of time",
        "best before date for teams not in use",
        "I'm part of too many teams that aren't in use",
        "Too many inactive teams",
        "Automatically delete all old teams?",
        "automatically removes inactive teams?",
        "清除團隊",
        "自動刪除沒在使用的團隊",
        "自動清理未使用的團隊？",
        "當一個團隊不活躍一定時間後，可以自動刪除嗎",
        "不活躍團隊可否自動在一定時間後刪除？",
        "清除不活躍團隊",
        "自動刪除舊團隊",
        "刪除不活躍團隊",
        "清掉不使用的團隊",
        "移除不再使用的團隊？",
        "在一定時間後刪除不活躍團隊",
        "團隊有沒有使用期限？",
        "我在過多沒有在使用的團隊中",
        "過多不活躍團隊",
        "自動刪除所有舊團隊？",
        "自動刪除不活躍的團隊？",
        "可以在一定天數後自動刪除不活躍的團隊嗎？"
      ],
      "dialogId": "new_topic_cf4bba289ef447f09ec004a067092a25",
      "isTriggeringEnabled": true,
      "id": "new_topic_cf4bba289ef447f09ec004a067092a25",
      "displayName": "沒在使用的團隊會自動刪除嗎",
      "description": "https://adoptbotv2kb.blob.core.windows.net/%24web/AdoptBot2021-English.docx",
      "createdTime": "2021-11-17T07:09:09.2027667Z",
      "updatedTime": "2021-11-17T07:09:31.2703916Z",
      "createdUserId": "9c968d43-f7c2-4e28-895c-1f6bcefcd8be",
      "updatedUserId": "9c968d43-f7c2-4e28-895c-1f6bcefcd8be"
    }
  ],
  "dialogs": [
    {
      "rootNodeId": "7ae7bc69-d0ef-4bfa-835e-1001ddf271bd",
      "messageNodes": [
        {
          "botMessageId": "a9c1f50f-db5d-4fd2-9555-4903ffad1da3",
          "nodeType": "BotMessageNode",
          "id": "7ae7bc69-d0ef-4bfa-835e-1001ddf271bd",
          "defaultTargetNodeId": "e7e78ba3-2534-4659-b794-f2c60f605bfb"
        },
        {
          "botMessageId": "f4136578-dacd-408c-849d-9e3d32fc50f3",
          "nodeType": "BotMessageNode",
          "id": "e7e78ba3-2534-4659-b794-f2c60f605bfb",
          "defaultTargetNodeId": "0e57c4c7-5628-478c-9b38-81445e1fd7ad"
        }
      ],
      "dialogChangeNodes": [
        {
          "targetDialogId": "new_topic_e2d1671328b941dbb60fa7150059b1ee_aeabea4d071f415c8c107e1cb7af5424_assumedsuccess",
          "nodeType": "DialogChangeNode",
          "id": "0e57c4c7-5628-478c-9b38-81445e1fd7ad"
        }
      ],
      "id": "new_topic_cf4bba289ef447f09ec004a067092a25",
      "displayName": "Dialog for 沒在使用的團隊會自動刪除嗎",
      "createdTime": "2021-11-17T07:09:09.2027667Z",
      "updatedTime": "2021-11-17T07:09:31.2703916Z",
      "createdUserId": "9c968d43-f7c2-4e28-895c-1f6bcefcd8be",
      "updatedUserId": "9c968d43-f7c2-4e28-895c-1f6bcefcd8be"
    }
  ],
  "botMessages": [
    {
      "channelContent": {
        "web": {
          "contentFormat": "Markdown",
          "content": "您可以透過 Teams 的到期策略管理自動刪除不活躍的團隊。這是一個美妙的方式來清理沒在使用的不活躍的團隊，  消除雜亂！"
        }
      },
      "id": "a9c1f50f-db5d-4fd2-9555-4903ffad1da3",
      "createdTime": "2021-11-17T07:09:09.2027667Z",
      "updatedTime": "2021-11-17T07:09:09.2027667Z",
      "createdUserId": "9c968d43-f7c2-4e28-895c-1f6bcefcd8be",
      "updatedUserId": "9c968d43-f7c2-4e28-895c-1f6bcefcd8be"
    },
    {
      "channelContent": {
        "web": {
          "contentFormat": "Markdown",
          "content": "[請見連結](https://docs.microsoft.com/zh-tw/microsoftteams/team-expiration-renewal)。"
        }
      },
      "id": "f4136578-dacd-408c-849d-9e3d32fc50f3",
      "createdTime": "2021-11-17T07:09:22.274Z",
      "updatedTime": "2021-11-17T07:09:22.274Z",
      "createdUserId": "user-0",
      "updatedUserId": "user-0"
    }
  ]
}