{
  "intents": [
    {
      "endUserOverrideName": "電話會議（音訊會議）的最長時間？",
      "triggerQueries": [
        "電話會議的最長時間是多久？",
        "電話會議能持續多久？",
        "電話會議多久？",
        "你能在電話會議上談多久？",
        "電話會議的最長時間？",
        "電話會議（音訊會議）的最長時間？",
        "What is the maximum length of conference call meetings?",
        "How long can a conference call last?",
        "conference call for how long?",
        "How long can you talk in a conference call?",
        "Maximum length of teleconferences?",
        "Maximum length of a phone conference call (audio conferencing meeting)?"
      ],
      "dialogId": "new_topic_cf618515f00649b3bb0f6bffa786f9d9",
      "isTriggeringEnabled": true,
      "id": "new_topic_cf618515f00649b3bb0f6bffa786f9d9",
      "displayName": "電話會議（音訊會議）的最長時間？",
      "description": "https://adoptbotv2kb.blob.core.windows.net/%24web/AdoptBot2021-English.docx",
      "createdTime": "2021-11-17T07:22:41.4633864Z",
      "updatedTime": "2021-11-22T10:55:45.6622038Z",
      "createdUserId": "9c968d43-f7c2-4e28-895c-1f6bcefcd8be",
      "updatedUserId": "9c968d43-f7c2-4e28-895c-1f6bcefcd8be"
    }
  ],
  "dialogs": [
    {
      "rootNodeId": "cdb1dcdf-a787-4a5b-a33d-4cfcb6ccee42",
      "messageNodes": [
        {
          "botMessageId": "8fc5616c-0732-4832-87fb-e2ff8c4b9a80",
          "nodeType": "BotMessageNode",
          "id": "cdb1dcdf-a787-4a5b-a33d-4cfcb6ccee42",
          "defaultTargetNodeId": "995f281c-3ff8-4bf1-9145-cb5225c3e46b"
        }
      ],
      "dialogChangeNodes": [
        {
          "targetDialogId": "new_topic_e2d1671328b941dbb60fa7150059b1ee_aeabea4d071f415c8c107e1cb7af5424_assumedsuccess",
          "nodeType": "DialogChangeNode",
          "id": "995f281c-3ff8-4bf1-9145-cb5225c3e46b"
        }
      ],
      "id": "new_topic_cf618515f00649b3bb0f6bffa786f9d9",
      "displayName": "Dialog for 電話會議（音訊會議）的最長時間？",
      "createdTime": "2021-11-17T07:22:41.4633864Z",
      "updatedTime": "2021-11-22T10:55:45.6622038Z",
      "createdUserId": "9c968d43-f7c2-4e28-895c-1f6bcefcd8be",
      "updatedUserId": "9c968d43-f7c2-4e28-895c-1f6bcefcd8be"
    }
  ],
  "botMessages": [
    {
      "channelContent": {
        "web": {
          "contentFormat": "Markdown",
          "content": "會議在24小時後會自動結束。\n\n[音訊會議的常見問題](https://docs.microsoft.com/zh-tw/microsoftteams/audio-conferencing-common-questions#what-is-the-maximum-length-of-the-audio-conferencing-meetings)"
        }
      },
      "id": "8fc5616c-0732-4832-87fb-e2ff8c4b9a80",
      "createdTime": "2021-11-17T07:22:41.4633864Z",
      "updatedTime": "2021-11-17T07:22:41.4633864Z",
      "createdUserId": "9c968d43-f7c2-4e28-895c-1f6bcefcd8be",
      "updatedUserId": "9c968d43-f7c2-4e28-895c-1f6bcefcd8be"
    }
  ]
}