{
  "intents": [
    {
      "triggerQueries": [
        "Abilitare un'esperienza di riunione moderna?",
        "Abilita la nuova esperienza di riunione in Teams",
        "Nuova esperienza di incontro",
        "Come si attiva il nuovo design della riunione",
        "Come ottengo le riunioni in una finestra separata?",
        "come faccio ad aprire le riunioni in una nuova finestra?",
        "Non vedo la grande galleria",
        "Non vedo la modalità insieme",
        "Abilitare l'esperienza di riunione moderna?"
      ],
      "dialogId": "new_topic_af5638bd3087471e8231fc8deabff265",
      "isTriggeringEnabled": true,
      "id": "new_topic_af5638bd3087471e8231fc8deabff265",
      "displayName": "Abilitare l'esperienza di riunione moderna?",
      "createdTime": "2022-04-30T09:23:01.8286251Z",
      "updatedTime": "2022-04-30T09:23:01.8286251Z",
      "createdUserId": "9451fc51-e00d-4445-8ff9-efb70866dc3b",
      "updatedUserId": "9451fc51-e00d-4445-8ff9-efb70866dc3b"
    }
  ],
  "dialogs": [
    {
      "rootNodeId": "081c76b5-a5f5-4309-9c21-5d38342004b7",
      "messageNodes": [
        {
          "botMessageId": "c29db7ac-5b84-4685-8002-f66723dac835",
          "nodeType": "BotMessageNode",
          "id": "081c76b5-a5f5-4309-9c21-5d38342004b7",
          "defaultTargetNodeId": "e1eb23b0-23b8-4718-b8bc-ed19978b11a8"
        },
        {
          "botMessageId": "8a25b85d-1b29-45fe-acbe-d54dcfe96e38",
          "nodeType": "BotMessageNode",
          "id": "e1eb23b0-23b8-4718-b8bc-ed19978b11a8",
          "defaultTargetNodeId": "4e0eb6f8-f37f-4760-acc1-00282d17d138"
        }
      ],
      "dialogChangeNodes": [
        {
          "targetDialogId": "new_topic_f98a24608ee04cb998de3e3e32703d5b_aeabea4d071f415c8c107e1cb7af5424_assumedsuccess",
          "nodeType": "DialogChangeNode",
          "id": "4e0eb6f8-f37f-4760-acc1-00282d17d138"
        }
      ],
      "id": "new_topic_af5638bd3087471e8231fc8deabff265",
      "displayName": "Senza titolo",
      "createdTime": "2022-04-30T09:23:01.8286251Z",
      "updatedTime": "2022-04-30T09:23:01.8286251Z",
      "createdUserId": "9451fc51-e00d-4445-8ff9-efb70866dc3b",
      "updatedUserId": "9451fc51-e00d-4445-8ff9-efb70866dc3b"
    }
  ],
  "botMessages": [
    {
      "channelContent": {
        "web": {
          "contentFormat": "Markdown",
          "content": "Per abilitare la nuova esperienza di riunione:\n\n1.  Apri le impostazioni in Teams.\n2.  Fare clic su Impostazioni generali.\n3.  Seleziona Attiva nuova esperienza di riunione.\n4.  Riavvia Teams facendo clic con il pulsante destro del mouse sulla sua icona e selezionando Esci."
        }
      },
      "id": "c29db7ac-5b84-4685-8002-f66723dac835",
      "createdTime": "2022-04-30T09:11:45.433Z",
      "updatedTime": "2022-04-30T09:11:45.433Z"
    },
    {
      "channelContent": {
        "web": {
          "contentFormat": "Markdown",
          "content": "_Questa scelta sarà/è diventata lo standard e in futuro non deve essere fatta_[_._](https://techcommunity.microsoft.com/t5/microsoft-teams-blog/new-meeting-and-calling-experience-in-microsoft-teams/ba-p/1537581#:~:text=Turn%20on%20the%20new%20experience&text=Here's%20how%3A,Turn%20on%20new%20meeting%20experience.)"
        }
      },
      "id": "8a25b85d-1b29-45fe-acbe-d54dcfe96e38",
      "createdTime": "2022-04-30T09:18:14.832Z",
      "updatedTime": "2022-04-30T09:18:14.832Z",
      "createdUserId": "user-0",
      "updatedUserId": "user-0"
    }
  ]
}