{
  "intents": [
    {
      "intentType": "Regular",
      "endUserOverrideName": "Tips för möten i Teams",
      "triggerQueries": [
        "enkla mötestips för nybörjare",
        "Hur håller man ett distansmöte?",
        "Vad ska man tänka på vid digitala möten?",
        "Vägledning för bättre möten",
        "Finns det bra mötestips?",
        "visa mig några tips om möten",
        "Tips för möten i Teams",
        "Hur leder jag bra möten?",
        "Finns det tips för bättre möten?",
        "hur har man ett bra möte i teams?",
        "Tips på hur man håller möten i teams",
        "mötestips i teams",
        "Teamstips för bättre möten",
        "Visa mig tips för Teams-möten?"
      ],
      "dialogId": "new_topic_df3ba121938b4b36b59decdad02744ac",
      "isTriggeringEnabled": true,
      "id": "new_topic_df3ba121938b4b36b59decdad02744ac",
      "displayName": "Enkla tips för bättre Teams-möten?",
      "description": "",
      "createdTime": "2020-11-24T14:37:53.8220925Z",
      "updatedTime": "2020-12-08T13:52:07.9679891Z",
      "createdUserId": "f04d3cd9-b73d-4ba9-a1ed-9319eba29b21",
      "updatedUserId": "f04d3cd9-b73d-4ba9-a1ed-9319eba29b21"
    }
  ],
  "dialogs": [
    {
      "rootNodeId": "777f40d1-8007-450b-bff7-3a0ee7a5646a",
      "messageNodes": [
        {
          "botMessageId": "494d40e8-66cd-424d-9ff9-a92f260fa10a",
          "nodeType": "BotMessageNode",
          "id": "777f40d1-8007-450b-bff7-3a0ee7a5646a",
          "defaultTargetNodeId": "d72d1c58-fe2f-41c9-aee1-5088d72d18b1"
        }
      ],
      "dialogChangeNodes": [
        {
          "targetDialogId": "new_topic_84ec227c19784e7ba25cb34f4638f91e_aeabea4d071f415c8c107e1cb7af5424_assumedsuccess",
          "nodeType": "DialogChangeNode",
          "id": "d72d1c58-fe2f-41c9-aee1-5088d72d18b1"
        }
      ],
      "id": "new_topic_df3ba121938b4b36b59decdad02744ac",
      "displayName": "Dialog for Visa mig tips för Teams-möten?",
      "createdTime": "2020-11-24T14:37:53.8220925Z",
      "updatedTime": "2020-11-24T14:37:53.8220925Z",
      "createdUserId": "f04d3cd9-b73d-4ba9-a1ed-9319eba29b21",
      "updatedUserId": "f04d3cd9-b73d-4ba9-a1ed-9319eba29b21"
    }
  ],
  "botMessages": [
    {
      "channelContent": {
        "web": {
          "contentFormat": "Markdown",
          "content": "Bra tips här: [Tips för bättre möten med Microsoft Teams](https://support.microsoft.com/sv-se/office/tips-f%C3%B6r-b%C3%A4ttre-m%C3%B6ten-80640ac4-b009-42ea-abcb-660e729e63e5) (slå på svenska undertexter)"
        }
      },
      "id": "494d40e8-66cd-424d-9ff9-a92f260fa10a",
      "createdTime": "2020-11-24T14:37:53.8220925Z",
      "updatedTime": "2020-11-24T14:37:53.8220925Z",
      "createdUserId": "f04d3cd9-b73d-4ba9-a1ed-9319eba29b21",
      "updatedUserId": "f04d3cd9-b73d-4ba9-a1ed-9319eba29b21"
    }
  ]
}