{
  "intents": [
    {
      "endUserOverrideName": "Afficher réunions Teams dans Outlook",
      "triggerQueries": [
        "Afficher mes réunions Teams",
        "puis-je voir les réunions Teams dans mon calendrier?",
        "voir mes réunions Teams",
        "montrer les réunions Teams aussi dans Outlook",
        "puis-je voir les réunions Teams dans mon calendrier?",
        "Les réunions Teams apparaissent-elles dans mon calendrier?",
        "Où puis-je voir mes réunions planifiées ?",
        "S'agit-il du même calendrier dans Teams et Outlook?",
        "Où puis-je voir mes rendez-vous?",
        "Comment puis-je voir les réunions Teams dans mon calendrier Outlook?",
        "Mes réunions Teams sont-elles également visibles dans Outlook",
        "Mes réunions Teams s'affichent également dans Outlook?"
      ],
      "dialogId": "new_topic_c56cd7d91f1c49d38f899318fabb4d89",
      "isTriggeringEnabled": true,
      "id": "new_topic_c56cd7d91f1c49d38f899318fabb4d89",
      "displayName": "Mes réunions Teams s'affichent elles également dans Outlook?",
      "description": "",
      "createdTime": "2021-01-13T22:20:51.2381463Z",
      "updatedTime": "2021-05-24T22:31:52.4262966Z",
      "createdUserId": "f04d3cd9-b73d-4ba9-a1ed-9319eba29b21",
      "updatedUserId": "a2c4aa2c-d830-41eb-bcf4-467a2c7e1279"
    }
  ],
  "dialogs": [
    {
      "rootNodeId": "2307e45e-588a-4603-b3ea-0b07994bf796",
      "messageNodes": [
        {
          "botMessageId": "489f9723-c61a-4379-8ee5-a1761f93c79a",
          "nodeType": "BotMessageNode",
          "id": "2307e45e-588a-4603-b3ea-0b07994bf796",
          "defaultTargetNodeId": "d826a076-5c8f-4fa4-bcfe-8fa95874768c"
        }
      ],
      "dialogChangeNodes": [
        {
          "targetDialogId": "new_topic_eac3f49c99664313a9d9dc19d80a79a2_aeabea4d071f415c8c107e1cb7af5424_assumedsuccess",
          "nodeType": "DialogChangeNode",
          "id": "d826a076-5c8f-4fa4-bcfe-8fa95874768c"
        }
      ],
      "id": "new_topic_c56cd7d91f1c49d38f899318fabb4d89",
      "displayName": "Dialog for Do my Teams meetings also show up in Outlook?",
      "createdTime": "2021-01-13T22:20:51.2381463Z",
      "updatedTime": "2021-05-24T22:31:59.4236837Z",
      "createdUserId": "f04d3cd9-b73d-4ba9-a1ed-9319eba29b21",
      "updatedUserId": "a2c4aa2c-d830-41eb-bcf4-467a2c7e1279"
    }
  ],
  "botMessages": [
    {
      "channelContent": {
        "web": {
          "contentFormat": "Markdown",
          "content": "Si vous planifiez une réunion dans Teams, elle apparaît sous «Calendrier» dans Teams et dans votre calendrier Outlook.\n\nRemarque: le calendrier Outlook est utilisé à la fois pour Teams et Outlook."
        }
      },
      "id": "489f9723-c61a-4379-8ee5-a1761f93c79a",
      "createdTime": "2021-01-13T22:20:51.2381463Z",
      "updatedTime": "2021-01-13T22:20:51.2381463Z",
      "createdUserId": "f04d3cd9-b73d-4ba9-a1ed-9319eba29b21",
      "updatedUserId": "f04d3cd9-b73d-4ba9-a1ed-9319eba29b21"
    }
  ]
}