{
  "intents": [
    {
      "triggerQueries": [
        "Opptak i kanalmøter",
        "Dersom vi har tatt opp møte i en kanal, hvor finner jeg opptaket?",
        "Hvor lagres opptaket som er tatt opp fra en kanal?",
        "Lagring av opptak fra kanalmøter"
      ],
      "dialogId": "new_topic_e7c636ab58a04c989b880658c4720932",
      "isTriggeringEnabled": true,
      "id": "new_topic_e7c636ab58a04c989b880658c4720932",
      "displayName": "Lagring av opptak fra kanalmøter",
      "description": "",
      "createdTime": "2021-04-10T08:04:14.5219413Z",
      "updatedTime": "2021-04-10T08:04:14.5219413Z",
      "createdUserId": "ef0c8b9a-eff1-49f8-92fa-fd1d3e15e1ba"
    }
  ],
  "dialogs": [
    {
      "rootNodeId": "bee0bc3f-79a5-4bca-b110-1feebf033630",
      "messageNodes": [
        {
          "botMessageId": "44e22600-9f9a-4c42-ae80-c797b52cc2b3",
          "nodeType": "BotMessageNode",
          "id": "bee0bc3f-79a5-4bca-b110-1feebf033630",
          "defaultTargetNodeId": "057fc351-a7c7-43b0-bd09-1913a0b65c62"
        }
      ],
      "dialogChangeNodes": [
        {
          "targetDialogId": "new_topic_89c49d37fd4c4c1c9144396960733ce1_aeabea4d071f415c8c107e1cb7af5424_assumedsuccess",
          "nodeType": "DialogChangeNode",
          "id": "057fc351-a7c7-43b0-bd09-1913a0b65c62"
        }
      ],
      "id": "new_topic_e7c636ab58a04c989b880658c4720932",
      "displayName": "Dialog for Lagring av opptak fra kanalmøter",
      "createdTime": "2021-04-10T08:04:14.5219413Z",
      "updatedTime": "2021-04-10T08:04:36.4209852Z",
      "createdUserId": "ef0c8b9a-eff1-49f8-92fa-fd1d3e15e1ba",
      "updatedUserId": "ef0c8b9a-eff1-49f8-92fa-fd1d3e15e1ba"
    }
  ],
  "botMessages": [
    {
      "channelContent": {
        "web": {
          "contentFormat": "Markdown",
          "content": "For kanalmøter lagres opptaket i en **Opptaker-mappe** i **Filer**\\-fanenfor kanalen.\n\n**Filer**\\-fanenlagrer alle filer på et SharePoint-nettsted og i et dokumentbibliotek for kanalen. Alle som er en del av kanalen, har tillatelse til å redigere og vise opptaket."
        }
      },
      "id": "44e22600-9f9a-4c42-ae80-c797b52cc2b3",
      "createdTime": "2021-04-10T08:04:14.5219413Z",
      "updatedTime": "2021-04-10T08:04:14.5219413Z",
      "createdUserId": "ef0c8b9a-eff1-49f8-92fa-fd1d3e15e1ba",
      "updatedUserId": "ef0c8b9a-eff1-49f8-92fa-fd1d3e15e1ba"
    }
  ],
  "createdUtc": "0001-01-01T00:00:00Z"
}