{
  "intents": [
    {
      "endUserOverrideName": "telefoongesprek deelnemen",
      "triggerQueries": [
        "wie kan ik horen tijdens het bellen in Teams",
        "wie kan ik horen tijdens een telefoon gesprek",
        "Wie kan een telefoongesprek bijwonen?"
      ],
      "dialogId": "new_topic_1a929d8c993f4eeaa01c0a9a17c60307",
      "isTriggeringEnabled": true,
      "id": "new_topic_1a929d8c993f4eeaa01c0a9a17c60307",
      "displayName": "Wie kan een telefoongesprek bijwonen? En wie kan ik horen?",
      "description": "",
      "createdTime": "2021-03-22T20:19:00.4492179Z",
      "updatedTime": "2021-03-22T20:19:35.205429Z",
      "createdUserId": "c1e90dc0-1df0-459d-8164-0dcb7915deaf"
    }
  ],
  "dialogs": [
    {
      "rootNodeId": "f8c4c25b-d70d-4579-96e0-85b7a21499ea",
      "messageNodes": [
        {
          "botMessageId": "6f12354a-8374-4d22-a6bd-aa733a9fd2f2",
          "nodeType": "BotMessageNode",
          "id": "f8c4c25b-d70d-4579-96e0-85b7a21499ea",
          "defaultTargetNodeId": "ab3dff06-aecc-49f9-ba7d-f4295a361b17"
        },
        {
          "botMessageId": "dfb9feda-ada4-4ea5-94c9-f5995b64975e",
          "nodeType": "BotMessageNode",
          "id": "ab3dff06-aecc-49f9-ba7d-f4295a361b17",
          "defaultTargetNodeId": "df280f12-53dc-420c-adbf-593f8a2dbf1d"
        },
        {
          "botMessageId": "107abefa-dc67-4b69-90cd-cfecb4865a77",
          "nodeType": "BotMessageNode",
          "id": "df280f12-53dc-420c-adbf-593f8a2dbf1d",
          "defaultTargetNodeId": "a3e4f500-c198-4896-b6d4-11a8071430b3"
        }
      ],
      "dialogChangeNodes": [
        {
          "targetDialogId": "new_topic_9d295c394a47419da3b4d205b7ed4c20_aeabea4d071f415c8c107e1cb7af5424_assumedsuccess",
          "nodeType": "DialogChangeNode",
          "id": "a3e4f500-c198-4896-b6d4-11a8071430b3"
        }
      ],
      "id": "new_topic_1a929d8c993f4eeaa01c0a9a17c60307",
      "displayName": "Dialog for Wie kan een telefoongesprek bijwonen? En wie kan ik horen?",
      "createdTime": "2021-03-22T20:19:00.4492179Z",
      "updatedTime": "2021-03-29T20:30:31.1493624Z",
      "createdUserId": "c1e90dc0-1df0-459d-8164-0dcb7915deaf",
      "updatedUserId": "c1e90dc0-1df0-459d-8164-0dcb7915deaf"
    }
  ],
  "botMessages": [
    {
      "channelContent": {
        "web": {
          "contentFormat": "Markdown",
          "content": "Iedereen die het inbelnummer en de vergader-id heeft, kan deelnemen aan een Vergadering van Microsoft Teams, **tenzij** de organisator van de vergadering de vergadering heeft vergrendeld."
        }
      },
      "id": "6f12354a-8374-4d22-a6bd-aa733a9fd2f2",
      "createdTime": "2021-03-22T20:19:00.4492179Z",
      "updatedTime": "2021-03-22T20:19:00.4492179Z",
      "createdUserId": "c1e90dc0-1df0-459d-8164-0dcb7915deaf",
      "updatedUserId": "c1e90dc0-1df0-459d-8164-0dcb7915deaf"
    },
    {
      "channelContent": {
        "web": {
          "contentFormat": "Markdown",
          "content": "Of u nu belt met een telefoon of de Microsoft Teams-apps, u kunt iedereen in het gesprek horen en ze kunnen u horen. De organisator van de vergadering heeft de mogelijkheid om deelnemers in de vergadering te dempen als hij/zij ze niet willen horen."
        }
      },
      "id": "dfb9feda-ada4-4ea5-94c9-f5995b64975e",
      "createdTime": "2021-03-22T20:19:11.793Z",
      "updatedTime": "2021-03-22T20:19:11.793Z",
      "createdUserId": "user-0",
      "updatedUserId": "user-0"
    },
    {
      "channelContent": {
        "web": {
          "contentFormat": "Markdown",
          "content": "[Een telefoonnummer bellen vanuit Teams - Office-ondersteuning (microsoft.com)](https://support.microsoft.com/nl-nl/office/een-telefoonnummer-bellen-vanuit-teams-20d24ace-2851-4c29-8441-30dd2a5cf078)"
        }
      },
      "id": "107abefa-dc67-4b69-90cd-cfecb4865a77",
      "createdTime": "2021-03-22T20:19:28.693Z",
      "updatedTime": "2021-03-22T20:19:28.693Z",
      "createdUserId": "user-0",
      "updatedUserId": "user-0"
    }
  ],
  "createdUtc": "0001-01-01T00:00:00Z"
}