{
  "intents": [
    {
      "triggerQueries": [
        "Filer fane vs filer på venstre side av Teams",
        "Hva er forskjellen mellom filer fane i kanalen og Filer som ligger på venstre side av Teams?",
        "Hvor finner jeg alle nedlastinger i Teams?",
        "Legg til skylagring",
        "Kan jeg legge til flere skylagringstjenester i Filer menyen?",
        "Hva betyr nylige i Filer menyen?",
        "Hva ligger i nylige i Filer menyen?",
        "Filer knapp på venstre side av Teams",
        "Filer menyen i Teams"
      ],
      "dialogId": "new_topic_c36cd9308a7f4194a7403a1134c39a0c",
      "isTriggeringEnabled": true,
      "id": "new_topic_c36cd9308a7f4194a7403a1134c39a0c",
      "displayName": "Filer-menyen i Teams",
      "description": "",
      "createdTime": "2021-04-10T08:13:53.0838476Z",
      "updatedTime": "2021-04-16T13:27:50.8486052Z",
      "createdUserId": "ef0c8b9a-eff1-49f8-92fa-fd1d3e15e1ba",
      "updatedUserId": "ef0c8b9a-eff1-49f8-92fa-fd1d3e15e1ba"
    }
  ],
  "dialogs": [
    {
      "rootNodeId": "46493e5c-53d4-4272-99af-2570aa97636a",
      "messageNodes": [
        {
          "botMessageId": "b40b001c-f1d1-423a-b9b7-46e62f0d4ac1",
          "nodeType": "BotMessageNode",
          "id": "46493e5c-53d4-4272-99af-2570aa97636a",
          "defaultTargetNodeId": "b14d4f0b-bc86-4ae6-9e79-724961defd24"
        },
        {
          "botMessageId": "b17faf76-07d7-4ff7-af01-0359fbe2c502",
          "nodeType": "BotMessageNode",
          "id": "b14d4f0b-bc86-4ae6-9e79-724961defd24",
          "defaultTargetNodeId": "60a1fb3e-36f3-4182-95f7-0f3eeebd670f"
        },
        {
          "botMessageId": "722f4522-1431-4c45-abf2-5726d41e4c4c",
          "nodeType": "BotMessageNode",
          "id": "60a1fb3e-36f3-4182-95f7-0f3eeebd670f",
          "defaultTargetNodeId": "ed18e8d2-ef66-4e0a-b17b-ce8583ac4de3"
        },
        {
          "botMessageId": "45ec237d-19a8-4fea-8371-5dd19448c62d",
          "nodeType": "BotMessageNode",
          "id": "ed18e8d2-ef66-4e0a-b17b-ce8583ac4de3",
          "defaultTargetNodeId": "3f78235e-08c0-4b0e-acc4-16f693890333"
        }
      ],
      "dialogChangeNodes": [
        {
          "targetDialogId": "new_topic_89c49d37fd4c4c1c9144396960733ce1_aeabea4d071f415c8c107e1cb7af5424_assumedsuccess",
          "nodeType": "DialogChangeNode",
          "id": "3f78235e-08c0-4b0e-acc4-16f693890333"
        }
      ],
      "id": "new_topic_c36cd9308a7f4194a7403a1134c39a0c",
      "displayName": "Dialog for Filer menyen i Teams",
      "createdTime": "2021-04-10T08:13:53.0838476Z",
      "updatedTime": "2021-04-10T08:14:47.4867215Z",
      "createdUserId": "ef0c8b9a-eff1-49f8-92fa-fd1d3e15e1ba",
      "updatedUserId": "ef0c8b9a-eff1-49f8-92fa-fd1d3e15e1ba"
    }
  ],
  "botMessages": [
    {
      "channelContent": {
        "web": {
          "contentFormat": "Markdown",
          "content": "Velg **Filer** på venstre side av Teams for å få rask tilgang til alle filene:\n\n*   **Nylige** viser hver fil du nylig har vist eller redigert. En annen måte å vise nylig brukte filer på, er å skrive inn **/filer** på søkefeltet øverst i Teams.\n*   **Microsoft Teams** inneholder alle dokumentene som nylig ble opprettet eller redigert i kanalene som vises i team listen.\n*   **Nedlastinger** viser alle filene du har lastet ned fra Teams. Denne listen tømmes hver gang du logger av Teams.\n*   **Skylagring** viser Skylagringstjenestene du har koblet til Teams. Velg en tjeneste for å vise filene dine."
        }
      },
      "id": "b40b001c-f1d1-423a-b9b7-46e62f0d4ac1",
      "createdTime": "2021-04-10T08:13:53.0838476Z",
      "updatedTime": "2021-04-10T08:13:53.0838476Z",
      "createdUserId": "ef0c8b9a-eff1-49f8-92fa-fd1d3e15e1ba",
      "updatedUserId": "ef0c8b9a-eff1-49f8-92fa-fd1d3e15e1ba"
    },
    {
      "channelContent": {
        "web": {
          "contentFormat": "Markdown",
          "content": "Herfra kan du slette alle personlige filer du har lagt til i team, laste opp filer og opprette nye filer. Filer som legges til i skylageret, er private frem til du deler dem."
        }
      },
      "id": "b17faf76-07d7-4ff7-af01-0359fbe2c502",
      "createdTime": "2021-04-10T08:14:18.386Z",
      "updatedTime": "2021-04-10T08:14:18.386Z",
      "createdUserId": "user-0",
      "updatedUserId": "user-0"
    },
    {
      "channelContent": {
        "web": {
          "contentFormat": "Markdown",
          "content": "Som standard vil OneDrive skylagringsplass være tilgjengelig. Hvis IT-administratoren har gjort det mulig å legge til andre skylagringstjenester, vil du se en **Legg til Skylagring**\\-knapp nederst på skjermen."
        }
      },
      "id": "722f4522-1431-4c45-abf2-5726d41e4c4c",
      "createdTime": "2021-04-10T08:14:25.843Z",
      "updatedTime": "2021-04-10T08:14:25.843Z",
      "createdUserId": "user-0",
      "updatedUserId": "user-0"
    },
    {
      "channelContent": {
        "web": {
          "contentFormat": "Markdown",
          "content": "Hvis du vil ha mer informasjon, kan du se [filer i Microsoft Teams.](https://support.microsoft.com/en-us/office/files-c593c78a-27c4-4661-a598-682baa30ca7e?ui=en-US&rs=en-US&ad=US)"
        }
      },
      "id": "45ec237d-19a8-4fea-8371-5dd19448c62d",
      "createdTime": "2021-04-10T08:14:34.008Z",
      "updatedTime": "2021-04-10T08:14:34.008Z",
      "createdUserId": "user-0",
      "updatedUserId": "user-0"
    }
  ],
  "createdUtc": "0001-01-01T00:00:00Z"
}