{
  "intents": [
    {
      "intentType": "Regular",
      "endUserOverrideName": "Är filer i OneDrive tillgängliga offline?",
      "triggerQueries": [
        "Är filer i OneDrive tillgängliga offline?",
        "dokument i OneDrive tillgängliga offline?",
        "Kan jag accessa dokument i ondrive utan wifi?",
        "Kan jag nå dokument utan uppkoppling?",
        "Kan jag nå mina dokument i onedrive offline?",
        "Är mina sparade dokument i OneDrive även tillgängliga offline?"
      ],
      "dialogId": "new_topic_254a4d75159a43d597f5961fd1447566",
      "isTriggeringEnabled": true,
      "id": "new_topic_254a4d75159a43d597f5961fd1447566",
      "displayName": "Är mina sparade dokument i OneDrive även tillgängliga offline?",
      "description": "",
      "createdTime": "2020-11-24T14:37:53.8220925Z",
      "updatedTime": "2020-12-11T16:35:38.4041581Z",
      "createdUserId": "f04d3cd9-b73d-4ba9-a1ed-9319eba29b21",
      "updatedUserId": "f04d3cd9-b73d-4ba9-a1ed-9319eba29b21"
    }
  ],
  "dialogs": [
    {
      "rootNodeId": "208db110-693e-41bf-acae-5747395121bf",
      "messageNodes": [
        {
          "botMessageId": "e8e5862f-89e4-4ef8-ac9a-8b110f947559",
          "nodeType": "BotMessageNode",
          "id": "208db110-693e-41bf-acae-5747395121bf",
          "defaultTargetNodeId": "c6c94715-2528-45f1-a8ab-1974c324bfe5"
        },
        {
          "botMessageId": "ea8e9d20-ae93-4966-a245-895183a085bb",
          "nodeType": "BotMessageNode",
          "id": "c6c94715-2528-45f1-a8ab-1974c324bfe5",
          "defaultTargetNodeId": "aaee5f16-cd6e-4fbb-8d76-761ab2aa4eda"
        }
      ],
      "dialogChangeNodes": [
        {
          "targetDialogId": "new_topic_84ec227c19784e7ba25cb34f4638f91e_aeabea4d071f415c8c107e1cb7af5424_assumedsuccess",
          "nodeType": "DialogChangeNode",
          "id": "aaee5f16-cd6e-4fbb-8d76-761ab2aa4eda"
        }
      ],
      "id": "new_topic_254a4d75159a43d597f5961fd1447566",
      "displayName": "Dialog for Är mina sparade dokument i OneDrive även tillgängliga offline?",
      "createdTime": "2020-11-24T14:37:53.8220925Z",
      "updatedTime": "2020-12-11T16:36:23.8706333Z",
      "createdUserId": "f04d3cd9-b73d-4ba9-a1ed-9319eba29b21",
      "updatedUserId": "f04d3cd9-b73d-4ba9-a1ed-9319eba29b21"
    }
  ],
  "botMessages": [
    {
      "channelContent": {
        "web": {
          "contentFormat": "Markdown",
          "content": "Om du använder Windows 10 är OneDrive förinstallerat. Om du vill komma åt dina dokument när du inte är ansluten till Internet öppnar du Utforskaren på datorn och går till OneDrive-mappen. När du ansluter igen uppdaterar OneDrive onlineversionerna med ändringar du gjort offline."
        }
      },
      "id": "e8e5862f-89e4-4ef8-ac9a-8b110f947559",
      "createdTime": "2020-11-24T14:37:53.8220925Z",
      "updatedTime": "2020-11-24T14:37:53.8220925Z",
      "createdUserId": "f04d3cd9-b73d-4ba9-a1ed-9319eba29b21",
      "updatedUserId": "f04d3cd9-b73d-4ba9-a1ed-9319eba29b21"
    },
    {
      "channelContent": {
        "web": {
          "contentFormat": "Markdown",
          "content": "Besök [OneDrive för Windows 10](https://support.microsoft.com/sv-se/office/synkronisera-filer-med-onedrive-i-windows-615391c4-2bd3-4aae-a42a-858262e42a49?ui=sv-SE&rs=sv-SE&ad=SE)\n\nför mer information."
        }
      },
      "id": "ea8e9d20-ae93-4966-a245-895183a085bb",
      "createdTime": "2020-12-11T16:35:58.413Z",
      "updatedTime": "2020-12-11T16:35:58.413Z",
      "createdUserId": "user-0",
      "updatedUserId": "user-0"
    }
  ]
}