{
  "intents": [
    {
      "endUserOverrideName": "如何鎖定會議",
      "triggerQueries": [
        "禁止會議遲到者入場",
        "如何鎖定會議",
        "可以關起會議不再讓人進來嗎",
        "會議開始後停止入場",
        "關閉會議連結",
        "停止進入會議",
        "限制加入會議",
        "怎麼鎖定會議",
        "不開放加入",
        "Lock meeting"
      ],
      "dialogId": "new_topic_c5a78daed5824481b085d7697b454aa7",
      "isTriggeringEnabled": false,
      "id": "new_topic_c5a78daed5824481b085d7697b454aa7",
      "displayName": "如何鎖定會議",
      "description": "",
      "createdTime": "2021-11-22T11:26:26.0289184Z",
      "updatedTime": "2021-11-22T12:02:08.4615342Z",
      "createdUserId": "9c968d43-f7c2-4e28-895c-1f6bcefcd8be",
      "updatedUserId": "9c968d43-f7c2-4e28-895c-1f6bcefcd8be"
    }
  ],
  "dialogs": [
    {
      "rootNodeId": "ef4425d4-fd61-4a00-a12f-fe90a2a46e4f",
      "messageNodes": [
        {
          "botMessageId": "79dab154-df4b-4609-8d99-be24b9b36260",
          "nodeType": "BotMessageNode",
          "id": "ef4425d4-fd61-4a00-a12f-fe90a2a46e4f",
          "defaultTargetNodeId": "eb86b97f-cdb9-4f48-b74c-cb6878d95d55"
        }
      ],
      "dialogChangeNodes": [
        {
          "targetDialogId": "new_topic_e2d1671328b941dbb60fa7150059b1ee_aeabea4d071f415c8c107e1cb7af5424_assumedsuccess",
          "nodeType": "DialogChangeNode",
          "id": "eb86b97f-cdb9-4f48-b74c-cb6878d95d55"
        }
      ],
      "id": "new_topic_c5a78daed5824481b085d7697b454aa7",
      "displayName": "Dialog for 會議中的新功能",
      "createdTime": "2021-11-22T09:56:14.8438004Z",
      "updatedTime": "2021-11-22T12:01:22.4992688Z",
      "createdUserId": "9c968d43-f7c2-4e28-895c-1f6bcefcd8be",
      "updatedUserId": "9c968d43-f7c2-4e28-895c-1f6bcefcd8be"
    }
  ],
  "botMessages": [
    {
      "channelContent": {
        "web": {
          "contentFormat": "Markdown",
          "content": "會議開始後，會議召集人可以隨時設定鎖定會議，會議鎖定後任何人不能再加入此會議。\n\n設定方式:\n\n*   點選檢視參與者圖示\n*   點選鎖定會議\n*   鎖定後，如有人想再加入會議，系統會傳送訊息告知對方，該會議已遭到鎖定無法加入。\n\n在所有應與會者都加入會議後鎖定會議，可以保證會議品質, 不被中斷干擾。"
        }
      },
      "id": "79dab154-df4b-4609-8d99-be24b9b36260",
      "createdTime": "2021-11-22T09:56:14.8438004Z",
      "updatedTime": "2021-11-22T09:56:14.8438004Z",
      "createdUserId": "9c968d43-f7c2-4e28-895c-1f6bcefcd8be",
      "updatedUserId": "9c968d43-f7c2-4e28-895c-1f6bcefcd8be"
    }
  ]
}