{
  "intents": [
    {
      "triggerQueries": [
        "Innstillinger for de som har dysleksi",
        "Opplesning med stemme",
        "Høytlesning i Teams",
        "Innstillinger for blinde",
        "Innstillinger for synshemmede",
        "Lese opp tekst med stemme",
        "Immersive Reader i Teams",
        "Benytt engasjerende leser i Teams",
        "Hvordan bruker jeg engasjerende leser i teams?",
        "Hva betyr engasjerende leser funksjon i Teams?",
        "Hva er engasjerende leser?"
      ],
      "dialogId": "new_topic_c3555dcd23ff49d881d93813f935ab18",
      "isTriggeringEnabled": true,
      "id": "new_topic_c3555dcd23ff49d881d93813f935ab18",
      "displayName": "Hva er Engasjerende Leser?",
      "description": "",
      "createdTime": "2021-04-12T14:42:10.0377452Z",
      "updatedTime": "2021-04-19T19:04:35.5981835Z",
      "createdUserId": "ef0c8b9a-eff1-49f8-92fa-fd1d3e15e1ba",
      "updatedUserId": "ef0c8b9a-eff1-49f8-92fa-fd1d3e15e1ba"
    }
  ],
  "dialogs": [
    {
      "rootNodeId": "8f88b7a2-03c4-4e5e-84ab-9c4781ae16ef",
      "messageNodes": [
        {
          "botMessageId": "36c41050-3746-4425-a59c-3426a971d47d",
          "nodeType": "BotMessageNode",
          "id": "8f88b7a2-03c4-4e5e-84ab-9c4781ae16ef",
          "defaultTargetNodeId": "2656961e-d352-4056-9891-f834ee6eb1d1"
        },
        {
          "botMessageId": "3794d6a4-eab6-4e30-9464-57b29fcc2a77",
          "nodeType": "BotMessageNode",
          "id": "d82ac7ca-0dd1-4680-a89a-16e05f48d861",
          "defaultTargetNodeId": "5190c5ff-e02b-4267-8b90-775ccf463d91"
        },
        {
          "botMessageId": "cf5ef78c-99a3-4d10-b222-443b98a88f5a",
          "nodeType": "BotMessageNode",
          "id": "2656961e-d352-4056-9891-f834ee6eb1d1",
          "defaultTargetNodeId": "9f392631-7f6f-4aee-8fe3-40e822d3e8fc"
        },
        {
          "botMessageId": "2aa302b7-87e4-4b14-8c0f-cdc03443f040",
          "nodeType": "BotMessageNode",
          "id": "9f392631-7f6f-4aee-8fe3-40e822d3e8fc",
          "defaultTargetNodeId": "b1f6d8e2-a9bc-471c-8468-7bf0ad735ba3"
        },
        {
          "botMessageId": "e9fab078-21e2-4a62-94e0-0f95f745d0e0",
          "nodeType": "BotMessageNode",
          "id": "b1f6d8e2-a9bc-471c-8468-7bf0ad735ba3",
          "defaultTargetNodeId": "d82ac7ca-0dd1-4680-a89a-16e05f48d861"
        }
      ],
      "dialogChangeNodes": [
        {
          "targetDialogId": "new_topic_89c49d37fd4c4c1c9144396960733ce1_aeabea4d071f415c8c107e1cb7af5424_assumedsuccess",
          "nodeType": "DialogChangeNode",
          "id": "5190c5ff-e02b-4267-8b90-775ccf463d91"
        }
      ],
      "id": "new_topic_c3555dcd23ff49d881d93813f935ab18",
      "displayName": "Dialog for Hva er engasjerende leser?",
      "createdTime": "2021-04-12T14:42:10.0377452Z",
      "updatedTime": "2021-04-19T19:09:56.1726475Z",
      "createdUserId": "ef0c8b9a-eff1-49f8-92fa-fd1d3e15e1ba",
      "updatedUserId": "ef0c8b9a-eff1-49f8-92fa-fd1d3e15e1ba"
    }
  ],
  "botMessages": [
    {
      "channelContent": {
        "web": {
          "contentFormat": "Markdown",
          "content": "**Engasjerende leser** (_Immersive Reader_ på engelsk) er en funksjonalitet som kan tilpasse tekst i Teams slik at teksten blir lettere å lese for deg."
        }
      },
      "id": "36c41050-3746-4425-a59c-3426a971d47d",
      "createdTime": "2021-04-12T14:42:10.0377452Z",
      "updatedTime": "2021-04-12T14:42:10.0377452Z",
      "createdUserId": "ef0c8b9a-eff1-49f8-92fa-fd1d3e15e1ba",
      "updatedUserId": "ef0c8b9a-eff1-49f8-92fa-fd1d3e15e1ba"
    },
    {
      "channelContent": {
        "web": {
          "contentFormat": "Markdown",
          "content": "Les mer om [hvordan man kan bruke den og hvordan du kan stille den inn her](https://support.microsoft.com/nb-no/topic/bruke-engasjerende-leser-i-microsoft-teams-a700c0d0-bc53-4696-a94d-4fbc86ac7a9a?ui=nb-no&rs=nb-no&ad=no)."
        }
      },
      "id": "3794d6a4-eab6-4e30-9464-57b29fcc2a77",
      "createdTime": "2021-04-19T18:54:22.522Z",
      "updatedTime": "2021-04-19T18:54:22.522Z",
      "createdUserId": "user-0",
      "updatedUserId": "user-0"
    },
    {
      "channelContent": {
        "web": {
          "contentFormat": "Markdown",
          "content": "**Farger, form og størrelse** kan tilpasses dine egne preferanser, noe som for eksempel gjør leseopplevelsen lettere for personer med dysleksi og lærevansker."
        }
      },
      "id": "cf5ef78c-99a3-4d10-b222-443b98a88f5a",
      "createdTime": "2021-04-19T18:54:35.728Z",
      "updatedTime": "2021-04-19T18:54:35.728Z",
      "createdUserId": "user-0",
      "updatedUserId": "user-0"
    },
    {
      "channelContent": {
        "web": {
          "contentFormat": "Markdown",
          "content": "Den kan også **lese opp tekst** slik at du kan høre på den. 🔊"
        }
      },
      "id": "2aa302b7-87e4-4b14-8c0f-cdc03443f040",
      "createdTime": "2021-04-19T18:55:48.839Z",
      "updatedTime": "2021-04-19T18:55:48.839Z",
      "createdUserId": "user-0",
      "updatedUserId": "user-0"
    },
    {
      "channelContent": {
        "web": {
          "contentFormat": "Markdown",
          "content": "Slik kommer du i gang med Engasjerende Leser:\n\n1.  Hold musepekeren over en melding eller trykk på en melding med fingeren på en enhet med berøringsskjerm.\n2.  Velg **Flere alternativer ...**\n3.  Velg deretter **Engasjerende** **Leser**"
        }
      },
      "id": "e9fab078-21e2-4a62-94e0-0f95f745d0e0",
      "createdTime": "2021-04-19T19:05:56.041Z",
      "updatedTime": "2021-04-19T19:05:56.041Z",
      "createdUserId": "user-0",
      "updatedUserId": "user-0"
    }
  ],
  "createdUtc": "0001-01-01T00:00:00Z"
}