{
  "intents": [
    {
      "triggerQueries": [
        "Office 오피스 365 이전 예전 버전 만들기 편집 생성",
        "예전 버전 Office 새 파일 열기 열 수 열수",
        "이전 Office 오피스 버전 새 파일 오픈 열기",
        "Team 팀 만든 파일 이전 버전 Office 오픈",
        "이전 버전 Office 365 오피스 365 사용 만든 문서 오픈 열기",
        "이전 버전을 가진 사용자가 Office 365를 사용하여 만든 문서를 열 수 있습니까?"
      ],
      "dialogId": "new_topic_3ba512ba8ddf42e6aec8663a8af25d01",
      "isTriggeringEnabled": true,
      "id": "new_topic_3ba512ba8ddf42e6aec8663a8af25d01",
      "displayName": "이전 버전을 가진 사용자가 Office 365를 사용하여 만든 문서를 열 수 있습니까?",
      "description": "https://adoptbotv2kb.blob.core.windows.net/%24web/adoptbot2021-Korean.docx",
      "createdTime": "2021-03-18T03:39:18.7456548Z",
      "updatedTime": "2021-04-08T05:26:21.7846576Z",
      "createdUserId": "e47109d8-0300-4e59-a90d-56bb29886c9e",
      "updatedUserId": "e47109d8-0300-4e59-a90d-56bb29886c9e"
    }
  ],
  "dialogs": [
    {
      "rootNodeId": "0533f427-4e82-4437-aae2-50d40c7aa313",
      "messageNodes": [
        {
          "botMessageId": "f2f13fe5-f6d1-42eb-97fc-8764b658930a",
          "nodeType": "BotMessageNode",
          "id": "0533f427-4e82-4437-aae2-50d40c7aa313",
          "defaultTargetNodeId": "9e4eb780-8097-4ec1-ab03-980fbd20bb2f"
        }
      ],
      "dialogChangeNodes": [
        {
          "targetDialogId": "new_topic_2bf23930c1d146129dfe38bacb94ccd0_aeabea4d071f415c8c107e1cb7af5424_assumedsuccess",
          "nodeType": "DialogChangeNode",
          "id": "9e4eb780-8097-4ec1-ab03-980fbd20bb2f"
        }
      ],
      "id": "new_topic_3ba512ba8ddf42e6aec8663a8af25d01",
      "displayName": "Dialog for 이전 버전을 가진 사용자가 Office 365를 사용하여 만든 문서를 열 수 있습니까?",
      "createdTime": "2021-03-18T03:39:18.7456548Z",
      "updatedTime": "2021-03-18T03:39:18.7456548Z",
      "createdUserId": "e47109d8-0300-4e59-a90d-56bb29886c9e",
      "updatedUserId": "e47109d8-0300-4e59-a90d-56bb29886c9e"
    }
  ],
  "botMessages": [
    {
      "channelContent": {
        "web": {
          "contentFormat": "Markdown",
          "content": "Office 365, Office 2019, Office 2016, Office 2013 및 Office 2010 응용 프로그램을 사용하는 사용자는 추가 작업 없이 Microsoft 365를 사용하여 만든 문서를 열 수 있습니다."
        }
      },
      "id": "f2f13fe5-f6d1-42eb-97fc-8764b658930a",
      "createdTime": "2021-03-18T03:39:18.7456548Z",
      "updatedTime": "2021-03-18T03:39:18.7456548Z",
      "createdUserId": "e47109d8-0300-4e59-a90d-56bb29886c9e",
      "updatedUserId": "e47109d8-0300-4e59-a90d-56bb29886c9e"
    }
  ],
  "createdUtc": "0001-01-01T00:00:00Z"
}