{
  "intents": [
    {
      "triggerQueries": [
        "administratör för ett team?",
        "Hur blir jag en teamägare?",
        "Vad kan en teamägare göra",
        "vilken roll har en teamägare?",
        "Vem är en teamägare",
        "Vad innebär Teamägare?",
        "Vad är en Teamägare?"
      ],
      "dialogId": "new_topic_b90e68ca532a4991b515d99e027665f8",
      "isTriggeringEnabled": true,
      "id": "new_topic_b90e68ca532a4991b515d99e027665f8",
      "displayName": "Vad är en Teamägare?",
      "description": "",
      "createdTime": "2020-11-24T14:37:53.8230909Z",
      "updatedTime": "2020-12-08T15:38:23.1346423Z",
      "createdUserId": "f04d3cd9-b73d-4ba9-a1ed-9319eba29b21",
      "updatedUserId": "f04d3cd9-b73d-4ba9-a1ed-9319eba29b21"
    }
  ],
  "dialogs": [
    {
      "rootNodeId": "c9adb712-b0d1-40f9-a1ca-a7ff864b34c5",
      "messageNodes": [
        {
          "botMessageId": "68caae66-7363-4638-bd41-5833baf4366a",
          "nodeType": "BotMessageNode",
          "id": "c9adb712-b0d1-40f9-a1ca-a7ff864b34c5",
          "defaultTargetNodeId": "58cef31f-bf3f-479c-a311-6609f92ed51d"
        },
        {
          "botMessageId": "35449931-8c1f-4a93-afb1-c365d2db363b",
          "nodeType": "BotMessageNode",
          "id": "58cef31f-bf3f-479c-a311-6609f92ed51d",
          "defaultTargetNodeId": "60367b09-f582-49fe-99ae-af47d35402a8"
        }
      ],
      "dialogChangeNodes": [
        {
          "targetDialogId": "new_topic_84ec227c19784e7ba25cb34f4638f91e_aeabea4d071f415c8c107e1cb7af5424_assumedsuccess",
          "nodeType": "DialogChangeNode",
          "id": "60367b09-f582-49fe-99ae-af47d35402a8"
        }
      ],
      "id": "new_topic_b90e68ca532a4991b515d99e027665f8",
      "displayName": "Dialog for Vad är en Teamägare?",
      "createdTime": "2020-11-24T14:37:53.8230909Z",
      "updatedTime": "2020-12-08T10:13:43.9782873Z",
      "createdUserId": "f04d3cd9-b73d-4ba9-a1ed-9319eba29b21",
      "updatedUserId": "f04d3cd9-b73d-4ba9-a1ed-9319eba29b21"
    }
  ],
  "botMessages": [
    {
      "channelContent": {
        "web": {
          "contentFormat": "Markdown",
          "content": "Teamägaren är den person som skapar och/eller administrerar teamet. Teamägare kan göra medlemmar i sitt team till teamägare när de bjuder in dem till teamet eller vid något tillfälle efter att de har gått med i teamet. Med flera teamägare kan du dela ansvar för hantering av inställningar och medlemskap, inklusive inbjudningar."
        }
      },
      "id": "68caae66-7363-4638-bd41-5833baf4366a",
      "createdTime": "2020-11-24T14:37:53.8230909Z",
      "updatedTime": "2020-11-24T14:37:53.8230909Z",
      "createdUserId": "f04d3cd9-b73d-4ba9-a1ed-9319eba29b21",
      "updatedUserId": "f04d3cd9-b73d-4ba9-a1ed-9319eba29b21"
    },
    {
      "channelContent": {
        "web": {
          "contentFormat": "Markdown",
          "content": "💡**Snabbtips:** \n\nSom ägare kan du lägga till en gruppbild, ange behörigheter för gruppmedlemmar för att skapa kanaler, lägga till flikar, @\n\nnämna hela teamet eller kanaler och styra användningen av GIF-bilder, dekaler och memes. Slutligen, se till att ha minst två ägare per team. Detta garanterar en backup-kontakt ifall en av ägarna är otillgänglig."
        }
      },
      "id": "35449931-8c1f-4a93-afb1-c365d2db363b",
      "createdTime": "2020-12-08T10:13:11.93Z",
      "updatedTime": "2020-12-08T10:13:11.93Z",
      "createdUserId": "user-0",
      "updatedUserId": "user-0"
    }
  ]
}