{
  "intents": [
    {
      "endUserOverrideName": "Enable pop-out chat (multiple chat windows)",
      "triggerQueries": [
        "multiple chats windows",
        "Enable pop-out chat?",
        "Multiple chat windows at once?",
        "Pop out a chat",
        "opening chat in new windows",
        "Open chat in new window",
        "can you have multiple windows in Teams?",
        "Chat with someone in separate window",
        "Open multiple chats at once",
        "How do I move a chat to my own box?",
        "How do I Enable pop-out chat?"
      ],
      "dialogId": "new_topic_1d17cb93109841fa97f281dea4652072",
      "isTriggeringEnabled": true,
      "id": "new_topic_1d17cb93109841fa97f281dea4652072",
      "displayName": "How do I Enable pop-out chat?",
      "description": "https://adoptbotv2kb.blob.core.windows.net/%24web/AdoptBot2021-English.docx",
      "createdTime": "2021-01-13T22:20:51.2381463Z",
      "updatedTime": "2021-01-27T22:25:44.9028733Z",
      "createdUserId": "f04d3cd9-b73d-4ba9-a1ed-9319eba29b21",
      "updatedUserId": "f04d3cd9-b73d-4ba9-a1ed-9319eba29b21"
    }
  ],
  "dialogs": [
    {
      "rootNodeId": "03373c86-fdce-4cee-b449-25a18a82a11d",
      "messageNodes": [
        {
          "botMessageId": "4e61516c-60ff-4d40-8107-c90b0dead6ec",
          "nodeType": "BotMessageNode",
          "id": "03373c86-fdce-4cee-b449-25a18a82a11d",
          "defaultTargetNodeId": "7bfa719c-d791-412f-af7e-7a75084898bc"
        },
        {
          "botMessageId": "1858451b-f9dc-481b-b168-93a3210457c5",
          "nodeType": "BotMessageNode",
          "id": "7bfa719c-d791-412f-af7e-7a75084898bc",
          "defaultTargetNodeId": "84c0dda7-8030-4e47-8e8f-1285a885e71e"
        },
        {
          "botMessageId": "ed9be24a-f443-4fc9-91e0-2aeaae3fd2dd",
          "nodeType": "BotMessageNode",
          "id": "84c0dda7-8030-4e47-8e8f-1285a885e71e",
          "defaultTargetNodeId": "ec6e49d6-6ff2-4bc2-8e32-94334b9604ce"
        }
      ],
      "dialogChangeNodes": [
        {
          "targetDialogId": "new_topic_eac3f49c99664313a9d9dc19d80a79a2_aeabea4d071f415c8c107e1cb7af5424_assumedsuccess",
          "nodeType": "DialogChangeNode",
          "id": "ec6e49d6-6ff2-4bc2-8e32-94334b9604ce"
        }
      ],
      "id": "new_topic_1d17cb93109841fa97f281dea4652072",
      "displayName": "Dialog for How do I Enable pop-out chat?",
      "createdTime": "2021-01-13T22:20:51.2381463Z",
      "updatedTime": "2021-01-27T22:25:10.8725176Z",
      "createdUserId": "f04d3cd9-b73d-4ba9-a1ed-9319eba29b21",
      "updatedUserId": "f04d3cd9-b73d-4ba9-a1ed-9319eba29b21"
    }
  ],
  "botMessages": [
    {
      "channelContent": {
        "web": {
          "contentFormat": "Markdown",
          "content": "You can instantly pop out your one on one or group chat into a separate window. Then, resize, reposition, or close the window as you wish."
        }
      },
      "id": "4e61516c-60ff-4d40-8107-c90b0dead6ec",
      "createdTime": "2021-01-13T22:20:51.2381463Z",
      "updatedTime": "2021-01-13T22:20:51.2381463Z",
      "createdUserId": "f04d3cd9-b73d-4ba9-a1ed-9319eba29b21",
      "updatedUserId": "f04d3cd9-b73d-4ba9-a1ed-9319eba29b21"
    },
    {
      "channelContent": {
        "web": {
          "contentFormat": "Markdown",
          "content": "It's a great way to get a lot done when you are in a meeting or in a call."
        }
      },
      "id": "1858451b-f9dc-481b-b168-93a3210457c5",
      "createdTime": "2021-01-27T22:24:31.269Z",
      "updatedTime": "2021-01-27T22:24:31.269Z",
      "createdUserId": "user-0",
      "updatedUserId": "user-0"
    },
    {
      "channelContent": {
        "web": {
          "contentFormat": "Markdown",
          "content": "**Please note:** _You can pop out multiple conversations, but not the same chat twice._\n\n[Pop out a chat in Teams](https://support.microsoft.com/en-us/office/pop-out-a-chat-in-teams-cff95cb0-34af-423f-8f69-fe9106973790)"
        }
      },
      "id": "ed9be24a-f443-4fc9-91e0-2aeaae3fd2dd",
      "createdTime": "2021-01-27T22:24:37.583Z",
      "updatedTime": "2021-01-27T22:24:37.583Z",
      "createdUserId": "user-0",
      "updatedUserId": "user-0"
    }
  ]
}