{
  "intents": [
    {
      "endUserOverrideName": "Componente aggiuntivo Riunione di Teams in Outlook",
      "triggerQueries": [
        "pulsante Outlook per aggiungere una riunione Teams",
        "Componente aggiuntivo di Outlook per le riunioni di Teams",
        "Pianificare una riunione di Teams in Outlook",
        "Dov'è il componente aggiuntivo di Outlook per le riunioni Teams?",
        "Componente aggiuntivo per gli appuntamenti di Outlook",
        "Dove posso trovare il componente aggiuntivo di Outlook per le riunioni di Teams?"
      ],
      "dialogId": "new_topic_e0fe3554977f433781a4e8f150b44d8a",
      "isTriggeringEnabled": true,
      "id": "new_topic_e0fe3554977f433781a4e8f150b44d8a",
      "displayName": "Dove posso trovare il componente aggiuntivo di Outlook Riunione di Teams?",
      "createdTime": "2022-04-26T14:45:07.8388109Z",
      "updatedTime": "2022-04-26T14:45:07.8388109Z",
      "createdUserId": "9451fc51-e00d-4445-8ff9-efb70866dc3b",
      "updatedUserId": "9451fc51-e00d-4445-8ff9-efb70866dc3b"
    }
  ],
  "dialogs": [
    {
      "rootNodeId": "3dedf589-005d-45f4-85e2-7adabc89c8e9",
      "messageNodes": [
        {
          "botMessageId": "a47ae461-e70c-4d62-a25a-aaf2e9d951b7",
          "nodeType": "BotMessageNode",
          "id": "3dedf589-005d-45f4-85e2-7adabc89c8e9",
          "defaultTargetNodeId": "fb25629e-a847-4841-85d5-52cd3a4c9fa6"
        },
        {
          "botMessageId": "db63923f-8a49-4623-8bfc-abe31d20dc9a",
          "nodeType": "BotMessageNode",
          "id": "fb25629e-a847-4841-85d5-52cd3a4c9fa6",
          "defaultTargetNodeId": "3d841992-0c9e-4cb3-a726-5b9a510d8b15"
        },
        {
          "botMessageId": "f8db193f-cd3b-4347-85c5-fcc5b80f982f",
          "nodeType": "BotMessageNode",
          "id": "3d841992-0c9e-4cb3-a726-5b9a510d8b15",
          "defaultTargetNodeId": "c02f98ef-7f37-4586-aac7-c4df32c807c8"
        }
      ],
      "dialogChangeNodes": [
        {
          "targetDialogId": "new_topic_f98a24608ee04cb998de3e3e32703d5b_aeabea4d071f415c8c107e1cb7af5424_assumedsuccess",
          "nodeType": "DialogChangeNode",
          "id": "c02f98ef-7f37-4586-aac7-c4df32c807c8"
        }
      ],
      "id": "new_topic_e0fe3554977f433781a4e8f150b44d8a",
      "displayName": "Senza titolo",
      "createdTime": "2022-04-26T14:45:07.8388109Z",
      "updatedTime": "2022-04-26T14:45:07.8388109Z",
      "createdUserId": "9451fc51-e00d-4445-8ff9-efb70866dc3b",
      "updatedUserId": "9451fc51-e00d-4445-8ff9-efb70866dc3b"
    }
  ],
  "botMessages": [
    {
      "channelContent": {
        "web": {
          "contentFormat": "Markdown",
          "content": "**Il componente aggiuntivo Teams Meeting** viene installato automaticamente per gli utenti con Microsoft Teams e per coloro con Office 2013, Office 2016 o Office 2019 installati sul proprio PC Windows."
        }
      },
      "id": "a47ae461-e70c-4d62-a25a-aaf2e9d951b7",
      "createdTime": "2022-04-26T14:17:59.521Z",
      "updatedTime": "2022-04-26T14:17:59.521Z"
    },
    {
      "channelContent": {
        "web": {
          "contentFormat": "Markdown",
          "content": "Gli utenti possono trovare il componente aggiuntivo Riunione di Teams nella barra multifunzione nel calendario di Outlook.\n\n[Utilizzare il componente aggiuntivo Riunione di Teams in Outlook](https://docs.microsoft.com/it-it/microsoftteams/teams-add-in-for-outlook)"
        }
      },
      "id": "db63923f-8a49-4623-8bfc-abe31d20dc9a",
      "createdTime": "2022-04-26T14:37:48.935Z",
      "updatedTime": "2022-04-26T14:37:48.935Z",
      "createdUserId": "user-0",
      "updatedUserId": "user-0"
    },
    {
      "channelContent": {
        "web": {
          "contentFormat": "Markdown",
          "content": "**Per Outlook sul Web**, le riunioni dei team vengono create automaticamente quando i partecipanti vengono invitati (possono essere disabilitati)."
        }
      },
      "id": "f8db193f-cd3b-4347-85c5-fcc5b80f982f",
      "createdTime": "2022-04-26T14:42:03.807Z",
      "updatedTime": "2022-04-26T14:42:03.807Z",
      "createdUserId": "user-0",
      "updatedUserId": "user-0"
    }
  ]
}