{
  "intents": [
    {
      "triggerQueries": [
        "Udostępnianie plików w Teams",
        "Jak mogę udostępniać pliki w Teams?"
      ],
      "dialogId": "new_topic_439f509d602e4157b1cb5bd6bb81b9b5",
      "isTriggeringEnabled": true,
      "id": "new_topic_439f509d602e4157b1cb5bd6bb81b9b5",
      "displayName": "Jak mogę udostępniać pliki w Teams?",
      "description": "",
      "createdTime": "2021-09-27T05:16:56.0565966Z",
      "updatedTime": "2021-10-20T14:34:13.3276208Z",
      "createdUserId": "28fac8cb-bec7-48c9-a688-5024cf318b8a",
      "updatedUserId": "28fac8cb-bec7-48c9-a688-5024cf318b8a"
    }
  ],
  "dialogs": [
    {
      "rootNodeId": "b3fe4bb0-09d6-4d1b-933a-0270693224b7",
      "messageNodes": [
        {
          "botMessageId": "3bb6a54f-3bf5-499a-9f07-13a3765a6c13",
          "nodeType": "BotMessageNode",
          "id": "b3fe4bb0-09d6-4d1b-933a-0270693224b7",
          "defaultTargetNodeId": "1bae8f4d-0a0d-437b-b134-a3f6977dc6bd"
        }
      ],
      "dialogChangeNodes": [
        {
          "targetDialogId": "new_topic_d4ee79ce05584b519ee7d416fda7e2a3_aeabea4d071f415c8c107e1cb7af5424_assumedsuccess",
          "nodeType": "DialogChangeNode",
          "id": "1bae8f4d-0a0d-437b-b134-a3f6977dc6bd"
        }
      ],
      "id": "new_topic_439f509d602e4157b1cb5bd6bb81b9b5",
      "displayName": "Dialog for Jak mogę udostępniać pliki w Teams?",
      "createdTime": "2021-09-27T05:16:56.0565966Z",
      "updatedTime": "2021-09-27T05:17:26.8521597Z",
      "createdUserId": "28fac8cb-bec7-48c9-a688-5024cf318b8a",
      "updatedUserId": "28fac8cb-bec7-48c9-a688-5024cf318b8a"
    }
  ],
  "botMessages": [
    {
      "channelContent": {
        "web": {
          "contentFormat": "Markdown",
          "content": "Każdy kanał ma kartę o nazwie **\"Pliki\"**. Tam można przesyłać  [pliki w zespołach](https://support.microsoft.com/pl-pl/office/udost%C4%99pnianie-plik%C3%B3w-w-aplikacji-teams-0c4d34ee-5dd8-46d5-ab35-0d227b5e6eb5). Możesz też udostępniać pliki na czacie swojego kanału. Zostaną one automatycznie   znalezione w zakładce **\"Pliki\"** kanału.\n\nPliki udostępnione na czacie prywatnym lub grupowym można udostępniać osobom w tej konwersacji. Dokumenty można drukować, udostępniać ani współpracować nad nimi w czasie rzeczywistym bez opuszczania platformy Teams."
        }
      },
      "id": "3bb6a54f-3bf5-499a-9f07-13a3765a6c13",
      "createdTime": "2021-09-27T05:16:56.0565966Z",
      "updatedTime": "2021-09-27T05:16:56.0565966Z",
      "createdUserId": "28fac8cb-bec7-48c9-a688-5024cf318b8a",
      "updatedUserId": "28fac8cb-bec7-48c9-a688-5024cf318b8a"
    }
  ]
}