{
  "intents": [
    {
      "triggerQueries": [
        "Sto cercando di eliminare un messaggio inviato, quali sono i passaggi?",
        "voglio eliminare un messaggio, come faccio?",
        "Ho inviato un messaggio e voglio rimuoverlo",
        "Come cancello un messaggio inviato?",
        "Posso eliminare un messaggio inviato?",
        "Sto cercando di eliminare un messaggio inviato, come faccio?",
        "eliminare un messaggio inviato",
        "annullamento invio del messaggio",
        "Eliminare un messaggio inviato?"
      ],
      "dialogId": "new_topic_428dcb8ef46448e2b6539ba6f9040e3c",
      "isTriggeringEnabled": true,
      "id": "new_topic_428dcb8ef46448e2b6539ba6f9040e3c",
      "displayName": "Eliminare un messaggio inviato?",
      "createdTime": "2022-04-28T18:52:20.497632Z",
      "updatedTime": "2022-04-28T18:52:20.497632Z",
      "createdUserId": "9451fc51-e00d-4445-8ff9-efb70866dc3b",
      "updatedUserId": "9451fc51-e00d-4445-8ff9-efb70866dc3b"
    }
  ],
  "dialogs": [
    {
      "rootNodeId": "822a7129-948e-4195-9522-10e1f92e1212",
      "messageNodes": [
        {
          "botMessageId": "b3d05fcd-49a8-4c8f-8307-610cbe5ea4bb",
          "nodeType": "BotMessageNode",
          "id": "822a7129-948e-4195-9522-10e1f92e1212",
          "defaultTargetNodeId": "379454b0-6629-413c-98ec-87bc6f79b822"
        },
        {
          "botMessageId": "b22f5e5c-bb3d-44c4-9c6d-9b7153938851",
          "nodeType": "BotMessageNode",
          "id": "379454b0-6629-413c-98ec-87bc6f79b822",
          "defaultTargetNodeId": "a76aa979-7f40-4417-bafb-aaaa477bdb0d"
        }
      ],
      "dialogChangeNodes": [
        {
          "targetDialogId": "new_topic_f98a24608ee04cb998de3e3e32703d5b_aeabea4d071f415c8c107e1cb7af5424_assumedsuccess",
          "nodeType": "DialogChangeNode",
          "id": "a76aa979-7f40-4417-bafb-aaaa477bdb0d"
        }
      ],
      "id": "new_topic_428dcb8ef46448e2b6539ba6f9040e3c",
      "displayName": "Senza titolo",
      "createdTime": "2022-04-28T18:52:20.497632Z",
      "updatedTime": "2022-04-28T18:52:20.497632Z",
      "createdUserId": "9451fc51-e00d-4445-8ff9-efb70866dc3b",
      "updatedUserId": "9451fc51-e00d-4445-8ff9-efb70866dc3b"
    }
  ],
  "botMessages": [
    {
      "channelContent": {
        "web": {
          "contentFormat": "Markdown",
          "content": "Se hai bisogno di a[nnullare ed eliminare qualcosa che hai appena inviato](https://support.microsoft.com/it-it/office/modificare-o-eliminare-un-messaggio-inviato-in-teams-5f1fe604-a900-4a07-b8b7-8cf70ed6b263):\n\n1.  Vai al messaggio e seleziona **Altre opzioni** (...) > **Elimina** (il cestino)."
        }
      },
      "id": "b3d05fcd-49a8-4c8f-8307-610cbe5ea4bb",
      "createdTime": "2022-04-28T18:47:36.777Z",
      "updatedTime": "2022-04-28T18:47:36.777Z"
    },
    {
      "channelContent": {
        "web": {
          "contentFormat": "Markdown",
          "content": "Se non hai ancora inviato il messaggio, seleziona **Formato** (A con penna) per espandere la casella. Quindi seleziona **Elimina** (il cestino)."
        }
      },
      "id": "b22f5e5c-bb3d-44c4-9c6d-9b7153938851",
      "createdTime": "2022-04-28T18:51:25.439Z",
      "updatedTime": "2022-04-28T18:51:25.439Z",
      "createdUserId": "user-0",
      "updatedUserId": "user-0"
    }
  ]
}