{
  "intents": [
    {
      "endUserOverrideName": "Attirare l'attenzione di qualcuno in un canale?",
      "triggerQueries": [
        "Attirare l'attenzione di qualcuno in un canale?",
        "@menzionare un utente in un canale",
        "Posso attirare l'attenzione di un singolo utente in un canale?",
        "Come faccio a informare una persona?",
        "Come posso notificare una persona?",
        "Come faccio a informare qualcuno?",
        "È possibile attirare l'attenzione di un singolo utente in un canale?"
      ],
      "dialogId": "new_topic_e832bebb750d43d0a1eff18a29f4f991",
      "isTriggeringEnabled": true,
      "id": "new_topic_e832bebb750d43d0a1eff18a29f4f991",
      "displayName": "È possibile attirare l'attenzione di un singolo utente in un canale?",
      "createdTime": "2022-04-27T09:35:32.9758551Z",
      "updatedTime": "2022-04-27T09:35:32.9758551Z",
      "createdUserId": "9451fc51-e00d-4445-8ff9-efb70866dc3b",
      "updatedUserId": "9451fc51-e00d-4445-8ff9-efb70866dc3b"
    }
  ],
  "dialogs": [
    {
      "rootNodeId": "02380904-8f73-44bc-8b66-5b0426542ac1",
      "messageNodes": [
        {
          "botMessageId": "18304440-17a2-4dbc-886e-ad8f961e90cc",
          "nodeType": "BotMessageNode",
          "id": "02380904-8f73-44bc-8b66-5b0426542ac1",
          "defaultTargetNodeId": "6a263799-2e93-4be6-823f-8765261fa7f5"
        },
        {
          "botMessageId": "e69bf5ed-4bf0-4bd3-a42f-d4dc660e701d",
          "nodeType": "BotMessageNode",
          "id": "6a263799-2e93-4be6-823f-8765261fa7f5",
          "defaultTargetNodeId": "e3ccd5eb-178f-4b75-94b2-f6f9e6c8adda"
        }
      ],
      "dialogChangeNodes": [
        {
          "targetDialogId": "new_topic_f98a24608ee04cb998de3e3e32703d5b_aeabea4d071f415c8c107e1cb7af5424_assumedsuccess",
          "nodeType": "DialogChangeNode",
          "id": "e3ccd5eb-178f-4b75-94b2-f6f9e6c8adda"
        }
      ],
      "id": "new_topic_e832bebb750d43d0a1eff18a29f4f991",
      "displayName": "Senza titolo",
      "createdTime": "2022-04-27T09:35:32.9758551Z",
      "updatedTime": "2022-04-27T09:35:32.9758551Z",
      "createdUserId": "9451fc51-e00d-4445-8ff9-efb70866dc3b",
      "updatedUserId": "9451fc51-e00d-4445-8ff9-efb70866dc3b"
    }
  ],
  "botMessages": [
    {
      "channelContent": {
        "web": {
          "contentFormat": "Markdown",
          "content": "**Per ottenere l'attenzione di qualcuno in una conversazione di canale** o una chat, [tramite @menzione](https://support.microsoft.com/it-it/office/usare-le-menzioni-per-attirare-l-attenzione-in-teams-eb4f059d-320e-454e-b111-03361d4d6855).\n\n*   Digitare @ prima dei nomi dei membri e selezionarli dall'elenco che appare.\n*   **O** semplicemente inizia a digitare il nome di un membro del team per visualizzare le opzioni."
        }
      },
      "id": "18304440-17a2-4dbc-886e-ad8f961e90cc",
      "createdTime": "2022-04-27T09:25:29.72Z",
      "updatedTime": "2022-04-27T09:25:29.72Z"
    },
    {
      "channelContent": {
        "web": {
          "contentFormat": "Markdown",
          "content": "[Utilizzando @team in una conversazione di canale](https://support.microsoft.com/it-it/office/usare-le-menzioni-per-attirare-l-attenzione-in-teams-eb4f059d-320e-454e-b111-03361d4d6855), tutti i membri del team ricevono una notifica.\n\n[Il tipo di notifica dipende dalle impostazioni.](https://support.microsoft.com/it-it/office/informazioni-sulle-notifiche-abb62c60-3d15-4968-b86a-42fea9c22cf4)"
        }
      },
      "id": "e69bf5ed-4bf0-4bd3-a42f-d4dc660e701d",
      "createdTime": "2022-04-27T09:33:21.851Z",
      "updatedTime": "2022-04-27T09:33:21.851Z",
      "createdUserId": "user-0",
      "updatedUserId": "user-0"
    }
  ]
}