<ImportExportXml version="9.2.23102.234" SolutionPackageVersion="9.2" languagecode="1033" generatedBy="CrmLive" xmlns:xsi="http://www.w3.org/2001/XMLSchema-instance">
  <SolutionManifest>
    <UniqueName>Cr14dbb</UniqueName>
    <LocalizedNames>
      <LocalizedName description="Timon AI Hybrid (DE)" languagecode="1033" />
    </LocalizedNames>
    <Descriptions />
    <Version>2.0.0.4</Version>
    <Managed>0</Managed>
    <Publisher>
      <UniqueName>Crc07ec</UniqueName>
      <LocalizedNames>
        <LocalizedName description="CDS Default Publisher" languagecode="1033" />
      </LocalizedNames>
      <Descriptions />
      <EMailAddress xsi:nil="true"></EMailAddress>
      <SupportingWebsiteUrl xsi:nil="true"></SupportingWebsiteUrl>
      <CustomizationPrefix>crf9d</CustomizationPrefix>
      <CustomizationOptionValuePrefix>49999</CustomizationOptionValuePrefix>
    </Publisher>
    <RootComponents>
      <RootComponent type="29" id="{0ee8ac0e-269f-ec11-b3fe-0022489f75c7}" behavior="0" />
      <RootComponent type="29" id="{72e400f1-d0a2-eb11-b1ac-000d3a4a038e}" behavior="0" />
      <RootComponent type="29" id="{983c34c2-249f-ec11-b3fe-0022489f75c7}" behavior="0" />
      <RootComponent type="29" id="{d095b2f1-dc83-ee11-8179-6045bd006c2b}" behavior="0" />
      <RootComponent type="29" id="{e8e8ce27-df83-ee11-8179-6045bd006c2b}" behavior="0" />
    </RootComponents>
    <MissingDependencies />
  </SolutionManifest>
</ImportExportXml>