{
  "intents": [
    {
      "endUserOverrideName": "Legg til en gjest i et team",
      "triggerQueries": [
        "invitere noen til et team med en epost",
        "legge til en ekstern person i et team",
        "får ikke til å legge til en gjestebruker",
        "gjestebrukere i en teams-gruppe",
        "legge til eksterne brukere til et team",
        "Hvordan man kan legge til gjestebrukere i et team?",
        "Gjeste epost",
        "Endre navn til gjestebrukere",
        "Hvorfor får jeg feilmelding når jeg legger til gjestebrukere?",
        "Legg til gjester i et team",
        "Hvordan legger jeg til gjester i et team i Teams?"
      ],
      "dialogId": "new_topic_6038f7d779334fe49d01f68e7ac46c7e",
      "isTriggeringEnabled": true,
      "id": "new_topic_6038f7d779334fe49d01f68e7ac46c7e",
      "displayName": "Hvordan legger jeg til gjester i et team i Teams?",
      "description": "https://norwegianteams.blob.core.windows.net/norwegian-container/TIMA QA P19.docx",
      "createdTime": "2021-03-24T20:09:21.5452642Z",
      "updatedTime": "2021-04-19T23:00:06.0506876Z",
      "createdUserId": "ef0c8b9a-eff1-49f8-92fa-fd1d3e15e1ba",
      "updatedUserId": "ef0c8b9a-eff1-49f8-92fa-fd1d3e15e1ba"
    }
  ],
  "dialogs": [
    {
      "rootNodeId": "bc5f07cc-6529-4231-9851-11f05e421fad",
      "messageNodes": [
        {
          "botMessageId": "2a9312b3-a157-4ddf-b87e-0383432a8edf",
          "nodeType": "BotMessageNode",
          "id": "bc5f07cc-6529-4231-9851-11f05e421fad",
          "defaultTargetNodeId": "394075b5-ed3a-4df7-a7ce-fecf4d3fed24"
        },
        {
          "botMessageId": "b0d081e7-7808-4bb0-b5c3-65255def8444",
          "nodeType": "BotMessageNode",
          "id": "56d80425-439c-488d-b245-a849d9bceee4",
          "defaultTargetNodeId": "d8a4745d-e901-4abb-8e0a-b33bdd66b6d0"
        },
        {
          "botMessageId": "ba348055-5516-4071-81f5-ae8565851d83",
          "nodeType": "BotMessageNode",
          "id": "a3d6bb79-5fb0-4976-a9d5-a1bee6f70d46",
          "defaultTargetNodeId": "636ee5a3-1604-4f8d-8536-83973e794123"
        },
        {
          "botMessageId": "fa616444-3bbf-4ba5-8337-ef0356bfe177",
          "nodeType": "BotMessageNode",
          "id": "636ee5a3-1604-4f8d-8536-83973e794123",
          "defaultTargetNodeId": "56d80425-439c-488d-b245-a849d9bceee4"
        },
        {
          "botMessageId": "89a176b2-bbbc-4c25-8e1d-43dc49f7d57d",
          "nodeType": "BotMessageNode",
          "id": "394075b5-ed3a-4df7-a7ce-fecf4d3fed24",
          "defaultTargetNodeId": "a3d6bb79-5fb0-4976-a9d5-a1bee6f70d46"
        }
      ],
      "dialogChangeNodes": [
        {
          "targetDialogId": "new_topic_89c49d37fd4c4c1c9144396960733ce1_aeabea4d071f415c8c107e1cb7af5424_assumedsuccess",
          "nodeType": "DialogChangeNode",
          "id": "d8a4745d-e901-4abb-8e0a-b33bdd66b6d0"
        }
      ],
      "id": "new_topic_6038f7d779334fe49d01f68e7ac46c7e",
      "displayName": "Dialog for Hvordan legger jeg til gjester i et team i Teams?",
      "createdTime": "2021-03-24T20:09:21.5452642Z",
      "updatedTime": "2021-04-19T22:58:31.361026Z",
      "createdUserId": "ef0c8b9a-eff1-49f8-92fa-fd1d3e15e1ba",
      "updatedUserId": "ef0c8b9a-eff1-49f8-92fa-fd1d3e15e1ba"
    }
  ],
  "botMessages": [
    {
      "channelContent": {
        "web": {
          "contentFormat": "Markdown",
          "content": "Teameiere kan legge til gjester i et team. [Slik gjør man det](https://support.microsoft.com/nb-no/office/legge-til-gjester-i-et-team-i-teams-fccb4fa6-f864-4508-bdde-256e7384a14f#ID0EAACAAA=Skrivebord):\n\n1.  Velg **Team** og gå til teamet.\n2.  Velg **Flere alternativer…** > **Legge til medlem**.\n3.  Skriv inn gjestens e-postadresse.\n4.  Legg til gjestens navn. Velg **Redigere gjesteinformasjon** ved blyantikonet og skriv inn navnet.\n5.  Klikk på **Legg til**."
        }
      },
      "id": "2a9312b3-a157-4ddf-b87e-0383432a8edf",
      "createdTime": "2021-03-24T20:09:21.5452642Z",
      "updatedTime": "2021-03-24T20:09:21.5452642Z",
      "createdUserId": "ef0c8b9a-eff1-49f8-92fa-fd1d3e15e1ba",
      "updatedUserId": "ef0c8b9a-eff1-49f8-92fa-fd1d3e15e1ba"
    },
    {
      "channelContent": {
        "web": {
          "contentFormat": "Markdown",
          "content": "💡 **Obs!:** Hvis du får en feilmelding som sier _«Vi finner ingen treff»_ når du forsøker å legge til en gjest, betyr det at organisasjonen din ikke tillater gjester.\n\nKun en administrator kan [aktivere gjestetilgang i Teams for organisasjonen din](https://docs.microsoft.com/MicrosoftTeams/guest-joins)."
        }
      },
      "id": "b0d081e7-7808-4bb0-b5c3-65255def8444",
      "createdTime": "2021-03-26T12:19:11.733Z",
      "updatedTime": "2021-03-26T12:19:11.733Z",
      "createdUserId": "user-0",
      "updatedUserId": "user-0"
    },
    {
      "channelContent": {
        "web": {
          "contentFormat": "Markdown",
          "content": "Gjester vil motta en e-post invitasjon med en velkomst. Denne meldingen inkluderer litt informasjon om det å bli med i Teams og hvordan gjesteopplevelsen vil bli."
        }
      },
      "id": "ba348055-5516-4071-81f5-ae8565851d83",
      "createdTime": "2021-03-26T12:19:50.421Z",
      "updatedTime": "2021-03-26T12:19:50.421Z",
      "createdUserId": "user-0",
      "updatedUserId": "user-0"
    },
    {
      "channelContent": {
        "web": {
          "contentFormat": "Markdown",
          "content": "Alle som har en e-postkonto for bedrifter eller forbrukere, for eksempel Outlook, Gmail eller andre, kan bli med i teamet ditt som en gjest."
        }
      },
      "id": "fa616444-3bbf-4ba5-8337-ef0356bfe177",
      "createdTime": "2021-04-19T22:51:57.989Z",
      "updatedTime": "2021-04-19T22:51:57.989Z",
      "createdUserId": "user-0",
      "updatedUserId": "user-0"
    },
    {
      "channelContent": {
        "web": {
          "contentFormat": "Markdown",
          "content": "Som teameier kan man [bestemme hva gjestebrukeren har lov til å gjøre i teamet](https://support.microsoft.com/nb-no/office/angi-gjeste-tillatelser-for-kanaler-i-teams-4756c468-2746-4bfd-a582-736d55fcc169)."
        }
      },
      "id": "89a176b2-bbbc-4c25-8e1d-43dc49f7d57d",
      "createdTime": "2021-04-19T22:56:36.952Z",
      "updatedTime": "2021-04-19T22:56:36.952Z",
      "createdUserId": "user-0",
      "updatedUserId": "user-0"
    }
  ],
  "createdUtc": "0001-01-01T00:00:00Z"
}