{
  "intents": [
    {
      "triggerQueries": [
        "隱藏頻道的步驟是什麼？",
        "隱藏頻道的選項在哪裡？",
        "取消關注頻道",
        "我不想看到某個頻道",
        "我可以隱藏頻道嗎？",
        "如何刪除我不想看到的頻道？",
        "如何隱藏頻道？",
        "如何取消關注頻道？",
        "如何停止顯示頻道？",
        "我想隱藏一些頻道",
        "我該如何隱藏頻道？",
        "移除頻道",
        "停止接收頻道通知",
        "隱藏頻道",
        "怎麼隱藏頻道",
        "隱藏頻道步驟",
        "What are the steps to hide a channel?",
        "Where is the option to hide a channel?",
        "Unfollow a channel",
        "I do not want to see a certain channel",
        "can I hide channels?",
        "how to remove channels you do not want to see?",
        "how do I hide channels?",
        "how do I unfollow a channel?",
        "How do you stop seeing a channel?",
        "I want to hide some channels",
        "How do I hide a channel?"
      ],
      "dialogId": "new_topic_37a7436ba9cf4066ade6c5c76b43774b",
      "isTriggeringEnabled": true,
      "id": "new_topic_37a7436ba9cf4066ade6c5c76b43774b",
      "displayName": "如何隱藏頻道?",
      "description": "https://adoptbotv2kb.blob.core.windows.net/%24web/AdoptBot2021-English.docx",
      "createdTime": "2021-11-17T05:33:12.8159198Z",
      "updatedTime": "2021-11-17T05:33:28.7012977Z",
      "createdUserId": "9c968d43-f7c2-4e28-895c-1f6bcefcd8be",
      "updatedUserId": "9c968d43-f7c2-4e28-895c-1f6bcefcd8be"
    }
  ],
  "dialogs": [
    {
      "rootNodeId": "16423bd1-a9d6-468e-b9de-09d9e5b4548e",
      "messageNodes": [
        {
          "botMessageId": "2529e5c8-25cd-473f-ad11-3f6cedcb0ffa",
          "nodeType": "BotMessageNode",
          "id": "16423bd1-a9d6-468e-b9de-09d9e5b4548e",
          "defaultTargetNodeId": "e429aa94-f53f-4079-8cb2-e51dc7333d82"
        }
      ],
      "dialogChangeNodes": [
        {
          "targetDialogId": "new_topic_e2d1671328b941dbb60fa7150059b1ee_aeabea4d071f415c8c107e1cb7af5424_assumedsuccess",
          "nodeType": "DialogChangeNode",
          "id": "e429aa94-f53f-4079-8cb2-e51dc7333d82"
        }
      ],
      "id": "new_topic_37a7436ba9cf4066ade6c5c76b43774b",
      "displayName": "Dialog for 如何隱藏頻道?",
      "createdTime": "2021-11-17T05:33:12.8159198Z",
      "updatedTime": "2021-11-17T05:33:28.7012977Z",
      "createdUserId": "9c968d43-f7c2-4e28-895c-1f6bcefcd8be",
      "updatedUserId": "9c968d43-f7c2-4e28-895c-1f6bcefcd8be"
    }
  ],
  "botMessages": [
    {
      "channelContent": {
        "web": {
          "contentFormat": "Markdown",
          "content": "1.  找到團隊/頻道名稱\n2.  選擇**更多選項(...) > 隱藏**"
        }
      },
      "id": "2529e5c8-25cd-473f-ad11-3f6cedcb0ffa",
      "createdTime": "2021-11-17T05:33:12.8159198Z",
      "updatedTime": "2021-11-17T05:33:12.8159198Z",
      "createdUserId": "9c968d43-f7c2-4e28-895c-1f6bcefcd8be",
      "updatedUserId": "9c968d43-f7c2-4e28-895c-1f6bcefcd8be"
    }
  ]
}