{
  "intents": [
    {
      "triggerQueries": [
        "Channel 채널 팔로우 단계 옵션",
        "Channel 채널 팔로우 어떻게",
        "Channel 업데이트 받고 받으려면",
        "Channel 채널 팔로우 어떻게",
        "채널을 팔로우하려면 어떻게 해야 하나요?"
      ],
      "dialogId": "new_topic_14e71a338d8d4e20a1aefa8b74c8b7a6",
      "isTriggeringEnabled": true,
      "id": "new_topic_14e71a338d8d4e20a1aefa8b74c8b7a6",
      "displayName": "채널을 팔로우하려면 어떻게 해야 하나요?",
      "description": "https://adoptbotv2kb.blob.core.windows.net/%24web/adoptbot2021-Korean.docx",
      "createdTime": "2021-03-18T03:39:18.7456548Z",
      "updatedTime": "2021-04-06T12:47:47.8279787Z",
      "createdUserId": "e47109d8-0300-4e59-a90d-56bb29886c9e",
      "updatedUserId": "e47109d8-0300-4e59-a90d-56bb29886c9e"
    }
  ],
  "dialogs": [
    {
      "rootNodeId": "48da520b-750b-488f-8318-7cc95f2d1835",
      "messageNodes": [
        {
          "botMessageId": "570c99fb-09ba-4c68-b0b3-c281ac14b069",
          "nodeType": "BotMessageNode",
          "id": "48da520b-750b-488f-8318-7cc95f2d1835",
          "defaultTargetNodeId": "3c9e25ef-1baa-4f50-bf81-c251fc4b0e0b"
        }
      ],
      "dialogChangeNodes": [
        {
          "targetDialogId": "new_topic_2bf23930c1d146129dfe38bacb94ccd0_aeabea4d071f415c8c107e1cb7af5424_assumedsuccess",
          "nodeType": "DialogChangeNode",
          "id": "3c9e25ef-1baa-4f50-bf81-c251fc4b0e0b"
        }
      ],
      "id": "new_topic_14e71a338d8d4e20a1aefa8b74c8b7a6",
      "displayName": "Dialog for 채널을 팔로우하려면 어떻게 해야 하나요?",
      "createdTime": "2021-03-18T03:39:18.7456548Z",
      "updatedTime": "2021-04-06T12:46:06.9837257Z",
      "createdUserId": "e47109d8-0300-4e59-a90d-56bb29886c9e",
      "updatedUserId": "e47109d8-0300-4e59-a90d-56bb29886c9e"
    }
  ],
  "botMessages": [
    {
      "channelContent": {
        "web": {
          "contentFormat": "Markdown",
          "content": "채널 이름에서, **기타 옵션**\\> **채널 알림**에서 선택하십시오."
        }
      },
      "id": "570c99fb-09ba-4c68-b0b3-c281ac14b069",
      "createdTime": "2021-03-18T03:39:18.7456548Z",
      "updatedTime": "2021-03-18T03:39:18.7456548Z",
      "createdUserId": "e47109d8-0300-4e59-a90d-56bb29886c9e",
      "updatedUserId": "e47109d8-0300-4e59-a90d-56bb29886c9e"
    }
  ],
  "createdUtc": "0001-01-01T00:00:00Z"
}