{
  "intents": [
    {
      "triggerQueries": [
        "Hva skjer hvis jeg svarer på en epost som er sendt til en Teams kanal?",
        "Kan jeg svare på en epost innlegg i en kanal?",
        "Svar på en e-post i en kanal"
      ],
      "dialogId": "new_topic_84912ca0c19543d88ab1d30851356e59",
      "isTriggeringEnabled": true,
      "id": "new_topic_84912ca0c19543d88ab1d30851356e59",
      "displayName": "Svar på en e-post i en kanal",
      "description": "https://norwegianteams.blob.core.windows.net/norwegian-container/TIMA QA P19.docx",
      "createdTime": "2021-03-24T20:09:21.5452642Z",
      "updatedTime": "2021-04-06T18:14:04.9182656Z",
      "createdUserId": "ef0c8b9a-eff1-49f8-92fa-fd1d3e15e1ba",
      "updatedUserId": "ef0c8b9a-eff1-49f8-92fa-fd1d3e15e1ba"
    }
  ],
  "dialogs": [
    {
      "rootNodeId": "80559113-de65-4e9c-b5b7-2e943a00bec5",
      "messageNodes": [
        {
          "botMessageId": "d4843965-cb7e-449e-8925-9cd560b28be7",
          "nodeType": "BotMessageNode",
          "id": "80559113-de65-4e9c-b5b7-2e943a00bec5",
          "defaultTargetNodeId": "59c95e6c-e909-4636-a49d-6483c8b070e7"
        }
      ],
      "dialogChangeNodes": [
        {
          "targetDialogId": "new_topic_89c49d37fd4c4c1c9144396960733ce1_aeabea4d071f415c8c107e1cb7af5424_assumedsuccess",
          "nodeType": "DialogChangeNode",
          "id": "59c95e6c-e909-4636-a49d-6483c8b070e7"
        }
      ],
      "id": "new_topic_84912ca0c19543d88ab1d30851356e59",
      "displayName": "Dialog for Svare på en e-post i en kanal",
      "createdTime": "2021-03-24T20:09:21.5452642Z",
      "updatedTime": "2021-04-06T18:13:54.7726149Z",
      "createdUserId": "ef0c8b9a-eff1-49f8-92fa-fd1d3e15e1ba",
      "updatedUserId": "ef0c8b9a-eff1-49f8-92fa-fd1d3e15e1ba"
    }
  ],
  "botMessages": [
    {
      "channelContent": {
        "web": {
          "contentFormat": "Markdown",
          "content": "Når du [svarer på en e-postmelding som er sendt til en kanal](https://support.microsoft.com/nb-no/office/skicka-e-post-till-en-kanal-i-teams-d91db004-d9d7-4a47-82e6-fb1b16dfd51e?ui=nb-no&rs=nb-no&ad=se), behandles den som et svar på et hvilket som helst annet innlegg i en kanal. Hvis du svarer på innlegget i Teams, **sendes det** **ikke** et e-postsvar til den opprinnelige avsenderen. Alle kommentarer eller samtaler du har om e-posten i en kanal er ikke synlige utenfor Teams."
        }
      },
      "id": "d4843965-cb7e-449e-8925-9cd560b28be7",
      "createdTime": "2021-03-24T20:09:21.5452642Z",
      "updatedTime": "2021-03-24T20:09:21.5452642Z",
      "createdUserId": "ef0c8b9a-eff1-49f8-92fa-fd1d3e15e1ba",
      "updatedUserId": "ef0c8b9a-eff1-49f8-92fa-fd1d3e15e1ba"
    }
  ],
  "createdUtc": "0001-01-01T00:00:00Z"
}