{
  "intents": [
    {
      "endUserOverrideName": "Usare le app in Teams",
      "triggerQueries": [
        "Usare le app in Teams",
        "Cosa sono le app in Teams?",
        "Voglio saperne di più sulle app in Teams",
        "Come funzionano le app in Teams?",
        "App in Teams, come funziona?",
        "Perché usare le app in Teams?",
        "App store di Teams",
        "App store in Teams",
        "Usa le app in Microsoft Teams",
        "Cosa sono le app in Teams e perché dovrei usarle?"
      ],
      "dialogId": "new_topic_d372a8c9d78944199c9eec98c10582ed",
      "isTriggeringEnabled": true,
      "id": "new_topic_d372a8c9d78944199c9eec98c10582ed",
      "displayName": "Cosa sono le app in Teams e perché dovrei usarle?",
      "createdTime": "2022-04-28T11:14:39.8157908Z",
      "updatedTime": "2022-04-28T12:00:25.7961369Z",
      "createdUserId": "9451fc51-e00d-4445-8ff9-efb70866dc3b",
      "updatedUserId": "9451fc51-e00d-4445-8ff9-efb70866dc3b"
    }
  ],
  "dialogs": [
    {
      "rootNodeId": "9f7d8262-fd2b-4f11-b6a6-0503ec26f98a",
      "messageNodes": [
        {
          "botMessageId": "b97ce253-f6fe-4a39-836c-ac927e178a96",
          "nodeType": "BotMessageNode",
          "id": "9f7d8262-fd2b-4f11-b6a6-0503ec26f98a",
          "defaultTargetNodeId": "032d5fa4-674b-40d5-b472-463d03d969fd"
        },
        {
          "botMessageId": "8972e6f5-3242-4668-967f-f3fdfbd1f845",
          "nodeType": "BotMessageNode",
          "id": "032d5fa4-674b-40d5-b472-463d03d969fd",
          "defaultTargetNodeId": "963538e0-d8af-49df-8f71-5e38b6261e5a"
        },
        {
          "botMessageId": "431bb325-764f-4669-87c1-6a74756f0d1a",
          "nodeType": "BotMessageNode",
          "id": "963538e0-d8af-49df-8f71-5e38b6261e5a",
          "defaultTargetNodeId": "91010617-91df-47e6-8d10-215725fbf306"
        },
        {
          "botMessageId": "c01cad21-2608-48a9-8b31-278c03a40cda",
          "nodeType": "BotMessageNode",
          "id": "91010617-91df-47e6-8d10-215725fbf306",
          "defaultTargetNodeId": "b8e88309-88a8-4616-a37b-d2c46c849ff7"
        },
        {
          "botMessageId": "eb83ba3a-8da5-4a7f-9b8a-98133379b846",
          "nodeType": "BotMessageNode",
          "id": "b8e88309-88a8-4616-a37b-d2c46c849ff7",
          "defaultTargetNodeId": "17ad9a1b-ca72-4ed0-8a92-9d45356d304b"
        },
        {
          "botMessageId": "be74f0a1-ceec-4be8-b503-dc9c113fa05b",
          "nodeType": "BotMessageNode",
          "id": "17ad9a1b-ca72-4ed0-8a92-9d45356d304b",
          "defaultTargetNodeId": "7224aed9-8c9a-43a6-bde6-08041d4775a5"
        },
        {
          "botMessageId": "f5e690f4-f292-434d-a456-ab9baba62081",
          "nodeType": "BotMessageNode",
          "id": "7224aed9-8c9a-43a6-bde6-08041d4775a5",
          "defaultTargetNodeId": "e2cd01fb-e4c9-495d-b71b-dcd0d62ec188"
        }
      ],
      "dialogChangeNodes": [
        {
          "targetDialogId": "new_topic_f98a24608ee04cb998de3e3e32703d5b_aeabea4d071f415c8c107e1cb7af5424_assumedsuccess",
          "nodeType": "DialogChangeNode",
          "id": "e2cd01fb-e4c9-495d-b71b-dcd0d62ec188"
        }
      ],
      "id": "new_topic_d372a8c9d78944199c9eec98c10582ed",
      "displayName": "Senza titolo",
      "createdTime": "2022-04-28T11:14:39.8157908Z",
      "updatedTime": "2022-04-28T12:00:25.7961369Z",
      "createdUserId": "9451fc51-e00d-4445-8ff9-efb70866dc3b",
      "updatedUserId": "9451fc51-e00d-4445-8ff9-efb70866dc3b"
    }
  ],
  "botMessages": [
    {
      "channelContent": {
        "web": {
          "contentFormat": "Markdown",
          "content": "Le app ti aiutano a trovare contenuti dai tuoi servizi preferiti e a condividerli direttamente in Teams. Ecco come:"
        }
      },
      "id": "b97ce253-f6fe-4a39-836c-ac927e178a96",
      "createdTime": "2022-04-28T09:57:26.691Z",
      "updatedTime": "2022-04-28T09:57:26.691Z"
    },
    {
      "channelContent": {
        "web": {
          "contentFormat": "Markdown",
          "content": "**Chattare con un bot**\n\nI bot forniscono risposte, aggiornamenti e assistenza in un canale. Puoi chattare con loro per ricevere aiuto nella gestione delle attività, nella pianificazione e altro ancora."
        }
      },
      "id": "8972e6f5-3242-4668-967f-f3fdfbd1f845",
      "createdTime": "2022-04-28T11:40:27.04Z",
      "updatedTime": "2022-04-28T11:40:27.04Z",
      "createdUserId": "user-0",
      "updatedUserId": "user-0"
    },
    {
      "channelContent": {
        "web": {
          "contentFormat": "Markdown",
          "content": "Condividi i **contenuti in una scheda**\n\nLe schede ti aiutano a condividere contenuto e funzionalità da un servizio in un canale. Collegati a servizi come Excel, SharePoint, Zendesk o un sito Web a tua scelta."
        }
      },
      "id": "431bb325-764f-4669-87c1-6a74756f0d1a",
      "createdTime": "2022-04-28T11:43:09.134Z",
      "updatedTime": "2022-04-28T11:43:09.134Z",
      "createdUserId": "user-0",
      "updatedUserId": "user-0"
    },
    {
      "channelContent": {
        "web": {
          "contentFormat": "Markdown",
          "content": "**Ottenere aggiornamenti da un connettore**\n\nI connettori inviano aggiornamenti e informazioni direttamente a un canale. Ricevi aggiornamenti automatici da servizi come Twitter, feed RSS e GitHub."
        }
      },
      "id": "c01cad21-2608-48a9-8b31-278c03a40cda",
      "createdTime": "2022-04-28T11:45:44.703Z",
      "updatedTime": "2022-04-28T11:45:44.703Z",
      "createdUserId": "user-0",
      "updatedUserId": "user-0"
    },
    {
      "channelContent": {
        "web": {
          "contentFormat": "Markdown",
          "content": "Aggiungi **contenuti avanzati ai tuoi messaggi**\n\nQueste app trovano contenuto da servizi diversi e lo inviano direttamente con un messaggio. Puoi condividere cose come bollettini meteorologici, notizie quotidiane, immagini e video con chiunque tu stia parlando."
        }
      },
      "id": "eb83ba3a-8da5-4a7f-9b8a-98133379b846",
      "createdTime": "2022-04-28T11:47:19.654Z",
      "updatedTime": "2022-04-28T11:47:19.654Z",
      "createdUserId": "user-0",
      "updatedUserId": "user-0"
    },
    {
      "channelContent": {
        "web": {
          "contentFormat": "Markdown",
          "content": "**Ottieni o crea un'app**\n\nVai nello Store per [aggiungere un bot, una scheda, un connettore o un'app di messaggistica](https://support.microsoft.com/it-it/office/aggiungere-un-app-microsoft-teams-b2217706-f7ed-4e64-8e96-c413afd02f77) a Teams. Se sei interessato, puoi anche [creare la tua app personalizzata.](https://docs.microsoft.com/it-it/microsoftteams/platform/)"
        }
      },
      "id": "be74f0a1-ceec-4be8-b503-dc9c113fa05b",
      "createdTime": "2022-04-28T11:50:38.75Z",
      "updatedTime": "2022-04-28T11:50:38.75Z",
      "createdUserId": "user-0",
      "updatedUserId": "user-0"
    },
    {
      "channelContent": {
        "web": {
          "contentFormat": "Markdown",
          "content": "Questa è una risposta lunga.\n\nPotrebbe essere necessario scorrere verso l'alto 🔼"
        }
      },
      "id": "f5e690f4-f292-434d-a456-ab9baba62081",
      "createdTime": "2022-04-28T11:56:04.934Z",
      "updatedTime": "2022-04-28T11:56:04.934Z",
      "createdUserId": "user-0",
      "updatedUserId": "user-0"
    }
  ]
}