{
  "intents": [
    {
      "endUserOverrideName": "Editer un document dans Teams",
      "triggerQueries": [
        "éditer un fichier excel dans Teams",
        "Editer un document dans Teams",
        "Editer des documents dans Teams",
        "Editer un document",
        "collaborer sur un document avec votre équipe",
        "co-editer un document à plusieurs",
        "éditer des documents office dans Teams",
        "éditer un document office",
        "éditer un document word dans Teams",
        "éditer un powerpoint dans teams",
        "Comment éditer un document dans Teams?"
      ],
      "dialogId": "new_topic_62fe3bc7a96248d2a07ec79eb3e26681",
      "isTriggeringEnabled": true,
      "id": "new_topic_62fe3bc7a96248d2a07ec79eb3e26681",
      "displayName": "Comment éditer un document dans Teams?",
      "description": "",
      "createdTime": "2021-01-13T22:20:51.2371466Z",
      "updatedTime": "2021-05-24T09:52:42.9532875Z",
      "createdUserId": "f04d3cd9-b73d-4ba9-a1ed-9319eba29b21",
      "updatedUserId": "a2c4aa2c-d830-41eb-bcf4-467a2c7e1279"
    }
  ],
  "dialogs": [
    {
      "rootNodeId": "1b5e61a1-7c4e-4965-8595-1818c13ac2b6",
      "messageNodes": [
        {
          "botMessageId": "1a1a6cb0-7b66-47a3-8d5d-b79fff433719",
          "nodeType": "BotMessageNode",
          "id": "1b5e61a1-7c4e-4965-8595-1818c13ac2b6",
          "defaultTargetNodeId": "1bdfa88a-4dd5-4c0d-88f0-b5504fa8160c"
        },
        {
          "botMessageId": "87c278f7-2cd0-40c6-b76a-ba558509ce21",
          "nodeType": "BotMessageNode",
          "id": "1bdfa88a-4dd5-4c0d-88f0-b5504fa8160c",
          "defaultTargetNodeId": "f45cae71-e0f4-46da-af3b-7c616bf7a804"
        }
      ],
      "dialogChangeNodes": [
        {
          "targetDialogId": "new_topic_eac3f49c99664313a9d9dc19d80a79a2_aeabea4d071f415c8c107e1cb7af5424_assumedsuccess",
          "nodeType": "DialogChangeNode",
          "id": "f45cae71-e0f4-46da-af3b-7c616bf7a804"
        }
      ],
      "id": "new_topic_62fe3bc7a96248d2a07ec79eb3e26681",
      "displayName": "Dialog for How do I edit a file in Teams?",
      "createdTime": "2021-01-13T22:20:51.2371466Z",
      "updatedTime": "2021-05-24T09:53:27.9998123Z",
      "createdUserId": "f04d3cd9-b73d-4ba9-a1ed-9319eba29b21",
      "updatedUserId": "a2c4aa2c-d830-41eb-bcf4-467a2c7e1279"
    }
  ],
  "botMessages": [
    {
      "channelContent": {
        "web": {
          "contentFormat": "Markdown",
          "content": "Si vous avez des documents Office dans **l'onglet Fichier** d'un canal d'équipe Teams, vous pouvez cliquer sur **Plus d'options** **(...)** sur n'importe quel document."
        }
      },
      "id": "1a1a6cb0-7b66-47a3-8d5d-b79fff433719",
      "createdTime": "2021-01-13T22:20:51.2371466Z",
      "updatedTime": "2021-01-13T22:20:51.2371466Z",
      "createdUserId": "f04d3cd9-b73d-4ba9-a1ed-9319eba29b21",
      "updatedUserId": "f04d3cd9-b73d-4ba9-a1ed-9319eba29b21"
    },
    {
      "channelContent": {
        "web": {
          "contentFormat": "Markdown",
          "content": "Ensuite sélectionnez **Modifier dans Teams,** et vous aurez la possibilité de modifier votre document et de le sauvegarder.  \nPour en savoir plus sur [l'édition d'un document dans Teams](https://support.microsoft.com/fr-fr/office/modifier-un-fichier-office-dans-teams-257a5e88-205a-4fb5-bbf1-c78c3e64de86?ui=fr-FR&rs=fr-FR&ad=FR)"
        }
      },
      "id": "87c278f7-2cd0-40c6-b76a-ba558509ce21",
      "createdTime": "2021-01-27T17:27:01.435Z",
      "updatedTime": "2021-01-27T17:27:01.435Z",
      "createdUserId": "user-0",
      "updatedUserId": "user-0"
    }
  ]
}