{
  "intents": [
    {
      "endUserOverrideName": "團隊成員",
      "triggerQueries": [
        "團隊成員是啥？",
        "什麼是團隊成員？",
        "誰是團隊成員？",
        "成為團隊的一員意味著什麼？",
        "誰被認為是團隊成員？",
        "who is considered a team member?",
        "What does it mean to be a member of a team?",
        "who's a team member?",
        "Who is a team member?",
        "What is a team member?"
      ],
      "dialogId": "new_topic_cb21959f4ac24c5bb9403a37b493f393",
      "isTriggeringEnabled": true,
      "id": "new_topic_cb21959f4ac24c5bb9403a37b493f393",
      "displayName": "什麼是團隊成員？",
      "description": "https://adoptbotv2kb.blob.core.windows.net/%24web/AdoptBot2021-English.docx",
      "createdTime": "2021-11-17T07:23:40.4012712Z",
      "updatedTime": "2021-11-17T07:24:06.1307225Z",
      "createdUserId": "9c968d43-f7c2-4e28-895c-1f6bcefcd8be",
      "updatedUserId": "9c968d43-f7c2-4e28-895c-1f6bcefcd8be"
    }
  ],
  "dialogs": [
    {
      "rootNodeId": "103592c5-1261-4a03-bb3e-308bcf79853c",
      "messageNodes": [
        {
          "botMessageId": "98e423b8-c00b-4808-a9fe-5020a0ef6ff9",
          "nodeType": "BotMessageNode",
          "id": "103592c5-1261-4a03-bb3e-308bcf79853c",
          "defaultTargetNodeId": "c60767bb-9a83-4d26-bc37-894c26bb62ef"
        }
      ],
      "dialogChangeNodes": [
        {
          "targetDialogId": "new_topic_e2d1671328b941dbb60fa7150059b1ee_aeabea4d071f415c8c107e1cb7af5424_assumedsuccess",
          "nodeType": "DialogChangeNode",
          "id": "c60767bb-9a83-4d26-bc37-894c26bb62ef"
        }
      ],
      "id": "new_topic_cb21959f4ac24c5bb9403a37b493f393",
      "displayName": "Dialog for 什麼是團隊成員？",
      "createdTime": "2021-11-17T07:23:40.4012712Z",
      "updatedTime": "2021-11-17T07:24:06.1307225Z",
      "createdUserId": "9c968d43-f7c2-4e28-895c-1f6bcefcd8be",
      "updatedUserId": "9c968d43-f7c2-4e28-895c-1f6bcefcd8be"
    }
  ],
  "botMessages": [
    {
      "channelContent": {
        "web": {
          "contentFormat": "Markdown",
          "content": "團隊擁有者邀請加入團隊的人。"
        }
      },
      "id": "98e423b8-c00b-4808-a9fe-5020a0ef6ff9",
      "createdTime": "2021-11-17T07:23:40.4012712Z",
      "updatedTime": "2021-11-17T07:23:40.4012712Z",
      "createdUserId": "9c968d43-f7c2-4e28-895c-1f6bcefcd8be",
      "updatedUserId": "9c968d43-f7c2-4e28-895c-1f6bcefcd8be"
    }
  ]
}