{
  "intents": [
    {
      "endUserOverrideName": "Ripristinare canali o team cancellati",
      "triggerQueries": [
        "Posso recuperare un vecchio canale?",
        "Uno dei miei canali è sparito",
        "la mia squadra è stata cancellata!",
        "recuperare la mia squadra eliminata",
        "recuperare un canale cancellato",
        "recupero del canale cancellato",
        "Recupero del Team eliminato",
        "Posso recuperare un team eliminato?",
        "Come posso recuperare il mio team eliminato?",
        "Il mio vecchio team è stato cancellato",
        "Ripristinare il team eliminato",
        "Ripristinare il canale eliminato",
        "Ho cancellato per errore un canale",
        "ripristino team eliminato",
        "ripristino canale cancellato",
        "annullare eliminazione dei canali",
        "annullare eliminazione del team",
        "Posso ripristinare un team o un canale eliminato?"
      ],
      "dialogId": "new_topic_d30e423778d148dc9cf2ab0efee9c137",
      "isTriggeringEnabled": true,
      "id": "new_topic_d30e423778d148dc9cf2ab0efee9c137",
      "displayName": "Posso ripristinare un team o un canale eliminato?",
      "createdTime": "2022-04-28T12:50:43.4484594Z",
      "updatedTime": "2022-04-28T12:50:43.4484594Z",
      "createdUserId": "9451fc51-e00d-4445-8ff9-efb70866dc3b",
      "updatedUserId": "9451fc51-e00d-4445-8ff9-efb70866dc3b"
    }
  ],
  "dialogs": [
    {
      "rootNodeId": "ef180793-fb9d-4fc6-8fbb-5a4b92711c2d",
      "messageNodes": [
        {
          "botMessageId": "da3f22d8-d39e-415b-afa9-f0f17ac43718",
          "nodeType": "BotMessageNode",
          "id": "ef180793-fb9d-4fc6-8fbb-5a4b92711c2d",
          "defaultTargetNodeId": "b8bc623d-fef5-46c9-a171-820da3f1690b"
        },
        {
          "botMessageId": "f7013938-f198-47ba-b3e0-8c36a4808d21",
          "nodeType": "BotMessageNode",
          "id": "b8bc623d-fef5-46c9-a171-820da3f1690b",
          "defaultTargetNodeId": "26773248-7ea0-49ae-911d-79cc641d1bfe"
        }
      ],
      "dialogChangeNodes": [
        {
          "targetDialogId": "new_topic_f98a24608ee04cb998de3e3e32703d5b_aeabea4d071f415c8c107e1cb7af5424_assumedsuccess",
          "nodeType": "DialogChangeNode",
          "id": "26773248-7ea0-49ae-911d-79cc641d1bfe"
        }
      ],
      "id": "new_topic_d30e423778d148dc9cf2ab0efee9c137",
      "displayName": "Senza titolo",
      "createdTime": "2022-04-28T12:50:43.4484594Z",
      "updatedTime": "2022-04-28T12:50:43.4484594Z",
      "createdUserId": "9451fc51-e00d-4445-8ff9-efb70866dc3b",
      "updatedUserId": "9451fc51-e00d-4445-8ff9-efb70866dc3b"
    }
  ],
  "botMessages": [
    {
      "channelContent": {
        "web": {
          "contentFormat": "Markdown",
          "content": "Per ripristinare un team eliminato , parla con il tuo amministratore IT. Puoi condividere questo post del blog se hanno bisogno di istruzioni."
        }
      },
      "id": "da3f22d8-d39e-415b-afa9-f0f17ac43718",
      "createdTime": "2022-04-28T12:42:02.979Z",
      "updatedTime": "2022-04-28T12:42:02.979Z"
    },
    {
      "channelContent": {
        "web": {
          "contentFormat": "Markdown",
          "content": "Per **ripristinare un canale eliminato**\n\n1.  Vai al nome della squadra e seleziona **Altre opzioni** (...)\n2.  Selezionare **Gestisci il team**.\n3.  Vai alla scheda Canali e trova il canale nella sezione Eliminato.\n4.  Seleziona **Ripristina**. Tutte le conversazioni, i file e le schede dei canali verranno ripristinati."
        }
      },
      "id": "f7013938-f198-47ba-b3e0-8c36a4808d21",
      "createdTime": "2022-04-28T12:48:27.017Z",
      "updatedTime": "2022-04-28T12:48:27.017Z",
      "createdUserId": "user-0",
      "updatedUserId": "user-0"
    }
  ]
}