{
  "intents": [
    {
      "triggerQueries": [
        "Team 팀 표시 이름 변경 바꾸 바꾸기",
        "Team 팀 이름 변경 옵션",
        "팀 이름을 변경하려면 어떻게 해야 합니까?"
      ],
      "dialogId": "new_topic_04e2c5fed07342abbee6b8173ad5eae4",
      "isTriggeringEnabled": true,
      "id": "new_topic_04e2c5fed07342abbee6b8173ad5eae4",
      "displayName": "팀 이름을 변경하려면 어떻게 해야 합니까?",
      "description": "https://adoptbotv2kb.blob.core.windows.net/%24web/adoptbot2021-Korean.docx",
      "createdTime": "2021-03-18T03:39:18.7456548Z",
      "updatedTime": "2021-04-06T11:55:18.7425084Z",
      "createdUserId": "e47109d8-0300-4e59-a90d-56bb29886c9e",
      "updatedUserId": "e47109d8-0300-4e59-a90d-56bb29886c9e"
    }
  ],
  "dialogs": [
    {
      "rootNodeId": "2b8f9278-76d0-4b10-89bc-6b3e167b4e1f",
      "messageNodes": [
        {
          "botMessageId": "a29beea5-6510-4bad-9746-30ef9edae1f7",
          "nodeType": "BotMessageNode",
          "id": "2b8f9278-76d0-4b10-89bc-6b3e167b4e1f",
          "defaultTargetNodeId": "8c6bf9b2-5040-4ba7-86c1-506595f0be40"
        },
        {
          "botMessageId": "d56c8067-c395-4f23-b137-95c63148cbc9",
          "nodeType": "BotMessageNode",
          "id": "8c6bf9b2-5040-4ba7-86c1-506595f0be40",
          "defaultTargetNodeId": "4a7b68fa-b938-4d49-ac4f-ba07846a4292"
        }
      ],
      "dialogChangeNodes": [
        {
          "targetDialogId": "new_topic_2bf23930c1d146129dfe38bacb94ccd0_aeabea4d071f415c8c107e1cb7af5424_assumedsuccess",
          "nodeType": "DialogChangeNode",
          "id": "4a7b68fa-b938-4d49-ac4f-ba07846a4292"
        }
      ],
      "id": "new_topic_04e2c5fed07342abbee6b8173ad5eae4",
      "displayName": "Dialog for 팀 이름을 변경하려면 어떻게 해야 합니까?",
      "createdTime": "2021-03-18T03:39:18.7456548Z",
      "updatedTime": "2021-04-06T11:55:11.2346917Z",
      "createdUserId": "e47109d8-0300-4e59-a90d-56bb29886c9e",
      "updatedUserId": "e47109d8-0300-4e59-a90d-56bb29886c9e"
    }
  ],
  "botMessages": [
    {
      "channelContent": {
        "web": {
          "contentFormat": "Markdown",
          "content": "팀 이름으로 이동하여 기타 옵션> 팀 편집을 클릭합니다."
        }
      },
      "id": "a29beea5-6510-4bad-9746-30ef9edae1f7",
      "createdTime": "2021-03-18T03:39:18.7456548Z",
      "updatedTime": "2021-03-18T03:39:18.7456548Z",
      "createdUserId": "e47109d8-0300-4e59-a90d-56bb29886c9e",
      "updatedUserId": "e47109d8-0300-4e59-a90d-56bb29886c9e"
    },
    {
      "channelContent": {
        "web": {
          "contentFormat": "Markdown",
          "content": "거기에서 필요한 경우 팀 이름, 설명 및 개인 정보 설정을 설정할 수 있습니다."
        }
      },
      "id": "d56c8067-c395-4f23-b137-95c63148cbc9",
      "createdTime": "2021-04-06T11:54:38.834Z",
      "updatedTime": "2021-04-06T11:54:38.834Z",
      "createdUserId": "user-0",
      "updatedUserId": "user-0"
    }
  ],
  "createdUtc": "0001-01-01T00:00:00Z"
}