{
  "intents": [
    {
      "triggerQueries": [
        "Microsoft 마이크로소프트  Teams  팀즈 앱 사용",
        "Teams 팀즈 앱 스토어",
        "Teams 팀즈 앱 사용 이유",
        "App 앱 Teams 팀즈 어떻게 작동",
        "Teams App  앱 더 알고 싶음",
        "Teams  팀즈 App 앱 무엇",
        "Teams 팀즈 App 앱 사용",
        "Teams 앱 무엇 왜 App 앱 사용",
        "Teams의 앱은 무엇이며 왜 앱을 사용합니까?"
      ],
      "dialogId": "new_topic_f541b1e42a594deeab71d627e39cef39",
      "isTriggeringEnabled": true,
      "id": "new_topic_f541b1e42a594deeab71d627e39cef39",
      "displayName": "Teams의 앱은 무엇이며 왜 앱을 사용합니까?",
      "description": "https://adoptbotv2kb.blob.core.windows.net/%24web/adoptbot2021-Korean.docx",
      "createdTime": "2021-03-18T03:39:18.7446546Z",
      "updatedTime": "2021-04-09T07:29:06.8943307Z",
      "createdUserId": "e47109d8-0300-4e59-a90d-56bb29886c9e",
      "updatedUserId": "e47109d8-0300-4e59-a90d-56bb29886c9e"
    }
  ],
  "dialogs": [
    {
      "rootNodeId": "96b50458-112b-4047-9ac0-084e3f9f6c32",
      "messageNodes": [
        {
          "botMessageId": "226674d1-639f-4776-a1b2-8f6012e30201",
          "nodeType": "BotMessageNode",
          "id": "6d1d9b11-804f-4c1e-85e6-6777e71d00f0",
          "defaultTargetNodeId": "d08f4c49-f802-4c7b-bf1a-7b2cfe041eb5"
        },
        {
          "botMessageId": "7c94dc1e-3ed5-42f6-b870-438c40627323",
          "nodeType": "BotMessageNode",
          "id": "96b50458-112b-4047-9ac0-084e3f9f6c32",
          "defaultTargetNodeId": "6d1d9b11-804f-4c1e-85e6-6777e71d00f0"
        },
        {
          "botMessageId": "75ea569c-14e9-443d-a003-724fd39fcd97",
          "nodeType": "BotMessageNode",
          "id": "d08f4c49-f802-4c7b-bf1a-7b2cfe041eb5",
          "defaultTargetNodeId": "99baff02-25ce-4f8c-8370-25b3ae4a3a02"
        },
        {
          "botMessageId": "e9914b65-72d7-4311-bf6c-c21d2a355ea8",
          "nodeType": "BotMessageNode",
          "id": "99baff02-25ce-4f8c-8370-25b3ae4a3a02",
          "defaultTargetNodeId": "bc040149-f504-4101-8f2b-3480ed40972e"
        },
        {
          "botMessageId": "704ebfe8-7eff-4e9b-bf1e-585549fc85a1",
          "nodeType": "BotMessageNode",
          "id": "bc040149-f504-4101-8f2b-3480ed40972e",
          "defaultTargetNodeId": "d810d53a-32e3-4ce8-abf7-5f726c1ad908"
        },
        {
          "botMessageId": "276bb280-a711-4c84-a3e7-d67298080b5d",
          "nodeType": "BotMessageNode",
          "id": "d810d53a-32e3-4ce8-abf7-5f726c1ad908",
          "defaultTargetNodeId": "71137868-b9d1-4762-a3c5-6eeadb27ff02"
        },
        {
          "botMessageId": "e9c69eaf-9b3a-4507-809c-3fd1662002fd",
          "nodeType": "BotMessageNode",
          "id": "71137868-b9d1-4762-a3c5-6eeadb27ff02",
          "defaultTargetNodeId": "9dc7b7e6-2696-480e-a35e-675ac53938c8"
        }
      ],
      "dialogChangeNodes": [
        {
          "targetDialogId": "new_topic_2bf23930c1d146129dfe38bacb94ccd0_aeabea4d071f415c8c107e1cb7af5424_assumedsuccess",
          "nodeType": "DialogChangeNode",
          "id": "9dc7b7e6-2696-480e-a35e-675ac53938c8"
        }
      ],
      "id": "new_topic_f541b1e42a594deeab71d627e39cef39",
      "displayName": "Dialog for Teams의 앱은 무엇이며 왜 앱을 사용합니까?",
      "createdTime": "2021-03-18T03:39:18.7446546Z",
      "updatedTime": "2021-04-09T07:28:56.548792Z",
      "createdUserId": "e47109d8-0300-4e59-a90d-56bb29886c9e",
      "updatedUserId": "e47109d8-0300-4e59-a90d-56bb29886c9e"
    }
  ],
  "botMessages": [
    {
      "channelContent": {
        "web": {
          "contentFormat": "Markdown",
          "content": "**봇과 채팅**\n\n봇은 채널에서 답변, 업데이트 및 지원을 제공합니다. 봇들과 채팅하여 작업 관리, 일정 등에 대한 도움을 받을 수 있습니다."
        }
      },
      "id": "226674d1-639f-4776-a1b2-8f6012e30201",
      "createdTime": "2021-03-18T03:39:18.7446546Z",
      "updatedTime": "2021-03-18T03:39:18.7446546Z",
      "createdUserId": "e47109d8-0300-4e59-a90d-56bb29886c9e",
      "updatedUserId": "e47109d8-0300-4e59-a90d-56bb29886c9e"
    },
    {
      "channelContent": {
        "web": {
          "contentFormat": "Markdown",
          "content": "앱은 좋아하는 서비스에서 콘텐츠를 찾고 팀에서 바로 공유할 수 있도록 도와줍니다. 방법은 다음과 같습니다:"
        }
      },
      "id": "7c94dc1e-3ed5-42f6-b870-438c40627323",
      "createdTime": "2021-04-09T07:25:47.953Z",
      "updatedTime": "2021-04-09T07:25:47.953Z",
      "createdUserId": "user-0",
      "updatedUserId": "user-0"
    },
    {
      "channelContent": {
        "web": {
          "contentFormat": "Markdown",
          "content": "**탭에서 컨텐츠 공유**\n\n탭은 컨텐츠를 공유하고 서비스 기능을 사용할 수 있습니다. Excel, SharePoint, Zendesk 또는 원하는 웹 사이트와 같은 서비스에 연결합니다."
        }
      },
      "id": "75ea569c-14e9-443d-a003-724fd39fcd97",
      "createdTime": "2021-04-09T07:26:10.501Z",
      "updatedTime": "2021-04-09T07:26:10.501Z",
      "createdUserId": "user-0",
      "updatedUserId": "user-0"
    },
    {
      "channelContent": {
        "web": {
          "contentFormat": "Markdown",
          "content": "**커넥터에서 업데이트**\n\n커넥터는 업데이트와 정보를 채널로 직접 보냅니다.\n\n트위터, RSS 피드 및 GitHub와 같은 서비스에서 자동 업데이트를 가져옵니다."
        }
      },
      "id": "e9914b65-72d7-4311-bf6c-c21d2a355ea8",
      "createdTime": "2021-04-09T07:26:53.493Z",
      "updatedTime": "2021-04-09T07:26:53.493Z",
      "createdUserId": "user-0",
      "updatedUserId": "user-0"
    },
    {
      "channelContent": {
        "web": {
          "contentFormat": "Markdown",
          "content": "**메시지에 풍부한 콘텐츠를 추가**\n\n이러한 앱은 다른 서비스에서 콘텐츠를 찾아 메시지에 바로 보냅니다. 일기 예보, 일일 뉴스, 이미지 및 동영상과 같은 것들을 대화하는 모든 사람과 공유할 수 있습니다."
        }
      },
      "id": "704ebfe8-7eff-4e9b-bf1e-585549fc85a1",
      "createdTime": "2021-04-09T07:27:22.227Z",
      "updatedTime": "2021-04-09T07:27:22.227Z",
      "createdUserId": "user-0",
      "updatedUserId": "user-0"
    },
    {
      "channelContent": {
        "web": {
          "contentFormat": "Markdown",
          "content": "**앱을 추가 또는 만들기**\n\n스토어로 이동하여 Teams.에 [봇, 탭, 커넥터 또는 메시징 앱을](https://support.microsoft.com/ko-kr/office/add-an-app-to-microsoft-teams-b2217706-f7ed-4e64-8e96-c413afd02f77) 추가합니다. 관심이 있는 경우 [사용자 지정 앱을 빌드할](https://aka.ms/microsoftteamsplatform) 수도 있습니다."
        }
      },
      "id": "276bb280-a711-4c84-a3e7-d67298080b5d",
      "createdTime": "2021-04-09T07:27:30.003Z",
      "updatedTime": "2021-04-09T07:27:30.003Z",
      "createdUserId": "user-0",
      "updatedUserId": "user-0"
    },
    {
      "channelContent": {
        "web": {
          "contentFormat": "Markdown",
          "content": "_답변이 깁니다._\n\n스크롤을 올려야 할 수 있습니다. 🔼"
        }
      },
      "id": "e9c69eaf-9b3a-4507-809c-3fd1662002fd",
      "createdTime": "2021-04-09T07:28:05.013Z",
      "updatedTime": "2021-04-09T07:28:05.013Z",
      "createdUserId": "user-0",
      "updatedUserId": "user-0"
    }
  ],
  "createdUtc": "0001-01-01T00:00:00Z"
}