{
  "intents": [
    {
      "triggerQueries": [
        "Eine gesendete Nachricht löschen?",
        "Gesendete Nachricht rückgängig machen",
        "Löschen einer gesendeten Nachricht",
        "Ich versuche, eine gesendete Nachricht zu löschen, wie kann ich das tun?",
        "Kann ich eine gesendete Nachricht löschen?",
        "Wie lösche ich eine gesendete Nachricht?",
        "Ich habe eine Nachricht gesendet und möchte sie entfernen",
        "eine Nachricht löschen möchten, wie gehe ich vor?",
        "Ich versuche, eine gesendete Nachricht zu löschen, was sind die Schritte?"
      ],
      "dialogId": "new_topic_c822d2d077ab4b9e940d6525f84dffb2",
      "isTriggeringEnabled": true,
      "id": "new_topic_c822d2d077ab4b9e940d6525f84dffb2",
      "displayName": "Eine gesendete Nachricht löschen?",
      "description": "",
      "createdTime": "2021-04-19T07:06:49.9916386Z",
      "updatedTime": "2021-04-19T07:06:49.9916386Z",
      "createdUserId": "d4c65e50-fb5c-4311-830a-05b59a11dd48"
    }
  ],
  "dialogs": [
    {
      "rootNodeId": "f3b455e4-7459-4136-ba6f-c625df02d624",
      "messageNodes": [
        {
          "botMessageId": "45146053-41e0-4d32-b202-c7b85c298af7",
          "nodeType": "BotMessageNode",
          "id": "f3b455e4-7459-4136-ba6f-c625df02d624",
          "defaultTargetNodeId": "30ddaea1-01d5-4915-86e1-6dc81b252683"
        },
        {
          "botMessageId": "27227c34-6727-4942-bf77-91443be2846e",
          "nodeType": "BotMessageNode",
          "id": "30ddaea1-01d5-4915-86e1-6dc81b252683",
          "defaultTargetNodeId": "6ad8a081-67d6-4194-9d60-0ad2d7a31fe3"
        }
      ],
      "dialogChangeNodes": [
        {
          "targetDialogId": "new_topic_30867099f4b543d3b8543a85c22c3418_aeabea4d071f415c8c107e1cb7af5424_assumedsuccess",
          "nodeType": "DialogChangeNode",
          "id": "6ad8a081-67d6-4194-9d60-0ad2d7a31fe3"
        }
      ],
      "id": "new_topic_c822d2d077ab4b9e940d6525f84dffb2",
      "displayName": "Dialog for Eine gesendete Nachricht löschen?",
      "createdTime": "2021-04-19T07:06:49.9916386Z",
      "updatedTime": "2021-04-19T07:09:15.9350442Z",
      "createdUserId": "d4c65e50-fb5c-4311-830a-05b59a11dd48",
      "updatedUserId": "d4c65e50-fb5c-4311-830a-05b59a11dd48"
    }
  ],
  "botMessages": [
    {
      "channelContent": {
        "web": {
          "contentFormat": "Markdown",
          "content": "Wenn Sie etwas [rückgängig machen und löschen müssen, das](https://support.microsoft.com/de-de/office/redigera-eller-ta-bort-ett-skickat-meddelande-i-teams-5f1fe604-a900-4a07-b8b7-8cf70ed6b263?ui=sv-SE&rs=sv-SE&ad=SE)s [Sie gerade gesendet haben](https://support.microsoft.com/de-de/office/redigera-eller-ta-bort-ett-skickat-meddelande-i-teams-5f1fe604-a900-4a07-b8b7-8cf70ed6b263?ui=sv-SE&rs=sv-SE&ad=SE):\n\n1.  Wechseln Sie zur Nachricht und wählen Sie **weitere Optionen (...) > Löschen** (den Papierkorb) aus."
        }
      },
      "id": "45146053-41e0-4d32-b202-c7b85c298af7",
      "createdTime": "2021-04-19T07:06:49.9916386Z",
      "updatedTime": "2021-04-19T07:06:49.9916386Z",
      "createdUserId": "d4c65e50-fb5c-4311-830a-05b59a11dd48",
      "updatedUserId": "d4c65e50-fb5c-4311-830a-05b59a11dd48"
    },
    {
      "channelContent": {
        "web": {
          "contentFormat": "Markdown",
          "content": "Wenn Sie die Nachricht noch nicht gesendet haben, wählen Sie **Format** (A mit Stift) aus, um das Feld zu erweitern. Wählen Sie dann **Löschen** (den Papierkorb)."
        }
      },
      "id": "27227c34-6727-4942-bf77-91443be2846e",
      "createdTime": "2021-04-19T07:06:56.358Z",
      "updatedTime": "2021-04-19T07:06:56.358Z",
      "createdUserId": "user-0",
      "updatedUserId": "user-0"
    }
  ]
}