{
  "intents": [
    {
      "endUserOverrideName": "Limit creation of new teams?",
      "triggerQueries": [
        "Limit creation of new teams?",
        "Limit who can create Teams?",
        "Limit the creation of new teams",
        "Manage who can create teams",
        "Limit team creation within your organization",
        "approval process to create teams",
        "Restrictions on creating a team",
        "Stop creating new teams",
        "Prevent users from creating teams",
        "disable the creation of new teams",
        "Can we limit who can create Teams?"
      ],
      "dialogId": "new_topic_dac0a9c82fd94366896d2eb7ece10f52",
      "isTriggeringEnabled": true,
      "id": "new_topic_dac0a9c82fd94366896d2eb7ece10f52",
      "displayName": "Can we limit who can create teams?",
      "description": "https://adoptbotv2kb.blob.core.windows.net/%24web/AdoptBot2021-English.docx",
      "createdTime": "2021-01-13T22:20:51.2381463Z",
      "updatedTime": "2021-01-27T20:21:42.1228393Z",
      "createdUserId": "f04d3cd9-b73d-4ba9-a1ed-9319eba29b21",
      "updatedUserId": "f04d3cd9-b73d-4ba9-a1ed-9319eba29b21"
    }
  ],
  "dialogs": [
    {
      "rootNodeId": "d2518403-f549-48e6-b7bf-9b00304b9f77",
      "messageNodes": [
        {
          "botMessageId": "c7d081da-23f2-41f0-89cc-29d98c3f7d79",
          "nodeType": "BotMessageNode",
          "id": "d2518403-f549-48e6-b7bf-9b00304b9f77",
          "defaultTargetNodeId": "115da547-fac0-4188-a25a-7a9c10207a83"
        },
        {
          "botMessageId": "2c32c911-d6ec-4fb7-b0b8-55931ea5e4c6",
          "nodeType": "BotMessageNode",
          "id": "4d860839-4416-4569-b6e5-6eadb0533a66",
          "defaultTargetNodeId": "9b17cedf-16c0-4adb-a236-2b11bfa04c94"
        },
        {
          "botMessageId": "e6a7d249-dcf1-4eb0-87f5-78a784bcdb61",
          "nodeType": "BotMessageNode",
          "id": "9b17cedf-16c0-4adb-a236-2b11bfa04c94",
          "defaultTargetNodeId": "83283457-a955-49a9-ad24-829106ed0128"
        },
        {
          "botMessageId": "0d94a6be-89b9-448c-8222-b978c3bc8846",
          "nodeType": "BotMessageNode",
          "id": "83283457-a955-49a9-ad24-829106ed0128",
          "defaultTargetNodeId": "e7c91a1e-2206-44ab-9e18-34146be98ada"
        },
        {
          "botMessageId": "05ec6e65-ac3b-4640-a9a1-909554f7a086",
          "nodeType": "BotMessageNode",
          "id": "115da547-fac0-4188-a25a-7a9c10207a83",
          "defaultTargetNodeId": "4d860839-4416-4569-b6e5-6eadb0533a66"
        }
      ],
      "dialogChangeNodes": [
        {
          "targetDialogId": "new_topic_eac3f49c99664313a9d9dc19d80a79a2_aeabea4d071f415c8c107e1cb7af5424_assumedsuccess",
          "nodeType": "DialogChangeNode",
          "id": "e7c91a1e-2206-44ab-9e18-34146be98ada"
        }
      ],
      "id": "new_topic_dac0a9c82fd94366896d2eb7ece10f52",
      "displayName": "Dialog for Can we limit who can create Teams?",
      "createdTime": "2021-01-13T22:20:51.2381463Z",
      "updatedTime": "2021-01-27T20:21:53.7628959Z",
      "createdUserId": "f04d3cd9-b73d-4ba9-a1ed-9319eba29b21",
      "updatedUserId": "f04d3cd9-b73d-4ba9-a1ed-9319eba29b21"
    }
  ],
  "botMessages": [
    {
      "channelContent": {
        "web": {
          "contentFormat": "Markdown",
          "content": "_This topic is designed for Admins_"
        }
      },
      "id": "c7d081da-23f2-41f0-89cc-29d98c3f7d79",
      "createdTime": "2021-01-13T22:20:51.2381463Z",
      "updatedTime": "2021-01-13T22:20:51.2381463Z",
      "createdUserId": "f04d3cd9-b73d-4ba9-a1ed-9319eba29b21",
      "updatedUserId": "f04d3cd9-b73d-4ba9-a1ed-9319eba29b21"
    },
    {
      "channelContent": {
        "web": {
          "contentFormat": "Markdown",
          "content": "Organizations can have tighter control and limit the creation of new teams and thus the creation of new Microsoft 365 groups, by delegating group creation and management rights to a set of users."
        }
      },
      "id": "2c32c911-d6ec-4fb7-b0b8-55931ea5e4c6",
      "createdTime": "2021-01-27T20:16:03.715Z",
      "updatedTime": "2021-01-27T20:16:03.715Z",
      "createdUserId": "user-0",
      "updatedUserId": "user-0"
    },
    {
      "channelContent": {
        "web": {
          "contentFormat": "Markdown",
          "content": "For instructions, see [Manage who can create Microsoft 365 groups.](https://docs.microsoft.com/en-us/microsoft-365/solutions/manage-creation-of-groups?view=o365-worldwide)"
        }
      },
      "id": "e6a7d249-dcf1-4eb0-87f5-78a784bcdb61",
      "createdTime": "2021-01-27T20:16:58.755Z",
      "updatedTime": "2021-01-27T20:16:58.755Z",
      "createdUserId": "user-0",
      "updatedUserId": "user-0"
    },
    {
      "channelContent": {
        "web": {
          "contentFormat": "Markdown",
          "content": "💡**Tip:** _Check out the Teams app \"Request a Team\"_ [_Request-a-team - Free app template_](https://docs.microsoft.com/en-us/microsoftteams/platform/samples/app-templates)"
        }
      },
      "id": "0d94a6be-89b9-448c-8222-b978c3bc8846",
      "createdTime": "2021-01-27T20:17:05.372Z",
      "updatedTime": "2021-01-27T20:17:05.372Z",
      "createdUserId": "user-0",
      "updatedUserId": "user-0"
    },
    {
      "channelContent": {
        "web": {
          "contentFormat": "Markdown",
          "content": "By default, all users with an Exchange Online mailbox have permission to create Microsoft 365 groups and therefore a team in Microsoft Teams."
        }
      },
      "id": "05ec6e65-ac3b-4640-a9a1-909554f7a086",
      "createdTime": "2021-01-27T20:20:53.31Z",
      "updatedTime": "2021-01-27T20:20:53.31Z",
      "createdUserId": "user-0",
      "updatedUserId": "user-0"
    }
  ]
}