{
  "intents": [
    {
      "triggerQueries": [
        "Del kopi av en chat som epostmelding til Outlook",
        "Del en chat fra Teams til Outlook"
      ],
      "dialogId": "new_topic_9ba08ccc83cd45af8068edb4d7d20046",
      "isTriggeringEnabled": true,
      "id": "new_topic_9ba08ccc83cd45af8068edb4d7d20046",
      "displayName": "Del en chat fra Teams til Outlook",
      "description": "https://norwegianteams.blob.core.windows.net/norwegian-container/TIMA QA P19.docx",
      "createdTime": "2021-03-24T20:09:21.5452642Z",
      "updatedTime": "2021-04-06T18:25:24.5012185Z",
      "createdUserId": "ef0c8b9a-eff1-49f8-92fa-fd1d3e15e1ba",
      "updatedUserId": "ef0c8b9a-eff1-49f8-92fa-fd1d3e15e1ba"
    }
  ],
  "dialogs": [
    {
      "rootNodeId": "50fce7df-ac1d-48e9-be83-2701dcba1033",
      "messageNodes": [
        {
          "botMessageId": "97141382-ef39-420d-919c-b36adc051b02",
          "nodeType": "BotMessageNode",
          "id": "50fce7df-ac1d-48e9-be83-2701dcba1033",
          "defaultTargetNodeId": "6f7aca66-ffc5-4ed6-a382-e3c1a09bff12"
        }
      ],
      "dialogChangeNodes": [
        {
          "targetDialogId": "new_topic_89c49d37fd4c4c1c9144396960733ce1_aeabea4d071f415c8c107e1cb7af5424_assumedsuccess",
          "nodeType": "DialogChangeNode",
          "id": "6f7aca66-ffc5-4ed6-a382-e3c1a09bff12"
        }
      ],
      "id": "new_topic_9ba08ccc83cd45af8068edb4d7d20046",
      "displayName": "Dialog for Dele en chat fra Teams til Outlook",
      "createdTime": "2021-03-24T20:09:21.5452642Z",
      "updatedTime": "2021-04-06T18:25:16.5793745Z",
      "createdUserId": "ef0c8b9a-eff1-49f8-92fa-fd1d3e15e1ba",
      "updatedUserId": "ef0c8b9a-eff1-49f8-92fa-fd1d3e15e1ba"
    }
  ],
  "botMessages": [
    {
      "channelContent": {
        "web": {
          "contentFormat": "Markdown",
          "content": "I team kan du dele en kopi av en chat som en e-postmelding til Outlook.\n\n1.  Velg **Flere alternativer…**, og velg deretter alternativet **Del til Outlook** .\n2.  Velg mottaker(e). Du kan også legge til vedlegg eller tilpasse meldingen med kjente e-postalternativer.\n3.  Klikk deretter **Send** for å dele chatten."
        }
      },
      "id": "97141382-ef39-420d-919c-b36adc051b02",
      "createdTime": "2021-03-24T20:09:21.5452642Z",
      "updatedTime": "2021-03-24T20:09:21.5452642Z",
      "createdUserId": "ef0c8b9a-eff1-49f8-92fa-fd1d3e15e1ba",
      "updatedUserId": "ef0c8b9a-eff1-49f8-92fa-fd1d3e15e1ba"
    }
  ],
  "createdUtc": "0001-01-01T00:00:00Z"
}