{
  "intents": [
    {
      "endUserOverrideName": "Démarrer une conversation de groupe",
      "triggerQueries": [
        "Converser dans un groupe",
        "Démarrer une conversation de groupe",
        "Un groupe de chat",
        "Démarrer un chat de groupe",
        "Conversation de groupe",
        "Créer une conversation de groupe",
        "Ajouter une personne à une conversation"
      ],
      "dialogId": "new_topic_f1dbdc9959ee43afb1c765cf6ef00929",
      "isTriggeringEnabled": true,
      "id": "new_topic_f1dbdc9959ee43afb1c765cf6ef00929",
      "displayName": "Comment démarrer une conversation de groupe",
      "description": "",
      "createdTime": "2021-01-13T22:20:51.2371466Z",
      "updatedTime": "2021-05-25T00:54:10.3970002Z",
      "createdUserId": "f04d3cd9-b73d-4ba9-a1ed-9319eba29b21",
      "updatedUserId": "a2c4aa2c-d830-41eb-bcf4-467a2c7e1279"
    }
  ],
  "dialogs": [
    {
      "rootNodeId": "2cd9e077-293e-4d7b-82e3-1c9f82246d90",
      "messageNodes": [
        {
          "botMessageId": "dd9483bf-ce57-405e-aebe-286130ac5552",
          "nodeType": "BotMessageNode",
          "id": "2cd9e077-293e-4d7b-82e3-1c9f82246d90",
          "defaultTargetNodeId": "8071e047-a609-47f2-813f-27a7da479636"
        },
        {
          "botMessageId": "4ac0f1e0-c460-48dd-99d6-7853d9dbe036",
          "nodeType": "BotMessageNode",
          "id": "8071e047-a609-47f2-813f-27a7da479636",
          "defaultTargetNodeId": "e396f419-ac7a-4b27-b9ad-ee1f09d20d71"
        },
        {
          "botMessageId": "8f7b53cc-eab3-405e-912f-3d790f231793",
          "nodeType": "BotMessageNode",
          "id": "e396f419-ac7a-4b27-b9ad-ee1f09d20d71",
          "defaultTargetNodeId": "ce5a267e-97f8-463b-b113-984af6b75257"
        }
      ],
      "dialogChangeNodes": [
        {
          "targetDialogId": "new_topic_eac3f49c99664313a9d9dc19d80a79a2_aeabea4d071f415c8c107e1cb7af5424_assumedsuccess",
          "nodeType": "DialogChangeNode",
          "id": "ce5a267e-97f8-463b-b113-984af6b75257"
        }
      ],
      "id": "new_topic_f1dbdc9959ee43afb1c765cf6ef00929",
      "displayName": "Dialog for How do I start a group chat?",
      "createdTime": "2021-01-13T22:20:51.2371466Z",
      "updatedTime": "2021-05-21T09:36:32.270186Z",
      "createdUserId": "f04d3cd9-b73d-4ba9-a1ed-9319eba29b21",
      "updatedUserId": "e0b2a139-a3df-4f92-b6af-6b0d3038fe4b"
    }
  ],
  "botMessages": [
    {
      "channelContent": {
        "web": {
          "contentFormat": "Markdown",
          "content": "**Pour envoyer un message privé :**\n\n1.  Depuis la section de conversation, cliquer sur **Nouvelle conversation** en haut de la liste de vos  conversations.\n2.  Dans le champ **À**, taper le nom d'un personne avec qui vous souhaitez converser.\n3.  Vous pouvez rajouter plusieurs autres personnes également.\n4.  Écrire votre message et appuyer sur **Envoyer**."
        }
      },
      "id": "dd9483bf-ce57-405e-aebe-286130ac5552",
      "createdTime": "2021-01-13T22:20:51.2371466Z",
      "updatedTime": "2021-01-13T22:20:51.2371466Z",
      "createdUserId": "f04d3cd9-b73d-4ba9-a1ed-9319eba29b21",
      "updatedUserId": "f04d3cd9-b73d-4ba9-a1ed-9319eba29b21"
    },
    {
      "channelContent": {
        "web": {
          "contentFormat": "Markdown",
          "content": "**Pour ajouter quelqu'un dans une conversation existante.**\n\n1.  Cliquer simplement sur la liste des participants et **Ajouter des personnes**.\n\nVous pouvez définir si la personne ajoutée a accès à l'historique de conversation ou non."
        }
      },
      "id": "4ac0f1e0-c460-48dd-99d6-7853d9dbe036",
      "createdTime": "2021-01-27T19:30:18.921Z",
      "updatedTime": "2021-01-27T19:30:18.921Z",
      "createdUserId": "user-0",
      "updatedUserId": "user-0"
    },
    {
      "channelContent": {
        "web": {
          "contentFormat": "Markdown",
          "content": "💡 **Astuce** **:** _Rappelez-vous de donner un nom à votre conversation de groupe. Ce sera plus simple de le retrouver et l'objectif de ce groupe sera plus clair._"
        }
      },
      "id": "8f7b53cc-eab3-405e-912f-3d790f231793",
      "createdTime": "2021-01-27T19:30:48.156Z",
      "updatedTime": "2021-01-27T19:30:48.156Z",
      "createdUserId": "user-0",
      "updatedUserId": "user-0"
    }
  ],
  "createdUtc": "0001-01-01T00:00:00Z"
}