{
  "intents": [
    {
      "endUserOverrideName": "查看隱藏的頻道",
      "triggerQueries": [
        "What are the steps to view a hidden channel?",
        "Show hidden channel",
        "I want to show a hidden channel",
        "I want to see all the hidden channels",
        "undo that I've hidden a channel",
        "How do I see a hidden channel?",
        "I want to show a channel I previously hidden",
        "undoing hidden channel",
        "viewing a hidden channel",
        "How do I view a hidden channel?",
        "查看隱藏頻道的步驟是什麼？",
        "顯示隱藏的頻道",
        "我想顯示隱藏的頻道",
        "我想查看所有隱藏的頻道",
        "取消隱藏頻道",
        "如何查看隱藏的頻道？",
        "我想顯示我以前隱藏的頻道",
        "查看隱藏的頻道"
      ],
      "dialogId": "new_topic_42635aff1f9c49a88095a7ce62c5c48a",
      "isTriggeringEnabled": true,
      "id": "new_topic_42635aff1f9c49a88095a7ce62c5c48a",
      "displayName": "如何查看隱藏的頻道？",
      "description": "https://adoptbotv2kb.blob.core.windows.net/%24web/AdoptBot2021-English.docx",
      "createdTime": "2021-11-17T05:09:23.1585194Z",
      "updatedTime": "2021-11-17T05:09:41.0339556Z",
      "createdUserId": "9c968d43-f7c2-4e28-895c-1f6bcefcd8be",
      "updatedUserId": "9c968d43-f7c2-4e28-895c-1f6bcefcd8be"
    }
  ],
  "dialogs": [
    {
      "rootNodeId": "f56685bf-9137-4b70-a8ed-1b234284008b",
      "messageNodes": [
        {
          "botMessageId": "83a69aec-3ce2-40f0-98ff-7e08151b3ad6",
          "nodeType": "BotMessageNode",
          "id": "f56685bf-9137-4b70-a8ed-1b234284008b",
          "defaultTargetNodeId": "6e97c385-9a05-4f45-8a6b-29d3aa407baa"
        }
      ],
      "dialogChangeNodes": [
        {
          "targetDialogId": "new_topic_e2d1671328b941dbb60fa7150059b1ee_aeabea4d071f415c8c107e1cb7af5424_assumedsuccess",
          "nodeType": "DialogChangeNode",
          "id": "6e97c385-9a05-4f45-8a6b-29d3aa407baa"
        }
      ],
      "id": "new_topic_42635aff1f9c49a88095a7ce62c5c48a",
      "displayName": "Dialog for 如何查看隱藏的頻道？",
      "createdTime": "2021-11-17T05:09:23.1585194Z",
      "updatedTime": "2021-11-17T05:09:41.0339556Z",
      "createdUserId": "9c968d43-f7c2-4e28-895c-1f6bcefcd8be",
      "updatedUserId": "9c968d43-f7c2-4e28-895c-1f6bcefcd8be"
    }
  ],
  "botMessages": [
    {
      "channelContent": {
        "web": {
          "contentFormat": "Markdown",
          "content": "進入您的團隊名稱並按下隱藏頻道。在要查看的頻道清單中查看的任何頻道上選擇「顯示」。"
        }
      },
      "id": "83a69aec-3ce2-40f0-98ff-7e08151b3ad6",
      "createdTime": "2021-11-17T05:09:23.1585194Z",
      "updatedTime": "2021-11-17T05:09:23.1585194Z",
      "createdUserId": "9c968d43-f7c2-4e28-895c-1f6bcefcd8be",
      "updatedUserId": "9c968d43-f7c2-4e28-895c-1f6bcefcd8be"
    }
  ]
}