{
  "intents": [
    {
      "triggerQueries": [
        "praca z domu na platformie Microsoft 365",
        "Jak Teams są połączone z platformą Microsoft 365?",
        "Praca zdalnie na platformie Microsoft 365?",
        "Jakich narzędzi mogę używać, gdy pracuję w domu?",
        "praca zdalna z usługą Office 365",
        "Jak pracować zdalnie z dowolnego miejsca (M365)?",
        "Jak pracować zdalnie z dowolnego miejsca?"
      ],
      "dialogId": "new_topic_def08a9f39a246a9a1a2ca67ac2db738",
      "isTriggeringEnabled": true,
      "id": "new_topic_def08a9f39a246a9a1a2ca67ac2db738",
      "displayName": "Jak pracować zdalnie z dowolnego miejsca?",
      "description": "",
      "createdTime": "2021-09-27T10:44:38.406351Z",
      "updatedTime": "2021-10-06T14:46:17.8488486Z",
      "createdUserId": "28fac8cb-bec7-48c9-a688-5024cf318b8a",
      "updatedUserId": "28fac8cb-bec7-48c9-a688-5024cf318b8a"
    }
  ],
  "dialogs": [
    {
      "rootNodeId": "9a3a672a-b74a-4b5d-897a-385c37d29781",
      "messageNodes": [
        {
          "botMessageId": "eddeba88-8554-4851-befd-ee3eee6b1042",
          "nodeType": "BotMessageNode",
          "id": "9a3a672a-b74a-4b5d-897a-385c37d29781",
          "defaultTargetNodeId": "71842217-e016-46db-81b9-eca163ca4d4d"
        }
      ],
      "dialogChangeNodes": [
        {
          "targetDialogId": "new_topic_d4ee79ce05584b519ee7d416fda7e2a3_aeabea4d071f415c8c107e1cb7af5424_assumedsuccess",
          "nodeType": "DialogChangeNode",
          "id": "71842217-e016-46db-81b9-eca163ca4d4d"
        }
      ],
      "id": "new_topic_def08a9f39a246a9a1a2ca67ac2db738",
      "displayName": "Dialog for Jak pracować zdalnie z dowolnego miejsca?",
      "createdTime": "2021-09-27T10:44:38.406351Z",
      "updatedTime": "2021-09-27T10:45:04.0842484Z",
      "createdUserId": "28fac8cb-bec7-48c9-a688-5024cf318b8a",
      "updatedUserId": "28fac8cb-bec7-48c9-a688-5024cf318b8a"
    }
  ],
  "botMessages": [
    {
      "channelContent": {
        "web": {
          "contentFormat": "Markdown",
          "content": "O tym, jak lepiej współpracować we wszystkich aplikacjach usługi Microsoft 365 przeczytasz w artykule [Współpraca z platformą Microsoft 365](https://support.microsoft.com/pl-pl/office/wsp%C3%B3%C5%82praca-z-dowolnego-miejsca-przy-u%C5%BCyciu-platformy-microsoft-365-ac05a41e-0b49-4420-9ebc-190ee4e744f4)."
        }
      },
      "id": "eddeba88-8554-4851-befd-ee3eee6b1042",
      "createdTime": "2021-09-27T10:44:38.406351Z",
      "updatedTime": "2021-09-27T10:44:38.406351Z",
      "createdUserId": "28fac8cb-bec7-48c9-a688-5024cf318b8a",
      "updatedUserId": "28fac8cb-bec7-48c9-a688-5024cf318b8a"
    }
  ],
  "createdUtc": "0001-01-01T00:00:00Z"
}