{
  "intents": [
    {
      "endUserOverrideName": "在 Teams 中建立頻道",
      "triggerQueries": [
        "建立團隊頻道",
        "誰可以在團隊中建立頻道？",
        "在團隊中創建頻道",
        "如何阻止成員新增頻道？",
        "每個人都可以在團隊中添加頻道嗎？",
        "在團隊中添加頻道",
        "在我的團隊中設置一個新頻道",
        "建立新頻道",
        "如何在Teams中創建頻道？",
        "在 Teams 中建立頻道",
        "創立頻道",
        "新頻道",
        "建立新頻道",
        "禁止成員新增頻道",
        "禁止新增頻道",
        "在團隊中建立頻道",
        "誰能建立頻道",
        "建立頻道",
        "加頻道",
        "增加頻道",
        "adding channels in my team",
        "creating team channels",
        "who can create channels in a team?",
        "Create channels in a team",
        "How do stop members from adding channels?",
        "Can everyone add channels in a Team?",
        "Add a channel in a team",
        "Setup a new channel in my team",
        "Make a new channel",
        "How do I create a channel in a team?",
        "Create a channel in a team"
      ],
      "dialogId": "new_topic_87a7cc144e8c4bc2a64946659127f16e",
      "isTriggeringEnabled": true,
      "id": "new_topic_87a7cc144e8c4bc2a64946659127f16e",
      "displayName": "怎麼建立頻道",
      "description": "",
      "createdTime": "2021-11-17T06:32:27.7627776Z",
      "updatedTime": "2021-11-17T06:34:23.8039012Z",
      "createdUserId": "9c968d43-f7c2-4e28-895c-1f6bcefcd8be",
      "updatedUserId": "9c968d43-f7c2-4e28-895c-1f6bcefcd8be"
    }
  ],
  "dialogs": [
    {
      "rootNodeId": "4d864a5d-c426-4034-a5a9-69fc79d48b1a",
      "messageNodes": [
        {
          "botMessageId": "cdca2339-88f6-442b-a337-d90d9b7a745a",
          "nodeType": "BotMessageNode",
          "id": "4d864a5d-c426-4034-a5a9-69fc79d48b1a",
          "defaultTargetNodeId": "d4ecb61f-713f-4e60-9708-d527c532a37c"
        },
        {
          "botMessageId": "8dd6eacb-68fb-4961-af5a-00cb273b10ea",
          "nodeType": "BotMessageNode",
          "id": "d4ecb61f-713f-4e60-9708-d527c532a37c",
          "defaultTargetNodeId": "e6cf8e4e-b4b4-4d8d-a982-7eecade9ff64"
        },
        {
          "botMessageId": "086e6cea-e1f9-4c9f-a87a-68fd8c337325",
          "nodeType": "BotMessageNode",
          "id": "e6cf8e4e-b4b4-4d8d-a982-7eecade9ff64",
          "defaultTargetNodeId": "76c32c3b-778f-4d5c-8162-8953d7fe66e3"
        }
      ],
      "dialogChangeNodes": [
        {
          "targetDialogId": "new_topic_e2d1671328b941dbb60fa7150059b1ee_aeabea4d071f415c8c107e1cb7af5424_assumedsuccess",
          "nodeType": "DialogChangeNode",
          "id": "76c32c3b-778f-4d5c-8162-8953d7fe66e3"
        }
      ],
      "id": "new_topic_87a7cc144e8c4bc2a64946659127f16e",
      "displayName": "Dialog for 怎麼建立頻道",
      "createdTime": "2021-11-17T06:32:27.7627776Z",
      "updatedTime": "2021-11-17T06:34:23.8039012Z",
      "createdUserId": "9c968d43-f7c2-4e28-895c-1f6bcefcd8be",
      "updatedUserId": "9c968d43-f7c2-4e28-895c-1f6bcefcd8be"
    }
  ],
  "botMessages": [
    {
      "channelContent": {
        "web": {
          "contentFormat": "Markdown",
          "content": "根據預設，所有團隊成員都能建立頻道。\n\n找到團隊名稱後點擊**更多選項(...)>新增頻道**"
        }
      },
      "id": "cdca2339-88f6-442b-a337-d90d9b7a745a",
      "createdTime": "2021-11-17T06:32:27.7627776Z",
      "updatedTime": "2021-11-17T06:32:27.7627776Z",
      "createdUserId": "9c968d43-f7c2-4e28-895c-1f6bcefcd8be",
      "updatedUserId": "9c968d43-f7c2-4e28-895c-1f6bcefcd8be"
    },
    {
      "channelContent": {
        "web": {
          "contentFormat": "Markdown",
          "content": "根據預設，所有團隊成員都能建立頻道。\n\n找到團隊名稱後點擊**更多選項(...)>新增頻道**"
        }
      },
      "id": "8dd6eacb-68fb-4961-af5a-00cb273b10ea",
      "createdTime": "2021-11-17T06:33:12.542Z",
      "updatedTime": "2021-11-17T06:33:12.542Z",
      "createdUserId": "user-0",
      "updatedUserId": "user-0"
    },
    {
      "channelContent": {
        "web": {
          "contentFormat": "Markdown",
          "content": "💡 **Tip:** 只有在有需求的時候再建立頻道。太多的頻道可能會變得複雜。「一般」頻道就相當夠用了。"
        }
      },
      "id": "086e6cea-e1f9-4c9f-a87a-68fd8c337325",
      "createdTime": "2021-11-17T06:33:16.765Z",
      "updatedTime": "2021-11-17T06:33:16.765Z",
      "createdUserId": "user-0",
      "updatedUserId": "user-0"
    }
  ]
}