{
  "intents": [
    {
      "endUserOverrideName": "Apps in Teams nutzen",
      "triggerQueries": [
        "Was sind Apps in Teams?",
        "Zeig mir mehr über Apps in Teams",
        "Wie funktionieren Apps in Teams?",
        "Warum Apps in Teams nutzen",
        "Teams App Store",
        "App store in Teams",
        "Apps in Teams nutzen",
        "Was sind Apps in Teams und warum sollte ich sie verwenden?"
      ],
      "dialogId": "new_topic_b8e43d1b7a38403aa5f3e389d12c04ee",
      "isTriggeringEnabled": true,
      "id": "new_topic_b8e43d1b7a38403aa5f3e389d12c04ee",
      "displayName": "Was sind Apps in Teams und warum sollte ich sie verwenden?",
      "description": "https://adoptbotv2kb.blob.core.windows.net/%24web/AdoptBot2021-English.docx",
      "createdTime": "2021-04-18T21:19:55.7745885Z",
      "updatedTime": "2021-04-18T21:19:55.7745885Z",
      "createdUserId": "86360cd1-faa6-4d16-8a0c-ba3116c8a977"
    }
  ],
  "dialogs": [
    {
      "rootNodeId": "9bab0f1f-6cd8-44f5-a367-54722839ace7",
      "messageNodes": [
        {
          "botMessageId": "5067a5ad-cb7b-4637-9b91-29ce2a5b1ed6",
          "nodeType": "BotMessageNode",
          "id": "9bab0f1f-6cd8-44f5-a367-54722839ace7",
          "defaultTargetNodeId": "514fe276-dea2-4081-acdb-db8e01a8da85"
        },
        {
          "botMessageId": "5b2acaa3-3c4c-4272-9a34-88324017e58a",
          "nodeType": "BotMessageNode",
          "id": "514fe276-dea2-4081-acdb-db8e01a8da85",
          "defaultTargetNodeId": "1e58c709-d05d-4244-abdc-2330e6e21b36"
        },
        {
          "botMessageId": "9fa79775-63ab-4fc9-8899-488ed037e9f4",
          "nodeType": "BotMessageNode",
          "id": "1e58c709-d05d-4244-abdc-2330e6e21b36",
          "defaultTargetNodeId": "9e07a82d-7790-4b91-9bc9-eb93de425391"
        },
        {
          "botMessageId": "ec9f2e2a-2d88-4c31-bce9-bb2777654911",
          "nodeType": "BotMessageNode",
          "id": "9e07a82d-7790-4b91-9bc9-eb93de425391",
          "defaultTargetNodeId": "f8b6a609-0808-4e5c-b39d-edb188cc05f0"
        },
        {
          "botMessageId": "5f017c49-0f18-490f-88ec-8178a7bc01af",
          "nodeType": "BotMessageNode",
          "id": "f8b6a609-0808-4e5c-b39d-edb188cc05f0",
          "defaultTargetNodeId": "d4c09a28-bce3-47dd-827e-bfb384dea9b0"
        },
        {
          "botMessageId": "f680de36-aca3-418a-8f3a-caa9cee5b2be",
          "nodeType": "BotMessageNode",
          "id": "d4c09a28-bce3-47dd-827e-bfb384dea9b0",
          "defaultTargetNodeId": "b4320840-656f-4887-8fa2-8241fa97f219"
        },
        {
          "botMessageId": "cb4b03c4-84be-4496-9c1e-9b47e3c6fd0f",
          "nodeType": "BotMessageNode",
          "id": "b4320840-656f-4887-8fa2-8241fa97f219",
          "defaultTargetNodeId": "0287520e-1ff8-4d4e-9efa-b6919323d822"
        }
      ],
      "dialogChangeNodes": [
        {
          "targetDialogId": "new_topic_30867099f4b543d3b8543a85c22c3418_aeabea4d071f415c8c107e1cb7af5424_assumedsuccess",
          "nodeType": "DialogChangeNode",
          "id": "0287520e-1ff8-4d4e-9efa-b6919323d822"
        }
      ],
      "id": "new_topic_b8e43d1b7a38403aa5f3e389d12c04ee",
      "displayName": "Dialog for Was sind Apps in Teams und warum sollte ich sie verwenden?",
      "createdTime": "2021-04-18T21:19:55.7745885Z",
      "updatedTime": "2021-04-18T21:23:06.0088882Z",
      "createdUserId": "86360cd1-faa6-4d16-8a0c-ba3116c8a977",
      "updatedUserId": "86360cd1-faa6-4d16-8a0c-ba3116c8a977"
    }
  ],
  "botMessages": [
    {
      "channelContent": {
        "web": {
          "contentFormat": "Markdown",
          "content": "Apps helfen Ihnen, Inhalte von Ihren Lieblingsdiensten zu finden und sie direkt in Teams zu teilen. So geht's:"
        }
      },
      "id": "5067a5ad-cb7b-4637-9b91-29ce2a5b1ed6",
      "createdTime": "2021-04-18T21:19:55.7745885Z",
      "updatedTime": "2021-04-18T21:19:55.7745885Z",
      "createdUserId": "86360cd1-faa6-4d16-8a0c-ba3116c8a977",
      "updatedUserId": "86360cd1-faa6-4d16-8a0c-ba3116c8a977"
    },
    {
      "channelContent": {
        "web": {
          "contentFormat": "Markdown",
          "content": "**Chatten mit einem Bot**\n\nBots bieten Antworten, Aktualisierungen und Unterstützung in einem Kanal. Sie können mit ihnen chatten, um Hilfe bei der Aufgabenverwaltung, Terminplanung und mehr zu erhalten."
        }
      },
      "id": "5b2acaa3-3c4c-4272-9a34-88324017e58a",
      "createdTime": "2021-04-18T21:20:14.11Z",
      "updatedTime": "2021-04-18T21:20:14.11Z",
      "createdUserId": "user-0",
      "updatedUserId": "user-0"
    },
    {
      "channelContent": {
        "web": {
          "contentFormat": "Markdown",
          "content": "**Freigeben von Inhalten auf einer Registerkarte**\n\nMit Registerkarten können Sie Inhalte und Funktionen eines Dienstes in einem Kanal freigeben. Verbinden Sie sich mit Diensten wie Excel, SharePoint, Zendesk oder einer Website Ihrer Wahl."
        }
      },
      "id": "9fa79775-63ab-4fc9-8899-488ed037e9f4",
      "createdTime": "2021-04-18T21:20:53.214Z",
      "updatedTime": "2021-04-18T21:20:53.214Z",
      "createdUserId": "user-0",
      "updatedUserId": "user-0"
    },
    {
      "channelContent": {
        "web": {
          "contentFormat": "Markdown",
          "content": "**Updates von einem Konnektor erhalten**\n\nConnectors senden Updates und Informationen direkt an einen Channel. Erhalten Sie automatische Updates von Diensten wie Twitter, RSS-Feeds und GitHub."
        }
      },
      "id": "ec9f2e2a-2d88-4c31-bce9-bb2777654911",
      "createdTime": "2021-04-18T21:21:09.927Z",
      "updatedTime": "2021-04-18T21:21:09.927Z",
      "createdUserId": "user-0",
      "updatedUserId": "user-0"
    },
    {
      "channelContent": {
        "web": {
          "contentFormat": "Markdown",
          "content": "**Hinzufügen von reichhaltigen Inhalten zu Ihren Nachrichten**\n\nDiese Apps finden Inhalte von verschiedenen Diensten und senden sie direkt an eine Nachricht. Sie können Dinge wie Wetterberichte, Tagesnachrichten, Bilder und Videos mit jedem teilen, mit dem Sie sprechen."
        }
      },
      "id": "5f017c49-0f18-490f-88ec-8178a7bc01af",
      "createdTime": "2021-04-18T21:21:23.663Z",
      "updatedTime": "2021-04-18T21:21:23.663Z",
      "createdUserId": "user-0",
      "updatedUserId": "user-0"
    },
    {
      "channelContent": {
        "web": {
          "contentFormat": "Markdown",
          "content": "**Laden oder erstellen Sie eine App**\n\nGehen Sie zum Store, um einen Bot, eine Registerkarte, einen Connector oder eine Messaging-App zu Teams hinzuzufügen. Wenn Sie interessiert sind, können Sie sogar Ihre eigene benutzerdefinierte App erstellen."
        }
      },
      "id": "f680de36-aca3-418a-8f3a-caa9cee5b2be",
      "createdTime": "2021-04-18T21:22:16.935Z",
      "updatedTime": "2021-04-18T21:22:16.935Z",
      "createdUserId": "user-0",
      "updatedUserId": "user-0"
    },
    {
      "channelContent": {
        "web": {
          "contentFormat": "Markdown",
          "content": "_Dies ist eine lange Antwort._\n\n_Sie müssen möglicherweise nach oben scrollen 🔼._"
        }
      },
      "id": "cb4b03c4-84be-4496-9c1e-9b47e3c6fd0f",
      "createdTime": "2021-04-18T21:22:53.198Z",
      "updatedTime": "2021-04-18T21:22:53.198Z",
      "createdUserId": "user-0",
      "updatedUserId": "user-0"
    }
  ]
}