{
  "intents": [
    {
      "triggerQueries": [
        "Was ist Microsoft 365?",
        "Was ist O365?",
        "Was ist M365?",
        "Was bedeutet Microsoft 365?",
        "Ist Microsoft 365 mit Office 365 identisch?",
        "Was ist Office 365?",
        "Was ist Microsoft Office 365?",
        "Office 365 oder Microsoft 365?",
        "Übersicht über Microsoft 365"
      ],
      "dialogId": "new_topic_114761e85c844745811140fa310f1dcf",
      "isTriggeringEnabled": true,
      "id": "new_topic_114761e85c844745811140fa310f1dcf",
      "displayName": "Was ist Microsoft 365?",
      "description": "",
      "createdTime": "2021-04-16T07:29:48.4931135Z",
      "updatedTime": "2021-04-16T07:29:48.4931135Z",
      "createdUserId": "d4c65e50-fb5c-4311-830a-05b59a11dd48"
    }
  ],
  "dialogs": [
    {
      "rootNodeId": "7cc8f828-81e9-45d1-8c96-953c98050370",
      "messageNodes": [
        {
          "botMessageId": "007ee4e3-6822-420e-89fe-bb6c79eaf552",
          "nodeType": "BotMessageNode",
          "id": "7cc8f828-81e9-45d1-8c96-953c98050370",
          "defaultTargetNodeId": "e371e081-3dcf-46de-8300-e4cbf4c63e41"
        }
      ],
      "dialogChangeNodes": [
        {
          "targetDialogId": "new_topic_30867099f4b543d3b8543a85c22c3418_aeabea4d071f415c8c107e1cb7af5424_assumedsuccess",
          "nodeType": "DialogChangeNode",
          "id": "e371e081-3dcf-46de-8300-e4cbf4c63e41"
        }
      ],
      "id": "new_topic_114761e85c844745811140fa310f1dcf",
      "displayName": "Dialog for Was ist Microsoft 365?",
      "createdTime": "2021-04-16T07:29:48.4931135Z",
      "updatedTime": "2021-04-16T07:30:59.178015Z",
      "createdUserId": "d4c65e50-fb5c-4311-830a-05b59a11dd48",
      "updatedUserId": "d4c65e50-fb5c-4311-830a-05b59a11dd48"
    }
  ],
  "botMessages": [
    {
      "channelContent": {
        "web": {
          "contentFormat": "Markdown",
          "content": "Microsoft 365 ist das universelle Toolkit für die Online Zusammenarbeit.\n\n[Lesen Sie mehr hier!](https://www.microsoft.com/de-de/microsoft-365)"
        }
      },
      "id": "007ee4e3-6822-420e-89fe-bb6c79eaf552",
      "createdTime": "2021-04-16T07:29:48.4931135Z",
      "updatedTime": "2021-04-16T07:29:48.4931135Z",
      "createdUserId": "d4c65e50-fb5c-4311-830a-05b59a11dd48",
      "updatedUserId": "d4c65e50-fb5c-4311-830a-05b59a11dd48"
    }
  ],
  "createdUtc": "0001-01-01T00:00:00Z"
}