{
  "intents": [
    {
      "endUserOverrideName": "Planifier une réunion Teams",
      "triggerQueries": [
        "Comment créer une réunion ?",
        "Où puis-je créer des réunions Teams?",
        "créer une nouvelle réunion",
        "planification des réunions Teams",
        "Calendrier des réunions Teams",
        "Comment planifier des réunions?",
        "Comment puis-je planifier une réunion Teams?",
        "Planifier une réunion à partir d'Outlook?",
        "Je veux faire une réunion!",
        "Planifier une réunion directement dans Teams?",
        "Planifier une réunion",
        "Planifier une réunion récurrente",
        "planifier une réunion Teams depuis le calendrier",
        "planifier une réunion depuis mon calendrier",
        "Planifier une réunion dans Teams",
        "Puis-je planifier une réunion depuis Teams directement?"
      ],
      "dialogId": "new_topic_f63b9be050434e7bab64aafcfea24348",
      "isTriggeringEnabled": true,
      "id": "new_topic_f63b9be050434e7bab64aafcfea24348",
      "displayName": "Puis-je planifier une réunion depuis Teams directement ?",
      "description": "",
      "createdTime": "2021-01-13T22:20:51.2381463Z",
      "updatedTime": "2021-05-24T21:48:12.5699695Z",
      "createdUserId": "f04d3cd9-b73d-4ba9-a1ed-9319eba29b21",
      "updatedUserId": "a2c4aa2c-d830-41eb-bcf4-467a2c7e1279"
    }
  ],
  "dialogs": [
    {
      "rootNodeId": "ce0ef29c-c493-4192-88ad-29aa9f632088",
      "messageNodes": [
        {
          "botMessageId": "64cfc56d-374e-4dde-90ec-a60ebaf1f7a7",
          "nodeType": "BotMessageNode",
          "id": "ce0ef29c-c493-4192-88ad-29aa9f632088",
          "defaultTargetNodeId": "4b9d4cac-07f5-4822-b443-f1a37a1829ef"
        },
        {
          "botMessageId": "4e3c2b82-2a8f-43b0-9972-6cda77c657af",
          "nodeType": "BotMessageNode",
          "id": "4b9d4cac-07f5-4822-b443-f1a37a1829ef",
          "defaultTargetNodeId": "61dc7052-9ea4-41f7-92d9-3f5d4c81ec3e"
        },
        {
          "botMessageId": "3d63377f-f02f-422e-b7c1-8fdc41807640",
          "nodeType": "BotMessageNode",
          "id": "61dc7052-9ea4-41f7-92d9-3f5d4c81ec3e",
          "defaultTargetNodeId": "8066bf65-90a9-4abd-9402-908143d254bf"
        }
      ],
      "dialogChangeNodes": [
        {
          "targetDialogId": "new_topic_eac3f49c99664313a9d9dc19d80a79a2_aeabea4d071f415c8c107e1cb7af5424_assumedsuccess",
          "nodeType": "DialogChangeNode",
          "id": "8066bf65-90a9-4abd-9402-908143d254bf"
        }
      ],
      "id": "new_topic_f63b9be050434e7bab64aafcfea24348",
      "displayName": "Dialog for Can I schedule a meeting directly from Teams?",
      "createdTime": "2021-01-13T22:20:51.2381463Z",
      "updatedTime": "2021-05-24T21:49:23.9289136Z",
      "createdUserId": "f04d3cd9-b73d-4ba9-a1ed-9319eba29b21",
      "updatedUserId": "a2c4aa2c-d830-41eb-bcf4-467a2c7e1279"
    }
  ],
  "botMessages": [
    {
      "channelContent": {
        "web": {
          "contentFormat": "Markdown",
          "content": "Les réunions peuvent être configurées soit dans Microsoft Teams, soit dans Outlook. La réunion se fera de la même façon. \n\nTentez de planifier votre réunion directement dans Teams!"
        }
      },
      "id": "64cfc56d-374e-4dde-90ec-a60ebaf1f7a7",
      "createdTime": "2021-01-13T22:20:51.2381463Z",
      "updatedTime": "2021-01-13T22:20:51.2381463Z",
      "createdUserId": "f04d3cd9-b73d-4ba9-a1ed-9319eba29b21",
      "updatedUserId": "f04d3cd9-b73d-4ba9-a1ed-9319eba29b21"
    },
    {
      "channelContent": {
        "web": {
          "contentFormat": "Markdown",
          "content": "**Planifiez une réunion directement depuis Teams**:\n\n*   Depuis Teams, rendez vous dans **Calendrier** et cliquez sur **Nouvelle réunion**.\n*   Sélectionnez les personnes/canaux que vous souhaitez inviter.\n*   Utilisez l’assistant de planification pour trouver une horaire qui convient à la plupart des participants.\n*   Choisissez à quelle fréquence vous souhaitez que la réunion se reproduise (s’il s’agit d’une réunion récurrente)."
        }
      },
      "id": "4e3c2b82-2a8f-43b0-9972-6cda77c657af",
      "createdTime": "2021-01-26T23:28:27.584Z",
      "updatedTime": "2021-01-26T23:28:27.584Z",
      "createdUserId": "user-0",
      "updatedUserId": "user-0"
    },
    {
      "channelContent": {
        "web": {
          "contentFormat": "Markdown",
          "content": "**Planifiez une réunion à partir d’Outlook :**\n\n*   Sur l’onglet **Réunion** dans Outlook, sélectionnez **Réunion Teams** dans la barre d’outils Outlook.\n*   Entrez les détails de la réunion et utilisez l’assistant de planification pour trouver un horaire approprié.\n*   Inclure une salle de conférence, si nécessaire."
        }
      },
      "id": "3d63377f-f02f-422e-b7c1-8fdc41807640",
      "createdTime": "2021-01-26T23:28:32.423Z",
      "updatedTime": "2021-01-26T23:28:32.423Z",
      "createdUserId": "user-0",
      "updatedUserId": "user-0"
    }
  ]
}