{
  "namedEntities": [
    {
      "synonyms": [
        "home"
      ],
      "id": "ff0ca6dd-de7a-4bee-b849-16210d63f3c5",
      "displayName": "Privatbenutzer",
      "updatedTime": "2021-04-14T08:03:50.7860817Z",
      "updatedUserId": "d4c65e50-fb5c-4311-830a-05b59a11dd48"
    },
    {
      "synonyms": [
        "gaming"
      ],
      "id": "2ccf421b-89a6-43a8-8b4f-b8d8f63b58bf",
      "displayName": "Spieler",
      "updatedTime": "2021-04-14T08:03:50.7860817Z",
      "updatedUserId": "d4c65e50-fb5c-4311-830a-05b59a11dd48"
    },
    {
      "synonyms": [
        "business"
      ],
      "id": "2d32734c-9552-47c5-963b-563fe1d9ea7e",
      "displayName": "Geschäftskunde",
      "updatedTime": "2021-04-14T08:03:50.7860817Z",
      "updatedUserId": "d4c65e50-fb5c-4311-830a-05b59a11dd48"
    }
  ],
  "createdUtc": "0001-01-01T00:00:00Z",
  "closedListTypes": [
    {
      "namedEntities": [
        "ff0ca6dd-de7a-4bee-b849-16210d63f3c5",
        "2ccf421b-89a6-43a8-8b4f-b8d8f63b58bf",
        "2d32734c-9552-47c5-963b-563fe1d9ea7e"
      ],
      "smartMatchingEnabled": true,
      "customTypeSchema": "ClosedList",
      "id": "new_customtype_30867099f4b543d3b8543a85c22c3418_f86fcadfd497444e91ed11c12b059d10",
      "displayName": "Nutzungstyp",
      "description": "Lektion 4 – Nutzungstypentität",
      "createdTime": "2019-10-25T14:03:43.9601778Z",
      "updatedTime": "2021-04-14T08:03:50.7860817Z",
      "createdUserId": "user0",
      "updatedUserId": "d4c65e50-fb5c-4311-830a-05b59a11dd48"
    }
  ]
}