{
  "intents": [
    {
      "endUserOverrideName": "Che cos'è un canale in Teams?",
      "triggerQueries": [
        "Cos'è un canale in Teams?",
        "dove vengono salvati i file di canale?",
        "Puoi definire un canale di Teams?",
        "Che cos'è un canale?",
        "A cosa servono i canali?",
        "Perché ci sono diversi canali?",
        "descrivere cos'è un canale",
        "Che diavolo è un canale?",
        "Cos'è un canale di Teams?"
      ],
      "dialogId": "new_topic_a55c5b46f3404090afd81995eb14164f",
      "isTriggeringEnabled": true,
      "id": "new_topic_a55c5b46f3404090afd81995eb14164f",
      "displayName": "Cos'è un canale di Teams?",
      "createdTime": "2022-04-26T22:04:47.1707582Z",
      "updatedTime": "2022-04-26T22:20:39.2266658Z",
      "createdUserId": "9451fc51-e00d-4445-8ff9-efb70866dc3b",
      "updatedUserId": "9451fc51-e00d-4445-8ff9-efb70866dc3b"
    }
  ],
  "dialogs": [
    {
      "rootNodeId": "c881f5b1-5b67-44c9-9b3b-5ad0561afed9",
      "messageNodes": [
        {
          "botMessageId": "a8633cd8-75d9-4836-8e20-185a5a71c1d2",
          "nodeType": "BotMessageNode",
          "id": "c881f5b1-5b67-44c9-9b3b-5ad0561afed9",
          "defaultTargetNodeId": "72517200-ccd8-43d2-8a98-1f17494e4213"
        },
        {
          "botMessageId": "847b1483-ecbd-49c4-a19f-08d6db169ee9",
          "nodeType": "BotMessageNode",
          "id": "72517200-ccd8-43d2-8a98-1f17494e4213",
          "defaultTargetNodeId": "8bfe312c-183c-472c-8acf-59a68cb52991"
        },
        {
          "botMessageId": "d5fa3352-6ccb-4ad6-acf3-c0dd5b36034d",
          "nodeType": "BotMessageNode",
          "id": "8bfe312c-183c-472c-8acf-59a68cb52991",
          "defaultTargetNodeId": "4c688f1f-5c18-4513-97f4-e210af4578d5"
        },
        {
          "botMessageId": "2b8a5d93-194c-431f-870e-d0df64a61870",
          "nodeType": "BotMessageNode",
          "id": "4c688f1f-5c18-4513-97f4-e210af4578d5",
          "defaultTargetNodeId": "94b5ecf9-0eaa-4af4-ae19-cdd4c3e2e2dd"
        }
      ],
      "dialogChangeNodes": [
        {
          "targetDialogId": "new_topic_f98a24608ee04cb998de3e3e32703d5b_aeabea4d071f415c8c107e1cb7af5424_assumedsuccess",
          "nodeType": "DialogChangeNode",
          "id": "94b5ecf9-0eaa-4af4-ae19-cdd4c3e2e2dd"
        }
      ],
      "id": "new_topic_a55c5b46f3404090afd81995eb14164f",
      "displayName": "Senza titolo",
      "createdTime": "2022-04-26T22:04:47.1707582Z",
      "updatedTime": "2022-04-26T22:20:39.2266658Z",
      "createdUserId": "9451fc51-e00d-4445-8ff9-efb70866dc3b",
      "updatedUserId": "9451fc51-e00d-4445-8ff9-efb70866dc3b"
    }
  ],
  "botMessages": [
    {
      "channelContent": {
        "web": {
          "contentFormat": "Markdown",
          "content": "**I canali sono spazi di collaborazione all'interno di un team** in cui viene svolto il lavoro."
        }
      },
      "id": "a8633cd8-75d9-4836-8e20-185a5a71c1d2",
      "createdTime": "2022-04-26T21:46:27.976Z",
      "updatedTime": "2022-04-26T21:46:27.976Z"
    },
    {
      "channelContent": {
        "web": {
          "contentFormat": "Markdown",
          "content": "È dove le [conversazioni testuali, audio e video](https://support.microsoft.com/it-it/office/riunioni-in-teams-e0b0ae21-53ee-4462-a50d-ca9b9e217b67) sono aperte a tutto il team, dove [i file vengono condivisi](https://support.microsoft.com/it-it/office/condividere-file-in-teams-0c4d34ee-5dd8-46d5-ab35-0d227b5e6eb5) e dove [vengono aggiunte le app di Teams](https://support.microsoft.com/it-it/office/aggiungere-un-app-microsoft-teams-b2217706-f7ed-4e64-8e96-c413afd02f77)."
        }
      },
      "id": "847b1483-ecbd-49c4-a19f-08d6db169ee9",
      "createdTime": "2022-04-26T21:52:58.345Z",
      "updatedTime": "2022-04-26T21:52:58.345Z",
      "createdUserId": "user-0",
      "updatedUserId": "user-0"
    },
    {
      "channelContent": {
        "web": {
          "contentFormat": "Markdown",
          "content": "Un canale è il luogo dove tutti i membri del tuo team possono conversare apertamente. **I file condivisi** nella chat del canale, sono **organizzati automaticamente** nella **scheda File** di ogni canale."
        }
      },
      "id": "d5fa3352-6ccb-4ad6-acf3-c0dd5b36034d",
      "createdTime": "2022-04-26T21:59:27.264Z",
      "updatedTime": "2022-04-26T21:59:27.264Z",
      "createdUserId": "user-0",
      "updatedUserId": "user-0"
    },
    {
      "channelContent": {
        "web": {
          "contentFormat": "Markdown",
          "content": "💡 **Suggerimento**: _Aggiungi canali solo quando ci sono una chiara finalità e una necessità. Troppi canali pre-popolati possono creare confusione. Il canale \"Generale\" è sufficiente per molti Team._"
        }
      },
      "id": "2b8a5d93-194c-431f-870e-d0df64a61870",
      "createdTime": "2022-04-26T22:04:11.88Z",
      "updatedTime": "2022-04-26T22:04:11.88Z",
      "createdUserId": "user-0",
      "updatedUserId": "user-0"
    }
  ]
}