{
  "intents": [
    {
      "endUserOverrideName": "你在找最新的Teams功能嗎",
      "triggerQueries": [
        "Teams 最近的新功能",
        "告訴我最新的Teams功能!",
        "Where can I find the latest news about Teams?",
        "Latest news in Teams?",
        "When do we get new features?",
        "Are there any new updates coming soon?",
        "Tell me what's new in Teams?",
        "Where is all the news published?",
        "Tell me about some news in Teams",
        "Latest news in teams app?bout the latest updates in Teams?",
        "What's new in Teams for Surface Hub?",
        "What's new for MTR",
        "What's new for Microsoft Teams Rooms",
        "How do I know if there are new features?",
        "Find all new features",
        "See released news",
        "There's so much new stuff coming up in Teams. Where do I see it?",
        "Where's all the news in Teams?",
        "Show me all the news",
        "What's new for Teams on iOS",
        "What's new for Teams on iPhone?",
        "What's new for Teams on android?",
        "What's new for teams on mobile",
        "What's new in Teams",
        "How do I know when a new feature will arrive?",
        "Where can I read about news for Teams?",
        "Where do I see all the new features?",
        "Find the latest news about teams",
        "when will the new features be released?",
        "Find latest news on Teams features?",
        "stay up to date on new features",
        "what's new?",
        "Surface Hub 有新的消息嗎?",
        "MTR 有什麼新的事情",
        "Teams 會議室有什麼新的功能",
        "如果有新的功能我該怎麼知道",
        "找到所有新的功能",
        "觀看釋出的新聞",
        "我可以在哪裡看到這些新功能",
        "有什麼 Teams 的新聞",
        "給我所有的Teams新聞",
        "Teams 在 ios 有什麼新的功能",
        "Teams 在 Android 有什麼新的功能",
        "Teams 手機版有什麼新的功能",
        "Teams 有什麼新的功能",
        "我該怎麼知道新功能何時可用",
        "我可以在哪裡閱讀相關新聞?",
        "我可以在哪裡找到這些功能",
        "尋找有關 Teams 的最新消息",
        "新功能何時被釋出",
        "你在找最新的 Teams 功能嗎",
        "隨時了解最新功能",
        "有什麼新的",
        "我可以在哪裡找到最新的 Teams 消息",
        "最新的 Teams 消息",
        "有任何新的資訊嗎",
        "告訴我 Teams 有什麼新的內容",
        "全部的更新會在哪裡發布",
        "跟我說些 Teams 的消息",
        "Teams 最新的消息",
        "Teams 最新的更新?"
      ],
      "dialogId": "new_topic_59a01f449e7144f88319ad40c78c6f21",
      "isTriggeringEnabled": true,
      "id": "new_topic_59a01f449e7144f88319ad40c78c6f21",
      "displayName": "哪裡會有 Teams 的最新消息",
      "description": "",
      "createdTime": "2021-11-16T06:21:39.477116Z",
      "updatedTime": "2021-11-23T04:24:36.2403044Z",
      "createdUserId": "9c968d43-f7c2-4e28-895c-1f6bcefcd8be",
      "updatedUserId": "9c968d43-f7c2-4e28-895c-1f6bcefcd8be"
    }
  ],
  "dialogs": [
    {
      "rootNodeId": "ff3b2d6c-11b6-4db3-83b3-004c76fe5f21",
      "messageNodes": [
        {
          "botMessageId": "1658055c-ede1-46f0-952e-f7b53bc85c27",
          "nodeType": "BotMessageNode",
          "id": "ff3b2d6c-11b6-4db3-83b3-004c76fe5f21",
          "defaultTargetNodeId": "0190beac-c7c0-4589-8fb4-84565af52f1b"
        },
        {
          "botMessageId": "e6b00ca8-150d-4135-8a86-d16c986df90e",
          "nodeType": "BotMessageNode",
          "id": "0190beac-c7c0-4589-8fb4-84565af52f1b",
          "defaultTargetNodeId": "31c7f8e1-9cc8-42bb-942a-604e7cc69087"
        },
        {
          "botMessageId": "8596f379-f14c-47f1-8633-b1b0c0f55709",
          "nodeType": "BotMessageNode",
          "id": "31c7f8e1-9cc8-42bb-942a-604e7cc69087",
          "defaultTargetNodeId": "193338a1-b38d-4c44-abd2-295207a44aa8"
        }
      ],
      "dialogChangeNodes": [
        {
          "targetDialogId": "new_topic_e2d1671328b941dbb60fa7150059b1ee_aeabea4d071f415c8c107e1cb7af5424_assumedsuccess",
          "nodeType": "DialogChangeNode",
          "id": "193338a1-b38d-4c44-abd2-295207a44aa8"
        }
      ],
      "id": "new_topic_59a01f449e7144f88319ad40c78c6f21",
      "displayName": "Dialog for 哪裡會有 Teams 的最新消息",
      "createdTime": "2021-11-16T06:21:39.477116Z",
      "updatedTime": "2021-11-16T07:34:05.6144935Z",
      "createdUserId": "9c968d43-f7c2-4e28-895c-1f6bcefcd8be",
      "updatedUserId": "9c968d43-f7c2-4e28-895c-1f6bcefcd8be"
    }
  ],
  "botMessages": [
    {
      "channelContent": {
        "web": {
          "contentFormat": "Markdown",
          "content": "很高興您有興趣!\n\n{7bd4f62b-7262-40bc-8c63-8c540568cf6c} 🙂!\n\n請在 Teams 中的搜尋欄位輸入\"**/whatsnew**\"\n\n您也可以點選桌面版 Teams 介面左下方的 **說明** > **新增功能**。"
        }
      },
      "id": "1658055c-ede1-46f0-952e-f7b53bc85c27",
      "createdTime": "2021-11-16T06:21:39.477116Z",
      "updatedTime": "2021-11-16T06:21:39.477116Z",
      "createdUserId": "9c968d43-f7c2-4e28-895c-1f6bcefcd8be",
      "updatedUserId": "9c968d43-f7c2-4e28-895c-1f6bcefcd8be"
    },
    {
      "channelContent": {
        "web": {
          "contentFormat": "Markdown",
          "content": "_請注意！ 您的組織有可能會限制某一些 Teams 的功能。_"
        }
      },
      "id": "e6b00ca8-150d-4135-8a86-d16c986df90e",
      "createdTime": "2021-11-16T06:25:57.83Z",
      "updatedTime": "2021-11-16T06:25:57.83Z",
      "createdUserId": "user-0",
      "updatedUserId": "user-0"
    },
    {
      "channelContent": {
        "web": {
          "contentFormat": "Markdown",
          "content": "_請查看以下網頁，並選擇您想要檢視的裝置類別。_\n\n[所有的新功能也都會在網頁上持續更新](https://support.microsoft.com/zh-tw/office/microsoft-teams-%E7%9A%84%E6%96%B0%E5%8A%9F%E8%83%BD-d7092a6d-c896-424c-b362-a472d5f105de)"
        }
      },
      "id": "8596f379-f14c-47f1-8633-b1b0c0f55709",
      "createdTime": "2021-11-16T06:26:03.971Z",
      "updatedTime": "2021-11-16T06:26:03.971Z",
      "createdUserId": "user-0",
      "updatedUserId": "user-0"
    }
  ]
}