{
  "intents": [
    {
      "endUserOverrideName": "Personnaliser l'expérience de réunion",
      "triggerQueries": [
        "je souhaite animer une réunion de manière innovante",
        "je souhaite animer une réunion de manière originale",
        "comment avoir une expérience de réunion originale?",
        "Comment avoir une expérience de réunion Teams personnalisée?",
        "Comment avoir une expérience de réunion Teams innovante?",
        "Applications Teams pour les réunions",
        "Puis-je personnaliser l’expérience de réunion Teams?",
        "Personnaliser les réunions Teams avec des fonctionnalités supplémentaires ?",
        "applications de réunion",
        "applications de réunion dans Teams",
        "Comment puis-je utiliser les applications de réunion dans Teams ?",
        "où puis-je trouver des applications pour les réunions Teams ?",
        "Comment créer une réunion Teams structurée ?",
        "Puis-je influencer l’expérience de la réunion?",
        "Fonctionnalités supplémentaires de réunion",
        "Extensibilité de réunion",
        "Voir la liste des plugins de réunion",
        "fonctionnalités spéciales pour les réunions",
        "créez votre propre application pour les réunions"
      ],
      "dialogId": "new_topic_b9a504ed568f440da2ba2528d2794d20",
      "isTriggeringEnabled": true,
      "id": "new_topic_b9a504ed568f440da2ba2528d2794d20",
      "displayName": "Puis-je personnaliser l’expérience de réunion dans Teams?",
      "description": "",
      "createdTime": "2021-01-13T22:20:51.2381463Z",
      "updatedTime": "2021-05-24T21:53:23.1081248Z",
      "createdUserId": "f04d3cd9-b73d-4ba9-a1ed-9319eba29b21",
      "updatedUserId": "a2c4aa2c-d830-41eb-bcf4-467a2c7e1279"
    }
  ],
  "dialogs": [
    {
      "rootNodeId": "2f215cdf-80c4-4ca0-a15b-d0546ffb17af",
      "messageNodes": [
        {
          "botMessageId": "fb931c4f-f9c9-4f9c-ad60-89ec1c4f9c1c",
          "nodeType": "BotMessageNode",
          "id": "2f215cdf-80c4-4ca0-a15b-d0546ffb17af",
          "defaultTargetNodeId": "4bae1a4d-c5af-4472-b91c-6e6a0fd708e7"
        },
        {
          "botMessageId": "7e74ccc0-a947-4938-aad8-a9c66ab808c5",
          "nodeType": "BotMessageNode",
          "id": "4bae1a4d-c5af-4472-b91c-6e6a0fd708e7",
          "defaultTargetNodeId": "fd1c5422-8c75-438c-9788-979ad12f28c6"
        }
      ],
      "dialogChangeNodes": [
        {
          "targetDialogId": "new_topic_eac3f49c99664313a9d9dc19d80a79a2_aeabea4d071f415c8c107e1cb7af5424_assumedsuccess",
          "nodeType": "DialogChangeNode",
          "id": "fd1c5422-8c75-438c-9788-979ad12f28c6"
        }
      ],
      "id": "new_topic_b9a504ed568f440da2ba2528d2794d20",
      "displayName": "Dialog for Can I customize the meeting experience in Teams?",
      "createdTime": "2021-01-13T22:20:51.2381463Z",
      "updatedTime": "2021-04-20T11:11:32.376413Z",
      "createdUserId": "f04d3cd9-b73d-4ba9-a1ed-9319eba29b21",
      "updatedUserId": "a2c4aa2c-d830-41eb-bcf4-467a2c7e1279"
    }
  ],
  "botMessages": [
    {
      "channelContent": {
        "web": {
          "contentFormat": "Markdown",
          "content": "Plusieurs applications pour les réunions en ligne Teams sont disponibles. Elles vous permettent de personnaliser votre expérience de réunion pour répondre à vos besoins. [Applications Teams pour les réunions en ligne.](https://www.microsoft.com/fr-fr/microsoft-teams/meetings-apps)"
        }
      },
      "id": "fb931c4f-f9c9-4f9c-ad60-89ec1c4f9c1c",
      "createdTime": "2021-01-13T22:20:51.2381463Z",
      "updatedTime": "2021-01-13T22:20:51.2381463Z",
      "createdUserId": "f04d3cd9-b73d-4ba9-a1ed-9319eba29b21",
      "updatedUserId": "f04d3cd9-b73d-4ba9-a1ed-9319eba29b21"
    },
    {
      "channelContent": {
        "web": {
          "contentFormat": "Markdown",
          "content": "Si vous êtes un développeur, vous pouvez [créer vos propres Applications dans les réunions Teams](https://docs.microsoft.com/fr-fr/microsoftteams/platform/apps-in-teams-meetings/teams-apps-in-meetings)"
        }
      },
      "id": "7e74ccc0-a947-4938-aad8-a9c66ab808c5",
      "createdTime": "2021-01-27T20:51:17.957Z",
      "updatedTime": "2021-01-27T20:51:17.957Z",
      "createdUserId": "user-0",
      "updatedUserId": "user-0"
    }
  ],
  "createdUtc": "0001-01-01T00:00:00Z"
}