<botcomponent_workflowset>
  <botcomponent_workflow botcomponentid.schemaname="new_topic_064141d8b101402cae80b2b6a4c9a3f7" workflowid.workflowid="b65c6a47-c38e-ee11-8179-000d3a3b897a">
    <iscustomizable>1</iscustomizable>
  </botcomponent_workflow>
  <botcomponent_workflow botcomponentid.schemaname="new_topic_283ac02e3e9e4e1ea558553b86dd9164" workflowid.workflowid="c49158ff-d78e-ee11-8179-000d3a3b897a">
    <iscustomizable>1</iscustomizable>
  </botcomponent_workflow>
  <botcomponent_workflow botcomponentid.schemaname="new_topic_7c01a303c4ce4d66a7279a251a979aa5" workflowid.workflowid="22036560-5e5e-eb11-a812-000d3a9bb82a">
    <iscustomizable>1</iscustomizable>
  </botcomponent_workflow>
  <botcomponent_workflow botcomponentid.schemaname="new_topic_eac3f49c99664313a9d9dc19d80a79a2_954135cafcd647eaae5999ad91fc08cf_talktoagent" workflowid.workflowid="8a84184f-8b5d-eb11-a812-000d3a9bb82a">
    <iscustomizable>1</iscustomizable>
  </botcomponent_workflow>
  <botcomponent_workflow botcomponentid.schemaname="new_topic_eac3f49c99664313a9d9dc19d80a79a2_ba7b967c97ba4c39bca58a8bb6a72d59_conversationstart" workflowid.workflowid="c9579f47-cb2f-eb11-a813-000d3a98dbb4">
    <iscustomizable>1</iscustomizable>
  </botcomponent_workflow>
</botcomponent_workflowset>