{
  "intents": [
    {
      "triggerQueries": [
        "Rediger teamet",
        "Endre teamnavn",
        "Oppgi teamnavn",
        "Endre teamnavn, beskrivelse og teamtype"
      ],
      "dialogId": "new_topic_4c58046d389a45e8850fa8fdfaeb7788",
      "isTriggeringEnabled": true,
      "id": "new_topic_4c58046d389a45e8850fa8fdfaeb7788",
      "displayName": "Endre teamnavn, beskrivelse og teamtype",
      "description": "https://norwegianteams.blob.core.windows.net/norwegian-container/TIMA QA P19.docx",
      "createdTime": "2021-03-24T20:09:21.5452642Z",
      "updatedTime": "2021-04-06T18:29:07.6278113Z",
      "createdUserId": "ef0c8b9a-eff1-49f8-92fa-fd1d3e15e1ba",
      "updatedUserId": "ef0c8b9a-eff1-49f8-92fa-fd1d3e15e1ba"
    }
  ],
  "dialogs": [
    {
      "rootNodeId": "1b60e64d-7761-48ae-b590-efbf344bb256",
      "messageNodes": [
        {
          "botMessageId": "f05cade3-5b0a-430f-b232-f486121328d9",
          "nodeType": "BotMessageNode",
          "id": "1b60e64d-7761-48ae-b590-efbf344bb256",
          "defaultTargetNodeId": "b815efb0-5c84-44e0-aa61-e8282d999a99"
        }
      ],
      "dialogChangeNodes": [
        {
          "targetDialogId": "new_topic_89c49d37fd4c4c1c9144396960733ce1_aeabea4d071f415c8c107e1cb7af5424_assumedsuccess",
          "nodeType": "DialogChangeNode",
          "id": "b815efb0-5c84-44e0-aa61-e8282d999a99"
        }
      ],
      "id": "new_topic_4c58046d389a45e8850fa8fdfaeb7788",
      "displayName": "Dialog for Endre teamnavn, beskrivelse og teamtype",
      "createdTime": "2021-03-24T20:09:21.5452642Z",
      "updatedTime": "2021-04-06T18:29:00.9706372Z",
      "createdUserId": "ef0c8b9a-eff1-49f8-92fa-fd1d3e15e1ba",
      "updatedUserId": "ef0c8b9a-eff1-49f8-92fa-fd1d3e15e1ba"
    }
  ],
  "botMessages": [
    {
      "channelContent": {
        "web": {
          "contentFormat": "Markdown",
          "content": "Gå til teamnavnet og klikk på **Flere alternativer…** > **Rediger team**. Der kan du oppgi teamnavn, beskrivelse og endre teamet fra offentlig til privat eller omvendt."
        }
      },
      "id": "f05cade3-5b0a-430f-b232-f486121328d9",
      "createdTime": "2021-03-24T20:09:21.5452642Z",
      "updatedTime": "2021-03-24T20:09:21.5452642Z",
      "createdUserId": "ef0c8b9a-eff1-49f8-92fa-fd1d3e15e1ba",
      "updatedUserId": "ef0c8b9a-eff1-49f8-92fa-fd1d3e15e1ba"
    }
  ],
  "createdUtc": "0001-01-01T00:00:00Z"
}