{
  "intents": [
    {
      "intentType": "Regular",
      "endUserOverrideName": "Tillsammansläge?",
      "triggerQueries": [
        "Tillsammansläge i möten",
        "Together mode",
        "Var hittar jag tillsammans-läget?",
        "Använda tillsammansläge i möte",
        "Aktivera tillsammansläge",
        "Hur aktiverar jag tillsammansläge?"
      ],
      "dialogId": "new_topic_4790393d3b6b417b827ae888b18b50f1",
      "isTriggeringEnabled": true,
      "id": "new_topic_4790393d3b6b417b827ae888b18b50f1",
      "displayName": "Hur aktiverar jag tillsammansläge?",
      "description": "",
      "createdTime": "2020-11-24T14:37:53.8230909Z",
      "updatedTime": "2020-12-11T11:38:25.649662Z",
      "createdUserId": "f04d3cd9-b73d-4ba9-a1ed-9319eba29b21",
      "updatedUserId": "f04d3cd9-b73d-4ba9-a1ed-9319eba29b21"
    }
  ],
  "dialogs": [
    {
      "rootNodeId": "39ceec56-fc3b-4427-8298-59eb2c96f718",
      "messageNodes": [
        {
          "botMessageId": "1fc8229a-ac3e-4ca8-bbf3-674068552596",
          "nodeType": "BotMessageNode",
          "id": "39ceec56-fc3b-4427-8298-59eb2c96f718",
          "defaultTargetNodeId": "639b1792-ba40-47f8-9af2-577d0e840c8e"
        },
        {
          "botMessageId": "29efe595-046b-405f-924f-2fd9cf953674",
          "nodeType": "BotMessageNode",
          "id": "639b1792-ba40-47f8-9af2-577d0e840c8e",
          "defaultTargetNodeId": "9036541e-9263-4e85-ab77-d9e4f54fa39b"
        },
        {
          "botMessageId": "65372fa4-4785-49bc-972f-1b25adc01522",
          "nodeType": "BotMessageNode",
          "id": "9036541e-9263-4e85-ab77-d9e4f54fa39b",
          "defaultTargetNodeId": "9bbba81c-853e-40c1-8761-6101800a368f"
        }
      ],
      "dialogChangeNodes": [
        {
          "targetDialogId": "new_topic_84ec227c19784e7ba25cb34f4638f91e_aeabea4d071f415c8c107e1cb7af5424_assumedsuccess",
          "nodeType": "DialogChangeNode",
          "id": "9bbba81c-853e-40c1-8761-6101800a368f"
        }
      ],
      "id": "new_topic_4790393d3b6b417b827ae888b18b50f1",
      "displayName": "Dialog for Hur aktiverar jag tillsammansläge?",
      "createdTime": "2020-11-24T14:37:53.8230909Z",
      "updatedTime": "2020-12-11T11:38:38.3706425Z",
      "createdUserId": "f04d3cd9-b73d-4ba9-a1ed-9319eba29b21",
      "updatedUserId": "f04d3cd9-b73d-4ba9-a1ed-9319eba29b21"
    }
  ],
  "botMessages": [
    {
      "channelContent": {
        "web": {
          "contentFormat": "Markdown",
          "content": "**Tillsammansläge** (Together Mode) är både trevligt och bra för våra hjärnor 💡. \n\nDet ökar känslan av att vara tillsammans och minskar enligt studier belastningen på oss i digitala möten. Du blir mindre trött än vid vanlig vy i digitala möten helt enkelt!"
        }
      },
      "id": "1fc8229a-ac3e-4ca8-bbf3-674068552596",
      "createdTime": "2020-11-24T14:37:53.8230909Z",
      "updatedTime": "2020-11-24T14:37:53.8230909Z",
      "createdUserId": "f04d3cd9-b73d-4ba9-a1ed-9319eba29b21",
      "updatedUserId": "f04d3cd9-b73d-4ba9-a1ed-9319eba29b21"
    },
    {
      "channelContent": {
        "web": {
          "contentFormat": "Markdown",
          "content": "Gå till mötesalternativen under pågående möte ”…” och klicka på Tillsammansläge för att aktivera denna vy för dig (påverkar endast hur du ser mötet). \n\nFör att synas i Tillsammansläge måste du ha kameran påslagen. För närvarande kan upp till 50 olika personer ses i Tillsammansläget samtidigt beroende på val av scen."
        }
      },
      "id": "29efe595-046b-405f-924f-2fd9cf953674",
      "createdTime": "2020-12-11T11:36:11.04Z",
      "updatedTime": "2020-12-11T11:36:11.04Z",
      "createdUserId": "user-0",
      "updatedUserId": "user-0"
    },
    {
      "channelContent": {
        "web": {
          "contentFormat": "Markdown",
          "content": "[Läs mer om dina videoalternativ i Teams](https://support.microsoft.com/sv-se/office/anv%c3%a4nda-video-i-microsoft-teams-3647fc29-7b92-4c26-8c2d-8a596904cdae?ui=sv-SE&rs=sv-SE&ad=SE)."
        }
      },
      "id": "65372fa4-4785-49bc-972f-1b25adc01522",
      "createdTime": "2020-12-11T11:36:24.468Z",
      "updatedTime": "2020-12-11T11:36:24.468Z",
      "createdUserId": "user-0",
      "updatedUserId": "user-0"
    }
  ]
}