{
  "intents": [
    {
      "triggerQueries": [
        "비활성 Team 일정 수 몇 달 후 자동 삭제",
        "비활성 팀 일정 수 몇 달 후 자동 삭제",
        "비활성 Team 자동 제거",
        "비활성 팀 자동 제거",
        "모든 이전 Team 자동 삭제",
        "모든 이전 팀 자동 삭제",
        "비활성 Team 많음",
        "비활성 팀 많음",
        "사용하지 않는 Team 많음",
        "사용하지 않는 팀 많음",
        "사용하지 않는 Team 적합한 날짜",
        "사용하지 않는 팀 적합한 날짜",
        "일정 시간 후 비활성 Team 삭제",
        "일정 시간 후 비활성 팀 삭제",
        "더 이상 사용 않는 Team 제거",
        "더 이상 사용 않는 팀 제거",
        "사용하지 않은 Team 정리",
        "사용하지 않은 팀 정리",
        "비활성 Team 삭제",
        "비활성 팀 삭제",
        "이전 Team 자동 삭제",
        "이전 팀 자동 삭제",
        "비활성 Team 정리",
        "비활성 팀 정리",
        "비활성 Team 일정 일 몇 달 후 자동 삭제",
        "비활성 팀 일정 일 몇 달 후 자동 삭제",
        "일정 일 수 몇 달 비활성 상태 Team 자동 삭제",
        "일정 일 수 몇 달 비활성 상태 팀 자동 삭제",
        "사용하지 않은 Team 자동 정리",
        "사용하지 않은 팀 자동 정리",
        "팀이 일정 일 수 또는 몇 달 동안 비활성 상태일 때 자동으로 삭제할 수 있습니까?"
      ],
      "dialogId": "new_topic_d3d5693ad2024af8aa9384fd95445c59",
      "isTriggeringEnabled": true,
      "id": "new_topic_d3d5693ad2024af8aa9384fd95445c59",
      "displayName": "팀이 일정 일 수 또는 몇 달 동안 비활성 상태일 때 자동으로 삭제할 수 있습니까?",
      "description": "https://adoptbotv2kb.blob.core.windows.net/%24web/adoptbot2021-Korean.docx",
      "createdTime": "2021-03-18T03:39:18.7476571Z",
      "updatedTime": "2021-03-25T07:11:49.3511898Z",
      "createdUserId": "e47109d8-0300-4e59-a90d-56bb29886c9e",
      "updatedUserId": "e47109d8-0300-4e59-a90d-56bb29886c9e"
    }
  ],
  "dialogs": [
    {
      "rootNodeId": "b8fc0ce0-a5b3-400d-ae62-da5c80246d18",
      "messageNodes": [
        {
          "botMessageId": "30c053ff-f518-413c-a410-86e5dcf712d3",
          "nodeType": "BotMessageNode",
          "id": "b8fc0ce0-a5b3-400d-ae62-da5c80246d18",
          "defaultTargetNodeId": "3a5e2066-bbea-46ce-a8a5-25a97385f451"
        },
        {
          "botMessageId": "a64a6f20-3c18-40ea-b499-c9ad2a8bf631",
          "nodeType": "BotMessageNode",
          "id": "3a5e2066-bbea-46ce-a8a5-25a97385f451",
          "defaultTargetNodeId": "072a3b7a-0f34-4ece-a1e1-2668e3523ec9"
        }
      ],
      "dialogChangeNodes": [
        {
          "targetDialogId": "new_topic_2bf23930c1d146129dfe38bacb94ccd0_aeabea4d071f415c8c107e1cb7af5424_assumedsuccess",
          "nodeType": "DialogChangeNode",
          "id": "072a3b7a-0f34-4ece-a1e1-2668e3523ec9"
        }
      ],
      "id": "new_topic_d3d5693ad2024af8aa9384fd95445c59",
      "displayName": "Dialog for 팀이 일정 일 수 또는 몇 달 동안 비활성 상태일 때 자동으로 삭제할 수 있습니까?",
      "createdTime": "2021-03-18T03:39:18.7476571Z",
      "updatedTime": "2021-03-25T07:11:32.4492699Z",
      "createdUserId": "e47109d8-0300-4e59-a90d-56bb29886c9e",
      "updatedUserId": "e47109d8-0300-4e59-a90d-56bb29886c9e"
    }
  ],
  "botMessages": [
    {
      "channelContent": {
        "web": {
          "contentFormat": "Markdown",
          "content": "예. 비활성 팀의 자동 제거는 Teams의 만료 정책을 사용하여 관리할 수 있습니다. 사용하지 않는 비활성 팀을 정리할 수 있는 좋은 방법이며 혼란을 제거합니다."
        }
      },
      "id": "30c053ff-f518-413c-a410-86e5dcf712d3",
      "createdTime": "2021-03-18T03:39:18.7476571Z",
      "updatedTime": "2021-03-18T03:39:18.7476571Z",
      "createdUserId": "e47109d8-0300-4e59-a90d-56bb29886c9e",
      "updatedUserId": "e47109d8-0300-4e59-a90d-56bb29886c9e"
    },
    {
      "channelContent": {
        "web": {
          "contentFormat": "Markdown",
          "content": "이 [팀 만료 및 갱신](https://docs.microsoft.com/ko-kr/microsoftteams/team-expiration-renewal) 문서를 참조하세요"
        }
      },
      "id": "a64a6f20-3c18-40ea-b499-c9ad2a8bf631",
      "createdTime": "2021-03-25T07:10:03.075Z",
      "updatedTime": "2021-03-25T07:10:03.075Z",
      "createdUserId": "user-0",
      "updatedUserId": "user-0"
    }
  ],
  "createdUtc": "0001-01-01T00:00:00Z"
}