{
  "intents": [
    {
      "triggerQueries": [
        "스포트라이트 사용 회의 중 누군가 초점",
        "발표자 그림 고정",
        "말하는 사람 사진 고정",
        "다른 사람 Spotlight",
        "다른 사람 스포트라이트",
        "다른 사람 비디오 사진",
        "나 스포트라이트",
        "회의 전체 화면 비디오 표시",
        "다른 사람 비디오 주의 기울이기",
        "Spotlight 사용하기",
        "Spotlight 사용",
        "스포트라이트 사용하기",
        "스포트라이트 사용",
        "내 비디오 집중",
        "회의 내 비디오 고정",
        "미팅 Speaker 비디오 고정",
        "미팅 Speaker 비디오 고정",
        "미팅 Presenter 비디오 고정",
        "회의 Presenter 비디오 고정",
        "미팅 프리젠터 비디오 고정",
        "미팅 발표자 비디오 고정",
        "회의 프리젠터 비디오 고정",
        "회의 발표자 비디오 고정",
        "스포트라이트를 사용하여 회의 중에 누군가의 관심을 끌 수 있습니까?"
      ],
      "dialogId": "new_topic_738a7dba4cca4738bd274ce977552d0d",
      "isTriggeringEnabled": true,
      "id": "new_topic_738a7dba4cca4738bd274ce977552d0d",
      "displayName": "스포트라이트를 사용하여 회의 중에 누군가의 관심을 끌 수 있습니까?",
      "description": "https://adoptbotv2kb.blob.core.windows.net/%24web/adoptbot2021-Korean.docx",
      "createdTime": "2021-03-18T03:39:18.7476571Z",
      "updatedTime": "2021-03-25T10:07:25.4826471Z",
      "createdUserId": "e47109d8-0300-4e59-a90d-56bb29886c9e",
      "updatedUserId": "e47109d8-0300-4e59-a90d-56bb29886c9e"
    }
  ],
  "dialogs": [
    {
      "rootNodeId": "3956adaf-77a7-4ae6-a7a4-1c7a705d104a",
      "messageNodes": [
        {
          "botMessageId": "18271a1d-1272-4300-ada6-54304514966d",
          "nodeType": "BotMessageNode",
          "id": "6b43943a-54c6-4f56-80f8-3a385019a83e",
          "defaultTargetNodeId": "b30b6347-fadb-418b-9538-c14dcc166efe"
        },
        {
          "botMessageId": "405586e0-5709-4df4-8c92-71bdffad2d3f",
          "nodeType": "BotMessageNode",
          "id": "3956adaf-77a7-4ae6-a7a4-1c7a705d104a",
          "defaultTargetNodeId": "6b43943a-54c6-4f56-80f8-3a385019a83e"
        },
        {
          "botMessageId": "46b90289-f0c6-4406-a522-4191b48d746d",
          "nodeType": "BotMessageNode",
          "id": "b30b6347-fadb-418b-9538-c14dcc166efe",
          "defaultTargetNodeId": "a09d97e6-e4f3-4f68-9a18-7eb6c63a5be9"
        }
      ],
      "dialogChangeNodes": [
        {
          "targetDialogId": "new_topic_2bf23930c1d146129dfe38bacb94ccd0_aeabea4d071f415c8c107e1cb7af5424_assumedsuccess",
          "nodeType": "DialogChangeNode",
          "id": "a09d97e6-e4f3-4f68-9a18-7eb6c63a5be9"
        }
      ],
      "id": "new_topic_738a7dba4cca4738bd274ce977552d0d",
      "displayName": "Dialog for 스포트라이트를 사용하여 회의 중에 누군가의 관심을 끌 수 있습니까?",
      "createdTime": "2021-03-18T03:39:18.7476571Z",
      "updatedTime": "2021-03-25T10:07:13.3345181Z",
      "createdUserId": "e47109d8-0300-4e59-a90d-56bb29886c9e",
      "updatedUserId": "e47109d8-0300-4e59-a90d-56bb29886c9e"
    }
  ],
  "botMessages": [
    {
      "channelContent": {
        "web": {
          "contentFormat": "Markdown",
          "content": "두 가지 방법이 있습니다. :\n\n1.  사용자의 동영상을 마우스 오른쪽 단추로 클릭하고 메뉴에서 **스포트라이트**를 선택합니다.\n2.  또한 **참가자 창**에서 스포트라이트를 받게 하고 싶은 사람의 이름을 찾을 수 있습니다. **참가자의 이름**을 마우스 오른쪽 단추로 클릭하거나 터치하고 **스포트라이트**를 선택합니다."
        }
      },
      "id": "18271a1d-1272-4300-ada6-54304514966d",
      "createdTime": "2021-03-18T03:39:18.7476571Z",
      "updatedTime": "2021-03-18T03:39:18.7476571Z",
      "createdUserId": "e47109d8-0300-4e59-a90d-56bb29886c9e",
      "updatedUserId": "e47109d8-0300-4e59-a90d-56bb29886c9e"
    },
    {
      "channelContent": {
        "web": {
          "contentFormat": "Markdown",
          "content": "[누군가의 비디오를 스포트라이트하는 것](https://support.microsoft.com/ko-kr/office/spotlight-someone-s-video-in-a-teams-meeting-58be74a4-efac-4e89-a212-8d198182081e)은 회의의 모든 사람을 위해 비디오를 고정하는 것과 같습니다.\n\n**주최자 또는 발표자인 경우** 모든 사용자의 동영상(사용자 포함)이 참가자가 보는 기본 비디오이 되게 선택할 수 있습니다."
        }
      },
      "id": "405586e0-5709-4df4-8c92-71bdffad2d3f",
      "createdTime": "2021-03-25T10:04:37.674Z",
      "updatedTime": "2021-03-25T10:04:37.674Z",
      "createdUserId": "user-0",
      "updatedUserId": "user-0"
    },
    {
      "channelContent": {
        "web": {
          "contentFormat": "Markdown",
          "content": "스포트라이트를 종료할 준비가 되면 다시 마우스 오른쪽 단추를 클릭하고 **스포트라이트 종료**를 선택합니다."
        }
      },
      "id": "46b90289-f0c6-4406-a522-4191b48d746d",
      "createdTime": "2021-03-25T10:07:00.004Z",
      "updatedTime": "2021-03-25T10:07:00.004Z",
      "createdUserId": "user-0",
      "updatedUserId": "user-0"
    }
  ],
  "createdUtc": "0001-01-01T00:00:00Z"
}