{
  "intents": [
    {
      "endUserOverrideName": "Bloquer un bot",
      "triggerQueries": [
        "Je souhaite arrêter de parler avec un bot",
        "bloquer un agent conversationnel",
        "Couper les notifications des bots",
        "désinstaller un bot",
        "bloquer un chatbot",
        "bloquer un bot",
        "bloquer un robot",
        "Je veux arrêter de parler avec un bot",
        "supprimer un chatbot",
        "Empêcher un bot de me parler",
        "arrêter de recevoir des notifications de bot dans Teams",
        "Comment bloquer un bot?"
      ],
      "dialogId": "new_topic_8b7dc453627744af97d8d8894367297c",
      "isTriggeringEnabled": true,
      "id": "new_topic_8b7dc453627744af97d8d8894367297c",
      "displayName": "Comment bloquer un bot?",
      "description": "",
      "createdTime": "2021-01-13T22:20:51.2371466Z",
      "updatedTime": "2021-05-24T09:54:10.0884227Z",
      "createdUserId": "f04d3cd9-b73d-4ba9-a1ed-9319eba29b21",
      "updatedUserId": "a2c4aa2c-d830-41eb-bcf4-467a2c7e1279"
    }
  ],
  "dialogs": [
    {
      "rootNodeId": "d80d721e-06bb-4758-964c-bc351850fe53",
      "messageNodes": [
        {
          "botMessageId": "73b0ebfe-0668-4971-81e8-dda09bdc9808",
          "nodeType": "BotMessageNode",
          "id": "d80d721e-06bb-4758-964c-bc351850fe53",
          "defaultTargetNodeId": "371b399c-5dd5-457e-9b0e-6010250b9d7a"
        }
      ],
      "dialogChangeNodes": [
        {
          "targetDialogId": "new_topic_eac3f49c99664313a9d9dc19d80a79a2_aeabea4d071f415c8c107e1cb7af5424_assumedsuccess",
          "nodeType": "DialogChangeNode",
          "id": "371b399c-5dd5-457e-9b0e-6010250b9d7a"
        }
      ],
      "id": "new_topic_8b7dc453627744af97d8d8894367297c",
      "displayName": "Dialog for How do I block a bot?",
      "createdTime": "2021-01-13T22:20:51.2371466Z",
      "updatedTime": "2021-05-24T09:54:33.5425911Z",
      "createdUserId": "f04d3cd9-b73d-4ba9-a1ed-9319eba29b21",
      "updatedUserId": "a2c4aa2c-d830-41eb-bcf4-467a2c7e1279"
    }
  ],
  "botMessages": [
    {
      "channelContent": {
        "web": {
          "contentFormat": "Markdown",
          "content": "Si vous ne souhaitez plus recevoir de messages de la part de bots, détendez-vous. Il y a une solution facile ici:   \n[Bloquer ou supprimer un robot dans Teams](https://support.microsoft.com/fr-fr/office/bloquer-ou-supprimer-un-robot-en-%c3%a9quipe-28c13adc-f647-4448-81d9-985ba6c17b98?ui=fr-FR&rs=fr-FR&ad=FR)."
        }
      },
      "id": "73b0ebfe-0668-4971-81e8-dda09bdc9808",
      "createdTime": "2021-01-13T22:20:51.2371466Z",
      "updatedTime": "2021-01-13T22:20:51.2371466Z",
      "createdUserId": "f04d3cd9-b73d-4ba9-a1ed-9319eba29b21",
      "updatedUserId": "f04d3cd9-b73d-4ba9-a1ed-9319eba29b21"
    }
  ],
  "createdUtc": "0001-01-01T00:00:00Z"
}