{
  "intents": [
    {
      "triggerQueries": [
        "Posso far trascrivere una riunione registrata?",
        "Posso far trascrivere la riunione registrata?",
        "Posso registrare la riunione in Teams?",
        "Posso registrare una riunione in Teams?",
        "come si registra una riunione in Teams?",
        "Come si registra la riunione in Teams?",
        "Registrazione delle riunioni in Teams?",
        "Registrazione della riunione in Teams?"
      ],
      "dialogId": "new_topic_db011b7ac1a740f7b907f0b0e749ffe9",
      "isTriggeringEnabled": true,
      "id": "new_topic_db011b7ac1a740f7b907f0b0e749ffe9",
      "displayName": "Registrazione della riunione in Teams?",
      "createdTime": "2022-04-29T20:59:28.3974605Z",
      "updatedTime": "2022-04-29T20:59:28.3974605Z",
      "createdUserId": "9451fc51-e00d-4445-8ff9-efb70866dc3b",
      "updatedUserId": "9451fc51-e00d-4445-8ff9-efb70866dc3b"
    }
  ],
  "dialogs": [
    {
      "rootNodeId": "6e50e272-d5dd-4c6d-b9cb-2e0751d8a8ee",
      "messageNodes": [
        {
          "botMessageId": "1726c8b2-dd10-4dfa-851e-215d7271a100",
          "nodeType": "BotMessageNode",
          "id": "6e50e272-d5dd-4c6d-b9cb-2e0751d8a8ee",
          "defaultTargetNodeId": "370a2894-bd2b-4f0a-82cc-64df20b56e5c"
        },
        {
          "botMessageId": "d707f619-a91d-467b-bda4-ed0a6f484bf9",
          "nodeType": "BotMessageNode",
          "id": "370a2894-bd2b-4f0a-82cc-64df20b56e5c",
          "defaultTargetNodeId": "110ec76e-2061-45a9-bbb6-104a58b9bf4a"
        },
        {
          "botMessageId": "48310ac7-cda4-4766-ae71-9c8aae871de0",
          "nodeType": "BotMessageNode",
          "id": "110ec76e-2061-45a9-bbb6-104a58b9bf4a",
          "defaultTargetNodeId": "18d081ed-7978-4532-8bd7-b7332ed9f7aa"
        },
        {
          "botMessageId": "a2847ab9-6052-4c0a-bd95-68eddfcaaad3",
          "nodeType": "BotMessageNode",
          "id": "18d081ed-7978-4532-8bd7-b7332ed9f7aa",
          "defaultTargetNodeId": "b5b74163-81e5-47b9-8ab9-17f859157898"
        }
      ],
      "dialogChangeNodes": [
        {
          "targetDialogId": "new_topic_f98a24608ee04cb998de3e3e32703d5b_aeabea4d071f415c8c107e1cb7af5424_assumedsuccess",
          "nodeType": "DialogChangeNode",
          "id": "b5b74163-81e5-47b9-8ab9-17f859157898"
        }
      ],
      "id": "new_topic_db011b7ac1a740f7b907f0b0e749ffe9",
      "displayName": "Senza titolo",
      "createdTime": "2022-04-29T20:59:28.3974605Z",
      "updatedTime": "2022-04-29T20:59:28.3974605Z",
      "createdUserId": "9451fc51-e00d-4445-8ff9-efb70866dc3b",
      "updatedUserId": "9451fc51-e00d-4445-8ff9-efb70866dc3b"
    }
  ],
  "botMessages": [
    {
      "channelContent": {
        "web": {
          "contentFormat": "Markdown",
          "content": "In Microsoft Teams, puoi registrare riunioni di Teams e chiamate di gruppo per acquisire le attività di condivisione di audio, video e schermo.\n\n[Visualizza questa guida per vedere come 🎥](https://support.microsoft.com/it-it/office/record-a-meeting-in-teams-34dfbe7f-b07d-4a27-b4c6-de62f1348c24)."
        }
      },
      "id": "1726c8b2-dd10-4dfa-851e-215d7271a100",
      "createdTime": "2022-04-29T20:48:54.992Z",
      "updatedTime": "2022-04-29T20:48:54.992Z"
    },
    {
      "channelContent": {
        "web": {
          "contentFormat": "Markdown",
          "content": "C'è anche un'opzione per la trascrizione automatica delle registrazioni, in modo che gli utenti possano riprodurre le registrazioni delle riunioni con i sottotitoli e cercare importanti elementi di discussione nella trascrizione."
        }
      },
      "id": "d707f619-a91d-467b-bda4-ed0a6f484bf9",
      "createdTime": "2022-04-29T20:55:08.701Z",
      "updatedTime": "2022-04-29T20:55:08.701Z",
      "createdUserId": "user-0",
      "updatedUserId": "user-0"
    },
    {
      "channelContent": {
        "web": {
          "contentFormat": "Markdown",
          "content": "**Nota**!\n\nLe registrazioni devono essere avviate manualmente, altrimenti in una riunione Teams non viene salvato nulla oltre alle informazioni condivise nella chat (se la chat è abilitata)."
        }
      },
      "id": "48310ac7-cda4-4766-ae71-9c8aae871de0",
      "createdTime": "2022-04-29T20:56:13.868Z",
      "updatedTime": "2022-04-29T20:56:13.868Z",
      "createdUserId": "user-0",
      "updatedUserId": "user-0"
    },
    {
      "channelContent": {
        "web": {
          "contentFormat": "Markdown",
          "content": "Vedere questo articolo per indicazioni aggiornate: [registrazione delle riunioni in Teams](https://docs.microsoft.com/it-it/microsoftteams/cloud-recording)"
        }
      },
      "id": "a2847ab9-6052-4c0a-bd95-68eddfcaaad3",
      "createdTime": "2022-04-29T20:57:57.484Z",
      "updatedTime": "2022-04-29T20:57:57.484Z",
      "createdUserId": "user-0",
      "updatedUserId": "user-0"
    }
  ]
}