{
  "intents": [
    {
      "endUserOverrideName": "Einstellungen für mein Team ändern",
      "triggerQueries": [
        "Wo kann ich meine Teameinstellungen ändern?",
        "Ändern der Teameinstellungen",
        "Wie erreiche ich die Einstellungen des Teams?",
        "Wo finde ich die Einstellungen des Teams?",
        "Einstellungen für das Team anpassenÄndern der Einstellungen für meine Teammitglieder",
        "Ändern der Einstellungen Ihres Teams",
        "Ändern der Einstellungen meines Teams",
        "Wo besteht die Möglichkeit, meine Teameinstellungen zu ändern?",
        "Einstellungen für mein Team ändern"
      ],
      "dialogId": "new_topic_f8478306735e48dd823712cd7d8c8dc2",
      "isTriggeringEnabled": true,
      "id": "new_topic_f8478306735e48dd823712cd7d8c8dc2",
      "displayName": "Wo kann ich meine Teameinstellungen ändern?",
      "description": "",
      "createdTime": "2021-04-19T07:31:29.7943564Z",
      "updatedTime": "2021-04-19T07:31:29.7943564Z",
      "createdUserId": "d4c65e50-fb5c-4311-830a-05b59a11dd48"
    }
  ],
  "dialogs": [
    {
      "rootNodeId": "25e3fb7a-2416-4dae-b9ac-d42b28a8a117",
      "messageNodes": [
        {
          "botMessageId": "a5b65e0b-cec1-4898-90dd-715d989fd36f",
          "nodeType": "BotMessageNode",
          "id": "25e3fb7a-2416-4dae-b9ac-d42b28a8a117",
          "defaultTargetNodeId": "a9e740a6-27f2-4047-89f7-192bbcd83525"
        },
        {
          "botMessageId": "c3ba5d7e-03f6-4998-8173-626b93defe3b",
          "nodeType": "BotMessageNode",
          "id": "a9e740a6-27f2-4047-89f7-192bbcd83525",
          "defaultTargetNodeId": "3a37a828-23c7-4906-b2d2-06acd4509868"
        }
      ],
      "dialogChangeNodes": [
        {
          "targetDialogId": "new_topic_30867099f4b543d3b8543a85c22c3418_aeabea4d071f415c8c107e1cb7af5424_assumedsuccess",
          "nodeType": "DialogChangeNode",
          "id": "3a37a828-23c7-4906-b2d2-06acd4509868"
        }
      ],
      "id": "new_topic_f8478306735e48dd823712cd7d8c8dc2",
      "displayName": "Dialog for Wo kann ich meine Teameinstellungen ändern?",
      "createdTime": "2021-04-19T07:31:29.7943564Z",
      "updatedTime": "2021-04-19T07:33:19.6847425Z",
      "createdUserId": "d4c65e50-fb5c-4311-830a-05b59a11dd48",
      "updatedUserId": "d4c65e50-fb5c-4311-830a-05b59a11dd48"
    }
  ],
  "botMessages": [
    {
      "channelContent": {
        "web": {
          "contentFormat": "Markdown",
          "content": "Wechseln Sie zum Teamnamen und klicken Sie auf **Weitere Optionen (...) > Team verwalten**."
        }
      },
      "id": "a5b65e0b-cec1-4898-90dd-715d989fd36f",
      "createdTime": "2021-04-19T07:31:29.7943564Z",
      "updatedTime": "2021-04-19T07:31:29.7943564Z",
      "createdUserId": "d4c65e50-fb5c-4311-830a-05b59a11dd48",
      "updatedUserId": "d4c65e50-fb5c-4311-830a-05b59a11dd48"
    },
    {
      "channelContent": {
        "web": {
          "contentFormat": "Markdown",
          "content": "Von dort aus können Sie auf die Einstellungen Ihres Teams zugreifen, mit denen Sie:\n\n*   Ändern Sie das Teambild.\n*   Legen Sie Elementberechtigungen fest.\n*   Aktivieren Sie @team Erwähnungen in einem Kanal.\n*   Ermöglicht Team Mitgliedern das Senden von Gifs, Emojis und Stickern.\n*   Und mehr"
        }
      },
      "id": "c3ba5d7e-03f6-4998-8173-626b93defe3b",
      "createdTime": "2021-04-19T07:31:37.176Z",
      "updatedTime": "2021-04-19T07:31:37.176Z",
      "createdUserId": "user-0",
      "updatedUserId": "user-0"
    }
  ]
}