<bot_botcomponentset>
  <bot_botcomponent botcomponentid.schemaname="new_customtype_e2d1671328b941dbb60fa7150059b1ee_92610204747047ac8f788f7eecd91118" botid.schemaname="new_bot_e2d1671328b941dbb60fa7150059b1ee">
    <iscustomizable>1</iscustomizable>
  </bot_botcomponent>
  <bot_botcomponent botcomponentid.schemaname="new_customtype_e2d1671328b941dbb60fa7150059b1ee_f86fcadfd497444e91ed11c12b059d10" botid.schemaname="new_bot_e2d1671328b941dbb60fa7150059b1ee">
    <iscustomizable>1</iscustomizable>
  </bot_botcomponent>
  <bot_botcomponent botcomponentid.schemaname="new_topic_01d90f694c0541009db8d50450ed3940" botid.schemaname="new_bot_e2d1671328b941dbb60fa7150059b1ee">
    <iscustomizable>1</iscustomizable>
  </bot_botcomponent>
  <bot_botcomponent botcomponentid.schemaname="new_topic_04fdeb40e5de448aa5c27ae48fe62dd8" botid.schemaname="new_bot_e2d1671328b941dbb60fa7150059b1ee">
    <iscustomizable>1</iscustomizable>
  </bot_botcomponent>
  <bot_botcomponent botcomponentid.schemaname="new_topic_0e93a6c32ddb431fb2e7fc86d5191cac" botid.schemaname="new_bot_e2d1671328b941dbb60fa7150059b1ee">
    <iscustomizable>1</iscustomizable>
  </bot_botcomponent>
  <bot_botcomponent botcomponentid.schemaname="new_topic_0f2792c4d981445497b797032ee3402f" botid.schemaname="new_bot_e2d1671328b941dbb60fa7150059b1ee">
    <iscustomizable>1</iscustomizable>
  </bot_botcomponent>
  <bot_botcomponent botcomponentid.schemaname="new_topic_0fbae9917e4f44c399d7b3dc5fe760d8" botid.schemaname="new_bot_e2d1671328b941dbb60fa7150059b1ee">
    <iscustomizable>1</iscustomizable>
  </bot_botcomponent>
  <bot_botcomponent botcomponentid.schemaname="new_topic_11295733124f4953a3875cdcd23fd927" botid.schemaname="new_bot_e2d1671328b941dbb60fa7150059b1ee">
    <iscustomizable>1</iscustomizable>
  </bot_botcomponent>
  <bot_botcomponent botcomponentid.schemaname="new_topic_124b9220ab0b4cdfb054c8e3d01107e3" botid.schemaname="new_bot_e2d1671328b941dbb60fa7150059b1ee">
    <iscustomizable>1</iscustomizable>
  </bot_botcomponent>
  <bot_botcomponent botcomponentid.schemaname="new_topic_1320052e66d8453f8b49c34878bbe541" botid.schemaname="new_bot_e2d1671328b941dbb60fa7150059b1ee">
    <iscustomizable>1</iscustomizable>
  </bot_botcomponent>
  <bot_botcomponent botcomponentid.schemaname="new_topic_1410a1389efa47c58cb5014023b3982f" botid.schemaname="new_bot_e2d1671328b941dbb60fa7150059b1ee">
    <iscustomizable>1</iscustomizable>
  </bot_botcomponent>
  <bot_botcomponent botcomponentid.schemaname="new_topic_17928aaa73374d09a07e7a82992d5cf5" botid.schemaname="new_bot_e2d1671328b941dbb60fa7150059b1ee">
    <iscustomizable>1</iscustomizable>
  </bot_botcomponent>
  <bot_botcomponent botcomponentid.schemaname="new_topic_1b12f8578f21459fb03c9f067dfda9bc" botid.schemaname="new_bot_e2d1671328b941dbb60fa7150059b1ee">
    <iscustomizable>1</iscustomizable>
  </bot_botcomponent>
  <bot_botcomponent botcomponentid.schemaname="new_topic_1c2852131116497bbdaf412245e990d5" botid.schemaname="new_bot_e2d1671328b941dbb60fa7150059b1ee">
    <iscustomizable>1</iscustomizable>
  </bot_botcomponent>
  <bot_botcomponent botcomponentid.schemaname="new_topic_1fc826f54c2c41568088e673860e6b50" botid.schemaname="new_bot_e2d1671328b941dbb60fa7150059b1ee">
    <iscustomizable>1</iscustomizable>
  </bot_botcomponent>
  <bot_botcomponent botcomponentid.schemaname="new_topic_293b665fd688473a9f442616e9a31511" botid.schemaname="new_bot_e2d1671328b941dbb60fa7150059b1ee">
    <iscustomizable>1</iscustomizable>
  </bot_botcomponent>
  <bot_botcomponent botcomponentid.schemaname="new_topic_2a27e3ef796241f18e0ed732f9f15557" botid.schemaname="new_bot_e2d1671328b941dbb60fa7150059b1ee">
    <iscustomizable>1</iscustomizable>
  </bot_botcomponent>
  <bot_botcomponent botcomponentid.schemaname="new_topic_2a4de671e8634800bc68cf430ae5431c" botid.schemaname="new_bot_e2d1671328b941dbb60fa7150059b1ee">
    <iscustomizable>1</iscustomizable>
  </bot_botcomponent>
  <bot_botcomponent botcomponentid.schemaname="new_topic_2aa5fb82544048b7970ad2f29b188ac5" botid.schemaname="new_bot_e2d1671328b941dbb60fa7150059b1ee">
    <iscustomizable>1</iscustomizable>
  </bot_botcomponent>
  <bot_botcomponent botcomponentid.schemaname="new_topic_2e8e1df700f94c56896b476585878a7a" botid.schemaname="new_bot_e2d1671328b941dbb60fa7150059b1ee">
    <iscustomizable>1</iscustomizable>
  </bot_botcomponent>
  <bot_botcomponent botcomponentid.schemaname="new_topic_2f8a0cbe32214185990ce8be66b21b5d" botid.schemaname="new_bot_e2d1671328b941dbb60fa7150059b1ee">
    <iscustomizable>1</iscustomizable>
  </bot_botcomponent>
  <bot_botcomponent botcomponentid.schemaname="new_topic_2fea3cfc24d74fcdb307495a334d508d" botid.schemaname="new_bot_e2d1671328b941dbb60fa7150059b1ee">
    <iscustomizable>1</iscustomizable>
  </bot_botcomponent>
  <bot_botcomponent botcomponentid.schemaname="new_topic_30b7dce7a88840e0a5beb5cb42bc38e7" botid.schemaname="new_bot_e2d1671328b941dbb60fa7150059b1ee">
    <iscustomizable>1</iscustomizable>
  </bot_botcomponent>
  <bot_botcomponent botcomponentid.schemaname="new_topic_32b3e560b050413a921b77af919c65ec" botid.schemaname="new_bot_e2d1671328b941dbb60fa7150059b1ee">
    <iscustomizable>1</iscustomizable>
  </bot_botcomponent>
  <bot_botcomponent botcomponentid.schemaname="new_topic_33408ff5ae3e495eb93936d740b802be" botid.schemaname="new_bot_e2d1671328b941dbb60fa7150059b1ee">
    <iscustomizable>1</iscustomizable>
  </bot_botcomponent>
  <bot_botcomponent botcomponentid.schemaname="new_topic_37a7436ba9cf4066ade6c5c76b43774b" botid.schemaname="new_bot_e2d1671328b941dbb60fa7150059b1ee">
    <iscustomizable>1</iscustomizable>
  </bot_botcomponent>
  <bot_botcomponent botcomponentid.schemaname="new_topic_3b4815b6d5214879bb1c97da772de878" botid.schemaname="new_bot_e2d1671328b941dbb60fa7150059b1ee">
    <iscustomizable>1</iscustomizable>
  </bot_botcomponent>
  <bot_botcomponent botcomponentid.schemaname="new_topic_3be03feaef0140e9bd97fd72c41d773b" botid.schemaname="new_bot_e2d1671328b941dbb60fa7150059b1ee">
    <iscustomizable>1</iscustomizable>
  </bot_botcomponent>
  <bot_botcomponent botcomponentid.schemaname="new_topic_3c413b6875e64e9c870e7567fce13a92" botid.schemaname="new_bot_e2d1671328b941dbb60fa7150059b1ee">
    <iscustomizable>1</iscustomizable>
  </bot_botcomponent>
  <bot_botcomponent botcomponentid.schemaname="new_topic_42635aff1f9c49a88095a7ce62c5c48a" botid.schemaname="new_bot_e2d1671328b941dbb60fa7150059b1ee">
    <iscustomizable>1</iscustomizable>
  </bot_botcomponent>
  <bot_botcomponent botcomponentid.schemaname="new_topic_432a88c9a93e4f07a6ecfdd68bce490b" botid.schemaname="new_bot_e2d1671328b941dbb60fa7150059b1ee">
    <iscustomizable>1</iscustomizable>
  </bot_botcomponent>
  <bot_botcomponent botcomponentid.schemaname="new_topic_44445f86206b4da39bfa9335ab8fbb2d" botid.schemaname="new_bot_e2d1671328b941dbb60fa7150059b1ee">
    <iscustomizable>1</iscustomizable>
  </bot_botcomponent>
  <bot_botcomponent botcomponentid.schemaname="new_topic_4582f68314b74660b90c0724b4846fdb" botid.schemaname="new_bot_e2d1671328b941dbb60fa7150059b1ee">
    <iscustomizable>1</iscustomizable>
  </bot_botcomponent>
  <bot_botcomponent botcomponentid.schemaname="new_topic_485195a9556f4322aab0520e9e9f9a5e" botid.schemaname="new_bot_e2d1671328b941dbb60fa7150059b1ee">
    <iscustomizable>1</iscustomizable>
  </bot_botcomponent>
  <bot_botcomponent botcomponentid.schemaname="new_topic_4901ac23f09f4a54b75f881ba268d8fb" botid.schemaname="new_bot_e2d1671328b941dbb60fa7150059b1ee">
    <iscustomizable>1</iscustomizable>
  </bot_botcomponent>
  <bot_botcomponent botcomponentid.schemaname="new_topic_499b34dcf40f4786aaa254d50c86aa5f" botid.schemaname="new_bot_e2d1671328b941dbb60fa7150059b1ee">
    <iscustomizable>1</iscustomizable>
  </bot_botcomponent>
  <bot_botcomponent botcomponentid.schemaname="new_topic_4dcc42d741444fbc9d80a91f06787177" botid.schemaname="new_bot_e2d1671328b941dbb60fa7150059b1ee">
    <iscustomizable>1</iscustomizable>
  </bot_botcomponent>
  <bot_botcomponent botcomponentid.schemaname="new_topic_4e8512dbfc8a4f10b023bb52dad43749" botid.schemaname="new_bot_e2d1671328b941dbb60fa7150059b1ee">
    <iscustomizable>1</iscustomizable>
  </bot_botcomponent>
  <bot_botcomponent botcomponentid.schemaname="new_topic_50ff4d01334840e780626a20899e273d" botid.schemaname="new_bot_e2d1671328b941dbb60fa7150059b1ee">
    <iscustomizable>1</iscustomizable>
  </bot_botcomponent>
  <bot_botcomponent botcomponentid.schemaname="new_topic_5216a1ef13b24dee84863272b7f21f4f" botid.schemaname="new_bot_e2d1671328b941dbb60fa7150059b1ee">
    <iscustomizable>1</iscustomizable>
  </bot_botcomponent>
  <bot_botcomponent botcomponentid.schemaname="new_topic_52efa1405be342ccb89c2b2082bad3f3" botid.schemaname="new_bot_e2d1671328b941dbb60fa7150059b1ee">
    <iscustomizable>1</iscustomizable>
  </bot_botcomponent>
  <bot_botcomponent botcomponentid.schemaname="new_topic_560c2c5a31634650b472da58f0aeb003" botid.schemaname="new_bot_e2d1671328b941dbb60fa7150059b1ee">
    <iscustomizable>1</iscustomizable>
  </bot_botcomponent>
  <bot_botcomponent botcomponentid.schemaname="new_topic_56d40117c32c484b9732b5aaae05799b" botid.schemaname="new_bot_e2d1671328b941dbb60fa7150059b1ee">
    <iscustomizable>1</iscustomizable>
  </bot_botcomponent>
  <bot_botcomponent botcomponentid.schemaname="new_topic_56ee76b988f842e380dd5ceb56a6ad74" botid.schemaname="new_bot_e2d1671328b941dbb60fa7150059b1ee">
    <iscustomizable>1</iscustomizable>
  </bot_botcomponent>
  <bot_botcomponent botcomponentid.schemaname="new_topic_59a01f449e7144f88319ad40c78c6f21" botid.schemaname="new_bot_e2d1671328b941dbb60fa7150059b1ee">
    <iscustomizable>1</iscustomizable>
  </bot_botcomponent>
  <bot_botcomponent botcomponentid.schemaname="new_topic_5a08bd78dbe84a9bb6077b9356b54362" botid.schemaname="new_bot_e2d1671328b941dbb60fa7150059b1ee">
    <iscustomizable>1</iscustomizable>
  </bot_botcomponent>
  <bot_botcomponent botcomponentid.schemaname="new_topic_5da353d913b44df293f1431aa81af953" botid.schemaname="new_bot_e2d1671328b941dbb60fa7150059b1ee">
    <iscustomizable>1</iscustomizable>
  </bot_botcomponent>
  <bot_botcomponent botcomponentid.schemaname="new_topic_5e308bb0be874e71b3f0ef374097b4cc" botid.schemaname="new_bot_e2d1671328b941dbb60fa7150059b1ee">
    <iscustomizable>1</iscustomizable>
  </bot_botcomponent>
  <bot_botcomponent botcomponentid.schemaname="new_topic_60a6e0b091ce4c2791bb3e8fcaf5c19e" botid.schemaname="new_bot_e2d1671328b941dbb60fa7150059b1ee">
    <iscustomizable>1</iscustomizable>
  </bot_botcomponent>
  <bot_botcomponent botcomponentid.schemaname="new_topic_623cf2297e3c450d9d3446e6caa8c642" botid.schemaname="new_bot_e2d1671328b941dbb60fa7150059b1ee">
    <iscustomizable>1</iscustomizable>
  </bot_botcomponent>
  <bot_botcomponent botcomponentid.schemaname="new_topic_62679c50f09846f199075f691fccb7e9" botid.schemaname="new_bot_e2d1671328b941dbb60fa7150059b1ee">
    <iscustomizable>1</iscustomizable>
  </bot_botcomponent>
  <bot_botcomponent botcomponentid.schemaname="new_topic_650b30639f60428d81be0449a78521a9" botid.schemaname="new_bot_e2d1671328b941dbb60fa7150059b1ee">
    <iscustomizable>1</iscustomizable>
  </bot_botcomponent>
  <bot_botcomponent botcomponentid.schemaname="new_topic_662140ce25b14442ac7b6ddebeaa81f1" botid.schemaname="new_bot_e2d1671328b941dbb60fa7150059b1ee">
    <iscustomizable>1</iscustomizable>
  </bot_botcomponent>
  <bot_botcomponent botcomponentid.schemaname="new_topic_666d3ae6454c4cc68115a6540ab19245" botid.schemaname="new_bot_e2d1671328b941dbb60fa7150059b1ee">
    <iscustomizable>1</iscustomizable>
  </bot_botcomponent>
  <bot_botcomponent botcomponentid.schemaname="new_topic_69d37442d57a4cae97647f3ea8cdd808" botid.schemaname="new_bot_e2d1671328b941dbb60fa7150059b1ee">
    <iscustomizable>1</iscustomizable>
  </bot_botcomponent>
  <bot_botcomponent botcomponentid.schemaname="new_topic_6a42d67131df4da1b2dfb6230dda7d5e" botid.schemaname="new_bot_e2d1671328b941dbb60fa7150059b1ee">
    <iscustomizable>1</iscustomizable>
  </bot_botcomponent>
  <bot_botcomponent botcomponentid.schemaname="new_topic_71ee8235b0184325a593620bd2d01b2d" botid.schemaname="new_bot_e2d1671328b941dbb60fa7150059b1ee">
    <iscustomizable>1</iscustomizable>
  </bot_botcomponent>
  <bot_botcomponent botcomponentid.schemaname="new_topic_7744484f8860499d953fbaecccf29227" botid.schemaname="new_bot_e2d1671328b941dbb60fa7150059b1ee">
    <iscustomizable>1</iscustomizable>
  </bot_botcomponent>
  <bot_botcomponent botcomponentid.schemaname="new_topic_779e93dacd5543e0b7d3f904d888f2ed" botid.schemaname="new_bot_e2d1671328b941dbb60fa7150059b1ee">
    <iscustomizable>1</iscustomizable>
  </bot_botcomponent>
  <bot_botcomponent botcomponentid.schemaname="new_topic_7debe71dcfdd463caf4a5e6c65b3f024" botid.schemaname="new_bot_e2d1671328b941dbb60fa7150059b1ee">
    <iscustomizable>1</iscustomizable>
  </bot_botcomponent>
  <bot_botcomponent botcomponentid.schemaname="new_topic_840fb21e09aa491d99f0b8f9d8965d6f" botid.schemaname="new_bot_e2d1671328b941dbb60fa7150059b1ee">
    <iscustomizable>1</iscustomizable>
  </bot_botcomponent>
  <bot_botcomponent botcomponentid.schemaname="new_topic_87a7cc144e8c4bc2a64946659127f16e" botid.schemaname="new_bot_e2d1671328b941dbb60fa7150059b1ee">
    <iscustomizable>1</iscustomizable>
  </bot_botcomponent>
  <bot_botcomponent botcomponentid.schemaname="new_topic_8a420305a8674b67b81f6b3523d2942e" botid.schemaname="new_bot_e2d1671328b941dbb60fa7150059b1ee">
    <iscustomizable>1</iscustomizable>
  </bot_botcomponent>
  <bot_botcomponent botcomponentid.schemaname="new_topic_8e53a04677934889916ab57bf39666c5" botid.schemaname="new_bot_e2d1671328b941dbb60fa7150059b1ee">
    <iscustomizable>1</iscustomizable>
  </bot_botcomponent>
  <bot_botcomponent botcomponentid.schemaname="new_topic_90e5b66e95164856abdc8447c91d5ed3" botid.schemaname="new_bot_e2d1671328b941dbb60fa7150059b1ee">
    <iscustomizable>1</iscustomizable>
  </bot_botcomponent>
  <bot_botcomponent botcomponentid.schemaname="new_topic_92355a2d69f946eaa5e238a0bee7a7be" botid.schemaname="new_bot_e2d1671328b941dbb60fa7150059b1ee">
    <iscustomizable>1</iscustomizable>
  </bot_botcomponent>
  <bot_botcomponent botcomponentid.schemaname="new_topic_92857115b8eb4dc5b9b33a9567fbaff8" botid.schemaname="new_bot_e2d1671328b941dbb60fa7150059b1ee">
    <iscustomizable>1</iscustomizable>
  </bot_botcomponent>
  <bot_botcomponent botcomponentid.schemaname="new_topic_9360c50d2b154dfc967a1e3ac1f62914" botid.schemaname="new_bot_e2d1671328b941dbb60fa7150059b1ee">
    <iscustomizable>1</iscustomizable>
  </bot_botcomponent>
  <bot_botcomponent botcomponentid.schemaname="new_topic_97006bd94c6b4bd2bfcd92170bae1ce3" botid.schemaname="new_bot_e2d1671328b941dbb60fa7150059b1ee">
    <iscustomizable>1</iscustomizable>
  </bot_botcomponent>
  <bot_botcomponent botcomponentid.schemaname="new_topic_98b5058fdee54510b384c2afaae97e4f" botid.schemaname="new_bot_e2d1671328b941dbb60fa7150059b1ee">
    <iscustomizable>1</iscustomizable>
  </bot_botcomponent>
  <bot_botcomponent botcomponentid.schemaname="new_topic_9a392c31e8bc4264badddf1a50351305" botid.schemaname="new_bot_e2d1671328b941dbb60fa7150059b1ee">
    <iscustomizable>1</iscustomizable>
  </bot_botcomponent>
  <bot_botcomponent botcomponentid.schemaname="new_topic_9bbe9977b7524566a9b84f42da9dfe0d" botid.schemaname="new_bot_e2d1671328b941dbb60fa7150059b1ee">
    <iscustomizable>1</iscustomizable>
  </bot_botcomponent>
  <bot_botcomponent botcomponentid.schemaname="new_topic_9bc6c4ec70b84d83be713fa2d9f70c6c" botid.schemaname="new_bot_e2d1671328b941dbb60fa7150059b1ee">
    <iscustomizable>1</iscustomizable>
  </bot_botcomponent>
  <bot_botcomponent botcomponentid.schemaname="new_topic_9e707e3668c14c8a81197ca5d7b20f7f" botid.schemaname="new_bot_e2d1671328b941dbb60fa7150059b1ee">
    <iscustomizable>1</iscustomizable>
  </bot_botcomponent>
  <bot_botcomponent botcomponentid.schemaname="new_topic_a3ca7ad9b0fe41c0aa2c7fdce6918596" botid.schemaname="new_bot_e2d1671328b941dbb60fa7150059b1ee">
    <iscustomizable>1</iscustomizable>
  </bot_botcomponent>
  <bot_botcomponent botcomponentid.schemaname="new_topic_a3e894cc6d794a23adb19001e1678597" botid.schemaname="new_bot_e2d1671328b941dbb60fa7150059b1ee">
    <iscustomizable>1</iscustomizable>
  </bot_botcomponent>
  <bot_botcomponent botcomponentid.schemaname="new_topic_a4e95c4f47784b6aa7b780a7618ae21d" botid.schemaname="new_bot_e2d1671328b941dbb60fa7150059b1ee">
    <iscustomizable>1</iscustomizable>
  </bot_botcomponent>
  <bot_botcomponent botcomponentid.schemaname="new_topic_a6e1d7246441450fa34f38ee6661d62d" botid.schemaname="new_bot_e2d1671328b941dbb60fa7150059b1ee">
    <iscustomizable>1</iscustomizable>
  </bot_botcomponent>
  <bot_botcomponent botcomponentid.schemaname="new_topic_a9b8c2ac10ef4e03bfa6331dc25289b8" botid.schemaname="new_bot_e2d1671328b941dbb60fa7150059b1ee">
    <iscustomizable>1</iscustomizable>
  </bot_botcomponent>
  <bot_botcomponent botcomponentid.schemaname="new_topic_abb58e0da43b4c59bb16a6c4c3788e45" botid.schemaname="new_bot_e2d1671328b941dbb60fa7150059b1ee">
    <iscustomizable>1</iscustomizable>
  </bot_botcomponent>
  <bot_botcomponent botcomponentid.schemaname="new_topic_ac54ef4f35534542bb28548ecf24d989" botid.schemaname="new_bot_e2d1671328b941dbb60fa7150059b1ee">
    <iscustomizable>1</iscustomizable>
  </bot_botcomponent>
  <bot_botcomponent botcomponentid.schemaname="new_topic_ad2e932bb88c4367ac95929ac6cae404" botid.schemaname="new_bot_e2d1671328b941dbb60fa7150059b1ee">
    <iscustomizable>1</iscustomizable>
  </bot_botcomponent>
  <bot_botcomponent botcomponentid.schemaname="new_topic_af66fd43995d4ffa9b58327fe20109c7" botid.schemaname="new_bot_e2d1671328b941dbb60fa7150059b1ee">
    <iscustomizable>1</iscustomizable>
  </bot_botcomponent>
  <bot_botcomponent botcomponentid.schemaname="new_topic_afa1521fe88f4e9b8b8e1518529b32fe" botid.schemaname="new_bot_e2d1671328b941dbb60fa7150059b1ee">
    <iscustomizable>1</iscustomizable>
  </bot_botcomponent>
  <bot_botcomponent botcomponentid.schemaname="new_topic_b307942687574cbba238fbf9c541e5d5" botid.schemaname="new_bot_e2d1671328b941dbb60fa7150059b1ee">
    <iscustomizable>1</iscustomizable>
  </bot_botcomponent>
  <bot_botcomponent botcomponentid.schemaname="new_topic_b4aaa4ea812f4791a2a0c197c54a8f93" botid.schemaname="new_bot_e2d1671328b941dbb60fa7150059b1ee">
    <iscustomizable>1</iscustomizable>
  </bot_botcomponent>
  <bot_botcomponent botcomponentid.schemaname="new_topic_b78cedeca952425fbbe9e6d0413459af" botid.schemaname="new_bot_e2d1671328b941dbb60fa7150059b1ee">
    <iscustomizable>1</iscustomizable>
  </bot_botcomponent>
  <bot_botcomponent botcomponentid.schemaname="new_topic_bf82458fca904a339f12c514daf2e992" botid.schemaname="new_bot_e2d1671328b941dbb60fa7150059b1ee">
    <iscustomizable>1</iscustomizable>
  </bot_botcomponent>
  <bot_botcomponent botcomponentid.schemaname="new_topic_c3f51ce005914d64a6795d653079b420" botid.schemaname="new_bot_e2d1671328b941dbb60fa7150059b1ee">
    <iscustomizable>1</iscustomizable>
  </bot_botcomponent>
  <bot_botcomponent botcomponentid.schemaname="new_topic_c537ec077483409baec6a3e96e86b21d" botid.schemaname="new_bot_e2d1671328b941dbb60fa7150059b1ee">
    <iscustomizable>1</iscustomizable>
  </bot_botcomponent>
  <bot_botcomponent botcomponentid.schemaname="new_topic_c558b84bf4c746958e21dd09fc9db182" botid.schemaname="new_bot_e2d1671328b941dbb60fa7150059b1ee">
    <iscustomizable>1</iscustomizable>
  </bot_botcomponent>
  <bot_botcomponent botcomponentid.schemaname="new_topic_c5a78daed5824481b085d7697b454aa7" botid.schemaname="new_bot_e2d1671328b941dbb60fa7150059b1ee">
    <iscustomizable>1</iscustomizable>
  </bot_botcomponent>
  <bot_botcomponent botcomponentid.schemaname="new_topic_c7476f4f30184269adabf2b68e93affa" botid.schemaname="new_bot_e2d1671328b941dbb60fa7150059b1ee">
    <iscustomizable>1</iscustomizable>
  </bot_botcomponent>
  <bot_botcomponent botcomponentid.schemaname="new_topic_c8725275dd50405d83cbe038d6e1eb50" botid.schemaname="new_bot_e2d1671328b941dbb60fa7150059b1ee">
    <iscustomizable>1</iscustomizable>
  </bot_botcomponent>
  <bot_botcomponent botcomponentid.schemaname="new_topic_caa594f9b8d749359d5e3eb1f30ae9dc" botid.schemaname="new_bot_e2d1671328b941dbb60fa7150059b1ee">
    <iscustomizable>1</iscustomizable>
  </bot_botcomponent>
  <bot_botcomponent botcomponentid.schemaname="new_topic_cb21959f4ac24c5bb9403a37b493f393" botid.schemaname="new_bot_e2d1671328b941dbb60fa7150059b1ee">
    <iscustomizable>1</iscustomizable>
  </bot_botcomponent>
  <bot_botcomponent botcomponentid.schemaname="new_topic_ce3093dc6c2d4745b2e3393a521a33d8" botid.schemaname="new_bot_e2d1671328b941dbb60fa7150059b1ee">
    <iscustomizable>1</iscustomizable>
  </bot_botcomponent>
  <bot_botcomponent botcomponentid.schemaname="new_topic_cf4bba289ef447f09ec004a067092a25" botid.schemaname="new_bot_e2d1671328b941dbb60fa7150059b1ee">
    <iscustomizable>1</iscustomizable>
  </bot_botcomponent>
  <bot_botcomponent botcomponentid.schemaname="new_topic_cf618515f00649b3bb0f6bffa786f9d9" botid.schemaname="new_bot_e2d1671328b941dbb60fa7150059b1ee">
    <iscustomizable>1</iscustomizable>
  </bot_botcomponent>
  <bot_botcomponent botcomponentid.schemaname="new_topic_cfb1d499defe45418469ffa9fecb55ef" botid.schemaname="new_bot_e2d1671328b941dbb60fa7150059b1ee">
    <iscustomizable>1</iscustomizable>
  </bot_botcomponent>
  <bot_botcomponent botcomponentid.schemaname="new_topic_d29849915d604fb9b1fa71939050491d" botid.schemaname="new_bot_e2d1671328b941dbb60fa7150059b1ee">
    <iscustomizable>1</iscustomizable>
  </bot_botcomponent>
  <bot_botcomponent botcomponentid.schemaname="new_topic_d2a9c42ec13b45dab03ac3ddc0ae38dc" botid.schemaname="new_bot_e2d1671328b941dbb60fa7150059b1ee">
    <iscustomizable>1</iscustomizable>
  </bot_botcomponent>
  <bot_botcomponent botcomponentid.schemaname="new_topic_da030b07f0c948ee9556ad19f96a7cfd" botid.schemaname="new_bot_e2d1671328b941dbb60fa7150059b1ee">
    <iscustomizable>1</iscustomizable>
  </bot_botcomponent>
  <bot_botcomponent botcomponentid.schemaname="new_topic_db1e91abe787460db9f5c6fa1ab3f66c" botid.schemaname="new_bot_e2d1671328b941dbb60fa7150059b1ee">
    <iscustomizable>1</iscustomizable>
  </bot_botcomponent>
  <bot_botcomponent botcomponentid.schemaname="new_topic_dbf42ff6b2654bcfaf013937171587c7" botid.schemaname="new_bot_e2d1671328b941dbb60fa7150059b1ee">
    <iscustomizable>1</iscustomizable>
  </bot_botcomponent>
  <bot_botcomponent botcomponentid.schemaname="new_topic_dcbd6a71a709458e831fa4e57258de96" botid.schemaname="new_bot_e2d1671328b941dbb60fa7150059b1ee">
    <iscustomizable>1</iscustomizable>
  </bot_botcomponent>
  <bot_botcomponent botcomponentid.schemaname="new_topic_ddb28190dd57453d892a5aee0d1620e8" botid.schemaname="new_bot_e2d1671328b941dbb60fa7150059b1ee">
    <iscustomizable>1</iscustomizable>
  </bot_botcomponent>
  <bot_botcomponent botcomponentid.schemaname="new_topic_e036f0eac40640109a1d28787e7e3138" botid.schemaname="new_bot_e2d1671328b941dbb60fa7150059b1ee">
    <iscustomizable>1</iscustomizable>
  </bot_botcomponent>
  <bot_botcomponent botcomponentid.schemaname="new_topic_e05f8ce490aa46c8afd98bc4dc74a9fe" botid.schemaname="new_bot_e2d1671328b941dbb60fa7150059b1ee">
    <iscustomizable>1</iscustomizable>
  </bot_botcomponent>
  <bot_botcomponent botcomponentid.schemaname="new_topic_e09f295c72554dc09d17389474a72340" botid.schemaname="new_bot_e2d1671328b941dbb60fa7150059b1ee">
    <iscustomizable>1</iscustomizable>
  </bot_botcomponent>
  <bot_botcomponent botcomponentid.schemaname="new_topic_e1886e13c34947c7a93e2504f57fec5d" botid.schemaname="new_bot_e2d1671328b941dbb60fa7150059b1ee">
    <iscustomizable>1</iscustomizable>
  </bot_botcomponent>
  <bot_botcomponent botcomponentid.schemaname="new_topic_e2d1671328b941dbb60fa7150059b1ee_21a34f1673a24096a99ba0effb63cc1d" botid.schemaname="new_bot_e2d1671328b941dbb60fa7150059b1ee">
    <iscustomizable>1</iscustomizable>
  </bot_botcomponent>
  <bot_botcomponent botcomponentid.schemaname="new_topic_e2d1671328b941dbb60fa7150059b1ee_33d5123770ba4daeafae51b361ddc80a" botid.schemaname="new_bot_e2d1671328b941dbb60fa7150059b1ee">
    <iscustomizable>1</iscustomizable>
  </bot_botcomponent>
  <bot_botcomponent botcomponentid.schemaname="new_topic_e2d1671328b941dbb60fa7150059b1ee_3d2584ec30914684839527e05e7be172_thankyou" botid.schemaname="new_bot_e2d1671328b941dbb60fa7150059b1ee">
    <iscustomizable>1</iscustomizable>
  </bot_botcomponent>
  <bot_botcomponent botcomponentid.schemaname="new_topic_e2d1671328b941dbb60fa7150059b1ee_85df75ce08a44a9b82cc8f3fdb25f669" botid.schemaname="new_bot_e2d1671328b941dbb60fa7150059b1ee">
    <iscustomizable>1</iscustomizable>
  </bot_botcomponent>
  <bot_botcomponent botcomponentid.schemaname="new_topic_e2d1671328b941dbb60fa7150059b1ee_8a4964498f83424bb3a86295bf7d0952_startover" botid.schemaname="new_bot_e2d1671328b941dbb60fa7150059b1ee">
    <iscustomizable>1</iscustomizable>
  </bot_botcomponent>
  <bot_botcomponent botcomponentid.schemaname="new_topic_e2d1671328b941dbb60fa7150059b1ee_954135cafcd647eaae5999ad91fc08cf_talktoagent" botid.schemaname="new_bot_e2d1671328b941dbb60fa7150059b1ee">
    <iscustomizable>1</iscustomizable>
  </bot_botcomponent>
  <bot_botcomponent botcomponentid.schemaname="new_topic_e2d1671328b941dbb60fa7150059b1ee_aeabea4d071f415c8c107e1cb7af5424_assumedsuccess" botid.schemaname="new_bot_e2d1671328b941dbb60fa7150059b1ee">
    <iscustomizable>1</iscustomizable>
  </bot_botcomponent>
  <bot_botcomponent botcomponentid.schemaname="new_topic_e2d1671328b941dbb60fa7150059b1ee_ba7b967c97ba4c39bca58a8bb6a72d59_conversationstart" botid.schemaname="new_bot_e2d1671328b941dbb60fa7150059b1ee">
    <iscustomizable>1</iscustomizable>
  </bot_botcomponent>
  <bot_botcomponent botcomponentid.schemaname="new_topic_e2d1671328b941dbb60fa7150059b1ee_d2198a5ee41a48a5bf70ab8970145a9f_confirmedfailure" botid.schemaname="new_bot_e2d1671328b941dbb60fa7150059b1ee">
    <iscustomizable>1</iscustomizable>
  </bot_botcomponent>
  <bot_botcomponent botcomponentid.schemaname="new_topic_e2d1671328b941dbb60fa7150059b1ee_db1f76b081dc43389df9dd2df7518737_confirmedsuccess" botid.schemaname="new_bot_e2d1671328b941dbb60fa7150059b1ee">
    <iscustomizable>1</iscustomizable>
  </bot_botcomponent>
  <bot_botcomponent botcomponentid.schemaname="new_topic_e2d1671328b941dbb60fa7150059b1ee_dbafebd526364487911b63a2a774389f" botid.schemaname="new_bot_e2d1671328b941dbb60fa7150059b1ee">
    <iscustomizable>1</iscustomizable>
  </bot_botcomponent>
  <bot_botcomponent botcomponentid.schemaname="new_topic_e2d1671328b941dbb60fa7150059b1ee_f56d1a3e522740c78f9fac0939332dbd_goodbye" botid.schemaname="new_bot_e2d1671328b941dbb60fa7150059b1ee">
    <iscustomizable>1</iscustomizable>
  </bot_botcomponent>
  <bot_botcomponent botcomponentid.schemaname="new_topic_e3cf73b5e5564dc99855f735088cc74b" botid.schemaname="new_bot_e2d1671328b941dbb60fa7150059b1ee">
    <iscustomizable>1</iscustomizable>
  </bot_botcomponent>
  <bot_botcomponent botcomponentid.schemaname="new_topic_e57e3c40cc814acdad907427cb2c2171" botid.schemaname="new_bot_e2d1671328b941dbb60fa7150059b1ee">
    <iscustomizable>1</iscustomizable>
  </bot_botcomponent>
  <bot_botcomponent botcomponentid.schemaname="new_topic_e62160f3926045ff81cf1e9bd58269ae" botid.schemaname="new_bot_e2d1671328b941dbb60fa7150059b1ee">
    <iscustomizable>1</iscustomizable>
  </bot_botcomponent>
  <bot_botcomponent botcomponentid.schemaname="new_topic_e81a2d472eac48c29eadb1859375a2d2" botid.schemaname="new_bot_e2d1671328b941dbb60fa7150059b1ee">
    <iscustomizable>1</iscustomizable>
  </bot_botcomponent>
  <bot_botcomponent botcomponentid.schemaname="new_topic_ea15b2b8dcba4365bcee3c472dd05e97" botid.schemaname="new_bot_e2d1671328b941dbb60fa7150059b1ee">
    <iscustomizable>1</iscustomizable>
  </bot_botcomponent>
  <bot_botcomponent botcomponentid.schemaname="new_topic_ebcb684685674d8fb624e5c75ade7cc4" botid.schemaname="new_bot_e2d1671328b941dbb60fa7150059b1ee">
    <iscustomizable>1</iscustomizable>
  </bot_botcomponent>
  <bot_botcomponent botcomponentid.schemaname="new_topic_ebf9c4df681f449298f6dcb7f94d2a7f" botid.schemaname="new_bot_e2d1671328b941dbb60fa7150059b1ee">
    <iscustomizable>1</iscustomizable>
  </bot_botcomponent>
  <bot_botcomponent botcomponentid.schemaname="new_topic_f0f79bac05964e0b94a01c84ece5518c" botid.schemaname="new_bot_e2d1671328b941dbb60fa7150059b1ee">
    <iscustomizable>1</iscustomizable>
  </bot_botcomponent>
  <bot_botcomponent botcomponentid.schemaname="new_topic_f5d96cdfae8144018528eac641e53efe" botid.schemaname="new_bot_e2d1671328b941dbb60fa7150059b1ee">
    <iscustomizable>1</iscustomizable>
  </bot_botcomponent>
  <bot_botcomponent botcomponentid.schemaname="new_topic_f8c4b1bbde4646c892902e1c094fe715" botid.schemaname="new_bot_e2d1671328b941dbb60fa7150059b1ee">
    <iscustomizable>1</iscustomizable>
  </bot_botcomponent>
  <bot_botcomponent botcomponentid.schemaname="new_topic_f90196a610d040efb3965a844bc173e9" botid.schemaname="new_bot_e2d1671328b941dbb60fa7150059b1ee">
    <iscustomizable>1</iscustomizable>
  </bot_botcomponent>
</bot_botcomponentset>