<botcomponent_workflowset>
  <botcomponent_workflow botcomponentid.schemaname="new_topic_662140ce25b14442ac7b6ddebeaa81f1" workflowid.workflowid="4fb2f8b6-4948-ec11-8c62-00224829fc64">
    <iscustomizable>1</iscustomizable>
  </botcomponent_workflow>
  <botcomponent_workflow botcomponentid.schemaname="new_topic_e2d1671328b941dbb60fa7150059b1ee_954135cafcd647eaae5999ad91fc08cf_talktoagent" workflowid.workflowid="56a3caa0-4148-ec11-8c62-00224829fc64">
    <iscustomizable>1</iscustomizable>
  </botcomponent_workflow>
  <botcomponent_workflow botcomponentid.schemaname="new_topic_e2d1671328b941dbb60fa7150059b1ee_ba7b967c97ba4c39bca58a8bb6a72d59_conversationstart" workflowid.workflowid="88c64808-3f48-ec11-8c62-00224829fc64">
    <iscustomizable>1</iscustomizable>
  </botcomponent_workflow>
</botcomponent_workflowset>