{
  "intents": [
    {
      "endUserOverrideName": "Bruk av spesialtegn i kanalnavn",
      "triggerQueries": [
        "Kan kanalnavn inneholder spesialtegn eller ord?",
        "Kan jeg bruke spesialtegn i kanalnavnet mitt?"
      ],
      "dialogId": "new_topic_cea85c22c3474a12ab8f5816b646a9fa",
      "isTriggeringEnabled": true,
      "id": "new_topic_cea85c22c3474a12ab8f5816b646a9fa",
      "displayName": "Kan jeg bruke spesialtegn i kanalnavnet mitt?",
      "description": "",
      "createdTime": "2021-04-12T15:05:45.5651746Z",
      "updatedTime": "2021-04-12T15:05:45.5651746Z",
      "createdUserId": "ef0c8b9a-eff1-49f8-92fa-fd1d3e15e1ba"
    }
  ],
  "dialogs": [
    {
      "rootNodeId": "119bc92b-71e2-48f8-a5aa-3fa96ddb80c3",
      "messageNodes": [
        {
          "botMessageId": "59be6efd-9110-47fe-9708-1a5ecd2d88c6",
          "nodeType": "BotMessageNode",
          "id": "119bc92b-71e2-48f8-a5aa-3fa96ddb80c3",
          "defaultTargetNodeId": "5935bb7f-1941-464f-acaf-d84cf244e64a"
        },
        {
          "botMessageId": "2f3e5f41-aecc-48dd-ae21-9b45ee3c92e7",
          "nodeType": "BotMessageNode",
          "id": "5935bb7f-1941-464f-acaf-d84cf244e64a",
          "defaultTargetNodeId": "690046d6-29e3-44f7-ad39-a2a1debe3463"
        },
        {
          "botMessageId": "391adc05-ea04-48bc-8f30-707c51681805",
          "nodeType": "BotMessageNode",
          "id": "690046d6-29e3-44f7-ad39-a2a1debe3463",
          "defaultTargetNodeId": "798525bd-b02c-4330-898c-d9f2c78a0847"
        }
      ],
      "dialogChangeNodes": [
        {
          "targetDialogId": "new_topic_89c49d37fd4c4c1c9144396960733ce1_aeabea4d071f415c8c107e1cb7af5424_assumedsuccess",
          "nodeType": "DialogChangeNode",
          "id": "798525bd-b02c-4330-898c-d9f2c78a0847"
        }
      ],
      "id": "new_topic_cea85c22c3474a12ab8f5816b646a9fa",
      "displayName": "Dialog for Kan jeg bruke spesialtegn i kanalnavnet mitt?",
      "createdTime": "2021-04-12T15:05:45.5651746Z",
      "updatedTime": "2021-04-12T15:07:17.448222Z",
      "createdUserId": "ef0c8b9a-eff1-49f8-92fa-fd1d3e15e1ba",
      "updatedUserId": "ef0c8b9a-eff1-49f8-92fa-fd1d3e15e1ba"
    }
  ],
  "botMessages": [
    {
      "channelContent": {
        "web": {
          "contentFormat": "Markdown",
          "content": "Navngi alltid kanalen med bokstaver først. Du kan deretter redigere navnet og legge til et ikon for økt forståelse."
        }
      },
      "id": "59be6efd-9110-47fe-9708-1a5ecd2d88c6",
      "createdTime": "2021-04-12T15:05:45.5651746Z",
      "updatedTime": "2021-04-12T15:05:45.5651746Z",
      "createdUserId": "ef0c8b9a-eff1-49f8-92fa-fd1d3e15e1ba",
      "updatedUserId": "ef0c8b9a-eff1-49f8-92fa-fd1d3e15e1ba"
    },
    {
      "channelContent": {
        "web": {
          "contentFormat": "Markdown",
          "content": "**Kanalnavn kan ikke inneholde følgende spesialtegn eller ord:**\n\n**Spesialtegn**: ~ # % & \\* {{ }} + / \\\\ : < > ? |' ' .\n\n**Ord**: schema, CON, CONIN$, CONOUT$, PRN, AUX, NUL, COM1 til COM9, LPT1 til LPT9, desktop.ini, \\_vti\\_"
        }
      },
      "id": "2f3e5f41-aecc-48dd-ae21-9b45ee3c92e7",
      "createdTime": "2021-04-12T15:05:58.807Z",
      "updatedTime": "2021-04-12T15:05:58.807Z",
      "createdUserId": "user-0",
      "updatedUserId": "user-0"
    },
    {
      "channelContent": {
        "web": {
          "contentFormat": "Markdown",
          "content": "**Merk**: Kanalnavn kan ikke starte med understrek (\\_) eller punktum (.). Siste tegn i et kanalnavn kan være punktum (.)."
        }
      },
      "id": "391adc05-ea04-48bc-8f30-707c51681805",
      "createdTime": "2021-04-12T15:06:44.52Z",
      "updatedTime": "2021-04-12T15:06:44.52Z",
      "createdUserId": "user-0",
      "updatedUserId": "user-0"
    }
  ],
  "createdUtc": "0001-01-01T00:00:00Z"
}