{
  "intents": [
    {
      "triggerQueries": [
        "dodanie nowego właściciela zespołu",
        "Jak dodać więcej właścicieli zespołu?",
        "Jak mogę dodać więcej właścicieli zespołów?",
        "Chcę dodać właściciela zespołu",
        "czy można zmienić członka zespołu, aby był właścicielem?",
        "zmiana członka na właściciela",
        "Dodawanie kolejnych właścicieli zespołów",
        "Czy zespół może mieć więcej niż jednego właściciela?",
        "Jak mogę dodać dodatkowych właścicieli zespołu?"
      ],
      "dialogId": "new_topic_6d85ae6b886d445897b80c57ce1d67f4",
      "isTriggeringEnabled": true,
      "id": "new_topic_6d85ae6b886d445897b80c57ce1d67f4",
      "displayName": "Jak mogę dodać dodatkowych właścicieli zespołu?",
      "description": "",
      "createdTime": "2021-09-27T05:38:29.3884416Z",
      "updatedTime": "2021-10-20T08:19:41.2418299Z",
      "createdUserId": "28fac8cb-bec7-48c9-a688-5024cf318b8a",
      "updatedUserId": "28fac8cb-bec7-48c9-a688-5024cf318b8a"
    }
  ],
  "dialogs": [
    {
      "rootNodeId": "e57c6db0-d466-4b33-978f-5761c8a19862",
      "messageNodes": [
        {
          "botMessageId": "cf7c9ede-cf16-4b1d-9034-55d557c04035",
          "nodeType": "BotMessageNode",
          "id": "e57c6db0-d466-4b33-978f-5761c8a19862",
          "defaultTargetNodeId": "db1a6643-83f4-4075-9317-14113ec53766"
        },
        {
          "botMessageId": "baef949c-4193-43fd-a39b-94ec0c113b96",
          "nodeType": "BotMessageNode",
          "id": "db1a6643-83f4-4075-9317-14113ec53766",
          "defaultTargetNodeId": "8efc9d73-e3c5-49e9-8118-ce98826a7054"
        }
      ],
      "dialogChangeNodes": [
        {
          "targetDialogId": "new_topic_d4ee79ce05584b519ee7d416fda7e2a3_aeabea4d071f415c8c107e1cb7af5424_assumedsuccess",
          "nodeType": "DialogChangeNode",
          "id": "8efc9d73-e3c5-49e9-8118-ce98826a7054"
        }
      ],
      "id": "new_topic_6d85ae6b886d445897b80c57ce1d67f4",
      "displayName": "Dialog for Jak mogę dodać dodatkowych właścicieli zespołu?",
      "createdTime": "2021-09-27T05:38:29.3884416Z",
      "updatedTime": "2021-10-20T08:21:38.9734427Z",
      "createdUserId": "28fac8cb-bec7-48c9-a688-5024cf318b8a",
      "updatedUserId": "28fac8cb-bec7-48c9-a688-5024cf318b8a"
    }
  ],
  "botMessages": [
    {
      "channelContent": {
        "web": {
          "contentFormat": "Markdown",
          "content": "Znajdź utworzony zespół, kliknij pozycję **... > Zarządzanie zespołem**.\n\nNastępnie przejdź do karty Członkowie. Znajdź osoby, które chcesz wyznaczyć jako właściciela zespołu. W obszarze Rola kliknij pozycję Właściciel.\n\n[Wyznaczanie właściciela zespołu](https://support.microsoft.com/pl-pl/office/wyznaczanie-w%C5%82a%C5%9Bciciela-zespo%C5%82u-09eb80c1-9f3b-4f6c-b6c0-45555d46ee2a)"
        }
      },
      "id": "cf7c9ede-cf16-4b1d-9034-55d557c04035",
      "createdTime": "2021-09-27T05:38:29.3884416Z",
      "updatedTime": "2021-09-27T05:38:29.3884416Z",
      "createdUserId": "28fac8cb-bec7-48c9-a688-5024cf318b8a",
      "updatedUserId": "28fac8cb-bec7-48c9-a688-5024cf318b8a"
    },
    {
      "channelContent": {
        "web": {
          "contentFormat": "Markdown",
          "content": "💡 **Wskazówka:**\n\nNie zapominaj, że powinno być co najmniej dwóch właścicieli zespołu w każdym zespole Teams."
        }
      },
      "id": "baef949c-4193-43fd-a39b-94ec0c113b96",
      "createdTime": "2021-09-27T05:39:05.075Z",
      "updatedTime": "2021-09-27T05:39:05.075Z",
      "createdUserId": "user-0",
      "updatedUserId": "user-0"
    }
  ]
}