{
  "intents": [
    {
      "endUserOverrideName": "Teams eigenaar",
      "triggerQueries": [
        "kan een gast eigenaar zijn van een team",
        "wie kan eigenaar zijn in teams",
        "hoeveel eigenaren moet een team hebben",
        "hoe voeg ik een team eigenaar toe",
        "meerdere eigenaren in een team",
        "eigenaar toevoegen aan een Team",
        "wie is de eigenaar in Teams",
        "team eigenaar",
        "Wat is een teameigenaar?"
      ],
      "dialogId": "new_topic_2af91e92196242f4a5d7740228390a6d",
      "isTriggeringEnabled": true,
      "id": "new_topic_2af91e92196242f4a5d7740228390a6d",
      "displayName": "Eigenaar in Teams",
      "description": "",
      "createdTime": "2021-03-22T18:53:43.4847333Z",
      "updatedTime": "2021-03-29T21:06:08.7773257Z",
      "createdUserId": "c1e90dc0-1df0-459d-8164-0dcb7915deaf",
      "updatedUserId": "c1e90dc0-1df0-459d-8164-0dcb7915deaf"
    }
  ],
  "dialogs": [
    {
      "rootNodeId": "c673cd57-221f-4c08-8232-03c2663b46e6",
      "messageNodes": [
        {
          "botMessageId": "6d42ecd5-34e1-4329-9f60-1da239b0beb2",
          "nodeType": "BotMessageNode",
          "id": "c673cd57-221f-4c08-8232-03c2663b46e6",
          "defaultTargetNodeId": "d3eec8e3-5252-4685-a522-b0bb5f3ecc5c"
        },
        {
          "botMessageId": "ddbf91e5-6ecc-452a-abb5-043b82fecd99",
          "nodeType": "BotMessageNode",
          "id": "ebab869e-ce08-45ca-9242-a20673c6c6aa",
          "defaultTargetNodeId": "44923bca-56fa-488b-b039-75f7576c278a"
        },
        {
          "botMessageId": "afe879d7-9e99-4797-9d69-ca7ef4621542",
          "nodeType": "BotMessageNode",
          "id": "44923bca-56fa-488b-b039-75f7576c278a",
          "defaultTargetNodeId": "a3e5cbdd-cbeb-4179-bea0-ebc86871e94d"
        },
        {
          "botMessageId": "df767f33-4ae1-45cf-aeb6-7c9ec2e6f411",
          "nodeType": "BotMessageNode",
          "id": "d3eec8e3-5252-4685-a522-b0bb5f3ecc5c",
          "defaultTargetNodeId": "64be03b7-a98c-42d9-89f6-622dc1804fb9"
        },
        {
          "botMessageId": "91127dbf-c463-4ff3-92a5-6a2001177698",
          "nodeType": "BotMessageNode",
          "id": "64be03b7-a98c-42d9-89f6-622dc1804fb9",
          "defaultTargetNodeId": "ebab869e-ce08-45ca-9242-a20673c6c6aa"
        }
      ],
      "dialogChangeNodes": [
        {
          "targetDialogId": "new_topic_9d295c394a47419da3b4d205b7ed4c20_aeabea4d071f415c8c107e1cb7af5424_assumedsuccess",
          "nodeType": "DialogChangeNode",
          "id": "a3e5cbdd-cbeb-4179-bea0-ebc86871e94d"
        }
      ],
      "id": "new_topic_2af91e92196242f4a5d7740228390a6d",
      "displayName": "Dialog for Eigenaar in Teams",
      "createdTime": "2021-03-22T18:53:43.4847333Z",
      "updatedTime": "2021-03-29T21:05:43.1747707Z",
      "createdUserId": "c1e90dc0-1df0-459d-8164-0dcb7915deaf",
      "updatedUserId": "c1e90dc0-1df0-459d-8164-0dcb7915deaf"
    }
  ],
  "botMessages": [
    {
      "channelContent": {
        "web": {
          "contentFormat": "Markdown",
          "content": "De teameigenaar is de persoon die het team maakt en/of beheert. Diegene is verantwoordelijk voor het beheren van de instellingen en toegang."
        }
      },
      "id": "6d42ecd5-34e1-4329-9f60-1da239b0beb2",
      "createdTime": "2021-03-22T18:53:43.4837261Z",
      "updatedTime": "2021-03-22T18:53:43.4837261Z",
      "createdUserId": "c1e90dc0-1df0-459d-8164-0dcb7915deaf",
      "updatedUserId": "c1e90dc0-1df0-459d-8164-0dcb7915deaf"
    },
    {
      "channelContent": {
        "web": {
          "contentFormat": "Markdown",
          "content": "Als eigenaar kunt u een teamfoto toevoegen, machtigingen instellen voor teamleden om kanalen te maken, tabbladen toevoegen, @mention en het gebruik van GIF's, stickers en memes beheren. Tot slot, zorg ervoor dat **ten minste twee eigenaren per team** hebben. Dit garandeert een back-up contact in het geval een van de eigenaren niet beschikbaar is."
        }
      },
      "id": "ddbf91e5-6ecc-452a-abb5-043b82fecd99",
      "createdTime": "2021-03-22T18:54:20.515Z",
      "updatedTime": "2021-03-22T18:54:20.515Z",
      "createdUserId": "user-0",
      "updatedUserId": "user-0"
    },
    {
      "channelContent": {
        "web": {
          "contentFormat": "Markdown",
          "content": "[De mogelijkheden voor teameigenaren, leden en gasten in Teams - Office-ondersteuning (microsoft.com)](https://support.microsoft.com/nl-nl/office/de-mogelijkheden-voor-teameigenaren-leden-en-gasten-in-teams-d03fdf5b-1a6e-48e4-8e07-b13e1350ec7b)"
        }
      },
      "id": "afe879d7-9e99-4797-9d69-ca7ef4621542",
      "createdTime": "2021-03-22T18:55:05.847Z",
      "updatedTime": "2021-03-22T18:55:05.847Z",
      "createdUserId": "user-0",
      "updatedUserId": "user-0"
    },
    {
      "channelContent": {
        "web": {
          "contentFormat": "Markdown",
          "content": "Teameigenaren kunnen leden van hun team eigenaar maken wanneer ze hen uitnodigen voor het team, of op elk moment nadat ze lid zijn geworden van het team door de rol te wijzigen."
        }
      },
      "id": "df767f33-4ae1-45cf-aeb6-7c9ec2e6f411",
      "createdTime": "2021-03-29T21:04:18.142Z",
      "updatedTime": "2021-03-29T21:04:18.142Z",
      "createdUserId": "user-0",
      "updatedUserId": "user-0"
    },
    {
      "channelContent": {
        "web": {
          "contentFormat": "Markdown",
          "content": "Zoek het team dat je hebt gemaakt, klik op **Meer options: Team beheren**.\n\nGa dan naar het tabblad Leden. Zoek de mensen die je wilt aanwijzen als teameigenaar. Klik onder Rol op **Eigenaar**."
        }
      },
      "id": "91127dbf-c463-4ff3-92a5-6a2001177698",
      "createdTime": "2021-03-29T21:05:30.202Z",
      "updatedTime": "2021-03-29T21:05:30.202Z",
      "createdUserId": "user-0",
      "updatedUserId": "user-0"
    }
  ],
  "createdUtc": "0001-01-01T00:00:00Z"
}