{
  "intents": [
    {
      "triggerQueries": [
        "Hvordan legger jeg til folk i en Teams gruppe?",
        "ny medlem i kanalen",
        "Ny medlem i team",
        "Legg til eksterne personer i en kanal",
        "Legg til eksterne personer i teamet",
        "Kan jeg legge til gjester i teamet?",
        "Kan jeg legge til eksterne personer i teamet?",
        "Er det mulig å legge til gjester i et team?",
        "Legg til gjester i en kanal",
        "Legg til gjester i et team",
        "Hvordan legger jeg til personer utenfor organisasjonen i et team?",
        "Legg til ny medlem i team",
        "Hvordan legge til medlemmer i et team?"
      ],
      "dialogId": "new_topic_b438614107b64b5fa2f62fff1e6c3dbf",
      "isTriggeringEnabled": true,
      "id": "new_topic_b438614107b64b5fa2f62fff1e6c3dbf",
      "displayName": "Hvordan legge til medlemmer i et team?",
      "description": "https://norwegianteams.blob.core.windows.net/norwegian-container/TIMA QA P19.docx",
      "createdTime": "2021-03-24T20:09:21.5452642Z",
      "updatedTime": "2021-04-22T14:21:36.3276793Z",
      "createdUserId": "ef0c8b9a-eff1-49f8-92fa-fd1d3e15e1ba",
      "updatedUserId": "ef0c8b9a-eff1-49f8-92fa-fd1d3e15e1ba"
    }
  ],
  "dialogs": [
    {
      "rootNodeId": "1dc6a53e-d360-48be-a079-b10cecb8c254",
      "messageNodes": [
        {
          "botMessageId": "d5235fdc-616e-4309-a466-4a553d43296d",
          "nodeType": "BotMessageNode",
          "id": "4f5d7810-423b-4180-9cf0-eb409e169278",
          "defaultTargetNodeId": "e6134b3c-21fd-49ec-b9f6-6eee80325231"
        },
        {
          "botMessageId": "8a4602b1-213b-4909-9aed-6f482ff9f5d3",
          "nodeType": "BotMessageNode",
          "id": "e6134b3c-21fd-49ec-b9f6-6eee80325231",
          "defaultTargetNodeId": "91d51913-08a5-44ce-8e1c-3e85c7af6c06"
        },
        {
          "botMessageId": "5392d41b-dc74-4fdd-8f87-52b1f6a67e62",
          "nodeType": "BotMessageNode",
          "id": "1dc6a53e-d360-48be-a079-b10cecb8c254",
          "defaultTargetNodeId": "4f5d7810-423b-4180-9cf0-eb409e169278"
        }
      ],
      "dialogChangeNodes": [
        {
          "targetDialogId": "new_topic_89c49d37fd4c4c1c9144396960733ce1_aeabea4d071f415c8c107e1cb7af5424_assumedsuccess",
          "nodeType": "DialogChangeNode",
          "id": "91d51913-08a5-44ce-8e1c-3e85c7af6c06"
        }
      ],
      "id": "new_topic_b438614107b64b5fa2f62fff1e6c3dbf",
      "displayName": "Dialog for Hvordan legge til medlemmer i et team?",
      "createdTime": "2021-03-24T20:09:21.5452642Z",
      "updatedTime": "2021-04-22T14:23:27.2980763Z",
      "createdUserId": "ef0c8b9a-eff1-49f8-92fa-fd1d3e15e1ba",
      "updatedUserId": "ef0c8b9a-eff1-49f8-92fa-fd1d3e15e1ba"
    }
  ],
  "botMessages": [
    {
      "channelContent": {
        "web": {
          "contentFormat": "Markdown",
          "content": "**Slik kan du legge til et nytt medlem:**\n\n1.  Gå til teamnavnet, og velg **Flere alternativer…** > **Legg til medlemmer**.\n2.  Skriv inn navnet eller e-postadressen til noen du vil legge til.\n\n3\\.  Velg **Legg til**."
        }
      },
      "id": "d5235fdc-616e-4309-a466-4a553d43296d",
      "createdTime": "2021-03-24T20:09:21.5452642Z",
      "updatedTime": "2021-03-24T20:09:21.5452642Z",
      "createdUserId": "ef0c8b9a-eff1-49f8-92fa-fd1d3e15e1ba",
      "updatedUserId": "ef0c8b9a-eff1-49f8-92fa-fd1d3e15e1ba"
    },
    {
      "channelContent": {
        "web": {
          "contentFormat": "Markdown",
          "content": "**💡 Obs!:** Hvis [personen er utenfor organisasjonen](https://support.microsoft.com/nb-no/office/add-guests-to-a-team-in-teams-fccb4fa6-f864-4508-bdde-256e7384a14f) din, skriver du inn e-postadressen deres. Gjesten mottar en e-postmelding som inviterer dem til å bli med i teamet."
        }
      },
      "id": "8a4602b1-213b-4909-9aed-6f482ff9f5d3",
      "createdTime": "2021-04-22T14:21:29.484Z",
      "updatedTime": "2021-04-22T14:21:29.484Z",
      "createdUserId": "user-0",
      "updatedUserId": "user-0"
    },
    {
      "channelContent": {
        "web": {
          "contentFormat": "Markdown",
          "content": "Hvis du er teameier kan du legge til noen i teamet. Hvis du ikke er teameier, kan du sende inn en forespørsel, og teameieren vil [godta eller avvise den](https://support.microsoft.com/nb-no/office/godta-eller-avsl%C3%A5-foresp%C3%B8rsler-om-%C3%A5-bli-med-i-et-team-94d538c6-e3c8-4471-9780-05c9c5282024)."
        }
      },
      "id": "5392d41b-dc74-4fdd-8f87-52b1f6a67e62",
      "createdTime": "2021-04-22T14:22:48.049Z",
      "updatedTime": "2021-04-22T14:22:48.049Z",
      "createdUserId": "user-0",
      "updatedUserId": "user-0"
    }
  ],
  "createdUtc": "0001-01-01T00:00:00Z"
}