{
  "intents": [
    {
      "intentType": "Regular",
      "endUserOverrideName": "Conversations in a team",
      "triggerQueries": [
        "How do I start a Conversation in Teams?",
        "start a new conversation in a channel",
        "new channel conversation",
        "How do I respond to a post in a channel?",
        "reply or write new post",
        "Create posts in channel",
        "How do I start collaborating on Teams about something?",
        "how do I communicate with my team members?",
        "write to everyone on the team?",
        "the purpose of the tab \"posts\" in a channel?",
        "Explain the posts tab",
        "write new conversation in your team",
        "How do I start a new thread?",
        "How do I start a conversation in a team?"
      ],
      "dialogId": "new_topic_fe63816571864c5c8d6b776b43c7af4a",
      "isTriggeringEnabled": true,
      "id": "new_topic_fe63816571864c5c8d6b776b43c7af4a",
      "displayName": "How do I start a conversation in a team?",
      "description": "https://adoptbotv2kb.blob.core.windows.net/%24web/AdoptBot2021-English.docx",
      "createdTime": "2021-01-13T22:20:51.2381463Z",
      "updatedTime": "2021-01-26T23:50:35.2047803Z",
      "createdUserId": "f04d3cd9-b73d-4ba9-a1ed-9319eba29b21",
      "updatedUserId": "f04d3cd9-b73d-4ba9-a1ed-9319eba29b21"
    }
  ],
  "dialogs": [
    {
      "rootNodeId": "d7592f80-4f8c-469b-9523-e5f68fce0cf8",
      "messageNodes": [
        {
          "botMessageId": "51d107af-dfdd-45e8-a5c8-9d2efc6316c5",
          "nodeType": "BotMessageNode",
          "id": "d7592f80-4f8c-469b-9523-e5f68fce0cf8",
          "defaultTargetNodeId": "67f7105d-b9b6-48f6-a5b4-17528a86fe94"
        },
        {
          "botMessageId": "7c5471be-6894-4afb-bfd9-0f2a9a213606",
          "nodeType": "BotMessageNode",
          "id": "67f7105d-b9b6-48f6-a5b4-17528a86fe94",
          "defaultTargetNodeId": "fdacce31-8ab9-4769-bbde-2a22914db7e3"
        },
        {
          "botMessageId": "32b27323-b59b-4aee-a355-ea95d53c1dc7",
          "nodeType": "BotMessageNode",
          "id": "c7e146f1-db5a-4f9a-a7ac-c0be992be12b",
          "defaultTargetNodeId": "5f40be33-bd91-499a-81c1-066971b38905"
        },
        {
          "botMessageId": "a903b082-d11c-46ba-a7f1-b20528d69759",
          "nodeType": "BotMessageNode",
          "id": "fdacce31-8ab9-4769-bbde-2a22914db7e3",
          "defaultTargetNodeId": "c7e146f1-db5a-4f9a-a7ac-c0be992be12b"
        }
      ],
      "dialogChangeNodes": [
        {
          "targetDialogId": "new_topic_eac3f49c99664313a9d9dc19d80a79a2_aeabea4d071f415c8c107e1cb7af5424_assumedsuccess",
          "nodeType": "DialogChangeNode",
          "id": "5f40be33-bd91-499a-81c1-066971b38905"
        }
      ],
      "id": "new_topic_fe63816571864c5c8d6b776b43c7af4a",
      "displayName": "Dialog for How do I start a conversation in a team?",
      "createdTime": "2021-01-13T22:20:51.2381463Z",
      "updatedTime": "2021-01-26T23:51:24.8608591Z",
      "createdUserId": "f04d3cd9-b73d-4ba9-a1ed-9319eba29b21",
      "updatedUserId": "f04d3cd9-b73d-4ba9-a1ed-9319eba29b21"
    }
  ],
  "botMessages": [
    {
      "channelContent": {
        "web": {
          "contentFormat": "Markdown",
          "content": "In every channel in Teams, the very first tab is \"Posts\". Think of this as one big group chat, but better.\n\nEveryone who has access to the team can see messages on the Posts tab."
        }
      },
      "id": "51d107af-dfdd-45e8-a5c8-9d2efc6316c5",
      "createdTime": "2021-01-13T22:20:51.2381463Z",
      "updatedTime": "2021-01-13T22:20:51.2381463Z",
      "createdUserId": "f04d3cd9-b73d-4ba9-a1ed-9319eba29b21",
      "updatedUserId": "f04d3cd9-b73d-4ba9-a1ed-9319eba29b21"
    },
    {
      "channelContent": {
        "web": {
          "contentFormat": "Markdown",
          "content": "[Follow these steps to send a message to everyone in a channel:](https://support.microsoft.com/en-us/office/skicka-ett-meddelande-till-en-kanal-i-teams-5c8131ce-eaad-4798-bc73-e33f4652a9c4)  \nFirst, select the channel you want to type in.\n\n*   Then click \"**Reply**\" to reply to the existing thread **or** press the \"**New conversation**” button to start a new one.\n*   Type your message in the box and select Send."
        }
      },
      "id": "7c5471be-6894-4afb-bfd9-0f2a9a213606",
      "createdTime": "2021-01-26T23:44:28.325Z",
      "updatedTime": "2021-01-26T23:44:28.325Z",
      "createdUserId": "user-0",
      "updatedUserId": "user-0"
    },
    {
      "channelContent": {
        "web": {
          "contentFormat": "Markdown",
          "content": "💡 Tip: If you just want to talk to one person or a small group, you can [start a private chat](https://support.microsoft.com/en-us/office/starta-en-chatt-i-teams-0c71b32b-c050-4930-a887-5afbe742b3d8)."
        }
      },
      "id": "32b27323-b59b-4aee-a355-ea95d53c1dc7",
      "createdTime": "2021-01-26T23:45:32.885Z",
      "updatedTime": "2021-01-26T23:45:32.885Z",
      "createdUserId": "user-0",
      "updatedUserId": "user-0"
    },
    {
      "channelContent": {
        "web": {
          "contentFormat": "Markdown",
          "content": "Voila! Your message is now live in the channel 👍"
        }
      },
      "id": "a903b082-d11c-46ba-a7f1-b20528d69759",
      "createdTime": "2021-01-26T23:51:05.738Z",
      "updatedTime": "2021-01-26T23:51:05.738Z",
      "createdUserId": "user-0",
      "updatedUserId": "user-0"
    }
  ]
}