{
  "intents": [
    {
      "triggerQueries": [
        "콘퍼런스 콜 전화 참석 사람 누가 누구",
        "전화 컨퍼런스 전화 회의 미팅 모임 누가 들을 수 들리나",
        "그리고 누구의 목소리가 들립니까?",
        "오디오 회의 모임에 참석할 수 있는 사람은 누구입니까?"
      ],
      "dialogId": "new_topic_077079d7fc344494a2f04f9f25342fa4",
      "isTriggeringEnabled": true,
      "id": "new_topic_077079d7fc344494a2f04f9f25342fa4",
      "displayName": "오디오 회의 모임에 참석할 수 있는 사람은 누구입니까? 그리고 누구의 목소리가 들립니까?",
      "description": "https://adoptbotv2kb.blob.core.windows.net/%24web/adoptbot2021-Korean.docx",
      "createdTime": "2021-03-18T03:39:18.7456548Z",
      "updatedTime": "2021-04-08T06:25:48.9106351Z",
      "createdUserId": "e47109d8-0300-4e59-a90d-56bb29886c9e",
      "updatedUserId": "e47109d8-0300-4e59-a90d-56bb29886c9e"
    }
  ],
  "dialogs": [
    {
      "rootNodeId": "460acae4-bf24-4371-a58a-86210f7a1840",
      "messageNodes": [
        {
          "botMessageId": "3ed346a4-3ffb-4094-b9d7-5df8fe85ebb4",
          "nodeType": "BotMessageNode",
          "id": "460acae4-bf24-4371-a58a-86210f7a1840",
          "defaultTargetNodeId": "52228d1c-9697-4fd7-8835-0dca84e74b87"
        }
      ],
      "dialogChangeNodes": [
        {
          "targetDialogId": "new_topic_2bf23930c1d146129dfe38bacb94ccd0_aeabea4d071f415c8c107e1cb7af5424_assumedsuccess",
          "nodeType": "DialogChangeNode",
          "id": "52228d1c-9697-4fd7-8835-0dca84e74b87"
        }
      ],
      "id": "new_topic_077079d7fc344494a2f04f9f25342fa4",
      "displayName": "Dialog for 오디오 회의 모임에 참석할 수 있는 사람은 누구입니까? 그리고 누구의 목소리가 들립니까?",
      "createdTime": "2021-03-18T03:39:18.7456548Z",
      "updatedTime": "2021-03-18T03:39:18.7456548Z",
      "createdUserId": "e47109d8-0300-4e59-a90d-56bb29886c9e",
      "updatedUserId": "e47109d8-0300-4e59-a90d-56bb29886c9e"
    }
  ],
  "botMessages": [
    {
      "channelContent": {
        "web": {
          "contentFormat": "Markdown",
          "content": "모임 주최자가 모임을 잠그지 않는 한 전화 번호와 컨퍼런스 ID가 있는 사람은 누구나 Microsoft Teams 모임에 참여할 수 있습니다.\r\n\r\n전화하는데 전화기를 사용하거나 Microsoft Teams 앱을 사용하던 간에 통화 중인 다른 모든 사람의 목소리를 들을 수 있으며, 그들도 여러분의 목소리를 들을 수 있습니다. 모임 주최자는 모임 참석자의 목소리를 듣지 않길 원하면 모임 참석자들을 음소거 할 수 있습니다."
        }
      },
      "id": "3ed346a4-3ffb-4094-b9d7-5df8fe85ebb4",
      "createdTime": "2021-03-18T03:39:18.7456548Z",
      "updatedTime": "2021-03-18T03:39:18.7456548Z",
      "createdUserId": "e47109d8-0300-4e59-a90d-56bb29886c9e",
      "updatedUserId": "e47109d8-0300-4e59-a90d-56bb29886c9e"
    }
  ],
  "createdUtc": "0001-01-01T00:00:00Z"
}