{
  "intents": [
    {
      "triggerQueries": [
        "Endre Teamsbildet mitt",
        "endre bildet mitt på Teams",
        "nytt brukerbilde",
        "laste opp nytt bilde for brukeren min",
        "profilbildet",
        "endre bildet mitt i teams",
        "profilbildet i teams",
        "Endre profilbildet i Teams"
      ],
      "dialogId": "new_topic_f3fcac99cb7a4874af5be529c16844ea",
      "isTriggeringEnabled": true,
      "id": "new_topic_f3fcac99cb7a4874af5be529c16844ea",
      "displayName": "Endre profilbildet i Teams",
      "description": "https://norwegianteams.blob.core.windows.net/norwegian-container/TIMA QA P19.docx",
      "createdTime": "2021-03-24T20:10:57.7048049Z",
      "updatedTime": "2021-04-19T16:13:33.3419915Z",
      "createdUserId": "ef0c8b9a-eff1-49f8-92fa-fd1d3e15e1ba",
      "updatedUserId": "ef0c8b9a-eff1-49f8-92fa-fd1d3e15e1ba"
    }
  ],
  "dialogs": [
    {
      "rootNodeId": "7c7c82c6-226e-4c31-a766-4a7a476bcd7e",
      "messageNodes": [
        {
          "botMessageId": "a001c4f3-26eb-4d5c-a8ba-b6cde34c668f",
          "nodeType": "BotMessageNode",
          "id": "7c7c82c6-226e-4c31-a766-4a7a476bcd7e",
          "defaultTargetNodeId": "7cee114a-1c60-49d2-9ec7-5d3e48391dbc"
        },
        {
          "botMessageId": "bc197b39-6a24-49e4-b858-0e15f96adebd",
          "nodeType": "BotMessageNode",
          "id": "7cee114a-1c60-49d2-9ec7-5d3e48391dbc",
          "defaultTargetNodeId": "62e1bbd5-a15c-484b-ac36-970b5b1492ed"
        }
      ],
      "dialogChangeNodes": [
        {
          "targetDialogId": "new_topic_89c49d37fd4c4c1c9144396960733ce1_aeabea4d071f415c8c107e1cb7af5424_assumedsuccess",
          "nodeType": "DialogChangeNode",
          "id": "62e1bbd5-a15c-484b-ac36-970b5b1492ed"
        }
      ],
      "id": "new_topic_f3fcac99cb7a4874af5be529c16844ea",
      "displayName": "Dialog for Endre profilbildet i Teams",
      "createdTime": "2021-03-24T20:10:57.7048049Z",
      "updatedTime": "2021-04-19T16:13:41.9341672Z",
      "createdUserId": "ef0c8b9a-eff1-49f8-92fa-fd1d3e15e1ba",
      "updatedUserId": "ef0c8b9a-eff1-49f8-92fa-fd1d3e15e1ba"
    }
  ],
  "botMessages": [
    {
      "channelContent": {
        "web": {
          "contentFormat": "Markdown",
          "content": "**På datamaskin:** Hvis du vil endre profilbildet ditt, klikker du på det gjeldende bildet øverst til høyre på skjermen og velger **Endre bilde**."
        }
      },
      "id": "a001c4f3-26eb-4d5c-a8ba-b6cde34c668f",
      "createdTime": "2021-03-24T20:10:57.7048049Z",
      "updatedTime": "2021-03-24T20:10:57.7048049Z",
      "createdUserId": "ef0c8b9a-eff1-49f8-92fa-fd1d3e15e1ba",
      "updatedUserId": "ef0c8b9a-eff1-49f8-92fa-fd1d3e15e1ba"
    },
    {
      "channelContent": {
        "web": {
          "contentFormat": "Markdown",
          "content": "💡 Les mer om [hvordan du kan endre profilbildet ditt her](https://support.microsoft.com/nb-no/office/endre-profil-bildet-i-teams-7a711943-9248-420e-b814-c071aa8d9b9c) (både på mobil og datamaskin)."
        }
      },
      "id": "bc197b39-6a24-49e4-b858-0e15f96adebd",
      "createdTime": "2021-04-19T16:11:10.313Z",
      "updatedTime": "2021-04-19T16:11:10.313Z",
      "createdUserId": "user-0",
      "updatedUserId": "user-0"
    }
  ],
  "createdUtc": "0001-01-01T00:00:00Z"
}