{"properties":{"connectionReferences":{"shared_office365users":{"runtimeSource":"embedded","connection":{},"api":{"name":"shared_office365users"}},"shared_teams":{"runtimeSource":"embedded","connection":{},"api":{"name":"shared_teams"}}},"definition":{"$schema":"https://schema.management.azure.com/providers/Microsoft.Logic/schemas/2016-06-01/workflowdefinition.json#","contentVersion":"1.0.0.0","parameters":{"$connections":{"defaultValue":{},"type":"Object"},"$authentication":{"defaultValue":{},"type":"SecureObject"}},"triggers":{"manual":{"metadata":{"operationMetadataId":"64653b77-5a8d-4cbc-b2fb-174e3b7196b6"},"type":"Request","kind":"VirtualAgent","inputs":{"schema":{"type":"object","properties":{"text":{"title":"User Display name","type":"string","x-ms-dynamically-added":true,"description":"Der Anzeigename der Benutzenden","x-ms-content-hint":"TEXT"},"text_1":{"title":"UPN (UserID)","type":"string","x-ms-dynamically-added":true,"description":"Eindeutige User-ID","x-ms-content-hint":"TEXT"},"text_2":{"title":"User feedback","type":"string","x-ms-dynamically-added":true,"description":"Das Feedback der Benutzenden","x-ms-content-hint":"TEXT"},"text_3":{"title":"Title of user feedback","type":"string","x-ms-dynamically-added":true,"description":"Der Titel des Feedbacks","x-ms-content-hint":"TEXT"},"text_4":{"title":"Feedback type","type":"string","x-ms-dynamically-added":true,"description":"Die Art des Feedbacks","x-ms-content-hint":"TEXT"}},"required":["text","text_1","text_2","text_3","text_4"]}}}},"actions":{"Return_value(s)_to_Power_Virtual_Agents":{"runAfter":{"Post_adaptive_card_in_a_chat_or_channel":["Succeeded"]},"metadata":{"operationMetadataId":"ee5be9c3-a318-49a8-a708-c96af587e44d"},"type":"Response","kind":"VirtualAgent","inputs":{"statusCode":200,"body":{},"schema":{"type":"object","properties":{}}}},"Get_user_profile_(V2)":{"runAfter":{},"metadata":{"operationMetadataId":"d0e950b1-4376-425e-8bc8-3c3f01ece4d7"},"type":"OpenApiConnection","inputs":{"host":{"connectionName":"shared_office365users","operationId":"UserProfile_V2","apiId":"/providers/Microsoft.PowerApps/apis/shared_office365users"},"parameters":{"id":"@triggerBody()['text_1']"},"authentication":"@parameters('$authentication')"}},"Post_adaptive_card_in_a_chat_or_channel":{"runAfter":{"Get_user_profile_(V2)":["Succeeded"]},"metadata":{"operationMetadataId":"6f9b70e1-1944-45fc-9a39-9997d4d1c758"},"type":"OpenApiConnection","inputs":{"host":{"connectionName":"shared_teams","operationId":"PostCardToConversation","apiId":"/providers/Microsoft.PowerApps/apis/shared_teams"},"parameters":{"poster":"Flow bot","location":"Channel","body/recipient/groupId":"c1c91d0b-df1f-42fb-b5cb-06cba23de890","body/recipient/channelId":"19:680c68ea52514d8cb8b0352e7e0be3b6@thread.tacv2","body/messageBody":"{ \n    \"type\": \"AdaptiveCard\",\n    \"body\": [\n        {\n            \"type\": \"TextBlock\",\n            \"size\": \"Large\",\n            \"weight\": \"Bolder\",\n            \"text\": \"Titel Feedback: @{triggerBody()['text_3']}\",\n            \"wrap\": true\n        },\n        {\n            \"type\": \"ColumnSet\",\n            \"columns\": [\n                {\n                    \"type\": \"Column\",\n                    \"items\": [\n                        {\n                            \"type\": \"TextBlock\",\n                            \"text\": \"@{triggerBody()['text']} hat Feedback geteilt.\",\n                            \"wrap\": true\n                        }\n                    ],\n                    \"width\": \"stretch\"\n                }\n            ]\n        },\n   {\n            \"type\": \"TextBlock\",\n            \"weight\": \"Bolder\",\n            \"text\": \"Typ: @{triggerBody()['text_4']}\",\n            \"wrap\": true\n        },\n        {\n            \"type\": \"TextBlock\",\n            \"text\": \"Feedback:\n@{triggerBody()['text_2']} \",\n            \"wrap\": true\n        }\n    ],\n    \"$schema\": \"http://adaptivecards.io/schemas/adaptive-card.json\",\n    \"version\": \"1.2\",\n    \"actions\": [\n        {\n            \"type\": \"Action.OpenUrl\",\n            \"title\": \"Mit @{outputs('Get_user_profile_(V2)')?['body/displayName']}  chatten\",\n            \"url\": \"https://teams.microsoft.com/l/chat/0/0?users=@{outputs('Get_user_profile_(V2)')?['body/userPrincipalName']}\"\n        }\n    ]\n}"},"authentication":"@parameters('$authentication')"}}},"outputs":{}}},"schemaVersion":"1.0.0.0"}