{"properties":{"connectionReferences":{"shared_office365users":{"runtimeSource":"embedded","connection":{},"api":{"name":"shared_office365users"}},"shared_teams":{"runtimeSource":"embedded","connection":{},"api":{"name":"shared_teams"}}},"definition":{"$schema":"https://schema.management.azure.com/providers/Microsoft.Logic/schemas/2016-06-01/workflowdefinition.json#","contentVersion":"1.0.0.0","parameters":{"$connections":{"defaultValue":{},"type":"Object"},"$authentication":{"defaultValue":{},"type":"SecureObject"}},"triggers":{"manual":{"metadata":{"operationMetadataId":"02f349b0-f074-42d6-9a1b-2dddadf2855e"},"type":"Request","kind":"VirtualAgent","inputs":{"schema":{"type":"object","properties":{"text":{"title":"User Display name","type":"string","x-ms-dynamically-added":true,"description":"Der Anzeigename der Benutzenden","x-ms-content-hint":"TEXT"},"text_1":{"title":"UPN (UserID)","type":"string","x-ms-dynamically-added":true,"description":"Eindeutige User-ID","x-ms-content-hint":"TEXT"},"text_2":{"title":"User question","type":"string","x-ms-dynamically-added":true,"description":"Die Fragen der Benutzenden","x-ms-content-hint":"TEXT"},"text_3":{"title":"Title of user question","type":"string","x-ms-dynamically-added":true,"description":"Der Titel der Frage","x-ms-content-hint":"TEXT"}},"required":["text","text_1","text_2","text_3"]}}}},"actions":{"Return_value(s)_to_Power_Virtual_Agents":{"runAfter":{"Post_adaptive_card_in_a_chat_or_channel":["Succeeded"]},"metadata":{"operationMetadataId":"66f4fc4e-24ad-4cb1-a565-5873973078d7"},"type":"Response","kind":"VirtualAgent","inputs":{"statusCode":200,"body":{},"schema":{"type":"object","properties":{}}}},"Get_user_profile_(V2)":{"runAfter":{},"metadata":{"operationMetadataId":"6e4f2cff-f25f-484c-9760-170694cfd999"},"type":"OpenApiConnection","inputs":{"host":{"connectionName":"shared_office365users","operationId":"UserProfile_V2","apiId":"/providers/Microsoft.PowerApps/apis/shared_office365users"},"parameters":{"id":"@triggerBody()['text_1']"},"authentication":"@parameters('$authentication')"}},"Post_adaptive_card_in_a_chat_or_channel":{"runAfter":{"Get_user_profile_(V2)":["Succeeded"]},"metadata":{"operationMetadataId":"b4f9b6a8-2983-42d3-9adb-912c588168ec"},"type":"OpenApiConnection","inputs":{"host":{"connectionName":"shared_teams","operationId":"PostCardToConversation","apiId":"/providers/Microsoft.PowerApps/apis/shared_teams"},"parameters":{"poster":"Flow bot","location":"Channel","body/recipient/groupId":"c1c91d0b-df1f-42fb-b5cb-06cba23de890","body/recipient/channelId":"19:859ac045142e4302a8dd8adeb0f78220@thread.tacv2","body/messageBody":"{ \n    \"type\": \"AdaptiveCard\",\n    \"body\": [\n        {\n            \"type\": \"TextBlock\",\n            \"size\": \"Large\",\n            \"weight\": \"Bolder\",\n            \"text\": \"Hilfe erfoderlich bei: @{triggerBody()['text_3']}\",\n            \"wrap\": true\n        },\n        {\n            \"type\": \"ColumnSet\",\n            \"columns\": [\n                {\n                    \"type\": \"Column\",\n                    \"items\": [\n                        {\n                            \"type\": \"TextBlock\",\n                            \"text\": \"@{triggerBody()['text']} benötigt Unterstützung\",\n                            \"wrap\": true\n                        }\n                    ],\n                    \"width\": \"stretch\"\n                }\n            ]\n        },\n        {\n            \"type\": \"TextBlock\",\n            \"weight\": \"Bolder\",\n            \"text\": \"Frage: @{triggerBody()['text_2']}\",\n            \"wrap\": true\n        }\n    ],\n    \"$schema\": \"http://adaptivecards.io/schemas/adaptive-card.json\",\n    \"version\": \"1.2\",\n    \"actions\": [\n        {\n            \"type\": \"Action.OpenUrl\",\n            \"title\": \"Mit @{outputs('Get_user_profile_(V2)')?['body/displayName']}  chatten\",\n            \"url\": \"https://teams.microsoft.com/l/chat/0/0?users=@{outputs('Get_user_profile_(V2)')?['body/userPrincipalName']}\"\n        }\n    ]\n}"},"authentication":"@parameters('$authentication')"}}},"outputs":{}}},"schemaVersion":"1.0.0.0"}