{
  "intents": [
    {
      "intentType": "Regular",
      "endUserOverrideName": "Redigera meddelande",
      "triggerQueries": [
        "Hur redigierar jag meddelanden",
        "Jag vill ändra något jag skickat",
        "Kan jag ändra ett skickat meddelande?",
        "Hur redigerar jag ett skickat meddelande?"
      ],
      "dialogId": "new_topic_5d39032f2b304a198222ddab2a13da49",
      "isTriggeringEnabled": true,
      "id": "new_topic_5d39032f2b304a198222ddab2a13da49",
      "displayName": "Hur redigerar jag ett skickat meddelande?",
      "description": "https://intranat.helsingborg.se/wp-content/uploads/2020/11/svenska-fracc8agor-till-adoptbot-pva.docx",
      "createdTime": "2020-11-24T14:37:53.8230909Z",
      "updatedTime": "2020-12-10T07:22:27.4798401Z",
      "createdUserId": "f04d3cd9-b73d-4ba9-a1ed-9319eba29b21",
      "updatedUserId": "844fcc91-8b17-49d9-9824-79f412da094a"
    }
  ],
  "dialogs": [
    {
      "rootNodeId": "37820038-dcc7-41d4-96ce-e2a8191c707c",
      "messageNodes": [
        {
          "botMessageId": "51bf7719-8c2c-4e24-8835-10f9bbf8b21e",
          "nodeType": "BotMessageNode",
          "id": "37820038-dcc7-41d4-96ce-e2a8191c707c",
          "defaultTargetNodeId": "b365b157-7ba0-4f87-8697-f8ed013d0bb4"
        }
      ],
      "dialogChangeNodes": [
        {
          "targetDialogId": "new_topic_84ec227c19784e7ba25cb34f4638f91e_aeabea4d071f415c8c107e1cb7af5424_assumedsuccess",
          "nodeType": "DialogChangeNode",
          "id": "b365b157-7ba0-4f87-8697-f8ed013d0bb4"
        }
      ],
      "id": "new_topic_5d39032f2b304a198222ddab2a13da49",
      "displayName": "Dialog for Hur redigerar jag ett skickat meddelande?",
      "createdTime": "2020-11-24T14:37:53.8230909Z",
      "updatedTime": "2020-11-24T14:37:53.8230909Z",
      "createdUserId": "f04d3cd9-b73d-4ba9-a1ed-9319eba29b21",
      "updatedUserId": "f04d3cd9-b73d-4ba9-a1ed-9319eba29b21"
    }
  ],
  "botMessages": [
    {
      "channelContent": {
        "web": {
          "contentFormat": "Markdown",
          "content": "Du kan redigera alla meddelanden som du har skickat till en chatt eller kanal.\r\n\r\nGå till meddelandet och välj Fler alternativ&gt; Redigera.\r\n\r\nGör ändringar i ditt meddelande och tryck sedan på Retur för att spara uppdateringen. Det finns ingen gräns för hur många gånger du kan göra ändringar i ett skickat meddelande. Vissa organisationer eller vissa team kan ha avaktiverat denna möjlighet."
        }
      },
      "id": "51bf7719-8c2c-4e24-8835-10f9bbf8b21e",
      "createdTime": "2020-11-24T14:37:53.8230909Z",
      "updatedTime": "2020-11-24T14:37:53.8230909Z",
      "createdUserId": "f04d3cd9-b73d-4ba9-a1ed-9319eba29b21",
      "updatedUserId": "f04d3cd9-b73d-4ba9-a1ed-9319eba29b21"
    }
  ]
}