{
  "intents": [
    {
      "endUserOverrideName": "Endre rekkefølge på teamene mine",
      "triggerQueries": [
        "Flytt teamene mine",
        "Omorganiser teamene mine",
        "Endre rekkefølge på teamene mine",
        "Kan jeg endre rekkefølge på teamene mine? Kan jeg omorganisere teamene mine?"
      ],
      "dialogId": "new_topic_49baa21557fe48ea8843420ff55459d1",
      "isTriggeringEnabled": true,
      "id": "new_topic_49baa21557fe48ea8843420ff55459d1",
      "displayName": "Kan jeg endre rekkefølge på teamene mine? Kan jeg omorganisere teamene mine?",
      "description": "https://norwegianteams.blob.core.windows.net/norwegian-container/TIMA QA P19.docx",
      "createdTime": "2021-03-24T20:09:21.5452642Z",
      "updatedTime": "2021-04-06T18:41:22.1075796Z",
      "createdUserId": "ef0c8b9a-eff1-49f8-92fa-fd1d3e15e1ba",
      "updatedUserId": "ef0c8b9a-eff1-49f8-92fa-fd1d3e15e1ba"
    }
  ],
  "dialogs": [
    {
      "rootNodeId": "8a0f548d-a958-4b33-8194-4a31803bbf9a",
      "messageNodes": [
        {
          "botMessageId": "8f3ab6f7-0126-42c7-a9e4-507364b9d1f3",
          "nodeType": "BotMessageNode",
          "id": "8a0f548d-a958-4b33-8194-4a31803bbf9a",
          "defaultTargetNodeId": "1095a4cd-2942-47c8-b21e-ab52ebdaaf04"
        },
        {
          "botMessageId": "cb3c9767-38de-41eb-a175-096ba16b476d",
          "nodeType": "BotMessageNode",
          "id": "1095a4cd-2942-47c8-b21e-ab52ebdaaf04",
          "defaultTargetNodeId": "ce2e2d26-a7b2-43fd-a070-6e3e16010272"
        }
      ],
      "dialogChangeNodes": [
        {
          "targetDialogId": "new_topic_89c49d37fd4c4c1c9144396960733ce1_aeabea4d071f415c8c107e1cb7af5424_assumedsuccess",
          "nodeType": "DialogChangeNode",
          "id": "ce2e2d26-a7b2-43fd-a070-6e3e16010272"
        }
      ],
      "id": "new_topic_49baa21557fe48ea8843420ff55459d1",
      "displayName": "Dialog for Kan jeg endre rekkefølge på teamene mine? Kan jeg omorganisere teamene mine?",
      "createdTime": "2021-03-24T20:09:21.5452642Z",
      "updatedTime": "2021-04-22T14:39:22.5268677Z",
      "createdUserId": "ef0c8b9a-eff1-49f8-92fa-fd1d3e15e1ba",
      "updatedUserId": "ef0c8b9a-eff1-49f8-92fa-fd1d3e15e1ba"
    }
  ],
  "botMessages": [
    {
      "channelContent": {
        "web": {
          "contentFormat": "Markdown",
          "content": "Hvis du vil endre rekkefølgen på teamene dine, velger du **Team**, og deretter klikker og drar du teamnavnet hvor som helst i team listen."
        }
      },
      "id": "8f3ab6f7-0126-42c7-a9e4-507364b9d1f3",
      "createdTime": "2021-03-24T20:09:21.5452642Z",
      "updatedTime": "2021-03-24T20:09:21.5452642Z",
      "createdUserId": "ef0c8b9a-eff1-49f8-92fa-fd1d3e15e1ba",
      "updatedUserId": "ef0c8b9a-eff1-49f8-92fa-fd1d3e15e1ba"
    },
    {
      "channelContent": {
        "web": {
          "contentFormat": "Markdown",
          "content": "**Obs!:** Alle team du tilhører, vises i team-listen, enten i teamene dine eller i listen med skjulte team nederst i oversikten."
        }
      },
      "id": "cb3c9767-38de-41eb-a175-096ba16b476d",
      "createdTime": "2021-04-06T18:41:06.303Z",
      "updatedTime": "2021-04-06T18:41:06.303Z",
      "createdUserId": "user-0",
      "updatedUserId": "user-0"
    }
  ],
  "createdUtc": "0001-01-01T00:00:00Z"
}