<botcomponent schemaname="new_topic_84ec227c19784e7ba25cb34f4638f91e_dbafebd526364487911b63a2a774389f">
  <componenttype>0</componenttype>
  <description>Lektion 3 – Under den här lektionen visar vi hur du kan skapa ett enkelt ämne med en villkorlig gren, en variabel och en entitet.

När du använder entiteter i ett ämne kan roboten identifiera nyckelinformation i vad användaren skriver och proaktivt fylla i den informationen i dina variabler. Om kunden exempelvis säger "Jag vill köpa en röd bil" behöver du inte fråga kunden om färgen, eftersom roboten identifierar entiteten Färg i det som kunden skriver. Roboten hoppar då över frågan som du ställer om färg. 

Du kan också använda entiteter för att identifiera en viss lista med alternativ. Under den här lektionen ska vi identifiera Ort som en entitet, och roboten kommer då identifiera alla orter i Sverige som användaren skriver.</description>
  <iscustomizable>1</iscustomizable>
  <name>Lektion 3 – Ett ämne med villkor, variabler och en färdig entitet</name>
  <statecode>0</statecode>
  <statuscode>1</statuscode>
</botcomponent>