{
  "intents": [
    {
      "endUserOverrideName": "我可以更換我的 PIN 嗎？",
      "triggerQueries": [
        "我可以更換我的 PIN 嗎？",
        "重置 Teams 的 PIN",
        "誰可以重置您的 PIN？",
        "如何重置 PIN",
        "我可以返回並更改我的 PIN 碼嗎？",
        "使用者如何存取或更改其 PIN 碼？",
        "How does a user access or change PIN?",
        "Reset teams PIN",
        "Who can reset your PIN?",
        "how to reset the PIN",
        "Can I return and change my PIN?",
        "How does a user access or change their PIN?"
      ],
      "dialogId": "new_topic_30b7dce7a88840e0a5beb5cb42bc38e7",
      "isTriggeringEnabled": true,
      "id": "new_topic_30b7dce7a88840e0a5beb5cb42bc38e7",
      "displayName": "使用者如何存取或更改其 PIN 碼？",
      "description": "https://adoptbotv2kb.blob.core.windows.net/%24web/AdoptBot2021-English.docx",
      "createdTime": "2021-11-17T02:49:04.8697129Z",
      "updatedTime": "2021-11-17T02:49:35.3830982Z",
      "createdUserId": "9c968d43-f7c2-4e28-895c-1f6bcefcd8be",
      "updatedUserId": "9c968d43-f7c2-4e28-895c-1f6bcefcd8be"
    }
  ],
  "dialogs": [
    {
      "rootNodeId": "000de148-8f95-4d36-a8d7-78fe60c40a35",
      "messageNodes": [
        {
          "botMessageId": "082c637f-a835-45a7-af3c-6fc3374e1518",
          "nodeType": "BotMessageNode",
          "id": "000de148-8f95-4d36-a8d7-78fe60c40a35",
          "defaultTargetNodeId": "d6f1c661-082f-444f-80f2-a4feb6f2809c"
        }
      ],
      "dialogChangeNodes": [
        {
          "targetDialogId": "new_topic_e2d1671328b941dbb60fa7150059b1ee_aeabea4d071f415c8c107e1cb7af5424_assumedsuccess",
          "nodeType": "DialogChangeNode",
          "id": "d6f1c661-082f-444f-80f2-a4feb6f2809c"
        }
      ],
      "id": "new_topic_30b7dce7a88840e0a5beb5cb42bc38e7",
      "displayName": "Dialog for 使用者如何存取或更改其 PIN 碼？",
      "createdTime": "2021-11-17T02:49:04.8697129Z",
      "updatedTime": "2021-11-17T02:49:35.3830982Z",
      "createdUserId": "9c968d43-f7c2-4e28-895c-1f6bcefcd8be",
      "updatedUserId": "9c968d43-f7c2-4e28-895c-1f6bcefcd8be"
    }
  ],
  "botMessages": [
    {
      "channelContent": {
        "web": {
          "contentFormat": "Markdown",
          "content": "PIN 只能由組織管理員重置 。"
        }
      },
      "id": "082c637f-a835-45a7-af3c-6fc3374e1518",
      "createdTime": "2021-11-17T02:49:04.8697129Z",
      "updatedTime": "2021-11-17T02:49:04.8697129Z",
      "createdUserId": "9c968d43-f7c2-4e28-895c-1f6bcefcd8be",
      "updatedUserId": "9c968d43-f7c2-4e28-895c-1f6bcefcd8be"
    }
  ]
}