{
  "intents": [
    {
      "endUserOverrideName": "oude versies docs",
      "triggerQueries": [
        "vorige versie openen",
        "documenten openen die gemaakt zijn met verschillende versies",
        "Oude versie openen",
        "Kunnen mensen met eerdere versies van Office documenten openen die ik heb gemaakt met Office 365?"
      ],
      "dialogId": "new_topic_7d97585e8f8f4b55bd282673ea4c9ba9",
      "isTriggeringEnabled": true,
      "id": "new_topic_7d97585e8f8f4b55bd282673ea4c9ba9",
      "displayName": "Oude versie openen documenten",
      "description": "",
      "createdTime": "2021-03-22T08:53:01.5997731Z",
      "updatedTime": "2021-03-29T21:35:01.0763272Z",
      "createdUserId": "c1e90dc0-1df0-459d-8164-0dcb7915deaf",
      "updatedUserId": "c1e90dc0-1df0-459d-8164-0dcb7915deaf"
    }
  ],
  "dialogs": [
    {
      "rootNodeId": "24c803b5-2a9a-41e2-8b7a-b50ed6c5f52d",
      "messageNodes": [
        {
          "botMessageId": "bfd2b19e-cf01-4a62-afdf-d857f3d54c25",
          "nodeType": "BotMessageNode",
          "id": "24c803b5-2a9a-41e2-8b7a-b50ed6c5f52d",
          "defaultTargetNodeId": "d168a1a7-b9ab-41b7-b4ef-50ebdfd8c0ec"
        },
        {
          "botMessageId": "e757de63-c65f-4b30-bee8-0b790e7782f8",
          "nodeType": "BotMessageNode",
          "id": "d168a1a7-b9ab-41b7-b4ef-50ebdfd8c0ec",
          "defaultTargetNodeId": "a3766838-b324-432b-b622-6d89f10e7729"
        },
        {
          "botMessageId": "c7d3b313-9a26-46b2-b627-de73e2f89de9",
          "nodeType": "BotMessageNode",
          "id": "a3766838-b324-432b-b622-6d89f10e7729",
          "defaultTargetNodeId": "f0e556cd-4153-4f50-9f2c-4f522542e17d"
        }
      ],
      "dialogChangeNodes": [
        {
          "targetDialogId": "new_topic_9d295c394a47419da3b4d205b7ed4c20_aeabea4d071f415c8c107e1cb7af5424_assumedsuccess",
          "nodeType": "DialogChangeNode",
          "id": "f0e556cd-4153-4f50-9f2c-4f522542e17d"
        }
      ],
      "id": "new_topic_7d97585e8f8f4b55bd282673ea4c9ba9",
      "displayName": "Dialog for Oude versie openen documenten",
      "createdTime": "2021-03-22T08:53:01.5997731Z",
      "updatedTime": "2021-03-29T21:40:16.3708987Z",
      "createdUserId": "c1e90dc0-1df0-459d-8164-0dcb7915deaf",
      "updatedUserId": "c1e90dc0-1df0-459d-8164-0dcb7915deaf"
    }
  ],
  "botMessages": [
    {
      "channelContent": {
        "web": {
          "contentFormat": "Markdown",
          "content": "Mensen die Office 365-, Office 2019-, Office 2016-, Office 2013- en Office 2010-toepassingen  gebruiken, kunnen zonder verdere actie documenten openen die met Microsoft 365 zijn gemaakt."
        }
      },
      "id": "bfd2b19e-cf01-4a62-afdf-d857f3d54c25",
      "createdTime": "2021-03-22T08:53:01.5997731Z",
      "updatedTime": "2021-03-22T08:53:01.5997731Z",
      "createdUserId": "c1e90dc0-1df0-459d-8164-0dcb7915deaf",
      "updatedUserId": "c1e90dc0-1df0-459d-8164-0dcb7915deaf"
    },
    {
      "channelContent": {
        "web": {
          "contentFormat": "Markdown",
          "content": "[Over Office: welke versie van Office gebruik ik? - Office-ondersteuning (microsoft.com)](https://support.microsoft.com/nl-nl/office/over-office-welke-versie-van-office-gebruik-ik-932788b8-a3ce-44bf-bb09-e334518b8b19)"
        }
      },
      "id": "e757de63-c65f-4b30-bee8-0b790e7782f8",
      "createdTime": "2021-03-29T21:36:31.724Z",
      "updatedTime": "2021-03-29T21:36:31.724Z",
      "createdUserId": "user-0",
      "updatedUserId": "user-0"
    },
    {
      "channelContent": {
        "web": {
          "contentFormat": "Markdown",
          "content": "Versie beheer op documenten in Teams? Open het bestand en klik op de naam boven in de balk. Klik **versie geschiedenis.**"
        }
      },
      "id": "c7d3b313-9a26-46b2-b627-de73e2f89de9",
      "createdTime": "2021-03-29T21:36:35.691Z",
      "updatedTime": "2021-03-29T21:36:35.691Z",
      "createdUserId": "user-0",
      "updatedUserId": "user-0"
    }
  ],
  "createdUtc": "0001-01-01T00:00:00Z"
}