{
  "intents": [
    {
      "triggerQueries": [
        "Posso inoltrare da Gmail a Teams?",
        "aggiungi condivisione su teams sull'intranet",
        "lo sviluppatore può aggiungere Condividi su Teams sulla pagina web",
        "Condividi contenuti web con Teams",
        "pulsante Condividi su Teams",
        "Invia e-mail a un canale del team",
        "Posso inoltrare e-mail a un team?",
        "inoltrare le email in un canale Teams",
        "Come posso inviare un'e-mail a un canale in Teams?",
        "inviare un'e-mail a un canale",
        "invia email al canale",
        "Come faccio a inviare un'e-mail a un canale in Teams?"
      ],
      "dialogId": "new_topic_4cf53bedf0e1409ea9421d4fe47332db",
      "isTriggeringEnabled": true,
      "id": "new_topic_4cf53bedf0e1409ea9421d4fe47332db",
      "displayName": "Come faccio a inviare un'e-mail a un canale in Teams?",
      "createdTime": "2022-04-29T10:18:41.4449741Z",
      "updatedTime": "2022-04-29T10:30:10.118682Z",
      "createdUserId": "9451fc51-e00d-4445-8ff9-efb70866dc3b",
      "updatedUserId": "9451fc51-e00d-4445-8ff9-efb70866dc3b"
    }
  ],
  "dialogs": [
    {
      "rootNodeId": "309f3020-0129-417f-b7a5-120e947c7ccf",
      "messageNodes": [
        {
          "botMessageId": "7372c4bd-0c6d-46ed-813e-a45469bf4a45",
          "nodeType": "BotMessageNode",
          "id": "309f3020-0129-417f-b7a5-120e947c7ccf",
          "defaultTargetNodeId": "55ecb60c-c47f-4b1a-b74d-ad6fa17c2088"
        },
        {
          "botMessageId": "71879e39-0057-45cd-a2f6-fa43bf219510",
          "nodeType": "BotMessageNode",
          "id": "55ecb60c-c47f-4b1a-b74d-ad6fa17c2088",
          "defaultTargetNodeId": "13634665-d0f4-4020-863d-619267107c98"
        },
        {
          "botMessageId": "08e21f4e-78de-40d0-b80c-a039474ca745",
          "nodeType": "BotMessageNode",
          "id": "13634665-d0f4-4020-863d-619267107c98",
          "defaultTargetNodeId": "93a8c216-f4be-41a7-9acc-c4a089d33c31"
        },
        {
          "botMessageId": "fb62b7fd-aa75-41a2-bee1-987924e536b7",
          "nodeType": "BotMessageNode",
          "id": "93a8c216-f4be-41a7-9acc-c4a089d33c31",
          "defaultTargetNodeId": "235a9c4c-cdc2-4126-9936-0a5d213315a2"
        },
        {
          "botMessageId": "60f1bebf-e2c7-4775-9f70-8218ac674099",
          "nodeType": "BotMessageNode",
          "id": "235a9c4c-cdc2-4126-9936-0a5d213315a2",
          "defaultTargetNodeId": "f8333905-8822-45ef-9a19-aa38479f8da8"
        },
        {
          "botMessageId": "79d4dbbe-4265-44e1-af74-32f7188674f5",
          "nodeType": "BotMessageNode",
          "id": "f8333905-8822-45ef-9a19-aa38479f8da8"
        }
      ],
      "id": "new_topic_4cf53bedf0e1409ea9421d4fe47332db",
      "displayName": "Senza titolo",
      "createdTime": "2022-04-29T10:18:41.4449741Z",
      "updatedTime": "2022-04-29T10:30:10.118682Z",
      "createdUserId": "9451fc51-e00d-4445-8ff9-efb70866dc3b",
      "updatedUserId": "9451fc51-e00d-4445-8ff9-efb70866dc3b"
    }
  ],
  "botMessages": [
    {
      "channelContent": {
        "web": {
          "contentFormat": "Markdown",
          "content": "**Soluzione migliore**:\n\nSeleziona il pulsante \"Condividi con le squadre\" direttamente da un messaggio in Outlook."
        }
      },
      "id": "7372c4bd-0c6d-46ed-813e-a45469bf4a45",
      "createdTime": "2022-04-29T09:57:57.891Z",
      "updatedTime": "2022-04-29T09:57:57.891Z"
    },
    {
      "channelContent": {
        "web": {
          "contentFormat": "Markdown",
          "content": "**Se non hai questo pulsante:**\n\nOgni canale ha un indirizzo email, ed è possibile [inviare e-mail direttamente a un canale Teams.](https://support.microsoft.com/it-it/office/inviare-un-e-mail-a-un-canale-in-teams-d91db004-d9d7-4a47-82e6-fb1b16dfd51e)"
        }
      },
      "id": "71879e39-0057-45cd-a2f6-fa43bf219510",
      "createdTime": "2022-04-29T09:58:20.389Z",
      "updatedTime": "2022-04-29T09:58:20.389Z",
      "createdUserId": "user-0",
      "updatedUserId": "user-0"
    },
    {
      "channelContent": {
        "web": {
          "contentFormat": "Markdown",
          "content": "Per fare questo\n\n*   Trovare il canale che si desidera e-mail e fare clic sul nome del canale.\n*   Selezionare Altre opzioni (...) e scegliere **Ottieni indirizzo e-mail** e copia.\n*   **In Outlook**, inoltra la tua email all'indirizzo e-mail del canale che hai appena copiato."
        }
      },
      "id": "08e21f4e-78de-40d0-b80c-a039474ca745",
      "createdTime": "2022-04-29T09:58:23.365Z",
      "updatedTime": "2022-04-29T09:58:23.365Z",
      "createdUserId": "user-0",
      "updatedUserId": "user-0"
    },
    {
      "channelContent": {
        "web": {
          "contentFormat": "Markdown",
          "content": "L'e-mail apparirà nel canale a cui l'hai inviata. Eventuali allegati vengono estratti e salvati nella scheda \"File\" nel canale."
        }
      },
      "id": "fb62b7fd-aa75-41a2-bee1-987924e536b7",
      "createdTime": "2022-04-29T09:58:25.492Z",
      "updatedTime": "2022-04-29T09:58:25.492Z",
      "createdUserId": "user-0",
      "updatedUserId": "user-0"
    },
    {
      "channelContent": {
        "web": {
          "contentFormat": "Markdown",
          "content": "💡 **Suggerimento**:\n\nSalva l'indirizzo e-mail del tuo canale in Outlook per inoltrare rapidamente le email future."
        }
      },
      "id": "60f1bebf-e2c7-4775-9f70-8218ac674099",
      "createdTime": "2022-04-29T09:58:27.453Z",
      "updatedTime": "2022-04-29T09:58:27.453Z",
      "createdUserId": "user-0",
      "updatedUserId": "user-0"
    },
    {
      "channelContent": {
        "web": {
          "contentFormat": "Markdown",
          "content": "💡 _Suggerimento bonus per gli sviluppatori:_\n\n[pulsante **Condividi su Teams** : condividi facilmente i contenuti Web su Teams (in inglese)](https://developer.microsoft.com/it-it/microsoft-teams/share-to-teams)"
        }
      },
      "id": "79d4dbbe-4265-44e1-af74-32f7188674f5",
      "createdTime": "2022-04-29T09:58:29.852Z",
      "updatedTime": "2022-04-29T09:58:29.852Z",
      "createdUserId": "user-0",
      "updatedUserId": "user-0"
    }
  ]
}