{
  "intents": [
    {
      "endUserOverrideName": "Hva kan jeg spørre deg om?",
      "triggerQueries": [
        "Hjelp meg",
        "Kan du hjelpe meg?",
        "Hvor mye vet du om Teams?",
        "Hva kan du hjelpe meg med?",
        "Jeg trenger hjelp",
        "Hjelp"
      ],
      "dialogId": "new_topic_04e5195df8ae40048521c0460c22def8",
      "isTriggeringEnabled": true,
      "id": "new_topic_04e5195df8ae40048521c0460c22def8",
      "displayName": "Hva kan jeg spørre deg om?",
      "description": "",
      "createdTime": "2021-04-14T18:28:36.3199781Z",
      "updatedTime": "2021-04-16T10:35:19.7093942Z",
      "createdUserId": "ef0c8b9a-eff1-49f8-92fa-fd1d3e15e1ba"
    }
  ],
  "dialogs": [
    {
      "rootNodeId": "17746b34-c6cc-4980-956f-63fc9b120996",
      "messageNodes": [
        {
          "botMessageId": "672214ce-e39a-42d4-97c8-6a67dea54233",
          "nodeType": "BotMessageNode",
          "id": "17746b34-c6cc-4980-956f-63fc9b120996",
          "defaultTargetNodeId": "a35a2a78-e501-46a7-a2ed-82443901cee1"
        },
        {
          "botMessageId": "309bf8fe-c0e3-476b-9c64-2f9af6cc2f6e",
          "nodeType": "BotMessageNode",
          "id": "a35a2a78-e501-46a7-a2ed-82443901cee1",
          "defaultTargetNodeId": "685cae37-830f-4140-bc37-431675fb21f2"
        },
        {
          "botMessageId": "1153446a-8e44-4b8d-9e54-dd37a318c3b0",
          "nodeType": "BotMessageNode",
          "id": "685cae37-830f-4140-bc37-431675fb21f2"
        }
      ],
      "id": "new_topic_04e5195df8ae40048521c0460c22def8",
      "displayName": "Dialog for Hva kan jeg spørre deg om?",
      "createdTime": "2021-04-14T18:28:36.3199781Z",
      "updatedTime": "2021-04-19T22:47:10.318555Z",
      "createdUserId": "ef0c8b9a-eff1-49f8-92fa-fd1d3e15e1ba",
      "updatedUserId": "ef0c8b9a-eff1-49f8-92fa-fd1d3e15e1ba"
    }
  ],
  "botMessages": [
    {
      "channelContent": {
        "web": {
          "contentFormat": "Markdown",
          "content": "Jeg kan svare på spørsmål du har om **Microsoft Teams**. 🤓"
        }
      },
      "id": "672214ce-e39a-42d4-97c8-6a67dea54233",
      "createdTime": "2021-04-14T18:28:36.3199781Z",
      "updatedTime": "2021-04-14T18:28:36.3199781Z",
      "createdUserId": "ef0c8b9a-eff1-49f8-92fa-fd1d3e15e1ba",
      "updatedUserId": "ef0c8b9a-eff1-49f8-92fa-fd1d3e15e1ba"
    },
    {
      "channelContent": {
        "web": {
          "contentFormat": "Markdown",
          "content": "**Du kan for eksempel spørre meg ting som:**\n\n*   Finnes det apper for Teams møter?\n*   Hvordan man kan redusere bakgrunnsstøy i møter?\n*   Hvordan bruker man et Whiteboard i et møte?\n*   Kan man dele en lenke til et møteopptak med andre?\n*   Hvordan man sletter en kanal i et Team?\n*   Hvordan man kan legge til gjestebrukere i et team?\n*   Har du noen gode tips for bedre Teams møter?"
        }
      },
      "id": "309bf8fe-c0e3-476b-9c64-2f9af6cc2f6e",
      "createdTime": "2021-04-14T18:29:09.78Z",
      "updatedTime": "2021-04-14T18:29:09.78Z",
      "createdUserId": "user-0",
      "updatedUserId": "user-0"
    },
    {
      "channelContent": {
        "web": {
          "contentFormat": "Markdown",
          "content": "Så...Har du noen spørsmål til meg? 😀"
        }
      },
      "id": "1153446a-8e44-4b8d-9e54-dd37a318c3b0",
      "createdTime": "2021-04-14T18:52:09.195Z",
      "updatedTime": "2021-04-14T18:52:09.195Z",
      "createdUserId": "user-0",
      "updatedUserId": "user-0"
    }
  ],
  "createdUtc": "0001-01-01T00:00:00Z"
}