{
  "intents": [
    {
      "endUserOverrideName": "Team naam wijzigen",
      "triggerQueries": [
        "hoe kan ik het team een andere naam geven",
        "ik wil een team een andere naam geven",
        "ik wil het team anders noemen",
        "kan k de naam van een team wijzigen",
        "kan ik de naam van een team veranderen",
        "ik wil de naam van een team veranderen",
        "hoe verander ik de naam van een team",
        "hoe wijzig ik de naam van een team",
        "hoe wijzig ik een team",
        "naam van team veranderd",
        "naam wijzigen van een team",
        "team naam veranderen",
        "Team naam veranderen",
        "Team naam wijzigen"
      ],
      "dialogId": "new_topic_63e499546f8f43b094045656b284a697",
      "isTriggeringEnabled": true,
      "id": "new_topic_63e499546f8f43b094045656b284a697",
      "displayName": "Team naam wijzigen",
      "description": "",
      "createdTime": "2021-03-22T08:35:12.23677Z",
      "updatedTime": "2021-03-29T21:55:41.789001Z",
      "createdUserId": "c1e90dc0-1df0-459d-8164-0dcb7915deaf",
      "updatedUserId": "c1e90dc0-1df0-459d-8164-0dcb7915deaf"
    }
  ],
  "dialogs": [
    {
      "rootNodeId": "ae8958f1-56a7-4fa8-ba42-d5baf8572834",
      "messageNodes": [
        {
          "botMessageId": "f5271272-b486-40e3-8a45-404bf3deea03",
          "nodeType": "BotMessageNode",
          "id": "ae8958f1-56a7-4fa8-ba42-d5baf8572834",
          "defaultTargetNodeId": "bb1b71f6-13c8-485a-b48c-bf55b780a2d5"
        },
        {
          "botMessageId": "c324feca-3bdb-41fe-ba54-2eec44bc3d5d",
          "nodeType": "BotMessageNode",
          "id": "bb1b71f6-13c8-485a-b48c-bf55b780a2d5",
          "defaultTargetNodeId": "8f4c9d30-4d77-4bd8-a60c-36d142dc57a0"
        }
      ],
      "dialogChangeNodes": [
        {
          "targetDialogId": "new_topic_9d295c394a47419da3b4d205b7ed4c20_aeabea4d071f415c8c107e1cb7af5424_assumedsuccess",
          "nodeType": "DialogChangeNode",
          "id": "8f4c9d30-4d77-4bd8-a60c-36d142dc57a0"
        }
      ],
      "id": "new_topic_63e499546f8f43b094045656b284a697",
      "displayName": "Dialog for Team naam wijzigen",
      "createdTime": "2021-03-22T08:35:12.23677Z",
      "updatedTime": "2021-03-22T08:35:44.744274Z",
      "createdUserId": "c1e90dc0-1df0-459d-8164-0dcb7915deaf",
      "updatedUserId": "c1e90dc0-1df0-459d-8164-0dcb7915deaf"
    }
  ],
  "botMessages": [
    {
      "channelContent": {
        "web": {
          "contentFormat": "Markdown",
          "content": "Ga naar de teamnaam en klik op **Meer opties** > **Team bewerken**. Vandaaruit kunt u de naam, beschrijving en privacyinstellingen van het team instellen."
        }
      },
      "id": "f5271272-b486-40e3-8a45-404bf3deea03",
      "createdTime": "2021-03-22T08:35:12.23677Z",
      "updatedTime": "2021-03-22T08:35:12.23677Z",
      "createdUserId": "c1e90dc0-1df0-459d-8164-0dcb7915deaf",
      "updatedUserId": "c1e90dc0-1df0-459d-8164-0dcb7915deaf"
    },
    {
      "channelContent": {
        "web": {
          "contentFormat": "Markdown",
          "content": "[Team instellingen en-machtigingen beheren in teams - Office-ondersteuning (microsoft.com)](https://support.microsoft.com/nl-nl/office/team-instellingen-en-machtigingen-beheren-in-teams-ce053b04-1b8e-4796-baa8-90dc427b3acc)"
        }
      },
      "id": "c324feca-3bdb-41fe-ba54-2eec44bc3d5d",
      "createdTime": "2021-03-22T08:35:38.802Z",
      "updatedTime": "2021-03-22T08:35:38.802Z",
      "createdUserId": "user-0",
      "updatedUserId": "user-0"
    }
  ],
  "createdUtc": "0001-01-01T00:00:00Z"
}