{
  "intents": [
    {
      "endUserOverrideName": "Freigeben von Dateien in Teams",
      "triggerQueries": [
        "Wie teile ich Dateien in Teams?",
        "Freigeben von Dateien in Teams"
      ],
      "dialogId": "new_topic_a49e731bb4f04e9ebd3ff71f0fd091d5",
      "isTriggeringEnabled": true,
      "id": "new_topic_a49e731bb4f04e9ebd3ff71f0fd091d5",
      "displayName": "Wie teile ich Dateien in Teams?",
      "description": "",
      "createdTime": "2021-04-19T07:54:29.6344436Z",
      "updatedTime": "2021-04-19T07:54:29.6344436Z",
      "createdUserId": "d4c65e50-fb5c-4311-830a-05b59a11dd48"
    }
  ],
  "dialogs": [
    {
      "rootNodeId": "4c6526c6-080b-4a03-b2c2-523d861b754c",
      "messageNodes": [
        {
          "botMessageId": "a5cb6e9d-e0d9-4942-9d54-aa9dd42db4d2",
          "nodeType": "BotMessageNode",
          "id": "4c6526c6-080b-4a03-b2c2-523d861b754c",
          "defaultTargetNodeId": "ffb8ad68-19a0-48a2-a67e-581b66ffd156"
        },
        {
          "botMessageId": "f9a8e16e-3856-4a65-9ce6-697f7f730873",
          "nodeType": "BotMessageNode",
          "id": "ffb8ad68-19a0-48a2-a67e-581b66ffd156",
          "defaultTargetNodeId": "712660a4-319d-412c-bcb1-26bddfd35f0f"
        },
        {
          "botMessageId": "1a989397-beb3-4c8c-a488-c9110ab79667",
          "nodeType": "BotMessageNode",
          "id": "712660a4-319d-412c-bcb1-26bddfd35f0f",
          "defaultTargetNodeId": "f1fe3ed3-5771-483e-87a6-9415ea201340"
        },
        {
          "botMessageId": "61ab1ce2-0065-401a-b89d-5c78c43abcd9",
          "nodeType": "BotMessageNode",
          "id": "f1fe3ed3-5771-483e-87a6-9415ea201340",
          "defaultTargetNodeId": "b26c02ac-0cd1-4515-863b-bf615e4dea8e"
        }
      ],
      "dialogChangeNodes": [
        {
          "targetDialogId": "new_topic_30867099f4b543d3b8543a85c22c3418_aeabea4d071f415c8c107e1cb7af5424_assumedsuccess",
          "nodeType": "DialogChangeNode",
          "id": "b26c02ac-0cd1-4515-863b-bf615e4dea8e"
        }
      ],
      "id": "new_topic_a49e731bb4f04e9ebd3ff71f0fd091d5",
      "displayName": "Dialog for Wie teile ich Dateien in Teams?",
      "createdTime": "2021-04-19T07:54:29.6344436Z",
      "updatedTime": "2021-04-19T07:56:40.6874139Z",
      "createdUserId": "d4c65e50-fb5c-4311-830a-05b59a11dd48",
      "updatedUserId": "d4c65e50-fb5c-4311-830a-05b59a11dd48"
    }
  ],
  "botMessages": [
    {
      "channelContent": {
        "web": {
          "contentFormat": "Markdown",
          "content": "Jeder Kanal hat eine Registerkarte namens \"**Dateien**\". Dort können Sie [Dateien in Teams hochladen](https://support.microsoft.com/de-de/office/dela-en-fil-i-teams-0c4d34ee-5dd8-46d5-ab35-0d227b5e6eb5)."
        }
      },
      "id": "a5cb6e9d-e0d9-4942-9d54-aa9dd42db4d2",
      "createdTime": "2021-04-19T07:54:29.6344436Z",
      "updatedTime": "2021-04-19T07:54:29.6344436Z",
      "createdUserId": "d4c65e50-fb5c-4311-830a-05b59a11dd48",
      "updatedUserId": "d4c65e50-fb5c-4311-830a-05b59a11dd48"
    },
    {
      "channelContent": {
        "web": {
          "contentFormat": "Markdown",
          "content": "Sie können Dateien auch im Chat Ihres Kanals freigeben. Diese werden dann automatisch auf der Registerkarte \"**Dateien**\" des Kanals gefunden."
        }
      },
      "id": "f9a8e16e-3856-4a65-9ce6-697f7f730873",
      "createdTime": "2021-04-19T07:54:34.418Z",
      "updatedTime": "2021-04-19T07:54:34.418Z",
      "createdUserId": "user-0",
      "updatedUserId": "user-0"
    },
    {
      "channelContent": {
        "web": {
          "contentFormat": "Markdown",
          "content": "Dateien, die in einem privaten oder Gruppenchat freigegeben wurden, können für die Personen in dieser Unterhaltung freigegeben werden."
        }
      },
      "id": "1a989397-beb3-4c8c-a488-c9110ab79667",
      "createdTime": "2021-04-19T07:54:36.659Z",
      "updatedTime": "2021-04-19T07:54:36.659Z",
      "createdUserId": "user-0",
      "updatedUserId": "user-0"
    },
    {
      "channelContent": {
        "web": {
          "contentFormat": "Markdown",
          "content": "Sie können Dokumente in Echtzeit drucken, freigeben oder zusammenarbeiten, ohne die Teams-Plattform zu verlassen."
        }
      },
      "id": "61ab1ce2-0065-401a-b89d-5c78c43abcd9",
      "createdTime": "2021-04-19T07:54:38.556Z",
      "updatedTime": "2021-04-19T07:54:38.556Z",
      "createdUserId": "user-0",
      "updatedUserId": "user-0"
    }
  ],
  "createdUtc": "0001-01-01T00:00:00Z"
}