{
  "intents": [
    {
      "endUserOverrideName": "誰能用電話參加會議",
      "triggerQueries": [
        "如何用電話參加會議？",
        "怎麼樣可以撥號進入會議？",
        "誰可以參加電話會議？",
        "誰可以參加音訊會議？",
        "誰能參加通話",
        "Who can I hear in a phone conference?",
        "Who can attend a conference call? And who can I hear?",
        "Who can call in to a meeting?",
        "Who can attend a conference call?",
        "Who's in a conference call?",
        "Who can attend a phone conference call? And who can I hear?"
      ],
      "dialogId": "new_topic_c8725275dd50405d83cbe038d6e1eb50",
      "isTriggeringEnabled": true,
      "id": "new_topic_c8725275dd50405d83cbe038d6e1eb50",
      "displayName": "誰能參加會議通話",
      "description": "https://adoptbotv2kb.blob.core.windows.net/%24web/AdoptBot2021-English.docx",
      "createdTime": "2021-11-17T07:38:38.2499074Z",
      "updatedTime": "2021-11-22T11:13:22.8037854Z",
      "createdUserId": "9c968d43-f7c2-4e28-895c-1f6bcefcd8be",
      "updatedUserId": "9c968d43-f7c2-4e28-895c-1f6bcefcd8be"
    }
  ],
  "dialogs": [
    {
      "rootNodeId": "64f7aa15-c455-4e53-bafd-387feba785d7",
      "messageNodes": [
        {
          "botMessageId": "ab7238fd-122f-4699-be37-e4e2aca8abee",
          "nodeType": "BotMessageNode",
          "id": "64f7aa15-c455-4e53-bafd-387feba785d7",
          "defaultTargetNodeId": "b97d3d8e-025d-4ac5-811c-74912d087377"
        }
      ],
      "dialogChangeNodes": [
        {
          "targetDialogId": "new_topic_e2d1671328b941dbb60fa7150059b1ee_aeabea4d071f415c8c107e1cb7af5424_assumedsuccess",
          "nodeType": "DialogChangeNode",
          "id": "b97d3d8e-025d-4ac5-811c-74912d087377"
        }
      ],
      "id": "new_topic_c8725275dd50405d83cbe038d6e1eb50",
      "displayName": "Dialog for 誰能參加會議通話",
      "createdTime": "2021-11-17T07:38:38.2499074Z",
      "updatedTime": "2021-11-22T11:12:23.2721781Z",
      "createdUserId": "9c968d43-f7c2-4e28-895c-1f6bcefcd8be",
      "updatedUserId": "9c968d43-f7c2-4e28-895c-1f6bcefcd8be"
    }
  ],
  "botMessages": [
    {
      "channelContent": {
        "web": {
          "contentFormat": "Markdown",
          "content": "任何擁有撥入號碼和會議 ID 的人都可以加入會Microsoft Teams會議，除非會議召集人已鎖定會議。\n\n無論您是使用電話或Microsoft Teams，您都能聽到其他人在通話中的聲音，而且他們可以聽見您的聲音。 會議召集人可以「靜音」會議出席者，如果他們不想聽到他們的聲音。"
        }
      },
      "id": "ab7238fd-122f-4699-be37-e4e2aca8abee",
      "createdTime": "2021-11-17T07:38:38.2499074Z",
      "updatedTime": "2021-11-17T07:38:38.2499074Z",
      "createdUserId": "9c968d43-f7c2-4e28-895c-1f6bcefcd8be",
      "updatedUserId": "9c968d43-f7c2-4e28-895c-1f6bcefcd8be"
    }
  ]
}