{
  "intents": [
    {
      "triggerQueries": [
        "Dlaczego macie różne kanały?",
        "Czy można zdefiniować kanał usługi Teams?",
        "Czym jest kanał?",
        "Co to jest kanał Teams?",
        "Jaki jest sens kanałów?",
        "Co to jest kanał?",
        "Gdzie są zapisywane pliki kanału?",
        "Co to jest kanał w usłudze Teams?",
        "Czym jest kanał zespołu?"
      ],
      "dialogId": "new_topic_652df96f8f2146bcba792d2de2e4f4f5",
      "isTriggeringEnabled": true,
      "id": "new_topic_652df96f8f2146bcba792d2de2e4f4f5",
      "displayName": "Czym jest kanał zespołu?",
      "description": "",
      "createdTime": "2021-09-27T05:27:57.8320538Z",
      "updatedTime": "2021-09-27T13:38:53.9523977Z",
      "createdUserId": "28fac8cb-bec7-48c9-a688-5024cf318b8a",
      "updatedUserId": "28fac8cb-bec7-48c9-a688-5024cf318b8a"
    }
  ],
  "dialogs": [
    {
      "rootNodeId": "ba4d9e63-e00b-41ad-9570-66de8546beef",
      "messageNodes": [
        {
          "botMessageId": "e5a7a9d3-4574-435f-9700-d258b7561277",
          "nodeType": "BotMessageNode",
          "id": "ba4d9e63-e00b-41ad-9570-66de8546beef",
          "defaultTargetNodeId": "5f6b5520-6d0e-48bd-964c-50a9aba4f26e"
        }
      ],
      "dialogChangeNodes": [
        {
          "targetDialogId": "new_topic_d4ee79ce05584b519ee7d416fda7e2a3_aeabea4d071f415c8c107e1cb7af5424_assumedsuccess",
          "nodeType": "DialogChangeNode",
          "id": "5f6b5520-6d0e-48bd-964c-50a9aba4f26e"
        }
      ],
      "id": "new_topic_652df96f8f2146bcba792d2de2e4f4f5",
      "displayName": "Dialog for Czym jest kanał zespołu?",
      "createdTime": "2021-09-27T05:27:57.8320538Z",
      "updatedTime": "2021-09-27T05:28:41.600172Z",
      "createdUserId": "28fac8cb-bec7-48c9-a688-5024cf318b8a",
      "updatedUserId": "28fac8cb-bec7-48c9-a688-5024cf318b8a"
    }
  ],
  "botMessages": [
    {
      "channelContent": {
        "web": {
          "contentFormat": "Markdown",
          "content": "Kanały to przestrzenie współpracy w zespole, w którym wykonywana jest sama praca. Kanały to dedykowane sekcje w zespole, aby rozdzielić rozmowy zorganizowane według konkretnych tematów, projektów, dyscyplin, czy innych kategorii, właściwych dla twojego zespołu! Kanał to miejsce, w którym wszyscy członkowie zespołu mogą otwarcie prowadzić rozmowy.\n\nPliki udostępniane na czacie w kanale są zorganizowane na karcie **Pliki** w każdym kanale."
        }
      },
      "id": "e5a7a9d3-4574-435f-9700-d258b7561277",
      "createdTime": "2021-09-27T05:27:57.8320538Z",
      "updatedTime": "2021-09-27T05:27:57.8320538Z",
      "createdUserId": "28fac8cb-bec7-48c9-a688-5024cf318b8a",
      "updatedUserId": "28fac8cb-bec7-48c9-a688-5024cf318b8a"
    }
  ],
  "createdUtc": "0001-01-01T00:00:00Z"
}