{
  "intents": [
    {
      "endUserOverrideName": "Compatibilità nuovi documenti con vecchie versioni di Office",
      "triggerQueries": [
        "I file creati in Teams possono essere aperti nelle versioni precedenti di office?",
        "Con versioni vecchie di office si possono aprire i nuovi file?",
        "Aprire i miei documenti in vecchie versioni di Office",
        "Posso lavorare con qualcuno che ha una versione vecchia di Office?",
        "Aprire nuovi documenti in vecchie versioni di Office?",
        "Aprire nuovi file nelle vecchie versioni di Office?",
        "Aprire nuovi file da 365 nelle vecchie versioni di Office?",
        "Le persone con versioni precedenti di Office possono aprire i documenti che ho creato utilizzando Office 365?"
      ],
      "dialogId": "new_topic_44b22d6b503f402cb8517243c323be98",
      "isTriggeringEnabled": true,
      "id": "new_topic_44b22d6b503f402cb8517243c323be98",
      "displayName": "Le persone con versioni precedenti di Office possono aprire i documenti che ho creato utilizzando Office 365?",
      "createdTime": "2022-04-26T11:54:49.5561457Z",
      "updatedTime": "2022-04-26T11:54:49.5561457Z",
      "createdUserId": "9451fc51-e00d-4445-8ff9-efb70866dc3b",
      "updatedUserId": "9451fc51-e00d-4445-8ff9-efb70866dc3b"
    }
  ],
  "dialogs": [
    {
      "rootNodeId": "067e67ff-39e2-4e51-a842-895dc8dc69fb",
      "messageNodes": [
        {
          "botMessageId": "1cef3464-1d69-4b8e-82de-c514efdb866a",
          "nodeType": "BotMessageNode",
          "id": "067e67ff-39e2-4e51-a842-895dc8dc69fb",
          "defaultTargetNodeId": "61c64da9-ab67-4687-bb77-44efc4c07d30"
        }
      ],
      "dialogChangeNodes": [
        {
          "targetDialogId": "new_topic_f98a24608ee04cb998de3e3e32703d5b_aeabea4d071f415c8c107e1cb7af5424_assumedsuccess",
          "nodeType": "DialogChangeNode",
          "id": "61c64da9-ab67-4687-bb77-44efc4c07d30"
        }
      ],
      "id": "new_topic_44b22d6b503f402cb8517243c323be98",
      "displayName": "Senza titolo",
      "createdTime": "2022-04-26T11:54:49.5561457Z",
      "updatedTime": "2022-04-26T11:54:49.5561457Z",
      "createdUserId": "9451fc51-e00d-4445-8ff9-efb70866dc3b",
      "updatedUserId": "9451fc51-e00d-4445-8ff9-efb70866dc3b"
    }
  ],
  "botMessages": [
    {
      "channelContent": {
        "web": {
          "contentFormat": "Markdown",
          "content": "Le persone che utilizzano le applicazioni Office 365, Office 2019, Office 2016, Office 2013 e Office 2010 possono aprire i documenti creati utilizzando Microsoft 365 senza ulteriori azioni."
        }
      },
      "id": "1cef3464-1d69-4b8e-82de-c514efdb866a",
      "createdTime": "2022-04-26T11:46:21.026Z",
      "updatedTime": "2022-04-26T11:46:21.026Z"
    }
  ]
}