{
  "intents": [
    {
      "triggerQueries": [
        "Hvordan synkroniserer filene som ligger i Teams til SharePoint?",
        "Synkroniserer filer automatisk fra Teams til SharePoint?",
        "Synkroniser filbibliotek i Teams til SharePoint"
      ],
      "dialogId": "new_topic_e29295c407a6499d8f18d1fe9566c6a2",
      "isTriggeringEnabled": true,
      "id": "new_topic_e29295c407a6499d8f18d1fe9566c6a2",
      "displayName": "Synkroniser filbibliotek i Teams til SharePoint",
      "description": "",
      "createdTime": "2021-04-10T08:18:29.5148241Z",
      "updatedTime": "2021-04-10T08:18:29.5148241Z",
      "createdUserId": "ef0c8b9a-eff1-49f8-92fa-fd1d3e15e1ba"
    }
  ],
  "dialogs": [
    {
      "rootNodeId": "0f5a9447-2ea5-4ae4-8228-77f981c52648",
      "messageNodes": [
        {
          "botMessageId": "db76ffeb-4294-434b-bb33-661b35cc82d4",
          "nodeType": "BotMessageNode",
          "id": "0f5a9447-2ea5-4ae4-8228-77f981c52648",
          "defaultTargetNodeId": "ffaa08f6-c0ed-43b5-a5c5-b5d551fb8f89"
        },
        {
          "botMessageId": "99c223d6-05e6-479f-bec7-a158e9627140",
          "nodeType": "BotMessageNode",
          "id": "ffaa08f6-c0ed-43b5-a5c5-b5d551fb8f89",
          "defaultTargetNodeId": "01cdc90d-2b44-49f8-84a5-1b3987c8fdf5"
        }
      ],
      "dialogChangeNodes": [
        {
          "targetDialogId": "new_topic_89c49d37fd4c4c1c9144396960733ce1_aeabea4d071f415c8c107e1cb7af5424_assumedsuccess",
          "nodeType": "DialogChangeNode",
          "id": "01cdc90d-2b44-49f8-84a5-1b3987c8fdf5"
        }
      ],
      "id": "new_topic_e29295c407a6499d8f18d1fe9566c6a2",
      "displayName": "Dialog for Synkroniser filbibliotek i Teams til SharePoint",
      "createdTime": "2021-04-10T08:18:29.5148241Z",
      "updatedTime": "2021-04-10T08:18:53.9838669Z",
      "createdUserId": "ef0c8b9a-eff1-49f8-92fa-fd1d3e15e1ba",
      "updatedUserId": "ef0c8b9a-eff1-49f8-92fa-fd1d3e15e1ba"
    }
  ],
  "botMessages": [
    {
      "channelContent": {
        "web": {
          "contentFormat": "Markdown",
          "content": "Hvert team har et tilsvarende SharePoint-område. Endringer i filer i SharePoint synkroniseres automatisk til Teams og omvendt, men hvis du vil forsikre deg om at du har den nyeste versjonen av en fil, kan du manuelt synkronisere filbibliotekene.\n\n*   Velg Synkroniser øverst i **Filer-fanen.**"
        }
      },
      "id": "db76ffeb-4294-434b-bb33-661b35cc82d4",
      "createdTime": "2021-04-10T08:18:29.5148241Z",
      "updatedTime": "2021-04-10T08:18:29.5148241Z",
      "createdUserId": "ef0c8b9a-eff1-49f8-92fa-fd1d3e15e1ba",
      "updatedUserId": "ef0c8b9a-eff1-49f8-92fa-fd1d3e15e1ba"
    },
    {
      "channelContent": {
        "web": {
          "contentFormat": "Markdown",
          "content": "På samme måte kan du velge **Synkroniser** i SharePoint for å sikre at du har oppdateringer fra Teams."
        }
      },
      "id": "99c223d6-05e6-479f-bec7-a158e9627140",
      "createdTime": "2021-04-10T08:18:43.298Z",
      "updatedTime": "2021-04-10T08:18:43.298Z",
      "createdUserId": "user-0",
      "updatedUserId": "user-0"
    }
  ],
  "createdUtc": "0001-01-01T00:00:00Z"
}