{
  "intents": [
    {
      "endUserOverrideName": "離線工作",
      "triggerQueries": [
        "在離線模式下使用Teams",
        "離線存取Office？",
        "我需要連上網路才能使用Office嗎？",
        "我可以離線工作嗎？",
        "如何離線使用Office",
        "離線使用Office",
        "我需要連接網路嗎？",
        "網路",
        "Office需要網路嗎",
        "Office 離線模式使用 Teams",
        "Teams需要網路嗎",
        "Does Teams require Internet access?",
        "use Teams in Offline mode",
        "offline access to office?",
        "Do I need internet for office?",
        "Can I work offline?",
        "How to reach office offline",
        "Work without internet with office",
        "Do I need internet access?",
        "Does Office require Internet access?"
      ],
      "dialogId": "new_topic_f0f79bac05964e0b94a01c84ece5518c",
      "isTriggeringEnabled": true,
      "id": "new_topic_f0f79bac05964e0b94a01c84ece5518c",
      "displayName": "Office需要網路嗎",
      "description": "https://adoptbotv2kb.blob.core.windows.net/%24web/AdoptBot2021-English.docx",
      "createdTime": "2021-11-17T13:48:19.4441356Z",
      "updatedTime": "2021-11-18T17:28:32.4814495Z",
      "createdUserId": "9c968d43-f7c2-4e28-895c-1f6bcefcd8be",
      "updatedUserId": "9c968d43-f7c2-4e28-895c-1f6bcefcd8be"
    }
  ],
  "dialogs": [
    {
      "rootNodeId": "5123400e-db77-4529-aad5-94d4daa46fa9",
      "messageNodes": [
        {
          "botMessageId": "6ef23efd-e992-444d-9905-52ffe866287a",
          "nodeType": "BotMessageNode",
          "id": "5123400e-db77-4529-aad5-94d4daa46fa9",
          "defaultTargetNodeId": "fe1ed716-771d-4c3e-a680-76ba13b4405e"
        },
        {
          "botMessageId": "2ec0382b-19cf-4790-b9ba-9926985c28d7",
          "nodeType": "BotMessageNode",
          "id": "fe1ed716-771d-4c3e-a680-76ba13b4405e",
          "defaultTargetNodeId": "e1c61e27-dc94-43e4-a190-0ab7882d6512"
        },
        {
          "botMessageId": "55afad33-9f2f-49de-bbb7-a17851e67542",
          "nodeType": "BotMessageNode",
          "id": "e1c61e27-dc94-43e4-a190-0ab7882d6512",
          "defaultTargetNodeId": "36c0d98e-62d9-4a6b-a361-2753fcca3bd5"
        },
        {
          "botMessageId": "6a7f9548-2627-4d8c-8cad-85c1a52fde8a",
          "nodeType": "BotMessageNode",
          "id": "36c0d98e-62d9-4a6b-a361-2753fcca3bd5",
          "defaultTargetNodeId": "38f7f834-98f2-4c82-b3b2-0fc30565b292"
        },
        {
          "botMessageId": "1f543d1d-0d56-4162-bf39-0a8d9c6e7452",
          "nodeType": "BotMessageNode",
          "id": "38f7f834-98f2-4c82-b3b2-0fc30565b292",
          "defaultTargetNodeId": "ff597b7c-9c91-4554-9488-6fc1afa953b5"
        },
        {
          "botMessageId": "9c950dde-eaf0-4acc-b644-5124f17ee7ab",
          "nodeType": "BotMessageNode",
          "id": "ff597b7c-9c91-4554-9488-6fc1afa953b5",
          "defaultTargetNodeId": "0023f416-d915-451a-9978-25b991ca9981"
        }
      ],
      "dialogChangeNodes": [
        {
          "targetDialogId": "new_topic_e2d1671328b941dbb60fa7150059b1ee_aeabea4d071f415c8c107e1cb7af5424_assumedsuccess",
          "nodeType": "DialogChangeNode",
          "id": "0023f416-d915-451a-9978-25b991ca9981"
        }
      ],
      "id": "new_topic_f0f79bac05964e0b94a01c84ece5518c",
      "displayName": "Dialog for Office需要網路嗎",
      "createdTime": "2021-11-17T13:48:19.4441356Z",
      "updatedTime": "2021-11-17T13:49:12.3806751Z",
      "createdUserId": "9c968d43-f7c2-4e28-895c-1f6bcefcd8be",
      "updatedUserId": "9c968d43-f7c2-4e28-895c-1f6bcefcd8be"
    }
  ],
  "botMessages": [
    {
      "channelContent": {
        "web": {
          "contentFormat": "Markdown",
          "content": "您不需要連線到網際網路就可以使用 Office 應用程式 (例如 Word、Excel 和 PowerPoint)，因為這些應用程式已完整安裝在您的電腦上。"
        }
      },
      "id": "6ef23efd-e992-444d-9905-52ffe866287a",
      "createdTime": "2021-11-17T13:48:19.4441356Z",
      "updatedTime": "2021-11-17T13:48:19.4441356Z",
      "createdUserId": "9c968d43-f7c2-4e28-895c-1f6bcefcd8be",
      "updatedUserId": "9c968d43-f7c2-4e28-895c-1f6bcefcd8be"
    },
    {
      "channelContent": {
        "web": {
          "contentFormat": "Markdown",
          "content": "Teams現在也支援離線模式。使用者可以瀏覽最近的聊天和頻道。也可以事先撰寫訊息。"
        }
      },
      "id": "2ec0382b-19cf-4790-b9ba-9926985c28d7",
      "createdTime": "2021-11-17T13:48:40.018Z",
      "updatedTime": "2021-11-17T13:48:40.018Z",
      "createdUserId": "user-0",
      "updatedUserId": "user-0"
    },
    {
      "channelContent": {
        "web": {
          "contentFormat": "Markdown",
          "content": "安裝 Office Suites 和使用 Microsoft 365 則需要網路。"
        }
      },
      "id": "55afad33-9f2f-49de-bbb7-a17851e67542",
      "createdTime": "2021-11-17T13:48:44.387Z",
      "updatedTime": "2021-11-17T13:48:44.387Z",
      "createdUserId": "user-0",
      "updatedUserId": "user-0"
    },
    {
      "channelContent": {
        "web": {
          "contentFormat": "Markdown",
          "content": "讀取存在 OneDrive 上的檔案也需要網路，除非您有安裝[OneDrive電腦版應用程式](https://go.microsoft.com/fwlink/p/?LinkID=403721)。"
        }
      },
      "id": "6a7f9548-2627-4d8c-8cad-85c1a52fde8a",
      "createdTime": "2021-11-17T13:48:48.06Z",
      "updatedTime": "2021-11-17T13:48:48.06Z",
      "createdUserId": "user-0",
      "updatedUserId": "user-0"
    },
    {
      "channelContent": {
        "web": {
          "contentFormat": "Markdown",
          "content": "還是建議您時常連線到網路以隨時更新Office。若超過31天沒連接到網路，您的應用程式將會進入精簡功能模式。"
        }
      },
      "id": "1f543d1d-0d56-4162-bf39-0a8d9c6e7452",
      "createdTime": "2021-11-17T13:48:52.924Z",
      "updatedTime": "2021-11-17T13:48:52.924Z",
      "createdUserId": "user-0",
      "updatedUserId": "user-0"
    },
    {
      "channelContent": {
        "web": {
          "contentFormat": "Markdown",
          "content": "精簡功能模式讓您只能檢視與列引文件，但不能編輯。\n\n您只需連接到網路便可重啟應用程式。"
        }
      },
      "id": "9c950dde-eaf0-4acc-b644-5124f17ee7ab",
      "createdTime": "2021-11-17T13:48:56.923Z",
      "updatedTime": "2021-11-17T13:48:56.923Z",
      "createdUserId": "user-0",
      "updatedUserId": "user-0"
    }
  ]
}