{
  "intents": [
    {
      "endUserOverrideName": "Tips voor Teams vergadering",
      "triggerQueries": [
        "Teams vergaderingen verbeteren",
        "Eenvoudige tips voor betere teams vergaderingen",
        "Vergader tips"
      ],
      "dialogId": "new_topic_dc9fccb3b8cf4feeb9195eb759e5d36f",
      "isTriggeringEnabled": true,
      "canTriggeringBeDisabled": true,
      "id": "new_topic_dc9fccb3b8cf4feeb9195eb759e5d36f",
      "displayName": "Tips voor Teams vergadering",
      "description": "",
      "createdTime": "2021-03-17T14:35:55.7330044Z",
      "updatedTime": "2021-03-17T14:35:55.7330044Z",
      "createdUserId": "c1e90dc0-1df0-459d-8164-0dcb7915deaf",
      "isManaged": false,
      "isCustomizable": true,
      "etag": "W/\"753010\"",
      "versionNumber": 753010,
      "componentId": "c3ca8614-2e87-eb11-a812-0022487fa415"
    }
  ],
  "dialogs": [
    {
      "rootNodeId": "010205f8-35a9-409f-8948-cc4eac59f1c1",
      "messageNodes": [
        {
          "botMessageId": "2255f122-7910-44ba-857b-e74cef4772af",
          "nodeType": "BotMessageNode",
          "id": "010205f8-35a9-409f-8948-cc4eac59f1c1",
          "defaultTargetNodeId": "e32bbb78-2057-4d4c-9151-1c575ede41a0"
        },
        {
          "botMessageId": "b147374a-3274-4f18-a8bc-81c8c67fb152",
          "nodeType": "BotMessageNode",
          "id": "e32bbb78-2057-4d4c-9151-1c575ede41a0",
          "defaultTargetNodeId": "ffa09cc6-bbb8-4b7f-9aa2-9824313a8545"
        },
        {
          "botMessageId": "f1c0b764-4f95-4a31-a9cb-37268381a51c",
          "nodeType": "BotMessageNode",
          "id": "ffa09cc6-bbb8-4b7f-9aa2-9824313a8545",
          "defaultTargetNodeId": "f25908a9-4d2d-4366-9837-c0e5f77bb578"
        }
      ],
      "dialogChangeNodes": [
        {
          "targetDialogId": "new_topic_9d295c394a47419da3b4d205b7ed4c20_aeabea4d071f415c8c107e1cb7af5424_assumedsuccess",
          "nodeType": "DialogChangeNode",
          "id": "f25908a9-4d2d-4366-9837-c0e5f77bb578"
        }
      ],
      "id": "new_topic_dc9fccb3b8cf4feeb9195eb759e5d36f",
      "displayName": "Dialog for Tips voor Teams vergadering",
      "createdTime": "2021-03-17T14:35:55.7330044Z",
      "updatedTime": "2021-03-17T14:42:01.9289472Z",
      "createdUserId": "c1e90dc0-1df0-459d-8164-0dcb7915deaf",
      "updatedUserId": "c1e90dc0-1df0-459d-8164-0dcb7915deaf",
      "versionNumber": 0,
      "componentId": "00000000-0000-0000-0000-000000000000"
    }
  ],
  "botMessages": [
    {
      "channelContent": {
        "web": {
          "contentFormat": "Markdown",
          "content": "Hier zijn enkele eenvoudige t[ips voor betere](https://support.microsoft.com/nl-nl/office/tips-f%C3%B6r-b%C3%A4ttre-m%C3%B6ten-80640ac4-b009-42ea-abcb-660e729e63e5) vergaderingen met Microsoft Teams."
        }
      },
      "id": "2255f122-7910-44ba-857b-e74cef4772af",
      "createdTime": "2021-03-17T14:35:55.7330044Z",
      "updatedTime": "2021-03-17T14:35:55.7330044Z",
      "createdUserId": "c1e90dc0-1df0-459d-8164-0dcb7915deaf",
      "updatedUserId": "c1e90dc0-1df0-459d-8164-0dcb7915deaf",
      "versionNumber": 0,
      "componentId": "00000000-0000-0000-0000-000000000000"
    },
    {
      "channelContent": {
        "web": {
          "contentFormat": "Markdown",
          "content": "Heeft u problemen met geluid en of beeld, dan heeft dat vaak te maken met de internet connectie. Probeer eens over te schakelen naar een hotspot van de telefoon."
        }
      },
      "id": "b147374a-3274-4f18-a8bc-81c8c67fb152",
      "createdTime": "2021-03-17T14:37:21.667Z",
      "updatedTime": "2021-03-17T14:37:21.667Z",
      "createdUserId": "user-0",
      "updatedUserId": "user-0",
      "versionNumber": 0,
      "componentId": "00000000-0000-0000-0000-000000000000"
    },
    {
      "channelContent": {
        "web": {
          "contentFormat": "Markdown",
          "content": "Je kunt de connectie ook verbeteren door inkomende video oproepen uit te schakelen door: op de **3 puntjes** te klikken tijdens de vergadering. Klik vervolgens onderaan: **inkomende video uitschakelen.**"
        }
      },
      "id": "f1c0b764-4f95-4a31-a9cb-37268381a51c",
      "createdTime": "2021-03-17T14:40:34.334Z",
      "updatedTime": "2021-03-17T14:40:34.334Z",
      "createdUserId": "user-0",
      "updatedUserId": "user-0",
      "versionNumber": 0,
      "componentId": "00000000-0000-0000-0000-000000000000"
    }
  ],
  "createdUtc": "0001-01-01T00:00:00Z"
}