{
  "intents": [
    {
      "endUserOverrideName": "Anzahl Meeting Teilnehmer",
      "triggerQueries": [
        "Anzahl Meeting Teilnehmer",
        "Maximale Anzahl von Personen in einem Meeting?",
        "Wie viele können an einer Meeting teilnehmen?",
        "Können wir große Meetings in Teams abhalten?",
        "Wieviele Teilnehmer können an einem Meeting teilnehmen?",
        "Wie hoch ist die Anzahl der Teilnehmer an einer Besprechung?",
        "Können wir große Besprechungen in Teams abhalten?",
        "Wie viele können wir in einer regelmäßigen Besprechung sein?",
        "Wie viele Personen passen in eine Besprechung?",
        "Wie viele Besprechungsteilnehmer sind das Maximum?",
        "Maximale Anzahl in einer Besprechung?",
        "Wie viele können wir in einem Team sein?",
        "Wie viele können an derselben Besprechung teilnehmen?",
        "Maximale Anzahl der Besprechungsteilnehmer?",
        "Wie hoch ist die Anzahl der Teilnehmer an Besprechungen?",
        "Max. Anzahl der Teilnehmer an einer Besprechung",
        "Wie viele können an einer Besprechung teilnehmen?",
        "Wie viele können an normalen Besprechungen teilnehmen?",
        "Maximale Anzahl von Personen in einer Besprechung?"
      ],
      "dialogId": "new_topic_b79a40dbea6242bb9a990554ac7c0b26",
      "isTriggeringEnabled": true,
      "id": "new_topic_b79a40dbea6242bb9a990554ac7c0b26",
      "displayName": "Wieviele Teilnehmer können an einer Besprechung teilnehmen?",
      "description": "",
      "createdTime": "2021-04-15T11:22:34.1333902Z",
      "updatedTime": "2021-04-21T18:24:14.9663295Z",
      "createdUserId": "d4c65e50-fb5c-4311-830a-05b59a11dd48",
      "updatedUserId": "86360cd1-faa6-4d16-8a0c-ba3116c8a977"
    }
  ],
  "dialogs": [
    {
      "rootNodeId": "f9207fc7-c2b8-41a4-9532-0c2caeb0d26d",
      "messageNodes": [
        {
          "botMessageId": "c898bac5-ae75-40e9-8a0c-c244d0716e74",
          "nodeType": "BotMessageNode",
          "id": "f9207fc7-c2b8-41a4-9532-0c2caeb0d26d",
          "defaultTargetNodeId": "6c92fac4-330c-4dc9-81ee-ae1de35593a4"
        },
        {
          "botMessageId": "3e33415c-f64f-4840-aa63-b8c0b33784b7",
          "nodeType": "BotMessageNode",
          "id": "6c92fac4-330c-4dc9-81ee-ae1de35593a4",
          "defaultTargetNodeId": "a6970e12-23ab-4473-a2da-3c6839c5506a"
        }
      ],
      "dialogChangeNodes": [
        {
          "targetDialogId": "new_topic_30867099f4b543d3b8543a85c22c3418_aeabea4d071f415c8c107e1cb7af5424_assumedsuccess",
          "nodeType": "DialogChangeNode",
          "id": "a6970e12-23ab-4473-a2da-3c6839c5506a"
        }
      ],
      "id": "new_topic_b79a40dbea6242bb9a990554ac7c0b26",
      "displayName": "Dialog for Wieviele Teilnehmer können an einer Besprechung teilnehmen?",
      "createdTime": "2021-04-15T11:22:34.1333902Z",
      "updatedTime": "2021-04-21T10:03:51.8380763Z",
      "createdUserId": "d4c65e50-fb5c-4311-830a-05b59a11dd48",
      "updatedUserId": "86360cd1-faa6-4d16-8a0c-ba3116c8a977"
    }
  ],
  "botMessages": [
    {
      "channelContent": {
        "web": {
          "contentFormat": "Markdown",
          "content": "[Die maximale Anzahl von Personen in einem regulären Teams-Meeting](https://docs.microsoft.com/de-de/microsoftteams/limits-specifications-teams) beträgt derzeit 300 (Anfang 2021).\n\n_Klicken Sie auf den Link um die neuesten Informationen zu erfahren. Das Limit wurde möglicherweise erhöht._"
        }
      },
      "id": "c898bac5-ae75-40e9-8a0c-c244d0716e74",
      "createdTime": "2021-04-15T11:22:34.1333902Z",
      "updatedTime": "2021-04-15T11:22:34.1333902Z",
      "createdUserId": "d4c65e50-fb5c-4311-830a-05b59a11dd48",
      "updatedUserId": "d4c65e50-fb5c-4311-830a-05b59a11dd48"
    },
    {
      "channelContent": {
        "web": {
          "contentFormat": "Markdown",
          "content": "Im Jahr 2021 wurde/wird das Limit auf [1.000 teilnehmende](https://www.microsoft.com/de-de/microsoft-365/roadmap?filters=&searchterms=65951) und bis zu [20.000 Zuschauende](https://www.microsoft.com/de-de/microsoft-365/roadmap?filters=&searchterms=65952) Personen im gleichen regulären Teams-Meeting erhöht.\n\nWenn das Limit für Teilnehmende erreicht ist, wird der nächste Teilnehmende automatisch ein Zuschauender."
        }
      },
      "id": "3e33415c-f64f-4840-aa63-b8c0b33784b7",
      "createdTime": "2021-04-15T11:22:47.866Z",
      "updatedTime": "2021-04-15T11:22:47.866Z",
      "createdUserId": "user-0",
      "updatedUserId": "user-0"
    }
  ]
}