{
  "intents": [
    {
      "endUserOverrideName": "Office internet toegang nodig?",
      "triggerQueries": [
        "heb ik wifi nodig voor office",
        "heb ik wifi nodig voor teams",
        "als mijn internet slecht is doet teams het dan",
        "kan ik in teams werken zonder internet",
        "ik heb geen internet kan ik dan nog steeds bij teams",
        "wat als ik geen internet heb, kan ik dan toch werken met office",
        "internet nodig voor office",
        "internet nodig voor documenten",
        "Heeft Office toegang tot internet nodig?"
      ],
      "dialogId": "new_topic_5bef2177a91142acbd3fc450924c0829",
      "isTriggeringEnabled": true,
      "id": "new_topic_5bef2177a91142acbd3fc450924c0829",
      "displayName": "Office internet toegang nodig?",
      "description": "",
      "createdTime": "2021-03-22T08:54:01.0510198Z",
      "updatedTime": "2021-03-29T21:28:20.3371655Z",
      "createdUserId": "c1e90dc0-1df0-459d-8164-0dcb7915deaf",
      "updatedUserId": "c1e90dc0-1df0-459d-8164-0dcb7915deaf"
    }
  ],
  "dialogs": [
    {
      "rootNodeId": "a6adead4-b345-46aa-86dd-647fa5a4077f",
      "messageNodes": [
        {
          "botMessageId": "c45e75cc-875b-48bb-9236-4214aa91a0e0",
          "nodeType": "BotMessageNode",
          "id": "a6adead4-b345-46aa-86dd-647fa5a4077f",
          "defaultTargetNodeId": "4f658b18-3d16-4b8c-a016-f2f141dd7f17"
        },
        {
          "botMessageId": "b1c2651d-ca0b-4f8e-ad9b-830985b4a857",
          "nodeType": "BotMessageNode",
          "id": "4f658b18-3d16-4b8c-a016-f2f141dd7f17",
          "defaultTargetNodeId": "2d775959-5279-4e5e-8213-28e9fb45a4e0"
        },
        {
          "botMessageId": "ac2a25fa-14aa-48bc-baf3-1d6699054db4",
          "nodeType": "BotMessageNode",
          "id": "2d775959-5279-4e5e-8213-28e9fb45a4e0",
          "defaultTargetNodeId": "8f90c086-02ac-41a7-be04-5d2e6859a03d"
        }
      ],
      "dialogChangeNodes": [
        {
          "targetDialogId": "new_topic_9d295c394a47419da3b4d205b7ed4c20_aeabea4d071f415c8c107e1cb7af5424_assumedsuccess",
          "nodeType": "DialogChangeNode",
          "id": "8f90c086-02ac-41a7-be04-5d2e6859a03d"
        }
      ],
      "id": "new_topic_5bef2177a91142acbd3fc450924c0829",
      "displayName": "Dialog for Office internet toegang nodig?",
      "createdTime": "2021-03-22T08:54:01.0510198Z",
      "updatedTime": "2021-03-29T21:28:44.3425817Z",
      "createdUserId": "c1e90dc0-1df0-459d-8164-0dcb7915deaf",
      "updatedUserId": "c1e90dc0-1df0-459d-8164-0dcb7915deaf"
    }
  ],
  "botMessages": [
    {
      "channelContent": {
        "web": {
          "contentFormat": "Markdown",
          "content": "U hoeft niet verbonden te zijn met internet om office-toepassingen te gebruiken, zoals Word, Excel en PowerPoint, omdat de toepassingen volledig op uw computer zijn geïnstalleerd."
        }
      },
      "id": "c45e75cc-875b-48bb-9236-4214aa91a0e0",
      "createdTime": "2021-03-22T08:54:01.0510198Z",
      "updatedTime": "2021-03-22T08:54:01.0510198Z",
      "createdUserId": "c1e90dc0-1df0-459d-8164-0dcb7915deaf",
      "updatedUserId": "c1e90dc0-1df0-459d-8164-0dcb7915deaf"
    },
    {
      "channelContent": {
        "web": {
          "contentFormat": "Markdown",
          "content": "Internettoegang is vereist om alle nieuwste edities van Office Suites en alle Office 365-abonnementen te installeren en te activeren. Toegang tot internet is ook vereist om toegang te krijgen tot documenten die zijn opgeslagen op OneDrive, tenzij u de [OneDrive-bureaubladapp installeert.](https://support.microsoft.com/nl-nl/office/onedrive-bureaublad-app-voor-eerdere-versies-van-windows-850703dd-ea56-4c7a-bff5-6c2e4da227cf?ui=nl-NL&rs=nl-NL&ad=NL#1TC=t1)"
        }
      },
      "id": "b1c2651d-ca0b-4f8e-ad9b-830985b4a857",
      "createdTime": "2021-03-22T08:54:12.969Z",
      "updatedTime": "2021-03-22T08:54:12.969Z",
      "createdUserId": "user-0",
      "updatedUserId": "user-0"
    },
    {
      "channelContent": {
        "web": {
          "contentFormat": "Markdown",
          "content": "U moet ook regelmatig verbinding maken met internet om uw versie van Office up-to-date te houden en te profiteren van automatische upgrades. Als u ten minste elke 31 dagen geen verbinding maakt met internet, worden uw toepassingen in de modus met beperkte functionaliteit weergegeven, wat betekent dat u uw documenten bekijken of afdrukken, maar de documenten niet bewerken of nieuwe documenten maken. To uw Office-toepassingen opnieuw activeren, maak gewoon opnieuw verbinding met internet."
        }
      },
      "id": "ac2a25fa-14aa-48bc-baf3-1d6699054db4",
      "createdTime": "2021-03-22T08:54:20.53Z",
      "updatedTime": "2021-03-22T08:54:20.53Z",
      "createdUserId": "user-0",
      "updatedUserId": "user-0"
    }
  ],
  "createdUtc": "0001-01-01T00:00:00Z"
}