{
  "intents": [
    {
      "endUserOverrideName": "mooie posts fotos",
      "triggerQueries": [
        "kan ik een afbeelding delen in een bericht",
        "kan ik een afbeelding uploaden bij mijn bericht",
        "hoe plaats ik een afbeelding bij mijn bericht",
        "Hoe maak ik mijn post mooi"
      ],
      "dialogId": "new_topic_ebdc00d64c704f29bf95a06d9092476d",
      "isTriggeringEnabled": true,
      "id": "new_topic_ebdc00d64c704f29bf95a06d9092476d",
      "displayName": "mooie posts",
      "description": "",
      "createdTime": "2021-03-22T19:31:24.9140165Z",
      "updatedTime": "2021-03-22T19:32:26.3106984Z",
      "createdUserId": "c1e90dc0-1df0-459d-8164-0dcb7915deaf"
    }
  ],
  "dialogs": [
    {
      "rootNodeId": "b66cb9f2-555b-453f-a3ee-eda14780f40f",
      "messageNodes": [
        {
          "botMessageId": "238322bc-2c4c-4f24-abb0-8ef2c02d937b",
          "nodeType": "BotMessageNode",
          "id": "b66cb9f2-555b-453f-a3ee-eda14780f40f",
          "defaultTargetNodeId": "05ff086c-41bf-4627-86af-98ce59fd0645"
        },
        {
          "botMessageId": "8d5bc1d7-88d0-426a-9da0-1968dfef87d0",
          "nodeType": "BotMessageNode",
          "id": "05ff086c-41bf-4627-86af-98ce59fd0645",
          "defaultTargetNodeId": "fc7a3a4c-483f-49dc-af55-64ae8276a563"
        }
      ],
      "dialogChangeNodes": [
        {
          "targetDialogId": "new_topic_9d295c394a47419da3b4d205b7ed4c20_aeabea4d071f415c8c107e1cb7af5424_assumedsuccess",
          "nodeType": "DialogChangeNode",
          "id": "fc7a3a4c-483f-49dc-af55-64ae8276a563"
        }
      ],
      "id": "new_topic_ebdc00d64c704f29bf95a06d9092476d",
      "displayName": "Dialog for mooie posts",
      "createdTime": "2021-03-22T19:31:24.9140165Z",
      "updatedTime": "2021-03-29T22:15:08.1860421Z",
      "createdUserId": "c1e90dc0-1df0-459d-8164-0dcb7915deaf",
      "updatedUserId": "c1e90dc0-1df0-459d-8164-0dcb7915deaf"
    }
  ],
  "botMessages": [
    {
      "channelContent": {
        "web": {
          "contentFormat": "Markdown",
          "content": "Je kunt foto's📷, emoji's, geanimeerde GIF's, stickers en meer toevoegen.\n\nJe een titel gebruiken om je bericht te laten opvallen. Het zal u helpen het later te vinden. ⭐"
        }
      },
      "id": "238322bc-2c4c-4f24-abb0-8ef2c02d937b",
      "createdTime": "2021-03-22T19:31:24.9140165Z",
      "updatedTime": "2021-03-22T19:31:24.9140165Z",
      "createdUserId": "c1e90dc0-1df0-459d-8164-0dcb7915deaf",
      "updatedUserId": "c1e90dc0-1df0-459d-8164-0dcb7915deaf"
    },
    {
      "channelContent": {
        "web": {
          "contentFormat": "Markdown",
          "content": "[Send an emoji, GIF, or sticker in Teams - Office Support (microsoft.com)](https://support.microsoft.com/en-us/office/send-an-emoji-gif-or-sticker-in-teams-174248c9-e64d-4de1-9f41-3199cc0751ad)"
        }
      },
      "id": "8d5bc1d7-88d0-426a-9da0-1968dfef87d0",
      "createdTime": "2021-03-22T19:32:20.295Z",
      "updatedTime": "2021-03-22T19:32:20.295Z",
      "createdUserId": "user-0",
      "updatedUserId": "user-0"
    }
  ],
  "createdUtc": "0001-01-01T00:00:00Z"
}