{
  "intents": [
    {
      "triggerQueries": [
        "Oppdater innlegget sendt i flere kanaler",
        "Oppdater kunngjøring som er sendt til flere kanaler",
        "Rediger et innlegg som er sendt til flere kanaler",
        "Kan jeg redigere en kunngjøring som er sendt til flere kanaler?",
        "Redigere et innlegg som er publisert i flere kanaler i Teams"
      ],
      "dialogId": "new_topic_6d48bfb81d0b40e0b8557f7d3bdc6e6b",
      "isTriggeringEnabled": true,
      "id": "new_topic_6d48bfb81d0b40e0b8557f7d3bdc6e6b",
      "displayName": "Redigere et innlegg som er publisert i flere kanaler i Teams",
      "description": "https://norwegianteams.blob.core.windows.net/norwegian-container/TIMA QA P19.docx",
      "createdTime": "2021-03-24T20:09:21.5452642Z",
      "updatedTime": "2021-04-06T18:23:15.0408997Z",
      "createdUserId": "ef0c8b9a-eff1-49f8-92fa-fd1d3e15e1ba",
      "updatedUserId": "ef0c8b9a-eff1-49f8-92fa-fd1d3e15e1ba"
    }
  ],
  "dialogs": [
    {
      "rootNodeId": "3c125473-b7d3-44b6-81a5-7554be37a1a9",
      "messageNodes": [
        {
          "botMessageId": "ae957cb3-a86d-4784-ac65-752ca4759689",
          "nodeType": "BotMessageNode",
          "id": "3c125473-b7d3-44b6-81a5-7554be37a1a9",
          "defaultTargetNodeId": "eea9b215-f9ca-4f02-9bb9-6634ca1ac3ff"
        },
        {
          "botMessageId": "27b5a9f6-f295-45f9-a940-71871b4f123a",
          "nodeType": "BotMessageNode",
          "id": "eea9b215-f9ca-4f02-9bb9-6634ca1ac3ff",
          "defaultTargetNodeId": "b6a42381-9acf-4781-9910-5a61d9f852d4"
        },
        {
          "botMessageId": "8d6969bc-4aa2-4b05-ab36-fc1b5b85ea25",
          "nodeType": "BotMessageNode",
          "id": "b6a42381-9acf-4781-9910-5a61d9f852d4",
          "defaultTargetNodeId": "f8853742-f498-4065-a456-9d371491f6b8"
        }
      ],
      "dialogChangeNodes": [
        {
          "targetDialogId": "new_topic_89c49d37fd4c4c1c9144396960733ce1_aeabea4d071f415c8c107e1cb7af5424_assumedsuccess",
          "nodeType": "DialogChangeNode",
          "id": "f8853742-f498-4065-a456-9d371491f6b8"
        }
      ],
      "id": "new_topic_6d48bfb81d0b40e0b8557f7d3bdc6e6b",
      "displayName": "Dialog for Redigere et innlegg som er publisert i flere kanaler i Teams",
      "createdTime": "2021-03-24T20:09:21.5452642Z",
      "updatedTime": "2021-04-06T18:23:04.916815Z",
      "createdUserId": "ef0c8b9a-eff1-49f8-92fa-fd1d3e15e1ba",
      "updatedUserId": "ef0c8b9a-eff1-49f8-92fa-fd1d3e15e1ba"
    }
  ],
  "botMessages": [
    {
      "channelContent": {
        "web": {
          "contentFormat": "Markdown",
          "content": "Du kan redigere det opprinnelige innlegget etter hverandre når som helst ved å velge **Flere alternativer…** i innlegget, og deretter velge **Rediger**."
        }
      },
      "id": "ae957cb3-a86d-4784-ac65-752ca4759689",
      "createdTime": "2021-03-24T20:09:21.5452642Z",
      "updatedTime": "2021-03-24T20:09:21.5452642Z",
      "createdUserId": "ef0c8b9a-eff1-49f8-92fa-fd1d3e15e1ba",
      "updatedUserId": "ef0c8b9a-eff1-49f8-92fa-fd1d3e15e1ba"
    },
    {
      "channelContent": {
        "web": {
          "contentFormat": "Markdown",
          "content": "Herfra kan du også legge til kanaler i **Legg inn i flere kanaler**, eller du kan fjerne kanaler fra listen. Velg **Legg inn i flere kanaler** > Velg kanaler for å finne en kanal du vil legge til. Hvis du vil fjerne en kanal, sletter du den bare fra **Til**\\-feltet."
        }
      },
      "id": "27b5a9f6-f295-45f9-a940-71871b4f123a",
      "createdTime": "2021-04-06T18:22:50.667Z",
      "updatedTime": "2021-04-06T18:22:50.667Z",
      "createdUserId": "user-0",
      "updatedUserId": "user-0"
    },
    {
      "channelContent": {
        "web": {
          "contentFormat": "Markdown",
          "content": "**Obs!:** Teameiere kan etablere regler for å kontrollere hvem som kan sende, reagere og svare på innlegg i en kanal."
        }
      },
      "id": "8d6969bc-4aa2-4b05-ab36-fc1b5b85ea25",
      "createdTime": "2021-04-06T18:22:57.67Z",
      "updatedTime": "2021-04-06T18:22:57.67Z",
      "createdUserId": "user-0",
      "updatedUserId": "user-0"
    }
  ],
  "createdUtc": "0001-01-01T00:00:00Z"
}