{
  "intents": [
    {
      "triggerQueries": [
        "Ile osób może dołączyć do spotkania Teams",
        "Limit Ilości uczestników spotkania",
        "Ilość osób w spotkaniu",
        "Ile osób może uczestniczyć w spotkaniu?"
      ],
      "dialogId": "new_topic_b1aac9278a1b42b1bc389bf0a8bda5cc",
      "isTriggeringEnabled": true,
      "id": "new_topic_b1aac9278a1b42b1bc389bf0a8bda5cc",
      "displayName": "Ile osób może uczestniczyć w spotkaniu?",
      "description": "",
      "createdTime": "2021-09-26T17:49:46.3094168Z",
      "updatedTime": "2021-10-24T20:06:20.5490123Z",
      "createdUserId": "28fac8cb-bec7-48c9-a688-5024cf318b8a",
      "updatedUserId": "28fac8cb-bec7-48c9-a688-5024cf318b8a"
    }
  ],
  "dialogs": [
    {
      "rootNodeId": "fa1690f7-4a3b-4493-929a-3c4ed2f93510",
      "messageNodes": [
        {
          "botMessageId": "18181026-eb01-4c3c-b544-9a9a3b802801",
          "nodeType": "BotMessageNode",
          "id": "fa1690f7-4a3b-4493-929a-3c4ed2f93510",
          "defaultTargetNodeId": "c6e37790-6dce-4095-982e-5db8fc981b8a"
        }
      ],
      "dialogChangeNodes": [
        {
          "targetDialogId": "new_topic_d4ee79ce05584b519ee7d416fda7e2a3_aeabea4d071f415c8c107e1cb7af5424_assumedsuccess",
          "nodeType": "DialogChangeNode",
          "id": "c6e37790-6dce-4095-982e-5db8fc981b8a"
        }
      ],
      "id": "new_topic_b1aac9278a1b42b1bc389bf0a8bda5cc",
      "displayName": "Dialog for Ile osób może uczestniczyć w spotkaniu?",
      "createdTime": "2021-09-26T17:49:46.3094168Z",
      "updatedTime": "2021-09-26T17:51:53.806759Z",
      "createdUserId": "28fac8cb-bec7-48c9-a688-5024cf318b8a",
      "updatedUserId": "28fac8cb-bec7-48c9-a688-5024cf318b8a"
    }
  ],
  "botMessages": [
    {
      "channelContent": {
        "web": {
          "contentFormat": "Markdown",
          "content": "[Maksymalna liczba osób w regularnym spotkaniu zespołów wynosi](https://docs.microsoft.com/pl-PL/microsoftteams/limits-specifications-teams#meetings-and-calls) 300. Zawsze klikaj na link, aby otrzymywać najnowsze wiadomości, ponieważ limit mógł zostać podniesiony.\n\n_W 2021   r. limit zwiększy się do_ [_1000 uczestników_](https://www.microsoft.com/pl-PL/microsoft-365/roadmap?filters=&searchterms=65951) _i do_ [_20 000 biernych widzów_](https://www.microsoft.com/pl-PL/microsoft-365/roadmap?filters=&searchterms=65952) _w tym samym regularnym spotkaniu zespołów._ _Po osiągnięciu limitu dla uczestników następny uczestnik automatycznie uzyskuje wrażenia z oglądania._ Ile osób może być w zespole?\n\n[Maksymalna liczba członków zespołu wynosi](https://docs.microsoft.com/pl-PL/microsoftteams/limits-specifications-teams#teams-and-channels)  obecnie 25 000 osób. Zawsze klikaj na link, aby otrzymywać najnowsze wiadomości, ponieważ limit mógł zostać podniesiony."
        }
      },
      "id": "18181026-eb01-4c3c-b544-9a9a3b802801",
      "createdTime": "2021-09-26T17:49:46.3094168Z",
      "updatedTime": "2021-09-26T17:49:46.3094168Z",
      "createdUserId": "28fac8cb-bec7-48c9-a688-5024cf318b8a",
      "updatedUserId": "28fac8cb-bec7-48c9-a688-5024cf318b8a"
    }
  ]
}