{
  "intents": [
    {
      "triggerQueries": [
        "Woher weiß ich, ob mein Gerät Office ausführen kann?",
        "funktioniert Office auf Ihrem Handy?",
        "funktioniert Office auf meinem Handy?",
        "Kann ich Office auf meinem Telefon verwenden?",
        "funktioniert Office auf meinem Gerät?",
        "Kann mein Gerät Office ausführen"
      ],
      "dialogId": "new_topic_e35c7466410040e4b99add13bfc81df4",
      "isTriggeringEnabled": true,
      "id": "new_topic_e35c7466410040e4b99add13bfc81df4",
      "displayName": "Woher weiß ich, ob mein Gerät Office ausführen kann?",
      "description": "",
      "createdTime": "2021-04-15T11:46:06.2089819Z",
      "updatedTime": "2021-04-15T11:46:06.2089819Z",
      "createdUserId": "d4c65e50-fb5c-4311-830a-05b59a11dd48"
    }
  ],
  "dialogs": [
    {
      "rootNodeId": "262daa4c-28a8-490f-860b-3654b6d1dcb5",
      "messageNodes": [
        {
          "botMessageId": "b75bddd9-bdb1-49d2-a468-d54ca4183403",
          "nodeType": "BotMessageNode",
          "id": "262daa4c-28a8-490f-860b-3654b6d1dcb5",
          "defaultTargetNodeId": "5c7b63d3-b386-42fc-9991-7f43931bf729"
        }
      ],
      "dialogChangeNodes": [
        {
          "targetDialogId": "new_topic_30867099f4b543d3b8543a85c22c3418_aeabea4d071f415c8c107e1cb7af5424_assumedsuccess",
          "nodeType": "DialogChangeNode",
          "id": "5c7b63d3-b386-42fc-9991-7f43931bf729"
        }
      ],
      "id": "new_topic_e35c7466410040e4b99add13bfc81df4",
      "displayName": "Dialog for Woher weiß ich, ob mein Gerät Office ausführen kann?",
      "createdTime": "2021-04-15T11:46:06.2089819Z",
      "updatedTime": "2021-04-15T11:47:02.096383Z",
      "createdUserId": "d4c65e50-fb5c-4311-830a-05b59a11dd48",
      "updatedUserId": "d4c65e50-fb5c-4311-830a-05b59a11dd48"
    }
  ],
  "botMessages": [
    {
      "channelContent": {
        "web": {
          "contentFormat": "Markdown",
          "content": "Office 365 ist kompatibel mit Windows, macOS, iPhone, Android.\n\nKompatible Versionen von Windows und macOS sowie andere Funktionsanforderungen finden Sie unter [Systemanforderungen](https://products.office.com/de-de/office-system-requirements)"
        }
      },
      "id": "b75bddd9-bdb1-49d2-a468-d54ca4183403",
      "createdTime": "2021-04-15T11:46:06.2089819Z",
      "updatedTime": "2021-04-15T11:46:06.2089819Z",
      "createdUserId": "d4c65e50-fb5c-4311-830a-05b59a11dd48",
      "updatedUserId": "d4c65e50-fb5c-4311-830a-05b59a11dd48"
    }
  ],
  "createdUtc": "0001-01-01T00:00:00Z"
}