{
  "intents": [
    {
      "triggerQueries": [
        "Teams 자세히 알아",
        "팀즈 디지털 교육",
        "Teams 디지털 교육",
        "Teams Online 교육",
        "Teams 온라인 교육",
        "팀즈 온라인 교육",
        "Teams 교육",
        "팀즈 교육",
        "Teams 비디오 교육",
        "Teams 동영상 교육",
        "팀즈 동영상 교육",
        "Microsoft 팀즈 비디오 학습 교육",
        "Microsoft Teams 비디오 학습 교육",
        "마이크로소프트 팀즈 비디오 학습 교육",
        "Teams에서 디지털 교육은 어디에서 찾을 수 있나요?"
      ],
      "dialogId": "new_topic_cf1567469ba64d9a890b29af807cb4c8",
      "isTriggeringEnabled": true,
      "id": "new_topic_cf1567469ba64d9a890b29af807cb4c8",
      "displayName": "Teams에서 디지털 교육은 어디에서 찾을 수 있나요?",
      "description": "https://adoptbotv2kb.blob.core.windows.net/%24web/adoptbot2021-Korean.docx",
      "createdTime": "2021-03-18T03:39:18.7476571Z",
      "updatedTime": "2021-04-03T10:15:09.9965631Z",
      "createdUserId": "e47109d8-0300-4e59-a90d-56bb29886c9e",
      "updatedUserId": "e47109d8-0300-4e59-a90d-56bb29886c9e"
    }
  ],
  "dialogs": [
    {
      "rootNodeId": "9ed061b4-5b91-4557-9cce-f19fa5206674",
      "messageNodes": [
        {
          "botMessageId": "ab9eee75-0d59-4f0d-8538-2a8b8dad9bd4",
          "nodeType": "BotMessageNode",
          "id": "9ed061b4-5b91-4557-9cce-f19fa5206674",
          "defaultTargetNodeId": "e9e664a8-b0df-47dc-8575-1645570f0c09"
        }
      ],
      "dialogChangeNodes": [
        {
          "targetDialogId": "new_topic_2bf23930c1d146129dfe38bacb94ccd0_aeabea4d071f415c8c107e1cb7af5424_assumedsuccess",
          "nodeType": "DialogChangeNode",
          "id": "e9e664a8-b0df-47dc-8575-1645570f0c09"
        }
      ],
      "id": "new_topic_cf1567469ba64d9a890b29af807cb4c8",
      "displayName": "Dialog for Teams에서 디지털 교육은 어디에서 찾을 수 있나요?",
      "createdTime": "2021-03-18T03:39:18.7476571Z",
      "updatedTime": "2021-04-03T10:15:02.8454084Z",
      "createdUserId": "e47109d8-0300-4e59-a90d-56bb29886c9e",
      "updatedUserId": "e47109d8-0300-4e59-a90d-56bb29886c9e"
    }
  ],
  "botMessages": [
    {
      "channelContent": {
        "web": {
          "contentFormat": "Markdown",
          "content": "여기에서 다음을 활용할 수 있습니다.\n\n[빠른 시작](https://support.office.com/ko-kr/article/video-what-is-microsoft-teams-422bf3aa-9ae8-46f1-83a2-e65720e1a34d?wt.mc_id=otc_microsoft_teams)\n\n[Microsoft Teams을 위한 비디오 교육](https://support.microsoft.com/ko-kr/office/microsoft-teams-video-training-4f108e54-240b-4351-8084-b1089f0d21d7?ui=en-US&rs=en-US&ad=US)"
        }
      },
      "id": "ab9eee75-0d59-4f0d-8538-2a8b8dad9bd4",
      "createdTime": "2021-03-18T03:39:18.7476571Z",
      "updatedTime": "2021-03-18T03:39:18.7476571Z",
      "createdUserId": "e47109d8-0300-4e59-a90d-56bb29886c9e",
      "updatedUserId": "e47109d8-0300-4e59-a90d-56bb29886c9e"
    }
  ],
  "createdUtc": "0001-01-01T00:00:00Z"
}