{
  "intents": [
    {
      "endUserOverrideName": "Kanal informasjon",
      "triggerQueries": [
        "Hvor finner jeg informasjon om kanalen",
        "Se informasjoner om kanalen",
        "Finn kanal informasjon",
        "Hvordan finner jeg kanal informasjon?"
      ],
      "dialogId": "new_topic_d15bbefa5318491e864e2473701a5cd5",
      "isTriggeringEnabled": true,
      "canTriggeringBeDisabled": true,
      "id": "new_topic_d15bbefa5318491e864e2473701a5cd5",
      "displayName": "Hvordan finner jeg kanal informasjon?",
      "description": "https://norwegianteams.blob.core.windows.net/norwegian-container/TIMA QA P19.docx",
      "createdTime": "2021-03-24T20:09:21.5452642Z",
      "updatedTime": "2021-03-26T12:31:16.4131979Z",
      "createdUserId": "ef0c8b9a-eff1-49f8-92fa-fd1d3e15e1ba",
      "updatedUserId": "ef0c8b9a-eff1-49f8-92fa-fd1d3e15e1ba",
      "isManaged": false,
      "isCustomizable": true,
      "etag": "W/\"1878423\"",
      "versionNumber": 1878423,
      "componentId": "5062b2e4-dc8c-eb11-a812-000d3a9d9016"
    }
  ],
  "dialogs": [
    {
      "rootNodeId": "66eae877-3460-46e7-8c79-e440dc823ab0",
      "messageNodes": [
        {
          "botMessageId": "aec5b43f-f665-487a-9653-4978b7d7eb3d",
          "nodeType": "BotMessageNode",
          "id": "66eae877-3460-46e7-8c79-e440dc823ab0",
          "defaultTargetNodeId": "5669ea78-2346-4585-b5e6-5aa20f79abbe"
        },
        {
          "botMessageId": "96ae4445-5505-4297-a9c5-4e5b9e6e4edb",
          "nodeType": "BotMessageNode",
          "id": "5669ea78-2346-4585-b5e6-5aa20f79abbe",
          "defaultTargetNodeId": "b60d8a5a-7a1d-4ed8-92bd-d2283ac9e5da"
        }
      ],
      "dialogChangeNodes": [
        {
          "targetDialogId": "new_topic_89c49d37fd4c4c1c9144396960733ce1_aeabea4d071f415c8c107e1cb7af5424_assumedsuccess",
          "nodeType": "DialogChangeNode",
          "id": "b60d8a5a-7a1d-4ed8-92bd-d2283ac9e5da"
        }
      ],
      "id": "new_topic_d15bbefa5318491e864e2473701a5cd5",
      "displayName": "Dialog for Hvordan finner jeg kanalinformasjon?",
      "createdTime": "2021-03-24T20:09:21.5452642Z",
      "updatedTime": "2021-03-26T12:31:09.0889633Z",
      "createdUserId": "ef0c8b9a-eff1-49f8-92fa-fd1d3e15e1ba",
      "updatedUserId": "ef0c8b9a-eff1-49f8-92fa-fd1d3e15e1ba",
      "versionNumber": 0,
      "componentId": "00000000-0000-0000-0000-000000000000"
    }
  ],
  "botMessages": [
    {
      "channelContent": {
        "web": {
          "contentFormat": "Markdown",
          "content": "Hvis du vil se informasjon om viktige kanaler på et øyeblikk, velger du **i-ikonet** i øvre høyre hjørne. En rute åpnes til høyre for kanalen der du finner informasjon, inkludert en kanal beskrivelse, oversikt over medlemmer, nylige bidragsytere, festede innlegg og oppdateringer."
        }
      },
      "id": "aec5b43f-f665-487a-9653-4978b7d7eb3d",
      "createdTime": "2021-03-24T20:09:21.5452642Z",
      "updatedTime": "2021-03-24T20:09:21.5452642Z",
      "createdUserId": "ef0c8b9a-eff1-49f8-92fa-fd1d3e15e1ba",
      "updatedUserId": "ef0c8b9a-eff1-49f8-92fa-fd1d3e15e1ba",
      "versionNumber": 0,
      "componentId": "00000000-0000-0000-0000-000000000000"
    },
    {
      "channelContent": {
        "web": {
          "contentFormat": "Markdown",
          "content": "Hvis du vil lukke ruten, velger du **i-ikonet** på nytt."
        }
      },
      "id": "96ae4445-5505-4297-a9c5-4e5b9e6e4edb",
      "createdTime": "2021-03-26T12:31:00.469Z",
      "updatedTime": "2021-03-26T12:31:00.469Z",
      "createdUserId": "user-0",
      "updatedUserId": "user-0",
      "versionNumber": 0,
      "componentId": "00000000-0000-0000-0000-000000000000"
    }
  ],
  "createdUtc": "0001-01-01T00:00:00Z"
}