{
  "intents": [
    {
      "triggerQueries": [
        "사용자 자신 개인 고유 컨퍼런스 ID",
        "사용자 개인 컨퍼런스 ID",
        "사용자가 개인 컨퍼런스 ID를 받을 수 있습니까?"
      ],
      "dialogId": "new_topic_9d02370d331740659d9fa1d72271bb27",
      "isTriggeringEnabled": true,
      "id": "new_topic_9d02370d331740659d9fa1d72271bb27",
      "displayName": "사용자가 개인 컨퍼런스 ID를 받을 수 있습니까?",
      "description": "https://adoptbotv2kb.blob.core.windows.net/%24web/adoptbot2021-Korean.docx",
      "createdTime": "2021-03-18T03:39:18.7456548Z",
      "updatedTime": "2021-04-09T05:41:31.6145217Z",
      "createdUserId": "e47109d8-0300-4e59-a90d-56bb29886c9e",
      "updatedUserId": "e47109d8-0300-4e59-a90d-56bb29886c9e"
    }
  ],
  "dialogs": [
    {
      "rootNodeId": "f37579c3-cbff-45a4-8368-b50355bec880",
      "messageNodes": [
        {
          "botMessageId": "18d095f1-77cb-46cb-a470-5037b03e765d",
          "nodeType": "BotMessageNode",
          "id": "f37579c3-cbff-45a4-8368-b50355bec880",
          "defaultTargetNodeId": "797299f7-2611-4c96-9b6f-7b4acf804cb7"
        }
      ],
      "dialogChangeNodes": [
        {
          "targetDialogId": "new_topic_2bf23930c1d146129dfe38bacb94ccd0_aeabea4d071f415c8c107e1cb7af5424_assumedsuccess",
          "nodeType": "DialogChangeNode",
          "id": "797299f7-2611-4c96-9b6f-7b4acf804cb7"
        }
      ],
      "id": "new_topic_9d02370d331740659d9fa1d72271bb27",
      "displayName": "Dialog for 사용자가 개인 컨퍼런스 ID를 받을 수 있습니까?",
      "createdTime": "2021-03-18T03:39:18.7456548Z",
      "updatedTime": "2021-03-18T03:39:18.7456548Z",
      "createdUserId": "e47109d8-0300-4e59-a90d-56bb29886c9e",
      "updatedUserId": "e47109d8-0300-4e59-a90d-56bb29886c9e"
    }
  ],
  "botMessages": [
    {
      "channelContent": {
        "web": {
          "contentFormat": "Markdown",
          "content": "Microsoft Teams 사용자는 컨퍼런스 ID가 무작위로 할당되며, 그들만 사용할 수 있는 고정된 컨퍼런스 ID를 예약하거나 설정할 수 없습니다."
        }
      },
      "id": "18d095f1-77cb-46cb-a470-5037b03e765d",
      "createdTime": "2021-03-18T03:39:18.7456548Z",
      "updatedTime": "2021-03-18T03:39:18.7456548Z",
      "createdUserId": "e47109d8-0300-4e59-a90d-56bb29886c9e",
      "updatedUserId": "e47109d8-0300-4e59-a90d-56bb29886c9e"
    }
  ],
  "createdUtc": "0001-01-01T00:00:00Z"
}