{
  "intents": [
    {
      "triggerQueries": [
        "Hva skjer dersom jeg slår av møtechatten?",
        "Hva skjer dersom jeg deaktiverer chat i møte?",
        "Deaktiver chat i møte",
        "Tillat chat i møte",
        "Deaktiver møtechatten",
        "Fjern møtechatten",
        "Skru av møtechatten",
        "Slå av møtechatten"
      ],
      "dialogId": "new_topic_93fc0e0497b74a8498b500658dd225e4",
      "isTriggeringEnabled": true,
      "id": "new_topic_93fc0e0497b74a8498b500658dd225e4",
      "displayName": "Slå av møtechatten",
      "description": "",
      "createdTime": "2021-04-10T07:19:53.128057Z",
      "updatedTime": "2021-04-10T07:21:57.7953677Z",
      "createdUserId": "ef0c8b9a-eff1-49f8-92fa-fd1d3e15e1ba",
      "updatedUserId": "ef0c8b9a-eff1-49f8-92fa-fd1d3e15e1ba"
    }
  ],
  "dialogs": [
    {
      "rootNodeId": "a482ec7a-bcc4-4bed-a7ff-a66747892ec7",
      "messageNodes": [
        {
          "botMessageId": "9f106585-9382-4cca-93b7-c31bd85a0ffd",
          "nodeType": "BotMessageNode",
          "id": "a482ec7a-bcc4-4bed-a7ff-a66747892ec7",
          "defaultTargetNodeId": "740fa2fe-1b29-427d-92a2-e3447bd4c77b"
        },
        {
          "botMessageId": "99733819-822a-476c-9682-3ee04dd5754c",
          "nodeType": "BotMessageNode",
          "id": "740fa2fe-1b29-427d-92a2-e3447bd4c77b",
          "defaultTargetNodeId": "696900cf-ade9-4823-8155-9286796e94fe"
        }
      ],
      "dialogChangeNodes": [
        {
          "targetDialogId": "new_topic_89c49d37fd4c4c1c9144396960733ce1_aeabea4d071f415c8c107e1cb7af5424_assumedsuccess",
          "nodeType": "DialogChangeNode",
          "id": "696900cf-ade9-4823-8155-9286796e94fe"
        }
      ],
      "id": "new_topic_93fc0e0497b74a8498b500658dd225e4",
      "displayName": "Dialog for Slå av møtechatten",
      "createdTime": "2021-04-10T07:19:53.128057Z",
      "updatedTime": "2021-04-10T07:20:54.8199118Z",
      "createdUserId": "ef0c8b9a-eff1-49f8-92fa-fd1d3e15e1ba",
      "updatedUserId": "ef0c8b9a-eff1-49f8-92fa-fd1d3e15e1ba"
    }
  ],
  "botMessages": [
    {
      "channelContent": {
        "web": {
          "contentFormat": "Markdown",
          "content": "Du kan slå av møtechatten i møter for å holde fokus på temaet eller i møter med gjestedeltakere for å hindre deltakere i å dele konfidensiell informasjon ved et uhell."
        }
      },
      "id": "9f106585-9382-4cca-93b7-c31bd85a0ffd",
      "createdTime": "2021-04-10T07:19:53.128057Z",
      "updatedTime": "2021-04-10T07:19:53.128057Z",
      "createdUserId": "ef0c8b9a-eff1-49f8-92fa-fd1d3e15e1ba",
      "updatedUserId": "ef0c8b9a-eff1-49f8-92fa-fd1d3e15e1ba"
    },
    {
      "channelContent": {
        "web": {
          "contentFormat": "Markdown",
          "content": "Det finnes tre alternativer for denne innstillingen:\n\n*   **Aktivert** (standard): Deltakere kan chatte før, under og etter møtet.\n*   **Deaktivert:** Ingen, inkludert arrangøren, kan sende chattemeldinger.\n*   **Bare under møtet:** Deltakere kan chatte under møtet. Arrangøren kan sende meldinger når som helst."
        }
      },
      "id": "99733819-822a-476c-9682-3ee04dd5754c",
      "createdTime": "2021-04-10T07:20:31.886Z",
      "updatedTime": "2021-04-10T07:20:31.886Z",
      "createdUserId": "user-0",
      "updatedUserId": "user-0"
    }
  ],
  "createdUtc": "0001-01-01T00:00:00Z"
}