{
  "intents": [
    {
      "triggerQueries": [
        "Hur flyttar jag en chatt till egen ruta?",
        "multipla chattfönster",
        "Öppna flera chattar samtidigt",
        "Chatta med någon i separat fönster",
        "kan man ha flera fönster i Teams?",
        "Öppna chatt i nytt fönster",
        "öppna chatt i nya fönster",
        "Poppa ut en chatt",
        "Flera chattfönster samtidigt?",
        "Aktivera pop-out chatt?"
      ],
      "dialogId": "new_topic_50ce3418d6ad4105b25a95d88d8a9aa2",
      "isTriggeringEnabled": true,
      "id": "new_topic_50ce3418d6ad4105b25a95d88d8a9aa2",
      "displayName": "Aktivera pop-out chatt?",
      "description": "",
      "createdTime": "2020-11-24T14:37:53.8230909Z",
      "updatedTime": "2020-12-14T13:53:50.966964Z",
      "createdUserId": "f04d3cd9-b73d-4ba9-a1ed-9319eba29b21",
      "updatedUserId": "f04d3cd9-b73d-4ba9-a1ed-9319eba29b21"
    }
  ],
  "dialogs": [
    {
      "rootNodeId": "41a7afe2-95cc-484f-81ed-13118b5a70c2",
      "messageNodes": [
        {
          "botMessageId": "61da7fc9-b740-463b-9f11-dcf7f6a75025",
          "nodeType": "BotMessageNode",
          "id": "41a7afe2-95cc-484f-81ed-13118b5a70c2",
          "defaultTargetNodeId": "c5bb6514-7885-41d8-aa8f-d5dc824b72b9"
        }
      ],
      "dialogChangeNodes": [
        {
          "targetDialogId": "new_topic_84ec227c19784e7ba25cb34f4638f91e_aeabea4d071f415c8c107e1cb7af5424_assumedsuccess",
          "nodeType": "DialogChangeNode",
          "id": "c5bb6514-7885-41d8-aa8f-d5dc824b72b9"
        }
      ],
      "id": "new_topic_50ce3418d6ad4105b25a95d88d8a9aa2",
      "displayName": "Dialog for Aktivera pop-out chatt?",
      "createdTime": "2020-11-24T14:37:53.8230909Z",
      "updatedTime": "2020-11-24T14:37:53.8230909Z",
      "createdUserId": "f04d3cd9-b73d-4ba9-a1ed-9319eba29b21",
      "updatedUserId": "f04d3cd9-b73d-4ba9-a1ed-9319eba29b21"
    }
  ],
  "botMessages": [
    {
      "channelContent": {
        "web": {
          "contentFormat": "Markdown",
          "content": "Du kan omedelbart poppa ut din 1:1 chatt eller gruppchatt i separata fönster.\r\n\r\nSen kan du ändra storlek, flytta om eller stänga fönstret som du vill. Det är ett bra sätt att få mycket gjort när du är i ett möte eller i ett samtal. OBS!\r\n\r\nDu kan nyttja pop-out för flera konversationer, men inte kopior av samma chatt.\r\n\r\n[”Poppa ut” en chatt i Teams](https://support.microsoft.com/sv-se/office/pop-out-a-chat-in-teams-cff95cb0-34af-423f-8f69-fe9106973790)"
        }
      },
      "id": "61da7fc9-b740-463b-9f11-dcf7f6a75025",
      "createdTime": "2020-11-24T14:37:53.8230909Z",
      "updatedTime": "2020-11-24T14:37:53.8230909Z",
      "createdUserId": "f04d3cd9-b73d-4ba9-a1ed-9319eba29b21",
      "updatedUserId": "f04d3cd9-b73d-4ba9-a1ed-9319eba29b21"
    }
  ]
}