{
  "intents": [
    {
      "triggerQueries": [
        "walkietalkie i teams",
        "føre opp timer",
        "Microsoft teams shift app",
        "Hvordan bruker man Shift?",
        "Kan jeg importere en eksisterende excel fil i skift?",
        "Kan jeg legge til notater til ansatte i skift?",
        "Lagres timeplanen automatisk i skift appen?",
        "Hvordan kopierer jeg en timeplan i skift?",
        "Bruk av skift i Teams",
        "Hvordan bruker jeg skift i Teams?",
        "Kan jeg bruke Teams for å administrere timeplaner?",
        "Hva heter verktøy for timeføring i Teams?",
        "Hva er skift i Teams?"
      ],
      "dialogId": "new_topic_5af59a444b8349068dffafea00ffff42",
      "isTriggeringEnabled": true,
      "id": "new_topic_5af59a444b8349068dffafea00ffff42",
      "displayName": "Hva er \"Skift\" i Teams?",
      "description": "",
      "createdTime": "2021-04-12T14:22:26.6961492Z",
      "updatedTime": "2021-04-19T22:39:44.4106723Z",
      "createdUserId": "ef0c8b9a-eff1-49f8-92fa-fd1d3e15e1ba",
      "updatedUserId": "ef0c8b9a-eff1-49f8-92fa-fd1d3e15e1ba"
    }
  ],
  "dialogs": [
    {
      "rootNodeId": "9337e7a5-c192-4073-9b41-e50bacfca727",
      "messageNodes": [
        {
          "botMessageId": "40ddd6ed-2784-4269-a2a3-23461fcf9ace",
          "nodeType": "BotMessageNode",
          "id": "9337e7a5-c192-4073-9b41-e50bacfca727",
          "defaultTargetNodeId": "01b5ba79-6a63-441a-95ad-e5e43f06c8e7"
        },
        {
          "botMessageId": "bd3ffad3-f1a3-45dc-9e64-f8086a37267c",
          "nodeType": "BotMessageNode",
          "id": "694be7aa-1bdd-43da-8379-a985fa9fd0c6",
          "defaultTargetNodeId": "497645d4-e869-48b0-8631-cda921795c24"
        },
        {
          "botMessageId": "49bef65c-5631-4542-a9fa-3d8a55b7be9f",
          "nodeType": "BotMessageNode",
          "id": "01b5ba79-6a63-441a-95ad-e5e43f06c8e7",
          "defaultTargetNodeId": "694be7aa-1bdd-43da-8379-a985fa9fd0c6"
        },
        {
          "botMessageId": "cce60c21-32be-4f6d-a703-6dd953ce3e62",
          "nodeType": "BotMessageNode",
          "id": "497645d4-e869-48b0-8631-cda921795c24",
          "defaultTargetNodeId": "44d745e2-36a2-4a46-bb01-e857bfe09b96"
        }
      ],
      "dialogChangeNodes": [
        {
          "targetDialogId": "new_topic_89c49d37fd4c4c1c9144396960733ce1_aeabea4d071f415c8c107e1cb7af5424_assumedsuccess",
          "nodeType": "DialogChangeNode",
          "id": "44d745e2-36a2-4a46-bb01-e857bfe09b96"
        }
      ],
      "id": "new_topic_5af59a444b8349068dffafea00ffff42",
      "displayName": "Dialog for Hva er skift i Teams?",
      "createdTime": "2021-04-12T14:22:26.6961492Z",
      "updatedTime": "2021-04-19T22:38:35.9003192Z",
      "createdUserId": "ef0c8b9a-eff1-49f8-92fa-fd1d3e15e1ba",
      "updatedUserId": "ef0c8b9a-eff1-49f8-92fa-fd1d3e15e1ba"
    }
  ],
  "botMessages": [
    {
      "channelContent": {
        "web": {
          "contentFormat": "Markdown",
          "content": "[**Skift** i Teams](https://support.microsoft.com/nb-no/office/what-is-shifts-f8efe6e4-ddb3-4d23-b81b-bb812296b821) (_\"Shift\" på engelsk_) er et timeplanleggingsverktøy som hjelper deg med å opprette, oppdatere og administrere timeplaner for teamet ditt."
        }
      },
      "id": "40ddd6ed-2784-4269-a2a3-23461fcf9ace",
      "createdTime": "2021-04-12T14:22:26.6961492Z",
      "updatedTime": "2021-04-12T14:22:26.6961492Z",
      "createdUserId": "ef0c8b9a-eff1-49f8-92fa-fd1d3e15e1ba",
      "updatedUserId": "ef0c8b9a-eff1-49f8-92fa-fd1d3e15e1ba"
    },
    {
      "channelContent": {
        "web": {
          "contentFormat": "Markdown",
          "content": "📅 Skift består av:\n\n*   **Timeplan** – Opprett en ny timeplan eller importer en eksisterende en fra Excel. I Skift vises en timeplan for dager øverst mens gruppemedlemmer vises til venstre. Hvis du er eier av flere team, bytter du mellom forskjellige tidsplaner i Skift for å administrere dem.\n*   **Forespørsler** – Se gjennom forespørsler om fri eller bytting av timer.\n*   **Dagnotater** – Legg til notater for å dele viktige nyheter og påminnelser for en bestemt dag.\n*   **Grupper** – Navngi en gruppe som en jobbfunksjon, deretter legger du til personer i en gruppe.\n*   **Skift** – Velg et spor som skal tilordnes et skift. Opprett ny eller kopier fra en eksisterende en – og ikke glem å legge til aktiviteter som opplæring eller en bestemt oppgave. Legg til åpne skift i tidsplanen som alle kan be om.\n*   **Stemple inn** – Lar gruppen stemple inn og ut av skift med en mobilenhet. Aktiver gjenkjenning av sted for å sikre at gruppemedlemmer stempler inn fra et angitt arbeidssted.\n*   **Del med gruppen** – Når du redigerer en timeplan lagres den automatisk. Du kan dele disse endringene med en gruppe om du vil.\n*   **Eksporter eller kopier timeplan** – Ta en titt på timeplanen i et regneark ved å eksportere det til Excel. Hvis du må bruke en tidsplan på nytt, kan du kopiere den til det datointervallet du vil bruke."
        }
      },
      "id": "bd3ffad3-f1a3-45dc-9e64-f8086a37267c",
      "createdTime": "2021-04-12T14:22:47.721Z",
      "updatedTime": "2021-04-12T14:22:47.721Z",
      "createdUserId": "user-0",
      "updatedUserId": "user-0"
    },
    {
      "channelContent": {
        "web": {
          "contentFormat": "Markdown",
          "content": "[Her er en 1 min video som viser hvordan Skift ser ut i praksis 🎬](https://support.microsoft.com/nb-no/office/shifts-for-firstline-workers-74f47ad2-7b6a-4605-8cf4-2b6ceb1cdcae) ."
        }
      },
      "id": "49bef65c-5631-4542-a9fa-3d8a55b7be9f",
      "createdTime": "2021-04-19T22:28:43.308Z",
      "updatedTime": "2021-04-19T22:28:43.308Z",
      "createdUserId": "user-0",
      "updatedUserId": "user-0"
    },
    {
      "channelContent": {
        "web": {
          "contentFormat": "Markdown",
          "content": "Skift er tilgjengelig både på mobil og datamaskin.\n\n**Les mer om Skift:**\n\n*   [Kom i gang med Skift (mobil)](https://support.microsoft.com/nb-no/office/komme-i-gang-med-skift-5f3e30d8-1821-4904-be26-c3cd25a497d6#ID0EAABAAA=Mobil)\n*   [Kom i gang med Skift (datamaskin)](https://support.microsoft.com/nb-no/office/komme-i-gang-med-skift-5f3e30d8-1821-4904-be26-c3cd25a497d6#ID0EAABAAA=Skrivebord)\n*   [Kom i gang med Skift Walkietalkie](https://support.microsoft.com/nb-no/office/kom-i-gang-med-teams-walkietalkie-25bdc3d5-bbb2-41b7-89bf-650fae0c8e0c?ui=nb-NO&rs=nb-NO&ad=NO)\n*   [Skift for ledere](https://support.microsoft.com/nb-no/office/skift-for-ledere-29a6726d-0152-45cd-8bfc-393e2229608e)"
        }
      },
      "id": "cce60c21-32be-4f6d-a703-6dd953ce3e62",
      "createdTime": "2021-04-19T22:32:22.62Z",
      "updatedTime": "2021-04-19T22:32:22.62Z",
      "createdUserId": "user-0",
      "updatedUserId": "user-0"
    }
  ],
  "createdUtc": "0001-01-01T00:00:00Z"
}