{
  "intents": [
    {
      "endUserOverrideName": "Camera werkt niet",
      "triggerQueries": [
        "mijn camera werkt niet goed",
        "mijn video laat de verkeerde kant zien",
        "hoe krijg ik mijn camera aan de praat",
        "mijn video werkt niet",
        "ik zie mijn video niet",
        "ik zie mijn camera niet",
        "niemand ziet mijn camera",
        "mijn collega's zien mijn camera niet",
        "mijn video doet het niet",
        "hoe krijg ik mijn camera werkend",
        "mijn camera doet het niet",
        "mijn collega's zien mijn camera niet",
        "hoe krijg ik mijn camera aan",
        "hoe krijg ik mijn video aan",
        "ik krijg mijn camera niet aan",
        "ik zie mijn video niet",
        "Mijn camera doet het niet"
      ],
      "dialogId": "new_topic_cd5d43220d3b4da3866cb72ef63e70ba",
      "isTriggeringEnabled": true,
      "id": "new_topic_cd5d43220d3b4da3866cb72ef63e70ba",
      "displayName": "Camera werkt niet",
      "description": "",
      "createdTime": "2021-03-22T20:48:08.8530225Z",
      "updatedTime": "2021-03-29T19:49:49.3345524Z",
      "createdUserId": "c1e90dc0-1df0-459d-8164-0dcb7915deaf",
      "updatedUserId": "c1e90dc0-1df0-459d-8164-0dcb7915deaf"
    }
  ],
  "dialogs": [
    {
      "rootNodeId": "3c2a6ea4-0415-4a7e-ac0d-f1ca840db985",
      "messageNodes": [
        {
          "botMessageId": "88ff654f-7ebe-47b7-8931-96d9ddbe8546",
          "nodeType": "BotMessageNode",
          "id": "3c2a6ea4-0415-4a7e-ac0d-f1ca840db985",
          "defaultTargetNodeId": "baf168d1-1a25-4e39-ba51-fd44bc626f33"
        },
        {
          "botMessageId": "ee5e56da-a528-4d89-affc-7ac84d18b520",
          "nodeType": "BotMessageNode",
          "id": "baf168d1-1a25-4e39-ba51-fd44bc626f33",
          "defaultTargetNodeId": "8cd45518-4732-499e-b181-78030a0ad70d"
        }
      ],
      "dialogChangeNodes": [
        {
          "targetDialogId": "new_topic_9d295c394a47419da3b4d205b7ed4c20_aeabea4d071f415c8c107e1cb7af5424_assumedsuccess",
          "nodeType": "DialogChangeNode",
          "id": "8cd45518-4732-499e-b181-78030a0ad70d"
        }
      ],
      "id": "new_topic_cd5d43220d3b4da3866cb72ef63e70ba",
      "displayName": "Dialog for Camera werkt niet",
      "createdTime": "2021-03-22T20:48:08.8530225Z",
      "updatedTime": "2021-03-26T17:20:30.7626191Z",
      "createdUserId": "c1e90dc0-1df0-459d-8164-0dcb7915deaf",
      "updatedUserId": "c1e90dc0-1df0-459d-8164-0dcb7915deaf"
    }
  ],
  "botMessages": [
    {
      "channelContent": {
        "web": {
          "contentFormat": "Markdown",
          "content": "[Bekijk alle tips & tricks](https://support.microsoft.com/nl-nl/office/mijn-camera-werkt-niet-in-teams-9581983b-c6f9-40e3-b0d8-122857972ade)  \n[Mijn camera werkt niet in Teams - Office-ondersteuning (microsoft.com)](https://support.microsoft.com/nl-nl/office/mijn-camera-werkt-niet-in-teams-9581983b-c6f9-40e3-b0d8-122857972ade)"
        }
      },
      "id": "88ff654f-7ebe-47b7-8931-96d9ddbe8546",
      "createdTime": "2021-03-22T20:48:35.37Z",
      "updatedTime": "2021-03-22T20:48:35.37Z",
      "createdUserId": "user-0",
      "updatedUserId": "user-0"
    },
    {
      "channelContent": {
        "web": {
          "contentFormat": "Markdown",
          "content": "**Opmerking:** Het kan aan je browser liggen. Microsoft Teams biedt geen ondersteuning Internet Explorer 11 beginnen met 30 november 2020. [Meer informatie](https://aka.ms/AA97tsw). Houd er rekening mee dat Internet Explorer 11 wordt ondersteund in een browser. Internet Explorer 11 is een onderdeel van het Windows-besturingssysteem en volgt het [Lifecycle-beleid](https://docs.microsoft.com/lifecycle/faq/internet-explorer-microsoft-edge) voor het product waarop het is geïnstalleerd."
        }
      },
      "id": "ee5e56da-a528-4d89-affc-7ac84d18b520",
      "createdTime": "2021-03-26T17:20:23.953Z",
      "updatedTime": "2021-03-26T17:20:23.953Z",
      "createdUserId": "user-0",
      "updatedUserId": "user-0"
    }
  ],
  "createdUtc": "0001-01-01T00:00:00Z"
}