{
  "intents": [
    {
      "endUserOverrideName": "Add guests to a team",
      "triggerQueries": [
        "I want to invite guests to a team",
        "is guest access disabled?",
        "How to add guests to teams",
        "How to add guests to a team?",
        "How do I invite externals to join our team",
        "adding external people to a team",
        "How to add guests?",
        "Can I add people outside my organization to a team?",
        "How do I add a guest to a team?",
        "add external members to a team",
        "How do I add someone outside my organization to a team?",
        "why can't I invite guests?",
        "can't add guests",
        "Add guests to a team?",
        "do we have guest access in Teams?",
        "I can't invite guests!",
        "How do I add guests to my team?"
      ],
      "dialogId": "new_topic_4b1b624f302b46eebe15409499f71e5f",
      "isTriggeringEnabled": true,
      "id": "new_topic_4b1b624f302b46eebe15409499f71e5f",
      "displayName": "How do I add guests to a team?",
      "description": "https://adoptbotv2kb.blob.core.windows.net/%24web/AdoptBot2021-English.docx",
      "createdTime": "2021-01-13T22:20:51.2381463Z",
      "updatedTime": "2021-01-27T10:43:10.9819949Z",
      "createdUserId": "f04d3cd9-b73d-4ba9-a1ed-9319eba29b21",
      "updatedUserId": "f04d3cd9-b73d-4ba9-a1ed-9319eba29b21"
    }
  ],
  "dialogs": [
    {
      "rootNodeId": "de21a7b9-7202-47f3-966a-6ef15b4f9b5c",
      "messageNodes": [
        {
          "botMessageId": "c89763ac-fc1f-4cde-8c7d-9bd55bbbb378",
          "nodeType": "BotMessageNode",
          "id": "3fe5855a-f19c-4399-b956-c38b045f33e8",
          "defaultTargetNodeId": "a250da58-2570-4943-8917-0d520157b919"
        },
        {
          "botMessageId": "ea350e19-d57d-4514-aedb-2ed0d412bacc",
          "nodeType": "BotMessageNode",
          "id": "de21a7b9-7202-47f3-966a-6ef15b4f9b5c",
          "defaultTargetNodeId": "34ff7f3c-a349-4810-9ca1-d8e346191992"
        },
        {
          "botMessageId": "543ef491-e651-48df-b58d-84e8314f401a",
          "nodeType": "BotMessageNode",
          "id": "d32f9ceb-34a8-4248-b579-53532118e6d7",
          "defaultTargetNodeId": "d59cc81d-3003-4028-8051-7caf8cd8e460"
        },
        {
          "botMessageId": "e57ac592-6ecf-4646-88fb-37b6b66e0a38",
          "nodeType": "BotMessageNode",
          "id": "34ff7f3c-a349-4810-9ca1-d8e346191992",
          "defaultTargetNodeId": "3fe5855a-f19c-4399-b956-c38b045f33e8"
        },
        {
          "botMessageId": "bc0c00c2-8051-4e6f-864b-295571626318",
          "nodeType": "BotMessageNode",
          "id": "a250da58-2570-4943-8917-0d520157b919",
          "defaultTargetNodeId": "d32f9ceb-34a8-4248-b579-53532118e6d7"
        }
      ],
      "dialogChangeNodes": [
        {
          "targetDialogId": "new_topic_eac3f49c99664313a9d9dc19d80a79a2_aeabea4d071f415c8c107e1cb7af5424_assumedsuccess",
          "nodeType": "DialogChangeNode",
          "id": "d59cc81d-3003-4028-8051-7caf8cd8e460"
        }
      ],
      "id": "new_topic_4b1b624f302b46eebe15409499f71e5f",
      "displayName": "Dialog for How do guests join a team?",
      "createdTime": "2021-01-13T22:20:51.2381463Z",
      "updatedTime": "2021-01-27T10:46:02.7720238Z",
      "createdUserId": "f04d3cd9-b73d-4ba9-a1ed-9319eba29b21",
      "updatedUserId": "f04d3cd9-b73d-4ba9-a1ed-9319eba29b21"
    }
  ],
  "botMessages": [
    {
      "channelContent": {
        "web": {
          "contentFormat": "Markdown",
          "content": "[**Add a guest to your team**](https://support.microsoft.com/en-us/office/add-guests-to-a-team-in-teams-fccb4fa6-f864-4508-bdde-256e7384a14f?ui=en-US&rs=en-US&ad=US)\n\n1.  Select **Teams** and find your team in the team list.\n2.  Select **More options** (...)\n3.  Select **Add** **Members**\n4.  Enter the guest's email and select add X as guest.\n5.  Click the pen icon to give your guest a friendly name like \"First Name Last Name\" **before** you click **Add**."
        }
      },
      "id": "c89763ac-fc1f-4cde-8c7d-9bd55bbbb378",
      "createdTime": "2021-01-13T22:20:51.2381463Z",
      "updatedTime": "2021-01-13T22:20:51.2381463Z",
      "createdUserId": "f04d3cd9-b73d-4ba9-a1ed-9319eba29b21",
      "updatedUserId": "f04d3cd9-b73d-4ba9-a1ed-9319eba29b21"
    },
    {
      "channelContent": {
        "web": {
          "contentFormat": "Markdown",
          "content": "**If you're a team owner**, you can invite external guests to your team."
        }
      },
      "id": "ea350e19-d57d-4514-aedb-2ed0d412bacc",
      "createdTime": "2021-01-27T09:37:57.429Z",
      "updatedTime": "2021-01-27T09:37:57.429Z",
      "createdUserId": "user-0",
      "updatedUserId": "user-0"
    },
    {
      "channelContent": {
        "web": {
          "contentFormat": "Markdown",
          "content": "  \nWhen you have guests on your team, you might be curious to know [what your guest can do](https://support.microsoft.com/en-us/office/team-owner-member-and-guest-capabilities-in-teams-d03fdf5b-1a6e-48e4-8e07-b13e1350ec7b) while they're here or what [settings you can change for your guests](https://support.microsoft.com/en-us/office/set-guest-permissions-for-channels-in-teams-4756c468-2746-4bfd-a582-736d55fcc169)."
        }
      },
      "id": "543ef491-e651-48df-b58d-84e8314f401a",
      "createdTime": "2021-01-27T09:38:09.761Z",
      "updatedTime": "2021-01-27T09:38:09.761Z",
      "createdUserId": "user-0",
      "updatedUserId": "user-0"
    },
    {
      "channelContent": {
        "web": {
          "contentFormat": "Markdown",
          "content": "_**Note:** If you receive an error while trying to add a guest, your organization doesn't allow guests._"
        }
      },
      "id": "e57ac592-6ecf-4646-88fb-37b6b66e0a38",
      "createdTime": "2021-01-27T09:41:20.764Z",
      "updatedTime": "2021-01-27T09:41:20.764Z",
      "createdUserId": "user-0",
      "updatedUserId": "user-0"
    },
    {
      "channelContent": {
        "web": {
          "contentFormat": "Markdown",
          "content": "💡 **Tip:** _Be nice to your guests._  \n_A friendly name like \"First Name Last Name\" also allows you to @mention guests by name._"
        }
      },
      "id": "bc0c00c2-8051-4e6f-864b-295571626318",
      "createdTime": "2021-01-27T10:18:47.787Z",
      "updatedTime": "2021-01-27T10:18:47.787Z",
      "createdUserId": "user-0",
      "updatedUserId": "user-0"
    }
  ]
}