{
  "intents": [
    {
      "triggerQueries": [
        "impedire ai bot di inviare notifiche",
        "disinstallare un bot",
        "bloccare un chatbot",
        "bloccare un bot",
        "bloccare un robot",
        "Voglio smettere di parlare con un bot",
        "rimozione di un chatbot",
        "Impedire a un bot di parlarti",
        "come posso prevenire che risponda un bot?",
        "smetti di ricevere notifiche dal bot in Teams",
        "Come faccio a bloccare un bot?"
      ],
      "dialogId": "new_topic_1be32cce12d041cc98da53f7984986fe",
      "isTriggeringEnabled": true,
      "id": "new_topic_1be32cce12d041cc98da53f7984986fe",
      "displayName": "Come faccio a bloccare un bot?",
      "createdTime": "2022-04-28T12:06:29.26369Z",
      "updatedTime": "2022-04-28T12:06:29.26369Z",
      "createdUserId": "9451fc51-e00d-4445-8ff9-efb70866dc3b",
      "updatedUserId": "9451fc51-e00d-4445-8ff9-efb70866dc3b"
    }
  ],
  "dialogs": [
    {
      "rootNodeId": "a356208b-2f87-49b0-a3ce-4b5d739a90c9",
      "messageNodes": [
        {
          "botMessageId": "d97839f8-b3b8-4fba-8422-4c50e3a2051c",
          "nodeType": "BotMessageNode",
          "id": "a356208b-2f87-49b0-a3ce-4b5d739a90c9",
          "defaultTargetNodeId": "d393764a-3840-43f0-868f-474ee9d747bd"
        }
      ],
      "dialogChangeNodes": [
        {
          "targetDialogId": "new_topic_f98a24608ee04cb998de3e3e32703d5b_aeabea4d071f415c8c107e1cb7af5424_assumedsuccess",
          "nodeType": "DialogChangeNode",
          "id": "d393764a-3840-43f0-868f-474ee9d747bd"
        }
      ],
      "id": "new_topic_1be32cce12d041cc98da53f7984986fe",
      "displayName": "Senza titolo",
      "createdTime": "2022-04-28T12:06:29.26369Z",
      "updatedTime": "2022-04-28T12:06:29.26369Z",
      "createdUserId": "9451fc51-e00d-4445-8ff9-efb70866dc3b",
      "updatedUserId": "9451fc51-e00d-4445-8ff9-efb70866dc3b"
    }
  ],
  "botMessages": [
    {
      "channelContent": {
        "web": {
          "contentFormat": "Markdown",
          "content": "Se sei stanco di chattare con un bot, rilassati. C'è una soluzione semplice qui: @bloccare o rimuovere un [bot in Teams](https://support.microsoft.com/it-it/office/block-or-remove-a-bot-in-teams-28c13adc-f647-4448-81d9-985ba6c17b98)"
        }
      },
      "id": "d97839f8-b3b8-4fba-8422-4c50e3a2051c",
      "createdTime": "2022-04-28T12:01:20.794Z",
      "updatedTime": "2022-04-28T12:01:20.794Z"
    }
  ]
}