{
  "intents": [
    {
      "endUserOverrideName": "Inspelning av Teamsmöte",
      "triggerQueries": [
        "Kan jag få det inspelade mötet transkriberat?",
        "Kan jag spela in ett möte i Teams?",
        "Hur spelar jag in mötet i Teams?",
        "Inspelning av möten i Teams?"
      ],
      "dialogId": "new_topic_4906861606cc443ca533312d22a0c740",
      "isTriggeringEnabled": true,
      "id": "new_topic_4906861606cc443ca533312d22a0c740",
      "displayName": "Inspelning av möten i Teams?",
      "description": "https://intranat.helsingborg.se/wp-content/uploads/2020/11/svenska-fracc8agor-till-adoptbot-pva.docx",
      "createdTime": "2020-11-24T14:37:53.8230909Z",
      "updatedTime": "2020-12-10T10:40:02.5504329Z",
      "createdUserId": "f04d3cd9-b73d-4ba9-a1ed-9319eba29b21",
      "updatedUserId": "844fcc91-8b17-49d9-9824-79f412da094a"
    }
  ],
  "dialogs": [
    {
      "rootNodeId": "ff25a6d4-d687-4fa3-8600-39d9a7f8c9a6",
      "messageNodes": [
        {
          "botMessageId": "2767deee-5c0e-4112-8fbc-afc3699d8407",
          "nodeType": "BotMessageNode",
          "id": "ff25a6d4-d687-4fa3-8600-39d9a7f8c9a6",
          "defaultTargetNodeId": "ed78e62f-7d08-479f-a4da-156abf9c5279"
        }
      ],
      "dialogChangeNodes": [
        {
          "targetDialogId": "new_topic_84ec227c19784e7ba25cb34f4638f91e_aeabea4d071f415c8c107e1cb7af5424_assumedsuccess",
          "nodeType": "DialogChangeNode",
          "id": "ed78e62f-7d08-479f-a4da-156abf9c5279"
        }
      ],
      "id": "new_topic_4906861606cc443ca533312d22a0c740",
      "displayName": "Dialog for Inspelning av möten i Teams?",
      "createdTime": "2020-11-24T14:37:53.8230909Z",
      "updatedTime": "2020-11-24T14:37:53.8230909Z",
      "createdUserId": "f04d3cd9-b73d-4ba9-a1ed-9319eba29b21",
      "updatedUserId": "f04d3cd9-b73d-4ba9-a1ed-9319eba29b21"
    }
  ],
  "botMessages": [
    {
      "channelContent": {
        "web": {
          "contentFormat": "Markdown",
          "content": "I Microsoft Teams kan du spela in dina Teams-möten och gruppsamtal för att fånga ljud, video och skärmdelningsaktivitet. Det finns också ett alternativ för inspelningar att ha automatisk transkription, så att användarna kan spela upp mötesinspelningar med textning och söka efter viktiga diskussionsobjekt i avskriften. OBS! Inspelning måste startas manuellt, annars sparas ingenting i ett Teamsmöte utöver ev. text i chatt.\r\n\r\nSe den här artikeln för detaljer: [Mötesinspelning](https://docs.microsoft.com/sv-se/microsoftteams/cloud-recording) i Teams"
        }
      },
      "id": "2767deee-5c0e-4112-8fbc-afc3699d8407",
      "createdTime": "2020-11-24T14:37:53.8230909Z",
      "updatedTime": "2020-11-24T14:37:53.8230909Z",
      "createdUserId": "f04d3cd9-b73d-4ba9-a1ed-9319eba29b21",
      "updatedUserId": "f04d3cd9-b73d-4ba9-a1ed-9319eba29b21"
    }
  ]
}