{
  "intents": [
    {
      "endUserOverrideName": "audio conferenties",
      "triggerQueries": [
        "Wat is het voordeel van een telefoon conferentie?",
        "Waarom staat er een Teams telefoonnummer",
        "Hoezo bel je naar een Teams telefoonnummer",
        "Wanneer bel je naar het Teams telefoonnummer",
        "Wat zijn de voordelen van audioconferenties?",
        "Wat zijn de voordelen van telefoonconferenties",
        "Wat zijn de voordelen van telefoonconferenties (audioconferenties)?"
      ],
      "dialogId": "new_topic_4a32de59e7f5456a884a3b97eb241c13",
      "isTriggeringEnabled": true,
      "id": "new_topic_4a32de59e7f5456a884a3b97eb241c13",
      "displayName": "Wat zijn de voordelen van telefoonconferenties (audioconferenties)?",
      "description": "",
      "createdTime": "2021-03-22T20:15:56.2737385Z",
      "updatedTime": "2021-03-29T20:31:03.8374462Z",
      "createdUserId": "c1e90dc0-1df0-459d-8164-0dcb7915deaf",
      "updatedUserId": "c1e90dc0-1df0-459d-8164-0dcb7915deaf"
    }
  ],
  "dialogs": [
    {
      "rootNodeId": "81b69bda-73f9-4673-a0d4-88b9d8ba6dc5",
      "messageNodes": [
        {
          "botMessageId": "fabea548-51b4-4f54-9056-348d5da27b99",
          "nodeType": "BotMessageNode",
          "id": "81b69bda-73f9-4673-a0d4-88b9d8ba6dc5",
          "defaultTargetNodeId": "f6635f45-5cb9-4175-937d-19f6d72fbd85"
        },
        {
          "botMessageId": "3126cd2e-8734-42fc-9b73-e4853f47af96",
          "nodeType": "BotMessageNode",
          "id": "f6635f45-5cb9-4175-937d-19f6d72fbd85",
          "defaultTargetNodeId": "fe0679d5-df6d-4e61-9aa5-85fe840b1c53"
        },
        {
          "botMessageId": "d21c75f6-6178-48cd-b933-8eb1488cf20a",
          "nodeType": "BotMessageNode",
          "id": "fe0679d5-df6d-4e61-9aa5-85fe840b1c53",
          "defaultTargetNodeId": "57888eca-5217-4d76-809d-a5b539f28d17"
        }
      ],
      "dialogChangeNodes": [
        {
          "targetDialogId": "new_topic_9d295c394a47419da3b4d205b7ed4c20_aeabea4d071f415c8c107e1cb7af5424_assumedsuccess",
          "nodeType": "DialogChangeNode",
          "id": "57888eca-5217-4d76-809d-a5b539f28d17"
        }
      ],
      "id": "new_topic_4a32de59e7f5456a884a3b97eb241c13",
      "displayName": "Dialog for Wat zijn de voordelen van telefoonconferenties (audioconferenties)?",
      "createdTime": "2021-03-22T20:15:56.2737385Z",
      "updatedTime": "2021-03-22T20:18:01.7571658Z",
      "createdUserId": "c1e90dc0-1df0-459d-8164-0dcb7915deaf",
      "updatedUserId": "c1e90dc0-1df0-459d-8164-0dcb7915deaf"
    }
  ],
  "botMessages": [
    {
      "channelContent": {
        "web": {
          "contentFormat": "Markdown",
          "content": "Bellen naar vergaderingen is erg handig wanneer mensen bijvoorbeeld onderweg zijn en niet kunnen deelnemen aan een vergadering met de Microsoft Teams-app op hun laptop of mobiele apparaten."
        }
      },
      "id": "fabea548-51b4-4f54-9056-348d5da27b99",
      "createdTime": "2021-03-22T20:15:56.2737385Z",
      "updatedTime": "2021-03-22T20:15:56.2737385Z",
      "createdUserId": "c1e90dc0-1df0-459d-8164-0dcb7915deaf",
      "updatedUserId": "c1e90dc0-1df0-459d-8164-0dcb7915deaf"
    },
    {
      "channelContent": {
        "web": {
          "contentFormat": "Markdown",
          "content": "Maar er zijn andere scenario's waarin het gebruik van een telefoon om een Microsoft Teams-vergadering bij te wonen een betere optie kan zijn dan het gebruik van een app op een computer: de internetverbinding is beperkt, een vergadering is alleen audio, hij noemt de kwaliteit beter als ze inbellen en mensen kunnen handsfree deelnemen aan een vergadering via Bluetooth-apparaten.\n\nSommige mensen kan vinden is het makkelijker en handiger voor hun situatie."
        }
      },
      "id": "3126cd2e-8734-42fc-9b73-e4853f47af96",
      "createdTime": "2021-03-22T20:17:36.145Z",
      "updatedTime": "2021-03-22T20:17:36.145Z",
      "createdUserId": "user-0",
      "updatedUserId": "user-0"
    },
    {
      "channelContent": {
        "web": {
          "contentFormat": "Markdown",
          "content": "[Een telefoonnummer bellen vanuit Teams - Office-ondersteuning (microsoft.com)](https://support.microsoft.com/nl-nl/office/een-telefoonnummer-bellen-vanuit-teams-20d24ace-2851-4c29-8441-30dd2a5cf078)"
        }
      },
      "id": "d21c75f6-6178-48cd-b933-8eb1488cf20a",
      "createdTime": "2021-03-22T20:17:51.581Z",
      "updatedTime": "2021-03-22T20:17:51.581Z",
      "createdUserId": "user-0",
      "updatedUserId": "user-0"
    }
  ],
  "createdUtc": "0001-01-01T00:00:00Z"
}