{
  "intents": [
    {
      "endUserOverrideName": "查看或關注頻道",
      "triggerQueries": [
        "What are the steps to view a channel?",
        "how do I view a channel?",
        "how do I follow a channel?",
        "Get updates from a channel?",
        "I want to see a channel!",
        "can you follow channels?",
        "follow different channels?",
        "Show only certain channels?",
        "Where is the option to view a channel?",
        "How do I view or follow a channel?",
        "查看頻道的步驟是什麼？",
        "如何查看頻道？",
        "如何關注頻道？",
        "從頻道獲取更新？",
        "我想看一個頻道！",
        "可以關注頻道嗎？",
        "可以關注多個頻道嗎？",
        "只顯示特定頻道？",
        "查看頻道的選項在哪裡？",
        "如何查看或關注頻道？"
      ],
      "dialogId": "new_topic_485195a9556f4322aab0520e9e9f9a5e",
      "isTriggeringEnabled": true,
      "id": "new_topic_485195a9556f4322aab0520e9e9f9a5e",
      "displayName": "如何查看或關注頻道？",
      "description": "https://adoptbotv2kb.blob.core.windows.net/%24web/AdoptBot2021-English.docx",
      "createdTime": "2021-11-17T04:18:10.3811939Z",
      "updatedTime": "2021-11-17T04:18:25.4134485Z",
      "createdUserId": "9c968d43-f7c2-4e28-895c-1f6bcefcd8be",
      "updatedUserId": "9c968d43-f7c2-4e28-895c-1f6bcefcd8be"
    }
  ],
  "dialogs": [
    {
      "rootNodeId": "a224b1f8-7ad0-4c1a-9430-686db59b5d1a",
      "messageNodes": [
        {
          "botMessageId": "973bf37c-7d98-481e-ac3e-508ff75c2345",
          "nodeType": "BotMessageNode",
          "id": "a224b1f8-7ad0-4c1a-9430-686db59b5d1a",
          "defaultTargetNodeId": "8c07d742-4846-4fa2-82d0-b0edee8e7547"
        }
      ],
      "dialogChangeNodes": [
        {
          "targetDialogId": "new_topic_e2d1671328b941dbb60fa7150059b1ee_aeabea4d071f415c8c107e1cb7af5424_assumedsuccess",
          "nodeType": "DialogChangeNode",
          "id": "8c07d742-4846-4fa2-82d0-b0edee8e7547"
        }
      ],
      "id": "new_topic_485195a9556f4322aab0520e9e9f9a5e",
      "displayName": "Dialog for 如何查看或關注頻道？",
      "createdTime": "2021-11-17T04:18:10.3811939Z",
      "updatedTime": "2021-11-17T04:18:25.4134485Z",
      "createdUserId": "9c968d43-f7c2-4e28-895c-1f6bcefcd8be",
      "updatedUserId": "9c968d43-f7c2-4e28-895c-1f6bcefcd8be"
    }
  ],
  "botMessages": [
    {
      "channelContent": {
        "web": {
          "contentFormat": "Markdown",
          "content": "點選頻道名稱，選擇**更多選項**(...) > **顯示**。"
        }
      },
      "id": "973bf37c-7d98-481e-ac3e-508ff75c2345",
      "createdTime": "2021-11-17T04:18:10.3811939Z",
      "updatedTime": "2021-11-17T04:18:10.3811939Z",
      "createdUserId": "9c968d43-f7c2-4e28-895c-1f6bcefcd8be",
      "updatedUserId": "9c968d43-f7c2-4e28-895c-1f6bcefcd8be"
    }
  ]
}