{
  "intents": [
    {
      "intentType": "Regular",
      "endUserOverrideName": "",
      "triggerQueries": [
        "livehändelser systemkrav?",
        "Live Events (livehändelse) systemkrav?",
        "Vilka är systemkraven för Teams Livehändelser?",
        "Live Events systemkrav?"
      ],
      "dialogId": "new_topic_9bc686bae10c4db18e9f09f1eb421f0f",
      "isTriggeringEnabled": true,
      "id": "new_topic_9bc686bae10c4db18e9f09f1eb421f0f",
      "displayName": "Live Events (livehändelse) systemkrav?",
      "description": "",
      "createdTime": "2020-11-24T14:37:53.8230909Z",
      "updatedTime": "2020-12-14T14:21:02.8271398Z",
      "createdUserId": "f04d3cd9-b73d-4ba9-a1ed-9319eba29b21",
      "updatedUserId": "f04d3cd9-b73d-4ba9-a1ed-9319eba29b21"
    }
  ],
  "dialogs": [
    {
      "rootNodeId": "3741c910-f5b6-4497-851e-a976f9675db9",
      "messageNodes": [
        {
          "botMessageId": "17b107e9-d862-4f98-b085-ef84555d1116",
          "nodeType": "BotMessageNode",
          "id": "3741c910-f5b6-4497-851e-a976f9675db9",
          "defaultTargetNodeId": "732015d0-00fb-4d25-a8e6-8f5bdc84d46d"
        }
      ],
      "dialogChangeNodes": [
        {
          "targetDialogId": "new_topic_84ec227c19784e7ba25cb34f4638f91e_aeabea4d071f415c8c107e1cb7af5424_assumedsuccess",
          "nodeType": "DialogChangeNode",
          "id": "732015d0-00fb-4d25-a8e6-8f5bdc84d46d"
        }
      ],
      "id": "new_topic_9bc686bae10c4db18e9f09f1eb421f0f",
      "displayName": "Dialog for Live Events systemkrav?",
      "createdTime": "2020-11-24T14:37:53.8230909Z",
      "updatedTime": "2020-12-14T14:21:19.5446631Z",
      "createdUserId": "f04d3cd9-b73d-4ba9-a1ed-9319eba29b21",
      "updatedUserId": "f04d3cd9-b73d-4ba9-a1ed-9319eba29b21"
    }
  ],
  "botMessages": [
    {
      "channelContent": {
        "web": {
          "contentFormat": "Markdown",
          "content": "**Operativsystem som stöds:**\n\nWindows 7 och senare (32-bitars och 64-bitars), macOSX 10.10 och\n\nsenare.\n\n**Mobila operativsystem som stöds:**\n\nAndroid 4.4 och senare, iOS 10 och senare\n\n**Webbläsare som stöds:**\n\nMicrosoft Edge RS2 och senare, Chrome (senaste 3 versionerna), Firefox (senaste 3 versionerna), Internet Explorer 11, Safari."
        }
      },
      "id": "17b107e9-d862-4f98-b085-ef84555d1116",
      "createdTime": "2020-11-24T14:37:53.8230909Z",
      "updatedTime": "2020-11-24T14:37:53.8230909Z",
      "createdUserId": "f04d3cd9-b73d-4ba9-a1ed-9319eba29b21",
      "updatedUserId": "f04d3cd9-b73d-4ba9-a1ed-9319eba29b21"
    }
  ]
}