{
  "intents": [
    {
      "endUserOverrideName": "OneDrive離線存取",
      "triggerQueries": [
        "沒上網",
        "沒有網路讀取檔案",
        "OneDrive 離線中的檔案可以存取嗎？",
        "我在 OneDrive 中保存的檔案可以離線存取嗎？",
        "我可以在 OneDrive 離線存取我的文檔嗎？",
        "我可以離線存取檔案嗎？",
        "沒有 Wifi， 我可以在 OneDrive 上存取文件嗎？",
        "OneDrive 中的文件可離線存取？",
        "OneDrive 中的文件是離線的嗎？",
        "我在 OneDrive 中保存的文件可以離線存取嗎？",
        "Are files in OneDrive Offline accessible?",
        "Are my saved documents in OneDrive available offline?",
        "Can I access my documents in onedrive offline?",
        "Can I access documents without a connection?",
        "Can I access documents in ondrive without Wifi?",
        "documents in OneDrive available offline?",
        "Are files in OneDrive offline?",
        "Are my saved documents in OneDrive also available offline?"
      ],
      "dialogId": "new_topic_e81a2d472eac48c29eadb1859375a2d2",
      "isTriggeringEnabled": true,
      "id": "new_topic_e81a2d472eac48c29eadb1859375a2d2",
      "displayName": "我在 OneDrive 中保存的文件可以離線存取嗎？",
      "description": "https://adoptbotv2kb.blob.core.windows.net/%24web/AdoptBot2021-English.docx",
      "createdTime": "2021-11-17T13:50:31.8574002Z",
      "updatedTime": "2021-11-18T17:34:47.4575732Z",
      "createdUserId": "9c968d43-f7c2-4e28-895c-1f6bcefcd8be",
      "updatedUserId": "9c968d43-f7c2-4e28-895c-1f6bcefcd8be"
    }
  ],
  "dialogs": [
    {
      "rootNodeId": "b68ab305-f918-4bb7-ad1e-15224290c104",
      "messageNodes": [
        {
          "botMessageId": "9fb282b6-0606-4c22-aa53-34748b128c1b",
          "nodeType": "BotMessageNode",
          "id": "b68ab305-f918-4bb7-ad1e-15224290c104",
          "defaultTargetNodeId": "5e04d350-5015-487a-b047-72d2e850d484"
        },
        {
          "botMessageId": "4bbfd225-8ae9-45d2-825d-e9e250d05efc",
          "nodeType": "BotMessageNode",
          "id": "5e04d350-5015-487a-b047-72d2e850d484",
          "defaultTargetNodeId": "d4be1f57-f9dd-4705-913d-38b319f1ff01"
        }
      ],
      "dialogChangeNodes": [
        {
          "targetDialogId": "new_topic_e2d1671328b941dbb60fa7150059b1ee_aeabea4d071f415c8c107e1cb7af5424_assumedsuccess",
          "nodeType": "DialogChangeNode",
          "id": "d4be1f57-f9dd-4705-913d-38b319f1ff01"
        }
      ],
      "id": "new_topic_e81a2d472eac48c29eadb1859375a2d2",
      "displayName": "Dialog for 我在 OneDrive 中保存的文件可以離線存取嗎？",
      "createdTime": "2021-11-17T13:50:31.8574002Z",
      "updatedTime": "2021-11-17T13:51:13.4389988Z",
      "createdUserId": "9c968d43-f7c2-4e28-895c-1f6bcefcd8be",
      "updatedUserId": "9c968d43-f7c2-4e28-895c-1f6bcefcd8be"
    }
  ],
  "botMessages": [
    {
      "channelContent": {
        "web": {
          "contentFormat": "Markdown",
          "content": "如果您正在使用 Windows 10，則預裝 OneDrive。\n\n要在未連接到網路時存取文件，請在 PC 上開啟檔案瀏覽器並進入 OneDrive 資料夾。"
        }
      },
      "id": "9fb282b6-0606-4c22-aa53-34748b128c1b",
      "createdTime": "2021-11-17T13:50:31.8574002Z",
      "updatedTime": "2021-11-17T13:50:31.8574002Z",
      "createdUserId": "9c968d43-f7c2-4e28-895c-1f6bcefcd8be",
      "updatedUserId": "9c968d43-f7c2-4e28-895c-1f6bcefcd8be"
    },
    {
      "channelContent": {
        "web": {
          "contentFormat": "Markdown",
          "content": "重新連接時，OneDrive 會通過離線更改更新在線版本。\n\n有關詳細資訊，請訪問[連結](https://support.microsoft.com/zh-tw/office/%E5%9C%A8-windows-%E4%B8%AD%E4%BD%BF%E7%94%A8-onedrive-%E5%90%8C%E6%AD%A5%E8%99%95%E7%90%86%E6%AA%94%E6%A1%88-615391c4-2bd3-4aae-a42a-858262e42a49)。"
        }
      },
      "id": "4bbfd225-8ae9-45d2-825d-e9e250d05efc",
      "createdTime": "2021-11-17T13:50:47.641Z",
      "updatedTime": "2021-11-17T13:50:47.641Z",
      "createdUserId": "user-0",
      "updatedUserId": "user-0"
    }
  ]
}