{
  "intents": [
    {
      "triggerQueries": [
        "게스트 Team 합류",
        "Teams 사용 않고 게스트 참여",
        "팀 게스트 초대",
        "팀 합류 게스트 경험",
        "다른 조직 팀 합류",
        "게스트 팀 합류",
        "다른 조직 사람 Team 합류",
        "게스트 휴대폰 팀 참여",
        "게스트 전화 Team 참여",
        "Guest 전화 Team 참여",
        "Team 합류 게스트 경험",
        "게스트 휴대폰 Team 참여",
        "Guest 휴대폰 Team 참여",
        "팀 Guest 초대",
        "팀 게스트 초대",
        "Team Guest 초대",
        "Team 게스트 초대",
        "Guest 팀 합류",
        "Guest Team 합류",
        "외부 사람 Team 합류",
        "팀즈 게스트 참여",
        "팀즈 Guest 참여",
        "게스트 팀 참가",
        "게스트 팀 조인",
        "Guest 팀 조인",
        "게스트가 팀에 어떻게 합류합니까?"
      ],
      "dialogId": "new_topic_9732e53e81aa427aa2210bf524ab84c8",
      "isTriggeringEnabled": true,
      "id": "new_topic_9732e53e81aa427aa2210bf524ab84c8",
      "displayName": "게스트가 팀에 어떻게 합류합니까?",
      "description": "https://adoptbotv2kb.blob.core.windows.net/%24web/adoptbot2021-Korean.docx",
      "createdTime": "2021-03-18T03:39:18.7476571Z",
      "updatedTime": "2021-03-25T04:03:59.1751122Z",
      "createdUserId": "e47109d8-0300-4e59-a90d-56bb29886c9e",
      "updatedUserId": "e47109d8-0300-4e59-a90d-56bb29886c9e"
    }
  ],
  "dialogs": [
    {
      "rootNodeId": "dbc61f75-71f2-4624-91aa-f7809175a2a1",
      "messageNodes": [
        {
          "botMessageId": "45cd69e6-b857-4802-8013-4d01eaaca580",
          "nodeType": "BotMessageNode",
          "id": "3a2bbf92-88d9-4726-b812-605f351d4cdd",
          "defaultTargetNodeId": "af69b1e2-ea44-4e0f-a501-f1cfd03f4dd4"
        },
        {
          "botMessageId": "c6e6d990-109f-466e-bc99-e28d67772e7a",
          "nodeType": "BotMessageNode",
          "id": "dbc61f75-71f2-4624-91aa-f7809175a2a1",
          "defaultTargetNodeId": "3a2bbf92-88d9-4726-b812-605f351d4cdd"
        }
      ],
      "dialogChangeNodes": [
        {
          "targetDialogId": "new_topic_2bf23930c1d146129dfe38bacb94ccd0_aeabea4d071f415c8c107e1cb7af5424_assumedsuccess",
          "nodeType": "DialogChangeNode",
          "id": "af69b1e2-ea44-4e0f-a501-f1cfd03f4dd4"
        }
      ],
      "id": "new_topic_9732e53e81aa427aa2210bf524ab84c8",
      "displayName": "Dialog for 게스트가 팀에 어떻게 합류합니까?",
      "createdTime": "2021-03-18T03:39:18.7476571Z",
      "updatedTime": "2021-03-19T09:03:06.3496288Z",
      "createdUserId": "e47109d8-0300-4e59-a90d-56bb29886c9e",
      "updatedUserId": "e47109d8-0300-4e59-a90d-56bb29886c9e"
    }
  ],
  "botMessages": [
    {
      "channelContent": {
        "web": {
          "contentFormat": "Markdown",
          "content": "[팀에 게스트로 참여](https://docs.microsoft.com/ko-kr/microsoft-365/business-video/join-team-guest?redirectSourcePath=%252fen-us%252foffice%252fjoin-a-team-as-a-guest-928d1eef-61e2-49ec-b754-c2fe86b34824&view=o365-worldwide)를 공유하거나 시청할 수 있습니다."
        }
      },
      "id": "45cd69e6-b857-4802-8013-4d01eaaca580",
      "createdTime": "2021-03-18T03:39:18.7476571Z",
      "updatedTime": "2021-03-18T03:39:18.7476571Z",
      "createdUserId": "e47109d8-0300-4e59-a90d-56bb29886c9e",
      "updatedUserId": "e47109d8-0300-4e59-a90d-56bb29886c9e"
    },
    {
      "channelContent": {
        "web": {
          "contentFormat": "Markdown",
          "content": "게스트는 Teams 가입에 대한 몇 가지 정보가 포함 된 환영 이메일 초대장을받습니다, [Microsoft Teams의 게스트 경험](https://docs.microsoft.com/ko-kr/MicrosoftTeams/guest-experience)[.](https://support.microsoft.com/ko-kr/office/join-a-team-as-a-guest-928d1eef-61e2-49ec-b754-c2fe86b34824)"
        }
      },
      "id": "c6e6d990-109f-466e-bc99-e28d67772e7a",
      "createdTime": "2021-03-19T08:57:41.237Z",
      "updatedTime": "2021-03-19T08:57:41.237Z",
      "createdUserId": "user-0",
      "updatedUserId": "user-0"
    }
  ],
  "createdUtc": "0001-01-01T00:00:00Z"
}