{
  "intents": [
    {
      "triggerQueries": [
        "Limitare la creazione di nuovi Team?",
        "Limitare chi può creare Team?",
        "Limitare la creazione di nuovi Team",
        "Gestire chi può creare teams",
        "Limita la creazione di team all'interno della tua organizzazione",
        "processo di approvazione per la creazione di Team",
        "Restrizioni alla creazione di un Team",
        "Smettere di creare nuovi Team",
        "Impedisci agli utenti di creare team",
        "disabilitare la creazione di nuovi team",
        "Possiamo limitare chi può creare i Team?"
      ],
      "dialogId": "new_topic_59b25d74b9fb4c6a9651a40c1d92672e",
      "isTriggeringEnabled": true,
      "id": "new_topic_59b25d74b9fb4c6a9651a40c1d92672e",
      "displayName": "È possibile limitare chi può creare Team?",
      "createdTime": "2022-04-27T23:29:34.9033514Z",
      "updatedTime": "2022-04-27T23:32:44.9499975Z",
      "createdUserId": "9451fc51-e00d-4445-8ff9-efb70866dc3b",
      "updatedUserId": "9451fc51-e00d-4445-8ff9-efb70866dc3b"
    }
  ],
  "dialogs": [
    {
      "rootNodeId": "6a799979-6634-49c6-9761-6fcccac74b5e",
      "messageNodes": [
        {
          "botMessageId": "25b6c3d6-e387-432a-aee3-0c98a55b8841",
          "nodeType": "BotMessageNode",
          "id": "6a799979-6634-49c6-9761-6fcccac74b5e",
          "defaultTargetNodeId": "600a4907-6929-45da-8b20-7a394539c4f5"
        },
        {
          "botMessageId": "bd4c9d01-a373-410c-ac7b-1d946472f430",
          "nodeType": "BotMessageNode",
          "id": "600a4907-6929-45da-8b20-7a394539c4f5",
          "defaultTargetNodeId": "8ae4feb9-7579-4c8b-8c95-6379835e3ea0"
        },
        {
          "botMessageId": "cb6464f6-2d82-4413-8901-1aaea3085064",
          "nodeType": "BotMessageNode",
          "id": "8ae4feb9-7579-4c8b-8c95-6379835e3ea0",
          "defaultTargetNodeId": "a2423e30-788a-4c99-b434-419264d65bd7"
        },
        {
          "botMessageId": "94ad8dcb-9c73-4fbc-9fb3-b61abfe9caf9",
          "nodeType": "BotMessageNode",
          "id": "a2423e30-788a-4c99-b434-419264d65bd7",
          "defaultTargetNodeId": "8675c637-ed62-4496-836e-e62541a168db"
        },
        {
          "botMessageId": "372c0773-b3ce-461f-b983-e7f68a789562",
          "nodeType": "BotMessageNode",
          "id": "8675c637-ed62-4496-836e-e62541a168db",
          "defaultTargetNodeId": "1be89b2e-ff3f-4a56-af61-b9208a2d26aa"
        }
      ],
      "dialogChangeNodes": [
        {
          "targetDialogId": "new_topic_f98a24608ee04cb998de3e3e32703d5b_aeabea4d071f415c8c107e1cb7af5424_assumedsuccess",
          "nodeType": "DialogChangeNode",
          "id": "1be89b2e-ff3f-4a56-af61-b9208a2d26aa"
        }
      ],
      "id": "new_topic_59b25d74b9fb4c6a9651a40c1d92672e",
      "displayName": "Senza titolo",
      "createdTime": "2022-04-27T23:29:34.9033514Z",
      "updatedTime": "2022-04-27T23:32:44.9499975Z",
      "createdUserId": "9451fc51-e00d-4445-8ff9-efb70866dc3b",
      "updatedUserId": "9451fc51-e00d-4445-8ff9-efb70866dc3b"
    }
  ],
  "botMessages": [
    {
      "channelContent": {
        "web": {
          "contentFormat": "Markdown",
          "content": "_Questo argomento è stato progettato per gli Amministratori_"
        }
      },
      "id": "25b6c3d6-e387-432a-aee3-0c98a55b8841",
      "createdTime": "2022-04-27T23:12:14.89Z",
      "updatedTime": "2022-04-27T23:12:14.89Z"
    },
    {
      "channelContent": {
        "web": {
          "contentFormat": "Markdown",
          "content": "Per impostazione predefinita, tutti gli utenti con una casella di posta Exchange Online hanno il permesso di creare gruppi Microsoft 365 e quindi un team in Microsoft Teams."
        }
      },
      "id": "bd4c9d01-a373-410c-ac7b-1d946472f430",
      "createdTime": "2022-04-27T23:18:58.164Z",
      "updatedTime": "2022-04-27T23:18:58.164Z",
      "createdUserId": "user-0",
      "updatedUserId": "user-0"
    },
    {
      "channelContent": {
        "web": {
          "contentFormat": "Markdown",
          "content": "Le organizzazioni possono avere un controllo più ristretto e limitare la creazione di nuovi team e quindi la creazione di nuovi gruppi Microsoft 365, delegando i diritti di creazione di gruppi e i diritti di gestione  a un gruppo di utenti."
        }
      },
      "id": "cb6464f6-2d82-4413-8901-1aaea3085064",
      "createdTime": "2022-04-27T23:19:32.931Z",
      "updatedTime": "2022-04-27T23:19:32.931Z",
      "createdUserId": "user-0",
      "updatedUserId": "user-0"
    },
    {
      "channelContent": {
        "web": {
          "contentFormat": "Markdown",
          "content": "Per informazioni, vedere [Gestire chi può creare gruppi Microsoft 365.](https://docs.microsoft.com/it-it/microsoft-365/solutions/manage-creation-of-groups?view=o365-worldwide)"
        }
      },
      "id": "94ad8dcb-9c73-4fbc-9fb3-b61abfe9caf9",
      "createdTime": "2022-04-27T23:21:31.155Z",
      "updatedTime": "2022-04-27T23:21:31.155Z",
      "createdUserId": "user-0",
      "updatedUserId": "user-0"
    },
    {
      "channelContent": {
        "web": {
          "contentFormat": "Markdown",
          "content": "💡**Suggerimento:** Scopri l'app di Teams (contenuto non disponibile in italiano) _\"Request a Team\"_ [_Request-a-team - Free app template_](https://docs.microsoft.com/en-us/microsoftteams/platform/samples/app-templates)"
        }
      },
      "id": "372c0773-b3ce-461f-b983-e7f68a789562",
      "createdTime": "2022-04-27T23:23:17.235Z",
      "updatedTime": "2022-04-27T23:23:17.235Z",
      "createdUserId": "user-0",
      "updatedUserId": "user-0"
    }
  ]
}