{
  "intents": [
    {
      "endUserOverrideName": "Ouvrir un fichier Teams sur mon téléphone",
      "triggerQueries": [
        "Ouvrir un fichier Teams sur mon téléphone",
        "Comment puis-je ouvrir un fichier depuis Teams sur mon téléphone?",
        "Comment puis-je ouvrir un fichier sur mon téléphone?",
        "Puis-je ouvrir des fichiers sur mon téléphone?",
        "Application Teams pour ouvrir des fichiers",
        "pouvez-vous ouvrir des fichiers dans l’application mobile Teams?",
        "Application mobile pour Teams et fichiers",
        "Ouvrir des fichiers depuis Teams sur mon iPhone?",
        "Ouvrir des fichiers depuis Teams sur mon Android?",
        "Comment puis-je ouvrir un fichier depuis Teams sur mon téléphone ?"
      ],
      "dialogId": "new_topic_edaed2d819e64b88800fd232c0f10d4a",
      "isTriggeringEnabled": true,
      "id": "new_topic_edaed2d819e64b88800fd232c0f10d4a",
      "displayName": "Comment puis-je ouvrir un fichier depuis Teams sur mon téléphone ?",
      "description": "",
      "createdTime": "2021-01-13T22:20:51.2371466Z",
      "updatedTime": "2021-05-21T11:12:01.3476311Z",
      "createdUserId": "f04d3cd9-b73d-4ba9-a1ed-9319eba29b21",
      "updatedUserId": "137976d8-62f4-4f81-b357-122fb8bb440c"
    }
  ],
  "dialogs": [
    {
      "rootNodeId": "d1dbf136-79ed-4d18-a30b-ed74172435ee",
      "messageNodes": [
        {
          "botMessageId": "7e447440-c1a3-480d-88f2-456cb4c71e45",
          "nodeType": "BotMessageNode",
          "id": "d1dbf136-79ed-4d18-a30b-ed74172435ee",
          "defaultTargetNodeId": "a36f412b-7fd2-41a1-bd8e-1da6dddd8f30"
        },
        {
          "botMessageId": "658ff755-0bca-47b7-8b0e-f097d2312e64",
          "nodeType": "BotMessageNode",
          "id": "a36f412b-7fd2-41a1-bd8e-1da6dddd8f30",
          "defaultTargetNodeId": "b5325a3d-b0e4-40e8-b200-ab619a9828c8"
        }
      ],
      "dialogChangeNodes": [
        {
          "targetDialogId": "new_topic_eac3f49c99664313a9d9dc19d80a79a2_aeabea4d071f415c8c107e1cb7af5424_assumedsuccess",
          "nodeType": "DialogChangeNode",
          "id": "b5325a3d-b0e4-40e8-b200-ab619a9828c8"
        }
      ],
      "id": "new_topic_edaed2d819e64b88800fd232c0f10d4a",
      "displayName": "Dialog for How do I open a file from Teams on my phone?",
      "createdTime": "2021-01-13T22:20:51.2371466Z",
      "updatedTime": "2021-04-24T21:21:45.8875127Z",
      "createdUserId": "f04d3cd9-b73d-4ba9-a1ed-9319eba29b21",
      "updatedUserId": "a2c4aa2c-d830-41eb-bcf4-467a2c7e1279"
    }
  ],
  "botMessages": [
    {
      "channelContent": {
        "web": {
          "contentFormat": "Markdown",
          "content": "Teams est un endroit idéal pour gérer les fichiers à partir de votre téléphone."
        }
      },
      "id": "7e447440-c1a3-480d-88f2-456cb4c71e45",
      "createdTime": "2021-01-13T22:20:51.2371466Z",
      "updatedTime": "2021-01-13T22:20:51.2371466Z",
      "createdUserId": "f04d3cd9-b73d-4ba9-a1ed-9319eba29b21",
      "updatedUserId": "f04d3cd9-b73d-4ba9-a1ed-9319eba29b21"
    },
    {
      "channelContent": {
        "web": {
          "contentFormat": "Markdown",
          "content": "Si vous accédez à un fichier dans un canal sur votre application mobile Teams, vous avez par exemple la possibilité de l’ouvrir ou d’envoyer une copie à quelqu’un."
        }
      },
      "id": "658ff755-0bca-47b7-8b0e-f097d2312e64",
      "createdTime": "2021-01-27T12:50:07.196Z",
      "updatedTime": "2021-01-27T12:50:07.196Z",
      "createdUserId": "user-0",
      "updatedUserId": "user-0"
    }
  ]
}