{
  "intents": [
    {
      "endUserOverrideName": "Connexion Internet pour Teams",
      "triggerQueries": [
        "Ai-je besoin d'internet",
        "Travailler sans wifi",
        "Puis-je travailler hors-ligne",
        "Est-ce que Teams nécessite une commexion à Internet",
        "Utiliser Teams en mode hors-connexion",
        "Accès hors-ligne à Office",
        "Est-ce que j'ai besoin d'internet pour Office",
        "Puis-je travailler sans internet",
        "Travailler sans connexion",
        "Travailler sans internet",
        "Est-ce que j'ai besoin d'internet",
        "Est-ce que Office nécessite une connexion à Internet"
      ],
      "dialogId": "new_topic_3edb59878c14423aab8b4c00a6be3ccc",
      "isTriggeringEnabled": true,
      "id": "new_topic_3edb59878c14423aab8b4c00a6be3ccc",
      "displayName": "Ai-je besoin d'internet ?",
      "description": "",
      "createdTime": "2021-01-13T22:20:51.2381463Z",
      "updatedTime": "2021-05-24T23:08:49.2947346Z",
      "createdUserId": "f04d3cd9-b73d-4ba9-a1ed-9319eba29b21",
      "updatedUserId": "a2c4aa2c-d830-41eb-bcf4-467a2c7e1279"
    }
  ],
  "dialogs": [
    {
      "rootNodeId": "ddaf2106-9f3a-4b6f-9ec5-256520e71fa3",
      "messageNodes": [
        {
          "botMessageId": "5bbe9501-7d34-41cb-8ae6-3cd5c9b60fb8",
          "nodeType": "BotMessageNode",
          "id": "ddaf2106-9f3a-4b6f-9ec5-256520e71fa3",
          "defaultTargetNodeId": "86ab7d83-2375-428b-bc99-aff1dfca3858"
        },
        {
          "botMessageId": "e213e4db-f0d2-4847-9f4e-05024d240de9",
          "nodeType": "BotMessageNode",
          "id": "5928e5aa-cab3-4fd2-b8ea-c5995c92f036",
          "defaultTargetNodeId": "d2a2d5ae-adb4-4c6b-87ad-addeb9af02cc"
        },
        {
          "botMessageId": "91df9445-d651-449f-a07b-abb34a26cb30",
          "nodeType": "BotMessageNode",
          "id": "86ab7d83-2375-428b-bc99-aff1dfca3858",
          "defaultTargetNodeId": "5928e5aa-cab3-4fd2-b8ea-c5995c92f036"
        }
      ],
      "dialogChangeNodes": [
        {
          "targetDialogId": "new_topic_eac3f49c99664313a9d9dc19d80a79a2_aeabea4d071f415c8c107e1cb7af5424_assumedsuccess",
          "nodeType": "DialogChangeNode",
          "id": "d2a2d5ae-adb4-4c6b-87ad-addeb9af02cc"
        }
      ],
      "id": "new_topic_3edb59878c14423aab8b4c00a6be3ccc",
      "displayName": "Dialog for Does Office require Internet access?",
      "createdTime": "2021-01-13T22:20:51.2381463Z",
      "updatedTime": "2021-05-24T23:09:40.7191632Z",
      "createdUserId": "f04d3cd9-b73d-4ba9-a1ed-9319eba29b21",
      "updatedUserId": "a2c4aa2c-d830-41eb-bcf4-467a2c7e1279"
    }
  ],
  "botMessages": [
    {
      "channelContent": {
        "web": {
          "contentFormat": "Markdown",
          "content": "Vous n'avez pas besoin d'être connecté à Internet pour utiliser les applications Office comme Word, Excel ou PowerPoint car celles-ci sont installées sur votre ordinateur."
        }
      },
      "id": "5bbe9501-7d34-41cb-8ae6-3cd5c9b60fb8",
      "createdTime": "2021-01-13T22:20:51.2381463Z",
      "updatedTime": "2021-01-13T22:20:51.2381463Z",
      "createdUserId": "f04d3cd9-b73d-4ba9-a1ed-9319eba29b21",
      "updatedUserId": "f04d3cd9-b73d-4ba9-a1ed-9319eba29b21"
    },
    {
      "channelContent": {
        "web": {
          "contentFormat": "Markdown",
          "content": "Une connexion à Internet est requise pour envoyer et recevoir des messages dans Teams et pour accéder aux documents hébergés sur OneDrive à moins que vous ayez rendu ceux-ci disponibles sur votre ordinateur en local."
        }
      },
      "id": "e213e4db-f0d2-4847-9f4e-05024d240de9",
      "createdTime": "2021-01-26T22:42:49.63Z",
      "updatedTime": "2021-01-26T22:42:49.63Z",
      "createdUserId": "user-0",
      "updatedUserId": "user-0"
    },
    {
      "channelContent": {
        "web": {
          "contentFormat": "Markdown",
          "content": "Vous pouvez également utiliser Teams en mode hors-connexion. Vous pouvez parcourir vos conversations récentes et canaux.   \nVous pouvez rédiger des messages et les envoyer plus tard."
        }
      },
      "id": "91df9445-d651-449f-a07b-abb34a26cb30",
      "createdTime": "2021-01-26T22:48:14.489Z",
      "updatedTime": "2021-01-26T22:48:14.489Z",
      "createdUserId": "user-0",
      "updatedUserId": "user-0"
    }
  ],
  "createdUtc": "0001-01-01T00:00:00Z"
}