{
  "intents": [
    {
      "intentType": "Regular",
      "endUserOverrideName": "Lagringsutrymme i OneDrive?",
      "triggerQueries": [
        "Lagringsutrymme i OneDrive?",
        "Lagring för Onedrive",
        "Lagringsutrymme i 365?",
        "Hur många dokument får plats i mitt 365?",
        "Hur många filer kan jag spara?",
        "Lagring i Microsoft 365",
        "Hur mycket lagringsutrymme i Microsoft 365?",
        "Hur mycket utrymme har jag i OneDrive?",
        "Hur många filer kan jag lagra i OneDrive",
        "Hur mycket lagring ingår i M365?",
        "Hur mycket OneDrive-lagring får jag med Office 365?"
      ],
      "dialogId": "new_topic_14272b31c3bc486ea5b3cf42bc117bb1",
      "isTriggeringEnabled": true,
      "id": "new_topic_14272b31c3bc486ea5b3cf42bc117bb1",
      "displayName": "Hur mycket OneDrive-lagring får jag med Office 365?",
      "description": "",
      "createdTime": "2020-11-24T14:37:53.8220925Z",
      "updatedTime": "2020-12-11T10:39:25.2469881Z",
      "createdUserId": "f04d3cd9-b73d-4ba9-a1ed-9319eba29b21",
      "updatedUserId": "f04d3cd9-b73d-4ba9-a1ed-9319eba29b21"
    }
  ],
  "dialogs": [
    {
      "rootNodeId": "ac164bc9-46a7-4d4f-a2c9-008821494fa2",
      "messageNodes": [
        {
          "botMessageId": "bbdbb6f9-b497-4db7-b5c9-a1fc8f38891c",
          "nodeType": "BotMessageNode",
          "id": "ac164bc9-46a7-4d4f-a2c9-008821494fa2",
          "defaultTargetNodeId": "ba582516-29af-4852-8122-0ea265c6fb50"
        }
      ],
      "dialogChangeNodes": [
        {
          "targetDialogId": "new_topic_84ec227c19784e7ba25cb34f4638f91e_aeabea4d071f415c8c107e1cb7af5424_assumedsuccess",
          "nodeType": "DialogChangeNode",
          "id": "ba582516-29af-4852-8122-0ea265c6fb50"
        }
      ],
      "id": "new_topic_14272b31c3bc486ea5b3cf42bc117bb1",
      "displayName": "Dialog for Hur mycket OneDrive-lagring får jag med Office 365?",
      "createdTime": "2020-11-24T14:37:53.8220925Z",
      "updatedTime": "2020-11-24T14:37:53.8220925Z",
      "createdUserId": "f04d3cd9-b73d-4ba9-a1ed-9319eba29b21",
      "updatedUserId": "f04d3cd9-b73d-4ba9-a1ed-9319eba29b21"
    }
  ],
  "botMessages": [
    {
      "channelContent": {
        "web": {
          "contentFormat": "Markdown",
          "content": "Användare får 1 TB (1 000 GB) OneDrive-lagring.\r\n\r\n[Baserat på dina licenser](https://docs.microsoft.com/sv-se/onedrive/set-default-storage-space)\r\n\r\nkan detta höjas till 5 TB (5 000 GB) per användare."
        }
      },
      "id": "bbdbb6f9-b497-4db7-b5c9-a1fc8f38891c",
      "createdTime": "2020-11-24T14:37:53.8220925Z",
      "updatedTime": "2020-11-24T14:37:53.8220925Z",
      "createdUserId": "f04d3cd9-b73d-4ba9-a1ed-9319eba29b21",
      "updatedUserId": "f04d3cd9-b73d-4ba9-a1ed-9319eba29b21"
    }
  ]
}