{
  "intents": [
    {
      "intentType": "System",
      "systemIntentTypes": [
        "Goodbye"
      ],
      "triggerQueries": [
        "Hej då",
        "Tack och hej",
        "Hej hej",
        "Hej så länge!",
        "Tack för samtalet. Ha en bra dag.",
        "Adjö",
        "Ha en bra dag",
        "ha en bra kväll",
        "Ha en härlig dag",
        "Ha en härlig dag. Det gick ju bra.",
        "Ha en skön dag",
        "Ha en underbar dag :)",
        "Jag har inga problem. Hej då.",
        "Jag fixar det senare. Tack och hej",
        "Jag behöver tala med dig senare.",
        "Det var trevligt att tala med dig också. Hej då.",
        "Nej tack och ha en bra kväll",
        "Nej tack och hej då",
        "Nej tack, hej då",
        "Nej tack. Hej då.",
        "Nej tack! Ha en bra dag!",
        "Nej, tack för hjälpen och hej då.",
        "Inget av ovanstående. Hej då",
        "Nej jag klarar mig och hej då",
        "Nej tack, ha en bra dag och hej då",
        "Nix. Hej då.",
        "Inte för tillfället. Tack och ha en bra dag.",
        "Inte användbart. Hej då.",
        "OK tack och ha en bra dag",
        "OK, tack så länge",
        "Perfekt! Ha en bra dag!",
        "Samma här, ha en bra dag",
        "Samma här, hej då",
        "Tack så länge",
        "Hörs senare",
        "Hej då och tack för hjälpen",
        "Jag måste börja arbeta igen",
        "Jag måste sticka, hej då",
        "Sköt om dig och ha en bra dag",
        "Tack för samtalet och ha en bra dag",
        "Tack och hej då",
        "Tack och hej!",
        "Tackar och ha en bra dag",
        "Tack för hjälpen",
        "Tack för all hjälp. Hej då!",
        "Tack och ha en bra dag",
        "Tack, jag kollar på detta",
        "Tack så mycket och hej då",
        "Tack så mycket. Ha en bra dag!",
        "Tack och ha en bra dag!",
        "Tack så länge.",
        "Tackar. Hej då.",
        "Tack. Hej då.",
        "Tack för hjälpen och hej då",
        "Tackar för hjälpen och hej då",
        "Tack för hjälpen. Hej då…",
        "Tack för hjälpen. Ha en bra dag!",
        "Tack och hej",
        "Tack hej då",
        "Tack och ha en bra kväll",
        "Tackar. Hej då",
        "Tack. Jag slutar chatten nu.",
        "Tack. Jag avslutar chatten.",
        "Tack. Jag klarar mig. Ha en bra dag.",
        "Thanks. I will end the chat now.",
        "Thanks. I'm fine now. Have a good day.",
        "Thx. Goodbye"
      ],
      "dialogId": "new_topic_84ec227c19784e7ba25cb34f4638f91e_f56d1a3e522740c78f9fac0939332dbd_goodbye",
      "isTriggeringEnabled": true,
      "id": "new_topic_84ec227c19784e7ba25cb34f4638f91e_f56d1a3e522740c78f9fac0939332dbd_goodbye",
      "displayName": "Hej då",
      "description": "Systemavsikt: Hej då",
      "createdTime": "2019-01-15T00:00:00Z",
      "updatedTime": "2019-01-15T00:00:00Z",
      "createdUserId": "user0",
      "updatedUserId": "user0"
    }
  ],
  "dialogs": [
    {
      "rootNodeId": "3ce2158c-ebd3-4e2f-9e15-74432e415182",
      "dialogType": "System",
      "messageNodes": [
        {
          "botMessageId": "026a85be-8cca-4b87-b39f-3639fcfe3383",
          "nodeType": "BotMessageNode",
          "id": "3ce2158c-ebd3-4e2f-9e15-74432e415182"
        }
      ],
      "id": "new_topic_84ec227c19784e7ba25cb34f4638f91e_f56d1a3e522740c78f9fac0939332dbd_goodbye",
      "displayName": "Dialog för Hej då",
      "createdTime": "2019-01-15T00:00:00Z",
      "updatedTime": "2019-01-15T00:00:00Z",
      "createdUserId": "user0",
      "updatedUserId": "user0"
    }
  ],
  "botMessages": [
    {
      "channelContent": {
        "web": {
          "contentFormat": "Markdown",
          "content": "Tack för chatten. Hej då!"
        }
      },
      "id": "026a85be-8cca-4b87-b39f-3639fcfe3383",
      "createdTime": "2019-01-15T00:00:00Z",
      "updatedTime": "2019-01-15T00:00:00Z",
      "createdUserId": "user0",
      "updatedUserId": "user0"
    }
  ]
}