{
  "intents": [
    {
      "triggerQueries": [
        "Czy potrzebuję Internetu do korzystania z Office?",
        "dostęp offline do Office",
        "Praca bez Internetu z pakietem Office",
        "Jak uzyskać dostęp do pakietu Office w trybie offline",
        "Czy potrzebuję dostępu do Internetu?",
        "Korzystanie z aplikacji Teams w trybie offline",
        "Czy usługa Teams wymaga dostępu do Internetu?",
        "Czy pakiet Office wymaga dostępu do Internetu?"
      ],
      "dialogId": "new_topic_0769714071f44df48f629ceab11dfa1c",
      "isTriggeringEnabled": true,
      "id": "new_topic_0769714071f44df48f629ceab11dfa1c",
      "displayName": "Czy pakiet Office wymaga dostępu do Internetu?",
      "description": "",
      "createdTime": "2021-09-26T18:04:46.0353889Z",
      "updatedTime": "2021-10-23T21:17:49.6018364Z",
      "createdUserId": "28fac8cb-bec7-48c9-a688-5024cf318b8a",
      "updatedUserId": "28fac8cb-bec7-48c9-a688-5024cf318b8a"
    }
  ],
  "dialogs": [
    {
      "rootNodeId": "f9dcc13c-2801-4da8-b127-8a575cd8e8be",
      "messageNodes": [
        {
          "botMessageId": "42ebef13-1d58-441f-838e-0c71e09c85c5",
          "nodeType": "BotMessageNode",
          "id": "f9dcc13c-2801-4da8-b127-8a575cd8e8be",
          "defaultTargetNodeId": "17beb198-1a04-46b1-ba1d-c24ba083f444"
        },
        {
          "botMessageId": "8b9b9d45-d72f-4a8e-8a76-2b9af79d7aaf",
          "nodeType": "BotMessageNode",
          "id": "147ca4a0-eef2-46d0-8460-0b4d60a5f547",
          "defaultTargetNodeId": "12ccc1ef-9063-4a04-aeae-3fd8801f7661"
        },
        {
          "botMessageId": "1ee0bd4b-6554-45cc-aaec-f51cec01efa2",
          "nodeType": "BotMessageNode",
          "id": "f154c1ba-0719-436c-8b06-449aefbd2874",
          "defaultTargetNodeId": "147ca4a0-eef2-46d0-8460-0b4d60a5f547"
        },
        {
          "botMessageId": "e8fd8e15-81d3-4d82-b001-a9dcb0dc2d7a",
          "nodeType": "BotMessageNode",
          "id": "12ccc1ef-9063-4a04-aeae-3fd8801f7661",
          "defaultTargetNodeId": "71b32bc4-9e51-47bb-b35b-ea235dc57fb2"
        },
        {
          "botMessageId": "b62338cf-247c-4af7-ba4e-5d079005f3f6",
          "nodeType": "BotMessageNode",
          "id": "17beb198-1a04-46b1-ba1d-c24ba083f444",
          "defaultTargetNodeId": "f154c1ba-0719-436c-8b06-449aefbd2874"
        }
      ],
      "dialogChangeNodes": [
        {
          "targetDialogId": "new_topic_d4ee79ce05584b519ee7d416fda7e2a3_aeabea4d071f415c8c107e1cb7af5424_assumedsuccess",
          "nodeType": "DialogChangeNode",
          "id": "71b32bc4-9e51-47bb-b35b-ea235dc57fb2"
        }
      ],
      "id": "new_topic_0769714071f44df48f629ceab11dfa1c",
      "displayName": "Dialog for Czy pakiet Office wymaga dostępu do Internetu?",
      "createdTime": "2021-09-26T18:04:46.0353889Z",
      "updatedTime": "2021-10-23T21:23:53.5014833Z",
      "createdUserId": "28fac8cb-bec7-48c9-a688-5024cf318b8a",
      "updatedUserId": "28fac8cb-bec7-48c9-a688-5024cf318b8a"
    }
  ],
  "botMessages": [
    {
      "channelContent": {
        "web": {
          "contentFormat": "Markdown",
          "content": "Nie trzeba mieć połączenia z Internetem, aby korzystać z aplikacji biurowych, takich jak Word, Excel i PowerPoint, ponieważ aplikacje są w pełni zainstalowane na komputerze, jednak mogą używać dodatkowych usług chmurowych, jak np. PowerPoint Designer."
        }
      },
      "id": "42ebef13-1d58-441f-838e-0c71e09c85c5",
      "createdTime": "2021-09-26T18:04:46.0353889Z",
      "updatedTime": "2021-09-26T18:04:46.0353889Z",
      "createdUserId": "28fac8cb-bec7-48c9-a688-5024cf318b8a",
      "updatedUserId": "28fac8cb-bec7-48c9-a688-5024cf318b8a"
    },
    {
      "channelContent": {
        "web": {
          "contentFormat": "Markdown",
          "content": "Należy również regularnie łączyć się z Internetem, aby aktualizować wersję pakietu Office i korzystać z automatycznych uaktualnień."
        }
      },
      "id": "8b9b9d45-d72f-4a8e-8a76-2b9af79d7aaf",
      "createdTime": "2021-09-26T18:05:13.919Z",
      "updatedTime": "2021-09-26T18:05:13.919Z",
      "createdUserId": "user-0",
      "updatedUserId": "user-0"
    },
    {
      "channelContent": {
        "web": {
          "contentFormat": "Markdown",
          "content": "Dostęp do Internetu jest wymagany do zainstalowania i aktywowania wszystkich najnowszych wersji pakietu Office Suite i wszystkich planów subskrypcji usługi Office 365. Dostęp do Internetu jest również wymagany do uzyskiwania dostępu do dokumentów przechowywanych w usłudze OneDrive, chyba że zostanie zainstalowana aplikacja [klasyczna OneDrive.](https://go.microsoft.com/fwlink/p/?LinkID=403721)"
        }
      },
      "id": "1ee0bd4b-6554-45cc-aaec-f51cec01efa2",
      "createdTime": "2021-10-23T21:19:03.363Z",
      "updatedTime": "2021-10-23T21:19:03.363Z",
      "createdUserId": "user-0",
      "updatedUserId": "user-0"
    },
    {
      "channelContent": {
        "web": {
          "contentFormat": "Markdown",
          "content": "Jeśli nie łączysz się z Internetem co najmniej raz na 31 dni, aplikacje przejdą w tryb zmniejszonej funkcjonalności, co oznacza, że możesz wyświetlać lub drukować dokumenty, ale nie możesz edytować dokumentów ani tworzyć nowych. Do reaktywuj aplikacji pakietu Office, wystarczy ponownie połączyć się z Internetem."
        }
      },
      "id": "e8fd8e15-81d3-4d82-b001-a9dcb0dc2d7a",
      "createdTime": "2021-10-23T21:19:57.727Z",
      "updatedTime": "2021-10-23T21:19:57.727Z",
      "createdUserId": "user-0",
      "updatedUserId": "user-0"
    },
    {
      "channelContent": {
        "web": {
          "contentFormat": "Markdown",
          "content": "Można nawet używać Teams w trybie Offline. Oznacza to, że możesz przeglądać czaty i kanały, które zostały zsynchronizowane z komputerem. Możesz również przygotować wiadomości do wysłania po przywróceniu połączenia."
        }
      },
      "id": "b62338cf-247c-4af7-ba4e-5d079005f3f6",
      "createdTime": "2021-10-23T21:21:34.632Z",
      "updatedTime": "2021-10-23T21:21:34.632Z",
      "createdUserId": "user-0",
      "updatedUserId": "user-0"
    }
  ]
}