{
  "intents": [
    {
      "endUserOverrideName": "",
      "triggerQueries": [
        "épingler un chat ou un canal",
        "Comment épingler un chat",
        "épingler un chat",
        "Épingler une conversation ou canal favoris en haut de Teams",
        "Peut-on épingler un canal",
        "peut-on épingler une conversation",
        "Comment marquer une conversation comme favorite",
        "Comment marquer un canal comme favoris",
        "Comment marquer un canal comme favoris",
        "épingler une conversation ou un canal",
        "Épingler des conversation en haut",
        "Épingler les messages importants",
        "Marquer les messages importants",
        "Définir les conversations importantes"
      ],
      "dialogId": "new_topic_b223716b31a44c268c9b130ac0110ec1",
      "isTriggeringEnabled": true,
      "id": "new_topic_b223716b31a44c268c9b130ac0110ec1",
      "displayName": "épingler une conversation ou un canal",
      "description": "",
      "createdTime": "2021-01-13T22:20:51.2381463Z",
      "updatedTime": "2021-05-21T09:54:53.0345784Z",
      "createdUserId": "f04d3cd9-b73d-4ba9-a1ed-9319eba29b21",
      "updatedUserId": "e0b2a139-a3df-4f92-b6af-6b0d3038fe4b"
    }
  ],
  "dialogs": [
    {
      "rootNodeId": "33a15e40-ca28-494d-961f-f8b652c1e2f1",
      "messageNodes": [
        {
          "botMessageId": "9bbb2429-0750-4381-be56-f32a143ab1cb",
          "nodeType": "BotMessageNode",
          "id": "33a15e40-ca28-494d-961f-f8b652c1e2f1",
          "defaultTargetNodeId": "157fbf03-10c3-4e0c-93b4-92f5ed05e5fe"
        },
        {
          "botMessageId": "bae3cae4-1e38-4d2a-9d0e-6ac0f323a06f",
          "nodeType": "BotMessageNode",
          "id": "157fbf03-10c3-4e0c-93b4-92f5ed05e5fe",
          "defaultTargetNodeId": "9a6b7c25-3038-45ce-bd4b-b7cf86065d54"
        },
        {
          "botMessageId": "d301cc2d-a40c-4625-9265-3933298e7460",
          "nodeType": "BotMessageNode",
          "id": "9a6b7c25-3038-45ce-bd4b-b7cf86065d54",
          "defaultTargetNodeId": "79d6690c-4d4e-4b33-a7f3-b25e2e1a33fb"
        }
      ],
      "dialogChangeNodes": [
        {
          "targetDialogId": "new_topic_eac3f49c99664313a9d9dc19d80a79a2_aeabea4d071f415c8c107e1cb7af5424_assumedsuccess",
          "nodeType": "DialogChangeNode",
          "id": "79d6690c-4d4e-4b33-a7f3-b25e2e1a33fb"
        }
      ],
      "id": "new_topic_b223716b31a44c268c9b130ac0110ec1",
      "displayName": "Dialog for How do I Pin a chat or channel?",
      "createdTime": "2021-01-13T22:20:51.2381463Z",
      "updatedTime": "2021-04-17T13:19:13.9080859Z",
      "createdUserId": "f04d3cd9-b73d-4ba9-a1ed-9319eba29b21",
      "updatedUserId": "75392dcd-00bb-4588-89e9-c55bcbe40ccb"
    }
  ],
  "botMessages": [
    {
      "channelContent": {
        "web": {
          "contentFormat": "Markdown",
          "content": "[Vous pouvez épingler des conversations ou des canaux](https://support.microsoft.com/fr-fr/office/show-hide-or-pin-a-team-or-channel-in-teams-91a37043-acea-49b0-9dfc-aec37b2e92b8) en haut de la liste de vos équipes ou de vos conversations."
        }
      },
      "id": "9bbb2429-0750-4381-be56-f32a143ab1cb",
      "createdTime": "2021-01-13T22:20:51.2381463Z",
      "updatedTime": "2021-01-13T22:20:51.2381463Z",
      "createdUserId": "f04d3cd9-b73d-4ba9-a1ed-9319eba29b21",
      "updatedUserId": "f04d3cd9-b73d-4ba9-a1ed-9319eba29b21"
    },
    {
      "channelContent": {
        "web": {
          "contentFormat": "Markdown",
          "content": "1.  Choisir une conversation ou un canal que vous souhaitez épingler.\n2.  Cliquer sur **Autres options** (...) > épingler."
        }
      },
      "id": "bae3cae4-1e38-4d2a-9d0e-6ac0f323a06f",
      "createdTime": "2021-01-27T20:26:13.396Z",
      "updatedTime": "2021-01-27T20:26:13.396Z",
      "createdUserId": "user-0",
      "updatedUserId": "user-0"
    },
    {
      "channelContent": {
        "web": {
          "contentFormat": "Markdown",
          "content": "Si vous changez d'avis, cliquez à nouveau sur l'équipe et choisissez **détacher**."
        }
      },
      "id": "d301cc2d-a40c-4625-9265-3933298e7460",
      "createdTime": "2021-01-27T20:27:32.19Z",
      "updatedTime": "2021-01-27T20:27:32.19Z",
      "createdUserId": "user-0",
      "updatedUserId": "user-0"
    }
  ],
  "createdUtc": "0001-01-01T00:00:00Z"
}