{
  "intents": [
    {
      "endUserOverrideName": "Regler för kanalnamn?",
      "triggerQueries": [
        "Vilka regler för namn i kanaler finns?",
        "Namngivningsregler för kanaler?"
      ],
      "dialogId": "new_topic_34b0fb851bef44e1b3130625cf7267f8",
      "isTriggeringEnabled": true,
      "id": "new_topic_34b0fb851bef44e1b3130625cf7267f8",
      "displayName": "Namngivningsregler för kanaler?",
      "description": "https://faqtimafiles.blob.core.windows.net/filesfortima-adoptbot/svenska frågor till adoptbot PVA (Swedish QnA for AdoptBot).docx",
      "createdTime": "2020-11-24T14:37:53.8230909Z",
      "updatedTime": "2021-01-14T16:30:30.7728106Z",
      "createdUserId": "f04d3cd9-b73d-4ba9-a1ed-9319eba29b21",
      "updatedUserId": "f04d3cd9-b73d-4ba9-a1ed-9319eba29b21"
    }
  ],
  "dialogs": [
    {
      "rootNodeId": "81088b3d-ee05-476f-8b71-f55316297dde",
      "messageNodes": [
        {
          "botMessageId": "473b0dc2-53b2-4700-82a2-bb43973843b1",
          "nodeType": "BotMessageNode",
          "id": "81088b3d-ee05-476f-8b71-f55316297dde",
          "defaultTargetNodeId": "5e986aab-f38d-40fb-8f2b-df5a6f5be692"
        },
        {
          "botMessageId": "e8a444d8-3a14-4bee-9303-5ee9240ea180",
          "nodeType": "BotMessageNode",
          "id": "5e986aab-f38d-40fb-8f2b-df5a6f5be692",
          "defaultTargetNodeId": "4c12745d-0387-4d8d-8da6-fe0a4b912621"
        }
      ],
      "dialogChangeNodes": [
        {
          "targetDialogId": "new_topic_84ec227c19784e7ba25cb34f4638f91e_aeabea4d071f415c8c107e1cb7af5424_assumedsuccess",
          "nodeType": "DialogChangeNode",
          "id": "4c12745d-0387-4d8d-8da6-fe0a4b912621"
        }
      ],
      "id": "new_topic_34b0fb851bef44e1b3130625cf7267f8",
      "displayName": "Dialog for Namngivningsregler för kanaler?",
      "createdTime": "2020-11-24T14:37:53.8230909Z",
      "updatedTime": "2021-01-13T16:37:02.9824153Z",
      "createdUserId": "f04d3cd9-b73d-4ba9-a1ed-9319eba29b21",
      "updatedUserId": "f04d3cd9-b73d-4ba9-a1ed-9319eba29b21"
    }
  ],
  "botMessages": [
    {
      "channelContent": {
        "web": {
          "contentFormat": "Markdown",
          "content": "Kanalnamnen får inte innehålla följande tecken eller ord.\n\n**Tecken:** ~ # % & \\* {{ }} + / \\\\ : < > ? |' ' .\n\n**Ord:** formulär, CON, CONIN$, CONOUT$, PRN, AUX, NUL, COM1 till COM9, LPT1 till LPT9, desktop.ini, \\_vti\\_notes."
        }
      },
      "id": "473b0dc2-53b2-4700-82a2-bb43973843b1",
      "createdTime": "2020-11-24T14:37:53.8230909Z",
      "updatedTime": "2020-11-24T14:37:53.8230909Z",
      "createdUserId": "f04d3cd9-b73d-4ba9-a1ed-9319eba29b21",
      "updatedUserId": "f04d3cd9-b73d-4ba9-a1ed-9319eba29b21"
    },
    {
      "channelContent": {
        "web": {
          "contentFormat": "Markdown",
          "content": "Kanalnamn kan inte heller börja med ett understreck (\\_) eller punkt (.), eller sluta med en punkt(.)."
        }
      },
      "id": "e8a444d8-3a14-4bee-9303-5ee9240ea180",
      "createdTime": "2021-01-13T16:36:44.894Z",
      "updatedTime": "2021-01-13T16:36:44.894Z",
      "createdUserId": "user-0",
      "updatedUserId": "user-0"
    }
  ]
}