{
  "intents": [
    {
      "endUserOverrideName": "How many members can a team have?",
      "triggerQueries": [
        "How many members can a team have?",
        "What's the member limit for a team?",
        "What's the maximum number of members I can have in a team?",
        "maximum number of members in a team",
        "how many can you be in a team?",
        "how big can a team be?",
        "size of team",
        "maximum limit of members",
        "How many members can I add to my Team?",
        "Maximum number in the same team?",
        "Can I add all my team members to the new Team?",
        "maximum number of team members?",
        "What is the maximum number of members I can have in a team?"
      ],
      "dialogId": "new_topic_7321abdb8bbe4c62bfe401624d24868e",
      "isTriggeringEnabled": true,
      "id": "new_topic_7321abdb8bbe4c62bfe401624d24868e",
      "displayName": "What is the maximum number of members I can have in a team?",
      "description": "",
      "createdTime": "2021-01-13T22:20:51.2371466Z",
      "updatedTime": "2023-11-16T13:32:19.3332992Z",
      "createdUserId": "f04d3cd9-b73d-4ba9-a1ed-9319eba29b21",
      "updatedUserId": "c8d29cfd-efef-47c1-8e02-210c8be30c37"
    }
  ],
  "dialogs": [
    {
      "rootNodeId": "ddf12bbd-9e02-4866-addd-d8c5addf1c3b",
      "messageNodes": [
        {
          "botMessageId": "39778632-9268-4f57-878a-f67027c13794",
          "nodeType": "BotMessageNode",
          "id": "ddf12bbd-9e02-4866-addd-d8c5addf1c3b",
          "defaultTargetNodeId": "9100ca65-185a-4409-8ef7-f809d07cb14d"
        },
        {
          "botMessageId": "ff953899-4e56-4348-b134-1fe5a18cc9b2",
          "nodeType": "BotMessageNode",
          "id": "9100ca65-185a-4409-8ef7-f809d07cb14d",
          "defaultTargetNodeId": "ddd671cd-6931-46c9-a987-466a9e841e5c"
        }
      ],
      "dialogChangeNodes": [
        {
          "targetDialogId": "new_topic_eac3f49c99664313a9d9dc19d80a79a2_aeabea4d071f415c8c107e1cb7af5424_assumedsuccess",
          "nodeType": "DialogChangeNode",
          "id": "ddd671cd-6931-46c9-a987-466a9e841e5c"
        }
      ],
      "id": "new_topic_7321abdb8bbe4c62bfe401624d24868e",
      "displayName": "Dialog for What is the maximum number of members I can have in a team?",
      "createdTime": "2021-01-13T22:20:51.2371466Z",
      "updatedTime": "2023-11-16T13:32:19.3332987Z",
      "createdUserId": "f04d3cd9-b73d-4ba9-a1ed-9319eba29b21",
      "updatedUserId": "c8d29cfd-efef-47c1-8e02-210c8be30c37"
    }
  ],
  "botMessages": [
    {
      "channelContent": {
        "web": {
          "contentFormat": "Markdown",
          "content": "[The maximum number of members of a team](https://docs.microsoft.com/en-us/microsoftteams/limits-specifications-teams) is 25,000 people (2024)."
        }
      },
      "id": "39778632-9268-4f57-878a-f67027c13794",
      "createdTime": "2021-01-13T22:20:51.2371466Z",
      "updatedTime": "2021-01-13T22:20:51.2371466Z",
      "createdUserId": "f04d3cd9-b73d-4ba9-a1ed-9319eba29b21",
      "updatedUserId": "f04d3cd9-b73d-4ba9-a1ed-9319eba29b21"
    },
    {
      "channelContent": {
        "web": {
          "contentFormat": "Markdown",
          "content": "💡 Always click the link for the latest up-to-date info and details, as limits may have been raised."
        }
      },
      "id": "ff953899-4e56-4348-b134-1fe5a18cc9b2",
      "createdTime": "2021-01-27T11:07:01.365Z",
      "updatedTime": "2021-01-27T11:07:01.365Z",
      "createdUserId": "user-0",
      "updatedUserId": "user-0"
    }
  ]
}