{
  "intents": [
    {
      "endUserOverrideName": "Membro di un team",
      "triggerQueries": [
        "Cosa significa essere un membro di un Team?",
        "chi è un membro del team?",
        "Chi è un membro del team?",
        "Cos'è un membro del team?"
      ],
      "dialogId": "new_topic_b805c43792d7486484715822f6e546cb",
      "isTriggeringEnabled": true,
      "id": "new_topic_b805c43792d7486484715822f6e546cb",
      "displayName": "Cosa significa essere un membro di un Team?",
      "createdTime": "2022-04-28T19:24:29.5335516Z",
      "updatedTime": "2022-04-28T19:24:29.5335516Z",
      "createdUserId": "9451fc51-e00d-4445-8ff9-efb70866dc3b",
      "updatedUserId": "9451fc51-e00d-4445-8ff9-efb70866dc3b"
    }
  ],
  "dialogs": [
    {
      "rootNodeId": "cea7c86a-b457-4fcb-ac73-225392ea19a5",
      "messageNodes": [
        {
          "botMessageId": "19b8b7a7-9561-4364-9fe8-3dc19536f9ac",
          "nodeType": "BotMessageNode",
          "id": "cea7c86a-b457-4fcb-ac73-225392ea19a5",
          "defaultTargetNodeId": "4e433d73-4e75-4156-b3f8-7af109e9d978"
        }
      ],
      "dialogChangeNodes": [
        {
          "targetDialogId": "new_topic_f98a24608ee04cb998de3e3e32703d5b_aeabea4d071f415c8c107e1cb7af5424_assumedsuccess",
          "nodeType": "DialogChangeNode",
          "id": "4e433d73-4e75-4156-b3f8-7af109e9d978"
        }
      ],
      "id": "new_topic_b805c43792d7486484715822f6e546cb",
      "displayName": "Senza titolo",
      "createdTime": "2022-04-28T19:24:29.5335516Z",
      "updatedTime": "2022-04-28T19:24:29.5335516Z",
      "createdUserId": "9451fc51-e00d-4445-8ff9-efb70866dc3b",
      "updatedUserId": "9451fc51-e00d-4445-8ff9-efb70866dc3b"
    }
  ],
  "botMessages": [
    {
      "channelContent": {
        "web": {
          "contentFormat": "Markdown",
          "content": "Persone che i proprietari del team invitano a unirsi al proprio team."
        }
      },
      "id": "19b8b7a7-9561-4364-9fe8-3dc19536f9ac",
      "createdTime": "2022-04-28T19:21:41.816Z",
      "updatedTime": "2022-04-28T19:21:41.816Z"
    }
  ]
}