{
  "intents": [
    {
      "endUserOverrideName": "Avancerad läsare i Teams",
      "triggerQueries": [
        "översätt meddelande till annat språk",
        "läsa upp något på andra språk",
        "ensaktill",
        "Immersive reader",
        "Vad är avancerad läsare?",
        "erbjuder teams uppläsning av text?",
        "Få text uppläst i Teams?",
        "lättare att läsa",
        "dyslexi",
        "läs- och skrivsvårigheter",
        "Avancerad läsare"
      ],
      "dialogId": "new_topic_51af7ef753534bcdada983637eb02b11",
      "isTriggeringEnabled": true,
      "id": "new_topic_51af7ef753534bcdada983637eb02b11",
      "displayName": "Vad är Avancerad läsare?",
      "description": "Manuell info (dokumentmall uppdaterad)",
      "createdTime": "2020-11-30T17:53:29.8738647Z",
      "updatedTime": "2020-11-30T17:57:06.4376893Z",
      "createdUserId": "f04d3cd9-b73d-4ba9-a1ed-9319eba29b21"
    }
  ],
  "dialogs": [
    {
      "rootNodeId": "b9185f01-8dfc-4dc0-a590-460f282a99e1",
      "messageNodes": [
        {
          "botMessageId": "91be82fd-3084-4afe-a0e4-aa29cc0af062",
          "nodeType": "BotMessageNode",
          "id": "b9185f01-8dfc-4dc0-a590-460f282a99e1",
          "defaultTargetNodeId": "bd4d7798-4605-4210-816c-e36b4dbeaada"
        },
        {
          "botMessageId": "71f7a2c4-059b-440e-9f15-59a75467427c",
          "nodeType": "BotMessageNode",
          "id": "bd4d7798-4605-4210-816c-e36b4dbeaada",
          "defaultTargetNodeId": "9c32f579-d32b-4987-8705-9b47244677a2"
        }
      ],
      "dialogChangeNodes": [
        {
          "targetDialogId": "new_topic_84ec227c19784e7ba25cb34f4638f91e_aeabea4d071f415c8c107e1cb7af5424_assumedsuccess",
          "nodeType": "DialogChangeNode",
          "id": "9c32f579-d32b-4987-8705-9b47244677a2"
        }
      ],
      "id": "new_topic_51af7ef753534bcdada983637eb02b11",
      "displayName": "Dialog for Vad är Avancerad läsare?",
      "createdTime": "2020-11-30T17:53:29.8738647Z",
      "updatedTime": "2020-11-30T18:00:08.1673236Z",
      "createdUserId": "f04d3cd9-b73d-4ba9-a1ed-9319eba29b21",
      "updatedUserId": "f04d3cd9-b73d-4ba9-a1ed-9319eba29b21"
    }
  ],
  "botMessages": [
    {
      "channelContent": {
        "web": {
          "contentFormat": "Markdown",
          "content": "[Klicka här för guide till Avancerad läsare i Teams (med bilder)](https://support.microsoft.com/sv-se/office/anv%C3%A4nda-avancerad-l%C3%A4sare-i-microsoft-teams-a700c0d0-bc53-4696-a94d-4fbc86ac7a9a)"
        }
      },
      "id": "91be82fd-3084-4afe-a0e4-aa29cc0af062",
      "createdTime": "2020-11-30T17:53:29.8738647Z",
      "updatedTime": "2020-11-30T17:53:29.8738647Z",
      "createdUserId": "f04d3cd9-b73d-4ba9-a1ed-9319eba29b21",
      "updatedUserId": "f04d3cd9-b73d-4ba9-a1ed-9319eba29b21"
    },
    {
      "channelContent": {
        "web": {
          "contentFormat": "Markdown",
          "content": "Om du önskar få text uppläst eller talar ett annat språk, kan du ta till dig text i Teams så den passar dig 💗. Även färg, form, storlek kan anpassas efter dina preferenser, vilket exempelvis underlättar för personer med läs- och skrivsvårigheter/dyslexi.   \nÄven bildordlista, radfokus och ordklasser finns som visuellt stöd.\n\nKlicka på **Fler alternativ ”…”** på vilket meddelande som helst i Teams och välj Avancerad läsare.\n\n💡**Prova gärna** med detta meddelande.\n\nInställningarna är unika för dig."
        }
      },
      "id": "71f7a2c4-059b-440e-9f15-59a75467427c",
      "createdTime": "2020-11-30T17:55:16.503Z",
      "updatedTime": "2020-11-30T17:55:16.503Z",
      "createdUserId": "user-0",
      "updatedUserId": "user-0"
    }
  ]
}