<ImportExportXml version="9.2.20123.143" SolutionPackageVersion="9.1" languagecode="1033" generatedBy="CrmLive" xmlns:xsi="http://www.w3.org/2001/XMLSchema-instance">
  <SolutionManifest>
    <UniqueName>TimonYourFAQbotforTeamsAdoptBot</UniqueName>
    <LocalizedNames>
      <LocalizedName description="Timon - Your FAQ bot for Teams (AdoptBot)" languagecode="1033" />
    </LocalizedNames>
    <Descriptions>
      <Description description="Timon is an English-speaking bot, who answers questions about using Microsoft Teams.&#xA;&#xA;🔎If Timon doesn’t know the answer, you'll get help sending your question and/or feedback to internal experts.&#xA;&#xA;❗Please note that the Timon Bot is provided &quot;as is&quot; without any warranties or support. It is not allowed to sell this solution or re-package in any commercial offer. Timon can be used directly as is, but is intended to be maintained and updated/edited by organizations who wish to make it their own.&#xA;&#xA;🐱‍👤 Timon was created in 2021 by: Erik Olsson (Microsoft)&#xA;&#xA;🌎🌍🌏 Thanks to: Nina Pierre, Matt Hickey, Karen Peck, Jong Hoon Moon, Jace Moreno, Nick Combellack, Angela Thai Thien Nghia, Nidhi Shandilya, Pawan Gulati, Na-Young Kwon, Johan Rebeling, Belinda Parker, Donald Donais, Prasanna Bhat for their support of this idea/concept.&#xA;&#xA;Special thanks to Erika Åberg, Henrik Wilhelmsson, Nina Dahlström, Denniz Svens, Mattias Kressmark for their help on the original Tima 🔗aka.ms/TimaGuide (Swedish)&#xA;&#xA;💡Built in Power Virtual Agents (Online). A ready-to-go bot for anyone using Teams, to use and edit as they wish.&#xA;&#xA;Timon's knowledge is based on official Microsoft information pointing to evergreen sources.&#xA;&#xA;✅Public Beginner's Guide. How to deploy Timon in 15-60 min, to any tenant.&#xA;&#xA;🔗aka.ms/TimonGuide&#xA;&#xA;[Covers Power Platform, Teams and Licensing]&#xA;&#xA;Timon's image is designed by vectorpouch / Freepik - https://www.freepik.com/vectorpouch&#xA;&#xA;✨Inspired by Matt Hickey's AdoptBot concept - aka.ms/adoptbot" languagecode="1033" />
    </Descriptions>
    <Version>1.3.0.3</Version>
    <Managed>0</Managed>
    <Publisher>
      <UniqueName>ErikOlsson</UniqueName>
      <LocalizedNames>
        <LocalizedName description="Erik Olsson" languagecode="1033" />
      </LocalizedNames>
      <Descriptions />
      <EMailAddress xsi:nil="true"></EMailAddress>
      <SupportingWebsiteUrl xsi:nil="true"></SupportingWebsiteUrl>
      <CustomizationPrefix>cr29a</CustomizationPrefix>
      <CustomizationOptionValuePrefix>83680</CustomizationOptionValuePrefix>
    </Publisher>
    <RootComponents>
      <RootComponent type="29" id="{22036560-5e5e-eb11-a812-000d3a9bb82a}" behavior="0" />
      <RootComponent type="29" id="{8a84184f-8b5d-eb11-a812-000d3a9bb82a}" behavior="0" />
      <RootComponent type="29" id="{c9579f47-cb2f-eb11-a813-000d3a98dbb4}" behavior="0" />
    </RootComponents>
    <MissingDependencies />
  </SolutionManifest>
</ImportExportXml>