{
  "intents": [
    {
      "endUserOverrideName": "Bearbeiten einer gesendeten Nachricht",
      "triggerQueries": [
        "Wie bearbeite ich eine gesendete Nachricht?",
        "Wie bearbeite ich Nachrichten?",
        "Ich möchte etwas ändern, das ich gesendet habe",
        "Kann ich eine gesendete Nachricht ändern?",
        "Wie kann ich eine gesendete Nachricht bearbeiten?",
        "Bearbeiten einer gesendeten Nachricht"
      ],
      "dialogId": "new_topic_5dbaecb5543e425d8380cf66e8e73000",
      "isTriggeringEnabled": true,
      "id": "new_topic_5dbaecb5543e425d8380cf66e8e73000",
      "displayName": "Wie bearbeite ich eine gesendete Nachricht?",
      "description": "",
      "createdTime": "2021-04-15T15:43:53.441291Z",
      "updatedTime": "2021-04-15T15:43:53.441291Z",
      "createdUserId": "d4c65e50-fb5c-4311-830a-05b59a11dd48"
    }
  ],
  "dialogs": [
    {
      "rootNodeId": "79f7c52e-d967-42f9-9af1-871ab325f1e5",
      "messageNodes": [
        {
          "botMessageId": "5e9d4ec1-625a-4853-847b-b69c1eeae0c1",
          "nodeType": "BotMessageNode",
          "id": "79f7c52e-d967-42f9-9af1-871ab325f1e5",
          "defaultTargetNodeId": "cc9ffce2-1787-470e-9d8e-49be68bb6cff"
        },
        {
          "botMessageId": "955e14be-fc31-4c5f-bd5b-f64186a674f5",
          "nodeType": "BotMessageNode",
          "id": "cc9ffce2-1787-470e-9d8e-49be68bb6cff",
          "defaultTargetNodeId": "db0686b9-f6e7-4c1d-b487-c78a8a728cbc"
        },
        {
          "botMessageId": "a00c4d40-5bab-4ad7-b2e8-47573ff8a77b",
          "nodeType": "BotMessageNode",
          "id": "db0686b9-f6e7-4c1d-b487-c78a8a728cbc",
          "defaultTargetNodeId": "a4449f5d-2a27-43c6-883a-aa12b9ca281e"
        }
      ],
      "dialogChangeNodes": [
        {
          "targetDialogId": "new_topic_30867099f4b543d3b8543a85c22c3418_aeabea4d071f415c8c107e1cb7af5424_assumedsuccess",
          "nodeType": "DialogChangeNode",
          "id": "a4449f5d-2a27-43c6-883a-aa12b9ca281e"
        }
      ],
      "id": "new_topic_5dbaecb5543e425d8380cf66e8e73000",
      "displayName": "Dialog for Wie bearbeite ich eine gesendete Nachricht?",
      "createdTime": "2021-04-15T15:43:53.441291Z",
      "updatedTime": "2021-04-15T15:48:31.8224853Z",
      "createdUserId": "d4c65e50-fb5c-4311-830a-05b59a11dd48",
      "updatedUserId": "d4c65e50-fb5c-4311-830a-05b59a11dd48"
    }
  ],
  "botMessages": [
    {
      "channelContent": {
        "web": {
          "contentFormat": "Markdown",
          "content": "Sie können alle Nachrichten bearbeiten, die Sie an einen Chat oder Kanal gesendet haben."
        }
      },
      "id": "5e9d4ec1-625a-4853-847b-b69c1eeae0c1",
      "createdTime": "2021-04-15T15:43:53.441291Z",
      "updatedTime": "2021-04-15T15:43:53.441291Z",
      "createdUserId": "d4c65e50-fb5c-4311-830a-05b59a11dd48",
      "updatedUserId": "d4c65e50-fb5c-4311-830a-05b59a11dd48"
    },
    {
      "channelContent": {
        "web": {
          "contentFormat": "Markdown",
          "content": "1.  Wechseln Sie zur Nachricht und wählen Sie **weitere Optionen (...) > Bearbeiten** aus.\n2.  Nehmen Sie Änderungen an Ihrer Nachricht vor, und senden Sie sie, um das Update zu speichern.\n\nEs gibt keine Begrenzung für die Anzahl der Änderungen an einer gesendeten Nachricht!"
        }
      },
      "id": "955e14be-fc31-4c5f-bd5b-f64186a674f5",
      "createdTime": "2021-04-15T15:44:40.527Z",
      "updatedTime": "2021-04-15T15:44:40.527Z",
      "createdUserId": "user-0",
      "updatedUserId": "user-0"
    },
    {
      "channelContent": {
        "web": {
          "contentFormat": "Markdown",
          "content": "**Hinweis**: Ihre Organisation oder einige Teams haben diese Option möglicherweise deaktiviert."
        }
      },
      "id": "a00c4d40-5bab-4ad7-b2e8-47573ff8a77b",
      "createdTime": "2021-04-15T15:44:43.931Z",
      "updatedTime": "2021-04-15T15:44:43.931Z",
      "createdUserId": "user-0",
      "updatedUserId": "user-0"
    }
  ],
  "createdUtc": "0001-01-01T00:00:00Z"
}