{
  "intents": [
    {
      "intentType": "Regular",
      "endUserOverrideName": "Hantera arbetspass i Teams (Shifts)?",
      "triggerQueries": [
        "Vad är shifts i Teams?",
        "Ett uppdaterat schema? Arbetspass i Teams",
        "Microsofts Shifts app",
        "schemalägga personal",
        "hantera arbetspass för personal",
        "Arbetsspass för första linjens medarbetare",
        "Personer som jobbar skift",
        "skiftbaserat arbete",
        "liveuppdaterat schema",
        "alltid uppdaterad schema",
        "Skapa ett schema för mitt team",
        "Kan vi ha ett schema för teamet?",
        "Hur kan jag se vem som arbetar ett visst pass?",
        "byta arbetspass på jobbet",
        "byta arbetspass med kollega",
        "Kan någon täcka mitt skift?",
        "vad är arbetspass appen",
        "Vad använder man Arbetspass i teams till?",
        "Vad är skiftappen?",
        "Jag måste hanterar personal som jobbar skift",
        "Jag måste hanterar personal som jobbar passbaserat",
        "tidsrapportera skift",
        "tidrapportera ett pass",
        "stämpelklocka",
        "frontline workers shifts",
        "hantera olika skift för mitt team",
        "Skapa ett schema för mitt team",
        "få åtkomst till arbetspass från mobilen",
        "vem kan täcka mitt skift?",
        "Alltid uppdaterat schema över mina pass?",
        "mobilt arbetsschema",
        "Vad kan appen Shifts göra i Teams?",
        "Vad kan appen Arbetspass göra i Teams?",
        "Hantera Arbetspass (Shifts) i Teams?",
        "Vad är Arbetspass (Shifts) i Teams?"
      ],
      "dialogId": "new_topic_88c5c2e169024fb1a90ec818f9a924f2",
      "isTriggeringEnabled": true,
      "id": "new_topic_88c5c2e169024fb1a90ec818f9a924f2",
      "displayName": "Vad är Arbetspass (Shifts) i Teams?",
      "description": "https://faqtimafiles.blob.core.windows.net/filesfortima-adoptbot/svenska frågor till adoptbot PVA (Swedish QnA for AdoptBot).docx",
      "createdTime": "2021-02-05T12:12:35.7070828Z",
      "updatedTime": "2021-02-11T13:39:40.6759663Z",
      "createdUserId": "f04d3cd9-b73d-4ba9-a1ed-9319eba29b21",
      "updatedUserId": "f04d3cd9-b73d-4ba9-a1ed-9319eba29b21"
    }
  ],
  "dialogs": [
    {
      "rootNodeId": "5fe242a9-ae1b-4dcc-87d9-3c3b6f91f6bc",
      "messageNodes": [
        {
          "botMessageId": "3e47f8e7-0e72-4393-8242-23e2c304fa69",
          "nodeType": "BotMessageNode",
          "id": "5fe242a9-ae1b-4dcc-87d9-3c3b6f91f6bc",
          "defaultTargetNodeId": "bbc1de29-f6b9-4112-82af-20323fa3b5ff"
        },
        {
          "botMessageId": "bb090241-9bf5-4683-b5d7-6f74014387db",
          "nodeType": "BotMessageNode",
          "id": "bbc1de29-f6b9-4112-82af-20323fa3b5ff",
          "defaultTargetNodeId": "2ef5e3ef-f28b-498d-872d-db5ccd59cbec"
        },
        {
          "botMessageId": "6131cd5a-f1f2-4cc5-8a4b-cd4a5423c480",
          "nodeType": "BotMessageNode",
          "id": "2ef5e3ef-f28b-498d-872d-db5ccd59cbec",
          "defaultTargetNodeId": "4bc9c8df-0dcc-44f6-894a-872bb95ef375"
        },
        {
          "botMessageId": "3fe625e8-3418-428c-a032-11c4b0eeb191",
          "nodeType": "BotMessageNode",
          "id": "4bc9c8df-0dcc-44f6-894a-872bb95ef375",
          "defaultTargetNodeId": "0781d8ee-adbc-41e0-bf7d-ca35af05a73c"
        },
        {
          "botMessageId": "2b28d76b-16ba-435b-94ec-565f5c495dbd",
          "nodeType": "BotMessageNode",
          "id": "0781d8ee-adbc-41e0-bf7d-ca35af05a73c",
          "defaultTargetNodeId": "18c50659-c033-479b-bbc9-1f61152abe87"
        }
      ],
      "dialogChangeNodes": [
        {
          "targetDialogId": "new_topic_84ec227c19784e7ba25cb34f4638f91e_aeabea4d071f415c8c107e1cb7af5424_assumedsuccess",
          "nodeType": "DialogChangeNode",
          "id": "18c50659-c033-479b-bbc9-1f61152abe87"
        }
      ],
      "id": "new_topic_88c5c2e169024fb1a90ec818f9a924f2",
      "displayName": "Dialog for Vad är Arbetspass (Shifts) i Teams?",
      "createdTime": "2021-02-05T12:12:35.7070828Z",
      "updatedTime": "2021-02-11T13:40:07.5017909Z",
      "createdUserId": "f04d3cd9-b73d-4ba9-a1ed-9319eba29b21",
      "updatedUserId": "f04d3cd9-b73d-4ba9-a1ed-9319eba29b21"
    }
  ],
  "botMessages": [
    {
      "channelContent": {
        "web": {
          "contentFormat": "Markdown",
          "content": "Personer som arbetar skift- eller pass-baserat önskar ofta att de hade ett liveuppdaterat schema i mobilen..."
        }
      },
      "id": "3e47f8e7-0e72-4393-8242-23e2c304fa69",
      "createdTime": "2021-02-05T12:12:35.7070828Z",
      "updatedTime": "2021-02-05T12:12:35.7070828Z",
      "createdUserId": "f04d3cd9-b73d-4ba9-a1ed-9319eba29b21",
      "updatedUserId": "f04d3cd9-b73d-4ba9-a1ed-9319eba29b21"
    },
    {
      "channelContent": {
        "web": {
          "contentFormat": "Markdown",
          "content": "Men det kan ju alla få!   \n[Arbetspass (Shifts) i Teams](https://support.microsoft.com/sv-se/office/vad-%c3%a4r-arbetspass-f8efe6e4-ddb3-4d23-b81b-bb812296b821?ui=sv-SE&rs=sv-SE&ad=SE) är en gratis Teams-app för att hantera ett live-uppdaterat schema och hålla dig synkad med ditt team. Utformat för att vara en \"_skrivbordsfri medarbetares_\" bästa vän, eller åtminstone ett uppdaterat arbetsschema 😉.\n\n**Tillgängligt direkt i mobilen.**"
        }
      },
      "id": "bb090241-9bf5-4683-b5d7-6f74014387db",
      "createdTime": "2021-02-05T12:48:00.194Z",
      "updatedTime": "2021-02-05T12:48:00.194Z",
      "createdUserId": "user-0",
      "updatedUserId": "user-0"
    },
    {
      "channelContent": {
        "web": {
          "contentFormat": "Markdown",
          "content": "🎬 [**Se den här videon (ca 1 min)**, med svenska undertexter, om Arbetspass (Shifts) på mobilen](https://support.microsoft.com/sv-se/office/arbetspass-f%c3%b6r-medarbetare-i-frontlinjen-74f47ad2-7b6a-4605-8cf4-2b6ceb1cdcae?ui=sv-SE&rs=sv-SE&ad=SE)."
        }
      },
      "id": "6131cd5a-f1f2-4cc5-8a4b-cd4a5423c480",
      "createdTime": "2021-02-05T12:48:24.407Z",
      "updatedTime": "2021-02-05T12:48:24.407Z",
      "createdUserId": "user-0",
      "updatedUserId": "user-0"
    },
    {
      "channelContent": {
        "web": {
          "contentFormat": "Markdown",
          "content": "**Hantera dina arbetspass/skift**\n\n*   📅Schema över arbetspass  \n     - Se alltid vem som jobbar vilket skift/pass. Du ser vem som är online baserat på deras [närvaro i Teams](https://docs.microsoft.com/sv-se/microsoftteams/presence-admins).\n*   📲Så när du vill prata med någon, klicka bara på deras namn/bild! (Glöm gamla telefonlistor eller att behöva gissa vem som är tillgänglig).\n*   📝Se och lägg till anteckningar för särskilda detaljer om ett arbetspass.\n*   🕓Mät arbetstid – Med stämpelklockan kan du starta, pausa eller avsluta ditt arbetspass."
        }
      },
      "id": "3fe625e8-3418-428c-a032-11c4b0eeb191",
      "createdTime": "2021-02-05T12:49:50.753Z",
      "updatedTime": "2021-02-05T12:49:50.753Z",
      "createdUserId": "user-0",
      "updatedUserId": "user-0"
    },
    {
      "channelContent": {
        "web": {
          "contentFormat": "Markdown",
          "content": "💡**Tips:** _Om du anser dig vara ”skrivbordsfri” när du jobbar, se om_ [_Teams Walkie Talkie-funktion_](https://support.microsoft.com/sv-se/office/get-started-with-teams-walkie-talkie-25bdc3d5-bbb2-41b7-89bf-650fae0c8e0c) _kan vara något för dig._"
        }
      },
      "id": "2b28d76b-16ba-435b-94ec-565f5c495dbd",
      "createdTime": "2021-02-05T12:53:34.026Z",
      "updatedTime": "2021-02-05T12:53:34.026Z",
      "createdUserId": "user-0",
      "updatedUserId": "user-0"
    }
  ]
}