{
  "intents": [
    {
      "endUserOverrideName": "Obtenir son code PIN",
      "triggerQueries": [
        "je ne souviens plus de mon code PIN",
        "je cherche mon code PIN",
        "Je ne retrouve plus mon code PIN",
        "Comment Obtenir son code PIN",
        "Comment un utilisateur accède-t-il ou modifie-t-il le code PIN?",
        "Réinitialiser le code PIN dans Teams",
        "Qui peut réinitialiser le code PIN?",
        "comment réinitialiser le code PIN",
        "Puis-je retrouver et modifier mon code PIN?",
        "Comment un utilisateur accède-t-il ou modifie-t-il son code PIN?"
      ],
      "dialogId": "new_topic_bb494bc741f34ddc917e8db319296cca",
      "isTriggeringEnabled": true,
      "id": "new_topic_bb494bc741f34ddc917e8db319296cca",
      "displayName": "Comment un utilisateur accède-t-il ou modifie-t-il son code PIN?",
      "description": "",
      "createdTime": "2021-01-13T22:20:51.2381463Z",
      "updatedTime": "2021-05-25T00:46:28.9128965Z",
      "createdUserId": "f04d3cd9-b73d-4ba9-a1ed-9319eba29b21",
      "updatedUserId": "a2c4aa2c-d830-41eb-bcf4-467a2c7e1279"
    }
  ],
  "dialogs": [
    {
      "rootNodeId": "2a7f2d18-c6dc-47cd-af4b-5523894915d5",
      "messageNodes": [
        {
          "botMessageId": "0d6950f0-b62f-4ab8-840a-36dbd686d8be",
          "nodeType": "BotMessageNode",
          "id": "2a7f2d18-c6dc-47cd-af4b-5523894915d5",
          "defaultTargetNodeId": "13fe5122-eeaa-4aab-a5d5-5241934cc13c"
        },
        {
          "botMessageId": "f425de5d-c6b9-4a0f-af70-a70085c14ae4",
          "nodeType": "BotMessageNode",
          "id": "13fe5122-eeaa-4aab-a5d5-5241934cc13c",
          "defaultTargetNodeId": "39c2620b-d114-4982-925c-33f5f9e7cbf0"
        },
        {
          "botMessageId": "403fef05-e6c0-4790-be80-487b8ec7e0ca",
          "nodeType": "BotMessageNode",
          "id": "39c2620b-d114-4982-925c-33f5f9e7cbf0",
          "defaultTargetNodeId": "22d5c54f-7be8-4c1e-a0fd-ad7e3974c27e"
        }
      ],
      "dialogChangeNodes": [
        {
          "targetDialogId": "new_topic_eac3f49c99664313a9d9dc19d80a79a2_aeabea4d071f415c8c107e1cb7af5424_assumedsuccess",
          "nodeType": "DialogChangeNode",
          "id": "22d5c54f-7be8-4c1e-a0fd-ad7e3974c27e"
        }
      ],
      "id": "new_topic_bb494bc741f34ddc917e8db319296cca",
      "displayName": "Dialog for How does a user access or change their PIN?",
      "createdTime": "2021-01-13T22:20:51.2381463Z",
      "updatedTime": "2021-05-25T00:48:41.7023168Z",
      "createdUserId": "f04d3cd9-b73d-4ba9-a1ed-9319eba29b21",
      "updatedUserId": "a2c4aa2c-d830-41eb-bcf4-467a2c7e1279"
    }
  ],
  "botMessages": [
    {
      "channelContent": {
        "web": {
          "contentFormat": "Markdown",
          "content": "Un code PIN confidentiel est créé pour chaque utilisateur de Microsoft Teams activé pour l’audioconférence. Il est utilisé par les organisateurs de réunions pour identifier qu’ils en sont l’organisateur et les autoriser à démarrer une réunion par téléphone."
        }
      },
      "id": "0d6950f0-b62f-4ab8-840a-36dbd686d8be",
      "createdTime": "2021-01-13T22:20:51.2381463Z",
      "updatedTime": "2021-01-13T22:20:51.2381463Z",
      "createdUserId": "f04d3cd9-b73d-4ba9-a1ed-9319eba29b21",
      "updatedUserId": "f04d3cd9-b73d-4ba9-a1ed-9319eba29b21"
    },
    {
      "channelContent": {
        "web": {
          "contentFormat": "Markdown",
          "content": "Ce code confidentiel a été envoyé par mail lors de l'activation pour l’audioconférence.\n\n_Certaines organisations désactivent l'envoi de ce mail automatique._"
        }
      },
      "id": "f425de5d-c6b9-4a0f-af70-a70085c14ae4",
      "createdTime": "2021-05-25T00:39:39.452Z",
      "updatedTime": "2021-05-25T00:39:39.452Z",
      "createdUserId": "user-0",
      "updatedUserId": "user-0"
    },
    {
      "channelContent": {
        "web": {
          "contentFormat": "Markdown",
          "content": "Si vous avez oublié votre code confidentiel et que vous ne le retrouvez pas dans le courrier électronique qui vous a été envoyé pour l’audioconférence, un administrateur peut réinitialiser votre code confidentiel ou vous pouvez le faire vous même [via une page web](https://admin0m.online.lync.com/lscp/usp/pstnconferencing).\n\nPour plus d'informations, consultez: [Réinitialiser le code confidentiel d’audioconférence dans Microsoft Teams](https://docs.microsoft.com/fr-fr/microsoftteams/reset-the-audio-conferencing-pin-in-teams)"
        }
      },
      "id": "403fef05-e6c0-4790-be80-487b8ec7e0ca",
      "createdTime": "2021-05-25T00:41:17.987Z",
      "updatedTime": "2021-05-25T00:41:17.987Z",
      "createdUserId": "user-0",
      "updatedUserId": "user-0"
    }
  ]
}