{
  "intents": [
    {
      "intentType": "Regular",
      "triggerQueries": [
        "Varför ska jag ringa in till ett möte?",
        "Fördelar med digitalt möte?",
        "Varför ska jag ha en telefonkonferens?",
        "Vilka är fördelarna med telefonkonferenser?"
      ],
      "dialogId": "new_topic_98712f5cb3034c91b9aaf8e208e9c442",
      "isTriggeringEnabled": true,
      "id": "new_topic_98712f5cb3034c91b9aaf8e208e9c442",
      "displayName": "Vilka är fördelarna med telefonkonferenser?",
      "description": "https://intranat.helsingborg.se/wp-content/uploads/2020/11/svenska-fracc8agor-till-adoptbot-pva.docx",
      "createdTime": "2020-11-24T14:37:53.8220925Z",
      "updatedTime": "2020-12-10T06:50:10.4435193Z",
      "createdUserId": "f04d3cd9-b73d-4ba9-a1ed-9319eba29b21",
      "updatedUserId": "844fcc91-8b17-49d9-9824-79f412da094a"
    }
  ],
  "dialogs": [
    {
      "rootNodeId": "53ee9b88-fb4d-4e68-a00f-b9a170ea0cfa",
      "messageNodes": [
        {
          "botMessageId": "6d223ec6-3f2d-426c-a4b9-5061a4f71b92",
          "nodeType": "BotMessageNode",
          "id": "53ee9b88-fb4d-4e68-a00f-b9a170ea0cfa",
          "defaultTargetNodeId": "0a1cd253-2380-470f-91e4-7d2b6293a27e"
        }
      ],
      "dialogChangeNodes": [
        {
          "targetDialogId": "new_topic_84ec227c19784e7ba25cb34f4638f91e_aeabea4d071f415c8c107e1cb7af5424_assumedsuccess",
          "nodeType": "DialogChangeNode",
          "id": "0a1cd253-2380-470f-91e4-7d2b6293a27e"
        }
      ],
      "id": "new_topic_98712f5cb3034c91b9aaf8e208e9c442",
      "displayName": "Dialog for Vilka är fördelarna med telefonkonferenser?",
      "createdTime": "2020-11-24T14:37:53.8220925Z",
      "updatedTime": "2020-11-24T14:37:53.8220925Z",
      "createdUserId": "f04d3cd9-b73d-4ba9-a1ed-9319eba29b21",
      "updatedUserId": "f04d3cd9-b73d-4ba9-a1ed-9319eba29b21"
    }
  ],
  "botMessages": [
    {
      "channelContent": {
        "web": {
          "contentFormat": "Markdown",
          "content": "Att ringa in till möten är mycket användbart när människor är på språng och inte kan delta i ett möte med hjälp av Microsoft Teams-appen på sin bärbara dator eller mobila enheter. Men det finns andra scenarier där det kan vara ett bra alternativ att kunna delta i ett Teams-möte genom att ringa in, istället för att använda en app på en dator:\r\n\r\nInternet-anslutning är begränsad, ett möte är endast ljud, samtalskvaliteten är bättre om du ringer in, personer kan gå med i ett möte handsfree med hjälp av Bluetooth-enheter. Vissa personer tycker att det är lättare och bekvämare för deras situation."
        }
      },
      "id": "6d223ec6-3f2d-426c-a4b9-5061a4f71b92",
      "createdTime": "2020-11-24T14:37:53.8220925Z",
      "updatedTime": "2020-11-24T14:37:53.8220925Z",
      "createdUserId": "f04d3cd9-b73d-4ba9-a1ed-9319eba29b21",
      "updatedUserId": "f04d3cd9-b73d-4ba9-a1ed-9319eba29b21"
    }
  ]
}