{
  "intents": [
    {
      "systemIntentTypes": [
        "Thankyou"
      ],
      "intentType": "System",
      "triggerQueries": [
        "grazie",
        "ti ringrazio",
        "grazie mille",
        "ty"
      ],
      "dialogId": "new_topic_f98a24608ee04cb998de3e3e32703d5b_3d2584ec30914684839527e05e7be172_thankyou",
      "isTriggeringEnabled": true,
      "id": "new_topic_f98a24608ee04cb998de3e3e32703d5b_3d2584ec30914684839527e05e7be172_thankyou",
      "displayName": "Ringraziamenti",
      "description": "Ringraziamenti intento di sistema",
      "createdTime": "2019-01-15T00:00:00Z",
      "updatedTime": "2019-01-15T00:00:00Z",
      "createdUserId": "user0",
      "updatedUserId": "user0"
    }
  ],
  "dialogs": [
    {
      "rootNodeId": "6c46869b-e8cd-4e1a-a80c-9d73e61d71b5",
      "dialogType": "System",
      "messageNodes": [
        {
          "botMessageId": "cff8bb49-7ed4-4552-a6e6-714279f5f24c",
          "nodeType": "BotMessageNode",
          "id": "6c46869b-e8cd-4e1a-a80c-9d73e61d71b5"
        }
      ],
      "id": "new_topic_f98a24608ee04cb998de3e3e32703d5b_3d2584ec30914684839527e05e7be172_thankyou",
      "displayName": "Finestra di dialogo di ringraziamento",
      "createdTime": "2019-01-15T00:00:00Z",
      "updatedTime": "2019-01-15T00:00:00Z",
      "createdUserId": "user0",
      "updatedUserId": "user0"
    }
  ],
  "botMessages": [
    {
      "channelContent": {
        "web": {
          "contentFormat": "Markdown",
          "content": "Prego!"
        }
      },
      "id": "cff8bb49-7ed4-4552-a6e6-714279f5f24c",
      "createdTime": "2019-01-15T00:00:00Z",
      "updatedTime": "2019-01-15T00:00:00Z",
      "createdUserId": "user0",
      "updatedUserId": "user0"
    }
  ]
}