{
  "intents": [
    {
      "triggerQueries": [
        "I don't understand Norwegian",
        "Snakker du engelsk?"
      ],
      "dialogId": "new_topic_20364134bc564e999c455e1d3de735fe",
      "isTriggeringEnabled": false,
      "id": "new_topic_20364134bc564e999c455e1d3de735fe",
      "displayName": "Do you speak English?",
      "description": "",
      "createdTime": "2021-04-16T15:27:24.6488032Z",
      "updatedTime": "2021-04-16T15:49:55.8326115Z",
      "createdUserId": "ef0c8b9a-eff1-49f8-92fa-fd1d3e15e1ba",
      "updatedUserId": "ef0c8b9a-eff1-49f8-92fa-fd1d3e15e1ba"
    }
  ],
  "dialogs": [
    {
      "rootNodeId": "99ea00be-305d-4894-877b-219da8af86dc",
      "messageNodes": [
        {
          "botMessageId": "c20e14d4-3c3e-4787-9022-5d0ec886ff66",
          "nodeType": "BotMessageNode",
          "id": "99ea00be-305d-4894-877b-219da8af86dc",
          "defaultTargetNodeId": "ed28f2da-f362-4e64-ad80-ced1d325d6b3"
        }
      ],
      "dialogChangeNodes": [
        {
          "targetDialogId": "new_topic_89c49d37fd4c4c1c9144396960733ce1_aeabea4d071f415c8c107e1cb7af5424_assumedsuccess",
          "nodeType": "DialogChangeNode",
          "id": "ed28f2da-f362-4e64-ad80-ced1d325d6b3"
        }
      ],
      "id": "new_topic_20364134bc564e999c455e1d3de735fe",
      "displayName": "Dialog for Do you speak English?",
      "createdTime": "2021-04-16T15:27:24.6488032Z",
      "updatedTime": "2021-04-16T15:29:41.9327916Z",
      "createdUserId": "ef0c8b9a-eff1-49f8-92fa-fd1d3e15e1ba",
      "updatedUserId": "ef0c8b9a-eff1-49f8-92fa-fd1d3e15e1ba"
    }
  ],
  "botMessages": [
    {
      "channelContent": {
        "web": {
          "contentFormat": "Markdown",
          "content": "I can only speak Norwegian."
        }
      },
      "id": "c20e14d4-3c3e-4787-9022-5d0ec886ff66",
      "createdTime": "2021-04-16T15:27:24.6488032Z",
      "updatedTime": "2021-04-16T15:27:24.6488032Z",
      "createdUserId": "ef0c8b9a-eff1-49f8-92fa-fd1d3e15e1ba",
      "updatedUserId": "ef0c8b9a-eff1-49f8-92fa-fd1d3e15e1ba"
    }
  ],
  "createdUtc": "0001-01-01T00:00:00Z"
}