{
  "intents": [
    {
      "triggerQueries": [
        "Was ist das Maximum für Telefonkonferenzen?",
        "Wie viele Personen können sich zu einem regelmäßigen Meeting anmelden?",
        "Wie viele Personen können telefonisch an der Besprechung teilnehmen?",
        "maximale Telefonnummer bei der telefonischen Besprechung?",
        "maximale Anzahl in der Telefonkonferenz?",
        "Wie viele Telefonteilnehmer kann ich insgesamt in Meetings haben?"
      ],
      "dialogId": "new_topic_fa0c0d1163d2428a846606afd8839f50",
      "isTriggeringEnabled": true,
      "id": "new_topic_fa0c0d1163d2428a846606afd8839f50",
      "displayName": "Wie viele Telefonteilnehmer kann ich insgesamt an Meetings haben?",
      "description": "",
      "createdTime": "2021-04-19T09:02:12.5560898Z",
      "updatedTime": "2021-04-19T09:02:12.5560898Z",
      "createdUserId": "d4c65e50-fb5c-4311-830a-05b59a11dd48"
    }
  ],
  "dialogs": [
    {
      "rootNodeId": "0e608d83-d230-4e4a-92fb-e6c128074992",
      "messageNodes": [
        {
          "botMessageId": "2070e83b-8eec-4c9b-99a2-64ac0cadb293",
          "nodeType": "BotMessageNode",
          "id": "0e608d83-d230-4e4a-92fb-e6c128074992",
          "defaultTargetNodeId": "e986d788-1230-4c07-9f5f-a0cf36c9d364"
        }
      ],
      "dialogChangeNodes": [
        {
          "targetDialogId": "new_topic_30867099f4b543d3b8543a85c22c3418_aeabea4d071f415c8c107e1cb7af5424_assumedsuccess",
          "nodeType": "DialogChangeNode",
          "id": "e986d788-1230-4c07-9f5f-a0cf36c9d364"
        }
      ],
      "id": "new_topic_fa0c0d1163d2428a846606afd8839f50",
      "displayName": "Dialog for Wie viele Telefonteilnehmer kann ich insgesamt an Meetings haben?",
      "createdTime": "2021-04-19T09:02:12.5560898Z",
      "updatedTime": "2021-04-19T09:05:01.482636Z",
      "createdUserId": "d4c65e50-fb5c-4311-830a-05b59a11dd48",
      "updatedUserId": "d4c65e50-fb5c-4311-830a-05b59a11dd48"
    }
  ],
  "botMessages": [
    {
      "channelContent": {
        "web": {
          "contentFormat": "Markdown",
          "content": "Die Zahl der Personen, die telefonisch an einem Meeting teilnehmen können, beträgt derzeit 300 (Anfang 2021). Klicken Sie auf den [Link](https://docs.microsoft.com/de-de/microsoftteams/limits-specifications-teams) mit den neuesten Informationen, um zu erfahren, ob das Limit erhöht wurde."
        }
      },
      "id": "2070e83b-8eec-4c9b-99a2-64ac0cadb293",
      "createdTime": "2021-04-19T09:02:12.5560898Z",
      "updatedTime": "2021-04-19T09:02:12.5560898Z",
      "createdUserId": "d4c65e50-fb5c-4311-830a-05b59a11dd48",
      "updatedUserId": "d4c65e50-fb5c-4311-830a-05b59a11dd48"
    }
  ],
  "createdUtc": "0001-01-01T00:00:00Z"
}