{
  "intents": [
    {
      "endUserOverrideName": "Vergadering apps",
      "triggerQueries": [
        "vergader apps",
        "brainstormen",
        "hoe kan ik slimmer samenwerken",
        "Welke apps in Teams vergadering beschikbaar",
        "tijdens overleg samenwerken",
        "samenwerken tijdens vergaderingen",
        "apps toevoegen aan vergadering",
        "Hoe kan ik mijn vergadering interactiever maken"
      ],
      "dialogId": "new_topic_a3a9a1d972ae4fcb863782a400cc38e6",
      "isTriggeringEnabled": true,
      "id": "new_topic_a3a9a1d972ae4fcb863782a400cc38e6",
      "displayName": "Vergaderingen productiever maken",
      "description": "",
      "createdTime": "2021-03-22T07:35:12.8310768Z",
      "updatedTime": "2021-03-29T22:06:04.4868996Z",
      "createdUserId": "c1e90dc0-1df0-459d-8164-0dcb7915deaf",
      "updatedUserId": "c1e90dc0-1df0-459d-8164-0dcb7915deaf"
    }
  ],
  "dialogs": [
    {
      "rootNodeId": "527cc1ff-3add-40aa-a4c4-845b4b206ff1",
      "messageNodes": [
        {
          "botMessageId": "eefb296a-98fd-4751-a30e-410ae78a34fd",
          "nodeType": "BotMessageNode",
          "id": "527cc1ff-3add-40aa-a4c4-845b4b206ff1",
          "defaultTargetNodeId": "6391bdd4-929c-4e29-be3e-e1b71f9e502a"
        },
        {
          "botMessageId": "ec8559d4-ca9a-41c5-b0a3-9aa5721ae768",
          "nodeType": "BotMessageNode",
          "id": "6391bdd4-929c-4e29-be3e-e1b71f9e502a",
          "defaultTargetNodeId": "72eff645-6e9a-42f6-98b7-6baebade397d"
        },
        {
          "botMessageId": "315ddd7f-4f8e-4d16-bc83-f8a160bc8fb2",
          "nodeType": "BotMessageNode",
          "id": "d322834d-5ff8-420e-979a-9d3e836a5c03",
          "defaultTargetNodeId": "c503c963-d747-4b88-889a-f3ffdd52d07c"
        },
        {
          "botMessageId": "5749610c-1c5f-42e2-8a6c-fa357523d0c0",
          "nodeType": "BotMessageNode",
          "id": "c503c963-d747-4b88-889a-f3ffdd52d07c",
          "defaultTargetNodeId": "0407be44-f8a4-4995-aece-1093b31b18de"
        },
        {
          "botMessageId": "a9c3ab41-2167-4071-80b0-578148ca36d5",
          "nodeType": "BotMessageNode",
          "id": "72eff645-6e9a-42f6-98b7-6baebade397d",
          "defaultTargetNodeId": "11ce598e-e1b0-4988-98b0-cef42dbfc25e"
        },
        {
          "botMessageId": "cc1b284f-42fe-47b8-b39f-5551bc6055be",
          "nodeType": "BotMessageNode",
          "id": "11ce598e-e1b0-4988-98b0-cef42dbfc25e",
          "defaultTargetNodeId": "d322834d-5ff8-420e-979a-9d3e836a5c03"
        }
      ],
      "dialogChangeNodes": [
        {
          "targetDialogId": "new_topic_9d295c394a47419da3b4d205b7ed4c20_aeabea4d071f415c8c107e1cb7af5424_assumedsuccess",
          "nodeType": "DialogChangeNode",
          "id": "0407be44-f8a4-4995-aece-1093b31b18de"
        }
      ],
      "id": "new_topic_a3a9a1d972ae4fcb863782a400cc38e6",
      "displayName": "Dialog for Vergaderingen productiever maken",
      "createdTime": "2021-03-22T07:35:12.8310768Z",
      "updatedTime": "2021-03-29T22:58:44.1602121Z",
      "createdUserId": "c1e90dc0-1df0-459d-8164-0dcb7915deaf",
      "updatedUserId": "c1e90dc0-1df0-459d-8164-0dcb7915deaf"
    }
  ],
  "botMessages": [
    {
      "channelContent": {
        "web": {
          "contentFormat": "Markdown",
          "content": "_Let op: uw organisatie kan het gebruik van bepaalde apps in Teams hebben uitgezet._"
        }
      },
      "id": "eefb296a-98fd-4751-a30e-410ae78a34fd",
      "createdTime": "2021-03-22T07:35:46.376Z",
      "updatedTime": "2021-03-22T07:35:46.376Z",
      "createdUserId": "user-0",
      "updatedUserId": "user-0"
    },
    {
      "channelContent": {
        "web": {
          "contentFormat": "Markdown",
          "content": "Blijf gefocust op je werk vóór, tijdens en na vergaderingen, met Teams-apps."
        }
      },
      "id": "ec8559d4-ca9a-41c5-b0a3-9aa5721ae768",
      "createdTime": "2021-03-22T07:36:36.327Z",
      "updatedTime": "2021-03-22T07:36:36.327Z",
      "createdUserId": "user-0",
      "updatedUserId": "user-0"
    },
    {
      "channelContent": {
        "web": {
          "contentFormat": "Markdown",
          "content": "[Bekijk](https://appsource.microsoft.com/nl-NL/marketplace/apps?product=teams) de vergader apps in Teams en hoe je ze handig kan inzetten."
        }
      },
      "id": "315ddd7f-4f8e-4d16-bc83-f8a160bc8fb2",
      "createdTime": "2021-03-22T07:36:38.901Z",
      "updatedTime": "2021-03-22T07:36:38.901Z",
      "createdUserId": "user-0",
      "updatedUserId": "user-0"
    },
    {
      "channelContent": {
        "web": {
          "contentFormat": "Markdown",
          "content": "Als u een ontwikkelaar bent, kunt u uw eigen app voor [Teams-vergaderingen](https://docs.microsoft.com/nl-nl/microsoftteams/platform/apps-in-teams-meetings/teams-apps-in-meetings) [bouwen.](https://docs.microsoft.com/nl-nl/microsoftteams/platform/apps-in-teams-meetings/teams-apps-in-meetings)"
        }
      },
      "id": "5749610c-1c5f-42e2-8a6c-fa357523d0c0",
      "createdTime": "2021-03-22T07:37:19.631Z",
      "updatedTime": "2021-03-22T07:37:19.631Z",
      "createdUserId": "user-0",
      "updatedUserId": "user-0"
    },
    {
      "channelContent": {
        "web": {
          "contentFormat": "Markdown",
          "content": "[Gebruik Microsoft Whiteboard,](https://support.microsoft.com/nl-nl/office/whiteboard-gebruiken-in-microsoft-teams-7a6e7218-e9dc-4ccc-89aa-b1a0bb9c31ee?ui=nl-NL&rs=nl-NL&ad=NL) voor brainstorms en creatieve sessies."
        }
      },
      "id": "a9c3ab41-2167-4071-80b0-578148ca36d5",
      "createdTime": "2021-03-29T22:03:04.989Z",
      "updatedTime": "2021-03-29T22:03:04.989Z",
      "createdUserId": "user-0",
      "updatedUserId": "user-0"
    },
    {
      "channelContent": {
        "web": {
          "contentFormat": "Markdown",
          "content": "Gebruik [Planner](https://support.microsoft.com/nl-nl/office/planner-gebruiken-in-microsoft-teams-62798a9f-e8f7-4722-a700-27dd28a06ee0) voor project management en automatische reminders voor je taken en acties."
        }
      },
      "id": "cc1b284f-42fe-47b8-b39f-5551bc6055be",
      "createdTime": "2021-03-29T22:04:10.253Z",
      "updatedTime": "2021-03-29T22:04:10.253Z",
      "createdUserId": "user-0",
      "updatedUserId": "user-0"
    }
  ],
  "createdUtc": "0001-01-01T00:00:00Z"
}