{
  "intents": [
    {
      "endUserOverrideName": "How much storage do I have in (OneDrive)?",
      "triggerQueries": [
        "How much storage do I have?",
        "How much OneDrive storage do I get with Office 365?",
        "How much storage is included in the M365?",
        "How many files can I store in OneDrive",
        "How much space do I have in OneDrive?",
        "Storage in Microsoft 365",
        "How many files can I save?",
        "How many documents can fit in my 365?",
        "Storage in 365?",
        "Onedrive Storage",
        "How much OneDrive space do I get with Microsoft 365?"
      ],
      "dialogId": "new_topic_e604d13bdf014d14bd1b7b419987a640",
      "isTriggeringEnabled": true,
      "id": "new_topic_e604d13bdf014d14bd1b7b419987a640",
      "displayName": "How much OneDrive space do I get with Microsoft 365?",
      "description": "",
      "createdTime": "2021-01-13T22:20:51.2381463Z",
      "updatedTime": "2023-11-16T13:18:23.7367387Z",
      "createdUserId": "f04d3cd9-b73d-4ba9-a1ed-9319eba29b21",
      "updatedUserId": "c8d29cfd-efef-47c1-8e02-210c8be30c37"
    }
  ],
  "dialogs": [
    {
      "rootNodeId": "5c3e1c68-3568-48c0-9939-ebaacfeb4983",
      "messageNodes": [
        {
          "botMessageId": "2c503130-0371-4f40-8079-4013b3f35031",
          "nodeType": "BotMessageNode",
          "id": "5c3e1c68-3568-48c0-9939-ebaacfeb4983",
          "defaultTargetNodeId": "eab9af25-335d-41ca-b7bd-d13a47694cf8"
        }
      ],
      "dialogChangeNodes": [
        {
          "targetDialogId": "new_topic_eac3f49c99664313a9d9dc19d80a79a2_aeabea4d071f415c8c107e1cb7af5424_assumedsuccess",
          "nodeType": "DialogChangeNode",
          "id": "eab9af25-335d-41ca-b7bd-d13a47694cf8"
        }
      ],
      "id": "new_topic_e604d13bdf014d14bd1b7b419987a640",
      "displayName": "Dialog for How much OneDrive space do I get with Microsoft 365?",
      "createdTime": "2021-01-13T22:20:51.2381463Z",
      "updatedTime": "2023-11-16T13:18:23.7367373Z",
      "createdUserId": "f04d3cd9-b73d-4ba9-a1ed-9319eba29b21",
      "updatedUserId": "c8d29cfd-efef-47c1-8e02-210c8be30c37"
    }
  ],
  "botMessages": [
    {
      "channelContent": {
        "web": {
          "contentFormat": "Markdown",
          "content": "Users receive 1 TB (1,000GB) of storage space in OneDrive.\n\nAlways check the link for changes.\n\n[Based on your licensing](https://docs.microsoft.com/en-us/onedrive/set-default-storage-space) this can be raised to 5 TB (5,000 GB) per user."
        }
      },
      "id": "2c503130-0371-4f40-8079-4013b3f35031",
      "createdTime": "2021-01-13T22:20:51.2381463Z",
      "updatedTime": "2021-01-13T22:20:51.2381463Z",
      "createdUserId": "f04d3cd9-b73d-4ba9-a1ed-9319eba29b21",
      "updatedUserId": "f04d3cd9-b73d-4ba9-a1ed-9319eba29b21"
    }
  ]
}