{
  "intents": [
    {
      "endUserOverrideName": "Skillnad mellan team och kanal?",
      "triggerQueries": [
        "skillnad kanal och team",
        "Vad är en kanal och vad är ett team",
        "Team eller kanal, vad ska jag välja",
        "När använda team och när använda en kanal?",
        "skillnader mellan kanaler och team",
        "team vs kanal vad är skillnaden?",
        "Är team och kanaler olika?",
        "Vad är ett team och vad är en kanal",
        "Vad skiljer ett team från en kanal?",
        "Vad är skillnaden mellan ett team och en kanal?"
      ],
      "dialogId": "new_topic_3013fbdbfa4b46aaa1003132ba82ba6c",
      "isTriggeringEnabled": true,
      "id": "new_topic_3013fbdbfa4b46aaa1003132ba82ba6c",
      "displayName": "Vad är skillnaden mellan ett team och en kanal?",
      "description": "",
      "createdTime": "2020-11-24T14:37:53.8220925Z",
      "updatedTime": "2020-12-08T10:17:22.9251536Z",
      "createdUserId": "f04d3cd9-b73d-4ba9-a1ed-9319eba29b21",
      "updatedUserId": "f04d3cd9-b73d-4ba9-a1ed-9319eba29b21"
    }
  ],
  "dialogs": [
    {
      "rootNodeId": "64c22c99-3673-4d1d-9143-ba2861e39bcc",
      "messageNodes": [
        {
          "botMessageId": "1e9224c2-4d0c-4d9b-8fd6-d1b58b040af1",
          "nodeType": "BotMessageNode",
          "id": "64c22c99-3673-4d1d-9143-ba2861e39bcc",
          "defaultTargetNodeId": "349a45ee-5f22-4ee0-b753-119466a82457"
        },
        {
          "botMessageId": "d0d5fe3f-13b6-4a91-b53e-fbd3db5ee8b0",
          "nodeType": "BotMessageNode",
          "id": "a5052a34-e838-4f7b-8361-2699a8afeb55",
          "defaultTargetNodeId": "20fea206-d7e5-4594-8b56-eeae42a91b1e"
        },
        {
          "botMessageId": "4a4fbc29-c6a3-4bb8-bab0-8006e526a7d3",
          "nodeType": "BotMessageNode",
          "id": "349a45ee-5f22-4ee0-b753-119466a82457",
          "defaultTargetNodeId": "a5052a34-e838-4f7b-8361-2699a8afeb55"
        }
      ],
      "dialogChangeNodes": [
        {
          "targetDialogId": "new_topic_84ec227c19784e7ba25cb34f4638f91e_aeabea4d071f415c8c107e1cb7af5424_assumedsuccess",
          "nodeType": "DialogChangeNode",
          "id": "20fea206-d7e5-4594-8b56-eeae42a91b1e"
        }
      ],
      "id": "new_topic_3013fbdbfa4b46aaa1003132ba82ba6c",
      "displayName": "Dialog for Vad är skillnaden mellan ett team och en kanal?",
      "createdTime": "2020-11-24T14:37:53.8220925Z",
      "updatedTime": "2020-12-08T10:19:53.4396098Z",
      "createdUserId": "f04d3cd9-b73d-4ba9-a1ed-9319eba29b21",
      "updatedUserId": "f04d3cd9-b73d-4ba9-a1ed-9319eba29b21"
    }
  ],
  "botMessages": [
    {
      "channelContent": {
        "web": {
          "contentFormat": "Markdown",
          "content": "Ett team är en grupp människor samlade för att få något stort gjort i din organisation (samarbeta).   \nIbland är det hela din organisation."
        }
      },
      "id": "1e9224c2-4d0c-4d9b-8fd6-d1b58b040af1",
      "createdTime": "2020-11-24T14:37:53.8220925Z",
      "updatedTime": "2020-11-24T14:37:53.8220925Z",
      "createdUserId": "f04d3cd9-b73d-4ba9-a1ed-9319eba29b21",
      "updatedUserId": "f04d3cd9-b73d-4ba9-a1ed-9319eba29b21"
    },
    {
      "channelContent": {
        "web": {
          "contentFormat": "Markdown",
          "content": "**Kanaler** är där arbetet faktiskt blir gjort, där [text-, ljud- och videokonversationer](https://support.microsoft.com/sv-se/office/meetings-in-teams-e0b0ae21-53ee-4462-a50d-ca9b9e217b67) för hela teamet sker öppet, där filer delas och där [appar läggs till](https://support.microsoft.com/sv-se/office/add-an-app-to-microsoft-teams-b2217706-f7ed-4e64-8e96-c413afd02f77).\n\nKanalkonversationerna kan ses av alla i teamet, tillskillnad från chattar bara mellan dig och någon annan (eller en grupp människor). Tänk på chattar som snabbmeddelanden i gamla Skype för företag eller andra meddelandeappar."
        }
      },
      "id": "d0d5fe3f-13b6-4a91-b53e-fbd3db5ee8b0",
      "createdTime": "2020-12-08T10:18:04.017Z",
      "updatedTime": "2020-12-08T10:18:04.017Z",
      "createdUserId": "user-0",
      "updatedUserId": "user-0"
    },
    {
      "channelContent": {
        "web": {
          "contentFormat": "Markdown",
          "content": "**Ett team består av kanaler**, där du samarbetar och kommunicerar med dina teammedlemmar.\n\nVarje kanal är tillägnad ett visst ämne, avdelning eller projekt. Till exempel kan ett team ha kanalerna Allmänt, Marknadsföring, Inspiration och fler kanaler. \n\nAlla konversationer, möten, filer och appar i marknadsföringskanalen har att göra med marknadsföring, och allt i den kanalen är synligt för alla i teamet."
        }
      },
      "id": "4a4fbc29-c6a3-4bb8-bab0-8006e526a7d3",
      "createdTime": "2020-12-08T10:18:28.032Z",
      "updatedTime": "2020-12-08T10:18:28.032Z",
      "createdUserId": "user-0",
      "updatedUserId": "user-0"
    }
  ]
}