{
  "intents": [
    {
      "triggerQueries": [
        "Channel 채널 숨기려면 어떻게",
        "일부 Channel 채널 숨기고 숨기기 숨기려",
        "Channel 채널 보는 것 중단",
        "Channel 채널 언팔로우 어떻게",
        "Channel 채널 숨기려면 숨기기 어떻게",
        "보고 싶지 않은 Channel 채널 제거",
        "Channel 채널을 숨길 수",
        "Channel 채널 숨길 수 숨기는 옵션",
        "Channel 채널 숨기는 단계",
        "Channel 채널 숨기 숨기기",
        "채널을 숨기려면 어떻게 해야 하나요?"
      ],
      "dialogId": "new_topic_27fabc83227f4dd6b4cb6642636b17cd",
      "isTriggeringEnabled": true,
      "id": "new_topic_27fabc83227f4dd6b4cb6642636b17cd",
      "displayName": "채널을 숨기려면 어떻게 해야 하나요?",
      "description": "https://adoptbotv2kb.blob.core.windows.net/%24web/adoptbot2021-Korean.docx",
      "createdTime": "2021-03-18T03:39:18.7456548Z",
      "updatedTime": "2021-04-06T12:31:07.6074683Z",
      "createdUserId": "e47109d8-0300-4e59-a90d-56bb29886c9e",
      "updatedUserId": "e47109d8-0300-4e59-a90d-56bb29886c9e"
    }
  ],
  "dialogs": [
    {
      "rootNodeId": "ac3c4176-aed6-4f16-9648-4539de73512a",
      "messageNodes": [
        {
          "botMessageId": "f8bc13fc-95d0-46f6-9ba1-9f769b8566fa",
          "nodeType": "BotMessageNode",
          "id": "ac3c4176-aed6-4f16-9648-4539de73512a",
          "defaultTargetNodeId": "79890fca-64ad-47ee-87a9-0e3b95298240"
        }
      ],
      "dialogChangeNodes": [
        {
          "targetDialogId": "new_topic_2bf23930c1d146129dfe38bacb94ccd0_aeabea4d071f415c8c107e1cb7af5424_assumedsuccess",
          "nodeType": "DialogChangeNode",
          "id": "79890fca-64ad-47ee-87a9-0e3b95298240"
        }
      ],
      "id": "new_topic_27fabc83227f4dd6b4cb6642636b17cd",
      "displayName": "Dialog for 채널을 숨기려면 어떻게 해야 하나요?",
      "createdTime": "2021-03-18T03:39:18.7456548Z",
      "updatedTime": "2021-04-06T12:29:52.9508461Z",
      "createdUserId": "e47109d8-0300-4e59-a90d-56bb29886c9e",
      "updatedUserId": "e47109d8-0300-4e59-a90d-56bb29886c9e"
    }
  ],
  "botMessages": [
    {
      "channelContent": {
        "web": {
          "contentFormat": "Markdown",
          "content": "1.  팀 이름으로 이동하여 \n2.  기타 옵션 > 숨기기를 클릭합니다."
        }
      },
      "id": "f8bc13fc-95d0-46f6-9ba1-9f769b8566fa",
      "createdTime": "2021-03-18T03:39:18.7456548Z",
      "updatedTime": "2021-03-18T03:39:18.7456548Z",
      "createdUserId": "e47109d8-0300-4e59-a90d-56bb29886c9e",
      "updatedUserId": "e47109d8-0300-4e59-a90d-56bb29886c9e"
    }
  ],
  "createdUtc": "0001-01-01T00:00:00Z"
}