{
  "intents": [
    {
      "intentType": "Regular",
      "endUserOverrideName": "Starta en chatt?",
      "triggerQueries": [
        "Starta en chatt?",
        "skicka meddelande till extern person",
        "Skriva meddelande till en extern person",
        "skriva meddelande till en person",
        "starta en 1:1 chatt",
        "Hur startar jag en privat chatt?"
      ],
      "dialogId": "new_topic_f221c9bf9b614dfdb505e13faa239c8f",
      "isTriggeringEnabled": true,
      "id": "new_topic_f221c9bf9b614dfdb505e13faa239c8f",
      "displayName": "Hur startar jag en privat chatt?",
      "description": "",
      "createdTime": "2020-11-24T14:37:53.8220925Z",
      "updatedTime": "2020-12-11T15:48:17.4083394Z",
      "createdUserId": "f04d3cd9-b73d-4ba9-a1ed-9319eba29b21",
      "updatedUserId": "f04d3cd9-b73d-4ba9-a1ed-9319eba29b21"
    }
  ],
  "dialogs": [
    {
      "rootNodeId": "c8330d71-466c-4e91-a9d3-0f91d7bf7471",
      "messageNodes": [
        {
          "botMessageId": "226a38ab-e5ce-4b87-a14a-316825d02601",
          "nodeType": "BotMessageNode",
          "id": "c8330d71-466c-4e91-a9d3-0f91d7bf7471",
          "defaultTargetNodeId": "66375488-2ba9-4612-92d9-384f623204e7"
        },
        {
          "botMessageId": "3872b4e9-fbac-4281-84c6-898ac8810363",
          "nodeType": "BotMessageNode",
          "id": "66375488-2ba9-4612-92d9-384f623204e7",
          "defaultTargetNodeId": "0d4dbe3f-371e-4790-9d19-0536fee318a9"
        }
      ],
      "dialogChangeNodes": [
        {
          "targetDialogId": "new_topic_84ec227c19784e7ba25cb34f4638f91e_aeabea4d071f415c8c107e1cb7af5424_assumedsuccess",
          "nodeType": "DialogChangeNode",
          "id": "0d4dbe3f-371e-4790-9d19-0536fee318a9"
        }
      ],
      "id": "new_topic_f221c9bf9b614dfdb505e13faa239c8f",
      "displayName": "Dialog for Hur startar jag en privat chatt?",
      "createdTime": "2020-11-24T14:37:53.8220925Z",
      "updatedTime": "2020-12-11T15:54:26.5775234Z",
      "createdUserId": "f04d3cd9-b73d-4ba9-a1ed-9319eba29b21",
      "updatedUserId": "f04d3cd9-b73d-4ba9-a1ed-9319eba29b21"
    }
  ],
  "botMessages": [
    {
      "channelContent": {
        "web": {
          "contentFormat": "Markdown",
          "content": "Skriv namnet på den person du vill chatta med i sökfältet. Välj personen och skriv sedan ditt meddelande och klicka på Skicka-pilen."
        }
      },
      "id": "226a38ab-e5ce-4b87-a14a-316825d02601",
      "createdTime": "2020-11-24T14:37:53.8220925Z",
      "updatedTime": "2020-11-24T14:37:53.8220925Z",
      "createdUserId": "f04d3cd9-b73d-4ba9-a1ed-9319eba29b21",
      "updatedUserId": "f04d3cd9-b73d-4ba9-a1ed-9319eba29b21"
    },
    {
      "channelContent": {
        "web": {
          "contentFormat": "Markdown",
          "content": "_Om det är en extern person, skriver du dennes e-postadress._   \n  \n_**OBS!** Detta förutsätter tekniska inställningar i respektive organisation:_   \n[_Kommunicera med användare från andra organisationer i Microsoft Teams_](https://docs.microsoft.com/sv-se/microsoftteams/communicate-with-users-from-other-organizations)"
        }
      },
      "id": "3872b4e9-fbac-4281-84c6-898ac8810363",
      "createdTime": "2020-12-11T15:53:13.96Z",
      "updatedTime": "2020-12-11T15:53:13.96Z",
      "createdUserId": "user-0",
      "updatedUserId": "user-0"
    }
  ]
}