{
  "intents": [
    {
      "intentType": "Regular",
      "endUserOverrideName": "Switching from Skype for Business to Teams",
      "triggerQueries": [
        "Switching from Skype for Business to Teams",
        "I'm used to s4b",
        "I'm switching from Skype for Business to Teams. What do I need to know?",
        "From Skype to Teams",
        "From skype for business to Teams",
        "I'm used to skype",
        "What happens to skype?",
        "Skype for Business to Teams",
        "Switch from sfb to teams",
        "What's better with teams compared to skype",
        "differences skype vs Teams",
        "Differences skype and teams",
        "Why switch to Teams?",
        "I do not want to switch from skype",
        "I want to keep skype for business",
        "I'm switching from Skype for Business?"
      ],
      "dialogId": "new_topic_6b4471976aa0499bb208e038715c5b99",
      "isTriggeringEnabled": true,
      "id": "new_topic_6b4471976aa0499bb208e038715c5b99",
      "displayName": "I'm switching from Skype for Business?",
      "description": "https://adoptbotv2kb.blob.core.windows.net/%24web/AdoptBot2021-English.docx",
      "createdTime": "2021-01-13T22:20:51.2371466Z",
      "updatedTime": "2021-01-27T19:34:59.2501897Z",
      "createdUserId": "f04d3cd9-b73d-4ba9-a1ed-9319eba29b21",
      "updatedUserId": "f04d3cd9-b73d-4ba9-a1ed-9319eba29b21"
    }
  ],
  "dialogs": [
    {
      "rootNodeId": "c39d4b53-6247-45b5-92b8-910004fbb09f",
      "messageNodes": [
        {
          "botMessageId": "2180f240-76d5-48ea-b87a-4f1a7fa686ef",
          "nodeType": "BotMessageNode",
          "id": "c39d4b53-6247-45b5-92b8-910004fbb09f",
          "defaultTargetNodeId": "7cf6143f-705e-4b76-9db6-af88c5934dcb"
        },
        {
          "botMessageId": "bc30e6b0-a704-4196-be59-ac4f9a1565d7",
          "nodeType": "BotMessageNode",
          "id": "b39a5e13-5a61-4bc0-8bb6-4e699628f41a",
          "defaultTargetNodeId": "279b154b-2c32-4660-9e97-50874522a9e8"
        },
        {
          "botMessageId": "6f069df8-11db-42d1-a217-e2e988bf199f",
          "nodeType": "BotMessageNode",
          "id": "7cf6143f-705e-4b76-9db6-af88c5934dcb",
          "defaultTargetNodeId": "b39a5e13-5a61-4bc0-8bb6-4e699628f41a"
        }
      ],
      "dialogChangeNodes": [
        {
          "targetDialogId": "new_topic_eac3f49c99664313a9d9dc19d80a79a2_aeabea4d071f415c8c107e1cb7af5424_assumedsuccess",
          "nodeType": "DialogChangeNode",
          "id": "279b154b-2c32-4660-9e97-50874522a9e8"
        }
      ],
      "id": "new_topic_6b4471976aa0499bb208e038715c5b99",
      "displayName": "Dialog for I'm switching from Skype for Business?",
      "createdTime": "2021-01-13T22:20:51.2371466Z",
      "updatedTime": "2021-01-27T19:36:57.98733Z",
      "createdUserId": "f04d3cd9-b73d-4ba9-a1ed-9319eba29b21",
      "updatedUserId": "f04d3cd9-b73d-4ba9-a1ed-9319eba29b21"
    }
  ],
  "botMessages": [
    {
      "channelContent": {
        "web": {
          "contentFormat": "Markdown",
          "content": "You'll find a lot of familiar features as you make the switch **from Skype for Business to Microsoft Teams**, plus some new things we hope you'll enjoy!"
        }
      },
      "id": "2180f240-76d5-48ea-b87a-4f1a7fa686ef",
      "createdTime": "2021-01-13T22:20:51.2371466Z",
      "updatedTime": "2021-01-13T22:20:51.2371466Z",
      "createdUserId": "f04d3cd9-b73d-4ba9-a1ed-9319eba29b21",
      "updatedUserId": "f04d3cd9-b73d-4ba9-a1ed-9319eba29b21"
    },
    {
      "channelContent": {
        "web": {
          "contentFormat": "Markdown",
          "content": "If you found this helpful, there’s a whole guide for [making the transition to Teams from Skype for Business.](https://support.microsoft.com/en-us/office/switch-to-teams-from-skype-for-business-6295a0ae-4e8e-4bba-a100-64cc951cc964)"
        }
      },
      "id": "bc30e6b0-a704-4196-be59-ac4f9a1565d7",
      "createdTime": "2021-01-27T19:35:14.376Z",
      "updatedTime": "2021-01-27T19:35:14.376Z",
      "createdUserId": "user-0",
      "updatedUserId": "user-0"
    },
    {
      "channelContent": {
        "web": {
          "contentFormat": "Markdown",
          "content": "**Teams also offers:**\n\n*   [Teams and channels for](https://support.microsoft.com/en-us/office/learn-about-teams-and-channels-5e4fd702-85f5-48d7-ae14-98821a1f90d3) projects, conversations, files, and meetings in one place\n*   [Integration of Office apps](https://support.microsoft.com/en-us/office/five-things-to-know-about-apps-in-microsoft-teams-747492ee-7cdd-4115-a993-8c7e7f98a3d0)\n*   Customizable [apps and bots](https://support.microsoft.com/en-us/office/five-things-to-know-about-apps-in-microsoft-teams-747492ee-7cdd-4115-a993-8c7e7f98a3d0) (like me 🙂)\n*   @mentions to [get someone's attention](https://support.microsoft.com/en-us/office/use-mentions-to-get-someone-s-attention-in-teams-eb4f059d-320e-454e-b111-03361d4d6855)"
        }
      },
      "id": "6f069df8-11db-42d1-a217-e2e988bf199f",
      "createdTime": "2021-01-27T19:35:39.535Z",
      "updatedTime": "2021-01-27T19:35:39.535Z",
      "createdUserId": "user-0",
      "updatedUserId": "user-0"
    }
  ]
}