{
  "intents": [
    {
      "intentType": "Regular",
      "endUserOverrideName": "Use apps in Teams",
      "triggerQueries": [
        "Use apps in Teams",
        "What are apps in Teams?",
        "I want to know more about apps in teams",
        "How does apps work in teams?",
        "Apps in teams, how does it work?",
        "Why use apps in Teams?",
        "Teams App store",
        "App store in Teams",
        "Use apps in Microsoft teams",
        "What are apps in Teams and why should I use them?"
      ],
      "dialogId": "new_topic_46574b3ccc844b83a13f3beffe1001d8",
      "isTriggeringEnabled": true,
      "id": "new_topic_46574b3ccc844b83a13f3beffe1001d8",
      "displayName": "What are apps in Teams and why should I use them?",
      "description": "https://adoptbotv2kb.blob.core.windows.net/%24web/AdoptBot2021-English.docx",
      "createdTime": "2021-01-13T22:20:51.2371466Z",
      "updatedTime": "2021-01-27T18:04:43.9752509Z",
      "createdUserId": "f04d3cd9-b73d-4ba9-a1ed-9319eba29b21",
      "updatedUserId": "f04d3cd9-b73d-4ba9-a1ed-9319eba29b21"
    }
  ],
  "dialogs": [
    {
      "rootNodeId": "ce6f0edd-7401-4152-940c-17c1f01d137f",
      "messageNodes": [
        {
          "botMessageId": "7674dced-4d2d-437c-a1b4-b05373578fc8",
          "nodeType": "BotMessageNode",
          "id": "ce6f0edd-7401-4152-940c-17c1f01d137f",
          "defaultTargetNodeId": "d9fd96aa-6018-4212-8d8d-727198c5d69c"
        },
        {
          "botMessageId": "0e2a5842-63d4-4b2d-a3e7-e104dda19963",
          "nodeType": "BotMessageNode",
          "id": "d9fd96aa-6018-4212-8d8d-727198c5d69c",
          "defaultTargetNodeId": "77a601ac-12d8-4c24-90e4-01b46bbdcb3c"
        },
        {
          "botMessageId": "e6ff63a9-d20e-40f2-a6d3-49c9182d2ca1",
          "nodeType": "BotMessageNode",
          "id": "77a601ac-12d8-4c24-90e4-01b46bbdcb3c",
          "defaultTargetNodeId": "a1e37692-c2b1-4378-aa62-83ad49df479c"
        },
        {
          "botMessageId": "dab72444-0586-40a2-a39d-b4d12f95f142",
          "nodeType": "BotMessageNode",
          "id": "a1e37692-c2b1-4378-aa62-83ad49df479c",
          "defaultTargetNodeId": "05144ca5-4166-4cca-ba05-46f84aa93837"
        },
        {
          "botMessageId": "145bde98-9cea-4ba8-a780-69fa55d93c60",
          "nodeType": "BotMessageNode",
          "id": "05144ca5-4166-4cca-ba05-46f84aa93837",
          "defaultTargetNodeId": "9a022a39-d6db-4064-bc94-bbce9aa98c2b"
        },
        {
          "botMessageId": "c245d081-e791-4639-8d6f-ed3ba0485091",
          "nodeType": "BotMessageNode",
          "id": "9a022a39-d6db-4064-bc94-bbce9aa98c2b",
          "defaultTargetNodeId": "2bec5c3f-5fd6-4327-934e-09c0f74c282e"
        },
        {
          "botMessageId": "d96c4c29-2544-4ae4-ace9-610c036596af",
          "nodeType": "BotMessageNode",
          "id": "2bec5c3f-5fd6-4327-934e-09c0f74c282e",
          "defaultTargetNodeId": "ccdc4a70-9350-4697-9edf-d22aaee5d203"
        }
      ],
      "dialogChangeNodes": [
        {
          "targetDialogId": "new_topic_eac3f49c99664313a9d9dc19d80a79a2_aeabea4d071f415c8c107e1cb7af5424_assumedsuccess",
          "nodeType": "DialogChangeNode",
          "id": "ccdc4a70-9350-4697-9edf-d22aaee5d203"
        }
      ],
      "id": "new_topic_46574b3ccc844b83a13f3beffe1001d8",
      "displayName": "Dialog for What are apps in Teams and why should I use them?",
      "createdTime": "2021-01-13T22:20:51.2371466Z",
      "updatedTime": "2021-01-27T18:07:50.6567973Z",
      "createdUserId": "f04d3cd9-b73d-4ba9-a1ed-9319eba29b21",
      "updatedUserId": "f04d3cd9-b73d-4ba9-a1ed-9319eba29b21"
    }
  ],
  "botMessages": [
    {
      "channelContent": {
        "web": {
          "contentFormat": "Markdown",
          "content": "Apps help you find content from your favorite services and share it right in Teams. Here’s how:"
        }
      },
      "id": "7674dced-4d2d-437c-a1b4-b05373578fc8",
      "createdTime": "2021-01-13T22:20:51.2371466Z",
      "updatedTime": "2021-01-13T22:20:51.2371466Z",
      "createdUserId": "f04d3cd9-b73d-4ba9-a1ed-9319eba29b21",
      "updatedUserId": "f04d3cd9-b73d-4ba9-a1ed-9319eba29b21"
    },
    {
      "channelContent": {
        "web": {
          "contentFormat": "Markdown",
          "content": "**Chat with a bot**\n\nBots provide answers, updates, and assistance in a channel. You can chat with them to get help with task management, scheduling, and more."
        }
      },
      "id": "0e2a5842-63d4-4b2d-a3e7-e104dda19963",
      "createdTime": "2021-01-27T18:05:13.905Z",
      "updatedTime": "2021-01-27T18:05:13.905Z",
      "createdUserId": "user-0",
      "updatedUserId": "user-0"
    },
    {
      "channelContent": {
        "web": {
          "contentFormat": "Markdown",
          "content": "**Share content on a tab**\n\nTabs help you share content and functionality from a service in a channel. Connect to services like Excel, SharePoint, Zendesk, or a website of your choice."
        }
      },
      "id": "e6ff63a9-d20e-40f2-a6d3-49c9182d2ca1",
      "createdTime": "2021-01-27T18:05:32.783Z",
      "updatedTime": "2021-01-27T18:05:32.783Z",
      "createdUserId": "user-0",
      "updatedUserId": "user-0"
    },
    {
      "channelContent": {
        "web": {
          "contentFormat": "Markdown",
          "content": "**Get updates from a connector**\n\nConnectors send updates and information directly to a channel. Get automatic updates from services like Twitter, RSS feeds, and GitHub."
        }
      },
      "id": "dab72444-0586-40a2-a39d-b4d12f95f142",
      "createdTime": "2021-01-27T18:05:34.95Z",
      "updatedTime": "2021-01-27T18:05:34.95Z",
      "createdUserId": "user-0",
      "updatedUserId": "user-0"
    },
    {
      "channelContent": {
        "web": {
          "contentFormat": "Markdown",
          "content": "**Add rich content to your messages**\n\nThese apps find content from different services and send it straight to a message. You can share things like weather reports, daily news, images, and videos with anyone you're talking to."
        }
      },
      "id": "145bde98-9cea-4ba8-a780-69fa55d93c60",
      "createdTime": "2021-01-27T18:05:37.167Z",
      "updatedTime": "2021-01-27T18:05:37.167Z",
      "createdUserId": "user-0",
      "updatedUserId": "user-0"
    },
    {
      "channelContent": {
        "web": {
          "contentFormat": "Markdown",
          "content": "**Get or make an app**\n\nGo to the Store to [add a bot, tab, connector, or messaging app](https://support.microsoft.com/en-us/office/add-an-app-to-microsoft-teams-b2217706-f7ed-4e64-8e96-c413afd02f77) to Teams. If you're interested, you can even [build your own custom app](https://aka.ms/microsoftteamsplatform)."
        }
      },
      "id": "c245d081-e791-4639-8d6f-ed3ba0485091",
      "createdTime": "2021-01-27T18:06:15.179Z",
      "updatedTime": "2021-01-27T18:06:15.179Z",
      "createdUserId": "user-0",
      "updatedUserId": "user-0"
    },
    {
      "channelContent": {
        "web": {
          "contentFormat": "Markdown",
          "content": "_This is a long answer._\n\n_You might need to scroll up_ 🔼"
        }
      },
      "id": "d96c4c29-2544-4ae4-ace9-610c036596af",
      "createdTime": "2021-01-27T18:06:17.286Z",
      "updatedTime": "2021-01-27T18:06:17.286Z",
      "createdUserId": "user-0",
      "updatedUserId": "user-0"
    }
  ]
}