{
  "intents": [
    {
      "endUserOverrideName": "Legg til fil eller app som en fane",
      "triggerQueries": [
        "Legge til powerpoint som fane",
        "Legge til PDF som fane",
        "Hvordan kan man gjøre en PDF mer synlig for alle i en chat?",
        "Hvordan kan man gjøre en fil mer synlig for alle i en chat?",
        "Hvordan legger man til en  fane i en chat?",
        "Hva kan man legge til som fane i en chat?",
        "Hva kan man legge til som fane i et team?",
        "Legg til fil som fane",
        "legge til en app som en fane",
        "Hvordan legger jeg til en fil som en fane i kanalen?",
        "Legg til en bestemt fil som en fane"
      ],
      "dialogId": "new_topic_692bbc455ce44ef8824624df08d6259c",
      "isTriggeringEnabled": true,
      "id": "new_topic_692bbc455ce44ef8824624df08d6259c",
      "displayName": "Legg til en bestemt fil eller app som en fane",
      "description": "",
      "createdTime": "2021-04-12T13:45:25.5325761Z",
      "updatedTime": "2021-04-21T18:20:42.3830819Z",
      "createdUserId": "ef0c8b9a-eff1-49f8-92fa-fd1d3e15e1ba",
      "updatedUserId": "ef0c8b9a-eff1-49f8-92fa-fd1d3e15e1ba"
    }
  ],
  "dialogs": [
    {
      "rootNodeId": "734b5029-3599-438c-bd31-6c3939635b68",
      "messageNodes": [
        {
          "botMessageId": "dbbdac5e-4f31-4f43-9f9c-889b2216505d",
          "nodeType": "BotMessageNode",
          "id": "734b5029-3599-438c-bd31-6c3939635b68",
          "defaultTargetNodeId": "b8341e4c-13a7-4ac5-b03b-773654544c19"
        },
        {
          "botMessageId": "0228b3cd-8252-47c1-9683-b5ce2cffc988",
          "nodeType": "BotMessageNode",
          "id": "b8341e4c-13a7-4ac5-b03b-773654544c19",
          "defaultTargetNodeId": "9f00c66b-5914-4c92-a916-f13f31f93d04"
        }
      ],
      "dialogChangeNodes": [
        {
          "targetDialogId": "new_topic_89c49d37fd4c4c1c9144396960733ce1_aeabea4d071f415c8c107e1cb7af5424_assumedsuccess",
          "nodeType": "DialogChangeNode",
          "id": "9f00c66b-5914-4c92-a916-f13f31f93d04"
        }
      ],
      "id": "new_topic_692bbc455ce44ef8824624df08d6259c",
      "displayName": "Dialog for Legg til en bestemt fil som en fane",
      "createdTime": "2021-04-12T13:45:25.5325761Z",
      "updatedTime": "2021-04-21T18:19:01.633104Z",
      "createdUserId": "ef0c8b9a-eff1-49f8-92fa-fd1d3e15e1ba",
      "updatedUserId": "ef0c8b9a-eff1-49f8-92fa-fd1d3e15e1ba"
    }
  ],
  "botMessages": [
    {
      "channelContent": {
        "web": {
          "contentFormat": "Markdown",
          "content": "Du kan gjøre en bestemt fil om til en fane, så lenge du eller et teammedlem allerede har [lastet opp eller delt filen i en melding](https://support.microsoft.com/nb-no/office/dele-filer-i-teams-0c4d34ee-5dd8-46d5-ab35-0d227b5e6eb5) i chatten eller kanalen der du vil opprette fanen.\n\n1.  Gå til chatten eller kanalen der du vil opprette fanen.\n2.  Velg **Legg til en fane**, og velg appen for filtypen du vil dele.\n3.  Velg **Lagre.**"
        }
      },
      "id": "dbbdac5e-4f31-4f43-9f9c-889b2216505d",
      "createdTime": "2021-04-12T13:45:25.5325761Z",
      "updatedTime": "2021-04-12T13:45:25.5325761Z",
      "createdUserId": "ef0c8b9a-eff1-49f8-92fa-fd1d3e15e1ba",
      "updatedUserId": "ef0c8b9a-eff1-49f8-92fa-fd1d3e15e1ba"
    },
    {
      "channelContent": {
        "web": {
          "contentFormat": "Markdown",
          "content": "Du kan også legge til [apper som faner](https://support.microsoft.com/nb-no/office/bruke-en-app-i-en-fane-i-en-kanal-eller-tekst-samtale-83d0514f-2134-4db5-80f2-e9b43e111d57).\n\n1.  Gå til chatten eller kanalen der du vil opprette fanen.\n2.  Velg **Legg til en fane**, og velg appen for filtypen du vil dele.\n3.  Velg **Lagre.**"
        }
      },
      "id": "0228b3cd-8252-47c1-9683-b5ce2cffc988",
      "createdTime": "2021-04-21T18:17:26.859Z",
      "updatedTime": "2021-04-21T18:17:26.859Z",
      "createdUserId": "user-0",
      "updatedUserId": "user-0"
    }
  ],
  "createdUtc": "0001-01-01T00:00:00Z"
}