{
  "intents": [
    {
      "endUserOverrideName": "在團隊中共享檔案",
      "triggerQueries": [
        "怎麼分享檔案",
        "Share file",
        "分享檔案",
        "Sharing files in Teams",
        "在團隊中共享檔案",
        "如何在團隊中共享檔案？"
      ],
      "dialogId": "new_topic_7744484f8860499d953fbaecccf29227",
      "isTriggeringEnabled": true,
      "id": "new_topic_7744484f8860499d953fbaecccf29227",
      "displayName": "如何共享檔案？",
      "description": "https://adoptbotv2kb.blob.core.windows.net/%24web/AdoptBot2021-English.docx",
      "createdTime": "2021-11-17T05:28:20.8432718Z",
      "updatedTime": "2021-11-17T10:41:13.3706248Z",
      "createdUserId": "9c968d43-f7c2-4e28-895c-1f6bcefcd8be",
      "updatedUserId": "9c968d43-f7c2-4e28-895c-1f6bcefcd8be"
    }
  ],
  "dialogs": [
    {
      "rootNodeId": "4bdf9231-f8e7-4234-84b7-1f00b09423e6",
      "messageNodes": [
        {
          "botMessageId": "6937a938-7961-4f41-a1fe-54021f25ff48",
          "nodeType": "BotMessageNode",
          "id": "4bdf9231-f8e7-4234-84b7-1f00b09423e6",
          "defaultTargetNodeId": "899ea9dc-f08f-4ec3-be7b-dcc9f852a4b1"
        },
        {
          "botMessageId": "23480446-b373-40c4-9af2-1a2c87bb570f",
          "nodeType": "BotMessageNode",
          "id": "899ea9dc-f08f-4ec3-be7b-dcc9f852a4b1",
          "defaultTargetNodeId": "0bdfc717-ac54-4ff7-824d-22690e94313e"
        },
        {
          "botMessageId": "eebb97d8-259c-4c7c-a9f9-fc306a6192ab",
          "nodeType": "BotMessageNode",
          "id": "0bdfc717-ac54-4ff7-824d-22690e94313e",
          "defaultTargetNodeId": "77674b0d-a9fc-4b6d-b172-0cf5a390d9d9"
        },
        {
          "botMessageId": "f688f42f-b55e-4c45-937a-fe56801aa5df",
          "nodeType": "BotMessageNode",
          "id": "77674b0d-a9fc-4b6d-b172-0cf5a390d9d9",
          "defaultTargetNodeId": "eed93c4e-6258-458e-a4ea-7e4cd905e14c"
        }
      ],
      "dialogChangeNodes": [
        {
          "targetDialogId": "new_topic_e2d1671328b941dbb60fa7150059b1ee_aeabea4d071f415c8c107e1cb7af5424_assumedsuccess",
          "nodeType": "DialogChangeNode",
          "id": "eed93c4e-6258-458e-a4ea-7e4cd905e14c"
        }
      ],
      "id": "new_topic_7744484f8860499d953fbaecccf29227",
      "displayName": "Dialog for 如何在團隊中共享檔案？",
      "createdTime": "2021-11-17T05:28:20.8432718Z",
      "updatedTime": "2021-11-17T10:41:13.3706248Z",
      "createdUserId": "9c968d43-f7c2-4e28-895c-1f6bcefcd8be",
      "updatedUserId": "9c968d43-f7c2-4e28-895c-1f6bcefcd8be"
    }
  ],
  "botMessages": [
    {
      "channelContent": {
        "web": {
          "contentFormat": "Markdown",
          "content": "如果您能夠存取裝置上的檔案，您可以與裝置中的其他人共用Teams檔案。 包含以下方式：\n\n*   **團隊** : 每個**頻道**都有一個名為「檔案」的標籤。\n*   **聊天**:  聊天訊息中共用檔案，可以在聊中大傳送檔案 或是傳送檔案的連結(在雲端OneDrive或其他雲端儲存空間)。"
        }
      },
      "id": "6937a938-7961-4f41-a1fe-54021f25ff48",
      "createdTime": "2021-11-17T05:28:20.8432718Z",
      "updatedTime": "2021-11-17T05:28:20.8432718Z",
      "createdUserId": "9c968d43-f7c2-4e28-895c-1f6bcefcd8be",
      "updatedUserId": "9c968d43-f7c2-4e28-895c-1f6bcefcd8be"
    },
    {
      "channelContent": {
        "web": {
          "contentFormat": "Markdown",
          "content": "另外，您還可以在**頻道**的聊天中共享檔案。然後，這些將**自動在頻道的「檔案」標籤中找到**。"
        }
      },
      "id": "23480446-b373-40c4-9af2-1a2c87bb570f",
      "createdTime": "2021-11-17T05:28:30.131Z",
      "updatedTime": "2021-11-17T05:28:30.131Z",
      "createdUserId": "user-0",
      "updatedUserId": "user-0"
    },
    {
      "channelContent": {
        "web": {
          "contentFormat": "Markdown",
          "content": "而在私人或群聊中共用的檔案可以與對話中的人共用。"
        }
      },
      "id": "eebb97d8-259c-4c7c-a9f9-fc306a6192ab",
      "createdTime": "2021-11-17T05:28:33.89Z",
      "updatedTime": "2021-11-17T05:28:33.89Z",
      "createdUserId": "user-0",
      "updatedUserId": "user-0"
    },
    {
      "channelContent": {
        "web": {
          "contentFormat": "Markdown",
          "content": "您可以即時列印、共用或協作檔案，而無需離開 Teams 平台。\n\n[更多資訊請參考Teams檔案共享](https://support.microsoft.com/zh-tw/office/%E5%9C%A8-teams-0c4d34ee-5dd8-46d5-ab35-0d227b5e6eb5)。"
        }
      },
      "id": "f688f42f-b55e-4c45-937a-fe56801aa5df",
      "createdTime": "2021-11-17T05:28:37.347Z",
      "updatedTime": "2021-11-17T05:28:37.347Z",
      "createdUserId": "user-0",
      "updatedUserId": "user-0"
    }
  ]
}