{
  "intents": [
    {
      "endUserOverrideName": "Teams Live Events",
      "triggerQueries": [
        "Teams live event",
        "Was sind Live Events in Teams?",
        "Was ist ein Teams Live Event?",
        "Kann man ein Meeting streamen?",
        "Was sind Live Events?"
      ],
      "dialogId": "new_topic_c92e630ef3544689ba5d78417eab2aa8",
      "isTriggeringEnabled": true,
      "id": "new_topic_c92e630ef3544689ba5d78417eab2aa8",
      "displayName": "Was sind Live Events?",
      "description": "https://adoptbotv2kb.blob.core.windows.net/%24web/AdoptBot2021-English.docx",
      "createdTime": "2021-04-18T20:08:08.2857642Z",
      "updatedTime": "2021-04-18T20:08:08.2857642Z",
      "createdUserId": "86360cd1-faa6-4d16-8a0c-ba3116c8a977"
    }
  ],
  "dialogs": [
    {
      "rootNodeId": "7c47222f-e3d2-47bd-bbdc-205119b83297",
      "messageNodes": [
        {
          "botMessageId": "79714b28-e040-4773-bf01-40fae9f772f4",
          "nodeType": "BotMessageNode",
          "id": "7c47222f-e3d2-47bd-bbdc-205119b83297",
          "defaultTargetNodeId": "b87f7d3f-bbfe-4561-8795-3805e41ede6a"
        }
      ],
      "dialogChangeNodes": [
        {
          "targetDialogId": "new_topic_30867099f4b543d3b8543a85c22c3418_aeabea4d071f415c8c107e1cb7af5424_assumedsuccess",
          "nodeType": "DialogChangeNode",
          "id": "b87f7d3f-bbfe-4561-8795-3805e41ede6a"
        }
      ],
      "id": "new_topic_c92e630ef3544689ba5d78417eab2aa8",
      "displayName": "Dialog for Was sind Live Events?",
      "createdTime": "2021-04-18T20:08:08.2857642Z",
      "updatedTime": "2021-04-18T20:08:51.0732462Z",
      "createdUserId": "86360cd1-faa6-4d16-8a0c-ba3116c8a977",
      "updatedUserId": "86360cd1-faa6-4d16-8a0c-ba3116c8a977"
    }
  ],
  "botMessages": [
    {
      "channelContent": {
        "web": {
          "contentFormat": "Markdown",
          "content": "Mit Teams Live-Events können Benutzer in Ihrem Unternehmen Video- und Meeting-Inhalte an große Gruppen übertragen. Siehe [Was sind Liveereignisse in Microsoft Teams?](https://docs.microsoft.com/de-de/microsoftteams/teams-live-events/what-are-teams-live-events)"
        }
      },
      "id": "79714b28-e040-4773-bf01-40fae9f772f4",
      "createdTime": "2021-04-18T20:08:08.2857642Z",
      "updatedTime": "2021-04-18T20:08:08.2857642Z",
      "createdUserId": "86360cd1-faa6-4d16-8a0c-ba3116c8a977",
      "updatedUserId": "86360cd1-faa6-4d16-8a0c-ba3116c8a977"
    }
  ]
}