{
  "intents": [
    {
      "endUserOverrideName": "Overal samenwerken",
      "triggerQueries": [
        "thuis werken",
        "remote werken",
        "Hoe werk ik samen met Microsoft 365",
        "Overal samenwerken met Microsoft 365"
      ],
      "dialogId": "new_topic_6aa9a9a3411b407aa37e6c39392423fc",
      "isTriggeringEnabled": true,
      "canTriggeringBeDisabled": true,
      "id": "new_topic_6aa9a9a3411b407aa37e6c39392423fc",
      "displayName": "Overal samenwerken met Microsoft 365",
      "description": "",
      "createdTime": "2021-03-22T07:30:38.1063986Z",
      "updatedTime": "2021-03-22T07:30:38.1063986Z",
      "createdUserId": "c1e90dc0-1df0-459d-8164-0dcb7915deaf",
      "isManaged": false,
      "isCustomizable": true,
      "etag": "W/\"930084\"",
      "versionNumber": 930084,
      "componentId": "cc75b97c-e08a-eb11-b1ac-000d3a4cdb28"
    }
  ],
  "dialogs": [
    {
      "rootNodeId": "03aed95a-8a3d-4174-9e55-214031bc701e",
      "messageNodes": [
        {
          "botMessageId": "70b6a963-ef26-465f-8b60-1347f666a60f",
          "nodeType": "BotMessageNode",
          "id": "03aed95a-8a3d-4174-9e55-214031bc701e",
          "defaultTargetNodeId": "7226f28a-7d3b-403d-ad5b-cbba426129ad"
        },
        {
          "botMessageId": "a3da5762-cc94-4e07-a18d-15b9916ceb0a",
          "nodeType": "BotMessageNode",
          "id": "7226f28a-7d3b-403d-ad5b-cbba426129ad",
          "defaultTargetNodeId": "f5fa36c2-99e6-4c2e-be03-1c485e67b0ac"
        },
        {
          "botMessageId": "323b66f3-1d56-4b1e-8525-68277940d4e1",
          "nodeType": "BotMessageNode",
          "id": "f5fa36c2-99e6-4c2e-be03-1c485e67b0ac",
          "defaultTargetNodeId": "2bcd16be-d1a4-4fb6-8b12-03e940af66a1"
        }
      ],
      "dialogChangeNodes": [
        {
          "targetDialogId": "new_topic_9d295c394a47419da3b4d205b7ed4c20_aeabea4d071f415c8c107e1cb7af5424_assumedsuccess",
          "nodeType": "DialogChangeNode",
          "id": "2bcd16be-d1a4-4fb6-8b12-03e940af66a1"
        }
      ],
      "id": "new_topic_6aa9a9a3411b407aa37e6c39392423fc",
      "displayName": "Dialog for Overal samenwerken met Microsoft 365",
      "createdTime": "2021-03-22T07:30:38.1063986Z",
      "updatedTime": "2021-03-22T07:34:02.0467607Z",
      "createdUserId": "c1e90dc0-1df0-459d-8164-0dcb7915deaf",
      "updatedUserId": "c1e90dc0-1df0-459d-8164-0dcb7915deaf",
      "versionNumber": 0,
      "componentId": "00000000-0000-0000-0000-000000000000"
    }
  ],
  "botMessages": [
    {
      "channelContent": {
        "web": {
          "contentFormat": "Markdown",
          "content": "Het maakt niet uit of u op kantoor of thuis werkt, als er een noodgeval is wanneer u niet aanwezig bent, kunt u er rustig voor zorgen dat u beschikt over de dingen die u nodig heeft."
        }
      },
      "id": "70b6a963-ef26-465f-8b60-1347f666a60f",
      "createdTime": "2021-03-22T07:30:38.1063986Z",
      "updatedTime": "2021-03-22T07:30:38.1063986Z",
      "createdUserId": "c1e90dc0-1df0-459d-8164-0dcb7915deaf",
      "updatedUserId": "c1e90dc0-1df0-459d-8164-0dcb7915deaf",
      "versionNumber": 0,
      "componentId": "00000000-0000-0000-0000-000000000000"
    },
    {
      "channelContent": {
        "web": {
          "contentFormat": "Markdown",
          "content": "Of u nu een laptop of een mobiel apparaat gebruikt, u kunt eenvoudig deelnemen aan onlinevergaderingen, bij Office-bestanden, co-creëren in real-time, bestanden delen en overal productief zijn."
        }
      },
      "id": "a3da5762-cc94-4e07-a18d-15b9916ceb0a",
      "createdTime": "2021-03-22T07:32:50.289Z",
      "updatedTime": "2021-03-22T07:32:50.289Z",
      "createdUserId": "user-0",
      "updatedUserId": "user-0",
      "versionNumber": 0,
      "componentId": "00000000-0000-0000-0000-000000000000"
    },
    {
      "channelContent": {
        "web": {
          "contentFormat": "Markdown",
          "content": "[Meer info.](https://support.microsoft.com/nl-nl/office/overal-samenwerken-met-microsoft-365-ac05a41e-0b49-4420-9ebc-190ee4e744f4?ui=nl-NL&rs=nl-NL&ad=NL)"
        }
      },
      "id": "323b66f3-1d56-4b1e-8525-68277940d4e1",
      "createdTime": "2021-03-22T07:32:52.944Z",
      "updatedTime": "2021-03-22T07:32:52.944Z",
      "createdUserId": "user-0",
      "updatedUserId": "user-0",
      "versionNumber": 0,
      "componentId": "00000000-0000-0000-0000-000000000000"
    }
  ],
  "createdUtc": "0001-01-01T00:00:00Z"
}