{
  "intents": [
    {
      "triggerQueries": [
        "별도 Chatting 창",
        "별도 채팅 창",
        "Teams 여러 창",
        "팀즈 여러 창",
        "Chatting 팝업",
        "여러 chatting 창",
        "한 번 여러 채팅 열기",
        "별도 창 다른 사람 채팅",
        "여러 창 사용",
        "새 창 채팅 열기",
        "채팅 팝업",
        "여러 채팅 창",
        "채팅을 팝업창으로 활성화?"
      ],
      "dialogId": "new_topic_3254bcd948af4c99be588d40c41be503",
      "isTriggeringEnabled": true,
      "id": "new_topic_3254bcd948af4c99be588d40c41be503",
      "displayName": "채팅을 팝업창으로 활성화?",
      "description": "https://adoptbotv2kb.blob.core.windows.net/%24web/adoptbot2021-Korean.docx",
      "createdTime": "2021-03-18T03:39:18.7476571Z",
      "updatedTime": "2021-03-25T05:21:48.3356234Z",
      "createdUserId": "e47109d8-0300-4e59-a90d-56bb29886c9e",
      "updatedUserId": "e47109d8-0300-4e59-a90d-56bb29886c9e"
    }
  ],
  "dialogs": [
    {
      "rootNodeId": "328d7ab9-5b32-4a51-86d8-8ea1e0e0be6a",
      "messageNodes": [
        {
          "botMessageId": "b2d7989b-d620-4926-94c9-c4531b318b91",
          "nodeType": "BotMessageNode",
          "id": "af2f75ba-ca93-4b33-884a-5f92f868e2db",
          "defaultTargetNodeId": "686efeb9-8305-482e-aa57-b78f078afecb"
        },
        {
          "botMessageId": "48c43801-a471-4826-b0ff-0b4fe6a8b1c4",
          "nodeType": "BotMessageNode",
          "id": "328d7ab9-5b32-4a51-86d8-8ea1e0e0be6a",
          "defaultTargetNodeId": "d9062671-57c2-45a7-a77c-4a6d6d2eacab"
        },
        {
          "botMessageId": "624174dc-17bd-41a9-b13f-132d22f2d073",
          "nodeType": "BotMessageNode",
          "id": "d9062671-57c2-45a7-a77c-4a6d6d2eacab",
          "defaultTargetNodeId": "af2f75ba-ca93-4b33-884a-5f92f868e2db"
        }
      ],
      "dialogChangeNodes": [
        {
          "targetDialogId": "new_topic_2bf23930c1d146129dfe38bacb94ccd0_aeabea4d071f415c8c107e1cb7af5424_assumedsuccess",
          "nodeType": "DialogChangeNode",
          "id": "686efeb9-8305-482e-aa57-b78f078afecb"
        }
      ],
      "id": "new_topic_3254bcd948af4c99be588d40c41be503",
      "displayName": "Dialog for 채팅을 팝업창으로 활성화?",
      "createdTime": "2021-03-18T03:39:18.7476571Z",
      "updatedTime": "2021-03-25T05:21:34.3362918Z",
      "createdUserId": "e47109d8-0300-4e59-a90d-56bb29886c9e",
      "updatedUserId": "e47109d8-0300-4e59-a90d-56bb29886c9e"
    }
  ],
  "botMessages": [
    {
      "channelContent": {
        "web": {
          "contentFormat": "Markdown",
          "content": "**참고**: 여러 대화를 할 수 있지만 동일한 채팅을 두 번 팝업하지는 않습니다.\n\n[Teams에서 채팅 팝업](https://support.microsoft.com/ko-kr/office/pop-out-a-chat-in-teams-cff95cb0-34af-423f-8f69-fe9106973790)"
        }
      },
      "id": "b2d7989b-d620-4926-94c9-c4531b318b91",
      "createdTime": "2021-03-18T03:39:18.7476571Z",
      "updatedTime": "2021-03-18T03:39:18.7476571Z",
      "createdUserId": "e47109d8-0300-4e59-a90d-56bb29886c9e",
      "updatedUserId": "e47109d8-0300-4e59-a90d-56bb29886c9e"
    },
    {
      "channelContent": {
        "web": {
          "contentFormat": "Markdown",
          "content": "당신은 즉시 일대일 또는 그룹 채팅을 별도의 창으로 팝업 할 수 있습니다. 그런 다음 원하는 대로 창 크기를 조정, 재배치 또는 닫습니다."
        }
      },
      "id": "48c43801-a471-4826-b0ff-0b4fe6a8b1c4",
      "createdTime": "2021-03-25T05:20:56.02Z",
      "updatedTime": "2021-03-25T05:20:56.02Z",
      "createdUserId": "user-0",
      "updatedUserId": "user-0"
    },
    {
      "channelContent": {
        "web": {
          "contentFormat": "Markdown",
          "content": "회의나 전화에 있을 때 많은 작업을 수행 할 수 있는 좋은 방법입니다."
        }
      },
      "id": "624174dc-17bd-41a9-b13f-132d22f2d073",
      "createdTime": "2021-03-25T05:21:13.749Z",
      "updatedTime": "2021-03-25T05:21:13.749Z",
      "createdUserId": "user-0",
      "updatedUserId": "user-0"
    }
  ],
  "createdUtc": "0001-01-01T00:00:00Z"
}