{
  "intents": [
    {
      "endUserOverrideName": "Slett inaktive team etter et visst antall måneder",
      "triggerQueries": [
        "Hvordan fjerner jeg inaktive team etter x antall måneder",
        "Hvordan sletter jeg inaktiv team etter x antall måneder",
        "Hvordan sletter jeg inaktive team?",
        "Hvordan fjerner jeg inaktive team etter visst antall måneder?",
        "Utløpsdatoer av teamene i Teams",
        "Automatisk fornyelse av teams",
        "Slett inaktive team automatisk",
        "Fjern inaktive team automatisk",
        "Kan inaktive team slettes automatisk etter et visst antall dager eller måneder?"
      ],
      "dialogId": "new_topic_78822ac66e6349588773d9bca58ce0a8",
      "isTriggeringEnabled": true,
      "id": "new_topic_78822ac66e6349588773d9bca58ce0a8",
      "displayName": "Kan inaktive team slettes automatisk etter et visst antall dager eller måneder?",
      "description": "",
      "createdTime": "2021-04-12T14:54:24.7105777Z",
      "updatedTime": "2021-04-16T08:48:22.5486853Z",
      "createdUserId": "ef0c8b9a-eff1-49f8-92fa-fd1d3e15e1ba",
      "updatedUserId": "ef0c8b9a-eff1-49f8-92fa-fd1d3e15e1ba"
    }
  ],
  "dialogs": [
    {
      "rootNodeId": "49a8df86-5598-4aee-aa4b-f7ea47cc7806",
      "messageNodes": [
        {
          "botMessageId": "beed5973-cc0e-4983-b905-7f7bf86eb72b",
          "nodeType": "BotMessageNode",
          "id": "49a8df86-5598-4aee-aa4b-f7ea47cc7806",
          "defaultTargetNodeId": "8d68c13b-da79-4162-8628-baff038bc370"
        },
        {
          "botMessageId": "b2053696-cab7-46dd-bffa-7b9676e1d2db",
          "nodeType": "BotMessageNode",
          "id": "8d68c13b-da79-4162-8628-baff038bc370",
          "defaultTargetNodeId": "356c911f-4e16-4d2a-92f4-579ac65ef8e9"
        }
      ],
      "dialogChangeNodes": [
        {
          "targetDialogId": "new_topic_89c49d37fd4c4c1c9144396960733ce1_aeabea4d071f415c8c107e1cb7af5424_assumedsuccess",
          "nodeType": "DialogChangeNode",
          "id": "356c911f-4e16-4d2a-92f4-579ac65ef8e9"
        }
      ],
      "id": "new_topic_78822ac66e6349588773d9bca58ce0a8",
      "displayName": "Dialog for Kan inaktive team slettes automatisk etter et visst antall dager eller måneder?",
      "createdTime": "2021-04-12T14:54:24.7105777Z",
      "updatedTime": "2021-04-12T14:54:47.5818006Z",
      "createdUserId": "ef0c8b9a-eff1-49f8-92fa-fd1d3e15e1ba",
      "updatedUserId": "ef0c8b9a-eff1-49f8-92fa-fd1d3e15e1ba"
    }
  ],
  "botMessages": [
    {
      "channelContent": {
        "web": {
          "contentFormat": "Markdown",
          "content": "Automatisk fjerning av inaktive team bestemmes av administrator. Dette er en fin måte å rydde opp inaktive team som ikke er i bruk."
        }
      },
      "id": "beed5973-cc0e-4983-b905-7f7bf86eb72b",
      "createdTime": "2021-04-12T14:54:24.7105777Z",
      "updatedTime": "2021-04-12T14:54:24.7105777Z",
      "createdUserId": "ef0c8b9a-eff1-49f8-92fa-fd1d3e15e1ba",
      "updatedUserId": "ef0c8b9a-eff1-49f8-92fa-fd1d3e15e1ba"
    },
    {
      "channelContent": {
        "web": {
          "contentFormat": "Markdown",
          "content": "Se denne [artikkelen om utløpsdatoer og automatisk fornyelse av teams](https://docs.microsoft.com/nb-no/microsoftteams/team-expiration-renewal)."
        }
      },
      "id": "b2053696-cab7-46dd-bffa-7b9676e1d2db",
      "createdTime": "2021-04-12T14:54:36.734Z",
      "updatedTime": "2021-04-12T14:54:36.734Z",
      "createdUserId": "user-0",
      "updatedUserId": "user-0"
    }
  ],
  "createdUtc": "0001-01-01T00:00:00Z"
}