{
  "intents": [
    {
      "triggerQueries": [
        "Team 팀 세팅 어디 변경",
        "Team 팀 설정 어디",
        "Team 팀 구성원 멤버 설정 변경",
        "Team 팀 설정 변경 조정",
        "Team 팀 설정 변경 옵션",
        "팀의 설정을 변경할 수 있는 옵션은 어디에 있습니까?"
      ],
      "dialogId": "new_topic_50dd5a1865ef46819b0449a54e386455",
      "isTriggeringEnabled": true,
      "id": "new_topic_50dd5a1865ef46819b0449a54e386455",
      "displayName": "팀의 설정을 변경할 수 있는 옵션은 어디에 있습니까?",
      "description": "https://adoptbotv2kb.blob.core.windows.net/%24web/adoptbot2021-Korean.docx",
      "createdTime": "2021-03-18T03:39:18.7466553Z",
      "updatedTime": "2021-04-06T08:21:46.7850777Z",
      "createdUserId": "e47109d8-0300-4e59-a90d-56bb29886c9e",
      "updatedUserId": "e47109d8-0300-4e59-a90d-56bb29886c9e"
    }
  ],
  "dialogs": [
    {
      "rootNodeId": "a282792a-45dc-4c25-8343-1bce2da7417a",
      "messageNodes": [
        {
          "botMessageId": "17074ef4-1ee6-479b-8928-d5b3b01d970b",
          "nodeType": "BotMessageNode",
          "id": "80d41279-9204-46ca-a63b-8645afcd67a9",
          "defaultTargetNodeId": "d7dc100b-ab59-493a-9379-612cff11a25c"
        },
        {
          "botMessageId": "bb25dc3d-dda9-42b3-9f43-2e0e77d4eb6f",
          "nodeType": "BotMessageNode",
          "id": "a282792a-45dc-4c25-8343-1bce2da7417a",
          "defaultTargetNodeId": "80d41279-9204-46ca-a63b-8645afcd67a9"
        }
      ],
      "dialogChangeNodes": [
        {
          "targetDialogId": "new_topic_2bf23930c1d146129dfe38bacb94ccd0_aeabea4d071f415c8c107e1cb7af5424_assumedsuccess",
          "nodeType": "DialogChangeNode",
          "id": "d7dc100b-ab59-493a-9379-612cff11a25c"
        }
      ],
      "id": "new_topic_50dd5a1865ef46819b0449a54e386455",
      "displayName": "Dialog for 팀의 설정을 변경할 수 있는 옵션은 어디에 있습니까?",
      "createdTime": "2021-03-18T03:39:18.7466553Z",
      "updatedTime": "2021-04-06T08:21:39.6695335Z",
      "createdUserId": "e47109d8-0300-4e59-a90d-56bb29886c9e",
      "updatedUserId": "e47109d8-0300-4e59-a90d-56bb29886c9e"
    }
  ],
  "botMessages": [
    {
      "channelContent": {
        "web": {
          "contentFormat": "Markdown",
          "content": "거기에서 설정 탭에 액세스하여 다음을 할 수 있습니다.\n\n*   팀 사진을 변경\n*   멤버 권한 설정\n*   채널에서 @멘션 사용 권한 설정\n*   팀 구성원이 GIF, 이모티콘 및 스티커를 보낼 수 있도록 지원\n*   그리고 기타"
        }
      },
      "id": "17074ef4-1ee6-479b-8928-d5b3b01d970b",
      "createdTime": "2021-03-18T03:39:18.7466553Z",
      "updatedTime": "2021-03-18T03:39:18.7466553Z",
      "createdUserId": "e47109d8-0300-4e59-a90d-56bb29886c9e",
      "updatedUserId": "e47109d8-0300-4e59-a90d-56bb29886c9e"
    },
    {
      "channelContent": {
        "web": {
          "contentFormat": "Markdown",
          "content": "팀 이름으로 이동하여, 기타 옵션(..) > 팀 관리를 클릭합니다."
        }
      },
      "id": "bb25dc3d-dda9-42b3-9f43-2e0e77d4eb6f",
      "createdTime": "2021-04-06T08:21:24.847Z",
      "updatedTime": "2021-04-06T08:21:24.847Z",
      "createdUserId": "user-0",
      "updatedUserId": "user-0"
    }
  ],
  "createdUtc": "0001-01-01T00:00:00Z"
}