{
  "intents": [
    {
      "endUserOverrideName": "Conseils pour des réunions",
      "triggerQueries": [
        "Y-a-t-il des astuces pour améliorer l'expérience de réunion dans Teams",
        "Donnez-moi des conseils pour améliorer l'expérience de réunion Teams",
        "Donnez-moi des conseils pour avoir des bonnes réunions Teams?",
        "Conseils Teams pour de meilleures réunions",
        "conseils de réunion Teams",
        "Conseils sur la façon de tenir des réunions dans Teams",
        "comment organiser une bonne réunion dans Teams?",
        "y a-t-il des conseils pour avoir de meilleures réunions?",
        "Comment diriger de bonnes réunions?",
        "Conseils pour les réunions dans Teams",
        "Donnez moi des conseils sur les réunions",
        "Y-a-t-il des astuces pour avoir de bonnes réunions Teams",
        "Aide pour des réunions de meilleure qualité",
        "Que considérer dans des réunions virtuelles?",
        "Comment tenir une réunion à distance?",
        "Astuces simples de réunion pour débutants",
        "Astuces simples de meilleures réunions Teams"
      ],
      "dialogId": "new_topic_caa0e76e6f8b48548496ead2e82cbf36",
      "isTriggeringEnabled": true,
      "id": "new_topic_caa0e76e6f8b48548496ead2e82cbf36",
      "displayName": "Des conseils simples pour de meilleures réunions Teams?",
      "description": "",
      "createdTime": "2021-01-13T22:20:51.2381463Z",
      "updatedTime": "2021-05-12T21:18:26.5037231Z",
      "createdUserId": "f04d3cd9-b73d-4ba9-a1ed-9319eba29b21",
      "updatedUserId": "a2c4aa2c-d830-41eb-bcf4-467a2c7e1279"
    }
  ],
  "dialogs": [
    {
      "rootNodeId": "067eca79-6275-4c67-9197-757276cd06ec",
      "messageNodes": [
        {
          "botMessageId": "9f593e8b-d6c0-410c-93db-0527184bdeec",
          "nodeType": "BotMessageNode",
          "id": "067eca79-6275-4c67-9197-757276cd06ec",
          "defaultTargetNodeId": "01c63b54-08dc-49ad-9165-7d71f57c284f"
        }
      ],
      "dialogChangeNodes": [
        {
          "targetDialogId": "new_topic_eac3f49c99664313a9d9dc19d80a79a2_aeabea4d071f415c8c107e1cb7af5424_assumedsuccess",
          "nodeType": "DialogChangeNode",
          "id": "01c63b54-08dc-49ad-9165-7d71f57c284f"
        }
      ],
      "id": "new_topic_caa0e76e6f8b48548496ead2e82cbf36",
      "displayName": "Dialog for Simple tips for better Teams meetings?",
      "createdTime": "2021-01-13T22:20:51.2381463Z",
      "updatedTime": "2021-05-12T21:16:10.4290312Z",
      "createdUserId": "f04d3cd9-b73d-4ba9-a1ed-9319eba29b21",
      "updatedUserId": "a2c4aa2c-d830-41eb-bcf4-467a2c7e1279"
    }
  ],
  "botMessages": [
    {
      "channelContent": {
        "web": {
          "contentFormat": "Markdown",
          "content": "Voici [quelques astuces pour améliorer votre expérience lors des réunions Teams](https://support.microsoft.com/fr-fr/office/conseils-pour-des-r%C3%A9unions-plus-efficaces-80640ac4-b009-42ea-abcb-660e729e63e5)"
        }
      },
      "id": "9f593e8b-d6c0-410c-93db-0527184bdeec",
      "createdTime": "2021-01-13T22:20:51.2381463Z",
      "updatedTime": "2021-01-13T22:20:51.2381463Z",
      "createdUserId": "f04d3cd9-b73d-4ba9-a1ed-9319eba29b21",
      "updatedUserId": "f04d3cd9-b73d-4ba9-a1ed-9319eba29b21"
    }
  ],
  "createdUtc": "0001-01-01T00:00:00Z"
}