{
  "intents": [
    {
      "endUserOverrideName": "",
      "triggerQueries": [
        "Wie benutze ich die Suchleiste?",
        "Suche in Teams benutzen",
        "Suche in Teams",
        "Wie kann ich effektiv in Teams suchen?",
        "Gib mir Tipps zur Suche",
        "Wie funktioniert die Suche?",
        "Wie kann ich in Teams suchen?"
      ],
      "dialogId": "new_topic_cb1c43c2ed8c4499a09d8379f666be71",
      "isTriggeringEnabled": true,
      "id": "new_topic_cb1c43c2ed8c4499a09d8379f666be71",
      "displayName": "Wie kann ich in Teams suchen?",
      "description": "https://adoptbotv2kb.blob.core.windows.net/%24web/AdoptBot2021-English.docx",
      "createdTime": "2021-04-18T21:42:40.9132933Z",
      "updatedTime": "2021-04-18T21:42:40.9132933Z",
      "createdUserId": "86360cd1-faa6-4d16-8a0c-ba3116c8a977"
    }
  ],
  "dialogs": [
    {
      "rootNodeId": "5cb77a41-8bc3-4c27-8464-375afbb32eb2",
      "messageNodes": [
        {
          "botMessageId": "1689f7df-6866-41c9-ab80-b2127a8be1dd",
          "nodeType": "BotMessageNode",
          "id": "5cb77a41-8bc3-4c27-8464-375afbb32eb2",
          "defaultTargetNodeId": "07e6aaa3-bbb9-4ec2-8f06-f875b9b56dd7"
        },
        {
          "botMessageId": "fb62fc01-1f42-47d2-9d0a-8aef1a1ddf9c",
          "nodeType": "BotMessageNode",
          "id": "07e6aaa3-bbb9-4ec2-8f06-f875b9b56dd7",
          "defaultTargetNodeId": "6a105a5e-f4bd-4a4e-b8f1-dbc21ce2617b"
        },
        {
          "botMessageId": "84cf3a66-8128-4167-a804-7fceac3d1374",
          "nodeType": "BotMessageNode",
          "id": "6a105a5e-f4bd-4a4e-b8f1-dbc21ce2617b",
          "defaultTargetNodeId": "5092794f-23a7-4ddc-a65e-44f32f05b789"
        },
        {
          "botMessageId": "39eea40e-6056-4282-a989-0bcdb87e75dc",
          "nodeType": "BotMessageNode",
          "id": "5092794f-23a7-4ddc-a65e-44f32f05b789",
          "defaultTargetNodeId": "1410d0b4-2d59-4912-98a8-ed62952aa6bf"
        },
        {
          "botMessageId": "adf91f26-a4b8-4160-8ee4-2c0bcd0fb008",
          "nodeType": "BotMessageNode",
          "id": "1410d0b4-2d59-4912-98a8-ed62952aa6bf",
          "defaultTargetNodeId": "5c21a5fb-9450-4170-af11-3d2a392f861f"
        }
      ],
      "dialogChangeNodes": [
        {
          "targetDialogId": "new_topic_30867099f4b543d3b8543a85c22c3418_aeabea4d071f415c8c107e1cb7af5424_assumedsuccess",
          "nodeType": "DialogChangeNode",
          "id": "5c21a5fb-9450-4170-af11-3d2a392f861f"
        }
      ],
      "id": "new_topic_cb1c43c2ed8c4499a09d8379f666be71",
      "displayName": "Dialog for Wie kann ich in Teams suchen?",
      "createdTime": "2021-04-18T21:42:40.9132933Z",
      "updatedTime": "2021-04-18T21:46:13.5941151Z",
      "createdUserId": "86360cd1-faa6-4d16-8a0c-ba3116c8a977",
      "updatedUserId": "86360cd1-faa6-4d16-8a0c-ba3116c8a977"
    }
  ],
  "botMessages": [
    {
      "channelContent": {
        "web": {
          "contentFormat": "Markdown",
          "content": "[Suchen nach Nachrichten und mehr in Teams](https://support.microsoft.com/de-de/office/suchen-nach-nachrichten-und-mehr-in-teams-4a351520-33f4-42ab-a5ee-5fc0ab88b263?ui=de-DE&rs=de-DE&ad=DE)"
        }
      },
      "id": "1689f7df-6866-41c9-ab80-b2127a8be1dd",
      "createdTime": "2021-04-18T21:42:40.9132933Z",
      "updatedTime": "2021-04-18T21:42:40.9132933Z",
      "createdUserId": "86360cd1-faa6-4d16-8a0c-ba3116c8a977",
      "updatedUserId": "86360cd1-faa6-4d16-8a0c-ba3116c8a977"
    },
    {
      "channelContent": {
        "web": {
          "contentFormat": "Markdown",
          "content": "**Von einem Computer aus** 💻\n\nStarten Sie eine Suche über das Suchfeld oben in der App.Wenn Sie ein Wort oder einen Namen eingeben, zeigt Teams Vorschläge an.\n\nKlicken Sie auf einen der Vorschläge, oder drücken Sie die Eingabetaste, um eine vollständige Liste der Ergebnisse zu erhalten. Sie können die Ergebnisse filtern."
        }
      },
      "id": "fb62fc01-1f42-47d2-9d0a-8aef1a1ddf9c",
      "createdTime": "2021-04-18T21:43:04.433Z",
      "updatedTime": "2021-04-18T21:43:04.433Z",
      "createdUserId": "user-0",
      "updatedUserId": "user-0"
    },
    {
      "channelContent": {
        "web": {
          "contentFormat": "Markdown",
          "content": "**Auf dem Smartphone 📲**\n\nTippen Sie auf Suchen und geben Sie einen Suchbegriff oder eine Phrase ein. Tippen Sie auf Nachrichten oder Personen, um Ihre Ergebnisse einzugrenzen."
        }
      },
      "id": "84cf3a66-8128-4167-a804-7fceac3d1374",
      "createdTime": "2021-04-18T21:43:24.095Z",
      "updatedTime": "2021-04-18T21:43:24.095Z",
      "createdUserId": "user-0",
      "updatedUserId": "user-0"
    },
    {
      "channelContent": {
        "web": {
          "contentFormat": "Markdown",
          "content": "Sie haben einige [Such- und Filteroptionen](https://support.microsoft.com/de-de/office/suchen-nach-nachrichten-und-mehr-in-teams-4a351520-33f4-42ab-a5ee-5fc0ab88b263?ui=de-DE&rs=de-DE&ad=DE), mit denen Sie Nachrichten, Personen, Dateien und andere in Teams freigegebene Informationen finden können."
        }
      },
      "id": "39eea40e-6056-4282-a989-0bcdb87e75dc",
      "createdTime": "2021-04-18T21:44:04.783Z",
      "updatedTime": "2021-04-18T21:44:04.783Z",
      "createdUserId": "user-0",
      "updatedUserId": "user-0"
    },
    {
      "channelContent": {
        "web": {
          "contentFormat": "Markdown",
          "content": "💡 **Tipp**: Verwenden Sie STRG+F bzw. CMD+F (macOS), um Nachrichten in dem Chat oder Kanal zu finden, in dem Sie sich gerade befinden."
        }
      },
      "id": "adf91f26-a4b8-4160-8ee4-2c0bcd0fb008",
      "createdTime": "2021-04-18T21:45:36.791Z",
      "updatedTime": "2021-04-18T21:45:36.791Z",
      "createdUserId": "user-0",
      "updatedUserId": "user-0"
    }
  ]
}