<botcomponent schemaname="crb01_TimonAiOnly.topic.Pumba">
  <componenttype>9</componenttype>
  <description>Just a fun hidden easter egg. Only makes sense if you keep the name "Timon".

The reference is from the movie "The Lion King" where Timon and Pumba are best friends.

Feel free to delete this topic if you name your copilot something else 👍</description>
  <iscustomizable>0</iscustomizable>
  <name>Pumba (easter egg if your copilot keeps the name Timon)</name>
  <parentbotid>
    <schemaname>crb01_TimonAiOnly</schemaname>
  </parentbotid>
  <statecode>0</statecode>
  <statuscode>1</statuscode>
</botcomponent>