{
  "intents": [
    {
      "triggerQueries": [
        "Er det mulig å arkivere et team? Hvordan?",
        "Kan jeg arkivere en gruppe?",
        "Kan jeg arkivere et team?",
        "Arkivering i team",
        "arkiver en team gruppe",
        "Hvordan arkiverer jeg et team?",
        "Endre tillatelser for å slette kanaler",
        "deaktiver omtaler i kanaler",
        "Fjern omtaler i kanaler",
        "Aktiver omtaler i kanaler",
        "Endre tillatelser for gjester",
        "Endre tillatelser for medlemmer",
        "Endre team innstillinger",
        "Hvordan endrer jeg teaminnstillinger?",
        "Innstillinger for fildeling i kanaler",
        "Administrer gjester",
        "Administrer medlemmer",
        "Instillinger for eksterne personer",
        "Hvordan finner jeg innstillinger for gjester?",
        "Endre innstillinger for fildeling i kanaler",
        "Kan jeg endre innstillinger for medlemmer i teamet?",
        "Instillinger for gjest",
        "Instillinger for medlemmer",
        "Innstillinger for apper",
        "Innstillinger for kanaler",
        "Innstillinger i team",
        "Kan jeg endre innstillinger for kanaler?",
        "Kan jeg endre innstillinger for team?",
        "Kan jeg endre icon bildet i teamet?",
        "Legg til et teambilde",
        "Endre icon bildet for team",
        "Hvordan laster jeg opp teambilde?",
        "Administrer apper",
        "Administrer kanaler",
        "Hvor finner jeg innstillinger?",
        "Hvor finner jeg innstillinger for medlemmer?",
        "Hvor finner jeg app innstillinger?",
        "Hvor finner jeg kanalinnstillinger?",
        "Administrer team",
        "Hvordan administrerer jeg teamet?",
        "Hvordan tilpasser jeg teamet mitt?",
        "Hvordan tilpasser og administrerer jeg teamet mitt?"
      ],
      "dialogId": "new_topic_6c99f02495ae4fa6bd832b061c88d536",
      "isTriggeringEnabled": true,
      "id": "new_topic_6c99f02495ae4fa6bd832b061c88d536",
      "displayName": "Hvordan tilpasser og administrerer jeg teamet mitt?",
      "description": "https://norwegianteams.blob.core.windows.net/norwegian-container/TIMA QA P19.docx",
      "createdTime": "2021-03-24T20:09:21.5442661Z",
      "updatedTime": "2021-04-22T14:32:15.1490532Z",
      "createdUserId": "ef0c8b9a-eff1-49f8-92fa-fd1d3e15e1ba",
      "updatedUserId": "ef0c8b9a-eff1-49f8-92fa-fd1d3e15e1ba"
    }
  ],
  "dialogs": [
    {
      "rootNodeId": "48bf18f7-ee11-4447-aa8b-4794affeec7c",
      "messageNodes": [
        {
          "botMessageId": "b59e17c4-7818-4e34-a815-993fedf5a3a5",
          "nodeType": "BotMessageNode",
          "id": "48bf18f7-ee11-4447-aa8b-4794affeec7c",
          "defaultTargetNodeId": "9a1f030e-e77f-44c0-b5d9-ed12c7e5fea9"
        },
        {
          "botMessageId": "fc5b2a7e-3475-44d4-8da7-73246e325e79",
          "nodeType": "BotMessageNode",
          "id": "9a1f030e-e77f-44c0-b5d9-ed12c7e5fea9",
          "defaultTargetNodeId": "2fcd039b-3db1-4f14-a4f0-b172a92aaae9"
        },
        {
          "botMessageId": "f6c5c938-aa7a-465c-8179-c9fdc6955586",
          "nodeType": "BotMessageNode",
          "id": "2fcd039b-3db1-4f14-a4f0-b172a92aaae9",
          "defaultTargetNodeId": "baec95d9-5349-48a7-a550-761da0073f72"
        }
      ],
      "dialogChangeNodes": [
        {
          "targetDialogId": "new_topic_89c49d37fd4c4c1c9144396960733ce1_aeabea4d071f415c8c107e1cb7af5424_assumedsuccess",
          "nodeType": "DialogChangeNode",
          "id": "baec95d9-5349-48a7-a550-761da0073f72"
        }
      ],
      "id": "new_topic_6c99f02495ae4fa6bd832b061c88d536",
      "displayName": "Dialog for Hvordan tilpasser og administrerer jeg teamet mitt?",
      "createdTime": "2021-03-24T20:09:21.5442661Z",
      "updatedTime": "2021-04-22T14:34:41.8165375Z",
      "createdUserId": "ef0c8b9a-eff1-49f8-92fa-fd1d3e15e1ba",
      "updatedUserId": "ef0c8b9a-eff1-49f8-92fa-fd1d3e15e1ba"
    }
  ],
  "botMessages": [
    {
      "channelContent": {
        "web": {
          "contentFormat": "Markdown",
          "content": "**For å tilpasse ditt team:**\n\n1.  Velg **Flere alternativer...** ved siden av teamnavnet.\n2.  Velg **Administrer team** for å finne **Medlemmer**, **Kanaler**, **Innstillinger** og **Apper** for teamet på ett sted.\n3.  Derfra har du tilgang til Innstillinger-fanen for teamet, slik at du kan:\n    *   Endre teambildet\n    *   Angi medlemstillatelser (for eksempel tillate at de kan opprette, oppdatere eller slette kanaler og faner)\n    *   Aktivere @team- eller @\\[teamnavn\\]-omtaler i en kanal.\n    *   Angi tillatelser for gjester.\n    *   Gi teammedlemmer mulighet til å sende GIF-er, emojier og klistremerker."
        }
      },
      "id": "b59e17c4-7818-4e34-a815-993fedf5a3a5",
      "createdTime": "2021-03-24T20:09:21.5442661Z",
      "updatedTime": "2021-03-24T20:09:21.5442661Z",
      "createdUserId": "ef0c8b9a-eff1-49f8-92fa-fd1d3e15e1ba",
      "updatedUserId": "ef0c8b9a-eff1-49f8-92fa-fd1d3e15e1ba"
    },
    {
      "channelContent": {
        "web": {
          "contentFormat": "Markdown",
          "content": "Du kan også velge å [slette](https://support.microsoft.com/nb-no/office/slette-et-team-c386f91b-f7e6-400b-aac7-8025f74f8b41) eller [arkivere et team](https://support.microsoft.com/nb-no/office/arkivere-eller-gjenopprette-et-team-dc161cfd-b328-440f-974b-5da5bd98b5a7) dersom teamet ikke lenger er aktivt:\n\n1.  Velg **Administrer team**\\-ikonet nederst, ved siden av _Bli med i eller opprett et team-ikon._\n2.  Velg **Flere alternativer…** helt til høyre for teamnavnet.\n3.  Velg **Arkiver team** eller **Slett team**."
        }
      },
      "id": "fc5b2a7e-3475-44d4-8da7-73246e325e79",
      "createdTime": "2021-04-22T14:30:05.852Z",
      "updatedTime": "2021-04-22T14:30:05.852Z",
      "createdUserId": "user-0",
      "updatedUserId": "user-0"
    },
    {
      "channelContent": {
        "web": {
          "contentFormat": "Markdown",
          "content": "**Obs!:** Samtalene og filene i teamet blir skrivebeskyttet når du **arkiverer det** – det vil si at man ikke kan legge til nytt innhold.\n\nMen du kan fremdeles søke gjennom teamet etter ting du trenger. Du kan til og med beholde det som en favoritt."
        }
      },
      "id": "f6c5c938-aa7a-465c-8179-c9fdc6955586",
      "createdTime": "2021-04-22T14:30:58.793Z",
      "updatedTime": "2021-04-22T14:30:58.793Z",
      "createdUserId": "user-0",
      "updatedUserId": "user-0"
    }
  ],
  "createdUtc": "0001-01-01T00:00:00Z"
}