{
  "intents": [
    {
      "intentType": "Regular",
      "endUserOverrideName": "Max number of participants in a meeting",
      "triggerQueries": [
        "Max number of people in a meeting?",
        "how many can join normal meetings?",
        "how many can join a meeting?",
        "Max number of participants in a meeting",
        "What is the limit for the number of participants in meetings?",
        "Maximum number of meeting participants?",
        "How many can be in the same meeting?",
        "How many can we be in a teams meeting?",
        "Maximum number in a meeting?",
        "how many meeting participants is the maximum?",
        "How big teams meeting can we have?",
        "How many people can fit in a meeting?",
        "How many can we be in a regular meeting?",
        "Can we hold big meetings on teams?",
        "What is the limit for number of participants in a meeting?"
      ],
      "dialogId": "new_topic_047856d4cd014c9b9b76603025b6d56d",
      "isTriggeringEnabled": true,
      "id": "new_topic_047856d4cd014c9b9b76603025b6d56d",
      "displayName": "What is the limit for number of participants in a meeting?",
      "description": "https://adoptbotv2kb.blob.core.windows.net/%24web/AdoptBot2021-English.docx",
      "createdTime": "2021-01-13T22:20:51.2371466Z",
      "updatedTime": "2021-01-27T23:21:28.6510453Z",
      "createdUserId": "f04d3cd9-b73d-4ba9-a1ed-9319eba29b21",
      "updatedUserId": "f04d3cd9-b73d-4ba9-a1ed-9319eba29b21"
    }
  ],
  "dialogs": [
    {
      "rootNodeId": "4ad700d6-c43f-45ff-b252-8d68b746c864",
      "messageNodes": [
        {
          "botMessageId": "d574cc70-df8c-46d9-ac73-3c8130725441",
          "nodeType": "BotMessageNode",
          "id": "4ad700d6-c43f-45ff-b252-8d68b746c864",
          "defaultTargetNodeId": "83d6de9b-a7f6-41f0-bf96-7751cf08bb63"
        },
        {
          "botMessageId": "cc1da4aa-75a4-4edf-bb75-5165fc115876",
          "nodeType": "BotMessageNode",
          "id": "83d6de9b-a7f6-41f0-bf96-7751cf08bb63",
          "defaultTargetNodeId": "3b31b8d6-aa12-4a5b-a267-007e2645d5e1"
        }
      ],
      "dialogChangeNodes": [
        {
          "targetDialogId": "new_topic_eac3f49c99664313a9d9dc19d80a79a2_aeabea4d071f415c8c107e1cb7af5424_assumedsuccess",
          "nodeType": "DialogChangeNode",
          "id": "3b31b8d6-aa12-4a5b-a267-007e2645d5e1"
        }
      ],
      "id": "new_topic_047856d4cd014c9b9b76603025b6d56d",
      "displayName": "Dialog for What is the limit for number of participants in a meeting?",
      "createdTime": "2021-01-13T22:20:51.2371466Z",
      "updatedTime": "2021-01-27T12:07:31.6561651Z",
      "createdUserId": "f04d3cd9-b73d-4ba9-a1ed-9319eba29b21",
      "updatedUserId": "f04d3cd9-b73d-4ba9-a1ed-9319eba29b21"
    }
  ],
  "botMessages": [
    {
      "channelContent": {
        "web": {
          "contentFormat": "Markdown",
          "content": "[The maximum number of people in a](https://docs.microsoft.com/en-us/microsoftteams/limits-specifications-teams) [regular](https://docs.microsoft.com/en-us/microsoftteams/limits-specifications-teams) [Teams meeting](https://docs.microsoft.com/en-us/microsoftteams/limits-specifications-teams) is currently 300 (early 2021).\n\n_Always click the link for latest info, as the limit may have been raised._"
        }
      },
      "id": "d574cc70-df8c-46d9-ac73-3c8130725441",
      "createdTime": "2021-01-13T22:20:51.2371466Z",
      "updatedTime": "2021-01-13T22:20:51.2371466Z",
      "createdUserId": "f04d3cd9-b73d-4ba9-a1ed-9319eba29b21",
      "updatedUserId": "f04d3cd9-b73d-4ba9-a1ed-9319eba29b21"
    },
    {
      "channelContent": {
        "web": {
          "contentFormat": "Markdown",
          "content": "In 2021, the limit was/will increased/increase to [1,000 participants](https://www.microsoft.com/en-us/microsoft-365/roadmap?filters=&searchterms=65951) and up to [20,000 viewers](https://www.microsoft.com/en-us/microsoft-365/roadmap?filters=&searchterms=65952) in the same regular Teams meeting.\n\nWhen the limit for participants is reached, the next attendee automatically gets a viewing experience."
        }
      },
      "id": "cc1da4aa-75a4-4edf-bb75-5165fc115876",
      "createdTime": "2021-01-27T12:01:07.36Z",
      "updatedTime": "2021-01-27T12:01:07.36Z",
      "createdUserId": "user-0",
      "updatedUserId": "user-0"
    }
  ]
}