{
  "intents": [
    {
      "intentType": "Regular",
      "endUserOverrideName": "Samarbete i kanalchatt",
      "triggerQueries": [
        "Hur kan jag samarbeta i teams?",
        "Hur kan jag prata med andra i en kanal?",
        "Hur kan jag prata med andra i ett team=?",
        "Hur börjar jag chatta i en kanal?",
        "Hur börjar jag chatta i ett team?",
        "Hur börjar jag samarbeta i Teams?"
      ],
      "dialogId": "new_topic_1e508cee5f014fdbbabccec7cb1e4882",
      "isTriggeringEnabled": true,
      "id": "new_topic_1e508cee5f014fdbbabccec7cb1e4882",
      "displayName": "Hur börjar jag samarbeta i Teams?",
      "description": "https://intranat.helsingborg.se/wp-content/uploads/2020/11/svenska-fracc8agor-till-adoptbot-pva.docx",
      "createdTime": "2020-11-24T14:37:53.8230909Z",
      "updatedTime": "2020-12-10T07:48:06.3124336Z",
      "createdUserId": "f04d3cd9-b73d-4ba9-a1ed-9319eba29b21",
      "updatedUserId": "844fcc91-8b17-49d9-9824-79f412da094a"
    }
  ],
  "dialogs": [
    {
      "rootNodeId": "0f0ad975-1f9c-4b32-a8ef-4f897978179b",
      "messageNodes": [
        {
          "botMessageId": "156e272c-9e97-4949-b168-dfd655939ab2",
          "nodeType": "BotMessageNode",
          "id": "0f0ad975-1f9c-4b32-a8ef-4f897978179b",
          "defaultTargetNodeId": "c1f54535-ab99-4f5e-8c64-0e282e5a02f7"
        }
      ],
      "dialogChangeNodes": [
        {
          "targetDialogId": "new_topic_84ec227c19784e7ba25cb34f4638f91e_aeabea4d071f415c8c107e1cb7af5424_assumedsuccess",
          "nodeType": "DialogChangeNode",
          "id": "c1f54535-ab99-4f5e-8c64-0e282e5a02f7"
        }
      ],
      "id": "new_topic_1e508cee5f014fdbbabccec7cb1e4882",
      "displayName": "Dialog for Hur börjar jag samarbeta i Teams?",
      "createdTime": "2020-11-24T14:37:53.8230909Z",
      "updatedTime": "2020-11-24T14:37:53.8230909Z",
      "createdUserId": "f04d3cd9-b73d-4ba9-a1ed-9319eba29b21",
      "updatedUserId": "f04d3cd9-b73d-4ba9-a1ed-9319eba29b21"
    }
  ],
  "botMessages": [
    {
      "channelContent": {
        "web": {
          "contentFormat": "Markdown",
          "content": "När du går till någon kanal i Teams är den allra första fliken ”Inlägg”. Tänk på detta som en enda stor gruppchatt. Alla som har tillgång till teamet kan se meddelanden under fliken Inlägg. Följ stegen om du vill skicka ett meddelande till alla i kanalen:\r\n\r\n- Välj först den kanal du vill skriva i\r\n- Klicka sedan på ”Svara” om du vill svara i befintlig tråd eller tryck på knappen ”Ny konversation” för att starta en ny.\r\n- Skriv ditt meddelande i rutan och välj Skicka. Voila! Ditt meddelande är nu live i kanalen"
        }
      },
      "id": "156e272c-9e97-4949-b168-dfd655939ab2",
      "createdTime": "2020-11-24T14:37:53.8230909Z",
      "updatedTime": "2020-11-24T14:37:53.8230909Z",
      "createdUserId": "f04d3cd9-b73d-4ba9-a1ed-9319eba29b21",
      "updatedUserId": "f04d3cd9-b73d-4ba9-a1ed-9319eba29b21"
    }
  ]
}