{
  "intents": [
    {
      "triggerQueries": [
        "Posso limitare ciò che gli ospiti possono fare nel nostro team?",
        "Modificare le autorizzazioni degli ospiti",
        "Come faccio a impostare le autorizzazioni per gli ospiti?",
        "modificare i permessi degli ospiti",
        "cambiare ciò che gli ospiti possono fare",
        "modifica delle impostazioni per un ospite",
        "Come posso modificare le autorizzazioni degli ospiti?"
      ],
      "dialogId": "new_topic_aa9d5cd0563f4977bf5cef37fa57413e",
      "isTriggeringEnabled": true,
      "id": "new_topic_aa9d5cd0563f4977bf5cef37fa57413e",
      "displayName": "Come posso modificare le autorizzazioni degli ospiti?",
      "createdTime": "2022-04-28T12:40:47.1765519Z",
      "updatedTime": "2022-04-28T12:40:47.1765519Z",
      "createdUserId": "9451fc51-e00d-4445-8ff9-efb70866dc3b",
      "updatedUserId": "9451fc51-e00d-4445-8ff9-efb70866dc3b"
    }
  ],
  "dialogs": [
    {
      "rootNodeId": "30adea49-21cd-4b28-832c-ade7276a1bc1",
      "messageNodes": [
        {
          "botMessageId": "d025ddd2-c9ec-4196-ac0f-21f2980b07e1",
          "nodeType": "BotMessageNode",
          "id": "30adea49-21cd-4b28-832c-ade7276a1bc1",
          "defaultTargetNodeId": "2dd96319-c388-406a-a08e-5ffa31b8f387"
        },
        {
          "botMessageId": "388a74bb-af84-4b28-baab-f46af760d24b",
          "nodeType": "BotMessageNode",
          "id": "2dd96319-c388-406a-a08e-5ffa31b8f387",
          "defaultTargetNodeId": "73424abb-9043-4fa7-a3d5-0078c7a244e3"
        }
      ],
      "dialogChangeNodes": [
        {
          "targetDialogId": "new_topic_f98a24608ee04cb998de3e3e32703d5b_aeabea4d071f415c8c107e1cb7af5424_assumedsuccess",
          "nodeType": "DialogChangeNode",
          "id": "73424abb-9043-4fa7-a3d5-0078c7a244e3"
        }
      ],
      "id": "new_topic_aa9d5cd0563f4977bf5cef37fa57413e",
      "displayName": "Senza titolo",
      "createdTime": "2022-04-28T12:40:47.1765519Z",
      "updatedTime": "2022-04-28T12:40:47.1765519Z",
      "createdUserId": "9451fc51-e00d-4445-8ff9-efb70866dc3b",
      "updatedUserId": "9451fc51-e00d-4445-8ff9-efb70866dc3b"
    }
  ],
  "botMessages": [
    {
      "channelContent": {
        "web": {
          "contentFormat": "Markdown",
          "content": "**Se sei un proprietario di un team**, puoi [modificare le autorizzazioni degli ospiti.](https://support.microsoft.com/it-it/office/impostare-le-autorizzazioni-guest-per-i-canali-in-teams-4756c468-2746-4bfd-a582-736d55fcc169)\n\n1.  Vai al nome della squadra nella tua lista squadre.\n2.  Selezionare **Altre opzioni** (...).\n3.  Selezionare **Gestisci il team**.\n4.  Nella scheda Impostazioni selezionare **Autorizzazioni guest**."
        }
      },
      "id": "d025ddd2-c9ec-4196-ac0f-21f2980b07e1",
      "createdTime": "2022-04-28T12:34:27.756Z",
      "updatedTime": "2022-04-28T12:34:27.756Z"
    },
    {
      "channelContent": {
        "web": {
          "contentFormat": "Markdown",
          "content": "Se sei curioso, ecco una carrellata di ciò che gli ospiti possono fare [in Teams.](https://support.microsoft.com/it-it/office/team-owner-member-and-guest-capabilities-in-teams-d03fdf5b-1a6e-48e4-8e07-b13e1350ec7b)"
        }
      },
      "id": "388a74bb-af84-4b28-baab-f46af760d24b",
      "createdTime": "2022-04-28T12:36:48.922Z",
      "updatedTime": "2022-04-28T12:36:48.922Z",
      "createdUserId": "user-0",
      "updatedUserId": "user-0"
    }
  ]
}