{
  "intents": [
    {
      "triggerQueries": [
        "innstillinger for kameraet i møte",
        "innstillinger for mikrofonen i møte",
        "Endre innstillinger for høyttaleren",
        "Administrer lydinnstillinger i møte"
      ],
      "dialogId": "new_topic_09c4d6a61dd8428eaa0b5fc3576689e8",
      "isTriggeringEnabled": true,
      "id": "new_topic_09c4d6a61dd8428eaa0b5fc3576689e8",
      "displayName": "Administrer lydinnstillinger i møte",
      "description": "",
      "createdTime": "2021-04-09T14:03:36.1209292Z",
      "updatedTime": "2021-04-22T19:25:13.0554844Z",
      "createdUserId": "ef0c8b9a-eff1-49f8-92fa-fd1d3e15e1ba"
    }
  ],
  "dialogs": [
    {
      "rootNodeId": "b601e202-3efa-409a-97c3-a1ec359c154e",
      "messageNodes": [
        {
          "botMessageId": "53326991-7ec4-4d3c-8ead-d94b7672cc57",
          "nodeType": "BotMessageNode",
          "id": "b601e202-3efa-409a-97c3-a1ec359c154e",
          "defaultTargetNodeId": "5df6bf91-4c9e-472d-87c7-65dd461dd92e"
        },
        {
          "botMessageId": "64e448b1-12c9-449d-868e-7fd7e351037c",
          "nodeType": "BotMessageNode",
          "id": "5df6bf91-4c9e-472d-87c7-65dd461dd92e",
          "defaultTargetNodeId": "877208f1-1499-4f1b-8828-80d9ae933988"
        }
      ],
      "dialogChangeNodes": [
        {
          "targetDialogId": "new_topic_89c49d37fd4c4c1c9144396960733ce1_aeabea4d071f415c8c107e1cb7af5424_assumedsuccess",
          "nodeType": "DialogChangeNode",
          "id": "877208f1-1499-4f1b-8828-80d9ae933988"
        }
      ],
      "id": "new_topic_09c4d6a61dd8428eaa0b5fc3576689e8",
      "displayName": "Dialog for Administrer lydinnstillinger i møte",
      "createdTime": "2021-04-09T14:03:36.1209292Z",
      "updatedTime": "2021-04-22T19:25:23.909676Z",
      "createdUserId": "ef0c8b9a-eff1-49f8-92fa-fd1d3e15e1ba",
      "updatedUserId": "ef0c8b9a-eff1-49f8-92fa-fd1d3e15e1ba"
    }
  ],
  "botMessages": [
    {
      "channelContent": {
        "web": {
          "contentFormat": "Markdown",
          "content": "Hvis du trenger å endre innstillingene for høyttaleren, mikrofonen eller kameraet når du er med i et møte, velger du **Flere alternativer…** > **Vis enhetsinnstillinger**  i møtekontrollene.\n\nDeretter velger du de alternativene for høyttaler, mikrofon og kamera som du ønsker."
        }
      },
      "id": "53326991-7ec4-4d3c-8ead-d94b7672cc57",
      "createdTime": "2021-04-09T14:03:36.1199299Z",
      "updatedTime": "2021-04-09T14:03:36.1199299Z",
      "createdUserId": "ef0c8b9a-eff1-49f8-92fa-fd1d3e15e1ba",
      "updatedUserId": "ef0c8b9a-eff1-49f8-92fa-fd1d3e15e1ba"
    },
    {
      "channelContent": {
        "web": {
          "contentFormat": "Markdown",
          "content": "**Kjekt å vite:**\n\n*   Møtearrangøren kan [administrere lydtillatelser for deltakere](https://support.microsoft.com/nb-no/office/administrere-lydtillatelser-for-deltakere-i-teams-m%C3%B8ter-f9db15e1-f46f-46da-95c6-34f9f39e671a) i Teams-møter. Arrangøren kan for eksempel **dempe** alle deltakere.\n*   Hvis du har problemer med lyd eller video så kan jeg hjelpe deg. Skriv \"**Dårlig video eller lydkvalitet i møte\"** til meg.\n*   Se også: [Bruke video i Microsoft Teams](https://support.microsoft.com/nb-no/office/bruke-video-i-microsoft-teams-3647fc29-7b92-4c26-8c2d-8a596904cdae)"
        }
      },
      "id": "64e448b1-12c9-449d-868e-7fd7e351037c",
      "createdTime": "2021-04-22T19:20:58.673Z",
      "updatedTime": "2021-04-22T19:20:58.673Z",
      "createdUserId": "user-0",
      "updatedUserId": "user-0"
    }
  ],
  "createdUtc": "0001-01-01T00:00:00Z"
}