{
  "intents": [
    {
      "triggerQueries": [
        "Czy mogę usunąć stary czat?",
        "Usuwanie historii czatów",
        "Jak usunąć wszystko z czatu?",
        "Usuń całą historię czatów",
        "Czy mogę usunąć cały czat z kimś?",
        "Usuwanie całej konwersacji na czacie",
        "Czy mogę usunąć cały czat?",
        "Czy mogę usunąć starą konwersację?"
      ],
      "dialogId": "new_topic_a4a3ceac25f147f39892cd88eeab1eca",
      "isTriggeringEnabled": true,
      "id": "new_topic_a4a3ceac25f147f39892cd88eeab1eca",
      "displayName": "Czy mogę usunąć starą konwersację?",
      "description": "",
      "createdTime": "2021-09-26T17:13:47.4188511Z",
      "updatedTime": "2021-10-21T11:21:38.0141065Z",
      "createdUserId": "28fac8cb-bec7-48c9-a688-5024cf318b8a",
      "updatedUserId": "28fac8cb-bec7-48c9-a688-5024cf318b8a"
    }
  ],
  "dialogs": [
    {
      "rootNodeId": "ef5b0f9a-47ee-453c-837a-b7f9810a9d77",
      "messageNodes": [
        {
          "botMessageId": "bb747edb-b4ac-40ac-9b16-1193d244437b",
          "nodeType": "BotMessageNode",
          "id": "ef5b0f9a-47ee-453c-837a-b7f9810a9d77",
          "defaultTargetNodeId": "73a3b5df-c51a-455a-884f-47801aa507d2"
        }
      ],
      "dialogChangeNodes": [
        {
          "targetDialogId": "new_topic_d4ee79ce05584b519ee7d416fda7e2a3_aeabea4d071f415c8c107e1cb7af5424_assumedsuccess",
          "nodeType": "DialogChangeNode",
          "id": "73a3b5df-c51a-455a-884f-47801aa507d2"
        }
      ],
      "id": "new_topic_a4a3ceac25f147f39892cd88eeab1eca",
      "displayName": "Dialog for Czy mogę usunąć starą konwersację?",
      "createdTime": "2021-09-26T17:13:47.4188511Z",
      "updatedTime": "2021-10-21T11:21:56.336666Z",
      "createdUserId": "28fac8cb-bec7-48c9-a688-5024cf318b8a",
      "updatedUserId": "28fac8cb-bec7-48c9-a688-5024cf318b8a"
    }
  ],
  "botMessages": [
    {
      "channelContent": {
        "web": {
          "contentFormat": "Markdown",
          "content": "Niestety nie można skasować czatu, można go ukryć tak, żeby nie wyświetlał się na liście czatów.\n\nMożna również [usunąć pojedynczą wiadomość, która została wysłana](https://support.microsoft.com/pl-pl/office/edytowanie-lub-usuwanie-wys%C5%82anej-wiadomo%C5%9Bci-w-us%C5%82udze-teams-5f1fe604-a900-4a07-b8b7-8cf70ed6b263)."
        }
      },
      "id": "bb747edb-b4ac-40ac-9b16-1193d244437b",
      "createdTime": "2021-09-26T17:13:47.4188511Z",
      "updatedTime": "2021-09-26T17:13:47.4188511Z",
      "createdUserId": "28fac8cb-bec7-48c9-a688-5024cf318b8a",
      "updatedUserId": "28fac8cb-bec7-48c9-a688-5024cf318b8a"
    }
  ]
}