{
  "intents": [
    {
      "intentType": "Regular",
      "endUserOverrideName": "",
      "triggerQueries": [
        "Which operating systems can I run live events on?",
        "System requirements for Teams Live Events?",
        "system specs for live events",
        "What are the system requirements for Teams Live Events?",
        "Live Event system requirements?"
      ],
      "dialogId": "new_topic_e3e6efc2a25f413b8d33b38fe428a48d",
      "isTriggeringEnabled": true,
      "id": "new_topic_e3e6efc2a25f413b8d33b38fe428a48d",
      "displayName": "Live Event system requirements?",
      "description": "https://adoptbotv2kb.blob.core.windows.net/%24web/AdoptBot2021-English.docx",
      "createdTime": "2021-01-13T22:20:51.2381463Z",
      "updatedTime": "2021-01-26T21:33:19.6029099Z",
      "createdUserId": "f04d3cd9-b73d-4ba9-a1ed-9319eba29b21",
      "updatedUserId": "f04d3cd9-b73d-4ba9-a1ed-9319eba29b21"
    }
  ],
  "dialogs": [
    {
      "rootNodeId": "09d03b0c-57e8-49b6-a086-65fb30efb623",
      "messageNodes": [
        {
          "botMessageId": "8beca6af-5fe8-468c-947b-50d2bb05bccd",
          "nodeType": "BotMessageNode",
          "id": "09d03b0c-57e8-49b6-a086-65fb30efb623",
          "defaultTargetNodeId": "089ab0cd-f12c-456a-bfdb-e867300c278d"
        }
      ],
      "dialogChangeNodes": [
        {
          "targetDialogId": "new_topic_eac3f49c99664313a9d9dc19d80a79a2_aeabea4d071f415c8c107e1cb7af5424_assumedsuccess",
          "nodeType": "DialogChangeNode",
          "id": "089ab0cd-f12c-456a-bfdb-e867300c278d"
        }
      ],
      "id": "new_topic_e3e6efc2a25f413b8d33b38fe428a48d",
      "displayName": "Dialog for Live Event system requirements?",
      "createdTime": "2021-01-13T22:20:51.2381463Z",
      "updatedTime": "2021-01-26T21:32:19.9960422Z",
      "createdUserId": "f04d3cd9-b73d-4ba9-a1ed-9319eba29b21",
      "updatedUserId": "f04d3cd9-b73d-4ba9-a1ed-9319eba29b21"
    }
  ],
  "botMessages": [
    {
      "channelContent": {
        "web": {
          "contentFormat": "Markdown",
          "content": "*   **Supported operating systems:**  \n    Windows 7 and later (32-bit and 64-bit), macOS 10.10 and later.\n*   **Supported mobile operating systems:**  \n    Android 4.4 and later, iOS 10 and later\n*   **Supported Browsers:**  \n    Microsoft Edge RS2 and later, Chrome (latest 3 versions), Firefox (latest 3 versions), Internet Explorer 11, Safari."
        }
      },
      "id": "8beca6af-5fe8-468c-947b-50d2bb05bccd",
      "createdTime": "2021-01-13T22:20:51.2381463Z",
      "updatedTime": "2021-01-13T22:20:51.2381463Z",
      "createdUserId": "f04d3cd9-b73d-4ba9-a1ed-9319eba29b21",
      "updatedUserId": "f04d3cd9-b73d-4ba9-a1ed-9319eba29b21"
    }
  ]
}