{
  "intents": [
    {
      "triggerQueries": [
        "Ile miejsca w usłudze OneDrive uzyskam na platformie Microsoft 365?",
        "Magazyn w usłudze OneDrive",
        "Ile dokumentów zmieści się w moim O365?",
        "Ile plików mogę zapisać?",
        "Magazyn na platformie Microsoft 365",
        "Ile mam miejsca w usłudze OneDrive?",
        "Ile plików mogę przechowywać w usłudze OneDrive?",
        "Ile miejsca jest dostępne w M365?",
        "Ile miejsca w usłudze OneDrive uzyskam dzięki usłudze Office 365?",
        "Ile mam miejsca w chmurze?",
        "Ile mam przestrzeni dyskowej w moim OneDrive?"
      ],
      "dialogId": "new_topic_37e4ebab987445a6a51742db9cae7fe0",
      "isTriggeringEnabled": true,
      "id": "new_topic_37e4ebab987445a6a51742db9cae7fe0",
      "displayName": "Ile mam przestrzeni dyskowej w moim OneDrive?",
      "description": "",
      "createdTime": "2021-09-26T18:07:30.8841697Z",
      "updatedTime": "2021-10-20T14:53:50.9057665Z",
      "createdUserId": "28fac8cb-bec7-48c9-a688-5024cf318b8a",
      "updatedUserId": "28fac8cb-bec7-48c9-a688-5024cf318b8a"
    }
  ],
  "dialogs": [
    {
      "rootNodeId": "cf658b23-fc71-4285-99f6-05afd762f4d5",
      "messageNodes": [
        {
          "botMessageId": "ac6bc00b-8b77-469c-a943-557933b4babc",
          "nodeType": "BotMessageNode",
          "id": "cf658b23-fc71-4285-99f6-05afd762f4d5",
          "defaultTargetNodeId": "3dbd33ad-e3c7-4190-9d9b-be615c19ad6c"
        }
      ],
      "dialogChangeNodes": [
        {
          "targetDialogId": "new_topic_d4ee79ce05584b519ee7d416fda7e2a3_aeabea4d071f415c8c107e1cb7af5424_assumedsuccess",
          "nodeType": "DialogChangeNode",
          "id": "3dbd33ad-e3c7-4190-9d9b-be615c19ad6c"
        }
      ],
      "id": "new_topic_37e4ebab987445a6a51742db9cae7fe0",
      "displayName": "Dialog for Ile mam przestrzeni dyskowej w moim OneDrive?",
      "createdTime": "2021-09-26T18:07:30.8841697Z",
      "updatedTime": "2021-09-26T18:08:33.5224561Z",
      "createdUserId": "28fac8cb-bec7-48c9-a688-5024cf318b8a",
      "updatedUserId": "28fac8cb-bec7-48c9-a688-5024cf318b8a"
    }
  ],
  "botMessages": [
    {
      "channelContent": {
        "web": {
          "contentFormat": "Markdown",
          "content": "Standardowo użytkownicy otrzymują 1 TB (1000 GB) miejsca w usłudze OneDrive.\n\n[Na podstawie licencji](https://docs.microsoft.com/pl-PL/onedrive/set-default-storage-space) można podnieść do 5 TB (5000 GB) na użytkownika."
        }
      },
      "id": "ac6bc00b-8b77-469c-a943-557933b4babc",
      "createdTime": "2021-09-26T18:07:30.8841697Z",
      "updatedTime": "2021-09-26T18:07:30.8841697Z",
      "createdUserId": "28fac8cb-bec7-48c9-a688-5024cf318b8a",
      "updatedUserId": "28fac8cb-bec7-48c9-a688-5024cf318b8a"
    }
  ]
}