{
  "intents": [
    {
      "endUserOverrideName": "Jmd aufmerksam machen",
      "triggerQueries": [
        "Kann ich jemanden in einem Kanal erwähnen?",
        "Ist es möglich die Aufmerksakeit eines einzelnen in einem Kanal zu erlagen?",
        "Wie kann ich jemanden benachrichtigen?",
        "Wie kann ich eine Person benachrichtigen?",
        "Kann ich die Aufmerksamkeit eines einzelnen erhalten?",
        "Wie erwähne ich eine Person?",
        "Jemandes Aufmerksamkeit in einem Kanal erhalten"
      ],
      "dialogId": "new_topic_69577a509bbd4896b3ef428724aba495",
      "isTriggeringEnabled": true,
      "id": "new_topic_69577a509bbd4896b3ef428724aba495",
      "displayName": "Ist es möglich, die Aufmerksamkeit des einzelnen Benutzers in einem Kanal zu erhalten?",
      "description": "https://adoptbotv2kb.blob.core.windows.net/%24web/AdoptBot2021-English.docx",
      "createdTime": "2021-04-18T17:20:26.8314951Z",
      "updatedTime": "2021-04-22T06:26:49.4779747Z",
      "createdUserId": "86360cd1-faa6-4d16-8a0c-ba3116c8a977",
      "updatedUserId": "86360cd1-faa6-4d16-8a0c-ba3116c8a977"
    }
  ],
  "dialogs": [
    {
      "rootNodeId": "98e6f001-90f1-424a-8858-d1fc5643f7df",
      "messageNodes": [
        {
          "botMessageId": "363780a5-af0d-4f45-985f-7ca6a45f892f",
          "nodeType": "BotMessageNode",
          "id": "98e6f001-90f1-424a-8858-d1fc5643f7df",
          "defaultTargetNodeId": "3774b9d7-b6dc-4adb-b15d-8a70290f2af7"
        },
        {
          "botMessageId": "ce09ce88-1555-437d-8f63-ce5aedbecf7d",
          "nodeType": "BotMessageNode",
          "id": "3774b9d7-b6dc-4adb-b15d-8a70290f2af7",
          "defaultTargetNodeId": "979fa18c-1348-4344-9cdf-08b2be0036ea"
        }
      ],
      "dialogChangeNodes": [
        {
          "targetDialogId": "new_topic_30867099f4b543d3b8543a85c22c3418_aeabea4d071f415c8c107e1cb7af5424_assumedsuccess",
          "nodeType": "DialogChangeNode",
          "id": "979fa18c-1348-4344-9cdf-08b2be0036ea"
        }
      ],
      "id": "new_topic_69577a509bbd4896b3ef428724aba495",
      "displayName": "Dialog for Ist es möglich, die Aufmerksamkeit des einzelnen Benutzers in einem Kanal zu erhalten?",
      "createdTime": "2021-04-18T17:20:26.8314951Z",
      "updatedTime": "2021-04-21T10:01:56.0448874Z",
      "createdUserId": "86360cd1-faa6-4d16-8a0c-ba3116c8a977",
      "updatedUserId": "86360cd1-faa6-4d16-8a0c-ba3116c8a977"
    }
  ],
  "botMessages": [
    {
      "channelContent": {
        "web": {
          "contentFormat": "Markdown",
          "content": "**Um die Aufmerksamkeit von jemandem in einer Kanalunterhaltung** oder einem Chat zu erhalten, [erwähnen Sie die Person mit @.](https://support.microsoft.com/de-de/office/verwenden-von-erw%c3%a4hnungen-um-eine-person-auf-sich-aufmerksam-zu-machen-in-teams-eb4f059d-320e-454e-b111-03361d4d6855?ui=de-DE&rs=de-DE&ad=DE)\n\n*   Geben Sie @ vor den Namen der Person ein und wählen Sie sie in der angezeigten Liste aus.\n*   **Oder** fangen Sie einfach an, den Namen eines Teammitglieds zu tippen, damit Optionen angezeigt werden."
        }
      },
      "id": "363780a5-af0d-4f45-985f-7ca6a45f892f",
      "createdTime": "2021-04-18T17:20:26.8314951Z",
      "updatedTime": "2021-04-18T17:20:26.8314951Z",
      "createdUserId": "86360cd1-faa6-4d16-8a0c-ba3116c8a977",
      "updatedUserId": "86360cd1-faa6-4d16-8a0c-ba3116c8a977"
    },
    {
      "channelContent": {
        "web": {
          "contentFormat": "Markdown",
          "content": "Durch die Verwendung von [@team in einer Kanalunterhaltung](https://support.microsoft.com/de-de/office/verwenden-von-erw%c3%a4hnungen-um-eine-person-auf-sich-aufmerksam-zu-machen-in-teams-eb4f059d-320e-454e-b111-03361d4d6855?ui=de-DE&rs=de-DE&ad=DE) erhalten alle Teammitglieder eine Benachrichtigung.\n\n[_Die Art der Benachrichtigung hängt von den Einstellungen aller ab._](https://support.microsoft.com/de-de/office/sechs-wissenswerte-infos-%c3%bcber-benachrichtigungen-abb62c60-3d15-4968-b86a-42fea9c22cf4?ui=de-DE&rs=de-DE&ad=DE)"
        }
      },
      "id": "ce09ce88-1555-437d-8f63-ce5aedbecf7d",
      "createdTime": "2021-04-18T17:22:01.881Z",
      "updatedTime": "2021-04-18T17:22:01.881Z",
      "createdUserId": "user-0",
      "updatedUserId": "user-0"
    }
  ]
}