{
  "intents": [
    {
      "endUserOverrideName": "Qu'est-ce qu'un canal",
      "triggerQueries": [
        "Quel est le but des canaux Teams",
        "Qu'est ce qu'un canal",
        "Qu'est ce que sont les canaux",
        "que sont les canaux",
        "canaux",
        "canal",
        "C'est quoi un canal",
        "peux-tu définir un canal",
        "Pouvez-vous définir un canal",
        "Peux-tu définir ce qu'est un canal",
        "Qu'est ce qu'un canal d'équipe",
        "Où sont stockés les fichiers d'un canal",
        "Pouvez-vous définir ce qu'est un canal",
        "Qu'est ce qu'un canal",
        "Quel est le but des canaux",
        "pourquoi y a-t-il plusieurs canaux",
        "Décrire ce qu'est un canal",
        "Qu'est ce qu'un canal Teams"
      ],
      "dialogId": "new_topic_cb37c55c7b79496f89b8604715b79d4c",
      "isTriggeringEnabled": true,
      "id": "new_topic_cb37c55c7b79496f89b8604715b79d4c",
      "displayName": "Qu'est ce qu'un canal Teams ?",
      "description": "",
      "createdTime": "2021-01-13T22:20:51.2381463Z",
      "updatedTime": "2021-05-24T21:38:55.3207245Z",
      "createdUserId": "f04d3cd9-b73d-4ba9-a1ed-9319eba29b21",
      "updatedUserId": "a2c4aa2c-d830-41eb-bcf4-467a2c7e1279"
    }
  ],
  "dialogs": [
    {
      "rootNodeId": "edcf377b-7963-4767-8ff2-f1747ebe0c10",
      "messageNodes": [
        {
          "botMessageId": "d8cc40b7-4acc-4999-9904-585dfdfc06ce",
          "nodeType": "BotMessageNode",
          "id": "edcf377b-7963-4767-8ff2-f1747ebe0c10",
          "defaultTargetNodeId": "dcc65ceb-4804-4ce1-8b53-833cc2d2294a"
        },
        {
          "botMessageId": "9d6d5934-cfc7-4532-94b6-f7318affd709",
          "nodeType": "BotMessageNode",
          "id": "e6520095-be4c-4c48-99ed-c15c0de82e95",
          "defaultTargetNodeId": "8ca5a98e-6921-4bc9-bc46-b3dad4ef3dc8"
        },
        {
          "botMessageId": "a77d588e-7f10-46f7-87a0-e15dc4d1844b",
          "nodeType": "BotMessageNode",
          "id": "dcc65ceb-4804-4ce1-8b53-833cc2d2294a",
          "defaultTargetNodeId": "e6520095-be4c-4c48-99ed-c15c0de82e95"
        },
        {
          "botMessageId": "8fdd6a94-0060-425e-bb8b-0270a5e8c62b",
          "nodeType": "BotMessageNode",
          "id": "8ca5a98e-6921-4bc9-bc46-b3dad4ef3dc8",
          "defaultTargetNodeId": "8a37ae86-1086-434b-ba3d-5d809fb68327"
        }
      ],
      "dialogChangeNodes": [
        {
          "targetDialogId": "new_topic_eac3f49c99664313a9d9dc19d80a79a2_aeabea4d071f415c8c107e1cb7af5424_assumedsuccess",
          "nodeType": "DialogChangeNode",
          "id": "8a37ae86-1086-434b-ba3d-5d809fb68327"
        }
      ],
      "id": "new_topic_cb37c55c7b79496f89b8604715b79d4c",
      "displayName": "Dialog for What is a Teams channel?",
      "createdTime": "2021-01-13T22:20:51.2381463Z",
      "updatedTime": "2021-05-24T21:39:19.3822384Z",
      "createdUserId": "f04d3cd9-b73d-4ba9-a1ed-9319eba29b21",
      "updatedUserId": "a2c4aa2c-d830-41eb-bcf4-467a2c7e1279"
    }
  ],
  "botMessages": [
    {
      "channelContent": {
        "web": {
          "contentFormat": "Markdown",
          "content": "**Les canaux sont des espaces collaboratifs à l'intérieur des équipes** où l'on peut échanger et collaborer sur du contenu."
        }
      },
      "id": "d8cc40b7-4acc-4999-9904-585dfdfc06ce",
      "createdTime": "2021-01-13T22:20:51.2381463Z",
      "updatedTime": "2021-01-13T22:20:51.2381463Z",
      "createdUserId": "f04d3cd9-b73d-4ba9-a1ed-9319eba29b21",
      "updatedUserId": "f04d3cd9-b73d-4ba9-a1ed-9319eba29b21"
    },
    {
      "channelContent": {
        "web": {
          "contentFormat": "Markdown",
          "content": "Un canal est l'endroit où l'ensemble de l'équipe peut **discuter**.\n\nLes fichiers partagés dans le chat sont directement visibles dans l'onglet **Fichiers** de chaque canal."
        }
      },
      "id": "9d6d5934-cfc7-4532-94b6-f7318affd709",
      "createdTime": "2021-01-27T22:06:36.602Z",
      "updatedTime": "2021-01-27T22:06:36.602Z",
      "createdUserId": "user-0",
      "updatedUserId": "user-0"
    },
    {
      "channelContent": {
        "web": {
          "contentFormat": "Markdown",
          "content": "C'est là où vous pouvez envoyer [du texte, de l'audio, et avoir des conversations vidéos](https://support.microsoft.com/fr-fr/office/meetings-in-teams-e0b0ae21-53ee-4462-a50d-ca9b9e217b67) et cela pour tous les membres de l'équipe. C'est là également que les [fichiers sont partagés](https://support.microsoft.com/fr-fr/office/share-a-file-in-teams-0c4d34ee-5dd8-46d5-ab35-0d227b5e6eb5), et où les [applications d'équipes sont ajoutées](https://support.microsoft.com/fr-fr/office/add-an-app-to-microsoft-teams-b2217706-f7ed-4e64-8e96-c413afd02f77)."
        }
      },
      "id": "a77d588e-7f10-46f7-87a0-e15dc4d1844b",
      "createdTime": "2021-01-27T22:06:50.542Z",
      "updatedTime": "2021-01-27T22:06:50.542Z",
      "createdUserId": "user-0",
      "updatedUserId": "user-0"
    },
    {
      "channelContent": {
        "web": {
          "contentFormat": "Markdown",
          "content": "**💡 Astuce :** _Créez un canal que pour un but clairement identifié. Avoir trop de canaux peut porter à confusion. Le canal \"Général\" permet déjà de répondre à beaucoup de besoins._"
        }
      },
      "id": "8fdd6a94-0060-425e-bb8b-0270a5e8c62b",
      "createdTime": "2021-01-27T22:14:33.725Z",
      "updatedTime": "2021-01-27T22:14:33.725Z",
      "createdUserId": "user-0",
      "updatedUserId": "user-0"
    }
  ]
}