{
  "intents": [
    {
      "triggerQueries": [
        "sluta få notiser av en bot i Teams",
        "hur kan jag hindra en bot?",
        "blocka en bot",
        "blockera en robot",
        "Avinstallera en bot",
        "Hindra en bot från att prata med mig",
        "ta bort en chattbot",
        "Jag vill sluta prat med en bot",
        "Hur blockerar jag en bot?"
      ],
      "dialogId": "new_topic_6f1edbd35c754a228822d88be97edcdd",
      "isTriggeringEnabled": true,
      "id": "new_topic_6f1edbd35c754a228822d88be97edcdd",
      "displayName": "Hur blockerar jag en bot?",
      "description": "",
      "createdTime": "2020-11-24T14:37:53.8220925Z",
      "updatedTime": "2020-12-11T17:05:04.1214719Z",
      "createdUserId": "f04d3cd9-b73d-4ba9-a1ed-9319eba29b21",
      "updatedUserId": "f04d3cd9-b73d-4ba9-a1ed-9319eba29b21"
    }
  ],
  "dialogs": [
    {
      "rootNodeId": "d5bcf8f1-eb7b-4243-b032-4f4bddc576ef",
      "messageNodes": [
        {
          "botMessageId": "2894f3d6-fce5-4c6d-8bf4-ddf6a1cb290a",
          "nodeType": "BotMessageNode",
          "id": "d5bcf8f1-eb7b-4243-b032-4f4bddc576ef",
          "defaultTargetNodeId": "3f5ae162-4ef0-47ff-be3a-fcf645ecc293"
        }
      ],
      "dialogChangeNodes": [
        {
          "targetDialogId": "new_topic_84ec227c19784e7ba25cb34f4638f91e_aeabea4d071f415c8c107e1cb7af5424_assumedsuccess",
          "nodeType": "DialogChangeNode",
          "id": "3f5ae162-4ef0-47ff-be3a-fcf645ecc293"
        }
      ],
      "id": "new_topic_6f1edbd35c754a228822d88be97edcdd",
      "displayName": "Dialog for Hur blockerar jag en bot?",
      "createdTime": "2020-11-24T14:37:53.8220925Z",
      "updatedTime": "2020-11-24T14:37:53.8220925Z",
      "createdUserId": "f04d3cd9-b73d-4ba9-a1ed-9319eba29b21",
      "updatedUserId": "f04d3cd9-b73d-4ba9-a1ed-9319eba29b21"
    }
  ],
  "botMessages": [
    {
      "channelContent": {
        "web": {
          "contentFormat": "Markdown",
          "content": "Trött på att höra från en bot? Du har alternativ.\r\n\r\nFör att stoppa en bot från att prata, hitta namnet på din chatt med boten i din chattlista, klicka\r\n\r\nsedan på Fler alternativ och sedan Stäng av ljudet .\r\n\r\nLetar du efter en mer permanent lösning? Om du vill ta bort en bot från en kanal helt och hållet hittar du kanalnamnet, klickar\r\n\r\nsedan på Fler alternativ och sedan Hantera team . Klicka på Avinstallera bredvid namnet på den bot som du vill ta bort på fliken Appar."
        }
      },
      "id": "2894f3d6-fce5-4c6d-8bf4-ddf6a1cb290a",
      "createdTime": "2020-11-24T14:37:53.8220925Z",
      "updatedTime": "2020-11-24T14:37:53.8220925Z",
      "createdUserId": "f04d3cd9-b73d-4ba9-a1ed-9319eba29b21",
      "updatedUserId": "f04d3cd9-b73d-4ba9-a1ed-9319eba29b21"
    }
  ]
}