{
  "intents": [
    {
      "triggerQueries": [
        "planowanie spotkań bezpośrednio w usłudze Teams",
        "Planowanie spotkania",
        "Tworzenie serii spotkań",
        "Rezerwanie spotkania z poziomu kalendarza",
        "Rezerwujesz spotkanie bezpośrednio w usłudze Teams?",
        "Chcę zrobić spotkanie!",
        "Jak zaplanować spotkanie zespołu?",
        "Jak rezerwować spotkania?",
        "Harmonogram spotkań usługi Teams",
        "planowanie spotkań w usłudze Teams",
        "tworzenie nowego spotkania",
        "Gdzie mogę tworzyć spotkania w usłudze Teams?",
        "Jak utworzyć spotkanie?",
        "Czy mogę zaplanować spotkanie bezpośrednio w Teams?"
      ],
      "dialogId": "new_topic_72f30e2ac82d43c4807399dbd73f23ee",
      "isTriggeringEnabled": true,
      "id": "new_topic_72f30e2ac82d43c4807399dbd73f23ee",
      "displayName": "Czy mogę zaplanować spotkanie bezpośrednio w Teams?",
      "description": "",
      "createdTime": "2021-09-27T05:21:43.1041565Z",
      "updatedTime": "2021-10-20T13:42:29.0854769Z",
      "createdUserId": "28fac8cb-bec7-48c9-a688-5024cf318b8a",
      "updatedUserId": "28fac8cb-bec7-48c9-a688-5024cf318b8a"
    }
  ],
  "dialogs": [
    {
      "rootNodeId": "f47dd570-9dd3-4844-a150-7cdf67857b64",
      "messageNodes": [
        {
          "botMessageId": "5e11debb-9120-4efe-b378-3a29015ad2ee",
          "nodeType": "BotMessageNode",
          "id": "f47dd570-9dd3-4844-a150-7cdf67857b64",
          "defaultTargetNodeId": "106525aa-360b-41e2-b1f9-eb345d81f80f"
        },
        {
          "botMessageId": "016d4bd7-b134-4708-9f8a-c3ae9a7b0b42",
          "nodeType": "BotMessageNode",
          "id": "106525aa-360b-41e2-b1f9-eb345d81f80f",
          "defaultTargetNodeId": "b1b04660-88db-449f-b63a-a087b3316f39"
        },
        {
          "botMessageId": "cf56b06f-c75a-4fff-a184-1c9a68fa1963",
          "nodeType": "BotMessageNode",
          "id": "b1b04660-88db-449f-b63a-a087b3316f39",
          "defaultTargetNodeId": "e66c6fd9-8b32-4ea1-a29c-35f76d03b190"
        }
      ],
      "dialogChangeNodes": [
        {
          "targetDialogId": "new_topic_d4ee79ce05584b519ee7d416fda7e2a3_aeabea4d071f415c8c107e1cb7af5424_assumedsuccess",
          "nodeType": "DialogChangeNode",
          "id": "e66c6fd9-8b32-4ea1-a29c-35f76d03b190"
        }
      ],
      "id": "new_topic_72f30e2ac82d43c4807399dbd73f23ee",
      "displayName": "Dialog for Czy mogę zaplanować spotkanie bezpośrednio w Teams?",
      "createdTime": "2021-09-27T05:21:43.1041565Z",
      "updatedTime": "2021-10-20T13:45:07.7549518Z",
      "createdUserId": "28fac8cb-bec7-48c9-a688-5024cf318b8a",
      "updatedUserId": "28fac8cb-bec7-48c9-a688-5024cf318b8a"
    }
  ],
  "botMessages": [
    {
      "channelContent": {
        "web": {
          "contentFormat": "Markdown",
          "content": "Spotkania można konfigurować z poziomu aplikacji Microsoft Teams lub Outlook. Spotkanie będzie postrzegane w ten sam sposób. Możesz [zarezerwować spotkanie bezpośrednio w Teams!](https://support.microsoft.com/pl-pl/office/planowanie-spotkania-w-aplikacji-teams-943507a9-8583-4c58-b5d2-8ec8265e04e5#ID0EAACAAA=Dator)"
        }
      },
      "id": "5e11debb-9120-4efe-b378-3a29015ad2ee",
      "createdTime": "2021-09-27T05:21:43.1041565Z",
      "updatedTime": "2021-09-27T05:21:43.1041565Z",
      "createdUserId": "28fac8cb-bec7-48c9-a688-5024cf318b8a",
      "updatedUserId": "28fac8cb-bec7-48c9-a688-5024cf318b8a"
    },
    {
      "channelContent": {
        "web": {
          "contentFormat": "Markdown",
          "content": "Aby zaplanować spotkanie bezpośrednio z poziomu Teams:\n\n*   W lewym menu Teams przejdź do **kalendarza** i kliknij pozycję **Nowe** **spotkanie.**\n*   Wybierz osoby i/lub kanał, który chcesz zaprosić.\n*   Użyj Asystenta harmonogramu, aby znaleźć czas, który odpowiada większości ludzi.\n*   Wybierz, jak często spotkanie ma się powtarzać (jeśli jest to seria spotkań)"
        }
      },
      "id": "016d4bd7-b134-4708-9f8a-c3ae9a7b0b42",
      "createdTime": "2021-10-20T13:44:14.462Z",
      "updatedTime": "2021-10-20T13:44:14.462Z",
      "createdUserId": "user-0",
      "updatedUserId": "user-0"
    },
    {
      "channelContent": {
        "web": {
          "contentFormat": "Markdown",
          "content": "Aby zaplanować spotkanie w programie Outlook:\n\n*   Na karcie Spotkanie w programie Outlook wybierz pozycję **Spotkanie w aplikacji Teams** paska narzędzi programu Outlook\n*   Wprowadź szczegóły spotkania i użyj Asystenta harmonogramu, aby znaleźć odpowiedni czas.\n*   W stosownych przypadkach dołącz salę konferencyjną."
        }
      },
      "id": "cf56b06f-c75a-4fff-a184-1c9a68fa1963",
      "createdTime": "2021-10-20T13:44:45.626Z",
      "updatedTime": "2021-10-20T13:44:45.626Z",
      "createdUserId": "user-0",
      "updatedUserId": "user-0"
    }
  ]
}