{
  "intents": [
    {
      "triggerQueries": [
        "Czy Teams spełnia wymogi RODO?",
        "opowiedz mi o zabezpieczeniach",
        "Czy usługa Teams jest wystarczająco bezpieczna dla moich informacji?",
        "Jak bezpieczna jest usługa Teams?",
        "Czy Teams jest dobrze zabezpieczony?",
        "Jakie certyfikaty posiada usługa Teams?",
        "Czy usługa Teams jest bezpieczna?",
        "Czy informacje są szyfrowane w Teams?",
        "Wzorcowe klauzule UE EUMC",
        "RODO i Teams",
        "Zabezpieczenia w usłudze Microsoft Teams",
        "Czy Teams jest wystarczająco bezpieczny dla moich danych?"
      ],
      "dialogId": "new_topic_7514c2d29fc148a6a753e379115a4e34",
      "isTriggeringEnabled": true,
      "id": "new_topic_7514c2d29fc148a6a753e379115a4e34",
      "displayName": "Czy Teams jest wystarczająco bezpieczny dla moich danych?",
      "description": "",
      "createdTime": "2021-09-27T10:42:54.1177803Z",
      "updatedTime": "2021-10-07T09:46:18.451135Z",
      "createdUserId": "28fac8cb-bec7-48c9-a688-5024cf318b8a",
      "updatedUserId": "28fac8cb-bec7-48c9-a688-5024cf318b8a"
    }
  ],
  "dialogs": [
    {
      "rootNodeId": "d45b0c8c-5e6e-4cd3-80fa-a0de3f1e70f8",
      "messageNodes": [
        {
          "botMessageId": "ab789b66-e624-47de-aec9-b305fee0db3c",
          "nodeType": "BotMessageNode",
          "id": "d45b0c8c-5e6e-4cd3-80fa-a0de3f1e70f8",
          "defaultTargetNodeId": "74d8ad2e-6968-42af-8035-febff2219a0f"
        },
        {
          "botMessageId": "615f54b1-4033-412e-b2ba-e9e7a3e5ba14",
          "nodeType": "BotMessageNode",
          "id": "74d8ad2e-6968-42af-8035-febff2219a0f",
          "defaultTargetNodeId": "16fa5484-098b-45e0-adf3-63ce034bb2bd"
        },
        {
          "botMessageId": "566e1b9b-0011-4944-a5d8-ae986fe6a507",
          "nodeType": "BotMessageNode",
          "id": "16fa5484-098b-45e0-adf3-63ce034bb2bd",
          "defaultTargetNodeId": "a6b9c5cd-17d2-44fb-96da-870c18c5b5b7"
        }
      ],
      "dialogChangeNodes": [
        {
          "targetDialogId": "new_topic_d4ee79ce05584b519ee7d416fda7e2a3_aeabea4d071f415c8c107e1cb7af5424_assumedsuccess",
          "nodeType": "DialogChangeNode",
          "id": "a6b9c5cd-17d2-44fb-96da-870c18c5b5b7"
        }
      ],
      "id": "new_topic_7514c2d29fc148a6a753e379115a4e34",
      "displayName": "Dialog for Czy Teams jest wystarczająco bezpieczny dla moich danych?",
      "createdTime": "2021-09-27T10:42:54.1177803Z",
      "updatedTime": "2021-10-07T09:49:29.2745084Z",
      "createdUserId": "28fac8cb-bec7-48c9-a688-5024cf318b8a",
      "updatedUserId": "28fac8cb-bec7-48c9-a688-5024cf318b8a"
    }
  ],
  "botMessages": [
    {
      "channelContent": {
        "web": {
          "contentFormat": "Markdown",
          "content": "[Teams oferują światowej klasy zabezpieczenia](https://www.microsoft.com/pl-pl/microsoft-teams/security) i spełniają wymagania RODO oraz ponad 90 innych certyfikatów, w tym standardy ISO."
        }
      },
      "id": "ab789b66-e624-47de-aec9-b305fee0db3c",
      "createdTime": "2021-09-27T10:42:54.1177803Z",
      "updatedTime": "2021-09-27T10:42:54.1177803Z",
      "createdUserId": "28fac8cb-bec7-48c9-a688-5024cf318b8a",
      "updatedUserId": "28fac8cb-bec7-48c9-a688-5024cf318b8a"
    },
    {
      "channelContent": {
        "web": {
          "contentFormat": "Markdown",
          "content": "_Należy pamiętać, że organizacja może mieć własne zasady dotyczące miejsca zapisywania poufnych informacji._"
        }
      },
      "id": "615f54b1-4033-412e-b2ba-e9e7a3e5ba14",
      "createdTime": "2021-10-07T09:47:52.918Z",
      "updatedTime": "2021-10-07T09:47:52.918Z",
      "createdUserId": "user-0",
      "updatedUserId": "user-0"
    },
    {
      "channelContent": {
        "web": {
          "contentFormat": "Markdown",
          "content": "Twoje dane w usłudze Teams są bezpieczne, jednak w przypadku, gdy organizacja ma specyficzne wymogi i zasady bezpieczeństwa, możesz pomóc/uniemożliwić użytkownikom zapisywanie poufnych informacji na czacie lub w plikach. Na przykład numery ubezpieczenia społecznego, numery paszportów UE, dane zdrowotne lub niestandardowa zawartość mogą być automatycznie blokowane przed udostępnianiem w aplikacji Teams.\n\n[Możesz przeczytać więcej o tym, jak pracodawca może go skonfigurować.](https://docs.microsoft.com/en-us/microsoft-365/compliance/dlp-microsoft-teams?view=o365-worldwide)"
        }
      },
      "id": "566e1b9b-0011-4944-a5d8-ae986fe6a507",
      "createdTime": "2021-10-07T09:48:29.735Z",
      "updatedTime": "2021-10-07T09:48:29.735Z",
      "createdUserId": "user-0",
      "updatedUserId": "user-0"
    }
  ],
  "createdUtc": "0001-01-01T00:00:00Z"
}