{
  "intents": [
    {
      "triggerQueries": [
        "Send forespørsel om å legge til ny medlem",
        "Be noen å legge til ny medlem",
        "Forespørsel om å legge til et medlem"
      ],
      "dialogId": "new_topic_b68a97dea4424d60bfae307b443ed953",
      "isTriggeringEnabled": true,
      "id": "new_topic_b68a97dea4424d60bfae307b443ed953",
      "displayName": "Forespørsel om å legge til et medlem",
      "description": "https://norwegianteams.blob.core.windows.net/norwegian-container/TIMA QA P19.docx",
      "createdTime": "2021-03-24T20:09:21.5452642Z",
      "updatedTime": "2021-04-06T18:53:46.2889204Z",
      "createdUserId": "ef0c8b9a-eff1-49f8-92fa-fd1d3e15e1ba",
      "updatedUserId": "ef0c8b9a-eff1-49f8-92fa-fd1d3e15e1ba"
    }
  ],
  "dialogs": [
    {
      "rootNodeId": "4d00c190-f8e3-4418-a055-0787b1b029ce",
      "messageNodes": [
        {
          "botMessageId": "80bfa352-7573-41b5-b99b-d5a4d5049bf0",
          "nodeType": "BotMessageNode",
          "id": "4d00c190-f8e3-4418-a055-0787b1b029ce",
          "defaultTargetNodeId": "1f87c14b-e280-48e4-95f4-0bc47657964d"
        }
      ],
      "dialogChangeNodes": [
        {
          "targetDialogId": "new_topic_89c49d37fd4c4c1c9144396960733ce1_aeabea4d071f415c8c107e1cb7af5424_assumedsuccess",
          "nodeType": "DialogChangeNode",
          "id": "1f87c14b-e280-48e4-95f4-0bc47657964d"
        }
      ],
      "id": "new_topic_b68a97dea4424d60bfae307b443ed953",
      "displayName": "Dialog for Forespørsel om å legge til et medlem",
      "createdTime": "2021-03-24T20:09:21.5452642Z",
      "updatedTime": "2021-04-06T18:53:38.925587Z",
      "createdUserId": "ef0c8b9a-eff1-49f8-92fa-fd1d3e15e1ba",
      "updatedUserId": "ef0c8b9a-eff1-49f8-92fa-fd1d3e15e1ba"
    }
  ],
  "botMessages": [
    {
      "channelContent": {
        "web": {
          "contentFormat": "Markdown",
          "content": "Hvis du vil be noen om å legge til et medlem i et team du allerede er medlem av, går du til gruppen i teamlisten og **Flere alternativer…** > **Legg til medlemmer**. Skriv inn navnet på én eller flere personer, og velg deretter **Send forespørsel**. Teameiere vil motta et varsel om at de har en ventende forespørsel."
        }
      },
      "id": "80bfa352-7573-41b5-b99b-d5a4d5049bf0",
      "createdTime": "2021-03-24T20:09:21.5452642Z",
      "updatedTime": "2021-03-24T20:09:21.5452642Z",
      "createdUserId": "ef0c8b9a-eff1-49f8-92fa-fd1d3e15e1ba",
      "updatedUserId": "ef0c8b9a-eff1-49f8-92fa-fd1d3e15e1ba"
    }
  ],
  "createdUtc": "0001-01-01T00:00:00Z"
}