{
  "intents": [
    {
      "triggerQueries": [
        "Jak tworzyć piękne posty?",
        "Posty z tapetą",
        "Tworzenie postów z tłem",
        "Jak publikować wiadomości ze zdjęciami w tytule",
        "Posty wizualne",
        "twórz świetnie wyglądające posty",
        "Jak tworzyć świetnie wyglądające posty?",
        "Widziałem posty z tłami obrazów, jak mogę je zrobić?",
        "tło obrazu dla wiadomości",
        "tytuł jako zdjęcie w wiadomościach",
        "tło zdjęć w postach",
        "Jak dodać tło do posta?",
        "utwórz nową konwersację z tłem",
        "jak mogę ogłosić",
        "zaprojektuj ogłoszenie",
        "Ogłaszanie w aplikacji Teams",
        "Jak dodać zdjęcie do tytułu posta kanału?",
        "Lepsze tytuły postów na kanale?",
        "Jak mogę tworzyć ładne wpisy?"
      ],
      "dialogId": "new_topic_50f4185f8bf943259b4cfc794177d460",
      "isTriggeringEnabled": true,
      "id": "new_topic_50f4185f8bf943259b4cfc794177d460",
      "displayName": "Jak mogę tworzyć ładne wpisy?",
      "description": "",
      "createdTime": "2021-09-27T10:04:50.8980133Z",
      "updatedTime": "2021-10-11T15:22:00.4027224Z",
      "createdUserId": "28fac8cb-bec7-48c9-a688-5024cf318b8a",
      "updatedUserId": "28fac8cb-bec7-48c9-a688-5024cf318b8a"
    }
  ],
  "dialogs": [
    {
      "rootNodeId": "cbeab733-eec9-439c-ba58-19107a992e8c",
      "messageNodes": [
        {
          "botMessageId": "e33b08b1-21ea-4e0d-aec7-226fe14780dd",
          "nodeType": "BotMessageNode",
          "id": "cbeab733-eec9-439c-ba58-19107a992e8c",
          "defaultTargetNodeId": "29c99e5f-a0ad-4e2f-b154-5dd88ca08ec9"
        },
        {
          "botMessageId": "3e9c65d3-1553-40a0-8615-2c0b86a025c2",
          "nodeType": "BotMessageNode",
          "id": "29c99e5f-a0ad-4e2f-b154-5dd88ca08ec9",
          "defaultTargetNodeId": "404f49d4-6436-48b0-8323-bbd838967f3c"
        },
        {
          "botMessageId": "5c504d6d-af7f-4051-b319-fdebddbc642b",
          "nodeType": "BotMessageNode",
          "id": "404f49d4-6436-48b0-8323-bbd838967f3c",
          "defaultTargetNodeId": "d470d2d3-abc3-4bb9-a06e-8d6e89cc9c23"
        },
        {
          "botMessageId": "a77856b9-ebd8-44e1-976f-561696805e01",
          "nodeType": "BotMessageNode",
          "id": "d470d2d3-abc3-4bb9-a06e-8d6e89cc9c23",
          "defaultTargetNodeId": "42b04480-817f-48c6-8123-79e57b7b87cf"
        }
      ],
      "dialogChangeNodes": [
        {
          "targetDialogId": "new_topic_d4ee79ce05584b519ee7d416fda7e2a3_aeabea4d071f415c8c107e1cb7af5424_assumedsuccess",
          "nodeType": "DialogChangeNode",
          "id": "42b04480-817f-48c6-8123-79e57b7b87cf"
        }
      ],
      "id": "new_topic_50f4185f8bf943259b4cfc794177d460",
      "displayName": "Dialog for Jak mogę tworzyć ładne wpisy?",
      "createdTime": "2021-09-27T10:04:50.8980133Z",
      "updatedTime": "2021-10-11T15:28:47.347435Z",
      "createdUserId": "28fac8cb-bec7-48c9-a688-5024cf318b8a",
      "updatedUserId": "28fac8cb-bec7-48c9-a688-5024cf318b8a"
    }
  ],
  "botMessages": [
    {
      "channelContent": {
        "web": {
          "contentFormat": "Markdown",
          "content": "Możesz dodawać zdjęcia, emotikony 🙂, animowane GIF-y, naklejki i inne.\n\nMożesz użyć tytułu, aby wyróżnić swój post. To pomoże Ci go znaleźć później."
        }
      },
      "id": "e33b08b1-21ea-4e0d-aec7-226fe14780dd",
      "createdTime": "2021-09-27T10:04:50.8980133Z",
      "updatedTime": "2021-09-27T10:04:50.8980133Z",
      "createdUserId": "28fac8cb-bec7-48c9-a688-5024cf318b8a",
      "updatedUserId": "28fac8cb-bec7-48c9-a688-5024cf318b8a"
    },
    {
      "channelContent": {
        "web": {
          "contentFormat": "Markdown",
          "content": "Możesz również stworzyć pięknie wyglądający post jako \"**Ogłoszenie**\"."
        }
      },
      "id": "3e9c65d3-1553-40a0-8615-2c0b86a025c2",
      "createdTime": "2021-10-11T15:23:18.69Z",
      "updatedTime": "2021-10-11T15:23:18.69Z",
      "createdUserId": "user-0",
      "updatedUserId": "user-0"
    },
    {
      "channelContent": {
        "web": {
          "contentFormat": "Markdown",
          "content": "Żeby utworzyć ogłoszenie, wybierz przycisk formatowania (litera A z ołówkiem).\n\nZ górnego menu wybierz listę wybieraną \"**Nowa konwersacja**\" i zmień na **Ogłoszenie**."
        }
      },
      "id": "5c504d6d-af7f-4051-b319-fdebddbc642b",
      "createdTime": "2021-10-11T15:24:51.371Z",
      "updatedTime": "2021-10-11T15:24:51.371Z",
      "createdUserId": "user-0",
      "updatedUserId": "user-0"
    },
    {
      "channelContent": {
        "web": {
          "contentFormat": "Markdown",
          "content": "💡 **Porada:** Wybierz tapetę graficzną, żeby uzyskać najlepszy efekt 🚀"
        }
      },
      "id": "a77856b9-ebd8-44e1-976f-561696805e01",
      "createdTime": "2021-10-11T15:27:01.225Z",
      "updatedTime": "2021-10-11T15:27:01.225Z",
      "createdUserId": "user-0",
      "updatedUserId": "user-0"
    }
  ]
}