{
  "intents": [
    {
      "triggerQueries": [
        "Office 오피스 365",
        "Microsoft 마이크로소프트 365",
        "M365 O365",
        "Microsoft 마이크로소프트 Office 오피스 365 무엇 동일",
        "Microsoft Office 365란 무엇입니까?"
      ],
      "dialogId": "new_topic_d04adace6afe4eceb075d38ddc54a297",
      "isTriggeringEnabled": true,
      "id": "new_topic_d04adace6afe4eceb075d38ddc54a297",
      "displayName": "Microsoft Office 365란 무엇입니까?",
      "description": "https://adoptbotv2kb.blob.core.windows.net/%24web/adoptbot2021-Korean.docx",
      "createdTime": "2021-03-18T03:39:18.7456548Z",
      "updatedTime": "2021-04-08T04:49:59.4370507Z",
      "createdUserId": "e47109d8-0300-4e59-a90d-56bb29886c9e",
      "updatedUserId": "e47109d8-0300-4e59-a90d-56bb29886c9e"
    }
  ],
  "dialogs": [
    {
      "rootNodeId": "482298b0-91e2-4d8b-9920-33473be16f60",
      "messageNodes": [
        {
          "botMessageId": "50b16f28-2eca-4b8b-809c-3e867a935b1e",
          "nodeType": "BotMessageNode",
          "id": "482298b0-91e2-4d8b-9920-33473be16f60",
          "defaultTargetNodeId": "ae6cccfc-d7f2-418f-96c1-0e0c90088475"
        }
      ],
      "dialogChangeNodes": [
        {
          "targetDialogId": "new_topic_2bf23930c1d146129dfe38bacb94ccd0_aeabea4d071f415c8c107e1cb7af5424_assumedsuccess",
          "nodeType": "DialogChangeNode",
          "id": "ae6cccfc-d7f2-418f-96c1-0e0c90088475"
        }
      ],
      "id": "new_topic_d04adace6afe4eceb075d38ddc54a297",
      "displayName": "Dialog for Microsoft Office 365란 무엇입니까?",
      "createdTime": "2021-03-18T03:39:18.7456548Z",
      "updatedTime": "2021-03-18T03:39:18.7456548Z",
      "createdUserId": "e47109d8-0300-4e59-a90d-56bb29886c9e",
      "updatedUserId": "e47109d8-0300-4e59-a90d-56bb29886c9e"
    }
  ],
  "botMessages": [
    {
      "channelContent": {
        "web": {
          "contentFormat": "Markdown",
          "content": "Microsoft Office 365는 팀워크를 위한 범용 툴킷입니다.\r\n\r\n[여기서 더 읽기!](https://www.microsoft.com/ko-kr/microsoft-365/)"
        }
      },
      "id": "50b16f28-2eca-4b8b-809c-3e867a935b1e",
      "createdTime": "2021-03-18T03:39:18.7456548Z",
      "updatedTime": "2021-03-18T03:39:18.7456548Z",
      "createdUserId": "e47109d8-0300-4e59-a90d-56bb29886c9e",
      "updatedUserId": "e47109d8-0300-4e59-a90d-56bb29886c9e"
    }
  ],
  "createdUtc": "0001-01-01T00:00:00Z"
}