{
  "intents": [
    {
      "endUserOverrideName": "Partecipare a una riunione in Teams",
      "triggerQueries": [
        "Partecipa a riunioni ad hoc",
        "Iniziare una riunione immediata",
        "Riunione Ora",
        "Iniziare una riunione veloce",
        "Come posso partecipare alle mie riunioni?",
        "partecipare a una riunione chiusa?",
        "Partecipare a riunione",
        "come faccio a partecipare a una riunione",
        "unirsi a una riunione di Teams",
        "partecipare a una riunione",
        "Quali sono i passi per partecipare a una riunione Teams?",
        "Posso partecipare a una riunione di Teams prima o dopo l'inizio?",
        "Quando posso partecipare alla riunione?",
        "partecipare alla riunione prima che inizi?",
        "Come posso partecipare a una riunione di Teams?"
      ],
      "dialogId": "new_topic_4448b7e29d8e4a088d65bb12180c0fc8",
      "isTriggeringEnabled": true,
      "id": "new_topic_4448b7e29d8e4a088d65bb12180c0fc8",
      "displayName": "Come posso partecipare a una riunione di Teams?",
      "createdTime": "2022-04-26T21:26:45.8674322Z",
      "updatedTime": "2022-04-26T21:26:45.8674322Z",
      "createdUserId": "9451fc51-e00d-4445-8ff9-efb70866dc3b",
      "updatedUserId": "9451fc51-e00d-4445-8ff9-efb70866dc3b"
    }
  ],
  "dialogs": [
    {
      "rootNodeId": "b9f3fcc4-da50-4978-8684-c460d4679f04",
      "messageNodes": [
        {
          "botMessageId": "64025d72-dec8-42dc-99a3-90a636d6d2cb",
          "nodeType": "BotMessageNode",
          "id": "b9f3fcc4-da50-4978-8684-c460d4679f04",
          "defaultTargetNodeId": "22cbe3ac-c56d-47c7-b500-299f093f5e56"
        },
        {
          "botMessageId": "a71753fd-5599-4990-b2a9-d625f4051050",
          "nodeType": "BotMessageNode",
          "id": "22cbe3ac-c56d-47c7-b500-299f093f5e56",
          "defaultTargetNodeId": "177768c7-89f2-4c2a-9d6c-bb28d3bfa8df"
        },
        {
          "botMessageId": "b3ee535d-fbd4-47a5-8615-bbd53920e3c1",
          "nodeType": "BotMessageNode",
          "id": "177768c7-89f2-4c2a-9d6c-bb28d3bfa8df",
          "defaultTargetNodeId": "204baf38-cd88-4900-aa40-dd6c0bb71046"
        }
      ],
      "dialogChangeNodes": [
        {
          "targetDialogId": "new_topic_f98a24608ee04cb998de3e3e32703d5b_aeabea4d071f415c8c107e1cb7af5424_assumedsuccess",
          "nodeType": "DialogChangeNode",
          "id": "204baf38-cd88-4900-aa40-dd6c0bb71046"
        }
      ],
      "id": "new_topic_4448b7e29d8e4a088d65bb12180c0fc8",
      "displayName": "Senza titolo",
      "createdTime": "2022-04-26T21:26:45.8674322Z",
      "updatedTime": "2022-04-26T21:26:45.8674322Z",
      "createdUserId": "9451fc51-e00d-4445-8ff9-efb70866dc3b",
      "updatedUserId": "9451fc51-e00d-4445-8ff9-efb70866dc3b"
    }
  ],
  "botMessages": [
    {
      "channelContent": {
        "web": {
          "contentFormat": "Markdown",
          "content": "[Puoi partecipare in qualsiasi momento a una riunione programmata di Teams](https://support.microsoft.com/it-it/office/partecipare-a-una-riunione-in-teams-1613bb53-f3fa-431e-85a9-d6a91e3468c9). Fai clic sul link dell'invito alla riunione oppure seleziona Partecipa direttamente in Teams."
        }
      },
      "id": "64025d72-dec8-42dc-99a3-90a636d6d2cb",
      "createdTime": "2022-04-26T21:02:59.718Z",
      "updatedTime": "2022-04-26T21:02:59.718Z"
    },
    {
      "channelContent": {
        "web": {
          "contentFormat": "Markdown",
          "content": "Tramite il **Calendario** in Teams, puoi visualizzare il tuo calendario e partecipare e/o programmare le riunioni Teams.\n\n[Le riunioni istantanee \"Riunione Ora\"](https://support.microsoft.com/it-it/office/avviare-una-riunione-immediata-in-teams-ff95e53f-8231-4739-87fa-00b9723f4ef5) possono anche essere avviati qui."
        }
      },
      "id": "a71753fd-5599-4990-b2a9-d625f4051050",
      "createdTime": "2022-04-26T21:20:20.092Z",
      "updatedTime": "2022-04-26T21:20:20.092Z",
      "createdUserId": "user-0",
      "updatedUserId": "user-0"
    },
    {
      "channelContent": {
        "web": {
          "contentFormat": "Markdown",
          "content": "Se l'organizzazione offre l'opzione per le conferenze audio, nell'invito alla riunione verrà visualizzato un numero di chiamata."
        }
      },
      "id": "b3ee535d-fbd4-47a5-8615-bbd53920e3c1",
      "createdTime": "2022-04-26T21:26:09.795Z",
      "updatedTime": "2022-04-26T21:26:09.795Z",
      "createdUserId": "user-0",
      "updatedUserId": "user-0"
    }
  ]
}