{
  "intents": [
    {
      "endUserOverrideName": "Information protection offered by Teams",
      "triggerQueries": [
        "Information protection offered by Teams",
        "compliance rules in teams",
        "compliance features in teams",
        "Advanced threat protection",
        "eDiscovery in teams",
        "legal hold",
        "MAM support",
        "MDM support via Intune",
        "What kind of information protection does Teams offer?",
        "information protection in Teams?",
        "Protect our information in Teams",
        "What types of information protection are available in Teams?",
        "Conditional access",
        "archiving in teams",
        "Advanced Threat Protection for Microsoft 365",
        "Compliance in Teams?",
        "can you review logs in teams?"
      ],
      "dialogId": "new_topic_97d9255fdeb0421088be5cc1c3ea1be4",
      "isTriggeringEnabled": true,
      "id": "new_topic_97d9255fdeb0421088be5cc1c3ea1be4",
      "displayName": "What kind of information protection does Teams offer?",
      "description": "https://adoptbotv2kb.blob.core.windows.net/%24web/AdoptBot2021-English.docx",
      "createdTime": "2021-01-13T22:20:51.2371466Z",
      "updatedTime": "2021-01-27T17:31:40.8997504Z",
      "createdUserId": "f04d3cd9-b73d-4ba9-a1ed-9319eba29b21",
      "updatedUserId": "f04d3cd9-b73d-4ba9-a1ed-9319eba29b21"
    }
  ],
  "dialogs": [
    {
      "rootNodeId": "725d3d7f-1830-4eb6-8d83-d3a026f9b66a",
      "messageNodes": [
        {
          "botMessageId": "94133fe8-4c73-4057-9007-3bc851dc9b39",
          "nodeType": "BotMessageNode",
          "id": "725d3d7f-1830-4eb6-8d83-d3a026f9b66a",
          "defaultTargetNodeId": "578232dd-8406-44d9-9c1e-20c779a5ddd2"
        },
        {
          "botMessageId": "401101ed-a305-4b86-9f22-49ccbef6bd8e",
          "nodeType": "BotMessageNode",
          "id": "578232dd-8406-44d9-9c1e-20c779a5ddd2",
          "defaultTargetNodeId": "d9f64baf-701e-4e08-8a24-4336ce05d765"
        },
        {
          "botMessageId": "713f3a85-abfe-4ea1-986b-f97bea489dff",
          "nodeType": "BotMessageNode",
          "id": "d9f64baf-701e-4e08-8a24-4336ce05d765",
          "defaultTargetNodeId": "879f6f33-bbf7-4f1c-9241-cdb0b8e4efd3"
        },
        {
          "botMessageId": "5fbd1179-80a8-4a01-b679-f54442def987",
          "nodeType": "BotMessageNode",
          "id": "879f6f33-bbf7-4f1c-9241-cdb0b8e4efd3",
          "defaultTargetNodeId": "b0e3278d-73f4-4303-bcc6-1a5bdf0b4092"
        },
        {
          "botMessageId": "914bb772-f0c9-4e70-aeb0-f061fd67b12f",
          "nodeType": "BotMessageNode",
          "id": "b0e3278d-73f4-4303-bcc6-1a5bdf0b4092",
          "defaultTargetNodeId": "70b5c7ae-fd96-42b9-9ca1-4df3c780a26e"
        },
        {
          "botMessageId": "2aaf901f-3e42-4093-b7cd-ec3eb1bc36bf",
          "nodeType": "BotMessageNode",
          "id": "70b5c7ae-fd96-42b9-9ca1-4df3c780a26e",
          "defaultTargetNodeId": "e0ff4398-6340-4dc9-b7ad-04b123e7b5a2"
        },
        {
          "botMessageId": "ad8299aa-816c-4a1e-b1f0-365b1ede5e36",
          "nodeType": "BotMessageNode",
          "id": "e0ff4398-6340-4dc9-b7ad-04b123e7b5a2",
          "defaultTargetNodeId": "e880c8a9-295f-4038-b835-b990b7186672"
        },
        {
          "botMessageId": "f22ecb15-22d7-44b3-8b82-93017299af2a",
          "nodeType": "BotMessageNode",
          "id": "e880c8a9-295f-4038-b835-b990b7186672",
          "defaultTargetNodeId": "9b829095-4755-4562-a369-8d121800ad30"
        },
        {
          "botMessageId": "a8693853-0ac9-4ef8-946f-8c45f814b89a",
          "nodeType": "BotMessageNode",
          "id": "9b829095-4755-4562-a369-8d121800ad30",
          "defaultTargetNodeId": "55590be0-d255-4a11-8583-3e51849c835a"
        },
        {
          "botMessageId": "369fdf1d-eb2a-4aac-a8f1-e267ef01913f",
          "nodeType": "BotMessageNode",
          "id": "55590be0-d255-4a11-8583-3e51849c835a",
          "defaultTargetNodeId": "d301f88c-4efd-433a-9830-0fbbdfcc8522"
        },
        {
          "botMessageId": "53f83402-004e-43fc-8b34-66524dc556c0",
          "nodeType": "BotMessageNode",
          "id": "d301f88c-4efd-433a-9830-0fbbdfcc8522",
          "defaultTargetNodeId": "0db7b964-22d8-4ecc-8137-651b76224d1d"
        }
      ],
      "dialogChangeNodes": [
        {
          "targetDialogId": "new_topic_eac3f49c99664313a9d9dc19d80a79a2_aeabea4d071f415c8c107e1cb7af5424_assumedsuccess",
          "nodeType": "DialogChangeNode",
          "id": "0db7b964-22d8-4ecc-8137-651b76224d1d"
        }
      ],
      "id": "new_topic_97d9255fdeb0421088be5cc1c3ea1be4",
      "displayName": "Dialog for What kind of information protection does Teams offer?",
      "createdTime": "2021-01-13T22:20:51.2371466Z",
      "updatedTime": "2021-01-27T17:37:46.9567901Z",
      "createdUserId": "f04d3cd9-b73d-4ba9-a1ed-9319eba29b21",
      "updatedUserId": "f04d3cd9-b73d-4ba9-a1ed-9319eba29b21"
    }
  ],
  "botMessages": [
    {
      "channelContent": {
        "web": {
          "contentFormat": "Markdown",
          "content": "To meet your legal, regulatory, and content security needs, Teams offers many information protection capabilities through the [Microsoft 365 Security & Compliance Center](https://support.microsoft.com/en-us/office/7e696a40-b86b-4a20-afcc-559218b7b1b8)"
        }
      },
      "id": "94133fe8-4c73-4057-9007-3bc851dc9b39",
      "createdTime": "2021-01-13T22:20:51.2371466Z",
      "updatedTime": "2021-01-13T22:20:51.2371466Z",
      "createdUserId": "f04d3cd9-b73d-4ba9-a1ed-9319eba29b21",
      "updatedUserId": "f04d3cd9-b73d-4ba9-a1ed-9319eba29b21"
    },
    {
      "channelContent": {
        "web": {
          "contentFormat": "Markdown",
          "content": "**Archive:**\n\nAny content stored in any Teams-related workload needs to be preserved immutably according to the enterprise corporate policy."
        }
      },
      "id": "401101ed-a305-4b86-9f22-49ccbef6bd8e",
      "createdTime": "2021-01-27T17:32:23.484Z",
      "updatedTime": "2021-01-27T17:32:23.484Z",
      "createdUserId": "user-0",
      "updatedUserId": "user-0"
    },
    {
      "channelContent": {
        "web": {
          "contentFormat": "Markdown",
          "content": "**Compliance content search:**\n\nAny content stored in any workload can be searched through rich filtering capabilities. All content can be exported to a specific container for compliance and litigation support."
        }
      },
      "id": "713f3a85-abfe-4ea1-986b-f97bea489dff",
      "createdTime": "2021-01-27T17:32:38.566Z",
      "updatedTime": "2021-01-27T17:32:38.566Z",
      "createdUserId": "user-0",
      "updatedUserId": "user-0"
    },
    {
      "channelContent": {
        "web": {
          "contentFormat": "Markdown",
          "content": "**eDiscovery:**\n\nRich eDiscovery in-place capabilities, including case management, preservation, search, analysis, and export are available to help our customers simplify the eDiscovery process and quickly identify relevant data while decreasing cost and risk."
        }
      },
      "id": "5fbd1179-80a8-4a01-b679-f54442def987",
      "createdTime": "2021-01-27T17:32:55.718Z",
      "updatedTime": "2021-01-27T17:32:55.718Z",
      "createdUserId": "user-0",
      "updatedUserId": "user-0"
    },
    {
      "channelContent": {
        "web": {
          "contentFormat": "Markdown",
          "content": "**Legal hold:**\n\nWhen any team or individual is put on in-place hold or litigation hold, the hold is placed on both the primary and the archived messages (not including edits or deletes)."
        }
      },
      "id": "914bb772-f0c9-4e70-aeb0-f061fd67b12f",
      "createdTime": "2021-01-27T17:32:57.886Z",
      "updatedTime": "2021-01-27T17:32:57.886Z",
      "createdUserId": "user-0",
      "updatedUserId": "user-0"
    },
    {
      "channelContent": {
        "web": {
          "contentFormat": "Markdown",
          "content": "**Audit log search:**\n\nAll team activities and business events must be captured and available for customer search and export."
        }
      },
      "id": "2aaf901f-3e42-4093-b7cd-ec3eb1bc36bf",
      "createdTime": "2021-01-27T17:33:00.169Z",
      "updatedTime": "2021-01-27T17:33:00.169Z",
      "createdUserId": "user-0",
      "updatedUserId": "user-0"
    },
    {
      "channelContent": {
        "web": {
          "contentFormat": "Markdown",
          "content": "**Exchange online protection:**\n\nEmail messages that are sent to a channel are filtered for spam, malware, malicious links, spoofing, and phishing via Exchange Online Protection and Advanced Threat Protection for Microsoft 365."
        }
      },
      "id": "ad8299aa-816c-4a1e-b1f0-365b1ede5e36",
      "createdTime": "2021-01-27T17:33:52.164Z",
      "updatedTime": "2021-01-27T17:33:52.164Z",
      "createdUserId": "user-0",
      "updatedUserId": "user-0"
    },
    {
      "channelContent": {
        "web": {
          "contentFormat": "Markdown",
          "content": "**Conditional access:**\n\nWe ensure that access to Teams is restricted to devices that are compliant with your IT admin or corporate organization set policies and security rules. This includes MDM and MAM support with Intune for iOS and Android."
        }
      },
      "id": "f22ecb15-22d7-44b3-8b82-93017299af2a",
      "createdTime": "2021-01-27T17:34:11.759Z",
      "updatedTime": "2021-01-27T17:34:11.759Z",
      "createdUserId": "user-0",
      "updatedUserId": "user-0"
    },
    {
      "channelContent": {
        "web": {
          "contentFormat": "Markdown",
          "content": "For more information about these compliance features, see [Overview of security and compliance in Microsoft 365](https://support.microsoft.com/en-us/office/dcb83b2c-ac66-4ced-925d-50eb9698a0b2)."
        }
      },
      "id": "a8693853-0ac9-4ef8-946f-8c45f814b89a",
      "createdTime": "2021-01-27T17:34:34.285Z",
      "updatedTime": "2021-01-27T17:34:34.285Z",
      "createdUserId": "user-0",
      "updatedUserId": "user-0"
    },
    {
      "channelContent": {
        "web": {
          "contentFormat": "Markdown",
          "content": "For more details about content searches and Teams, see the Teams section of [Run a Content Search in the Microsoft 365 Security & Compliance Center](https://support.microsoft.com/en-us/office/61852fd9-fe8a-4880-a339-cb19ed3bff4a)."
        }
      },
      "id": "369fdf1d-eb2a-4aac-a8f1-e267ef01913f",
      "createdTime": "2021-01-27T17:34:37.929Z",
      "updatedTime": "2021-01-27T17:34:37.929Z",
      "createdUserId": "user-0",
      "updatedUserId": "user-0"
    },
    {
      "channelContent": {
        "web": {
          "contentFormat": "Markdown",
          "content": "_This is a very long answer._\n\n_You may need to scroll up_ 🔼"
        }
      },
      "id": "53f83402-004e-43fc-8b34-66524dc556c0",
      "createdTime": "2021-01-27T17:35:35.347Z",
      "updatedTime": "2021-01-27T17:35:35.347Z",
      "createdUserId": "user-0",
      "updatedUserId": "user-0"
    }
  ]
}