{
  "intents": [
    {
      "endUserOverrideName": "Wanneer teams wanneer mail",
      "triggerQueries": [
        "Hoe weet ik wanneer ik Teams moet gebruiken en wanneer ik moet mailen",
        "Moet ik mail of Teams gebruiken",
        "Wanneer gebruik je email",
        "Wanneer moet ik Teams gebruiken",
        "mailen en teams",
        "wanneer gebruik je email",
        "Wanneer gebruik je teams",
        "Wanneer teams wanneer mail"
      ],
      "dialogId": "new_topic_62f71c8cf5cb43ccb304bd08cb2923e0",
      "isTriggeringEnabled": true,
      "id": "new_topic_62f71c8cf5cb43ccb304bd08cb2923e0",
      "displayName": "Wanneer teams wanneer mail",
      "description": "",
      "createdTime": "2021-03-22T20:52:50.419734Z",
      "updatedTime": "2021-03-29T20:03:55.6959735Z",
      "createdUserId": "c1e90dc0-1df0-459d-8164-0dcb7915deaf",
      "updatedUserId": "c1e90dc0-1df0-459d-8164-0dcb7915deaf"
    }
  ],
  "dialogs": [
    {
      "rootNodeId": "7f6826d8-95f6-4a2d-a858-871c89a117da",
      "messageNodes": [
        {
          "botMessageId": "69f0473f-696d-482c-9720-e593a05f6f45",
          "nodeType": "BotMessageNode",
          "id": "7f6826d8-95f6-4a2d-a858-871c89a117da",
          "defaultTargetNodeId": "8763acc3-ecd8-4ffb-8c3e-3a6d7f9e0f42"
        },
        {
          "botMessageId": "bfcfc310-1349-497c-9c85-d314955a6e85",
          "nodeType": "BotMessageNode",
          "id": "9dc5566b-02fb-4cda-b047-ef9bf69adb16",
          "defaultTargetNodeId": "35d0a524-d307-41e6-b428-3e4fd9acde3c"
        },
        {
          "botMessageId": "0073b7bb-d76d-45b5-b3d4-028d08419a75",
          "nodeType": "BotMessageNode",
          "id": "35d0a524-d307-41e6-b428-3e4fd9acde3c",
          "defaultTargetNodeId": "1d192342-115c-4b9c-a07b-aa56bfcd36d1"
        },
        {
          "botMessageId": "893bc3db-b917-416f-85cf-19a6bb946d29",
          "nodeType": "BotMessageNode",
          "id": "8763acc3-ecd8-4ffb-8c3e-3a6d7f9e0f42",
          "defaultTargetNodeId": "9dc5566b-02fb-4cda-b047-ef9bf69adb16"
        }
      ],
      "dialogChangeNodes": [
        {
          "targetDialogId": "new_topic_9d295c394a47419da3b4d205b7ed4c20_aeabea4d071f415c8c107e1cb7af5424_assumedsuccess",
          "nodeType": "DialogChangeNode",
          "id": "1d192342-115c-4b9c-a07b-aa56bfcd36d1"
        }
      ],
      "id": "new_topic_62f71c8cf5cb43ccb304bd08cb2923e0",
      "displayName": "Dialog for Wanneer teams wanneer mail",
      "createdTime": "2021-03-22T20:52:50.419734Z",
      "updatedTime": "2021-03-29T20:03:17.8349469Z",
      "createdUserId": "c1e90dc0-1df0-459d-8164-0dcb7915deaf",
      "updatedUserId": "c1e90dc0-1df0-459d-8164-0dcb7915deaf"
    }
  ],
  "botMessages": [
    {
      "channelContent": {
        "web": {
          "contentFormat": "Markdown",
          "content": "Teams verandert de manier waarop u e-mail gebruikt. Het is een samenwerk hub waar je kunt chatten, overleggen en kan samenwerken aan documenten of projecten. Wanneer uw hele team met Teams werkt, krijgt iedereen minder e-mails en hou je beter overzicht."
        }
      },
      "id": "69f0473f-696d-482c-9720-e593a05f6f45",
      "createdTime": "2021-03-22T20:52:50.4177336Z",
      "updatedTime": "2021-03-22T20:52:50.4177336Z",
      "createdUserId": "c1e90dc0-1df0-459d-8164-0dcb7915deaf",
      "updatedUserId": "c1e90dc0-1df0-459d-8164-0dcb7915deaf"
    },
    {
      "channelContent": {
        "web": {
          "contentFormat": "Markdown",
          "content": "Maar u ontvangt nog steeds e-mails over sommige zaken (soms kunt u niet om e-mail heen). De verhouding is afhankelijk van hoe vaak u communiceert met personen die niet met Teams werken, en van uw eigen voorkeuren. (Er zijn collega's die slechts één keer per dag hun e-mail controleren, maar ook collega's die hun e-mail de hele dag naast Teams open hebben staan.) De meeste mensen hebben Teams én e-mail nodig voor hun werk."
        }
      },
      "id": "bfcfc310-1349-497c-9c85-d314955a6e85",
      "createdTime": "2021-03-22T20:53:03.294Z",
      "updatedTime": "2021-03-22T20:53:03.294Z",
      "createdUserId": "user-0",
      "updatedUserId": "user-0"
    },
    {
      "channelContent": {
        "web": {
          "contentFormat": "Markdown",
          "content": "[Teams en e-mail in harmonie - Office-ondersteuning (microsoft.com)](https://support.microsoft.com/nl-nl/office/teams-en-e-mail-in-harmonie-43fc2120-0f73-4303-9130-179ec9b492c0)"
        }
      },
      "id": "0073b7bb-d76d-45b5-b3d4-028d08419a75",
      "createdTime": "2021-03-22T20:53:26.233Z",
      "updatedTime": "2021-03-22T20:53:26.233Z",
      "createdUserId": "user-0",
      "updatedUserId": "user-0"
    },
    {
      "channelContent": {
        "web": {
          "contentFormat": "Markdown",
          "content": "Gebruik chats en kanalen in Teams voor dagelijkse werkzaamheden en updates voor de collega's met wie u het meest samenwerkt."
        }
      },
      "id": "893bc3db-b917-416f-85cf-19a6bb946d29",
      "createdTime": "2021-03-29T20:01:59.452Z",
      "updatedTime": "2021-03-29T20:01:59.452Z",
      "createdUserId": "user-0",
      "updatedUserId": "user-0"
    }
  ],
  "createdUtc": "0001-01-01T00:00:00Z"
}