{
  "intents": [
    {
      "endUserOverrideName": "@ l'intero team?",
      "triggerQueries": [
        "Avvertire tutti i membri del team?",
        "@menzione intero team?",
        "Come menzionare l'intera squadra?",
        "Come posso ottenere l'attenzione di tutto il team?",
        "Come faccio a @ l'intero team?",
        "Come faccio a inviare una notifica all'intero team?",
        "Voglio che tutti i membri del team ricevano una notifica, come faccio?",
        "Come faccio a citare l'intero team"
      ],
      "dialogId": "new_topic_4d4a26406742465781d984633771c585",
      "isTriggeringEnabled": true,
      "id": "new_topic_4d4a26406742465781d984633771c585",
      "displayName": "Come faccio a @menzionare l'intero Team?",
      "createdTime": "2022-04-27T09:25:05.7647559Z",
      "updatedTime": "2022-04-27T09:25:14.1714228Z",
      "createdUserId": "9451fc51-e00d-4445-8ff9-efb70866dc3b",
      "updatedUserId": "9451fc51-e00d-4445-8ff9-efb70866dc3b"
    }
  ],
  "dialogs": [
    {
      "rootNodeId": "6a48b5ea-0151-4e61-a185-290fe4aa87b5",
      "messageNodes": [
        {
          "botMessageId": "36e5271f-99bc-4a92-9a7d-ec1a29800a83",
          "nodeType": "BotMessageNode",
          "id": "6a48b5ea-0151-4e61-a185-290fe4aa87b5",
          "defaultTargetNodeId": "7b201336-bd59-46ed-9f06-5caf78af51a6"
        },
        {
          "botMessageId": "56dd53b2-8dd2-43ee-b43e-e59dad079eaa",
          "nodeType": "BotMessageNode",
          "id": "7b201336-bd59-46ed-9f06-5caf78af51a6",
          "defaultTargetNodeId": "67c9c459-9757-43d7-910f-2ad6d318a995"
        },
        {
          "botMessageId": "07d567cc-6925-492c-a7c7-25b74ac5568b",
          "nodeType": "BotMessageNode",
          "id": "67c9c459-9757-43d7-910f-2ad6d318a995",
          "defaultTargetNodeId": "1c5bc5ce-4df5-4cb3-9bf0-db848e98d2a0"
        }
      ],
      "dialogChangeNodes": [
        {
          "targetDialogId": "new_topic_f98a24608ee04cb998de3e3e32703d5b_aeabea4d071f415c8c107e1cb7af5424_assumedsuccess",
          "nodeType": "DialogChangeNode",
          "id": "1c5bc5ce-4df5-4cb3-9bf0-db848e98d2a0"
        }
      ],
      "id": "new_topic_4d4a26406742465781d984633771c585",
      "displayName": "Senza titolo",
      "createdTime": "2022-04-27T09:25:05.7647559Z",
      "updatedTime": "2022-04-27T09:25:14.1714228Z",
      "createdUserId": "9451fc51-e00d-4445-8ff9-efb70866dc3b",
      "updatedUserId": "9451fc51-e00d-4445-8ff9-efb70866dc3b"
    }
  ],
  "botMessages": [
    {
      "channelContent": {
        "web": {
          "contentFormat": "Markdown",
          "content": "[Per attirare l'attenzione di tutti](https://support.microsoft.com/it-it/office/usare-le-menzioni-per-attirare-l-attenzione-in-teams-eb4f059d-320e-454e-b111-03361d4d6855) nel team, @menziona il nome del team.\n\n*   Digitare @team e selezionare il nome del team dal menu che appare."
        }
      },
      "id": "36e5271f-99bc-4a92-9a7d-ec1a29800a83",
      "createdTime": "2022-04-27T09:12:30.882Z",
      "updatedTime": "2022-04-27T09:12:30.882Z"
    },
    {
      "channelContent": {
        "web": {
          "contentFormat": "Markdown",
          "content": "Con @team, tutti i membri del team ricevono una notifica.\n\n[Il tipo di notifica dipende dalle impostazioni di tutti.](https://support.microsoft.com/it-it/office/informazioni-sulle-notifiche-abb62c60-3d15-4968-b86a-42fea9c22cf4)"
        }
      },
      "id": "56dd53b2-8dd2-43ee-b43e-e59dad079eaa",
      "createdTime": "2022-04-27T09:21:03.484Z",
      "updatedTime": "2022-04-27T09:21:03.484Z",
      "createdUserId": "user-0",
      "updatedUserId": "user-0"
    },
    {
      "channelContent": {
        "web": {
          "contentFormat": "Markdown",
          "content": "💡 **Suggerimento**: Utilizzare questa opzione con moderazione in grandi Team, perché è come usare \"rispondi a tutti\" nelle e-mail."
        }
      },
      "id": "07d567cc-6925-492c-a7c7-25b74ac5568b",
      "createdTime": "2022-04-27T09:23:05.195Z",
      "updatedTime": "2022-04-27T09:23:05.195Z",
      "createdUserId": "user-0",
      "updatedUserId": "user-0"
    }
  ]
}