{
  "intents": [
    {
      "endUserOverrideName": "Forskjell mellom standard og privat kanal",
      "triggerQueries": [
        "Kan eksterne personer opprette privat kanal?",
        "Kan medlemmer opprette privat kanal?",
        "Kan gjester opprette privat kanal?",
        "Hvem kan opprette privat kanal?",
        "Kan alle opprette en privat kanal?",
        "privat vs standard kanal",
        "finnes det forskjellige type kanaler?",
        "standard vs privat kanal",
        "Forskjell mellom standard og privat kanal",
        "Hva er forskjellen mellom en standard og privat kanal?"
      ],
      "dialogId": "new_topic_7c1f4a4fb02c40779e687926ad6b07a8",
      "isTriggeringEnabled": true,
      "id": "new_topic_7c1f4a4fb02c40779e687926ad6b07a8",
      "displayName": "Hva er forskjellen mellom en standard og privat kanal?",
      "description": "https://norwegianteams.blob.core.windows.net/norwegian-container/TIMA QA P19.docx",
      "createdTime": "2021-03-24T20:09:21.5452642Z",
      "updatedTime": "2021-04-23T10:00:22.3216787Z",
      "createdUserId": "ef0c8b9a-eff1-49f8-92fa-fd1d3e15e1ba",
      "updatedUserId": "ef0c8b9a-eff1-49f8-92fa-fd1d3e15e1ba"
    }
  ],
  "dialogs": [
    {
      "rootNodeId": "773e30ad-4bd4-4919-8ea2-d5502e522580",
      "messageNodes": [
        {
          "botMessageId": "01e39201-89e4-41a4-91bd-c01a80bf5445",
          "nodeType": "BotMessageNode",
          "id": "773e30ad-4bd4-4919-8ea2-d5502e522580",
          "defaultTargetNodeId": "80eca974-1e73-48fe-a2d0-50cafff60de1"
        },
        {
          "botMessageId": "1e00a6f1-4846-43ae-a6ae-bd0c2dee9daa",
          "nodeType": "BotMessageNode",
          "id": "80eca974-1e73-48fe-a2d0-50cafff60de1",
          "defaultTargetNodeId": "ccb7c268-00e4-43e4-86c9-6fbba47553b9"
        },
        {
          "botMessageId": "7a03e4ba-0c84-42d0-83b2-0abd9355f0d1",
          "nodeType": "BotMessageNode",
          "id": "ccb7c268-00e4-43e4-86c9-6fbba47553b9",
          "defaultTargetNodeId": "060a77a5-3965-4bb8-b800-168fac2d6ff0"
        },
        {
          "botMessageId": "ce84d9a4-1602-441f-a681-06c3611c07bb",
          "nodeType": "BotMessageNode",
          "id": "060a77a5-3965-4bb8-b800-168fac2d6ff0",
          "defaultTargetNodeId": "6dfec1ec-99cd-4547-b68e-aff69d3f15b0"
        },
        {
          "botMessageId": "05966d53-24e5-4412-b56d-e97193cb5be9",
          "nodeType": "BotMessageNode",
          "id": "6dfec1ec-99cd-4547-b68e-aff69d3f15b0",
          "defaultTargetNodeId": "d30a78f3-fff0-4ccd-ab65-c686c05ad44e"
        },
        {
          "botMessageId": "951f4e31-8d7c-48a5-bd49-5ce6f7fc7314",
          "nodeType": "BotMessageNode",
          "id": "d30a78f3-fff0-4ccd-ab65-c686c05ad44e",
          "defaultTargetNodeId": "626e7479-9877-4d66-9819-6721b40e7e44"
        }
      ],
      "dialogChangeNodes": [
        {
          "targetDialogId": "new_topic_89c49d37fd4c4c1c9144396960733ce1_aeabea4d071f415c8c107e1cb7af5424_assumedsuccess",
          "nodeType": "DialogChangeNode",
          "id": "626e7479-9877-4d66-9819-6721b40e7e44"
        }
      ],
      "id": "new_topic_7c1f4a4fb02c40779e687926ad6b07a8",
      "displayName": "Dialog for Hva er forskjellen mellom en standard og privat kanal?",
      "createdTime": "2021-03-24T20:09:21.5452642Z",
      "updatedTime": "2021-04-23T10:01:37.3797191Z",
      "createdUserId": "ef0c8b9a-eff1-49f8-92fa-fd1d3e15e1ba",
      "updatedUserId": "ef0c8b9a-eff1-49f8-92fa-fd1d3e15e1ba"
    }
  ],
  "botMessages": [
    {
      "channelContent": {
        "web": {
          "contentFormat": "Markdown",
          "content": "Et team består av kanaler. Det finnes to typer kanaler: **standard** og **privat** kanal."
        }
      },
      "id": "01e39201-89e4-41a4-91bd-c01a80bf5445",
      "createdTime": "2021-03-24T20:09:21.5452642Z",
      "updatedTime": "2021-03-24T20:09:21.5452642Z",
      "createdUserId": "ef0c8b9a-eff1-49f8-92fa-fd1d3e15e1ba",
      "updatedUserId": "ef0c8b9a-eff1-49f8-92fa-fd1d3e15e1ba"
    },
    {
      "channelContent": {
        "web": {
          "contentFormat": "Markdown",
          "content": "**Standard kanal**\n\nKanalen er tilgjengelig og synlige for alle medlemmer i et team. Alle medlemmer i et team opprette standard kanaler.\n\nTeameier kan endre denne tillatelsen og [begrense kanaloppretting og tillatelser](https://docs.microsoft.com/nb-no/MicrosoftTeams/teams-policies) til bestemte roller."
        }
      },
      "id": "1e00a6f1-4846-43ae-a6ae-bd0c2dee9daa",
      "createdTime": "2021-03-26T11:52:59.306Z",
      "updatedTime": "2021-03-26T11:52:59.306Z",
      "createdUserId": "user-0",
      "updatedUserId": "user-0"
    },
    {
      "channelContent": {
        "web": {
          "contentFormat": "Markdown",
          "content": "**Privat kanal**\n\nKanalen er egnet for private samtaler med en bestemt målgruppe. Kanalen er ikke åpen for alle medlemmer i et team. Du må invitere eller bli invitert til å bli med i en privat kanal."
        }
      },
      "id": "7a03e4ba-0c84-42d0-83b2-0abd9355f0d1",
      "createdTime": "2021-03-26T11:53:12.048Z",
      "updatedTime": "2021-03-26T11:53:12.048Z",
      "createdUserId": "user-0",
      "updatedUserId": "user-0"
    },
    {
      "channelContent": {
        "web": {
          "contentFormat": "Markdown",
          "content": "Som standard kan alle teameiere eller gruppemedlemmer opprette en privat kanal og legge til medlemmer. Gjester kan ikke opprette en privat kanal. Administratoren kan endre denne tillatelsen og [begrense oppretting av privat kanal](https://docs.microsoft.com/en-us/MicrosoftTeams/private-channels-life-cycle-management) til bestemte roller."
        }
      },
      "id": "ce84d9a4-1602-441f-a681-06c3611c07bb",
      "createdTime": "2021-03-26T11:54:20.361Z",
      "updatedTime": "2021-03-26T11:54:20.361Z",
      "createdUserId": "user-0",
      "updatedUserId": "user-0"
    },
    {
      "channelContent": {
        "web": {
          "contentFormat": "Markdown",
          "content": "Wiki, andre apper, botter og planlagte kanalmøter støttes ikke i private kanaler."
        }
      },
      "id": "05966d53-24e5-4412-b56d-e97193cb5be9",
      "createdTime": "2021-03-26T11:54:47.016Z",
      "updatedTime": "2021-03-26T11:54:47.016Z",
      "createdUserId": "user-0",
      "updatedUserId": "user-0"
    },
    {
      "channelContent": {
        "web": {
          "contentFormat": "Markdown",
          "content": "**OBS!:** Når du deler en fil i en privat kanal, er den kun tilgjengelig for personer med tilgang til kanalen. Disse delte filene eksisterer i et separat SharePoint-område utenfor standardkanalene. Dette sikrer at kun medlemmer av den private kanalen kan åpne og lese filene."
        }
      },
      "id": "951f4e31-8d7c-48a5-bd49-5ce6f7fc7314",
      "createdTime": "2021-03-26T11:54:57.045Z",
      "updatedTime": "2021-03-26T11:54:57.045Z",
      "createdUserId": "user-0",
      "updatedUserId": "user-0"
    }
  ],
  "createdUtc": "0001-01-01T00:00:00Z"
}