{
  "intents": [
    {
      "endUserOverrideName": "Teams Live Event",
      "triggerQueries": [
        "Town hall",
        "Peut-on diffuser en streaming un événement dans Teams?",
        "qu'est ce qu'un streaming d'une réunion ?",
        "Qu’est-ce que les événements en direct?",
        "Qu'est-ce que Live Event dans Microsoft Teams?",
        "Evénement en direct",
        "Puis-je diffuser une réunion dans Teams?",
        "Teams live events",
        "Qu'est-ce que les événements en direct dans Microsoft Teams?",
        "Qu'est-ce que Live Event ?",
        "Peut-on diffuser en streaming une réunion dans Teams?"
      ],
      "dialogId": "new_topic_c3b60cd335aa41ea8e96033f9112a940",
      "isTriggeringEnabled": true,
      "id": "new_topic_c3b60cd335aa41ea8e96033f9112a940",
      "displayName": "Qu'est-ce que les événements en direct?",
      "description": "",
      "createdTime": "2021-01-13T22:20:51.2381463Z",
      "updatedTime": "2023-12-13T11:33:28.411094Z",
      "createdUserId": "f04d3cd9-b73d-4ba9-a1ed-9319eba29b21",
      "updatedUserId": "c8d29cfd-efef-47c1-8e02-210c8be30c37"
    }
  ],
  "dialogs": [
    {
      "rootNodeId": "3c79d17e-3b77-41d3-bfe4-06fa3caafcfe",
      "messageNodes": [
        {
          "botMessageId": "25c4c1e9-1b52-4952-9fa6-cd56ef914ff1",
          "nodeType": "BotMessageNode",
          "id": "3c79d17e-3b77-41d3-bfe4-06fa3caafcfe",
          "defaultTargetNodeId": "74e1a84d-11fb-4c68-8093-dc42c62a8a0d"
        }
      ],
      "dialogChangeNodes": [
        {
          "targetDialogId": "new_topic_eac3f49c99664313a9d9dc19d80a79a2_aeabea4d071f415c8c107e1cb7af5424_assumedsuccess",
          "nodeType": "DialogChangeNode",
          "id": "74e1a84d-11fb-4c68-8093-dc42c62a8a0d"
        }
      ],
      "id": "new_topic_c3b60cd335aa41ea8e96033f9112a940",
      "displayName": "Dialog for What are Live Events?",
      "createdTime": "2021-01-13T22:20:51.2381463Z",
      "updatedTime": "2023-12-13T11:33:28.4110935Z",
      "createdUserId": "f04d3cd9-b73d-4ba9-a1ed-9319eba29b21",
      "updatedUserId": "c8d29cfd-efef-47c1-8e02-210c8be30c37"
    }
  ],
  "botMessages": [
    {
      "channelContent": {
        "web": {
          "contentFormat": "Markdown",
          "content": "Avec les événements en direct dans Teams, les utilisateurs de votre organisation peuvent diffuser en streaming des vidéos et des contenus de réunion à une large audience. Vous pouvez consulter la [Présentation des événements en direct Microsoft Teams](https://docs.microsoft.com/fr-fr/microsoftteams/teams-live-events/what-are-teams-live-events)"
        }
      },
      "id": "25c4c1e9-1b52-4952-9fa6-cd56ef914ff1",
      "createdTime": "2021-01-13T22:20:51.2381463Z",
      "updatedTime": "2021-01-13T22:20:51.2381463Z",
      "createdUserId": "f04d3cd9-b73d-4ba9-a1ed-9319eba29b21",
      "updatedUserId": "f04d3cd9-b73d-4ba9-a1ed-9319eba29b21"
    }
  ]
}