{
  "intents": [
    {
      "endUserOverrideName": "Microsoft 365",
      "triggerQueries": [
        "Quelle différence entre Microsoft 365 et Office 365?",
        "Vue d'ensemble de Microsoft 365",
        "Office 365 ou Microsoft 365?",
        "Qu'est-ce que Microsoft Office 365?",
        "Qu'est-ce qu'Office 365?",
        "Microsoft 365 est-il identique à Office 365?",
        "Que signifie Microsoft 365",
        "Qu'est-ce que M365?",
        "Qu'est-ce que Microsoft 365?"
      ],
      "dialogId": "new_topic_45c8f81415654643b9cbfa495cb48187",
      "isTriggeringEnabled": true,
      "id": "new_topic_45c8f81415654643b9cbfa495cb48187",
      "displayName": "Qu'est-ce que Microsoft 365?",
      "description": "",
      "createdTime": "2021-01-13T22:20:51.2381463Z",
      "updatedTime": "2021-05-21T12:19:46.1151918Z",
      "createdUserId": "f04d3cd9-b73d-4ba9-a1ed-9319eba29b21",
      "updatedUserId": "137976d8-62f4-4f81-b357-122fb8bb440c"
    }
  ],
  "dialogs": [
    {
      "rootNodeId": "c31613ce-0d6f-4e19-8ae0-7154ce53a635",
      "messageNodes": [
        {
          "botMessageId": "26947edb-253a-41be-a54a-3ed328086de4",
          "nodeType": "BotMessageNode",
          "id": "c31613ce-0d6f-4e19-8ae0-7154ce53a635",
          "defaultTargetNodeId": "60b21d34-2998-4e03-8db0-0452e1608eb7"
        }
      ],
      "dialogChangeNodes": [
        {
          "targetDialogId": "new_topic_eac3f49c99664313a9d9dc19d80a79a2_aeabea4d071f415c8c107e1cb7af5424_assumedsuccess",
          "nodeType": "DialogChangeNode",
          "id": "60b21d34-2998-4e03-8db0-0452e1608eb7"
        }
      ],
      "id": "new_topic_45c8f81415654643b9cbfa495cb48187",
      "displayName": "Dialog for What is Microsoft 365?",
      "createdTime": "2021-01-13T22:20:51.2381463Z",
      "updatedTime": "2021-05-24T21:21:23.8759445Z",
      "createdUserId": "f04d3cd9-b73d-4ba9-a1ed-9319eba29b21",
      "updatedUserId": "a2c4aa2c-d830-41eb-bcf4-467a2c7e1279"
    }
  ],
  "botMessages": [
    {
      "channelContent": {
        "web": {
          "contentFormat": "Markdown",
          "content": "Microsoft 365 est la boîte à outils universelle de collaboration de Microsoft. [Pour plus d'informations](https://www.microsoft.com/en-us/microsoft-365)"
        }
      },
      "id": "26947edb-253a-41be-a54a-3ed328086de4",
      "createdTime": "2021-01-13T22:20:51.2381463Z",
      "updatedTime": "2021-01-13T22:20:51.2381463Z",
      "createdUserId": "f04d3cd9-b73d-4ba9-a1ed-9319eba29b21",
      "updatedUserId": "f04d3cd9-b73d-4ba9-a1ed-9319eba29b21"
    }
  ]
}