{
  "intents": [
    {
      "endUserOverrideName": "Språk, klokkeslett og datoformat i Teams",
      "triggerQueries": [
        "jeg vil ha teams på engelsk",
        "jeg vil ha teams på norsk",
        "hvilke språk er tilgjengelig på teams?",
        "rediger datoformat i teams",
        "rediger klokkeslett i teams",
        "Endre datoformat i teams",
        "Oppdater datoformat i Teams",
        "Endre klokkeslett i teams",
        "Oppdater klokkeslett i Teams",
        "Endre språk i teams",
        "Oppdater språket i Teams",
        "For å oppdatere språk, klokkeslett og datoformat i Teams"
      ],
      "dialogId": "new_topic_87fe7422dbd1468d9d892f8cc48a8457",
      "isTriggeringEnabled": true,
      "id": "new_topic_87fe7422dbd1468d9d892f8cc48a8457",
      "displayName": "For å oppdatere språk, klokkeslett og datoformat i Teams",
      "description": "https://norwegianteams.blob.core.windows.net/norwegian-container/TIMA QA P19.docx",
      "createdTime": "2021-03-24T20:10:57.7048049Z",
      "updatedTime": "2021-04-22T13:54:41.1200003Z",
      "createdUserId": "ef0c8b9a-eff1-49f8-92fa-fd1d3e15e1ba",
      "updatedUserId": "ef0c8b9a-eff1-49f8-92fa-fd1d3e15e1ba"
    }
  ],
  "dialogs": [
    {
      "rootNodeId": "2d1073ff-ec9f-4934-a2ac-b567593d43cc",
      "messageNodes": [
        {
          "botMessageId": "026663f7-1945-4fc4-bf52-76ddc749122c",
          "nodeType": "BotMessageNode",
          "id": "2d1073ff-ec9f-4934-a2ac-b567593d43cc",
          "defaultTargetNodeId": "f52c4da6-867c-4306-98eb-f8ddf8e72539"
        },
        {
          "botMessageId": "15a3eb7c-b888-4223-8982-42ec3a7df681",
          "nodeType": "BotMessageNode",
          "id": "f52c4da6-867c-4306-98eb-f8ddf8e72539",
          "defaultTargetNodeId": "22f2415a-1649-4a00-a24e-4258a35a9411"
        },
        {
          "botMessageId": "2b74b498-bfc0-4974-a2db-b088d99d3f3b",
          "nodeType": "BotMessageNode",
          "id": "22f2415a-1649-4a00-a24e-4258a35a9411",
          "defaultTargetNodeId": "326aa8ad-9a2e-41ed-9933-ac5369ad962a"
        }
      ],
      "dialogChangeNodes": [
        {
          "targetDialogId": "new_topic_89c49d37fd4c4c1c9144396960733ce1_aeabea4d071f415c8c107e1cb7af5424_assumedsuccess",
          "nodeType": "DialogChangeNode",
          "id": "326aa8ad-9a2e-41ed-9933-ac5369ad962a"
        }
      ],
      "id": "new_topic_87fe7422dbd1468d9d892f8cc48a8457",
      "displayName": "Dialog for For å oppdatere språk, klokkeslett og datoformat i Teams",
      "createdTime": "2021-03-24T20:10:57.7048049Z",
      "updatedTime": "2021-04-22T13:54:06.7701875Z",
      "createdUserId": "ef0c8b9a-eff1-49f8-92fa-fd1d3e15e1ba",
      "updatedUserId": "ef0c8b9a-eff1-49f8-92fa-fd1d3e15e1ba"
    }
  ],
  "botMessages": [
    {
      "channelContent": {
        "web": {
          "contentFormat": "Markdown",
          "content": "[**For å oppdatere språk, klokkeslett og datoformat**](https://support.microsoft.com/nb-no/office/endre-innstillingene-i-teams-b506e8f1-1a96-4cf1-8c6b-b6ed4f424bc7)**:**\n\n1.  Velg profilbildet ditt øverst i appen\n2.  Velg deretter I**nnstillinger** > **Generelt** og gå til **Språk** delen."
        }
      },
      "id": "026663f7-1945-4fc4-bf52-76ddc749122c",
      "createdTime": "2021-03-24T20:10:57.7048049Z",
      "updatedTime": "2021-03-24T20:10:57.7048049Z",
      "createdUserId": "ef0c8b9a-eff1-49f8-92fa-fd1d3e15e1ba",
      "updatedUserId": "ef0c8b9a-eff1-49f8-92fa-fd1d3e15e1ba"
    },
    {
      "channelContent": {
        "web": {
          "contentFormat": "Markdown",
          "content": "Når du velger foretrukket språk og område, oppdateres også klokkeslettet og datoformatet."
        }
      },
      "id": "15a3eb7c-b888-4223-8982-42ec3a7df681",
      "createdTime": "2021-04-07T08:01:38.681Z",
      "updatedTime": "2021-04-07T08:01:38.681Z",
      "createdUserId": "user-0",
      "updatedUserId": "user-0"
    },
    {
      "channelContent": {
        "web": {
          "contentFormat": "Markdown",
          "content": "**Obs!:** Under innstillingen for tastaturspråk er det merket av for stavekontroll. Som standard er denne på, slå den av dersom du ønsker å deaktivere den."
        }
      },
      "id": "2b74b498-bfc0-4974-a2db-b088d99d3f3b",
      "createdTime": "2021-04-07T08:01:45.869Z",
      "updatedTime": "2021-04-07T08:01:45.869Z",
      "createdUserId": "user-0",
      "updatedUserId": "user-0"
    }
  ],
  "createdUtc": "0001-01-01T00:00:00Z"
}