{
  "intents": [
    {
      "endUserOverrideName": "Die Bildung neuer Teams einschränken?",
      "triggerQueries": [
        "Beschränken wer Teams erstellen kann",
        "Anzahl der Teams beschränken",
        "Einstellen wer Teams erstellen kann",
        "Genehmigungsprozess zum Anlegen von Teams",
        "Einschränkungen beim Erstellen eines Teams",
        "Keine neuen Teams mehr anlegen",
        "verhindern dass Benutzer Teams anlegen",
        "Anlegen neuer Teams deaktivieren",
        "Können wir einschränken, wer Teams erstellen kann?"
      ],
      "dialogId": "new_topic_64d0b1c89d914d469953395a1f87db5d",
      "isTriggeringEnabled": true,
      "id": "new_topic_64d0b1c89d914d469953395a1f87db5d",
      "displayName": "Können wir einschränken, wer Teams erstellen kann?",
      "description": "https://adoptbotv2kb.blob.core.windows.net/%24web/AdoptBot2021-English.docx",
      "createdTime": "2021-04-18T20:17:55.6738841Z",
      "updatedTime": "2021-04-18T20:17:55.6738841Z",
      "createdUserId": "86360cd1-faa6-4d16-8a0c-ba3116c8a977"
    }
  ],
  "dialogs": [
    {
      "rootNodeId": "1edcc286-9961-4b26-96f6-dae3659b102f",
      "messageNodes": [
        {
          "botMessageId": "f65230ff-f568-484f-ba53-b8daed16eed8",
          "nodeType": "BotMessageNode",
          "id": "1edcc286-9961-4b26-96f6-dae3659b102f",
          "defaultTargetNodeId": "086a3eed-0ba3-4a26-99dc-72b3f1a61d8b"
        },
        {
          "botMessageId": "e233fcdd-ad51-46f7-8f9a-8013bc7f98e0",
          "nodeType": "BotMessageNode",
          "id": "086a3eed-0ba3-4a26-99dc-72b3f1a61d8b",
          "defaultTargetNodeId": "86125bbe-e86e-4951-bef4-96251c504bff"
        },
        {
          "botMessageId": "94238397-df24-4526-b7c3-76b253fd7f0e",
          "nodeType": "BotMessageNode",
          "id": "86125bbe-e86e-4951-bef4-96251c504bff",
          "defaultTargetNodeId": "26f03a86-9c76-4aab-9087-b62a71777038"
        },
        {
          "botMessageId": "77cff72b-09f4-4c5a-ba29-3bb2f6ceec0b",
          "nodeType": "BotMessageNode",
          "id": "26f03a86-9c76-4aab-9087-b62a71777038",
          "defaultTargetNodeId": "d52d4b77-3a13-45c2-beaf-d95a35a1fc66"
        },
        {
          "botMessageId": "fd95684d-2213-413b-ba51-fb9b84fe9ce3",
          "nodeType": "BotMessageNode",
          "id": "d52d4b77-3a13-45c2-beaf-d95a35a1fc66",
          "defaultTargetNodeId": "670b3268-fa04-4d90-a4b8-88abf8dab7a1"
        }
      ],
      "dialogChangeNodes": [
        {
          "targetDialogId": "new_topic_30867099f4b543d3b8543a85c22c3418_aeabea4d071f415c8c107e1cb7af5424_assumedsuccess",
          "nodeType": "DialogChangeNode",
          "id": "670b3268-fa04-4d90-a4b8-88abf8dab7a1"
        }
      ],
      "id": "new_topic_64d0b1c89d914d469953395a1f87db5d",
      "displayName": "Dialog for Können wir einschränken, wer Teams erstellen kann?",
      "createdTime": "2021-04-18T20:17:55.6738841Z",
      "updatedTime": "2021-04-18T20:20:54.3332273Z",
      "createdUserId": "86360cd1-faa6-4d16-8a0c-ba3116c8a977",
      "updatedUserId": "86360cd1-faa6-4d16-8a0c-ba3116c8a977"
    }
  ],
  "botMessages": [
    {
      "channelContent": {
        "web": {
          "contentFormat": "Markdown",
          "content": "_Dieses Thema ist für Admins gedacht_"
        }
      },
      "id": "f65230ff-f568-484f-ba53-b8daed16eed8",
      "createdTime": "2021-04-18T20:17:55.6738841Z",
      "updatedTime": "2021-04-18T20:17:55.6738841Z",
      "createdUserId": "86360cd1-faa6-4d16-8a0c-ba3116c8a977",
      "updatedUserId": "86360cd1-faa6-4d16-8a0c-ba3116c8a977"
    },
    {
      "channelContent": {
        "web": {
          "contentFormat": "Markdown",
          "content": "Standardmäßig haben alle Benutzer mit einem Exchange Online-Postfach die Berechtigung, Microsoft 365-Gruppen und damit ein Team in Microsoft Teams zu erstellen."
        }
      },
      "id": "e233fcdd-ad51-46f7-8f9a-8013bc7f98e0",
      "createdTime": "2021-04-18T20:18:24.138Z",
      "updatedTime": "2021-04-18T20:18:24.138Z",
      "createdUserId": "user-0",
      "updatedUserId": "user-0"
    },
    {
      "channelContent": {
        "web": {
          "contentFormat": "Markdown",
          "content": "Unternehmen können eine strengere Kontrolle ausüben und die Erstellung neuer Teams und damit die Erstellung neuer Microsoft 365-Gruppen einschränken, indem sie die Rechte zur Erstellung und Verwaltung von Gruppen an eine Gruppe von Benutzern delegieren."
        }
      },
      "id": "94238397-df24-4526-b7c3-76b253fd7f0e",
      "createdTime": "2021-04-18T20:18:47.372Z",
      "updatedTime": "2021-04-18T20:18:47.372Z",
      "createdUserId": "user-0",
      "updatedUserId": "user-0"
    },
    {
      "channelContent": {
        "web": {
          "contentFormat": "Markdown",
          "content": "Anweisungen finden Sie unter: [Verwalten von Personen, die Microsoft 365-Gruppen erstellen können](https://docs.microsoft.com/de-de/microsoft-365/solutions/manage-creation-of-groups?view=o365-worldwide)"
        }
      },
      "id": "77cff72b-09f4-4c5a-ba29-3bb2f6ceec0b",
      "createdTime": "2021-04-18T20:19:02.82Z",
      "updatedTime": "2021-04-18T20:19:02.82Z",
      "createdUserId": "user-0",
      "updatedUserId": "user-0"
    },
    {
      "channelContent": {
        "web": {
          "contentFormat": "Markdown",
          "content": "💡**Tipp**: Schauen Sie sich die Teams-App \"Request a Team\" an:\n\n[Microsoft Teams-App-Vorlagen - Teams](https://docs.microsoft.com/de-de/microsoftteams/platform/samples/app-templates#request-a-team)"
        }
      },
      "id": "fd95684d-2213-413b-ba51-fb9b84fe9ce3",
      "createdTime": "2021-04-18T20:19:42.379Z",
      "updatedTime": "2021-04-18T20:19:42.379Z",
      "createdUserId": "user-0",
      "updatedUserId": "user-0"
    }
  ]
}