{
  "intents": [
    {
      "triggerQueries": [
        "pumba"
      ],
      "dialogId": "new_topic_b9d4f367296a4f5aa11469dc21bf1323",
      "isTriggeringEnabled": true,
      "id": "new_topic_b9d4f367296a4f5aa11469dc21bf1323",
      "displayName": "Pumba (easter egg)",
      "createdTime": "2023-11-15T17:50:01.1021102Z",
      "updatedTime": "2023-11-15T17:52:43.4516625Z",
      "createdUserId": "c8d29cfd-efef-47c1-8e02-210c8be30c37",
      "updatedUserId": "c8d29cfd-efef-47c1-8e02-210c8be30c37"
    }
  ],
  "dialogs": [
    {
      "rootNodeId": "89d9de93-ef5b-45c9-9d44-328d1c04b7cf",
      "messageNodes": [
        {
          "botMessageId": "dee3505e-c002-461b-b1c9-67584096105a",
          "nodeType": "BotMessageNode",
          "id": "469790bb-c485-4f6c-9620-660926198f1b",
          "defaultTargetNodeId": "d3f49cdc-1963-447b-ab3c-9026024113f2"
        },
        {
          "botMessageId": "71149625-247b-4400-87aa-f91ce0f1f906",
          "nodeType": "BotMessageNode",
          "id": "89d9de93-ef5b-45c9-9d44-328d1c04b7cf",
          "defaultTargetNodeId": "469790bb-c485-4f6c-9620-660926198f1b"
        },
        {
          "botMessageId": "6ea53fde-9098-4032-89dc-3047dca75765",
          "nodeType": "BotMessageNode",
          "id": "102a5afa-36ff-4c26-828f-59d50babb2c8"
        }
      ],
      "actionNodes": [
        {
          "contextVariableId": "512cc95d-828b-47b7-91cd-ec8a360284b4",
          "nodeType": "ActionNode",
          "outputExpressionVariableIds": [
            "f5aa8fda-5a2d-44df-bfb0-23622a92a8c8"
          ],
          "id": "d3f49cdc-1963-447b-ab3c-9026024113f2",
          "defaultTargetNodeId": "102a5afa-36ff-4c26-828f-59d50babb2c8"
        }
      ],
      "id": "new_topic_b9d4f367296a4f5aa11469dc21bf1323",
      "displayName": "Untitled",
      "createdTime": "2023-11-15T17:50:01.1021094Z",
      "updatedTime": "2023-11-15T17:52:43.4516617Z",
      "createdUserId": "c8d29cfd-efef-47c1-8e02-210c8be30c37",
      "updatedUserId": "c8d29cfd-efef-47c1-8e02-210c8be30c37"
    }
  ],
  "botMessages": [
    {
      "channelContent": {
        "web": {
          "contentFormat": "Markdown",
          "content": "🏆Errungenschaft freigeschaltet🏆\n\nDu hast ein verstecktes Easter Egg gefunden.\n\nSieht so aus, als hättest Du einen Sinn für Humor, und das macht immer Spaß... 😉\n\nHakuna matata"
        }
      },
      "id": "dee3505e-c002-461b-b1c9-67584096105a",
      "createdTime": "2023-11-15T17:45:22.86Z",
      "updatedTime": "2023-11-15T17:45:22.86Z"
    },
    {
      "channelContent": {
        "web": {
          "contentFormat": "Markdown",
          "content": "🐗!"
        }
      },
      "id": "71149625-247b-4400-87aa-f91ce0f1f906",
      "createdTime": "2023-11-15T17:49:29.775Z",
      "updatedTime": "2023-11-15T17:49:29.775Z",
      "createdUserId": "user-0",
      "updatedUserId": "user-0"
    },
    {
      "channelContent": {
        "web": {
          "contentFormat": "Markdown",
          "content": "{f5aa8fda-5a2d-44df-bfb0-23622a92a8c8}"
        }
      },
      "id": "6ea53fde-9098-4032-89dc-3047dca75765",
      "createdTime": "2023-11-15T17:49:53.135Z",
      "updatedTime": "2023-11-15T17:49:53.135Z",
      "createdUserId": "user-0",
      "updatedUserId": "user-0"
    }
  ],
  "actionDefinitions": [
    {
      "timeoutInSeconds": 60,
      "retryCount": 1,
      "method": 2,
      "headers": {
        "accept": "application/json"
      },
      "bodyContent": "",
      "actionType": "Flow",
      "flowMetadata": {
        "id": "e8e8ce27-df83-ee11-8179-6045bd006c2b",
        "title": "Hakuna Matata GIF",
        "description": "Call this flow from Power Virtual Agents.",
        "httpMethod": 2,
        "outputParameters": [
          {
            "name": "Hakuna Matata GIF",
            "id": "hakuna_matata_gif",
            "type": "String",
            "optional": true
          }
        ],
        "outputSchemaType": "Json",
        "triggerType": "Standard",
        "createdTime": "2023-11-15T17:48:23Z",
        "isEnabled": true,
        "lastModifiedTime": "2023-11-15T17:48:42Z",
        "versionNumber": 421603
      },
      "id": "392375db-004f-4d6a-a009-7682231ff359",
      "displayName": "Hakuna Matata GIF",
      "description": "Call this flow from Power Virtual Agents.",
      "createdTime": "2023-11-15T17:49:47.66Z",
      "updatedTime": "2023-11-15T17:49:47.66Z"
    }
  ],
  "contextVariables": [
    {
      "customTypeId": "6b7bb8a3-a2c6-4ebf-8ae6-881419e5b377",
      "initializerType": "Action",
      "scope": "Dialog",
      "greedySlotFillingEnabled": false,
      "isInput": false,
      "externalInitializationAllowed": false,
      "actionId": "392375db-004f-4d6a-a009-7682231ff359",
      "isGlobal": false,
      "id": "512cc95d-828b-47b7-91cd-ec8a360284b4",
      "displayName": "",
      "createdTime": "2023-11-15T17:50:01.1021108Z",
      "updatedTime": "2023-11-15T17:52:43.4516629Z",
      "createdUserId": "c8d29cfd-efef-47c1-8e02-210c8be30c37",
      "updatedUserId": "c8d29cfd-efef-47c1-8e02-210c8be30c37"
    },
    {
      "systemType": "String",
      "initializerType": "Expression",
      "scope": "Dialog",
      "greedySlotFillingEnabled": false,
      "isInput": false,
      "externalInitializationAllowed": false,
      "expression": "@parameters('512cc95d-828b-47b7-91cd-ec8a360284b4')['hakuna_matata_gif']",
      "isGlobal": false,
      "id": "f5aa8fda-5a2d-44df-bfb0-23622a92a8c8",
      "displayName": "HakunaMatataGIF",
      "createdTime": "2023-11-15T17:52:34.181Z",
      "updatedTime": "2023-11-15T17:52:43.4516631Z",
      "createdUserId": "user-0",
      "updatedUserId": "c8d29cfd-efef-47c1-8e02-210c8be30c37"
    }
  ],
  "jsonTypes": [
    {
      "customTypeSchema": "Json",
      "id": "6b7bb8a3-a2c6-4ebf-8ae6-881419e5b377",
      "displayName": "Response Json Type for Flow - Hakuna Matata GIF",
      "createdTime": "2023-11-15T17:49:47.66Z",
      "updatedTime": "2023-11-15T17:49:47.66Z"
    }
  ]
}