{
  "intents": [
    {
      "endUserOverrideName": "Teams devices for collaboration, meetings, calling",
      "triggerQueries": [
        "Where to find meeting room equipment for Teams?",
        "Microsoft Surface Hub",
        "Are there certified Teams accessories?",
        "create a huddle space with Teams devices",
        "What is a Teams meeting room?",
        "Surface Hub 2",
        "Using headsets in a meeting?",
        "webcams that support Teams?",
        "Hybrid meeting rooms",
        "Design a meeting room for Teams",
        "What types of Teams rooms exist for meetings",
        "phones with teams certification?",
        "Overview of devices certified for Teams",
        "Where can I find categories of teams devices?",
        "Teams devices for working from home?",
        "Teams equipment when working remote",
        "Devices I can use for teams to work from home",
        "Teams devices for my home office",
        "Which headsets work well with Teams?",
        "collaboration bars for teams",
        "speakerphones to use with teams",
        "MTR? Microsoft Teams Rooms",
        "MTR? Teams Meeting rooms",
        "Show me certified MTRs",
        "Microsoft Teams Rooms systems",
        "Teams devices for collaboration, meetings, calling",
        "Teams devices for collaboration",
        "What's a good webcam to use teams with?",
        "Web cameras certified for Teams",
        "Teams devices for open office",
        "Teams devices for large meeting rooms",
        "Teams devices for small meeting rooms",
        "What is a Teams display?",
        "Desk phones for teams",
        "Devices for calling in teams?",
        "Which kind of meeting device is best for Teams meetings?",
        "Which devices can I use Teams on?",
        "device categories for Teams",
        "Teams devices for shared spaces",
        "Teams devices for personal spaces",
        "Is there a list of certified teams devices?",
        "Meeting rooms devices for Teams",
        "Microsoft Teams Rooms",
        "Teams devices for meetings and calling",
        "Certified devices for Teams meetings and calling",
        "Where can I find certified Teams devices?"
      ],
      "dialogId": "new_topic_6420e3014feb46e8910d81481f87b383",
      "isTriggeringEnabled": true,
      "id": "new_topic_6420e3014feb46e8910d81481f87b383",
      "displayName": "Where can I find certified Teams devices?",
      "description": "Manual addition.",
      "createdTime": "2021-01-28T09:26:04.2313664Z",
      "updatedTime": "2021-01-28T10:52:27.8234336Z",
      "createdUserId": "f04d3cd9-b73d-4ba9-a1ed-9319eba29b21",
      "updatedUserId": "f04d3cd9-b73d-4ba9-a1ed-9319eba29b21"
    }
  ],
  "dialogs": [
    {
      "rootNodeId": "f3d3ddc9-d414-4d0b-bfe9-e07279fb2d0a",
      "messageNodes": [
        {
          "botMessageId": "30401833-0fc1-4677-96ac-e73dfced85df",
          "nodeType": "BotMessageNode",
          "id": "f3d3ddc9-d414-4d0b-bfe9-e07279fb2d0a",
          "defaultTargetNodeId": "6615e60d-7a40-4fe0-a180-043d97ad26c2"
        },
        {
          "botMessageId": "c595ed50-4438-4778-a9ab-7be7b9471e44",
          "nodeType": "BotMessageNode",
          "id": "6615e60d-7a40-4fe0-a180-043d97ad26c2",
          "defaultTargetNodeId": "696051c6-8fd1-48be-a569-af145d3169d4"
        },
        {
          "botMessageId": "63abc878-01da-45b4-945a-a8811d19569a",
          "nodeType": "BotMessageNode",
          "id": "4df6aeb2-d2dc-46b7-89cd-06694631d3a7",
          "defaultTargetNodeId": "9a4c15f1-b532-4fa0-a125-55d4da342a33"
        },
        {
          "botMessageId": "77f98e77-5e1c-439f-bbfd-9b15fdbe99ba",
          "nodeType": "BotMessageNode",
          "id": "16ff5781-b08a-4599-bd13-c94a04ef7e78",
          "defaultTargetNodeId": "4df6aeb2-d2dc-46b7-89cd-06694631d3a7"
        },
        {
          "botMessageId": "0e73aa82-ee0a-45ec-971f-a3d25fc61af8",
          "nodeType": "BotMessageNode",
          "id": "696051c6-8fd1-48be-a569-af145d3169d4",
          "defaultTargetNodeId": "16ff5781-b08a-4599-bd13-c94a04ef7e78"
        }
      ],
      "dialogChangeNodes": [
        {
          "targetDialogId": "new_topic_eac3f49c99664313a9d9dc19d80a79a2_aeabea4d071f415c8c107e1cb7af5424_assumedsuccess",
          "nodeType": "DialogChangeNode",
          "id": "9a4c15f1-b532-4fa0-a125-55d4da342a33"
        }
      ],
      "id": "new_topic_6420e3014feb46e8910d81481f87b383",
      "displayName": "Dialog for Where can I find certified Teams devices?",
      "createdTime": "2021-01-28T09:26:04.2313664Z",
      "updatedTime": "2021-06-23T06:43:39.6288137Z",
      "createdUserId": "f04d3cd9-b73d-4ba9-a1ed-9319eba29b21",
      "updatedUserId": "f04d3cd9-b73d-4ba9-a1ed-9319eba29b21"
    }
  ],
  "botMessages": [
    {
      "channelContent": {
        "web": {
          "contentFormat": "Markdown",
          "content": "There are many types of certified Teams devices for inclusive meetings, collaboration and calling."
        }
      },
      "id": "30401833-0fc1-4677-96ac-e73dfced85df",
      "createdTime": "2021-01-28T09:26:04.2303627Z",
      "updatedTime": "2021-01-28T09:26:04.2303627Z",
      "createdUserId": "f04d3cd9-b73d-4ba9-a1ed-9319eba29b21",
      "updatedUserId": "f04d3cd9-b73d-4ba9-a1ed-9319eba29b21"
    },
    {
      "channelContent": {
        "web": {
          "contentFormat": "Markdown",
          "content": "Use [this landing page](https://www.microsoft.com/en-us/microsoft-teams/microsoft-teams-rooms) to view meeting room designs for Teams."
        }
      },
      "id": "c595ed50-4438-4778-a9ab-7be7b9471e44",
      "createdTime": "2021-01-28T09:57:48.302Z",
      "updatedTime": "2021-01-28T09:57:48.302Z",
      "createdUserId": "user-0",
      "updatedUserId": "user-0"
    },
    {
      "channelContent": {
        "web": {
          "contentFormat": "Markdown",
          "content": "_**Please note:**_\n\n*   _Not all Teams devices are available in all countries._"
        }
      },
      "id": "63abc878-01da-45b4-945a-a8811d19569a",
      "createdTime": "2021-01-28T10:00:19.146Z",
      "updatedTime": "2021-01-28T10:00:19.146Z",
      "createdUserId": "user-0",
      "updatedUserId": "user-0"
    },
    {
      "channelContent": {
        "web": {
          "contentFormat": "Markdown",
          "content": " [Type of Device](https://www.microsoft.com/en-us/microsoft-teams/across-devices/devices/category?devicetype=20&page=1&filterIds=)  \n(Teams Rooms, Room system accessories, Headsets, Web cameras, speakerphones, Desk phones, Teams displays, Collaboration bars and others)"
        }
      },
      "id": "77f98e77-5e1c-439f-bbfd-9b15fdbe99ba",
      "createdTime": "2021-01-28T10:10:01.749Z",
      "updatedTime": "2021-01-28T10:10:01.749Z",
      "createdUserId": "user-0",
      "updatedUserId": "user-0"
    },
    {
      "channelContent": {
        "web": {
          "contentFormat": "Markdown",
          "content": "[Type of Space](https://www.microsoft.com/en-us/microsoft-teams/across-devices/spaces)  \n(Home office, Small to Extra large meeting rooms, In public, In transit, Open office, Huddle space, Executive office, Phonebooth, Focus rooms and other meeting spaces)"
        }
      },
      "id": "0e73aa82-ee0a-45ec-971f-a3d25fc61af8",
      "createdTime": "2021-01-28T10:10:47.013Z",
      "updatedTime": "2021-01-28T10:10:47.013Z",
      "createdUserId": "user-0",
      "updatedUserId": "user-0"
    }
  ],
  "createdUtc": "0001-01-01T00:00:00Z"
}