{
  "intents": [
    {
      "endUserOverrideName": "創建一個群組聊天",
      "triggerQueries": [
        "開始群聊",
        "一個沒有團隊的群組聊天",
        "開始一個團隊聊天",
        "群組聊天",
        "創造一個群組聊天",
        "創造私人聊天群組",
        "開始群組聊天",
        "該怎麼固定一個群組聊天",
        "新增人員到聊天",
        "我該怎麼開始一個群組聊天",
        "設定群組",
        "怎麼建立群組?",
        "Start a chat group",
        "a chat group without a team",
        "starting group chat",
        "chat group",
        "creating a chat group",
        "creating private chat group",
        "Start group chat?",
        "how to fix a group chat",
        "Add people to a chat",
        "How do I start a group chat?"
      ],
      "dialogId": "new_topic_db1e91abe787460db9f5c6fa1ab3f66c",
      "isTriggeringEnabled": true,
      "id": "new_topic_db1e91abe787460db9f5c6fa1ab3f66c",
      "displayName": "我該怎麼開啟群組聊天",
      "description": "https://adoptbotv2kb.blob.core.windows.net/%24web/AdoptBot2021-English.docx",
      "createdTime": "2021-11-17T04:55:38.0242001Z",
      "updatedTime": "2021-11-17T04:56:06.9308913Z",
      "createdUserId": "9c968d43-f7c2-4e28-895c-1f6bcefcd8be",
      "updatedUserId": "9c968d43-f7c2-4e28-895c-1f6bcefcd8be"
    }
  ],
  "dialogs": [
    {
      "rootNodeId": "aa595804-34b8-4315-803f-5cb1e571dfcf",
      "messageNodes": [
        {
          "botMessageId": "d26b4682-7080-4614-b585-44fcaa4073a1",
          "nodeType": "BotMessageNode",
          "id": "aa595804-34b8-4315-803f-5cb1e571dfcf",
          "defaultTargetNodeId": "a6b7b3df-f905-4b2d-8923-42c382bd6d0c"
        },
        {
          "botMessageId": "86637edf-6d4b-40a9-8e80-308d78df599c",
          "nodeType": "BotMessageNode",
          "id": "a6b7b3df-f905-4b2d-8923-42c382bd6d0c",
          "defaultTargetNodeId": "8d004e8b-589a-43ee-891a-0b253c38184a"
        },
        {
          "botMessageId": "3879e88b-8e9d-4a76-9055-9e7a00b1259f",
          "nodeType": "BotMessageNode",
          "id": "8d004e8b-589a-43ee-891a-0b253c38184a",
          "defaultTargetNodeId": "cc01b738-ca3d-4915-874f-df8e4079f37a"
        }
      ],
      "dialogChangeNodes": [
        {
          "targetDialogId": "new_topic_e2d1671328b941dbb60fa7150059b1ee_aeabea4d071f415c8c107e1cb7af5424_assumedsuccess",
          "nodeType": "DialogChangeNode",
          "id": "cc01b738-ca3d-4915-874f-df8e4079f37a"
        }
      ],
      "id": "new_topic_db1e91abe787460db9f5c6fa1ab3f66c",
      "displayName": "Dialog for 我該怎麼開啟群組聊天",
      "createdTime": "2021-11-17T04:55:38.0242001Z",
      "updatedTime": "2021-11-17T04:56:06.9308913Z",
      "createdUserId": "9c968d43-f7c2-4e28-895c-1f6bcefcd8be",
      "updatedUserId": "9c968d43-f7c2-4e28-895c-1f6bcefcd8be"
    }
  ],
  "botMessages": [
    {
      "channelContent": {
        "web": {
          "contentFormat": "Markdown",
          "content": "**要發送私人訊息：**\n\n1.  從聊天圖示中，選擇頂部的**新聊天**以開始新的對話。\n2.  在 To 欄位中，**輸入要與之聊天的人或人員的姓名**。\n3.  撰寫訊息並按下「發送」。"
        }
      },
      "id": "d26b4682-7080-4614-b585-44fcaa4073a1",
      "createdTime": "2021-11-17T04:55:38.0242001Z",
      "updatedTime": "2021-11-17T04:55:38.0242001Z",
      "createdUserId": "9c968d43-f7c2-4e28-895c-1f6bcefcd8be",
      "updatedUserId": "9c968d43-f7c2-4e28-895c-1f6bcefcd8be"
    },
    {
      "channelContent": {
        "web": {
          "contentFormat": "Markdown",
          "content": "**將某人添加到已經在進行中的聊天中：**\n\n1.  只需按下「**添加人員**」，群組就會自動建立。\n2.  您可以選擇新加入的人是否可以看到所有、部分或無法看到聊天記錄。"
        }
      },
      "id": "86637edf-6d4b-40a9-8e80-308d78df599c",
      "createdTime": "2021-11-17T04:55:47.605Z",
      "updatedTime": "2021-11-17T04:55:47.605Z",
      "createdUserId": "user-0",
      "updatedUserId": "user-0"
    },
    {
      "channelContent": {
        "web": {
          "contentFormat": "Markdown",
          "content": "_💡提示：記得命名您的群組，以讓所有人更容易找到，並且明白這個群組是什麼。_"
        }
      },
      "id": "3879e88b-8e9d-4a76-9055-9e7a00b1259f",
      "createdTime": "2021-11-17T04:55:56.88Z",
      "updatedTime": "2021-11-17T04:55:56.88Z",
      "createdUserId": "user-0",
      "updatedUserId": "user-0"
    }
  ]
}