{
  "intents": [
    {
      "endUserOverrideName": "Informationsskydd i Teams?",
      "triggerQueries": [
        "kan man granska loggar i teams?",
        "Compliance i Teams?",
        "regelefterlevnad i teams?",
        "efterlevandsfunktioner i teams",
        "Advanced threat protection skyddar mail till teams",
        "Avancerat hotskydd för Microsoft 365",
        "arkivering i teams",
        "MDM stöd via Intune",
        "MAM-stöd",
        "Villkorlig åtkomst",
        "legal hold",
        "eDiscovery i teams",
        "Vad finns det för typer av skydd för information i Teams?",
        "Informationsskydd i Teams?",
        "Skydda vår information i Teams",
        "Vilken typ av informationsskydd erbjuder Teams?"
      ],
      "dialogId": "new_topic_4d05ba9a21094c4db147171a8b0f8123",
      "isTriggeringEnabled": true,
      "id": "new_topic_4d05ba9a21094c4db147171a8b0f8123",
      "displayName": "Vilken typ av informationsskydd erbjuder Teams?",
      "description": "",
      "createdTime": "2020-11-24T14:37:53.8220925Z",
      "updatedTime": "2020-12-11T17:11:25.0045605Z",
      "createdUserId": "f04d3cd9-b73d-4ba9-a1ed-9319eba29b21",
      "updatedUserId": "f04d3cd9-b73d-4ba9-a1ed-9319eba29b21"
    }
  ],
  "dialogs": [
    {
      "rootNodeId": "539d188f-9638-4083-b855-d52e9ad98ab8",
      "messageNodes": [
        {
          "botMessageId": "c694040b-dd4c-44ae-9490-0e30e585af30",
          "nodeType": "BotMessageNode",
          "id": "539d188f-9638-4083-b855-d52e9ad98ab8",
          "defaultTargetNodeId": "e23f74cb-cca4-42ca-bf9b-02d6411243ca"
        },
        {
          "botMessageId": "50aeba17-0c20-48d6-99b6-5565f2ffe9bd",
          "nodeType": "BotMessageNode",
          "id": "e23f74cb-cca4-42ca-bf9b-02d6411243ca",
          "defaultTargetNodeId": "afb4e4ca-407e-4280-b419-ae70a0276403"
        },
        {
          "botMessageId": "48d06ea4-25a0-4d34-9992-6a144002ecc9",
          "nodeType": "BotMessageNode",
          "id": "afb4e4ca-407e-4280-b419-ae70a0276403",
          "defaultTargetNodeId": "35095150-3f97-412e-b968-f48ad7493925"
        },
        {
          "botMessageId": "d1b351c8-1802-49e3-9e81-17c336a4bc81",
          "nodeType": "BotMessageNode",
          "id": "35095150-3f97-412e-b968-f48ad7493925",
          "defaultTargetNodeId": "913a75d8-b1c5-4da3-b767-23a98a7692c9"
        },
        {
          "botMessageId": "5bdb1a7e-1dcc-421b-b8e0-d0247f4c4a27",
          "nodeType": "BotMessageNode",
          "id": "913a75d8-b1c5-4da3-b767-23a98a7692c9",
          "defaultTargetNodeId": "b5cea7b1-d035-4b3d-9567-4a55320ce1bc"
        },
        {
          "botMessageId": "9bcdedd9-4803-46c9-9515-0b5022b3b0fe",
          "nodeType": "BotMessageNode",
          "id": "b5cea7b1-d035-4b3d-9567-4a55320ce1bc",
          "defaultTargetNodeId": "7cbc425c-c9a7-4a15-a10e-a2912f687e92"
        },
        {
          "botMessageId": "a4f2c879-648e-4a55-b4a7-d51d07c0189f",
          "nodeType": "BotMessageNode",
          "id": "7cbc425c-c9a7-4a15-a10e-a2912f687e92",
          "defaultTargetNodeId": "0a2792b7-29a9-4c66-8afa-8c8165438ab4"
        },
        {
          "botMessageId": "54f8b63c-50c3-4883-8b0f-5f8fae9d6864",
          "nodeType": "BotMessageNode",
          "id": "0f235464-e8cc-4657-ba7f-9608f4a295bd",
          "defaultTargetNodeId": "a43c38c1-bb2f-459e-bf65-0b377e4b817a"
        },
        {
          "botMessageId": "d906bcfd-c52a-40ab-b198-00db849bbe4e",
          "nodeType": "BotMessageNode",
          "id": "0a2792b7-29a9-4c66-8afa-8c8165438ab4",
          "defaultTargetNodeId": "0f235464-e8cc-4657-ba7f-9608f4a295bd"
        }
      ],
      "dialogChangeNodes": [
        {
          "targetDialogId": "new_topic_84ec227c19784e7ba25cb34f4638f91e_aeabea4d071f415c8c107e1cb7af5424_assumedsuccess",
          "nodeType": "DialogChangeNode",
          "id": "a43c38c1-bb2f-459e-bf65-0b377e4b817a"
        }
      ],
      "id": "new_topic_4d05ba9a21094c4db147171a8b0f8123",
      "displayName": "Dialog for Vilken typ av informationsskydd erbjuder Teams?",
      "createdTime": "2020-11-24T14:37:53.8220925Z",
      "updatedTime": "2020-12-11T17:19:13.03123Z",
      "createdUserId": "f04d3cd9-b73d-4ba9-a1ed-9319eba29b21",
      "updatedUserId": "f04d3cd9-b73d-4ba9-a1ed-9319eba29b21"
    }
  ],
  "botMessages": [
    {
      "channelContent": {
        "web": {
          "contentFormat": "Markdown",
          "content": "För att uppfylla dina juridiska, regulatoriska och säkerhetskrav för innehåll, erbjuder Teams följande informationsskyddsfunktioner [via Microsoft 365 Security & Compliance Center](https://support.microsoft.com/sv-se/office/7e696a40-b86b-4a20-afcc-559218b7b1b8)"
        }
      },
      "id": "c694040b-dd4c-44ae-9490-0e30e585af30",
      "createdTime": "2020-11-24T14:37:53.8220925Z",
      "updatedTime": "2020-11-24T14:37:53.8220925Z",
      "createdUserId": "f04d3cd9-b73d-4ba9-a1ed-9319eba29b21",
      "updatedUserId": "f04d3cd9-b73d-4ba9-a1ed-9319eba29b21"
    },
    {
      "channelContent": {
        "web": {
          "contentFormat": "Markdown",
          "content": "**Arkiv:**\n\nAllt innehåll som lagras i någon Teams-relaterad arbetsbelastning måste bevaras oföränderligt enligt organisationens övergripande policy."
        }
      },
      "id": "50aeba17-0c20-48d6-99b6-5565f2ffe9bd",
      "createdTime": "2020-12-11T17:16:00.175Z",
      "updatedTime": "2020-12-11T17:16:00.175Z",
      "createdUserId": "user-0",
      "updatedUserId": "user-0"
    },
    {
      "channelContent": {
        "web": {
          "contentFormat": "Markdown",
          "content": "**Innehållssökning för efterlevnad:**\n\nAllt innehåll som lagras i valfri arbetsbelastning kan sökas igenom med funktioner för filtrering. Allt innehåll kan exporteras till en specifik behållare för efterlevnad och rättstvister stöd."
        }
      },
      "id": "48d06ea4-25a0-4d34-9992-6a144002ecc9",
      "createdTime": "2020-12-11T17:16:13.734Z",
      "updatedTime": "2020-12-11T17:16:13.734Z",
      "createdUserId": "user-0",
      "updatedUserId": "user-0"
    },
    {
      "channelContent": {
        "web": {
          "contentFormat": "Markdown",
          "content": "**eDiscovery:**\n\nOmfattande eDiscovery-funktioner, inklusive ärendehantering, bevarande, sökning, analys och export är tillgängliga för att hjälpa våra dig förenkla eDiscovery-processen och snabbt identifiera relevanta data samtidigt som kostnad och risk minskar."
        }
      },
      "id": "d1b351c8-1802-49e3-9e81-17c336a4bc81",
      "createdTime": "2020-12-11T17:16:28.986Z",
      "updatedTime": "2020-12-11T17:16:28.986Z",
      "createdUserId": "user-0",
      "updatedUserId": "user-0"
    },
    {
      "channelContent": {
        "web": {
          "contentFormat": "Markdown",
          "content": "**Legal hold:**\n\nNär något team eller individer pausas eller under rättstvist, pausas på både primära och arkiverade meddelanden (ej inklusive redigeringar eller raderat)."
        }
      },
      "id": "5bdb1a7e-1dcc-421b-b8e0-d0247f4c4a27",
      "createdTime": "2020-12-11T17:17:48.271Z",
      "updatedTime": "2020-12-11T17:17:48.271Z",
      "createdUserId": "user-0",
      "updatedUserId": "user-0"
    },
    {
      "channelContent": {
        "web": {
          "contentFormat": "Markdown",
          "content": "**Granskningsloggsökning:**\n\nAlla teamaktiviteter och affärshändelser måste fångas in och vara tillgängliga för sökning och export av kunder."
        }
      },
      "id": "9bcdedd9-4803-46c9-9515-0b5022b3b0fe",
      "createdTime": "2020-12-11T17:18:00.737Z",
      "updatedTime": "2020-12-11T17:18:00.737Z",
      "createdUserId": "user-0",
      "updatedUserId": "user-0"
    },
    {
      "channelContent": {
        "web": {
          "contentFormat": "Markdown",
          "content": "**Exchange-Onlineskydd:**\n\nE-postmeddelanden som skickas till en kanal filtreras för skräppost, skadlig kod, skadliga länkar, förfalskning och nätfiske via Exchange Online Protection och Avancerat hotskydd för Microsoft 365."
        }
      },
      "id": "a4f2c879-648e-4a55-b4a7-d51d07c0189f",
      "createdTime": "2020-12-11T17:18:15.88Z",
      "updatedTime": "2020-12-11T17:18:15.88Z",
      "createdUserId": "user-0",
      "updatedUserId": "user-0"
    },
    {
      "channelContent": {
        "web": {
          "contentFormat": "Markdown",
          "content": "Mer information om dessa efterlevnadsfunktioner finns i\n\n[Översikt över säkerhet och efterlevnad i Microsoft 365](https://support.microsoft.com/sv-se/office/dcb83b2c-ac66-4ced-925d-50eb9698a0b2).\n\nMer information om innehållssökningar och Teams finns i avsnittet Teams i\n\n[Kör en innehållssökning i Microsoft 365 Security & Compliance Center](https://support.microsoft.com/sv-se/office/61852fd9-fe8a-4880-a339-cb19ed3bff4a)."
        }
      },
      "id": "54f8b63c-50c3-4883-8b0f-5f8fae9d6864",
      "createdTime": "2020-12-11T17:18:30.654Z",
      "updatedTime": "2020-12-11T17:18:30.654Z",
      "createdUserId": "user-0",
      "updatedUserId": "user-0"
    },
    {
      "channelContent": {
        "web": {
          "contentFormat": "Markdown",
          "content": "**Villkorlig åtkomst:** \n\nVi säkerställer att åtkomst till Teams är begränsad till enheter som är kompatibla med din IT-administratörs eller företagsorganisations angivna principer och säkerhetsregler. Detta inkluderar MDM- och MAM-stöd med Intune för iOS och Android."
        }
      },
      "id": "d906bcfd-c52a-40ab-b198-00db849bbe4e",
      "createdTime": "2020-12-11T17:18:57.57Z",
      "updatedTime": "2020-12-11T17:18:57.57Z",
      "createdUserId": "user-0",
      "updatedUserId": "user-0"
    }
  ]
}