<ImportExportXml version="9.2.21041.153" SolutionPackageVersion="9.2" languagecode="1033" generatedBy="CrmLive" xmlns:xsi="http://www.w3.org/2001/XMLSchema-instance">
  <SolutionManifest>
    <UniqueName>Timon</UniqueName>
    <LocalizedNames>
      <LocalizedName description="Timon" languagecode="1033" />
    </LocalizedNames>
    <Descriptions />
    <Version>1.0.0.0</Version>
    <Managed>0</Managed>
    <Publisher>
      <UniqueName>Crce103</UniqueName>
      <LocalizedNames>
        <LocalizedName description="CDS Default Publisher" languagecode="1033" />
      </LocalizedNames>
      <Descriptions />
      <EMailAddress xsi:nil="true"></EMailAddress>
      <SupportingWebsiteUrl xsi:nil="true"></SupportingWebsiteUrl>
      <CustomizationPrefix>cr46e</CustomizationPrefix>
      <CustomizationOptionValuePrefix>99630</CustomizationOptionValuePrefix>
    </Publisher>
    <RootComponents>
      <RootComponent type="29" id="{22036560-5e5e-eb11-a812-000d3a9bb82a}" behavior="0" />
      <RootComponent type="29" id="{8a84184f-8b5d-eb11-a812-000d3a9bb82a}" behavior="0" />
      <RootComponent type="29" id="{c9579f47-cb2f-eb11-a813-000d3a98dbb4}" behavior="0" />
    </RootComponents>
    <MissingDependencies />
  </SolutionManifest>
</ImportExportXml>