{
  "intents": [
    {
      "endUserOverrideName": "Sikkerhet i Teams",
      "triggerQueries": [
        "Hvem har tilgang til data lagret i Teams?",
        "Compliance og teams",
        "Fortell meg om sikkerhet",
        "Er data lagret trygt i Teams?",
        "Er Teams trygt?",
        "EU Model Clauses EUMC",
        "Følger Teams GDPR?",
        "Sikkerhet i Teams",
        "Er Teams et trygt verktøy å bruke?",
        "Oppfyller Teams ISO-standarder?",
        "Er Teams sikkert nok?",
        "Følger Teams alle GDPR-kravene?"
      ],
      "dialogId": "new_topic_10cc1f10f2f44216b9293972f7ff4fd7",
      "isTriggeringEnabled": true,
      "id": "new_topic_10cc1f10f2f44216b9293972f7ff4fd7",
      "displayName": "Følger Teams alle GDPR-kravene?",
      "description": "",
      "createdTime": "2021-04-12T14:30:35.8938601Z",
      "updatedTime": "2021-04-19T18:48:23.4504817Z",
      "createdUserId": "ef0c8b9a-eff1-49f8-92fa-fd1d3e15e1ba",
      "updatedUserId": "ef0c8b9a-eff1-49f8-92fa-fd1d3e15e1ba"
    }
  ],
  "dialogs": [
    {
      "rootNodeId": "c2251a9c-e06c-4414-9cc9-d77dedd7f25d",
      "messageNodes": [
        {
          "botMessageId": "25c5d74f-9170-4444-96fd-7a74fc104f67",
          "nodeType": "BotMessageNode",
          "id": "c2251a9c-e06c-4414-9cc9-d77dedd7f25d",
          "defaultTargetNodeId": "ad63da21-7b9a-415e-a8fe-8c25139a0648"
        },
        {
          "botMessageId": "285f3f77-a45e-4622-aebb-5d30ce2429a1",
          "nodeType": "BotMessageNode",
          "id": "ad63da21-7b9a-415e-a8fe-8c25139a0648",
          "defaultTargetNodeId": "0c57ae7b-54be-4808-9451-e4e292a14282"
        },
        {
          "botMessageId": "c9ec0b5e-649f-4a0e-a83b-f47ee32bab50",
          "nodeType": "BotMessageNode",
          "id": "0c57ae7b-54be-4808-9451-e4e292a14282",
          "defaultTargetNodeId": "06f2938e-8aee-4f71-8f3a-841cccaad473"
        },
        {
          "botMessageId": "640fe3cd-c854-4677-9b8c-e490d98ac15a",
          "nodeType": "BotMessageNode",
          "id": "06f2938e-8aee-4f71-8f3a-841cccaad473",
          "defaultTargetNodeId": "8c494fc0-e05e-4da0-9909-c68d76adf22b"
        },
        {
          "botMessageId": "48e7c9a6-6413-4989-8e2e-8744fc11511f",
          "nodeType": "BotMessageNode",
          "id": "8c494fc0-e05e-4da0-9909-c68d76adf22b",
          "defaultTargetNodeId": "53f028bf-3512-456a-b9bc-6caacd0bf82e"
        }
      ],
      "dialogChangeNodes": [
        {
          "targetDialogId": "new_topic_89c49d37fd4c4c1c9144396960733ce1_aeabea4d071f415c8c107e1cb7af5424_assumedsuccess",
          "nodeType": "DialogChangeNode",
          "id": "53f028bf-3512-456a-b9bc-6caacd0bf82e"
        }
      ],
      "id": "new_topic_10cc1f10f2f44216b9293972f7ff4fd7",
      "displayName": "Dialog for Følger Teams alle GDPR-kravene?",
      "createdTime": "2021-04-12T14:30:35.8938601Z",
      "updatedTime": "2021-04-19T18:50:26.3349512Z",
      "createdUserId": "ef0c8b9a-eff1-49f8-92fa-fd1d3e15e1ba",
      "updatedUserId": "ef0c8b9a-eff1-49f8-92fa-fd1d3e15e1ba"
    }
  ],
  "botMessages": [
    {
      "channelContent": {
        "web": {
          "contentFormat": "Markdown",
          "content": "[Teams tilbyr sikkerhet i verdensklasse.](https://www.microsoft.com/nb-no/microsoft-teams/security) Teams oppfyller både GDPR-kravene og over 90 andre sertifiseringer, inkludert ISO-standarder.\n\nDu kan lese mer om [sikkerhet og compliance i Teams her](https://docs.microsoft.com/nb-no/microsoftteams/security-compliance-overview)."
        }
      },
      "id": "25c5d74f-9170-4444-96fd-7a74fc104f67",
      "createdTime": "2021-04-12T14:30:35.8938601Z",
      "updatedTime": "2021-04-12T14:30:35.8938601Z",
      "createdUserId": "ef0c8b9a-eff1-49f8-92fa-fd1d3e15e1ba",
      "updatedUserId": "ef0c8b9a-eff1-49f8-92fa-fd1d3e15e1ba"
    },
    {
      "channelContent": {
        "web": {
          "contentFormat": "Markdown",
          "content": "_Vær oppmerksom på at organisasjonen din kan ha sine egne retningslinjer for hvordan du kan lagre sensitiv informasjon._"
        }
      },
      "id": "285f3f77-a45e-4622-aebb-5d30ce2429a1",
      "createdTime": "2021-04-12T14:30:52.465Z",
      "updatedTime": "2021-04-12T14:30:52.465Z",
      "createdUserId": "user-0",
      "updatedUserId": "user-0"
    },
    {
      "channelContent": {
        "web": {
          "contentFormat": "Markdown",
          "content": "**Dataene dine i Teams er lagret trygt.** Hvis organisasjonen din har spesifikke retningslinjer som de ønsker å følge, er det mulig å forhindre at brukere skriver sensitiv informasjon i chatten eller laster den opp i filer."
        }
      },
      "id": "c9ec0b5e-649f-4a0e-a83b-f47ee32bab50",
      "createdTime": "2021-04-12T14:30:59.202Z",
      "updatedTime": "2021-04-12T14:30:59.202Z",
      "createdUserId": "user-0",
      "updatedUserId": "user-0"
    },
    {
      "channelContent": {
        "web": {
          "contentFormat": "Markdown",
          "content": "**Personnumre, EU-passnumre, helsedata og egendefinert definert innhold** kan for eksempel automatisk forhindres fra å bli delt i Teams. [Du kan lese mer om hvordan organisasjonen din kan gjøre dette her.](https://docs.microsoft.com/nb-no/microsoft-365/compliance/dlp-microsoft-teams?view=o365-worldwide)"
        }
      },
      "id": "640fe3cd-c854-4677-9b8c-e490d98ac15a",
      "createdTime": "2021-04-12T14:31:05.784Z",
      "updatedTime": "2021-04-12T14:31:05.784Z",
      "createdUserId": "user-0",
      "updatedUserId": "user-0"
    },
    {
      "channelContent": {
        "web": {
          "contentFormat": "Markdown",
          "content": "**Oppsummert**: her er lenkene til de to artiklene som ble delt i starten av dette svaret. De fungerer som et bra utgangspunkt for å sette seg inn i hvordan Microsoft Teams beskytter din data:\n\n*   [Personvern, sikkerhet og samsvar i Microsoft Teams](https://www.microsoft.com/nb-no/microsoft-teams/security) (Microsoft.com)\n*   [Security and compliance in Microsoft Teams](https://docs.microsoft.com/nb-no/microsoftteams/security-compliance-overview) (Microsoft Docs)"
        }
      },
      "id": "48e7c9a6-6413-4989-8e2e-8744fc11511f",
      "createdTime": "2021-04-19T15:20:45.592Z",
      "updatedTime": "2021-04-19T15:20:45.592Z",
      "createdUserId": "user-0",
      "updatedUserId": "user-0"
    }
  ],
  "createdUtc": "0001-01-01T00:00:00Z"
}