{
  "intents": [
    {
      "endUserOverrideName": "How to use breakout rooms?",
      "triggerQueries": [
        "How to use breakout rooms?",
        "breakout rooms in Teams",
        "breakout room",
        "smaller rooms",
        "How do I use group rooms in Teams?",
        "Use group rooms during meetings?",
        "breakout rooms",
        "smaller rooms in meetings",
        "small groups in meetings",
        "divide the meeting into smaller groups",
        "how do I create breakout rooms?",
        "how do I create smaller rooms?",
        "How to start breakout rooms?",
        "breakout sessions",
        "I want to create breakout rooms before the meeting",
        "divide the meeting into smaller rooms",
        "How do I use breakout rooms?"
      ],
      "dialogId": "new_topic_ffb6a499a4d947d28f919f11074b8dfa",
      "isTriggeringEnabled": true,
      "id": "new_topic_ffb6a499a4d947d28f919f11074b8dfa",
      "displayName": "How do I use breakout rooms?",
      "description": "https://adoptbotv2kb.blob.core.windows.net/%24web/AdoptBot2021-English.docx",
      "createdTime": "2021-01-13T22:20:51.2381463Z",
      "updatedTime": "2021-01-27T20:29:25.4065093Z",
      "createdUserId": "f04d3cd9-b73d-4ba9-a1ed-9319eba29b21",
      "updatedUserId": "f04d3cd9-b73d-4ba9-a1ed-9319eba29b21"
    }
  ],
  "dialogs": [
    {
      "rootNodeId": "223fc41b-5ce7-45da-bd2e-1cb8026ab0e5",
      "messageNodes": [
        {
          "botMessageId": "413e3667-34e1-454a-8e56-6157620d6c3d",
          "nodeType": "BotMessageNode",
          "id": "223fc41b-5ce7-45da-bd2e-1cb8026ab0e5",
          "defaultTargetNodeId": "ba9b9cf2-f336-4591-bc0f-f58487c58c03"
        }
      ],
      "dialogChangeNodes": [
        {
          "targetDialogId": "new_topic_eac3f49c99664313a9d9dc19d80a79a2_aeabea4d071f415c8c107e1cb7af5424_assumedsuccess",
          "nodeType": "DialogChangeNode",
          "id": "ba9b9cf2-f336-4591-bc0f-f58487c58c03"
        }
      ],
      "id": "new_topic_ffb6a499a4d947d28f919f11074b8dfa",
      "displayName": "Dialog for How do I use breakout rooms?",
      "createdTime": "2021-01-13T22:20:51.2381463Z",
      "updatedTime": "2021-01-27T20:29:41.8756669Z",
      "createdUserId": "f04d3cd9-b73d-4ba9-a1ed-9319eba29b21",
      "updatedUserId": "f04d3cd9-b73d-4ba9-a1ed-9319eba29b21"
    }
  ],
  "botMessages": [
    {
      "channelContent": {
        "web": {
          "contentFormat": "Markdown",
          "content": "Breakout rooms are helpful in many meeting scenarios.\n\n[Check this evergreen guide for how to use breakout rooms in Teams](https://support.microsoft.com/en-us/office/use-breakout-rooms-in-teams-meetings-7de1f48a-da07-466c-a5ab-4ebace28e461)."
        }
      },
      "id": "413e3667-34e1-454a-8e56-6157620d6c3d",
      "createdTime": "2021-01-13T22:20:51.2381463Z",
      "updatedTime": "2021-01-13T22:20:51.2381463Z",
      "createdUserId": "f04d3cd9-b73d-4ba9-a1ed-9319eba29b21",
      "updatedUserId": "f04d3cd9-b73d-4ba9-a1ed-9319eba29b21"
    }
  ]
}