{
  "intents": [
    {
      "triggerQueries": [
        "Was ist der Allgemeine Kanal?",
        "Der Kanal namens General",
        "Warum ist der Allgemeine Kanal verfügbar?",
        "Ich möchte den öffentlichen Kanal löschen",
        "können Sie den allgemeinen Kanal löschen?",
        "Warum gibt es einen Kanal namens General?",
        "Was ist der Zweck eines Allgemeinen Kanals?",
        "Wofür wird der Allgemeine Kanal verwendet?",
        "können Sie den allgemeinen Kanal löschen?",
        "Warum ist der öffentliche Kanal verfügbar?",
        "können Sie den allgemeinen Kanal umbenennen?"
      ],
      "dialogId": "new_topic_eb18b61ce77e4bc7b3cc71d70a9851f6",
      "isTriggeringEnabled": true,
      "id": "new_topic_eb18b61ce77e4bc7b3cc71d70a9851f6",
      "displayName": "Was ist der General Kanal?",
      "description": "",
      "createdTime": "2021-04-16T07:45:46.6355729Z",
      "updatedTime": "2021-04-16T07:45:46.6355729Z",
      "createdUserId": "d4c65e50-fb5c-4311-830a-05b59a11dd48"
    }
  ],
  "dialogs": [
    {
      "rootNodeId": "e415dda1-c316-4657-9101-e39692794a75",
      "messageNodes": [
        {
          "botMessageId": "f691d1fc-cfcb-4419-b7b8-d398b09ff639",
          "nodeType": "BotMessageNode",
          "id": "e415dda1-c316-4657-9101-e39692794a75",
          "defaultTargetNodeId": "a6a16005-ad51-4667-8ca2-19746c9ba643"
        },
        {
          "botMessageId": "adaa3389-01b4-44ae-8e72-98f0b6665072",
          "nodeType": "BotMessageNode",
          "id": "a6a16005-ad51-4667-8ca2-19746c9ba643",
          "defaultTargetNodeId": "85f15be1-5775-4390-a408-8f4ff070296d"
        },
        {
          "botMessageId": "bfddbcfd-072b-48e3-aa5c-490a3855dc50",
          "nodeType": "BotMessageNode",
          "id": "85f15be1-5775-4390-a408-8f4ff070296d",
          "defaultTargetNodeId": "9463cd9f-cbe5-42fd-9557-0676c6068441"
        }
      ],
      "dialogChangeNodes": [
        {
          "targetDialogId": "new_topic_30867099f4b543d3b8543a85c22c3418_aeabea4d071f415c8c107e1cb7af5424_assumedsuccess",
          "nodeType": "DialogChangeNode",
          "id": "9463cd9f-cbe5-42fd-9557-0676c6068441"
        }
      ],
      "id": "new_topic_eb18b61ce77e4bc7b3cc71d70a9851f6",
      "displayName": "Dialog for Was ist der General Kanal?",
      "createdTime": "2021-04-16T07:45:46.6355729Z",
      "updatedTime": "2021-04-16T07:48:04.8432404Z",
      "createdUserId": "d4c65e50-fb5c-4311-830a-05b59a11dd48",
      "updatedUserId": "d4c65e50-fb5c-4311-830a-05b59a11dd48"
    }
  ],
  "botMessages": [
    {
      "channelContent": {
        "web": {
          "contentFormat": "Markdown",
          "content": "Standardmäßig wird der allgemeine Kanal für Sie in jedem Team erstellt."
        }
      },
      "id": "f691d1fc-cfcb-4419-b7b8-d398b09ff639",
      "createdTime": "2021-04-16T07:45:46.6355729Z",
      "updatedTime": "2021-04-16T07:45:46.6355729Z",
      "createdUserId": "d4c65e50-fb5c-4311-830a-05b59a11dd48",
      "updatedUserId": "d4c65e50-fb5c-4311-830a-05b59a11dd48"
    },
    {
      "channelContent": {
        "web": {
          "contentFormat": "Markdown",
          "content": "Es gibt viele nützliche Zwecke mit dem Allgemeinen Kanal:\n\nVerwenden Sie ihn, um einen Überblick darüber zu geben,\n\n*   was das Team erreichen möchte. Zum Beispiel eine Projektübersicht oder wer wer im Team ist.\n*   Verwenden Sie ihn für das Onboarding neuer Teammitglieder und andere allgemeine Informationen, die ein neues Teammitglied für nützlich halten würde.\n*   Verwenden Sie ihn für Ankündigungen."
        }
      },
      "id": "adaa3389-01b4-44ae-8e72-98f0b6665072",
      "createdTime": "2021-04-16T07:45:59.499Z",
      "updatedTime": "2021-04-16T07:45:59.499Z",
      "createdUserId": "user-0",
      "updatedUserId": "user-0"
    },
    {
      "channelContent": {
        "web": {
          "contentFormat": "Markdown",
          "content": "Denken Sie beim Benennen von Kanälen daran, dass die Kanäle nach dem allgemeinen Kanal alphabetisch sortiert werden.\n\n_Derzeit können Sie den allgemeinen Kanal nicht löschen._"
        }
      },
      "id": "bfddbcfd-072b-48e3-aa5c-490a3855dc50",
      "createdTime": "2021-04-16T07:46:01.701Z",
      "updatedTime": "2021-04-16T07:46:01.701Z",
      "createdUserId": "user-0",
      "updatedUserId": "user-0"
    }
  ],
  "createdUtc": "0001-01-01T00:00:00Z"
}