{
  "intents": [
    {
      "triggerQueries": [
        "Pumba"
      ],
      "dialogId": "new_topic_862abd95a48e4b8dabda1603f13c26ad",
      "isTriggeringEnabled": true,
      "id": "new_topic_862abd95a48e4b8dabda1603f13c26ad",
      "displayName": "Pumba (hemligt easter egg)",
      "description": "Ta bort detta om du döper om Timon...\nEller inte 🙂, du bestämmer!",
      "createdTime": "2023-11-16T14:56:33.630902Z",
      "updatedTime": "2023-12-13T11:40:59.1491245Z",
      "createdUserId": "c8d29cfd-efef-47c1-8e02-210c8be30c37",
      "updatedUserId": "c8d29cfd-efef-47c1-8e02-210c8be30c37"
    }
  ],
  "dialogs": [
    {
      "rootNodeId": "0423c61c-fbfa-4952-b15b-c99b7fbb27b0",
      "messageNodes": [
        {
          "botMessageId": "f2fea0b5-1194-4756-80a6-de844b246616",
          "nodeType": "BotMessageNode",
          "id": "0423c61c-fbfa-4952-b15b-c99b7fbb27b0",
          "defaultTargetNodeId": "aaa98ecd-803d-400f-b905-47b06eb7121d"
        },
        {
          "botMessageId": "f7cb95f4-6ca5-49ce-8af7-5ec45f48debf",
          "nodeType": "BotMessageNode",
          "id": "aaa98ecd-803d-400f-b905-47b06eb7121d",
          "defaultTargetNodeId": "662729b7-36ff-4273-a1f6-9f9b77ccdd55"
        },
        {
          "botMessageId": "9313b9ed-a76b-4f14-a558-2e81043092c0",
          "nodeType": "BotMessageNode",
          "id": "196283b6-149a-44d5-8f38-ba60c286615f"
        }
      ],
      "actionNodes": [
        {
          "contextVariableId": "0c132a96-12f6-4906-aca4-ec6720646e1d",
          "nodeType": "ActionNode",
          "outputExpressionVariableIds": [
            "4d749571-2aa3-44a8-a089-8cb6e2f4a0b4"
          ],
          "id": "662729b7-36ff-4273-a1f6-9f9b77ccdd55",
          "defaultTargetNodeId": "196283b6-149a-44d5-8f38-ba60c286615f"
        }
      ],
      "id": "new_topic_862abd95a48e4b8dabda1603f13c26ad",
      "displayName": "Untitled",
      "createdTime": "2023-11-16T14:56:33.6309012Z",
      "updatedTime": "2023-12-13T11:40:59.1491238Z",
      "createdUserId": "c8d29cfd-efef-47c1-8e02-210c8be30c37",
      "updatedUserId": "c8d29cfd-efef-47c1-8e02-210c8be30c37"
    }
  ],
  "botMessages": [
    {
      "channelContent": {
        "web": {
          "contentFormat": "Markdown",
          "content": "🐗!"
        }
      },
      "id": "f2fea0b5-1194-4756-80a6-de844b246616",
      "createdTime": "2023-11-16T14:55:54.704Z",
      "updatedTime": "2023-11-16T14:55:54.704Z"
    },
    {
      "channelContent": {
        "web": {
          "contentFormat": "Markdown",
          "content": "🏆 Grattis 🏆\n\nDu har hittat ett dolt påskägg (easter egg).\n\nVerkar som du har humor och det är ju roligt...😉\n\nHakuna matata"
        }
      },
      "id": "f7cb95f4-6ca5-49ce-8af7-5ec45f48debf",
      "createdTime": "2023-11-16T15:23:49.17Z",
      "updatedTime": "2023-11-16T15:23:49.17Z",
      "createdUserId": "user-0",
      "updatedUserId": "user-0"
    },
    {
      "channelContent": {
        "web": {
          "contentFormat": "Markdown",
          "content": "{4d749571-2aa3-44a8-a089-8cb6e2f4a0b4}"
        }
      },
      "id": "9313b9ed-a76b-4f14-a558-2e81043092c0",
      "createdTime": "2023-11-16T15:25:56.247Z",
      "updatedTime": "2023-11-16T15:25:56.247Z",
      "createdUserId": "user-0",
      "updatedUserId": "user-0"
    }
  ],
  "actionDefinitions": [
    {
      "timeoutInSeconds": 60,
      "retryCount": 1,
      "method": 2,
      "headers": {
        "accept": "application/json"
      },
      "bodyContent": "",
      "actionType": "Flow",
      "flowMetadata": {
        "id": "b6e07155-9484-ee11-8179-0022482014ea",
        "title": "Hakuna Matata GIF",
        "description": "",
        "httpMethod": 2,
        "outputParameters": [
          {
            "name": "Hakuna Matata GIF",
            "id": "hakuna_matata gif",
            "type": "String",
            "optional": true
          }
        ],
        "outputSchemaType": "Json",
        "triggerType": "Standard",
        "createdTime": "2023-11-16T15:25:13Z",
        "isEnabled": true,
        "lastModifiedTime": "2023-11-16T15:25:20Z",
        "versionNumber": 416475
      },
      "id": "b79d4bbb-2fc3-466a-8fab-c2ccfc2d6efe",
      "displayName": "Hakuna Matata GIF",
      "description": "",
      "createdTime": "2023-11-16T15:25:49.211Z",
      "updatedTime": "2023-11-16T15:25:49.211Z"
    }
  ],
  "contextVariables": [
    {
      "customTypeId": "6f2080f2-18de-49ff-bef1-661adf271d29",
      "initializerType": "Action",
      "scope": "Dialog",
      "greedySlotFillingEnabled": false,
      "isInput": false,
      "externalInitializationAllowed": false,
      "actionId": "b79d4bbb-2fc3-466a-8fab-c2ccfc2d6efe",
      "isGlobal": false,
      "id": "0c132a96-12f6-4906-aca4-ec6720646e1d",
      "displayName": "",
      "createdTime": "2023-11-16T15:25:49.212Z",
      "updatedTime": "2023-12-13T11:40:59.1491253Z",
      "createdUserId": "user-0",
      "updatedUserId": "c8d29cfd-efef-47c1-8e02-210c8be30c37"
    },
    {
      "systemType": "String",
      "initializerType": "Expression",
      "scope": "Dialog",
      "greedySlotFillingEnabled": false,
      "isInput": false,
      "externalInitializationAllowed": false,
      "expression": "@parameters('0c132a96-12f6-4906-aca4-ec6720646e1d')['hakuna_matata gif']",
      "isGlobal": false,
      "id": "4d749571-2aa3-44a8-a089-8cb6e2f4a0b4",
      "displayName": "HakunaMatataGIF",
      "createdTime": "2023-11-16T15:28:08.989Z",
      "updatedTime": "2023-12-13T11:40:59.1491254Z",
      "createdUserId": "user-0",
      "updatedUserId": "c8d29cfd-efef-47c1-8e02-210c8be30c37"
    }
  ],
  "jsonTypes": [
    {
      "customTypeSchema": "Json",
      "id": "6f2080f2-18de-49ff-bef1-661adf271d29",
      "displayName": "Response Json Type for Flow - Hakuna Matata GIF",
      "createdTime": "2023-11-16T15:25:49.212Z",
      "updatedTime": "2023-11-16T15:25:49.212Z"
    }
  ]
}