{
  "intents": [
    {
      "triggerQueries": [
        "add a subject",
        "add title to a post",
        "Writing titles on my messages?",
        "Putting a headline on my post",
        "Why should I title my posts?",
        "How do I add a title to a post?",
        "Can my posts have headlines?",
        "How do I make a headline for my post?",
        "How can I title my posts?"
      ],
      "dialogId": "new_topic_747766fa239343ebae41fe72bce959b2",
      "isTriggeringEnabled": true,
      "id": "new_topic_747766fa239343ebae41fe72bce959b2",
      "displayName": "How can I title my posts?",
      "description": "",
      "createdTime": "2021-01-13T22:20:51.2381463Z",
      "updatedTime": "2023-11-16T13:16:41.0103265Z",
      "createdUserId": "f04d3cd9-b73d-4ba9-a1ed-9319eba29b21",
      "updatedUserId": "c8d29cfd-efef-47c1-8e02-210c8be30c37"
    }
  ],
  "dialogs": [
    {
      "rootNodeId": "0bc3c364-7ec2-488f-83fe-0f761cf6bb90",
      "messageNodes": [
        {
          "botMessageId": "cbbfdb3e-1c70-4a79-9481-f7f98810f0f3",
          "nodeType": "BotMessageNode",
          "id": "0bc3c364-7ec2-488f-83fe-0f761cf6bb90",
          "defaultTargetNodeId": "af111f0d-d672-4604-8346-5c6591165a10"
        },
        {
          "botMessageId": "e0be195f-556a-41a9-a105-3d349902a458",
          "nodeType": "BotMessageNode",
          "id": "af111f0d-d672-4604-8346-5c6591165a10",
          "defaultTargetNodeId": "aa05ef8b-d629-433f-83d1-4657597924b8"
        }
      ],
      "dialogChangeNodes": [
        {
          "targetDialogId": "new_topic_eac3f49c99664313a9d9dc19d80a79a2_aeabea4d071f415c8c107e1cb7af5424_assumedsuccess",
          "nodeType": "DialogChangeNode",
          "id": "aa05ef8b-d629-433f-83d1-4657597924b8"
        }
      ],
      "id": "new_topic_747766fa239343ebae41fe72bce959b2",
      "displayName": "Dialog for How can I title my posts?",
      "createdTime": "2021-01-13T22:20:51.2381463Z",
      "updatedTime": "2023-11-16T13:16:41.0103254Z",
      "createdUserId": "f04d3cd9-b73d-4ba9-a1ed-9319eba29b21",
      "updatedUserId": "c8d29cfd-efef-47c1-8e02-210c8be30c37"
    }
  ],
  "botMessages": [
    {
      "channelContent": {
        "web": {
          "contentFormat": "Markdown",
          "content": "You can add a subject to new channel posts to make your topic stand out.\n\nIt can also help you search for it later."
        }
      },
      "id": "cbbfdb3e-1c70-4a79-9481-f7f98810f0f3",
      "createdTime": "2021-01-13T22:20:51.2381463Z",
      "updatedTime": "2021-01-13T22:20:51.2381463Z",
      "createdUserId": "f04d3cd9-b73d-4ba9-a1ed-9319eba29b21",
      "updatedUserId": "f04d3cd9-b73d-4ba9-a1ed-9319eba29b21"
    },
    {
      "channelContent": {
        "web": {
          "contentFormat": "Markdown",
          "content": "💡 _Always select the formatting button (looks like an A with a pen) for more formatting options in Teams_"
        }
      },
      "id": "e0be195f-556a-41a9-a105-3d349902a458",
      "createdTime": "2021-01-26T21:40:33.169Z",
      "updatedTime": "2021-01-26T21:40:33.169Z",
      "createdUserId": "user-0",
      "updatedUserId": "user-0"
    }
  ]
}