{
  "intents": [
    {
      "endUserOverrideName": "Documents hors connexion",
      "triggerQueries": [
        "Mes documents enregistrés dans OneDrive sont-ils disponibles sans connexion Internet?",
        "Mes documents enregistrés dans OneDrive sont-ils également disponibles sans connexion Internet?",
        "Les fichiers dans OneDrive hors ligne sont-ils accessibles?",
        "Les fichiers dans OneDrive hors ligne sont-ils accessibles?",
        "Mes documents enregistrés dans OneDrive sont-ils disponibles hors connexion?",
        "Puis-je accéder à mes documents dans onedrive en mode hors ligne?",
        "Puis-je accéder aux documents sans connexion?",
        "Puis-je accéder aux documents dans onedrive sans Wifi?",
        "Puis-je accéder aux documents dans onedrive sans Wifi?",
        "Les fichiers dans OneDrive sont-ils hors ligne ou hors reseaux ?",
        "Mes documents enregistrés dans OneDrive sont-ils également disponibles hors connexion?"
      ],
      "dialogId": "new_topic_4b2af1ccd0f046e6909297b20d266b1a",
      "isTriggeringEnabled": true,
      "id": "new_topic_4b2af1ccd0f046e6909297b20d266b1a",
      "displayName": "Mes documents enregistrés dans OneDrive sont-ils également disponibles hors connexion?",
      "description": "",
      "createdTime": "2021-01-13T22:20:51.2381463Z",
      "updatedTime": "2021-05-24T22:33:27.3077047Z",
      "createdUserId": "f04d3cd9-b73d-4ba9-a1ed-9319eba29b21",
      "updatedUserId": "a2c4aa2c-d830-41eb-bcf4-467a2c7e1279"
    }
  ],
  "dialogs": [
    {
      "rootNodeId": "03f64353-86a4-4304-9100-c245e5e681fb",
      "messageNodes": [
        {
          "botMessageId": "afdbdd0f-91f4-4acd-ac33-c19a680ef7f2",
          "nodeType": "BotMessageNode",
          "id": "03f64353-86a4-4304-9100-c245e5e681fb",
          "defaultTargetNodeId": "55760726-b0e2-4642-8dd3-13ab019607c7"
        },
        {
          "botMessageId": "16e1cb6b-4ad1-42c0-9545-72d543783872",
          "nodeType": "BotMessageNode",
          "id": "55760726-b0e2-4642-8dd3-13ab019607c7",
          "defaultTargetNodeId": "3d7ece4d-93a0-4cbc-b1fc-135bd0bd5905"
        }
      ],
      "dialogChangeNodes": [
        {
          "targetDialogId": "new_topic_eac3f49c99664313a9d9dc19d80a79a2_aeabea4d071f415c8c107e1cb7af5424_assumedsuccess",
          "nodeType": "DialogChangeNode",
          "id": "3d7ece4d-93a0-4cbc-b1fc-135bd0bd5905"
        }
      ],
      "id": "new_topic_4b2af1ccd0f046e6909297b20d266b1a",
      "displayName": "Dialog for Are my saved documents in OneDrive also available offline?",
      "createdTime": "2021-01-13T22:20:51.2381463Z",
      "updatedTime": "2021-04-14T12:30:27.3957124Z",
      "createdUserId": "f04d3cd9-b73d-4ba9-a1ed-9319eba29b21",
      "updatedUserId": "e0b2a139-a3df-4f92-b6af-6b0d3038fe4b"
    }
  ],
  "botMessages": [
    {
      "channelContent": {
        "web": {
          "contentFormat": "Markdown",
          "content": "Si vous utilisez Windows 10, OneDrive est préinstallé. Pour accéder à vos documents lorsque vous n'êtes pas connecté à Internet, ouvrez l'Explorateur de fichiers sur votre PC et accédez au dossier OneDrive."
        }
      },
      "id": "afdbdd0f-91f4-4acd-ac33-c19a680ef7f2",
      "createdTime": "2021-01-13T22:20:51.2381463Z",
      "updatedTime": "2021-01-13T22:20:51.2381463Z",
      "createdUserId": "f04d3cd9-b73d-4ba9-a1ed-9319eba29b21",
      "updatedUserId": "f04d3cd9-b73d-4ba9-a1ed-9319eba29b21"
    },
    {
      "channelContent": {
        "web": {
          "contentFormat": "Markdown",
          "content": "Lorsque vous vous reconnectez, OneDrive met en ligne les modifications que vous avez apportées hors connexion. Pour plus de détails, visitez [OneDrive pour Windows 10](https://go.microsoft.com/fwlink/p/?LinkID=717896)."
        }
      },
      "id": "16e1cb6b-4ad1-42c0-9545-72d543783872",
      "createdTime": "2021-01-26T23:33:34.556Z",
      "updatedTime": "2021-01-26T23:33:34.556Z",
      "createdUserId": "user-0",
      "updatedUserId": "user-0"
    }
  ],
  "createdUtc": "0001-01-01T00:00:00Z"
}