{
  "intents": [
    {
      "intentType": "Regular",
      "endUserOverrideName": "Uppmärksamma någons video (spotlight)",
      "triggerQueries": [
        "Låsa bilden på den som presenterar",
        "Låsa bilden på den som pratar för alla",
        "Låsa bilden på någons video",
        "sätt spotlight på mig",
        "uppmärksamma min video",
        "uppmärksamma någons video",
        "använda spotlight",
        "Använd spotlight för att uppmärksamma någon under ett möte?"
      ],
      "dialogId": "new_topic_5a2370f6b0ac452b81ad2195b49c0ffc",
      "isTriggeringEnabled": true,
      "id": "new_topic_5a2370f6b0ac452b81ad2195b49c0ffc",
      "displayName": "Använd spotlight för att uppmärksamma någon under ett möte?",
      "description": "https://intranat.helsingborg.se/wp-content/uploads/2020/11/svenska-fracc8agor-till-adoptbot-pva.docx",
      "createdTime": "2020-11-24T14:37:53.8230909Z",
      "updatedTime": "2020-12-01T15:13:08.1319121Z",
      "createdUserId": "f04d3cd9-b73d-4ba9-a1ed-9319eba29b21",
      "updatedUserId": "f04d3cd9-b73d-4ba9-a1ed-9319eba29b21"
    }
  ],
  "dialogs": [
    {
      "rootNodeId": "6b6fa6b2-3a08-496e-8abb-f7372a25a675",
      "messageNodes": [
        {
          "botMessageId": "74b09080-f087-4be9-a23e-684da4c05968",
          "nodeType": "BotMessageNode",
          "id": "6b6fa6b2-3a08-496e-8abb-f7372a25a675",
          "defaultTargetNodeId": "55540dc0-27e3-4598-9814-1deaa519bc3d"
        },
        {
          "botMessageId": "57422bc7-2d15-419b-9e79-ac8115d9eb0b",
          "nodeType": "BotMessageNode",
          "id": "55540dc0-27e3-4598-9814-1deaa519bc3d",
          "defaultTargetNodeId": "d96458b7-082c-47a1-a7e8-888d3e387714"
        },
        {
          "botMessageId": "84c6d396-eaac-4b93-a69d-5344be66f8be",
          "nodeType": "BotMessageNode",
          "id": "ebb0e5e5-b62d-4dcb-bf85-5cdb0423939d",
          "defaultTargetNodeId": "fdcb4b85-b259-49bf-96ae-f8bd5c0c5208"
        }
      ],
      "actionNodes": [
        {
          "outputExpressionVariableIds": [
            "e9d6a66a-fd0f-4d59-8d81-e464cef557dd",
            "ccca5808-e418-4ffc-8a00-f13d306dd1ef"
          ],
          "contextVariableId": "04f4bb96-a499-4fe7-9d92-c9fce9864fe5",
          "nodeType": "ActionNode",
          "id": "d96458b7-082c-47a1-a7e8-888d3e387714",
          "defaultTargetNodeId": "ebb0e5e5-b62d-4dcb-bf85-5cdb0423939d"
        }
      ],
      "dialogChangeNodes": [
        {
          "targetDialogId": "new_topic_84ec227c19784e7ba25cb34f4638f91e_aeabea4d071f415c8c107e1cb7af5424_assumedsuccess",
          "nodeType": "DialogChangeNode",
          "id": "fdcb4b85-b259-49bf-96ae-f8bd5c0c5208"
        }
      ],
      "id": "new_topic_5a2370f6b0ac452b81ad2195b49c0ffc",
      "displayName": "Dialog for Använd spotlight för att uppmärksamma någon under ett möte?",
      "createdTime": "2020-11-24T14:37:53.8230909Z",
      "updatedTime": "2020-12-01T16:14:48.9385053Z",
      "createdUserId": "f04d3cd9-b73d-4ba9-a1ed-9319eba29b21",
      "updatedUserId": "f04d3cd9-b73d-4ba9-a1ed-9319eba29b21"
    }
  ],
  "botMessages": [
    {
      "channelContent": {
        "web": {
          "contentFormat": "Markdown",
          "content": "Att uppmärksamma någons video påminner om att fästa den för alla i mötet. Om du är en organisatör eller presentatör kan du välja vilken av allas video (inklusive din egen) som ska vara huvudvideon deltagarna ser."
        }
      },
      "id": "74b09080-f087-4be9-a23e-684da4c05968",
      "createdTime": "2020-11-24T14:37:53.8230909Z",
      "updatedTime": "2020-11-24T14:37:53.8230909Z",
      "createdUserId": "f04d3cd9-b73d-4ba9-a1ed-9319eba29b21",
      "updatedUserId": "f04d3cd9-b73d-4ba9-a1ed-9319eba29b21"
    },
    {
      "channelContent": {
        "web": {
          "contentFormat": "Markdown",
          "content": "Det finns **två olika sätt**:\n\nHögerklicka på personens video och välj Uppmärksamma från menyn.\n\nDu kan även hitta namnet på deltagaren du vill ge spotlight i deltagarlistan (eller dig själv), högerklicka på deltagarens namn och välj Uppmärksamma."
        }
      },
      "id": "57422bc7-2d15-419b-9e79-ac8115d9eb0b",
      "createdTime": "2020-12-01T15:10:14.197Z",
      "updatedTime": "2020-12-01T15:10:14.197Z",
      "createdUserId": "user-0",
      "updatedUserId": "user-0"
    },
    {
      "channelContent": {
        "web": {
          "contentFormat": "Markdown",
          "content": "När du är redo att avsluta spotlight högerklickar du igen och väljer **Sluta uppmärksamma**."
        }
      },
      "id": "84c6d396-eaac-4b93-a69d-5344be66f8be",
      "createdTime": "2020-12-01T15:10:27.052Z",
      "updatedTime": "2020-12-01T15:10:27.052Z",
      "createdUserId": "user-0",
      "updatedUserId": "user-0"
    }
  ],
  "actionDefinitions": [
    {
      "timeoutInSeconds": 60,
      "retryCount": 1,
      "method": 2,
      "headers": {
        "accept": "application/json"
      },
      "bodyContent": "",
      "actionType": "Flow",
      "flowMetadata": {
        "id": "20dc14c3-c230-eb11-a813-000d3a98dbb4",
        "title": "Bild sensitive",
        "description": "Bild på blockerad info i Teams",
        "httpMethod": 2,
        "outputParameters": [
          {
            "name": "Bild avs",
            "id": "bild_avs",
            "type": "String",
            "optional": true
          },
          {
            "name": "Bild andras vy",
            "id": "bild_andras_vy",
            "type": "String",
            "optional": true
          }
        ],
        "outputSchemaType": "Json",
        "createdTime": "2020-11-27T15:11:07Z",
        "isEnabled": true,
        "lastModifiedTime": "2020-11-27T16:32:00Z"
      },
      "id": "f9ce30cc-98d9-4b7b-b73b-01ed53340cde",
      "displayName": "Bild sensitive",
      "description": "Bild på blockerad info i Teams",
      "createdTime": "2020-12-01T15:40:06.585Z",
      "updatedTime": "2020-12-01T15:40:06.585Z"
    }
  ],
  "contextVariables": [
    {
      "customTypeId": "4b345d54-183a-4ba6-aecd-0469589211c9",
      "initializerType": "Action",
      "scope": "Dialog",
      "greedySlotFillingEnabled": false,
      "isInput": false,
      "externalInitializationAllowed": false,
      "actionId": "f9ce30cc-98d9-4b7b-b73b-01ed53340cde",
      "isGlobal": false,
      "id": "04f4bb96-a499-4fe7-9d92-c9fce9864fe5",
      "displayName": "",
      "createdTime": "2020-12-01T15:40:06.585Z",
      "updatedTime": "2020-12-01T15:40:06.585Z",
      "createdUserId": "user-0",
      "updatedUserId": "user-0"
    },
    {
      "systemType": "String",
      "initializerType": "Expression",
      "scope": "Dialog",
      "greedySlotFillingEnabled": false,
      "isInput": false,
      "externalInitializationAllowed": false,
      "expression": "@parameters('04f4bb96-a499-4fe7-9d92-c9fce9864fe5')['bild_avs']",
      "isGlobal": false,
      "id": "e9d6a66a-fd0f-4d59-8d81-e464cef557dd",
      "displayName": "Bildavs",
      "createdTime": "2020-12-01T15:40:06.586Z",
      "updatedTime": "2020-12-01T15:40:06.586Z",
      "createdUserId": "user-0",
      "updatedUserId": "user-0"
    },
    {
      "systemType": "String",
      "initializerType": "Expression",
      "scope": "Dialog",
      "greedySlotFillingEnabled": false,
      "isInput": false,
      "externalInitializationAllowed": false,
      "expression": "@parameters('04f4bb96-a499-4fe7-9d92-c9fce9864fe5')['bild_andras_vy']",
      "isGlobal": false,
      "id": "ccca5808-e418-4ffc-8a00-f13d306dd1ef",
      "displayName": "Bildandrasvy",
      "createdTime": "2020-12-01T15:40:06.587Z",
      "updatedTime": "2020-12-01T15:40:06.587Z",
      "createdUserId": "user-0",
      "updatedUserId": "user-0"
    }
  ],
  "jsonTypes": [
    {
      "customTypeSchema": "Json",
      "id": "4b345d54-183a-4ba6-aecd-0469589211c9",
      "displayName": "Response Json Type for Flow - Bild sensitive",
      "createdTime": "2020-12-01T15:40:06.585Z",
      "updatedTime": "2020-12-01T15:40:06.585Z"
    }
  ]
}