{
  "intents": [
    {
      "intentType": "Regular",
      "endUserOverrideName": "Videoutbildning",
      "triggerQueries": [
        "Teams utbildning online?",
        "Se videos om Teams",
        "Se videor om funktioner i Teams",
        "Var hittar jag Microsoft Teams videor?",
        "Videoutbildning",
        "digital utbildning för Teams?",
        "videoträning om teams",
        "Jag vill få videoutbildning!",
        "Finns det någon utbildning i Teams?",
        "Hur kan jag ta del av onlineutbildning i Teams?"
      ],
      "dialogId": "new_topic_d1e5b1fecad548a4b278960219263f44",
      "isTriggeringEnabled": true,
      "id": "new_topic_d1e5b1fecad548a4b278960219263f44",
      "displayName": "Hur kan jag få digital utbildning kring Teams?",
      "description": "Manuellt tillagd fråga",
      "createdTime": "2020-12-03T08:50:24.8397347Z",
      "updatedTime": "2020-12-11T16:08:10.3924224Z",
      "createdUserId": "844fcc91-8b17-49d9-9824-79f412da094a",
      "updatedUserId": "f04d3cd9-b73d-4ba9-a1ed-9319eba29b21"
    }
  ],
  "dialogs": [
    {
      "rootNodeId": "28b52e1b-66ab-4ad1-a7b5-5ea2eb34c58b",
      "messageNodes": [
        {
          "botMessageId": "206b1be3-5614-4e74-b19b-50dac4cf80e7",
          "nodeType": "BotMessageNode",
          "id": "28b52e1b-66ab-4ad1-a7b5-5ea2eb34c58b",
          "defaultTargetNodeId": "4c659c9a-f84e-4082-95c3-5c095bf618c1"
        }
      ],
      "dialogChangeNodes": [
        {
          "targetDialogId": "new_topic_84ec227c19784e7ba25cb34f4638f91e_aeabea4d071f415c8c107e1cb7af5424_assumedsuccess",
          "nodeType": "DialogChangeNode",
          "id": "4c659c9a-f84e-4082-95c3-5c095bf618c1"
        }
      ],
      "id": "new_topic_d1e5b1fecad548a4b278960219263f44",
      "displayName": "Dialog for Hur kan jag få digital utbildning kring Teams?",
      "createdTime": "2020-12-03T08:50:24.8397347Z",
      "updatedTime": "2020-12-03T10:37:44.0113264Z",
      "createdUserId": "844fcc91-8b17-49d9-9824-79f412da094a",
      "updatedUserId": "f04d3cd9-b73d-4ba9-a1ed-9319eba29b21"
    }
  ],
  "botMessages": [
    {
      "channelContent": {
        "web": {
          "contentFormat": "Markdown",
          "content": "Här kan du ta del av:   \n[Videoutbildning för Microsoft Teams](https://support.microsoft.com/sv-se/office/videoutbildning-f%C3%B6r-microsoft-teams-4f108e54-240b-4351-8084-b1089f0d21d7) 👍🎬"
        }
      },
      "id": "206b1be3-5614-4e74-b19b-50dac4cf80e7",
      "createdTime": "2020-12-03T08:50:24.8397347Z",
      "updatedTime": "2020-12-03T08:50:24.8397347Z",
      "createdUserId": "844fcc91-8b17-49d9-9824-79f412da094a",
      "updatedUserId": "844fcc91-8b17-49d9-9824-79f412da094a"
    }
  ]
}