{
  "intents": [
    {
      "triggerQueries": [
        "Vedere i partecipanti alla riunione in un auditorium",
        "vedere tutti in una riunione seduti uno accanto all'altro",
        "attivare la modalità insieme",
        "Come si attiva la modalità insieme?",
        "Abilitare modalità  insieme",
        "Usa la modalità insieme faccia a faccia",
        "Dove posso trovare la modalità insieme?",
        "Modalità insieme",
        "Modalità insieme nelle riunioni",
        "Come si attiva la modalità Insieme?"
      ],
      "dialogId": "new_topic_9a8d2b474d074b54b050040bc5f3334a",
      "isTriggeringEnabled": true,
      "id": "new_topic_9a8d2b474d074b54b050040bc5f3334a",
      "displayName": "Come si attiva la Modalità Insieme?",
      "createdTime": "2022-04-28T09:00:01.2856221Z",
      "updatedTime": "2022-04-28T09:00:01.2856221Z",
      "createdUserId": "9451fc51-e00d-4445-8ff9-efb70866dc3b",
      "updatedUserId": "9451fc51-e00d-4445-8ff9-efb70866dc3b"
    }
  ],
  "dialogs": [
    {
      "rootNodeId": "15a81cd1-6fde-4817-9204-502efd9f72d9",
      "messageNodes": [
        {
          "botMessageId": "5f862bc8-4bcc-46f9-a812-5143abd562fb",
          "nodeType": "BotMessageNode",
          "id": "15a81cd1-6fde-4817-9204-502efd9f72d9",
          "defaultTargetNodeId": "be516c78-e106-42ab-99b7-f779185b4624"
        },
        {
          "botMessageId": "df623056-2c9c-4f57-9d42-7f76412028b7",
          "nodeType": "BotMessageNode",
          "id": "be516c78-e106-42ab-99b7-f779185b4624",
          "defaultTargetNodeId": "0efd1a7d-47d4-4fcb-93db-5a36c763ea23"
        },
        {
          "botMessageId": "80ab3d58-b501-459e-b7f9-e215fbfb9378",
          "nodeType": "BotMessageNode",
          "id": "0efd1a7d-47d4-4fcb-93db-5a36c763ea23",
          "defaultTargetNodeId": "676c529c-58c2-468e-89fa-969335d7f10e"
        },
        {
          "botMessageId": "fc600c75-c351-4fdc-9a17-9aff6cba5c49",
          "nodeType": "BotMessageNode",
          "id": "676c529c-58c2-468e-89fa-969335d7f10e",
          "defaultTargetNodeId": "8bcf542a-8ab2-4e96-a487-c6d16402dec5"
        }
      ],
      "dialogChangeNodes": [
        {
          "targetDialogId": "new_topic_f98a24608ee04cb998de3e3e32703d5b_aeabea4d071f415c8c107e1cb7af5424_assumedsuccess",
          "nodeType": "DialogChangeNode",
          "id": "8bcf542a-8ab2-4e96-a487-c6d16402dec5"
        }
      ],
      "id": "new_topic_9a8d2b474d074b54b050040bc5f3334a",
      "displayName": "Senza titolo",
      "createdTime": "2022-04-28T09:00:01.2856221Z",
      "updatedTime": "2022-04-28T09:00:01.2856221Z",
      "createdUserId": "9451fc51-e00d-4445-8ff9-efb70866dc3b",
      "updatedUserId": "9451fc51-e00d-4445-8ff9-efb70866dc3b"
    }
  ],
  "botMessages": [
    {
      "channelContent": {
        "web": {
          "contentFormat": "Markdown",
          "content": "[La modalità insieme](https://support.microsoft.com/it-it/office/uso-dei-video-in-microsoft-teams-3647fc29-7b92-4c26-8c2d-8a596904cdae#bkmk_togethermodeview) aumenta la sensazione di stare insieme e, secondo gli studi, riduce il carico cognitivo su di noi nelle riunioni digitali. È probabile che ci si stanchi meno rispetto alle visualizzazioni regolari nelle riunioni digitali!"
        }
      },
      "id": "5f862bc8-4bcc-46f9-a812-5143abd562fb",
      "createdTime": "2022-04-28T08:20:15.968Z",
      "updatedTime": "2022-04-28T08:20:15.968Z"
    },
    {
      "channelContent": {
        "web": {
          "contentFormat": "Markdown",
          "content": "Vai alle **opzioni della riunione** durante la riunione (...) e seleziona **Modalità insieme** per abilitare questa vista per te (Questo influisce solo la **tua** visualizzazione della riunione)"
        }
      },
      "id": "df623056-2c9c-4f57-9d42-7f76412028b7",
      "createdTime": "2022-04-28T08:53:55.74Z",
      "updatedTime": "2022-04-28T08:53:55.74Z",
      "createdUserId": "user-0",
      "updatedUserId": "user-0"
    },
    {
      "channelContent": {
        "web": {
          "contentFormat": "Markdown",
          "content": "💡 **Suggerimento**: Per essere visibile in modalità Insieme, è necessario che la fotocamera sia accesa. _Attualmente (2021)_, fino a _50 persone diverse possono essere viste in modalità Insieme allo stesso tempo a seconda della scena scelta._"
        }
      },
      "id": "80ab3d58-b501-459e-b7f9-e215fbfb9378",
      "createdTime": "2022-04-28T08:57:26.292Z",
      "updatedTime": "2022-04-28T08:57:26.292Z",
      "createdUserId": "user-0",
      "updatedUserId": "user-0"
    },
    {
      "channelContent": {
        "web": {
          "contentFormat": "Markdown",
          "content": "[Ulteriori informazioni sulle opzioni video in Team.](https://support.microsoft.com/it-it/office/uso-dei-video-in-microsoft-teams-3647fc29-7b92-4c26-8c2d-8a596904cdae)"
        }
      },
      "id": "fc600c75-c351-4fdc-9a17-9aff6cba5c49",
      "createdTime": "2022-04-28T08:59:22.003Z",
      "updatedTime": "2022-04-28T08:59:22.003Z",
      "createdUserId": "user-0",
      "updatedUserId": "user-0"
    }
  ]
}