{
  "intents": [
    {
      "triggerQueries": [
        "Modificare un messaggio inviato",
        "Come posso modificare un messaggio inviato?",
        "Posso cambiare un messaggio inviato?",
        "Voglio cambiare qualcosa che ho mandato",
        "Come faccio a modificare i messaggi",
        "Come posso modificare un messaggio inviato?"
      ],
      "dialogId": "new_topic_68c8084e5965401188fdbb24a330a03c",
      "isTriggeringEnabled": true,
      "id": "new_topic_68c8084e5965401188fdbb24a330a03c",
      "displayName": "Come posso modificare un messaggio inviato?",
      "createdTime": "2022-04-26T19:32:17.0175819Z",
      "updatedTime": "2022-04-26T19:32:17.0175819Z",
      "createdUserId": "9451fc51-e00d-4445-8ff9-efb70866dc3b",
      "updatedUserId": "9451fc51-e00d-4445-8ff9-efb70866dc3b"
    }
  ],
  "dialogs": [
    {
      "rootNodeId": "db45e282-38a6-48c0-ae1f-5627454da210",
      "messageNodes": [
        {
          "botMessageId": "38ea90ef-1a53-4fa7-b763-bec532768171",
          "nodeType": "BotMessageNode",
          "id": "db45e282-38a6-48c0-ae1f-5627454da210",
          "defaultTargetNodeId": "630a75d0-eb08-4fab-9ee9-1b9e363cb066"
        },
        {
          "botMessageId": "58a5f099-8705-4567-b81f-be5f2eb96ec1",
          "nodeType": "BotMessageNode",
          "id": "630a75d0-eb08-4fab-9ee9-1b9e363cb066",
          "defaultTargetNodeId": "b03c4cfc-3358-4b76-9059-28d1b03e0af1"
        },
        {
          "botMessageId": "9934e2f7-d559-4b2d-9615-dc8f03183018",
          "nodeType": "BotMessageNode",
          "id": "b03c4cfc-3358-4b76-9059-28d1b03e0af1",
          "defaultTargetNodeId": "03b9be8b-33b2-4734-980a-d3248322db26"
        }
      ],
      "dialogChangeNodes": [
        {
          "targetDialogId": "new_topic_f98a24608ee04cb998de3e3e32703d5b_aeabea4d071f415c8c107e1cb7af5424_assumedsuccess",
          "nodeType": "DialogChangeNode",
          "id": "03b9be8b-33b2-4734-980a-d3248322db26"
        }
      ],
      "id": "new_topic_68c8084e5965401188fdbb24a330a03c",
      "displayName": "Senza titolo",
      "createdTime": "2022-04-26T19:32:17.0175819Z",
      "updatedTime": "2022-04-26T19:32:17.0175819Z",
      "createdUserId": "9451fc51-e00d-4445-8ff9-efb70866dc3b",
      "updatedUserId": "9451fc51-e00d-4445-8ff9-efb70866dc3b"
    }
  ],
  "botMessages": [
    {
      "channelContent": {
        "web": {
          "contentFormat": "Markdown",
          "content": "È possibile modificare tutti i messaggi che hai inviato a una chat o un canale."
        }
      },
      "id": "38ea90ef-1a53-4fa7-b763-bec532768171",
      "createdTime": "2022-04-26T19:27:14.622Z",
      "updatedTime": "2022-04-26T19:27:14.622Z"
    },
    {
      "channelContent": {
        "web": {
          "contentFormat": "Markdown",
          "content": "1.  Vai al messaggio e seleziona **Altre opzioni** (...) > **Modifica**.\n2.  Apportare le modifiche al messaggio e inviare per salvare l'aggiornamento.\n\nNon c'è limite al numero di volte in cui puoi apportare modifiche a un messaggio inviato!"
        }
      },
      "id": "58a5f099-8705-4567-b81f-be5f2eb96ec1",
      "createdTime": "2022-04-26T19:29:16.645Z",
      "updatedTime": "2022-04-26T19:29:16.645Z",
      "createdUserId": "user-0",
      "updatedUserId": "user-0"
    },
    {
      "channelContent": {
        "web": {
          "contentFormat": "Markdown",
          "content": "**Nota:** La tua azienda o alcuni team potrebbero aver disabilitato questa opzione."
        }
      },
      "id": "9934e2f7-d559-4b2d-9615-dc8f03183018",
      "createdTime": "2022-04-26T19:31:04.804Z",
      "updatedTime": "2022-04-26T19:31:04.804Z",
      "createdUserId": "user-0",
      "updatedUserId": "user-0"
    }
  ]
}