{
  "intents": [
    {
      "intentType": "Regular",
      "triggerQueries": [
        "stop bots from sending notifications",
        "uninstall a bot",
        "blocking a chatbot",
        "blocking a bot",
        "blocking a robot",
        "I want to stop talking with a bot",
        "removing a chatbot",
        "Prevent a bot from talking to me",
        "how can I prevent a bot?",
        "stop getting notifications from bot in Teams",
        "How do I block a bot?"
      ],
      "dialogId": "new_topic_8b7dc453627744af97d8d8894367297c",
      "isTriggeringEnabled": true,
      "id": "new_topic_8b7dc453627744af97d8d8894367297c",
      "displayName": "How do I block a bot?",
      "description": "https://adoptbotv2kb.blob.core.windows.net/%24web/AdoptBot2021-English.docx",
      "createdTime": "2021-01-13T22:20:51.2371466Z",
      "updatedTime": "2021-01-27T18:00:34.6028851Z",
      "createdUserId": "f04d3cd9-b73d-4ba9-a1ed-9319eba29b21",
      "updatedUserId": "f04d3cd9-b73d-4ba9-a1ed-9319eba29b21"
    }
  ],
  "dialogs": [
    {
      "rootNodeId": "d80d721e-06bb-4758-964c-bc351850fe53",
      "messageNodes": [
        {
          "botMessageId": "73b0ebfe-0668-4971-81e8-dda09bdc9808",
          "nodeType": "BotMessageNode",
          "id": "d80d721e-06bb-4758-964c-bc351850fe53",
          "defaultTargetNodeId": "371b399c-5dd5-457e-9b0e-6010250b9d7a"
        }
      ],
      "dialogChangeNodes": [
        {
          "targetDialogId": "new_topic_eac3f49c99664313a9d9dc19d80a79a2_aeabea4d071f415c8c107e1cb7af5424_assumedsuccess",
          "nodeType": "DialogChangeNode",
          "id": "371b399c-5dd5-457e-9b0e-6010250b9d7a"
        }
      ],
      "id": "new_topic_8b7dc453627744af97d8d8894367297c",
      "displayName": "Dialog for How do I block a bot?",
      "createdTime": "2021-01-13T22:20:51.2371466Z",
      "updatedTime": "2021-01-27T18:03:13.5667654Z",
      "createdUserId": "f04d3cd9-b73d-4ba9-a1ed-9319eba29b21",
      "updatedUserId": "f04d3cd9-b73d-4ba9-a1ed-9319eba29b21"
    }
  ],
  "botMessages": [
    {
      "channelContent": {
        "web": {
          "contentFormat": "Markdown",
          "content": "If you’re tired of hearing from a bot, Just relax. There's an easy fix here:  \n[Block or remove a bot in Teams](https://support.microsoft.com/en-us/office/block-or-remove-a-bot-in-teams-28c13adc-f647-4448-81d9-985ba6c17b98)"
        }
      },
      "id": "73b0ebfe-0668-4971-81e8-dda09bdc9808",
      "createdTime": "2021-01-13T22:20:51.2371466Z",
      "updatedTime": "2021-01-13T22:20:51.2371466Z",
      "createdUserId": "f04d3cd9-b73d-4ba9-a1ed-9319eba29b21",
      "updatedUserId": "f04d3cd9-b73d-4ba9-a1ed-9319eba29b21"
    }
  ]
}