{
  "intents": [
    {
      "endUserOverrideName": "Shifts in Teams",
      "triggerQueries": [
        "kan ik mijn shift wijzigen in teams",
        "kan ik een rooster maken in teams",
        "Wat is shifts",
        "Hoe kan ik een werk rooster maken in Teams",
        "Shifts ruilen in Teams",
        "Rooster maken in Teams",
        "Werkplanning",
        "Wat is Shifts in Teams?"
      ],
      "dialogId": "new_topic_d8486b6c656f4d12bad8d2fafb36d764",
      "isTriggeringEnabled": true,
      "id": "new_topic_d8486b6c656f4d12bad8d2fafb36d764",
      "displayName": "Shifts in Teams",
      "description": "",
      "createdTime": "2021-03-22T07:49:50.978639Z",
      "updatedTime": "2021-03-29T21:56:28.3610019Z",
      "createdUserId": "c1e90dc0-1df0-459d-8164-0dcb7915deaf",
      "updatedUserId": "c1e90dc0-1df0-459d-8164-0dcb7915deaf"
    }
  ],
  "dialogs": [
    {
      "rootNodeId": "5a78cdbc-14d6-4375-8761-39456c328bd2",
      "messageNodes": [
        {
          "botMessageId": "2b1e6c4c-549e-4348-8e8a-443e323b22d2",
          "nodeType": "BotMessageNode",
          "id": "38d908e4-a447-41b8-b70e-d1671f60024d",
          "defaultTargetNodeId": "0fc3d5f1-d38e-4e31-9e82-8a780c0b6ca5"
        },
        {
          "botMessageId": "fd6c808a-732d-4848-8682-f2ef9ea54ee6",
          "nodeType": "BotMessageNode",
          "id": "5a78cdbc-14d6-4375-8761-39456c328bd2",
          "defaultTargetNodeId": "38d908e4-a447-41b8-b70e-d1671f60024d"
        },
        {
          "botMessageId": "ec333b33-277f-4181-b2e0-6653719e5303",
          "nodeType": "BotMessageNode",
          "id": "0fc3d5f1-d38e-4e31-9e82-8a780c0b6ca5",
          "defaultTargetNodeId": "61653744-df38-4c60-a3d9-473c87f1ef63"
        },
        {
          "botMessageId": "c15422d5-c1bd-422a-b968-fceda8cea9dc",
          "nodeType": "BotMessageNode",
          "id": "61653744-df38-4c60-a3d9-473c87f1ef63",
          "defaultTargetNodeId": "a83ac75c-c09e-4ac4-ba5e-461b80264fae"
        },
        {
          "botMessageId": "faea5b38-a24a-442c-93f1-8a2cde3eda58",
          "nodeType": "BotMessageNode",
          "id": "a83ac75c-c09e-4ac4-ba5e-461b80264fae",
          "defaultTargetNodeId": "db5019e1-3c42-4b46-b2fe-8406d6383891"
        }
      ],
      "dialogChangeNodes": [
        {
          "targetDialogId": "new_topic_9d295c394a47419da3b4d205b7ed4c20_aeabea4d071f415c8c107e1cb7af5424_assumedsuccess",
          "nodeType": "DialogChangeNode",
          "id": "db5019e1-3c42-4b46-b2fe-8406d6383891"
        }
      ],
      "id": "new_topic_d8486b6c656f4d12bad8d2fafb36d764",
      "displayName": "Dialog for Shifts in Teams",
      "createdTime": "2021-03-22T07:49:50.978639Z",
      "updatedTime": "2021-03-29T21:57:16.9531495Z",
      "createdUserId": "c1e90dc0-1df0-459d-8164-0dcb7915deaf",
      "updatedUserId": "c1e90dc0-1df0-459d-8164-0dcb7915deaf"
    }
  ],
  "botMessages": [
    {
      "channelContent": {
        "web": {
          "contentFormat": "Markdown",
          "content": "Mensen die in ploegendienst werken, wensen vaak dat ze een altijd up-to-date schema op hun telefoon hebben."
        }
      },
      "id": "2b1e6c4c-549e-4348-8e8a-443e323b22d2",
      "createdTime": "2021-03-22T07:49:50.978639Z",
      "updatedTime": "2021-03-22T07:49:50.978639Z",
      "createdUserId": "c1e90dc0-1df0-459d-8164-0dcb7915deaf",
      "updatedUserId": "c1e90dc0-1df0-459d-8164-0dcb7915deaf"
    },
    {
      "channelContent": {
        "web": {
          "contentFormat": "Markdown",
          "content": "_Let op: het kan zijn dat deze functionaliteit is uitgeschakeld voor uw organisatie._"
        }
      },
      "id": "fd6c808a-732d-4848-8682-f2ef9ea54ee6",
      "createdTime": "2021-03-22T07:50:05.058Z",
      "updatedTime": "2021-03-22T07:50:05.058Z",
      "createdUserId": "user-0",
      "updatedUserId": "user-0"
    },
    {
      "channelContent": {
        "web": {
          "contentFormat": "Markdown",
          "content": "[Shifts in Teams](https://support.microsoft.com/nl-nl/office/what-is-shifts-f8efe6e4-ddb3-4d23-b81b-bb812296b821) is een app om een up-to-date schema te beheren en synchroon te blijven met je team. Ontworpen om de beste vriend van een _eerstelijnswerker_ te zijn, of op zijn minst een geweldig up-to-date schema. Allemaal op je telefoon."
        }
      },
      "id": "ec333b33-277f-4181-b2e0-6653719e5303",
      "createdTime": "2021-03-22T07:50:19.18Z",
      "updatedTime": "2021-03-22T07:50:19.18Z",
      "createdUserId": "user-0",
      "updatedUserId": "user-0"
    },
    {
      "channelContent": {
        "web": {
          "contentFormat": "Markdown",
          "content": "Beheer uw roosters.\n\n*   Ploegenrooster - Kijk altijd wie welke dienst werkt. Je zult zien wie er online is op basis van hun [aanwezigheid.](https://docs.microsoft.com/nl-nl/microsoftteams/presence-admins) Dus, als je moet praten met iemand, selecteer ze (geen verouderde nummers meer en raden wie beschikbaar is).\n*   Bekijk notities of opmerkingen voor meer informatie aan een shift.\n*   Tijdklok - Klok in of klok uit uw dienst."
        }
      },
      "id": "c15422d5-c1bd-422a-b968-fceda8cea9dc",
      "createdTime": "2021-03-22T07:50:59.335Z",
      "updatedTime": "2021-03-22T07:50:59.335Z",
      "createdUserId": "user-0",
      "updatedUserId": "user-0"
    },
    {
      "channelContent": {
        "web": {
          "contentFormat": "Markdown",
          "content": "[Meer info.](https://support.microsoft.com/nl-nl/office/wat-is-een-ploegendienst-f8efe6e4-ddb3-4d23-b81b-bb812296b821?ui=nl-NL&rs=nl-NL&ad=NL)"
        }
      },
      "id": "faea5b38-a24a-442c-93f1-8a2cde3eda58",
      "createdTime": "2021-03-22T07:52:32.84Z",
      "updatedTime": "2021-03-22T07:52:32.84Z",
      "createdUserId": "user-0",
      "updatedUserId": "user-0"
    }
  ],
  "createdUtc": "0001-01-01T00:00:00Z"
}