{
  "intents": [
    {
      "endUserOverrideName": "Cos'è Turni in Teams?",
      "triggerQueries": [
        "Cosa può fare l'app Turni in Teams?",
        "pianificazione del lavoro mobile",
        "Orario di lavoro sempre aggiornato?",
        "chi può coprire il mio turno?",
        "accedere ai turni da un telefono",
        "Creare un orario per il mio team",
        "gestire i turni per il mio team",
        "Turni per la prima linea",
        "app orologio per la timbratura",
        "Gestire gli orari in Teams",
        "report orari per i tempi di un turno",
        "Ho bisogno di gestire i lavoratori in prima linea",
        "Cos'è l'app Turni?",
        "Per cosa si usa Turni in Teams?",
        "Qualcuno può coprire il mio turno?",
        "Come posso vedere chi sta lavorando a turno?",
        "Si può creare una programmazione dell'orario di un Team?",
        "Creare una programmazione per il mio Team",
        "programmazione orari sempre aggiornata",
        "lavoro a turni",
        "Lavoratori in prima linea che utilizzano i turni",
        "Turni per i lavoratori in prima linea",
        "App Microsoft Shifts",
        "Una programmazione aggiornata? (CTurni in Teams)",
        "Che cos'è l'app Turni in Teams?"
      ],
      "dialogId": "new_topic_24a31bd859454fe0a204ce02043233e6",
      "isTriggeringEnabled": true,
      "id": "new_topic_24a31bd859454fe0a204ce02043233e6",
      "displayName": "Cos'è l'app Turni in Teams?",
      "createdTime": "2022-04-17T23:17:44.853174Z",
      "updatedTime": "2022-04-25T10:17:14.2783648Z",
      "createdUserId": "9451fc51-e00d-4445-8ff9-efb70866dc3b",
      "updatedUserId": "9451fc51-e00d-4445-8ff9-efb70866dc3b"
    }
  ],
  "dialogs": [
    {
      "rootNodeId": "13a450be-0a6e-4911-a515-8523906e84b3",
      "messageNodes": [
        {
          "botMessageId": "a05bff7b-239d-4ec5-b8fe-62025a7dd784",
          "nodeType": "BotMessageNode",
          "id": "13a450be-0a6e-4911-a515-8523906e84b3",
          "defaultTargetNodeId": "2060c2cd-30e6-4270-8322-2a93ce97b234"
        },
        {
          "botMessageId": "a53a51d6-1e24-4b08-bde8-3b11ddaff32c",
          "nodeType": "BotMessageNode",
          "id": "2060c2cd-30e6-4270-8322-2a93ce97b234",
          "defaultTargetNodeId": "e33b316c-2b0d-4f53-9e21-89b5cd892e6f"
        },
        {
          "botMessageId": "38427e79-2e24-40b1-8ebc-a8edab73a381",
          "nodeType": "BotMessageNode",
          "id": "e33b316c-2b0d-4f53-9e21-89b5cd892e6f",
          "defaultTargetNodeId": "b10f7c86-e4c1-43de-bf9d-95e97906e7fa"
        },
        {
          "botMessageId": "fe6502ac-7d89-491c-a7b3-c1c854ac615f",
          "nodeType": "BotMessageNode",
          "id": "b10f7c86-e4c1-43de-bf9d-95e97906e7fa",
          "defaultTargetNodeId": "5ceb13ce-a73b-45d9-9a5a-d401f0209c76"
        }
      ],
      "dialogChangeNodes": [
        {
          "targetDialogId": "new_topic_f98a24608ee04cb998de3e3e32703d5b_aeabea4d071f415c8c107e1cb7af5424_assumedsuccess",
          "nodeType": "DialogChangeNode",
          "id": "5ceb13ce-a73b-45d9-9a5a-d401f0209c76"
        }
      ],
      "id": "new_topic_24a31bd859454fe0a204ce02043233e6",
      "displayName": "Senza titolo",
      "createdTime": "2022-04-17T23:17:44.853174Z",
      "updatedTime": "2022-04-25T10:17:14.2783648Z",
      "createdUserId": "9451fc51-e00d-4445-8ff9-efb70866dc3b",
      "updatedUserId": "9451fc51-e00d-4445-8ff9-efb70866dc3b"
    }
  ],
  "botMessages": [
    {
      "channelContent": {
        "web": {
          "contentFormat": "Markdown",
          "content": "Molti vorrebbero avere gli orari di lavoro sempre aggiornati sul loro telefono..."
        }
      },
      "id": "a05bff7b-239d-4ec5-b8fe-62025a7dd784",
      "createdTime": "2022-04-17T22:28:07.807Z",
      "updatedTime": "2022-04-17T22:28:07.807Z"
    },
    {
      "channelContent": {
        "web": {
          "contentFormat": "Markdown",
          "content": "Ciò è possibile! [Turni in Teams](https://support.microsoft.com/it-it/office/che-cos-%C3%A8-turni-f8efe6e4-ddb3-4d23-b81b-bb812296b821) è un'applicazione Teams gratuita per gestire gli orari e rimanere in sincronia con il tuo team. Un ottimo strumento di pianificazione per chiunque e progettato principalmente per essere il migliore amico di un \"lavoratore in prima linea\".  Beh, almeno un ottimo programma 😉tutto sul tuo telefono."
        }
      },
      "id": "a53a51d6-1e24-4b08-bde8-3b11ddaff32c",
      "createdTime": "2022-04-17T22:44:03.05Z",
      "updatedTime": "2022-04-17T22:44:03.05Z",
      "createdUserId": "user-0",
      "updatedUserId": "user-0"
    },
    {
      "channelContent": {
        "web": {
          "contentFormat": "Markdown",
          "content": "Gestire i Turni\n\n*   📅Programmazione Turni - Vedere sempre chi sta lavorando in quale turno. Vedere chi è online in base allo stato di [presenza](https://docs.microsoft.com/it-it/microsoftteams/presence-admins).\n*   📲Se si vuole parlare con qualcuno basta selezionarlo (non più numeri obsoleti e indovinare chi è disponibile!).\n*   📝Revisione/aggiunta note per ulteriori dettagli su un turno.\n*   🕓Orologio orario - Orologio in entrata o in uscita dal tuo turno."
        }
      },
      "id": "38427e79-2e24-40b1-8ebc-a8edab73a381",
      "createdTime": "2022-04-17T22:48:32.849Z",
      "updatedTime": "2022-04-17T22:48:32.849Z",
      "createdUserId": "user-0",
      "updatedUserId": "user-0"
    },
    {
      "channelContent": {
        "web": {
          "contentFormat": "Markdown",
          "content": "💡 Suggerimento: Se sei sempre in movimento, controlla se l'app [Walkie Talkie di Teams](https://support.microsoft.com/it-it/office/introduzione-a-walkie-talkie-di-teams-25bdc3d5-bbb2-41b7-89bf-650fae0c8e0c) può risultare utile."
        }
      },
      "id": "fe6502ac-7d89-491c-a7b3-c1c854ac615f",
      "createdTime": "2022-04-17T23:06:07.097Z",
      "updatedTime": "2022-04-17T23:06:07.097Z",
      "createdUserId": "user-0",
      "updatedUserId": "user-0"
    }
  ]
}