{
  "intents": [
    {
      "intentType": "Regular",
      "triggerQueries": [
        "Can I get an attendance list?",
        "attendance list?",
        "attendance report?",
        "Download attendance report?",
        "See attendance report in the meeting",
        "Can you tell who was in the meeting?",
        "See who attended a meeting",
        "Can I get an attendance report?"
      ],
      "dialogId": "new_topic_a5368c924c354f81b755955e15418e7a",
      "isTriggeringEnabled": true,
      "id": "new_topic_a5368c924c354f81b755955e15418e7a",
      "displayName": "Can I get an attendance report?",
      "description": "https://adoptbotv2kb.blob.core.windows.net/%24web/AdoptBot2021-English.docx",
      "createdTime": "2021-01-13T22:20:51.2381463Z",
      "updatedTime": "2021-01-27T21:18:52.0175296Z",
      "createdUserId": "f04d3cd9-b73d-4ba9-a1ed-9319eba29b21",
      "updatedUserId": "f04d3cd9-b73d-4ba9-a1ed-9319eba29b21"
    }
  ],
  "dialogs": [
    {
      "rootNodeId": "baff1594-85c8-47ae-a1f6-8d21e5c93a5b",
      "messageNodes": [
        {
          "botMessageId": "4af65f0a-5c9a-49d1-a9db-30a34a333c00",
          "nodeType": "BotMessageNode",
          "id": "baff1594-85c8-47ae-a1f6-8d21e5c93a5b",
          "defaultTargetNodeId": "60cf8586-59e6-46f9-b024-62efb8fac87f"
        },
        {
          "botMessageId": "5816b7ef-22e7-4ec7-9e50-e975369e346c",
          "nodeType": "BotMessageNode",
          "id": "60cf8586-59e6-46f9-b024-62efb8fac87f",
          "defaultTargetNodeId": "8657a9fd-612e-4a71-9732-cc973350acc4"
        },
        {
          "botMessageId": "9ba8b730-1ca8-4aad-8107-d3ec278feb69",
          "nodeType": "BotMessageNode",
          "id": "8657a9fd-612e-4a71-9732-cc973350acc4",
          "defaultTargetNodeId": "8726b6ae-ea1f-483f-ba11-6dd016d6a65b"
        }
      ],
      "dialogChangeNodes": [
        {
          "targetDialogId": "new_topic_eac3f49c99664313a9d9dc19d80a79a2_aeabea4d071f415c8c107e1cb7af5424_assumedsuccess",
          "nodeType": "DialogChangeNode",
          "id": "8726b6ae-ea1f-483f-ba11-6dd016d6a65b"
        }
      ],
      "id": "new_topic_a5368c924c354f81b755955e15418e7a",
      "displayName": "Dialog for Can I get an attendance report?",
      "createdTime": "2021-01-13T22:20:51.2381463Z",
      "updatedTime": "2021-01-27T21:19:02.9890901Z",
      "createdUserId": "f04d3cd9-b73d-4ba9-a1ed-9319eba29b21",
      "updatedUserId": "f04d3cd9-b73d-4ba9-a1ed-9319eba29b21"
    }
  ],
  "botMessages": [
    {
      "channelContent": {
        "web": {
          "contentFormat": "Markdown",
          "content": "Meeting organizers can [view and download a meeting attendance report](https://support.microsoft.com/en-us/office/download-attendance-reports-in-teams-ae7cf170-530c-47d3-84c1-3aedac74d310?ui=en-US&rs=en-US&ad=US). Find this report in the Participants pane of the meeting, by clicking the download arrow."
        }
      },
      "id": "4af65f0a-5c9a-49d1-a9db-30a34a333c00",
      "createdTime": "2021-01-13T22:20:51.2381463Z",
      "updatedTime": "2021-01-13T22:20:51.2381463Z",
      "createdUserId": "f04d3cd9-b73d-4ba9-a1ed-9319eba29b21",
      "updatedUserId": "f04d3cd9-b73d-4ba9-a1ed-9319eba29b21"
    },
    {
      "channelContent": {
        "web": {
          "contentFormat": "Markdown",
          "content": "You can download the report as a .CSV (can be opened in Excel)."
        }
      },
      "id": "5816b7ef-22e7-4ec7-9e50-e975369e346c",
      "createdTime": "2021-01-27T21:16:48.237Z",
      "updatedTime": "2021-01-27T21:16:48.237Z",
      "createdUserId": "user-0",
      "updatedUserId": "user-0"
    },
    {
      "channelContent": {
        "web": {
          "contentFormat": "Markdown",
          "content": "**For Admins:** See this article for details [Microsoft Teams meeting attendance report](https://docs.microsoft.com/en-us/microsoftteams/teams-analytics-and-reports/meeting-attendance-report)"
        }
      },
      "id": "9ba8b730-1ca8-4aad-8107-d3ec278feb69",
      "createdTime": "2021-01-27T21:18:30.621Z",
      "updatedTime": "2021-01-27T21:18:30.621Z",
      "createdUserId": "user-0",
      "updatedUserId": "user-0"
    }
  ]
}