{
  "intents": [
    {
      "endUserOverrideName": "Ajouter des membres à une équipe",
      "triggerQueries": [
        "Comment inviter de nouvelles personnes dans une équipe?",
        "Comment puis-je ajouter une membre à une équipe?",
        "Ajouter des membres à une équipe",
        "Inviter des collègues dans une équipe",
        "Inviter plus de personnes à collaborarer",
        "Ajouter une nouvelle personne à une équipe",
        "Ajouter des membres dans l'équipe?",
        "Ajouter des membre à une équipe",
        "Ajouter quelqu'un dans votre équipe",
        "Comment puis-je ajouter plus de personnes dans une équipe?",
        "Comment puis-je ajouter un membre à une équipe?"
      ],
      "dialogId": "new_topic_f9d20c82bdf74ba3a5f189676e25999d",
      "isTriggeringEnabled": true,
      "id": "new_topic_f9d20c82bdf74ba3a5f189676e25999d",
      "displayName": "Comment ajouter un membre à une équipe?",
      "description": "",
      "createdTime": "2021-01-13T22:20:51.2371466Z",
      "updatedTime": "2021-05-24T11:50:46.0108893Z",
      "createdUserId": "f04d3cd9-b73d-4ba9-a1ed-9319eba29b21",
      "updatedUserId": "75392dcd-00bb-4588-89e9-c55bcbe40ccb"
    }
  ],
  "dialogs": [
    {
      "rootNodeId": "fdeb01b4-dba4-4f92-81d2-724ab5e827af",
      "messageNodes": [
        {
          "botMessageId": "66d85954-f2fc-4059-95f6-f71751deefef",
          "nodeType": "BotMessageNode",
          "id": "fdeb01b4-dba4-4f92-81d2-724ab5e827af",
          "defaultTargetNodeId": "680accdc-1d2c-4454-bd3d-21c8b38cf9a7"
        },
        {
          "botMessageId": "67ce64e1-d62c-479f-917e-05d8802e21e8",
          "nodeType": "BotMessageNode",
          "id": "680accdc-1d2c-4454-bd3d-21c8b38cf9a7",
          "defaultTargetNodeId": "e1b87388-3e9a-4e3b-8e66-41815ffa6505"
        }
      ],
      "dialogChangeNodes": [
        {
          "targetDialogId": "new_topic_eac3f49c99664313a9d9dc19d80a79a2_aeabea4d071f415c8c107e1cb7af5424_assumedsuccess",
          "nodeType": "DialogChangeNode",
          "id": "e1b87388-3e9a-4e3b-8e66-41815ffa6505"
        }
      ],
      "id": "new_topic_f9d20c82bdf74ba3a5f189676e25999d",
      "displayName": "Dialog for How do I add a member to a team?",
      "createdTime": "2021-01-13T22:20:51.2371466Z",
      "updatedTime": "2021-05-24T11:51:37.8664293Z",
      "createdUserId": "f04d3cd9-b73d-4ba9-a1ed-9319eba29b21",
      "updatedUserId": "75392dcd-00bb-4588-89e9-c55bcbe40ccb"
    }
  ],
  "botMessages": [
    {
      "channelContent": {
        "web": {
          "contentFormat": "Markdown",
          "content": "**Si vous êtes le propriétaire de l'équipe :**\n\n1.  Sur le nom de l'équipe, cliquer sur **Plus d'options** (...),\n2.  Sélectionner **Ajouter un membre**. C'est aussi ici que vous pouvez inviter des [membres externes à votre organisation à rejoindre votre équipe](https://support.microsoft.com/fr-fr/office/ajouter-des-invit%c3%a9s-%c3%a0-une-%c3%a9quipe-dans-teams-fccb4fa6-f864-4508-bdde-256e7384a14f?ui=fr-FR&rs=fr-FR&ad=FR)."
        }
      },
      "id": "66d85954-f2fc-4059-95f6-f71751deefef",
      "createdTime": "2021-01-13T22:20:51.2371466Z",
      "updatedTime": "2021-01-13T22:20:51.2371466Z",
      "createdUserId": "f04d3cd9-b73d-4ba9-a1ed-9319eba29b21",
      "updatedUserId": "f04d3cd9-b73d-4ba9-a1ed-9319eba29b21"
    },
    {
      "channelContent": {
        "web": {
          "contentFormat": "Markdown",
          "content": "**Pour ajouter plusieurs personnes**, tapez le nom de votre groupe de contacts (\"liste de distribution\"), groupe de sécurité, ou de votre groupe Microsoft 365."
        }
      },
      "id": "67ce64e1-d62c-479f-917e-05d8802e21e8",
      "createdTime": "2021-01-27T19:26:17.664Z",
      "updatedTime": "2021-01-27T19:26:17.664Z",
      "createdUserId": "user-0",
      "updatedUserId": "user-0"
    }
  ]
}