{
  "intents": [
    {
      "triggerQueries": [
        "see my teams meetings",
        "show meetings here even in outlook",
        "can you see teams meetings in your calendar?",
        "Can I see my team meetings in my calendar?",
        "Do team meetings appear in your calendar?",
        "Where do I see my booked meetings?",
        "Is it the same calendar in Teams and Outlook?",
        "Where do I see my appointments?",
        "How can I see Teams meetings in my Outlook calendar?",
        "Are my Teams meetings also visible in Outlook",
        "Do my Teams meetings also show up in Outlook?",
        "Teams和Outlook",
        "Outlook上看會議",
        "Teams會議同步Outlook",
        "檢查我的Teams會議",
        "在Outlook中顯示會議",
        "你可以在Teams行事曆中看見會議嗎",
        "我可以在Teams行事曆中找到會議嗎",
        "Teams會議會出現在行事曆嗎？",
        "我要在哪看到我安排的會議",
        "Teams和Outlook的行事曆一樣嗎？",
        "要在哪裡看我有沒有約？",
        "我要如何在Outlook看到我的Teams會議",
        "我可以在Outlook看到我的Teams會議嗎",
        "我的Teams會議也會出現在Outlook嗎"
      ],
      "dialogId": "new_topic_17928aaa73374d09a07e7a82992d5cf5",
      "isTriggeringEnabled": true,
      "id": "new_topic_17928aaa73374d09a07e7a82992d5cf5",
      "displayName": "Teams會議會同步到Outlook嗎",
      "description": "",
      "createdTime": "2021-11-17T01:53:42.1148206Z",
      "updatedTime": "2021-11-17T01:55:54.3863928Z",
      "createdUserId": "9c968d43-f7c2-4e28-895c-1f6bcefcd8be",
      "updatedUserId": "9c968d43-f7c2-4e28-895c-1f6bcefcd8be"
    }
  ],
  "dialogs": [
    {
      "rootNodeId": "ae601197-c7ba-4e6b-91e8-fff5568223b6",
      "messageNodes": [
        {
          "botMessageId": "11635c01-83bd-4c08-bcdb-bd2be431087f",
          "nodeType": "BotMessageNode",
          "id": "ae601197-c7ba-4e6b-91e8-fff5568223b6",
          "defaultTargetNodeId": "2fbaf8a2-8883-4007-a2fa-d977f2270080"
        }
      ],
      "dialogChangeNodes": [
        {
          "targetDialogId": "new_topic_e2d1671328b941dbb60fa7150059b1ee_aeabea4d071f415c8c107e1cb7af5424_assumedsuccess",
          "nodeType": "DialogChangeNode",
          "id": "2fbaf8a2-8883-4007-a2fa-d977f2270080"
        }
      ],
      "id": "new_topic_17928aaa73374d09a07e7a82992d5cf5",
      "displayName": "Dialog for Teams會議會同步到Outlook嗎",
      "createdTime": "2021-11-17T01:53:42.1148206Z",
      "updatedTime": "2021-11-17T01:55:54.3863928Z",
      "createdUserId": "9c968d43-f7c2-4e28-895c-1f6bcefcd8be",
      "updatedUserId": "9c968d43-f7c2-4e28-895c-1f6bcefcd8be"
    }
  ],
  "botMessages": [
    {
      "channelContent": {
        "web": {
          "contentFormat": "Markdown",
          "content": "若你在 Teams 排程會議，會議會出現在 Teams 和 Outlook 的行事曆中。\n\n請注意：Outlook 的行事曆會同時被 Teams 和 Outlook 使用。"
        }
      },
      "id": "11635c01-83bd-4c08-bcdb-bd2be431087f",
      "createdTime": "2021-11-17T01:53:42.1148206Z",
      "updatedTime": "2021-11-17T01:53:42.1148206Z",
      "createdUserId": "9c968d43-f7c2-4e28-895c-1f6bcefcd8be",
      "updatedUserId": "9c968d43-f7c2-4e28-895c-1f6bcefcd8be"
    }
  ]
}