{
  "intents": [
    {
      "endUserOverrideName": "Bytte mellom enheter i et møte",
      "triggerQueries": [
        "Bytte mellom enheter i et møte",
        "Kan man ha flere enheter i et møte?",
        "Bytte mellom mobiler i et møte",
        "Kan jeg fortsatt bli med i møte fra mobilen dersom jeg brukte pc for å delta først?",
        "Hva skjer med møte når jeg bytter fra pc til mobil?",
        "Overfør møte fra mobil til pc",
        "Overfør møte fra pc til mobil",
        "Overfør et møte fra en enhet til en annen"
      ],
      "dialogId": "new_topic_87c2b53f78e841ffa8a6d4c2552ea889",
      "isTriggeringEnabled": true,
      "id": "new_topic_87c2b53f78e841ffa8a6d4c2552ea889",
      "displayName": "Overfør et møte fra en enhet til en annen",
      "description": "",
      "createdTime": "2021-04-08T08:39:44.249885Z",
      "updatedTime": "2021-04-22T15:27:08.5368408Z",
      "createdUserId": "ef0c8b9a-eff1-49f8-92fa-fd1d3e15e1ba",
      "updatedUserId": "ef0c8b9a-eff1-49f8-92fa-fd1d3e15e1ba"
    }
  ],
  "dialogs": [
    {
      "rootNodeId": "ab82bc3b-6c68-437b-b91a-821bf0f476b3",
      "messageNodes": [
        {
          "botMessageId": "24c9ff3b-a57e-48ce-9949-72526dbb7275",
          "nodeType": "BotMessageNode",
          "id": "ab82bc3b-6c68-437b-b91a-821bf0f476b3",
          "defaultTargetNodeId": "9d18e6d8-030d-4e9f-9209-16811126eb3f"
        },
        {
          "botMessageId": "ee372408-d723-40d9-8149-92a12ffc19cf",
          "nodeType": "BotMessageNode",
          "id": "9d18e6d8-030d-4e9f-9209-16811126eb3f",
          "defaultTargetNodeId": "80a82376-b232-4717-a48e-2dce80074cde"
        },
        {
          "botMessageId": "9afec13c-27f5-43e7-9ec6-a51fdf88e32c",
          "nodeType": "BotMessageNode",
          "id": "80a82376-b232-4717-a48e-2dce80074cde",
          "defaultTargetNodeId": "8a8a83a2-15c2-413e-a08d-6e3fad622577"
        }
      ],
      "dialogChangeNodes": [
        {
          "targetDialogId": "new_topic_89c49d37fd4c4c1c9144396960733ce1_aeabea4d071f415c8c107e1cb7af5424_assumedsuccess",
          "nodeType": "DialogChangeNode",
          "id": "8a8a83a2-15c2-413e-a08d-6e3fad622577"
        }
      ],
      "id": "new_topic_87c2b53f78e841ffa8a6d4c2552ea889",
      "displayName": "Dialog for Overfør et møte fra en enhet til en annen",
      "createdTime": "2021-04-08T08:39:44.249885Z",
      "updatedTime": "2021-04-22T15:25:39.0084293Z",
      "createdUserId": "ef0c8b9a-eff1-49f8-92fa-fd1d3e15e1ba",
      "updatedUserId": "ef0c8b9a-eff1-49f8-92fa-fd1d3e15e1ba"
    }
  ],
  "botMessages": [
    {
      "channelContent": {
        "web": {
          "contentFormat": "Markdown",
          "content": "Når du er i et møte på én enhet, åpner du Teams på den andre enheten du vil legge til eller overføre møtet til."
        }
      },
      "id": "24c9ff3b-a57e-48ce-9949-72526dbb7275",
      "createdTime": "2021-04-08T08:39:44.2488572Z",
      "updatedTime": "2021-04-08T08:39:44.2488572Z",
      "createdUserId": "ef0c8b9a-eff1-49f8-92fa-fd1d3e15e1ba",
      "updatedUserId": "ef0c8b9a-eff1-49f8-92fa-fd1d3e15e1ba"
    },
    {
      "channelContent": {
        "web": {
          "contentFormat": "Markdown",
          "content": "Du vil få en melding om at du er i et møte på en annen enhet med et spørsmål om du vil overføre eller legge til møtet til denne enheten.\n\n*   Velg: **Bli med**.\n*   Teams vil gi deg to alternativer: **Legg til denne enheten**, og **Overfør til denne enheten**.\n*   Hvis du velger **Overfør til denne enheten,** vil den første enheten forlate møtet.\n*   Hvis du velger **Legg til denne enheten,** vil Teams automatisk dempe mikrofonen på den andre enheten før den går inn i møtet for å hindre ekko.\n*   Du har muligheten til å angi lyd- og video innstillinger for møtet på den nye enheten.\n*   Velg deretter **Bli med**."
        }
      },
      "id": "ee372408-d723-40d9-8149-92a12ffc19cf",
      "createdTime": "2021-04-08T08:39:55.207Z",
      "updatedTime": "2021-04-08T08:39:55.207Z",
      "createdUserId": "user-0",
      "updatedUserId": "user-0"
    },
    {
      "channelContent": {
        "web": {
          "contentFormat": "Markdown",
          "content": "💡 **Les mer om møter her:**\n\n*   [Bli med i et Teams-møte på en annen enhet](https://support.microsoft.com/nb-no/office/bli-med-i-et-teams-m%C3%B8te-p%C3%A5-en-annen-enhet-c28e7407-183b-46ea-ab17-2212700e5f41)\n*   [Bli med i et møte i Teams](https://support.microsoft.com/nb-no/office/bli-med-i-et-m%C3%B8te-i-teams-1613bb53-f3fa-431e-85a9-d6a91e3468c9)"
        }
      },
      "id": "9afec13c-27f5-43e7-9ec6-a51fdf88e32c",
      "createdTime": "2021-04-22T15:24:15.16Z",
      "updatedTime": "2021-04-22T15:24:15.16Z",
      "createdUserId": "user-0",
      "updatedUserId": "user-0"
    }
  ],
  "createdUtc": "0001-01-01T00:00:00Z"
}