{
  "intents": [
    {
      "endUserOverrideName": "Outlook-Add-In für Teams-Meetings",
      "triggerQueries": [
        "Wo finde ich das Outlook-Add-In für Teams-Meetings?",
        "Outlook-Termin-Add-In",
        "Wo befindet sich das Outlook-Add-In für Teams Meetings?",
        "buchen von Teams meeting in Outlook",
        "Outlook-Add-In für Teams-Meetings",
        "Schaltfläche in Outlook, um Teams besprechungen hinzuzufügen"
      ],
      "dialogId": "new_topic_76f3513b9375455e85ebe254b04bc377",
      "isTriggeringEnabled": true,
      "id": "new_topic_76f3513b9375455e85ebe254b04bc377",
      "displayName": "Wo finde ich das Outlook-Add-In für Teams-Meetings?",
      "description": "",
      "createdTime": "2021-04-15T11:49:51.7797192Z",
      "updatedTime": "2021-04-15T11:49:51.7797192Z",
      "createdUserId": "d4c65e50-fb5c-4311-830a-05b59a11dd48"
    }
  ],
  "dialogs": [
    {
      "rootNodeId": "0e54a4de-6a9f-4ae8-be96-40cbd5119e54",
      "messageNodes": [
        {
          "botMessageId": "d2a25cde-a68f-411e-8439-8d461b5ddd4e",
          "nodeType": "BotMessageNode",
          "id": "0e54a4de-6a9f-4ae8-be96-40cbd5119e54",
          "defaultTargetNodeId": "30a01525-bbac-472b-ba23-6a6e1097fb90"
        },
        {
          "botMessageId": "e39015e8-b868-46e8-a5c8-67a65787995a",
          "nodeType": "BotMessageNode",
          "id": "30a01525-bbac-472b-ba23-6a6e1097fb90",
          "defaultTargetNodeId": "970d1a66-c90a-432c-9243-2c8b575dc29c"
        },
        {
          "botMessageId": "3109ec36-ca3d-47ea-82cb-fdcfbb84f891",
          "nodeType": "BotMessageNode",
          "id": "970d1a66-c90a-432c-9243-2c8b575dc29c",
          "defaultTargetNodeId": "7f9b8d9d-2ee2-4928-886a-880705440a10"
        }
      ],
      "dialogChangeNodes": [
        {
          "targetDialogId": "new_topic_30867099f4b543d3b8543a85c22c3418_aeabea4d071f415c8c107e1cb7af5424_assumedsuccess",
          "nodeType": "DialogChangeNode",
          "id": "7f9b8d9d-2ee2-4928-886a-880705440a10"
        }
      ],
      "id": "new_topic_76f3513b9375455e85ebe254b04bc377",
      "displayName": "Dialog for Wo finde ich das Outlook-Add-In für Teams-Meetings?",
      "createdTime": "2021-04-15T11:49:51.7797192Z",
      "updatedTime": "2021-04-15T11:52:13.8064234Z",
      "createdUserId": "d4c65e50-fb5c-4311-830a-05b59a11dd48",
      "updatedUserId": "d4c65e50-fb5c-4311-830a-05b59a11dd48"
    }
  ],
  "botMessages": [
    {
      "channelContent": {
        "web": {
          "contentFormat": "Markdown",
          "content": "**Das Teams Meeting Add-In** wird automatisch für Benutzer installiert, für die Microsoft Teams und Office 2013, Office 2016 oder Office 2019 unter Windows installiert wurde."
        }
      },
      "id": "d2a25cde-a68f-411e-8439-8d461b5ddd4e",
      "createdTime": "2021-04-15T11:49:51.7797192Z",
      "updatedTime": "2021-04-15T11:49:51.7797192Z",
      "createdUserId": "d4c65e50-fb5c-4311-830a-05b59a11dd48",
      "updatedUserId": "d4c65e50-fb5c-4311-830a-05b59a11dd48"
    },
    {
      "channelContent": {
        "web": {
          "contentFormat": "Markdown",
          "content": "Benutzer sehen das \"Add-In\" der Teams-Besprechung auf dem Menüband im Outlook-Kalender.\n\n[Verwenden des Teams-Meeting-Add-Ins in Outlook](https://docs.microsoft.com/de-de/microsoftteams/teams-add-in-for-outlook)"
        }
      },
      "id": "e39015e8-b868-46e8-a5c8-67a65787995a",
      "createdTime": "2021-04-15T11:50:01.59Z",
      "updatedTime": "2021-04-15T11:50:01.59Z",
      "createdUserId": "user-0",
      "updatedUserId": "user-0"
    },
    {
      "channelContent": {
        "web": {
          "contentFormat": "Markdown",
          "content": "**Für Outlook im Web** werden Teams-Meetings automatisch erstellt, wenn Teilnehmer eingeladen werden (kann deaktiviert werden)."
        }
      },
      "id": "3109ec36-ca3d-47ea-82cb-fdcfbb84f891",
      "createdTime": "2021-04-15T11:50:04.027Z",
      "updatedTime": "2021-04-15T11:50:04.027Z",
      "createdUserId": "user-0",
      "updatedUserId": "user-0"
    }
  ],
  "createdUtc": "0001-01-01T00:00:00Z"
}