{
  "intents": [
    {
      "endUserOverrideName": "Send emails to a team channel",
      "triggerQueries": [
        "Can I forward from gmail to Teams?",
        "add share to teams to intranet",
        "developer add share to teams on web page",
        "Share web content to teams",
        "share to teams button",
        "Send emails to a team channel",
        "Can I forward emails to a team?",
        "forward emails into a Teams channel",
        "How can I send an email to a channel in teams?",
        "email a channel",
        "send email to channel",
        "How do I send an email to a channel in Teams?"
      ],
      "dialogId": "new_topic_49012077f5eb49f08813f8668a4395fc",
      "isTriggeringEnabled": true,
      "id": "new_topic_49012077f5eb49f08813f8668a4395fc",
      "displayName": "How do I send an email to a channel in Teams?",
      "description": "https://adoptbotv2kb.blob.core.windows.net/%24web/AdoptBot2021-English.docx",
      "createdTime": "2021-01-13T22:20:51.2381463Z",
      "updatedTime": "2021-01-27T08:13:17.2097344Z",
      "createdUserId": "f04d3cd9-b73d-4ba9-a1ed-9319eba29b21",
      "updatedUserId": "f04d3cd9-b73d-4ba9-a1ed-9319eba29b21"
    }
  ],
  "dialogs": [
    {
      "rootNodeId": "48963f62-2b6a-4763-9ec6-72aeb0e886f9",
      "messageNodes": [
        {
          "botMessageId": "3143212b-6ae7-44bd-9ed6-b5145b613a18",
          "nodeType": "BotMessageNode",
          "id": "48963f62-2b6a-4763-9ec6-72aeb0e886f9",
          "defaultTargetNodeId": "ba1bbafd-9a8a-414b-9a87-90f213005721"
        },
        {
          "botMessageId": "eb127a41-eeed-4387-a924-767b7cc99af3",
          "nodeType": "BotMessageNode",
          "id": "ba1bbafd-9a8a-414b-9a87-90f213005721",
          "defaultTargetNodeId": "a5d40656-ad97-4f1d-a1cf-bb8211b74218"
        },
        {
          "botMessageId": "e5aa4865-4d3c-4a9d-9af7-d542ffef14de",
          "nodeType": "BotMessageNode",
          "id": "a5d40656-ad97-4f1d-a1cf-bb8211b74218",
          "defaultTargetNodeId": "b0ef7a89-141c-4631-840a-c96fd0e0b28a"
        },
        {
          "botMessageId": "171cc448-99fa-43cc-bffb-40c371eec1a1",
          "nodeType": "BotMessageNode",
          "id": "b0ef7a89-141c-4631-840a-c96fd0e0b28a",
          "defaultTargetNodeId": "a41ff06a-ca39-44a6-bebf-00e621737d11"
        },
        {
          "botMessageId": "f193ee66-3cb2-4463-91ae-8e81be2e3901",
          "nodeType": "BotMessageNode",
          "id": "a41ff06a-ca39-44a6-bebf-00e621737d11",
          "defaultTargetNodeId": "756aa842-095f-43a8-8cf9-1bb397d70860"
        },
        {
          "botMessageId": "c9724e5d-1a32-4637-b822-d476e9f91361",
          "nodeType": "BotMessageNode",
          "id": "756aa842-095f-43a8-8cf9-1bb397d70860",
          "defaultTargetNodeId": "de578afa-c33c-415b-a212-7037cea781ea"
        }
      ],
      "dialogChangeNodes": [
        {
          "targetDialogId": "new_topic_eac3f49c99664313a9d9dc19d80a79a2_aeabea4d071f415c8c107e1cb7af5424_assumedsuccess",
          "nodeType": "DialogChangeNode",
          "id": "de578afa-c33c-415b-a212-7037cea781ea"
        }
      ],
      "id": "new_topic_49012077f5eb49f08813f8668a4395fc",
      "displayName": "Dialog for How do I send an email to a channel in Teams?",
      "createdTime": "2021-01-13T22:20:51.2381463Z",
      "updatedTime": "2021-01-27T08:11:38.2147336Z",
      "createdUserId": "f04d3cd9-b73d-4ba9-a1ed-9319eba29b21",
      "updatedUserId": "f04d3cd9-b73d-4ba9-a1ed-9319eba29b21"
    }
  ],
  "botMessages": [
    {
      "channelContent": {
        "web": {
          "contentFormat": "Markdown",
          "content": "**Best:**\n\nSelect the \"Share to Teams\" button directly from a message in Outlook."
        }
      },
      "id": "3143212b-6ae7-44bd-9ed6-b5145b613a18",
      "createdTime": "2021-01-13T22:20:51.2381463Z",
      "updatedTime": "2021-01-13T22:20:51.2381463Z",
      "createdUserId": "f04d3cd9-b73d-4ba9-a1ed-9319eba29b21",
      "updatedUserId": "f04d3cd9-b73d-4ba9-a1ed-9319eba29b21"
    },
    {
      "channelContent": {
        "web": {
          "contentFormat": "Markdown",
          "content": "**If you don't have this button:**\n\nEach channel has an email address, and you can [send emails directly to a Teams channel.](https://support.microsoft.com/en-us/office/skicka-e-post-till-en-kanal-i-teams-d91db004-d9d7-4a47-82e6-fb1b16dfd51e?ui=en-us&rs=en-us&ad=se)"
        }
      },
      "id": "eb127a41-eeed-4387-a924-767b7cc99af3",
      "createdTime": "2021-01-27T07:56:24.535Z",
      "updatedTime": "2021-01-27T07:56:24.535Z",
      "createdUserId": "user-0",
      "updatedUserId": "user-0"
    },
    {
      "channelContent": {
        "web": {
          "contentFormat": "Markdown",
          "content": "To do this\n\n*   Find the channel that you would like to email and click the channel name.\n*   Select More options (...) and choose **Get email address** and copy.\n*   **In Outlook**, forward your email to the channel's email address you just copied."
        }
      },
      "id": "e5aa4865-4d3c-4a9d-9af7-d542ffef14de",
      "createdTime": "2021-01-27T07:57:11.301Z",
      "updatedTime": "2021-01-27T07:57:11.301Z",
      "createdUserId": "user-0",
      "updatedUserId": "user-0"
    },
    {
      "channelContent": {
        "web": {
          "contentFormat": "Markdown",
          "content": "The email will appear in the channel you send it to. Any attachments are extracted and saved under \"Files\" in the channel."
        }
      },
      "id": "171cc448-99fa-43cc-bffb-40c371eec1a1",
      "createdTime": "2021-01-27T07:57:22.789Z",
      "updatedTime": "2021-01-27T07:57:22.789Z",
      "createdUserId": "user-0",
      "updatedUserId": "user-0"
    },
    {
      "channelContent": {
        "web": {
          "contentFormat": "Markdown",
          "content": "💡 **Tip:**\n\nSave your channel's email address in Outlook to quickly forward future emails."
        }
      },
      "id": "f193ee66-3cb2-4463-91ae-8e81be2e3901",
      "createdTime": "2021-01-27T07:57:40.679Z",
      "updatedTime": "2021-01-27T07:57:40.679Z",
      "createdUserId": "user-0",
      "updatedUserId": "user-0"
    },
    {
      "channelContent": {
        "web": {
          "contentFormat": "Markdown",
          "content": "💡 _Bonus tip for developers:_  \n[**Share to Teams** button - Seamlessly share web content to Teams](https://developer.microsoft.com/en-us/microsoft-teams/share-to-teams)"
        }
      },
      "id": "c9724e5d-1a32-4637-b822-d476e9f91361",
      "createdTime": "2021-01-27T08:06:35.943Z",
      "updatedTime": "2021-01-27T08:06:35.943Z",
      "createdUserId": "user-0",
      "updatedUserId": "user-0"
    }
  ]
}