{
  "intents": [
    {
      "endUserOverrideName": "Obtenir son ID de conférence",
      "triggerQueries": [
        "Comment obtenir son ID de conférence",
        "où trouver mon ID conférence",
        "avoir son identifiant de conférence",
        "récupérer son ID de conférence",
        "Comment un utilisateur modifie-t-il ou définit-il son ID de conférence?",
        "Modifier un ID de conférence",
        "modifier l'identifiant de la conférence",
        "changer mon ID de conférence",
        "Comment un utilisateur accède-t-il ou modifie-t-il son identifiant de conférence?"
      ],
      "dialogId": "new_topic_13ca52f2d1f140d5a8ac64b0fc30c856",
      "isTriggeringEnabled": true,
      "id": "new_topic_13ca52f2d1f140d5a8ac64b0fc30c856",
      "displayName": "Comment un utilisateur accède-t-il ou modifie-t-il son identifiant de conférence?",
      "description": "",
      "createdTime": "2021-01-13T22:20:51.2381463Z",
      "updatedTime": "2021-05-25T00:49:52.1696543Z",
      "createdUserId": "f04d3cd9-b73d-4ba9-a1ed-9319eba29b21",
      "updatedUserId": "a2c4aa2c-d830-41eb-bcf4-467a2c7e1279"
    }
  ],
  "dialogs": [
    {
      "rootNodeId": "627a71a5-ace2-432b-a329-f2eaed29a4ec",
      "messageNodes": [
        {
          "botMessageId": "fd7897a1-a01c-4734-a333-180eecdc5f5b",
          "nodeType": "BotMessageNode",
          "id": "627a71a5-ace2-432b-a329-f2eaed29a4ec",
          "defaultTargetNodeId": "74015554-8481-4834-88d4-b109aa47425f"
        }
      ],
      "dialogChangeNodes": [
        {
          "targetDialogId": "new_topic_eac3f49c99664313a9d9dc19d80a79a2_aeabea4d071f415c8c107e1cb7af5424_assumedsuccess",
          "nodeType": "DialogChangeNode",
          "id": "74015554-8481-4834-88d4-b109aa47425f"
        }
      ],
      "id": "new_topic_13ca52f2d1f140d5a8ac64b0fc30c856",
      "displayName": "Dialog for How does a user access or change their conference ID?",
      "createdTime": "2021-01-13T22:20:51.2381463Z",
      "updatedTime": "2021-05-24T08:38:02.8864202Z",
      "createdUserId": "f04d3cd9-b73d-4ba9-a1ed-9319eba29b21",
      "updatedUserId": "a2c4aa2c-d830-41eb-bcf4-467a2c7e1279"
    }
  ],
  "botMessages": [
    {
      "channelContent": {
        "web": {
          "contentFormat": "Markdown",
          "content": "Un utilisateur Microsoft Teams peut trouver l'ID de conférence qui lui est attribué en planifiant une réunion dans Teams, dans Outlook ou Outlook sur le Web. Les utilisateurs peuvent également trouver l'ID de la conférence dans l'e-mail qui leur sera envoyé lors de la réservation de la réunion. Les utilisateurs ne pourront pas restaurer leur ID de conférence. L'ID de conférence ne peut être réinitialisé que par l'administrateur de votre organisation."
        }
      },
      "id": "fd7897a1-a01c-4734-a333-180eecdc5f5b",
      "createdTime": "2021-01-13T22:20:51.2381463Z",
      "updatedTime": "2021-01-13T22:20:51.2381463Z",
      "createdUserId": "f04d3cd9-b73d-4ba9-a1ed-9319eba29b21",
      "updatedUserId": "f04d3cd9-b73d-4ba9-a1ed-9319eba29b21"
    }
  ],
  "createdUtc": "0001-01-01T00:00:00Z"
}