{
  "intents": [
    {
      "endUserOverrideName": "Meeting in Teams erzeugen",
      "triggerQueries": [
        "Wie kann ich ein Meeting erstellen?",
        "Wo kann ich Besprechungen in Teams erstellen?",
        "ein neues Meeting erstellen",
        "Zeitplan für Teamsitzungen",
        "Wie kann ich Meetings buchen?",
        "Wie kann ich ein Team-Meeting planen?",
        "Ein Meeting über Outlook planen?",
        "Ich möchte ein Meeting organisieren!",
        "Meeting direkt in Teams buchen?",
        "Besprechung planen",
        "Eine Meeting-Serie erstellen",
        "Eine Besprechung im Teams-Kalender buchen",
        "Eine Besprechung über meinen Kalender buchen",
        "Besprechung in Teams planen",
        "Kann ich ein Meeting direkt von Teams aus planen?"
      ],
      "dialogId": "new_topic_7bc287bf6d4b4ab6ac71eb8bdc8ee751",
      "isTriggeringEnabled": true,
      "id": "new_topic_7bc287bf6d4b4ab6ac71eb8bdc8ee751",
      "displayName": "Kann ich ein Meeting direkt von Teams aus planen?",
      "description": "https://adoptbotv2kb.blob.core.windows.net/%24web/AdoptBot2021-English.docx",
      "createdTime": "2021-04-19T10:33:08.721783Z",
      "updatedTime": "2021-04-22T13:00:40.6180076Z",
      "createdUserId": "86360cd1-faa6-4d16-8a0c-ba3116c8a977",
      "updatedUserId": "86360cd1-faa6-4d16-8a0c-ba3116c8a977"
    }
  ],
  "dialogs": [
    {
      "rootNodeId": "74fd9b64-43eb-4b2a-93af-e21693a21567",
      "messageNodes": [
        {
          "botMessageId": "d3c9a832-9c89-4561-a02b-1704dd96906e",
          "nodeType": "BotMessageNode",
          "id": "74fd9b64-43eb-4b2a-93af-e21693a21567",
          "defaultTargetNodeId": "1f65d60d-327b-45fb-8c97-e23ee876e36e"
        },
        {
          "botMessageId": "a7ebea43-454b-4cae-bd74-55733944c605",
          "nodeType": "BotMessageNode",
          "id": "1f65d60d-327b-45fb-8c97-e23ee876e36e",
          "defaultTargetNodeId": "8f764310-b070-493a-acf7-17a7c41f8d3a"
        },
        {
          "botMessageId": "dded3068-6d9d-4dac-a3a4-a79b3baa9a95",
          "nodeType": "BotMessageNode",
          "id": "8f764310-b070-493a-acf7-17a7c41f8d3a",
          "defaultTargetNodeId": "eb23c81e-fb8c-4dbb-9dd2-a4ba0c1b0551"
        }
      ],
      "dialogChangeNodes": [
        {
          "targetDialogId": "new_topic_30867099f4b543d3b8543a85c22c3418_aeabea4d071f415c8c107e1cb7af5424_assumedsuccess",
          "nodeType": "DialogChangeNode",
          "id": "eb23c81e-fb8c-4dbb-9dd2-a4ba0c1b0551"
        }
      ],
      "id": "new_topic_7bc287bf6d4b4ab6ac71eb8bdc8ee751",
      "displayName": "Dialog for Kann ich ein Meeting direkt von Teams aus planen?",
      "createdTime": "2021-04-19T10:33:08.721783Z",
      "updatedTime": "2021-04-19T10:35:26.5635703Z",
      "createdUserId": "86360cd1-faa6-4d16-8a0c-ba3116c8a977",
      "updatedUserId": "86360cd1-faa6-4d16-8a0c-ba3116c8a977"
    }
  ],
  "botMessages": [
    {
      "channelContent": {
        "web": {
          "contentFormat": "Markdown",
          "content": "Meetings können entweder über Microsoft Teams oder Outlook konfiguriert werden. Das Meeting wird auf die gleiche Weise gesehen. Versuchen Sie, Ihr Meeting direkt in Teams zu buchen!"
        }
      },
      "id": "d3c9a832-9c89-4561-a02b-1704dd96906e",
      "createdTime": "2021-04-19T10:33:08.721783Z",
      "updatedTime": "2021-04-19T10:33:08.721783Z",
      "createdUserId": "86360cd1-faa6-4d16-8a0c-ba3116c8a977",
      "updatedUserId": "86360cd1-faa6-4d16-8a0c-ba3116c8a977"
    },
    {
      "channelContent": {
        "web": {
          "contentFormat": "Markdown",
          "content": "**Planen Sie ein Meeting direkt in Teams:**\n\n*   Gehen Sie in Teams zu Kalender und klicken Sie auf Neues Meeting.\n*   Wählen Sie die Personen und/oder den Kanal aus, die Sie einladen möchten.\n*   Verwenden Sie den Terminplanungs-Assistenten, um eine Zeit zu finden, die den meisten Personen passt.\n*   Wählen Sie, wie oft das Meeting wiederholt werden soll (wenn es sich um eine Meeting-Serie handelt)."
        }
      },
      "id": "a7ebea43-454b-4cae-bd74-55733944c605",
      "createdTime": "2021-04-19T10:34:03.169Z",
      "updatedTime": "2021-04-19T10:34:03.169Z",
      "createdUserId": "user-0",
      "updatedUserId": "user-0"
    },
    {
      "channelContent": {
        "web": {
          "contentFormat": "Markdown",
          "content": "**Planen Sie ein Meeting über Outlook:**\n\n*   Wählen Sie auf der Registerkarte \"Besprechung\" in Outlook die Option \"Teambesprechung\" in der Outlook-Symbolleiste.\n*   Geben Sie die Besprechungsdetails ein und verwenden Sie den Terminplanungs-Assistenten, um einen geeigneten Zeitpunkt zu finden.\n*   Fügen Sie ggf. einen Konferenzraum hinzu."
        }
      },
      "id": "dded3068-6d9d-4dac-a3a4-a79b3baa9a95",
      "createdTime": "2021-04-19T10:35:03.927Z",
      "updatedTime": "2021-04-19T10:35:03.927Z",
      "createdUserId": "user-0",
      "updatedUserId": "user-0"
    }
  ],
  "createdUtc": "0001-01-01T00:00:00Z"
}