{
  "intents": [
    {
      "endUserOverrideName": "沒有Teams帳號可以開會嗎?",
      "triggerQueries": [
        "沒有teams帳號怎麼開會?",
        "外部人員沒有teams帳號怎麼開會?",
        "外部人員沒有Teams帳號怎麼加入會議",
        "匿名加入Teams會議",
        "沒有Teams帳號可以開會嗎?"
      ],
      "dialogId": "new_topic_69d37442d57a4cae97647f3ea8cdd808",
      "isTriggeringEnabled": true,
      "id": "new_topic_69d37442d57a4cae97647f3ea8cdd808",
      "displayName": "匿名加入Teams會議",
      "description": "",
      "createdTime": "2021-11-19T16:45:01.7481642Z",
      "updatedTime": "2021-11-19T16:49:34.3820317Z",
      "createdUserId": "9c968d43-f7c2-4e28-895c-1f6bcefcd8be",
      "updatedUserId": "9c968d43-f7c2-4e28-895c-1f6bcefcd8be"
    }
  ],
  "dialogs": [
    {
      "rootNodeId": "c40225f3-884a-410f-a3c0-d5a1cee84291",
      "messageNodes": [
        {
          "botMessageId": "6318acd6-34c6-49c4-9f8c-c98c9ef43b0b",
          "nodeType": "BotMessageNode",
          "id": "c40225f3-884a-410f-a3c0-d5a1cee84291"
        }
      ],
      "id": "new_topic_69d37442d57a4cae97647f3ea8cdd808",
      "displayName": "Dialog for 匿名加入Teams會議",
      "createdTime": "2021-11-19T16:45:01.7481642Z",
      "updatedTime": "2021-11-19T16:46:54.9517373Z",
      "createdUserId": "9c968d43-f7c2-4e28-895c-1f6bcefcd8be",
      "updatedUserId": "9c968d43-f7c2-4e28-895c-1f6bcefcd8be"
    }
  ],
  "botMessages": [
    {
      "channelContent": {
        "web": {
          "contentFormat": "Markdown",
          "content": "Teams 可以使用匿名的方式加入會議，目前電腦網頁版或是行動裝置均支援匿名登入，請參考: \n\n[在沒有 Teams 帳戶的情況下加入會議](https://support.microsoft.com/zh-tw/office/%E5%9C%A8%E6%B2%92%E6%9C%89-teams-%E5%B8%B3%E6%88%B6%E7%9A%84%E6%83%85%E6%B3%81%E4%B8%8B%E5%8A%A0%E5%85%A5%E6%9C%83%E8%AD%B0-c6efc38f-4e03-4e79-b28f-e65a4c039508)"
        }
      },
      "id": "6318acd6-34c6-49c4-9f8c-c98c9ef43b0b",
      "createdTime": "2021-11-19T16:45:01.7481642Z",
      "updatedTime": "2021-11-19T16:45:01.7481642Z",
      "createdUserId": "9c968d43-f7c2-4e28-895c-1f6bcefcd8be",
      "updatedUserId": "9c968d43-f7c2-4e28-895c-1f6bcefcd8be"
    }
  ]
}