{
  "intents": [
    {
      "endUserOverrideName": "客製化會議體驗?",
      "triggerQueries": [
        "會議APP",
        "會議中的APP",
        "用於會議的Teams應用程式",
        "我可以在Teams中客製化會議體驗嗎?",
        "使用額外功能客製化Teams會議？",
        "會議應用程式",
        "Teams中的會議應用程式",
        "如何在Teams中使用會議應用程式？",
        "我在哪裡可以找到用於會議的Teams應用程式？",
        "額外的會議功能",
        "會議特別功能",
        "Teams apps for meetings",
        "Can I customize the Team meeting experience?",
        "Customize Teams meetings with extra features?",
        "meeting apps",
        "meeting apps in teams",
        "How do I use meeting apps in teams?",
        "where can I find Teams Apps for meetings?",
        "How do you create a structured meeting?",
        "Can I influence the meeting experience?",
        "Extra meeting features",
        "meeting extensions",
        "View a list of meeting plugins",
        "special functions for meetings",
        "build your own app for meetings",
        "Can I customize the meeting experience in Teams?"
      ],
      "dialogId": "new_topic_90e5b66e95164856abdc8447c91d5ed3",
      "isTriggeringEnabled": true,
      "id": "new_topic_90e5b66e95164856abdc8447c91d5ed3",
      "displayName": "我可以在 Teams 中客製化會議體驗嗎?",
      "description": "https://adoptbotv2kb.blob.core.windows.net/%24web/AdoptBot2021-English.docx",
      "createdTime": "2021-11-17T04:53:48.9134996Z",
      "updatedTime": "2021-11-22T08:37:40.9646578Z",
      "createdUserId": "9c968d43-f7c2-4e28-895c-1f6bcefcd8be",
      "updatedUserId": "9c968d43-f7c2-4e28-895c-1f6bcefcd8be"
    }
  ],
  "dialogs": [
    {
      "rootNodeId": "6585b828-0587-4593-9488-9b77925e08cb",
      "messageNodes": [
        {
          "botMessageId": "cf38cfba-ad72-45d4-8d0e-2dbe42d07882",
          "nodeType": "BotMessageNode",
          "id": "6585b828-0587-4593-9488-9b77925e08cb",
          "defaultTargetNodeId": "5297b079-e05e-4a45-bb81-a6c746e98099"
        },
        {
          "botMessageId": "c7a5a411-89a0-4bf8-a354-25f09607e66b",
          "nodeType": "BotMessageNode",
          "id": "5297b079-e05e-4a45-bb81-a6c746e98099",
          "defaultTargetNodeId": "a0849294-241e-446d-be23-5256530ff69f"
        }
      ],
      "dialogChangeNodes": [
        {
          "targetDialogId": "new_topic_e2d1671328b941dbb60fa7150059b1ee_aeabea4d071f415c8c107e1cb7af5424_assumedsuccess",
          "nodeType": "DialogChangeNode",
          "id": "a0849294-241e-446d-be23-5256530ff69f"
        }
      ],
      "id": "new_topic_90e5b66e95164856abdc8447c91d5ed3",
      "displayName": "Dialog for 我可以在 Teams 中客製化會議體驗嗎?",
      "createdTime": "2021-11-17T04:53:48.9134996Z",
      "updatedTime": "2021-11-17T04:54:09.9261847Z",
      "createdUserId": "9c968d43-f7c2-4e28-895c-1f6bcefcd8be",
      "updatedUserId": "9c968d43-f7c2-4e28-895c-1f6bcefcd8be"
    }
  ],
  "botMessages": [
    {
      "channelContent": {
        "web": {
          "contentFormat": "Markdown",
          "content": "有多個適用於 Teams 會議的應用程式可用。 它們允許您客製化會議體驗以滿足您的需求。 [查看為了改善會議而設計的應用程式](https://www.microsoft.com/zh-tw/microsoft-teams/meetings-apps)"
        }
      },
      "id": "cf38cfba-ad72-45d4-8d0e-2dbe42d07882",
      "createdTime": "2021-11-17T04:53:48.9134996Z",
      "updatedTime": "2021-11-17T04:53:48.9134996Z",
      "createdUserId": "9c968d43-f7c2-4e28-895c-1f6bcefcd8be",
      "updatedUserId": "9c968d43-f7c2-4e28-895c-1f6bcefcd8be"
    },
    {
      "channelContent": {
        "web": {
          "contentFormat": "Markdown",
          "content": "如果您是開發人員，則可以[為 Teams 會議構建自己的應用程式](https://docs.microsoft.com/zh-tw/microsoftteams/platform/apps-in-teams-meetings/teams-apps-in-meetings)。"
        }
      },
      "id": "c7a5a411-89a0-4bf8-a354-25f09607e66b",
      "createdTime": "2021-11-17T04:54:00.022Z",
      "updatedTime": "2021-11-17T04:54:00.022Z",
      "createdUserId": "user-0",
      "updatedUserId": "user-0"
    }
  ]
}