{
  "intents": [
    {
      "triggerQueries": [
        "Endre melding etter sending",
        "Slett en sendt melding",
        "Rediger en sendt melding",
        "Rediger eller slett en sendt melding i chat eller kanal"
      ],
      "dialogId": "new_topic_c66b1f86268247858a35dc4becdcaea7",
      "isTriggeringEnabled": true,
      "id": "new_topic_c66b1f86268247858a35dc4becdcaea7",
      "displayName": "Rediger eller slett en sendt melding i chat eller kanal",
      "description": "https://norwegianteams.blob.core.windows.net/norwegian-container/Tima - p19 to p33.docx",
      "createdTime": "2021-04-07T15:02:31.013751Z",
      "updatedTime": "2021-04-07T15:03:58.4868695Z",
      "createdUserId": "ef0c8b9a-eff1-49f8-92fa-fd1d3e15e1ba",
      "updatedUserId": "ef0c8b9a-eff1-49f8-92fa-fd1d3e15e1ba"
    }
  ],
  "dialogs": [
    {
      "rootNodeId": "e19eabf5-620b-4d5f-8d63-c13383429fd6",
      "messageNodes": [
        {
          "botMessageId": "609dfc10-7cc6-448f-a8e9-d14bcf2b291b",
          "nodeType": "BotMessageNode",
          "id": "e19eabf5-620b-4d5f-8d63-c13383429fd6",
          "defaultTargetNodeId": "d9f4aaaa-f4e6-422d-b39d-2804d6411737"
        },
        {
          "botMessageId": "8ad9c0c5-3a74-44fd-8afc-80ff5215935b",
          "nodeType": "BotMessageNode",
          "id": "d9f4aaaa-f4e6-422d-b39d-2804d6411737",
          "defaultTargetNodeId": "f9021acc-8ae5-45b7-ae1c-8147d2adfd03"
        },
        {
          "botMessageId": "aa342050-668e-444e-a14d-6a7d8dfcd634",
          "nodeType": "BotMessageNode",
          "id": "f9021acc-8ae5-45b7-ae1c-8147d2adfd03",
          "defaultTargetNodeId": "26ba25ca-75bb-44a3-af10-9aca274e6e87"
        }
      ],
      "dialogChangeNodes": [
        {
          "targetDialogId": "new_topic_89c49d37fd4c4c1c9144396960733ce1_aeabea4d071f415c8c107e1cb7af5424_assumedsuccess",
          "nodeType": "DialogChangeNode",
          "id": "26ba25ca-75bb-44a3-af10-9aca274e6e87"
        }
      ],
      "id": "new_topic_c66b1f86268247858a35dc4becdcaea7",
      "displayName": "Dialog for Rediger eller slett en sendt melding i chat eller kanal",
      "createdTime": "2021-04-07T15:02:31.013751Z",
      "updatedTime": "2021-04-07T15:13:28.3991756Z",
      "createdUserId": "ef0c8b9a-eff1-49f8-92fa-fd1d3e15e1ba",
      "updatedUserId": "ef0c8b9a-eff1-49f8-92fa-fd1d3e15e1ba"
    }
  ],
  "botMessages": [
    {
      "channelContent": {
        "web": {
          "contentFormat": "Markdown",
          "content": "[Du kan redigere eller slette alle meldinger](https://support.microsoft.com/nb-no/office/rediger-eller-slett-en-sendt-melding-i-teams-5f1fe604-a900-4a07-b8b7-8cf70ed6b263) du har sendt til en chat eller kanal. Gå til samtalen/chat eller kanalen, og velg **Flere alternativer**… > **Rediger** eller **Slett**. Trykk på **Enter** for å lagre oppdateringen."
        }
      },
      "id": "609dfc10-7cc6-448f-a8e9-d14bcf2b291b",
      "createdTime": "2021-04-07T15:02:31.013751Z",
      "updatedTime": "2021-04-07T15:02:31.013751Z",
      "createdUserId": "ef0c8b9a-eff1-49f8-92fa-fd1d3e15e1ba",
      "updatedUserId": "ef0c8b9a-eff1-49f8-92fa-fd1d3e15e1ba"
    },
    {
      "channelContent": {
        "web": {
          "contentFormat": "Markdown",
          "content": "Det er ingen grense for hvor mange ganger du kan gjøre endringer på en melding."
        }
      },
      "id": "8ad9c0c5-3a74-44fd-8afc-80ff5215935b",
      "createdTime": "2021-04-07T15:13:17.434Z",
      "updatedTime": "2021-04-07T15:13:17.434Z",
      "createdUserId": "user-0",
      "updatedUserId": "user-0"
    },
    {
      "channelContent": {
        "web": {
          "contentFormat": "Markdown",
          "content": "_Merk: Noen organisasjoner eller noen team kan ha deaktivert dette alternativet._"
        }
      },
      "id": "aa342050-668e-444e-a14d-6a7d8dfcd634",
      "createdTime": "2021-04-07T15:13:20.068Z",
      "updatedTime": "2021-04-07T15:13:20.068Z",
      "createdUserId": "user-0",
      "updatedUserId": "user-0"
    }
  ],
  "createdUtc": "0001-01-01T00:00:00Z"
}