{
  "intents": [
    {
      "endUserOverrideName": "用電話加入會議",
      "triggerQueries": [
        "使用電話會議的好處",
        "電話會議的好處是什麼？",
        "為什麼要需要電話會議？",
        "電話會議",
        "為什麼使用電話會議",
        "電話會議的好處",
        "Benefits of calling in to a meeting in Teams",
        "Why use voice meetings in Teams",
        "What are the benefits of teleconference?",
        "Why should I have a conference call?",
        "Benefits of audio meetings in Teams?",
        "Why should I call in to a meeting?",
        "What are the benefits of phone conferences (audio conferencing)?"
      ],
      "dialogId": "new_topic_f5d96cdfae8144018528eac641e53efe",
      "isTriggeringEnabled": true,
      "id": "new_topic_f5d96cdfae8144018528eac641e53efe",
      "displayName": "電話會議的好處",
      "description": "https://adoptbotv2kb.blob.core.windows.net/%24web/AdoptBot2021-English.docx",
      "createdTime": "2021-11-17T07:18:50.8756396Z",
      "updatedTime": "2021-11-22T10:59:49.5842339Z",
      "createdUserId": "9c968d43-f7c2-4e28-895c-1f6bcefcd8be",
      "updatedUserId": "9c968d43-f7c2-4e28-895c-1f6bcefcd8be"
    }
  ],
  "dialogs": [
    {
      "rootNodeId": "4206b009-41ee-4837-b12c-c37d961efb0a",
      "messageNodes": [
        {
          "botMessageId": "f932fd9c-1520-4478-aa44-980fed623490",
          "nodeType": "BotMessageNode",
          "id": "4206b009-41ee-4837-b12c-c37d961efb0a",
          "defaultTargetNodeId": "cfad4fc6-c7db-42cf-818b-05fa1f9ab917"
        },
        {
          "botMessageId": "76eebf7a-406c-4439-8e18-bea70eb728c2",
          "nodeType": "BotMessageNode",
          "id": "cfad4fc6-c7db-42cf-818b-05fa1f9ab917",
          "defaultTargetNodeId": "d724e8e9-0379-4a68-af8b-9a2c74ac0184"
        },
        {
          "botMessageId": "3222a2b8-da6b-4acc-b375-e33328219727",
          "nodeType": "BotMessageNode",
          "id": "d724e8e9-0379-4a68-af8b-9a2c74ac0184",
          "defaultTargetNodeId": "e9474e21-a1bd-4b14-8c9b-80c0a553521f"
        }
      ],
      "dialogChangeNodes": [
        {
          "targetDialogId": "new_topic_e2d1671328b941dbb60fa7150059b1ee_aeabea4d071f415c8c107e1cb7af5424_assumedsuccess",
          "nodeType": "DialogChangeNode",
          "id": "e9474e21-a1bd-4b14-8c9b-80c0a553521f"
        }
      ],
      "id": "new_topic_f5d96cdfae8144018528eac641e53efe",
      "displayName": "Dialog for 電話會議的好處",
      "createdTime": "2021-11-17T07:18:50.8756396Z",
      "updatedTime": "2021-11-22T10:59:49.5842339Z",
      "createdUserId": "9c968d43-f7c2-4e28-895c-1f6bcefcd8be",
      "updatedUserId": "9c968d43-f7c2-4e28-895c-1f6bcefcd8be"
    }
  ],
  "botMessages": [
    {
      "channelContent": {
        "web": {
          "contentFormat": "Markdown",
          "content": "例如，當人們在路上時，並且不能使用筆記型電腦, 無法上網使用行動裝置上的 Microsoft Teams 應用程式參加會議，打電話參加會議尤其有用。"
        }
      },
      "id": "f932fd9c-1520-4478-aa44-980fed623490",
      "createdTime": "2021-11-17T07:18:50.8756396Z",
      "updatedTime": "2021-11-17T07:18:50.8756396Z",
      "createdUserId": "9c968d43-f7c2-4e28-895c-1f6bcefcd8be",
      "updatedUserId": "9c968d43-f7c2-4e28-895c-1f6bcefcd8be"
    },
    {
      "channelContent": {
        "web": {
          "contentFormat": "Markdown",
          "content": "也有許多其他情況，使用手機而非電腦參加 Microsoft Teams 會議是更好的選擇：\n\n*   網路連接受限制\n*   會議僅限音訊\n*   打電話參加會議音訊品質更好\n*   可以使用藍牙免持裝置參加會議"
        }
      },
      "id": "76eebf7a-406c-4439-8e18-bea70eb728c2",
      "createdTime": "2021-11-17T07:19:08.108Z",
      "updatedTime": "2021-11-17T07:19:08.108Z",
      "createdUserId": "user-0",
      "updatedUserId": "user-0"
    },
    {
      "channelContent": {
        "web": {
          "contentFormat": "Markdown",
          "content": "你會發現不同選擇讓Teams在不同狀況下使用起來變得更容易，更方便。\n\n[音訊會議的常見問題](https://docs.microsoft.com/zh-tw/microsoftteams/audio-conferencing-common-questions)"
        }
      },
      "id": "3222a2b8-da6b-4acc-b375-e33328219727",
      "createdTime": "2021-11-17T07:19:16.829Z",
      "updatedTime": "2021-11-17T07:19:16.829Z",
      "createdUserId": "user-0",
      "updatedUserId": "user-0"
    }
  ]
}