{
  "intents": [
    {
      "triggerQueries": [
        "Hvordan vet jeg om andre har lest meldingen min?",
        "Kan man se om en melding har blitt sendt?",
        "Ikke vise at meldigen har blitt lest",
        "Ikke se om jeg har lest meldingen",
        "Jeg vil ikke at alle skal se om jeg har lest meldingen eller ikke",
        "Kan man skru av lesebekreftelse?",
        "Lesebekreftelse",
        "Aktiver eller deaktiver lesebekreftelser"
      ],
      "dialogId": "new_topic_653f4c7c2b964686929c6b495315bf5e",
      "isTriggeringEnabled": true,
      "id": "new_topic_653f4c7c2b964686929c6b495315bf5e",
      "displayName": "Aktiver eller deaktiver lesebekreftelser",
      "description": "https://norwegianteams.blob.core.windows.net/norwegian-container/Tima - p19 to p33.docx",
      "createdTime": "2021-04-07T15:05:49.1330167Z",
      "updatedTime": "2021-04-19T20:44:34.4971872Z",
      "createdUserId": "ef0c8b9a-eff1-49f8-92fa-fd1d3e15e1ba",
      "updatedUserId": "ef0c8b9a-eff1-49f8-92fa-fd1d3e15e1ba"
    }
  ],
  "dialogs": [
    {
      "rootNodeId": "55aee985-2da5-43cc-9224-c73c633acc4d",
      "messageNodes": [
        {
          "botMessageId": "14544e20-66ac-4893-b833-2cd77ca8bffc",
          "nodeType": "BotMessageNode",
          "id": "03ef998c-99fe-46a5-82c6-8909d4dbde95",
          "defaultTargetNodeId": "a351b12c-6e27-4058-a9f5-a1e7c20b77ed"
        },
        {
          "botMessageId": "06ad314a-3f7f-4e53-a25a-c01e7601d6d7",
          "nodeType": "BotMessageNode",
          "id": "a351b12c-6e27-4058-a9f5-a1e7c20b77ed",
          "defaultTargetNodeId": "54dbbcba-4c95-4ec7-9ee6-8dff959397e4"
        },
        {
          "botMessageId": "926b64fe-037c-4caa-bbb8-3bbd4a0b90c9",
          "nodeType": "BotMessageNode",
          "id": "55aee985-2da5-43cc-9224-c73c633acc4d",
          "defaultTargetNodeId": "03ef998c-99fe-46a5-82c6-8909d4dbde95"
        }
      ],
      "dialogChangeNodes": [
        {
          "targetDialogId": "new_topic_89c49d37fd4c4c1c9144396960733ce1_aeabea4d071f415c8c107e1cb7af5424_assumedsuccess",
          "nodeType": "DialogChangeNode",
          "id": "54dbbcba-4c95-4ec7-9ee6-8dff959397e4"
        }
      ],
      "id": "new_topic_653f4c7c2b964686929c6b495315bf5e",
      "displayName": "Dialog for Aktiver eller deaktiver lesebekreftelser",
      "createdTime": "2021-04-07T15:05:49.1330167Z",
      "updatedTime": "2021-04-19T20:44:44.0909349Z",
      "createdUserId": "ef0c8b9a-eff1-49f8-92fa-fd1d3e15e1ba",
      "updatedUserId": "ef0c8b9a-eff1-49f8-92fa-fd1d3e15e1ba"
    }
  ],
  "botMessages": [
    {
      "channelContent": {
        "web": {
          "contentFormat": "Markdown",
          "content": "For å [endre denne muligheten](https://support.microsoft.com/nb-no/office/bruke-lesebekreftelser-for-meldinger-i-teams-533f2334-32ef-424b-8d56-ed30e019f856), klikker du på profilbildet øverst i appen, og velg deretter **Innstillinger** > **Personvern**. Herfra kan du aktivere eller deaktivere **lesebekreftelser**."
        }
      },
      "id": "14544e20-66ac-4893-b833-2cd77ca8bffc",
      "createdTime": "2021-04-07T15:05:49.1330167Z",
      "updatedTime": "2021-04-07T15:05:49.1330167Z",
      "createdUserId": "ef0c8b9a-eff1-49f8-92fa-fd1d3e15e1ba",
      "updatedUserId": "ef0c8b9a-eff1-49f8-92fa-fd1d3e15e1ba"
    },
    {
      "channelContent": {
        "web": {
          "contentFormat": "Markdown",
          "content": "**💡 Viktig!:**\n\n*   Som standard er **Lesebekreftelser** aktivert for alle. Administratoren bestemmer om du har denne funksjonen, og om du har muligheten til å slå den av.\n*   **Alle må ha lesebekreftelser aktivert**  \n    Hvis du snakker med noen som har den slått av eller noen som er utenfor organisasjonen vil du ikke se lesebekreftelser fra denne personen.\n*   **Hvis du klikker i chat-vinduet, er det handlingen som merker en melding som lest**  \n    Du får ikke en lesebekreftelse hvis noen ser meldingen din i et varsel eller **aktivitets**\\-strøm. Eller hvis de ser eller besvarer fra et bannervarsel eller powerbaren. Du får bare en lesebekreftelse hvis noen har klikket i chatten."
        }
      },
      "id": "06ad314a-3f7f-4e53-a25a-c01e7601d6d7",
      "createdTime": "2021-04-07T15:06:35.424Z",
      "updatedTime": "2021-04-07T15:06:35.424Z",
      "createdUserId": "user-0",
      "updatedUserId": "user-0"
    },
    {
      "channelContent": {
        "web": {
          "contentFormat": "Markdown",
          "content": "Vil du vite om noen har **lest eller sett meldinger du har sendt**? Bruk lesebekreftelser. Når de leser meldingen, vises **Sett**\\-bekreftelse ved siden av den. Hvis ikke ser du bare bekreftelsen om meldingen ble sendt."
        }
      },
      "id": "926b64fe-037c-4caa-bbb8-3bbd4a0b90c9",
      "createdTime": "2021-04-19T20:40:52.556Z",
      "updatedTime": "2021-04-19T20:40:52.556Z",
      "createdUserId": "user-0",
      "updatedUserId": "user-0"
    }
  ],
  "createdUtc": "0001-01-01T00:00:00Z"
}