<botcomponent schemaname="new_topic_f98a24608ee04cb998de3e3e32703d5b_21a34f1673a24096a99ba0effb63cc1d">
  <componenttype>0</componenttype>
  <description>Lezione 2 - Questa lezione illustrerà come creare un argomento semplice con una diramazione condizionale e una variabile.

Una variabile è il nome di un elemento che verrà utilizzato più avanti nel flusso dell'argomento. In questo esempio, "pva_StoreLocation" è il nome della variabile quando chiedi all'utente qual è la sua sede preferita per il negozio.</description>
  <iscustomizable>1</iscustomizable>
  <name>Lezione 2 - Un argomento semplice con una condizione e una variabile</name>
  <statecode>0</statecode>
  <statuscode>1</statuscode>
</botcomponent>