{
  "intents": [
    {
      "triggerQueries": [
        "팀즈 라이브 이벤트 요구 사항",
        "Live Event 시스템 사양",
        "라이브 이벤트 시스템 사양",
        "Teams 라이브 이벤트 System 요구 사항",
        "Teams Live Event System 요구 사항",
        "팀즈 라이브 이벤트 시스템 요구 사항",
        "팀 라이브 이벤트 시스템 요구 사항",
        "Live Event 실행 운영 체제",
        "라이브 이벤트 실행 운영 체제",
        "라이브 이벤트 시스템 요구 사항?"
      ],
      "dialogId": "new_topic_e9a1d68c0456476fa1d7a25324fc14df",
      "isTriggeringEnabled": true,
      "id": "new_topic_e9a1d68c0456476fa1d7a25324fc14df",
      "displayName": "라이브 이벤트 시스템 요구 사항?",
      "description": "https://adoptbotv2kb.blob.core.windows.net/%24web/adoptbot2021-Korean.docx",
      "createdTime": "2021-03-18T03:39:18.7476571Z",
      "updatedTime": "2021-03-25T10:44:45.1808192Z",
      "createdUserId": "e47109d8-0300-4e59-a90d-56bb29886c9e",
      "updatedUserId": "e47109d8-0300-4e59-a90d-56bb29886c9e"
    }
  ],
  "dialogs": [
    {
      "rootNodeId": "7db8c116-b2da-4447-b462-043f34613156",
      "messageNodes": [
        {
          "botMessageId": "2fe71db4-1f4f-459c-be7d-297c1f636dd9",
          "nodeType": "BotMessageNode",
          "id": "7db8c116-b2da-4447-b462-043f34613156",
          "defaultTargetNodeId": "994d0067-c464-41c0-94e9-46c45d7d7d6f"
        }
      ],
      "dialogChangeNodes": [
        {
          "targetDialogId": "new_topic_2bf23930c1d146129dfe38bacb94ccd0_aeabea4d071f415c8c107e1cb7af5424_assumedsuccess",
          "nodeType": "DialogChangeNode",
          "id": "994d0067-c464-41c0-94e9-46c45d7d7d6f"
        }
      ],
      "id": "new_topic_e9a1d68c0456476fa1d7a25324fc14df",
      "displayName": "Dialog for 라이브 이벤트 시스템 요구 사항?",
      "createdTime": "2021-03-18T03:39:18.7476571Z",
      "updatedTime": "2021-03-25T10:44:13.7032055Z",
      "createdUserId": "e47109d8-0300-4e59-a90d-56bb29886c9e",
      "updatedUserId": "e47109d8-0300-4e59-a90d-56bb29886c9e"
    }
  ],
  "botMessages": [
    {
      "channelContent": {
        "web": {
          "contentFormat": "Markdown",
          "content": "*   **지원되는 운영 체제:**  \n    윈도우 7 이상 (32 비트와 64 비트), macOS 10이상.\n*   **지원 모바일 운영체제:**  \n    안드로이드 4.4 이상, iOS 10 이상\n*   **지원 웹 브라우저:**  \n    Microsoft Edge RS2 이상, Chrome (최근 3 버전), , Firefox (최근 3 버전), Internet Explorer 11, Safari."
        }
      },
      "id": "2fe71db4-1f4f-459c-be7d-297c1f636dd9",
      "createdTime": "2021-03-18T03:39:18.7476571Z",
      "updatedTime": "2021-03-18T03:39:18.7476571Z",
      "createdUserId": "e47109d8-0300-4e59-a90d-56bb29886c9e",
      "updatedUserId": "e47109d8-0300-4e59-a90d-56bb29886c9e"
    }
  ],
  "createdUtc": "0001-01-01T00:00:00Z"
}