{
  "intents": [
    {
      "endUserOverrideName": "如何使用分組討論室?",
      "triggerQueries": [
        "分組討論",
        "如何使用分組討論室?",
        "Teams 中的分組討論室",
        "分組討論室",
        "較小的房間",
        "如何在 Teams 中使用小組房間？",
        "在會議期間使用小組房間？",
        "分組討論室",
        "分組討論可以錄製嗎?",
        "在會議中的小組",
        "將會議分成更小的小組",
        "如何創建分組討論室？",
        "如何創建更小的房間？",
        "如何開始分組討論室？",
        "分組會議",
        "我想在會議前創建分組討論室",
        "將會議分成更小的房間",
        "如何使用分組討論室？",
        "How to use breakout rooms?",
        "breakout rooms in Teams",
        "breakout room",
        "smaller rooms",
        "How do I use group rooms in Teams?",
        "Use group rooms during meetings?",
        "breakout rooms",
        "smaller rooms in meetings",
        "small groups in meetings",
        "divide the meeting into smaller groups",
        "how do I create breakout rooms?",
        "how do I create smaller rooms?",
        "How to start breakout rooms?",
        "breakout sessions",
        "I want to create breakout rooms before the meeting",
        "divide the meeting into smaller rooms",
        "How do I use breakout rooms?"
      ],
      "dialogId": "new_topic_e05f8ce490aa46c8afd98bc4dc74a9fe",
      "isTriggeringEnabled": true,
      "id": "new_topic_e05f8ce490aa46c8afd98bc4dc74a9fe",
      "displayName": "我要如何使用分組討論室?",
      "description": "https://adoptbotv2kb.blob.core.windows.net/%24web/AdoptBot2021-English.docx",
      "createdTime": "2021-11-17T07:21:24.9740604Z",
      "updatedTime": "2021-11-17T13:41:14.72024Z",
      "createdUserId": "9c968d43-f7c2-4e28-895c-1f6bcefcd8be",
      "updatedUserId": "9c968d43-f7c2-4e28-895c-1f6bcefcd8be"
    }
  ],
  "dialogs": [
    {
      "rootNodeId": "81da81e1-f5bd-48a3-b025-fa63a2929898",
      "messageNodes": [
        {
          "botMessageId": "51c5f066-b9a9-4910-8dae-7f234c06346e",
          "nodeType": "BotMessageNode",
          "id": "81da81e1-f5bd-48a3-b025-fa63a2929898",
          "defaultTargetNodeId": "827ad72a-3491-4c84-a33a-786d1059490d"
        }
      ],
      "dialogChangeNodes": [
        {
          "targetDialogId": "new_topic_e2d1671328b941dbb60fa7150059b1ee_aeabea4d071f415c8c107e1cb7af5424_assumedsuccess",
          "nodeType": "DialogChangeNode",
          "id": "827ad72a-3491-4c84-a33a-786d1059490d"
        }
      ],
      "id": "new_topic_e05f8ce490aa46c8afd98bc4dc74a9fe",
      "displayName": "Dialog for 我要如何使用分組討論室?",
      "createdTime": "2021-11-17T07:21:24.9740604Z",
      "updatedTime": "2021-11-17T13:41:14.72024Z",
      "createdUserId": "9c968d43-f7c2-4e28-895c-1f6bcefcd8be",
      "updatedUserId": "9c968d43-f7c2-4e28-895c-1f6bcefcd8be"
    }
  ],
  "botMessages": [
    {
      "channelContent": {
        "web": {
          "contentFormat": "Markdown",
          "content": "分組討論室也是一個Teams會議，在許多會議場景中都很有用。\n\n關於:\n\n*   如何在會議前建立分組討論會議室\n*   指派分組討論會議室管理員\n*   設定分組討論會議室會話的時間限制\n*   週期性會議中的會議室指派\n*   ... 更多的功能  \n     \n\n[請查看此份指南，了解如何使用 Teams 分組討論室以及更多分組討論功能。](https://support.microsoft.com/zh-tw/office/use-breakout-rooms-in-teams-meetings-7de1f48a-da07-466c-a5ab-4ebace28e461)"
        }
      },
      "id": "51c5f066-b9a9-4910-8dae-7f234c06346e",
      "createdTime": "2021-11-17T07:21:24.9740604Z",
      "updatedTime": "2021-11-17T07:21:24.9740604Z",
      "createdUserId": "9c968d43-f7c2-4e28-895c-1f6bcefcd8be",
      "updatedUserId": "9c968d43-f7c2-4e28-895c-1f6bcefcd8be"
    }
  ]
}