{
  "intents": [
    {
      "endUserOverrideName": "什麼是 SharePoint？",
      "triggerQueries": [
        "SharePoint?",
        "can you describe SharePoint?",
        "Explain SharePoint",
        "webbpages in sharepoint",
        "creating a sharepoint page",
        "What is SharePoint?",
        "SharePoint?",
        "可以形容什麼是 SharePoint 嗎？",
        "解釋何謂 SharePoint",
        "SharePoint 中的網頁",
        "建立一個 SharePoint 網頁",
        "什麼是 SharePoint？"
      ],
      "dialogId": "new_topic_1410a1389efa47c58cb5014023b3982f",
      "isTriggeringEnabled": true,
      "id": "new_topic_1410a1389efa47c58cb5014023b3982f",
      "displayName": "什麼是 SharePoint？",
      "description": "https://adoptbotv2kb.blob.core.windows.net/%24web/AdoptBot2021-English.docx",
      "createdTime": "2021-11-17T13:53:36.1744709Z",
      "updatedTime": "2021-11-17T13:54:06.3618119Z",
      "createdUserId": "9c968d43-f7c2-4e28-895c-1f6bcefcd8be",
      "updatedUserId": "9c968d43-f7c2-4e28-895c-1f6bcefcd8be"
    }
  ],
  "dialogs": [
    {
      "rootNodeId": "ac3ee567-1f07-494f-8479-e36e6a28d849",
      "messageNodes": [
        {
          "botMessageId": "7a18b178-ba29-49fa-86a5-bc13ba29d68f",
          "nodeType": "BotMessageNode",
          "id": "ac3ee567-1f07-494f-8479-e36e6a28d849",
          "defaultTargetNodeId": "64591560-cfaf-43cf-b475-8faedff869d2"
        },
        {
          "botMessageId": "5cc37f03-81bd-404a-9ebf-ac388bd1fbb0",
          "nodeType": "BotMessageNode",
          "id": "64591560-cfaf-43cf-b475-8faedff869d2",
          "defaultTargetNodeId": "d21eb92d-03eb-4209-a7ae-bf1ca32aad78"
        }
      ],
      "dialogChangeNodes": [
        {
          "targetDialogId": "new_topic_e2d1671328b941dbb60fa7150059b1ee_aeabea4d071f415c8c107e1cb7af5424_assumedsuccess",
          "nodeType": "DialogChangeNode",
          "id": "d21eb92d-03eb-4209-a7ae-bf1ca32aad78"
        }
      ],
      "id": "new_topic_1410a1389efa47c58cb5014023b3982f",
      "displayName": "Dialog for 什麼是 SharePoint？",
      "createdTime": "2021-11-17T13:53:36.1744709Z",
      "updatedTime": "2021-11-17T13:54:06.3618119Z",
      "createdUserId": "9c968d43-f7c2-4e28-895c-1f6bcefcd8be",
      "updatedUserId": "9c968d43-f7c2-4e28-895c-1f6bcefcd8be"
    }
  ],
  "botMessages": [
    {
      "channelContent": {
        "web": {
          "contentFormat": "Markdown",
          "content": "SharePoint 被組織用於創建網站。您可以使用 SharePoint 作為存儲、組織、共用和訪問來自幾乎任何設備的資訊的安全場所。"
        }
      },
      "id": "7a18b178-ba29-49fa-86a5-bc13ba29d68f",
      "createdTime": "2021-11-17T13:53:36.1744709Z",
      "updatedTime": "2021-11-17T13:53:36.1744709Z",
      "createdUserId": "9c968d43-f7c2-4e28-895c-1f6bcefcd8be",
      "updatedUserId": "9c968d43-f7c2-4e28-895c-1f6bcefcd8be"
    },
    {
      "channelContent": {
        "web": {
          "contentFormat": "Markdown",
          "content": "您只需要一個網路瀏覽器。\n\n[什麼是 SharePoint？](https://support.microsoft.com/zh-tw/office/%E4%BB%80%E9%BA%BC%E6%98%AF-sharepoint-97b915e6-651b-43b2-827d-fb25777f446f?ui=zh-tw&rs=zh-tw&ad=tw)"
        }
      },
      "id": "5cc37f03-81bd-404a-9ebf-ac388bd1fbb0",
      "createdTime": "2021-11-17T13:53:45.883Z",
      "updatedTime": "2021-11-17T13:53:45.883Z",
      "createdUserId": "user-0",
      "updatedUserId": "user-0"
    }
  ]
}