{
  "intents": [
    {
      "intentType": "Regular",
      "endUserOverrideName": "Teams live events",
      "triggerQueries": [
        "Can I broadcast a meeting in teams?",
        "Teams live events",
        "What is a live event in Microsoft teams?",
        "What is a Teams Live Event?",
        "Can you stream a meeting in teams?",
        "What are Live Events?"
      ],
      "dialogId": "new_topic_c3b60cd335aa41ea8e96033f9112a940",
      "isTriggeringEnabled": true,
      "id": "new_topic_c3b60cd335aa41ea8e96033f9112a940",
      "displayName": "What are Live Events?",
      "description": "https://adoptbotv2kb.blob.core.windows.net/%24web/AdoptBot2021-English.docx",
      "createdTime": "2021-01-13T22:20:51.2381463Z",
      "updatedTime": "2021-01-27T20:23:24.7163348Z",
      "createdUserId": "f04d3cd9-b73d-4ba9-a1ed-9319eba29b21",
      "updatedUserId": "f04d3cd9-b73d-4ba9-a1ed-9319eba29b21"
    }
  ],
  "dialogs": [
    {
      "rootNodeId": "3c79d17e-3b77-41d3-bfe4-06fa3caafcfe",
      "messageNodes": [
        {
          "botMessageId": "25c4c1e9-1b52-4952-9fa6-cd56ef914ff1",
          "nodeType": "BotMessageNode",
          "id": "3c79d17e-3b77-41d3-bfe4-06fa3caafcfe",
          "defaultTargetNodeId": "74e1a84d-11fb-4c68-8093-dc42c62a8a0d"
        }
      ],
      "dialogChangeNodes": [
        {
          "targetDialogId": "new_topic_eac3f49c99664313a9d9dc19d80a79a2_aeabea4d071f415c8c107e1cb7af5424_assumedsuccess",
          "nodeType": "DialogChangeNode",
          "id": "74e1a84d-11fb-4c68-8093-dc42c62a8a0d"
        }
      ],
      "id": "new_topic_c3b60cd335aa41ea8e96033f9112a940",
      "displayName": "Dialog for What are Live Events?",
      "createdTime": "2021-01-13T22:20:51.2381463Z",
      "updatedTime": "2021-01-13T22:20:51.2381463Z",
      "createdUserId": "f04d3cd9-b73d-4ba9-a1ed-9319eba29b21",
      "updatedUserId": "f04d3cd9-b73d-4ba9-a1ed-9319eba29b21"
    }
  ],
  "botMessages": [
    {
      "channelContent": {
        "web": {
          "contentFormat": "Markdown",
          "content": "With Teams live events,  users in your organization can broadcast video and meeting content to large groups. See [What are Microsoft Teams live](https://docs.microsoft.com/en-us/microsoftteams/teams-live-events/what-are-teams-live-events) [events](https://docs.microsoft.com/en-us/microsoftteams/teams-live-events/what-are-teams-live-events)"
        }
      },
      "id": "25c4c1e9-1b52-4952-9fa6-cd56ef914ff1",
      "createdTime": "2021-01-13T22:20:51.2381463Z",
      "updatedTime": "2021-01-13T22:20:51.2381463Z",
      "createdUserId": "f04d3cd9-b73d-4ba9-a1ed-9319eba29b21",
      "updatedUserId": "f04d3cd9-b73d-4ba9-a1ed-9319eba29b21"
    }
  ]
}