{
  "intents": [
    {
      "endUserOverrideName": "Skapa ny kanal i ett team",
      "triggerQueries": [
        "skapa teamskanal",
        "lägg till ny kanal",
        "Skapa fler kanaler i ett team",
        "Hur skapar jag en kanal i ett team?",
        "Skapa en ny kanal",
        "Ställ in en ny kanal i mitt team",
        "kan alla medlemmar skapa kanaler?",
        "Lägg till en kanal i ett team",
        "Hur hindrar jag medlemmar från att lägga till kanaler?",
        "Skapa kanaler i ett team",
        "vem kan skapa kanaler i ett team?",
        "skapa nya teamkanaler",
        "lägga till kanaler i mitt team",
        "Hur skapar jag en ny kanal i ett team?"
      ],
      "dialogId": "new_topic_2ead6aee9f6c4c12a31706f3e61da5c2",
      "isTriggeringEnabled": true,
      "id": "new_topic_2ead6aee9f6c4c12a31706f3e61da5c2",
      "displayName": "Hur skapar jag en ny kanal i ett team?",
      "description": "https://faqtimafiles.blob.core.windows.net/filesfortima-adoptbot/svenska frågor till adoptbot PVA (Swedish QnA for AdoptBot).docx",
      "createdTime": "2021-02-05T12:12:35.7050769Z",
      "updatedTime": "2021-02-05T12:21:17.1791663Z",
      "createdUserId": "f04d3cd9-b73d-4ba9-a1ed-9319eba29b21",
      "updatedUserId": "f04d3cd9-b73d-4ba9-a1ed-9319eba29b21"
    }
  ],
  "dialogs": [
    {
      "rootNodeId": "e58a28b2-6052-41ef-9b86-520ae29f6b25",
      "messageNodes": [
        {
          "botMessageId": "a6f377bc-7e76-41b3-8a56-a01a3135ca55",
          "nodeType": "BotMessageNode",
          "id": "e58a28b2-6052-41ef-9b86-520ae29f6b25",
          "defaultTargetNodeId": "a747378c-926f-4b1f-a154-4f229664a106"
        },
        {
          "botMessageId": "579fbc43-0f2e-41be-af64-69fbfc2db2b2",
          "nodeType": "BotMessageNode",
          "id": "a747378c-926f-4b1f-a154-4f229664a106",
          "defaultTargetNodeId": "36c9aaac-2597-4085-b696-adbd14f40eab"
        },
        {
          "botMessageId": "4bdab76a-c309-4519-b120-7bc52788e729",
          "nodeType": "BotMessageNode",
          "id": "999cc78d-ece7-4e1e-bd17-95e34117d28c",
          "defaultTargetNodeId": "0e2f84bf-a486-413e-afaa-6a104c158904"
        },
        {
          "botMessageId": "979ad248-724f-4fbd-b483-3601c37359cf",
          "nodeType": "BotMessageNode",
          "id": "36c9aaac-2597-4085-b696-adbd14f40eab",
          "defaultTargetNodeId": "999cc78d-ece7-4e1e-bd17-95e34117d28c"
        }
      ],
      "dialogChangeNodes": [
        {
          "targetDialogId": "new_topic_84ec227c19784e7ba25cb34f4638f91e_aeabea4d071f415c8c107e1cb7af5424_assumedsuccess",
          "nodeType": "DialogChangeNode",
          "id": "0e2f84bf-a486-413e-afaa-6a104c158904"
        }
      ],
      "id": "new_topic_2ead6aee9f6c4c12a31706f3e61da5c2",
      "displayName": "Dialog for Hur skapar jag en ny kanal i ett team?",
      "createdTime": "2021-02-05T12:12:35.7050769Z",
      "updatedTime": "2021-02-05T12:20:43.6149247Z",
      "createdUserId": "f04d3cd9-b73d-4ba9-a1ed-9319eba29b21",
      "updatedUserId": "f04d3cd9-b73d-4ba9-a1ed-9319eba29b21"
    }
  ],
  "botMessages": [
    {
      "channelContent": {
        "web": {
          "contentFormat": "Markdown",
          "content": "Som standard kan alla medlemmar i ett team skapa kanaler.\n\nLeta upp teamets namn och klicka på **Fler alternativ** (...) > **Lägg till kanal**."
        }
      },
      "id": "a6f377bc-7e76-41b3-8a56-a01a3135ca55",
      "createdTime": "2021-02-05T12:12:35.7040784Z",
      "updatedTime": "2021-02-05T12:12:35.7040784Z",
      "createdUserId": "f04d3cd9-b73d-4ba9-a1ed-9319eba29b21",
      "updatedUserId": "f04d3cd9-b73d-4ba9-a1ed-9319eba29b21"
    },
    {
      "channelContent": {
        "web": {
          "contentFormat": "Markdown",
          "content": "En standardkanal är öppen för alla medlemmar och allt som publiceras är sökbart för medlemmarna.\n\nSom teamägare kan du aktivera eller stänga av möjligheten för medlemmar att skapa kanaler."
        }
      },
      "id": "579fbc43-0f2e-41be-af64-69fbfc2db2b2",
      "createdTime": "2021-02-05T12:17:08.838Z",
      "updatedTime": "2021-02-05T12:17:08.838Z",
      "createdUserId": "user-0",
      "updatedUserId": "user-0"
    },
    {
      "channelContent": {
        "web": {
          "contentFormat": "Markdown",
          "content": "💡**Tips:**   \n_Skapa endast kanaler när det finns ett tydligt syfte, behov och önskemål. Alltför många förutbestämda kanaler kan kännas förvirrande. \"Allmänt\"-kanalen räcker långt för många team._"
        }
      },
      "id": "4bdab76a-c309-4519-b120-7bc52788e729",
      "createdTime": "2021-02-05T12:17:10.977Z",
      "updatedTime": "2021-02-05T12:17:10.977Z",
      "createdUserId": "user-0",
      "updatedUserId": "user-0"
    },
    {
      "channelContent": {
        "web": {
          "contentFormat": "Markdown",
          "content": "**Om du vill** se eller ändra medlemsbehörigheter, gå till **Hantera Team >** **Inställningar**.\n\nLäs mer intressanta saker om [att skapa kanaler i Teams](https://support.microsoft.com/en-us/office/create-a-channel-in-teams-fda0b75e-5b90-4fb8-8857-7e102b014525)."
        }
      },
      "id": "979ad248-724f-4fbd-b483-3601c37359cf",
      "createdTime": "2021-02-05T12:17:44.266Z",
      "updatedTime": "2021-02-05T12:17:44.266Z",
      "createdUserId": "user-0",
      "updatedUserId": "user-0"
    }
  ]
}