{
  "intents": [
    {
      "endUserOverrideName": "電話加入會議人數上限",
      "triggerQueries": [
        "電話會議人數上限",
        "通話人數上限",
        "我總共可以有多少電話參與者？",
        "電話會議最多多少人？",
        "有多少人可以撥號參加例會？",
        "有多少人可以通過電話開會？",
        "通過電話開會的最大人數？",
        "電話會議的最大容納人數？",
        "我可以讓多少電話參與者參加會議？",
        "通話人數限制",
        "How many total phone participants can I have in a meeting?",
        "How many is the maximum for conference call?",
        "how many people can call in to a regular meeting?",
        "How many people can be in the meeting over the phone?",
        "maximum number in meeting by phone?",
        "maximum number in conference call?",
        "How many total phone participants can I have in meetings?"
      ],
      "dialogId": "new_topic_f90196a610d040efb3965a844bc173e9",
      "isTriggeringEnabled": true,
      "id": "new_topic_f90196a610d040efb3965a844bc173e9",
      "displayName": "電話會議人數限制",
      "description": "https://adoptbotv2kb.blob.core.windows.net/%24web/AdoptBot2021-English.docx",
      "createdTime": "2021-11-17T07:50:44.8669343Z",
      "updatedTime": "2021-11-22T10:57:25.8728084Z",
      "createdUserId": "9c968d43-f7c2-4e28-895c-1f6bcefcd8be",
      "updatedUserId": "9c968d43-f7c2-4e28-895c-1f6bcefcd8be"
    }
  ],
  "dialogs": [
    {
      "rootNodeId": "e0bcedb3-dcb2-4336-912a-c41af962ea89",
      "messageNodes": [
        {
          "botMessageId": "eddb4671-830c-45ff-addb-fccb4aefddff",
          "nodeType": "BotMessageNode",
          "id": "e0bcedb3-dcb2-4336-912a-c41af962ea89",
          "defaultTargetNodeId": "be0c3a20-1aa0-46cc-ad41-35d51e385bbe"
        }
      ],
      "dialogChangeNodes": [
        {
          "targetDialogId": "new_topic_e2d1671328b941dbb60fa7150059b1ee_aeabea4d071f415c8c107e1cb7af5424_assumedsuccess",
          "nodeType": "DialogChangeNode",
          "id": "be0c3a20-1aa0-46cc-ad41-35d51e385bbe"
        }
      ],
      "id": "new_topic_f90196a610d040efb3965a844bc173e9",
      "displayName": "Dialog for 通話人數限制",
      "createdTime": "2021-11-17T07:50:44.8669343Z",
      "updatedTime": "2021-11-22T10:57:25.8728084Z",
      "createdUserId": "9c968d43-f7c2-4e28-895c-1f6bcefcd8be",
      "updatedUserId": "9c968d43-f7c2-4e28-895c-1f6bcefcd8be"
    }
  ],
  "botMessages": [
    {
      "channelContent": {
        "web": {
          "contentFormat": "Markdown",
          "content": "截至目前，能利用電話通話加入會議的限制是300人。(2021 年初)\n\n[詳情請見連結](https://docs.microsoft.com/zh-tw/microsoftteams/limits-specifications-teams)\n\n[音訊會議的常見問題](https://docs.microsoft.com/zh-tw/microsoftteams/audio-conferencing-common-questions)"
        }
      },
      "id": "eddb4671-830c-45ff-addb-fccb4aefddff",
      "createdTime": "2021-11-17T07:50:44.8669343Z",
      "updatedTime": "2021-11-17T07:50:44.8669343Z",
      "createdUserId": "9c968d43-f7c2-4e28-895c-1f6bcefcd8be",
      "updatedUserId": "9c968d43-f7c2-4e28-895c-1f6bcefcd8be"
    }
  ]
}