{
  "intents": [
    {
      "endUserOverrideName": "Wer kann Microsoft Teams nutzen?",
      "triggerQueries": [
        "Welche Lizenz brauche ich für Teams?",
        "Gibt es verschiedene Lizenzen für Teams?",
        "Welche Lizenz brauche ich für Teams?",
        "Können Schüler Teams nutzen?",
        "Kann man Teams privat nutzen?",
        "Gibt es eine kostenlose Version von Teams?",
        "Brauche ich eine Lizenz um Teams nutzen zu können?",
        "Lizenzen",
        "Microsoft Teams Lizenzen",
        "Wer kann Microsoft Teams nutzen?"
      ],
      "dialogId": "new_topic_f452e0b6e7d04cb7b8ece79316284cfd",
      "isTriggeringEnabled": true,
      "id": "new_topic_f452e0b6e7d04cb7b8ece79316284cfd",
      "displayName": "Wer kann Microsoft Teams nutzen?",
      "description": "https://adoptbotv2kb.blob.core.windows.net/%24web/AdoptBot2021-English.docx",
      "createdTime": "2021-04-18T21:07:10.8762471Z",
      "updatedTime": "2021-04-18T21:07:10.8762471Z",
      "createdUserId": "86360cd1-faa6-4d16-8a0c-ba3116c8a977"
    }
  ],
  "dialogs": [
    {
      "rootNodeId": "b6f9d0c7-f520-44a3-a26b-f83301bd7b85",
      "messageNodes": [
        {
          "botMessageId": "1324c3c1-92af-4f57-a31a-ba2e9c0be29a",
          "nodeType": "BotMessageNode",
          "id": "b6f9d0c7-f520-44a3-a26b-f83301bd7b85",
          "defaultTargetNodeId": "2c4df600-2eed-4056-84c6-89f2b72c9e65"
        },
        {
          "botMessageId": "ef242ef7-9b79-47a2-9ba0-f3f95b7f1c44",
          "nodeType": "BotMessageNode",
          "id": "2c4df600-2eed-4056-84c6-89f2b72c9e65",
          "defaultTargetNodeId": "372280b2-195c-4aab-9cbb-7c766b22840b"
        },
        {
          "botMessageId": "c6982358-eb34-4a14-ab2a-946f9655bc43",
          "nodeType": "BotMessageNode",
          "id": "372280b2-195c-4aab-9cbb-7c766b22840b",
          "defaultTargetNodeId": "8a3bd365-7ce3-423c-b60c-3f6637c16de8"
        },
        {
          "botMessageId": "62249b4d-ee2a-47e8-a100-b162acf4cfce",
          "nodeType": "BotMessageNode",
          "id": "8a3bd365-7ce3-423c-b60c-3f6637c16de8",
          "defaultTargetNodeId": "8945152f-ebb3-4e1f-a208-19b5a1efae5b"
        }
      ],
      "dialogChangeNodes": [
        {
          "targetDialogId": "new_topic_30867099f4b543d3b8543a85c22c3418_aeabea4d071f415c8c107e1cb7af5424_assumedsuccess",
          "nodeType": "DialogChangeNode",
          "id": "8945152f-ebb3-4e1f-a208-19b5a1efae5b"
        }
      ],
      "id": "new_topic_f452e0b6e7d04cb7b8ece79316284cfd",
      "displayName": "Dialog for Wer kann Microsoft Teams nutzen?",
      "createdTime": "2021-04-18T21:07:10.8762471Z",
      "updatedTime": "2021-04-18T21:10:17.1606029Z",
      "createdUserId": "86360cd1-faa6-4d16-8a0c-ba3116c8a977",
      "updatedUserId": "86360cd1-faa6-4d16-8a0c-ba3116c8a977"
    }
  ],
  "botMessages": [
    {
      "channelContent": {
        "web": {
          "contentFormat": "Markdown",
          "content": "Teams ist Teil von Microsoft 365. Für die Nutzung in Unternehmen benötigen Sie also eine Microsoft 365-Lizenz."
        }
      },
      "id": "1324c3c1-92af-4f57-a31a-ba2e9c0be29a",
      "createdTime": "2021-04-18T21:07:10.8762471Z",
      "updatedTime": "2021-04-18T21:07:10.8762471Z",
      "createdUserId": "86360cd1-faa6-4d16-8a0c-ba3116c8a977",
      "updatedUserId": "86360cd1-faa6-4d16-8a0c-ba3116c8a977"
    },
    {
      "channelContent": {
        "web": {
          "contentFormat": "Markdown",
          "content": "Konkret benötigen Sie eine der folgenden Lizenzen:\n\nBusiness Essentials oder Business Premium\n\nEnterprise F1, F3, E1, E3, oder E5\n\nMicrosoft 365 A-Lizenzen für Bildung/Schule beinhalten auch Teams.\n\nLesen Sie, [wie Sie Zugang zu Microsoft Teams erhalten](https://support.microsoft.com/de-de/office/wie-kann-ich-microsoft-teams-erhalten-fc7f1634-abd3-4f26-a597-9df16e4ca65b?ui=de-DE&rs=de-DE&ad=DE), um weitere Informationen zu erhalten."
        }
      },
      "id": "ef242ef7-9b79-47a2-9ba0-f3f95b7f1c44",
      "createdTime": "2021-04-18T21:07:31.567Z",
      "updatedTime": "2021-04-18T21:07:31.567Z",
      "createdUserId": "user-0",
      "updatedUserId": "user-0"
    },
    {
      "channelContent": {
        "web": {
          "contentFormat": "Markdown",
          "content": "Um jemanden aus Ihrer Organisation zu Teams hinzuzufügen, öffnen Sie einfach die App und fügen Sie ihn zu einem Team hinzu. Die Person erhält dann automatisch eine E-Mail mit der Einladung."
        }
      },
      "id": "c6982358-eb34-4a14-ab2a-946f9655bc43",
      "createdTime": "2021-04-18T21:08:29.982Z",
      "updatedTime": "2021-04-18T21:08:29.982Z",
      "createdUserId": "user-0",
      "updatedUserId": "user-0"
    },
    {
      "channelContent": {
        "web": {
          "contentFormat": "Markdown",
          "content": "[Für den persönlichen Gebrauch ist Teams kostenlos.](https://www.microsoft.com/de-de/microsoft-teams/free)\n\n[Es gibt auch eine kostenlose Version von Microsoft Teams](https://www.microsoft.com/de-de/microsoft-teams/free)\n\n[Zusätzliche Angebote für Nonprofits und Bildung verfügbar](https://www.microsoft.com/de-de/microsoft-teams/free)"
        }
      },
      "id": "62249b4d-ee2a-47e8-a100-b162acf4cfce",
      "createdTime": "2021-04-18T21:08:55.086Z",
      "updatedTime": "2021-04-18T21:08:55.086Z",
      "createdUserId": "user-0",
      "updatedUserId": "user-0"
    }
  ],
  "createdUtc": "0001-01-01T00:00:00Z"
}