{
  "intents": [
    {
      "triggerQueries": [
        "Hva skjer hvis en kanal ble slettet?",
        "Fjern en kanal",
        "Slett kanalen",
        "Slette en kanal i Teams"
      ],
      "dialogId": "new_topic_c7f5b42ae41145e68263ada15cce864e",
      "isTriggeringEnabled": true,
      "id": "new_topic_c7f5b42ae41145e68263ada15cce864e",
      "displayName": "Slett en kanal i Teams",
      "description": "https://norwegianteams.blob.core.windows.net/norwegian-container/TIMA QA P19.docx",
      "createdTime": "2021-03-24T20:09:21.5452642Z",
      "updatedTime": "2021-04-06T17:59:05.8120667Z",
      "createdUserId": "ef0c8b9a-eff1-49f8-92fa-fd1d3e15e1ba",
      "updatedUserId": "ef0c8b9a-eff1-49f8-92fa-fd1d3e15e1ba"
    }
  ],
  "dialogs": [
    {
      "rootNodeId": "8f7f9d1f-0d78-4217-82a9-467978e6cb28",
      "messageNodes": [
        {
          "botMessageId": "fa925614-4746-4378-99e4-6995e5f8cb20",
          "nodeType": "BotMessageNode",
          "id": "8f7f9d1f-0d78-4217-82a9-467978e6cb28",
          "defaultTargetNodeId": "c7523e71-7880-459b-9e5c-97eab534f417"
        },
        {
          "botMessageId": "85dccb16-d6d0-44dd-8b88-8939f37b4af1",
          "nodeType": "BotMessageNode",
          "id": "c7523e71-7880-459b-9e5c-97eab534f417",
          "defaultTargetNodeId": "61766c85-2b28-4221-986f-70e6372a7541"
        },
        {
          "botMessageId": "a676f91f-7a03-41d1-a003-98473d888d3b",
          "nodeType": "BotMessageNode",
          "id": "61766c85-2b28-4221-986f-70e6372a7541",
          "defaultTargetNodeId": "ea2d0a79-34ad-4e7b-8195-e6bae422fda3"
        }
      ],
      "dialogChangeNodes": [
        {
          "targetDialogId": "new_topic_89c49d37fd4c4c1c9144396960733ce1_aeabea4d071f415c8c107e1cb7af5424_assumedsuccess",
          "nodeType": "DialogChangeNode",
          "id": "ea2d0a79-34ad-4e7b-8195-e6bae422fda3"
        }
      ],
      "id": "new_topic_c7f5b42ae41145e68263ada15cce864e",
      "displayName": "Dialog for Slette en kanal i Teams",
      "createdTime": "2021-03-24T20:09:21.5452642Z",
      "updatedTime": "2021-04-06T17:58:56.2609669Z",
      "createdUserId": "ef0c8b9a-eff1-49f8-92fa-fd1d3e15e1ba",
      "updatedUserId": "ef0c8b9a-eff1-49f8-92fa-fd1d3e15e1ba"
    }
  ],
  "botMessages": [
    {
      "channelContent": {
        "web": {
          "contentFormat": "Markdown",
          "content": "Teameiere bestemmer hvilke gruppemedlemmer som kan slette og gjenopprette kanaler."
        }
      },
      "id": "fa925614-4746-4378-99e4-6995e5f8cb20",
      "createdTime": "2021-03-24T20:09:21.5452642Z",
      "updatedTime": "2021-03-24T20:09:21.5452642Z",
      "createdUserId": "ef0c8b9a-eff1-49f8-92fa-fd1d3e15e1ba",
      "updatedUserId": "ef0c8b9a-eff1-49f8-92fa-fd1d3e15e1ba"
    },
    {
      "channelContent": {
        "web": {
          "contentFormat": "Markdown",
          "content": "Hvis du vil slette en kanal, går du til kanalnavnet og klikker **Flere alternativer…** > **Slett denne kanalen**."
        }
      },
      "id": "85dccb16-d6d0-44dd-8b88-8939f37b4af1",
      "createdTime": "2021-04-06T17:58:43.541Z",
      "updatedTime": "2021-04-06T17:58:43.541Z",
      "createdUserId": "user-0",
      "updatedUserId": "user-0"
    },
    {
      "channelContent": {
        "web": {
          "contentFormat": "Markdown",
          "content": "Husk at hvis du sletter en kanal, mister du også hele samtaleloggen for denne kanalen. OneNote-seksjonene som er knyttet til kanalen, vil imidlertid fremdeles vises på teamets SharePoint-nettsted."
        }
      },
      "id": "a676f91f-7a03-41d1-a003-98473d888d3b",
      "createdTime": "2021-04-06T17:58:46.846Z",
      "updatedTime": "2021-04-06T17:58:46.846Z",
      "createdUserId": "user-0",
      "updatedUserId": "user-0"
    }
  ],
  "createdUtc": "0001-01-01T00:00:00Z"
}