{
  "intents": [
    {
      "triggerQueries": [
        "팀원 멤버 누구",
        "팀원 멤버 누구",
        "Team 팀 멤버 누구",
        "팀원 간주 사람",
        "팀 멤버란?"
      ],
      "dialogId": "new_topic_263bb986f3e84b29966b2096c71b1cfa",
      "isTriggeringEnabled": true,
      "id": "new_topic_263bb986f3e84b29966b2096c71b1cfa",
      "displayName": "팀 멤버란?",
      "description": "https://adoptbotv2kb.blob.core.windows.net/%24web/adoptbot2021-Korean.docx",
      "createdTime": "2021-03-18T03:39:18.7456548Z",
      "updatedTime": "2021-04-06T11:34:09.8292144Z",
      "createdUserId": "e47109d8-0300-4e59-a90d-56bb29886c9e",
      "updatedUserId": "e47109d8-0300-4e59-a90d-56bb29886c9e"
    }
  ],
  "dialogs": [
    {
      "rootNodeId": "d228b1d8-9521-4c1f-a4fa-d85dfb8a29d1",
      "messageNodes": [
        {
          "botMessageId": "a035f279-206f-4fd2-acf4-bca19d8d3888",
          "nodeType": "BotMessageNode",
          "id": "d228b1d8-9521-4c1f-a4fa-d85dfb8a29d1",
          "defaultTargetNodeId": "56c0221a-b882-4f23-8076-10463bae77a7"
        }
      ],
      "dialogChangeNodes": [
        {
          "targetDialogId": "new_topic_2bf23930c1d146129dfe38bacb94ccd0_aeabea4d071f415c8c107e1cb7af5424_assumedsuccess",
          "nodeType": "DialogChangeNode",
          "id": "56c0221a-b882-4f23-8076-10463bae77a7"
        }
      ],
      "id": "new_topic_263bb986f3e84b29966b2096c71b1cfa",
      "displayName": "Dialog for 팀 멤버란?",
      "createdTime": "2021-03-18T03:39:18.7456548Z",
      "updatedTime": "2021-03-18T03:39:18.7456548Z",
      "createdUserId": "e47109d8-0300-4e59-a90d-56bb29886c9e",
      "updatedUserId": "e47109d8-0300-4e59-a90d-56bb29886c9e"
    }
  ],
  "botMessages": [
    {
      "channelContent": {
        "web": {
          "contentFormat": "Markdown",
          "content": "소유자가 팀에 초대하는 사람들입니다."
        }
      },
      "id": "a035f279-206f-4fd2-acf4-bca19d8d3888",
      "createdTime": "2021-03-18T03:39:18.7456548Z",
      "updatedTime": "2021-03-18T03:39:18.7456548Z",
      "createdUserId": "e47109d8-0300-4e59-a90d-56bb29886c9e",
      "updatedUserId": "e47109d8-0300-4e59-a90d-56bb29886c9e"
    }
  ],
  "createdUtc": "0001-01-01T00:00:00Z"
}