{
  "intents": [
    {
      "intentType": "Regular",
      "endUserOverrideName": "Dial out from Teams meeting so others can join internationally?",
      "triggerQueries": [
        "Dial out from Teams meeting so others can join internationally?",
        "Dialing out from a Microsoft Teams meeting so other people can join it",
        "invite other callers to a teams meeting",
        "can I dial out internationally and invite other callers?",
        "Dial out to international numbers in a meeting?",
        "International calling in Teams?",
        "Make calls outside of my country?",
        "Make international calls",
        "call in meeting participants with foreign numbers",
        "International phone calls in the meeting?",
        "Invite by phone number outside of the UK?",
        "Invite by overseas phone number?",
        "Invite by phone number outside of the country?",
        "Invite by phone number outside of the US?",
        "Call in international participants",
        "How can we call someone into the meeting from another country?",
        "Call in guests from abroad in the meeting",
        "Can attendees dial out to international phone numbers when they're in a Microsoft Teams meeting?"
      ],
      "dialogId": "new_topic_57549904b05248c298735d62388fb29f",
      "isTriggeringEnabled": true,
      "id": "new_topic_57549904b05248c298735d62388fb29f",
      "displayName": "Can attendees dial out to international phone numbers when they're in a Microsoft Teams meeting?",
      "description": "https://adoptbotv2kb.blob.core.windows.net/%24web/AdoptBot2021-English.docx",
      "createdTime": "2021-01-13T22:20:51.2381463Z",
      "updatedTime": "2021-01-27T08:49:05.5939955Z",
      "createdUserId": "f04d3cd9-b73d-4ba9-a1ed-9319eba29b21",
      "updatedUserId": "f04d3cd9-b73d-4ba9-a1ed-9319eba29b21"
    }
  ],
  "dialogs": [
    {
      "rootNodeId": "9685b020-fff3-4495-a221-5546c62a709c",
      "messageNodes": [
        {
          "botMessageId": "e4312f65-ad62-4604-9aa6-e275335c125a",
          "nodeType": "BotMessageNode",
          "id": "9685b020-fff3-4495-a221-5546c62a709c",
          "defaultTargetNodeId": "f585ee48-7195-4803-be47-e0fb8292862d"
        }
      ],
      "dialogChangeNodes": [
        {
          "targetDialogId": "new_topic_eac3f49c99664313a9d9dc19d80a79a2_aeabea4d071f415c8c107e1cb7af5424_assumedsuccess",
          "nodeType": "DialogChangeNode",
          "id": "f585ee48-7195-4803-be47-e0fb8292862d"
        }
      ],
      "id": "new_topic_57549904b05248c298735d62388fb29f",
      "displayName": "Dialog for Can attendees dial out to international phone numbers when they're in a Microsoft Teams meeting?",
      "createdTime": "2021-01-13T22:20:51.2381463Z",
      "updatedTime": "2021-01-27T08:43:06.2395831Z",
      "createdUserId": "f04d3cd9-b73d-4ba9-a1ed-9319eba29b21",
      "updatedUserId": "f04d3cd9-b73d-4ba9-a1ed-9319eba29b21"
    }
  ],
  "botMessages": [
    {
      "channelContent": {
        "web": {
          "contentFormat": "Markdown",
          "content": "Attendees can dial out internationally and invite other callers into a Microsoft Teams meeting.   \nSee: [Dial out from a Microsoft Teams meeting so other people can join it.](https://docs.microsoft.com/en-us/microsoftteams/dialing-out-from-a-teams-meeting-so-other-people-can-join-it)"
        }
      },
      "id": "e4312f65-ad62-4604-9aa6-e275335c125a",
      "createdTime": "2021-01-13T22:20:51.2381463Z",
      "updatedTime": "2021-01-13T22:20:51.2381463Z",
      "createdUserId": "f04d3cd9-b73d-4ba9-a1ed-9319eba29b21",
      "updatedUserId": "f04d3cd9-b73d-4ba9-a1ed-9319eba29b21"
    }
  ]
}