<botcomponent_workflowset>
  <botcomponent_workflow botcomponentid.schemaname="new_topic_7c01a303c4ce4d66a7279a251a979aa5" workflowid.workflowid="196f0d17-6faf-ec11-9840-0022489c9fb7">
    <iscustomizable>1</iscustomizable>
  </botcomponent_workflow>
  <botcomponent_workflow botcomponentid.schemaname="new_topic_eac3f49c99664313a9d9dc19d80a79a2_954135cafcd647eaae5999ad91fc08cf_talktoagent" workflowid.workflowid="5f987b3f-6daf-ec11-9840-0022489c9fb7">
    <iscustomizable>1</iscustomizable>
  </botcomponent_workflow>
  <botcomponent_workflow botcomponentid.schemaname="new_topic_eac3f49c99664313a9d9dc19d80a79a2_ba7b967c97ba4c39bca58a8bb6a72d59_conversationstart" workflowid.workflowid="c9579f47-cb2f-eb11-a813-000d3a98dbb4">
    <iscustomizable>1</iscustomizable>
  </botcomponent_workflow>
</botcomponent_workflowset>