{
  "intents": [
    {
      "endUserOverrideName": "誰可以使用 Teams",
      "triggerQueries": [
        "使用Teams需要什麼授權",
        "我可以有不同的Teams授權",
        "那些授權有包含Teams",
        "要存取Teams需要什麼",
        "學生可以使用Teams嗎",
        "Teams可以給個人使用嗎",
        "Teams有免費版本嗎",
        "Teams要用到授權嗎",
        "Teams 授權",
        "誰可以使用Teams",
        "What license do you need for Teams?",
        "Can I have different licenses for Teams?",
        "Which license does Teams include?",
        "What's required to access teams?",
        "Can students use teams?",
        "Is teams available for personal use?",
        "Are there free versions of Teams?",
        "Is a license needed to use Teams?",
        "Microsoft Teams Licenses",
        "Who can use Microsoft Teams?"
      ],
      "dialogId": "new_topic_4dcc42d741444fbc9d80a91f06787177",
      "isTriggeringEnabled": true,
      "id": "new_topic_4dcc42d741444fbc9d80a91f06787177",
      "displayName": "誰可以使用 Microsoft Teams",
      "description": "https://adoptbotv2kb.blob.core.windows.net/%24web/AdoptBot2021-English.docx",
      "createdTime": "2021-11-17T07:17:20.79714Z",
      "updatedTime": "2021-11-22T11:16:15.3044739Z",
      "createdUserId": "9c968d43-f7c2-4e28-895c-1f6bcefcd8be",
      "updatedUserId": "9c968d43-f7c2-4e28-895c-1f6bcefcd8be"
    }
  ],
  "dialogs": [
    {
      "rootNodeId": "e11b544a-c74b-45ea-9f1e-56c4f6f4cdca",
      "messageNodes": [
        {
          "botMessageId": "73e5dc25-55ed-4e46-b6b3-c2305f0b520d",
          "nodeType": "BotMessageNode",
          "id": "e11b544a-c74b-45ea-9f1e-56c4f6f4cdca",
          "defaultTargetNodeId": "3e7cd2a2-7279-4c8d-9a5e-77e48e9730f5"
        },
        {
          "botMessageId": "6179e0e8-0e9e-4f3a-9e07-9d5b4e19bcac",
          "nodeType": "BotMessageNode",
          "id": "3e7cd2a2-7279-4c8d-9a5e-77e48e9730f5",
          "defaultTargetNodeId": "013e791a-1a34-42ab-9e0a-89cdedaab4ec"
        },
        {
          "botMessageId": "f567ad41-f5de-4159-b759-1e2b496cedda",
          "nodeType": "BotMessageNode",
          "id": "013e791a-1a34-42ab-9e0a-89cdedaab4ec",
          "defaultTargetNodeId": "2d0ea000-d31f-46e8-90c4-cde23eef3693"
        },
        {
          "botMessageId": "f5720a87-83f2-456a-b5a2-0aaeee01e9b5",
          "nodeType": "BotMessageNode",
          "id": "2d0ea000-d31f-46e8-90c4-cde23eef3693",
          "defaultTargetNodeId": "0a51d19a-c720-4e90-8499-cc1cf5ccadf7"
        }
      ],
      "dialogChangeNodes": [
        {
          "targetDialogId": "new_topic_e2d1671328b941dbb60fa7150059b1ee_aeabea4d071f415c8c107e1cb7af5424_assumedsuccess",
          "nodeType": "DialogChangeNode",
          "id": "0a51d19a-c720-4e90-8499-cc1cf5ccadf7"
        }
      ],
      "id": "new_topic_4dcc42d741444fbc9d80a91f06787177",
      "displayName": "Dialog for 誰可以使用 Microsoft Teams",
      "createdTime": "2021-11-17T07:17:20.79714Z",
      "updatedTime": "2021-11-17T07:17:54.4560816Z",
      "createdUserId": "9c968d43-f7c2-4e28-895c-1f6bcefcd8be",
      "updatedUserId": "9c968d43-f7c2-4e28-895c-1f6bcefcd8be"
    }
  ],
  "botMessages": [
    {
      "channelContent": {
        "web": {
          "contentFormat": "Markdown",
          "content": "Teams 是 Microsoft 365 的一部份，因此您需要 Microsoft 365 授權  才能做商業使用"
        }
      },
      "id": "73e5dc25-55ed-4e46-b6b3-c2305f0b520d",
      "createdTime": "2021-11-17T07:17:20.79714Z",
      "updatedTime": "2021-11-17T07:17:20.79714Z",
      "createdUserId": "9c968d43-f7c2-4e28-895c-1f6bcefcd8be",
      "updatedUserId": "9c968d43-f7c2-4e28-895c-1f6bcefcd8be"
    },
    {
      "channelContent": {
        "web": {
          "contentFormat": "Markdown",
          "content": "具體來說，您需要以下授權之一：\n\n*   商務基本版或商務標準版\n*   企業版 F1、F3、E1、E3 或 E5\n*   Microsoft 365 教育版同樣涵蓋  Teams  授權\n\n閱讀[如何訪問微軟團隊以獲取更多資訊](https://support.microsoft.com/zh-tw/office/%E5%A6%82%E4%BD%95%E5%8F%96%E5%BE%97-microsoft-teams-fc7f1634-abd3-4f26-a597-9df16e4ca65b)。"
        }
      },
      "id": "6179e0e8-0e9e-4f3a-9e07-9d5b4e19bcac",
      "createdTime": "2021-11-17T07:17:32.947Z",
      "updatedTime": "2021-11-17T07:17:32.947Z",
      "createdUserId": "user-0",
      "updatedUserId": "user-0"
    },
    {
      "channelContent": {
        "web": {
          "contentFormat": "Markdown",
          "content": "要將組織中的某人添加到團隊，只需打開 Teams 並將其添加到團隊中。他們將自動收到一封電子郵件的邀請。"
        }
      },
      "id": "f567ad41-f5de-4159-b759-1e2b496cedda",
      "createdTime": "2021-11-17T07:17:38.036Z",
      "updatedTime": "2021-11-17T07:17:38.036Z",
      "createdUserId": "user-0",
      "updatedUserId": "user-0"
    },
    {
      "channelContent": {
        "web": {
          "contentFormat": "Markdown",
          "content": "*   [個人使用 Teams 是免費的](https://www.microsoft.com/zh-tw/microsoft-teams/teams-for-home)。\n*   [我們也提供一個免費版本的 Teams](https://www.microsoft.com/zh-tw/microsoft-teams/free)。\n*   [非營利組織和教育機構則享用額外的優惠](https://www.microsoft.com/zh-tw/microsoft-teams/free)。"
        }
      },
      "id": "f5720a87-83f2-456a-b5a2-0aaeee01e9b5",
      "createdTime": "2021-11-17T07:17:42.628Z",
      "updatedTime": "2021-11-17T07:17:42.628Z",
      "createdUserId": "user-0",
      "updatedUserId": "user-0"
    }
  ]
}