<botcomponent schemaname="new_topic_84ec227c19784e7ba25cb34f4638f91e_21a34f1673a24096a99ba0effb63cc1d">
  <componenttype>0</componenttype>
  <description>Lektion 2 – Under den här lektionen visar vi hur du kan skapa ett enkelt ämne med en villkorlig gren och en variabel.

En variabel är namnet på ett objekt som ska användas senare i ämnesflödet. I det här exemplet är "pva_StoreLocation" namnet på variabeln när du frågar användarna vilken butiksplats de föredrar.</description>
  <iscustomizable>1</iscustomizable>
  <name>Lektion 2 – Ett enkelt ämne med ett villkor och en variabel</name>
  <statecode>0</statecode>
  <statuscode>1</statuscode>
</botcomponent>