{
  "intents": [
    {
      "endUserOverrideName": "Epingler une personne dans une réunion",
      "triggerQueries": [
        "Mettre en évidence une personne dans une réunion",
        "épingler la vidéo du présentateur pour tout le monde dans la réunion",
        "épingler ma vidéo pour tout le monde pendant la réunion",
        "porter attention sur ma vidéo",
        "mettre en évidence une vidéo",
        "mettre en évidence",
        "prêter attention à la vidéo de quelqu’un",
        "Afficher mon flux vidéo en plein écran pendant la réunion",
        "me mettre en évidence",
        "Verrouillez la vidéo de quelqu’un",
        "Verrouillez la vidéo de la personne qui parle pour tout le monde",
        "Verrouillez la vidéo du présentateur",
        "Comment mettre en évidence une personne pour attirer l’attention lors d’une réunion"
      ],
      "dialogId": "new_topic_98ba3030c7384031890a995c8357324c",
      "isTriggeringEnabled": true,
      "id": "new_topic_98ba3030c7384031890a995c8357324c",
      "displayName": "Comment mettre en évidence une personne pour attirer l’attention lors d’une réunion?",
      "description": "",
      "createdTime": "2021-01-13T22:20:51.2381463Z",
      "updatedTime": "2021-05-25T00:16:44.2301699Z",
      "createdUserId": "f04d3cd9-b73d-4ba9-a1ed-9319eba29b21",
      "updatedUserId": "a2c4aa2c-d830-41eb-bcf4-467a2c7e1279"
    }
  ],
  "dialogs": [
    {
      "rootNodeId": "5cee5341-d506-41f9-a1cf-390384a1eef0",
      "messageNodes": [
        {
          "botMessageId": "9af3d53f-6251-4f3e-907f-57096a313d21",
          "nodeType": "BotMessageNode",
          "id": "5cee5341-d506-41f9-a1cf-390384a1eef0",
          "defaultTargetNodeId": "74a9e395-a4e2-499d-989e-c3ca36ce8ea9"
        },
        {
          "botMessageId": "7ef85122-21f7-42a0-b69a-6669ecfabfeb",
          "nodeType": "BotMessageNode",
          "id": "74a9e395-a4e2-499d-989e-c3ca36ce8ea9",
          "defaultTargetNodeId": "718be019-2595-4e87-a3b8-5b2afed54b44"
        },
        {
          "botMessageId": "793d45a0-3bfb-4014-b977-07d0ae70fbd2",
          "nodeType": "BotMessageNode",
          "id": "718be019-2595-4e87-a3b8-5b2afed54b44",
          "defaultTargetNodeId": "5fade606-9b6b-482f-a4c1-8d21f7b08641"
        }
      ],
      "dialogChangeNodes": [
        {
          "targetDialogId": "new_topic_eac3f49c99664313a9d9dc19d80a79a2_aeabea4d071f415c8c107e1cb7af5424_assumedsuccess",
          "nodeType": "DialogChangeNode",
          "id": "5fade606-9b6b-482f-a4c1-8d21f7b08641"
        }
      ],
      "id": "new_topic_98ba3030c7384031890a995c8357324c",
      "displayName": "Dialog for Use spotlight to draw the attention of someone during a meeting?",
      "createdTime": "2021-01-13T22:20:51.2381463Z",
      "updatedTime": "2021-04-21T22:36:20.1391489Z",
      "createdUserId": "f04d3cd9-b73d-4ba9-a1ed-9319eba29b21",
      "updatedUserId": "a2c4aa2c-d830-41eb-bcf4-467a2c7e1279"
    }
  ],
  "botMessages": [
    {
      "channelContent": {
        "web": {
          "contentFormat": "Markdown",
          "content": "[Mettre en évidence la vidéo d’une personne](https://support.microsoft.com/fr-fr/office/mettre-en-%c3%a9vidence-la-vid%c3%a9o-d-une-personne-dans-une-r%c3%a9union-teams-58be74a4-efac-4e89-a212-8d198182081e?ui=fr-FR&rs=fr-FR&ad=FR), c’est l’épingler pour tout le monde dans la réunion.\n\n**Si vous êtes un organisateur ou un présentateur**, vous pouvez choisir la vidéo d'un participant (y compris la vôtre) comme étant la vidéo principale visible de tous les participants ."
        }
      },
      "id": "9af3d53f-6251-4f3e-907f-57096a313d21",
      "createdTime": "2021-01-13T22:20:51.2381463Z",
      "updatedTime": "2021-01-13T22:20:51.2381463Z",
      "createdUserId": "f04d3cd9-b73d-4ba9-a1ed-9319eba29b21",
      "updatedUserId": "f04d3cd9-b73d-4ba9-a1ed-9319eba29b21"
    },
    {
      "channelContent": {
        "web": {
          "contentFormat": "Markdown",
          "content": "Il y a deux façons de faire:\n\n1.  Cliquez à droite/touchez la vidéo de la personne et choisissez **Mettre en évidence** dans le menu.\n2.  Ou choisissez la personne que vous souhaitez mettre en évidence dans le volet **Participants**. Cliquez à droite/touchez le nom du participant > **Mettre en évidence**."
        }
      },
      "id": "7ef85122-21f7-42a0-b69a-6669ecfabfeb",
      "createdTime": "2021-01-27T19:54:15.106Z",
      "updatedTime": "2021-01-27T19:54:15.106Z",
      "createdUserId": "user-0",
      "updatedUserId": "user-0"
    },
    {
      "channelContent": {
        "web": {
          "contentFormat": "Markdown",
          "content": "Quand vous souhaitez arrêter la mise en évidence d'une personne, sélectionner la video ou le nom de cette personne et **Arrêter la mise en évidence**."
        }
      },
      "id": "793d45a0-3bfb-4014-b977-07d0ae70fbd2",
      "createdTime": "2021-01-27T19:56:38.332Z",
      "updatedTime": "2021-01-27T19:56:38.332Z",
      "createdUserId": "user-0",
      "updatedUserId": "user-0"
    }
  ],
  "createdUtc": "0001-01-01T00:00:00Z"
}