{
  "intents": [
    {
      "endUserOverrideName": "Send møteinnkallelser direkte fra Teams",
      "triggerQueries": [
        "Send møteinnkalling direkte fra Teams",
        "Kan jeg sende møteinnkallelser direkte fra Teams?"
      ],
      "dialogId": "new_topic_854e96e46b7e40f1a2965d28a86f43af",
      "isTriggeringEnabled": true,
      "id": "new_topic_854e96e46b7e40f1a2965d28a86f43af",
      "displayName": "Kan jeg sende møteinnkallelser direkte fra Teams?",
      "description": "",
      "createdTime": "2021-04-12T15:09:08.8710449Z",
      "updatedTime": "2021-04-12T15:10:30.0730186Z",
      "createdUserId": "ef0c8b9a-eff1-49f8-92fa-fd1d3e15e1ba"
    }
  ],
  "dialogs": [
    {
      "rootNodeId": "f699d505-7dfa-4e24-8bd7-c36fd8e99d27",
      "messageNodes": [
        {
          "botMessageId": "de0068a2-e01b-4bec-bb44-33fa160a3306",
          "nodeType": "BotMessageNode",
          "id": "f699d505-7dfa-4e24-8bd7-c36fd8e99d27",
          "defaultTargetNodeId": "2a5078af-0f0e-47c7-a48d-d74fbeb07e07"
        },
        {
          "botMessageId": "3a7ec5fa-6393-4c93-8fac-b201992288fc",
          "nodeType": "BotMessageNode",
          "id": "2a5078af-0f0e-47c7-a48d-d74fbeb07e07",
          "defaultTargetNodeId": "d41cfd66-bb5b-4b2d-828e-a7ce1a5e6e16"
        },
        {
          "botMessageId": "faccfa97-b3db-487a-80c6-a47c71ba0f07",
          "nodeType": "BotMessageNode",
          "id": "d41cfd66-bb5b-4b2d-828e-a7ce1a5e6e16",
          "defaultTargetNodeId": "ad6511b3-c3e6-44c1-a31e-782754a3c694"
        }
      ],
      "dialogChangeNodes": [
        {
          "targetDialogId": "new_topic_89c49d37fd4c4c1c9144396960733ce1_aeabea4d071f415c8c107e1cb7af5424_assumedsuccess",
          "nodeType": "DialogChangeNode",
          "id": "ad6511b3-c3e6-44c1-a31e-782754a3c694"
        }
      ],
      "id": "new_topic_854e96e46b7e40f1a2965d28a86f43af",
      "displayName": "Dialog for Kan jeg sende møteinnkallelser direkte fra Teams?",
      "createdTime": "2021-04-12T15:09:08.8710449Z",
      "updatedTime": "2021-04-23T10:02:57.0280871Z",
      "createdUserId": "ef0c8b9a-eff1-49f8-92fa-fd1d3e15e1ba",
      "updatedUserId": "ef0c8b9a-eff1-49f8-92fa-fd1d3e15e1ba"
    }
  ],
  "botMessages": [
    {
      "channelContent": {
        "web": {
          "contentFormat": "Markdown",
          "content": "Møter kan planlegges gjennom Microsoft Teams og Outlook, og vil dukke opp i begge kalendrene."
        }
      },
      "id": "de0068a2-e01b-4bec-bb44-33fa160a3306",
      "createdTime": "2021-04-12T15:09:08.8710449Z",
      "updatedTime": "2021-04-12T15:09:08.8710449Z",
      "createdUserId": "ef0c8b9a-eff1-49f8-92fa-fd1d3e15e1ba",
      "updatedUserId": "ef0c8b9a-eff1-49f8-92fa-fd1d3e15e1ba"
    },
    {
      "channelContent": {
        "web": {
          "contentFormat": "Markdown",
          "content": "Slik [planlegger du et møte direkte](https://support.microsoft.com/nb-no/office/planlegge-et-m%c3%b8te-i-teams-943507a9-8583-4c58-b5d2-8ec8265e04e5?ui=nb-NO&rs=nb-NO&ad=NO#ID0EAACAAA=Dator) fra Teams:\n\n*   Gå til Kalender fra **Teams,** og klikk **Nytt** **møte**\n*   Velg personene og/eller kanalen du ønsker å invitere\n*   Bruk planleggingsassistenten til å finne et tidspunkt som passer de fleste\n*   Velg hvor ofte du vil at møtet skal gjentas (hvis det er en møteserie)"
        }
      },
      "id": "3a7ec5fa-6393-4c93-8fac-b201992288fc",
      "createdTime": "2021-04-12T15:09:45.341Z",
      "updatedTime": "2021-04-12T15:09:45.341Z",
      "createdUserId": "user-0",
      "updatedUserId": "user-0"
    },
    {
      "channelContent": {
        "web": {
          "contentFormat": "Markdown",
          "content": "Slik planlegger du et Teams-møte fra Outlook:\n\n*   Gå til kalenderen din i Outlook\n*   Velg **Teams Meeting** i verktøylinjen under Møte-fanen \n*   Angi møtedetaljer og bruk planleggingsassistenten til å finne et passende tidspunkt\n*   Inkluder et konferanserom hvis du trenger det"
        }
      },
      "id": "faccfa97-b3db-487a-80c6-a47c71ba0f07",
      "createdTime": "2021-04-12T15:10:11.039Z",
      "updatedTime": "2021-04-12T15:10:11.039Z",
      "createdUserId": "user-0",
      "updatedUserId": "user-0"
    }
  ],
  "createdUtc": "0001-01-01T00:00:00Z"
}