{
  "intents": [
    {
      "triggerQueries": [
        "Di quale licenza hai bisogno per Teams?",
        "Posso avere licenze diverse per Teams?",
        "Quale licenza include Teams?",
        "Cosa è necessario per accedere a Teams?",
        "Gli studenti possono usare Teams?",
        "Teams è disponibile per uso personale?",
        "Esistono versioni gratuite di Teams?",
        "È necessaria una licenza per utilizzare Teams?",
        "Licenze Microsoft Teams",
        "Chi può utilizzare Microsoft Teams?"
      ],
      "dialogId": "new_topic_082fa35199c340cdb6f3157548e5291c",
      "isTriggeringEnabled": true,
      "id": "new_topic_082fa35199c340cdb6f3157548e5291c",
      "displayName": "Chi può utilizzare Microsoft Teams?",
      "createdTime": "2022-04-28T09:47:14.8817262Z",
      "updatedTime": "2022-04-28T09:47:14.8817262Z",
      "createdUserId": "9451fc51-e00d-4445-8ff9-efb70866dc3b",
      "updatedUserId": "9451fc51-e00d-4445-8ff9-efb70866dc3b"
    }
  ],
  "dialogs": [
    {
      "rootNodeId": "6f969e38-8d6f-4db8-b264-42e3f1587ec6",
      "messageNodes": [
        {
          "botMessageId": "79824c34-e12b-4235-b98d-649a05271a97",
          "nodeType": "BotMessageNode",
          "id": "6f969e38-8d6f-4db8-b264-42e3f1587ec6",
          "defaultTargetNodeId": "870af2ee-cb71-4926-8edc-57177e4259fb"
        },
        {
          "botMessageId": "9282b99a-b513-4743-9691-177dc5a0c623",
          "nodeType": "BotMessageNode",
          "id": "870af2ee-cb71-4926-8edc-57177e4259fb",
          "defaultTargetNodeId": "0639bb2f-b891-4b3d-acc7-a4f1c2c7e5e8"
        },
        {
          "botMessageId": "f3ce364b-f4ae-4215-b474-78133c618a04",
          "nodeType": "BotMessageNode",
          "id": "0639bb2f-b891-4b3d-acc7-a4f1c2c7e5e8",
          "defaultTargetNodeId": "5bc8a94e-b11d-44dd-87cd-5b9a573acfe2"
        },
        {
          "botMessageId": "55d3ff8b-59f6-4814-9125-a26045a3d3ca",
          "nodeType": "BotMessageNode",
          "id": "5bc8a94e-b11d-44dd-87cd-5b9a573acfe2",
          "defaultTargetNodeId": "38157c16-5d60-4f4d-9d9a-2ad96c15077e"
        }
      ],
      "dialogChangeNodes": [
        {
          "targetDialogId": "new_topic_f98a24608ee04cb998de3e3e32703d5b_aeabea4d071f415c8c107e1cb7af5424_assumedsuccess",
          "nodeType": "DialogChangeNode",
          "id": "38157c16-5d60-4f4d-9d9a-2ad96c15077e"
        }
      ],
      "id": "new_topic_082fa35199c340cdb6f3157548e5291c",
      "displayName": "Senza titolo",
      "createdTime": "2022-04-28T09:47:14.8817262Z",
      "updatedTime": "2022-04-28T09:47:14.8817262Z",
      "createdUserId": "9451fc51-e00d-4445-8ff9-efb70866dc3b",
      "updatedUserId": "9451fc51-e00d-4445-8ff9-efb70866dc3b"
    }
  ],
  "botMessages": [
    {
      "channelContent": {
        "web": {
          "contentFormat": "Markdown",
          "content": "Teams fa parte di Microsoft 365. Quindi, per l'uso Enterprise, è necessaria una licenza di Microsoft 365."
        }
      },
      "id": "79824c34-e12b-4235-b98d-649a05271a97",
      "createdTime": "2022-04-28T09:30:39.998Z",
      "updatedTime": "2022-04-28T09:30:39.998Z"
    },
    {
      "channelContent": {
        "web": {
          "contentFormat": "Markdown",
          "content": "Nello specifico, hai bisogno di una di queste licenze:\n\n*   Business Essentials o Business Premium\n*   Enterprise F1, F3, E1, E3 o E5\n*   Le licenze Microsoft 365 A per l'istruzione/la scuola includono anche Teams.\n*   Per ulteriori informazioni, leggi [come ottenere Microsoft Teams](https://support.microsoft.com/it-it/office/come-si-ottiene-microsoft-teams-fc7f1634-abd3-4f26-a597-9df16e4ca65b)."
        }
      },
      "id": "9282b99a-b513-4743-9691-177dc5a0c623",
      "createdTime": "2022-04-28T09:33:35.736Z",
      "updatedTime": "2022-04-28T09:33:35.736Z",
      "createdUserId": "user-0",
      "updatedUserId": "user-0"
    },
    {
      "channelContent": {
        "web": {
          "contentFormat": "Markdown",
          "content": "Per aggiungere qualcuno della tua organizzazione a Teams, apri l'app e aggiungilo a un team. Riceveranno automaticamente un'e-mail con l'invito."
        }
      },
      "id": "f3ce364b-f4ae-4215-b474-78133c618a04",
      "createdTime": "2022-04-28T09:35:25.024Z",
      "updatedTime": "2022-04-28T09:35:25.024Z",
      "createdUserId": "user-0",
      "updatedUserId": "user-0"
    },
    {
      "channelContent": {
        "web": {
          "contentFormat": "Markdown",
          "content": "*   Per uso personale, Teams è gratuito.\n*   C'è anche una versione gratuita di Microsoft Teams\n*   Offerte aggiuntive sono disponibili per organizzazioni non profit e Education"
        }
      },
      "id": "55d3ff8b-59f6-4814-9125-a26045a3d3ca",
      "createdTime": "2022-04-28T09:44:49.383Z",
      "updatedTime": "2022-04-28T09:44:49.383Z",
      "createdUserId": "user-0",
      "updatedUserId": "user-0"
    }
  ]
}