{
  "intents": [
    {
      "triggerQueries": [
        "Legg til et rom i møteinnkalling",
        "Bli med et Teams møte fra møterom",
        "Legg til et møterom i et Teams møte"
      ],
      "dialogId": "new_topic_9cc137e43f74494fbf9428af8d15e804",
      "isTriggeringEnabled": true,
      "id": "new_topic_9cc137e43f74494fbf9428af8d15e804",
      "displayName": "Legge til et møterom i et Teams møte",
      "description": "https://norwegianteams.blob.core.windows.net/norwegian-container/Tima - p19 to p33.docx",
      "createdTime": "2021-04-07T15:47:00.4714445Z",
      "updatedTime": "2021-04-07T15:48:29.8177242Z",
      "createdUserId": "ef0c8b9a-eff1-49f8-92fa-fd1d3e15e1ba",
      "updatedUserId": "ef0c8b9a-eff1-49f8-92fa-fd1d3e15e1ba"
    }
  ],
  "dialogs": [
    {
      "rootNodeId": "5e7d04ca-cbd8-488a-848a-b6874a49121d",
      "messageNodes": [
        {
          "botMessageId": "89509981-2ef8-4386-90ac-f228cb50c28c",
          "nodeType": "BotMessageNode",
          "id": "5e7d04ca-cbd8-488a-848a-b6874a49121d",
          "defaultTargetNodeId": "d31d88ac-c749-4f0d-98c4-c54ddc382a3f"
        },
        {
          "botMessageId": "052894ba-d657-42a9-8e21-3894cc31f890",
          "nodeType": "BotMessageNode",
          "id": "d31d88ac-c749-4f0d-98c4-c54ddc382a3f",
          "defaultTargetNodeId": "0214e33b-5d07-47c3-92db-35dcc16a1e45"
        },
        {
          "botMessageId": "3c19a008-f5cb-4cdf-a6f9-c83cd1b48f4f",
          "nodeType": "BotMessageNode",
          "id": "0214e33b-5d07-47c3-92db-35dcc16a1e45",
          "defaultTargetNodeId": "18c3a892-8ac0-401f-9dbb-fb4337fba1a6"
        }
      ],
      "dialogChangeNodes": [
        {
          "targetDialogId": "new_topic_89c49d37fd4c4c1c9144396960733ce1_aeabea4d071f415c8c107e1cb7af5424_assumedsuccess",
          "nodeType": "DialogChangeNode",
          "id": "18c3a892-8ac0-401f-9dbb-fb4337fba1a6"
        }
      ],
      "id": "new_topic_9cc137e43f74494fbf9428af8d15e804",
      "displayName": "Dialog for Legge til et møterom i et Teams møte",
      "createdTime": "2021-04-07T15:47:00.4714445Z",
      "updatedTime": "2021-04-22T16:34:15.2231901Z",
      "createdUserId": "ef0c8b9a-eff1-49f8-92fa-fd1d3e15e1ba",
      "updatedUserId": "ef0c8b9a-eff1-49f8-92fa-fd1d3e15e1ba"
    }
  ],
  "botMessages": [
    {
      "channelContent": {
        "web": {
          "contentFormat": "Markdown",
          "content": "Når du velger lyd- og video innstillinger, har du mulighet til å legge til et fysisk møterom slik at du kan bruke møterommets lyd- og videoenheter."
        }
      },
      "id": "89509981-2ef8-4386-90ac-f228cb50c28c",
      "createdTime": "2021-04-07T15:47:00.4714445Z",
      "updatedTime": "2021-04-07T15:47:00.4714445Z",
      "createdUserId": "ef0c8b9a-eff1-49f8-92fa-fd1d3e15e1ba",
      "updatedUserId": "ef0c8b9a-eff1-49f8-92fa-fd1d3e15e1ba"
    },
    {
      "channelContent": {
        "web": {
          "contentFormat": "Markdown",
          "content": "Den personlige enheten kan til og med finnes i et rom i nærheten som bruker Bluetooth. \n\nHvis det gjør det, ser du møterommets navn og muligheten til å **Bli med i og legg til dette rommet**.\n\nHvis rommet i nærheten allerede har blitt med i møtet, kan du **Delta med lyden av** for å unngå å forstyrre møtet."
        }
      },
      "id": "052894ba-d657-42a9-8e21-3894cc31f890",
      "createdTime": "2021-04-07T15:48:05.721Z",
      "updatedTime": "2021-04-07T15:48:05.721Z",
      "createdUserId": "user-0",
      "updatedUserId": "user-0"
    },
    {
      "channelContent": {
        "web": {
          "contentFormat": "Markdown",
          "content": "Hvis enheten ikke finner rommet i nærheten, velger du **Legg til et rom** under **Andre alternativer for å bli med** og søk etter rommet du bruker."
        }
      },
      "id": "3c19a008-f5cb-4cdf-a6f9-c83cd1b48f4f",
      "createdTime": "2021-04-07T15:48:17.87Z",
      "updatedTime": "2021-04-07T15:48:17.87Z",
      "createdUserId": "user-0",
      "updatedUserId": "user-0"
    }
  ],
  "createdUtc": "0001-01-01T00:00:00Z"
}