{
  "intents": [
    {
      "intentType": "Regular",
      "endUserOverrideName": "Always up-to-date work schedule? (Shifts in Teams)",
      "triggerQueries": [
        "What is Shifts in Teams?",
        "An up-to-date schedule? (Shifts in Teams)",
        "Microsoft shifts app",
        "Shifts for frontline workers",
        "Frontline workers using shifts",
        "shift based working",
        "always up to date schedule",
        "Create a schedule for my team",
        "Can we have a team schedule?",
        "How can I see who's working a shift?",
        "Can someone cover my shift?",
        "What do you use shifts in teams for?",
        "What is the shifts app?",
        "I need to manage frontline workers",
        "time reports in times for a shift",
        "time clock in teams",
        "punch clock app",
        "Shifts for the firstline",
        "manage shifts for my team",
        "Create a schedule for my team",
        "access shifts from a phone",
        "who can cover my shift?",
        "Always up-to-date work schedule?",
        "mobile work schedule",
        "What can the Shifts app do in Teams?"
      ],
      "dialogId": "new_topic_fa363289ae8345ddbf8259fd82717ef7",
      "isTriggeringEnabled": true,
      "id": "new_topic_fa363289ae8345ddbf8259fd82717ef7",
      "displayName": "What is Shifts in Teams?",
      "description": "",
      "createdTime": "2021-02-08T10:23:13.526587Z",
      "updatedTime": "2021-02-08T10:24:08.7130026Z",
      "createdUserId": "d45e5c50-1427-491a-ab68-85f6bacb4317"
    }
  ],
  "dialogs": [
    {
      "rootNodeId": "9e19fedf-ff1b-43ae-8cbd-d88313409671",
      "messageNodes": [
        {
          "botMessageId": "d12a30e8-028a-4e4b-aa3f-c959713ea2bf",
          "nodeType": "BotMessageNode",
          "id": "9e19fedf-ff1b-43ae-8cbd-d88313409671",
          "defaultTargetNodeId": "e4d44102-e986-4e8a-8b66-f6532b928442"
        },
        {
          "botMessageId": "3546dafd-474a-4c1f-9ac7-0bae5e39dae8",
          "nodeType": "BotMessageNode",
          "id": "e4d44102-e986-4e8a-8b66-f6532b928442",
          "defaultTargetNodeId": "3771656d-4a1c-43ab-b024-c281aacf938a"
        },
        {
          "botMessageId": "257ce665-2273-4555-baa8-8994ca789e77",
          "nodeType": "BotMessageNode",
          "id": "3771656d-4a1c-43ab-b024-c281aacf938a",
          "defaultTargetNodeId": "1d3f22ad-7ccc-4353-b13c-60b03042e19c"
        },
        {
          "botMessageId": "77fc00d3-36d8-4197-a138-f3946964ab46",
          "nodeType": "BotMessageNode",
          "id": "1d3f22ad-7ccc-4353-b13c-60b03042e19c",
          "defaultTargetNodeId": "c1092f51-2f4e-41ab-91d8-24b3f66916e4"
        },
        {
          "botMessageId": "67a6f1e9-d236-4b1f-902a-272798f0fae6",
          "nodeType": "BotMessageNode",
          "id": "c1092f51-2f4e-41ab-91d8-24b3f66916e4",
          "defaultTargetNodeId": "99eb7ef9-f150-4f3b-965a-b3e606813cc1"
        }
      ],
      "dialogChangeNodes": [
        {
          "targetDialogId": "new_topic_eac3f49c99664313a9d9dc19d80a79a2_aeabea4d071f415c8c107e1cb7af5424_assumedsuccess",
          "nodeType": "DialogChangeNode",
          "id": "99eb7ef9-f150-4f3b-965a-b3e606813cc1"
        }
      ],
      "id": "new_topic_fa363289ae8345ddbf8259fd82717ef7",
      "displayName": "Dialog for What is Shifts in Teams?",
      "createdTime": "2021-02-08T10:23:13.526587Z",
      "updatedTime": "2021-02-12T13:46:12.1028721Z",
      "createdUserId": "d45e5c50-1427-491a-ab68-85f6bacb4317",
      "updatedUserId": "d45e5c50-1427-491a-ab68-85f6bacb4317"
    }
  ],
  "botMessages": [
    {
      "channelContent": {
        "web": {
          "contentFormat": "Markdown",
          "content": "Many wish they had an always up-to-date work schedule on their phone"
        }
      },
      "id": "d12a30e8-028a-4e4b-aa3f-c959713ea2bf",
      "createdTime": "2021-02-08T10:23:13.526587Z",
      "updatedTime": "2021-02-08T10:23:13.526587Z",
      "createdUserId": "d45e5c50-1427-491a-ab68-85f6bacb4317",
      "updatedUserId": "d45e5c50-1427-491a-ab68-85f6bacb4317"
    },
    {
      "channelContent": {
        "web": {
          "contentFormat": "Markdown",
          "content": "Well, you can! [Shifts in Teams](https://support.microsoft.com/en-us/office/what-is-shifts-f8efe6e4-ddb3-4d23-b81b-bb812296b821) is a free Teams app to manage schedules and stay in sync with your team. A great scheduling tool for anyone and especially designed to be a \"frontline worker's\" best friend. Well, att least a great schedule 😉  \n**All on your phone.**"
        }
      },
      "id": "3546dafd-474a-4c1f-9ac7-0bae5e39dae8",
      "createdTime": "2021-02-08T10:23:25.003Z",
      "updatedTime": "2021-02-08T10:23:25.003Z",
      "createdUserId": "user-0",
      "updatedUserId": "user-0"
    },
    {
      "channelContent": {
        "web": {
          "contentFormat": "Markdown",
          "content": "🎬 [Watch this 1 min video](https://support.microsoft.com/en-us/office/shifts-for-firstline-workers-74f47ad2-7b6a-4605-8cf4-2b6ceb1cdcae) to see Shifts in action."
        }
      },
      "id": "257ce665-2273-4555-baa8-8994ca789e77",
      "createdTime": "2021-02-08T10:23:26.742Z",
      "updatedTime": "2021-02-08T10:23:26.742Z",
      "createdUserId": "user-0",
      "updatedUserId": "user-0"
    },
    {
      "channelContent": {
        "web": {
          "contentFormat": "Markdown",
          "content": "**Manage shifts**\n\n*   📅Shifts schedule - Always see who’s working what shift. You’ll see who’s online based on their [presence](https://docs.microsoft.com/en-us/microsoftteams/presence-admins).\n*   📲If you need to talk to someone just select them (no more outdated numbers and guessing who’s available!).\n*   📝Review/add notes for additional details to a shift.\n*   🕓Time Clock - Clock in or clock out of your shift."
        }
      },
      "id": "77fc00d3-36d8-4197-a138-f3946964ab46",
      "createdTime": "2021-02-08T10:23:28.564Z",
      "updatedTime": "2021-02-08T10:23:28.564Z",
      "createdUserId": "user-0",
      "updatedUserId": "user-0"
    },
    {
      "channelContent": {
        "web": {
          "contentFormat": "Markdown",
          "content": "💡 **Tip:** _If you’re desk-free when getting things done, see if_ [_Teams Walkie Talkie feature_](https://support.microsoft.com/en-us/office/get-started-with-teams-walkie-talkie-25bdc3d5-bbb2-41b7-89bf-650fae0c8e0c) _could be useful._"
        }
      },
      "id": "67a6f1e9-d236-4b1f-902a-272798f0fae6",
      "createdTime": "2021-02-08T10:23:30.528Z",
      "updatedTime": "2021-02-08T10:23:30.528Z",
      "createdUserId": "user-0",
      "updatedUserId": "user-0"
    }
  ]
}