{
  "intents": [
    {
      "endUserOverrideName": "在手機版Teams開啟檔案",
      "triggerQueries": [
        "How can I open a file from Teams on my phone?",
        "How do I open a file on my phone?",
        "Can I open files on my phone?",
        "Teams app to open files",
        "can you open files in the teams mobile app?",
        "Mobile app for teams and files",
        "Open files from teams on my iPhone?",
        "Open team files from my Android?",
        "How do I open a file from Teams on my phone?",
        "手機看檔案",
        "怎麼用手機開檔案",
        "怎麼用手機看檔案",
        "Andriod開Teams檔案",
        "iphone開Teams檔案",
        "app開檔案",
        "可以用收機開檔案嗎",
        "在手機上開檔案",
        "在Teams手機版開啟檔案",
        "我要怎麼在手機上用Teams打開檔案？",
        "我要怎麼在手機上開啟檔案？",
        "手機上開啟檔案？",
        "Teams應用程式開啟檔案",
        "能否在Teams手機版開啟檔案",
        "團隊和檔案的手機應用程式",
        "在iPhone上開啟檔案",
        "從我的Andriod開啟檔案",
        "我要如何從Teams手機版開啟檔案"
      ],
      "dialogId": "new_topic_da030b07f0c948ee9556ad19f96a7cfd",
      "isTriggeringEnabled": true,
      "id": "new_topic_da030b07f0c948ee9556ad19f96a7cfd",
      "displayName": "在Teams手機版開啟檔案",
      "description": "https://adoptbotv2kb.blob.core.windows.net/%24web/AdoptBot2021-English.docx",
      "createdTime": "2021-11-17T03:55:08.3709644Z",
      "updatedTime": "2021-11-17T03:55:36.0272197Z",
      "createdUserId": "9c968d43-f7c2-4e28-895c-1f6bcefcd8be",
      "updatedUserId": "9c968d43-f7c2-4e28-895c-1f6bcefcd8be"
    }
  ],
  "dialogs": [
    {
      "rootNodeId": "105da425-bcb1-4c83-a48c-903dfa665a33",
      "messageNodes": [
        {
          "botMessageId": "faa0d7ec-645c-4aad-8874-3de3b006050f",
          "nodeType": "BotMessageNode",
          "id": "105da425-bcb1-4c83-a48c-903dfa665a33",
          "defaultTargetNodeId": "37a546ef-8ca9-455e-801e-167d803a1efd"
        },
        {
          "botMessageId": "58cb146b-fba0-4839-b829-664758d1e223",
          "nodeType": "BotMessageNode",
          "id": "37a546ef-8ca9-455e-801e-167d803a1efd",
          "defaultTargetNodeId": "9628caef-a360-403c-8930-ae8d1e6f3d68"
        }
      ],
      "dialogChangeNodes": [
        {
          "targetDialogId": "new_topic_e2d1671328b941dbb60fa7150059b1ee_aeabea4d071f415c8c107e1cb7af5424_assumedsuccess",
          "nodeType": "DialogChangeNode",
          "id": "9628caef-a360-403c-8930-ae8d1e6f3d68"
        }
      ],
      "id": "new_topic_da030b07f0c948ee9556ad19f96a7cfd",
      "displayName": "Dialog for 在Teams手機版開啟檔案",
      "createdTime": "2021-11-17T03:55:08.3709644Z",
      "updatedTime": "2021-11-17T03:55:36.0272197Z",
      "createdUserId": "9c968d43-f7c2-4e28-895c-1f6bcefcd8be",
      "updatedUserId": "9c968d43-f7c2-4e28-895c-1f6bcefcd8be"
    }
  ],
  "botMessages": [
    {
      "channelContent": {
        "web": {
          "contentFormat": "Markdown",
          "content": "Teams是一個良好的管理檔案的地方。"
        }
      },
      "id": "faa0d7ec-645c-4aad-8874-3de3b006050f",
      "createdTime": "2021-11-17T03:55:08.3709644Z",
      "updatedTime": "2021-11-17T03:55:08.3709644Z",
      "createdUserId": "9c968d43-f7c2-4e28-895c-1f6bcefcd8be",
      "updatedUserId": "9c968d43-f7c2-4e28-895c-1f6bcefcd8be"
    },
    {
      "channelContent": {
        "web": {
          "contentFormat": "Markdown",
          "content": "請您到手機版上的頻道檔案區，您便可開啟檔案或傳送檔案副本。"
        }
      },
      "id": "58cb146b-fba0-4839-b829-664758d1e223",
      "createdTime": "2021-11-17T03:55:25.063Z",
      "updatedTime": "2021-11-17T03:55:25.063Z",
      "createdUserId": "user-0",
      "updatedUserId": "user-0"
    }
  ]
}