{
  "intents": [
    {
      "endUserOverrideName": "Maks antall deltagere i et møte",
      "triggerQueries": [
        "Finnes det noen grenser for hvor mange som være i et møte?",
        "Hva skjer hvis for mange blir med i et møte?",
        "Når blir man til view only deltaker?",
        "hvor mange kan møtes på Teams?",
        "kan man ha mange i et møte?",
        "kan flere enn 10 personer delta i et møte?",
        "Er det noen begresninger på hvor mange kan være i et møte?",
        "Finnes det et maks antall personer jeg kan invitere til et møte?",
        "Hvor mange kan jeg invitere til et Teams møte?",
        "Hvor mange kan være med på et Teams møte?",
        "Hvor mange kan være i et Teams møte?",
        "Hvor mange kan delta i et møte samtidig?"
      ],
      "dialogId": "new_topic_839a52902894489b83f917cce0dcc3cc",
      "isTriggeringEnabled": true,
      "id": "new_topic_839a52902894489b83f917cce0dcc3cc",
      "displayName": "Hvor mange kan delta i et møte samtidig?",
      "description": "",
      "createdTime": "2021-04-14T16:23:48.8301174Z",
      "updatedTime": "2021-04-20T07:24:00.3821246Z",
      "createdUserId": "ef0c8b9a-eff1-49f8-92fa-fd1d3e15e1ba",
      "updatedUserId": "ef0c8b9a-eff1-49f8-92fa-fd1d3e15e1ba"
    }
  ],
  "dialogs": [
    {
      "rootNodeId": "193b6884-af17-443e-81d3-53e50db0d865",
      "messageNodes": [
        {
          "botMessageId": "77471cf4-9fc6-4767-a89a-dd6d824c45e5",
          "nodeType": "BotMessageNode",
          "id": "193b6884-af17-443e-81d3-53e50db0d865",
          "defaultTargetNodeId": "b4752633-a108-43ff-a254-b2545bfbde89"
        },
        {
          "botMessageId": "6c5cf394-3260-4707-bf81-f6d6288abaf2",
          "nodeType": "BotMessageNode",
          "id": "fe0bbd1b-b29f-4b35-800f-baae53b745e7",
          "defaultTargetNodeId": "6b142d2e-c9d0-4fda-8b1a-7a54c8cebef3"
        },
        {
          "botMessageId": "4bdabe63-379d-4bf2-a56d-87bbd7bd6d7a",
          "nodeType": "BotMessageNode",
          "id": "b4752633-a108-43ff-a254-b2545bfbde89",
          "defaultTargetNodeId": "60c83824-bd36-4fc4-9490-76d4e5c92ec3"
        },
        {
          "botMessageId": "2363990e-96a4-4106-9a4d-ccf9a9f477aa",
          "nodeType": "BotMessageNode",
          "id": "60c83824-bd36-4fc4-9490-76d4e5c92ec3",
          "defaultTargetNodeId": "fe0bbd1b-b29f-4b35-800f-baae53b745e7"
        }
      ],
      "dialogChangeNodes": [
        {
          "targetDialogId": "new_topic_89c49d37fd4c4c1c9144396960733ce1_aeabea4d071f415c8c107e1cb7af5424_assumedsuccess",
          "nodeType": "DialogChangeNode",
          "id": "6b142d2e-c9d0-4fda-8b1a-7a54c8cebef3"
        }
      ],
      "id": "new_topic_839a52902894489b83f917cce0dcc3cc",
      "displayName": "Dialog for Hvor mange kan delta i et møte samtidig?",
      "createdTime": "2021-04-14T16:23:48.8301174Z",
      "updatedTime": "2021-04-23T11:21:34.7930744Z",
      "createdUserId": "ef0c8b9a-eff1-49f8-92fa-fd1d3e15e1ba",
      "updatedUserId": "ef0c8b9a-eff1-49f8-92fa-fd1d3e15e1ba"
    }
  ],
  "botMessages": [
    {
      "channelContent": {
        "web": {
          "contentFormat": "Markdown",
          "content": "Maksimalt antall personer i et vanlig Teams-møte er for tiden 300 (2021)."
        }
      },
      "id": "77471cf4-9fc6-4767-a89a-dd6d824c45e5",
      "createdTime": "2021-04-14T16:23:48.8301174Z",
      "updatedTime": "2021-04-14T16:23:48.8301174Z",
      "createdUserId": "ef0c8b9a-eff1-49f8-92fa-fd1d3e15e1ba",
      "updatedUserId": "ef0c8b9a-eff1-49f8-92fa-fd1d3e15e1ba"
    },
    {
      "channelContent": {
        "web": {
          "contentFormat": "Markdown",
          "content": "💡  _Husk å trykke på lenkene jeg deler i meldingene mine for å se om informasjonen har endret seg siden jeg sist sjekket._"
        }
      },
      "id": "6c5cf394-3260-4707-bf81-f6d6288abaf2",
      "createdTime": "2021-04-14T16:24:54.594Z",
      "updatedTime": "2021-04-14T16:24:54.594Z",
      "createdUserId": "user-0",
      "updatedUserId": "user-0"
    },
    {
      "channelContent": {
        "web": {
          "contentFormat": "Markdown",
          "content": "Vær oppmerksom på at i løpet av 2021, vil antall aktive møtedeltakere øke opp til [1.000](https://www.microsoft.com/en-us/microsoft-365/roadmap?filters=&searchterms=65951) og opp til [20.000 \"view only\"](https://www.microsoft.com/en-us/microsoft-365/roadmap?filters=&searchterms=65952) tilgang i et Teams møte."
        }
      },
      "id": "4bdabe63-379d-4bf2-a56d-87bbd7bd6d7a",
      "createdTime": "2021-04-23T10:58:36.37Z",
      "updatedTime": "2021-04-23T10:58:36.37Z",
      "createdUserId": "user-0",
      "updatedUserId": "user-0"
    },
    {
      "channelContent": {
        "web": {
          "contentFormat": "Markdown",
          "content": "Dersom maksgrensen blir nådd, får neste deltakerne som blir med i møtet en [\"view only\" tilgang](https://docs.microsoft.com/nb-no/microsoftteams/view-only-meeting-experience)."
        }
      },
      "id": "2363990e-96a4-4106-9a4d-ccf9a9f477aa",
      "createdTime": "2021-04-23T11:13:30.206Z",
      "updatedTime": "2021-04-23T11:13:30.206Z",
      "createdUserId": "user-0",
      "updatedUserId": "user-0"
    }
  ],
  "createdUtc": "0001-01-01T00:00:00Z"
}