{
  "intents": [
    {
      "endUserOverrideName": "Comment masquer un canal",
      "triggerQueries": [
        "Je veux masquer certains canaux",
        "Comment se désabonner d'un canal?",
        "comment supprimer les canaux que je ne veux plus voir?",
        "comment masquer des canaux?",
        "J'aimerais ne plus voir certains canaux",
        "J'aimerais masquer certains canaux",
        "Puis-je masquer un canal?",
        "Où est l'option pour masquer un canal?",
        "Se désabonner d'un canal",
        "Comment masquer un canal?"
      ],
      "dialogId": "new_topic_ef243a0eaad64c9b8ef990fba20cc1bb",
      "isTriggeringEnabled": true,
      "id": "new_topic_ef243a0eaad64c9b8ef990fba20cc1bb",
      "displayName": "Comment masquer un canal?",
      "description": "",
      "createdTime": "2021-01-13T22:20:51.2371466Z",
      "updatedTime": "2021-05-24T09:57:33.0240372Z",
      "createdUserId": "f04d3cd9-b73d-4ba9-a1ed-9319eba29b21",
      "updatedUserId": "a2c4aa2c-d830-41eb-bcf4-467a2c7e1279"
    }
  ],
  "dialogs": [
    {
      "rootNodeId": "7cf35194-0467-4262-95da-ba91faaf6c56",
      "messageNodes": [
        {
          "botMessageId": "0deb7d15-b0ba-475a-a2de-5b083842fa44",
          "nodeType": "BotMessageNode",
          "id": "7cf35194-0467-4262-95da-ba91faaf6c56",
          "defaultTargetNodeId": "0075625a-a2e9-4631-9f6d-d78d63814259"
        }
      ],
      "dialogChangeNodes": [
        {
          "targetDialogId": "new_topic_eac3f49c99664313a9d9dc19d80a79a2_aeabea4d071f415c8c107e1cb7af5424_assumedsuccess",
          "nodeType": "DialogChangeNode",
          "id": "0075625a-a2e9-4631-9f6d-d78d63814259"
        }
      ],
      "id": "new_topic_ef243a0eaad64c9b8ef990fba20cc1bb",
      "displayName": "Dialog for How do I hide a channel?",
      "createdTime": "2021-01-13T22:20:51.2371466Z",
      "updatedTime": "2021-05-24T09:57:54.1007408Z",
      "createdUserId": "f04d3cd9-b73d-4ba9-a1ed-9319eba29b21",
      "updatedUserId": "a2c4aa2c-d830-41eb-bcf4-467a2c7e1279"
    }
  ],
  "botMessages": [
    {
      "channelContent": {
        "web": {
          "contentFormat": "Markdown",
          "content": "1.  Se rendre au niveau du nom de l'équipe\n2.  Selectionner **Plus d'options (...)** > **Masquer**."
        }
      },
      "id": "0deb7d15-b0ba-475a-a2de-5b083842fa44",
      "createdTime": "2021-01-13T22:20:51.2371466Z",
      "updatedTime": "2021-01-13T22:20:51.2371466Z",
      "createdUserId": "f04d3cd9-b73d-4ba9-a1ed-9319eba29b21",
      "updatedUserId": "f04d3cd9-b73d-4ba9-a1ed-9319eba29b21"
    }
  ]
}