{
  "intents": [
    {
      "endUserOverrideName": "Optimiser le réseau pour Teams",
      "triggerQueries": [
        "améliorer la qualité des réunions dans Teams",
        "améliorer la qualité de la réunion",
        "augmenter la bande passante pour Microsoft 365",
        "meilleure bande passante pour Teams",
        "Puis-je optimiser le réseau pour Microsoft Teams?",
        "Optimiser le réseau pour Teams",
        "Optimisez le réseau de votre organisation pour Teams",
        "qualité du réseau dans Teams",
        "optimiser les performances réseau",
        "Préparation de notre VPN pour Teams",
        "VPN et paramètres Teams",
        "paramètres réseau",
        "Comment améliorer la qualité dans Teams?",
        "Améliorer la qualité dans Teams",
        "Est-ce que notre VPN peut supporter Teams?",
        "Optimisez votre réseau",
        "Paramètres réseau Teams",
        "Pouvons-nous optimiser notre réseau pour Microsoft Teams?"
      ],
      "dialogId": "new_topic_08efd0f76e2e4292aa715991b0254217",
      "isTriggeringEnabled": true,
      "id": "new_topic_08efd0f76e2e4292aa715991b0254217",
      "displayName": "Pouvons-nous optimiser notre réseau pour Microsoft Teams?",
      "description": "",
      "createdTime": "2021-01-13T22:20:51.2381463Z",
      "updatedTime": "2021-05-21T11:53:44.1641603Z",
      "createdUserId": "f04d3cd9-b73d-4ba9-a1ed-9319eba29b21",
      "updatedUserId": "137976d8-62f4-4f81-b357-122fb8bb440c"
    }
  ],
  "dialogs": [
    {
      "rootNodeId": "83bdf970-cdf3-4996-92aa-6c0887872e48",
      "messageNodes": [
        {
          "botMessageId": "cab09488-00bc-408d-839f-00d2a44a9984",
          "nodeType": "BotMessageNode",
          "id": "83bdf970-cdf3-4996-92aa-6c0887872e48",
          "defaultTargetNodeId": "b4c628cb-0d99-41b5-9f69-4449709ab2ca"
        },
        {
          "botMessageId": "b1213077-4f1d-4816-9193-3c1536c2ff81",
          "nodeType": "BotMessageNode",
          "id": "b4c628cb-0d99-41b5-9f69-4449709ab2ca",
          "defaultTargetNodeId": "efe09b99-540a-4aa5-887a-3f8cbcb82c0e"
        },
        {
          "botMessageId": "b998c309-5970-4484-82ce-747f109d06a8",
          "nodeType": "BotMessageNode",
          "id": "efe09b99-540a-4aa5-887a-3f8cbcb82c0e",
          "defaultTargetNodeId": "70050c3f-2379-42f2-a5b6-08536271dcd6"
        }
      ],
      "dialogChangeNodes": [
        {
          "targetDialogId": "new_topic_eac3f49c99664313a9d9dc19d80a79a2_aeabea4d071f415c8c107e1cb7af5424_assumedsuccess",
          "nodeType": "DialogChangeNode",
          "id": "70050c3f-2379-42f2-a5b6-08536271dcd6"
        }
      ],
      "id": "new_topic_08efd0f76e2e4292aa715991b0254217",
      "displayName": "Dialog for Can we optimize our network for Microsoft Teams?",
      "createdTime": "2021-01-13T22:20:51.2381463Z",
      "updatedTime": "2021-05-24T21:56:21.9505372Z",
      "createdUserId": "f04d3cd9-b73d-4ba9-a1ed-9319eba29b21",
      "updatedUserId": "a2c4aa2c-d830-41eb-bcf4-467a2c7e1279"
    }
  ],
  "botMessages": [
    {
      "channelContent": {
        "web": {
          "contentFormat": "Markdown",
          "content": "Suivez ce guide destiné aux administrateurs afin de [préparer le réseau de votre organisation pour Microsoft Teams.](https://docs.microsoft.com/fr-fr/microsoftteams/prepare-network)"
        }
      },
      "id": "cab09488-00bc-408d-839f-00d2a44a9984",
      "createdTime": "2021-01-13T22:20:51.2381463Z",
      "updatedTime": "2021-01-13T22:20:51.2381463Z",
      "createdUserId": "f04d3cd9-b73d-4ba9-a1ed-9319eba29b21",
      "updatedUserId": "f04d3cd9-b73d-4ba9-a1ed-9319eba29b21"
    },
    {
      "channelContent": {
        "web": {
          "contentFormat": "Markdown",
          "content": "Il est important d’optimiser les performances réseau, surtout si de nombreuses personnes de votre organisation sont amenées à travailler à distance."
        }
      },
      "id": "b1213077-4f1d-4816-9193-3c1536c2ff81",
      "createdTime": "2021-01-27T20:43:08.971Z",
      "updatedTime": "2021-01-27T20:43:08.971Z",
      "createdUserId": "user-0",
      "updatedUserId": "user-0"
    },
    {
      "channelContent": {
        "web": {
          "contentFormat": "Markdown",
          "content": "Pour les administrateurs, il y a une courte session de formation (23 min) sur Microsoft Learn à propos de l[’optimisation de votre réseau pour Teams et Microsoft 365](https://docs.microsoft.com/fr-fr/learn/modules/m365-teams-rooms-optimize-network/)."
        }
      },
      "id": "b998c309-5970-4484-82ce-747f109d06a8",
      "createdTime": "2021-01-27T20:43:15.493Z",
      "updatedTime": "2021-01-27T20:43:15.493Z",
      "createdUserId": "user-0",
      "updatedUserId": "user-0"
    }
  ]
}