{
  "intents": [
    {
      "endUserOverrideName": "Co to jest kanał ogólny?",
      "triggerQueries": [
        "Kanał o nazwie Ogólny",
        "Co to jest kanał ogólny?",
        "Jaki jest cel kanału ogólnego?",
        "Czy można usunąć kanał ogólny?",
        "Dlaczego kanał publiczny jest dostępny?",
        "Czy można zmienić nazwę kanału ogólnego?",
        "Czym jest kanał ogólny?"
      ],
      "dialogId": "new_topic_9df0308173e34d5eb1d374249ca88380",
      "isTriggeringEnabled": true,
      "id": "new_topic_9df0308173e34d5eb1d374249ca88380",
      "displayName": "Czym jest kanał ogólny?",
      "description": "",
      "createdTime": "2021-09-27T05:30:57.7442619Z",
      "updatedTime": "2021-09-27T13:29:28.5256741Z",
      "createdUserId": "28fac8cb-bec7-48c9-a688-5024cf318b8a",
      "updatedUserId": "28fac8cb-bec7-48c9-a688-5024cf318b8a"
    }
  ],
  "dialogs": [
    {
      "rootNodeId": "de860abe-e472-438a-98b4-ae9381a4ceaa",
      "messageNodes": [
        {
          "botMessageId": "b16b0404-daa2-41c9-9af3-063e9b44c612",
          "nodeType": "BotMessageNode",
          "id": "de860abe-e472-438a-98b4-ae9381a4ceaa",
          "defaultTargetNodeId": "7d2b0140-113e-40da-90a5-7af8807f4f9d"
        }
      ],
      "dialogChangeNodes": [
        {
          "targetDialogId": "new_topic_d4ee79ce05584b519ee7d416fda7e2a3_aeabea4d071f415c8c107e1cb7af5424_assumedsuccess",
          "nodeType": "DialogChangeNode",
          "id": "7d2b0140-113e-40da-90a5-7af8807f4f9d"
        }
      ],
      "id": "new_topic_9df0308173e34d5eb1d374249ca88380",
      "displayName": "Dialog for Czym jest kanał ogólny?",
      "createdTime": "2021-09-27T05:30:57.7442619Z",
      "updatedTime": "2021-09-27T05:32:04.5436986Z",
      "createdUserId": "28fac8cb-bec7-48c9-a688-5024cf318b8a",
      "updatedUserId": "28fac8cb-bec7-48c9-a688-5024cf318b8a"
    }
  ],
  "botMessages": [
    {
      "channelContent": {
        "web": {
          "contentFormat": "Markdown",
          "content": "Domyślnie kanał **Ogólny** jest tworzony dla Ciebie w każdym zespole. Istnieje wiele przydatnych powodów istnienia kanału **Ogólny**:\n\n*   Użyj go, aby udostępnić przegląd tego, co zespół chce osiągnąć. Na przykład przegląd projektu lub kto jest kim w zespole.\n*   Użyj go dla dołączania nowego członka zespołu, pokazując ogólne informacje, które nowy członek zespołu może uznać za przydatne. \n*   Użyj go do anonsów.\n\nPodczas nazywania kanałów należy pamiętać, że kanały będą uporządkowane alfabetycznie po kanale Ogólne. Obecnie nie można usunąć kanału ogólne."
        }
      },
      "id": "b16b0404-daa2-41c9-9af3-063e9b44c612",
      "createdTime": "2021-09-27T05:30:57.7442619Z",
      "updatedTime": "2021-09-27T05:30:57.7442619Z",
      "createdUserId": "28fac8cb-bec7-48c9-a688-5024cf318b8a",
      "updatedUserId": "28fac8cb-bec7-48c9-a688-5024cf318b8a"
    }
  ],
  "createdUtc": "0001-01-01T00:00:00Z"
}