{
  "intents": [
    {
      "triggerQueries": [
        "Hvordan finne snarveier i søkefeltet?",
        "Bruke Teams uten datamus",
        "triks på tastaturet",
        "snarveier",
        "bruke teams kun med tastatur og uten mus",
        "Bli superuser",
        "Bli superbruker",
        "bli flinkere til å bruke Teams",
        "Hurtigtaster i Teams"
      ],
      "dialogId": "new_topic_1506364febf444be8b25f2bcae9f46cb",
      "isTriggeringEnabled": true,
      "id": "new_topic_1506364febf444be8b25f2bcae9f46cb",
      "displayName": "Hurtigtaster for Microsoft Teams",
      "description": "https://norwegianteams.blob.core.windows.net/norwegian-container/Tima - p19 to p33.docx",
      "createdTime": "2021-04-07T14:23:54.8738577Z",
      "updatedTime": "2021-04-19T20:17:15.3365659Z",
      "createdUserId": "ef0c8b9a-eff1-49f8-92fa-fd1d3e15e1ba",
      "updatedUserId": "ef0c8b9a-eff1-49f8-92fa-fd1d3e15e1ba"
    }
  ],
  "dialogs": [
    {
      "rootNodeId": "5948fb93-22d9-4dec-afe7-8dbf0e1f598d",
      "messageNodes": [
        {
          "botMessageId": "db6aea28-20ed-4da9-85d4-48058afbf69d",
          "nodeType": "BotMessageNode",
          "id": "daa7fad1-8ae7-432e-bac3-9abc28d9a67d",
          "defaultTargetNodeId": "8d490818-759b-4adf-ab08-147a41c0eed1"
        },
        {
          "botMessageId": "b1d750a8-81a5-420c-ae0b-bb524eff4dd1",
          "nodeType": "BotMessageNode",
          "id": "081ac726-1ba4-40d3-b765-9ae7886562b3",
          "defaultTargetNodeId": "06f0dd69-4ffe-4207-a2ee-6a755e967135"
        },
        {
          "botMessageId": "d96a90c6-1aec-427f-b3a1-a83f7aec0b89",
          "nodeType": "BotMessageNode",
          "id": "5948fb93-22d9-4dec-afe7-8dbf0e1f598d",
          "defaultTargetNodeId": "d122e1fb-816b-4879-bcc3-668490dd1fa3"
        },
        {
          "botMessageId": "201d2955-a275-43cd-bae4-a807935570ae",
          "nodeType": "BotMessageNode",
          "id": "d122e1fb-816b-4879-bcc3-668490dd1fa3",
          "defaultTargetNodeId": "daa7fad1-8ae7-432e-bac3-9abc28d9a67d"
        },
        {
          "botMessageId": "0b55bbfa-5d9d-421e-86bf-b77b419230fe",
          "nodeType": "BotMessageNode",
          "id": "8d490818-759b-4adf-ab08-147a41c0eed1",
          "defaultTargetNodeId": "081ac726-1ba4-40d3-b765-9ae7886562b3"
        }
      ],
      "dialogChangeNodes": [
        {
          "targetDialogId": "new_topic_89c49d37fd4c4c1c9144396960733ce1_aeabea4d071f415c8c107e1cb7af5424_assumedsuccess",
          "nodeType": "DialogChangeNode",
          "id": "06f0dd69-4ffe-4207-a2ee-6a755e967135"
        }
      ],
      "id": "new_topic_1506364febf444be8b25f2bcae9f46cb",
      "displayName": "Dialog for Hurtigtaster for Microsoft Teams",
      "createdTime": "2021-04-07T14:23:54.8738577Z",
      "updatedTime": "2021-04-19T20:17:53.9658196Z",
      "createdUserId": "ef0c8b9a-eff1-49f8-92fa-fd1d3e15e1ba",
      "updatedUserId": "ef0c8b9a-eff1-49f8-92fa-fd1d3e15e1ba"
    }
  ],
  "botMessages": [
    {
      "channelContent": {
        "web": {
          "contentFormat": "Markdown",
          "content": "Her er to måter man kan **finne listen over alle hurtigtaster** i Teams:\n\n*   Trykk på **CTRL+E** for å gå til **Søke**\\-felt, skriv inn **/taster**, og trykk deretter Enter.\n*   Du kan også trykke på **CTRL** + **PUNKTUM** (.) samtidig på tastaturet ditt."
        }
      },
      "id": "db6aea28-20ed-4da9-85d4-48058afbf69d",
      "createdTime": "2021-04-07T14:23:54.8738577Z",
      "updatedTime": "2021-04-07T14:23:54.8738577Z",
      "createdUserId": "ef0c8b9a-eff1-49f8-92fa-fd1d3e15e1ba",
      "updatedUserId": "ef0c8b9a-eff1-49f8-92fa-fd1d3e15e1ba"
    },
    {
      "channelContent": {
        "web": {
          "contentFormat": "Markdown",
          "content": "Du finner også [hele oversikten med hurtigtastene her](https://support.microsoft.com/nb-no/office/hurtigtaster-for-microsoft-teams-2e8e2a70-e8d8-4a19-949b-4c36dd5292d2?ui=nb-NO&rs=nb-NO&ad=NO)."
        }
      },
      "id": "b1d750a8-81a5-420c-ae0b-bb524eff4dd1",
      "createdTime": "2021-04-16T10:43:41.082Z",
      "updatedTime": "2021-04-16T10:43:41.082Z",
      "createdUserId": "user-0",
      "updatedUserId": "user-0"
    },
    {
      "channelContent": {
        "web": {
          "contentFormat": "Markdown",
          "content": "Mange brukere føler at de jobber **mer effektivt** når de bruker hurtigtastene på tastaturet sitt. 🤓"
        }
      },
      "id": "d96a90c6-1aec-427f-b3a1-a83f7aec0b89",
      "createdTime": "2021-04-16T10:46:14.863Z",
      "updatedTime": "2021-04-16T10:46:14.863Z",
      "createdUserId": "user-0",
      "updatedUserId": "user-0"
    },
    {
      "channelContent": {
        "web": {
          "contentFormat": "Markdown",
          "content": "Hurtigtaster kan være enklere å bruke enn berøringsskjermen for brukere med **fysiske funksjonshemninger eller synshemming.** Det er også raskere å bruke hurtigtastene enn det er med datamus. ❤"
        }
      },
      "id": "201d2955-a275-43cd-bae4-a807935570ae",
      "createdTime": "2021-04-16T10:46:29.427Z",
      "updatedTime": "2021-04-16T10:46:29.427Z",
      "createdUserId": "user-0",
      "updatedUserId": "user-0"
    },
    {
      "channelContent": {
        "web": {
          "contentFormat": "Markdown",
          "content": "Her er forresten noen av mine favoritt-hurtigtaster! ❤\n\n*   **CTRL+F** - søke i en chat eller kanal\n*   **Ctrl+E** - gå til Teams søkefeltet\n*   **Ctrl+Shift+X -** utvid skriveboksen slik at man kan skrive lengre meldinger\n*   **Shift+Enter** - Starte en ny linje i en melding i skriveboksen\n*   **CTRL+O** - Legg ved fil (Ctrl+Shift+O i nettleseren)\n*   **CTRL+SHIFT+K** - rekk opp hånda i et møte ✋"
        }
      },
      "id": "0b55bbfa-5d9d-421e-86bf-b77b419230fe",
      "createdTime": "2021-04-19T19:57:08.118Z",
      "updatedTime": "2021-04-19T19:57:08.118Z",
      "createdUserId": "user-0",
      "updatedUserId": "user-0"
    }
  ],
  "createdUtc": "0001-01-01T00:00:00Z"
}