{
  "intents": [
    {
      "endUserOverrideName": "Remove someone from a group chat",
      "triggerQueries": [
        "Remove someone from a group chat?",
        "Remove a person from group chat",
        "Remove someone from a group chat?",
        "Remove a participant from a chat",
        "change members for a group chat",
        "customize who's in a chat group",
        "removing person from chat group",
        "Kick someone out of chat",
        "remove someone from chat group",
        "How do I remove someone from a group chat?"
      ],
      "dialogId": "new_topic_795efdf830f546c0a43fff0424b763cd",
      "isTriggeringEnabled": true,
      "id": "new_topic_795efdf830f546c0a43fff0424b763cd",
      "displayName": "How do I remove someone from a group chat?",
      "description": "https://adoptbotv2kb.blob.core.windows.net/%24web/AdoptBot2021-English.docx",
      "createdTime": "2021-01-13T22:20:51.2371466Z",
      "updatedTime": "2021-01-27T17:52:24.5557127Z",
      "createdUserId": "f04d3cd9-b73d-4ba9-a1ed-9319eba29b21",
      "updatedUserId": "f04d3cd9-b73d-4ba9-a1ed-9319eba29b21"
    }
  ],
  "dialogs": [
    {
      "rootNodeId": "4d1149d0-bb31-4ace-ad4d-688b0c01d54e",
      "messageNodes": [
        {
          "botMessageId": "a8f07a42-be35-424b-aa6f-341800954e97",
          "nodeType": "BotMessageNode",
          "id": "4d1149d0-bb31-4ace-ad4d-688b0c01d54e",
          "defaultTargetNodeId": "c2dc1ba4-4d15-48d6-a77d-c4bface59283"
        }
      ],
      "dialogChangeNodes": [
        {
          "targetDialogId": "new_topic_eac3f49c99664313a9d9dc19d80a79a2_aeabea4d071f415c8c107e1cb7af5424_assumedsuccess",
          "nodeType": "DialogChangeNode",
          "id": "c2dc1ba4-4d15-48d6-a77d-c4bface59283"
        }
      ],
      "id": "new_topic_795efdf830f546c0a43fff0424b763cd",
      "displayName": "Dialog for How do I remove someone from a group chat?",
      "createdTime": "2021-01-13T22:20:51.2371466Z",
      "updatedTime": "2021-01-27T17:52:49.6351169Z",
      "createdUserId": "f04d3cd9-b73d-4ba9-a1ed-9319eba29b21",
      "updatedUserId": "f04d3cd9-b73d-4ba9-a1ed-9319eba29b21"
    }
  ],
  "botMessages": [
    {
      "channelContent": {
        "web": {
          "contentFormat": "Markdown",
          "content": "You can [leave a group chat yourself or remove others from it.](https://support.microsoft.com/en-us/office/l%c3%a4mna-eller-ta-bort-n%c3%a5gon-fr%c3%a5n-en-gruppchatt-7db55a67-0ba4-4409-a399-5ed502a1d094?ui=en-us&rs=en-us&ad=se)\n\n1.  Open a group chat with three or more people.\n2.  Click the number of members, and then hover over the person you want to remove.\n3.  Select X and confirm that you want to remove the participant from the chat."
        }
      },
      "id": "a8f07a42-be35-424b-aa6f-341800954e97",
      "createdTime": "2021-01-13T22:20:51.2371466Z",
      "updatedTime": "2021-01-13T22:20:51.2371466Z",
      "createdUserId": "f04d3cd9-b73d-4ba9-a1ed-9319eba29b21",
      "updatedUserId": "f04d3cd9-b73d-4ba9-a1ed-9319eba29b21"
    }
  ]
}