{
  "intents": [
    {
      "triggerQueries": [
        "Notifica quando qualcuno si unisce a una riunione",
        "Viene visualizzato quando qualcuno si connette?",
        "Notifica quando si accede alla riunione",
        "cambiare il suono quando qualcuno si connette?",
        "I partecipanti sentiranno una notifica quando un utente si unisce o esce da una riunione?"
      ],
      "dialogId": "new_topic_77d3f9e776d84791b6d6dce6bd019311",
      "isTriggeringEnabled": true,
      "id": "new_topic_77d3f9e776d84791b6d6dce6bd019311",
      "displayName": "I partecipanti sentiranno una notifica quando un utente si unisce o esce da una riunione?",
      "createdTime": "2022-04-29T22:47:02.9374841Z",
      "updatedTime": "2022-04-29T22:47:02.9374841Z",
      "createdUserId": "9451fc51-e00d-4445-8ff9-efb70866dc3b",
      "updatedUserId": "9451fc51-e00d-4445-8ff9-efb70866dc3b"
    }
  ],
  "dialogs": [
    {
      "rootNodeId": "9b3152b1-989b-46d6-a312-7a1b63c5ed96",
      "messageNodes": [
        {
          "botMessageId": "03043a94-f269-4bba-900a-e7e59947b9a8",
          "nodeType": "BotMessageNode",
          "id": "9b3152b1-989b-46d6-a312-7a1b63c5ed96",
          "defaultTargetNodeId": "d3781fbd-7a8b-4c2d-b4a2-ada37a69eecc"
        }
      ],
      "dialogChangeNodes": [
        {
          "targetDialogId": "new_topic_f98a24608ee04cb998de3e3e32703d5b_aeabea4d071f415c8c107e1cb7af5424_assumedsuccess",
          "nodeType": "DialogChangeNode",
          "id": "d3781fbd-7a8b-4c2d-b4a2-ada37a69eecc"
        }
      ],
      "id": "new_topic_77d3f9e776d84791b6d6dce6bd019311",
      "displayName": "Senza titolo",
      "createdTime": "2022-04-29T22:47:02.9374841Z",
      "updatedTime": "2022-04-29T22:47:02.9374841Z",
      "createdUserId": "9451fc51-e00d-4445-8ff9-efb70866dc3b",
      "updatedUserId": "9451fc51-e00d-4445-8ff9-efb70866dc3b"
    }
  ],
  "botMessages": [
    {
      "channelContent": {
        "web": {
          "contentFormat": "Markdown",
          "content": "Per impostazione predefinita, i partecipanti ricevono una notifica quando gli utenti si connettono. Per modificare queste impostazioni, vedere   [Modifica delle impostazioni dei partecipanti per una riunione di Teams](https://support.microsoft.com/it-it/office/change-participant-settings-for-a-teams-meeting-53261366-dbd5-45f9-aae9-a70e6354f88e)"
        }
      },
      "id": "03043a94-f269-4bba-900a-e7e59947b9a8",
      "createdTime": "2022-04-29T22:44:26.996Z",
      "updatedTime": "2022-04-29T22:44:26.996Z"
    }
  ]
}