{
  "intents": [
    {
      "triggerQueries": [
        "telefonsvar",
        "innstillinger for å ringe tilbake",
        "ta opp en hilsen",
        "tilpasse anropsregler",
        "Få tilgang til telefonsvarer"
      ],
      "dialogId": "new_topic_fdb78206634e4d0cbd686ba66fe143f1",
      "isTriggeringEnabled": true,
      "id": "new_topic_fdb78206634e4d0cbd686ba66fe143f1",
      "displayName": "Få tilgang til telefonsvarer",
      "description": "https://norwegianteams.blob.core.windows.net/norwegian-container/Tima - p19 to p33.docx",
      "createdTime": "2021-04-08T07:08:42.8348309Z",
      "updatedTime": "2021-04-08T07:10:58.0438141Z",
      "createdUserId": "ef0c8b9a-eff1-49f8-92fa-fd1d3e15e1ba",
      "updatedUserId": "ef0c8b9a-eff1-49f8-92fa-fd1d3e15e1ba"
    }
  ],
  "dialogs": [
    {
      "rootNodeId": "496b5803-8d03-48c7-a6b1-0926f99b49b2",
      "messageNodes": [
        {
          "botMessageId": "6cf29ac8-d2b7-4aa9-901e-3277b0a05c45",
          "nodeType": "BotMessageNode",
          "id": "496b5803-8d03-48c7-a6b1-0926f99b49b2",
          "defaultTargetNodeId": "cd17074a-8ae9-44d4-a221-cff371be3c2f"
        },
        {
          "botMessageId": "11138063-56c0-4553-9b05-815f8d6af1fc",
          "nodeType": "BotMessageNode",
          "id": "cd17074a-8ae9-44d4-a221-cff371be3c2f",
          "defaultTargetNodeId": "3274a67b-59bf-47bc-8124-6d1ae4f31851"
        }
      ],
      "dialogChangeNodes": [
        {
          "targetDialogId": "new_topic_89c49d37fd4c4c1c9144396960733ce1_aeabea4d071f415c8c107e1cb7af5424_assumedsuccess",
          "nodeType": "DialogChangeNode",
          "id": "3274a67b-59bf-47bc-8124-6d1ae4f31851"
        }
      ],
      "id": "new_topic_fdb78206634e4d0cbd686ba66fe143f1",
      "displayName": "Dialog for Få tilgang til telefonsvarer",
      "createdTime": "2021-04-08T07:08:42.8348309Z",
      "updatedTime": "2021-04-08T07:10:51.4538822Z",
      "createdUserId": "ef0c8b9a-eff1-49f8-92fa-fd1d3e15e1ba",
      "updatedUserId": "ef0c8b9a-eff1-49f8-92fa-fd1d3e15e1ba"
    }
  ],
  "botMessages": [
    {
      "channelContent": {
        "web": {
          "contentFormat": "Markdown",
          "content": "Telefonsvarer er et annet kjent verktøy for å få mest mulig ut av samtaleopplevelsen i Teams. Gå til **Anrop** og velg deretter **Telefonsvarer**. Herfra kan du gjøre følgende:\n\n*   Se gjennom meldinger og utskrift fra samtaler\n*   Tilpasse anropsregler\n*   Ta opp en hilsen\n*   Ring til alle som har fetterlatt en melding"
        }
      },
      "id": "6cf29ac8-d2b7-4aa9-901e-3277b0a05c45",
      "createdTime": "2021-04-08T07:08:42.8348309Z",
      "updatedTime": "2021-04-08T07:08:42.8348309Z",
      "createdUserId": "ef0c8b9a-eff1-49f8-92fa-fd1d3e15e1ba",
      "updatedUserId": "ef0c8b9a-eff1-49f8-92fa-fd1d3e15e1ba"
    },
    {
      "channelContent": {
        "web": {
          "contentFormat": "Markdown",
          "content": "Hvis du vil ringe noen tilbake fra telefonsvarer, går du til **Anrop** og velger deretter **Telefonsvarer**. Velg **Flere handlinger…** fra en samtale i listen, og deretter velg **Ring tilbake**."
        }
      },
      "id": "11138063-56c0-4553-9b05-815f8d6af1fc",
      "createdTime": "2021-04-08T07:10:43.346Z",
      "updatedTime": "2021-04-08T07:10:43.346Z",
      "createdUserId": "user-0",
      "updatedUserId": "user-0"
    }
  ],
  "createdUtc": "0001-01-01T00:00:00Z"
}