{
  "intents": [
    {
      "endUserOverrideName": "會議出席報告",
      "triggerQueries": [
        "與會者清單",
        "Can I get an attendance list?",
        "attendance list?",
        "attendance report?",
        "Download attendance report?",
        "See attendance report in the meeting",
        "Can you tell who was in the meeting?",
        "See who attended a meeting",
        "Can I get an attendance report?",
        "我能得到一份出席者清單嗎？",
        "出席者清單",
        "出席者報告",
        "下載出席者報告",
        "查看會議的出席報告",
        "你能分辨出誰有參與開會嗎？",
        "看看誰參加了會議",
        "我能得到一份出席報告嗎？"
      ],
      "dialogId": "new_topic_52efa1405be342ccb89c2b2082bad3f3",
      "isTriggeringEnabled": true,
      "id": "new_topic_52efa1405be342ccb89c2b2082bad3f3",
      "displayName": "我能得到一份出席者報告嗎？",
      "description": "https://adoptbotv2kb.blob.core.windows.net/%24web/AdoptBot2021-English.docx",
      "createdTime": "2021-11-17T03:27:42.2571226Z",
      "updatedTime": "2021-11-18T17:12:53.0467602Z",
      "createdUserId": "9c968d43-f7c2-4e28-895c-1f6bcefcd8be",
      "updatedUserId": "9c968d43-f7c2-4e28-895c-1f6bcefcd8be"
    }
  ],
  "dialogs": [
    {
      "rootNodeId": "a0434c6b-83b7-4f98-9acd-fbb8d0e92581",
      "messageNodes": [
        {
          "botMessageId": "37ba1c0c-1ae4-4da2-94ab-80f4bca76303",
          "nodeType": "BotMessageNode",
          "id": "a0434c6b-83b7-4f98-9acd-fbb8d0e92581",
          "defaultTargetNodeId": "924f8a77-c332-4e61-91d1-781e441c1f01"
        },
        {
          "botMessageId": "d5277cf8-5459-4ed7-af82-5d7d9ad0414d",
          "nodeType": "BotMessageNode",
          "id": "924f8a77-c332-4e61-91d1-781e441c1f01",
          "defaultTargetNodeId": "89d6114b-d44c-4ff0-b861-62cc320e2ce8"
        }
      ],
      "dialogChangeNodes": [
        {
          "targetDialogId": "new_topic_e2d1671328b941dbb60fa7150059b1ee_aeabea4d071f415c8c107e1cb7af5424_assumedsuccess",
          "nodeType": "DialogChangeNode",
          "id": "89d6114b-d44c-4ff0-b861-62cc320e2ce8"
        }
      ],
      "id": "new_topic_52efa1405be342ccb89c2b2082bad3f3",
      "displayName": "Dialog for 我能得到一份出席者報告嗎？",
      "createdTime": "2021-11-17T03:27:42.2571226Z",
      "updatedTime": "2021-11-17T13:52:02.329904Z",
      "createdUserId": "9c968d43-f7c2-4e28-895c-1f6bcefcd8be",
      "updatedUserId": "9c968d43-f7c2-4e28-895c-1f6bcefcd8be"
    }
  ],
  "botMessages": [
    {
      "channelContent": {
        "web": {
          "contentFormat": "Markdown",
          "content": "如果您是會議召集人，您可以下載:\n\n*   會議期間下載當下的出席報告\n*   會議後的最終報告，此份報告包含會議中每個人的名稱，以及他們加入和離開的時間。"
        }
      },
      "id": "37ba1c0c-1ae4-4da2-94ab-80f4bca76303",
      "createdTime": "2021-11-17T03:27:42.2571226Z",
      "updatedTime": "2021-11-17T03:27:42.2571226Z",
      "createdUserId": "9c968d43-f7c2-4e28-895c-1f6bcefcd8be",
      "updatedUserId": "9c968d43-f7c2-4e28-895c-1f6bcefcd8be"
    },
    {
      "channelContent": {
        "web": {
          "contentFormat": "Markdown",
          "content": "[請查看和下載會議出席報告](https://support.microsoft.com/zh-tw/office/%E5%9C%A8%E6%9C%83%E8%AD%B0%E5%AE%A4%E4%B8%AD%E6%9F%A5%E7%9C%8B%E5%92%8C%E4%B8%8B%E8%BC%89%E6%9C%83%E8%AD%B0%E5%87%BA%E5%B8%ADteams-ae7cf170-530c-47d3-84c1-3aedac74d310?ui=en-us&rs=en-us&ad=us)"
        }
      },
      "id": "d5277cf8-5459-4ed7-af82-5d7d9ad0414d",
      "createdTime": "2021-11-17T13:50:24.959Z",
      "updatedTime": "2021-11-17T13:50:24.959Z",
      "createdUserId": "user-0",
      "updatedUserId": "user-0"
    }
  ]
}