{
  "intents": [
    {
      "triggerQueries": [
        "일반 채널 무엇 사용 목적",
        "일반 채널 삭제",
        "공개 채널 사용 이유 삭제",
        "일반 채널 이름 변경 바꿀 바꿔 바꾸",
        "일반 채널이란 무엇입니까?"
      ],
      "dialogId": "new_topic_c0c568c9589c4c43a7108773be54603e",
      "isTriggeringEnabled": true,
      "id": "new_topic_c0c568c9589c4c43a7108773be54603e",
      "displayName": "일반 채널이란 무엇입니까?",
      "description": "https://adoptbotv2kb.blob.core.windows.net/%24web/adoptbot2021-Korean.docx",
      "createdTime": "2021-03-18T03:39:18.7466553Z",
      "updatedTime": "2021-04-06T04:53:20.3087896Z",
      "createdUserId": "e47109d8-0300-4e59-a90d-56bb29886c9e",
      "updatedUserId": "e47109d8-0300-4e59-a90d-56bb29886c9e"
    }
  ],
  "dialogs": [
    {
      "rootNodeId": "4339bab1-39e5-4236-affb-3f2fef44cd2d",
      "messageNodes": [
        {
          "botMessageId": "08f26d2e-1680-4842-a1df-ef07b78ca07c",
          "nodeType": "BotMessageNode",
          "id": "657afa2e-de55-4b4c-a80f-790e3ae5fef8",
          "defaultTargetNodeId": "bdf79e55-a710-433d-9ef3-bc1510b7b201"
        },
        {
          "botMessageId": "51672a74-4775-4f28-912c-ca3ba5c09ca5",
          "nodeType": "BotMessageNode",
          "id": "4339bab1-39e5-4236-affb-3f2fef44cd2d",
          "defaultTargetNodeId": "657afa2e-de55-4b4c-a80f-790e3ae5fef8"
        },
        {
          "botMessageId": "124ace3e-3069-4948-8df5-a11b86fbd45a",
          "nodeType": "BotMessageNode",
          "id": "bdf79e55-a710-433d-9ef3-bc1510b7b201",
          "defaultTargetNodeId": "5a0f67b2-a715-45f9-9c3e-9e8f21948514"
        }
      ],
      "dialogChangeNodes": [
        {
          "targetDialogId": "new_topic_2bf23930c1d146129dfe38bacb94ccd0_aeabea4d071f415c8c107e1cb7af5424_assumedsuccess",
          "nodeType": "DialogChangeNode",
          "id": "5a0f67b2-a715-45f9-9c3e-9e8f21948514"
        }
      ],
      "id": "new_topic_c0c568c9589c4c43a7108773be54603e",
      "displayName": "Dialog for 일반 채널이란 무엇입니까?",
      "createdTime": "2021-03-18T03:39:18.7466553Z",
      "updatedTime": "2021-04-06T04:53:05.3234927Z",
      "createdUserId": "e47109d8-0300-4e59-a90d-56bb29886c9e",
      "updatedUserId": "e47109d8-0300-4e59-a90d-56bb29886c9e"
    }
  ],
  "botMessages": [
    {
      "channelContent": {
        "web": {
          "contentFormat": "Markdown",
          "content": "이 채널은 다음과 같이 유용한 목적이 있습니다.\n\n*   프로젝트 개요 및 팀 구성원과 같이 팀이 달성하고자 하는 것에 대한 개요를 공유하는데 사용\n*   새 팀 구성원 온보딩 및 새 팀 구성원에게 유용한 기타 높은 수준의 정보 제공에 사용\n*   공지에 사용"
        }
      },
      "id": "08f26d2e-1680-4842-a1df-ef07b78ca07c",
      "createdTime": "2021-03-18T03:39:18.7466553Z",
      "updatedTime": "2021-03-18T03:39:18.7466553Z",
      "createdUserId": "e47109d8-0300-4e59-a90d-56bb29886c9e",
      "updatedUserId": "e47109d8-0300-4e59-a90d-56bb29886c9e"
    },
    {
      "channelContent": {
        "web": {
          "contentFormat": "Markdown",
          "content": "기본적으로, 팀을 만들 때 일반 채널이 만들어집니다."
        }
      },
      "id": "51672a74-4775-4f28-912c-ca3ba5c09ca5",
      "createdTime": "2021-04-06T04:52:35.006Z",
      "updatedTime": "2021-04-06T04:52:35.006Z",
      "createdUserId": "user-0",
      "updatedUserId": "user-0"
    },
    {
      "channelContent": {
        "web": {
          "contentFormat": "Markdown",
          "content": "채널 이름을 작성할 때, 일반 채널 다음에 채널이 알파벳(가나다)순으로 정렬되는 것을 고려해야 합니다. 현재 일반 채널을 제거할 수 없습니다."
        }
      },
      "id": "124ace3e-3069-4948-8df5-a11b86fbd45a",
      "createdTime": "2021-04-06T04:52:49.749Z",
      "updatedTime": "2021-04-06T04:52:49.749Z",
      "createdUserId": "user-0",
      "updatedUserId": "user-0"
    }
  ],
  "createdUtc": "0001-01-01T00:00:00Z"
}