{
  "intents": [
    {
      "triggerQueries": [
        "Mostrarmi suggerimenti per le riunioni di Teams?",
        "Suggerimenti per Teams per migliorare le riunioni",
        "suggerimenti per riunioni in Teams",
        "Suggerimenti su come tenere riunioni in Teams",
        "come si fa a svolgere una buona riunione in Teams?",
        "ci sono suggerimenti per migliorare i meeting?",
        "Come posso tenere buone riunioni?",
        "Suggerimenti per le riunioni in Teams",
        "mostrami suggerimenti sulle riunioni",
        "ci sono dei buoni consigli per le riunioni?",
        "Guida per riunioni migliori",
        "Cosa considerare nelle riunioni digitali?",
        "Come si tiene una riunione a distanza?",
        "semplici consigli per riunioni per principianti",
        "Suggerimenti semplici per migliorare le riunioni di Teams?"
      ],
      "dialogId": "new_topic_df0c4c4030cd439aa5635ae09128f0bc",
      "isTriggeringEnabled": true,
      "id": "new_topic_df0c4c4030cd439aa5635ae09128f0bc",
      "displayName": "Suggerimenti semplici per migliorare le riunioni di Teams?",
      "createdTime": "2022-04-29T21:59:34.6550684Z",
      "updatedTime": "2022-04-29T21:59:34.6550684Z",
      "createdUserId": "9451fc51-e00d-4445-8ff9-efb70866dc3b",
      "updatedUserId": "9451fc51-e00d-4445-8ff9-efb70866dc3b"
    }
  ],
  "dialogs": [
    {
      "rootNodeId": "13e69935-7764-4bfb-af94-87f92b28dd31",
      "messageNodes": [
        {
          "botMessageId": "39566095-faea-45a1-96ce-524a83fcf239",
          "nodeType": "BotMessageNode",
          "id": "13e69935-7764-4bfb-af94-87f92b28dd31",
          "defaultTargetNodeId": "f6466634-dd1a-47a1-b0c7-59ed331d4232"
        }
      ],
      "dialogChangeNodes": [
        {
          "targetDialogId": "new_topic_f98a24608ee04cb998de3e3e32703d5b_aeabea4d071f415c8c107e1cb7af5424_assumedsuccess",
          "nodeType": "DialogChangeNode",
          "id": "f6466634-dd1a-47a1-b0c7-59ed331d4232"
        }
      ],
      "id": "new_topic_df0c4c4030cd439aa5635ae09128f0bc",
      "displayName": "Senza titolo",
      "createdTime": "2022-04-29T21:59:34.6550684Z",
      "updatedTime": "2022-04-29T21:59:34.6550684Z",
      "createdUserId": "9451fc51-e00d-4445-8ff9-efb70866dc3b",
      "updatedUserId": "9451fc51-e00d-4445-8ff9-efb70866dc3b"
    }
  ],
  "botMessages": [
    {
      "channelContent": {
        "web": {
          "contentFormat": "Markdown",
          "content": "Ecco alcuni [semplici suggerimenti per riunioni migliori](https://support.microsoft.com/it-it/office/suggerimenti-per-organizzare-riunioni-pi%C3%B9-efficienti-80640ac4-b009-42ea-abcb-660e729e63e5) con Microsoft Teams (con sottotitoli)."
        }
      },
      "id": "39566095-faea-45a1-96ce-524a83fcf239",
      "createdTime": "2022-04-29T21:52:20.694Z",
      "updatedTime": "2022-04-29T21:52:20.694Z"
    }
  ]
}