{
  "intents": [
    {
      "triggerQueries": [
        "Outlook 팀즈 애드인",
        "Outlook 팀즈 Addin",
        "Outlook Teasm Addin",
        "Outlook Teams 애드인",
        "아웃룩 팀즈 애드인",
        "아웃룩 팀즈 Addin",
        "아웃룩 Teasm Addin",
        "아웃룩 Teams 애드인",
        "팀즈 Add-ins",
        "Teams Add-ins",
        "아웃룩 팀즈 애드인",
        "Team 회의 아웃룩",
        "Team 회의 Outlook",
        "Teams Meeting Outlook",
        "Teams 미팅 Outlook",
        "Teams 미팅 아웃룩",
        "Team 미팅 Outlook",
        "Team 미팅 아웃룩",
        "Team Meeting 아웃룩",
        "팀 미팅 Outlook",
        "팀 Meeting Outlook",
        "팀 미팅 아웃룩",
        "팀 Meeting 아웃룩",
        "팀 회의 아웃룩",
        "팀 회의 Outlook",
        "아웃룩용 Teams add in은 어디에서 얻을 수 있습니까?"
      ],
      "dialogId": "new_topic_496b5722da7c459c9aa09ba776af0ad6",
      "isTriggeringEnabled": true,
      "id": "new_topic_496b5722da7c459c9aa09ba776af0ad6",
      "displayName": "아웃룩용 Teams add in은 어디에서 얻을 수 있습니까?",
      "description": "https://adoptbotv2kb.blob.core.windows.net/%24web/adoptbot2021-Korean.docx",
      "createdTime": "2021-03-18T03:39:18.7476571Z",
      "updatedTime": "2021-03-25T04:45:51.2328331Z",
      "createdUserId": "e47109d8-0300-4e59-a90d-56bb29886c9e",
      "updatedUserId": "e47109d8-0300-4e59-a90d-56bb29886c9e"
    }
  ],
  "dialogs": [
    {
      "rootNodeId": "8c6df9ed-6a29-4d9f-b477-eddc7cfc0671",
      "messageNodes": [
        {
          "botMessageId": "188fca8d-cd86-4e1b-ac24-92282de3eb4a",
          "nodeType": "BotMessageNode",
          "id": "0c8459c5-547f-4d69-8bd1-1c8dbaac13b2",
          "defaultTargetNodeId": "07cbc274-6b03-45cb-a664-320eb0b9dee2"
        },
        {
          "botMessageId": "f39ff2cb-7b3f-4ae2-9d0c-3c5df2cd542b",
          "nodeType": "BotMessageNode",
          "id": "8c6df9ed-6a29-4d9f-b477-eddc7cfc0671",
          "defaultTargetNodeId": "0c8459c5-547f-4d69-8bd1-1c8dbaac13b2"
        },
        {
          "botMessageId": "b0d1c2b2-a63d-467d-987a-0981392c829b",
          "nodeType": "BotMessageNode",
          "id": "07cbc274-6b03-45cb-a664-320eb0b9dee2",
          "defaultTargetNodeId": "29f74151-c0e7-4b6f-bfee-58cb16d106f9"
        }
      ],
      "dialogChangeNodes": [
        {
          "targetDialogId": "new_topic_2bf23930c1d146129dfe38bacb94ccd0_aeabea4d071f415c8c107e1cb7af5424_assumedsuccess",
          "nodeType": "DialogChangeNode",
          "id": "29f74151-c0e7-4b6f-bfee-58cb16d106f9"
        }
      ],
      "id": "new_topic_496b5722da7c459c9aa09ba776af0ad6",
      "displayName": "Dialog for 아웃룩용 Teams add in은 어디에서 얻을 수 있습니까?",
      "createdTime": "2021-03-18T03:39:18.7476571Z",
      "updatedTime": "2021-03-25T04:45:32.9127488Z",
      "createdUserId": "e47109d8-0300-4e59-a90d-56bb29886c9e",
      "updatedUserId": "e47109d8-0300-4e59-a90d-56bb29886c9e"
    }
  ],
  "botMessages": [
    {
      "channelContent": {
        "web": {
          "contentFormat": "Markdown",
          "content": "사용자는 아웃룩 캘린더 리본에 Teams \"add in\"이 추가되는 것을 볼 수 있습니다.\n\nOutlook에서 [Teams 회의 추가 기능 사용](https://docs.microsoft.com/ko-kr/microsoftteams/teams-add-in-for-outlook)"
        }
      },
      "id": "188fca8d-cd86-4e1b-ac24-92282de3eb4a",
      "createdTime": "2021-03-18T03:39:18.7476571Z",
      "updatedTime": "2021-03-18T03:39:18.7476571Z",
      "createdUserId": "e47109d8-0300-4e59-a90d-56bb29886c9e",
      "updatedUserId": "e47109d8-0300-4e59-a90d-56bb29886c9e"
    },
    {
      "channelContent": {
        "web": {
          "contentFormat": "Markdown",
          "content": "**Teams Meeting add-in**은 Teams와 오피스 2013, 오피스 2016 또는 오피스 2019가 설치된 Windows PC의 사용자를 위해 자동으로 설치됩니다."
        }
      },
      "id": "f39ff2cb-7b3f-4ae2-9d0c-3c5df2cd542b",
      "createdTime": "2021-03-25T04:43:32.248Z",
      "updatedTime": "2021-03-25T04:43:32.248Z",
      "createdUserId": "user-0",
      "updatedUserId": "user-0"
    },
    {
      "channelContent": {
        "web": {
          "contentFormat": "Markdown",
          "content": "**웹에서 Outlook의 경우** 참석자를 초대할 때 팀 모임이 자동으로 만들어집니다(비 활성화할 수 있음)."
        }
      },
      "id": "b0d1c2b2-a63d-467d-987a-0981392c829b",
      "createdTime": "2021-03-25T04:45:07.266Z",
      "updatedTime": "2021-03-25T04:45:07.266Z",
      "createdUserId": "user-0",
      "updatedUserId": "user-0"
    }
  ],
  "createdUtc": "0001-01-01T00:00:00Z"
}