{
  "intents": [
    {
      "triggerQueries": [
        "사용자 개인 Conference 컨퍼런스 ID 아이디",
        "고유 Conference 컨퍼런스 아이디",
        "Conference 컨퍼런스 ID 아이디",
        "사용자가 컨퍼런스 ID에 접근하거나 변경하려면 어떻게 해야 합니까?"
      ],
      "dialogId": "new_topic_5e5ac7de18f946e083d53fd8e11bc7ac",
      "isTriggeringEnabled": true,
      "id": "new_topic_5e5ac7de18f946e083d53fd8e11bc7ac",
      "displayName": "사용자가 컨퍼런스 ID에 접근하거나 변경하려면 어떻게 해야 합니까?",
      "description": "https://adoptbotv2kb.blob.core.windows.net/%24web/adoptbot2021-Korean.docx",
      "createdTime": "2021-03-18T03:39:18.7466553Z",
      "updatedTime": "2021-04-03T12:50:23.7982064Z",
      "createdUserId": "e47109d8-0300-4e59-a90d-56bb29886c9e",
      "updatedUserId": "e47109d8-0300-4e59-a90d-56bb29886c9e"
    }
  ],
  "dialogs": [
    {
      "rootNodeId": "e10539f9-ed64-41a4-b87e-033621083e60",
      "messageNodes": [
        {
          "botMessageId": "2f9d8a26-3bee-4717-94ab-8cb91e6b3fcf",
          "nodeType": "BotMessageNode",
          "id": "e10539f9-ed64-41a4-b87e-033621083e60",
          "defaultTargetNodeId": "45b6f7ed-b46f-4670-8ed4-a3210a0429c9"
        }
      ],
      "dialogChangeNodes": [
        {
          "targetDialogId": "new_topic_2bf23930c1d146129dfe38bacb94ccd0_aeabea4d071f415c8c107e1cb7af5424_assumedsuccess",
          "nodeType": "DialogChangeNode",
          "id": "45b6f7ed-b46f-4670-8ed4-a3210a0429c9"
        }
      ],
      "id": "new_topic_5e5ac7de18f946e083d53fd8e11bc7ac",
      "displayName": "Dialog for 사용자가 컨퍼런스 ID에 접근하거나 변경하려면 어떻게 해야 합니까?",
      "createdTime": "2021-03-18T03:39:18.7466553Z",
      "updatedTime": "2021-04-03T12:50:11.743537Z",
      "createdUserId": "e47109d8-0300-4e59-a90d-56bb29886c9e",
      "updatedUserId": "e47109d8-0300-4e59-a90d-56bb29886c9e"
    }
  ],
  "botMessages": [
    {
      "channelContent": {
        "web": {
          "contentFormat": "Markdown",
          "content": "Microsoft Teams 사용자는 회의 ID가 무작위로 할당되며 정적으로 회의 ID를 예약하거나 입력할 수 없습니다."
        }
      },
      "id": "2f9d8a26-3bee-4717-94ab-8cb91e6b3fcf",
      "createdTime": "2021-03-18T03:39:18.7466553Z",
      "updatedTime": "2021-03-18T03:39:18.7466553Z",
      "createdUserId": "e47109d8-0300-4e59-a90d-56bb29886c9e",
      "updatedUserId": "e47109d8-0300-4e59-a90d-56bb29886c9e"
    }
  ],
  "createdUtc": "0001-01-01T00:00:00Z"
}