{
  "intents": [
    {
      "triggerQueries": [
        "Jak wysłać wiadomość e-mail na kanał w usłudze Teams?",
        "Jak wysłać wiadomość e-mail na kanał w Teams?",
        "Czy mogę przekazywać wiadomości e-mail do zespołu?",
        "Wysyłanie wiadomości e-mail do kanału zespołu",
        "przekazywanie wiadomości e-mail do kanału usługi Teams",
        "wyślij e-mail do kanału",
        "Czy mogę przekazywać wiadomości z Gmaila do Teams?",
        "Jak wysłać email do kanału w Teams?"
      ],
      "dialogId": "new_topic_529f1a8143b24894aa66ee26b044a0a1",
      "isTriggeringEnabled": true,
      "id": "new_topic_529f1a8143b24894aa66ee26b044a0a1",
      "displayName": "Jak wysłać email do kanału w Teams?",
      "description": "",
      "createdTime": "2021-09-27T05:20:05.1696315Z",
      "updatedTime": "2021-10-20T14:22:46.1560822Z",
      "createdUserId": "28fac8cb-bec7-48c9-a688-5024cf318b8a",
      "updatedUserId": "28fac8cb-bec7-48c9-a688-5024cf318b8a"
    }
  ],
  "dialogs": [
    {
      "rootNodeId": "631527a1-37d9-41e1-a567-f1d93e74d19d",
      "messageNodes": [
        {
          "botMessageId": "64829f20-4763-48b6-889f-1641ace414a5",
          "nodeType": "BotMessageNode",
          "id": "631527a1-37d9-41e1-a567-f1d93e74d19d",
          "defaultTargetNodeId": "39f6219f-7480-4b6a-9a1b-1b3b3c2c0719"
        },
        {
          "botMessageId": "6a9148e7-fd82-4dfb-89dd-e8b076607691",
          "nodeType": "BotMessageNode",
          "id": "2271f815-1f8b-4a8e-ba04-b9aecc895894",
          "defaultTargetNodeId": "aba360de-0695-4393-8252-f8043d0e9103"
        },
        {
          "botMessageId": "677a0a4e-e315-45d4-9723-a8852bba8e8b",
          "nodeType": "BotMessageNode",
          "id": "39f6219f-7480-4b6a-9a1b-1b3b3c2c0719",
          "defaultTargetNodeId": "5cd17a51-b5c4-4b3a-bd23-7830519da3e5"
        },
        {
          "botMessageId": "1459a537-9011-4e2a-ab9e-2f4b07b25e2c",
          "nodeType": "BotMessageNode",
          "id": "5cd17a51-b5c4-4b3a-bd23-7830519da3e5",
          "defaultTargetNodeId": "2271f815-1f8b-4a8e-ba04-b9aecc895894"
        },
        {
          "botMessageId": "48b85624-3330-4267-bd23-4edc3fb19341",
          "nodeType": "BotMessageNode",
          "id": "aba360de-0695-4393-8252-f8043d0e9103",
          "defaultTargetNodeId": "b0c97323-af12-4ebb-9b52-de6d6a3b995c"
        }
      ],
      "dialogChangeNodes": [
        {
          "targetDialogId": "new_topic_d4ee79ce05584b519ee7d416fda7e2a3_aeabea4d071f415c8c107e1cb7af5424_assumedsuccess",
          "nodeType": "DialogChangeNode",
          "id": "b0c97323-af12-4ebb-9b52-de6d6a3b995c"
        }
      ],
      "id": "new_topic_529f1a8143b24894aa66ee26b044a0a1",
      "displayName": "Dialog for Jak wysłać email do kanału w Teams?",
      "createdTime": "2021-09-27T05:20:05.1696315Z",
      "updatedTime": "2021-10-20T14:32:49.2132524Z",
      "createdUserId": "28fac8cb-bec7-48c9-a688-5024cf318b8a",
      "updatedUserId": "28fac8cb-bec7-48c9-a688-5024cf318b8a"
    }
  ],
  "botMessages": [
    {
      "channelContent": {
        "web": {
          "contentFormat": "Markdown",
          "content": "**Najlepsze:** Wybierz przycisk \"[Udostępnij w Teams](https://support.microsoft.com/pl-pl/office/udost%C4%99pnianie-wiadomo%C5%9Bci-e-mail-do-aplikacji-teams-z-programu-outlook-108fc274-1e64-4ea1-90bb-51c6c7f267e3)\" bezpośrednio z wiadomości w Outlooku."
        }
      },
      "id": "64829f20-4763-48b6-889f-1641ace414a5",
      "createdTime": "2021-09-27T05:20:05.1540008Z",
      "updatedTime": "2021-09-27T05:20:05.1540008Z",
      "createdUserId": "28fac8cb-bec7-48c9-a688-5024cf318b8a",
      "updatedUserId": "28fac8cb-bec7-48c9-a688-5024cf318b8a"
    },
    {
      "channelContent": {
        "web": {
          "contentFormat": "Markdown",
          "content": "💡 **Wskazówka:**\n\nmożesz zapisać adres e-mail swojego kanału w programie Outlook, aby szybko przesłać wszystkie otrzymane wiadomości e-mail na ten adres e-mail."
        }
      },
      "id": "6a9148e7-fd82-4dfb-89dd-e8b076607691",
      "createdTime": "2021-09-27T05:20:49.666Z",
      "updatedTime": "2021-09-27T05:20:49.666Z",
      "createdUserId": "user-0",
      "updatedUserId": "user-0"
    },
    {
      "channelContent": {
        "web": {
          "contentFormat": "Markdown",
          "content": "**Jeśli nie masz tego przycisku:**\n\nKażdy kanał ma swój adres e-mail i można [wysyłać e-maile bezpośrednio do kanału Teams](https://support.microsoft.com/pl-pl/office/wysy%C5%82anie-wiadomo%C5%9Bci-e-mail-do-kana%C5%82u-w-aplikacji-teams-d91db004-d9d7-4a47-82e6-fb1b16dfd51e). Aby to zrobić, znajdź kanał, do którego chcesz wysłać pocztą e-mail, i kliknij nazwę kanału. Wybierz pozycję **Więcej opcji** i wybierz pozycję **Pobierz** **adres e-mail** i skopiuj wyświetloną wartość."
        }
      },
      "id": "677a0a4e-e315-45d4-9723-a8852bba8e8b",
      "createdTime": "2021-10-20T14:23:17.518Z",
      "updatedTime": "2021-10-20T14:23:17.518Z",
      "createdUserId": "user-0",
      "updatedUserId": "user-0"
    },
    {
      "channelContent": {
        "web": {
          "contentFormat": "Markdown",
          "content": "W programie Outlook prześlij wiadomość e-mail na adres e-mail kanału. Zobaczysz wiadomość e-mail w kanale, do którego ją wyślesz. Wszystkie załączniki są wyodrębniane i zapisywane w obszarze **Pliki** w kanale."
        }
      },
      "id": "1459a537-9011-4e2a-ab9e-2f4b07b25e2c",
      "createdTime": "2021-10-20T14:24:38.102Z",
      "updatedTime": "2021-10-20T14:24:38.102Z",
      "createdUserId": "user-0",
      "updatedUserId": "user-0"
    },
    {
      "channelContent": {
        "web": {
          "contentFormat": "Markdown",
          "content": "💡 _Wskazówka dla developerów:_  \n[**Przycisk Udostępnij do Teams**](https://developer.microsoft.com/en-us/microsoft-teams/share-to-teams)"
        }
      },
      "id": "48b85624-3330-4267-bd23-4edc3fb19341",
      "createdTime": "2021-10-20T14:25:44.845Z",
      "updatedTime": "2021-10-20T14:25:44.845Z",
      "createdUserId": "user-0",
      "updatedUserId": "user-0"
    }
  ]
}