{
  "intents": [
    {
      "endUserOverrideName": "Personalizzare l'esperienza della riunione in Teams?",
      "triggerQueries": [
        "App Teams per le riunioni",
        "Posso personalizzare l'esperienza della riunione del Team?",
        "Personalizzare le riunioni Teams con funzionalità extra?",
        "app per riunioni",
        "app per le riunioni in teams",
        "Come posso utilizzare le app per le riunioni in Teams?",
        "dove posso trovare le Teams Apps per le riunioni?",
        "Come si crea un meeting strutturato?",
        "Posso cambiare l'esperienza utente della riunione?",
        "Funzioni extra per riunioni",
        "estensioni per le riunioni",
        "Visualizzare un elenco di plugin per la riunione",
        "funzioni speciali per le riunioni",
        "crea la tua app per le riunioni",
        "Posso personalizzare l'esperienza della riunione in Teams?"
      ],
      "dialogId": "new_topic_e8fb3961719c47ca89c74584bd8a1810",
      "isTriggeringEnabled": true,
      "id": "new_topic_e8fb3961719c47ca89c74584bd8a1810",
      "displayName": "Posso personalizzare l'esperienza della riunione in Teams?",
      "createdTime": "2022-04-27T10:05:55.6836756Z",
      "updatedTime": "2022-04-27T10:05:55.6836756Z",
      "createdUserId": "9451fc51-e00d-4445-8ff9-efb70866dc3b",
      "updatedUserId": "9451fc51-e00d-4445-8ff9-efb70866dc3b"
    }
  ],
  "dialogs": [
    {
      "rootNodeId": "53f51d1d-f694-4c7a-b324-c1eec06138b5",
      "messageNodes": [
        {
          "botMessageId": "aaad53b2-f037-4cb7-a6f5-2599cf25393c",
          "nodeType": "BotMessageNode",
          "id": "53f51d1d-f694-4c7a-b324-c1eec06138b5",
          "defaultTargetNodeId": "98424627-2c85-4c4c-a024-7b3e97ce6c32"
        },
        {
          "botMessageId": "ecd16f4f-754b-4344-85c7-5dc48aa87f18",
          "nodeType": "BotMessageNode",
          "id": "98424627-2c85-4c4c-a024-7b3e97ce6c32",
          "defaultTargetNodeId": "37be8e8e-8ae2-41c9-874b-2cf88a1c8013"
        }
      ],
      "dialogChangeNodes": [
        {
          "targetDialogId": "new_topic_f98a24608ee04cb998de3e3e32703d5b_aeabea4d071f415c8c107e1cb7af5424_assumedsuccess",
          "nodeType": "DialogChangeNode",
          "id": "37be8e8e-8ae2-41c9-874b-2cf88a1c8013"
        }
      ],
      "id": "new_topic_e8fb3961719c47ca89c74584bd8a1810",
      "displayName": "Senza titolo",
      "createdTime": "2022-04-27T10:05:55.6836756Z",
      "updatedTime": "2022-04-27T10:05:55.6836756Z",
      "createdUserId": "9451fc51-e00d-4445-8ff9-efb70866dc3b",
      "updatedUserId": "9451fc51-e00d-4445-8ff9-efb70866dc3b"
    }
  ],
  "botMessages": [
    {
      "channelContent": {
        "web": {
          "contentFormat": "Markdown",
          "content": "Sono disponibili diverse app per le riunioni di Teams. Consentono di personalizzare l'esperienza di riunione in base alle proprie esigenze. [Visualizza le app progettate per migliorare le riunioni di Teams.](https://www.microsoft.com/it-it/microsoft-teams/meetings-apps)"
        }
      },
      "id": "aaad53b2-f037-4cb7-a6f5-2599cf25393c",
      "createdTime": "2022-04-27T09:51:33.85Z",
      "updatedTime": "2022-04-27T09:51:33.85Z"
    },
    {
      "channelContent": {
        "web": {
          "contentFormat": "Markdown",
          "content": "**Se sei uno sviluppatore**, puoi [creare la tua app per le riunioni di Teams.](https://docs.microsoft.com/it-it/microsoftteams/platform/apps-in-teams-meetings/teams-apps-in-meetings)"
        }
      },
      "id": "ecd16f4f-754b-4344-85c7-5dc48aa87f18",
      "createdTime": "2022-04-27T10:04:35.744Z",
      "updatedTime": "2022-04-27T10:04:35.744Z",
      "createdUserId": "user-0",
      "updatedUserId": "user-0"
    }
  ]
}