{
  "intents": [
    {
      "triggerQueries": [
        "Meeting 모임 미팅 시작 모임 참여",
        "Meeting 미팅 모임 언제 참여",
        "Meeting 모임 미팅 전 후 참여 참가",
        "Teams Meeting 미팅 회의 참여 방법",
        "모임 참가 비공개 Meeting 미팅 모임 참여",
        "지금 만남 빠른 회의 시작",
        "즉시 즉각적 애드혹 임시 Meeting 회의 모임",
        "팀에서 회의에 참여하려면 어떻게 해야 하나요?"
      ],
      "dialogId": "new_topic_06d8bcc7539c43a18dc2546d505a926c",
      "isTriggeringEnabled": true,
      "id": "new_topic_06d8bcc7539c43a18dc2546d505a926c",
      "displayName": "팀에서 회의에 참여하려면 어떻게 해야 하나요?",
      "description": "https://adoptbotv2kb.blob.core.windows.net/%24web/adoptbot2021-Korean.docx",
      "createdTime": "2021-03-18T03:39:18.7466553Z",
      "updatedTime": "2021-04-05T08:30:10.9025248Z",
      "createdUserId": "e47109d8-0300-4e59-a90d-56bb29886c9e",
      "updatedUserId": "e47109d8-0300-4e59-a90d-56bb29886c9e"
    }
  ],
  "dialogs": [
    {
      "rootNodeId": "eea6f4d1-264b-41a6-80fd-84a0051a149a",
      "messageNodes": [
        {
          "botMessageId": "6cccd1d2-5d4d-4a43-a70b-b0e6e9c20cca",
          "nodeType": "BotMessageNode",
          "id": "eea6f4d1-264b-41a6-80fd-84a0051a149a",
          "defaultTargetNodeId": "9f0f2c11-878a-499e-b686-cf32ef43bc8a"
        },
        {
          "botMessageId": "dacb4e34-349b-43b7-a2ad-a01f8d72361a",
          "nodeType": "BotMessageNode",
          "id": "9f0f2c11-878a-499e-b686-cf32ef43bc8a",
          "defaultTargetNodeId": "c43cc5bd-267d-4d57-80e7-e7a7f6915b5f"
        },
        {
          "botMessageId": "4be0bd12-e2e4-4fdb-a1e9-f642e25ec192",
          "nodeType": "BotMessageNode",
          "id": "5b28d2c8-97c9-45e7-a342-9f8477a5e534",
          "defaultTargetNodeId": "2b8adf94-2a46-43bf-bfb9-ee49de663569"
        },
        {
          "botMessageId": "b7e2bbb9-771b-4381-a10d-3ce855b4d65b",
          "nodeType": "BotMessageNode",
          "id": "c43cc5bd-267d-4d57-80e7-e7a7f6915b5f",
          "defaultTargetNodeId": "5b28d2c8-97c9-45e7-a342-9f8477a5e534"
        }
      ],
      "dialogChangeNodes": [
        {
          "targetDialogId": "new_topic_2bf23930c1d146129dfe38bacb94ccd0_aeabea4d071f415c8c107e1cb7af5424_assumedsuccess",
          "nodeType": "DialogChangeNode",
          "id": "2b8adf94-2a46-43bf-bfb9-ee49de663569"
        }
      ],
      "id": "new_topic_06d8bcc7539c43a18dc2546d505a926c",
      "displayName": "Dialog for 팀에서 회의에 참여하려면 어떻게 해야 하나요?",
      "createdTime": "2021-03-18T03:39:18.7466553Z",
      "updatedTime": "2021-04-05T08:29:51.2149145Z",
      "createdUserId": "e47109d8-0300-4e59-a90d-56bb29886c9e",
      "updatedUserId": "e47109d8-0300-4e59-a90d-56bb29886c9e"
    }
  ],
  "botMessages": [
    {
      "channelContent": {
        "web": {
          "contentFormat": "Markdown",
          "content": "[언제든지 팀 회의에 참가할 수 있습니다.](https://support.microsoft.com/ko-kr/office/ansluta-till-ett-m%C3%B6te-i-teams-1613bb53-f3fa-431e-85a9-d6a91e3468c9) 모임 초대에서 링크를 클릭하거나 Teams에서 직접 참가를 선택합니다."
        }
      },
      "id": "6cccd1d2-5d4d-4a43-a70b-b0e6e9c20cca",
      "createdTime": "2021-03-18T03:39:18.7466553Z",
      "updatedTime": "2021-03-18T03:39:18.7466553Z",
      "createdUserId": "e47109d8-0300-4e59-a90d-56bb29886c9e",
      "updatedUserId": "e47109d8-0300-4e59-a90d-56bb29886c9e"
    },
    {
      "channelContent": {
        "web": {
          "contentFormat": "Markdown",
          "content": "Teams의 **일정**을 통해 캘린더를 보고 팀 회의에 참여및/또는 일정을 예약할 수있습니다."
        }
      },
      "id": "dacb4e34-349b-43b7-a2ad-a01f8d72361a",
      "createdTime": "2021-04-05T08:27:53.038Z",
      "updatedTime": "2021-04-05T08:27:53.038Z",
      "createdUserId": "user-0",
      "updatedUserId": "user-0"
    },
    {
      "channelContent": {
        "web": {
          "contentFormat": "Markdown",
          "content": "_조직에서 오디오 회의를 옵션으로 제공하는 경우 모임 초대에 전화 접속 번호가 표시됩니다._"
        }
      },
      "id": "4be0bd12-e2e4-4fdb-a1e9-f642e25ec192",
      "createdTime": "2021-04-05T08:28:36.493Z",
      "updatedTime": "2021-04-05T08:28:36.493Z",
      "createdUserId": "user-0",
      "updatedUserId": "user-0"
    },
    {
      "channelContent": {
        "web": {
          "contentFormat": "Markdown",
          "content": "[즉각적인 \"지금 만남\" 회의](https://support.microsoft.com/ko-kr/office/start-an-instant-meeting-in-teams-ff95e53f-8231-4739-87fa-00b9723f4ef5)도 여기에서 시작할 수 있습니다."
        }
      },
      "id": "b7e2bbb9-771b-4381-a10d-3ce855b4d65b",
      "createdTime": "2021-04-05T08:28:42.3Z",
      "updatedTime": "2021-04-05T08:28:42.3Z",
      "createdUserId": "user-0",
      "updatedUserId": "user-0"
    }
  ],
  "createdUtc": "0001-01-01T00:00:00Z"
}