{
  "intents": [
    {
      "triggerQueries": [
        "누가 Live Event 만들 수",
        "누가 Live Event 할 수",
        "누가 라이브 이벤트 만들 수",
        "누가 라이브 이벤트 할 수",
        "팀 이벤트 할 사람",
        "누구든지 팀 라이브 이벤트 만들",
        "팀 라이브 이벤트 만들기",
        "Teams Live Event 생성",
        "Teams Live Event 만들",
        "Teams 라이브 이벤트 만들",
        "누가 라이브 이벤트를 만들 수 있습니까?"
      ],
      "dialogId": "new_topic_a6bd53ba7a8641be9d739b5564a81cdc",
      "isTriggeringEnabled": true,
      "id": "new_topic_a6bd53ba7a8641be9d739b5564a81cdc",
      "displayName": "누가 라이브 이벤트를 만들 수 있습니까?",
      "description": "https://adoptbotv2kb.blob.core.windows.net/%24web/adoptbot2021-Korean.docx",
      "createdTime": "2021-03-18T03:39:18.7476571Z",
      "updatedTime": "2021-03-25T10:17:14.7508313Z",
      "createdUserId": "e47109d8-0300-4e59-a90d-56bb29886c9e",
      "updatedUserId": "e47109d8-0300-4e59-a90d-56bb29886c9e"
    }
  ],
  "dialogs": [
    {
      "rootNodeId": "b6344ae3-8396-44d0-876f-d8c0693bc780",
      "messageNodes": [
        {
          "botMessageId": "af6148fb-3b39-47cd-929e-ee3947151c48",
          "nodeType": "BotMessageNode",
          "id": "b6344ae3-8396-44d0-876f-d8c0693bc780",
          "defaultTargetNodeId": "b83d7793-2a2c-4753-8e40-e757ce54edcc"
        }
      ],
      "dialogChangeNodes": [
        {
          "targetDialogId": "new_topic_2bf23930c1d146129dfe38bacb94ccd0_aeabea4d071f415c8c107e1cb7af5424_assumedsuccess",
          "nodeType": "DialogChangeNode",
          "id": "b83d7793-2a2c-4753-8e40-e757ce54edcc"
        }
      ],
      "id": "new_topic_a6bd53ba7a8641be9d739b5564a81cdc",
      "displayName": "Dialog for 누가 라이브 이벤트를 만들 수 있습니까?",
      "createdTime": "2021-03-18T03:39:18.7476571Z",
      "updatedTime": "2021-03-25T10:17:04.4304209Z",
      "createdUserId": "e47109d8-0300-4e59-a90d-56bb29886c9e",
      "updatedUserId": "e47109d8-0300-4e59-a90d-56bb29886c9e"
    }
  ],
  "botMessages": [
    {
      "channelContent": {
        "web": {
          "contentFormat": "Markdown",
          "content": "전체 상세 사항:\n\n[Microsoft Teams 라이브 계획하기](https://docs.microsoft.com/ko-kr/microsoftteams/teams-live-events/plan-for-teams-live-events#who-can-attend-create-and-schedule-live-events)\n\n라이브 이벤트를 만들려면\n\n다음이 필요합니다. -\n\n*   Microsoft/Office 365 E3/A3, 또는 E5/A5 라이선스\n*   IT 관리자는 추가 정보를 제공할 수 있습니다.\n\n그 후 다음이 요구됩니다.\n\n*   Microsoft Teams관리 센터에서 라이브 이벤트를 만들 수 있는 권한.\n*   Microsoft Stream 에서 라이브 이벤트를 만들 수 있는 권한(외부 방송 앱 또는 장치를 사용하여 생성된 이벤트의 경우).조직 전체 팀 멤버십(게스트 또는 다른 조직에서 사용할 수 없습니다). 팀 회의 정책에서 비공개 회의 일정, 화면 공유 및 IP 비디오 공유가 켜져 있습니다."
        }
      },
      "id": "af6148fb-3b39-47cd-929e-ee3947151c48",
      "createdTime": "2021-03-18T03:39:18.7476571Z",
      "updatedTime": "2021-03-18T03:39:18.7476571Z",
      "createdUserId": "e47109d8-0300-4e59-a90d-56bb29886c9e",
      "updatedUserId": "e47109d8-0300-4e59-a90d-56bb29886c9e"
    }
  ],
  "createdUtc": "0001-01-01T00:00:00Z"
}