{
  "intents": [
    {
      "triggerQueries": [
        "Legg til kanal",
        "Legg til ny kanal",
        "Opprett flere kanaler",
        "Legg til flere kanaler",
        "Ny kanal",
        "Lag ny kanal",
        "Opprett kanal",
        "Hvordan oppretter jeg en kanal?"
      ],
      "dialogId": "new_topic_6056e5377c844ddf96e481a0141c1eac",
      "isTriggeringEnabled": true,
      "canTriggeringBeDisabled": true,
      "id": "new_topic_6056e5377c844ddf96e481a0141c1eac",
      "displayName": "Hvordan oppretter jeg en kanal?",
      "description": "https://norwegianteams.blob.core.windows.net/norwegian-container/TIMA QA P19.docx",
      "createdTime": "2021-03-24T20:09:21.5442661Z",
      "updatedTime": "2021-03-25T11:25:51.7236084Z",
      "createdUserId": "ef0c8b9a-eff1-49f8-92fa-fd1d3e15e1ba",
      "updatedUserId": "ef0c8b9a-eff1-49f8-92fa-fd1d3e15e1ba",
      "isManaged": false,
      "isCustomizable": true,
      "etag": "W/\"1877727\"",
      "versionNumber": 1877727,
      "componentId": "a358b0de-dc8c-eb11-a812-000d3a9d9016"
    }
  ],
  "dialogs": [
    {
      "rootNodeId": "57cb265f-a308-4e37-acf9-f70d89c64b95",
      "messageNodes": [
        {
          "botMessageId": "fd795fa5-8b87-4f89-8c59-580ff95b9c8e",
          "nodeType": "BotMessageNode",
          "id": "57cb265f-a308-4e37-acf9-f70d89c64b95",
          "defaultTargetNodeId": "7aedbade-62c2-4cc2-b0b1-1643f2524350"
        },
        {
          "botMessageId": "19b07a1a-c8a3-4f4b-814b-c009b5d7b987",
          "nodeType": "BotMessageNode",
          "id": "7aedbade-62c2-4cc2-b0b1-1643f2524350",
          "defaultTargetNodeId": "29f33b1c-8127-49e9-85d5-5d115a2d2545"
        }
      ],
      "dialogChangeNodes": [
        {
          "targetDialogId": "new_topic_89c49d37fd4c4c1c9144396960733ce1_aeabea4d071f415c8c107e1cb7af5424_assumedsuccess",
          "nodeType": "DialogChangeNode",
          "id": "29f33b1c-8127-49e9-85d5-5d115a2d2545"
        }
      ],
      "id": "new_topic_6056e5377c844ddf96e481a0141c1eac",
      "displayName": "Dialog for Hvordan oppretter jeg en kanal?",
      "createdTime": "2021-03-24T20:09:21.5442661Z",
      "updatedTime": "2021-03-26T09:16:57.6669668Z",
      "createdUserId": "ef0c8b9a-eff1-49f8-92fa-fd1d3e15e1ba",
      "updatedUserId": "ef0c8b9a-eff1-49f8-92fa-fd1d3e15e1ba",
      "versionNumber": 0,
      "componentId": "00000000-0000-0000-0000-000000000000"
    }
  ],
  "botMessages": [
    {
      "channelContent": {
        "web": {
          "contentFormat": "Markdown",
          "content": "Som standard får alle team en hovedkanal ved navn **Generelt**. Denne kanalen kan brukes for kunngjøringer og informasjon som hele teamet trenger."
        }
      },
      "id": "fd795fa5-8b87-4f89-8c59-580ff95b9c8e",
      "createdTime": "2021-03-24T20:09:21.5442661Z",
      "updatedTime": "2021-03-24T20:09:21.5442661Z",
      "createdUserId": "ef0c8b9a-eff1-49f8-92fa-fd1d3e15e1ba",
      "updatedUserId": "ef0c8b9a-eff1-49f8-92fa-fd1d3e15e1ba",
      "versionNumber": 0,
      "componentId": "00000000-0000-0000-0000-000000000000"
    },
    {
      "channelContent": {
        "web": {
          "contentFormat": "Markdown",
          "content": "For å [legge til flere kanaler](https://support.microsoft.com/nb-no/office/create-a-channel-in-teams-fda0b75e-5b90-4fb8-8857-7e102b014525) :\n\n1.  Velg **Flere alternativer…** ved siden av teamnavnet.\n2.  Velg **Legg til kanal**.\n3.  Angi et navn og en beskrivelse for kanalen. Du kan bygge en kanal rundt et emne, prosjekt, avdelingsnavn eller hva enn du ønsker.\n4.  Hvis du ønsker at kanalen automatisk skal være synlig i alles kanalliste, velg **Vis denne kanalen automatisk i alles kanalliste**.\n5.  Velg **Legg til**."
        }
      },
      "id": "19b07a1a-c8a3-4f4b-814b-c009b5d7b987",
      "createdTime": "2021-03-26T09:16:45.556Z",
      "updatedTime": "2021-03-26T09:16:45.556Z",
      "createdUserId": "user-0",
      "updatedUserId": "user-0",
      "versionNumber": 0,
      "componentId": "00000000-0000-0000-0000-000000000000"
    }
  ],
  "createdUtc": "0001-01-01T00:00:00Z"
}