{
  "intents": [
    {
      "triggerQueries": [
        "jemanden mit @ erwähnen",
        "was passiert wenn mich jemand erwähnt?",
        "@name jemanden",
        "jemanden erwähnen",
        "@name was bedeutet es?",
        "Wie kann jemand meinen Namen in Teams erwähnen?",
        "Was bedeutet es, @erwähnt zu sein?"
      ],
      "dialogId": "new_topic_1a4767bac464489fb5561644cb785405",
      "isTriggeringEnabled": true,
      "id": "new_topic_1a4767bac464489fb5561644cb785405",
      "displayName": "Was bedeutet es, @erwähnt zu sein?",
      "description": "https://adoptbotv2kb.blob.core.windows.net/%24web/AdoptBot2021-English.docx",
      "createdTime": "2021-04-18T21:11:58.4975651Z",
      "updatedTime": "2021-04-18T21:11:58.4975651Z",
      "createdUserId": "86360cd1-faa6-4d16-8a0c-ba3116c8a977"
    }
  ],
  "dialogs": [
    {
      "rootNodeId": "2cef6337-6545-4f6c-9e82-be50c5da4909",
      "messageNodes": [
        {
          "botMessageId": "cf753a24-8bb5-4146-81cb-5dd5eb5ef7c9",
          "nodeType": "BotMessageNode",
          "id": "2cef6337-6545-4f6c-9e82-be50c5da4909",
          "defaultTargetNodeId": "7cee7f0f-e42c-4172-8fde-de57149610a7"
        },
        {
          "botMessageId": "41566b41-2886-4941-a978-12cd52b001b0",
          "nodeType": "BotMessageNode",
          "id": "7cee7f0f-e42c-4172-8fde-de57149610a7",
          "defaultTargetNodeId": "d42528c4-ec83-49a6-9248-65b64b140f2f"
        },
        {
          "botMessageId": "2b7c6f69-8485-4895-900c-f18051b9cf87",
          "nodeType": "BotMessageNode",
          "id": "d42528c4-ec83-49a6-9248-65b64b140f2f",
          "defaultTargetNodeId": "18ae7351-e3ad-48d8-bf33-ef198cdac307"
        }
      ],
      "dialogChangeNodes": [
        {
          "targetDialogId": "new_topic_30867099f4b543d3b8543a85c22c3418_aeabea4d071f415c8c107e1cb7af5424_assumedsuccess",
          "nodeType": "DialogChangeNode",
          "id": "18ae7351-e3ad-48d8-bf33-ef198cdac307"
        }
      ],
      "id": "new_topic_1a4767bac464489fb5561644cb785405",
      "displayName": "Dialog for Was bedeutet es, @erwähnt zu sein?",
      "createdTime": "2021-04-18T21:11:58.4975651Z",
      "updatedTime": "2021-04-18T21:14:17.020767Z",
      "createdUserId": "86360cd1-faa6-4d16-8a0c-ba3116c8a977",
      "updatedUserId": "86360cd1-faa6-4d16-8a0c-ba3116c8a977"
    }
  ],
  "botMessages": [
    {
      "channelContent": {
        "web": {
          "contentFormat": "Markdown",
          "content": "@mentioned zu sein ist wie ein sanftes Klopfen auf die Schulter, eine Möglichkeit, die Aufmerksamkeit in einer Channel-Unterhaltung oder einem Chat zu erhalten. Verwenden Sie [@mentions, um die Aufmerksamkeit von jemandem in Teams zu erhalten](https://support.microsoft.com/de-de/office/verwenden-von-erw%c3%a4hnungen-um-eine-person-auf-sich-aufmerksam-zu-machen-in-teams-eb4f059d-320e-454e-b111-03361d4d6855?ui=de-DE&rs=de-DE&ad=DE)"
        }
      },
      "id": "cf753a24-8bb5-4146-81cb-5dd5eb5ef7c9",
      "createdTime": "2021-04-18T21:11:58.4965368Z",
      "updatedTime": "2021-04-18T21:11:58.4965368Z",
      "createdUserId": "86360cd1-faa6-4d16-8a0c-ba3116c8a977",
      "updatedUserId": "86360cd1-faa6-4d16-8a0c-ba3116c8a977"
    },
    {
      "channelContent": {
        "web": {
          "contentFormat": "Markdown",
          "content": "**So erwähnen Sie jemanden mit @**\n\n1.  Geben Sie \"@\" oder den Namen der Person in das Eingabefeld ein.\n2.  Wählen Sie den Namen der Person aus dem angezeigten Menü aus."
        }
      },
      "id": "41566b41-2886-4941-a978-12cd52b001b0",
      "createdTime": "2021-04-18T21:12:41.207Z",
      "updatedTime": "2021-04-18T21:12:41.207Z",
      "createdUserId": "user-0",
      "updatedUserId": "user-0"
    },
    {
      "channelContent": {
        "web": {
          "contentFormat": "Markdown",
          "content": "Wenn Sie sich jemals von all Ihren @Mentions ein wenig überfordert fühlen, können Sie Ihren [Aktivitäten-Feed jederzeit filtern](https://support.microsoft.com/de-de/office/kennenlernen-des-aktivit%c3%a4tsfeeds-in-microsoft-teams-91c635a1-644a-4c60-9c98-233db3e13a56?ui=de-DE&rs=de-DE&ad=DE), um sie zu sortieren."
        }
      },
      "id": "2b7c6f69-8485-4895-900c-f18051b9cf87",
      "createdTime": "2021-04-18T21:13:13.232Z",
      "updatedTime": "2021-04-18T21:13:13.232Z",
      "createdUserId": "user-0",
      "updatedUserId": "user-0"
    }
  ]
}