{
  "intents": [
    {
      "endUserOverrideName": "Teams的即時字幕",
      "triggerQueries": [
        "直播的字幕",
        "即時活動字幕",
        "會議轉錄",
        "Teams的會議文字",
        "Teams的會議字幕",
        "會議語音轉文字",
        "Teams的字幕"
      ],
      "dialogId": "new_topic_293b665fd688473a9f442616e9a31511",
      "isTriggeringEnabled": true,
      "id": "new_topic_293b665fd688473a9f442616e9a31511",
      "displayName": "Teams的即時字幕",
      "description": "",
      "createdTime": "2021-11-22T15:37:57.4462458Z",
      "updatedTime": "2021-11-22T15:51:08.9656494Z",
      "createdUserId": "9c968d43-f7c2-4e28-895c-1f6bcefcd8be",
      "updatedUserId": "9c968d43-f7c2-4e28-895c-1f6bcefcd8be"
    }
  ],
  "dialogs": [
    {
      "rootNodeId": "35c3a482-6ce5-44ed-b37b-f44ce8d893c6",
      "messageNodes": [
        {
          "botMessageId": "5aded44f-e9ae-434f-ab38-88f9db72be61",
          "nodeType": "BotMessageNode",
          "id": "35c3a482-6ce5-44ed-b37b-f44ce8d893c6",
          "defaultTargetNodeId": "ebc6ffb6-82ff-40d1-86c7-4bb50bd86c38"
        },
        {
          "botMessageId": "43a89d6c-18e6-474e-87e9-ff83bda12897",
          "nodeType": "BotMessageNode",
          "id": "ebc6ffb6-82ff-40d1-86c7-4bb50bd86c38",
          "defaultTargetNodeId": "18048118-b351-453a-9579-49b0b3c30f48"
        }
      ],
      "dialogChangeNodes": [
        {
          "targetDialogId": "new_topic_e2d1671328b941dbb60fa7150059b1ee_aeabea4d071f415c8c107e1cb7af5424_assumedsuccess",
          "nodeType": "DialogChangeNode",
          "id": "18048118-b351-453a-9579-49b0b3c30f48"
        }
      ],
      "id": "new_topic_293b665fd688473a9f442616e9a31511",
      "displayName": "Dialog for Teams的即時字幕",
      "createdTime": "2021-11-22T15:37:57.4462458Z",
      "updatedTime": "2021-11-22T15:51:08.9656494Z",
      "createdUserId": "9c968d43-f7c2-4e28-895c-1f6bcefcd8be",
      "updatedUserId": "9c968d43-f7c2-4e28-895c-1f6bcefcd8be"
    }
  ],
  "botMessages": [
    {
      "channelContent": {
        "web": {
          "contentFormat": "Markdown",
          "content": "Teams 會議支援即時字幕! 讓會議能更有效的溝通!\n\n_開啓即時字幕的只會在自己的Teams會議畫面顯示，不影響到簡報者及其他人!_"
        }
      },
      "id": "5aded44f-e9ae-434f-ab38-88f9db72be61",
      "createdTime": "2021-11-22T15:37:57.4462458Z",
      "updatedTime": "2021-11-22T15:37:57.4462458Z",
      "createdUserId": "9c968d43-f7c2-4e28-895c-1f6bcefcd8be",
      "updatedUserId": "9c968d43-f7c2-4e28-895c-1f6bcefcd8be"
    },
    {
      "channelContent": {
        "web": {
          "contentFormat": "Markdown",
          "content": "設定方式請參考：\n\n**一般會議、研討會**\n\n*   [在 Teams 會議中使用即時字幕](https://support.microsoft.com/zh-tw/office/%E5%9C%A8-teams-%E6%9C%83%E8%AD%B0%E4%B8%AD%E4%BD%BF%E7%94%A8%E5%8D%B3%E6%99%82%E5%AD%97%E5%B9%95-4be2d304-f675-4b57-8347-cbd000a21260)\n*   目前(2021年)中文支援簡中(中國)、繁中(粵語) ，尚未支援繁中(台灣)。\n\n**即時活動(直播)**\n\n*   [在 Teams 會議中使用即時字幕](https://support.microsoft.com/zh-tw/office/%E5%9C%A8-teams-%E6%9C%83%E8%AD%B0%E4%B8%AD%E4%BD%BF%E7%94%A8%E5%8D%B3%E6%99%82%E5%AD%97%E5%B9%95-4be2d304-f675-4b57-8347-cbd000a21260)\n*   中文支援簡中(中國)、繁中(粵語) 、繁中(台灣)。"
        }
      },
      "id": "43a89d6c-18e6-474e-87e9-ff83bda12897",
      "createdTime": "2021-11-22T15:41:40.265Z",
      "updatedTime": "2021-11-22T15:41:40.265Z",
      "createdUserId": "user-0",
      "updatedUserId": "user-0"
    }
  ]
}