{
  "intents": [
    {
      "triggerQueries": [
        "Pumba"
      ],
      "dialogId": "new_topic_4c04bba65d184c07934c49f50c442628",
      "isTriggeringEnabled": true,
      "id": "new_topic_4c04bba65d184c07934c49f50c442628",
      "displayName": "Pumba (easter egg)",
      "description": "Feel free to turn this off if you rename Timon. Or not 🙂. It's up to you!",
      "createdTime": "2023-11-16T13:09:13.3636132Z",
      "updatedTime": "2023-11-16T16:19:53.2210099Z",
      "createdUserId": "c8d29cfd-efef-47c1-8e02-210c8be30c37",
      "updatedUserId": "c8d29cfd-efef-47c1-8e02-210c8be30c37"
    }
  ],
  "dialogs": [
    {
      "rootNodeId": "089a181c-cf3b-402f-90d3-0d6362afba3f",
      "messageNodes": [
        {
          "botMessageId": "321f9b30-d86e-42a6-a464-331e44c92b22",
          "nodeType": "BotMessageNode",
          "id": "089a181c-cf3b-402f-90d3-0d6362afba3f",
          "defaultTargetNodeId": "99ca828f-9fe5-477c-b0a6-b6a4fdb6ef3e"
        },
        {
          "botMessageId": "2a918b1b-0391-43df-b751-a0c2053b553d",
          "nodeType": "BotMessageNode",
          "id": "99ca828f-9fe5-477c-b0a6-b6a4fdb6ef3e",
          "defaultTargetNodeId": "a6e92f99-3196-41bd-beb5-a38beee73602"
        },
        {
          "botMessageId": "07af0da8-ace9-42ba-b502-5e1ee108dc40",
          "nodeType": "BotMessageNode",
          "id": "ac993d60-07fb-42d8-ba68-40058ce1f854"
        }
      ],
      "actionNodes": [
        {
          "contextVariableId": "f17de3ca-eab1-47d9-ab9c-5cfbac7aacac",
          "nodeType": "ActionNode",
          "outputExpressionVariableIds": [
            "e9070457-0761-4a1f-ab6a-a681d1cb4a6a"
          ],
          "id": "a6e92f99-3196-41bd-beb5-a38beee73602",
          "defaultTargetNodeId": "ac993d60-07fb-42d8-ba68-40058ce1f854"
        }
      ],
      "id": "new_topic_4c04bba65d184c07934c49f50c442628",
      "displayName": "Untitled",
      "createdTime": "2023-11-16T13:09:13.3636125Z",
      "updatedTime": "2023-11-16T16:19:53.221009Z",
      "createdUserId": "c8d29cfd-efef-47c1-8e02-210c8be30c37",
      "updatedUserId": "c8d29cfd-efef-47c1-8e02-210c8be30c37"
    }
  ],
  "botMessages": [
    {
      "channelContent": {
        "web": {
          "contentFormat": "Markdown",
          "content": "🐗!"
        }
      },
      "id": "321f9b30-d86e-42a6-a464-331e44c92b22",
      "createdTime": "2023-11-16T13:05:32.921Z",
      "updatedTime": "2023-11-16T13:05:32.921Z"
    },
    {
      "channelContent": {
        "web": {
          "contentFormat": "Markdown",
          "content": "🏆**Achievement Unlocked**🏆\n\nYou found a hidden easter egg.\n\nLooks like you have a sense of humor, and that's always fun... 😉\n\nHakuna matata"
        }
      },
      "id": "2a918b1b-0391-43df-b751-a0c2053b553d",
      "createdTime": "2023-11-16T13:05:48.576Z",
      "updatedTime": "2023-11-16T13:05:48.576Z",
      "createdUserId": "user-0",
      "updatedUserId": "user-0"
    },
    {
      "channelContent": {
        "web": {
          "contentFormat": "Markdown",
          "content": "{e9070457-0761-4a1f-ab6a-a681d1cb4a6a}"
        }
      },
      "id": "07af0da8-ace9-42ba-b502-5e1ee108dc40",
      "createdTime": "2023-11-16T13:08:16.905Z",
      "updatedTime": "2023-11-16T13:08:16.905Z",
      "createdUserId": "user-0",
      "updatedUserId": "user-0"
    }
  ],
  "actionDefinitions": [
    {
      "timeoutInSeconds": 60,
      "retryCount": 1,
      "method": 2,
      "headers": {
        "accept": "application/json"
      },
      "bodyContent": "",
      "actionType": "Flow",
      "flowMetadata": {
        "id": "94751324-8184-ee11-8179-000d3a36d83f",
        "title": "Hakuna Matata GIF",
        "description": "",
        "httpMethod": 2,
        "outputParameters": [
          {
            "name": "Hakuna Matata GIF",
            "id": "hakuna_matata gif",
            "type": "String",
            "optional": true
          }
        ],
        "outputSchemaType": "Json",
        "triggerType": "Standard",
        "createdTime": "2023-11-16T13:07:49Z",
        "isEnabled": true,
        "lastModifiedTime": "2023-11-16T13:07:54Z",
        "versionNumber": 413774
      },
      "id": "50eb9ca0-b6f0-4170-b0dd-6e4cab3f62aa",
      "displayName": "Hakuna Matata GIF",
      "description": "",
      "createdTime": "2023-11-16T13:09:00.447Z",
      "updatedTime": "2023-11-16T13:09:00.447Z"
    }
  ],
  "contextVariables": [
    {
      "customTypeId": "705f64c6-a4ab-416c-bc73-e599817b7b1a",
      "initializerType": "Action",
      "scope": "Dialog",
      "greedySlotFillingEnabled": false,
      "isInput": false,
      "externalInitializationAllowed": false,
      "actionId": "50eb9ca0-b6f0-4170-b0dd-6e4cab3f62aa",
      "isGlobal": false,
      "id": "f17de3ca-eab1-47d9-ab9c-5cfbac7aacac",
      "displayName": "",
      "createdTime": "2023-11-16T13:09:13.3636138Z",
      "updatedTime": "2023-11-16T16:19:53.2210102Z",
      "createdUserId": "c8d29cfd-efef-47c1-8e02-210c8be30c37",
      "updatedUserId": "c8d29cfd-efef-47c1-8e02-210c8be30c37"
    },
    {
      "systemType": "String",
      "initializerType": "Expression",
      "scope": "Dialog",
      "greedySlotFillingEnabled": false,
      "isInput": false,
      "externalInitializationAllowed": false,
      "expression": "@parameters('f17de3ca-eab1-47d9-ab9c-5cfbac7aacac')['hakuna_matata gif']",
      "isGlobal": false,
      "id": "e9070457-0761-4a1f-ab6a-a681d1cb4a6a",
      "displayName": "HakunaMatataGIF",
      "createdTime": "2023-11-16T16:19:48.29Z",
      "updatedTime": "2023-11-16T16:19:53.2210107Z",
      "createdUserId": "user-0",
      "updatedUserId": "c8d29cfd-efef-47c1-8e02-210c8be30c37"
    }
  ],
  "jsonTypes": [
    {
      "customTypeSchema": "Json",
      "id": "705f64c6-a4ab-416c-bc73-e599817b7b1a",
      "displayName": "Response Json Type for Flow - Hakuna Matata GIF",
      "createdTime": "2023-11-16T13:09:00.448Z",
      "updatedTime": "2023-11-16T13:09:00.448Z"
    }
  ]
}