{
  "intents": [
    {
      "intentType": "Regular",
      "endUserOverrideName": "Jobba på distans med Microsoft 365?",
      "triggerQueries": [
        "Jobba på distans med Microsoft 365?",
        "distansarbete med office 365",
        "hur hänger Teams ihop med Microsoft 365",
        "Vilka verktyg när jag jobbar hemifrån?",
        "jobba hemifrån med Microsoft 365",
        "Hur jobbar man på distans oavsett plats?"
      ],
      "dialogId": "new_topic_58f55338df644f469358ee87c34be249",
      "isTriggeringEnabled": true,
      "id": "new_topic_58f55338df644f469358ee87c34be249",
      "displayName": "Hur jobbar man på distans oavsett plats?",
      "description": "https://faqtimafiles.blob.core.windows.net/filesfortima-adoptbot/svenska frågor till adoptbot PVA (Swedish QnA for AdoptBot).docx",
      "createdTime": "2021-01-13T18:47:12.3917411Z",
      "updatedTime": "2021-01-14T16:29:18.8843645Z",
      "createdUserId": "f04d3cd9-b73d-4ba9-a1ed-9319eba29b21",
      "updatedUserId": "f04d3cd9-b73d-4ba9-a1ed-9319eba29b21"
    }
  ],
  "dialogs": [
    {
      "rootNodeId": "f4ca4b2c-8f63-42da-9bcb-649e9d6d6722",
      "messageNodes": [
        {
          "botMessageId": "09e81cc8-8268-4dba-a33f-a481c61a9616",
          "nodeType": "BotMessageNode",
          "id": "f4ca4b2c-8f63-42da-9bcb-649e9d6d6722",
          "defaultTargetNodeId": "90a1c779-c760-4321-bcd2-fe487277610f"
        }
      ],
      "dialogChangeNodes": [
        {
          "targetDialogId": "new_topic_84ec227c19784e7ba25cb34f4638f91e_aeabea4d071f415c8c107e1cb7af5424_assumedsuccess",
          "nodeType": "DialogChangeNode",
          "id": "90a1c779-c760-4321-bcd2-fe487277610f"
        }
      ],
      "id": "new_topic_58f55338df644f469358ee87c34be249",
      "displayName": "Dialog for Hur jobbar man på distans oavsett plats?",
      "createdTime": "2021-01-13T18:47:12.3917411Z",
      "updatedTime": "2021-01-13T18:47:12.3917411Z",
      "createdUserId": "f04d3cd9-b73d-4ba9-a1ed-9319eba29b21",
      "updatedUserId": "f04d3cd9-b73d-4ba9-a1ed-9319eba29b21"
    }
  ],
  "botMessages": [
    {
      "channelContent": {
        "web": {
          "contentFormat": "Markdown",
          "content": "Samarbeta varsomhelst med Microsoft 365 - visar hur du kan samarbeta med olika delar av Microsoft 365."
        }
      },
      "id": "09e81cc8-8268-4dba-a33f-a481c61a9616",
      "createdTime": "2021-01-13T18:47:12.3917411Z",
      "updatedTime": "2021-01-13T18:47:12.3917411Z",
      "createdUserId": "f04d3cd9-b73d-4ba9-a1ed-9319eba29b21",
      "updatedUserId": "f04d3cd9-b73d-4ba9-a1ed-9319eba29b21"
    }
  ]
}