{
  "intents": [
    {
      "triggerQueries": [
        "Team 외부 사용자 Chatting",
        "팀 외부 사용자 Chatting",
        "Team 외부 사용자 채팅",
        "팀 외부 사용자 채팅",
        "Team 외부 다른 사람들 Chatting",
        "Teams 외부 다른 사람들 Chatting",
        "Team 외부 다른 사람들 채팅",
        "Teams 외부 다른 사람들 채팅",
        "팀 외부 다른 사람들 Chatting",
        "팀 외부 다른 사람들 채팅",
        "Guest 초대받지 않고 채팅",
        "게스트 초대받지 않고 채팅",
        "환경 변경 않고 외부채팅",
        "팀 외부 사람들 글",
        "팀 조직 외부 사람들 채팅",
        "조직 외부 사람들 글",
        "외부 사람 Chatting",
        "외부 사람 채팅",
        "외부 사용자 Chatting",
        "외부 사용자 채팅",
        "팀에서 외부 사용자와 채팅할 수 있나요?"
      ],
      "dialogId": "new_topic_47d70688c3904c618fa8f5820c854cd0",
      "isTriggeringEnabled": true,
      "id": "new_topic_47d70688c3904c618fa8f5820c854cd0",
      "displayName": "팀에서 외부 사용자와 채팅할 수 있나요?",
      "description": "https://adoptbotv2kb.blob.core.windows.net/%24web/adoptbot2021-Korean.docx",
      "createdTime": "2021-03-18T03:39:18.7476571Z",
      "updatedTime": "2021-03-25T07:47:32.3105821Z",
      "createdUserId": "e47109d8-0300-4e59-a90d-56bb29886c9e",
      "updatedUserId": "e47109d8-0300-4e59-a90d-56bb29886c9e"
    }
  ],
  "dialogs": [
    {
      "rootNodeId": "afdcc20f-b052-4d34-b9ba-2d62e7f7eb6b",
      "messageNodes": [
        {
          "botMessageId": "83405a27-5954-4fca-9020-932ff6521b04",
          "nodeType": "BotMessageNode",
          "id": "d0be720b-fa78-4207-8b1a-825047e9df26",
          "defaultTargetNodeId": "6bf0a9f0-7364-4732-890d-56ac982eb6f3"
        },
        {
          "botMessageId": "0376c323-012d-4b73-b35a-d818b684ff79",
          "nodeType": "BotMessageNode",
          "id": "afdcc20f-b052-4d34-b9ba-2d62e7f7eb6b",
          "defaultTargetNodeId": "d0be720b-fa78-4207-8b1a-825047e9df26"
        },
        {
          "botMessageId": "06da0846-5986-4609-aba2-ba47753bc312",
          "nodeType": "BotMessageNode",
          "id": "6bf0a9f0-7364-4732-890d-56ac982eb6f3",
          "defaultTargetNodeId": "34538033-74a1-4ce3-8085-40c5763f1d51"
        }
      ],
      "dialogChangeNodes": [
        {
          "targetDialogId": "new_topic_2bf23930c1d146129dfe38bacb94ccd0_aeabea4d071f415c8c107e1cb7af5424_assumedsuccess",
          "nodeType": "DialogChangeNode",
          "id": "34538033-74a1-4ce3-8085-40c5763f1d51"
        }
      ],
      "id": "new_topic_47d70688c3904c618fa8f5820c854cd0",
      "displayName": "Dialog for 팀에서 외부 사용자와 채팅할 수 있나요?",
      "createdTime": "2021-03-18T03:39:18.7476571Z",
      "updatedTime": "2021-03-25T07:49:15.4922053Z",
      "createdUserId": "e47109d8-0300-4e59-a90d-56bb29886c9e",
      "updatedUserId": "e47109d8-0300-4e59-a90d-56bb29886c9e"
    }
  ],
  "botMessages": [
    {
      "channelContent": {
        "web": {
          "contentFormat": "Markdown",
          "content": "Teams 검색 바에서 외부 사용자의 이메일을 입력해 볼 수 있습니다. 외부에서 검색으로 사람이 나타나면, 외부 주소로 선택하고, 채팅을 시도합니다."
        }
      },
      "id": "83405a27-5954-4fca-9020-932ff6521b04",
      "createdTime": "2021-03-18T03:39:18.7476571Z",
      "updatedTime": "2021-03-18T03:39:18.7476571Z",
      "createdUserId": "e47109d8-0300-4e59-a90d-56bb29886c9e",
      "updatedUserId": "e47109d8-0300-4e59-a90d-56bb29886c9e"
    },
    {
      "channelContent": {
        "web": {
          "contentFormat": "Markdown",
          "content": "조직 외부 사용자와 의사 소통하고 공동 작업해야 하는 경우, Microsoft 팀 외부 액세스, 일명 페더레이션을 통해 다른 도메인의 사용자를 찾고, 호출하고, 채팅할 수 있습니다(예: contoso.com)."
        }
      },
      "id": "0376c323-012d-4b73-b35a-d818b684ff79",
      "createdTime": "2021-03-25T07:47:47.936Z",
      "updatedTime": "2021-03-25T07:47:47.936Z",
      "createdUserId": "user-0",
      "updatedUserId": "user-0"
    },
    {
      "channelContent": {
        "web": {
          "contentFormat": "Markdown",
          "content": "**노트!** 이렇게 하려면 각 조직에서 특정 옵션을 사용하도록 설정해야 합니다.\n\n[Microsoft Teams의 다른 조직의 사용자와 통신](https://docs.microsoft.com/ko-kr/microsoftteams/communicate-with-users-from-other-organizations)"
        }
      },
      "id": "06da0846-5986-4609-aba2-ba47753bc312",
      "createdTime": "2021-03-25T07:48:51.616Z",
      "updatedTime": "2021-03-25T07:48:51.616Z",
      "createdUserId": "user-0",
      "updatedUserId": "user-0"
    }
  ],
  "createdUtc": "0001-01-01T00:00:00Z"
}