{
  "intents": [
    {
      "endUserOverrideName": "Annunci",
      "triggerQueries": [
        "Titoli migliori per i post del canale?",
        "Aggiungere un'immagine al titolo di un post del canale?",
        "Fai annunci in Teams",
        "progettare un annuncio",
        "come faccio a fare un annuncio",
        "creare una nuova conversazione con uno sfondo.",
        "come aggiungo uno sfondo a un post?",
        "sfondo della foto nei post",
        "titolo della foto sui messaggi",
        "sfondo dell'immagine per un messaggio",
        "Ho visto post con sfondi di immagini, come posso crearli?",
        "creare post di accattivanti",
        "Come faccio a creare post di bell'aspetto?",
        "aggiungi grafica da pubblicare",
        "Post visivi",
        "Come faccio a postare usando le immagini nel titolo",
        "Crea post con sfondo",
        "Messaggi con sfondo?",
        "Come faccio a creare post attrattivi?"
      ],
      "dialogId": "new_topic_50b3e2b7542b4ecc977c40db9f195987",
      "isTriggeringEnabled": true,
      "id": "new_topic_50b3e2b7542b4ecc977c40db9f195987",
      "displayName": "Come faccio a creare post attrattivi?",
      "createdTime": "2022-04-29T10:52:35.198086Z",
      "updatedTime": "2022-04-29T10:52:35.198086Z",
      "createdUserId": "9451fc51-e00d-4445-8ff9-efb70866dc3b",
      "updatedUserId": "9451fc51-e00d-4445-8ff9-efb70866dc3b"
    }
  ],
  "dialogs": [
    {
      "rootNodeId": "84361a5f-6df0-4bb2-ae34-8bbbf692396f",
      "messageNodes": [
        {
          "botMessageId": "40a5d43f-80fe-4086-a2c1-46cbb98617ca",
          "nodeType": "BotMessageNode",
          "id": "84361a5f-6df0-4bb2-ae34-8bbbf692396f",
          "defaultTargetNodeId": "72750e6f-7fb0-45c0-8748-1c6f45b2c6e0"
        },
        {
          "botMessageId": "e68cf47b-7090-47b4-b944-bdb056c61fcf",
          "nodeType": "BotMessageNode",
          "id": "72750e6f-7fb0-45c0-8748-1c6f45b2c6e0",
          "defaultTargetNodeId": "bedd613a-537e-4ad6-a838-3ae22787b31a"
        },
        {
          "botMessageId": "52d8d2dd-60c6-4e85-8337-669aada19eb3",
          "nodeType": "BotMessageNode",
          "id": "bedd613a-537e-4ad6-a838-3ae22787b31a",
          "defaultTargetNodeId": "e5eea32c-7ca2-441a-8fa9-7aa3a15dcb8b"
        },
        {
          "botMessageId": "9f49fa76-7f2e-4435-b556-4c261df4ff28",
          "nodeType": "BotMessageNode",
          "id": "e5eea32c-7ca2-441a-8fa9-7aa3a15dcb8b",
          "defaultTargetNodeId": "69775cbd-a296-4de9-b39b-9dc32a1fc53f"
        }
      ],
      "dialogChangeNodes": [
        {
          "targetDialogId": "new_topic_f98a24608ee04cb998de3e3e32703d5b_aeabea4d071f415c8c107e1cb7af5424_assumedsuccess",
          "nodeType": "DialogChangeNode",
          "id": "69775cbd-a296-4de9-b39b-9dc32a1fc53f"
        }
      ],
      "id": "new_topic_50b3e2b7542b4ecc977c40db9f195987",
      "displayName": "Senza titolo",
      "createdTime": "2022-04-29T10:52:35.198086Z",
      "updatedTime": "2022-04-29T10:52:35.198086Z",
      "createdUserId": "9451fc51-e00d-4445-8ff9-efb70866dc3b",
      "updatedUserId": "9451fc51-e00d-4445-8ff9-efb70866dc3b"
    }
  ],
  "botMessages": [
    {
      "channelContent": {
        "web": {
          "contentFormat": "Markdown",
          "content": "È possibile aggiungere immagini, emoji 🙂, GIF animate, adesivi e altro ancora per un post. \n\nPuoi anche usare un titolo per far risaltare il tuo post."
        }
      },
      "id": "40a5d43f-80fe-4086-a2c1-46cbb98617ca",
      "createdTime": "2022-04-29T10:46:02.58Z",
      "updatedTime": "2022-04-29T10:46:02.58Z"
    },
    {
      "channelContent": {
        "web": {
          "contentFormat": "Markdown",
          "content": "Ma per post accattivanti, quello che dovresti fare veramente, è scrivere un \"**Annuncio** \"."
        }
      },
      "id": "e68cf47b-7090-47b4-b944-bdb056c61fcf",
      "createdTime": "2022-04-29T10:49:19.264Z",
      "updatedTime": "2022-04-29T10:49:19.264Z",
      "createdUserId": "user-0",
      "updatedUserId": "user-0"
    },
    {
      "channelContent": {
        "web": {
          "contentFormat": "Markdown",
          "content": "Per creare un annuncio, selezionare il pulsante di formattazione (si presenta come un A con una penna).\n\nDall'alto a sinistra fare clic su **Nuova conversazione** e passare a **Annuncio**."
        }
      },
      "id": "52d8d2dd-60c6-4e85-8337-669aada19eb3",
      "createdTime": "2022-04-29T10:51:04.36Z",
      "updatedTime": "2022-04-29T10:51:04.36Z",
      "createdUserId": "user-0",
      "updatedUserId": "user-0"
    },
    {
      "channelContent": {
        "web": {
          "contentFormat": "Markdown",
          "content": "💡 **Suggerimento**: \n\nScegli un'immagine di sfondo per un impatto ancora maggiore 🚀"
        }
      },
      "id": "9f49fa76-7f2e-4435-b556-4c261df4ff28",
      "createdTime": "2022-04-29T10:52:12.888Z",
      "updatedTime": "2022-04-29T10:52:12.888Z",
      "createdUserId": "user-0",
      "updatedUserId": "user-0"
    }
  ]
}