{
  "intents": [
    {
      "triggerQueries": [
        "Exchange 온라인",
        "익스체인지 Online",
        "익스체인지 온라인",
        "Exchange Online",
        "Exchange Online이란?"
      ],
      "dialogId": "new_topic_c7e9d9672024494a9aab8da9d0215906",
      "isTriggeringEnabled": true,
      "id": "new_topic_c7e9d9672024494a9aab8da9d0215906",
      "displayName": "Exchange Online이란?",
      "description": "https://adoptbotv2kb.blob.core.windows.net/%24web/adoptbot2021-Korean.docx",
      "createdTime": "2021-03-18T03:39:18.7476571Z",
      "updatedTime": "2021-03-25T06:55:44.6846267Z",
      "createdUserId": "e47109d8-0300-4e59-a90d-56bb29886c9e",
      "updatedUserId": "e47109d8-0300-4e59-a90d-56bb29886c9e"
    }
  ],
  "dialogs": [
    {
      "rootNodeId": "9cf72bf7-6f8c-4204-aca4-1a75fc2ef31f",
      "messageNodes": [
        {
          "botMessageId": "860c3ce7-5fe7-4b24-8441-9ddb7486f366",
          "nodeType": "BotMessageNode",
          "id": "9cf72bf7-6f8c-4204-aca4-1a75fc2ef31f",
          "defaultTargetNodeId": "bde98890-222a-4755-ab5f-ff71a888bc2b"
        }
      ],
      "dialogChangeNodes": [
        {
          "targetDialogId": "new_topic_2bf23930c1d146129dfe38bacb94ccd0_aeabea4d071f415c8c107e1cb7af5424_assumedsuccess",
          "nodeType": "DialogChangeNode",
          "id": "bde98890-222a-4755-ab5f-ff71a888bc2b"
        }
      ],
      "id": "new_topic_c7e9d9672024494a9aab8da9d0215906",
      "displayName": "Dialog for Exchange Online이란?",
      "createdTime": "2021-03-18T03:39:18.7476571Z",
      "updatedTime": "2021-03-18T03:39:18.7476571Z",
      "createdUserId": "e47109d8-0300-4e59-a90d-56bb29886c9e",
      "updatedUserId": "e47109d8-0300-4e59-a90d-56bb29886c9e"
    }
  ],
  "botMessages": [
    {
      "channelContent": {
        "web": {
          "contentFormat": "Markdown",
          "content": "Exchange Online은 이메일과 캘린더를 제공하는 Microsoft 365의 일부입니다. Office 365에서 Outlook 아이콘을 클릭하여 시작합니다."
        }
      },
      "id": "860c3ce7-5fe7-4b24-8441-9ddb7486f366",
      "createdTime": "2021-03-18T03:39:18.7476571Z",
      "updatedTime": "2021-03-18T03:39:18.7476571Z",
      "createdUserId": "e47109d8-0300-4e59-a90d-56bb29886c9e",
      "updatedUserId": "e47109d8-0300-4e59-a90d-56bb29886c9e"
    }
  ],
  "createdUtc": "0001-01-01T00:00:00Z"
}