{
  "intents": [
    {
      "triggerQueries": [
        "Wen kann ich in einer Telefonkonferenz hören?",
        "Wer kann an einer Telefonkonferenz teilnehmen? Und wen kann ich hören?",
        "Wer kann sich an eine Besprechung wenden?",
        "Wer kann an einer Telefonkonferenz teilnehmen?",
        "Wer ist in einer Telefonkonferenz?",
        "Wer kann an einer Telefonkonferenz teilnehmen?"
      ],
      "dialogId": "new_topic_60a60046f4414f158aeb2991078ee360",
      "isTriggeringEnabled": true,
      "id": "new_topic_60a60046f4414f158aeb2991078ee360",
      "displayName": "Wer kann an einer Telefonkonferenz teilnehmen?",
      "description": "",
      "createdTime": "2021-04-19T09:07:16.5074503Z",
      "updatedTime": "2021-04-19T09:07:16.5074503Z",
      "createdUserId": "d4c65e50-fb5c-4311-830a-05b59a11dd48"
    }
  ],
  "dialogs": [
    {
      "rootNodeId": "437ad38c-5878-4583-a7b1-1574916a6137",
      "messageNodes": [
        {
          "botMessageId": "e4bbe763-d936-4fe6-86a7-583966171ac3",
          "nodeType": "BotMessageNode",
          "id": "437ad38c-5878-4583-a7b1-1574916a6137",
          "defaultTargetNodeId": "6fa705b9-aaa2-41d4-a8ef-20eca008a0e3"
        }
      ],
      "dialogChangeNodes": [
        {
          "targetDialogId": "new_topic_30867099f4b543d3b8543a85c22c3418_aeabea4d071f415c8c107e1cb7af5424_assumedsuccess",
          "nodeType": "DialogChangeNode",
          "id": "6fa705b9-aaa2-41d4-a8ef-20eca008a0e3"
        }
      ],
      "id": "new_topic_60a60046f4414f158aeb2991078ee360",
      "displayName": "Dialog for Wer kann an einer Telefonkonferenz teilnehmen?",
      "createdTime": "2021-04-19T09:07:16.5074503Z",
      "updatedTime": "2021-04-19T09:09:35.2686759Z",
      "createdUserId": "d4c65e50-fb5c-4311-830a-05b59a11dd48",
      "updatedUserId": "d4c65e50-fb5c-4311-830a-05b59a11dd48"
    }
  ],
  "botMessages": [
    {
      "channelContent": {
        "web": {
          "contentFormat": "Markdown",
          "content": "Jeder, der über die Einwahlnummer und die Konferenz-ID verfügt, kann an einer Microsoft Teams-Besprechung teilnehmen, es sei denn, der Besprechungsorganisator hat die Besprechung gesperrt.\n\nUnabhängig davon, ob Sie sich mit einem Telefon oder der Microsoft Teams-App anmelden, können Sie alle anderen in der Besprechung hören, und sie können Sie hören. Der Besprechungsorganisator kann Besprechungsteilnehmer stummschalten."
        }
      },
      "id": "e4bbe763-d936-4fe6-86a7-583966171ac3",
      "createdTime": "2021-04-19T09:07:16.5074503Z",
      "updatedTime": "2021-04-19T09:07:16.5074503Z",
      "createdUserId": "d4c65e50-fb5c-4311-830a-05b59a11dd48",
      "updatedUserId": "d4c65e50-fb5c-4311-830a-05b59a11dd48"
    }
  ]
}