{
  "intents": [
    {
      "triggerQueries": [
        "Kan jeg bli med på hvilken som helst team?",
        "Finn et team",
        "Bli med i et team",
        "Hvordan finner jeg og blir med i et team?"
      ],
      "dialogId": "new_topic_8bc5ca2cc91c4ae08add9d25e02628cd",
      "isTriggeringEnabled": true,
      "id": "new_topic_8bc5ca2cc91c4ae08add9d25e02628cd",
      "displayName": "Hvordan finner jeg og blir med i et team?",
      "description": "https://norwegianteams.blob.core.windows.net/norwegian-container/TIMA QA P19.docx",
      "createdTime": "2021-03-24T20:09:21.5452642Z",
      "updatedTime": "2021-04-06T18:46:41.9751266Z",
      "createdUserId": "ef0c8b9a-eff1-49f8-92fa-fd1d3e15e1ba",
      "updatedUserId": "ef0c8b9a-eff1-49f8-92fa-fd1d3e15e1ba"
    }
  ],
  "dialogs": [
    {
      "rootNodeId": "5bd465f0-9437-4bd4-a45e-5c8631db51b1",
      "messageNodes": [
        {
          "botMessageId": "541dbce9-95a7-46b4-918b-66d1d6b980be",
          "nodeType": "BotMessageNode",
          "id": "5bd465f0-9437-4bd4-a45e-5c8631db51b1",
          "defaultTargetNodeId": "d58df250-c581-41bc-b1ed-4f15e216903e"
        },
        {
          "botMessageId": "4622fd20-444d-4976-ae75-5ac72bdee60b",
          "nodeType": "BotMessageNode",
          "id": "d58df250-c581-41bc-b1ed-4f15e216903e",
          "defaultTargetNodeId": "8a358a9e-ffc8-41ab-a36c-e9715160095e"
        },
        {
          "botMessageId": "f4a8a46c-61b5-4c31-b0fd-34e4d349b6bb",
          "nodeType": "BotMessageNode",
          "id": "8a358a9e-ffc8-41ab-a36c-e9715160095e",
          "defaultTargetNodeId": "f95db88c-6e48-4b26-8e7c-6a07133262d1"
        },
        {
          "botMessageId": "f43267dc-6a26-4e14-8f90-3c4e89f1b6eb",
          "nodeType": "BotMessageNode",
          "id": "f95db88c-6e48-4b26-8e7c-6a07133262d1",
          "defaultTargetNodeId": "3e3981e2-a280-4e90-8186-2d87aad55ab4"
        }
      ],
      "dialogChangeNodes": [
        {
          "targetDialogId": "new_topic_89c49d37fd4c4c1c9144396960733ce1_aeabea4d071f415c8c107e1cb7af5424_assumedsuccess",
          "nodeType": "DialogChangeNode",
          "id": "3e3981e2-a280-4e90-8186-2d87aad55ab4"
        }
      ],
      "id": "new_topic_8bc5ca2cc91c4ae08add9d25e02628cd",
      "displayName": "Dialog for Hvordan finner jeg og blir med i et team?",
      "createdTime": "2021-03-24T20:09:21.5452642Z",
      "updatedTime": "2021-04-06T18:46:34.9885145Z",
      "createdUserId": "ef0c8b9a-eff1-49f8-92fa-fd1d3e15e1ba",
      "updatedUserId": "ef0c8b9a-eff1-49f8-92fa-fd1d3e15e1ba"
    }
  ],
  "botMessages": [
    {
      "channelContent": {
        "web": {
          "contentFormat": "Markdown",
          "content": "[For å bli med](https://support.microsoft.com/nb-no/office/finne-og-bli-med-i-et-team-9f284981-39a1-486d-b43d-ab2dcc4c1e0f) i et bestemt team:\n\n1.  Velg **Team** > **Bli med eller opprett et team** nederst i teamlisten.\n2.  Skriv inn et bestemt gruppenavn i søkefelt øverst til høyre, og trykk **ENTER**.\n3.  Finn teamet du leter etter, og velg **Bli med** i team."
        }
      },
      "id": "541dbce9-95a7-46b4-918b-66d1d6b980be",
      "createdTime": "2021-03-24T20:09:21.5452642Z",
      "updatedTime": "2021-03-24T20:09:21.5452642Z",
      "createdUserId": "ef0c8b9a-eff1-49f8-92fa-fd1d3e15e1ba",
      "updatedUserId": "ef0c8b9a-eff1-49f8-92fa-fd1d3e15e1ba"
    },
    {
      "channelContent": {
        "web": {
          "contentFormat": "Markdown",
          "content": "Du kan umiddelbart bli med i et offentlig team, men du må be om å bli med i et privat team og vente til eierens godkjenning før du får tilgang til privatteamet og dens kanaler."
        }
      },
      "id": "4622fd20-444d-4976-ae75-5ac72bdee60b",
      "createdTime": "2021-04-06T18:46:14.557Z",
      "updatedTime": "2021-04-06T18:46:14.557Z",
      "createdUserId": "user-0",
      "updatedUserId": "user-0"
    },
    {
      "channelContent": {
        "web": {
          "contentFormat": "Markdown",
          "content": "**Obs!:** Hvis en teameier ikke har aktivert muligheten til å finne det private teamet, vil du ikke kunne finne det via søk og må kontakte dem direkte for å be om å bli med."
        }
      },
      "id": "f4a8a46c-61b5-4c31-b0fd-34e4d349b6bb",
      "createdTime": "2021-04-06T18:46:17.471Z",
      "updatedTime": "2021-04-06T18:46:17.471Z",
      "createdUserId": "user-0",
      "updatedUserId": "user-0"
    },
    {
      "channelContent": {
        "web": {
          "contentFormat": "Markdown",
          "content": "Et annet alternativ er å gå til kommandofeltet øverst i Teams, og deretter skrive inn **/BLIMED** for å vise en liste over alle de foreslåtte teamene. Velg et team for å be om tillatelse til å bli med."
        }
      },
      "id": "f43267dc-6a26-4e14-8f90-3c4e89f1b6eb",
      "createdTime": "2021-04-06T18:46:26.797Z",
      "updatedTime": "2021-04-06T18:46:26.797Z",
      "createdUserId": "user-0",
      "updatedUserId": "user-0"
    }
  ],
  "createdUtc": "0001-01-01T00:00:00Z"
}