{
  "intents": [
    {
      "endUserOverrideName": "speciale tekens in kanaalnaam",
      "triggerQueries": [
        "/.?@&- in een naam?",
        "welke tekens kan ik gebruiken",
        "welke tekens kunnen in een teams naam",
        "@ in kanaal naam",
        "& in kanaal naam",
        "- in kanaal naam",
        "& @ in kanaal naam",
        "tekens in kanaal naam",
        "Kan ik speciale tekens gebruiken voor mijn kanaalnaam?"
      ],
      "dialogId": "new_topic_2b926a279b9148118f15557f86ec593c",
      "isTriggeringEnabled": true,
      "id": "new_topic_2b926a279b9148118f15557f86ec593c",
      "displayName": "speciale tekens in kanaalnaam",
      "description": "",
      "createdTime": "2021-03-22T19:28:32.7321336Z",
      "updatedTime": "2021-03-29T20:52:45.8450018Z",
      "createdUserId": "c1e90dc0-1df0-459d-8164-0dcb7915deaf",
      "updatedUserId": "c1e90dc0-1df0-459d-8164-0dcb7915deaf"
    }
  ],
  "dialogs": [
    {
      "rootNodeId": "756315c1-7185-4907-8168-35df742b88cc",
      "messageNodes": [
        {
          "botMessageId": "341de959-aea6-4bf3-9760-66e0e54ec18a",
          "nodeType": "BotMessageNode",
          "id": "4134bbc4-b674-43fc-8c19-2eb43c319d0e",
          "defaultTargetNodeId": "066f898f-44d4-4271-8222-9834c805e1df"
        },
        {
          "botMessageId": "b82b279a-ca18-47dd-b918-614bb458d9a5",
          "nodeType": "BotMessageNode",
          "id": "066f898f-44d4-4271-8222-9834c805e1df",
          "defaultTargetNodeId": "6b39623a-9c0f-484e-a3fc-7e00e99b1a65"
        },
        {
          "botMessageId": "20343b49-bd64-4910-9a54-19a2e700cc99",
          "nodeType": "BotMessageNode",
          "id": "756315c1-7185-4907-8168-35df742b88cc",
          "defaultTargetNodeId": "4134bbc4-b674-43fc-8c19-2eb43c319d0e"
        },
        {
          "botMessageId": "47cbc863-2394-4077-8f8b-c2e47eb4e54b",
          "nodeType": "BotMessageNode",
          "id": "6b39623a-9c0f-484e-a3fc-7e00e99b1a65",
          "defaultTargetNodeId": "63e47a36-8920-4bf4-96fe-9f60cd102091"
        }
      ],
      "dialogChangeNodes": [
        {
          "targetDialogId": "new_topic_9d295c394a47419da3b4d205b7ed4c20_aeabea4d071f415c8c107e1cb7af5424_assumedsuccess",
          "nodeType": "DialogChangeNode",
          "id": "63e47a36-8920-4bf4-96fe-9f60cd102091"
        }
      ],
      "id": "new_topic_2b926a279b9148118f15557f86ec593c",
      "displayName": "Dialog for speciale tekens in kanaalnaam",
      "createdTime": "2021-03-22T19:28:32.7321336Z",
      "updatedTime": "2021-03-29T20:53:34.910423Z",
      "createdUserId": "c1e90dc0-1df0-459d-8164-0dcb7915deaf",
      "updatedUserId": "c1e90dc0-1df0-459d-8164-0dcb7915deaf"
    }
  ],
  "botMessages": [
    {
      "channelContent": {
        "web": {
          "contentFormat": "Markdown",
          "content": "Noem het kanaal altijd eerst in letters. U kunt de naam vervolgens bewerken en pictograms toevoegen."
        }
      },
      "id": "341de959-aea6-4bf3-9760-66e0e54ec18a",
      "createdTime": "2021-03-22T19:28:32.7321336Z",
      "updatedTime": "2021-03-22T19:28:32.7321336Z",
      "createdUserId": "c1e90dc0-1df0-459d-8164-0dcb7915deaf",
      "updatedUserId": "c1e90dc0-1df0-459d-8164-0dcb7915deaf"
    },
    {
      "channelContent": {
        "web": {
          "contentFormat": "Markdown",
          "content": "Kanaalnamen mogen echter niet de volgende tekens bevatten.\n\nTekens: ~ # % & \\* {{ }} + / \\\\ : < > ? |' ' ."
        }
      },
      "id": "b82b279a-ca18-47dd-b918-614bb458d9a5",
      "createdTime": "2021-03-22T19:28:47.593Z",
      "updatedTime": "2021-03-22T19:28:47.593Z",
      "createdUserId": "user-0",
      "updatedUserId": "user-0"
    },
    {
      "channelContent": {
        "web": {
          "contentFormat": "Markdown",
          "content": "_Let op: het kan zijn dat uw organisatie regels heeft omtrent naamgeving._"
        }
      },
      "id": "20343b49-bd64-4910-9a54-19a2e700cc99",
      "createdTime": "2021-03-22T19:29:01.162Z",
      "updatedTime": "2021-03-22T19:29:01.162Z",
      "createdUserId": "user-0",
      "updatedUserId": "user-0"
    },
    {
      "channelContent": {
        "web": {
          "contentFormat": "Markdown",
          "content": "Let op: Kanaalnamen kunnen niet beginnen met een \\*\\*underscore \\_ \\*\\* of eindigen met een **punt**."
        }
      },
      "id": "47cbc863-2394-4077-8f8b-c2e47eb4e54b",
      "createdTime": "2021-03-22T19:29:40.003Z",
      "updatedTime": "2021-03-22T19:29:40.003Z",
      "createdUserId": "user-0",
      "updatedUserId": "user-0"
    }
  ],
  "createdUtc": "0001-01-01T00:00:00Z"
}