{
  "intents": [
    {
      "endUserOverrideName": "Remove someone from a group chat",
      "triggerQueries": [
        "把某人從群組移除",
        "從群組移除某人",
        "從群組踢出某人",
        "移除一個聊天中的參與者",
        "更改群組聊天的成員",
        "調整在群組中的成員",
        "從群組移除特定人物",
        "把某人踢出群組",
        "從群組聊天中移除某人",
        "我該怎麼把某人從群組聊天中移除",
        "Remove someone from a group chat?",
        "Remove a person from group chat",
        "Remove someone from a group chat?",
        "Remove a participant from a chat",
        "change members for a group chat",
        "customize who's in a chat group",
        "removing person from chat group",
        "Kick someone out of chat",
        "remove someone from chat group",
        "How do I remove someone from a group chat?"
      ],
      "dialogId": "new_topic_c537ec077483409baec6a3e96e86b21d",
      "isTriggeringEnabled": true,
      "id": "new_topic_c537ec077483409baec6a3e96e86b21d",
      "displayName": "我該怎麼從群組中移除某人",
      "description": "https://adoptbotv2kb.blob.core.windows.net/%24web/AdoptBot2021-English.docx",
      "createdTime": "2021-11-17T03:40:09.0727599Z",
      "updatedTime": "2021-11-17T03:40:29.2333293Z",
      "createdUserId": "9c968d43-f7c2-4e28-895c-1f6bcefcd8be",
      "updatedUserId": "9c968d43-f7c2-4e28-895c-1f6bcefcd8be"
    }
  ],
  "dialogs": [
    {
      "rootNodeId": "c612033c-1f94-4b85-9094-b9c088c98d9b",
      "messageNodes": [
        {
          "botMessageId": "e2a57478-0271-4c8f-bd87-888b78ad5e9e",
          "nodeType": "BotMessageNode",
          "id": "c612033c-1f94-4b85-9094-b9c088c98d9b",
          "defaultTargetNodeId": "dccf45b0-8508-465d-aa6c-cf516fd19786"
        }
      ],
      "dialogChangeNodes": [
        {
          "targetDialogId": "new_topic_e2d1671328b941dbb60fa7150059b1ee_aeabea4d071f415c8c107e1cb7af5424_assumedsuccess",
          "nodeType": "DialogChangeNode",
          "id": "dccf45b0-8508-465d-aa6c-cf516fd19786"
        }
      ],
      "id": "new_topic_c537ec077483409baec6a3e96e86b21d",
      "displayName": "Dialog for 我該怎麼從群組中移除某人",
      "createdTime": "2021-11-17T03:40:09.0727599Z",
      "updatedTime": "2021-11-17T03:40:29.2333293Z",
      "createdUserId": "9c968d43-f7c2-4e28-895c-1f6bcefcd8be",
      "updatedUserId": "9c968d43-f7c2-4e28-895c-1f6bcefcd8be"
    }
  ],
  "botMessages": [
    {
      "channelContent": {
        "web": {
          "contentFormat": "Markdown",
          "content": "您可以[自己離開群組或將其他人從群組中刪除](https://support.microsoft.com/zh-tw/office/%E5%9C%A8%E7%BE%A4%E7%B5%84%E8%81%8A%E5%A4%A9%E4%B8%AD%E4%BF%9D%E7%95%99%E6%88%96%E7%A7%BB%E9%99%A4%E4%BA%BA%E5%93%A1-7db55a67-0ba4-4409-a399-5ed502a1d094?ui=en-us&rs=en-us&ad=se)。\n\n1.  與三個或三個以上的人進行群組聊天。\n2.  點選成員數量，然後滑鼠停在要刪除的人身上。\n3.  選擇 X 並確認要從聊天中刪除參與者。"
        }
      },
      "id": "e2a57478-0271-4c8f-bd87-888b78ad5e9e",
      "createdTime": "2021-11-17T03:40:09.0727599Z",
      "updatedTime": "2021-11-17T03:40:09.0727599Z",
      "createdUserId": "9c968d43-f7c2-4e28-895c-1f6bcefcd8be",
      "updatedUserId": "9c968d43-f7c2-4e28-895c-1f6bcefcd8be"
    }
  ]
}