{
  "intents": [
    {
      "triggerQueries": [
        "Jestem przyzwyczajony do S4B",
        "Jestem przyzwyczajony do Skype",
        "Przełącz się z sfb na Teams",
        "Co jest lepsze w Teams w porównaniu do Skype",
        "Różnice Skype i Teams",
        "Różnice Skype vs Teams",
        "Przełączam się z programu Skype dla Firm?",
        "Dlaczego warto przejść na Teams?",
        "Skype dla Firm do Teams",
        "Przełączam się z programu Skype dla Firm do usługi Teams. Co muszę wiedzieć?",
        "Od Skype'a dla Firm do Teams",
        "Jestem przyzwyczajony do Skype for Business",
        "Przełączanie się z programu Skype dla firm do usługi Teams",
        "Do tej pory korzystałem z aplikacji Skype for Business, co dalej?"
      ],
      "dialogId": "new_topic_07b2d02c57614d0fb08e321100e2ee99",
      "isTriggeringEnabled": true,
      "id": "new_topic_07b2d02c57614d0fb08e321100e2ee99",
      "displayName": "Do tej pory korzystałem z aplikacji Skype for Business, co dalej?",
      "description": "",
      "createdTime": "2021-09-26T10:59:48.3101811Z",
      "updatedTime": "2021-10-21T09:22:52.295723Z",
      "createdUserId": "28fac8cb-bec7-48c9-a688-5024cf318b8a",
      "updatedUserId": "28fac8cb-bec7-48c9-a688-5024cf318b8a"
    }
  ],
  "dialogs": [
    {
      "rootNodeId": "bef16dc4-e151-4685-8693-48a5fd93867e",
      "messageNodes": [
        {
          "botMessageId": "bd74c7d1-cc78-4fcf-8d39-4a46c204a108",
          "nodeType": "BotMessageNode",
          "id": "bef16dc4-e151-4685-8693-48a5fd93867e",
          "defaultTargetNodeId": "fc15735f-9d5f-489e-a8a5-74c37a6ceded"
        },
        {
          "botMessageId": "2e5d66ef-23ae-47a1-8500-3038a00ea1db",
          "nodeType": "BotMessageNode",
          "id": "fc15735f-9d5f-489e-a8a5-74c37a6ceded",
          "defaultTargetNodeId": "d2f93a02-3e37-4438-b6cd-f658ff7010c5"
        },
        {
          "botMessageId": "5cd9495d-99f3-47df-9814-6bbfbccf8800",
          "nodeType": "BotMessageNode",
          "id": "d2f93a02-3e37-4438-b6cd-f658ff7010c5",
          "defaultTargetNodeId": "6b8fec3d-57da-49f2-a64e-dfb0ddbf924f"
        }
      ],
      "dialogChangeNodes": [
        {
          "targetDialogId": "new_topic_d4ee79ce05584b519ee7d416fda7e2a3_aeabea4d071f415c8c107e1cb7af5424_assumedsuccess",
          "nodeType": "DialogChangeNode",
          "id": "6b8fec3d-57da-49f2-a64e-dfb0ddbf924f"
        }
      ],
      "id": "new_topic_07b2d02c57614d0fb08e321100e2ee99",
      "displayName": "Dialog for Do tej pory korzystałem z aplikacji Skype for Business, co dalej?",
      "createdTime": "2021-09-26T10:59:48.3101811Z",
      "updatedTime": "2021-10-21T09:24:58.9435503Z",
      "createdUserId": "28fac8cb-bec7-48c9-a688-5024cf318b8a",
      "updatedUserId": "28fac8cb-bec7-48c9-a688-5024cf318b8a"
    }
  ],
  "botMessages": [
    {
      "channelContent": {
        "web": {
          "contentFormat": "Markdown",
          "content": "W przypadku przechodzenia z aplikacji Skype dla Firm do aplikacji Microsoft Teams znajdziesz wiele podobnych funkcji — oraz kilka nowych rzeczy, które powinny Ci się spodobać!"
        }
      },
      "id": "bd74c7d1-cc78-4fcf-8d39-4a46c204a108",
      "createdTime": "2021-09-26T10:59:48.3101811Z",
      "updatedTime": "2021-09-26T10:59:48.3101811Z",
      "createdUserId": "28fac8cb-bec7-48c9-a688-5024cf318b8a",
      "updatedUserId": "28fac8cb-bec7-48c9-a688-5024cf318b8a"
    },
    {
      "channelContent": {
        "web": {
          "contentFormat": "Markdown",
          "content": "Teams oferuje dodatkowo:\n\n*   [Zespoły i kanały](https://support.microsoft.com/pl-pl/office/zespo%c5%82y-i-kana%c5%82y-5e4fd702-85f5-48d7-ae14-98821a1f90d3?ui=pl-PL&rs=pl-PL&ad=PL) do pracy nad projektami, czaty, pliki i spotkania w jednym miejscu\n*   [Integrację z aplikacjami Office](https://support.microsoft.com/pl-pl/office/edytowanie-pliku-pakietu-office-w-us%c5%82udze-teams-257a5e88-205a-4fb5-bbf1-c78c3e64de86?ui=pl-PL&rs=pl-PL&ad=PL)\n*   [Aplikacje i boty](https://support.microsoft.com/pl-pl/office/pi%c4%99%c4%87-rzeczy-o-kt%c3%b3rych-nale%c5%bcy-wiedzie%c4%87-o-aplikacjach-w-aplikacji-microsoft-teams-747492ee-7cdd-4115-a993-8c7e7f98a3d0?ui=pl-PL&rs=pl-PL&ad=PL), pozwalające na łączenie się z innymi systemami i aplikacjami\n*   [„@Wzmianki”](https://support.microsoft.com/pl-pl/office/przyci%c4%85ganie-uwagi-za-pomoc%c4%85-wzmianek-w-aplikacji-teams-eb4f059d-320e-454e-b111-03361d4d6855?ui=pl-PL&rs=pl-PL&ad=PL) pozwalające na zwrócenie uwagi konkretnych użytkowników"
        }
      },
      "id": "2e5d66ef-23ae-47a1-8500-3038a00ea1db",
      "createdTime": "2021-10-21T09:23:45.236Z",
      "updatedTime": "2021-10-21T09:23:45.236Z",
      "createdUserId": "user-0",
      "updatedUserId": "user-0"
    },
    {
      "channelContent": {
        "web": {
          "contentFormat": "Markdown",
          "content": "Więcej informacji dotyczących przechodzenia ze Skype for Business do Teams, dostępnych jest w [tym artykule.](https://support.microsoft.com/pl-pl/office/prze%c5%82%c4%85czanie-do-aplikacji-teams-z-aplikacji-skype-dla-firm-6295a0ae-4e8e-4bba-a100-64cc951cc964?ui=pl-PL&rs=pl-PL&ad=PL)"
        }
      },
      "id": "5cd9495d-99f3-47df-9814-6bbfbccf8800",
      "createdTime": "2021-10-21T09:24:51.762Z",
      "updatedTime": "2021-10-21T09:24:51.762Z",
      "createdUserId": "user-0",
      "updatedUserId": "user-0"
    }
  ]
}