{
  "intents": [
    {
      "triggerQueries": [
        "전화 회의 통화 최대 길이 오디오 컨퍼런스 회의",
        "원격 회의 미팅 모임 Meeting 최대 길이 기간",
        "컨퍼런스 콜 전화 얼마나 오래 이야기",
        "컨퍼런스 콜 전화 얼마나 오래 지속",
        "컨퍼런스 콜 전화 Meeting 모임 미팅 회의 최대 기간",
        "오디오 회의 모임의 최대 길이는 얼마나 됩니까?"
      ],
      "dialogId": "new_topic_c33faca5c3b1448a8471e933db794e0f",
      "isTriggeringEnabled": true,
      "id": "new_topic_c33faca5c3b1448a8471e933db794e0f",
      "displayName": "오디오 회의 모임의 최대 길이는 얼마나 됩니까?",
      "description": "https://adoptbotv2kb.blob.core.windows.net/%24web/adoptbot2021-Korean.docx",
      "createdTime": "2021-03-18T03:39:18.7456548Z",
      "updatedTime": "2021-04-08T06:22:28.7744812Z",
      "createdUserId": "e47109d8-0300-4e59-a90d-56bb29886c9e",
      "updatedUserId": "e47109d8-0300-4e59-a90d-56bb29886c9e"
    }
  ],
  "dialogs": [
    {
      "rootNodeId": "7a970033-1a69-4013-a935-6fee3704dad8",
      "messageNodes": [
        {
          "botMessageId": "bdf79802-f7c3-452f-a808-8354d245da1d",
          "nodeType": "BotMessageNode",
          "id": "7a970033-1a69-4013-a935-6fee3704dad8",
          "defaultTargetNodeId": "0e39edf5-6773-4ae9-828d-cb90dc4bfdbd"
        }
      ],
      "dialogChangeNodes": [
        {
          "targetDialogId": "new_topic_2bf23930c1d146129dfe38bacb94ccd0_aeabea4d071f415c8c107e1cb7af5424_assumedsuccess",
          "nodeType": "DialogChangeNode",
          "id": "0e39edf5-6773-4ae9-828d-cb90dc4bfdbd"
        }
      ],
      "id": "new_topic_c33faca5c3b1448a8471e933db794e0f",
      "displayName": "Dialog for 오디오 회의 모임의 최대 길이는 얼마나 됩니까?",
      "createdTime": "2021-03-18T03:39:18.7456548Z",
      "updatedTime": "2021-03-18T03:39:18.7456548Z",
      "createdUserId": "e47109d8-0300-4e59-a90d-56bb29886c9e",
      "updatedUserId": "e47109d8-0300-4e59-a90d-56bb29886c9e"
    }
  ],
  "botMessages": [
    {
      "channelContent": {
        "web": {
          "contentFormat": "Markdown",
          "content": "모임은 24시간 후에 끝납니다."
        }
      },
      "id": "bdf79802-f7c3-452f-a808-8354d245da1d",
      "createdTime": "2021-03-18T03:39:18.7456548Z",
      "updatedTime": "2021-03-18T03:39:18.7456548Z",
      "createdUserId": "e47109d8-0300-4e59-a90d-56bb29886c9e",
      "updatedUserId": "e47109d8-0300-4e59-a90d-56bb29886c9e"
    }
  ],
  "createdUtc": "0001-01-01T00:00:00Z"
}