{
  "intents": [
    {
      "endUserOverrideName": "在頻道之間移動文件？",
      "triggerQueries": [
        "在頻道之間移動文件？",
        "在團隊中移動文件",
        "如何在 Teams 的頻道之間移動文件？",
        "在頻道之間移動文件？",
        "將一個文件從一個團隊移動到另一個團隊？",
        "在團隊之間移動文件",
        "從頻道移動文件",
        "我的文件最終出錯了，我該如何移動它？",
        "跨文件移動到 Teams 中的另一個位置？",
        "在不同頻道之間移動文件？",
        "我如何將文件從一個頻道移到另一個頻道？",
        "我如何在 Teams 的頻道之間移動文件？",
        "Move files between channels?",
        "move a file in teams",
        "How to move files between channels in Teams?",
        "Moving files between channels?",
        "Move one file from one team to another?",
        "Move files between your team",
        "Move a file from a channel",
        "My file ended up wrong, how can I move it?",
        "Move across a file to another location in Teams?",
        "Move documents between different channels?",
        "How do I move documents from one channel to another?",
        "How do I move files between channels in Teams?"
      ],
      "dialogId": "new_topic_d29849915d604fb9b1fa71939050491d",
      "isTriggeringEnabled": true,
      "id": "new_topic_d29849915d604fb9b1fa71939050491d",
      "displayName": "我如何在 Teams 的頻道之間移動文件？",
      "description": "https://adoptbotv2kb.blob.core.windows.net/%24web/AdoptBot2021-English.docx",
      "createdTime": "2021-11-17T03:46:25.7473366Z",
      "updatedTime": "2021-11-17T03:46:58.2250517Z",
      "createdUserId": "9c968d43-f7c2-4e28-895c-1f6bcefcd8be",
      "updatedUserId": "9c968d43-f7c2-4e28-895c-1f6bcefcd8be"
    }
  ],
  "dialogs": [
    {
      "rootNodeId": "14de8002-af3f-47ac-83bf-af7a36bd61e5",
      "messageNodes": [
        {
          "botMessageId": "dda0d65e-180b-475f-b083-86d572b852c3",
          "nodeType": "BotMessageNode",
          "id": "14de8002-af3f-47ac-83bf-af7a36bd61e5",
          "defaultTargetNodeId": "f27b1758-f338-4092-9e8e-5ff119139de7"
        }
      ],
      "dialogChangeNodes": [
        {
          "targetDialogId": "new_topic_e2d1671328b941dbb60fa7150059b1ee_aeabea4d071f415c8c107e1cb7af5424_assumedsuccess",
          "nodeType": "DialogChangeNode",
          "id": "f27b1758-f338-4092-9e8e-5ff119139de7"
        }
      ],
      "id": "new_topic_d29849915d604fb9b1fa71939050491d",
      "displayName": "Dialog for 我如何在 Teams 的頻道之間移動文件？",
      "createdTime": "2021-11-17T03:46:25.7473366Z",
      "updatedTime": "2021-11-17T03:46:58.2250517Z",
      "createdUserId": "9c968d43-f7c2-4e28-895c-1f6bcefcd8be",
      "updatedUserId": "9c968d43-f7c2-4e28-895c-1f6bcefcd8be"
    }
  ],
  "botMessages": [
    {
      "channelContent": {
        "web": {
          "contentFormat": "Markdown",
          "content": "您可以通過相應頻道中的「檔案」選項移動文件。\n\n如果您需要[在 Teams 中移動或複製文件](https://support.office.com/zh-tw/article/move-or-copy-files-in-teams-f83ed547-359b-4fc8-bf5a-60467f53dd60)的**步驟指南**，請查看此內容"
        }
      },
      "id": "dda0d65e-180b-475f-b083-86d572b852c3",
      "createdTime": "2021-11-17T03:46:25.7473366Z",
      "updatedTime": "2021-11-17T03:46:25.7473366Z",
      "createdUserId": "9c968d43-f7c2-4e28-895c-1f6bcefcd8be",
      "updatedUserId": "9c968d43-f7c2-4e28-895c-1f6bcefcd8be"
    }
  ]
}