{
  "intents": [
    {
      "endUserOverrideName": "Anzahl Meeting Teilnehmer",
      "triggerQueries": [
        "Anzahl Meeting Teilnehmer",
        "Maximale Anzahl von Personen in einem Meeting?",
        "Wie viele können an einer Meeting teilnehmen?",
        "Können wir große Meetings in Teams abhalten?",
        "Wieviele Teilnehmer können an einem Meeting teilnehmen?",
        "Wie hoch ist die Anzahl der Teilnehmer an einer Besprechung?",
        "Können wir große Besprechungen in Teams abhalten?",
        "Wie viele können wir in einer regelmäßigen Besprechung sein?",
        "Wie viele Personen passen in eine Besprechung?",
        "Wie viele Besprechungsteilnehmer sind das Maximum?",
        "Maximale Anzahl in einer Besprechung?",
        "Wie viele können wir in einem Team sein?",
        "Wie viele können an derselben Besprechung teilnehmen?",
        "Maximale Anzahl der Besprechungsteilnehmer?",
        "Wie hoch ist die Anzahl der Teilnehmer an Besprechungen?",
        "Max. Anzahl der Teilnehmer an einer Besprechung",
        "Wie viele können an einer Besprechung teilnehmen?",
        "Wie viele können an normalen Besprechungen teilnehmen?",
        "Maximale Anzahl von Personen in einer Besprechung?"
      ],
      "dialogId": "new_topic_b79a40dbea6242bb9a990554ac7c0b26",
      "isTriggeringEnabled": true,
      "id": "new_topic_b79a40dbea6242bb9a990554ac7c0b26",
      "displayName": "Wieviele Teilnehmer können an einer Besprechung teilnehmen?",
      "description": "",
      "createdTime": "2021-04-15T11:22:34.1333902Z",
      "updatedTime": "2023-11-15T16:46:51.4287402Z",
      "createdUserId": "d4c65e50-fb5c-4311-830a-05b59a11dd48",
      "updatedUserId": "c8d29cfd-efef-47c1-8e02-210c8be30c37"
    }
  ],
  "dialogs": [
    {
      "rootNodeId": "f9207fc7-c2b8-41a4-9532-0c2caeb0d26d",
      "messageNodes": [
        {
          "botMessageId": "c898bac5-ae75-40e9-8a0c-c244d0716e74",
          "nodeType": "BotMessageNode",
          "id": "f9207fc7-c2b8-41a4-9532-0c2caeb0d26d",
          "defaultTargetNodeId": "84889c32-5470-4d0b-807f-94d7def262e8"
        },
        {
          "botMessageId": "e625672c-190f-4465-87a0-ba2f0ae6bfcc",
          "nodeType": "BotMessageNode",
          "id": "84889c32-5470-4d0b-807f-94d7def262e8",
          "defaultTargetNodeId": "a6970e12-23ab-4473-a2da-3c6839c5506a"
        }
      ],
      "dialogChangeNodes": [
        {
          "targetDialogId": "new_topic_30867099f4b543d3b8543a85c22c3418_aeabea4d071f415c8c107e1cb7af5424_assumedsuccess",
          "nodeType": "DialogChangeNode",
          "id": "a6970e12-23ab-4473-a2da-3c6839c5506a"
        }
      ],
      "id": "new_topic_b79a40dbea6242bb9a990554ac7c0b26",
      "displayName": "Dialog for Wieviele Teilnehmer können an einer Besprechung teilnehmen?",
      "createdTime": "2021-04-15T11:22:34.1333902Z",
      "updatedTime": "2023-11-15T16:46:51.4287398Z",
      "createdUserId": "d4c65e50-fb5c-4311-830a-05b59a11dd48",
      "updatedUserId": "c8d29cfd-efef-47c1-8e02-210c8be30c37"
    }
  ],
  "botMessages": [
    {
      "channelContent": {
        "web": {
          "contentFormat": "Markdown",
          "content": "[Die maximale Anzahl von Personen in einem regulären Teams-Meeting](https://docs.microsoft.com/de-de/microsoftteams/limits-specifications-teams) beträgt derzeit 1000 (Anfang 2024).\n\n_Klicken Sie auf den Link um die neuesten Informationen zu erfahren. Das Limit wurde möglicherweise erhöht._"
        }
      },
      "id": "c898bac5-ae75-40e9-8a0c-c244d0716e74",
      "createdTime": "2021-04-15T11:22:34.1333902Z",
      "updatedTime": "2021-04-15T11:22:34.1333902Z",
      "createdUserId": "d4c65e50-fb5c-4311-830a-05b59a11dd48",
      "updatedUserId": "d4c65e50-fb5c-4311-830a-05b59a11dd48"
    },
    {
      "channelContent": {
        "web": {
          "contentFormat": "Markdown",
          "content": "Mehr als 1000 Teilnehmer? Schauen Sie sich Live-Veranstaltungen (Town Halls) an, [klicken Sie auf den Link](https://support.microsoft.com/de-de/office/erste-schritte-mit-dem-rathaus-in-microsoft-teams-33baf0c6-0283-4c15-9617-3013e8d4804f)"
        }
      },
      "id": "e625672c-190f-4465-87a0-ba2f0ae6bfcc",
      "createdTime": "2023-11-15T16:39:35.098Z",
      "updatedTime": "2023-11-15T16:39:35.098Z",
      "createdUserId": "user-0",
      "updatedUserId": "user-0"
    }
  ]
}