{
  "intents": [
    {
      "triggerQueries": [
        "초보자 간단한 Meeting 미팅 회의 모임 팁",
        "원격 Meeting 미팅 회의 모임 개최",
        "디지털 Meeting 미팅 모임 회의 고려 사항",
        "더 나은 Meeting 미팅 모임 회의 지침 팁",
        "Team 팀 더 좋은 Meeting 미팅 모임 회의 Tip",
        "더 나은 Teams 팀즈 팀 Meeting 미팅 모임 팁 Tip",
        "Teams 미팅에 대한 팁이 있습니까?"
      ],
      "dialogId": "new_topic_c7ae3cfff0784ae197e695270fc92411",
      "isTriggeringEnabled": true,
      "id": "new_topic_c7ae3cfff0784ae197e695270fc92411",
      "displayName": "Teams 미팅에 대한 팁이 있습니까?",
      "description": "https://adoptbotv2kb.blob.core.windows.net/%24web/adoptbot2021-Korean.docx",
      "createdTime": "2021-03-18T03:39:18.7456548Z",
      "updatedTime": "2021-04-08T06:13:48.9672884Z",
      "createdUserId": "e47109d8-0300-4e59-a90d-56bb29886c9e",
      "updatedUserId": "e47109d8-0300-4e59-a90d-56bb29886c9e"
    }
  ],
  "dialogs": [
    {
      "rootNodeId": "55e7b1d9-bf50-43de-8f83-d301749202c5",
      "messageNodes": [
        {
          "botMessageId": "b8eeaca9-f0f3-415a-b497-8c3fd9d71af2",
          "nodeType": "BotMessageNode",
          "id": "55e7b1d9-bf50-43de-8f83-d301749202c5",
          "defaultTargetNodeId": "80548eb8-2f40-47c5-a9a7-08c7c9273948"
        }
      ],
      "dialogChangeNodes": [
        {
          "targetDialogId": "new_topic_2bf23930c1d146129dfe38bacb94ccd0_aeabea4d071f415c8c107e1cb7af5424_assumedsuccess",
          "nodeType": "DialogChangeNode",
          "id": "80548eb8-2f40-47c5-a9a7-08c7c9273948"
        }
      ],
      "id": "new_topic_c7ae3cfff0784ae197e695270fc92411",
      "displayName": "Dialog for Teams 미팅에 대한 팁이 있습니까?",
      "createdTime": "2021-03-18T03:39:18.7456548Z",
      "updatedTime": "2021-03-18T03:39:18.7456548Z",
      "createdUserId": "e47109d8-0300-4e59-a90d-56bb29886c9e",
      "updatedUserId": "e47109d8-0300-4e59-a90d-56bb29886c9e"
    }
  ],
  "botMessages": [
    {
      "channelContent": {
        "web": {
          "contentFormat": "Markdown",
          "content": "[Microsoft Teams와의 더 나은 회의를 위한 몇 가지 간단한 팁(자막포함)](https://support.microsoft.com/ko-kr/office/tips-f%C3%B6r-b%C3%A4ttre-m%C3%B6ten-80640ac4-b009-42ea-abcb-660e729e63e5) 이 있습니다."
        }
      },
      "id": "b8eeaca9-f0f3-415a-b497-8c3fd9d71af2",
      "createdTime": "2021-03-18T03:39:18.7456548Z",
      "updatedTime": "2021-03-18T03:39:18.7456548Z",
      "createdUserId": "e47109d8-0300-4e59-a90d-56bb29886c9e",
      "updatedUserId": "e47109d8-0300-4e59-a90d-56bb29886c9e"
    }
  ],
  "createdUtc": "0001-01-01T00:00:00Z"
}