{
  "intents": [
    {
      "endUserOverrideName": "Supprimer les équipes inactives",
      "triggerQueries": [
        "supprimer automatiquement les équipes inactives",
        "nettoyage automatique des équipes inutilisées?",
        "Une équipe peut-elle être automatiquement supprimée lorsqu’elle est inactive pendant un certain nombre de jours ou de mois ?",
        "Les équipes inactives peuvent être automatiquement supprimées après un certain nombre de jours ou de mois",
        "Nettoyer les équipes inactives",
        "supprimer automatiquement les anciennes équipes",
        "suppression d’équipes inactives",
        "nettoyer les équipes inutilisées",
        "Supprimer les équipes qui ne sont plus utilisées?",
        "Supprimer les équipes inactives après un certain temps",
        "date de péremption pour les équipes non utilisées",
        "Je fais partie de trop d’équipes qui ne sont pas utilisées",
        "trop d’équipes inutilisées",
        "Supprimer automatiquement toutes les anciennes équipes?",
        "supprimer automatiquement les équipes inactives?",
        "Les équipes inactives peuvent-elles être automatiquement supprimées après un certain nombre de jours ou de mois ?"
      ],
      "dialogId": "new_topic_4b806a5a36ea48c3a2b7a11ce53b77a3",
      "isTriggeringEnabled": true,
      "id": "new_topic_4b806a5a36ea48c3a2b7a11ce53b77a3",
      "displayName": "Les équipes Teams inactives peuvent-elles être automatiquement supprimées après un certain nombre de jours ou de mois ?",
      "description": "",
      "createdTime": "2021-01-13T22:20:51.2381463Z",
      "updatedTime": "2021-05-24T22:45:02.5934141Z",
      "createdUserId": "f04d3cd9-b73d-4ba9-a1ed-9319eba29b21",
      "updatedUserId": "a2c4aa2c-d830-41eb-bcf4-467a2c7e1279"
    }
  ],
  "dialogs": [
    {
      "rootNodeId": "3931b1c6-21ae-4227-965b-cb05463350fd",
      "messageNodes": [
        {
          "botMessageId": "12eaf92d-84f9-48b1-96ca-f9c3b8c26cb9",
          "nodeType": "BotMessageNode",
          "id": "3931b1c6-21ae-4227-965b-cb05463350fd",
          "defaultTargetNodeId": "7661158f-4495-4ff6-8d50-b128cc81b87f"
        },
        {
          "botMessageId": "be1610b4-e692-42b7-8007-5b2c0b971799",
          "nodeType": "BotMessageNode",
          "id": "7661158f-4495-4ff6-8d50-b128cc81b87f",
          "defaultTargetNodeId": "dcb2b9fe-6422-41eb-9b86-b2b02ff70d2b"
        }
      ],
      "dialogChangeNodes": [
        {
          "targetDialogId": "new_topic_eac3f49c99664313a9d9dc19d80a79a2_aeabea4d071f415c8c107e1cb7af5424_assumedsuccess",
          "nodeType": "DialogChangeNode",
          "id": "dcb2b9fe-6422-41eb-9b86-b2b02ff70d2b"
        }
      ],
      "id": "new_topic_4b806a5a36ea48c3a2b7a11ce53b77a3",
      "displayName": "Dialog for Can inactive teams be automatically deleted after a certain number of days or months?",
      "createdTime": "2021-01-13T22:20:51.2381463Z",
      "updatedTime": "2021-05-21T07:40:19.7780877Z",
      "createdUserId": "f04d3cd9-b73d-4ba9-a1ed-9319eba29b21",
      "updatedUserId": "137976d8-62f4-4f81-b357-122fb8bb440c"
    }
  ],
  "botMessages": [
    {
      "channelContent": {
        "web": {
          "contentFormat": "Markdown",
          "content": "La suppression automatique des équipes inactives peut être gérée à l’aide de la stratégie d’expiration des équipes. C’est une façon de supprimer les équipes inactives qui ne sont pas/plus en service et de libérer de l'espace!"
        }
      },
      "id": "12eaf92d-84f9-48b1-96ca-f9c3b8c26cb9",
      "createdTime": "2021-01-13T22:20:51.2381463Z",
      "updatedTime": "2021-01-13T22:20:51.2381463Z",
      "createdUserId": "f04d3cd9-b73d-4ba9-a1ed-9319eba29b21",
      "updatedUserId": "f04d3cd9-b73d-4ba9-a1ed-9319eba29b21"
    },
    {
      "channelContent": {
        "web": {
          "contentFormat": "Markdown",
          "content": "Consulter l'article sur [Expiration et renouvellement des équipes dans Microsoft Teams.](https://docs.microsoft.com/fr-fr/microsoftteams/team-expiration-renewal)"
        }
      },
      "id": "be1610b4-e692-42b7-8007-5b2c0b971799",
      "createdTime": "2021-01-26T23:40:29.241Z",
      "updatedTime": "2021-01-26T23:40:29.241Z",
      "createdUserId": "user-0",
      "updatedUserId": "user-0"
    }
  ]
}