{
  "intents": [
    {
      "triggerQueries": [
        "Maximale Dauer der Telefonkonferenzen?",
        "Wie lange können Sie in einer Telefonkonferenz sprechen?",
        "Telefonkonferenz wie lange?",
        "Wie lange kann eine Telefonkonferenz dauern?",
        "Was ist die maximale Dauer von Telefonkonferenzen?",
        "Maximale Dauer einer Telefonkonferenz (Audiokonferenzbesprechung)?"
      ],
      "dialogId": "new_topic_26ad8b03f9374a54be1ad454c166f7b7",
      "isTriggeringEnabled": true,
      "id": "new_topic_26ad8b03f9374a54be1ad454c166f7b7",
      "displayName": "Maximale Dauer einer Telefonkonferenz (Audiokonferenzbesprechung)?",
      "description": "",
      "createdTime": "2021-04-19T08:58:54.0800415Z",
      "updatedTime": "2021-04-19T08:58:54.0800415Z",
      "createdUserId": "d4c65e50-fb5c-4311-830a-05b59a11dd48"
    }
  ],
  "dialogs": [
    {
      "rootNodeId": "c8aaa55b-4c56-4417-9782-8a249267cee3",
      "messageNodes": [
        {
          "botMessageId": "226972bc-9cb5-4b1c-9ff5-6cbf0263410d",
          "nodeType": "BotMessageNode",
          "id": "c8aaa55b-4c56-4417-9782-8a249267cee3",
          "defaultTargetNodeId": "02a529fa-0c02-4ff9-825f-ca47db61131d"
        }
      ],
      "dialogChangeNodes": [
        {
          "targetDialogId": "new_topic_30867099f4b543d3b8543a85c22c3418_aeabea4d071f415c8c107e1cb7af5424_assumedsuccess",
          "nodeType": "DialogChangeNode",
          "id": "02a529fa-0c02-4ff9-825f-ca47db61131d"
        }
      ],
      "id": "new_topic_26ad8b03f9374a54be1ad454c166f7b7",
      "displayName": "Dialog for Maximale Dauer einer Telefonkonferenz (Audiokonferenzbesprechung)?",
      "createdTime": "2021-04-19T08:58:54.0800415Z",
      "updatedTime": "2021-04-19T08:59:22.03663Z",
      "createdUserId": "d4c65e50-fb5c-4311-830a-05b59a11dd48",
      "updatedUserId": "d4c65e50-fb5c-4311-830a-05b59a11dd48"
    }
  ],
  "botMessages": [
    {
      "channelContent": {
        "web": {
          "contentFormat": "Markdown",
          "content": "Ein Meeting endet nach 24 Stunden."
        }
      },
      "id": "226972bc-9cb5-4b1c-9ff5-6cbf0263410d",
      "createdTime": "2021-04-19T08:58:54.0800415Z",
      "updatedTime": "2021-04-19T08:58:54.0800415Z",
      "createdUserId": "d4c65e50-fb5c-4311-830a-05b59a11dd48",
      "updatedUserId": "d4c65e50-fb5c-4311-830a-05b59a11dd48"
    }
  ],
  "createdUtc": "0001-01-01T00:00:00Z"
}