{
  "intents": [
    {
      "intentType": "Regular",
      "endUserOverrideName": "Justera gästbehörighet",
      "triggerQueries": [
        "ändra inställningar för en gäst",
        "ändra vad gäster kan göra",
        "justera gästers behörighet",
        "Hur ändrar jag gästbehörigheter?",
        "Hur anger jag gästbehörigheter?"
      ],
      "dialogId": "new_topic_3fe52b593d024edc9e0fa4bc1d37646a",
      "isTriggeringEnabled": true,
      "id": "new_topic_3fe52b593d024edc9e0fa4bc1d37646a",
      "displayName": "Hur ändrar jag gästbehörigheter?",
      "description": "",
      "createdTime": "2020-11-24T14:37:53.8220925Z",
      "updatedTime": "2020-12-11T16:31:04.0521465Z",
      "createdUserId": "f04d3cd9-b73d-4ba9-a1ed-9319eba29b21",
      "updatedUserId": "f04d3cd9-b73d-4ba9-a1ed-9319eba29b21"
    }
  ],
  "dialogs": [
    {
      "rootNodeId": "6f8c4940-a527-4265-929a-d65eff900c86",
      "messageNodes": [
        {
          "botMessageId": "fd01d9eb-177a-4ea0-b42c-e4657ebafdd8",
          "nodeType": "BotMessageNode",
          "id": "6f8c4940-a527-4265-929a-d65eff900c86",
          "defaultTargetNodeId": "ab4262ae-bd48-465b-b6d6-6f653091e3c7"
        }
      ],
      "dialogChangeNodes": [
        {
          "targetDialogId": "new_topic_84ec227c19784e7ba25cb34f4638f91e_aeabea4d071f415c8c107e1cb7af5424_assumedsuccess",
          "nodeType": "DialogChangeNode",
          "id": "ab4262ae-bd48-465b-b6d6-6f653091e3c7"
        }
      ],
      "id": "new_topic_3fe52b593d024edc9e0fa4bc1d37646a",
      "displayName": "Dialog for Hur anger jag gästbehörigheter?",
      "createdTime": "2020-11-24T14:37:53.8220925Z",
      "updatedTime": "2020-11-24T14:37:53.8220925Z",
      "createdUserId": "f04d3cd9-b73d-4ba9-a1ed-9319eba29b21",
      "updatedUserId": "f04d3cd9-b73d-4ba9-a1ed-9319eba29b21"
    }
  ],
  "botMessages": [
    {
      "channelContent": {
        "web": {
          "contentFormat": "Markdown",
          "content": "Om du är en teamägare kan du ändra gästbehörighetsinställningarna genom att gå till teamets namn och klicka på Fler alternativ och sedan Hantera team .\r\n\r\nGå till\r\n\r\nfliken Inställningar och klicka sedan på Gästbehörigheter . För närvarande kan du ge gästerna behörighet att lägga till eller ta bort kanaler.\r\n\r\nOm du är nyfiken, här är en genomgång av\r\n\r\n[vad gästerna kan göra i Teams](https://support.microsoft.com/sv-se/office/team-owner-member-and-guest-capabilities-in-teams-d03fdf5b-1a6e-48e4-8e07-b13e1350ec7b) ."
        }
      },
      "id": "fd01d9eb-177a-4ea0-b42c-e4657ebafdd8",
      "createdTime": "2020-11-24T14:37:53.8220925Z",
      "updatedTime": "2020-11-24T14:37:53.8220925Z",
      "createdUserId": "f04d3cd9-b73d-4ba9-a1ed-9319eba29b21",
      "updatedUserId": "f04d3cd9-b73d-4ba9-a1ed-9319eba29b21"
    }
  ]
}