{
  "intents": [
    {
      "endUserOverrideName": "Gå från Skype till Teams",
      "triggerQueries": [
        "jag vill ha kvar skype for business",
        "jag vill inte byta från skype",
        "Varför byta till Teams?",
        "Skillnader skype och teams",
        "skillnader skype vs Teams",
        "Vad är bättre med teams jämfört med skype",
        "Van vid s4b",
        "Byta från sfb till teams",
        "Skype för företag till Teams",
        "Vad händer med skype?",
        "Jag är van vid skype",
        "Från skype för företag till Teams",
        "Från Skype till Teams",
        "Jag byter från Skype för företag till Teams. Vad behöver jag veta?"
      ],
      "dialogId": "new_topic_8548317936404a7f893f44bb23f2ab23",
      "isTriggeringEnabled": true,
      "id": "new_topic_8548317936404a7f893f44bb23f2ab23",
      "displayName": "Jag byter från Skype för företag till Teams. Vad behöver jag veta?",
      "description": "",
      "createdTime": "2020-11-24T14:37:53.8220925Z",
      "updatedTime": "2020-12-04T13:27:39.34134Z",
      "createdUserId": "f04d3cd9-b73d-4ba9-a1ed-9319eba29b21",
      "updatedUserId": "f04d3cd9-b73d-4ba9-a1ed-9319eba29b21"
    }
  ],
  "dialogs": [
    {
      "rootNodeId": "a33c8825-50e5-4d51-9e82-5fd87a987aab",
      "messageNodes": [
        {
          "botMessageId": "604861aa-36f8-4d6f-92d3-d97597ffdebe",
          "nodeType": "BotMessageNode",
          "id": "a33c8825-50e5-4d51-9e82-5fd87a987aab",
          "defaultTargetNodeId": "5d8e3e07-fbbc-48c2-a46a-c6e724272d3b"
        },
        {
          "botMessageId": "0b710049-a036-49fc-8861-4dbfc91487f5",
          "nodeType": "BotMessageNode",
          "id": "5d8e3e07-fbbc-48c2-a46a-c6e724272d3b",
          "defaultTargetNodeId": "e3c58eaa-e94e-454e-8c44-1870ec237d5b"
        }
      ],
      "dialogChangeNodes": [
        {
          "targetDialogId": "new_topic_84ec227c19784e7ba25cb34f4638f91e_aeabea4d071f415c8c107e1cb7af5424_assumedsuccess",
          "nodeType": "DialogChangeNode",
          "id": "e3c58eaa-e94e-454e-8c44-1870ec237d5b"
        }
      ],
      "id": "new_topic_8548317936404a7f893f44bb23f2ab23",
      "displayName": "Dialog for Jag byter från Skype för företag till Teams. Vad behöver jag veta?",
      "createdTime": "2020-11-24T14:37:53.8220925Z",
      "updatedTime": "2020-12-04T13:27:47.7234111Z",
      "createdUserId": "f04d3cd9-b73d-4ba9-a1ed-9319eba29b21",
      "updatedUserId": "f04d3cd9-b73d-4ba9-a1ed-9319eba29b21"
    }
  ],
  "botMessages": [
    {
      "channelContent": {
        "web": {
          "contentFormat": "Markdown",
          "content": "Du hittar en hel del välbekanta funktioner när du gör övergången från Skype för företag till Microsoft Teams, plus några nya saker vi hoppas du kommer gilla!\n\nTeams erbjuder även:\n\n*   [Team och kanaler för](https://support.microsoft.com/sv-se/office/learn-about-teams-and-channels-5e4fd702-85f5-48d7-ae14-98821a1f90d3) projekt, konversationer, filer och möten på ett och samma ställe.\n*   [Integrering av Office-appar](https://support.microsoft.com/sv-se/office/five-things-to-know-about-apps-in-microsoft-teams-747492ee-7cdd-4115-a993-8c7e7f98a3d0) .\n*   Anpassningsbara [appar och bots](https://support.microsoft.com/sv-se/office/five-things-to-know-about-apps-in-microsoft-teams-747492ee-7cdd-4115-a993-8c7e7f98a3d0) .\n*   @mentions att [få någons uppmärksamhet](https://support.microsoft.com/sv-se/office/use-mentions-to-get-someone-s-attention-in-teams-eb4f059d-320e-454e-b111-03361d4d6855)."
        }
      },
      "id": "604861aa-36f8-4d6f-92d3-d97597ffdebe",
      "createdTime": "2020-11-24T14:37:53.8220925Z",
      "updatedTime": "2020-11-24T14:37:53.8220925Z",
      "createdUserId": "f04d3cd9-b73d-4ba9-a1ed-9319eba29b21",
      "updatedUserId": "f04d3cd9-b73d-4ba9-a1ed-9319eba29b21"
    },
    {
      "channelContent": {
        "web": {
          "contentFormat": "Markdown",
          "content": "Om du tyckte ovan var till hjälp har vi en hel guide för att göra: \n\n[Övergången till Teams från Skype för företag](https://support.microsoft.com/sv-se/office/switch-to-teams-from-skype-for-business-6295a0ae-4e8e-4bba-a100-64cc951cc964)."
        }
      },
      "id": "0b710049-a036-49fc-8861-4dbfc91487f5",
      "createdTime": "2020-12-04T13:27:27.651Z",
      "updatedTime": "2020-12-04T13:27:27.651Z",
      "createdUserId": "user-0",
      "updatedUserId": "user-0"
    }
  ]
}