{
  "intents": [
    {
      "endUserOverrideName": "Envoyer un mail à un canal Teams",
      "triggerQueries": [
        "Comment envoyer un e-mail à un canal Teams?",
        "Comment envoyer un e-mail à destination d'un canal Teams?",
        "Envoyer un e-mail à un canal dans Teams",
        "Comment envoyer un mail à destination d'un canal Teams?",
        "Envoyer des mails vers des canaux Teams",
        "Comment envoyer un mail à un canal Teams?",
        "Puis-je transférer un mail Gmail vers Teams?",
        "Ajouter le partage vers Teams dans un intranet",
        "Ajouter le partage vers Teams sur une page web",
        "Partager du contenu web dans Teams",
        "Bouton partager dans Teams",
        "Envoyé des mails vers un canal Teams",
        "Puis-je transférer des mails vers une équipe?",
        "Transférer des mails vers un canal Teams",
        "Comment puis-je envoyer un mail vers un canal Teams?",
        "Envoyer un mail dans un canal",
        "Comment envoyer un mail à un canal Teams?"
      ],
      "dialogId": "new_topic_49012077f5eb49f08813f8668a4395fc",
      "isTriggeringEnabled": true,
      "id": "new_topic_49012077f5eb49f08813f8668a4395fc",
      "displayName": "Comment envoyer un mail à un canal Teams?",
      "description": "",
      "createdTime": "2021-01-13T22:20:51.2381463Z",
      "updatedTime": "2021-05-24T09:22:00.1822772Z",
      "createdUserId": "f04d3cd9-b73d-4ba9-a1ed-9319eba29b21",
      "updatedUserId": "a2c4aa2c-d830-41eb-bcf4-467a2c7e1279"
    }
  ],
  "dialogs": [
    {
      "rootNodeId": "48963f62-2b6a-4763-9ec6-72aeb0e886f9",
      "messageNodes": [
        {
          "botMessageId": "3143212b-6ae7-44bd-9ed6-b5145b613a18",
          "nodeType": "BotMessageNode",
          "id": "48963f62-2b6a-4763-9ec6-72aeb0e886f9",
          "defaultTargetNodeId": "ba1bbafd-9a8a-414b-9a87-90f213005721"
        },
        {
          "botMessageId": "eb127a41-eeed-4387-a924-767b7cc99af3",
          "nodeType": "BotMessageNode",
          "id": "ba1bbafd-9a8a-414b-9a87-90f213005721",
          "defaultTargetNodeId": "a5d40656-ad97-4f1d-a1cf-bb8211b74218"
        },
        {
          "botMessageId": "e5aa4865-4d3c-4a9d-9af7-d542ffef14de",
          "nodeType": "BotMessageNode",
          "id": "a5d40656-ad97-4f1d-a1cf-bb8211b74218",
          "defaultTargetNodeId": "b0ef7a89-141c-4631-840a-c96fd0e0b28a"
        },
        {
          "botMessageId": "171cc448-99fa-43cc-bffb-40c371eec1a1",
          "nodeType": "BotMessageNode",
          "id": "b0ef7a89-141c-4631-840a-c96fd0e0b28a",
          "defaultTargetNodeId": "a41ff06a-ca39-44a6-bebf-00e621737d11"
        },
        {
          "botMessageId": "f193ee66-3cb2-4463-91ae-8e81be2e3901",
          "nodeType": "BotMessageNode",
          "id": "a41ff06a-ca39-44a6-bebf-00e621737d11",
          "defaultTargetNodeId": "756aa842-095f-43a8-8cf9-1bb397d70860"
        },
        {
          "botMessageId": "c9724e5d-1a32-4637-b822-d476e9f91361",
          "nodeType": "BotMessageNode",
          "id": "756aa842-095f-43a8-8cf9-1bb397d70860",
          "defaultTargetNodeId": "de578afa-c33c-415b-a212-7037cea781ea"
        }
      ],
      "dialogChangeNodes": [
        {
          "targetDialogId": "new_topic_eac3f49c99664313a9d9dc19d80a79a2_aeabea4d071f415c8c107e1cb7af5424_assumedsuccess",
          "nodeType": "DialogChangeNode",
          "id": "de578afa-c33c-415b-a212-7037cea781ea"
        }
      ],
      "id": "new_topic_49012077f5eb49f08813f8668a4395fc",
      "displayName": "Dialog for How do I send an email to a channel in Teams?",
      "createdTime": "2021-01-13T22:20:51.2381463Z",
      "updatedTime": "2021-05-24T23:42:55.1019382Z",
      "createdUserId": "f04d3cd9-b73d-4ba9-a1ed-9319eba29b21",
      "updatedUserId": "a2c4aa2c-d830-41eb-bcf4-467a2c7e1279"
    }
  ],
  "botMessages": [
    {
      "channelContent": {
        "web": {
          "contentFormat": "Markdown",
          "content": "**Voici la meilleure façon de faire:**\n\nCliquer sur le bouton \"**Partager dans Teams**\" directement depuis un mail dans **Outlook**."
        }
      },
      "id": "3143212b-6ae7-44bd-9ed6-b5145b613a18",
      "createdTime": "2021-01-13T22:20:51.2381463Z",
      "updatedTime": "2021-01-13T22:20:51.2381463Z",
      "createdUserId": "f04d3cd9-b73d-4ba9-a1ed-9319eba29b21",
      "updatedUserId": "f04d3cd9-b73d-4ba9-a1ed-9319eba29b21"
    },
    {
      "channelContent": {
        "web": {
          "contentFormat": "Markdown",
          "content": "**Si vous n'avez pas ce bouton:**\n\nUne adresse mail est associée à chaque canal, voir: [Envoyer un e-mail à un canal dans Teams](https://support.microsoft.com/fr-fr/office/envoyer-un-e-mail-%c3%a0-un-canal-dans-teams-d91db004-d9d7-4a47-82e6-fb1b16dfd51e?ui=fr-FR&rs=fr-FR&ad=FR)"
        }
      },
      "id": "eb127a41-eeed-4387-a924-767b7cc99af3",
      "createdTime": "2021-01-27T07:56:24.535Z",
      "updatedTime": "2021-01-27T07:56:24.535Z",
      "createdUserId": "user-0",
      "updatedUserId": "user-0"
    },
    {
      "channelContent": {
        "web": {
          "contentFormat": "Markdown",
          "content": "Pour se faire :\n\n*   Trouver le canal dans lequel vous souhaitez envoyer le mail et cliquer sur son nom.\n*   Sélectionner Plus d'options (**...**) et choisir **Obtenir l'adresse e-mail** puis faire copier.\n*   **Dans Outlook**, transférer votre mail vers l'adresse du canal que vous venez de copier."
        }
      },
      "id": "e5aa4865-4d3c-4a9d-9af7-d542ffef14de",
      "createdTime": "2021-01-27T07:57:11.301Z",
      "updatedTime": "2021-01-27T07:57:11.301Z",
      "createdUserId": "user-0",
      "updatedUserId": "user-0"
    },
    {
      "channelContent": {
        "web": {
          "contentFormat": "Markdown",
          "content": "Le mail apparaîtra dans le canal de destination. Les pièces jointes sont extraites et sauvegardées dans l'espace \"Fichiers\" du canal."
        }
      },
      "id": "171cc448-99fa-43cc-bffb-40c371eec1a1",
      "createdTime": "2021-01-27T07:57:22.789Z",
      "updatedTime": "2021-01-27T07:57:22.789Z",
      "createdUserId": "user-0",
      "updatedUserId": "user-0"
    },
    {
      "channelContent": {
        "web": {
          "contentFormat": "Markdown",
          "content": "**💡 Conseil:**\n\nEnregistrez les adresses mail de vos canaux dans Outlook pour transférer vos mails plus rapidement dans le futur."
        }
      },
      "id": "f193ee66-3cb2-4463-91ae-8e81be2e3901",
      "createdTime": "2021-01-27T07:57:40.679Z",
      "updatedTime": "2021-01-27T07:57:40.679Z",
      "createdUserId": "user-0",
      "updatedUserId": "user-0"
    },
    {
      "channelContent": {
        "web": {
          "contentFormat": "Markdown",
          "content": "**💡** **Conseil pour les développeurs:**  \n[Incorporer un bouton Partager dans Teams sur votre site web en quelques étapes simples](https://developer.microsoft.com/fr-fr/microsoft-teams/share-to-teams)"
        }
      },
      "id": "c9724e5d-1a32-4637-b822-d476e9f91361",
      "createdTime": "2021-01-27T08:06:35.943Z",
      "updatedTime": "2021-01-27T08:06:35.943Z",
      "createdUserId": "user-0",
      "updatedUserId": "user-0"
    }
  ],
  "createdUtc": "0001-01-01T00:00:00Z"
}