{
  "intents": [
    {
      "endUserOverrideName": "Planner in Teams?",
      "triggerQueries": [
        "Mindmeister",
        "Trello",
        "Kan planner in Teams gebruikt worden?",
        "is er een handige tool voor projecten",
        "project management tool",
        "planner toevoegen aan teams",
        "teams en planner",
        "planner in teams",
        "kan ik planner gebruiken in teams",
        "projectmanagement in Teams"
      ],
      "dialogId": "new_topic_bf28dc87bd3a4b4280423ec3ce8695d4",
      "isTriggeringEnabled": true,
      "id": "new_topic_bf28dc87bd3a4b4280423ec3ce8695d4",
      "displayName": "Kan ik planner gebruiken in Teams?",
      "description": "",
      "createdTime": "2021-03-17T14:17:39.8000199Z",
      "updatedTime": "2021-03-29T22:56:36.3554061Z",
      "createdUserId": "c1e90dc0-1df0-459d-8164-0dcb7915deaf",
      "updatedUserId": "c1e90dc0-1df0-459d-8164-0dcb7915deaf"
    }
  ],
  "dialogs": [
    {
      "rootNodeId": "222a2635-1a00-4334-a666-e924a9781923",
      "messageNodes": [
        {
          "botMessageId": "1bf970b9-1d29-4832-8c03-9919a46bab9a",
          "nodeType": "BotMessageNode",
          "id": "222a2635-1a00-4334-a666-e924a9781923",
          "defaultTargetNodeId": "d78127f8-edae-474d-bd90-8b4c50936089"
        },
        {
          "botMessageId": "94223418-f5be-49fe-a637-cbfae066aae5",
          "nodeType": "BotMessageNode",
          "id": "d78127f8-edae-474d-bd90-8b4c50936089",
          "defaultTargetNodeId": "5b1c5b48-d8c2-4348-b426-50c1cf5b3d6f"
        },
        {
          "botMessageId": "afaceb10-e6b3-4427-bb58-44bdcbed8e69",
          "nodeType": "BotMessageNode",
          "id": "5b1c5b48-d8c2-4348-b426-50c1cf5b3d6f",
          "defaultTargetNodeId": "da6f9de2-df08-42af-a01e-f46ebe8d906e"
        },
        {
          "botMessageId": "338cf07b-f657-4385-9589-a122233fa14c",
          "nodeType": "BotMessageNode",
          "id": "da6f9de2-df08-42af-a01e-f46ebe8d906e",
          "defaultTargetNodeId": "172e2ead-1eb4-4d1c-b07c-13a4c4cc6999"
        },
        {
          "botMessageId": "94061443-f1a5-49ec-8759-921f666fa737",
          "nodeType": "BotMessageNode",
          "id": "172e2ead-1eb4-4d1c-b07c-13a4c4cc6999",
          "defaultTargetNodeId": "4ca52345-54f5-4dba-b832-af837c0b8f27"
        }
      ],
      "dialogChangeNodes": [
        {
          "targetDialogId": "new_topic_9d295c394a47419da3b4d205b7ed4c20_aeabea4d071f415c8c107e1cb7af5424_assumedsuccess",
          "nodeType": "DialogChangeNode",
          "id": "4ca52345-54f5-4dba-b832-af837c0b8f27"
        }
      ],
      "id": "new_topic_bf28dc87bd3a4b4280423ec3ce8695d4",
      "displayName": "Dialog for Kan ik planner gebruiken in Teams?",
      "createdTime": "2021-03-17T14:17:39.8000199Z",
      "updatedTime": "2021-03-17T14:20:25.6845736Z",
      "createdUserId": "c1e90dc0-1df0-459d-8164-0dcb7915deaf",
      "updatedUserId": "c1e90dc0-1df0-459d-8164-0dcb7915deaf"
    }
  ],
  "botMessages": [
    {
      "channelContent": {
        "web": {
          "contentFormat": "Markdown",
          "content": "Of planner in Teams beschikbaar is, is afhankelijk van uw organisatie. Ga na bij IT als het onderstaande niet werkt."
        }
      },
      "id": "1bf970b9-1d29-4832-8c03-9919a46bab9a",
      "createdTime": "2021-03-17T14:17:39.8000199Z",
      "updatedTime": "2021-03-17T14:17:39.8000199Z",
      "createdUserId": "c1e90dc0-1df0-459d-8164-0dcb7915deaf",
      "updatedUserId": "c1e90dc0-1df0-459d-8164-0dcb7915deaf"
    },
    {
      "channelContent": {
        "web": {
          "contentFormat": "Markdown",
          "content": "Voeg een tabblad **Planner** toe aan Teams. Klik op **Een tabblad toevoegen** (+) naast uw tabbladen boven aan een kanaal. Selecteer **Planner** en voer een van de volgendehandelingen uit:"
        }
      },
      "id": "94223418-f5be-49fe-a637-cbfae066aae5",
      "createdTime": "2021-03-17T14:18:31.522Z",
      "updatedTime": "2021-03-17T14:18:31.522Z",
      "createdUserId": "user-0",
      "updatedUserId": "user-0"
    },
    {
      "channelContent": {
        "web": {
          "contentFormat": "Markdown",
          "content": "*   Klik **op Een nieuw plan maken** en typ een naam voor het nieuwe Planner-bord.\n*   Klik **op Een bestaand abonnement gebruiken** en selecteer een bestaand Planner-bord in het menu."
        }
      },
      "id": "afaceb10-e6b3-4427-bb58-44bdcbed8e69",
      "createdTime": "2021-03-17T14:19:16.765Z",
      "updatedTime": "2021-03-17T14:19:16.765Z",
      "createdUserId": "user-0",
      "updatedUserId": "user-0"
    },
    {
      "channelContent": {
        "web": {
          "contentFormat": "Markdown",
          "content": "Zie [Microsoft Teams: Planner gebruiken om georganiseerd te blijven](https://support.microsoft.com/nl-nl/office/anv%C3%A4nda-planner-i-microsoft-teams-62798a9f-e8f7-4722-a700-27dd28a06ee0)"
        }
      },
      "id": "338cf07b-f657-4385-9589-a122233fa14c",
      "createdTime": "2021-03-17T14:19:26.628Z",
      "updatedTime": "2021-03-17T14:19:26.628Z",
      "createdUserId": "user-0",
      "updatedUserId": "user-0"
    },
    {
      "channelContent": {
        "web": {
          "contentFormat": "Markdown",
          "content": "Het is ook mogelijk om andere project management tools te integreren met Teams. Vraag naar de mogelijkheden bij uw IT organisatie"
        }
      },
      "id": "94061443-f1a5-49ec-8759-921f666fa737",
      "createdTime": "2021-03-17T14:19:55.9Z",
      "updatedTime": "2021-03-17T14:19:55.9Z",
      "createdUserId": "user-0",
      "updatedUserId": "user-0"
    }
  ],
  "createdUtc": "0001-01-01T00:00:00Z"
}