{
  "intents": [
    {
      "intentType": "Regular",
      "endUserOverrideName": "Anslut till möte",
      "triggerQueries": [
        "ansluta till avslutat möte?",
        "ansluta till mötet inna det börjar?",
        "När kan man ansluta till mötet?",
        "Kan jag ansluta till ett Teams-möte innan eller efter det har startat?",
        "Vilka är stegen för att ansluta till ett Teams-möte?",
        "gå med i ett möte",
        "hur går jag med i ett möte",
        "joina möte",
        "anslut till möte",
        "Hur ansluter jag till ett möte i Teams?"
      ],
      "dialogId": "new_topic_096953af59bf4ca6a9c2c55386c8a62b",
      "isTriggeringEnabled": true,
      "id": "new_topic_096953af59bf4ca6a9c2c55386c8a62b",
      "displayName": "Hur ansluter jag till ett möte i Teams?",
      "description": "",
      "createdTime": "2020-11-24T14:37:53.8220925Z",
      "updatedTime": "2020-12-08T14:15:36.6940318Z",
      "createdUserId": "f04d3cd9-b73d-4ba9-a1ed-9319eba29b21",
      "updatedUserId": "f04d3cd9-b73d-4ba9-a1ed-9319eba29b21"
    }
  ],
  "dialogs": [
    {
      "rootNodeId": "587643f6-5d30-444b-87a0-3166b285a415",
      "messageNodes": [
        {
          "botMessageId": "3cc6edba-67d4-4570-a935-648e3b0fa585",
          "nodeType": "BotMessageNode",
          "id": "587643f6-5d30-444b-87a0-3166b285a415",
          "defaultTargetNodeId": "b76b7a64-9468-4af6-a68f-381cebed2d5a"
        },
        {
          "botMessageId": "15dc8b85-9b0d-4651-a72f-095406bb0961",
          "nodeType": "BotMessageNode",
          "id": "b76b7a64-9468-4af6-a68f-381cebed2d5a",
          "defaultTargetNodeId": "c5de90da-ae55-4a52-b0ec-673c97364ebc"
        }
      ],
      "dialogChangeNodes": [
        {
          "targetDialogId": "new_topic_84ec227c19784e7ba25cb34f4638f91e_aeabea4d071f415c8c107e1cb7af5424_assumedsuccess",
          "nodeType": "DialogChangeNode",
          "id": "c5de90da-ae55-4a52-b0ec-673c97364ebc"
        }
      ],
      "id": "new_topic_096953af59bf4ca6a9c2c55386c8a62b",
      "displayName": "Dialog for Hur ansluter jag till ett möte i Teams?",
      "createdTime": "2020-11-24T14:37:53.8220925Z",
      "updatedTime": "2020-12-08T14:19:57.3153022Z",
      "createdUserId": "f04d3cd9-b73d-4ba9-a1ed-9319eba29b21",
      "updatedUserId": "f04d3cd9-b73d-4ba9-a1ed-9319eba29b21"
    }
  ],
  "botMessages": [
    {
      "channelContent": {
        "web": {
          "contentFormat": "Markdown",
          "content": "[Du kan ansluta till ett Team-möte närsomhelst](https://support.microsoft.com/sv-se/office/ansluta-till-ett-m%C3%B6te-i-teams-1613bb53-f3fa-431e-85a9-d6a91e3468c9#ID0EAACAAA=Dator).\n\nKlicka på länken du blivit inbjuden till eller välj anslut direkt i Teams."
        }
      },
      "id": "3cc6edba-67d4-4570-a935-648e3b0fa585",
      "createdTime": "2020-11-24T14:37:53.8220925Z",
      "updatedTime": "2020-11-24T14:37:53.8220925Z",
      "createdUserId": "f04d3cd9-b73d-4ba9-a1ed-9319eba29b21",
      "updatedUserId": "f04d3cd9-b73d-4ba9-a1ed-9319eba29b21"
    },
    {
      "channelContent": {
        "web": {
          "contentFormat": "Markdown",
          "content": "Via kalendern i Teams visas din Outlook-kalender och låter dig ansluta och/eller schemalägga Teams-möten. Om din organisation erbjuder telefonkonferens som alternativ, kommer det att visas i mötesinbjudan."
        }
      },
      "id": "15dc8b85-9b0d-4651-a72f-095406bb0961",
      "createdTime": "2020-11-25T14:58:29.653Z",
      "updatedTime": "2020-11-25T14:58:29.653Z",
      "createdUserId": "user-0",
      "updatedUserId": "user-0"
    }
  ]
}