{
  "intents": [
    {
      "triggerQueries": [
        "Last ned OneNote",
        "Hvordan får jeg OneNote?"
      ],
      "dialogId": "new_topic_718db602cdff45c0a5d3a192b4411cf9",
      "isTriggeringEnabled": true,
      "id": "new_topic_718db602cdff45c0a5d3a192b4411cf9",
      "displayName": "Hvordan får jeg OneNote?",
      "description": "",
      "createdTime": "2021-04-12T15:29:07.306363Z",
      "updatedTime": "2021-04-12T15:29:07.306363Z",
      "createdUserId": "ef0c8b9a-eff1-49f8-92fa-fd1d3e15e1ba"
    }
  ],
  "dialogs": [
    {
      "rootNodeId": "567ba267-80f6-40ff-8d3c-56a1750ddfba",
      "messageNodes": [
        {
          "botMessageId": "7b827749-fb27-45ed-9f3d-fc9952004154",
          "nodeType": "BotMessageNode",
          "id": "567ba267-80f6-40ff-8d3c-56a1750ddfba",
          "defaultTargetNodeId": "e0f815b9-d83e-4c16-918b-50d41375471d"
        },
        {
          "botMessageId": "a36e5cb1-7a44-4f4b-9d23-78fdb47dea90",
          "nodeType": "BotMessageNode",
          "id": "e0f815b9-d83e-4c16-918b-50d41375471d",
          "defaultTargetNodeId": "aa02c5a3-e501-4677-8484-758b24c70dbc"
        }
      ],
      "dialogChangeNodes": [
        {
          "targetDialogId": "new_topic_89c49d37fd4c4c1c9144396960733ce1_aeabea4d071f415c8c107e1cb7af5424_assumedsuccess",
          "nodeType": "DialogChangeNode",
          "id": "aa02c5a3-e501-4677-8484-758b24c70dbc"
        }
      ],
      "id": "new_topic_718db602cdff45c0a5d3a192b4411cf9",
      "displayName": "Dialog for Hvordan får jeg OneNote?",
      "createdTime": "2021-04-12T15:29:07.306363Z",
      "updatedTime": "2021-04-12T15:29:25.5587446Z",
      "createdUserId": "ef0c8b9a-eff1-49f8-92fa-fd1d3e15e1ba",
      "updatedUserId": "ef0c8b9a-eff1-49f8-92fa-fd1d3e15e1ba"
    }
  ],
  "botMessages": [
    {
      "channelContent": {
        "web": {
          "contentFormat": "Markdown",
          "content": "Det finnes flere OneNote versjoner:\n\n*   **OneNote** (tidligere kalt \"OneNote 2016\") er en gratis skrivebordsapp og en del av Office 2019 og Microsoft 365.\n*   **OneNote for Windows 10**, er forhåndsinstallert på alle versjoner av Windows 10, og kan lastes ned gratis i Microsoft [Store](https://www.microsoft.com/store/productId/9WZDNCRFHVJL)"
        }
      },
      "id": "7b827749-fb27-45ed-9f3d-fc9952004154",
      "createdTime": "2021-04-12T15:29:07.306363Z",
      "updatedTime": "2021-04-12T15:29:07.306363Z",
      "createdUserId": "ef0c8b9a-eff1-49f8-92fa-fd1d3e15e1ba",
      "updatedUserId": "ef0c8b9a-eff1-49f8-92fa-fd1d3e15e1ba"
    },
    {
      "channelContent": {
        "web": {
          "contentFormat": "Markdown",
          "content": "Les mer om forskjellene [her](https://support.microsoft.com/nb-no/office/what-s-the-difference-between-the-onenote-versions-a624e692-b78b-4c09-b07f-46181958118f)."
        }
      },
      "id": "a36e5cb1-7a44-4f4b-9d23-78fdb47dea90",
      "createdTime": "2021-04-12T15:29:16.214Z",
      "updatedTime": "2021-04-12T15:29:16.214Z",
      "createdUserId": "user-0",
      "updatedUserId": "user-0"
    }
  ],
  "createdUtc": "0001-01-01T00:00:00Z"
}