{
  "intents": [
    {
      "endUserOverrideName": "新舊版本 Office 的相容性",
      "triggerQueries": [
        "舊版 Powerpoint",
        "舊版 Excel",
        "舊版 Word",
        "can newly created files in Teams open in older versions of office?",
        "Can old office open new files?",
        "Open my documents in old versions of office",
        "Can I work with someone who has an old office?",
        "Open new documents in old versions of office?",
        "Open new files in old versions of Office?",
        "Open new files from 365 in old versions of Office?",
        "Can people with earlier versions of Office open documents I've created using Office 365?",
        "在 Teams 中創建的新檔案可以在舊版本的 Office 中開啟嗎",
        "舊版 Office 可以開啟新的檔案嗎",
        "在舊版的 Office 中開啟我的文件",
        "我可以跟使用舊版 Office 的人共作嗎",
        "在舊的 Office 中開啟新版本的檔案",
        "把新的檔案在舊的 Office 中開啟",
        "把在新版本的 365 創建的檔案在舊版的 Office 開啟",
        "使用舊版本的 Office 的人可以開啟我在新版本 365 上新增的檔案嗎"
      ],
      "dialogId": "new_topic_9360c50d2b154dfc967a1e3ac1f62914",
      "isTriggeringEnabled": true,
      "id": "new_topic_9360c50d2b154dfc967a1e3ac1f62914",
      "displayName": "使用早期版本 Office 的人可以開啟我在 Office 365 上創造的檔案嗎",
      "description": "https://adoptbotv2kb.blob.core.windows.net/%24web/AdoptBot2021-English.docx",
      "createdTime": "2021-11-17T13:55:21.5009799Z",
      "updatedTime": "2021-11-18T17:30:58.7525764Z",
      "createdUserId": "9c968d43-f7c2-4e28-895c-1f6bcefcd8be",
      "updatedUserId": "9c968d43-f7c2-4e28-895c-1f6bcefcd8be"
    }
  ],
  "dialogs": [
    {
      "rootNodeId": "8f9e2c11-8a25-40fc-9c8c-56d132ffc8a1",
      "messageNodes": [
        {
          "botMessageId": "b3113953-1a0a-44f0-8070-4b3b50d136df",
          "nodeType": "BotMessageNode",
          "id": "8f9e2c11-8a25-40fc-9c8c-56d132ffc8a1",
          "defaultTargetNodeId": "c88f48e9-c01d-46cb-bf7e-9fa57fd63057"
        }
      ],
      "dialogChangeNodes": [
        {
          "targetDialogId": "new_topic_e2d1671328b941dbb60fa7150059b1ee_aeabea4d071f415c8c107e1cb7af5424_assumedsuccess",
          "nodeType": "DialogChangeNode",
          "id": "c88f48e9-c01d-46cb-bf7e-9fa57fd63057"
        }
      ],
      "id": "new_topic_9360c50d2b154dfc967a1e3ac1f62914",
      "displayName": "Dialog for 使用早期版本 Office 的人可以開啟我在 Office 365 上創造的檔案嗎",
      "createdTime": "2021-11-17T13:55:21.5009799Z",
      "updatedTime": "2021-11-17T13:55:38.9546276Z",
      "createdUserId": "9c968d43-f7c2-4e28-895c-1f6bcefcd8be",
      "updatedUserId": "9c968d43-f7c2-4e28-895c-1f6bcefcd8be"
    }
  ],
  "botMessages": [
    {
      "channelContent": {
        "web": {
          "contentFormat": "Markdown",
          "content": "Office 365, Office 2019, Office 2016, Office 2013, and Office 2010 的使用者可以直接開啟 Microsoft 365 製作的文件。"
        }
      },
      "id": "b3113953-1a0a-44f0-8070-4b3b50d136df",
      "createdTime": "2021-11-17T13:55:21.5009799Z",
      "updatedTime": "2021-11-17T13:55:21.5009799Z",
      "createdUserId": "9c968d43-f7c2-4e28-895c-1f6bcefcd8be",
      "updatedUserId": "9c968d43-f7c2-4e28-895c-1f6bcefcd8be"
    }
  ]
}