{
  "intents": [
    {
      "endUserOverrideName": "Benefits of audio conferencing in Teams?",
      "triggerQueries": [
        "Benefits of calling in to a meeting in Teams",
        "Why use voice meetings in Teams",
        "What are the benefits of teleconference?",
        "Why should I have a conference call?",
        "Benefits of audio meetings in Teams?",
        "Why should I call in to a meeting?",
        "What are the benefits of phone conferences (audio conferencing)?"
      ],
      "dialogId": "new_topic_00ef7ba7894142f8a29f53031b3cf303",
      "isTriggeringEnabled": true,
      "id": "new_topic_00ef7ba7894142f8a29f53031b3cf303",
      "displayName": "What are the benefits of phone conferences (audio conferencing)?",
      "description": "",
      "createdTime": "2021-01-13T22:20:51.2381463Z",
      "updatedTime": "2023-11-16T13:19:52.7292969Z",
      "createdUserId": "f04d3cd9-b73d-4ba9-a1ed-9319eba29b21",
      "updatedUserId": "c8d29cfd-efef-47c1-8e02-210c8be30c37"
    }
  ],
  "dialogs": [
    {
      "rootNodeId": "1b91f847-94ac-4bf9-b7b0-d5b0256afe9e",
      "messageNodes": [
        {
          "botMessageId": "a3412253-60cd-47b0-b4a6-f9ea89a8e43f",
          "nodeType": "BotMessageNode",
          "id": "1b91f847-94ac-4bf9-b7b0-d5b0256afe9e",
          "defaultTargetNodeId": "9e982ae6-c7c0-4a04-a766-90eb347f760b"
        },
        {
          "botMessageId": "b33a94f5-0dbc-4608-be94-34efa527940e",
          "nodeType": "BotMessageNode",
          "id": "9e982ae6-c7c0-4a04-a766-90eb347f760b",
          "defaultTargetNodeId": "d7260a01-1388-49dd-93db-4f055b4b84d3"
        },
        {
          "botMessageId": "2750a986-0d39-4104-bd08-cd4ebab682af",
          "nodeType": "BotMessageNode",
          "id": "d7260a01-1388-49dd-93db-4f055b4b84d3",
          "defaultTargetNodeId": "c725bd14-5eb0-449c-9b98-68bb6d58de2e"
        }
      ],
      "dialogChangeNodes": [
        {
          "targetDialogId": "new_topic_eac3f49c99664313a9d9dc19d80a79a2_aeabea4d071f415c8c107e1cb7af5424_assumedsuccess",
          "nodeType": "DialogChangeNode",
          "id": "c725bd14-5eb0-449c-9b98-68bb6d58de2e"
        }
      ],
      "id": "new_topic_00ef7ba7894142f8a29f53031b3cf303",
      "displayName": "Dialog for What are the benefits of phone conferences (audio conferencing)?",
      "createdTime": "2021-01-13T22:20:51.2381463Z",
      "updatedTime": "2023-11-16T13:19:52.7292964Z",
      "createdUserId": "f04d3cd9-b73d-4ba9-a1ed-9319eba29b21",
      "updatedUserId": "c8d29cfd-efef-47c1-8e02-210c8be30c37"
    }
  ],
  "botMessages": [
    {
      "channelContent": {
        "web": {
          "contentFormat": "Markdown",
          "content": "Calling in to meetings is especially useful when people are on the road, for example, and cannot attend a meeting using the Microsoft Teams app on their laptop or mobile devices."
        }
      },
      "id": "a3412253-60cd-47b0-b4a6-f9ea89a8e43f",
      "createdTime": "2021-01-13T22:20:51.2381463Z",
      "updatedTime": "2021-01-13T22:20:51.2381463Z",
      "createdUserId": "f04d3cd9-b73d-4ba9-a1ed-9319eba29b21",
      "updatedUserId": "f04d3cd9-b73d-4ba9-a1ed-9319eba29b21"
    },
    {
      "channelContent": {
        "web": {
          "contentFormat": "Markdown",
          "content": "But there are other scenarios in which using a phone to attend a Microsoft Teams meeting can be a better option than using an app on a computer:   \n \n\n*   Internet connectivity is limited,\n*   a meeting is audio only,\n*    the call quality is better if they dial in, \n*   and people can join a meeting hands free using Bluetooth devices."
        }
      },
      "id": "b33a94f5-0dbc-4608-be94-34efa527940e",
      "createdTime": "2021-01-26T22:36:13.346Z",
      "updatedTime": "2021-01-26T22:36:13.346Z",
      "createdUserId": "user-0",
      "updatedUserId": "user-0"
    },
    {
      "channelContent": {
        "web": {
          "contentFormat": "Markdown",
          "content": "Some people may find it easier and more convenient for their situation."
        }
      },
      "id": "2750a986-0d39-4104-bd08-cd4ebab682af",
      "createdTime": "2021-01-26T22:37:03.749Z",
      "updatedTime": "2021-01-26T22:37:03.749Z",
      "createdUserId": "user-0",
      "updatedUserId": "user-0"
    }
  ]
}