{
  "intents": [
    {
      "triggerQueries": [
        "Come sincronizzare una cartella Teams sul tuo computer locale",
        "Sincronizza i file di SharePoint e Teams con il tuo computer",
        "aprire documenti di Teams nella cartella normale?",
        "Posso aprire i documenti di Teams in una cartella normale?",
        "sincronizzare i documenti da Teams al mio computer",
        "sincronizzare i documenti di Teams sul mio laptop",
        "sincronizzare i documenti con Esplora file",
        "visualizzare i file in SharePoint",
        "Aprire un file Teams in SharePoint",
        "aprire un documento da Teams in SharePoint",
        "Lavorare con i documenti di SharePoint nel team",
        "Guardare i documenti nel nostro team in Esplora file",
        "Visualizzare i file dei tuoi team in Esplora risorse",
        "sincronizzare i file del team su Explorer",
        "Sincronizzare i file di un Team sul mio computer",
        "Accedere ai file del mio team tramite Esplora file",
        "Dove posso accedere ai miei documenti al di fuori di Teams?",
        "gestione dei documenti in SharePoint",
        "Come si apre un file in SharePoint da Teams?"
      ],
      "dialogId": "new_topic_abae74762ea54eaebd1a196a6f5bd239",
      "isTriggeringEnabled": true,
      "id": "new_topic_abae74762ea54eaebd1a196a6f5bd239",
      "displayName": "Come si apre un file in SharePoint da Teams?",
      "createdTime": "2022-04-29T00:01:29.5157392Z",
      "updatedTime": "2022-04-29T00:01:29.5157392Z",
      "createdUserId": "9451fc51-e00d-4445-8ff9-efb70866dc3b",
      "updatedUserId": "9451fc51-e00d-4445-8ff9-efb70866dc3b"
    }
  ],
  "dialogs": [
    {
      "rootNodeId": "bdb38cce-880a-4999-a732-cbc063dc46c2",
      "messageNodes": [
        {
          "botMessageId": "fb7a2b5b-f62f-461e-90ed-1992966b2b60",
          "nodeType": "BotMessageNode",
          "id": "bdb38cce-880a-4999-a732-cbc063dc46c2",
          "defaultTargetNodeId": "d6d68549-6da3-4e0e-be12-71578732230e"
        },
        {
          "botMessageId": "de334cdc-7e1d-47c3-a9ca-0bfe0105fc56",
          "nodeType": "BotMessageNode",
          "id": "d6d68549-6da3-4e0e-be12-71578732230e",
          "defaultTargetNodeId": "03cb0fe2-0026-4de2-80f4-dc6b078d12b2"
        },
        {
          "botMessageId": "22e6b975-740f-48a8-817f-539c909324fe",
          "nodeType": "BotMessageNode",
          "id": "03cb0fe2-0026-4de2-80f4-dc6b078d12b2",
          "defaultTargetNodeId": "68b68c24-3d8a-455a-b66c-809b2c565787"
        },
        {
          "botMessageId": "7dc5f2f0-523d-4167-b4ad-16f4e553ae3f",
          "nodeType": "BotMessageNode",
          "id": "68b68c24-3d8a-455a-b66c-809b2c565787",
          "defaultTargetNodeId": "2310332e-14fe-43a6-a4c3-b6c5ac33f54c"
        }
      ],
      "dialogChangeNodes": [
        {
          "targetDialogId": "new_topic_f98a24608ee04cb998de3e3e32703d5b_aeabea4d071f415c8c107e1cb7af5424_assumedsuccess",
          "nodeType": "DialogChangeNode",
          "id": "2310332e-14fe-43a6-a4c3-b6c5ac33f54c"
        }
      ],
      "id": "new_topic_abae74762ea54eaebd1a196a6f5bd239",
      "displayName": "Senza titolo",
      "createdTime": "2022-04-29T00:01:29.5157392Z",
      "updatedTime": "2022-04-29T00:01:29.5157392Z",
      "createdUserId": "9451fc51-e00d-4445-8ff9-efb70866dc3b",
      "updatedUserId": "9451fc51-e00d-4445-8ff9-efb70866dc3b"
    }
  ],
  "botMessages": [
    {
      "channelContent": {
        "web": {
          "contentFormat": "Markdown",
          "content": "[Visualizza la guida ufficiale con le immagini.](https://support.microsoft.com/it-it/office/sync-sharepoint-and-teams-files-with-your-computer-6de9ede8-5b6e-4503-80b2-6190f3354a88)"
        }
      },
      "id": "fb7a2b5b-f62f-461e-90ed-1992966b2b60",
      "createdTime": "2022-04-28T23:45:26.572Z",
      "updatedTime": "2022-04-28T23:45:26.572Z"
    },
    {
      "channelContent": {
        "web": {
          "contentFormat": "Markdown",
          "content": "Se selezioni \"**Apri in SharePoint**\" dalle opzioni del documento in Teams, avrai altri modi per gestire il tuo documento:"
        }
      },
      "id": "de334cdc-7e1d-47c3-a9ca-0bfe0105fc56",
      "createdTime": "2022-04-28T23:51:13.976Z",
      "updatedTime": "2022-04-28T23:51:13.976Z",
      "createdUserId": "user-0",
      "updatedUserId": "user-0"
    },
    {
      "channelContent": {
        "web": {
          "contentFormat": "Markdown",
          "content": "*   Trovare e aprire le versioni precedenti di un documento utilizzando le funzionalità di cronologia dei documenti.\n*   Sincronizzare con OneDrive for Business utilizzando il client di sincronizzazione OneDrive per visualizzare le librerie di documenti Teams in Esplora file.\n*   (Sincronizzazione possibile anche dalla scheda \"File\" nei tuoi team)\n*   Visualizzare e gestisci chi ha accesso al tuo documento.\n*   E  altre impostazioni avanzate."
        }
      },
      "id": "22e6b975-740f-48a8-817f-539c909324fe",
      "createdTime": "2022-04-28T23:51:19.704Z",
      "updatedTime": "2022-04-28T23:51:19.704Z",
      "createdUserId": "user-0",
      "updatedUserId": "user-0"
    },
    {
      "channelContent": {
        "web": {
          "contentFormat": "Markdown",
          "content": "💡 Suggerimento:\n\nEvitare di apportare modifiche a file o cartelle nella vista SharePoint.\n\nSe possibile, fatelo direttamente in Teams."
        }
      },
      "id": "7dc5f2f0-523d-4167-b4ad-16f4e553ae3f",
      "createdTime": "2022-04-29T00:00:10.112Z",
      "updatedTime": "2022-04-29T00:00:10.112Z",
      "createdUserId": "user-0",
      "updatedUserId": "user-0"
    }
  ]
}