{
  "intents": [
    {
      "endUserOverrideName": "Que signifie @Mention",
      "triggerQueries": [
        "mentionner quelqu'un avec @nom",
        "A quoi sert le @nom",
        "Que se passe-t-il quand quelqu'un me mentionne?",
        "Que se passe-t-il quand une personne me mentionne?",
        "Que se passe-t-il lorsque je mentionne une personne dans Teams?",
        "Que se passe-t-il lorsque je mentionne quelqu'un dans Teams?",
        "mentionner quelqu'un avec @mention",
        "Nommer quelqu'un avec @mention?",
        "Que se passe-t-il quand une personne me mentionne?",
        "A quoi sert le @mention?"
      ],
      "dialogId": "new_topic_a143ae6521d24366af9d326dc3587df1",
      "isTriggeringEnabled": true,
      "id": "new_topic_a143ae6521d24366af9d326dc3587df1",
      "displayName": "Que signifie être @mentionné?",
      "description": "",
      "createdTime": "2021-01-13T22:20:51.2371466Z",
      "updatedTime": "2021-05-24T21:03:48.9816249Z",
      "createdUserId": "f04d3cd9-b73d-4ba9-a1ed-9319eba29b21",
      "updatedUserId": "a2c4aa2c-d830-41eb-bcf4-467a2c7e1279"
    }
  ],
  "dialogs": [
    {
      "rootNodeId": "3ba9b6f5-f7c9-4f51-bf96-8d7ca189e814",
      "messageNodes": [
        {
          "botMessageId": "0ae2e59b-0151-493e-b7ae-c5d850793c47",
          "nodeType": "BotMessageNode",
          "id": "3ba9b6f5-f7c9-4f51-bf96-8d7ca189e814",
          "defaultTargetNodeId": "154fd439-a20f-4a36-8f62-446a60698f43"
        },
        {
          "botMessageId": "fd1fc485-81af-466e-9d0c-c2f8e3fcaedc",
          "nodeType": "BotMessageNode",
          "id": "154fd439-a20f-4a36-8f62-446a60698f43",
          "defaultTargetNodeId": "1146dde1-70f2-4115-91cb-65e6dda966c8"
        },
        {
          "botMessageId": "7a3bbf82-e3ce-47a6-8bc5-44fdff0d64f9",
          "nodeType": "BotMessageNode",
          "id": "1146dde1-70f2-4115-91cb-65e6dda966c8",
          "defaultTargetNodeId": "85d09123-c628-41e0-988e-f53e5009af33"
        }
      ],
      "dialogChangeNodes": [
        {
          "targetDialogId": "new_topic_eac3f49c99664313a9d9dc19d80a79a2_aeabea4d071f415c8c107e1cb7af5424_assumedsuccess",
          "nodeType": "DialogChangeNode",
          "id": "85d09123-c628-41e0-988e-f53e5009af33"
        }
      ],
      "id": "new_topic_a143ae6521d24366af9d326dc3587df1",
      "displayName": "Dialog for What does it mean to be @mentioned?",
      "createdTime": "2021-01-13T22:20:51.2371466Z",
      "updatedTime": "2021-05-24T21:03:24.3029563Z",
      "createdUserId": "f04d3cd9-b73d-4ba9-a1ed-9319eba29b21",
      "updatedUserId": "a2c4aa2c-d830-41eb-bcf4-467a2c7e1279"
    }
  ],
  "botMessages": [
    {
      "channelContent": {
        "web": {
          "contentFormat": "Markdown",
          "content": "Le @mention est un moyen d'attirer l'attention d'une personne (comme un tapotement sur l'épaule) dans une conversation de canal ou dans un chat. [Utiliser des @mentions pour attirer l’attention d’une personne dans Microsoft Teams](https://support.microsoft.com/fr-fr/office/utiliser-des-mentions-pour-attirer-l-attention-d-une-personne-dans-microsoft-teams-eb4f059d-320e-454e-b111-03361d4d6855?ui=fr-FR&rs=fr-FR&ad=FR)"
        }
      },
      "id": "0ae2e59b-0151-493e-b7ae-c5d850793c47",
      "createdTime": "2021-01-13T22:20:51.2371466Z",
      "updatedTime": "2021-01-13T22:20:51.2371466Z",
      "createdUserId": "f04d3cd9-b73d-4ba9-a1ed-9319eba29b21",
      "updatedUserId": "f04d3cd9-b73d-4ba9-a1ed-9319eba29b21"
    },
    {
      "channelContent": {
        "web": {
          "contentFormat": "Markdown",
          "content": "**Pour @mentionner quelqu'un**\n\n1.  Taper ‘@’ ou le nom de quelqu'un dans la boite de dialogue.\n2.  Sélectionner le nom de cette personne dans le petit menu qui apparaît."
        }
      },
      "id": "fd1fc485-81af-466e-9d0c-c2f8e3fcaedc",
      "createdTime": "2021-01-27T18:11:44.96Z",
      "updatedTime": "2021-01-27T18:11:44.96Z",
      "createdUserId": "user-0",
      "updatedUserId": "user-0"
    },
    {
      "channelContent": {
        "web": {
          "contentFormat": "Markdown",
          "content": "Si jamais vous vous sentez un peu **dépassé** par toutes ces @mention, vous pouvez toujours [filtrer votre flux d'Activité Teams](https://support.microsoft.com/fr-fr/office/explorer-le-flux-d-activit%c3%a9s-dans-microsoft-teams-91c635a1-644a-4c60-9c98-233db3e13a56?ui=fr-FR&rs=fr-FR&ad=FR) pour les faire ressortir."
        }
      },
      "id": "7a3bbf82-e3ce-47a6-8bc5-44fdff0d64f9",
      "createdTime": "2021-01-27T18:14:07.378Z",
      "updatedTime": "2021-01-27T18:14:07.378Z",
      "createdUserId": "user-0",
      "updatedUserId": "user-0"
    }
  ]
}