{
  "intents": [
    {
      "triggerQueries": [
        "몰입형 리더",
        "다른 언어로 번역",
        "다른 언어로 읽기",
        "몰입형 읽기",
        "읽기 쉽게",
        "난독증",
        "읽기 쓰기 어려움",
        "텍스트 소리 내어 읽을 수",
        "소리 내어 읽기",
        "몰입형 리더란 무엇입니까?"
      ],
      "dialogId": "new_topic_19cdcee13460483b9717e40d9350c23b",
      "isTriggeringEnabled": true,
      "id": "new_topic_19cdcee13460483b9717e40d9350c23b",
      "displayName": "몰입형 리더란 무엇입니까?",
      "description": "https://adoptbotv2kb.blob.core.windows.net/%24web/adoptbot2021-Korean.docx",
      "createdTime": "2021-03-18T03:39:18.7476571Z",
      "updatedTime": "2021-04-02T07:37:34.9870743Z",
      "createdUserId": "e47109d8-0300-4e59-a90d-56bb29886c9e",
      "updatedUserId": "e47109d8-0300-4e59-a90d-56bb29886c9e"
    }
  ],
  "dialogs": [
    {
      "rootNodeId": "45f17676-457a-4328-97b3-2ff1c5f72744",
      "messageNodes": [
        {
          "botMessageId": "494692f2-5865-49a3-ace1-07299fa66818",
          "nodeType": "BotMessageNode",
          "id": "45f17676-457a-4328-97b3-2ff1c5f72744",
          "defaultTargetNodeId": "7705ada3-d3f3-45c0-91fd-29bcdf15b5ec"
        },
        {
          "botMessageId": "6f515a75-8dfd-44a8-89a5-b47288450cf8",
          "nodeType": "BotMessageNode",
          "id": "7705ada3-d3f3-45c0-91fd-29bcdf15b5ec",
          "defaultTargetNodeId": "f7ca44ee-0594-4236-9503-8d47fd5cdb3a"
        },
        {
          "botMessageId": "db9458de-b82a-4800-8687-c137892df293",
          "nodeType": "BotMessageNode",
          "id": "f7ca44ee-0594-4236-9503-8d47fd5cdb3a",
          "defaultTargetNodeId": "292a8cb5-f3fb-45a9-a016-f8b2aaaa69f8"
        },
        {
          "botMessageId": "00571f71-5805-4811-b839-869b435ff090",
          "nodeType": "BotMessageNode",
          "id": "292a8cb5-f3fb-45a9-a016-f8b2aaaa69f8",
          "defaultTargetNodeId": "81029434-d5f5-499c-97e0-80dbdf93ca00"
        },
        {
          "botMessageId": "ac8a193f-b17f-48fb-9dfb-6deff865a65a",
          "nodeType": "BotMessageNode",
          "id": "81029434-d5f5-499c-97e0-80dbdf93ca00",
          "defaultTargetNodeId": "c16b41d9-b1bc-4153-ae2c-67a7625cec04"
        },
        {
          "botMessageId": "13e6d8a3-021f-4854-81f7-39015d980c9f",
          "nodeType": "BotMessageNode",
          "id": "c16b41d9-b1bc-4153-ae2c-67a7625cec04",
          "defaultTargetNodeId": "57a518e5-ef2f-48c7-856e-fe1208f0f3b8"
        }
      ],
      "dialogChangeNodes": [
        {
          "targetDialogId": "new_topic_2bf23930c1d146129dfe38bacb94ccd0_aeabea4d071f415c8c107e1cb7af5424_assumedsuccess",
          "nodeType": "DialogChangeNode",
          "id": "57a518e5-ef2f-48c7-856e-fe1208f0f3b8"
        }
      ],
      "id": "new_topic_19cdcee13460483b9717e40d9350c23b",
      "displayName": "Dialog for 몰입형 리더란 무엇입니까?",
      "createdTime": "2021-03-18T03:39:18.7476571Z",
      "updatedTime": "2021-04-02T07:36:46.0757606Z",
      "createdUserId": "e47109d8-0300-4e59-a90d-56bb29886c9e",
      "updatedUserId": "e47109d8-0300-4e59-a90d-56bb29886c9e"
    }
  ],
  "botMessages": [
    {
      "channelContent": {
        "web": {
          "contentFormat": "Markdown",
          "content": "[Teams에서 몰입형 리더를 보려면 여기를 클릭하십시오(사진포함).](https://support.microsoft.com/ko-kr/office/anv%C3%A4nda-avancerad-l%C3%A4sare-i-microsoft-teams-a700c0d0-bc53-4696-a94d-4fbc86ac7a9a)"
        }
      },
      "id": "494692f2-5865-49a3-ace1-07299fa66818",
      "createdTime": "2021-03-18T03:39:18.7476571Z",
      "updatedTime": "2021-03-18T03:39:18.7476571Z",
      "createdUserId": "e47109d8-0300-4e59-a90d-56bb29886c9e",
      "updatedUserId": "e47109d8-0300-4e59-a90d-56bb29886c9e"
    },
    {
      "channelContent": {
        "web": {
          "contentFormat": "Markdown",
          "content": "텍스트를 소리 내어 읽거나 다른 언어를 말하고 싶다면 Teams에서 원하는 텍스트를 만들 수 있습니다💗."
        }
      },
      "id": "6f515a75-8dfd-44a8-89a5-b47288450cf8",
      "createdTime": "2021-04-02T07:34:38.928Z",
      "updatedTime": "2021-04-02T07:34:38.928Z",
      "createdUserId": "user-0",
      "updatedUserId": "user-0"
    },
    {
      "channelContent": {
        "web": {
          "contentFormat": "Markdown",
          "content": "색, 모양, 크기는 모두 환경 설정에 맞게 조정할 수 있으며, 예를 들어 난독증 및 학습 장애가 있는 사람들에게 더 쉽게 사용할 수 있습니다."
        }
      },
      "id": "db9458de-b82a-4800-8687-c137892df293",
      "createdTime": "2021-04-02T07:34:53.701Z",
      "updatedTime": "2021-04-02T07:34:53.701Z",
      "createdUserId": "user-0",
      "updatedUserId": "user-0"
    },
    {
      "channelContent": {
        "web": {
          "contentFormat": "Markdown",
          "content": "그림 사전, 선 포커스 및 단어 클래스도 시각적 지원을 위해 사용할 수 있습니다."
        }
      },
      "id": "00571f71-5805-4811-b839-869b435ff090",
      "createdTime": "2021-04-02T07:35:38.401Z",
      "updatedTime": "2021-04-02T07:35:38.401Z",
      "createdUserId": "user-0",
      "updatedUserId": "user-0"
    },
    {
      "channelContent": {
        "web": {
          "contentFormat": "Markdown",
          "content": "Teams의 모든 메시지에서 **기타 옵션** \"...\"를 클릭하고 **몰입형 리더** 를 선택합니다"
        }
      },
      "id": "ac8a193f-b17f-48fb-9dfb-6deff865a65a",
      "createdTime": "2021-04-02T07:35:47.22Z",
      "updatedTime": "2021-04-02T07:35:47.22Z",
      "createdUserId": "user-0",
      "updatedUserId": "user-0"
    },
    {
      "channelContent": {
        "web": {
          "contentFormat": "Markdown",
          "content": "💡 예를 들어 이 메시지를 사용해 보십시오. 설정은 당신에게 고유합니다."
        }
      },
      "id": "13e6d8a3-021f-4854-81f7-39015d980c9f",
      "createdTime": "2021-04-02T07:36:17.369Z",
      "updatedTime": "2021-04-02T07:36:17.369Z",
      "createdUserId": "user-0",
      "updatedUserId": "user-0"
    }
  ],
  "createdUtc": "0001-01-01T00:00:00Z"
}