{
  "intents": [
    {
      "intentType": "Regular",
      "endUserOverrideName": "Who can join live events?",
      "triggerQueries": [
        "attendees for live events",
        "Who can join live events?",
        "Who can participate in live events?",
        "Who can watch a live event?",
        "Who can see a live event in Teams?",
        "Who can join a live event?",
        "Who can watch live events?",
        "Join a live event in Teams",
        "Participate in live events",
        "Who can participate in live events?"
      ],
      "dialogId": "new_topic_bcfde8f32fb24c138ea7493486abebd1",
      "isTriggeringEnabled": true,
      "id": "new_topic_bcfde8f32fb24c138ea7493486abebd1",
      "displayName": "Who can participate in live events?",
      "description": "https://adoptbotv2kb.blob.core.windows.net/%24web/AdoptBot2021-English.docx",
      "createdTime": "2021-01-13T22:20:51.2381463Z",
      "updatedTime": "2021-01-26T21:22:54.4827133Z",
      "createdUserId": "f04d3cd9-b73d-4ba9-a1ed-9319eba29b21",
      "updatedUserId": "f04d3cd9-b73d-4ba9-a1ed-9319eba29b21"
    }
  ],
  "dialogs": [
    {
      "rootNodeId": "5601c6f9-e2c5-4b5f-b0b3-48bdea5b4458",
      "messageNodes": [
        {
          "botMessageId": "931f9e80-b52f-4835-b0a7-ee59f78975aa",
          "nodeType": "BotMessageNode",
          "id": "5601c6f9-e2c5-4b5f-b0b3-48bdea5b4458",
          "defaultTargetNodeId": "75e68b87-4de5-4e72-a36d-59bbdb8903d7"
        },
        {
          "botMessageId": "17ffac6a-6894-46c0-877f-13972a552d0f",
          "nodeType": "BotMessageNode",
          "id": "75e68b87-4de5-4e72-a36d-59bbdb8903d7",
          "defaultTargetNodeId": "2a900cf1-9d88-45f0-9d6e-c8e72be8945d"
        },
        {
          "botMessageId": "59cbde5a-1ce5-4d11-bd18-926d5ec8d212",
          "nodeType": "BotMessageNode",
          "id": "2a900cf1-9d88-45f0-9d6e-c8e72be8945d",
          "defaultTargetNodeId": "ab955391-2734-4e6e-988f-bba7c9651f01"
        }
      ],
      "dialogChangeNodes": [
        {
          "targetDialogId": "new_topic_eac3f49c99664313a9d9dc19d80a79a2_aeabea4d071f415c8c107e1cb7af5424_assumedsuccess",
          "nodeType": "DialogChangeNode",
          "id": "ab955391-2734-4e6e-988f-bba7c9651f01"
        }
      ],
      "id": "new_topic_bcfde8f32fb24c138ea7493486abebd1",
      "displayName": "Dialog for Who can participate in live events?",
      "createdTime": "2021-01-13T22:20:51.2381463Z",
      "updatedTime": "2021-01-26T21:23:53.157247Z",
      "createdUserId": "f04d3cd9-b73d-4ba9-a1ed-9319eba29b21",
      "updatedUserId": "f04d3cd9-b73d-4ba9-a1ed-9319eba29b21"
    }
  ],
  "botMessages": [
    {
      "channelContent": {
        "web": {
          "contentFormat": "Markdown",
          "content": "**Public events:**\n\nIf an event is public, anyone with the link can participate without signing in."
        }
      },
      "id": "931f9e80-b52f-4835-b0a7-ee59f78975aa",
      "createdTime": "2021-01-13T22:20:51.2381463Z",
      "updatedTime": "2021-01-13T22:20:51.2381463Z",
      "createdUserId": "f04d3cd9-b73d-4ba9-a1ed-9319eba29b21",
      "updatedUserId": "f04d3cd9-b73d-4ba9-a1ed-9319eba29b21"
    },
    {
      "channelContent": {
        "web": {
          "contentFormat": "Markdown",
          "content": "**Private events:**\n\nIf attendance is limited to your organization or to specific people and groups, attendees must sign in to join. If the event is produced externally, they will need a license that includes Microsoft Stream."
        }
      },
      "id": "17ffac6a-6894-46c0-877f-13972a552d0f",
      "createdTime": "2021-01-26T21:23:23.928Z",
      "updatedTime": "2021-01-26T21:23:23.928Z",
      "createdUserId": "user-0",
      "updatedUserId": "user-0"
    },
    {
      "channelContent": {
        "web": {
          "contentFormat": "Markdown",
          "content": "For more details, see [get started with Microsoft Teams live events](https://support.microsoft.com/en-us/office/get-started-with-microsoft-teams-live-events-d077fec2-a058-483e-9ab5-1494afda578a)."
        }
      },
      "id": "59cbde5a-1ce5-4d11-bd18-926d5ec8d212",
      "createdTime": "2021-01-26T21:23:40.654Z",
      "updatedTime": "2021-01-26T21:23:40.654Z",
      "createdUserId": "user-0",
      "updatedUserId": "user-0"
    }
  ]
}