{
  "intents": [
    {
      "endUserOverrideName": "Teams nieuws",
      "triggerQueries": [
        "Waar vind ik meer informatie over teams",
        "Meer info over Teams",
        "Meer informatie over Teams",
        "Waar vind ik het laatste updates van Teams?",
        "Waar vind ik het laatste nieuws over Teams?"
      ],
      "dialogId": "new_topic_2d949bacb3524f50b499d9a5d8ee22cb",
      "isTriggeringEnabled": true,
      "id": "new_topic_2d949bacb3524f50b499d9a5d8ee22cb",
      "displayName": "Waar vind ik het laatste nieuws over Teams?",
      "description": "",
      "createdTime": "2021-03-20T08:48:55.5388444Z",
      "updatedTime": "2021-03-29T22:13:37.4174216Z",
      "createdUserId": "c1e90dc0-1df0-459d-8164-0dcb7915deaf",
      "updatedUserId": "c1e90dc0-1df0-459d-8164-0dcb7915deaf"
    }
  ],
  "dialogs": [
    {
      "rootNodeId": "9af8a2af-2eb0-49ea-b4bd-ff4555042335",
      "messageNodes": [
        {
          "botMessageId": "163a5abd-192a-4bda-b99a-c57dbc474753",
          "nodeType": "BotMessageNode",
          "id": "9af8a2af-2eb0-49ea-b4bd-ff4555042335",
          "defaultTargetNodeId": "3bb0cf60-788f-49f9-a477-fc030a8b766b"
        },
        {
          "botMessageId": "56bf9adf-4845-44b6-8b27-1f0b4fb0bdfa",
          "nodeType": "BotMessageNode",
          "id": "3bb0cf60-788f-49f9-a477-fc030a8b766b",
          "defaultTargetNodeId": "2ccf1a59-8642-4199-b58a-a27b8ce22144"
        },
        {
          "botMessageId": "e652dddf-9866-4e67-bf51-fcd3e0603243",
          "nodeType": "BotMessageNode",
          "id": "2ccf1a59-8642-4199-b58a-a27b8ce22144",
          "defaultTargetNodeId": "e4f11d96-10a8-4b95-bb8b-f84a38c42eb3"
        }
      ],
      "dialogChangeNodes": [
        {
          "targetDialogId": "new_topic_9d295c394a47419da3b4d205b7ed4c20_aeabea4d071f415c8c107e1cb7af5424_assumedsuccess",
          "nodeType": "DialogChangeNode",
          "id": "e4f11d96-10a8-4b95-bb8b-f84a38c42eb3"
        }
      ],
      "id": "new_topic_2d949bacb3524f50b499d9a5d8ee22cb",
      "displayName": "Dialog for Waar vind ik het laatste nieuws over Teams?",
      "createdTime": "2021-03-20T08:48:55.5388444Z",
      "updatedTime": "2021-03-29T22:14:25.0011931Z",
      "createdUserId": "c1e90dc0-1df0-459d-8164-0dcb7915deaf",
      "updatedUserId": "c1e90dc0-1df0-459d-8164-0dcb7915deaf"
    }
  ],
  "botMessages": [
    {
      "channelContent": {
        "web": {
          "contentFormat": "Markdown",
          "content": "Leuk dat je nieuwsgierig bent. Typ gewoon \"**/Nieuws**\" in het zoekvak van het team! 🔎"
        }
      },
      "id": "163a5abd-192a-4bda-b99a-c57dbc474753",
      "createdTime": "2021-03-20T08:48:55.5388444Z",
      "updatedTime": "2021-03-20T08:48:55.5388444Z",
      "createdUserId": "c1e90dc0-1df0-459d-8164-0dcb7915deaf",
      "updatedUserId": "c1e90dc0-1df0-459d-8164-0dcb7915deaf"
    },
    {
      "channelContent": {
        "web": {
          "contentFormat": "Markdown",
          "content": "U ook op de knop Help in Teams klikken en '**Wat is nieuw'** selecteren. 🆕"
        }
      },
      "id": "56bf9adf-4845-44b6-8b27-1f0b4fb0bdfa",
      "createdTime": "2021-03-20T08:49:24.251Z",
      "updatedTime": "2021-03-20T08:49:24.251Z",
      "createdUserId": "user-0",
      "updatedUserId": "user-0"
    },
    {
      "channelContent": {
        "web": {
          "contentFormat": "Markdown",
          "content": "_**Let op!** Uw organisatie heeft er mogelijk voor gekozen om_ _bepaalde_ _functies uit te schakelen._\n\n[Alle nieuwe ingeschakelde functies worden ook continu gepubliceerd hier](https://support.microsoft.com/nl-nl/office/nyheter-i-microsoft-teams-d7092a6d-c896-424c-b362-a472d5f105de#PickTab=Desktop_and_web)"
        }
      },
      "id": "e652dddf-9866-4e67-bf51-fcd3e0603243",
      "createdTime": "2021-03-20T08:49:49.06Z",
      "updatedTime": "2021-03-20T08:49:49.06Z",
      "createdUserId": "user-0",
      "updatedUserId": "user-0"
    }
  ],
  "createdUtc": "0001-01-01T00:00:00Z"
}