{
  "intents": [
    {
      "triggerQueries": [
        "zurücksetzen der PIN",
        "Kann ich meine PIN zurückgeben und ändern?",
        "Wie ändert ein Benutzer seine PIN?",
        "Wie greift ein Benutzer auf seine PIN zu?"
      ],
      "dialogId": "new_topic_39488715f90948b7833d8aa8e9a65ea4",
      "isTriggeringEnabled": true,
      "id": "new_topic_39488715f90948b7833d8aa8e9a65ea4",
      "displayName": "Wie greift ein Benutzer auf seine PIN zu oder ändert sie?",
      "description": "",
      "createdTime": "2021-04-19T09:17:32.8380547Z",
      "updatedTime": "2021-04-19T09:17:32.8380547Z",
      "createdUserId": "d4c65e50-fb5c-4311-830a-05b59a11dd48"
    }
  ],
  "dialogs": [
    {
      "rootNodeId": "67e35e77-241a-458e-a9f3-4f0528c5a89e",
      "messageNodes": [
        {
          "botMessageId": "ad9d91af-891c-43b8-8b0d-2126c7ec5c72",
          "nodeType": "BotMessageNode",
          "id": "67e35e77-241a-458e-a9f3-4f0528c5a89e",
          "defaultTargetNodeId": "d99b0d57-80b7-42b6-ac14-d902a12b9e9a"
        }
      ],
      "dialogChangeNodes": [
        {
          "targetDialogId": "new_topic_30867099f4b543d3b8543a85c22c3418_aeabea4d071f415c8c107e1cb7af5424_assumedsuccess",
          "nodeType": "DialogChangeNode",
          "id": "d99b0d57-80b7-42b6-ac14-d902a12b9e9a"
        }
      ],
      "id": "new_topic_39488715f90948b7833d8aa8e9a65ea4",
      "displayName": "Dialog for Wie greift ein Benutzer auf seine PIN zu oder ändert sie?",
      "createdTime": "2021-04-19T09:17:32.8380547Z",
      "updatedTime": "2021-04-19T09:18:01.5803163Z",
      "createdUserId": "d4c65e50-fb5c-4311-830a-05b59a11dd48",
      "updatedUserId": "d4c65e50-fb5c-4311-830a-05b59a11dd48"
    }
  ],
  "botMessages": [
    {
      "channelContent": {
        "web": {
          "contentFormat": "Markdown",
          "content": "Die PIN kann nur vom Administrator für die Organisation zurückgesetzt werden."
        }
      },
      "id": "ad9d91af-891c-43b8-8b0d-2126c7ec5c72",
      "createdTime": "2021-04-19T09:17:32.8380547Z",
      "updatedTime": "2021-04-19T09:17:32.8380547Z",
      "createdUserId": "d4c65e50-fb5c-4311-830a-05b59a11dd48",
      "updatedUserId": "d4c65e50-fb5c-4311-830a-05b59a11dd48"
    }
  ]
}