{
  "intents": [
    {
      "intentType": "Regular",
      "endUserOverrideName": "View a hidden channel",
      "triggerQueries": [
        "What are the steps to view a hidden channel?",
        "Show hidden channel",
        "I want to show a hidden channel",
        "I want to see all the hidden channels",
        "undo that I've hidden a channel",
        "How do I see a hidden channel?",
        "I want to show a channel I previously hidden",
        "undoing hidden channel",
        "viewing a hidden channel",
        "How do I view a hidden channel?"
      ],
      "dialogId": "new_topic_cb4215cea2744bdeb685e1001ab03995",
      "isTriggeringEnabled": true,
      "id": "new_topic_cb4215cea2744bdeb685e1001ab03995",
      "displayName": "How do I view a hidden channel?",
      "description": "https://adoptbotv2kb.blob.core.windows.net/%24web/AdoptBot2021-English.docx",
      "createdTime": "2021-01-13T22:20:51.2381463Z",
      "updatedTime": "2021-01-27T22:55:50.8173416Z",
      "createdUserId": "f04d3cd9-b73d-4ba9-a1ed-9319eba29b21",
      "updatedUserId": "f04d3cd9-b73d-4ba9-a1ed-9319eba29b21"
    }
  ],
  "dialogs": [
    {
      "rootNodeId": "b818ddee-1e4b-443c-a70d-0485044d30ef",
      "messageNodes": [
        {
          "botMessageId": "81085277-216c-4f6c-a0ba-db56d57f68e5",
          "nodeType": "BotMessageNode",
          "id": "b818ddee-1e4b-443c-a70d-0485044d30ef",
          "defaultTargetNodeId": "0111be14-c4da-489f-9b23-a8fae62c1942"
        }
      ],
      "dialogChangeNodes": [
        {
          "targetDialogId": "new_topic_eac3f49c99664313a9d9dc19d80a79a2_aeabea4d071f415c8c107e1cb7af5424_assumedsuccess",
          "nodeType": "DialogChangeNode",
          "id": "0111be14-c4da-489f-9b23-a8fae62c1942"
        }
      ],
      "id": "new_topic_cb4215cea2744bdeb685e1001ab03995",
      "displayName": "Dialog for How do I view a hidden channel?",
      "createdTime": "2021-01-13T22:20:51.2381463Z",
      "updatedTime": "2021-01-27T22:56:40.287292Z",
      "createdUserId": "f04d3cd9-b73d-4ba9-a1ed-9319eba29b21",
      "updatedUserId": "f04d3cd9-b73d-4ba9-a1ed-9319eba29b21"
    }
  ],
  "botMessages": [
    {
      "channelContent": {
        "web": {
          "contentFormat": "Markdown",
          "content": "Go to your team’s name and click Hidden Channels.   \nSelect Show on any channel you want to see in your channel list."
        }
      },
      "id": "81085277-216c-4f6c-a0ba-db56d57f68e5",
      "createdTime": "2021-01-13T22:20:51.2381463Z",
      "updatedTime": "2021-01-13T22:20:51.2381463Z",
      "createdUserId": "f04d3cd9-b73d-4ba9-a1ed-9319eba29b21",
      "updatedUserId": "f04d3cd9-b73d-4ba9-a1ed-9319eba29b21"
    }
  ]
}