{
  "intents": [
    {
      "triggerQueries": [
        "Hur flyttar jag dokument från en kanal till en annan?",
        "Flytta dokument mellan olika kanaler?",
        "Flytt över en fil till annan plats i Teams?",
        "Min fil hamnade fel, hur kan jag flytta den?",
        "Flytta en fil från en kanal",
        "Flytta en fil i teams",
        "Flytta filer mellan olika team",
        "Flytta en fil från ett team till ett annat?",
        "Flytta filer mellan olika kanaler?",
        "Hur flyttar man filer mellan kanaler i Teams?"
      ],
      "dialogId": "new_topic_92e48a841e654908a7dbd354bbc3d39a",
      "isTriggeringEnabled": true,
      "id": "new_topic_92e48a841e654908a7dbd354bbc3d39a",
      "displayName": "Hur flyttar jag filer mellan kanaler i Teams?",
      "description": "",
      "createdTime": "2020-11-24T14:37:53.8230909Z",
      "updatedTime": "2020-12-14T14:43:44.5795825Z",
      "createdUserId": "f04d3cd9-b73d-4ba9-a1ed-9319eba29b21",
      "updatedUserId": "f04d3cd9-b73d-4ba9-a1ed-9319eba29b21"
    }
  ],
  "dialogs": [
    {
      "rootNodeId": "e05c1bb1-6753-40cf-8328-f4a7d2bf4719",
      "messageNodes": [
        {
          "botMessageId": "d8487eb1-6a7b-4951-8261-76519d874ce5",
          "nodeType": "BotMessageNode",
          "id": "e05c1bb1-6753-40cf-8328-f4a7d2bf4719",
          "defaultTargetNodeId": "d88bcb9f-bb5c-4b0e-ade4-5141b8812d0a"
        }
      ],
      "dialogChangeNodes": [
        {
          "targetDialogId": "new_topic_84ec227c19784e7ba25cb34f4638f91e_aeabea4d071f415c8c107e1cb7af5424_assumedsuccess",
          "nodeType": "DialogChangeNode",
          "id": "d88bcb9f-bb5c-4b0e-ade4-5141b8812d0a"
        }
      ],
      "id": "new_topic_92e48a841e654908a7dbd354bbc3d39a",
      "displayName": "Dialog for Hur flyttar man filer mellan kanaler i Teams?",
      "createdTime": "2020-11-24T14:37:53.8230909Z",
      "updatedTime": "2020-12-14T14:44:23.9376458Z",
      "createdUserId": "f04d3cd9-b73d-4ba9-a1ed-9319eba29b21",
      "updatedUserId": "f04d3cd9-b73d-4ba9-a1ed-9319eba29b21"
    }
  ],
  "botMessages": [
    {
      "channelContent": {
        "web": {
          "contentFormat": "Markdown",
          "content": "Du kan flytta filerna via fliken \"Filer\" i respektive kanal.   \nKika här om du önskar en steg-för-steg-guide: \n\n[Flytta eller kopiera filer i Teams](https://support.office.com/sv-se/article/move-or-copy-files-in-teams-f83ed547-359b-4fc8-bf5a-60467f53dd60)"
        }
      },
      "id": "d8487eb1-6a7b-4951-8261-76519d874ce5",
      "createdTime": "2020-11-24T14:37:53.8230909Z",
      "updatedTime": "2020-11-24T14:37:53.8230909Z",
      "createdUserId": "f04d3cd9-b73d-4ba9-a1ed-9319eba29b21",
      "updatedUserId": "f04d3cd9-b73d-4ba9-a1ed-9319eba29b21"
    }
  ]
}