{
  "intents": [
    {
      "endUserOverrideName": "Gi tittel til innlegget",
      "triggerQueries": [
        "Bruk tittel og undertittel i et innlegg",
        "Gi tittel til innlegget",
        "Lag titler til innleggene",
        "Hvordan kan jeg gi innleggene mine titler?"
      ],
      "dialogId": "new_topic_119ba5252e994f1897654e08c44ba244",
      "isTriggeringEnabled": true,
      "id": "new_topic_119ba5252e994f1897654e08c44ba244",
      "displayName": "Hvordan kan jeg gi innleggene mine titler?",
      "description": "",
      "createdTime": "2021-04-12T15:02:36.8699686Z",
      "updatedTime": "2021-04-30T07:56:31.7070756Z",
      "createdUserId": "ef0c8b9a-eff1-49f8-92fa-fd1d3e15e1ba"
    }
  ],
  "dialogs": [
    {
      "rootNodeId": "96fc51c7-472d-47fe-a4b1-3b039843f061",
      "messageNodes": [
        {
          "botMessageId": "bf2adb80-3117-42b0-b2f6-ffbcc59a65a8",
          "nodeType": "BotMessageNode",
          "id": "96fc51c7-472d-47fe-a4b1-3b039843f061",
          "defaultTargetNodeId": "e6f20bd7-27fc-4909-bfdc-b829c490d4cc"
        },
        {
          "botMessageId": "6d83bb9e-cfdc-4ff3-83cc-5c65d105261c",
          "nodeType": "BotMessageNode",
          "id": "e6f20bd7-27fc-4909-bfdc-b829c490d4cc",
          "defaultTargetNodeId": "14757912-a59b-4be5-bdfc-ff381083478c"
        },
        {
          "botMessageId": "51d3c62b-1541-4d25-a952-55c18fca75db",
          "nodeType": "BotMessageNode",
          "id": "14757912-a59b-4be5-bdfc-ff381083478c",
          "defaultTargetNodeId": "4c417904-c32d-4336-aa6e-ff22a8489c09"
        }
      ],
      "dialogChangeNodes": [
        {
          "targetDialogId": "new_topic_89c49d37fd4c4c1c9144396960733ce1_aeabea4d071f415c8c107e1cb7af5424_assumedsuccess",
          "nodeType": "DialogChangeNode",
          "id": "4c417904-c32d-4336-aa6e-ff22a8489c09"
        }
      ],
      "id": "new_topic_119ba5252e994f1897654e08c44ba244",
      "displayName": "Dialog for Hvordan kan jeg gi innleggene mine titler?",
      "createdTime": "2021-04-12T15:02:36.8699686Z",
      "updatedTime": "2021-04-30T07:56:43.7169168Z",
      "createdUserId": "ef0c8b9a-eff1-49f8-92fa-fd1d3e15e1ba",
      "updatedUserId": "ef0c8b9a-eff1-49f8-92fa-fd1d3e15e1ba"
    }
  ],
  "botMessages": [
    {
      "channelContent": {
        "web": {
          "contentFormat": "Markdown",
          "content": "Du kan bruke en tittel og undertittel for å få innlegg til å skille seg ut. Det vil hjelpe deg å søke etter det senere."
        }
      },
      "id": "bf2adb80-3117-42b0-b2f6-ffbcc59a65a8",
      "createdTime": "2021-04-12T15:02:36.8699686Z",
      "updatedTime": "2021-04-12T15:02:36.8699686Z",
      "createdUserId": "ef0c8b9a-eff1-49f8-92fa-fd1d3e15e1ba",
      "updatedUserId": "ef0c8b9a-eff1-49f8-92fa-fd1d3e15e1ba"
    },
    {
      "channelContent": {
        "web": {
          "contentFormat": "Markdown",
          "content": "Hvis du vil legge til dette, velger du **formateringsknappen** (den ser ut som en **A** med en penn) og legger til en tittel."
        }
      },
      "id": "6d83bb9e-cfdc-4ff3-83cc-5c65d105261c",
      "createdTime": "2021-04-30T07:54:41.62Z",
      "updatedTime": "2021-04-30T07:54:41.62Z",
      "createdUserId": "user-0",
      "updatedUserId": "user-0"
    },
    {
      "channelContent": {
        "web": {
          "contentFormat": "Markdown",
          "content": "💡 Hvis du ønsker å vite mer om formatering av tekst, så kan du spørre meg \"**Hvordan formatere innlegg**\"."
        }
      },
      "id": "51d3c62b-1541-4d25-a952-55c18fca75db",
      "createdTime": "2021-04-30T07:55:15.242Z",
      "updatedTime": "2021-04-30T07:55:15.242Z",
      "createdUserId": "user-0",
      "updatedUserId": "user-0"
    }
  ],
  "createdUtc": "0001-01-01T00:00:00Z"
}