{
  "intents": [
    {
      "endUserOverrideName": "@ voor je naam",
      "triggerQueries": [
        "ik krijg @ meldingen",
        "Hoe krijgt iemand een notificatie",
        "@naam",
        "Wat betekent @",
        "@notificatie"
      ],
      "dialogId": "new_topic_12dd555da4264b30b699ef2c35f0e0ed",
      "isTriggeringEnabled": true,
      "id": "new_topic_12dd555da4264b30b699ef2c35f0e0ed",
      "displayName": "Wat betekent @ voor mijn naam?",
      "description": "",
      "createdTime": "2021-03-17T14:05:02.4838875Z",
      "updatedTime": "2021-03-29T22:59:26.5741746Z",
      "createdUserId": "c1e90dc0-1df0-459d-8164-0dcb7915deaf",
      "updatedUserId": "c1e90dc0-1df0-459d-8164-0dcb7915deaf"
    }
  ],
  "dialogs": [
    {
      "rootNodeId": "14dc8db5-c4e9-4839-bb98-361c459e42f6",
      "messageNodes": [
        {
          "botMessageId": "d22bead0-ca84-404a-b920-873013cdab46",
          "nodeType": "BotMessageNode",
          "id": "aaf5ee86-63d5-4a4e-8727-0adf50c8dc47",
          "defaultTargetNodeId": "47a88691-fcfc-4df5-9854-8453b1aebdb1"
        },
        {
          "botMessageId": "44b937dc-7a38-4266-9972-a432c1bc4521",
          "nodeType": "BotMessageNode",
          "id": "14dc8db5-c4e9-4839-bb98-361c459e42f6",
          "defaultTargetNodeId": "aaf5ee86-63d5-4a4e-8727-0adf50c8dc47"
        },
        {
          "botMessageId": "03e2a78f-5e52-44b2-a298-ccc7af3409e2",
          "nodeType": "BotMessageNode",
          "id": "47a88691-fcfc-4df5-9854-8453b1aebdb1",
          "defaultTargetNodeId": "27b07b73-5727-469a-ad6f-f649001a3b8a"
        }
      ],
      "dialogChangeNodes": [
        {
          "targetDialogId": "new_topic_9d295c394a47419da3b4d205b7ed4c20_aeabea4d071f415c8c107e1cb7af5424_assumedsuccess",
          "nodeType": "DialogChangeNode",
          "id": "27b07b73-5727-469a-ad6f-f649001a3b8a"
        }
      ],
      "id": "new_topic_12dd555da4264b30b699ef2c35f0e0ed",
      "displayName": "Dialog for Wat betekent @ voor mijn naam?",
      "createdTime": "2021-03-17T14:05:02.4838875Z",
      "updatedTime": "2021-03-29T22:59:35.870626Z",
      "createdUserId": "c1e90dc0-1df0-459d-8164-0dcb7915deaf",
      "updatedUserId": "c1e90dc0-1df0-459d-8164-0dcb7915deaf"
    }
  ],
  "botMessages": [
    {
      "channelContent": {
        "web": {
          "contentFormat": "Markdown",
          "content": "Typ '@' voor de naam van wie je de aandacht wilt. De naam verschijnt dan dikgedrukt. U kunt ook de aandacht vragen van een heel team of kanaal. [Meer info](https://support.microsoft.com/nl-nl/office/iemands-aandacht-trekken-met-vermeldingen-in-teams-eb4f059d-320e-454e-b111-03361d4d6855?ui=nl-NL&rs=nl-NL&ad=NL)"
        }
      },
      "id": "d22bead0-ca84-404a-b920-873013cdab46",
      "createdTime": "2021-03-17T14:07:30.643Z",
      "updatedTime": "2021-03-17T14:07:30.643Z",
      "createdUserId": "user-0",
      "updatedUserId": "user-0"
    },
    {
      "channelContent": {
        "web": {
          "contentFormat": "Markdown",
          "content": "Iemands aandacht trekken met @vermeldingen in Teams. 📢"
        }
      },
      "id": "44b937dc-7a38-4266-9972-a432c1bc4521",
      "createdTime": "2021-03-17T14:09:25.937Z",
      "updatedTime": "2021-03-17T14:09:25.937Z",
      "createdUserId": "user-0",
      "updatedUserId": "user-0"
    },
    {
      "channelContent": {
        "web": {
          "contentFormat": "Markdown",
          "content": "Wanneer iemand je @mentions ontvangt je een melding in je activiteitsfeed 🔔"
        }
      },
      "id": "03e2a78f-5e52-44b2-a298-ccc7af3409e2",
      "createdTime": "2021-03-17T14:10:11.263Z",
      "updatedTime": "2021-03-17T14:10:11.263Z",
      "createdUserId": "user-0",
      "updatedUserId": "user-0"
    }
  ],
  "createdUtc": "0001-01-01T00:00:00Z"
}