{
  "intents": [
    {
      "triggerQueries": [
        "I want to change the display image in my Team",
        "How do I change the picture for my Team?",
        "Change your team's image?",
        "Change your team image",
        "change team picture",
        "replace the team image",
        "change photo of the team",
        "how do I upload a picture for the team?",
        "how do I change the team picture?",
        "Change your team's picture",
        "How do I change my team picture?",
        "怎麼換團隊照片",
        "團隊換照片",
        "換團隊照片",
        "團隊照片",
        "我要怎麼更換團隊的照片？",
        "我要怎麼幫我的團隊換照片",
        "更換團隊影像？",
        "更換團隊影像",
        "換團隊照片",
        "替換團隊的照片",
        "更換團隊的照片",
        "我要怎麼上傳團隊照片",
        "我要怎麼更換團隊照片",
        "更換團隊照片",
        "我要怎麼更換團隊照片"
      ],
      "dialogId": "new_topic_124b9220ab0b4cdfb054c8e3d01107e3",
      "isTriggeringEnabled": true,
      "id": "new_topic_124b9220ab0b4cdfb054c8e3d01107e3",
      "displayName": "更換團隊照片",
      "description": "https://adoptbotv2kb.blob.core.windows.net/%24web/AdoptBot2021-English.docx",
      "createdTime": "2021-11-17T04:59:52.6029045Z",
      "updatedTime": "2021-11-17T05:00:09.2593135Z",
      "createdUserId": "9c968d43-f7c2-4e28-895c-1f6bcefcd8be",
      "updatedUserId": "9c968d43-f7c2-4e28-895c-1f6bcefcd8be"
    }
  ],
  "dialogs": [
    {
      "rootNodeId": "c805f785-19ee-453a-bc2a-dfe4b09e3ea6",
      "messageNodes": [
        {
          "botMessageId": "fb75ea46-b063-4b84-93cc-02dc2f92232b",
          "nodeType": "BotMessageNode",
          "id": "c805f785-19ee-453a-bc2a-dfe4b09e3ea6",
          "defaultTargetNodeId": "16fc6228-95ec-45a9-a671-3bb4a51c4538"
        }
      ],
      "dialogChangeNodes": [
        {
          "targetDialogId": "new_topic_e2d1671328b941dbb60fa7150059b1ee_aeabea4d071f415c8c107e1cb7af5424_assumedsuccess",
          "nodeType": "DialogChangeNode",
          "id": "16fc6228-95ec-45a9-a671-3bb4a51c4538"
        }
      ],
      "id": "new_topic_124b9220ab0b4cdfb054c8e3d01107e3",
      "displayName": "Dialog for 更換團隊照片",
      "createdTime": "2021-11-17T04:59:52.6029045Z",
      "updatedTime": "2021-11-17T05:00:09.2593135Z",
      "createdUserId": "9c968d43-f7c2-4e28-895c-1f6bcefcd8be",
      "updatedUserId": "9c968d43-f7c2-4e28-895c-1f6bcefcd8be"
    }
  ],
  "botMessages": [
    {
      "channelContent": {
        "web": {
          "contentFormat": "Markdown",
          "content": "1.  找到團隊名稱點擊**更多選項(...) >管理團隊**\n2.  選擇**團隊照片＞更換照片**"
        }
      },
      "id": "fb75ea46-b063-4b84-93cc-02dc2f92232b",
      "createdTime": "2021-11-17T04:59:52.6029045Z",
      "updatedTime": "2021-11-17T04:59:52.6029045Z",
      "createdUserId": "9c968d43-f7c2-4e28-895c-1f6bcefcd8be",
      "updatedUserId": "9c968d43-f7c2-4e28-895c-1f6bcefcd8be"
    }
  ]
}