{
  "intents": [
    {
      "endUserOverrideName": "Conversazioni in un Team",
      "triggerQueries": [
        "Come si avvia una conversazione in Teams?",
        "avviare una nuova conversazione in un canale",
        "nuova conversazione in un canale",
        "Come rispondere a un post in un canale?",
        "rispondere o scrivere un nuovo post",
        "Creare post nel canale",
        "Come posso iniziare a collaborare su Teams per qualcosa in comune?",
        "come comunicare con i membri del mio team?",
        "scrivere a tutti i membri del team?",
        "lo scopo della scheda \"Post\" in un canale?",
        "Spiegami la scheda Post",
        "scrivere una nuova conversazione nel tuo team",
        "Come posso aprire una nuova discussione?",
        "Come iniziare una conversazione in un Team?"
      ],
      "dialogId": "new_topic_ac191aa7f547423e928fb258a985d88b",
      "isTriggeringEnabled": true,
      "id": "new_topic_ac191aa7f547423e928fb258a985d88b",
      "displayName": "Come inizio una conversazione in un Team?",
      "createdTime": "2022-04-29T19:17:19.8835275Z",
      "updatedTime": "2022-04-29T19:23:47.9361436Z",
      "createdUserId": "9451fc51-e00d-4445-8ff9-efb70866dc3b",
      "updatedUserId": "9451fc51-e00d-4445-8ff9-efb70866dc3b"
    }
  ],
  "dialogs": [
    {
      "rootNodeId": "4dc796cd-574b-4034-aa7f-0174d92e750c",
      "messageNodes": [
        {
          "botMessageId": "9374a51d-5af8-4d94-ab97-56939dd0c026",
          "nodeType": "BotMessageNode",
          "id": "4dc796cd-574b-4034-aa7f-0174d92e750c",
          "defaultTargetNodeId": "62022e9a-18de-4485-ad62-9f611507c6f1"
        },
        {
          "botMessageId": "fdacdef4-80e1-43ef-a260-507ce11e62fd",
          "nodeType": "BotMessageNode",
          "id": "62022e9a-18de-4485-ad62-9f611507c6f1",
          "defaultTargetNodeId": "9d6ef097-8b21-46ea-8356-6faf66a9ea86"
        },
        {
          "botMessageId": "d5183c55-3a35-463c-9d53-3fff8fbec636",
          "nodeType": "BotMessageNode",
          "id": "9d6ef097-8b21-46ea-8356-6faf66a9ea86",
          "defaultTargetNodeId": "69304476-766c-4eeb-bda3-af5215d614be"
        },
        {
          "botMessageId": "8ac47c73-17be-4ebe-9625-8e98e4d80055",
          "nodeType": "BotMessageNode",
          "id": "69304476-766c-4eeb-bda3-af5215d614be",
          "defaultTargetNodeId": "2f567173-9a24-440f-b166-56d1f43291ba"
        }
      ],
      "dialogChangeNodes": [
        {
          "targetDialogId": "new_topic_f98a24608ee04cb998de3e3e32703d5b_aeabea4d071f415c8c107e1cb7af5424_assumedsuccess",
          "nodeType": "DialogChangeNode",
          "id": "2f567173-9a24-440f-b166-56d1f43291ba"
        }
      ],
      "id": "new_topic_ac191aa7f547423e928fb258a985d88b",
      "displayName": "Senza titolo",
      "createdTime": "2022-04-29T19:17:19.8835275Z",
      "updatedTime": "2022-04-29T19:23:47.9361436Z",
      "createdUserId": "9451fc51-e00d-4445-8ff9-efb70866dc3b",
      "updatedUserId": "9451fc51-e00d-4445-8ff9-efb70866dc3b"
    }
  ],
  "botMessages": [
    {
      "channelContent": {
        "web": {
          "contentFormat": "Markdown",
          "content": "In ogni canale in Teams, la prima scheda è \"Post\". Pensa a questa come a una grande chat di gruppo, ma migliore. \n\nTutti coloro che hanno accesso al team possono vedere i messaggi nella scheda Post."
        }
      },
      "id": "9374a51d-5af8-4d94-ab97-56939dd0c026",
      "createdTime": "2022-04-29T19:02:33.116Z",
      "updatedTime": "2022-04-29T19:02:33.116Z"
    },
    {
      "channelContent": {
        "web": {
          "contentFormat": "Markdown",
          "content": "[Segui questi passaggi per inviare un messaggio a tutti in un canale:](https://support.microsoft.com/it-it/office/inviare-un-messaggio-a-un-canale-in-teams-5c8131ce-eaad-4798-bc73-e33f4652a9c4) Innanzitutto, seleziona il canale che desideri digitare.\n\n*   Quindi fai clic su \"**Rispondi**\" per rispondere al thread esistente **o** premi il pulsante \"**Nuova conversazione**\" per avviarne uno nuovo.\n*   Digita il tuo messaggio nel riquadro e seleziona Invia."
        }
      },
      "id": "fdacdef4-80e1-43ef-a260-507ce11e62fd",
      "createdTime": "2022-04-29T19:12:15.067Z",
      "updatedTime": "2022-04-29T19:12:15.067Z",
      "createdUserId": "user-0",
      "updatedUserId": "user-0"
    },
    {
      "channelContent": {
        "web": {
          "contentFormat": "Markdown",
          "content": "Ecco! Il tuo messaggio è ora live sul canale 👍"
        }
      },
      "id": "d5183c55-3a35-463c-9d53-3fff8fbec636",
      "createdTime": "2022-04-29T19:15:11.98Z",
      "updatedTime": "2022-04-29T19:15:11.98Z",
      "createdUserId": "user-0",
      "updatedUserId": "user-0"
    },
    {
      "channelContent": {
        "web": {
          "contentFormat": "Markdown",
          "content": "💡 **Suggerimento**: se vuoi parlare solo con una persona o un piccolo gruppo, puoi [avviare una chat privata](https://support.microsoft.com/it-it/office/avviare-una-chat-in-teams-0c71b32b-c050-4930-a887-5afbe742b3d8)."
        }
      },
      "id": "8ac47c73-17be-4ebe-9625-8e98e4d80055",
      "createdTime": "2022-04-29T19:15:47.763Z",
      "updatedTime": "2022-04-29T19:15:47.763Z",
      "createdUserId": "user-0",
      "updatedUserId": "user-0"
    }
  ]
}