{
  "intents": [
    {
      "triggerQueries": [
        "ny merker",
        "ny tagger",
        "Lag tagger",
        "Lag merker",
        "Opprett tagger",
        "Opprett merker",
        "Administrer merker",
        "Hvordan oppretter jeg merker (tagger) for mitt team?"
      ],
      "dialogId": "new_topic_671fd4fcf89b4b049e6ae92a3f2268e2",
      "isTriggeringEnabled": true,
      "id": "new_topic_671fd4fcf89b4b049e6ae92a3f2268e2",
      "displayName": "Hvordan oppretter jeg merker (tagger) for mitt team?",
      "description": "https://norwegianteams.blob.core.windows.net/norwegian-container/TIMA QA P19.docx",
      "createdTime": "2021-03-24T20:09:21.5452642Z",
      "updatedTime": "2021-04-06T18:37:05.8031544Z",
      "createdUserId": "ef0c8b9a-eff1-49f8-92fa-fd1d3e15e1ba",
      "updatedUserId": "ef0c8b9a-eff1-49f8-92fa-fd1d3e15e1ba"
    }
  ],
  "dialogs": [
    {
      "rootNodeId": "b0da9ea7-da97-4d18-8b4a-25f87d50c3c4",
      "messageNodes": [
        {
          "botMessageId": "e33948d9-b6d8-4f5b-9803-306a2d92d49b",
          "nodeType": "BotMessageNode",
          "id": "b0da9ea7-da97-4d18-8b4a-25f87d50c3c4",
          "defaultTargetNodeId": "6a46e417-bf41-4c9f-9ffc-9af2e414b616"
        },
        {
          "botMessageId": "be88b21f-a536-453c-9c50-89783b5946c8",
          "nodeType": "BotMessageNode",
          "id": "6a46e417-bf41-4c9f-9ffc-9af2e414b616",
          "defaultTargetNodeId": "510545df-115d-4302-b4a0-d5ce3d3454da"
        }
      ],
      "dialogChangeNodes": [
        {
          "targetDialogId": "new_topic_89c49d37fd4c4c1c9144396960733ce1_aeabea4d071f415c8c107e1cb7af5424_assumedsuccess",
          "nodeType": "DialogChangeNode",
          "id": "510545df-115d-4302-b4a0-d5ce3d3454da"
        }
      ],
      "id": "new_topic_671fd4fcf89b4b049e6ae92a3f2268e2",
      "displayName": "Dialog for Hvordan oppretter jeg merker (tagger) for mitt team?",
      "createdTime": "2021-03-24T20:09:21.5452642Z",
      "updatedTime": "2021-04-06T18:36:37.8816424Z",
      "createdUserId": "ef0c8b9a-eff1-49f8-92fa-fd1d3e15e1ba",
      "updatedUserId": "ef0c8b9a-eff1-49f8-92fa-fd1d3e15e1ba"
    }
  ],
  "botMessages": [
    {
      "channelContent": {
        "web": {
          "contentFormat": "Markdown",
          "content": "For å opprette et merke:\n\n1.  Velg **Team** på venstre side av appen, og finn teamet ditt i listen.\n2.  Velg deretter **Flere alternativer…**, og velg **Administrer merker**."
        }
      },
      "id": "e33948d9-b6d8-4f5b-9803-306a2d92d49b",
      "createdTime": "2021-03-24T20:09:21.5452642Z",
      "updatedTime": "2021-03-24T20:09:21.5452642Z",
      "createdUserId": "ef0c8b9a-eff1-49f8-92fa-fd1d3e15e1ba",
      "updatedUserId": "ef0c8b9a-eff1-49f8-92fa-fd1d3e15e1ba"
    },
    {
      "channelContent": {
        "web": {
          "contentFormat": "Markdown",
          "content": "Her kan du opprette merker og tilordne dem til medlemmer i teamet."
        }
      },
      "id": "be88b21f-a536-453c-9c50-89783b5946c8",
      "createdTime": "2021-04-06T18:36:30.522Z",
      "updatedTime": "2021-04-06T18:36:30.522Z",
      "createdUserId": "user-0",
      "updatedUserId": "user-0"
    }
  ],
  "createdUtc": "0001-01-01T00:00:00Z"
}