{
  "intents": [
    {
      "triggerQueries": [
        "En kunngjøring til flere kanaler",
        "Send kunngjøring til flere kanaler i Teams",
        "Publiser et innlegg i flere kanaler i Teams"
      ],
      "dialogId": "new_topic_03ac7edb410e4affb331daf78fca5f6c",
      "isTriggeringEnabled": true,
      "id": "new_topic_03ac7edb410e4affb331daf78fca5f6c",
      "displayName": "Publiser et innlegg i flere kanaler i Teams",
      "description": "https://norwegianteams.blob.core.windows.net/norwegian-container/TIMA QA P19.docx",
      "createdTime": "2021-03-24T20:09:21.5452642Z",
      "updatedTime": "2021-04-06T18:20:39.687555Z",
      "createdUserId": "ef0c8b9a-eff1-49f8-92fa-fd1d3e15e1ba",
      "updatedUserId": "ef0c8b9a-eff1-49f8-92fa-fd1d3e15e1ba"
    }
  ],
  "dialogs": [
    {
      "rootNodeId": "a0732423-1172-4400-b08f-817b428cc55f",
      "messageNodes": [
        {
          "botMessageId": "0c9e6e59-e29e-4c41-9f23-898a01486953",
          "nodeType": "BotMessageNode",
          "id": "a0732423-1172-4400-b08f-817b428cc55f",
          "defaultTargetNodeId": "5b2779d9-9325-412a-b0af-76a36d0b413d"
        },
        {
          "botMessageId": "c460e70b-ebf5-4b8b-8de1-ac11a97f29d8",
          "nodeType": "BotMessageNode",
          "id": "5b2779d9-9325-412a-b0af-76a36d0b413d",
          "defaultTargetNodeId": "38a828a4-4b6a-46e2-9eea-e82faba45f26"
        }
      ],
      "dialogChangeNodes": [
        {
          "targetDialogId": "new_topic_89c49d37fd4c4c1c9144396960733ce1_aeabea4d071f415c8c107e1cb7af5424_assumedsuccess",
          "nodeType": "DialogChangeNode",
          "id": "38a828a4-4b6a-46e2-9eea-e82faba45f26"
        }
      ],
      "id": "new_topic_03ac7edb410e4affb331daf78fca5f6c",
      "displayName": "Dialog for Publiser et innlegg i flere kanaler i Teams",
      "createdTime": "2021-03-24T20:09:21.5452642Z",
      "updatedTime": "2021-04-06T18:20:19.8113385Z",
      "createdUserId": "ef0c8b9a-eff1-49f8-92fa-fd1d3e15e1ba",
      "updatedUserId": "ef0c8b9a-eff1-49f8-92fa-fd1d3e15e1ba"
    }
  ],
  "botMessages": [
    {
      "channelContent": {
        "web": {
          "contentFormat": "Markdown",
          "content": "Har du informasjon eller en kunngjøring som må deles på tvers av flere team og kanaler? Du kan legge innlegget i flere kanaler samtidig."
        }
      },
      "id": "0c9e6e59-e29e-4c41-9f23-898a01486953",
      "createdTime": "2021-03-24T20:09:21.5452642Z",
      "updatedTime": "2021-03-24T20:09:21.5452642Z",
      "createdUserId": "ef0c8b9a-eff1-49f8-92fa-fd1d3e15e1ba",
      "updatedUserId": "ef0c8b9a-eff1-49f8-92fa-fd1d3e15e1ba"
    },
    {
      "channelContent": {
        "web": {
          "contentFormat": "Markdown",
          "content": "For å publisere et innlegg i flere kanaler samtidig:\n\n1.  I kanalen velger du **Format** i Teams under tekstboksen der du skriver inn meldingen.\n2.  Velg en meldingstype øverst i boksen som åpnes: **Ny samtale** eller **Kunngjøring**.\n3.  Velg **Publiser i flere kanaler** > Velg **kanaler**.\n4.  Velg kanalene du vil legge inn i, eller bruk søk til å finne en kanal. Du kan publisere det i de kanalene du er medlem i.\n5.  Velg **Oppdater**. **Til** -feltet oppdaterer og viser kanalene du vil legge inn i.\n6.  Skriv innlegget, og velg **Send**. Dette legger innlegget inn i de valgte kanalene."
        }
      },
      "id": "c460e70b-ebf5-4b8b-8de1-ac11a97f29d8",
      "createdTime": "2021-04-06T18:19:44.532Z",
      "updatedTime": "2021-04-06T18:19:44.532Z",
      "createdUserId": "user-0",
      "updatedUserId": "user-0"
    }
  ],
  "createdUtc": "0001-01-01T00:00:00Z"
}