{
  "intents": [
    {
      "intentType": "Regular",
      "endUserOverrideName": "Adjust your Teams notifications",
      "triggerQueries": [
        "handle my teams notifications",
        "handle settings for my alerts",
        "adjusting notifications",
        "Adjust my notifications in Teams",
        "Adjust your Teams notifications",
        "How do I set up my notifications in Teams?",
        "How can i change notifications?",
        "Change Teams notifications?",
        "How do I change notifications",
        "How do I Change Teams notifications?"
      ],
      "dialogId": "new_topic_748fff42d305440fbec83bf9e83c2051",
      "isTriggeringEnabled": true,
      "id": "new_topic_748fff42d305440fbec83bf9e83c2051",
      "displayName": "How do I change Teams notifications?",
      "description": "https://adoptbotv2kb.blob.core.windows.net/%24web/AdoptBot2021-English.docx",
      "createdTime": "2021-01-13T22:20:51.2381463Z",
      "updatedTime": "2021-01-27T21:37:31.5024842Z",
      "createdUserId": "f04d3cd9-b73d-4ba9-a1ed-9319eba29b21",
      "updatedUserId": "f04d3cd9-b73d-4ba9-a1ed-9319eba29b21"
    }
  ],
  "dialogs": [
    {
      "rootNodeId": "5228c907-89eb-4e5e-ad48-a5413fa1f86f",
      "messageNodes": [
        {
          "botMessageId": "18ba10e4-07bd-485c-884a-bdd3a5fff323",
          "nodeType": "BotMessageNode",
          "id": "5228c907-89eb-4e5e-ad48-a5413fa1f86f",
          "defaultTargetNodeId": "d3b7a3e6-fa75-40c0-8af8-979a2c84ee4c"
        },
        {
          "botMessageId": "592ac5e8-ca1b-4bcb-ae4d-f50869283055",
          "nodeType": "BotMessageNode",
          "id": "d3b7a3e6-fa75-40c0-8af8-979a2c84ee4c",
          "defaultTargetNodeId": "5c1f5a79-5606-4b08-82f4-5d1369da47ad"
        },
        {
          "botMessageId": "71bb6e59-4f64-4fb0-a78f-9a474c3c468e",
          "nodeType": "BotMessageNode",
          "id": "5c1f5a79-5606-4b08-82f4-5d1369da47ad",
          "defaultTargetNodeId": "8362d040-5a36-4b58-8f07-9fa734e678f0"
        },
        {
          "botMessageId": "81d05c2e-2078-4ed7-9a9e-78ba4b32abe3",
          "nodeType": "BotMessageNode",
          "id": "8362d040-5a36-4b58-8f07-9fa734e678f0",
          "defaultTargetNodeId": "816f6606-4bda-4796-bf6e-243e9b993f0c"
        }
      ],
      "dialogChangeNodes": [
        {
          "targetDialogId": "new_topic_eac3f49c99664313a9d9dc19d80a79a2_aeabea4d071f415c8c107e1cb7af5424_assumedsuccess",
          "nodeType": "DialogChangeNode",
          "id": "816f6606-4bda-4796-bf6e-243e9b993f0c"
        }
      ],
      "id": "new_topic_748fff42d305440fbec83bf9e83c2051",
      "displayName": "Dialog for How do I Change Teams notifications?",
      "createdTime": "2021-01-13T22:20:51.2381463Z",
      "updatedTime": "2021-01-27T21:36:54.655512Z",
      "createdUserId": "f04d3cd9-b73d-4ba9-a1ed-9319eba29b21",
      "updatedUserId": "f04d3cd9-b73d-4ba9-a1ed-9319eba29b21"
    }
  ],
  "botMessages": [
    {
      "channelContent": {
        "web": {
          "contentFormat": "Markdown",
          "content": "Microsoft Teams offers different ways to access, receive, and manage notifications.  \nSee all details on [managing your notifications in Microsoft Teams on any device](https://support.microsoft.com/en-us/office/manage-notifications-in-teams-1cc31834-5fe5-412b-8edb-43fecc78413d)."
        }
      },
      "id": "18ba10e4-07bd-485c-884a-bdd3a5fff323",
      "createdTime": "2021-01-13T22:20:51.2381463Z",
      "updatedTime": "2021-01-13T22:20:51.2381463Z",
      "createdUserId": "f04d3cd9-b73d-4ba9-a1ed-9319eba29b21",
      "updatedUserId": "f04d3cd9-b73d-4ba9-a1ed-9319eba29b21"
    },
    {
      "channelContent": {
        "web": {
          "contentFormat": "Markdown",
          "content": "These settings include how, when, and where your notifications appear, custom settings for channels and chat, appearance, and sounds, turning off specific messages, and so on."
        }
      },
      "id": "592ac5e8-ca1b-4bcb-ae4d-f50869283055",
      "createdTime": "2021-01-27T21:32:51.369Z",
      "updatedTime": "2021-01-27T21:32:51.369Z",
      "createdUserId": "user-0",
      "updatedUserId": "user-0"
    },
    {
      "channelContent": {
        "web": {
          "contentFormat": "Markdown",
          "content": "**To manage your notifications,**\n\n1.  Select your profile picture in Teams.\n2.  Select Settings > Notifications."
        }
      },
      "id": "71bb6e59-4f64-4fb0-a78f-9a474c3c468e",
      "createdTime": "2021-01-27T21:33:28.219Z",
      "updatedTime": "2021-01-27T21:33:28.219Z",
      "createdUserId": "user-0",
      "updatedUserId": "user-0"
    },
    {
      "channelContent": {
        "web": {
          "contentFormat": "Markdown",
          "content": "💡 **Tip:** [Smart things to know about notifications in Teams](https://support.microsoft.com/en-us/office/six-things-to-know-about-notifications-abb62c60-3d15-4968-b86a-42fea9c22cf4)"
        }
      },
      "id": "81d05c2e-2078-4ed7-9a9e-78ba4b32abe3",
      "createdTime": "2021-01-27T21:35:51.899Z",
      "updatedTime": "2021-01-27T21:35:51.899Z",
      "createdUserId": "user-0",
      "updatedUserId": "user-0"
    }
  ]
}