{
  "intents": [
    {
      "triggerQueries": [
        "Videresend en epost",
        "Kan jeg videresende en e-post til en kanal?"
      ],
      "dialogId": "new_topic_5350a4d209d847ffa724e6b6c9921398",
      "isTriggeringEnabled": true,
      "id": "new_topic_5350a4d209d847ffa724e6b6c9921398",
      "displayName": "Kan jeg videresende en e-post til en kanal?",
      "description": "https://norwegianteams.blob.core.windows.net/norwegian-container/TIMA QA P19.docx",
      "createdTime": "2021-03-24T20:09:21.5452642Z",
      "updatedTime": "2021-04-06T18:11:36.5902499Z",
      "createdUserId": "ef0c8b9a-eff1-49f8-92fa-fd1d3e15e1ba",
      "updatedUserId": "ef0c8b9a-eff1-49f8-92fa-fd1d3e15e1ba"
    }
  ],
  "dialogs": [
    {
      "rootNodeId": "4d46cbb0-0beb-45d1-a1e3-6c1468c99b78",
      "messageNodes": [
        {
          "botMessageId": "1fbebba2-d08d-4cee-914d-7d6c35a3e9cb",
          "nodeType": "BotMessageNode",
          "id": "4d46cbb0-0beb-45d1-a1e3-6c1468c99b78",
          "defaultTargetNodeId": "1012947a-30a4-4908-b12a-935cc18c01fb"
        }
      ],
      "dialogChangeNodes": [
        {
          "targetDialogId": "new_topic_89c49d37fd4c4c1c9144396960733ce1_aeabea4d071f415c8c107e1cb7af5424_assumedsuccess",
          "nodeType": "DialogChangeNode",
          "id": "1012947a-30a4-4908-b12a-935cc18c01fb"
        }
      ],
      "id": "new_topic_5350a4d209d847ffa724e6b6c9921398",
      "displayName": "Dialog for Kan jeg videresende en e-post til en kanal?",
      "createdTime": "2021-03-24T20:09:21.5452642Z",
      "updatedTime": "2021-04-06T18:11:28.7633655Z",
      "createdUserId": "ef0c8b9a-eff1-49f8-92fa-fd1d3e15e1ba",
      "updatedUserId": "ef0c8b9a-eff1-49f8-92fa-fd1d3e15e1ba"
    }
  ],
  "botMessages": [
    {
      "channelContent": {
        "web": {
          "contentFormat": "Markdown",
          "content": "For å [videresende en e-post](https://support.microsoft.com/nb-no/office/skicka-e-post-till-en-kanal-i-teams-d91db004-d9d7-4a47-82e6-fb1b16dfd51e?ui=nb-no&rs=nb-no&ad=se) til en kanal: \n\n1.  Åpne e-posten du vil videresende.\n2.  Lim inn den kopierte e-postadressen i Til-linjen i e-posten.\n3.  Velg **Send**."
        }
      },
      "id": "1fbebba2-d08d-4cee-914d-7d6c35a3e9cb",
      "createdTime": "2021-03-24T20:09:21.5452642Z",
      "updatedTime": "2021-03-24T20:09:21.5452642Z",
      "createdUserId": "ef0c8b9a-eff1-49f8-92fa-fd1d3e15e1ba",
      "updatedUserId": "ef0c8b9a-eff1-49f8-92fa-fd1d3e15e1ba"
    }
  ],
  "createdUtc": "0001-01-01T00:00:00Z"
}