{
  "properties": {
    "connectionReferences": {
      "shared_teams": {
        "runtimeSource": "embedded",
        "connection": {
          "connectionReferenceLogicalName": "new_sharedteams_cdbe4"
        },
        "api": {
          "name": "shared_teams"
        }
      },
      "shared_office365users": {
        "runtimeSource": "embedded",
        "connection": {
          "connectionReferenceLogicalName": "new_sharedoffice365users_fbbb1"
        },
        "api": {
          "name": "shared_office365users"
        }
      }
    },
    "definition": {
      "$schema": "https://schema.management.azure.com/providers/Microsoft.Logic/schemas/2016-06-01/workflowdefinition.json#",
      "contentVersion": "1.0.0.0",
      "parameters": {
        "$connections": {
          "defaultValue": {},
          "type": "Object"
        },
        "$authentication": {
          "defaultValue": {},
          "type": "SecureObject"
        }
      },
      "triggers": {
        "manual": {
          "metadata": {
            "operationMetadataId": "40f2960a-06a3-448a-b7f5-e05c5a01090e"
          },
          "type": "Request",
          "kind": "VirtualAgent",
          "inputs": {
            "schema": {
              "type": "object",
              "properties": {
                "text": {
                  "title": "User Display name",
                  "type": "string",
                  "x-ms-dynamically-added": true,
                  "description": "The user's display name in Microsoft Teams",
                  "x-ms-content-hint": "TEXT"
                },
                "text_1": {
                  "title": "UPN (UserID)",
                  "type": "string",
                  "x-ms-dynamically-added": true,
                  "description": "Unique user ID",
                  "x-ms-content-hint": "TEXT"
                },
                "text_2": {
                  "title": "User feedback",
                  "type": "string",
                  "x-ms-dynamically-added": true,
                  "description": "The feedback the user wrote to the bot",
                  "x-ms-content-hint": "TEXT"
                },
                "text_3": {
                  "title": "Title of user feedback",
                  "type": "string",
                  "x-ms-dynamically-added": true,
                  "description": "The titel the user gave his or her feedback",
                  "x-ms-content-hint": "TEXT"
                },
                "text_4": {
                  "title": "Feedback type",
                  "type": "string",
                  "x-ms-dynamically-added": true,
                  "description": "The type of feedback provided by the user",
                  "x-ms-content-hint": "TEXT"
                }
              },
              "required": [
                "text",
                "text_1",
                "text_2",
                "text_3",
                "text_4"
              ]
            }
          }
        }
      },
      "actions": {
        "Return_value(s)_to_Power_Virtual_Agents": {
          "runAfter": {
            "Post_adaptive_card_in_a_chat_or_channel": [
              "Succeeded"
            ]
          },
          "metadata": {
            "operationMetadataId": "777d2e00-cd1d-4f74-80b3-cc8324fd6790"
          },
          "type": "Response",
          "kind": "VirtualAgent",
          "inputs": {
            "statusCode": 200,
            "body": {},
            "schema": {
              "type": "object",
              "properties": {}
            }
          }
        },
        "Post_adaptive_card_in_a_chat_or_channel": {
          "runAfter": {
            "Get_user_profile_(V2)": [
              "Succeeded"
            ]
          },
          "metadata": {
            "operationMetadataId": "69b64aed-ae13-41d3-88e0-21a0b9147b69"
          },
          "type": "OpenApiConnection",
          "inputs": {
            "host": {
              "apiId": "/providers/Microsoft.PowerApps/apis/shared_teams",
              "connectionName": "shared_teams",
              "operationId": "PostCardToConversation"
            },
            "parameters": {
              "poster": "Flow bot",
              "location": "Channel",
              "body/recipient/groupId": "71cb7397-480e-4a32-86c1-b05e230cd796",
              "body/recipient/channelId": "19:81bd1ef7086142ea8fdd513b26996b1a@thread.tacv2",
              "body/messageBody": "{ \n    \"type\": \"AdaptiveCard\",\n    \"body\": [\n        {\n            \"type\": \"TextBlock\",\n            \"size\": \"Large\",\n            \"weight\": \"Bolder\",\n            \"text\": \"Feedback title: @{triggerBody()['text_3']}\",\n            \"wrap\": true\n        },\n        {\n            \"type\": \"ColumnSet\",\n            \"columns\": [\n                {\n                    \"type\": \"Column\",\n                    \"items\": [\n                        {\n                            \"type\": \"TextBlock\",\n                            \"text\": \"@{triggerBody()['text']} shared feedback.\",\n                            \"wrap\": true\n                        }\n                    ],\n                    \"width\": \"stretch\"\n                }\n            ]\n        },\n   {\n            \"type\": \"TextBlock\",\n            \"weight\": \"Bolder\",\n            \"text\": \"Type: @{triggerBody()['text_4']}\",\n            \"wrap\": true\n        },\n        {\n            \"type\": \"TextBlock\",\n            \"text\": \"Feedback:\n @{triggerBody()['text_2']}\",\n            \"wrap\": true\n        }\n    ],\n    \"$schema\": \"http://adaptivecards.io/schemas/adaptive-card.json\",\n    \"version\": \"1.2\",\n    \"actions\": [\n        {\n            \"type\": \"Action.OpenUrl\",\n            \"title\": \"Chat with @{outputs('Get_user_profile_(V2)')?['body/displayName']}\",\n            \"url\": \"https://teams.microsoft.com/l/chat/0/0?users=@{outputs('Get_user_profile_(V2)')?['body/userPrincipalName']}\"\n        }\n    ]\n}"
            },
            "authentication": "@parameters('$authentication')"
          }
        },
        "Get_user_profile_(V2)": {
          "runAfter": {},
          "metadata": {
            "operationMetadataId": "fd49b539-b6da-4a83-9859-5d8aed87da0c"
          },
          "type": "OpenApiConnection",
          "inputs": {
            "host": {
              "apiId": "/providers/Microsoft.PowerApps/apis/shared_office365users",
              "connectionName": "shared_office365users",
              "operationId": "UserProfile_V2"
            },
            "parameters": {
              "id": "@triggerBody()['text_1']"
            },
            "authentication": "@parameters('$authentication')"
          }
        }
      },
      "outputs": {}
    }
  },
  "schemaVersion": "1.0.0.0"
}