{
  "intents": [
    {
      "triggerQueries": [
        "Kan jeg sende en epost med vedlegg til en kanal i Teams?",
        "hvorfor får jeg feilmelding ved sending av epost til en Teams kanal?",
        "feilmelding epost til en kanal",
        "Feilmelding ved sending av epost til en kanal",
        "Årsaker til feilmeldinger ved sending av en epost til en kanal",
        "Feilsøk sending av en e-post til en kanal"
      ],
      "dialogId": "new_topic_544e26e3aca34099b6d05390eda5b80e",
      "isTriggeringEnabled": true,
      "id": "new_topic_544e26e3aca34099b6d05390eda5b80e",
      "displayName": "Feilsøk sending av en e-post til en kanal",
      "description": "https://norwegianteams.blob.core.windows.net/norwegian-container/TIMA QA P19.docx",
      "createdTime": "2021-03-24T20:09:21.5452642Z",
      "updatedTime": "2021-04-06T18:18:46.8569143Z",
      "createdUserId": "ef0c8b9a-eff1-49f8-92fa-fd1d3e15e1ba",
      "updatedUserId": "ef0c8b9a-eff1-49f8-92fa-fd1d3e15e1ba"
    }
  ],
  "dialogs": [
    {
      "rootNodeId": "07a9ea0a-dd87-49b0-94f7-531c27adedd6",
      "messageNodes": [
        {
          "botMessageId": "37765d7f-fc68-4418-9912-2f2482db1c87",
          "nodeType": "BotMessageNode",
          "id": "07a9ea0a-dd87-49b0-94f7-531c27adedd6",
          "defaultTargetNodeId": "fef0ee82-b64a-49b3-822c-8676cfeef2aa"
        }
      ],
      "dialogChangeNodes": [
        {
          "targetDialogId": "new_topic_89c49d37fd4c4c1c9144396960733ce1_aeabea4d071f415c8c107e1cb7af5424_assumedsuccess",
          "nodeType": "DialogChangeNode",
          "id": "fef0ee82-b64a-49b3-822c-8676cfeef2aa"
        }
      ],
      "id": "new_topic_544e26e3aca34099b6d05390eda5b80e",
      "displayName": "Dialog for Feilsøk sending av en e-post til en kanal",
      "createdTime": "2021-03-24T20:09:21.5452642Z",
      "updatedTime": "2021-04-06T18:18:37.5176757Z",
      "createdUserId": "ef0c8b9a-eff1-49f8-92fa-fd1d3e15e1ba",
      "updatedUserId": "ef0c8b9a-eff1-49f8-92fa-fd1d3e15e1ba"
    }
  ],
  "botMessages": [
    {
      "channelContent": {
        "web": {
          "contentFormat": "Markdown",
          "content": "Følgende er noen årsaker til feilmeldinger som du kan få ved sending av en e-post til en kanal:\n\n*   Funksjonen er ikke aktivert av IT-administratoren din. Kontakt administratoren for mer informasjon. Administratoren kan konfigurere denne funksjonen ved hjelp av [e-post integrasjon under Teams-innstillinger for hele organisasjonen.](https://docs.microsoft.com/en-us/microsoftteams/enable-features-office-365)\n*   Kanal innstillingene begrenser hvem som kan sende e-post, for eksempel [at innstillingen for endring av kanal er aktivert](https://docs.microsoft.com/en-us/microsoftteams/manage-channel-moderation-in-teams). Ta kontakt med deres teameier for å se om du har tillatelse til å sende e-post til kanalen.\n*   E-posten inneholder mer enn 50 bilder.\n*   E-posten har mer enn 20 filvedlegg.\n*   E-posten har et vedlegg som er større enn 10 MB.\n*   SharePoint-mappen som er tilknyttet kanalen, ble slettet, har fått nytt navn eller er ikke synkronisert. Hvis du vil synkronisere, kan du gå til kanalen, velg **Filer** og deretter velg **Synkroniser** .\n*   Beskyttelse mot søppelpost blokkerer e-post. Ta kontakt med IT-administratoren for å være sikker på at domenet som brukes i e-postadressen ikke blokkeres. Administratoren bør også kontrollere at andre innstillinger for teamadministrasjon tillater at e-post sendes til kanalen."
        }
      },
      "id": "37765d7f-fc68-4418-9912-2f2482db1c87",
      "createdTime": "2021-03-24T20:09:21.5452642Z",
      "updatedTime": "2021-03-24T20:09:21.5452642Z",
      "createdUserId": "ef0c8b9a-eff1-49f8-92fa-fd1d3e15e1ba",
      "updatedUserId": "ef0c8b9a-eff1-49f8-92fa-fd1d3e15e1ba"
    }
  ],
  "createdUtc": "0001-01-01T00:00:00Z"
}