{
  "intents": [
    {
      "triggerQueries": [
        "bytte navn på generelt kanalen",
        "Har alle teams en generell-kanal?",
        "Formålet til generelt kanalen i teams-gruppe",
        "hva er generell kanal",
        "fjern generell kanal",
        "hvordan bruker jeg generell kanal",
        "slett kanalen generell",
        "generell kanal",
        "Slett generelt kanal",
        "Kan jeg fjerne generelt kanalen?",
        "Kan jeg slette kanalen generelt?",
        "Hva er målet med generelt kanal?",
        "Hva er formål med generelt kanal?",
        "hvordan bruker jeg generelt kanalen?",
        "Hva betyr generelt i kanalen?",
        "Hva er Generelt kanalen?"
      ],
      "dialogId": "new_topic_37b9968da6ec4910809aab537ff86a61",
      "isTriggeringEnabled": true,
      "id": "new_topic_37b9968da6ec4910809aab537ff86a61",
      "displayName": "Hva er \"Generelt\"-kanalen?",
      "description": "",
      "createdTime": "2021-04-12T14:15:25.4862131Z",
      "updatedTime": "2021-04-19T22:23:50.4709977Z",
      "createdUserId": "ef0c8b9a-eff1-49f8-92fa-fd1d3e15e1ba",
      "updatedUserId": "ef0c8b9a-eff1-49f8-92fa-fd1d3e15e1ba"
    }
  ],
  "dialogs": [
    {
      "rootNodeId": "de767ef2-be2e-4da1-abff-9c4f6e95b31a",
      "messageNodes": [
        {
          "botMessageId": "f0bb94a9-963f-4886-88da-43a883cfd741",
          "nodeType": "BotMessageNode",
          "id": "de767ef2-be2e-4da1-abff-9c4f6e95b31a",
          "defaultTargetNodeId": "b2f93caf-8347-4b00-a846-8fca6fa7ab71"
        },
        {
          "botMessageId": "096c8a13-fc96-48e7-88c8-f95d865917aa",
          "nodeType": "BotMessageNode",
          "id": "b2f93caf-8347-4b00-a846-8fca6fa7ab71",
          "defaultTargetNodeId": "9cdf5183-e631-40f1-a0dc-eebdfdf1b7f7"
        },
        {
          "botMessageId": "e7ce3748-8cc2-4da9-882b-7121c85d3cea",
          "nodeType": "BotMessageNode",
          "id": "9cdf5183-e631-40f1-a0dc-eebdfdf1b7f7",
          "defaultTargetNodeId": "0c153bc5-497d-449f-aad2-1726f0efa49d"
        }
      ],
      "dialogChangeNodes": [
        {
          "targetDialogId": "new_topic_89c49d37fd4c4c1c9144396960733ce1_aeabea4d071f415c8c107e1cb7af5424_assumedsuccess",
          "nodeType": "DialogChangeNode",
          "id": "0c153bc5-497d-449f-aad2-1726f0efa49d"
        }
      ],
      "id": "new_topic_37b9968da6ec4910809aab537ff86a61",
      "displayName": "Dialog for Hva er Generelt kanalen?",
      "createdTime": "2021-04-12T14:15:25.4862131Z",
      "updatedTime": "2021-04-19T22:24:54.7975727Z",
      "createdUserId": "ef0c8b9a-eff1-49f8-92fa-fd1d3e15e1ba",
      "updatedUserId": "ef0c8b9a-eff1-49f8-92fa-fd1d3e15e1ba"
    }
  ],
  "botMessages": [
    {
      "channelContent": {
        "web": {
          "contentFormat": "Markdown",
          "content": "Hvert team har en kanal ved navn **Generelt**."
        }
      },
      "id": "f0bb94a9-963f-4886-88da-43a883cfd741",
      "createdTime": "2021-04-12T14:15:25.4862131Z",
      "updatedTime": "2021-04-12T14:15:25.4862131Z",
      "createdUserId": "ef0c8b9a-eff1-49f8-92fa-fd1d3e15e1ba",
      "updatedUserId": "ef0c8b9a-eff1-49f8-92fa-fd1d3e15e1ba"
    },
    {
      "channelContent": {
        "web": {
          "contentFormat": "Markdown",
          "content": "Det er [mange nyttige formål med denne kanalen](https://support.microsoft.com/nb-no/office/avmystifisering-av-kanaler-c2356b56-2ff8-4391-a5ae-67963f9e19f6?ui=nb-NO&rs=nb-NO&ad=NO):\n\n*   Bruk den til å **dele en oversikt** over hva teamet ønsker å oppnå. Dette kan for eksempel være en prosjektoversikt eller hvem som er hvem på teamet.\n*   Bruk den til **opplæring og annen generell informasjon** som et nye teammedlemmer vil finne nyttig.\n*   Bruk den til **kunngjøringer**.\n*   Bruk den til å **holde møter** for alle i teamet."
        }
      },
      "id": "096c8a13-fc96-48e7-88c8-f95d865917aa",
      "createdTime": "2021-04-12T14:15:47.345Z",
      "updatedTime": "2021-04-12T14:15:47.345Z",
      "createdUserId": "user-0",
      "updatedUserId": "user-0"
    },
    {
      "channelContent": {
        "web": {
          "contentFormat": "Markdown",
          "content": "Alle kanaler etter **Generelt**\\-kanalen vil bli listet i alfabetisk rekkefølge. Du kan ikke slette **Generelt**\\-kanalen."
        }
      },
      "id": "e7ce3748-8cc2-4da9-882b-7121c85d3cea",
      "createdTime": "2021-04-12T14:16:29.057Z",
      "updatedTime": "2021-04-12T14:16:29.057Z",
      "createdUserId": "user-0",
      "updatedUserId": "user-0"
    }
  ],
  "createdUtc": "0001-01-01T00:00:00Z"
}