{
  "intents": [
    {
      "endUserOverrideName": "Can I change my PIN?",
      "triggerQueries": [
        "How does a user access or change PIN?",
        "Reset teams PIN",
        "Who can reset your PIN?",
        "how to reset the PIN",
        "Can I return and change my PIN?",
        "How does a user access or change their PIN?"
      ],
      "dialogId": "new_topic_bb494bc741f34ddc917e8db319296cca",
      "isTriggeringEnabled": true,
      "id": "new_topic_bb494bc741f34ddc917e8db319296cca",
      "displayName": "How does a user access or change their PIN?",
      "description": "https://adoptbotv2kb.blob.core.windows.net/%24web/AdoptBot2021-English.docx",
      "createdTime": "2021-01-13T22:20:51.2381463Z",
      "updatedTime": "2021-01-26T23:15:39.3438135Z",
      "createdUserId": "f04d3cd9-b73d-4ba9-a1ed-9319eba29b21",
      "updatedUserId": "f04d3cd9-b73d-4ba9-a1ed-9319eba29b21"
    }
  ],
  "dialogs": [
    {
      "rootNodeId": "2a7f2d18-c6dc-47cd-af4b-5523894915d5",
      "messageNodes": [
        {
          "botMessageId": "0d6950f0-b62f-4ab8-840a-36dbd686d8be",
          "nodeType": "BotMessageNode",
          "id": "2a7f2d18-c6dc-47cd-af4b-5523894915d5",
          "defaultTargetNodeId": "22d5c54f-7be8-4c1e-a0fd-ad7e3974c27e"
        }
      ],
      "dialogChangeNodes": [
        {
          "targetDialogId": "new_topic_eac3f49c99664313a9d9dc19d80a79a2_aeabea4d071f415c8c107e1cb7af5424_assumedsuccess",
          "nodeType": "DialogChangeNode",
          "id": "22d5c54f-7be8-4c1e-a0fd-ad7e3974c27e"
        }
      ],
      "id": "new_topic_bb494bc741f34ddc917e8db319296cca",
      "displayName": "Dialog for How does a user access or change their PIN?",
      "createdTime": "2021-01-13T22:20:51.2381463Z",
      "updatedTime": "2021-01-13T22:20:51.2381463Z",
      "createdUserId": "f04d3cd9-b73d-4ba9-a1ed-9319eba29b21",
      "updatedUserId": "f04d3cd9-b73d-4ba9-a1ed-9319eba29b21"
    }
  ],
  "botMessages": [
    {
      "channelContent": {
        "web": {
          "contentFormat": "Markdown",
          "content": "The PIN can only be reset by the Admin for the organization."
        }
      },
      "id": "0d6950f0-b62f-4ab8-840a-36dbd686d8be",
      "createdTime": "2021-01-13T22:20:51.2381463Z",
      "updatedTime": "2021-01-13T22:20:51.2381463Z",
      "createdUserId": "f04d3cd9-b73d-4ba9-a1ed-9319eba29b21",
      "updatedUserId": "f04d3cd9-b73d-4ba9-a1ed-9319eba29b21"
    }
  ]
}