{
  "intents": [
    {
      "triggerQueries": [
        "Office 오피스 인터넷 없이 작업 접속",
        "Offline 오프라인 모드 Teams 사용 Office 오피스 오프라인 액세스 접근",
        "Teams 팀즈 팀 인터넷 액세스 연결",
        "Office 오피스 인터넷 연결 접근 필요",
        "Office는 인터넷 접근이 필요합니까?"
      ],
      "dialogId": "new_topic_666ce324c335412ea8b1292abf1fc78f",
      "isTriggeringEnabled": true,
      "id": "new_topic_666ce324c335412ea8b1292abf1fc78f",
      "displayName": "Office는 인터넷 접근이 필요합니까?",
      "description": "https://adoptbotv2kb.blob.core.windows.net/%24web/adoptbot2021-Korean.docx",
      "createdTime": "2021-03-18T03:39:18.7456548Z",
      "updatedTime": "2021-04-08T05:35:03.1884674Z",
      "createdUserId": "e47109d8-0300-4e59-a90d-56bb29886c9e",
      "updatedUserId": "e47109d8-0300-4e59-a90d-56bb29886c9e"
    }
  ],
  "dialogs": [
    {
      "rootNodeId": "93281351-0f1d-4967-a8b3-556c47837906",
      "messageNodes": [
        {
          "botMessageId": "892b8e2b-594a-433f-881d-a417ab06bbfb",
          "nodeType": "BotMessageNode",
          "id": "846fed4b-8dec-436a-b8f6-e11dcaac0d46",
          "defaultTargetNodeId": "5dd39caa-7218-4ed2-9415-b165c4fc97c8"
        },
        {
          "botMessageId": "cffb0316-352f-41f6-a1a4-7b5f606edcf9",
          "nodeType": "BotMessageNode",
          "id": "93281351-0f1d-4967-a8b3-556c47837906",
          "defaultTargetNodeId": "e6f68cef-241e-40ff-b4b3-54894b94d9af"
        },
        {
          "botMessageId": "a587ca4c-4763-4b2f-b7ec-47518c0d40a5",
          "nodeType": "BotMessageNode",
          "id": "e6f68cef-241e-40ff-b4b3-54894b94d9af",
          "defaultTargetNodeId": "a718da50-5c5d-4783-a6bd-102a54511ac9"
        },
        {
          "botMessageId": "50b9c824-2b34-43c8-9f7a-b42be9d55424",
          "nodeType": "BotMessageNode",
          "id": "a718da50-5c5d-4783-a6bd-102a54511ac9",
          "defaultTargetNodeId": "846fed4b-8dec-436a-b8f6-e11dcaac0d46"
        },
        {
          "botMessageId": "e5a5fe7a-8f06-48f5-a26a-99fad28e991e",
          "nodeType": "BotMessageNode",
          "id": "5dd39caa-7218-4ed2-9415-b165c4fc97c8",
          "defaultTargetNodeId": "ee1addc9-f2b2-48fc-a3b1-4d3515f242d1"
        },
        {
          "botMessageId": "5306563b-aa9a-4832-b57b-251f300438fc",
          "nodeType": "BotMessageNode",
          "id": "ee1addc9-f2b2-48fc-a3b1-4d3515f242d1",
          "defaultTargetNodeId": "f2a5cf94-0bba-4159-8a25-cb4ad28d668d"
        }
      ],
      "dialogChangeNodes": [
        {
          "targetDialogId": "new_topic_2bf23930c1d146129dfe38bacb94ccd0_aeabea4d071f415c8c107e1cb7af5424_assumedsuccess",
          "nodeType": "DialogChangeNode",
          "id": "f2a5cf94-0bba-4159-8a25-cb4ad28d668d"
        }
      ],
      "id": "new_topic_666ce324c335412ea8b1292abf1fc78f",
      "displayName": "Dialog for Office는 인터넷 접근이 필요합니까?",
      "createdTime": "2021-03-18T03:39:18.7456548Z",
      "updatedTime": "2021-04-08T05:34:44.3640301Z",
      "createdUserId": "e47109d8-0300-4e59-a90d-56bb29886c9e",
      "updatedUserId": "e47109d8-0300-4e59-a90d-56bb29886c9e"
    }
  ],
  "botMessages": [
    {
      "channelContent": {
        "web": {
          "contentFormat": "Markdown",
          "content": "[OneDrive 데스크톱 앱](https://support.microsoft.com/ko-kr/office/windows%EC%97%90%EC%84%9C-onedrive%EB%A5%BC-%EC%82%AC%EC%9A%A9%ED%95%98%EC%97%AC-%ED%8C%8C%EC%9D%BC-%EB%8F%99%EA%B8%B0%ED%99%94-615391c4-2bd3-4aae-a42a-858262e42a49) 을 설치하지 않는 한 OneDrive에 저장된 문서에 접근하려면 인터넷 접근이 필요합니다."
        }
      },
      "id": "892b8e2b-594a-433f-881d-a417ab06bbfb",
      "createdTime": "2021-03-18T03:39:18.7456548Z",
      "updatedTime": "2021-03-18T03:39:18.7456548Z",
      "createdUserId": "e47109d8-0300-4e59-a90d-56bb29886c9e",
      "updatedUserId": "e47109d8-0300-4e59-a90d-56bb29886c9e"
    },
    {
      "channelContent": {
        "web": {
          "contentFormat": "Markdown",
          "content": "Word, Excel 및 PowerPoint와 같은 응용 프로그램은 컴퓨터에 완전히 설치되어 있기 때문에 Office 응용 프로그램을 사용하기 위해 인터넷에 연결할 필요가 없습니다."
        }
      },
      "id": "cffb0316-352f-41f6-a1a4-7b5f606edcf9",
      "createdTime": "2021-04-08T05:29:23.962Z",
      "updatedTime": "2021-04-08T05:29:23.962Z",
      "createdUserId": "user-0",
      "updatedUserId": "user-0"
    },
    {
      "channelContent": {
        "web": {
          "contentFormat": "Markdown",
          "content": "오프라인 모드에서 Teams를 사용할 수도 있습니다. 즉, 사용자는 최근 채팅 및 채널뿐만 아니라 고정된 채팅을 탐색할 수 있습니다. 사용자는 나중에 보낼 메시지도 작성할 수도 있습니다."
        }
      },
      "id": "a587ca4c-4763-4b2f-b7ec-47518c0d40a5",
      "createdTime": "2021-04-08T05:29:56.804Z",
      "updatedTime": "2021-04-08T05:29:56.804Z",
      "createdUserId": "user-0",
      "updatedUserId": "user-0"
    },
    {
      "channelContent": {
        "web": {
          "contentFormat": "Markdown",
          "content": "Office Suites의 모든 최신 버전과 모든 Microsoft 365 구독 계획을 설치하고 활성화하려면 인터넷 액세스가 필요합니다."
        }
      },
      "id": "50b9c824-2b34-43c8-9f7a-b42be9d55424",
      "createdTime": "2021-04-08T05:31:27.563Z",
      "updatedTime": "2021-04-08T05:31:27.563Z",
      "createdUserId": "user-0",
      "updatedUserId": "user-0"
    },
    {
      "channelContent": {
        "web": {
          "contentFormat": "Markdown",
          "content": "또한 정기적으로 인터넷에 연결하여 Office 버전을 최신 상태로 유지하고 자동 업그레이드를 활용해야 합니다.\n\n최소한 31일마다 인터넷에 연결하지 않으면 응용 프로그램이 축소된 기능 모드로 전환됩니다."
        }
      },
      "id": "e5a5fe7a-8f06-48f5-a26a-99fad28e991e",
      "createdTime": "2021-04-08T05:33:22.084Z",
      "updatedTime": "2021-04-08T05:33:22.084Z",
      "createdUserId": "user-0",
      "updatedUserId": "user-0"
    },
    {
      "channelContent": {
        "web": {
          "contentFormat": "Markdown",
          "content": "이 모드에서는 문서를 보거나 인쇄할 수 있지만 문서를 편집하거나 새 문서를 만들 수는 없습니다. Office 응용 프로그램을 다시 활성화하려면 인터넷에 다시 연결하면 됩니다."
        }
      },
      "id": "5306563b-aa9a-4832-b57b-251f300438fc",
      "createdTime": "2021-04-08T05:34:28.12Z",
      "updatedTime": "2021-04-08T05:34:28.12Z",
      "createdUserId": "user-0",
      "updatedUserId": "user-0"
    }
  ],
  "createdUtc": "0001-01-01T00:00:00Z"
}