<botcomponent_workflowset>
  <botcomponent_workflow workflowid.workflowid="22036560-5e5e-eb11-a812-000d3a9bb82a" botcomponentid.schemaname="new_topic_ced760832fa54d949302708526994dad">
    <iscustomizable>1</iscustomizable>
  </botcomponent_workflow>
  <botcomponent_workflow workflowid.workflowid="8a84184f-8b5d-eb11-a812-000d3a9bb82a" botcomponentid.schemaname="new_topic_89c49d37fd4c4c1c9144396960733ce1_954135cafcd647eaae5999ad91fc08cf_talktoagent">
    <iscustomizable>1</iscustomizable>
  </botcomponent_workflow>
</botcomponent_workflowset>