{
  "intents": [
    {
      "endUserOverrideName": "Melding Teams vergadering",
      "triggerQueries": [
        "wanneer krijg je een melding",
        "wanneer hoor je een melding",
        "melding als vergadering geannuleerd wordt",
        "melding als vergadering begint",
        "Melding als je deelneemt aan vergadering",
        "Horen deelnemers een melding wanneer een gebruiker deelneemt aan of een vergadering annuleert?"
      ],
      "dialogId": "new_topic_90bff74dbb954de497f1666647f2ac73",
      "isTriggeringEnabled": true,
      "id": "new_topic_90bff74dbb954de497f1666647f2ac73",
      "displayName": "Horen deelnemers een melding wanneer een gebruiker deelneemt aan of een vergadering annuleert?",
      "description": "",
      "createdTime": "2021-03-22T18:36:29.5965155Z",
      "updatedTime": "2021-03-29T21:22:34.3227036Z",
      "createdUserId": "c1e90dc0-1df0-459d-8164-0dcb7915deaf",
      "updatedUserId": "c1e90dc0-1df0-459d-8164-0dcb7915deaf"
    }
  ],
  "dialogs": [
    {
      "rootNodeId": "2b467260-7e00-45e2-ba9a-8605778fcaca",
      "messageNodes": [
        {
          "botMessageId": "d8b6b48e-b690-4bf1-bc1b-ab1bb06a1797",
          "nodeType": "BotMessageNode",
          "id": "2b467260-7e00-45e2-ba9a-8605778fcaca",
          "defaultTargetNodeId": "cf7116a2-e72c-4ca6-89bd-d6b26b78927e"
        },
        {
          "botMessageId": "7927b528-8d4e-41a0-af37-ac42f4bd144c",
          "nodeType": "BotMessageNode",
          "id": "cf7116a2-e72c-4ca6-89bd-d6b26b78927e",
          "defaultTargetNodeId": "2574cfe7-797e-4ba7-9cde-66aa9d0313c6"
        }
      ],
      "dialogChangeNodes": [
        {
          "targetDialogId": "new_topic_9d295c394a47419da3b4d205b7ed4c20_aeabea4d071f415c8c107e1cb7af5424_assumedsuccess",
          "nodeType": "DialogChangeNode",
          "id": "2574cfe7-797e-4ba7-9cde-66aa9d0313c6"
        }
      ],
      "id": "new_topic_90bff74dbb954de497f1666647f2ac73",
      "displayName": "Dialog for Horen deelnemers een melding wanneer een gebruiker deelneemt aan of een vergadering annuleert?",
      "createdTime": "2021-03-22T18:36:29.5965155Z",
      "updatedTime": "2021-03-29T21:23:06.4617344Z",
      "createdUserId": "c1e90dc0-1df0-459d-8164-0dcb7915deaf",
      "updatedUserId": "c1e90dc0-1df0-459d-8164-0dcb7915deaf"
    }
  ],
  "botMessages": [
    {
      "channelContent": {
        "web": {
          "contentFormat": "Markdown",
          "content": "Tijdens vergadering krijgen deelnemers standaard een melding wanneer gebruikers verbinding maken. Zie [De instellingen van deelnemers voor een teamsvergadering](https://support.microsoft.com/nl-nl/office/change-participant-settings-for-a-teams-meeting-53261366-dbd5-45f9-aae9-a70e6354f88e) wijzigen als u deze instellingen wilt wijzigen."
        }
      },
      "id": "d8b6b48e-b690-4bf1-bc1b-ab1bb06a1797",
      "createdTime": "2021-03-22T18:36:29.5965155Z",
      "updatedTime": "2021-03-22T18:36:29.5965155Z",
      "createdUserId": "c1e90dc0-1df0-459d-8164-0dcb7915deaf",
      "updatedUserId": "c1e90dc0-1df0-459d-8164-0dcb7915deaf"
    },
    {
      "channelContent": {
        "web": {
          "contentFormat": "Markdown",
          "content": "[Instellingen voor deelnemers wijzigen voor een Teams-vergadering - Office-ondersteuning (microsoft.com)](https://support.microsoft.com/nl-nl/office/instellingen-voor-deelnemers-wijzigen-voor-een-teams-vergadering-53261366-dbd5-45f9-aae9-a70e6354f88e?ui=nl-NL&rs=nl-NL&ad=NL)"
        }
      },
      "id": "7927b528-8d4e-41a0-af37-ac42f4bd144c",
      "createdTime": "2021-03-22T18:36:37.343Z",
      "updatedTime": "2021-03-22T18:36:37.343Z",
      "createdUserId": "user-0",
      "updatedUserId": "user-0"
    }
  ],
  "createdUtc": "0001-01-01T00:00:00Z"
}