{
  "intents": [
    {
      "triggerQueries": [
        "Legg til assistent",
        "Kan jeg få andre til å svare eller foreta samtaler på mine vegne?",
        "Legg til representanter",
        "Få en representant til å foreta samtaler på dine vegne",
        "Legg til en representant for å svare på dine vegne",
        "Legg til en representant for å svare på eller foreta samtaler på dine vegne"
      ],
      "dialogId": "new_topic_0908045ed4ec46b79c140ce75c3266f2",
      "isTriggeringEnabled": true,
      "id": "new_topic_0908045ed4ec46b79c140ce75c3266f2",
      "displayName": "Legg til en representant for å svare på eller foreta samtaler på dine vegne",
      "description": "https://norwegianteams.blob.core.windows.net/norwegian-container/Tima - p19 to p33.docx",
      "createdTime": "2021-04-07T14:56:53.6680289Z",
      "updatedTime": "2021-04-07T15:02:24.4543573Z",
      "createdUserId": "ef0c8b9a-eff1-49f8-92fa-fd1d3e15e1ba",
      "updatedUserId": "ef0c8b9a-eff1-49f8-92fa-fd1d3e15e1ba"
    }
  ],
  "dialogs": [
    {
      "rootNodeId": "91cdeb86-0c14-4b74-93e9-db9ec2d3f983",
      "messageNodes": [
        {
          "botMessageId": "b8739b30-5898-462d-a5b7-f8ca13d34d3d",
          "nodeType": "BotMessageNode",
          "id": "91cdeb86-0c14-4b74-93e9-db9ec2d3f983",
          "defaultTargetNodeId": "8db74862-35c2-4772-bcf8-0f71414bab73"
        }
      ],
      "dialogChangeNodes": [
        {
          "targetDialogId": "new_topic_89c49d37fd4c4c1c9144396960733ce1_aeabea4d071f415c8c107e1cb7af5424_assumedsuccess",
          "nodeType": "DialogChangeNode",
          "id": "8db74862-35c2-4772-bcf8-0f71414bab73"
        }
      ],
      "id": "new_topic_0908045ed4ec46b79c140ce75c3266f2",
      "displayName": "Dialog for Legg til en representant for å svare på eller foreta samtaler på dine vegne",
      "createdTime": "2021-04-07T14:56:53.6680289Z",
      "updatedTime": "2021-04-07T15:01:56.6196664Z",
      "createdUserId": "ef0c8b9a-eff1-49f8-92fa-fd1d3e15e1ba",
      "updatedUserId": "ef0c8b9a-eff1-49f8-92fa-fd1d3e15e1ba"
    }
  ],
  "botMessages": [
    {
      "channelContent": {
        "web": {
          "contentFormat": "Markdown",
          "content": "For å legge til en assistent eller representant for å svare på eller foreta samtaler på dine vegne:\n\n1.  Velg et profilbilde.\n2.  Velg **Innstillinger** > **Generelt**, og velg deretter **Administrer representanter**.\n3.  Velg **Dine representanter**, og skriv inn navnet på personen.\n4.  Velg hvilke tillatelser du vil gi dem, og velg deretter **Legg til**. Representanten blir varslet om den nye statusen.\n5.  Velg **Videresend samtale** > **Mine representanter** under **Anrop** for å administrere tillatelser og forsikre deg om at samtalene går til alle representantene dine."
        }
      },
      "id": "b8739b30-5898-462d-a5b7-f8ca13d34d3d",
      "createdTime": "2021-04-07T14:56:53.6680289Z",
      "updatedTime": "2021-04-07T14:56:53.6680289Z",
      "createdUserId": "ef0c8b9a-eff1-49f8-92fa-fd1d3e15e1ba",
      "updatedUserId": "ef0c8b9a-eff1-49f8-92fa-fd1d3e15e1ba"
    }
  ],
  "createdUtc": "0001-01-01T00:00:00Z"
}