{
  "intents": [
    {
      "endUserOverrideName": "max. deelnemers aan de telefoon",
      "triggerQueries": [
        "Wat is het maximum aantal deelnemers aan de telefoon?",
        "Hoeveel mensen kunnen meedoen aan de vergadering",
        "Hoeveel mensen kunnen inbellen",
        "Hoeveel deelnemers aan de telefoon kan ik in vergaderingen hebben?"
      ],
      "dialogId": "new_topic_95b302f1d16b45eea8858d20661a65bb",
      "isTriggeringEnabled": true,
      "id": "new_topic_95b302f1d16b45eea8858d20661a65bb",
      "displayName": "Hoeveel deelnemers aan de telefoon kan ik in vergaderingen hebben?",
      "description": "",
      "createdTime": "2021-03-22T20:28:05.0172553Z",
      "updatedTime": "2021-03-22T20:29:10.7724613Z",
      "createdUserId": "c1e90dc0-1df0-459d-8164-0dcb7915deaf",
      "updatedUserId": "c1e90dc0-1df0-459d-8164-0dcb7915deaf"
    }
  ],
  "dialogs": [
    {
      "rootNodeId": "788fa581-abfe-4291-a0d3-6e6746cb7eb2",
      "messageNodes": [
        {
          "botMessageId": "5c6769c6-68ba-4ab6-beba-69f7173f0ea3",
          "nodeType": "BotMessageNode",
          "id": "788fa581-abfe-4291-a0d3-6e6746cb7eb2",
          "defaultTargetNodeId": "40ea50a0-a890-434c-b568-46996197be1a"
        }
      ],
      "dialogChangeNodes": [
        {
          "targetDialogId": "new_topic_9d295c394a47419da3b4d205b7ed4c20_aeabea4d071f415c8c107e1cb7af5424_assumedsuccess",
          "nodeType": "DialogChangeNode",
          "id": "40ea50a0-a890-434c-b568-46996197be1a"
        }
      ],
      "id": "new_topic_95b302f1d16b45eea8858d20661a65bb",
      "displayName": "Dialog for Hoeveel deelnemers aan de telefoon kan ik in vergaderingen hebben?",
      "createdTime": "2021-03-22T20:28:05.0172553Z",
      "updatedTime": "2021-03-29T20:28:09.9678559Z",
      "createdUserId": "c1e90dc0-1df0-459d-8164-0dcb7915deaf",
      "updatedUserId": "c1e90dc0-1df0-459d-8164-0dcb7915deaf"
    }
  ],
  "botMessages": [
    {
      "channelContent": {
        "web": {
          "contentFormat": "Markdown",
          "content": "[Het aantal mensen dat telefonisch aan een vergadering](https://docs.microsoft.com/nl-nl/microsoftteams/limits-specifications-teams#meetings-and-calls) [kan](https://docs.microsoft.com/nl-nl/microsoftteams/limits-specifications-teams#meetings-and-calls) deelnemen is momenteel 300 (begin 2021). [Klik op de link voor de laatste info als limiet wordt verhoogd.](https://docs.microsoft.com/nl-nl/microsoftteams/limits-specifications-teams#meetings-and-calls)"
        }
      },
      "id": "5c6769c6-68ba-4ab6-beba-69f7173f0ea3",
      "createdTime": "2021-03-22T20:28:05.0172553Z",
      "updatedTime": "2021-03-22T20:28:05.0172553Z",
      "createdUserId": "c1e90dc0-1df0-459d-8164-0dcb7915deaf",
      "updatedUserId": "c1e90dc0-1df0-459d-8164-0dcb7915deaf"
    }
  ],
  "createdUtc": "0001-01-01T00:00:00Z"
}