{
  "intents": [
    {
      "endUserOverrideName": "Fliken \"inlägg\"",
      "triggerQueries": [
        "Varför finns fliken inlägg?",
        "Vad finns i inlägg?",
        "Vad är fliken \"inlägg\"?",
        "Vad är fliken inlägg?",
        "Vad är syftet med fliken ”inlägg” i en kanal?"
      ],
      "dialogId": "new_topic_d9c7f1e8d7c44e3cac6a9661cdb23fa0",
      "isTriggeringEnabled": true,
      "id": "new_topic_d9c7f1e8d7c44e3cac6a9661cdb23fa0",
      "displayName": "Vad är syftet med fliken ”inlägg” i en kanal?",
      "description": "https://intranat.helsingborg.se/wp-content/uploads/2020/11/svenska-fracc8agor-till-adoptbot-pva.docx",
      "createdTime": "2020-11-24T14:37:53.8230909Z",
      "updatedTime": "2020-12-10T06:58:18.3050822Z",
      "createdUserId": "f04d3cd9-b73d-4ba9-a1ed-9319eba29b21",
      "updatedUserId": "844fcc91-8b17-49d9-9824-79f412da094a"
    }
  ],
  "dialogs": [
    {
      "rootNodeId": "53fc7aab-01da-4f00-b5b0-16ea29cb81ae",
      "messageNodes": [
        {
          "botMessageId": "7c5d4710-2575-4b7a-8b19-ec0398768266",
          "nodeType": "BotMessageNode",
          "id": "53fc7aab-01da-4f00-b5b0-16ea29cb81ae",
          "defaultTargetNodeId": "ef36059d-ca49-4791-b3b9-66b10fcf85d9"
        }
      ],
      "dialogChangeNodes": [
        {
          "targetDialogId": "new_topic_84ec227c19784e7ba25cb34f4638f91e_aeabea4d071f415c8c107e1cb7af5424_assumedsuccess",
          "nodeType": "DialogChangeNode",
          "id": "ef36059d-ca49-4791-b3b9-66b10fcf85d9"
        }
      ],
      "id": "new_topic_d9c7f1e8d7c44e3cac6a9661cdb23fa0",
      "displayName": "Dialog for Vad är syftet med fliken ”inlägg” i en kanal?",
      "createdTime": "2020-11-24T14:37:53.8230909Z",
      "updatedTime": "2020-12-10T06:57:16.8130564Z",
      "createdUserId": "f04d3cd9-b73d-4ba9-a1ed-9319eba29b21",
      "updatedUserId": "844fcc91-8b17-49d9-9824-79f412da094a"
    }
  ],
  "botMessages": [
    {
      "channelContent": {
        "web": {
          "contentFormat": "Markdown",
          "content": "När du går till någon kanal i Teams är den allra första fliken ”Inlägg”. Tänk på detta som en enda stor gruppchatt. Alla som har tillgång till teamet kan se meddelanden under fliken Inlägg. Följ stegen om du vill skicka ett meddelande till alla i kanalen:\n\n*   Välj först den kanal du vill skriva i\n*   Klicka sedan på ”Svara” om du vill svara i befintlig tråd eller tryck på knappen ”Ny konversation” för att starta en ny.\n*   Skriv ditt meddelande i rutan och välj Skicka.\n\nDitt meddelande är nu live i kanalen"
        }
      },
      "id": "7c5d4710-2575-4b7a-8b19-ec0398768266",
      "createdTime": "2020-11-24T14:37:53.8230909Z",
      "updatedTime": "2020-11-24T14:37:53.8230909Z",
      "createdUserId": "f04d3cd9-b73d-4ba9-a1ed-9319eba29b21",
      "updatedUserId": "f04d3cd9-b73d-4ba9-a1ed-9319eba29b21"
    }
  ]
}