{
  "intents": [
    {
      "endUserOverrideName": "誰能參與即時活動",
      "triggerQueries": [
        "直播的權限",
        "即時活動的參與者",
        "誰可以在Teams看到即時活動?",
        "誰可以參與即時活動?",
        "誰可以觀看即時活動?",
        "在Teams中參與即時活動",
        "參與即時活動",
        "誰可以參加即時活動？",
        "加入即時活動",
        "誰能看即時活動",
        "誰能參與即時活動",
        "即時活動參加者",
        "誰能參加直播",
        "attendees for live events",
        "Who can join live events?",
        "Who can participate in live events?",
        "Who can watch a live event?",
        "Who can see a live event in Teams?",
        "Who can join a live event?",
        "Who can watch live events?",
        "Join a live event in Teams",
        "Participate in live events",
        "Who can participate in live events?"
      ],
      "dialogId": "new_topic_666d3ae6454c4cc68115a6540ab19245",
      "isTriggeringEnabled": true,
      "id": "new_topic_666d3ae6454c4cc68115a6540ab19245",
      "displayName": "誰能參與即時活動",
      "description": "https://adoptbotv2kb.blob.core.windows.net/%24web/AdoptBot2021-English.docx",
      "createdTime": "2021-11-17T07:25:26.6986206Z",
      "updatedTime": "2021-11-22T11:08:30.2220009Z",
      "createdUserId": "9c968d43-f7c2-4e28-895c-1f6bcefcd8be",
      "updatedUserId": "9c968d43-f7c2-4e28-895c-1f6bcefcd8be"
    }
  ],
  "dialogs": [
    {
      "rootNodeId": "e25570d7-a2fd-45f0-9cf2-20134f50fc6d",
      "messageNodes": [
        {
          "botMessageId": "a3948bdf-4c6b-44fa-ad1e-f2fc9c6da5d5",
          "nodeType": "BotMessageNode",
          "id": "e25570d7-a2fd-45f0-9cf2-20134f50fc6d",
          "defaultTargetNodeId": "0f372748-6617-4d85-9e87-d04cd0ae3a5c"
        },
        {
          "botMessageId": "27abf386-1e20-4f14-abe2-b4e5f9b42cf7",
          "nodeType": "BotMessageNode",
          "id": "0f372748-6617-4d85-9e87-d04cd0ae3a5c",
          "defaultTargetNodeId": "b12b49f0-6683-4a26-bed4-b5e5120eaf1e"
        },
        {
          "botMessageId": "9a128956-d76d-4f8f-9b58-e6d80548fe40",
          "nodeType": "BotMessageNode",
          "id": "b12b49f0-6683-4a26-bed4-b5e5120eaf1e",
          "defaultTargetNodeId": "5b145a8b-f974-49b7-b9a4-76bd6774577e"
        }
      ],
      "dialogChangeNodes": [
        {
          "targetDialogId": "new_topic_e2d1671328b941dbb60fa7150059b1ee_aeabea4d071f415c8c107e1cb7af5424_assumedsuccess",
          "nodeType": "DialogChangeNode",
          "id": "5b145a8b-f974-49b7-b9a4-76bd6774577e"
        }
      ],
      "id": "new_topic_666d3ae6454c4cc68115a6540ab19245",
      "displayName": "Dialog for 誰能參與即時活動",
      "createdTime": "2021-11-17T07:25:26.6986206Z",
      "updatedTime": "2021-11-22T11:07:23.4726321Z",
      "createdUserId": "9c968d43-f7c2-4e28-895c-1f6bcefcd8be",
      "updatedUserId": "9c968d43-f7c2-4e28-895c-1f6bcefcd8be"
    }
  ],
  "botMessages": [
    {
      "channelContent": {
        "web": {
          "contentFormat": "Markdown",
          "content": "**公開活動:**\n\n有即時活動連結(URL)的人都可以加入"
        }
      },
      "id": "a3948bdf-4c6b-44fa-ad1e-f2fc9c6da5d5",
      "createdTime": "2021-11-17T07:25:26.6986206Z",
      "updatedTime": "2021-11-17T07:25:26.6986206Z",
      "createdUserId": "9c968d43-f7c2-4e28-895c-1f6bcefcd8be",
      "updatedUserId": "9c968d43-f7c2-4e28-895c-1f6bcefcd8be"
    },
    {
      "channelContent": {
        "web": {
          "contentFormat": "Markdown",
          "content": "**私人活動:**\n\n組織內部或是特定人員必須登入才能加入。若是由外部發起的活動，將需要擁有 Microsoft Stream 的授權。"
        }
      },
      "id": "27abf386-1e20-4f14-abe2-b4e5f9b42cf7",
      "createdTime": "2021-11-17T07:25:38.323Z",
      "updatedTime": "2021-11-17T07:25:38.323Z",
      "createdUserId": "user-0",
      "updatedUserId": "user-0"
    },
    {
      "channelContent": {
        "web": {
          "contentFormat": "Markdown",
          "content": "詳情請見[連結](https://support.microsoft.com/zh-tw/office/get-started-with-microsoft-teams-live-events-d077fec2-a058-483e-9ab5-1494afda578a)。"
        }
      },
      "id": "9a128956-d76d-4f8f-9b58-e6d80548fe40",
      "createdTime": "2021-11-17T07:25:42.015Z",
      "updatedTime": "2021-11-17T07:25:42.015Z",
      "createdUserId": "user-0",
      "updatedUserId": "user-0"
    }
  ]
}