{
  "intents": [
    {
      "intentType": "Regular",
      "endUserOverrideName": "Är Teams säkert?",
      "triggerQueries": [
        "klassad info",
        "känsliga uppgifter",
        "sekretess",
        "Känslig information i Teams",
        "Får jag spara känslig information i Teams?",
        "Är Teams säkert för sekretess?",
        "skriva känslig information",
        "Sekretessbelagd information i Teams?",
        "kan jag spara känslig information",
        "personuppgifter i teams",
        "sekretessklassad information",
        "informationsklassning",
        "HIPAA i Teams?",
        "EU Model Clauses EUMC",
        "GDPR i Teams?",
        "berätta om säkerhet",
        "kan man lita på att data stannar i Teams?",
        "hur säkert är Teams?",
        "säkerhet i Teams",
        "Kan man avlyssna ett möte i teams?",
        "Är informationen krypterad i Teams?",
        "Vilka certifieringar har Teams?",
        "Är teams säkert för mig att använda",
        "klarar Teams GDPR?",
        "Är Teams säkert?",
        "Är Teams säkert för min information?"
      ],
      "dialogId": "new_topic_22640bcba72e4bef8ee313d37b678dea",
      "isTriggeringEnabled": true,
      "id": "new_topic_22640bcba72e4bef8ee313d37b678dea",
      "displayName": "Är Teams säkert för min och/eller känslig information?",
      "description": "https://faqtimafiles.blob.core.windows.net/filesfortima-adoptbot/svenska frågor till adoptbot PVA (Swedish QnA for AdoptBot).docx",
      "createdTime": "2021-01-13T18:47:12.3917411Z",
      "updatedTime": "2021-02-11T14:12:48.8332032Z",
      "createdUserId": "f04d3cd9-b73d-4ba9-a1ed-9319eba29b21",
      "updatedUserId": "f04d3cd9-b73d-4ba9-a1ed-9319eba29b21"
    }
  ],
  "dialogs": [
    {
      "rootNodeId": "d9229c35-1778-413e-839f-86ac4f3a9993",
      "messageNodes": [
        {
          "botMessageId": "30f09744-9c62-4b0b-a572-da16f9c01784",
          "nodeType": "BotMessageNode",
          "id": "d9229c35-1778-413e-839f-86ac4f3a9993",
          "defaultTargetNodeId": "ed5f3ab7-d6d5-4021-a492-b7890f17c9a0"
        },
        {
          "botMessageId": "10055e7d-736b-47b9-97e0-3e782289f9c2",
          "nodeType": "BotMessageNode",
          "id": "ed5f3ab7-d6d5-4021-a492-b7890f17c9a0",
          "defaultTargetNodeId": "f5786032-49b0-4c29-8bc7-6f414951e2c3"
        },
        {
          "botMessageId": "a6ba374d-ba74-4862-9b07-b85743818272",
          "nodeType": "BotMessageNode",
          "id": "f5786032-49b0-4c29-8bc7-6f414951e2c3",
          "defaultTargetNodeId": "6e86750f-9771-4b02-8d8d-d0e6218dde50"
        },
        {
          "botMessageId": "72de46b9-9374-4643-94f8-4488de5fb8ea",
          "nodeType": "BotMessageNode",
          "id": "6e86750f-9771-4b02-8d8d-d0e6218dde50",
          "defaultTargetNodeId": "58e8cb79-6cca-4755-9273-8b2b0fe3b0f1"
        }
      ],
      "dialogChangeNodes": [
        {
          "targetDialogId": "new_topic_84ec227c19784e7ba25cb34f4638f91e_aeabea4d071f415c8c107e1cb7af5424_assumedsuccess",
          "nodeType": "DialogChangeNode",
          "id": "58e8cb79-6cca-4755-9273-8b2b0fe3b0f1"
        }
      ],
      "id": "new_topic_22640bcba72e4bef8ee313d37b678dea",
      "displayName": "Dialog for Är Teams säkert för min information?",
      "createdTime": "2021-01-13T18:47:12.3917411Z",
      "updatedTime": "2021-02-11T14:05:52.3127Z",
      "createdUserId": "f04d3cd9-b73d-4ba9-a1ed-9319eba29b21",
      "updatedUserId": "f04d3cd9-b73d-4ba9-a1ed-9319eba29b21"
    }
  ],
  "botMessages": [
    {
      "channelContent": {
        "web": {
          "contentFormat": "Markdown",
          "content": "[Teams erbjuder säkerhet i världsklass](https://www.microsoft.com/sv-se/microsoft-365/microsoft-teams/security) och uppfyller kraven för GDPR, EU Model Clauses (EUMC) och över 90 andra certifieringar inkl. flera ISO-standarder.  \n[Se även denna länk för löpande uppdaterad teknisk översikt om säkerhet i Teams](https://docs.microsoft.com/sv-se/microsoftteams/security-compliance-overview)"
        }
      },
      "id": "30f09744-9c62-4b0b-a572-da16f9c01784",
      "createdTime": "2021-01-13T18:47:12.3917411Z",
      "updatedTime": "2021-01-13T18:47:12.3917411Z",
      "createdUserId": "f04d3cd9-b73d-4ba9-a1ed-9319eba29b21",
      "updatedUserId": "f04d3cd9-b73d-4ba9-a1ed-9319eba29b21"
    },
    {
      "channelContent": {
        "web": {
          "contentFormat": "Markdown",
          "content": "_Observera att din organisation kan ha egna policys för var du ska spara information med olika klassning._"
        }
      },
      "id": "10055e7d-736b-47b9-97e0-3e782289f9c2",
      "createdTime": "2021-01-14T16:07:22.672Z",
      "updatedTime": "2021-01-14T16:07:22.672Z",
      "createdUserId": "user-0",
      "updatedUserId": "user-0"
    },
    {
      "channelContent": {
        "web": {
          "contentFormat": "Markdown",
          "content": "💡 I Teams kan man t.ex. hjälpa/hindra användare från att skriva känslig information i chatt eller i filer.\n\nT.ex. kan personnummer, hälsodata eller eget definierat innehåll hindras automatiskt från att skickas."
        }
      },
      "id": "a6ba374d-ba74-4862-9b07-b85743818272",
      "createdTime": "2021-01-14T16:07:30.663Z",
      "updatedTime": "2021-01-14T16:07:30.663Z",
      "createdUserId": "user-0",
      "updatedUserId": "user-0"
    },
    {
      "channelContent": {
        "web": {
          "contentFormat": "Markdown",
          "content": "[Du kan se hur det ser ut i Teams och läsa mer om hur din organisation kan ställa in det här.](https://docs.microsoft.com/sv-se/microsoft-365/compliance/dlp-microsoft-teams?view=o365-worldwide)"
        }
      },
      "id": "72de46b9-9374-4643-94f8-4488de5fb8ea",
      "createdTime": "2021-02-11T14:05:14.001Z",
      "updatedTime": "2021-02-11T14:05:14.001Z",
      "createdUserId": "user-0",
      "updatedUserId": "user-0"
    }
  ]
}