{
  "intents": [
    {
      "triggerQueries": [
        "Vantaggi della chiamata telefonica a una riunione in Teams",
        "Perché usare le riunioni vocali in Teams",
        "Quali sono i vantaggi della teleconferenza?",
        "Perché dovrei avere una teleconferenza?",
        "Vantaggi delle riunioni audio in Teams?",
        "Perché dovrei partecipare a una riunione con una chiamata telefonica?",
        "Quali sono i vantaggi delle conferenze telefoniche (audioconferenze)?"
      ],
      "dialogId": "new_topic_faee9846ba314cdb844a777d7bb80c33",
      "isTriggeringEnabled": true,
      "id": "new_topic_faee9846ba314cdb844a777d7bb80c33",
      "displayName": "Quali sono i vantaggi delle conferenze telefoniche (audioconferenze)?",
      "createdTime": "2022-04-29T22:37:37.6880489Z",
      "updatedTime": "2022-04-29T22:37:37.6880489Z",
      "createdUserId": "9451fc51-e00d-4445-8ff9-efb70866dc3b",
      "updatedUserId": "9451fc51-e00d-4445-8ff9-efb70866dc3b"
    }
  ],
  "dialogs": [
    {
      "rootNodeId": "6b044e7b-6264-4964-aa18-fc08c3072f32",
      "messageNodes": [
        {
          "botMessageId": "c1aced7e-842f-44f0-a231-a1999c4901f6",
          "nodeType": "BotMessageNode",
          "id": "6b044e7b-6264-4964-aa18-fc08c3072f32",
          "defaultTargetNodeId": "d971f5a2-53d6-480d-a8dd-c8723b6d9326"
        },
        {
          "botMessageId": "ddb33f41-8dfd-4de4-b455-18d8442f653a",
          "nodeType": "BotMessageNode",
          "id": "d971f5a2-53d6-480d-a8dd-c8723b6d9326",
          "defaultTargetNodeId": "42cca0aa-ed22-4f75-8cf9-acc625c655ed"
        },
        {
          "botMessageId": "a0a7ede9-90bd-448b-943f-afa2eee541ca",
          "nodeType": "BotMessageNode",
          "id": "42cca0aa-ed22-4f75-8cf9-acc625c655ed",
          "defaultTargetNodeId": "bdc82cbb-0ec5-433b-8d7c-fecd6dce9c0a"
        }
      ],
      "dialogChangeNodes": [
        {
          "targetDialogId": "new_topic_f98a24608ee04cb998de3e3e32703d5b_aeabea4d071f415c8c107e1cb7af5424_assumedsuccess",
          "nodeType": "DialogChangeNode",
          "id": "bdc82cbb-0ec5-433b-8d7c-fecd6dce9c0a"
        }
      ],
      "id": "new_topic_faee9846ba314cdb844a777d7bb80c33",
      "displayName": "Senza titolo",
      "createdTime": "2022-04-29T22:37:37.6880489Z",
      "updatedTime": "2022-04-29T22:37:37.6880489Z",
      "createdUserId": "9451fc51-e00d-4445-8ff9-efb70866dc3b",
      "updatedUserId": "9451fc51-e00d-4445-8ff9-efb70866dc3b"
    }
  ],
  "botMessages": [
    {
      "channelContent": {
        "web": {
          "contentFormat": "Markdown",
          "content": "La chiamata alle riunioni è particolarmente utile quando le persone sono in viaggio, ad esempio, e non possono partecipare a una riunione usando l'app Microsoft Teams sul laptop o sui dispositivi mobili."
        }
      },
      "id": "c1aced7e-842f-44f0-a231-a1999c4901f6",
      "createdTime": "2022-04-29T22:31:41.866Z",
      "updatedTime": "2022-04-29T22:31:41.866Z"
    },
    {
      "channelContent": {
        "web": {
          "contentFormat": "Markdown",
          "content": "Ma ci sono altri scenari in cui l'utilizzo di un telefono per partecipare a una riunione di Microsoft Teams può essere un'opzione migliore rispetto all'utilizzo di un'app su un computer:\n\n*   La connettività Internet è limitata,\n*   una riunione è solo audio,\n*   la qualità della chiamata è migliore se si collegano\n*   e le persone possono partecipare a una riunione in vivavoce utilizzando i dispositivi Bluetooth."
        }
      },
      "id": "ddb33f41-8dfd-4de4-b455-18d8442f653a",
      "createdTime": "2022-04-29T22:34:26.223Z",
      "updatedTime": "2022-04-29T22:34:26.223Z",
      "createdUserId": "user-0",
      "updatedUserId": "user-0"
    },
    {
      "channelContent": {
        "web": {
          "contentFormat": "Markdown",
          "content": "Alcune persone potrebbero trovarlo più facile e conveniente per la loro situazione."
        }
      },
      "id": "a0a7ede9-90bd-448b-943f-afa2eee541ca",
      "createdTime": "2022-04-29T22:37:17.766Z",
      "updatedTime": "2022-04-29T22:37:17.766Z",
      "createdUserId": "user-0",
      "updatedUserId": "user-0"
    }
  ]
}