{
  "intents": [
    {
      "endUserOverrideName": "Jemanden in einer Besprechung anstrahlen?",
      "triggerQueries": [
        "Aufmerksamkeit",
        "Video hervorheben",
        "Rampenlicht",
        "Setz mich ins Rampenlicht",
        "Spotlight",
        "Das Bild des präsentierenden fixieren",
        "Spotlight verwenden, um die Aufmerksamkeit von jemandem während eines Meetings zu erregen"
      ],
      "dialogId": "new_topic_c339ef2571604a76a02b7f51df248f3d",
      "isTriggeringEnabled": true,
      "id": "new_topic_c339ef2571604a76a02b7f51df248f3d",
      "displayName": "Spotlight verwenden, um die Aufmerksamkeit von jemandem während eines Meetings zu erregen",
      "description": "https://adoptbotv2kb.blob.core.windows.net/%24web/AdoptBot2021-English.docx",
      "createdTime": "2021-04-18T20:26:56.9120185Z",
      "updatedTime": "2021-04-18T20:26:56.9120185Z",
      "createdUserId": "86360cd1-faa6-4d16-8a0c-ba3116c8a977"
    }
  ],
  "dialogs": [
    {
      "rootNodeId": "6a390fdf-3885-4a54-b90e-a4d40e7ffa25",
      "messageNodes": [
        {
          "botMessageId": "5f3218e9-bfb3-48e9-b14a-f355a414f87e",
          "nodeType": "BotMessageNode",
          "id": "6a390fdf-3885-4a54-b90e-a4d40e7ffa25",
          "defaultTargetNodeId": "223d6c72-921f-4a33-947e-3fc2d3263b88"
        },
        {
          "botMessageId": "419ad3a2-510c-4661-bcfe-7cad7d9d1049",
          "nodeType": "BotMessageNode",
          "id": "223d6c72-921f-4a33-947e-3fc2d3263b88",
          "defaultTargetNodeId": "7744a7c1-11ad-4b7b-921f-fdce5975e66a"
        },
        {
          "botMessageId": "00b53f2a-e660-48cf-97ab-e5b73ca91097",
          "nodeType": "BotMessageNode",
          "id": "7744a7c1-11ad-4b7b-921f-fdce5975e66a",
          "defaultTargetNodeId": "4160fede-b0f5-4638-877e-0c32e633e53e"
        }
      ],
      "dialogChangeNodes": [
        {
          "targetDialogId": "new_topic_30867099f4b543d3b8543a85c22c3418_aeabea4d071f415c8c107e1cb7af5424_assumedsuccess",
          "nodeType": "DialogChangeNode",
          "id": "4160fede-b0f5-4638-877e-0c32e633e53e"
        }
      ],
      "id": "new_topic_c339ef2571604a76a02b7f51df248f3d",
      "displayName": "Dialog for Spotlight verwenden, um die Aufmerksamkeit von jemandem während eines Meetings zu erregen",
      "createdTime": "2021-04-18T20:26:56.9120185Z",
      "updatedTime": "2021-04-18T20:29:46.4493364Z",
      "createdUserId": "86360cd1-faa6-4d16-8a0c-ba3116c8a977",
      "updatedUserId": "86360cd1-faa6-4d16-8a0c-ba3116c8a977"
    }
  ],
  "botMessages": [
    {
      "channelContent": {
        "web": {
          "contentFormat": "Markdown",
          "content": "Das [Hervorheben des Videos eines Benutzers](https://support.microsoft.com/de-de/office/spotlight-f%c3%bcr-das-video-einer-anderen-person-in-einer-teambesprechung-58be74a4-efac-4e89-a212-8d198182081e?ui=de-DE&rs=de-DE&ad=DE)  (Spotlight) ist wie das Anheften für alle Teilnehmer des Meetings.\n\nWenn Sie ein Organisator oder Moderator sind, können Sie festlegen, dass das Video eines beliebigen Benutzers (einschließlich Ihres eigenen) das Hauptvideo sein soll, das alle Teilnehmer sehen."
        }
      },
      "id": "5f3218e9-bfb3-48e9-b14a-f355a414f87e",
      "createdTime": "2021-04-18T20:26:56.9120185Z",
      "updatedTime": "2021-04-18T20:26:56.9120185Z",
      "createdUserId": "86360cd1-faa6-4d16-8a0c-ba3116c8a977",
      "updatedUserId": "86360cd1-faa6-4d16-8a0c-ba3116c8a977"
    },
    {
      "channelContent": {
        "web": {
          "contentFormat": "Markdown",
          "content": "Es gibt zwei Möglichkeiten:\n\n*   Klicken Sie mit der rechten Maustaste auf den Video-Feed der Person und wählen Sie **Spotlight** aus dem Menü.\n*   Oder wählen Sie die Person, die Sie beleuchten möchten, im **Teilnehmerbereich** aus. Klicken Sie mit der rechten Maustaste auf/berühren Sie den **Teilnehmer > Spotlight**."
        }
      },
      "id": "419ad3a2-510c-4661-bcfe-7cad7d9d1049",
      "createdTime": "2021-04-18T20:28:02.357Z",
      "updatedTime": "2021-04-18T20:28:02.357Z",
      "createdUserId": "user-0",
      "updatedUserId": "user-0"
    },
    {
      "channelContent": {
        "web": {
          "contentFormat": "Markdown",
          "content": "Wenn Sie bereit sind, das Spotlight zu verlassen, wählen Sie die Person erneut aus und **Spotlight beenden**."
        }
      },
      "id": "00b53f2a-e660-48cf-97ab-e5b73ca91097",
      "createdTime": "2021-04-18T20:29:27.701Z",
      "updatedTime": "2021-04-18T20:29:27.701Z",
      "createdUserId": "user-0",
      "updatedUserId": "user-0"
    }
  ],
  "createdUtc": "0001-01-01T00:00:00Z"
}