{
  "intents": [
    {
      "endUserOverrideName": "在會議中使用在一起模式",
      "triggerQueries": [
        "把參與者一起顯示在大廳中",
        "讓大家可以坐在一起",
        "啟用在一起模式",
        "我該怎麼開在一起模式",
        "啟用在一起模式",
        "使用面對面模式",
        "我可以在哪裡找到在一起模式",
        "在一起模式",
        "會議中的在一起模式",
        "See meeting attendees in an auditorium",
        "see everyone in a meeting sitting next to each other",
        "activate together mode",
        "How do I activate together mode?",
        "Enable together mode",
        "Use face-to-face together mode",
        "Where can I find together mode?",
        "Together mode",
        "Together mode in meetings",
        "How do I turn on Together mode?"
      ],
      "dialogId": "new_topic_650b30639f60428d81be0449a78521a9",
      "isTriggeringEnabled": true,
      "id": "new_topic_650b30639f60428d81be0449a78521a9",
      "displayName": "我該怎麼開啟在一起模式",
      "description": "https://adoptbotv2kb.blob.core.windows.net/%24web/AdoptBot2021-English.docx",
      "createdTime": "2021-11-17T07:15:31.6987532Z",
      "updatedTime": "2021-11-17T07:16:05.3757785Z",
      "createdUserId": "9c968d43-f7c2-4e28-895c-1f6bcefcd8be",
      "updatedUserId": "9c968d43-f7c2-4e28-895c-1f6bcefcd8be"
    }
  ],
  "dialogs": [
    {
      "rootNodeId": "4a46417d-89ee-466e-ba70-3deaeaa4b542",
      "messageNodes": [
        {
          "botMessageId": "586658da-d3fc-4706-9c84-7ee7d657571c",
          "nodeType": "BotMessageNode",
          "id": "4a46417d-89ee-466e-ba70-3deaeaa4b542",
          "defaultTargetNodeId": "139a3e53-e504-494c-8b3b-4bf7926dad1f"
        },
        {
          "botMessageId": "7781b27a-2e89-4ae2-b157-319343ed125e",
          "nodeType": "BotMessageNode",
          "id": "139a3e53-e504-494c-8b3b-4bf7926dad1f",
          "defaultTargetNodeId": "6ab6c20e-7f61-4210-9d00-26a29784440d"
        },
        {
          "botMessageId": "ba62a326-d3ec-433b-bb5e-44168da1ec45",
          "nodeType": "BotMessageNode",
          "id": "6ab6c20e-7f61-4210-9d00-26a29784440d",
          "defaultTargetNodeId": "662e37a9-ba71-449c-9a2f-dedc4a7f20cd"
        },
        {
          "botMessageId": "9fe23aeb-aefb-4c7e-86fb-61a2a10b4bb0",
          "nodeType": "BotMessageNode",
          "id": "662e37a9-ba71-449c-9a2f-dedc4a7f20cd",
          "defaultTargetNodeId": "6a3ed386-5965-4f6f-8620-96b019fd0c4d"
        }
      ],
      "dialogChangeNodes": [
        {
          "targetDialogId": "new_topic_e2d1671328b941dbb60fa7150059b1ee_aeabea4d071f415c8c107e1cb7af5424_assumedsuccess",
          "nodeType": "DialogChangeNode",
          "id": "6a3ed386-5965-4f6f-8620-96b019fd0c4d"
        }
      ],
      "id": "new_topic_650b30639f60428d81be0449a78521a9",
      "displayName": "Dialog for 我該怎麼開啟在一起模式",
      "createdTime": "2021-11-17T07:15:31.6987532Z",
      "updatedTime": "2021-11-17T07:16:05.3757785Z",
      "createdUserId": "9c968d43-f7c2-4e28-895c-1f6bcefcd8be",
      "updatedUserId": "9c968d43-f7c2-4e28-895c-1f6bcefcd8be"
    }
  ],
  "botMessages": [
    {
      "channelContent": {
        "web": {
          "contentFormat": "Markdown",
          "content": "[**在一起模式**](https://www.youtube.com/watch?v=MGsNmYKgeTA)增加了凝聚的感覺，根據研究，這減輕了我們參與數位會議的認知負擔。相對於一般的檢視方式，你會覺得數位會議變得更加輕鬆！"
        }
      },
      "id": "586658da-d3fc-4706-9c84-7ee7d657571c",
      "createdTime": "2021-11-17T07:15:31.6987532Z",
      "updatedTime": "2021-11-17T07:15:31.6987532Z",
      "createdUserId": "9c968d43-f7c2-4e28-895c-1f6bcefcd8be",
      "updatedUserId": "9c968d43-f7c2-4e28-895c-1f6bcefcd8be"
    },
    {
      "channelContent": {
        "web": {
          "contentFormat": "Markdown",
          "content": "在會議期間點選**會議選項** （...）， 並選擇\\*\\*「在一起」模式\\*\\*，以便為您啟用此功能（這只會影響**您**檢視會議的畫面）"
        }
      },
      "id": "7781b27a-2e89-4ae2-b157-319343ed125e",
      "createdTime": "2021-11-17T07:15:43.869Z",
      "updatedTime": "2021-11-17T07:15:43.869Z",
      "createdUserId": "user-0",
      "updatedUserId": "user-0"
    },
    {
      "channelContent": {
        "web": {
          "contentFormat": "Markdown",
          "content": "💡**提示**：您必須打開相機才能顯示在「在一起」模式。目前（2021年）根據場景的選擇，您可以同時在「在一起」模式中看到多達 50 個不同的人。"
        }
      },
      "id": "ba62a326-d3ec-433b-bb5e-44168da1ec45",
      "createdTime": "2021-11-17T07:15:49.318Z",
      "updatedTime": "2021-11-17T07:15:49.318Z",
      "createdUserId": "user-0",
      "updatedUserId": "user-0"
    },
    {
      "channelContent": {
        "web": {
          "contentFormat": "Markdown",
          "content": "[了解更多有關 Teams 會議選項的詳細說明。](https://support.microsoft.com/zh-tw/office/%E5%9C%A8-microsoft-teams-%E4%B8%AD%E4%BD%BF%E7%94%A8%E8%A6%96%E8%A8%8A-3647fc29-7b92-4c26-8c2d-8a596904cdae?ui=sv-se&rs=sv-se&ad=se)"
        }
      },
      "id": "9fe23aeb-aefb-4c7e-86fb-61a2a10b4bb0",
      "createdTime": "2021-11-17T07:15:53.396Z",
      "updatedTime": "2021-11-17T07:15:53.396Z",
      "createdUserId": "user-0",
      "updatedUserId": "user-0"
    }
  ]
}