{
  "intents": [
    {
      "systemIntentTypes": [
        "Goodbye"
      ],
      "intentType": "System",
      "triggerQueries": [
        "拜拜",
        "再見",
        "再見，再次謝謝你",
        "再見啦，再次謝謝你",
        "之後再會",
        "再見了",
        "下次見！",
        "之後再見！",
        "我也很高興能跟你聊天。祝你有個愉快的一天。",
        "再會",
        "祝你有個愉快的一天",
        "祝您有個愉快的一天",
        "祝你有個愉快的夜晚",
        "祝您有個愉快的夜晚",
        "祝你有個美好的一天",
        "祝您有個美好的一天",
        "祝你有個美好的一天。一切順利。",
        "祝您有個美好的一天。一切順利。",
        "祝你一切順利",
        "祝您一切順利",
        "祝你有個美妙的一天 :)",
        "沒問題了。再見。",
        "我之後再做。謝謝，再見",
        "我需要稍後與你談談。",
        "我稍後必須與您談談。",
        "我也很高興能與你交談。再見。",
        "不了，謝謝，祝你有個愉快的夜晚",
        "沒關係，謝謝，祝你有個愉快的夜晚",
        "不了，謝謝，再見",
        "沒關係，謝謝，再見",
        "不了，謝謝你，再見",
        "沒關係，謝謝你，再見",
        "不了，謝謝，再會。",
        "沒關係，謝謝，再會。",
        "不，謝了！祝你有個愉快的一天！",
        "沒關係，謝了！祝你有個愉快的一天！",
        "不了，謝謝你。祝你有個愉快的一天！",
        "不了，謝謝你的幫助。再見。",
        "沒關係，謝謝你的幫助。再見。",
        "不了，非常感謝你。祝你有個愉快的一天。",
        "沒關係，非常感謝你。祝你有個愉快的一天。",
        "都不需要。再見",
        "不用了，這樣就好，謝謝，再見",
        "不了，謝謝，祝你有個愉快的一天",
        "不用，再見。",
        "現在不用。謝謝，祝你有個愉快的一天。",
        "沒什麼幫助。再見。",
        "好的，謝謝，祝你有個愉快的一天",
        "好的，謝謝，再見",
        "太好了！祝你有個完美的一天！",
        "你也是。祝你有個美妙的一天",
        "你也是。再見…",
        "再會了",
        "待會見",
        "抱歉，再見，謝謝協助",
        "抱歉，我還有事，祝你有個美好的一天",
        "抱歉，我得走了。再見",
        "保重，祝你有個美好的一天",
        "謝謝你撥空與我對話，祝你有個美好的一天",
        "謝謝，再見",
        "謝謝你，再見！",
        "謝謝，祝你有個美妙的一天",
        "謝了，感謝你的協助，",
        "謝謝你的協助！再見！",
        "謝謝你，祝你有個美好的一天",
        "謝謝，我會去看看的",
        "非常感謝你，再見",
        "非常感謝你，祝你有個美好的一天！",
        "謝謝，祝你有個美好的一天。",
        "謝謝，再見啦。",
        "謝謝你，再會",
        "謝謝，拜。",
        "謝謝幫助，再見",
        "感謝幫助，再見",
        "謝謝你的幫助，再見。",
        "謝謝你的幫助，祝你有個美好的一天！",
        "謝了，再見",
        "謝謝了，再見",
        "謝謝，祝你有個美好的夜晚",
        "謝了。再會",
        "謝了。就聊到這裡吧。",
        "謝謝。我沒問題了。祝你有個愉快的一天。",
        "謝了。再見"
      ],
      "dialogId": "new_topic_e2d1671328b941dbb60fa7150059b1ee_f56d1a3e522740c78f9fac0939332dbd_goodbye",
      "isTriggeringEnabled": true,
      "id": "new_topic_e2d1671328b941dbb60fa7150059b1ee_f56d1a3e522740c78f9fac0939332dbd_goodbye",
      "displayName": "再見",
      "description": "系統意圖道別",
      "createdTime": "2019-01-15T00:00:00Z",
      "updatedTime": "2019-01-15T00:00:00Z",
      "createdUserId": "user0",
      "updatedUserId": "user0"
    }
  ],
  "dialogs": [
    {
      "rootNodeId": "3ce2158c-ebd3-4e2f-9e15-74432e415182",
      "dialogType": "System",
      "messageNodes": [
        {
          "botMessageId": "026a85be-8cca-4b87-b39f-3639fcfe3383",
          "nodeType": "BotMessageNode",
          "id": "3ce2158c-ebd3-4e2f-9e15-74432e415182"
        }
      ],
      "id": "new_topic_e2d1671328b941dbb60fa7150059b1ee_f56d1a3e522740c78f9fac0939332dbd_goodbye",
      "displayName": "道別對話",
      "createdTime": "2019-01-15T00:00:00Z",
      "updatedTime": "2019-01-15T00:00:00Z",
      "createdUserId": "user0",
      "updatedUserId": "user0"
    }
  ],
  "botMessages": [
    {
      "channelContent": {
        "web": {
          "contentFormat": "Markdown",
          "content": "感謝您與我聊天。再見！"
        }
      },
      "id": "026a85be-8cca-4b87-b39f-3639fcfe3383",
      "createdTime": "2019-01-15T00:00:00Z",
      "updatedTime": "2019-01-15T00:00:00Z",
      "createdUserId": "user0",
      "updatedUserId": "user0"
    }
  ]
}