{
  "intents": [
    {
      "endUserOverrideName": "Teams veilig",
      "triggerQueries": [
        "Kan ik veilig met Teams werken",
        "Is Teams veilig",
        "Voldoet Teams aan GDPR",
        "Voldoet Teams aan AVG",
        "Is Teams veilig genoeg voor mijn informatie"
      ],
      "dialogId": "new_topic_a9550e02bdd84f05874d6cb54e7bba84",
      "isTriggeringEnabled": true,
      "id": "new_topic_a9550e02bdd84f05874d6cb54e7bba84",
      "displayName": "Is Teams veilig",
      "description": "",
      "createdTime": "2021-03-20T15:53:26.7140999Z",
      "updatedTime": "2021-03-20T15:55:43.5908511Z",
      "createdUserId": "c1e90dc0-1df0-459d-8164-0dcb7915deaf"
    }
  ],
  "dialogs": [
    {
      "rootNodeId": "657bd172-15ca-47ea-a79a-d7f7f728c93c",
      "messageNodes": [
        {
          "botMessageId": "c087f027-475b-4bcb-aed8-921a4aa8bfd1",
          "nodeType": "BotMessageNode",
          "id": "657bd172-15ca-47ea-a79a-d7f7f728c93c",
          "defaultTargetNodeId": "6ba53d33-b6a5-4a7b-b65d-0310fc28a7ee"
        },
        {
          "botMessageId": "00366c12-57b4-492d-b7c8-3e9b6b6925d8",
          "nodeType": "BotMessageNode",
          "id": "6ba53d33-b6a5-4a7b-b65d-0310fc28a7ee",
          "defaultTargetNodeId": "fbc888eb-3273-49cd-9759-76e848ea3bf4"
        },
        {
          "botMessageId": "cf95102f-3ccf-4e72-8043-5fe73751cd73",
          "nodeType": "BotMessageNode",
          "id": "fbc888eb-3273-49cd-9759-76e848ea3bf4",
          "defaultTargetNodeId": "3baad78f-d74e-49e0-96ea-17ed2a6f824b"
        }
      ],
      "dialogChangeNodes": [
        {
          "targetDialogId": "new_topic_9d295c394a47419da3b4d205b7ed4c20_aeabea4d071f415c8c107e1cb7af5424_assumedsuccess",
          "nodeType": "DialogChangeNode",
          "id": "3baad78f-d74e-49e0-96ea-17ed2a6f824b"
        }
      ],
      "id": "new_topic_a9550e02bdd84f05874d6cb54e7bba84",
      "displayName": "Dialog for Is Teams veilig",
      "createdTime": "2021-03-20T15:53:26.7140999Z",
      "updatedTime": "2021-03-29T22:12:54.8409453Z",
      "createdUserId": "c1e90dc0-1df0-459d-8164-0dcb7915deaf",
      "updatedUserId": "c1e90dc0-1df0-459d-8164-0dcb7915deaf"
    }
  ],
  "botMessages": [
    {
      "channelContent": {
        "web": {
          "contentFormat": "Markdown",
          "content": "_Houd er rekening mee dat uw organisatie mogelijk een eigen beleid heeft voor waar gevoelige informatie moet worden opgeslagen._"
        }
      },
      "id": "c087f027-475b-4bcb-aed8-921a4aa8bfd1",
      "createdTime": "2021-03-20T15:53:26.7140999Z",
      "updatedTime": "2021-03-20T15:53:26.7140999Z",
      "createdUserId": "c1e90dc0-1df0-459d-8164-0dcb7915deaf",
      "updatedUserId": "c1e90dc0-1df0-459d-8164-0dcb7915deaf"
    },
    {
      "channelContent": {
        "web": {
          "contentFormat": "Markdown",
          "content": "[Teams biedt beveiliging van wereldklasse](https://www.microsoft.com/nl-nl/microsoft-teams/security) en voldoet aan meer dan 90 certificeringen, waaronder ISO-normen."
        }
      },
      "id": "00366c12-57b4-492d-b7c8-3e9b6b6925d8",
      "createdTime": "2021-03-20T15:53:45.213Z",
      "updatedTime": "2021-03-20T15:53:45.213Z",
      "createdUserId": "user-0",
      "updatedUserId": "user-0"
    },
    {
      "channelContent": {
        "web": {
          "contentFormat": "Markdown",
          "content": "Uw gegevens in Teams zijn veilig, maar in het geval uw organisatie specifiek beleid heeft, kunt u gebruikers helpen/voorkomen dat gevoelige informatie te schrijven in een chat of in bestanden. Zo kunnen bijvoorbeeld burgerservicenummers, EU-paspoortnummers, gezondheidsgegevens of aangepaste gedefinieerde inhoud, automatisch voorkomen worden dat ze worden gedeeld in Teams. [U meer lezen over hoe uw werkgever het hier kan instellen.](https://docs.microsoft.com/nl-nl/microsoft-365/compliance/dlp-microsoft-teams?view=o365-worldwide)"
        }
      },
      "id": "cf95102f-3ccf-4e72-8043-5fe73751cd73",
      "createdTime": "2021-03-20T15:54:32.134Z",
      "updatedTime": "2021-03-20T15:54:32.134Z",
      "createdUserId": "user-0",
      "updatedUserId": "user-0"
    }
  ],
  "createdUtc": "0001-01-01T00:00:00Z"
}