{
  "intents": [
    {
      "endUserOverrideName": "Restaurer une équipe ou un canal supprimé",
      "triggerQueries": [
        "Puis-je récupérer un ancien canal?",
        "Un de mes canaux a disparu",
        "mon équipe a été supprimée!",
        "récupérer mon équipe supprimée",
        "récupérer un canal supprimé",
        "récupération du canal supprimé",
        "Récupération de l’équipe supprimée",
        "Puis-je récupérer une équipe supprimée?",
        "Comment récupérer mon équipe supprimée?",
        "Mon ancienne équipe a été effacée",
        "Restaurer l’équipe supprimée",
        "Restaurer le canal supprimé",
        "J’ai accidentellement supprimé un canal",
        "réinitialiser l’équipe supprimée",
        "réinitialiser le canal supprimé",
        "annuler les canaux supprimés",
        "annuler l’équipe supprimée",
        "Puis-je restaurer une équipe ou un canal supprimé?"
      ],
      "dialogId": "new_topic_c9b259399b504164b9f1bf3c719d0d6d",
      "isTriggeringEnabled": true,
      "id": "new_topic_c9b259399b504164b9f1bf3c719d0d6d",
      "displayName": "Puis-je restaurer une équipe ou un canal supprimé?",
      "description": "",
      "createdTime": "2021-01-13T22:20:51.2371466Z",
      "updatedTime": "2021-05-24T21:45:39.5071013Z",
      "createdUserId": "f04d3cd9-b73d-4ba9-a1ed-9319eba29b21",
      "updatedUserId": "a2c4aa2c-d830-41eb-bcf4-467a2c7e1279"
    }
  ],
  "dialogs": [
    {
      "rootNodeId": "c33138d3-4823-42f2-9202-303e6566f86a",
      "messageNodes": [
        {
          "botMessageId": "b532bcfb-ed52-46b1-8d80-f55effeb3bb3",
          "nodeType": "BotMessageNode",
          "id": "c33138d3-4823-42f2-9202-303e6566f86a",
          "defaultTargetNodeId": "3ccb3d7e-73a2-4ef3-8e4c-e6bb8cd602e5"
        },
        {
          "botMessageId": "10e0d169-1f5b-4e82-9506-b17a128c628c",
          "nodeType": "BotMessageNode",
          "id": "3ccb3d7e-73a2-4ef3-8e4c-e6bb8cd602e5",
          "defaultTargetNodeId": "40e7cec0-59a0-452e-b7bf-d527d3406ba4"
        }
      ],
      "dialogChangeNodes": [
        {
          "targetDialogId": "new_topic_eac3f49c99664313a9d9dc19d80a79a2_aeabea4d071f415c8c107e1cb7af5424_assumedsuccess",
          "nodeType": "DialogChangeNode",
          "id": "40e7cec0-59a0-452e-b7bf-d527d3406ba4"
        }
      ],
      "id": "new_topic_c9b259399b504164b9f1bf3c719d0d6d",
      "displayName": "Dialog for Can I restore a deleted team or channel?",
      "createdTime": "2021-01-13T22:20:51.2371466Z",
      "updatedTime": "2021-05-24T21:46:48.7902172Z",
      "createdUserId": "f04d3cd9-b73d-4ba9-a1ed-9319eba29b21",
      "updatedUserId": "a2c4aa2c-d830-41eb-bcf4-467a2c7e1279"
    }
  ],
  "botMessages": [
    {
      "channelContent": {
        "web": {
          "contentFormat": "Markdown",
          "content": "Pour **restaurer une équipe supprimée**, parlez-en à votre administrateur informatique. Vous pouvez partager [ce blog](https://www.thewindowsclub.com/how-to-restore-deleted-teams-and-channels-in-microsoft-teams) s’ils ont besoin d’instructions."
        }
      },
      "id": "b532bcfb-ed52-46b1-8d80-f55effeb3bb3",
      "createdTime": "2021-01-13T22:20:51.2371466Z",
      "updatedTime": "2021-01-13T22:20:51.2371466Z",
      "createdUserId": "f04d3cd9-b73d-4ba9-a1ed-9319eba29b21",
      "updatedUserId": "f04d3cd9-b73d-4ba9-a1ed-9319eba29b21"
    },
    {
      "channelContent": {
        "web": {
          "contentFormat": "Markdown",
          "content": "Pour restaurer un canal supprimé:\n\n1\\. Cliquez sur le nom de l’équipe et sélectionnez **Plus d’options (...)**\n\n2\\. Sélectionnez **Gérer l’équipe**.\n\n3\\. Allez dans l’onglet **Canaux** et trouvez le canal dans la section **Supprimés**.\n\n4\\. Sélectionnez **Restaurer**. Toutes les conversations, fichiers et onglets du canal seront restaurés."
        }
      },
      "id": "10e0d169-1f5b-4e82-9506-b17a128c628c",
      "createdTime": "2021-01-27T17:40:19.916Z",
      "updatedTime": "2021-01-27T17:40:19.916Z",
      "createdUserId": "user-0",
      "updatedUserId": "user-0"
    }
  ]
}