{
  "intents": [
    {
      "endUserOverrideName": "périphériques certifiés Teams",
      "triggerQueries": [
        "Sur quels périphériques puis-je utiliser Teams?",
        "Sur quels équipements puis-je utiliser Teams?",
        "Equipements certifiés pour les réunions et les appels Teams",
        "Où trouver l'équipement de salle de réunion pour les équipes?",
        "Microsoft Surface Hub",
        "Existe-t-il des accessoires Teams certifiés?",
        "Espace de réunion en petit comité",
        "Qu'est-ce qu'une salle de réunion Teams?",
        "Surface Hub 2",
        "L'utilisation des écouteurs dans une réunion?",
        "webcams pris en charge par Teams ?",
        "Salles de réunion hybrides",
        "Concevoir une salle de réunion pour Teams",
        "Quels types de  Microsoft Teams Rooms existent pour les réunions",
        "téléphones avec la certification Teams ?",
        "Vue d'ensemble des appareils certifiés pour Teams",
        "Où puis-je trouver des catégories d'appareils pour Teams ?",
        "Appareils Teams pour travailler à domicile?",
        "Équipement Teams lors du travail à distance",
        "Appareils que je peux utiliser pour travailler à domicile avec Teams",
        "Appareils Teams disponible pour travailler à la maison",
        "Quels casques fonctionnent bien avec Teams?",
        "barres de collaboration pour Teams",
        "haut-parleurs à utiliser avec Teams",
        "MTR? Microsoft Teams Rooms",
        "MTR? Teams Meeting rooms",
        "Montrez-moi les MTR certifiés",
        "Microsoft Teams Rooms systems",
        "Appareils Teams pour la collaboration, les réunions, les appels",
        "Appareils Teams pour la collaboration",
        "Qu'est-ce qu'une bonne webcam pour utiliser Teams ?",
        "Caméras Web certifiées pour Teams",
        "Appareils Teams pour Open Office",
        "Appareils Teams pour les grandes salles de réunion",
        "Appareils Teams pour les petites salles de réunion",
        "Téléphones de bureau pour Teams",
        "Des appareils pour téléphoner dans Teams",
        "Des appareils pour appeler des équipes?",
        "Sur quels appareils puis-je utiliser Teams?",
        "catégories d'appareils pour Teams",
        "Equipements Teams pour les espaces partagés",
        "Equipements Teams pour les espaces personnels",
        "Existe-t-il une liste d'appareils certifiés pour Teams?",
        "Equipements de salles de réunion pour Teams",
        "Microsoft Teams Rooms",
        "équipement Teams pour les réunions et les appels",
        "Périphériques certifiés pour les réunions et les appels Teams",
        "Où puis-je trouver des appareils Teams certifiés?"
      ],
      "dialogId": "new_topic_6420e3014feb46e8910d81481f87b383",
      "isTriggeringEnabled": true,
      "id": "new_topic_6420e3014feb46e8910d81481f87b383",
      "displayName": "Où puis-je trouver des périphériques certifiés Teams?",
      "description": "",
      "createdTime": "2021-01-28T09:26:04.2313664Z",
      "updatedTime": "2021-05-24T22:23:02.8814091Z",
      "createdUserId": "f04d3cd9-b73d-4ba9-a1ed-9319eba29b21",
      "updatedUserId": "a2c4aa2c-d830-41eb-bcf4-467a2c7e1279"
    }
  ],
  "dialogs": [
    {
      "rootNodeId": "f3d3ddc9-d414-4d0b-bfe9-e07279fb2d0a",
      "messageNodes": [
        {
          "botMessageId": "30401833-0fc1-4677-96ac-e73dfced85df",
          "nodeType": "BotMessageNode",
          "id": "f3d3ddc9-d414-4d0b-bfe9-e07279fb2d0a",
          "defaultTargetNodeId": "6615e60d-7a40-4fe0-a180-043d97ad26c2"
        },
        {
          "botMessageId": "c595ed50-4438-4778-a9ab-7be7b9471e44",
          "nodeType": "BotMessageNode",
          "id": "6615e60d-7a40-4fe0-a180-043d97ad26c2",
          "defaultTargetNodeId": "696051c6-8fd1-48be-a569-af145d3169d4"
        },
        {
          "botMessageId": "63abc878-01da-45b4-945a-a8811d19569a",
          "nodeType": "BotMessageNode",
          "id": "4df6aeb2-d2dc-46b7-89cd-06694631d3a7",
          "defaultTargetNodeId": "9a4c15f1-b532-4fa0-a125-55d4da342a33"
        },
        {
          "botMessageId": "77f98e77-5e1c-439f-bbfd-9b15fdbe99ba",
          "nodeType": "BotMessageNode",
          "id": "16ff5781-b08a-4599-bd13-c94a04ef7e78",
          "defaultTargetNodeId": "4df6aeb2-d2dc-46b7-89cd-06694631d3a7"
        },
        {
          "botMessageId": "0e73aa82-ee0a-45ec-971f-a3d25fc61af8",
          "nodeType": "BotMessageNode",
          "id": "696051c6-8fd1-48be-a569-af145d3169d4",
          "defaultTargetNodeId": "16ff5781-b08a-4599-bd13-c94a04ef7e78"
        }
      ],
      "dialogChangeNodes": [
        {
          "targetDialogId": "new_topic_eac3f49c99664313a9d9dc19d80a79a2_aeabea4d071f415c8c107e1cb7af5424_assumedsuccess",
          "nodeType": "DialogChangeNode",
          "id": "9a4c15f1-b532-4fa0-a125-55d4da342a33"
        }
      ],
      "id": "new_topic_6420e3014feb46e8910d81481f87b383",
      "displayName": "Dialog for Where can I find certified Teams devices?",
      "createdTime": "2021-01-28T09:26:04.2313664Z",
      "updatedTime": "2021-05-24T22:24:03.3989685Z",
      "createdUserId": "f04d3cd9-b73d-4ba9-a1ed-9319eba29b21",
      "updatedUserId": "a2c4aa2c-d830-41eb-bcf4-467a2c7e1279"
    }
  ],
  "botMessages": [
    {
      "channelContent": {
        "web": {
          "contentFormat": "Markdown",
          "content": "Il existe de nombreux types d'appareils Teams certifiés pour les réunions, la collaboration et les appels."
        }
      },
      "id": "30401833-0fc1-4677-96ac-e73dfced85df",
      "createdTime": "2021-01-28T09:26:04.2303627Z",
      "updatedTime": "2021-01-28T09:26:04.2303627Z",
      "createdUserId": "f04d3cd9-b73d-4ba9-a1ed-9319eba29b21",
      "updatedUserId": "f04d3cd9-b73d-4ba9-a1ed-9319eba29b21"
    },
    {
      "channelContent": {
        "web": {
          "contentFormat": "Markdown",
          "content": "Vous pouvez [retrouver ici](https://www.microsoft.com/fr-fr/microsoft-teams/across-devices/devices/category?devicetype=20&page=1&filterIds=) l'ensemble des périphériques disponibles."
        }
      },
      "id": "c595ed50-4438-4778-a9ab-7be7b9471e44",
      "createdTime": "2021-01-28T09:57:48.302Z",
      "updatedTime": "2021-01-28T09:57:48.302Z",
      "createdUserId": "user-0",
      "updatedUserId": "user-0"
    },
    {
      "channelContent": {
        "web": {
          "contentFormat": "Markdown",
          "content": "**Veuillez noter que :**\n\n*   _Tous les équipements Teams ne sont pas disponibles dans tous les pays._"
        }
      },
      "id": "63abc878-01da-45b4-945a-a8811d19569a",
      "createdTime": "2021-01-28T10:00:19.146Z",
      "updatedTime": "2021-01-28T10:00:19.146Z",
      "createdUserId": "user-0",
      "updatedUserId": "user-0"
    },
    {
      "channelContent": {
        "web": {
          "contentFormat": "Markdown",
          "content": "[Par Equipement](https://www.microsoft.com/fr-fr/microsoft-teams/across-devices/devices/category?devicetype=20&page=1&filterIds=)  \n(Teams Rooms, accessoires pour les systèmes de salles de réunion, casques, webcam, haut parleurs, téléphone de bureau, panneau d'affichage pour Teams...)"
        }
      },
      "id": "77f98e77-5e1c-439f-bbfd-9b15fdbe99ba",
      "createdTime": "2021-01-28T10:10:01.749Z",
      "updatedTime": "2021-01-28T10:10:01.749Z",
      "createdUserId": "user-0",
      "updatedUserId": "user-0"
    },
    {
      "channelContent": {
        "web": {
          "contentFormat": "Markdown",
          "content": "[Par espace de travail](https://www.microsoft.com/fr-fr/microsoft-teams/across-devices/spaces)  \n(Bureau à domicile, petites à très grandes salles de réunion, en public, en transport en commun, bureau ouvert, bureau exécutif, cabine téléphonique et autres espaces de réunion)"
        }
      },
      "id": "0e73aa82-ee0a-45ec-971f-a3d25fc61af8",
      "createdTime": "2021-01-28T10:10:47.013Z",
      "updatedTime": "2021-01-28T10:10:47.013Z",
      "createdUserId": "user-0",
      "updatedUserId": "user-0"
    }
  ]
}