{
  "intents": [
    {
      "endUserOverrideName": "Czym jest czytnik immersyjny?",
      "triggerQueries": [
        "Co to jest czytnik immersyjny?",
        "przetłumacz wiadomość na inny język",
        "przeczytaj coś w innych językach",
        "Ułatwienia w czytaniu",
        "Dysleksja",
        "trudności w czytaniu i pisaniu",
        "Czy tekst jest czytany na głos w usłudze Teams?",
        "Czy możesz odczytać tekst na głos w usłudze Teams?",
        "Czy mogę odczytać tekst na głos?",
        "Czym jest czytnik immersyjny?"
      ],
      "dialogId": "new_topic_0e74ac662a4c4c758928eceeb4afcce4",
      "isTriggeringEnabled": true,
      "id": "new_topic_0e74ac662a4c4c758928eceeb4afcce4",
      "displayName": "Co to jest czytnik immersyjny?",
      "description": "",
      "createdTime": "2021-09-27T10:38:57.317423Z",
      "updatedTime": "2021-09-27T13:23:33.1097675Z",
      "createdUserId": "28fac8cb-bec7-48c9-a688-5024cf318b8a",
      "updatedUserId": "28fac8cb-bec7-48c9-a688-5024cf318b8a"
    }
  ],
  "dialogs": [
    {
      "rootNodeId": "5866697c-ae85-4f7d-83bd-c876022fd71e",
      "messageNodes": [
        {
          "botMessageId": "41479b7c-bc12-4243-a070-2a7628f78e3e",
          "nodeType": "BotMessageNode",
          "id": "5866697c-ae85-4f7d-83bd-c876022fd71e",
          "defaultTargetNodeId": "34085d72-dd7f-4541-b2ed-16b33847569d"
        }
      ],
      "dialogChangeNodes": [
        {
          "targetDialogId": "new_topic_d4ee79ce05584b519ee7d416fda7e2a3_aeabea4d071f415c8c107e1cb7af5424_assumedsuccess",
          "nodeType": "DialogChangeNode",
          "id": "34085d72-dd7f-4541-b2ed-16b33847569d"
        }
      ],
      "id": "new_topic_0e74ac662a4c4c758928eceeb4afcce4",
      "displayName": "Dialog for Czym jest czytnik immersyjny?",
      "createdTime": "2021-09-27T10:38:57.317423Z",
      "updatedTime": "2021-09-27T10:39:14.0676Z",
      "createdUserId": "28fac8cb-bec7-48c9-a688-5024cf318b8a",
      "updatedUserId": "28fac8cb-bec7-48c9-a688-5024cf318b8a"
    }
  ],
  "botMessages": [
    {
      "channelContent": {
        "web": {
          "contentFormat": "Markdown",
          "content": "[Kliknij tutaj, aby uzyskać przewodnik po Czytniku Immersyjnym w zespołach (ze zdjęciami)](https://support.microsoft.com/pl-pl/topic/korzystanie-z-czytnika-immersyjnego-w-aplikacji-microsoft-teams-a700c0d0-bc53-4696-a94d-4fbc86ac7a9a?ui=en-us&rs=en-us&ad=us)\n\nJeśli chcesz, aby tekst był czytany na głos lub mówiony w innym języku, możesz zaznaczyć tekst w odpowiednim usługach zespołu. Kolor, kształt, rozmiar można dostosować do twoich preferencji, co na przykład ułatwia osobom z dysleksją i trudnościami w uczeniu się.\n\nSłownik obrazu, wyróżnianie linii i słów są również dostępne dla obsługi wizualnej.\n\nW przypadku dowolnej wiadomości w aplikacji Teams kliknij pozycję Więcej opcji \"...\" i wybierz czytnik immersyjny."
        }
      },
      "id": "41479b7c-bc12-4243-a070-2a7628f78e3e",
      "createdTime": "2021-09-27T10:38:57.317423Z",
      "updatedTime": "2021-09-27T10:38:57.317423Z",
      "createdUserId": "28fac8cb-bec7-48c9-a688-5024cf318b8a",
      "updatedUserId": "28fac8cb-bec7-48c9-a688-5024cf318b8a"
    }
  ],
  "createdUtc": "0001-01-01T00:00:00Z"
}