{
  "intents": [
    {
      "triggerQueries": [
        "Team 팀 외부 문서 액세스 관리",
        "팀 파일 탐색기 동기화 액세스",
        "쉐어포인트 Team 팀 파일 보기 문서 관리",
        "Windows 탐색기 윈도우 파일 탐색기 문서 동기화",
        "Teams 팀즈 Team 팀 내 컴퓨터 문서 동기화",
        "SharePoint 쉐어포인트 Team 팀 File 파일 오픈 열기",
        "로컬 컴퓨터 Team 팀 Folder 랩톱 랩탑 폴더 동기화",
        "Teams에서 SharePoint로 파일을 열려면 어떻게 해야 합니까?"
      ],
      "dialogId": "new_topic_212a2007add54ad2a51354eb45f37147",
      "isTriggeringEnabled": true,
      "id": "new_topic_212a2007add54ad2a51354eb45f37147",
      "displayName": "Teams에서 SharePoint로 파일을 열려면 어떻게 해야 합니까?",
      "description": "https://adoptbotv2kb.blob.core.windows.net/%24web/adoptbot2021-Korean.docx",
      "createdTime": "2021-03-18T03:39:18.7466553Z",
      "updatedTime": "2021-04-05T07:24:04.5297342Z",
      "createdUserId": "e47109d8-0300-4e59-a90d-56bb29886c9e",
      "updatedUserId": "e47109d8-0300-4e59-a90d-56bb29886c9e"
    }
  ],
  "dialogs": [
    {
      "rootNodeId": "3e42ef66-bb7d-44f9-87cd-2ac8ec5bd05d",
      "messageNodes": [
        {
          "botMessageId": "271780f1-3ad3-4514-aac6-22ee3a1f8d61",
          "nodeType": "BotMessageNode",
          "id": "575ada8c-a051-47a9-9ca3-4479f4f1328a",
          "defaultTargetNodeId": "f08ce8b2-992a-403f-874c-7c589673b896"
        },
        {
          "botMessageId": "fa406d31-7e3a-483f-82f5-ebbca8ab4910",
          "nodeType": "BotMessageNode",
          "id": "3e42ef66-bb7d-44f9-87cd-2ac8ec5bd05d",
          "defaultTargetNodeId": "3693f7e1-6a88-48e4-abcd-4839bee2be93"
        },
        {
          "botMessageId": "3c8d7b82-453d-4e0f-9b71-ccb511178a66",
          "nodeType": "BotMessageNode",
          "id": "3693f7e1-6a88-48e4-abcd-4839bee2be93",
          "defaultTargetNodeId": "575ada8c-a051-47a9-9ca3-4479f4f1328a"
        },
        {
          "botMessageId": "ddcf00c7-ebd5-4422-9bf9-c98d13c09200",
          "nodeType": "BotMessageNode",
          "id": "f08ce8b2-992a-403f-874c-7c589673b896",
          "defaultTargetNodeId": "43a689bb-14e4-467e-94f0-c08ec5804de6"
        }
      ],
      "dialogChangeNodes": [
        {
          "targetDialogId": "new_topic_2bf23930c1d146129dfe38bacb94ccd0_aeabea4d071f415c8c107e1cb7af5424_assumedsuccess",
          "nodeType": "DialogChangeNode",
          "id": "43a689bb-14e4-467e-94f0-c08ec5804de6"
        }
      ],
      "id": "new_topic_212a2007add54ad2a51354eb45f37147",
      "displayName": "Dialog for Teams에서 SharePoint로 파일을 열려면 어떻게 해야 합니까?",
      "createdTime": "2021-03-18T03:39:18.7466553Z",
      "updatedTime": "2021-04-05T07:23:48.1029607Z",
      "createdUserId": "e47109d8-0300-4e59-a90d-56bb29886c9e",
      "updatedUserId": "e47109d8-0300-4e59-a90d-56bb29886c9e"
    }
  ],
  "botMessages": [
    {
      "channelContent": {
        "web": {
          "contentFormat": "Markdown",
          "content": "*   문서 기록 기능을 사용하여 문서의 이전 버전 찾기 및 열기\n*   파일 탐색기에서 Teams 문서 라이브러리를 보기 위해 OneDrive 동기화 클라이언트를 사용하여 비즈니스용 OneDrive 동기화\n*   (Team에서 \"파일\"탭에서도 동기화 가능)\n*   문서에 액세스할 수 있는 사용자 보기 및 관리\n*   더 많은 다양한 설정"
        }
      },
      "id": "271780f1-3ad3-4514-aac6-22ee3a1f8d61",
      "createdTime": "2021-03-18T03:39:18.7466553Z",
      "updatedTime": "2021-03-18T03:39:18.7466553Z",
      "createdUserId": "e47109d8-0300-4e59-a90d-56bb29886c9e",
      "updatedUserId": "e47109d8-0300-4e59-a90d-56bb29886c9e"
    },
    {
      "channelContent": {
        "web": {
          "contentFormat": "Markdown",
          "content": "[화면이 포함된 공식 가이드.](https://support.microsoft.com/ko-kr/office/sync-sharepoint-and-teams-files-with-your-computer-6de9ede8-5b6e-4503-80b2-6190f3354a88)"
        }
      },
      "id": "fa406d31-7e3a-483f-82f5-ebbca8ab4910",
      "createdTime": "2021-04-05T07:20:30.715Z",
      "updatedTime": "2021-04-05T07:20:30.715Z",
      "createdUserId": "user-0",
      "updatedUserId": "user-0"
    },
    {
      "channelContent": {
        "web": {
          "contentFormat": "Markdown",
          "content": "Teams의 문서 옵션에서 “**SharePoint에서 열기**”를 선택하면 문서를 관리하기 위한 추가적인 방법이 있습니다"
        }
      },
      "id": "3c8d7b82-453d-4e0f-9b71-ccb511178a66",
      "createdTime": "2021-04-05T07:21:34.078Z",
      "updatedTime": "2021-04-05T07:21:34.078Z",
      "createdUserId": "user-0",
      "updatedUserId": "user-0"
    },
    {
      "channelContent": {
        "web": {
          "contentFormat": "Markdown",
          "content": "**💡팁:**\n\nSharePoint 보기에서 파일 또는 폴더를 변경하지 마십시오. 가능하면, Teams에서 수행하십시오."
        }
      },
      "id": "ddcf00c7-ebd5-4422-9bf9-c98d13c09200",
      "createdTime": "2021-04-05T07:23:12.051Z",
      "updatedTime": "2021-04-05T07:23:12.051Z",
      "createdUserId": "user-0",
      "updatedUserId": "user-0"
    }
  ],
  "createdUtc": "0001-01-01T00:00:00Z"
}