{
  "intents": [
    {
      "intentType": "Regular",
      "endUserOverrideName": "Can I delete and entire chat?",
      "triggerQueries": [
        "Can I delete and entire chat?",
        "Delete an entire chat conversation",
        "Can I delete the entire chat with someone?",
        "Delete all my chat history",
        "How do I remove everything from a chat?",
        "Delete chat history",
        "Can I delete an old chat?"
      ],
      "dialogId": "new_topic_dc043497331545f4a0e9701ad9d0b0f9",
      "isTriggeringEnabled": true,
      "id": "new_topic_dc043497331545f4a0e9701ad9d0b0f9",
      "displayName": "Can I delete an old chat?",
      "description": "https://adoptbotv2kb.blob.core.windows.net/%24web/AdoptBot2021-English.docx",
      "createdTime": "2021-01-13T22:20:51.2371466Z",
      "updatedTime": "2021-01-27T18:09:07.8052528Z",
      "createdUserId": "f04d3cd9-b73d-4ba9-a1ed-9319eba29b21",
      "updatedUserId": "f04d3cd9-b73d-4ba9-a1ed-9319eba29b21"
    }
  ],
  "dialogs": [
    {
      "rootNodeId": "0e87ab2e-1a18-4f22-97ae-29e93a644ea5",
      "messageNodes": [
        {
          "botMessageId": "4ef94d1f-b1b9-4c43-8ddc-c1ab3cf24e20",
          "nodeType": "BotMessageNode",
          "id": "0e87ab2e-1a18-4f22-97ae-29e93a644ea5",
          "defaultTargetNodeId": "614a3989-035e-45bf-8aa9-8f4ab284ee0e"
        }
      ],
      "dialogChangeNodes": [
        {
          "targetDialogId": "new_topic_eac3f49c99664313a9d9dc19d80a79a2_aeabea4d071f415c8c107e1cb7af5424_assumedsuccess",
          "nodeType": "DialogChangeNode",
          "id": "614a3989-035e-45bf-8aa9-8f4ab284ee0e"
        }
      ],
      "id": "new_topic_dc043497331545f4a0e9701ad9d0b0f9",
      "displayName": "Dialog for Can I delete an old chat?",
      "createdTime": "2021-01-13T22:20:51.2371466Z",
      "updatedTime": "2021-01-13T22:20:51.2371466Z",
      "createdUserId": "f04d3cd9-b73d-4ba9-a1ed-9319eba29b21",
      "updatedUserId": "f04d3cd9-b73d-4ba9-a1ed-9319eba29b21"
    }
  ],
  "botMessages": [
    {
      "channelContent": {
        "web": {
          "contentFormat": "Markdown",
          "content": "While you can't delete an entire chat, you can hide it to get it out of your chat list.\r\n\r\nAnd you're also able to [delete individual messages you've sent](https://support.microsoft.com/en-us/office/edit-or-delete-a-sent-message-in-teams-5f1fe604-a900-4a07-b8b7-8cf70ed6b263) ."
        }
      },
      "id": "4ef94d1f-b1b9-4c43-8ddc-c1ab3cf24e20",
      "createdTime": "2021-01-13T22:20:51.2371466Z",
      "updatedTime": "2021-01-13T22:20:51.2371466Z",
      "createdUserId": "f04d3cd9-b73d-4ba9-a1ed-9319eba29b21",
      "updatedUserId": "f04d3cd9-b73d-4ba9-a1ed-9319eba29b21"
    }
  ]
}