{
  "intents": [
    {
      "triggerQueries": [
        "삭제 팀 채널 복원",
        "삭제 Team 팀 취소",
        "삭제 Channel 채널 취소",
        "삭제 Channel 채널 재설정",
        "삭제 Team 팀 재설정",
        "실수 채널 삭제",
        "삭제 Team 팀 복원",
        "이전 Team 팀 지워져 지워",
        "삭제 Team 다시 가져 얻을 얻으려",
        "삭제 팀 Team 복구",
        "삭제 Channel 채널 복구",
        "삭제 Team 팀 복구",
        "채널 삭제 사라져 사라졌",
        "예전 채널 다시 사용",
        "삭제된 팀이나 채널을 복구할 수 있습니까?"
      ],
      "dialogId": "new_topic_657e1ab3f59741b1930b7e3b6f90e9a6",
      "isTriggeringEnabled": true,
      "id": "new_topic_657e1ab3f59741b1930b7e3b6f90e9a6",
      "displayName": "삭제된 팀이나 채널을 복구할 수 있습니까?",
      "description": "https://adoptbotv2kb.blob.core.windows.net/%24web/adoptbot2021-Korean.docx",
      "createdTime": "2021-03-18T03:39:18.7456548Z",
      "updatedTime": "2021-04-06T10:47:45.1237779Z",
      "createdUserId": "e47109d8-0300-4e59-a90d-56bb29886c9e",
      "updatedUserId": "e47109d8-0300-4e59-a90d-56bb29886c9e"
    }
  ],
  "dialogs": [
    {
      "rootNodeId": "fd3f3164-a8ab-4ece-83c1-ac3e0cd0fd3e",
      "messageNodes": [
        {
          "botMessageId": "a5e68d42-00bd-4ea4-bac9-bb8b1674430b",
          "nodeType": "BotMessageNode",
          "id": "b54a573c-7e55-404b-9e79-52d3bba8589c",
          "defaultTargetNodeId": "363c9f75-c8b9-432a-8fd3-6f81beea0236"
        },
        {
          "botMessageId": "e0c79ceb-4b4f-4aff-9be2-9d76e1db58d5",
          "nodeType": "BotMessageNode",
          "id": "fd3f3164-a8ab-4ece-83c1-ac3e0cd0fd3e",
          "defaultTargetNodeId": "b54a573c-7e55-404b-9e79-52d3bba8589c"
        }
      ],
      "dialogChangeNodes": [
        {
          "targetDialogId": "new_topic_2bf23930c1d146129dfe38bacb94ccd0_aeabea4d071f415c8c107e1cb7af5424_assumedsuccess",
          "nodeType": "DialogChangeNode",
          "id": "363c9f75-c8b9-432a-8fd3-6f81beea0236"
        }
      ],
      "id": "new_topic_657e1ab3f59741b1930b7e3b6f90e9a6",
      "displayName": "Dialog for 삭제된 팀이나 채널을 복구할 수 있습니까?",
      "createdTime": "2021-03-18T03:39:18.7456548Z",
      "updatedTime": "2021-04-06T10:46:35.5725455Z",
      "createdUserId": "e47109d8-0300-4e59-a90d-56bb29886c9e",
      "updatedUserId": "e47109d8-0300-4e59-a90d-56bb29886c9e"
    }
  ],
  "botMessages": [
    {
      "channelContent": {
        "web": {
          "contentFormat": "Markdown",
          "content": "**삭제된 채널을 복구하려면** \n\n1.  팀 이름으로 이동하여 **기타 옵션**, 다음 \n2.  **팀 관리**를 클릭합니다. \n3.  채널 탭으로 이동합니다. 삭제된 섹션에서 채널을 찾아 \n4.  **복원**을 클릭합니다. 모든 채널 대화, 파일 및 탭이 복원됩니다."
        }
      },
      "id": "a5e68d42-00bd-4ea4-bac9-bb8b1674430b",
      "createdTime": "2021-03-18T03:39:18.7456548Z",
      "updatedTime": "2021-03-18T03:39:18.7456548Z",
      "createdUserId": "e47109d8-0300-4e59-a90d-56bb29886c9e",
      "updatedUserId": "e47109d8-0300-4e59-a90d-56bb29886c9e"
    },
    {
      "channelContent": {
        "web": {
          "contentFormat": "Markdown",
          "content": "삭제된 팀을 복구하려면 IT 관리자와 문의하십시오. 지침이 필요한 경우 [이 블로그 게시물을](https://www.thewindowsclub.com/how-to-restore-deleted-teams-and-channels-in-microsoft-teams) 공유할 수 있습니다."
        }
      },
      "id": "e0c79ceb-4b4f-4aff-9be2-9d76e1db58d5",
      "createdTime": "2021-04-06T10:45:10.997Z",
      "updatedTime": "2021-04-06T10:45:10.997Z",
      "createdUserId": "user-0",
      "updatedUserId": "user-0"
    }
  ],
  "createdUtc": "0001-01-01T00:00:00Z"
}