{
  "intents": [
    {
      "triggerQueries": [
        "Can anyone create a Teams live events?",
        "Who can do events in Teams?",
        "Who can do a live event?",
        "Who can do a live event?",
        "Who can create live events?",
        "任何人都可以在 Teams 中建立即時活動嗎？",
        "任何人都可以建立 Teams 即時活動嗎？",
        "誰能在 Teams 中做活動？",
        "誰可以建立即時活動？",
        "誰可以參加即時活動？"
      ],
      "dialogId": "new_topic_3c413b6875e64e9c870e7567fce13a92",
      "isTriggeringEnabled": true,
      "id": "new_topic_3c413b6875e64e9c870e7567fce13a92",
      "displayName": "誰可以建立即時活動？",
      "description": "https://adoptbotv2kb.blob.core.windows.net/%24web/AdoptBot2021-English.docx",
      "createdTime": "2021-11-17T03:48:03.3715865Z",
      "updatedTime": "2021-11-22T11:15:09.3817917Z",
      "createdUserId": "9c968d43-f7c2-4e28-895c-1f6bcefcd8be",
      "updatedUserId": "9c968d43-f7c2-4e28-895c-1f6bcefcd8be"
    }
  ],
  "dialogs": [
    {
      "rootNodeId": "cd46bfd4-3b8f-4734-978b-f519d76aec15",
      "messageNodes": [
        {
          "botMessageId": "0205bc43-9668-4942-9e47-4035d2d90867",
          "nodeType": "BotMessageNode",
          "id": "cd46bfd4-3b8f-4734-978b-f519d76aec15",
          "defaultTargetNodeId": "a9d05e1f-f433-46a8-9651-6f5738f5a382"
        }
      ],
      "dialogChangeNodes": [
        {
          "targetDialogId": "new_topic_e2d1671328b941dbb60fa7150059b1ee_aeabea4d071f415c8c107e1cb7af5424_assumedsuccess",
          "nodeType": "DialogChangeNode",
          "id": "a9d05e1f-f433-46a8-9651-6f5738f5a382"
        }
      ],
      "id": "new_topic_3c413b6875e64e9c870e7567fce13a92",
      "displayName": "Dialog for 誰可以建立即時活動？",
      "createdTime": "2021-11-17T03:48:03.3715865Z",
      "updatedTime": "2021-11-22T11:15:09.3817917Z",
      "createdUserId": "9c968d43-f7c2-4e28-895c-1f6bcefcd8be",
      "updatedUserId": "9c968d43-f7c2-4e28-895c-1f6bcefcd8be"
    }
  ],
  "botMessages": [
    {
      "channelContent": {
        "web": {
          "contentFormat": "Markdown",
          "content": "有關完整詳細資訊，請參閱：\n\n[誰可以參加、創建和安排團隊中的即時活動？](https://docs.microsoft.com/zh-tw/microsoftteams/teams-live-events/plan-for-teams-live-events#who-can-attend-create-and-schedule-live-events)\n\n要創建即時活動(直播)，您需要：\n\n*   Microsoft/Office 365 Enterprise E3/A3, 或 E5/A5 授權\n*   您的IT管理員可以提供更多資訊。"
        }
      },
      "id": "0205bc43-9668-4942-9e47-4035d2d90867",
      "createdTime": "2021-11-17T03:48:03.3715865Z",
      "updatedTime": "2021-11-17T03:48:03.3715865Z",
      "createdUserId": "9c968d43-f7c2-4e28-895c-1f6bcefcd8be",
      "updatedUserId": "9c968d43-f7c2-4e28-895c-1f6bcefcd8be"
    }
  ]
}