{
  "intents": [
    {
      "endUserOverrideName": "@nämna i kanal",
      "triggerQueries": [
        "Hur kan jag nämna alla i en kanal?",
        "Hur kan jag notifiera alla i en kanal?",
        "Hur gör jag för att @nämna en kanal?"
      ],
      "dialogId": "new_topic_1b42c3f11d4a41ddad3ebadac5c882b5",
      "isTriggeringEnabled": true,
      "id": "new_topic_1b42c3f11d4a41ddad3ebadac5c882b5",
      "displayName": "Hur gör jag för att @nämna en kanal?",
      "description": "https://intranat.helsingborg.se/wp-content/uploads/2020/11/svenska-fracc8agor-till-adoptbot-pva.docx",
      "createdTime": "2020-11-24T14:37:53.8230909Z",
      "updatedTime": "2020-12-10T07:15:30.9182473Z",
      "createdUserId": "f04d3cd9-b73d-4ba9-a1ed-9319eba29b21",
      "updatedUserId": "844fcc91-8b17-49d9-9824-79f412da094a"
    }
  ],
  "dialogs": [
    {
      "rootNodeId": "4afaf4be-72f3-4b23-a70f-5743315969db",
      "messageNodes": [
        {
          "botMessageId": "a1e84727-ae91-4f79-b8b1-fbcaabada93b",
          "nodeType": "BotMessageNode",
          "id": "4afaf4be-72f3-4b23-a70f-5743315969db",
          "defaultTargetNodeId": "1106c0b3-7224-46d3-8f4d-1a383a374c05"
        }
      ],
      "dialogChangeNodes": [
        {
          "targetDialogId": "new_topic_84ec227c19784e7ba25cb34f4638f91e_aeabea4d071f415c8c107e1cb7af5424_assumedsuccess",
          "nodeType": "DialogChangeNode",
          "id": "1106c0b3-7224-46d3-8f4d-1a383a374c05"
        }
      ],
      "id": "new_topic_1b42c3f11d4a41ddad3ebadac5c882b5",
      "displayName": "Dialog for Hur gör jag för att @nämna en kanal?",
      "createdTime": "2020-11-24T14:37:53.8230909Z",
      "updatedTime": "2020-11-24T14:37:53.8230909Z",
      "createdUserId": "f04d3cd9-b73d-4ba9-a1ed-9319eba29b21",
      "updatedUserId": "f04d3cd9-b73d-4ba9-a1ed-9319eba29b21"
    }
  ],
  "botMessages": [
    {
      "channelContent": {
        "web": {
          "contentFormat": "Markdown",
          "content": "För att få allas uppmärksamhet i en kanal @nämn kanalen.Skriv bara @ före kanalnamnet och välj sedan kanalen på menyn som visas.\r\n\r\nGenom att @\r\n\r\nkanalnamnet får varje medlem i kanalen en notis.\r\n\r\nTyp av\r\n\r\nnotis beror på varje individs inställning.\r\n\r\nAnvänd det här alternativet sparsamt eftersom det liknar svara alla i e-post."
        }
      },
      "id": "a1e84727-ae91-4f79-b8b1-fbcaabada93b",
      "createdTime": "2020-11-24T14:37:53.8230909Z",
      "updatedTime": "2020-11-24T14:37:53.8230909Z",
      "createdUserId": "f04d3cd9-b73d-4ba9-a1ed-9319eba29b21",
      "updatedUserId": "f04d3cd9-b73d-4ba9-a1ed-9319eba29b21"
    }
  ]
}