{
  "intents": [
    {
      "triggerQueries": [
        "Czy moje spotkania usługi Teams są również wyświetlane w programie Outlook?",
        "Czy moje spotkania usługi Teams są również widoczne w programie Outlook?",
        "Jak wyświetlić spotkania usługi Teams w kalendarzu programu Outlook?",
        "Gdzie mogę zobaczyć moje spotkania?",
        "Czy ten sam kalendarz jest w aplikacjach Teams i Outlook?",
        "Czy mogę zobaczyć spotkania mojego zespołu w kalendarzu?",
        "Gdzie mogę zobaczyć zarezerwowane spotkania?",
        "Czy widzisz spotkania zespołów w kalendarzu?",
        "pokaż spotkania Teams w Outlook",
        "zobacz spotkania moich zespołów",
        "Czy moje spotkania Teams pojawią się w aplikacji Outlook?"
      ],
      "dialogId": "new_topic_0c9d7257fd3642abafa6911cc5e5aaac",
      "isTriggeringEnabled": true,
      "id": "new_topic_0c9d7257fd3642abafa6911cc5e5aaac",
      "displayName": "Czy moje spotkania Teams pojawią się w aplikacji Outlook?",
      "description": "",
      "createdTime": "2021-09-27T05:15:17.5974157Z",
      "updatedTime": "2021-10-20T14:46:35.9484269Z",
      "createdUserId": "28fac8cb-bec7-48c9-a688-5024cf318b8a",
      "updatedUserId": "28fac8cb-bec7-48c9-a688-5024cf318b8a"
    }
  ],
  "dialogs": [
    {
      "rootNodeId": "051badd4-ff1e-4a0a-8eb0-07d04dd88636",
      "messageNodes": [
        {
          "botMessageId": "52273545-8c62-41e6-b11e-ac1b83b3952e",
          "nodeType": "BotMessageNode",
          "id": "051badd4-ff1e-4a0a-8eb0-07d04dd88636",
          "defaultTargetNodeId": "623b3172-ae9f-484c-9cad-44e25f04bce1"
        },
        {
          "botMessageId": "558c3d63-5068-4303-9522-1e15d7f6d06d",
          "nodeType": "BotMessageNode",
          "id": "623b3172-ae9f-484c-9cad-44e25f04bce1",
          "defaultTargetNodeId": "8ace62d9-a872-4985-b801-2abf050bc656"
        }
      ],
      "dialogChangeNodes": [
        {
          "targetDialogId": "new_topic_d4ee79ce05584b519ee7d416fda7e2a3_aeabea4d071f415c8c107e1cb7af5424_assumedsuccess",
          "nodeType": "DialogChangeNode",
          "id": "8ace62d9-a872-4985-b801-2abf050bc656"
        }
      ],
      "id": "new_topic_0c9d7257fd3642abafa6911cc5e5aaac",
      "displayName": "Dialog for Czy moje spotkania Teams pojawią się w aplikacji Outlook?",
      "createdTime": "2021-09-27T05:15:17.5974157Z",
      "updatedTime": "2021-10-20T14:47:26.3598547Z",
      "createdUserId": "28fac8cb-bec7-48c9-a688-5024cf318b8a",
      "updatedUserId": "28fac8cb-bec7-48c9-a688-5024cf318b8a"
    }
  ],
  "botMessages": [
    {
      "channelContent": {
        "web": {
          "contentFormat": "Markdown",
          "content": "Jeśli planujesz spotkanie w programie Teams, pojawi się on w obszarze \"**Kalendarz**\" w zespołach i w kalendarzu programu Outlook."
        }
      },
      "id": "52273545-8c62-41e6-b11e-ac1b83b3952e",
      "createdTime": "2021-09-27T05:15:17.5974157Z",
      "updatedTime": "2021-09-27T05:15:17.5974157Z",
      "createdUserId": "28fac8cb-bec7-48c9-a688-5024cf318b8a",
      "updatedUserId": "28fac8cb-bec7-48c9-a688-5024cf318b8a"
    },
    {
      "channelContent": {
        "web": {
          "contentFormat": "Markdown",
          "content": "**UWAGA:** Kalendarz programu Outlook jest używany zarówno w aplikacji Teams, jak i programie Outlook"
        }
      },
      "id": "558c3d63-5068-4303-9522-1e15d7f6d06d",
      "createdTime": "2021-09-27T05:15:57.116Z",
      "updatedTime": "2021-09-27T05:15:57.116Z",
      "createdUserId": "user-0",
      "updatedUserId": "user-0"
    }
  ]
}