{
  "intents": [
    {
      "endUserOverrideName": "Ändra teamets inställningar",
      "triggerQueries": [
        "Ändra inställningar för team",
        "hur når jag teamets inställningar?",
        "ändra inställningar för mina teammedlemmar",
        "justera inställningarna för teamet",
        "Ändra teamets inställningar",
        "ändra mitt teams inställningar",
        "ändra inställningar för teamet",
        "Var finns alternativet för att ändra inställningarna för mitt Team?"
      ],
      "dialogId": "new_topic_d0900edc3f7741b59abaa956aaf4b94a",
      "isTriggeringEnabled": true,
      "id": "new_topic_d0900edc3f7741b59abaa956aaf4b94a",
      "displayName": "Var kan jag ändra inställningarna för mitt team?",
      "description": "Manuell update (wordfil uppdaterad)\nErik",
      "createdTime": "2020-11-24T14:37:53.8230909Z",
      "updatedTime": "2020-12-03T15:01:24.1353085Z",
      "createdUserId": "f04d3cd9-b73d-4ba9-a1ed-9319eba29b21",
      "updatedUserId": "f04d3cd9-b73d-4ba9-a1ed-9319eba29b21"
    }
  ],
  "dialogs": [
    {
      "rootNodeId": "12d6dbfa-bf2f-40ac-a260-d29622b38894",
      "messageNodes": [
        {
          "botMessageId": "65e9d96d-21d8-429a-8b05-e36454a87c4d",
          "nodeType": "BotMessageNode",
          "id": "12d6dbfa-bf2f-40ac-a260-d29622b38894",
          "defaultTargetNodeId": "0092ccbb-0fc9-47e0-9353-4cc61e3d6da5"
        }
      ],
      "dialogChangeNodes": [
        {
          "targetDialogId": "new_topic_84ec227c19784e7ba25cb34f4638f91e_aeabea4d071f415c8c107e1cb7af5424_assumedsuccess",
          "nodeType": "DialogChangeNode",
          "id": "0092ccbb-0fc9-47e0-9353-4cc61e3d6da5"
        }
      ],
      "id": "new_topic_d0900edc3f7741b59abaa956aaf4b94a",
      "displayName": "Dialog for Var finns alternativet för att ändra inställningarna för mitt Team?",
      "createdTime": "2020-11-24T14:37:53.8230909Z",
      "updatedTime": "2020-12-03T14:58:56.7483374Z",
      "createdUserId": "f04d3cd9-b73d-4ba9-a1ed-9319eba29b21",
      "updatedUserId": "f04d3cd9-b73d-4ba9-a1ed-9319eba29b21"
    }
  ],
  "botMessages": [
    {
      "channelContent": {
        "web": {
          "contentFormat": "Markdown",
          "content": "Gå till teamets namn och klicka på Fler alternativ > Hantera team.  \n \n\nDärifrån kommer du åt ditt teams inställningar, som låter dig:\n\n*   Ändra teamets bild.\n*   Ange medlemsbehörigheter\n*   Aktivera @team omnämnanden i en kanal\n*   Gör det möjligt för teammedlemmar att skicka Gifs, emojis och klistermärken\n*   Med mera.."
        }
      },
      "id": "65e9d96d-21d8-429a-8b05-e36454a87c4d",
      "createdTime": "2020-11-24T14:37:53.8230909Z",
      "updatedTime": "2020-11-24T14:37:53.8230909Z",
      "createdUserId": "f04d3cd9-b73d-4ba9-a1ed-9319eba29b21",
      "updatedUserId": "f04d3cd9-b73d-4ba9-a1ed-9319eba29b21"
    }
  ]
}