{
  "intents": [
    {
      "endUserOverrideName": "Teams training",
      "triggerQueries": [
        "kan ik ergens video's vinden van training",
        "ik wil training",
        "waar vind ik training",
        "teams voorbeeld",
        "teams filmpjes",
        "teams training",
        "video training",
        "Teams video training"
      ],
      "dialogId": "new_topic_7b8fd21d12ef4439a22112bfa50994e3",
      "isTriggeringEnabled": true,
      "id": "new_topic_7b8fd21d12ef4439a22112bfa50994e3",
      "displayName": "Waar vind ik Teams Training?",
      "description": "",
      "createdTime": "2021-03-20T08:47:52.1758843Z",
      "updatedTime": "2021-03-29T22:19:20.555559Z",
      "createdUserId": "c1e90dc0-1df0-459d-8164-0dcb7915deaf",
      "updatedUserId": "c1e90dc0-1df0-459d-8164-0dcb7915deaf"
    }
  ],
  "dialogs": [
    {
      "rootNodeId": "7c36bdff-5efb-44e0-987c-69a77ed85000",
      "messageNodes": [
        {
          "botMessageId": "3d10f5c8-b968-4cc7-a54d-0ddfe7601fe5",
          "nodeType": "BotMessageNode",
          "id": "7c36bdff-5efb-44e0-987c-69a77ed85000",
          "defaultTargetNodeId": "91eb8945-85f4-4783-ac4a-58081c41f221"
        }
      ],
      "dialogChangeNodes": [
        {
          "targetDialogId": "new_topic_9d295c394a47419da3b4d205b7ed4c20_aeabea4d071f415c8c107e1cb7af5424_assumedsuccess",
          "nodeType": "DialogChangeNode",
          "id": "91eb8945-85f4-4783-ac4a-58081c41f221"
        }
      ],
      "id": "new_topic_7b8fd21d12ef4439a22112bfa50994e3",
      "displayName": "Dialog for Waar vind ik Teams Training?",
      "createdTime": "2021-03-20T08:47:52.1758843Z",
      "updatedTime": "2021-03-20T08:48:10.0088806Z",
      "createdUserId": "c1e90dc0-1df0-459d-8164-0dcb7915deaf",
      "updatedUserId": "c1e90dc0-1df0-459d-8164-0dcb7915deaf"
    }
  ],
  "botMessages": [
    {
      "channelContent": {
        "web": {
          "contentFormat": "Markdown",
          "content": "[Videotraining voor Microsoft Teams - Office-ondersteuning](https://support.microsoft.com/nl-nl/office/videotraining-voor-microsoft-teams-4f108e54-240b-4351-8084-b1089f0d21d7?ui=nl-NL&rs=nl-NL&ad=NL)"
        }
      },
      "id": "3d10f5c8-b968-4cc7-a54d-0ddfe7601fe5",
      "createdTime": "2021-03-20T08:47:52.1758843Z",
      "updatedTime": "2021-03-20T08:47:52.1758843Z",
      "createdUserId": "c1e90dc0-1df0-459d-8164-0dcb7915deaf",
      "updatedUserId": "c1e90dc0-1df0-459d-8164-0dcb7915deaf"
    }
  ],
  "createdUtc": "0001-01-01T00:00:00Z"
}