{
  "intents": [
    {
      "intentType": "Regular",
      "endUserOverrideName": "Ändra teamnamn",
      "triggerQueries": [
        "ge teamet nytt namn",
        "Jag vill byta namn på vårt team",
        "Var hittar jag alternativet att ändra mitt Team-namn?",
        "byta namn på mitt team",
        "ändra teamets namn",
        "Hur byter jag namn på teamet?",
        "Jag vill ändra visningsnamnet för mitt Team?",
        "Hur ändrar jag teamnamn?"
      ],
      "dialogId": "new_topic_3d9fd2d3b9504851a65c647dabadb4db",
      "isTriggeringEnabled": true,
      "id": "new_topic_3d9fd2d3b9504851a65c647dabadb4db",
      "displayName": "Hur byter jag namn på teamet?",
      "description": "",
      "createdTime": "2020-11-24T14:37:53.8220925Z",
      "updatedTime": "2020-12-08T13:34:31.437039Z",
      "createdUserId": "f04d3cd9-b73d-4ba9-a1ed-9319eba29b21",
      "updatedUserId": "f04d3cd9-b73d-4ba9-a1ed-9319eba29b21"
    }
  ],
  "dialogs": [
    {
      "rootNodeId": "4ef0a491-f6e1-4d32-b731-d28506d76a5b",
      "messageNodes": [
        {
          "botMessageId": "4a1741f3-ccd8-4701-a598-cb011e22d62e",
          "nodeType": "BotMessageNode",
          "id": "4ef0a491-f6e1-4d32-b731-d28506d76a5b",
          "defaultTargetNodeId": "8d548ad8-5e0a-4e02-adcb-e1d7d1fb8fdd"
        }
      ],
      "dialogChangeNodes": [
        {
          "targetDialogId": "new_topic_84ec227c19784e7ba25cb34f4638f91e_aeabea4d071f415c8c107e1cb7af5424_assumedsuccess",
          "nodeType": "DialogChangeNode",
          "id": "8d548ad8-5e0a-4e02-adcb-e1d7d1fb8fdd"
        }
      ],
      "id": "new_topic_3d9fd2d3b9504851a65c647dabadb4db",
      "displayName": "Dialog for Hur ändrar jag teamnamn?",
      "createdTime": "2020-11-24T14:37:53.8220925Z",
      "updatedTime": "2020-11-24T14:37:53.8220925Z",
      "createdUserId": "f04d3cd9-b73d-4ba9-a1ed-9319eba29b21",
      "updatedUserId": "f04d3cd9-b73d-4ba9-a1ed-9319eba29b21"
    }
  ],
  "botMessages": [
    {
      "channelContent": {
        "web": {
          "contentFormat": "Markdown",
          "content": "Gå till teamets namn och klicka på Fler alternativ &gt; Redigera team. Därifrån kan du ange teamnamn, beskrivning och sekretessinställningar, om det behövs."
        }
      },
      "id": "4a1741f3-ccd8-4701-a598-cb011e22d62e",
      "createdTime": "2020-11-24T14:37:53.8220925Z",
      "updatedTime": "2020-11-24T14:37:53.8220925Z",
      "createdUserId": "f04d3cd9-b73d-4ba9-a1ed-9319eba29b21",
      "updatedUserId": "f04d3cd9-b73d-4ba9-a1ed-9319eba29b21"
    }
  ]
}