{
  "intents": [
    {
      "intentType": "Regular",
      "endUserOverrideName": "Notify everyone in a channel (@mention channel)",
      "triggerQueries": [
        "Notify everyone in a channel (@mention channel)",
        "How do I @ a channel?",
        "How can I notify everyone in a channel?",
        "How can I mention everyone in one channel?",
        "How do I @mention a channel?"
      ],
      "dialogId": "new_topic_213a612b7b7648068781dbfcb1ccdd90",
      "isTriggeringEnabled": true,
      "id": "new_topic_213a612b7b7648068781dbfcb1ccdd90",
      "displayName": "How do I @mention a channel?",
      "description": "https://adoptbotv2kb.blob.core.windows.net/%24web/AdoptBot2021-English.docx",
      "createdTime": "2021-01-13T22:20:51.2381463Z",
      "updatedTime": "2021-01-27T22:48:47.0024171Z",
      "createdUserId": "f04d3cd9-b73d-4ba9-a1ed-9319eba29b21",
      "updatedUserId": "f04d3cd9-b73d-4ba9-a1ed-9319eba29b21"
    }
  ],
  "dialogs": [
    {
      "rootNodeId": "c9666905-4d7f-4a94-aacc-d48f7b9d204f",
      "messageNodes": [
        {
          "botMessageId": "9a59d111-3316-4e70-9d9f-dc6fea0e91bb",
          "nodeType": "BotMessageNode",
          "id": "c9666905-4d7f-4a94-aacc-d48f7b9d204f",
          "defaultTargetNodeId": "071f7a17-93c3-480b-a39d-d4bcbc67df44"
        },
        {
          "botMessageId": "8c28d2f1-019c-4be6-a2d1-4debffaa45db",
          "nodeType": "BotMessageNode",
          "id": "071f7a17-93c3-480b-a39d-d4bcbc67df44",
          "defaultTargetNodeId": "a63a1de1-fe32-4631-9357-335a78b27ae4"
        },
        {
          "botMessageId": "3eced1b2-d96b-4f9e-b698-9c47cad4cb12",
          "nodeType": "BotMessageNode",
          "id": "a63a1de1-fe32-4631-9357-335a78b27ae4",
          "defaultTargetNodeId": "c8c8a70f-73fc-4979-90d4-f62e0e838a0f"
        }
      ],
      "dialogChangeNodes": [
        {
          "targetDialogId": "new_topic_eac3f49c99664313a9d9dc19d80a79a2_aeabea4d071f415c8c107e1cb7af5424_assumedsuccess",
          "nodeType": "DialogChangeNode",
          "id": "c8c8a70f-73fc-4979-90d4-f62e0e838a0f"
        }
      ],
      "id": "new_topic_213a612b7b7648068781dbfcb1ccdd90",
      "displayName": "Dialog for How do I @mention a channel?",
      "createdTime": "2021-01-13T22:20:51.2381463Z",
      "updatedTime": "2021-01-27T22:48:53.3506158Z",
      "createdUserId": "f04d3cd9-b73d-4ba9-a1ed-9319eba29b21",
      "updatedUserId": "f04d3cd9-b73d-4ba9-a1ed-9319eba29b21"
    }
  ],
  "botMessages": [
    {
      "channelContent": {
        "web": {
          "contentFormat": "Markdown",
          "content": "[**To get everyone’s attention**](https://support.microsoft.com/en-us/office/use-mentions-to-get-someone-s-attention-in-teams-eb4f059d-320e-454e-b111-03361d4d6855) in a channel, @mention channel name.\n\n*   Type @channel and select the channel name from the menu that appears."
        }
      },
      "id": "9a59d111-3316-4e70-9d9f-dc6fea0e91bb",
      "createdTime": "2021-01-27T22:45:12.907Z",
      "updatedTime": "2021-01-27T22:45:12.907Z",
      "createdUserId": "user-0",
      "updatedUserId": "user-0"
    },
    {
      "channelContent": {
        "web": {
          "contentFormat": "Markdown",
          "content": "By @channel, all members of the team receive a notification.\n\n[_The type of notification depends on everyone's settings._](https://support.microsoft.com/en-us/office/six-things-to-know-about-notifications-abb62c60-3d15-4968-b86a-42fea9c22cf4)"
        }
      },
      "id": "8c28d2f1-019c-4be6-a2d1-4debffaa45db",
      "createdTime": "2021-01-27T22:45:15.062Z",
      "updatedTime": "2021-01-27T22:45:15.062Z",
      "createdUserId": "user-0",
      "updatedUserId": "user-0"
    },
    {
      "channelContent": {
        "web": {
          "contentFormat": "Markdown",
          "content": "💡 **Tip:** _Use this option with care in huge teams, because it's like using “reply all” in e-mail._"
        }
      },
      "id": "3eced1b2-d96b-4f9e-b698-9c47cad4cb12",
      "createdTime": "2021-01-27T22:47:21.876Z",
      "updatedTime": "2021-01-27T22:47:21.876Z",
      "createdUserId": "user-0",
      "updatedUserId": "user-0"
    }
  ]
}