{
  "intents": [
    {
      "triggerQueries": [
        "團隊擁有者的權限",
        "Team owner",
        "What does Team Owner mean?",
        "Who is a team owner",
        "which role does a team owner play?",
        "What can a team owner do",
        "How do I become a team owner?",
        "administrator for a team?",
        "What is a Team Owner?",
        "團隊擁有者",
        "誰是團隊擁有者？",
        "團隊擁有者扮演什麼樣的角色？",
        "團隊擁有者可以做什麼",
        "如何成為團隊擁有者",
        "團隊管理員",
        "什麼是團隊擁有者？"
      ],
      "dialogId": "new_topic_32b3e560b050413a921b77af919c65ec",
      "isTriggeringEnabled": true,
      "id": "new_topic_32b3e560b050413a921b77af919c65ec",
      "displayName": "什麼是團隊擁有者？",
      "description": "https://adoptbotv2kb.blob.core.windows.net/%24web/AdoptBot2021-English.docx",
      "createdTime": "2021-11-17T03:23:13.4150363Z",
      "updatedTime": "2021-11-22T10:20:54.4025313Z",
      "createdUserId": "9c968d43-f7c2-4e28-895c-1f6bcefcd8be",
      "updatedUserId": "9c968d43-f7c2-4e28-895c-1f6bcefcd8be"
    }
  ],
  "dialogs": [
    {
      "rootNodeId": "3a56f990-8879-4bce-8015-788a6dc38c12",
      "messageNodes": [
        {
          "botMessageId": "63a8226b-1649-42cf-bdbf-f26d442ac5e2",
          "nodeType": "BotMessageNode",
          "id": "3a56f990-8879-4bce-8015-788a6dc38c12",
          "defaultTargetNodeId": "b28a3b58-9bf7-4d59-ba29-9adb113ca9c7"
        },
        {
          "botMessageId": "3c130e05-788d-418a-b119-2f80cfef21d5",
          "nodeType": "BotMessageNode",
          "id": "b28a3b58-9bf7-4d59-ba29-9adb113ca9c7",
          "defaultTargetNodeId": "c599f147-f54c-42ee-9996-97075c04d5a6"
        },
        {
          "botMessageId": "a2404bda-b32a-4587-a075-4d81f5b8b2b3",
          "nodeType": "BotMessageNode",
          "id": "c599f147-f54c-42ee-9996-97075c04d5a6",
          "defaultTargetNodeId": "009602a2-0e56-4b09-b99c-f91e9c80039d"
        },
        {
          "botMessageId": "5c80f542-eff6-4534-b990-ea3561fd2470",
          "nodeType": "BotMessageNode",
          "id": "009602a2-0e56-4b09-b99c-f91e9c80039d",
          "defaultTargetNodeId": "033eba6b-3774-4ece-b2e4-331244c5aa41"
        }
      ],
      "dialogChangeNodes": [
        {
          "targetDialogId": "new_topic_e2d1671328b941dbb60fa7150059b1ee_aeabea4d071f415c8c107e1cb7af5424_assumedsuccess",
          "nodeType": "DialogChangeNode",
          "id": "033eba6b-3774-4ece-b2e4-331244c5aa41"
        }
      ],
      "id": "new_topic_32b3e560b050413a921b77af919c65ec",
      "displayName": "Dialog for 什麼是團隊擁有者？",
      "createdTime": "2021-11-17T03:23:13.4150363Z",
      "updatedTime": "2021-11-22T10:20:54.4025313Z",
      "createdUserId": "9c968d43-f7c2-4e28-895c-1f6bcefcd8be",
      "updatedUserId": "9c968d43-f7c2-4e28-895c-1f6bcefcd8be"
    }
  ],
  "botMessages": [
    {
      "channelContent": {
        "web": {
          "contentFormat": "Markdown",
          "content": "團隊擁有者是創建或管理團隊的人。團隊擁有者可以邀請他人成為擁有者來一同管理團隊，也可以在任何時間將團隊成員提升成為團隊擁有者。"
        }
      },
      "id": "63a8226b-1649-42cf-bdbf-f26d442ac5e2",
      "createdTime": "2021-11-17T03:23:13.4150363Z",
      "updatedTime": "2021-11-17T03:23:13.4150363Z",
      "createdUserId": "9c968d43-f7c2-4e28-895c-1f6bcefcd8be",
      "updatedUserId": "9c968d43-f7c2-4e28-895c-1f6bcefcd8be"
    },
    {
      "channelContent": {
        "web": {
          "contentFormat": "Markdown",
          "content": "如果一個團隊同時擁有多個團隊擁有者，可以分配不同管理角者，例如團隊設定、成員管理，包括發送邀請。"
        }
      },
      "id": "3c130e05-788d-418a-b119-2f80cfef21d5",
      "createdTime": "2021-11-17T03:26:04.848Z",
      "updatedTime": "2021-11-17T03:26:04.848Z",
      "createdUserId": "user-0",
      "updatedUserId": "user-0"
    },
    {
      "channelContent": {
        "web": {
          "contentFormat": "Markdown",
          "content": "請確保每個團隊至少有兩個擁有者互為備援。才能確保相關通知被部達 (例:團隊到期續留通知)。"
        }
      },
      "id": "a2404bda-b32a-4587-a075-4d81f5b8b2b3",
      "createdTime": "2021-11-17T03:26:08.611Z",
      "updatedTime": "2021-11-17T03:26:08.611Z",
      "createdUserId": "user-0",
      "updatedUserId": "user-0"
    },
    {
      "channelContent": {
        "web": {
          "contentFormat": "Markdown",
          "content": "💡 提示：\n\n_做為一個團隊擁有者，您可以：_\n\n*   _新增團隊照片_\n*   _為團隊成員設置創建頻道的許可權_\n*   _添加標籤_\n*   _\\_@\\_提及整個團隊或頻道_\n*   _控制 GIF、貼紙和迷因的使用（建議保持開啟）_"
        }
      },
      "id": "5c80f542-eff6-4534-b990-ea3561fd2470",
      "createdTime": "2021-11-17T03:26:14.218Z",
      "updatedTime": "2021-11-17T03:26:14.218Z",
      "createdUserId": "user-0",
      "updatedUserId": "user-0"
    }
  ]
}