{
  "intents": [
    {
      "triggerQueries": [
        "可以刪留言嗎",
        "回收訊息",
        "我試圖刪除已發送的訊息， 有哪些步驟？",
        "想刪除訊息，該怎麼做?",
        "我發了一條訊息，我想刪除它",
        "我該如何刪除已發送的訊息嗎？",
        "我可以刪除已發送的訊息嗎？",
        "我試圖刪除已發送的訊息， 我該怎麼做？",
        "取消傳送訊息",
        "刪除已發送的訊息",
        "刪除已送出的訊息",
        "收回",
        "移除訊息",
        "收回訊息",
        "刪除送出的訊息",
        "I'm trying to delete a sent message, what are the steps?",
        "want to delete a message, how do I do?",
        "I sent a message and I want to remove it",
        "How do I delete a sent message?",
        "Can I delete a sent message?",
        "I'm trying to delete a sent message, how do I do it?",
        "deleting a sent message",
        "undoing sent message",
        "Delete a sent message?"
      ],
      "dialogId": "new_topic_2fea3cfc24d74fcdb307495a334d508d",
      "isTriggeringEnabled": true,
      "id": "new_topic_2fea3cfc24d74fcdb307495a334d508d",
      "displayName": "刪除已送出的訊息",
      "description": "https://adoptbotv2kb.blob.core.windows.net/%24web/AdoptBot2021-English.docx",
      "createdTime": "2021-11-17T03:43:53.9198088Z",
      "updatedTime": "2021-11-19T16:22:53.8094257Z",
      "createdUserId": "9c968d43-f7c2-4e28-895c-1f6bcefcd8be",
      "updatedUserId": "9c968d43-f7c2-4e28-895c-1f6bcefcd8be"
    }
  ],
  "dialogs": [
    {
      "rootNodeId": "d0c80ef7-0591-45ed-8de9-c5b4bb05d911",
      "messageNodes": [
        {
          "botMessageId": "42448e4d-e4e8-4771-b0ae-f835d6eca2da",
          "nodeType": "BotMessageNode",
          "id": "d0c80ef7-0591-45ed-8de9-c5b4bb05d911",
          "defaultTargetNodeId": "eb533194-1554-48f2-8fe2-158383830ee4"
        },
        {
          "botMessageId": "50f28dfe-f274-4dc5-b2ac-c54876c74b38",
          "nodeType": "BotMessageNode",
          "id": "eb533194-1554-48f2-8fe2-158383830ee4",
          "defaultTargetNodeId": "f38995f2-9f52-463c-903e-98375132d476"
        }
      ],
      "dialogChangeNodes": [
        {
          "targetDialogId": "new_topic_e2d1671328b941dbb60fa7150059b1ee_aeabea4d071f415c8c107e1cb7af5424_assumedsuccess",
          "nodeType": "DialogChangeNode",
          "id": "f38995f2-9f52-463c-903e-98375132d476"
        }
      ],
      "id": "new_topic_2fea3cfc24d74fcdb307495a334d508d",
      "displayName": "Dialog for 刪除已送出的訊息",
      "createdTime": "2021-11-17T03:43:53.9198088Z",
      "updatedTime": "2021-11-17T03:44:31.3384816Z",
      "createdUserId": "9c968d43-f7c2-4e28-895c-1f6bcefcd8be",
      "updatedUserId": "9c968d43-f7c2-4e28-895c-1f6bcefcd8be"
    }
  ],
  "botMessages": [
    {
      "channelContent": {
        "web": {
          "contentFormat": "Markdown",
          "content": "若您想[收回或刪除您已送出的訊息](https://support.microsoft.com/zh-tw/office/redigera-eller-ta-bort-ett-skickat-meddelande-i-teams-5f1fe604-a900-4a07-b8b7-8cf70ed6b263?ui=sv-SE&rs=sv-SE&ad=SE):\n\n1.  點選您以送出的訊息，選擇**更多選項(...) > 刪除**"
        }
      },
      "id": "42448e4d-e4e8-4771-b0ae-f835d6eca2da",
      "createdTime": "2021-11-17T03:43:53.9198088Z",
      "updatedTime": "2021-11-17T03:43:53.9198088Z",
      "createdUserId": "9c968d43-f7c2-4e28-895c-1f6bcefcd8be",
      "updatedUserId": "9c968d43-f7c2-4e28-895c-1f6bcefcd8be"
    },
    {
      "channelContent": {
        "web": {
          "contentFormat": "Markdown",
          "content": "若您還沒傳送出去，請選擇**格式>刪除。**"
        }
      },
      "id": "50f28dfe-f274-4dc5-b2ac-c54876c74b38",
      "createdTime": "2021-11-17T03:44:20.097Z",
      "updatedTime": "2021-11-17T03:44:20.097Z",
      "createdUserId": "user-0",
      "updatedUserId": "user-0"
    }
  ]
}