{
  "intents": [
    {
      "triggerQueries": [
        "modifica un file excel in Teams",
        "Modifica un documento in Teams",
        "Modifica i file in Teams",
        "Modifica un file",
        "collaborare a un documento con il tuo team",
        "co-editing in un documento",
        "modificare documenti Office in Teams",
        "modifica di un documento d'ufficio",
        "modificare un documento word in Teams",
        "modifica di un documento powerpoint in Teams",
        "Come posso modificare un file in Teams?"
      ],
      "dialogId": "new_topic_06b7fcb005ca4c179e83a3e82bb9b927",
      "isTriggeringEnabled": true,
      "id": "new_topic_06b7fcb005ca4c179e83a3e82bb9b927",
      "displayName": "Come posso modificare un file in Teams?",
      "createdTime": "2022-04-28T18:34:40.8278685Z",
      "updatedTime": "2022-04-28T18:34:40.8278685Z",
      "createdUserId": "9451fc51-e00d-4445-8ff9-efb70866dc3b",
      "updatedUserId": "9451fc51-e00d-4445-8ff9-efb70866dc3b"
    }
  ],
  "dialogs": [
    {
      "rootNodeId": "9fbe7a6c-4245-4e5a-bbb7-1fb50979740b",
      "messageNodes": [
        {
          "botMessageId": "42a68d72-2ac5-4a0d-9911-fabcddae6566",
          "nodeType": "BotMessageNode",
          "id": "9fbe7a6c-4245-4e5a-bbb7-1fb50979740b",
          "defaultTargetNodeId": "babadf5b-2c50-434e-80af-8838b5bf5bcb"
        },
        {
          "botMessageId": "d8c28113-1f4f-4b1f-ba55-da6bdfe10ded",
          "nodeType": "BotMessageNode",
          "id": "babadf5b-2c50-434e-80af-8838b5bf5bcb",
          "defaultTargetNodeId": "5ddd32ff-6d0c-4eea-8df6-ff9c3d51d3aa"
        }
      ],
      "dialogChangeNodes": [
        {
          "targetDialogId": "new_topic_f98a24608ee04cb998de3e3e32703d5b_aeabea4d071f415c8c107e1cb7af5424_assumedsuccess",
          "nodeType": "DialogChangeNode",
          "id": "5ddd32ff-6d0c-4eea-8df6-ff9c3d51d3aa"
        }
      ],
      "id": "new_topic_06b7fcb005ca4c179e83a3e82bb9b927",
      "displayName": "Senza titolo",
      "createdTime": "2022-04-28T18:34:40.8278685Z",
      "updatedTime": "2022-04-28T18:34:40.8278685Z",
      "createdUserId": "9451fc51-e00d-4445-8ff9-efb70866dc3b",
      "updatedUserId": "9451fc51-e00d-4445-8ff9-efb70866dc3b"
    }
  ],
  "botMessages": [
    {
      "channelContent": {
        "web": {
          "contentFormat": "Markdown",
          "content": "Se disponi di documenti di Office nella **scheda File** di un canale del team, puoi selezionare **Altre opzioni** (...) per qualsiasi file."
        }
      },
      "id": "42a68d72-2ac5-4a0d-9911-fabcddae6566",
      "createdTime": "2022-04-28T18:24:34.105Z",
      "updatedTime": "2022-04-28T18:24:34.105Z"
    },
    {
      "channelContent": {
        "web": {
          "contentFormat": "Markdown",
          "content": "Quindi seleziona **Modifica** in Teams da quelle opzioni e avrai la possibilità di apportare modifiche al tuo documento e salvarlo. @Fare clic per ulteriori informazioni sulla [modifica di un file in Teams.](https://support.microsoft.com/it-it/office/edit-a-file-in-teams-257a5e88-205a-4fb5-bbf1-c78c3e64de86)"
        }
      },
      "id": "d8c28113-1f4f-4b1f-ba55-da6bdfe10ded",
      "createdTime": "2022-04-28T18:29:06.809Z",
      "updatedTime": "2022-04-28T18:29:06.809Z",
      "createdUserId": "user-0",
      "updatedUserId": "user-0"
    }
  ]
}