{
  "intents": [
    {
      "endUserOverrideName": "Max antal mötesdeltagare?",
      "triggerQueries": [
        "hur många är max i ett möte?",
        "view-only meeting",
        "view only mode",
        "Maxantal mötesdeltagare?",
        "Kan vi hålla stora möten i teams?",
        "Hur många kan vi vara i ett vanligt möte?",
        "Hur många får plats i ett möte?",
        "Hur stora vanliga teamsmöten kan vi ha?",
        "hur många mötesdeltagare är max?",
        "Maxantal i möte?",
        "Hur många kan vi vara i ett teamsmöte?",
        "Hur många kan vara i samma möte?",
        "Max antal mötesdeltagare?",
        "Vad är gränsen för antal deltagare i möten?"
      ],
      "dialogId": "new_topic_3073a913d6824cceb7da48526da22589",
      "isTriggeringEnabled": true,
      "id": "new_topic_3073a913d6824cceb7da48526da22589",
      "displayName": "Vad är gränsen för antal deltagare i möten?",
      "description": "",
      "createdTime": "2020-11-24T14:37:53.8220925Z",
      "updatedTime": "2022-11-03T16:58:39.6532409Z",
      "createdUserId": "f04d3cd9-b73d-4ba9-a1ed-9319eba29b21",
      "updatedUserId": "91c0615b-2f8b-4fe4-8d92-1a7b7e56e5f6"
    }
  ],
  "dialogs": [
    {
      "rootNodeId": "ad76db35-a6e4-43be-a328-64e9c13ad156",
      "messageNodes": [
        {
          "botMessageId": "8172b9fd-7862-4ef4-af09-73d6cf8f43a9",
          "nodeType": "BotMessageNode",
          "id": "ad76db35-a6e4-43be-a328-64e9c13ad156",
          "defaultTargetNodeId": "0ea5cf86-6df5-4d4e-ae76-f472d8947078"
        },
        {
          "botMessageId": "d6273edd-08bc-4def-87e3-ab0dba37ab44",
          "nodeType": "BotMessageNode",
          "id": "16932981-3595-4d70-8f15-7bf59221e64e",
          "defaultTargetNodeId": "5da1982b-c8df-440f-8c33-ed75b895b510"
        },
        {
          "botMessageId": "aaef9ce1-7198-42a4-a14f-76edbdaf0ca8",
          "nodeType": "BotMessageNode",
          "id": "0ea5cf86-6df5-4d4e-ae76-f472d8947078",
          "defaultTargetNodeId": "16932981-3595-4d70-8f15-7bf59221e64e"
        }
      ],
      "dialogChangeNodes": [
        {
          "targetDialogId": "new_topic_84ec227c19784e7ba25cb34f4638f91e_aeabea4d071f415c8c107e1cb7af5424_assumedsuccess",
          "nodeType": "DialogChangeNode",
          "id": "5da1982b-c8df-440f-8c33-ed75b895b510"
        }
      ],
      "id": "new_topic_3073a913d6824cceb7da48526da22589",
      "displayName": "Dialog for Vad är gränsen för antal deltagare i möten?",
      "createdTime": "2020-11-24T14:37:53.8220925Z",
      "updatedTime": "2022-11-03T16:58:39.6532409Z",
      "createdUserId": "f04d3cd9-b73d-4ba9-a1ed-9319eba29b21",
      "updatedUserId": "91c0615b-2f8b-4fe4-8d92-1a7b7e56e5f6"
    }
  ],
  "botMessages": [
    {
      "channelContent": {
        "web": {
          "contentFormat": "Markdown",
          "content": "[Maxgränsen för antalet personer i ett Teams-möte är/var](https://docs.microsoft.com/sv-se/microsoftteams/limits-specifications-teams#meetings-and-calls) 1000 (tidigt 2023).\n\n💡Klicka alltid [på länken](https://docs.microsoft.com/sv-se/microsoftteams/limits-specifications-teams#meetings-and-calls) för senaste nytt, då gränsen kan ha höjts."
        }
      },
      "id": "8172b9fd-7862-4ef4-af09-73d6cf8f43a9",
      "createdTime": "2020-11-24T14:37:53.8220925Z",
      "updatedTime": "2020-11-24T14:37:53.8220925Z",
      "createdUserId": "f04d3cd9-b73d-4ba9-a1ed-9319eba29b21",
      "updatedUserId": "f04d3cd9-b73d-4ba9-a1ed-9319eba29b21"
    },
    {
      "channelContent": {
        "web": {
          "contentFormat": "Markdown",
          "content": "💡 Planerar du ett stort möte?\n\n*   [Tips för stora möten i Teams](https://support.microsoft.com/sv-se/office/metodtips-f%C3%B6r-ett-stort-teams-m%C3%B6te-ce2cdb9a-0546-43a4-bb55-34ab98ab6b16)\n*   För administratörer:   \n    [Förstå passiv tittar-upplevelse](https://docs.microsoft.com/en-us/microsoftteams/view-only-meeting-experience)"
        }
      },
      "id": "d6273edd-08bc-4def-87e3-ab0dba37ab44",
      "createdTime": "2022-02-08T13:09:40.523Z",
      "updatedTime": "2022-02-08T13:09:40.523Z",
      "createdUserId": "user-0",
      "updatedUserId": "user-0"
    },
    {
      "channelContent": {
        "web": {
          "contentFormat": "Markdown",
          "content": "💡 _Under 2021 kom_ [_möjlighet för 1000 deltagare_](https://www.microsoft.com/sv-se/microsoft-365/roadmap?filters=&searchterms=65951) _och_ [_upp till 20 000 passiva tittare_](https://www.microsoft.com/sv-se/microsoft-365/roadmap?filters=&searchterms=65952) _i samma vanliga Teams-möte. När maxgräns för deltagare uppnås, kan nästkommande personer automatiskt få en passiv tittar-upplevelse (om aktiverat i din organisation)._"
        }
      },
      "id": "aaef9ce1-7198-42a4-a14f-76edbdaf0ca8",
      "createdTime": "2022-02-08T13:14:07.961Z",
      "updatedTime": "2022-02-08T13:14:07.961Z",
      "createdUserId": "user-0",
      "updatedUserId": "user-0"
    }
  ]
}