{
  "intents": [
    {
      "systemIntentTypes": [
        "Thankyou"
      ],
      "intentType": "System",
      "triggerQueries": [
        "merci",
        "merci beaucoup",
        "thanks so much",
        "ty"
      ],
      "dialogId": "new_topic_eac3f49c99664313a9d9dc19d80a79a2_3d2584ec30914684839527e05e7be172_thankyou",
      "isTriggeringEnabled": true,
      "id": "new_topic_eac3f49c99664313a9d9dc19d80a79a2_3d2584ec30914684839527e05e7be172_thankyou",
      "displayName": "Remerciement",
      "description": "Intention système - Remerciement",
      "createdTime": "2019-01-15T00:00:00Z",
      "updatedTime": "2019-01-15T00:00:00Z",
      "createdUserId": "user0",
      "updatedUserId": "user0"
    }
  ],
  "dialogs": [
    {
      "rootNodeId": "6c46869b-e8cd-4e1a-a80c-9d73e61d71b5",
      "dialogType": "System",
      "messageNodes": [
        {
          "botMessageId": "cff8bb49-7ed4-4552-a6e6-714279f5f24c",
          "nodeType": "BotMessageNode",
          "id": "6c46869b-e8cd-4e1a-a80c-9d73e61d71b5"
        }
      ],
      "id": "new_topic_eac3f49c99664313a9d9dc19d80a79a2_3d2584ec30914684839527e05e7be172_thankyou",
      "displayName": "Boîte de dialogue Remerciement",
      "createdTime": "2019-01-15T00:00:00Z",
      "updatedTime": "2021-05-24T08:46:14.6711571Z",
      "createdUserId": "user0",
      "updatedUserId": "a2c4aa2c-d830-41eb-bcf4-467a2c7e1279"
    }
  ],
  "botMessages": [
    {
      "channelContent": {
        "web": {
          "contentFormat": "Markdown",
          "content": "Avec plaisir!"
        }
      },
      "id": "cff8bb49-7ed4-4552-a6e6-714279f5f24c",
      "createdTime": "2019-01-15T00:00:00Z",
      "updatedTime": "2019-01-15T00:00:00Z",
      "createdUserId": "user0",
      "updatedUserId": "user0"
    }
  ],
  "createdUtc": "0001-01-01T00:00:00Z"
}