{
  "intents": [
    {
      "triggerQueries": [
        "Co to jest platforma Microsoft 365?",
        "Co to jest M365?",
        "Co oznacza termin platforma Microsoft 365",
        "Czy platforma Microsoft 365 jest taka sama jak usługa Office 365?",
        "Co to jest usługa Microsoft Office 365?",
        "Co to jest usługa Office 365?",
        "Office 365 czy Microsoft 365?",
        "Omówienie platformy Microsoft 365",
        "Czym jest Microsoft 365?"
      ],
      "dialogId": "new_topic_21383abb3b9f4d60905ef7a4899b3031",
      "isTriggeringEnabled": true,
      "id": "new_topic_21383abb3b9f4d60905ef7a4899b3031",
      "displayName": "Czym jest Microsoft 365?",
      "description": "",
      "createdTime": "2021-09-27T13:12:57.9744068Z",
      "updatedTime": "2021-09-27T13:12:57.9744068Z",
      "createdUserId": "28fac8cb-bec7-48c9-a688-5024cf318b8a"
    }
  ],
  "dialogs": [
    {
      "rootNodeId": "10aa9108-dd3f-49e3-9f6e-928635f327ab",
      "messageNodes": [
        {
          "botMessageId": "2263e8e4-76c5-44df-8366-a73be6e7c0c1",
          "nodeType": "BotMessageNode",
          "id": "10aa9108-dd3f-49e3-9f6e-928635f327ab",
          "defaultTargetNodeId": "d255ba02-f547-47df-8744-f5a0e5f12590"
        }
      ],
      "dialogChangeNodes": [
        {
          "targetDialogId": "new_topic_d4ee79ce05584b519ee7d416fda7e2a3_aeabea4d071f415c8c107e1cb7af5424_assumedsuccess",
          "nodeType": "DialogChangeNode",
          "id": "d255ba02-f547-47df-8744-f5a0e5f12590"
        }
      ],
      "id": "new_topic_21383abb3b9f4d60905ef7a4899b3031",
      "displayName": "Dialog for Czym jest Microsoft 365?",
      "createdTime": "2021-09-27T13:12:57.9744068Z",
      "updatedTime": "2021-09-27T13:15:30.1624538Z",
      "createdUserId": "28fac8cb-bec7-48c9-a688-5024cf318b8a",
      "updatedUserId": "28fac8cb-bec7-48c9-a688-5024cf318b8a"
    }
  ],
  "botMessages": [
    {
      "channelContent": {
        "web": {
          "contentFormat": "Markdown",
          "content": "Microsoft 365 jest uniwersalną platformą do współpracy grupowej. [Przeczytaj więcej tutaj!](https://www.microsoft.com/pl-PL/microsoft-365)"
        }
      },
      "id": "2263e8e4-76c5-44df-8366-a73be6e7c0c1",
      "createdTime": "2021-09-27T13:12:57.9744068Z",
      "updatedTime": "2021-09-27T13:12:57.9744068Z",
      "createdUserId": "28fac8cb-bec7-48c9-a688-5024cf318b8a",
      "updatedUserId": "28fac8cb-bec7-48c9-a688-5024cf318b8a"
    }
  ],
  "createdUtc": "0001-01-01T00:00:00Z"
}