{
  "intents": [
    {
      "endUserOverrideName": "Jemanden aus einem Gruppenchat entfernen",
      "triggerQueries": [
        "kick ban ignore",
        "wie ändere ich einen gruppenchat?",
        "mitglieder des gruppenchats ändern",
        "gruppenchat kick",
        "Jemanden aus einem Gruppenchat entfernen",
        "Wie kann ich jemanden aus einem Gruppenchat entfernen?"
      ],
      "dialogId": "new_topic_f8d54e8f14fa43358fd2422bb093a3d9",
      "isTriggeringEnabled": true,
      "id": "new_topic_f8d54e8f14fa43358fd2422bb093a3d9",
      "displayName": "Wie kann ich jemanden aus einem Gruppenchat entfernen?",
      "description": "https://adoptbotv2kb.blob.core.windows.net/%24web/AdoptBot2021-English.docx",
      "createdTime": "2021-04-18T21:28:25.2190806Z",
      "updatedTime": "2021-04-18T21:28:25.2190806Z",
      "createdUserId": "86360cd1-faa6-4d16-8a0c-ba3116c8a977"
    }
  ],
  "dialogs": [
    {
      "rootNodeId": "ec6bb4c9-598c-4239-8654-3de7cdfd2673",
      "messageNodes": [
        {
          "botMessageId": "c695bdd9-a3f7-4c18-b6c2-4735dabecb31",
          "nodeType": "BotMessageNode",
          "id": "ec6bb4c9-598c-4239-8654-3de7cdfd2673",
          "defaultTargetNodeId": "cc80e009-8717-4ba2-9fe0-066d9c1ff22e"
        }
      ],
      "dialogChangeNodes": [
        {
          "targetDialogId": "new_topic_30867099f4b543d3b8543a85c22c3418_aeabea4d071f415c8c107e1cb7af5424_assumedsuccess",
          "nodeType": "DialogChangeNode",
          "id": "cc80e009-8717-4ba2-9fe0-066d9c1ff22e"
        }
      ],
      "id": "new_topic_f8d54e8f14fa43358fd2422bb093a3d9",
      "displayName": "Dialog for Wie kann ich jemanden aus einem Gruppenchat entfernen?",
      "createdTime": "2021-04-18T21:28:25.2190806Z",
      "updatedTime": "2021-04-18T21:29:37.817704Z",
      "createdUserId": "86360cd1-faa6-4d16-8a0c-ba3116c8a977",
      "updatedUserId": "86360cd1-faa6-4d16-8a0c-ba3116c8a977"
    }
  ],
  "botMessages": [
    {
      "channelContent": {
        "web": {
          "contentFormat": "Markdown",
          "content": "Sie können einen G[ruppenchat selbst verlassen oder andere aus ihm entfernen.](https://support.microsoft.com/de-de/office/verlassen-eines-gruppen-chats-oder-entfernen-einer-person-7db55a67-0ba4-4409-a399-5ed502a1d094?ui=de-DE&rs=de-DE&ad=DE)\n\n1.  Öffnen Sie einen Gruppenchat mit drei oder mehr Personen.\n2.  Klicken Sie auf die Anzahl der Mitglieder und bewegen Sie dann den Mauszeiger über die Person, die Sie entfernen möchten.\n3.  Wählen Sie X und bestätigen Sie, dass Sie den Teilnehmer aus dem Chat entfernen möchten."
        }
      },
      "id": "c695bdd9-a3f7-4c18-b6c2-4735dabecb31",
      "createdTime": "2021-04-18T21:28:25.2190806Z",
      "updatedTime": "2021-04-18T21:28:25.2190806Z",
      "createdUserId": "86360cd1-faa6-4d16-8a0c-ba3116c8a977",
      "updatedUserId": "86360cd1-faa6-4d16-8a0c-ba3116c8a977"
    }
  ],
  "createdUtc": "0001-01-01T00:00:00Z"
}