{
  "intents": [
    {
      "endUserOverrideName": "Office è identico su ogni piattaforma e dispositivo?",
      "triggerQueries": [
        "differenze tra le versioni di Teams? Smartphone, Mac, PC, browser",
        "Teams è identico nel browser e sul mio laptop?",
        "Teams è identico su PC e sul dispositivo mobile?",
        "Office è lo stesso su Android e iOS?",
        "Office è lo stesso su tutti i dispositivi?",
        "Office è lo stesso su Mac?",
        "Stesse funzionalità in Office su dispositivo mobile?",
        "C'è una differenza tra Office per Mac o PC",
        "Differenze per Office sul cellulare?",
        "Office sarà identico su PC, Mac e dispositivo mobile?"
      ],
      "dialogId": "new_topic_bf5c0e2b512640088798ee79f8041947",
      "isTriggeringEnabled": true,
      "id": "new_topic_bf5c0e2b512640088798ee79f8041947",
      "displayName": "Office è identico su PC, Mac e dispositivo mobile?",
      "createdTime": "2022-04-29T22:43:32.329431Z",
      "updatedTime": "2022-04-29T22:43:32.329431Z",
      "createdUserId": "9451fc51-e00d-4445-8ff9-efb70866dc3b",
      "updatedUserId": "9451fc51-e00d-4445-8ff9-efb70866dc3b"
    }
  ],
  "dialogs": [
    {
      "rootNodeId": "b2e0e660-5998-4473-a077-731aa346d10b",
      "messageNodes": [
        {
          "botMessageId": "f4c47c3e-82cf-4831-b434-c465b31f3895",
          "nodeType": "BotMessageNode",
          "id": "b2e0e660-5998-4473-a077-731aa346d10b",
          "defaultTargetNodeId": "c46f82fb-9ec1-4ad4-ae2e-d571ed2bd0e1"
        }
      ],
      "dialogChangeNodes": [
        {
          "targetDialogId": "new_topic_f98a24608ee04cb998de3e3e32703d5b_aeabea4d071f415c8c107e1cb7af5424_assumedsuccess",
          "nodeType": "DialogChangeNode",
          "id": "c46f82fb-9ec1-4ad4-ae2e-d571ed2bd0e1"
        }
      ],
      "id": "new_topic_bf5c0e2b512640088798ee79f8041947",
      "displayName": "Senza titolo",
      "createdTime": "2022-04-29T22:43:32.329431Z",
      "updatedTime": "2022-04-29T22:43:32.329431Z",
      "createdUserId": "9451fc51-e00d-4445-8ff9-efb70866dc3b",
      "updatedUserId": "9451fc51-e00d-4445-8ff9-efb70866dc3b"
    }
  ],
  "botMessages": [
    {
      "channelContent": {
        "web": {
          "contentFormat": "Markdown",
          "content": "Le applicazioni di Office sono personalizzate per funzionare al meglio su ogni piattaforma e dispositivo.\n\nLe applicazioni di Office disponibili per gli utenti Mac o su Smartphone (e i numeri di versione) potrebbero essere diverse da quelle disponibili per gli utenti PC."
        }
      },
      "id": "f4c47c3e-82cf-4831-b434-c465b31f3895",
      "createdTime": "2022-04-29T22:38:59.936Z",
      "updatedTime": "2022-04-29T22:38:59.936Z"
    }
  ]
}