{
  "intents": [
    {
      "endUserOverrideName": "Lägga till gäster i ett team?",
      "triggerQueries": [
        "Hur adderar jag gäster i mitt Team?",
        "Jag kan inte bjuda in gäster!",
        "det går inte lägga till gäster",
        "varför kan jag inte bjuda in gäster?",
        "har vi gästaccess i Teams?",
        "Lägga till gäster i ett team?",
        "Hur läggar jag till någon utanför min organisation i ett team?",
        "Hur går en gäst med i ett team?",
        "Hur lägger jag till en gäst i ett team?",
        "Kan jag lägga till personer utanför min organisation i ett team och hur gör jag?",
        "Hur går en person från en annan organisation med i ett team?",
        "Hur lägger jag till gäster i ett team?"
      ],
      "dialogId": "new_topic_acb3aca9a96d42e1ab65d3cc52676cb8",
      "isTriggeringEnabled": true,
      "id": "new_topic_acb3aca9a96d42e1ab65d3cc52676cb8",
      "displayName": "Hur lägger jag till gäster i ett team?",
      "description": "",
      "createdTime": "2020-11-24T14:37:53.8220925Z",
      "updatedTime": "2020-12-11T16:29:07.7408439Z",
      "createdUserId": "f04d3cd9-b73d-4ba9-a1ed-9319eba29b21",
      "updatedUserId": "f04d3cd9-b73d-4ba9-a1ed-9319eba29b21"
    }
  ],
  "dialogs": [
    {
      "rootNodeId": "b80f8762-ee6b-441a-9fe9-39190f385268",
      "messageNodes": [
        {
          "botMessageId": "5ba6aaad-862d-4e03-b01d-65f612c75b50",
          "nodeType": "BotMessageNode",
          "id": "b80f8762-ee6b-441a-9fe9-39190f385268",
          "defaultTargetNodeId": "03b5f76d-1582-4437-ab93-848a95ee8186"
        },
        {
          "botMessageId": "446624bc-770d-49bc-aef2-40b97ba82853",
          "nodeType": "BotMessageNode",
          "id": "03b5f76d-1582-4437-ab93-848a95ee8186",
          "defaultTargetNodeId": "b82e79fd-c9a2-4a3f-b38f-65a3ce596737"
        }
      ],
      "dialogChangeNodes": [
        {
          "targetDialogId": "new_topic_84ec227c19784e7ba25cb34f4638f91e_aeabea4d071f415c8c107e1cb7af5424_assumedsuccess",
          "nodeType": "DialogChangeNode",
          "id": "b82e79fd-c9a2-4a3f-b38f-65a3ce596737"
        }
      ],
      "id": "new_topic_acb3aca9a96d42e1ab65d3cc52676cb8",
      "displayName": "Dialog for Hur lägger jag till gäster i ett team?",
      "createdTime": "2020-11-24T14:37:53.8220925Z",
      "updatedTime": "2020-12-11T16:25:26.1091607Z",
      "createdUserId": "f04d3cd9-b73d-4ba9-a1ed-9319eba29b21",
      "updatedUserId": "f04d3cd9-b73d-4ba9-a1ed-9319eba29b21"
    }
  ],
  "botMessages": [
    {
      "channelContent": {
        "web": {
          "contentFormat": "Markdown",
          "content": "Om du är teamägare kan du bjuda in gäster utanför organisationen till ditt team 🙂  \n  \nGå till teamnamnet, klicka på **Fler alternativ** och sedan **Lägg till medlemmar** och ange sedan gästens e-postadress.\n\n*   Gäster behöver bara en giltig e-postadress.\n*   _Får du ett behörighetsfel, tillåter inte din organisation gäster. Kontakta din IT-administratör för mer info_."
        }
      },
      "id": "5ba6aaad-862d-4e03-b01d-65f612c75b50",
      "createdTime": "2020-11-24T14:37:53.8220925Z",
      "updatedTime": "2020-11-24T14:37:53.8220925Z",
      "createdUserId": "f04d3cd9-b73d-4ba9-a1ed-9319eba29b21",
      "updatedUserId": "f04d3cd9-b73d-4ba9-a1ed-9319eba29b21"
    },
    {
      "channelContent": {
        "web": {
          "contentFormat": "Markdown",
          "content": "Sen när du har gäster i ditt team, kanske du är nyfiken på [vad gäster kan göra](https://support.microsoft.com/sv-se/office/team-owner-member-and-guest-capabilities-in-teams-d03fdf5b-1a6e-48e4-8e07-b13e1350ec7b) eller vilka [inställningar du kan ändra för dina gäster](https://support.microsoft.com/sv-se/office/set-guest-permissions-for-channels-in-teams-4756c468-2746-4bfd-a582-736d55fcc169)."
        }
      },
      "id": "446624bc-770d-49bc-aef2-40b97ba82853",
      "createdTime": "2020-12-11T16:20:02.238Z",
      "updatedTime": "2020-12-11T16:20:02.238Z",
      "createdUserId": "user-0",
      "updatedUserId": "user-0"
    }
  ]
}