<ImportExportXml version="9.2.22021.129" SolutionPackageVersion="9.2" languagecode="1033" generatedBy="CrmLive" xmlns:xsi="http://www.w3.org/2001/XMLSchema-instance">
  <SolutionManifest>
    <UniqueName>Cr71c30</UniqueName>
    <LocalizedNames>
      <LocalizedName description="Common Data Services Default Solution" languagecode="1033" />
    </LocalizedNames>
    <Descriptions />
    <Version>1.0.0.8</Version>
    <Managed>0</Managed>
    <Publisher>
      <UniqueName>Crfe226</UniqueName>
      <LocalizedNames>
        <LocalizedName description="CDS Default Publisher" languagecode="1033" />
      </LocalizedNames>
      <Descriptions />
      <EMailAddress xsi:nil="true"></EMailAddress>
      <SupportingWebsiteUrl xsi:nil="true"></SupportingWebsiteUrl>
      <CustomizationPrefix>cr990</CustomizationPrefix>
      <CustomizationOptionValuePrefix>63774</CustomizationOptionValuePrefix>
    </Publisher>
    <RootComponents>
      <RootComponent type="29" id="{0ee8ac0e-269f-ec11-b3fe-0022489f75c7}" behavior="0" />
      <RootComponent type="29" id="{72e400f1-d0a2-eb11-b1ac-000d3a4a038e}" behavior="0" />
      <RootComponent type="29" id="{983c34c2-249f-ec11-b3fe-0022489f75c7}" behavior="0" />
    </RootComponents>
    <MissingDependencies />
  </SolutionManifest>
</ImportExportXml>