{
  "intents": [
    {
      "endUserOverrideName": "Abilita pop-out chat(più finestre di chat)",
      "triggerQueries": [
        "finestre di chat multiple",
        "Attivare chat pop-out?",
        "Più finestre di chat contemporaneamente?",
        "Disancorare la chat",
        "apertura chat in nuove finestre",
        "Apri la chat in una nuova finestra",
        "Posso avere finestre multiple in Teams?",
        "Chatta con qualcuno in una finestra separata",
        "Apri più chat contemporaneamente",
        "Come faccio a spostare una chat nella mia casella?",
        "Come posso abilitare la funzione pop-out chat?"
      ],
      "dialogId": "new_topic_63b2cff3853148bb8a9a7767f47906bb",
      "isTriggeringEnabled": true,
      "id": "new_topic_63b2cff3853148bb8a9a7767f47906bb",
      "displayName": "Come posso abilitare le pop-out chat?",
      "createdTime": "2022-04-26T20:52:33.898666Z",
      "updatedTime": "2022-04-26T21:00:10.3378356Z",
      "createdUserId": "9451fc51-e00d-4445-8ff9-efb70866dc3b",
      "updatedUserId": "9451fc51-e00d-4445-8ff9-efb70866dc3b"
    }
  ],
  "dialogs": [
    {
      "rootNodeId": "61e48c66-2085-494c-91d2-051a3b6ecf07",
      "messageNodes": [
        {
          "botMessageId": "87d52fe6-3123-4271-888b-e17017854ddb",
          "nodeType": "BotMessageNode",
          "id": "61e48c66-2085-494c-91d2-051a3b6ecf07",
          "defaultTargetNodeId": "e32a2862-7747-4864-94fa-2f1046f2d3a9"
        },
        {
          "botMessageId": "bc4045e6-e0a4-4b6c-a6e0-a59b28ffa31d",
          "nodeType": "BotMessageNode",
          "id": "e32a2862-7747-4864-94fa-2f1046f2d3a9",
          "defaultTargetNodeId": "9973e7f1-b900-4fcd-85b1-72de0ef7da27"
        },
        {
          "botMessageId": "ad95e55e-4593-40f8-8f4c-b15f488f5616",
          "nodeType": "BotMessageNode",
          "id": "9973e7f1-b900-4fcd-85b1-72de0ef7da27",
          "defaultTargetNodeId": "eea39e6d-4aa7-4aff-90d3-f1bc940b27a1"
        }
      ],
      "dialogChangeNodes": [
        {
          "targetDialogId": "new_topic_f98a24608ee04cb998de3e3e32703d5b_aeabea4d071f415c8c107e1cb7af5424_assumedsuccess",
          "nodeType": "DialogChangeNode",
          "id": "eea39e6d-4aa7-4aff-90d3-f1bc940b27a1"
        }
      ],
      "id": "new_topic_63b2cff3853148bb8a9a7767f47906bb",
      "displayName": "Senza titolo",
      "createdTime": "2022-04-26T20:52:33.898666Z",
      "updatedTime": "2022-04-26T21:00:10.3378356Z",
      "createdUserId": "9451fc51-e00d-4445-8ff9-efb70866dc3b",
      "updatedUserId": "9451fc51-e00d-4445-8ff9-efb70866dc3b"
    }
  ],
  "botMessages": [
    {
      "channelContent": {
        "web": {
          "contentFormat": "Markdown",
          "content": "Puoi far apparire istantaneamente la tua chat uno su uno o di gruppo in una finestra separata. Quindi, ridimensiona, riposiziona o chiudi la finestra come desideri."
        }
      },
      "id": "87d52fe6-3123-4271-888b-e17017854ddb",
      "createdTime": "2022-04-26T20:29:44.035Z",
      "updatedTime": "2022-04-26T20:29:44.035Z"
    },
    {
      "channelContent": {
        "web": {
          "contentFormat": "Markdown",
          "content": "È un ottimo modo per fare di più quando si sta partecipando a una riunione o a una chiamata."
        }
      },
      "id": "bc4045e6-e0a4-4b6c-a6e0-a59b28ffa31d",
      "createdTime": "2022-04-26T20:43:04.487Z",
      "updatedTime": "2022-04-26T20:43:04.487Z",
      "createdUserId": "user-0",
      "updatedUserId": "user-0"
    },
    {
      "channelContent": {
        "web": {
          "contentFormat": "Markdown",
          "content": "**Si noti**: _È possibile effettuare il pop out di più di una chat, ma non la stessa chat due volte._\n\n[Pop-Out di una Chat in Teams](https://support.microsoft.com/it-it/office/compilare-una-chat-in-teams-cff95cb0-34af-423f-8f69-fe9106973790)"
        }
      },
      "id": "ad95e55e-4593-40f8-8f4c-b15f488f5616",
      "createdTime": "2022-04-26T20:44:50.087Z",
      "updatedTime": "2022-04-26T20:44:50.087Z",
      "createdUserId": "user-0",
      "updatedUserId": "user-0"
    }
  ]
}