{
  "intents": [
    {
      "triggerQueries": [
        "Hvem rakk opp hånden først?",
        "Håndsopprekning i møtet",
        "Hvordan vet jeg hvem som hadde hånden oppe først?",
        "hevet hånden i møte",
        "Hvordan kan jeg se om noen har rekket opp hånden i møte?",
        "Se hvem som har hånden oppe",
        "hvordan stille spørsmål under et møte",
        "holde styr på hvem som snakker",
        "jeg vil si noe under et møte",
        "holde orden i et møte",
        "snakke etter tur i et møte",
        "hvor finner jeg rekk opp hånden i møte",
        "rekke opp hånden",
        "Rekk opp hånden i Teams"
      ],
      "dialogId": "new_topic_350677cd64c84583abe9af2db40e0c0d",
      "isTriggeringEnabled": true,
      "id": "new_topic_350677cd64c84583abe9af2db40e0c0d",
      "displayName": "Rekk opp hånden i Teams ✋",
      "description": "",
      "createdTime": "2021-04-09T10:20:45.7091908Z",
      "updatedTime": "2021-04-22T14:12:48.6601128Z",
      "createdUserId": "ef0c8b9a-eff1-49f8-92fa-fd1d3e15e1ba",
      "updatedUserId": "ef0c8b9a-eff1-49f8-92fa-fd1d3e15e1ba"
    }
  ],
  "dialogs": [
    {
      "rootNodeId": "f579d452-438e-408b-8ef2-a428ce74148c",
      "messageNodes": [
        {
          "botMessageId": "cb5ca0f6-c449-48f4-af44-a9553dabb4ff",
          "nodeType": "BotMessageNode",
          "id": "f579d452-438e-408b-8ef2-a428ce74148c",
          "defaultTargetNodeId": "2c1197a5-aff2-497b-8bc4-130f2c880d92"
        },
        {
          "botMessageId": "de887e27-c596-4268-92d6-ab27c9585675",
          "nodeType": "BotMessageNode",
          "id": "645188ab-acb1-4fd5-aee2-7fcf3b9e3d5f",
          "defaultTargetNodeId": "da1243fd-3e97-472d-975a-70a3d5ab281e"
        },
        {
          "botMessageId": "32fe8678-387b-4434-9152-ad1baed0cc1e",
          "nodeType": "BotMessageNode",
          "id": "2c1197a5-aff2-497b-8bc4-130f2c880d92",
          "defaultTargetNodeId": "645188ab-acb1-4fd5-aee2-7fcf3b9e3d5f"
        }
      ],
      "dialogChangeNodes": [
        {
          "targetDialogId": "new_topic_89c49d37fd4c4c1c9144396960733ce1_aeabea4d071f415c8c107e1cb7af5424_assumedsuccess",
          "nodeType": "DialogChangeNode",
          "id": "da1243fd-3e97-472d-975a-70a3d5ab281e"
        }
      ],
      "id": "new_topic_350677cd64c84583abe9af2db40e0c0d",
      "displayName": "Dialog for Rekk opp hånden i Teams",
      "createdTime": "2021-04-09T10:20:45.7091908Z",
      "updatedTime": "2021-04-22T14:14:36.6522531Z",
      "createdUserId": "ef0c8b9a-eff1-49f8-92fa-fd1d3e15e1ba",
      "updatedUserId": "ef0c8b9a-eff1-49f8-92fa-fd1d3e15e1ba"
    }
  ],
  "botMessages": [
    {
      "channelContent": {
        "web": {
          "contentFormat": "Markdown",
          "content": "[Under et møte kan du rekke opp en virtuell hånd](https://support.microsoft.com/nb-no/office/rekke-opp-h%C3%A5nden-i-et-teams-m%C3%B8te-bb2dd8e1-e6bd-43a6-85cf-30822667b372) for å la andre få vite at du vil bidra uten å forstyrre samtalen som pågår.\n\n*   Velg **Vis reaksjoner** i møtekontrollene, og velg deretter **Rekk opp hånden** ikonet ✋ Alle i møtet vil se at du har hånden oppe."
        }
      },
      "id": "cb5ca0f6-c449-48f4-af44-a9553dabb4ff",
      "createdTime": "2021-04-09T10:20:45.7091908Z",
      "updatedTime": "2021-04-09T10:20:45.7091908Z",
      "createdUserId": "ef0c8b9a-eff1-49f8-92fa-fd1d3e15e1ba",
      "updatedUserId": "ef0c8b9a-eff1-49f8-92fa-fd1d3e15e1ba"
    },
    {
      "channelContent": {
        "web": {
          "contentFormat": "Markdown",
          "content": "**Tips!:** I tillegg til å rekke opp hånden, kan du også velge mellom fire [reaksjoner](https://support.microsoft.com/nb-no/office/uttrykk-deg-selv-i-teams-m%C3%B8ter-med-direktereaksjoner-a8323a40-3d07-4129-934b-305370a36e21) for å uttrykke deg under et møte."
        }
      },
      "id": "de887e27-c596-4268-92d6-ab27c9585675",
      "createdTime": "2021-04-09T10:21:07.278Z",
      "updatedTime": "2021-04-09T10:21:07.278Z",
      "createdUserId": "user-0",
      "updatedUserId": "user-0"
    },
    {
      "channelContent": {
        "web": {
          "contentFormat": "Markdown",
          "content": "**Slik kan du se hvem som har hånden oppe:**\n\n*   Velg **Vis deltakere** å se en liste over alle som deltar. Alle som har hevet hånden, har et ikon ved siden av navnet.\n*   Når flere personer rekker opp hånden samtidig, blir navnene sortert etter hvem som rakk opp hånden først."
        }
      },
      "id": "32fe8678-387b-4434-9152-ad1baed0cc1e",
      "createdTime": "2021-04-22T14:09:37.689Z",
      "updatedTime": "2021-04-22T14:09:37.689Z",
      "createdUserId": "user-0",
      "updatedUserId": "user-0"
    }
  ],
  "createdUtc": "0001-01-01T00:00:00Z"
}