<ImportExportXml version="9.2.23105.256" SolutionPackageVersion="9.2" languagecode="1033" generatedBy="CrmLive" xmlns:xsi="http://www.w3.org/2001/XMLSchema-instance">
  <SolutionManifest>
    <UniqueName>Crcdc10</UniqueName>
    <LocalizedNames>
      <LocalizedName description="Tima AI Hybrid (SV)" languagecode="1033" />
    </LocalizedNames>
    <Descriptions />
    <Version>2.0.0.4</Version>
    <Managed>0</Managed>
    <Publisher>
      <UniqueName>Cr4671c</UniqueName>
      <LocalizedNames>
        <LocalizedName description="CDS Default Publisher" languagecode="1033" />
      </LocalizedNames>
      <Descriptions />
      <EMailAddress xsi:nil="true"></EMailAddress>
      <SupportingWebsiteUrl xsi:nil="true"></SupportingWebsiteUrl>
      <CustomizationPrefix>crdc2</CustomizationPrefix>
      <CustomizationOptionValuePrefix>27260</CustomizationOptionValuePrefix>
    </Publisher>
    <RootComponents>
      <RootComponent type="29" id="{0165efbb-1b62-eb11-a812-000d3a9bb512}" behavior="0" />
      <RootComponent type="29" id="{03c857c8-3e2f-eb11-a813-000d3a98dbb4}" behavior="0" />
      <RootComponent type="29" id="{0f943b71-9684-ee11-8179-0022482014ea}" behavior="0" />
      <RootComponent type="29" id="{b6e07155-9484-ee11-8179-0022482014ea}" behavior="0" />
      <RootComponent type="29" id="{c9579f47-cb2f-eb11-a813-000d3a98dbb4}" behavior="0" />
    </RootComponents>
    <MissingDependencies />
  </SolutionManifest>
</ImportExportXml>