<botcomponent schemaname="new_topic_9d295c394a47419da3b4d205b7ed4c20_dbafebd526364487911b63a2a774389f">
  <componenttype>0</componenttype>
  <description>Les 3 - In deze les leert u hoe u een eenvoudig onderwerp kunt maken met één voorwaardelijke branche, variabele en entiteit.

Bij gebruik van entiteiten in uw onderwerp, kan de bot belangrijke informatie ontlenen aan wat de gebruiker typt en op proactieve wijze die informatie invullen in uw variabelen. Als de klant bijvoorbeeld zegt "Ik wil een rode auto kopen", hoeft u niet te vragen welke kleur auto, omdat de bot de entiteit Kleur herkent in de ingevoerde tekst. De bot slaat vervolgens de vraag over waarin om de kleur wordt gevraagd. 

U kunt ook entiteiten gebruiken voor het herkennen van een specifieke lijst van opties. In deze les identificeren we Plaats als de entiteit, waarna de bot elke plaats herkent die door de gebruiker wordt ingevoerd.</description>
  <iscustomizable>1</iscustomizable>
  <name>Les 3 - Een onderwerp met voorwaarden, variabelen en een vooraf samengestelde entiteit</name>
  <statecode>0</statecode>
  <statuscode>1</statuscode>
</botcomponent>