{
  "intents": [
    {
      "triggerQueries": [
        "Was ist OneDrive?",
        "Ordner für meine Dateien?",
        "Erklären Sie, was OneDrive ist",
        "Was ist mein intelligenter Ordner?",
        "Speichern von Dateien in OneDrive",
        "Was bedeutet OneDrive"
      ],
      "dialogId": "new_topic_d3c4841fad6b4501b2eb1d9ab76f8214",
      "isTriggeringEnabled": true,
      "id": "new_topic_d3c4841fad6b4501b2eb1d9ab76f8214",
      "displayName": "Was ist OneDrive?",
      "description": "",
      "createdTime": "2021-04-19T09:03:11.6136808Z",
      "updatedTime": "2021-04-19T09:09:19.5441929Z",
      "createdUserId": "16930407-b7c9-43e8-bceb-33467ef65593",
      "updatedUserId": "16930407-b7c9-43e8-bceb-33467ef65593"
    }
  ],
  "dialogs": [
    {
      "rootNodeId": "19d8cb30-286b-49c9-b241-5a3e8fe04b12",
      "messageNodes": [
        {
          "botMessageId": "c654975e-d305-4a25-8a93-e499929a5cac",
          "nodeType": "BotMessageNode",
          "id": "19d8cb30-286b-49c9-b241-5a3e8fe04b12",
          "defaultTargetNodeId": "c6d0ea9d-da05-46d8-a63d-ea11a5b125fd"
        }
      ],
      "dialogChangeNodes": [
        {
          "targetDialogId": "new_topic_30867099f4b543d3b8543a85c22c3418_aeabea4d071f415c8c107e1cb7af5424_assumedsuccess",
          "nodeType": "DialogChangeNode",
          "id": "c6d0ea9d-da05-46d8-a63d-ea11a5b125fd"
        }
      ],
      "id": "new_topic_d3c4841fad6b4501b2eb1d9ab76f8214",
      "displayName": "Dialog for Was ist OneDrive?",
      "createdTime": "2021-04-19T09:03:11.6136808Z",
      "updatedTime": "2021-04-19T09:07:13.1599456Z",
      "createdUserId": "16930407-b7c9-43e8-bceb-33467ef65593",
      "updatedUserId": "16930407-b7c9-43e8-bceb-33467ef65593"
    }
  ],
  "botMessages": [
    {
      "channelContent": {
        "web": {
          "contentFormat": "Markdown",
          "content": "OneDrive ist ein Online-Speicherdienst, mit dem Sie Dokumente, Notizen, Fotos, Musik, Videos oder andere Dateitypen speichern können. Mit OneDrive können Sie von fast jedem Gerät aus auf Ihre Dateien zugreifen und diese für andere freigeben."
        }
      },
      "id": "c654975e-d305-4a25-8a93-e499929a5cac",
      "createdTime": "2021-04-19T09:03:11.6136808Z",
      "updatedTime": "2021-04-19T09:03:11.6136808Z",
      "createdUserId": "16930407-b7c9-43e8-bceb-33467ef65593",
      "updatedUserId": "16930407-b7c9-43e8-bceb-33467ef65593"
    }
  ]
}