{
  "intents": [
    {
      "endUserOverrideName": "Bewerk bericht in Teams",
      "triggerQueries": [
        "bericht wijzigen",
        "bericht bewerken",
        "Hoe wijzig ik een verzonden bericht?",
        "Hoe bewerk ik een bericht"
      ],
      "dialogId": "new_topic_ae3b7803bc3b4f2f9a1d2edc6ca63db6",
      "isTriggeringEnabled": true,
      "canTriggeringBeDisabled": true,
      "id": "new_topic_ae3b7803bc3b4f2f9a1d2edc6ca63db6",
      "displayName": "Hoe bewerk ik een verzonden bericht?",
      "description": "",
      "createdTime": "2021-03-17T15:13:05.3194181Z",
      "updatedTime": "2021-03-17T15:13:05.3194181Z",
      "createdUserId": "c1e90dc0-1df0-459d-8164-0dcb7915deaf",
      "isManaged": false,
      "isCustomizable": true,
      "etag": "W/\"753083\"",
      "versionNumber": 753083,
      "componentId": "7f3f5345-3387-eb11-a812-0022487fa415"
    }
  ],
  "dialogs": [
    {
      "rootNodeId": "81e69089-2684-4c52-bd54-cbcab3707b35",
      "messageNodes": [
        {
          "botMessageId": "7866e102-4420-4872-9ed8-e41f1756e038",
          "nodeType": "BotMessageNode",
          "id": "81e69089-2684-4c52-bd54-cbcab3707b35",
          "defaultTargetNodeId": "d4f2cd74-3363-45db-a69a-90a23a362fb2"
        },
        {
          "botMessageId": "ba4a41d4-26c0-4e18-997e-12708022b69d",
          "nodeType": "BotMessageNode",
          "id": "d4f2cd74-3363-45db-a69a-90a23a362fb2",
          "defaultTargetNodeId": "da93b400-2bdd-4c75-8fdf-1cfa01937cea"
        },
        {
          "botMessageId": "b2d64bc5-2614-4f19-b62d-330efca30794",
          "nodeType": "BotMessageNode",
          "id": "da93b400-2bdd-4c75-8fdf-1cfa01937cea",
          "defaultTargetNodeId": "96629394-7092-4049-a772-6dcdd56b9bf3"
        }
      ],
      "dialogChangeNodes": [
        {
          "targetDialogId": "new_topic_9d295c394a47419da3b4d205b7ed4c20_aeabea4d071f415c8c107e1cb7af5424_assumedsuccess",
          "nodeType": "DialogChangeNode",
          "id": "96629394-7092-4049-a772-6dcdd56b9bf3"
        }
      ],
      "id": "new_topic_ae3b7803bc3b4f2f9a1d2edc6ca63db6",
      "displayName": "Dialog for Hoe bewerk ik een verzonden bericht?",
      "createdTime": "2021-03-17T15:13:05.3194181Z",
      "updatedTime": "2021-03-17T15:14:49.4966715Z",
      "createdUserId": "c1e90dc0-1df0-459d-8164-0dcb7915deaf",
      "updatedUserId": "c1e90dc0-1df0-459d-8164-0dcb7915deaf",
      "versionNumber": 0,
      "componentId": "00000000-0000-0000-0000-000000000000"
    }
  ],
  "botMessages": [
    {
      "channelContent": {
        "web": {
          "contentFormat": "Markdown",
          "content": "Je kan alle berichten die je naar een chat of kanaal hebt verzonden, bewerken. Ga naar het bericht en **klik de 3 puntjes**, selecteer **Meer opties** > **Bewerken**"
        }
      },
      "id": "7866e102-4420-4872-9ed8-e41f1756e038",
      "createdTime": "2021-03-17T15:13:51.87Z",
      "updatedTime": "2021-03-17T15:13:51.87Z",
      "createdUserId": "user-0",
      "updatedUserId": "user-0",
      "versionNumber": 0,
      "componentId": "00000000-0000-0000-0000-000000000000"
    },
    {
      "channelContent": {
        "web": {
          "contentFormat": "Markdown",
          "content": "Breng wijzigingen aan in uw bericht en druk op Enter om de update op te slaan. Er is geen limiet aan het aantal keren dat u wijzigingen aanbrengen in een verzonden bericht."
        }
      },
      "id": "ba4a41d4-26c0-4e18-997e-12708022b69d",
      "createdTime": "2021-03-17T15:14:10.162Z",
      "updatedTime": "2021-03-17T15:14:10.162Z",
      "createdUserId": "user-0",
      "updatedUserId": "user-0",
      "versionNumber": 0,
      "componentId": "00000000-0000-0000-0000-000000000000"
    },
    {
      "channelContent": {
        "web": {
          "contentFormat": "Markdown",
          "content": "_Let op:_ _Sommige organisaties of teams hebben deze optie mogelijk uitgeschakeld._"
        }
      },
      "id": "b2d64bc5-2614-4f19-b62d-330efca30794",
      "createdTime": "2021-03-17T15:14:30.078Z",
      "updatedTime": "2021-03-17T15:14:30.078Z",
      "createdUserId": "user-0",
      "updatedUserId": "user-0",
      "versionNumber": 0,
      "componentId": "00000000-0000-0000-0000-000000000000"
    }
  ],
  "createdUtc": "0001-01-01T00:00:00Z"
}