{
  "intents": [
    {
      "endUserOverrideName": "Personligt konferens-ID?",
      "triggerQueries": [
        "Kan vi skapa unika konferensid?",
        "Få ett eget konferens-id?",
        "Kan en användare få ett personligt konferens-ID?"
      ],
      "dialogId": "new_topic_c34650e24c1446278891f1cedad6d74b",
      "isTriggeringEnabled": true,
      "id": "new_topic_c34650e24c1446278891f1cedad6d74b",
      "displayName": "Kan en användare få ett personligt konferens-ID?",
      "description": "",
      "createdTime": "2020-11-24T14:37:53.8220925Z",
      "updatedTime": "2020-12-11T16:52:52.7038729Z",
      "createdUserId": "f04d3cd9-b73d-4ba9-a1ed-9319eba29b21",
      "updatedUserId": "f04d3cd9-b73d-4ba9-a1ed-9319eba29b21"
    }
  ],
  "dialogs": [
    {
      "rootNodeId": "5022b948-1fca-4663-a81f-8af6d5c0e948",
      "messageNodes": [
        {
          "botMessageId": "577e32c6-db0c-42e5-975a-1af746a18424",
          "nodeType": "BotMessageNode",
          "id": "5022b948-1fca-4663-a81f-8af6d5c0e948",
          "defaultTargetNodeId": "082d0daf-6d88-4446-a6da-1c29ea387cdd"
        }
      ],
      "dialogChangeNodes": [
        {
          "targetDialogId": "new_topic_84ec227c19784e7ba25cb34f4638f91e_aeabea4d071f415c8c107e1cb7af5424_assumedsuccess",
          "nodeType": "DialogChangeNode",
          "id": "082d0daf-6d88-4446-a6da-1c29ea387cdd"
        }
      ],
      "id": "new_topic_c34650e24c1446278891f1cedad6d74b",
      "displayName": "Dialog for Kan en användare få ett personligt konferens-ID?",
      "createdTime": "2020-11-24T14:37:53.8220925Z",
      "updatedTime": "2020-11-24T14:37:53.8220925Z",
      "createdUserId": "f04d3cd9-b73d-4ba9-a1ed-9319eba29b21",
      "updatedUserId": "f04d3cd9-b73d-4ba9-a1ed-9319eba29b21"
    }
  ],
  "botMessages": [
    {
      "channelContent": {
        "web": {
          "contentFormat": "Markdown",
          "content": "Microsoft Teams-användare kommer att tilldelas slumpmässigt konferens-ID och kan inte reservera eller ange ett statiskt konferens-ID som bara de kan använda."
        }
      },
      "id": "577e32c6-db0c-42e5-975a-1af746a18424",
      "createdTime": "2020-11-24T14:37:53.8220925Z",
      "updatedTime": "2020-11-24T14:37:53.8220925Z",
      "createdUserId": "f04d3cd9-b73d-4ba9-a1ed-9319eba29b21",
      "updatedUserId": "f04d3cd9-b73d-4ba9-a1ed-9319eba29b21"
    }
  ]
}