{
  "intents": [
    {
      "triggerQueries": [
        "Lagres opptaket i Stream eller i OneDrive?",
        "Hvor lagres opptaket?",
        "Lagring og tillatelser for møteopptak"
      ],
      "dialogId": "new_topic_f0bdac04c27040bb84391088c4aaea10",
      "isTriggeringEnabled": true,
      "id": "new_topic_f0bdac04c27040bb84391088c4aaea10",
      "displayName": "Lagring og tillatelser for møteopptak",
      "description": "",
      "createdTime": "2021-04-10T08:01:42.4709869Z",
      "updatedTime": "2021-04-10T08:01:42.4709869Z",
      "createdUserId": "ef0c8b9a-eff1-49f8-92fa-fd1d3e15e1ba"
    }
  ],
  "dialogs": [
    {
      "rootNodeId": "58c26f25-c8c4-4d83-8365-c71c642a3599",
      "messageNodes": [
        {
          "botMessageId": "9d67ea52-cce8-46e5-9b87-c141f19813eb",
          "nodeType": "BotMessageNode",
          "id": "58c26f25-c8c4-4d83-8365-c71c642a3599",
          "defaultTargetNodeId": "6dcca6f5-23f9-48e6-a248-5d05907fa194"
        },
        {
          "botMessageId": "d68c61a3-d21e-4815-9982-e0e63a26cdbf",
          "nodeType": "BotMessageNode",
          "id": "6dcca6f5-23f9-48e6-a248-5d05907fa194",
          "defaultTargetNodeId": "755e17f1-be41-4680-8bae-fbf6b8c39108"
        },
        {
          "botMessageId": "3846cefb-8ee7-4686-9c6b-e1da1038fc70",
          "nodeType": "BotMessageNode",
          "id": "755e17f1-be41-4680-8bae-fbf6b8c39108",
          "defaultTargetNodeId": "da51234d-196c-44fe-9d82-002f6cdc062f"
        }
      ],
      "dialogChangeNodes": [
        {
          "targetDialogId": "new_topic_89c49d37fd4c4c1c9144396960733ce1_aeabea4d071f415c8c107e1cb7af5424_assumedsuccess",
          "nodeType": "DialogChangeNode",
          "id": "da51234d-196c-44fe-9d82-002f6cdc062f"
        }
      ],
      "id": "new_topic_f0bdac04c27040bb84391088c4aaea10",
      "displayName": "Dialog for Lagring og tillatelser for møteopptak",
      "createdTime": "2021-04-10T08:01:42.4709869Z",
      "updatedTime": "2021-04-10T08:02:11.8102568Z",
      "createdUserId": "ef0c8b9a-eff1-49f8-92fa-fd1d3e15e1ba",
      "updatedUserId": "ef0c8b9a-eff1-49f8-92fa-fd1d3e15e1ba"
    }
  ],
  "botMessages": [
    {
      "channelContent": {
        "web": {
          "contentFormat": "Markdown",
          "content": "Opptak av Teams-møter lagres i OneDrive eller SharePoint, avhengig av møtetypen."
        }
      },
      "id": "9d67ea52-cce8-46e5-9b87-c141f19813eb",
      "createdTime": "2021-04-10T08:01:42.469987Z",
      "updatedTime": "2021-04-10T08:01:42.469987Z",
      "createdUserId": "ef0c8b9a-eff1-49f8-92fa-fd1d3e15e1ba",
      "updatedUserId": "ef0c8b9a-eff1-49f8-92fa-fd1d3e15e1ba"
    },
    {
      "channelContent": {
        "web": {
          "contentFormat": "Markdown",
          "content": "**Viktig!:** Hvis organisasjonen fortsatt bruker [Microsoft Stream](https://stream.microsoft.com/) (ikke OneDrive og SharePoint) til å lagre opptak og du er møteeier, kan du endre tillatelser og tillate personer uten tilgang til å se et møteopptak."
        }
      },
      "id": "d68c61a3-d21e-4815-9982-e0e63a26cdbf",
      "createdTime": "2021-04-10T08:01:51.542Z",
      "updatedTime": "2021-04-10T08:01:51.542Z",
      "createdUserId": "user-0",
      "updatedUserId": "user-0"
    },
    {
      "channelContent": {
        "web": {
          "contentFormat": "Markdown",
          "content": "Åpne møtet i Stream, og velg **Flere alternativer…** > **Oppdater videodetaljer.** Gå [hit](https://docs.microsoft.com/en-us/stream/portal-permissions) for mer informasjon."
        }
      },
      "id": "3846cefb-8ee7-4686-9c6b-e1da1038fc70",
      "createdTime": "2021-04-10T08:01:58.897Z",
      "updatedTime": "2021-04-10T08:01:58.897Z",
      "createdUserId": "user-0",
      "updatedUserId": "user-0"
    }
  ],
  "createdUtc": "0001-01-01T00:00:00Z"
}