{
  "intents": [
    {
      "endUserOverrideName": "我可以刪除舊的聊天紀錄嗎?",
      "triggerQueries": [
        "Can I delete an entire chat?",
        "Delete an entire chat conversation",
        "Can I delete the entire chat with someone?",
        "Delete all my chat history",
        "How do I remove everything from a chat?",
        "Delete chat history",
        "Can I delete an old chat?",
        "我可以刪除整個聊天嗎?",
        "刪除整個聊天室對話",
        "我可以刪除特定人的整個聊天室嗎",
        "刪除我所有的聊天紀錄",
        "我該怎麼把聊天室的所有內容移除",
        "刪除聊天紀錄",
        "我可以刪除舊的聊天室嗎?"
      ],
      "dialogId": "new_topic_60a6e0b091ce4c2791bb3e8fcaf5c19e",
      "isTriggeringEnabled": true,
      "id": "new_topic_60a6e0b091ce4c2791bb3e8fcaf5c19e",
      "displayName": "我可以刪除舊的聊天紀錄嗎?",
      "description": "https://adoptbotv2kb.blob.core.windows.net/%24web/AdoptBot2021-English.docx",
      "createdTime": "2021-11-17T04:04:15.8555771Z",
      "updatedTime": "2021-11-19T16:24:11.8596883Z",
      "createdUserId": "9c968d43-f7c2-4e28-895c-1f6bcefcd8be",
      "updatedUserId": "9c968d43-f7c2-4e28-895c-1f6bcefcd8be"
    }
  ],
  "dialogs": [
    {
      "rootNodeId": "3e9445da-0f8a-48c9-bb3e-e91a6d93036b",
      "messageNodes": [
        {
          "botMessageId": "93f5b043-65fd-4372-9fb3-77746ca3841f",
          "nodeType": "BotMessageNode",
          "id": "3e9445da-0f8a-48c9-bb3e-e91a6d93036b",
          "defaultTargetNodeId": "e29b289e-f005-4610-aa0c-1144764b4258"
        }
      ],
      "dialogChangeNodes": [
        {
          "targetDialogId": "new_topic_e2d1671328b941dbb60fa7150059b1ee_aeabea4d071f415c8c107e1cb7af5424_assumedsuccess",
          "nodeType": "DialogChangeNode",
          "id": "e29b289e-f005-4610-aa0c-1144764b4258"
        }
      ],
      "id": "new_topic_60a6e0b091ce4c2791bb3e8fcaf5c19e",
      "displayName": "Dialog for 我可以刪除舊的聊天紀錄嗎?",
      "createdTime": "2021-11-17T04:04:15.8555771Z",
      "updatedTime": "2021-11-17T04:04:36.1703958Z",
      "createdUserId": "9c968d43-f7c2-4e28-895c-1f6bcefcd8be",
      "updatedUserId": "9c968d43-f7c2-4e28-895c-1f6bcefcd8be"
    }
  ],
  "botMessages": [
    {
      "channelContent": {
        "web": {
          "contentFormat": "Markdown",
          "content": "雖然您無法刪除整個聊天，但您可以將其隱藏起來，以便將其從聊天清單中移除。\n\n並且您還可以[刪除您發送的單個訊息](https://support.microsoft.com/zh-tw/office/%E5%9C%A8-teams-%E4%B8%AD%E7%B7%A8%E8%BC%AF%E6%88%96%E5%88%AA%E9%99%A4%E5%B7%B2%E5%82%B3%E9%80%81%E7%9A%84%E8%A8%8A%E6%81%AF-5f1fe604-a900-4a07-b8b7-8cf70ed6b263)。"
        }
      },
      "id": "93f5b043-65fd-4372-9fb3-77746ca3841f",
      "createdTime": "2021-11-17T04:04:15.8555771Z",
      "updatedTime": "2021-11-17T04:04:15.8555771Z",
      "createdUserId": "9c968d43-f7c2-4e28-895c-1f6bcefcd8be",
      "updatedUserId": "9c968d43-f7c2-4e28-895c-1f6bcefcd8be"
    }
  ]
}