{
  "intents": [
    {
      "triggerQueries": [
        "Team  팀 봇 알림 받기 중지",
        "봇 방지",
        "봇 말하기 방지",
        "챗봇 체거",
        "봇과 말하기 중지 멈추가",
        "로봇 차단",
        "봇 차단 어떻게",
        "챗봇 차단",
        "봇 제거",
        "봇 알림 막기",
        "봇을 차단하려면 어떻게 해야 합니까?"
      ],
      "dialogId": "new_topic_c94bf09f48af476ba15fc430ff101283",
      "isTriggeringEnabled": true,
      "id": "new_topic_c94bf09f48af476ba15fc430ff101283",
      "displayName": "봇을 차단하려면 어떻게 해야 합니까?",
      "description": "https://adoptbotv2kb.blob.core.windows.net/%24web/adoptbot2021-Korean.docx",
      "createdTime": "2021-03-18T03:39:18.7446546Z",
      "updatedTime": "2021-04-09T07:32:41.0779242Z",
      "createdUserId": "e47109d8-0300-4e59-a90d-56bb29886c9e",
      "updatedUserId": "e47109d8-0300-4e59-a90d-56bb29886c9e"
    }
  ],
  "dialogs": [
    {
      "rootNodeId": "67d29609-58bc-4767-bd44-b6a0dadd58e5",
      "messageNodes": [
        {
          "botMessageId": "17282cf3-e6ac-4334-bc01-5795ef91c7f5",
          "nodeType": "BotMessageNode",
          "id": "67d29609-58bc-4767-bd44-b6a0dadd58e5",
          "defaultTargetNodeId": "d8db2eab-e032-4a9d-82b7-1114a8217407"
        }
      ],
      "dialogChangeNodes": [
        {
          "targetDialogId": "new_topic_2bf23930c1d146129dfe38bacb94ccd0_aeabea4d071f415c8c107e1cb7af5424_assumedsuccess",
          "nodeType": "DialogChangeNode",
          "id": "d8db2eab-e032-4a9d-82b7-1114a8217407"
        }
      ],
      "id": "new_topic_c94bf09f48af476ba15fc430ff101283",
      "displayName": "Dialog for 봇을 차단하려면 어떻게 해야 합니까?",
      "createdTime": "2021-03-18T03:39:18.7446546Z",
      "updatedTime": "2021-04-09T07:32:27.9666609Z",
      "createdUserId": "e47109d8-0300-4e59-a90d-56bb29886c9e",
      "updatedUserId": "e47109d8-0300-4e59-a90d-56bb29886c9e"
    }
  ],
  "botMessages": [
    {
      "channelContent": {
        "web": {
          "contentFormat": "Markdown",
          "content": "봇에서 듣는 것이 힘든가요? 여기 옵션이 있습니다. 쉬운 방법이 있습니다.\n\n[Teams에서 봇 차단 또는 제거](https://support.microsoft.com/ko-kr/office/block-or-remove-a-bot-in-teams-28c13adc-f647-4448-81d9-985ba6c17b98)"
        }
      },
      "id": "17282cf3-e6ac-4334-bc01-5795ef91c7f5",
      "createdTime": "2021-03-18T03:39:18.7446546Z",
      "updatedTime": "2021-03-18T03:39:18.7446546Z",
      "createdUserId": "e47109d8-0300-4e59-a90d-56bb29886c9e",
      "updatedUserId": "e47109d8-0300-4e59-a90d-56bb29886c9e"
    }
  ],
  "createdUtc": "0001-01-01T00:00:00Z"
}