{
  "intents": [
    {
      "endUserOverrideName": "Joindre une réunion depuis le téléphone",
      "triggerQueries": [
        "Joindre une réunion Teams à partir d’un téléphone",
        "Comment puis-je participer à une réunion Teams à partir de mon téléphone ?"
      ],
      "dialogId": "new_topic_6e0387d1d0a5439299aeec703437de4f",
      "isTriggeringEnabled": true,
      "id": "new_topic_6e0387d1d0a5439299aeec703437de4f",
      "displayName": "Comment puis-je participer à une réunion Teams à partir de mon téléphone ?",
      "description": "",
      "createdTime": "2021-01-13T22:20:51.2381463Z",
      "updatedTime": "2021-05-25T00:25:49.2697055Z",
      "createdUserId": "f04d3cd9-b73d-4ba9-a1ed-9319eba29b21",
      "updatedUserId": "a2c4aa2c-d830-41eb-bcf4-467a2c7e1279"
    }
  ],
  "dialogs": [
    {
      "rootNodeId": "e45db667-f2ec-4963-b97a-ba3a24e78ff4",
      "messageNodes": [
        {
          "botMessageId": "0ef361ca-8328-45ee-b1e0-9380740590bd",
          "nodeType": "BotMessageNode",
          "id": "e45db667-f2ec-4963-b97a-ba3a24e78ff4",
          "defaultTargetNodeId": "0e70ef33-b551-4256-b8ca-901ecfdec8e8"
        }
      ],
      "dialogChangeNodes": [
        {
          "targetDialogId": "new_topic_eac3f49c99664313a9d9dc19d80a79a2_aeabea4d071f415c8c107e1cb7af5424_assumedsuccess",
          "nodeType": "DialogChangeNode",
          "id": "0e70ef33-b551-4256-b8ca-901ecfdec8e8"
        }
      ],
      "id": "new_topic_6e0387d1d0a5439299aeec703437de4f",
      "displayName": "Dialog for How do I join a meeting in Teams from my phone?",
      "createdTime": "2021-01-13T22:20:51.2381463Z",
      "updatedTime": "2021-04-26T21:54:38.714626Z",
      "createdUserId": "f04d3cd9-b73d-4ba9-a1ed-9319eba29b21",
      "updatedUserId": "a2c4aa2c-d830-41eb-bcf4-467a2c7e1279"
    }
  ],
  "botMessages": [
    {
      "channelContent": {
        "web": {
          "contentFormat": "Markdown",
          "content": "À partir de votre appareil mobile, ouvrez l’application Teams et appuyez sur **Calendrier**.\n\nCliquez ensuite sur le bouton **Rejoindre** pour rejoindre la réunion souhaitée.\n\nConsulter [ce lien pour plus d’options](https://support.microsoft.com/fr-fr/office/rejoindre-une-r%c3%a9union-dans-teams-1613bb53-f3fa-431e-85a9-d6a91e3468c9?ui=fr-FR&rs=fr-FR&ad=FR)."
        }
      },
      "id": "0ef361ca-8328-45ee-b1e0-9380740590bd",
      "createdTime": "2021-01-13T22:20:51.2381463Z",
      "updatedTime": "2021-01-13T22:20:51.2381463Z",
      "createdUserId": "f04d3cd9-b73d-4ba9-a1ed-9319eba29b21",
      "updatedUserId": "f04d3cd9-b73d-4ba9-a1ed-9319eba29b21"
    }
  ]
}